query,num_centroids,searched_shard_ids,num_searched_shards,gpu_transfer_time,gpu_search_time,warmup_time,best_retrieved_ids,top_doc_shards
0,50,"[1, 4, 8, 39, 60, 77, 82, 93, 111, 112, 146, 159, 166, 171, 174, 175, 200, 206, 209, 227, 239, 241]",22,0.5716995405964553,0.13815766852349043,0.22597777461421423,"[350323743, 22367475, 350285757, 22359499, 22352964, 596090569, 583617007, 40490076, 596064850, 347651857]","[200, 200, 200, 200, 200, 200, 200, 200, 200, 200]"
1,50,"[27, 32, 42, 60, 93, 109, 112, 114, 194, 206, 209, 212, 217, 224, 228, 239, 240]",17,0.2892434308305383,0.11919426405802369,0.29178713267559514,"[96761309, 317778513, 462536204, 128100141, 512290626, 80310487, 544732844, 336524624, 467725477, 184433825]","[206, 240, 32, 32, 32, 206, 32, 240, 32, 32]"
2,50,"[1, 4, 5, 8, 10, 20, 49, 77, 82, 132, 146, 159, 175, 188, 195, 210, 211, 241]",18,0.44608105765655637,0.09395841183140874,0.1468734895525914,"[97139517, 294043795, 8432815, 422118279, 522340063, 184228786, 58511679, 284206801, 284206802, 574610836]","[82, 175, 241, 8, 82, 77, 77, 77, 5, 82]"
3,50,"[22, 63, 70, 104, 105, 127, 175, 192]",8,0.2150466344319284,0.13317246735095978,0.3373251997400075,"[319976312, 473871456, 416180093, 533106488, 185862896, 409812650, 534845823, 493543761, 3563663, 163663864]","[22, 70, 70, 70, 22, 104, 22, 175, 22, 22]"
4,50,"[0, 5, 10, 43, 60, 67, 82, 93, 97, 128, 132, 148, 188, 239, 240, 241, 242]",17,0.2516419282183051,0.10685046948492527,0.20342427203157806,"[492485126, 241046875, 74580447, 364526066, 196412165, 197645372, 345397440, 197750504, 11876884, 251314455]","[93, 93, 93, 93, 10, 93, 93, 93, 10, 10]"
5,50,"[30, 39, 49, 60, 79, 82, 87, 106, 109, 111, 146, 165, 166, 187, 196, 210, 217, 221, 227, 240]",20,0.50897844042629,0.1585423331707716,0.3723134135827422,"[516745818, 379513051, 379513049, 40647836, 98341154, 147282989, 98187524, 98187521, 268589670, 40511604]","[187, 227, 187, 227, 227, 109, 227, 109, 227, 227]"
6,50,"[20, 33, 81, 82, 85, 89, 96, 110, 125, 188, 213]",11,0.3549932446330786,0.07039623241871595,0.2678760702679442,"[223359640, 134921891, 306289225, 172489898, 473056010, 163594463, 184462764, 578112746, 400692308, 538022211]","[125, 20, 188, 20, 96, 96, 96, 96, 82, 188]"
7,50,"[18, 26, 36, 45, 48, 51, 64, 108, 112, 114, 126, 164, 174, 181, 184, 194, 201, 215, 234, 239]",20,0.28822013083845377,0.2123419875279069,0.34339361779857425,"[422770906, 67019337, 159171799, 412000426, 66952640, 534620895, 63753766, 152048176, 311568376, 272006514]","[194, 184, 201, 184, 184, 114, 181, 215, 36, 215]"
8,50,"[0, 30, 39, 40, 67, 75, 91, 159, 186, 200, 209, 224, 240]",13,0.21292160404846072,0.16588524309918284,0.27734041615174365,"[327654649, 459540312, 575997322, 67520733, 180283059, 562193291, 305388418, 41178123, 30515188, 339438330]","[209, 209, 209, 209, 209, 209, 209, 209, 209, 209]"
9,50,"[4, 6, 30, 38, 56, 59, 65, 67, 70, 82, 84, 104, 105, 112, 131, 175, 186, 221, 224]",19,0.38112948182970285,0.12847858993336558,0.23154693767183313,"[244047149, 407497946, 244049389, 372337157, 244048645, 372313030, 99048836, 406973178, 237900005, 99090315]","[67, 67, 175, 67, 67, 175, 67, 67, 175, 67]"
10,50,"[6, 30, 42, 65, 76, 79, 80, 91, 106, 109, 112, 113, 119, 146, 159, 171, 186, 194, 209, 217, 221, 224, 225, 244]",24,0.500776422675699,0.16419579554349184,0.2734656678318667,"[596989224, 177718168, 361359114, 219357708, 372868532, 95481281, 109100480, 550289027, 45889684, 455472830]","[76, 76, 76, 76, 76, 80, 76, 80, 76, 76]"
11,50,"[0, 8, 10, 12, 17, 18, 84, 115, 126, 127, 132, 169, 175]",13,0.28990026749670506,0.10865037888288498,0.4197806005831808,"[316195675, 347961149, 246469994, 127689114, 316205222, 335612984, 316205221, 505439277, 402151260, 575814845]","[18, 12, 12, 18, 18, 12, 18, 12, 12, 12]"
12,50,"[10, 33, 49, 61, 82, 85, 96, 100, 112, 139, 146, 164, 188, 211, 213, 221]",16,0.35239783814176917,0.1077033681795001,0.2582523120800033,"[143285814, 398227840, 150775094, 533066813, 416989615, 478916319, 559059925, 583463400, 255704802, 337200373]","[96, 96, 96, 96, 96, 96, 96, 96, 96, 96]"
13,50,"[4, 5, 8, 10, 20, 59, 63, 70, 82, 84, 99, 112, 132, 159, 169, 174, 175, 192, 216, 222, 233]",21,0.38999636797234416,0.13721338007599115,0.2182315756855089,"[42569015, 269953808, 270017264, 53616989, 219464520, 269932498, 553483903, 264374402, 21302424, 107532941]","[233, 82, 82, 82, 70, 82, 233, 132, 82, 132]"
14,50,"[82, 84, 105, 192, 228]",5,0.12139872182160616,0.038180929608643055,0.28828141670674085,"[2930195, 304291211, 5479281, 298156409, 435890273, 300724316, 214405047, 504375842, 531276114, 133995960]","[192, 192, 84, 192, 192, 192, 84, 192, 84, 84]"
15,50,"[25, 59, 81, 107, 178, 195, 210]",7,0.1098172040656209,0.03927341150119901,0.1825501039358122,"[540834996, 425755668, 346415404, 400155932, 347682406, 548796299, 583527657, 236059986, 540791896, 318230608]","[25, 25, 25, 25, 25, 25, 25, 25, 25, 107]"
16,50,"[1, 88, 99, 135, 168, 169, 196, 227, 233, 241]",10,0.217258645221591,0.06277866568416357,0.24247279164846985,"[388372331, 477914499, 313295416, 94283698, 417756224, 81047150, 287698740, 413998749, 388567738, 84783145]","[168, 168, 168, 168, 168, 233, 168, 168, 168, 135]"
17,50,"[27, 42, 76, 80, 91, 113, 186, 187, 224, 225, 244]",11,0.27062991354614496,0.06549064442515373,0.21684462287124584,"[196567304, 37592602, 529191060, 119007154, 136475651, 519952557, 596950633, 138777038, 119958834, 125572012]","[244, 187, 76, 187, 225, 244, 244, 244, 244, 244]"
18,50,"[1, 6, 14, 17, 32, 47, 57, 81, 88, 92, 93, 99, 112, 118, 146, 166, 171, 174, 196, 200, 207, 209, 227, 233, 241]",25,0.5654521565884352,0.16006381064653397,0.25399048449471595,"[265372681, 560067270, 278479542, 395074565, 251637110, 211326331, 34614699, 174444878, 587245452, 34620824]","[17, 57, 57, 57, 57, 17, 57, 57, 57, 57]"
19,50,"[4, 10, 20, 49, 58, 70, 82, 84, 100, 111, 132, 168, 169, 175, 188, 192, 196, 241]",18,0.3323455350473523,0.2044000644236803,0.2878154921474763,"[596197374, 227781415, 342147203, 441232341, 9720048, 543565046, 576495810, 598858826, 334192618, 511012465]","[82, 82, 82, 49, 84, 82, 82, 82, 82, 82]"
20,50,"[7, 19, 30, 46, 61, 112, 133, 147, 170, 214, 230]",11,0.21312096575275064,0.09346602484583855,0.3366264421281151,"[248237919, 53457392, 161684376, 495988709, 529213090, 340338888, 565144556, 56535161, 369015536, 336166371]","[133, 230, 133, 133, 7, 7, 133, 61, 7, 133]"
21,50,"[27, 32, 39, 60, 80, 109, 110, 112, 115, 128, 206, 209, 217, 239, 240]",15,0.2085782871581614,0.10597904119640589,0.3275062530146291,"[386500007, 151614128, 553675511, 475316064, 432094449, 397264316, 418459871, 400925125, 35737299, 515335694]","[240, 60, 80, 60, 60, 80, 60, 80, 32, 240]"
22,50,"[1, 14, 32, 61, 70, 77, 81, 93, 111, 112, 133, 165, 167, 194, 211, 217, 239, 241]",18,0.4106408106163144,0.13064887514337897,0.3464513248246577,"[379643780, 555532837, 554217595, 296777012, 132324921, 572223798, 212577525, 402167117, 548783312, 2230657]","[14, 32, 14, 14, 14, 32, 14, 14, 32, 32]"
23,50,"[20, 48, 64, 68, 183, 184]",6,0.10911041311919689,0.03384734410792589,0.17386529714955637,"[393766925, 19968356, 99327655, 596615355, 352440645, 554747697, 438096438, 304593819, 583417332, 526692998]","[68, 68, 68, 183, 68, 68, 68, 68, 68, 68]"
24,50,"[1, 27, 32, 42, 53, 60, 75, 76, 80, 106, 109, 112, 206, 209, 225, 231, 244]",17,0.3203922682441771,0.10980571433901787,0.22964421398115947,"[438347522, 191429128, 166583047, 475147446, 319869863, 506900661, 4309318, 407954257, 566145788, 504107628]","[42, 206, 80, 206, 42, 42, 42, 206, 42, 206]"
25,50,"[1, 14, 17, 32, 88, 93, 112, 174, 192, 194, 196, 224, 239]",13,0.33398595731705427,0.10030784783884883,0.335681312233926,"[275996305, 574080995, 39550384, 422125669, 575850420, 345012085, 39822135, 268603873, 65428933, 476136084]","[32, 32, 32, 32, 32, 32, 32, 32, 32, 32]"
26,50,"[1, 14, 30, 32, 37, 61, 77, 93, 111, 112, 133, 217, 228]",13,0.3222209452651441,0.11306662205606699,0.3468609156731803,"[9260592, 255137588, 171602438, 53821041, 128351388, 418888803, 40935707, 439693144, 350535457, 75050458]","[1, 228, 93, 93, 77, 93, 93, 93, 228, 228]"
27,50,"[36, 54, 96, 128, 156, 188, 201, 241]",8,0.11163890268653631,0.0567698716185987,0.2415292857622262,"[342833232, 239066460, 168468834, 364949379, 76823179, 464209192, 173230971, 452350578, 539475952, 406818359]","[54, 54, 241, 54, 54, 54, 54, 54, 241, 188]"
28,50,"[0, 8, 19, 46, 52, 61, 63, 67, 75, 94, 97, 105, 123, 133, 147, 171, 172, 184, 192, 200, 228]",21,0.295908163767308,0.20745982183143497,0.2537275325906064,"[486542584, 194090070, 245111306, 61133533, 3363907, 274739120, 386380398, 558431897, 61091245, 366522616]","[46, 200, 133, 97, 8, 19, 192, 97, 97, 228]"
29,50,"[10, 20, 36, 49, 54, 81, 82, 89, 100, 106, 111, 112, 114, 127, 128, 132, 156, 159, 188, 194, 196, 201, 213, 239, 241]",25,0.43939430406317115,0.1915747015736997,0.317225741809234,"[176037102, 164759875, 281743200, 220058368, 571201178, 207043861, 344036839, 544604186, 249249826, 185069916]","[128, 128, 128, 128, 128, 128, 128, 128, 128, 128]"
30,50,"[1, 10, 27, 32, 39, 42, 43, 52, 60, 93, 111, 112, 117, 118, 126, 174, 186, 194, 209, 211, 217, 224, 239, 241]",24,0.4856017343699932,0.30276941042393446,0.35736022136795026,"[201111705, 514685550, 112700980, 588877957, 237860493, 495877099, 237959841, 81345349, 174822083, 134503343]","[32, 27, 60, 60, 42, 42, 42, 27, 60, 27]"
31,50,"[0, 4, 10, 18, 21, 26, 29, 30, 51, 53, 65, 70, 91, 108, 123, 124, 126, 148, 170, 181, 186, 192, 202, 209, 224]",25,0.39001911925151944,0.24647304322570562,0.35070498986169696,"[154718683, 79169640, 263282819, 381006524, 365713645, 365713646, 115921841, 212904042, 424881179, 247154773]","[91, 91, 91, 91, 18, 10, 170, 4, 91, 53]"
32,50,"[20, 33, 39, 49, 85, 96, 100, 106, 109, 111, 125, 164, 188, 221]",14,0.3845098502933979,0.10782765178009868,0.3239679920952767,"[94973826, 305101499, 598687402, 266557487, 275034196, 138602395, 390525573, 49713139, 27436766, 55130296]","[96, 96, 33, 96, 85, 96, 85, 96, 188, 96]"
33,50,"[20, 22, 70, 81, 82, 84, 105, 111, 112, 125, 167, 175, 192]",13,0.23990645166486502,0.09862246830016375,0.3191793496684673,"[226643905, 226643912, 37286001, 559487576, 78302557, 300324652, 45224550, 52810236, 394820965, 260683464]","[20, 20, 20, 20, 20, 20, 70, 192, 192, 20]"
34,50,"[1, 2, 14, 77, 81, 82, 93, 112, 128, 129, 159, 211, 212, 227]",14,0.21268784068524837,0.15118044707924128,0.19970427707968547,"[338458298, 336062552, 45896088, 522761063, 354553936, 572877895, 94114406, 99665505, 430200580, 52805236]","[129, 129, 129, 129, 129, 81, 129, 129, 77, 129]"
35,50,"[10, 17, 102, 106, 146, 170, 180, 188, 209, 221, 242]",11,0.16831840854138136,0.0916641284711659,0.34523459445600485,"[46371624, 572946019, 262952323, 278189217, 303017606, 573745672, 138432939, 115222581, 374653008, 392510615]","[242, 106, 242, 102, 102, 242, 102, 180, 102, 102]"
36,50,"[10, 20, 36, 49, 54, 58, 82, 89, 100, 110, 111, 112, 120, 156, 165, 188, 194, 196, 199, 213, 214, 217]",22,0.48118562065064907,0.24186882702633739,0.41124074783345516,"[446742083, 252971150, 375300950, 492534000, 310471342, 487544577, 291262936, 208939125, 214075551, 42401472]","[165, 120, 120, 54, 111, 120, 199, 199, 82, 120]"
37,50,"[6, 8, 17, 32, 60, 111, 112, 117, 129, 192, 194, 206, 209, 212, 217, 227, 241]",17,0.3307918659411371,0.12674559326842427,0.35061096541090486,"[403016532, 281872547, 239518483, 320010234, 434260091, 510970601, 389554411, 322235737, 82778227, 346409730]","[129, 60, 129, 32, 129, 32, 194, 129, 112, 129]"
38,50,"[10, 17, 20, 33, 49, 54, 82, 85, 96, 128, 164, 188, 194, 210]",14,0.41971719916909933,0.09247456444427371,0.26166440348606557,"[171909558, 517198530, 498409469, 188339158, 239972575, 100751935, 205361704, 367602114, 504100258, 389531874]","[96, 17, 17, 96, 96, 17, 188, 128, 17, 188]"
39,50,"[0, 10, 12, 18, 26, 51, 72, 115, 124, 126, 132, 202, 231]",13,0.1692871185950935,0.15969462832435966,0.3884760966309561,"[167139573, 22796377, 353472243, 564356343, 380659614, 325105354, 536810984, 69873730, 311564209, 69814243]","[51, 51, 51, 51, 51, 12, 51, 12, 51, 51]"
40,50,"[8, 10, 17, 32, 37, 93, 97, 99, 108, 111, 114, 126, 169, 194, 209, 239]",16,0.37834614608436823,0.14115695096552372,0.4241168754087994,"[97126278, 463357697, 54598498, 144472542, 593909787, 581987029, 399174922, 550170954, 47863419, 316554409]","[97, 99, 32, 97, 32, 32, 32, 32, 32, 97]"
41,50,"[10, 20, 26, 39, 59, 70, 72, 82, 87, 89, 100, 106, 132, 146, 175, 188, 192, 194, 231]",19,0.3832672545686364,0.1397768808528781,0.2496022297510583,"[198985429, 138965989, 34506581, 377426780, 517738559, 259982882, 448875282, 24487825, 389590141, 468192883]","[39, 82, 39, 82, 72, 10, 20, 82, 70, 10]"
42,50,"[1, 6, 8, 40, 60, 65, 91, 109, 146, 171, 183, 200, 214, 217, 221, 227]",16,0.35515798022970557,0.1793054942972958,0.2551165410404792,"[521012684, 489342896, 433868714, 16684904, 227461382, 524579792, 141163106, 87635642, 254389701, 48499195]","[171, 171, 171, 171, 171, 171, 171, 171, 171, 171]"
43,50,"[17, 48, 64, 68, 183, 184, 213, 215]",8,0.1241596625186503,0.06291149649769068,0.3446033002692275,"[194928968, 276066170, 229424584, 187616394, 157719374, 493402860, 422547137, 345153317, 598788742, 178580027]","[68, 68, 68, 68, 68, 68, 68, 68, 68, 68]"
44,50,"[0, 6, 8, 30, 39, 65, 75, 91, 109, 112, 146, 148, 171, 186, 194, 200, 209, 224, 227]",19,0.3982427432201803,0.13477032911032438,0.27160669868125725,"[19804762, 125079188, 544637200, 291445081, 580321217, 82643689, 19700867, 511501683, 92491002, 246109782]","[171, 171, 171, 227, 200, 109, 8, 171, 171, 200]"
45,50,"[0, 8, 36, 39, 54, 58, 59, 60, 82, 93, 96, 112, 128, 159, 167, 188, 194, 200, 201, 239, 241]",21,0.3142040497623384,0.2168511259369552,0.23795339498402818,"[403072175, 224653700, 527864603, 124237376, 152566833, 236427025, 262227711, 311017817, 108780314, 2193316]","[128, 128, 128, 128, 239, 128, 128, 8, 0, 8]"
46,50,"[4, 20, 22, 45, 67, 68, 70, 82, 92, 139, 175, 183, 192, 215, 222, 235]",16,0.27950281696394086,0.10563788749277592,0.22747159747814294,"[321883357, 517409731, 320790454, 253543390, 14436664, 88223668, 286970084, 517409728, 492436548, 467283941]","[68, 68, 68, 68, 68, 68, 68, 68, 68, 68]"
47,50,"[0, 10, 12, 17, 26, 29, 51, 52, 67, 91, 97, 102, 106, 111, 113, 115, 124, 126, 132, 159, 194, 202, 239]",23,0.4463001932017505,0.18569550476968288,0.39226283488349745,"[54265130, 116982774, 507222371, 322258847, 402571241, 323045826, 240684525, 543252372, 356588498, 3616373]","[113, 202, 52, 17, 52, 67, 202, 113, 91, 159]"
48,50,"[1, 4, 5, 6, 10, 26, 49, 61, 77, 81, 82, 89, 132, 146, 148, 164, 166, 188, 195, 210, 221, 242]",22,0.49066908191889524,0.13277623942121863,0.18659059857864949,"[349685072, 6137078, 200196231, 506863082, 578538318, 555255276, 193962431, 359471757, 506885984, 506957619]","[49, 146, 77, 146, 166, 4, 4, 210, 82, 77]"
49,50,"[4, 10, 37, 49, 79, 81, 82, 105, 106, 108, 111, 112, 127, 132, 133, 146, 164, 169, 175, 180, 188, 210, 214, 221, 222, 237, 241, 242]",28,0.5958960885182023,0.21886383602395654,0.3002792257715815,"[90462928, 381989322, 190554704, 190521044, 420025078, 89466144, 561468444, 517376658, 130699648, 90182390]","[37, 49, 222, 49, 221, 180, 222, 214, 127, 180]"
50,50,"[1, 4, 5, 26, 70, 77, 82, 84, 88, 132, 146, 175]",12,0.24116070196032524,0.15128524648025632,0.1816667613456957,"[272531263, 260063780, 187284049, 90785206, 573791930, 519974609, 166494940, 54376108, 132733566, 124344547]","[84, 84, 84, 84, 84, 84, 84, 82, 84, 84]"
51,50,"[1, 2, 10, 32, 38, 67, 82, 83, 92, 93, 139, 175, 183, 185, 227]",15,0.33699163189157844,0.08361760061234236,0.17924661240540446,"[543998307, 34036621, 27899657, 46612672, 366146685, 46077019, 288338597, 273579698, 349402047, 298183886]","[93, 92, 38, 92, 93, 92, 175, 175, 92, 92]"
52,50,"[6, 25, 59, 72, 85, 107, 133, 195, 210, 228, 242]",11,0.20747738843783736,0.059660062193870544,0.1932080532424152,"[115745328, 493163657, 420836435, 420568680, 159999328, 241568515, 53560322, 366096616, 543600790, 298246847]","[59, 59, 107, 59, 59, 59, 59, 59, 59, 59]"
53,50,"[1, 4, 6, 8, 10, 39, 49, 58, 60, 82, 93, 106, 109, 111, 146, 165, 168, 171, 188, 214, 217, 227, 241]",23,0.47344203339889646,0.24465377256274223,0.33425700746517145,"[47768807, 430079126, 217559975, 16806341, 210125482, 450030792, 305047031, 72447548, 338764605, 157315489]","[6, 6, 168, 6, 49, 6, 10, 6, 6, 8]"
54,50,"[8, 17, 20, 22, 36, 58, 59, 63, 67, 70, 82, 84, 88, 93, 104, 107, 111, 156, 167, 169, 175, 180, 194, 196, 201, 216, 217, 228, 241]",29,0.6688477247953415,0.21133209392428398,0.28611471662940136,"[340538846, 578698651, 89654179, 206755175, 462966013, 272099125, 542238241, 340330681, 597489403, 581071217]","[17, 17, 82, 17, 17, 17, 17, 63, 17, 17]"
55,50,"[168, 233]",2,0.036597466096282005,0.016026404220610857,0.42093740520067513,"[458070540, 513243661, 130382454, 594712541, 175195938, 183829504, 194939389, 432589461, 175800336, 174017977]","[233, 168, 168, 233, 233, 233, 168, 168, 233, 168]"
56,50,"[75, 117, 146, 171, 174, 186, 200, 209]",8,0.07758471369743347,0.050527894869446754,0.22342139040119946,"[315279017, 385113286, 375332831, 294871918, 555713159, 76701081, 237920535, 448092594, 529403480, 369433639]","[200, 200, 200, 200, 200, 200, 200, 200, 200, 200]"
57,50,"[27, 30, 32, 75, 109, 117, 146, 171, 186, 196, 206, 207, 209, 224]",14,0.2411203463561833,0.10304910549893975,0.29262335897822467,"[76378574, 76484817, 23656741, 380720916, 509049685, 191970143, 365085081, 190191648, 9105535, 217333369]","[209, 209, 209, 209, 209, 117, 209, 209, 209, 171]"
58,50,"[12, 45, 68, 84, 92, 112, 126, 167, 175, 183, 192, 216]",12,0.23316693818196654,0.14496701443567872,0.3565399155486375,"[41980406, 111790819, 185042547, 178362289, 185004784, 216094193, 46002466, 381452513, 167459149, 6575303]","[175, 183, 183, 68, 175, 183, 183, 183, 68, 68]"
59,50,"[10, 20, 29, 39, 49, 72, 81, 82, 89, 96, 100, 102, 106, 112, 125, 128, 164, 188, 194, 213, 221]",21,0.3378989649936557,0.21260768454521894,0.314593666465953,"[243075382, 396834165, 204059607, 512336242, 489442966, 118454427, 160319876, 173569021, 536945312, 53653208]","[20, 39, 96, 20, 81, 39, 82, 164, 20, 96]"
60,50,"[5, 10, 12, 51, 95, 97, 124, 161, 174, 175, 239]",11,0.19081168854609132,0.07196603296324611,0.2540281018750234,"[244841950, 334864192, 36085481, 430666173, 132249408, 319354255, 285556910, 364661104, 9331354, 9331376]","[95, 5, 5, 5, 5, 5, 5, 95, 95, 5]"
61,50,"[1, 4, 14, 60, 92, 99, 109, 112, 146, 163, 166, 174, 195, 200, 207, 212, 233, 240, 241]",19,0.3720996240153909,0.17742785438895226,0.20557723123286115,"[88413698, 152291662, 87177381, 159637364, 30327201, 298353658, 284097329, 120467136, 305976241, 494487482]","[1, 1, 1, 1, 1, 1, 1, 1, 1, 1]"
62,50,"[1, 25, 39, 60, 84, 109, 111, 112, 128, 135, 166, 168, 196, 227, 233, 240]",16,0.377702044788748,0.17373097455129027,0.30580493349407334,"[241629397, 494241502, 51434528, 12634834, 233619684, 8827094, 224387811, 456165206, 386719219, 207962499]","[1, 233, 240, 233, 233, 166, 233, 233, 166, 166]"
63,50,"[4, 6, 8, 25, 30, 37, 40, 59, 61, 75, 97, 107, 111, 112, 122, 133, 163, 171, 183, 194, 214, 241]",22,0.4050080473534763,0.24626936158165336,0.3602151251292195,"[270401378, 361827055, 52986331, 563690315, 484863943, 384131335, 445199962, 240595101, 184515490, 391016431]","[6, 163, 6, 6, 183, 6, 107, 107, 183, 6]"
64,50,"[4, 6, 30, 40, 75, 79, 82, 91, 97, 109, 146, 148, 159, 186, 200, 209, 224]",17,0.288417698815465,0.1832789471372962,0.2606736599084209,"[217185418, 84066849, 548226198, 19059244, 589417302, 90439601, 263706156, 542243239, 118496477, 179532987]","[209, 209, 209, 186, 209, 209, 209, 209, 209, 209]"
65,50,"[30, 33, 61, 70, 105, 106, 108, 110, 112, 127, 184, 192, 216, 217, 231, 241, 244]",17,0.35427801171317697,0.19646530831232667,0.354339445626144,"[309629502, 476017269, 569973167, 539167825, 378719174, 381782764, 202778162, 240083282, 451087032, 128958996]","[108, 110, 110, 110, 110, 216, 216, 217, 216, 110]"
66,50,"[0, 5, 10, 26, 43, 49, 89, 102, 106, 132, 188, 241, 242]",13,0.23817732790485024,0.09617823222652078,0.20819284179462835,"[336735408, 508445146, 326899109, 202536818, 576003819, 261213950, 64707598, 212970604, 513033189, 374230920]","[242, 5, 241, 5, 5, 5, 5, 5, 242, 241]"
67,50,"[1, 4, 10, 37, 49, 70, 81, 82, 88, 93, 99, 106, 112, 132, 146, 165, 168, 169, 196, 227, 231]",21,0.38860507030040026,0.16173610463738441,0.30814043178577866,"[386180863, 29988430, 89146024, 563385914, 404410578, 160685693, 101976635, 343943364, 524727929, 29367947]","[82, 82, 82, 168, 82, 1, 82, 1, 81, 82]"
68,50,"[10, 19, 38, 92, 97, 131, 135, 159, 161, 172, 174, 175, 202, 216]",14,0.28961117658764124,0.09092217544093728,0.24074248507219767,"[265582474, 143670194, 22282360, 561844575, 248190137, 97780755, 153603521, 440305694, 145913315, 491097585]","[38, 38, 159, 38, 38, 38, 38, 38, 92, 172]"
69,50,"[20, 36, 54, 156, 188, 192, 201]",7,0.09444980649277568,0.05551386717706919,0.2860976997097688,"[547526819, 299503718, 494503005, 223881798, 40933157, 501034303, 32863356, 276175577, 452879361, 94993425]","[54, 54, 54, 54, 54, 54, 54, 54, 54, 54]"
70,50,"[8, 14, 32, 38, 47, 57, 91, 93, 97, 118, 159, 166, 169, 174, 175, 192, 194, 216, 228, 237, 239, 240, 241]",23,0.6351694413460791,0.2197822411544621,0.264406004232233,"[552822517, 14700988, 243132285, 162408577, 258532458, 481086447, 279383232, 87187338, 472693134, 22166047]","[174, 237, 237, 237, 14, 47, 237, 14, 174, 237]"
71,50,"[1, 10, 14, 20, 39, 49, 61, 77, 81, 82, 84, 88, 100, 112, 146, 159, 174, 175, 210, 241]",20,0.46758341882377863,0.12281293608248234,0.20278144417097793,"[573260542, 333682070, 136021710, 546025776, 432821244, 271834051, 493843594, 477922653, 478024384, 44392480]","[175, 174, 175, 175, 81, 175, 241, 174, 175, 77]"
72,50,"[20, 36, 43, 54, 58, 96, 156, 167, 188, 201]",10,0.16361035639420152,0.07521308539435267,0.23941944011021404,"[446588711, 461876235, 444772633, 324629215, 363624009, 376470060, 257401844, 529203276, 132831639, 205822731]","[54, 54, 54, 54, 188, 54, 54, 54, 54, 188]"
73,50,"[4, 8, 36, 57, 61, 79, 92, 97, 106, 112, 118, 148, 152, 159, 166, 174, 209, 227, 228, 237, 239, 240, 241]",23,0.44496085634455085,0.22232535807415843,0.2614932200142547,"[540778935, 241972422, 419519921, 319120328, 569812062, 523895935, 319494432, 133699417, 225385585, 207428026]","[237, 152, 152, 237, 152, 240, 152, 237, 237, 237]"
74,50,"[10, 39, 60, 109, 111, 112, 126, 128, 159, 163, 166, 174, 201, 233, 239, 240, 241]",17,0.32265096390619874,0.18555364897474647,0.340883515556069,"[517378138, 265396003, 210976861, 43947376, 341032742, 517211417, 344750993, 72428980, 410446824, 183709613]","[240, 60, 60, 240, 240, 240, 60, 240, 240, 60]"
75,50,"[5, 38, 57, 59, 92, 159, 180, 182, 193, 207, 222, 236, 242]",13,0.2501170579344034,0.07686874317005277,0.2099460654784567,"[549589445, 155620539, 597410261, 263452461, 271612684, 17100209, 468348092, 31811495, 367349867, 567665902]","[57, 92, 92, 222, 222, 92, 92, 92, 92, 92]"
76,50,"[10, 39, 60, 77, 109, 112, 128, 228, 239, 240, 241]",11,0.14682596549391747,0.08086962113156915,0.23412699364549058,"[329213839, 47074484, 409696869, 575044943, 574911367, 251901307, 421951907, 421905981, 331859210, 452727150]","[240, 240, 60, 240, 240, 60, 60, 240, 240, 240]"
77,50,"[4, 10, 17, 49, 81, 82, 100, 106, 148, 164, 169, 188, 196, 199, 239, 242]",16,0.2874103388749063,0.12286861380562186,0.2931985465402249,"[29392618, 100806695, 555371788, 492991573, 499569667, 288761517, 22580755, 59728990, 110999700, 29149633]","[81, 49, 49, 82, 49, 49, 82, 82, 49, 49]"
78,50,"[0, 14, 25, 33, 61, 64, 70, 81, 107, 127, 133, 159, 164, 166, 184, 192, 210, 216, 237, 239, 241]",21,0.5014743111096323,0.13963406160473824,0.26154616676891845,"[254976624, 171772927, 368786729, 190868400, 258703635, 491655597, 268183460, 85641173, 400632256, 272302614]","[237, 237, 184, 133, 70, 70, 184, 0, 184, 184]"
79,50,"[10, 17, 20, 54, 61, 70, 85, 89, 96, 100, 125, 128, 132, 184, 188, 194, 213]",17,0.3213852276094258,0.20117710530757904,0.30482579734833803,"[547035905, 261792617, 356719285, 574548553, 156198037, 434237666, 431362334, 190418808, 145502417, 47936931]","[188, 10, 188, 125, 188, 96, 125, 188, 125, 125]"
80,50,"[0, 10, 45, 48, 54, 67, 72, 89, 96, 106, 111, 112, 128, 132, 164, 184, 188, 201, 213, 215, 242]",21,0.33128588274121284,0.2239510570652783,0.29768158551970764,"[181721375, 35502141, 89952573, 383361456, 307159838, 192160680, 312845800, 195811642, 367684103, 58729868]","[67, 215, 215, 106, 215, 215, 215, 215, 45, 215]"
81,50,"[10, 30, 36, 37, 43, 52, 54, 58, 82, 106, 126, 132, 156, 159, 169, 188, 194, 196, 201]",19,0.3556275526061654,0.1717381328344345,0.35265984429095526,"[84848979, 55342692, 216612568, 20668750, 582333068, 435659080, 418881242, 567432210, 271669109, 121812233]","[54, 54, 54, 54, 201, 188, 54, 54, 54, 54]"
82,50,"[5, 10, 22, 63, 70, 72, 82, 84, 132, 167, 175, 192, 222]",13,0.24708225997164845,0.0981142083182931,0.22783465688833252,"[426060089, 201612617, 285544667, 426058119, 165409987, 1753283, 6857360, 558819142, 472224338, 280120899]","[175, 175, 175, 82, 5, 175, 175, 175, 175, 175]"
83,50,"[0, 10, 17, 20, 26, 36, 58, 84, 96, 112, 125, 126, 156, 164, 167, 188, 192, 194, 201, 217, 239, 241]",22,0.4029227583669126,0.1840796866454184,0.38458963932300155,"[208290461, 304706368, 579712493, 27699303, 520458616, 301807532, 171420093, 415774410, 235716562, 464562719]","[0, 125, 125, 125, 125, 125, 20, 125, 239, 167]"
84,50,"[10, 17, 20, 49, 58, 82, 100, 120, 132, 188, 239, 241]",12,0.15658683888614178,0.08533213566988707,0.24810020728424811,"[374495231, 508578037, 303765303, 303894170, 303777852, 303777853, 442539628, 303777856, 443561584, 403869029]","[82, 82, 100, 49, 100, 100, 100, 100, 100, 82]"
85,50,"[10, 12, 17, 18, 43, 51, 111, 124, 126, 181, 194, 239]",12,0.25402878411114216,0.14943509409204125,0.4495970851664121,"[135859681, 487529913, 390082707, 253724408, 242283427, 142041489, 310574017, 162218567, 141018895, 366051047]","[126, 18, 18, 10, 10, 239, 126, 18, 126, 18]"
86,50,"[6, 17, 32, 61, 77, 93, 97, 112, 123, 192, 194, 228]",12,0.23042510310187936,0.09501521941274405,0.37243571813451126,"[590481425, 324507421, 465696629, 267826711, 235910197, 303065933, 519676012, 6294739, 415423834, 288272199]","[228, 93, 77, 77, 77, 77, 228, 32, 228, 228]"
87,50,"[1, 30, 32, 38, 39, 57, 60, 81, 93, 99, 112, 152, 166, 178, 207, 209, 217, 227, 228]",19,0.4485954958945513,0.12964288424700499,0.28946711312930445,"[505650686, 491044044, 66599930, 220173209, 571636931, 332663055, 226991267, 498922512, 498922511, 127347809]","[57, 57, 93, 57, 57, 57, 57, 57, 57, 57]"
88,50,"[17, 20, 49, 58, 61, 77, 82, 88, 89, 100, 108, 125, 146, 156, 184, 188, 194, 201, 213, 222, 227, 241]",22,0.3789586569182575,0.15134755382314324,0.2637784022160552,"[272691094, 18516590, 283463728, 167407740, 254672467, 523517352, 361223017, 51677329, 165066249, 359020492]","[49, 17, 213, 213, 213, 213, 82, 213, 82, 213]"
89,50,"[47, 77, 118, 174, 211]",5,0.10361762065440416,0.027477204333990812,0.2434230495709926,"[581116780, 388898852, 93028096, 162226153, 370799589, 112065139, 316809578, 431801735, 96753724, 312077492]","[118, 118, 118, 118, 174, 118, 118, 118, 118, 118]"
90,50,"[8, 27, 38, 42, 53, 60, 75, 76, 80, 106, 108, 109, 111, 112, 119, 187, 206, 225, 227, 231, 244]",21,0.36149333557114005,0.20150894951075315,0.2530793150487755,"[160144202, 522129904, 482672322, 411802593, 131364422, 411802613, 599542561, 165739048, 411887636, 186607277]","[206, 231, 244, 206, 80, 206, 206, 76, 206, 53]"
91,50,"[43, 52, 64, 70, 112, 113, 114, 126, 141, 217, 224]",11,0.20157515816390514,0.07404754590243101,0.38082354367625987,"[71233195, 315106232, 15931559, 531063675, 60055223, 225392258, 587563381, 397904159, 263154245, 399941080]","[141, 141, 141, 141, 141, 141, 141, 141, 141, 141]"
92,50,"[1, 10, 32, 39, 60, 84, 99, 111, 112, 135, 166, 168, 188, 194, 196, 200, 209, 227, 233, 239]",20,0.5663555460050702,0.14412268856540322,0.30568898721830917,"[186913484, 186913483, 308965505, 408493343, 453058695, 518336660, 96335462, 489583657, 391555290, 444394351]","[233, 233, 1, 200, 166, 166, 166, 135, 1, 166]"
93,50,"[2, 7, 19, 22, 30, 38, 52, 92, 93, 104, 105, 106, 112, 127, 131, 147, 152, 159, 172, 175, 185, 209, 216, 237]",24,0.4710837509483099,0.1724276407621801,0.28468377971633646,"[377891207, 160632588, 160632589, 472766947, 160632606, 477426557, 160632619, 466485235, 199734920, 300751783]","[92, 104, 131, 92, 131, 237, 131, 92, 22, 22]"
94,50,"[10, 49, 51, 72, 89, 102, 106, 111, 124, 132, 188, 194, 222, 242]",14,0.23008084297180176,0.11563364136964083,0.3196533937007189,"[382136867, 59486559, 224559782, 245470336, 267224959, 353902440, 353517623, 135660561, 226300732, 94152026]","[72, 72, 72, 72, 72, 72, 72, 72, 72, 72]"
95,50,"[10, 49, 79, 82, 99, 102, 106, 109, 146, 168, 169, 196, 210, 221]",14,0.32583709014579654,0.10361596196889877,0.27520021644886583,"[18146884, 544083532, 493145077, 463787733, 549976233, 196792996, 103144279, 238299490, 228058477, 475963116]","[146, 196, 210, 146, 146, 196, 146, 196, 168, 168]"
96,50,"[0, 2, 4, 6, 8, 30, 39, 40, 61, 70, 75, 77, 81, 93, 111, 112, 114, 129, 133, 147, 171, 184, 186, 209, 214, 217, 227]",27,0.4388228175230324,0.32439292781054974,0.30321476204079334,"[415491103, 260555165, 319468212, 467082314, 439330040, 66717321, 228455900, 309365349, 158501043, 587776524]","[77, 184, 184, 184, 227, 184, 77, 184, 77, 184]"
97,50,"[10, 52, 60, 67, 91, 111, 112, 118, 126, 159, 174, 193, 194, 200, 209, 224, 239]",17,0.3062794734723866,0.12169619370251894,0.3602371690657866,"[115689543, 522478978, 474323315, 313248135, 259914297, 390912880, 537760475, 585989401, 214100017, 44248151]","[52, 52, 52, 52, 91, 91, 52, 52, 91, 52]"
98,50,"[25, 39, 45, 47, 61, 72, 77, 81, 105, 106, 107, 111, 112, 152, 184, 210, 221, 222, 235, 237, 241]",21,0.45155611680820584,0.14980293856933713,0.2730253104763549,"[293850217, 465034186, 436051257, 421810546, 221883577, 161392632, 9859358, 385296377, 436051261, 43341350]","[235, 235, 235, 235, 235, 235, 235, 235, 235, 235]"
99,50,"[171, 200, 209, 227, 239]",5,0.10792314633727074,0.03652994567528367,0.23285214798524975,"[425207392, 277529667, 433505913, 253407975, 400813724, 302092542, 456915022, 411858689, 290312855, 519964394]","[200, 200, 200, 200, 200, 200, 200, 200, 200, 200]"
100,50,"[36, 45, 54, 112, 192, 215, 235]",7,0.11528801033273339,0.05982601270079613,0.3607287065325571,"[189226163, 402269380, 477677333, 223659315, 231583392, 132459321, 460146893, 231761919, 455867147, 477744659]","[235, 235, 235, 235, 235, 235, 235, 235, 235, 235]"
101,50,"[10, 49, 58, 61, 77, 81, 82, 100, 132, 146, 164, 167, 169, 188, 211, 227, 228, 241, 242]",19,0.27474711230024695,0.12894048122689128,0.20193473829299605,"[451505880, 253814188, 261514809, 547765493, 448534146, 156840648, 560850266, 236230256, 477970666, 245755937]","[77, 77, 77, 77, 77, 77, 77, 77, 77, 49]"
102,50,"[2, 32, 36, 38, 39, 60, 79, 81, 92, 93, 106, 109, 111, 112, 139, 146, 159, 164, 167, 178, 185, 214, 216, 227, 241]",25,0.37591759162023664,0.24308272451162338,0.2711180858220905,"[192006529, 545815969, 457271210, 218483559, 321173119, 594503539, 587927733, 466518132, 344348550, 161419984]","[227, 38, 81, 60, 227, 227, 92, 227, 227, 81]"
103,50,"[20, 39, 61, 70, 82, 84, 89, 96, 100, 105, 111, 125, 192, 194, 213, 222]",16,0.3501679771579802,0.1386505072005093,0.3686921185289975,"[510875360, 539756851, 317490910, 518603062, 437780003, 7220652, 240456867, 57068093, 156507016, 539756890]","[125, 20, 20, 125, 125, 125, 125, 82, 125, 20]"
104,50,"[2, 19, 43, 45, 47, 52, 59, 61, 64, 67, 68, 75, 92, 139, 172, 175, 183, 184, 185, 215, 216, 222, 235, 237, 241]",25,0.47450414951890707,0.1494241519831121,0.19837016785517336,"[478609168, 75989660, 580163753, 446026929, 94075061, 565127133, 359151986, 30766971, 403954187, 237766370]","[139, 139, 92, 216, 68, 92, 68, 68, 92, 92]"
105,50,"[2, 19, 25, 59, 61, 67, 129, 159, 180, 212, 236]",11,0.14054389111697674,0.12918038666248322,0.21376386511308904,"[217785503, 159600953, 579902028, 323935748, 573709832, 28875190, 497452100, 227360900, 377034966, 183296170]","[129, 25, 212, 129, 236, 236, 212, 212, 25, 212]"
106,50,"[0, 4, 5, 8, 10, 12, 17, 26, 88, 97, 102, 106, 111, 132, 148, 169, 180, 181, 199, 202, 241, 242]",22,0.4428956010378897,0.17617207020521164,0.31032926473893563,"[354863233, 596411782, 488736926, 167418361, 497828607, 591925910, 517538865, 58848946, 474313732, 400563478]","[12, 10, 8, 8, 5, 180, 26, 242, 5, 26]"
107,50,"[1, 4, 10, 20, 25, 37, 49, 58, 61, 72, 82, 109, 112, 132, 146, 166, 171, 184, 188, 194, 221, 241, 242]",23,0.44097822112962604,0.16193422162905335,0.22053489858365577,"[247104839, 191784785, 239148187, 357995125, 190732530, 66375012, 293766889, 578375153, 238251818, 398562952]","[146, 72, 72, 72, 72, 72, 72, 82, 72, 72]"
108,50,"[8, 10, 20, 39, 43, 54, 60, 70, 82, 93, 106, 112, 132, 166, 175, 188, 194, 196, 201, 210, 222, 227, 237, 239, 241]",25,0.6216564872302115,0.1662175003439188,0.23956629551947117,"[531803371, 303715459, 408016726, 573727816, 188559814, 454860629, 137426596, 11354954, 264802137, 351960046]","[82, 20, 10, 82, 188, 10, 82, 60, 60, 82]"
109,50,"[4, 8, 19, 30, 53, 65, 70, 75, 79, 94, 105, 106, 108, 112, 123, 127, 131, 148, 152, 202, 225, 231, 237]",23,0.4909589746966958,0.17437088023871183,0.30403454412463243,"[339155718, 148334984, 136102942, 478206656, 27709387, 165469929, 219829816, 473422889, 85347169, 137930305]","[30, 30, 30, 30, 8, 30, 8, 8, 30, 30]"
110,50,"[26, 36, 54, 58, 156, 167, 188, 201, 211]",9,0.11400896031409502,0.13117252569645643,0.24423803510661754,"[385769113, 203104715, 40283770, 154270230, 30729626, 74921318, 575804413, 368671839, 448785531, 535765400]","[156, 54, 201, 201, 201, 188, 188, 54, 36, 54]"
111,50,"[1, 99, 111, 135, 166, 168, 200, 227, 233]",9,0.2705965037457645,0.05850703176110983,0.282379222723345,"[161416661, 9980046, 563384146, 268291633, 555749580, 385787014, 83072068, 83072044, 294435903, 405546040]","[166, 166, 166, 166, 166, 166, 166, 166, 227, 166]"
112,50,"[0, 6, 8, 10, 37, 39, 49, 61, 70, 77, 82, 89, 100, 111, 127, 146, 164, 188, 194, 213, 222, 227, 241, 242]",24,0.4892004677094519,0.24184764875099063,0.29821963420060155,"[377446304, 591528875, 33406776, 17506965, 322581294, 523196822, 171597223, 109714533, 588132377, 522800113]","[77, 100, 82, 77, 39, 0, 0, 242, 77, 8]"
113,50,"[10, 22, 38, 70, 79, 82, 104, 106, 152, 195, 210, 221, 222, 241, 242]",15,0.2936982661485672,0.08602894004434347,0.19262078967876733,"[449302526, 33285225, 592718174, 440082159, 44646774, 583638774, 148968466, 446868315, 592718172, 97507231]","[195, 195, 82, 195, 195, 195, 22, 195, 195, 22]"
114,50,"[0, 7, 8, 19, 21, 40, 61, 75, 86, 94, 97, 106, 112, 114, 122, 126, 127, 130, 147, 171, 184, 186, 200, 202, 209]",25,0.4484142134897411,0.18843411467969418,0.36712912686169147,"[289481900, 304146423, 84488124, 84488125, 242859885, 93863393, 401562638, 276840775, 579413241, 225379045]","[94, 19, 94, 19, 19, 86, 94, 19, 94, 94]"
115,50,"[32, 60, 97, 112, 114, 194, 209, 212, 224, 239]",10,0.21579179307445884,0.07684662705287337,0.3453681396320462,"[512224738, 49959631, 68025475, 44640260, 75037765, 323500315, 44688408, 252094346, 75037766, 88914243]","[32, 32, 32, 32, 32, 32, 32, 32, 32, 32]"
116,50,"[1, 4, 8, 10, 30, 32, 60, 77, 79, 81, 82, 88, 93, 109, 146, 174, 195, 206, 207, 209, 228, 241]",22,0.40221395529806614,0.1386101203970611,0.20569235780699688,"[10791807, 587255650, 72710750, 331590051, 387997237, 219452106, 587239301, 18017656, 37542374, 119156000]","[32, 32, 32, 209, 209, 209, 32, 209, 209, 209]"
117,50,"[1, 7, 37, 40, 43, 70, 93, 97, 106, 109, 111, 112, 114, 122, 130, 141, 163, 186, 188, 214, 241]",21,0.4423286849632859,0.21328442683443427,0.34679768240034936,"[252015351, 107765794, 64921798, 310338841, 428193560, 328472039, 364912556, 102240323, 380796894, 306842771]","[163, 163, 163, 163, 163, 130, 163, 163, 163, 163]"
118,50,"[5, 10, 12, 51, 124, 126, 127, 132, 174, 175, 239]",11,0.1973625961691141,0.15114089380949736,0.4131696319038218,"[221811232, 482814534, 161855888, 122131117, 566660059, 5630875, 562737399, 331163446, 552126984, 461501744]","[10, 12, 124, 239, 10, 239, 5, 124, 239, 239]"
119,50,"[4, 20, 33, 39, 49, 61, 81, 82, 85, 96, 100, 106, 111, 125, 146, 188, 211, 241]",18,0.36480624321848154,0.17899790965020657,0.26735805260897094,"[555158006, 497606658, 239869551, 157881196, 7848153, 494235158, 428479524, 560512106, 131148045, 244236527]","[96, 20, 20, 125, 96, 20, 20, 125, 20, 96]"
120,50,"[0, 10, 12, 18, 26, 43, 48, 115, 126, 164, 184, 215, 239]",13,0.22117924224585295,0.09272359311580658,0.3768356584299069,"[432278520, 374950273, 61307981, 476045260, 337860279, 193575861, 263411408, 38610481, 33841849, 63300477]","[48, 126, 48, 48, 48, 48, 12, 48, 48, 48]"
121,50,"[6, 21, 30, 43, 79, 91, 109, 170, 171, 186, 194, 200, 209, 224]",14,0.3045161045156419,0.1608597869053483,0.26835261546407957,"[259071515, 437317368, 44402102, 260956334, 144942406, 302150947, 49842008, 144832277, 453704331, 554918483]","[186, 171, 171, 171, 171, 171, 171, 171, 171, 171]"
122,50,"[0, 4, 7, 19, 22, 30, 45, 52, 61, 67, 70, 105, 108, 112, 127, 131, 152, 153, 183, 184, 192, 195, 216, 217, 235]",25,0.41185735957697034,0.18281353870406747,0.2969691980630159,"[151534257, 516252519, 555103126, 163988011, 554943677, 151362101, 163988086, 516068926, 474583342, 104732148]","[45, 45, 45, 45, 45, 45, 45, 45, 45, 45]"
123,50,"[0, 4, 10, 17, 20, 37, 49, 67, 81, 97, 100, 106, 112, 115, 125, 148, 159, 164, 180, 188, 239, 242]",22,0.3408953328616917,0.17853598250076175,0.324521463078616,"[300487777, 421310323, 125950689, 40487140, 328858424, 422689440, 229073607, 40435091, 279238362, 363906278]","[81, 125, 10, 17, 242, 242, 180, 242, 125, 164]"
124,50,"[8, 10, 20, 39, 43, 70, 96, 105, 106, 111, 114, 125, 128, 188, 192, 194, 213, 214, 221, 241]",20,0.42980223428457975,0.21580942627042532,0.34902653731405736,"[103660910, 329184696, 481986621, 282465296, 21483673, 130448488, 361491848, 126779615, 85154416, 292221422]","[8, 188, 188, 125, 20, 192, 20, 194, 96, 20]"
125,50,"[0, 1, 6, 10, 14, 25, 38, 46, 107, 112, 132, 133, 159, 167, 171, 174, 209, 210, 227, 241]",20,0.36873429641127586,0.13493158156052232,0.19906886087264866,"[34453432, 336266842, 302401344, 281040931, 57728762, 280987203, 281027890, 388909153, 366064393, 379931463]","[133, 133, 133, 133, 133, 133, 0, 133, 133, 133]"
126,50,"[4, 6, 19, 29, 30, 79, 82, 88, 105, 106, 109, 112, 123, 131, 146, 172, 195, 209, 217, 221, 225]",21,0.3668182520195842,0.210893661249429,0.28175201550835655,"[204061776, 1083858, 254193306, 430444918, 105410561, 81449818, 350146969, 405371876, 553997511, 258311568]","[6, 123, 131, 131, 221, 195, 172, 30, 195, 172]"
127,50,"[126, 127, 132, 159, 175, 239]",6,0.15307415137067437,0.11603351449593902,0.5190677309486394,"[311001270, 20746912, 560340263, 560393293, 20746911, 20746913, 273059429, 311001269, 550733200, 201358112]","[127, 159, 127, 159, 127, 127, 159, 159, 127, 159]"
128,50,"[0, 14, 19, 32, 42, 46, 52, 61, 63, 93, 97, 112, 133, 147, 167, 174, 206, 209, 228]",19,0.21135769365355372,0.19677993655204773,0.23210345622838327,"[290366674, 41302095, 156219573, 434502349, 400160216, 330445947, 143893549, 576349399, 338027635, 146982768]","[14, 14, 32, 32, 97, 14, 14, 32, 228, 46]"
129,50,"[0, 57, 61, 88, 92, 107, 133, 166, 178, 200, 207, 209, 228]",13,0.20637572091072798,0.07910631876438856,0.21752853347704962,"[448137091, 448392286, 472945285, 103233960, 112127662, 581710544, 508761575, 73854731, 81163651, 573135295]","[107, 107, 107, 107, 107, 107, 107, 107, 107, 107]"
130,50,"[0, 10, 20, 37, 40, 43, 70, 89, 106, 108, 112, 114, 125, 126, 127, 128, 159, 163, 164, 188, 196, 201, 213, 214]",24,0.4274718868546188,0.2613143501803279,0.37835069006541744,"[21237069, 485774954, 389692038, 571425930, 73294531, 492891160, 534267918, 74450929, 78819548, 54471019]","[125, 20, 213, 20, 128, 128, 128, 125, 125, 126]"
131,50,"[30, 32, 43, 52, 75, 92, 93, 97, 112, 114, 117, 126, 129, 133, 147, 186, 192, 209, 224]",19,0.40144444769248366,0.14065591804683208,0.3788353031697242,"[144843049, 381645569, 311725998, 302492227, 101491833, 347325080, 159006861, 394239299, 271296477, 585427734]","[224, 133, 133, 224, 97, 224, 97, 52, 32, 117]"
132,50,"[0, 20, 33, 81, 96, 100, 102, 106, 111, 112, 125, 128, 164, 188, 213, 239]",16,0.31599147943779826,0.19422203861176968,0.3470687091758009,"[467942678, 119184862, 423604403, 420150266, 394600789, 460645518, 466358760, 480058543, 66305844, 193942025]","[125, 100, 100, 96, 96, 96, 125, 125, 125, 125]"
133,50,"[0, 10, 48, 67, 68, 89, 96, 102, 106, 111, 112, 114, 125, 128, 132, 181, 184, 188, 194, 199, 201, 213, 215, 234, 241, 242]",26,0.41988014057278633,0.25860458379611373,0.3121844577119471,"[27638381, 587063191, 108769008, 108837498, 278367015, 592511447, 267911998, 108837499, 504588209, 210299071]","[215, 106, 242, 242, 215, 96, 68, 242, 102, 215]"
134,50,"[20, 37, 39, 49, 54, 70, 81, 89, 96, 100, 106, 109, 111, 112, 125, 128, 146, 156, 164, 167, 188, 196, 201, 211, 213, 221]",26,0.4501290675252676,0.2805563881993294,0.31533313660810774,"[143589485, 135549895, 307960537, 4270688, 107046204, 64887395, 272760053, 55406213, 563820449, 385745949]","[213, 213, 213, 213, 213, 213, 213, 125, 213, 213]"
135,50,"[18, 39, 72, 89, 106, 112, 113, 124, 132, 161, 213, 222, 242]",13,0.20366015564650297,0.10245074005797505,0.3054156866676819,"[67472639, 17262987, 366376880, 332916842, 585545534, 60621647, 353502752, 550299376, 570277472, 268125021]","[161, 72, 72, 72, 72, 161, 72, 161, 72, 106]"
136,50,"[4, 49, 58, 82, 88, 96, 125, 156, 164, 166, 167, 184, 188, 201, 241]",15,0.2486352282576263,0.16383727127686143,0.22836300645334026,"[115678467, 138660787, 206547408, 322208855, 103505158, 575231737, 534529739, 549748325, 231814885, 473893320]","[167, 167, 241, 167, 167, 167, 167, 167, 167, 241]"
137,50,"[1, 8, 25, 38, 57, 159, 166, 171, 174, 175, 207, 209, 227, 228, 239, 240, 241]",17,0.4900092692114413,0.09537950810045004,0.18490595063742468,"[120768413, 130690256, 567764785, 567693048, 460885708, 574450670, 134764221, 567700714, 583042124, 183749417]","[174, 227, 57, 57, 57, 57, 174, 57, 57, 57]"
138,50,"[4, 20, 22, 54, 59, 67, 70, 82, 84, 104, 105, 107, 175, 180, 195, 222, 241]",17,0.36945298686623573,0.10252974554896355,0.20211048681727228,"[116889780, 315408916, 382484035, 177901450, 478663591, 267907949, 309213842, 243556690, 357571673, 116892332]","[22, 22, 22, 22, 22, 22, 22, 59, 22, 22]"
139,50,"[14, 46, 47, 52, 57, 61, 81, 97, 105, 112, 118, 133, 159, 174, 175, 192, 216, 224, 228, 237]",20,0.3867312981747091,0.2129321345128119,0.2938276396715082,"[181851759, 379011445, 558091414, 429357841, 555205646, 556446121, 537076483, 555205647, 166091208, 356562303]","[228, 228, 228, 52, 228, 228, 228, 228, 228, 228]"
140,50,"[39, 60, 67, 109, 112, 201, 216, 239, 240, 241]",10,0.14511008467525244,0.06868179328739643,0.2615018903044984,"[582402075, 172668992, 151201873, 535504318, 454047548, 204333902, 43870016, 417872236, 542298378, 55472578]","[240, 240, 240, 60, 60, 60, 60, 60, 240, 60]"
141,50,"[2, 32, 38, 60, 92, 109, 112, 159, 174, 206, 209, 227, 237, 240]",14,0.16466332040727139,0.1687282039783895,0.2494537869767685,"[537721664, 301553447, 256343955, 115983765, 413477262, 272254294, 416729267, 574874608, 211422803, 241895279]","[240, 240, 240, 240, 2, 240, 240, 240, 240, 240]"
142,50,"[10, 20, 39, 49, 58, 77, 81, 82, 84, 100, 132, 188, 192, 194, 199, 242]",16,0.26642041839659214,0.1259811744093895,0.27203645031841006,"[371828666, 371880725, 371883663, 195213819, 285267748, 195276034, 401566150, 132094197, 109876089, 144147132]","[82, 82, 82, 82, 82, 82, 82, 82, 82, 82]"
143,50,"[1, 10, 39, 46, 49, 58, 59, 61, 77, 82, 99, 100, 109, 111, 112, 132, 146, 164, 168, 169, 175, 188, 196, 201, 210, 211, 227, 237, 239, 241]",30,0.6073673022910953,0.2245785165578127,0.2591062921409806,"[568603293, 438474876, 108137780, 193237893, 324003770, 101591507, 568595552, 581712249, 369049065, 55729924]","[100, 100, 82, 100, 82, 109, 82, 77, 100, 100]"
144,50,"[1, 99, 166, 168, 207, 233]",6,0.24088873201981187,0.041455693542957306,0.2364222276567792,"[311197008, 28542321, 94886358, 470289830, 404809611, 61988430, 200639384, 467036186, 429555236, 106618145]","[233, 233, 233, 233, 233, 233, 233, 233, 233, 233]"
145,50,"[0, 8, 14, 19, 52, 61, 68, 70, 75, 87, 97, 106, 110, 126, 129, 147, 159, 172, 183, 184, 209, 237]",22,0.3045096732676029,0.2145003965124488,0.27104418885640125,"[466844055, 158241344, 564334797, 262786726, 413989980, 466939927, 570321692, 313084790, 467090244, 523351586]","[159, 172, 184, 184, 14, 159, 184, 184, 159, 184]"
146,50,"[1, 4, 6, 8, 30, 60, 88, 91, 93, 109, 166, 168, 171, 186, 200, 209, 212, 227, 241]",19,0.47175092436373234,0.19468529941514134,0.23780766653975374,"[282835417, 576824951, 94479661, 198383382, 415237356, 469531690, 320993321, 557146566, 547914671, 80184097]","[171, 171, 171, 171, 171, 171, 171, 171, 171, 171]"
147,50,"[1, 4, 8, 30, 53, 60, 61, 65, 75, 81, 82, 105, 106, 109, 112, 146, 148, 184, 206, 231]",20,0.35561625799164176,0.2009431840851903,0.23810826550470665,"[325077166, 287336650, 325077150, 307944324, 28121729, 87742785, 397267301, 80319033, 136112845, 485725779]","[75, 8, 206, 8, 8, 109, 206, 60, 146, 60]"
148,50,"[6, 8, 10, 21, 30, 40, 84, 93, 94, 112, 126, 170, 171, 186, 200, 209, 214, 217, 224, 241]",20,0.37925594160333276,0.21650091372430325,0.3673361771623604,"[71280009, 546455453, 95635881, 400278764, 509200431, 163464817, 163424852, 507441751, 503261427, 510645792]","[224, 224, 224, 224, 224, 224, 224, 224, 224, 224]"
149,50,"[0, 5, 10, 12, 18, 26, 67, 126, 132]",9,0.10628236923366785,0.06620943453162909,0.33633529930375516,"[541511178, 541511182, 194085273, 43236799, 541511183, 245424510, 194125449, 23781916, 270684300, 250027846]","[5, 5, 5, 5, 5, 5, 5, 5, 5, 5]"
150,50,"[36, 54, 111, 112, 156, 167, 201]",7,0.12971728295087814,0.12854351848363876,0.36519987864552866,"[132817667, 564097636, 59680335, 37010459, 195097925, 294937515, 318963254, 409419718, 244794993, 85163744]","[36, 36, 36, 54, 36, 167, 36, 36, 36, 36]"
151,50,"[14, 25, 48, 64, 68, 110, 129, 183, 184, 217]",10,0.11587316170334816,0.0661849221214652,0.24744263188913465,"[579272775, 198792342, 119054950, 122498423, 428817812, 348551822, 140935518, 343321797, 122476015, 334775338]","[68, 68, 68, 68, 68, 68, 68, 68, 68, 68]"
152,50,"[10, 18, 20, 33, 61, 85, 89, 96, 100, 106, 125, 128, 159, 188, 194, 211, 222, 241]",18,0.4365809843875468,0.11284928023815155,0.228222263045609,"[105570492, 435767109, 599941963, 276670669, 262073926, 559609191, 43820742, 466590980, 574376076, 483285136]","[96, 125, 96, 96, 128, 96, 125, 125, 128, 125]"
153,50,"[2, 10, 20, 36, 40, 54, 81, 93, 96, 111, 112, 128, 129, 164, 167, 181, 188, 194, 201, 211, 213, 227, 234, 239, 241]",25,0.4159592594951391,0.18777926033362746,0.28902193502523005,"[90922693, 580125627, 531919694, 77621675, 486877138, 25465135, 60120932, 13266161, 359574809, 390449550]","[211, 81, 96, 81, 81, 81, 81, 81, 81, 2]"
154,50,"[12, 38, 70, 81, 84, 111, 112, 126, 132, 164, 174, 175, 192]",13,0.30137919494882226,0.10396981332451105,0.3866297334898263,"[115100181, 262783279, 356919727, 223545910, 228977617, 552611349, 67552775, 25488434, 85002289, 565728022]","[84, 175, 192, 192, 192, 192, 192, 192, 192, 192]"
155,50,"[25, 39, 45, 64, 68, 77, 111, 156, 183, 184, 194, 213, 228, 235, 241]",15,0.22160416655242443,0.10675539448857307,0.287953210544462,"[227716460, 437534632, 563016460, 595899684, 528585632, 242093159, 519476207, 401045029, 345423960, 181561685]","[68, 68, 68, 68, 68, 68, 68, 68, 68, 68]"
156,50,"[52, 75, 91, 109, 117, 119, 133, 148, 171, 186, 199, 200, 209, 241]",14,0.20688401395455003,0.15143743762746453,0.22309758494208967,"[561574493, 538941863, 461504633, 2155163, 348526226, 304166265, 446030645, 194953949, 215311216, 194960142]","[200, 200, 200, 200, 200, 200, 200, 200, 200, 200]"
157,50,"[4, 8, 10, 37, 40, 49, 61, 75, 79, 81, 82, 89, 97, 106, 108, 109, 112, 132, 133, 148, 186, 200, 213, 214, 216, 231, 239, 241]",28,0.5431722761131823,0.2809978290461004,0.2654671950066196,"[477806359, 315167901, 217514137, 523159681, 22404047, 221715805, 519269859, 135075794, 502238607, 139290105]","[186, 10, 40, 75, 186, 8, 109, 8, 186, 4]"
158,50,"[6, 39, 42, 49, 60, 77, 79, 82, 87, 106, 109, 111, 146, 166, 187, 188, 195, 210, 221, 225, 227, 241]",22,0.5354093671776354,0.13266158336773515,0.2156343397324566,"[519835655, 538157273, 388304270, 388304272, 538157274, 232479446, 98895669, 318363603, 538157278, 102816328]","[187, 187, 187, 187, 187, 187, 221, 109, 187, 187]"
159,50,"[0, 2, 8, 10, 18, 25, 26, 38, 46, 47, 57, 60, 61, 77, 107, 112, 126, 129, 133, 152, 164, 174, 178, 181, 184, 185, 201, 207, 209, 212, 215, 241]",32,0.5536116864532232,0.20508416090160608,0.265306185130612,"[238638162, 536122103, 355775384, 55088653, 292680052, 55032120, 206028040, 443901149, 318878112, 547774955]","[8, 46, 212, 212, 241, 212, 241, 129, 2, 60]"
160,50,"[1, 2, 4, 6, 8, 25, 60, 61, 75, 82, 99, 109, 112, 122, 129, 146, 168, 207, 209, 211, 212, 222, 227, 228, 233]",25,0.4597849827259779,0.16378895053640008,0.26332705980166793,"[108932684, 256200678, 30829057, 222750403, 339874296, 588889555, 75522853, 75577939, 588817807, 16998124]","[228, 207, 6, 228, 6, 6, 6, 6, 6, 207]"
161,50,"[20, 33, 39, 85, 96, 111, 112, 128, 188, 211, 228]",11,0.2790460456162691,0.14146347669884562,0.2933044878935272,"[44065614, 179348278, 196227061, 43290414, 398670924, 406460569, 495915116, 556150387, 364911082, 207472696]","[96, 96, 33, 85, 33, 33, 96, 96, 96, 96]"
162,50,"[10, 43, 49, 54, 58, 82, 109, 128, 132, 167, 186, 188, 194, 201, 239]",15,0.28300452465191483,0.10868989955633879,0.22562118420998256,"[372189215, 460893713, 242686067, 154230949, 509750085, 531825344, 156802197, 112683953, 289661874, 462645119]","[186, 109, 186, 109, 167, 186, 109, 58, 109, 54]"
163,50,"[1, 14, 20, 30, 37, 43, 70, 77, 81, 93, 111, 112, 114, 125, 126, 133, 164, 194, 213, 214, 217, 228]",22,0.4865660574287176,0.24101196182891726,0.4178795147348534,"[377887185, 471856179, 239041397, 86523242, 40695529, 446655610, 593763692, 283805603, 494931706, 105029832]","[77, 125, 37, 77, 37, 77, 37, 77, 81, 77]"
164,50,"[54, 58, 156, 188, 201]",5,0.053392290603369474,0.03757846262305975,0.22206962257623672,"[382825464, 382791356, 139798550, 241518463, 139661159, 197307204, 197122395, 172313904, 177822160, 256633614]","[54, 54, 54, 201, 54, 54, 54, 54, 54, 54]"
165,50,"[0, 52, 61, 75, 91, 93, 117, 148, 159, 171, 186, 200, 209, 224]",14,0.2356433942914009,0.0829067206941545,0.19772160839888134,"[225308057, 236165849, 551637064, 271202674, 225294851, 343508960, 378929497, 414598141, 216633273, 141525903]","[117, 117, 117, 117, 117, 117, 117, 117, 171, 186]"
166,50,"[10, 39, 49, 58, 77, 82, 88, 100, 111, 120, 165, 166, 167, 168, 188, 196, 199, 200, 227, 239]",20,0.4269277243874967,0.15351236145943403,0.3614170458633453,"[469502761, 408767841, 449429478, 449228667, 91063653, 87664472, 188483153, 436119478, 423521800, 91416017]","[196, 168, 196, 196, 168, 196, 196, 168, 168, 196]"
167,50,"[20, 39, 70, 77, 82, 84, 93, 100, 111, 167, 192]",11,0.1606282009743154,0.085013541392982,0.311053266600621,"[224559852, 541176579, 460707266, 362387758, 290855427, 160614502, 495271632, 72907774, 365464132, 552398440]","[39, 39, 39, 39, 39, 39, 39, 100, 82, 84]"
168,50,"[14, 32, 63, 84, 93, 97, 175, 192, 194, 209, 228, 239]",12,0.2838236945681274,0.08417555503547192,0.29612634984853986,"[244510764, 397488901, 306509257, 133988263, 66921421, 546401277, 119908493, 136010040, 459311214, 101468890]","[32, 32, 63, 63, 32, 32, 32, 32, 32, 32]"
169,50,"[36, 54, 156, 192, 201]",5,0.07903422228991985,0.04265406867489219,0.34437537542544305,"[496007121, 125640005, 14409541, 146605441, 375462570, 347580490, 508260488, 15457791, 140065711, 588342549]","[36, 36, 36, 36, 36, 201, 36, 54, 54, 36]"
170,50,"[0, 20, 36, 39, 46, 49, 58, 77, 81, 85, 96, 100, 110, 112, 125, 128, 129, 164, 167, 188, 194, 201, 210, 217, 227, 241]",26,0.5000744997523725,0.1804899489507079,0.27146164878593904,"[419460675, 479731829, 290422391, 464268983, 424787647, 298811605, 350911126, 351017656, 337207486, 256587053]","[20, 210, 164, 20, 210, 210, 20, 125, 20, 20]"
171,50,"[0, 17, 20, 33, 36, 54, 70, 81, 82, 100, 106, 111, 112, 125, 128, 164, 167, 188, 192, 213, 214, 241]",22,0.5015077511779964,0.24277958879247308,0.34588450444227253,"[276967714, 238030946, 574034175, 468349161, 264597840, 363692378, 113580006, 497890514, 544968739, 166921826]","[20, 20, 192, 213, 20, 192, 125, 106, 20, 20]"
172,50,"[10, 18, 57, 61, 77, 81, 112, 127, 133, 164, 167, 174, 207, 228, 241]",15,0.1846882700920105,0.09718888998031616,0.26211227881722154,"[436963377, 41425998, 573923195, 200860855, 432120631, 39364833, 234428732, 353743490, 303611741, 310392450]","[77, 77, 77, 77, 77, 77, 77, 77, 77, 77]"
173,50,"[8, 10, 39, 43, 60, 64, 70, 84, 93, 105, 110, 112, 183, 192, 206, 216, 217, 244]",18,0.33686087979003787,0.13316613342612982,0.27275811821325785,"[421516192, 123334203, 334586467, 123334202, 420097424, 396249398, 508078072, 432729141, 357285491, 338106395]","[60, 60, 60, 60, 60, 60, 60, 60, 60, 60]"
174,50,"[10, 14, 17, 27, 32, 51, 52, 63, 70, 77, 93, 97, 106, 111, 112, 126, 174, 192, 194, 196, 221, 224, 239]",23,0.4325912669301033,0.18897196697071195,0.3890383956528714,"[66236774, 335251301, 110095053, 171769894, 66243966, 240563277, 346573541, 479688324, 247553257, 456570413]","[93, 32, 32, 32, 93, 93, 32, 93, 32, 32]"
175,50,"[4, 6, 63, 70, 82, 84, 93, 104, 105, 132, 167, 175, 192]",13,0.29410678008571267,0.095068016089499,0.21107751408663505,"[117436995, 529364040, 493597761, 548840527, 549319923, 405522861, 594085667, 207151906, 549325063, 589583790]","[84, 84, 84, 84, 84, 84, 192, 84, 84, 175]"
176,50,"[26, 36, 54, 81, 112, 129, 156, 167, 188, 201, 211, 217]",12,0.16339746164157987,0.08877138514071703,0.2997449574371179,"[505163271, 401411118, 125805490, 564320947, 507347585, 441812457, 578366134, 150867596, 343791582, 225892869]","[201, 167, 201, 54, 167, 54, 167, 201, 201, 201]"
177,50,"[1, 4, 6, 30, 39, 65, 70, 84, 93, 105, 111, 112, 132, 167, 169, 175, 184, 192]",18,0.429881882853806,0.14890321996062994,0.31179242573368054,"[583864537, 445737795, 208676328, 493591620, 502994434, 152121484, 11749472, 150813866, 548504950, 450062982]","[192, 192, 93, 192, 192, 192, 84, 65, 93, 192]"
178,50,"[6, 20, 26, 49, 61, 70, 77, 82, 88, 89, 93, 100, 106, 108, 109, 111, 112, 125, 132, 169, 175, 184, 188, 194, 213, 227, 234, 241]",28,0.5706117548979819,0.20117281842976809,0.2661378212672259,"[308670354, 592022775, 267011792, 492913202, 475784296, 579008437, 269634507, 551569304, 323250630, 172532783]","[20, 20, 20, 184, 20, 194, 194, 20, 20, 20]"
179,50,"[0, 1, 6, 8, 10, 17, 30, 39, 60, 63, 77, 82, 84, 91, 93, 112, 132, 175, 194, 200, 209, 224, 227, 239, 241]",25,0.6158607178367674,0.17040407983586192,0.2590611308068037,"[482489709, 482513369, 272075377, 190953394, 272075266, 560202704, 306209950, 218790679, 23390111, 475524205]","[6, 93, 8, 93, 8, 8, 77, 77, 93, 8]"
180,50,"[1, 6, 20, 39, 49, 63, 70, 77, 81, 82, 84, 93, 111, 132, 166, 167, 175, 192, 227, 241]",20,0.4507262259721756,0.1966106230393052,0.2346897680661641,"[550905159, 246634158, 476949661, 311952454, 222413070, 157783429, 320641167, 496177960, 94727527, 28150409]","[81, 81, 81, 84, 81, 81, 81, 166, 81, 63]"
181,50,"[5, 8, 10, 26, 51, 58, 67, 82, 111, 132, 156, 167, 174, 181, 188, 201, 211, 236, 239, 241]",20,0.31513976538553834,0.2025451404042542,0.22034981626784428,"[460349990, 164775229, 545020148, 450265851, 253605116, 556688818, 451282112, 207422151, 34019906, 489718353]","[67, 67, 67, 82, 67, 236, 67, 67, 167, 67]"
182,50,"[10, 20, 39, 63, 70, 82, 84, 93, 132, 175, 192, 194, 239, 241]",14,0.304450502153486,0.09937177924439311,0.24700990591996483,"[254509575, 130564082, 273043630, 127662267, 552817184, 553072338, 137902141, 34127478, 269396313, 526098036]","[192, 82, 82, 84, 84, 192, 10, 192, 192, 192]"
183,50,"[45, 68, 70, 152, 235]",5,0.0500107710249722,0.03116688597947359,0.20935104535892607,"[103572512, 218500680, 69235722, 227639106, 23055104, 326841520, 366728558, 86445881, 363464748, 353530693]","[235, 235, 235, 235, 235, 68, 235, 235, 235, 235]"
184,50,"[5, 10, 39, 49, 51, 54, 72, 82, 102, 106, 132, 188, 194, 239, 242]",15,0.23487696051597595,0.1282779173925519,0.27317068534903227,"[202398807, 573977570, 140199749, 49493021, 285291463, 467778939, 285208869, 49429263, 234142149, 466627293]","[10, 242, 239, 10, 10, 188, 242, 10, 10, 242]"
185,50,"[2, 8, 10, 51, 61, 70, 85, 89, 106, 111, 124, 126, 127, 132, 152, 164, 169, 174, 185, 188, 194, 201, 212, 231, 237, 239, 241]",27,0.5769192674197257,0.20657962560653687,0.3329104722339522,"[388226724, 511745332, 48954299, 487167005, 465429198, 146461299, 548233081, 105507382, 248530841, 418613103]","[132, 10, 132, 185, 237, 132, 2, 85, 132, 127]"
186,50,"[6, 10, 40, 43, 60, 67, 75, 81, 85, 97, 109, 112, 133, 148, 167, 171, 186, 200, 209, 224, 239, 241]",22,0.43487160094082355,0.14776878245174885,0.24382451651829548,"[95901209, 250181636, 250214702, 188091529, 512314806, 28348846, 330634046, 466863412, 181101373, 103465531]","[186, 186, 186, 186, 133, 186, 43, 186, 43, 186]"
187,50,"[1, 5, 10, 25, 59, 63, 67, 77, 82, 84, 174, 175, 193, 195]",14,0.3461115434765816,0.07635433925315738,0.16857739923787968,"[441212914, 199342980, 84693467, 175992831, 394989135, 84867293, 365170347, 352397999, 250757343, 56096698]","[5, 175, 175, 174, 174, 175, 174, 175, 77, 5]"
188,50,"[1, 5, 20, 25, 46, 59, 77, 81, 84, 88, 93, 107, 133, 175, 195, 210, 228, 240, 241]",19,0.4164728648029268,0.10131482593715191,0.16547885338628762,"[334562342, 334598495, 334598493, 168176079, 334501887, 375110893, 116216281, 117751874, 115872543, 168295608]","[46, 46, 46, 46, 46, 46, 46, 25, 46, 46]"
189,50,"[10, 20, 54, 70, 85, 89, 96, 100, 110, 111, 112, 125, 156, 181, 184, 188, 194, 201, 213, 241]",20,0.4502203371375799,0.14907589834183455,0.3064870312693529,"[6355308, 412575020, 410055028, 194819497, 509506255, 255599691, 61692006, 273340585, 273536667, 509015108]","[125, 96, 241, 125, 96, 241, 70, 54, 188, 241]"
190,50,"[2, 8, 14, 32, 38, 60, 92, 93, 106, 112, 114, 129, 174, 194, 209, 217, 227, 239]",18,0.34800863871350884,0.12859347416087985,0.2816348961140547,"[344564768, 357736761, 191845909, 573101429, 35045917, 301643958, 344703644, 130554732, 492702621, 394112207]","[32, 8, 60, 8, 32, 32, 32, 32, 32, 32]"
191,50,"[38, 79, 92, 112, 135, 139, 207, 227]",8,0.12405156623572111,0.039665703661739826,0.1855591164494399,"[171442642, 32631619, 335520897, 501602611, 432581730, 539090239, 546251617, 361241062, 352322111, 494548963]","[227, 227, 227, 227, 227, 38, 227, 227, 227, 227]"
192,50,"[18, 72, 102, 106, 125, 172, 180, 242]",8,0.11245234636589885,0.0670618531294167,0.34138351859292015,"[318392068, 320139952, 117568705, 549951739, 2916007, 457005169, 389366056, 66118274, 98581984, 289795814]","[106, 180, 106, 180, 180, 242, 102, 102, 102, 102]"
193,50,"[32, 39, 60, 109, 201, 239, 240]",7,0.13356395624578,0.06225757533684373,0.2647265139634588,"[538484149, 226255915, 538512593, 260666, 485981084, 266275898, 153495727, 478586406, 300018527, 511293266]","[240, 240, 240, 240, 240, 240, 240, 240, 240, 240]"
194,50,"[4, 26, 57, 61, 65, 97, 148, 231]",8,0.10498364549130201,0.05815598927438259,0.27635101330815814,"[176112770, 313600579, 10172977, 572186396, 548240362, 478226485, 470251629, 572678835, 11734662, 176079291]","[97, 65, 65, 65, 65, 65, 65, 65, 65, 26]"
195,50,"[20, 39, 49, 77, 82, 84, 100, 111, 128, 132, 188, 192, 194, 199, 239]",15,0.25811997102573514,0.12799231801182032,0.30622245469130577,"[362343117, 284531044, 329153369, 340689957, 390289754, 143120312, 222551320, 19060061, 585852409, 4870671]","[82, 82, 82, 82, 39, 82, 39, 82, 82, 199]"
196,50,"[8, 14, 32, 38, 39, 60, 93, 112, 128, 159, 206, 209, 216, 227, 239, 240, 241]",17,0.29633517283946276,0.11387417698279023,0.22347653744851842,"[306931078, 405845132, 597686959, 82312785, 168998111, 597636209, 120938282, 432681985, 327950004, 511250089]","[93, 93, 93, 93, 240, 93, 93, 93, 240, 240]"
197,50,"[1, 2, 14, 32, 46, 47, 59, 92, 93, 97, 118, 127, 147, 180, 185, 209, 212, 216, 228, 240]",20,0.4240256976336241,0.14387382799759507,0.3090581512195058,"[434719975, 472032412, 547329297, 270471031, 547553899, 480557183, 324237631, 520654767, 442910672, 396281211]","[97, 46, 32, 32, 32, 32, 97, 212, 212, 118]"
198,50,"[36, 54, 167, 201]",4,0.051627160515636206,0.03121619625017047,0.27294754539616406,"[117765081, 373308842, 190182926, 207357695, 144646103, 150867596, 329067235, 57539513, 359502231, 523309804]","[201, 201, 201, 201, 54, 201, 201, 201, 54, 201]"
199,50,"[54, 58, 156, 165, 167, 169, 187, 201, 207, 211]",10,0.1338052349165082,0.08189708413556218,0.3448763645021245,"[39345817, 161356029, 54506849, 586706085, 44487264, 387032307, 161446401, 6822141, 129685551, 64708726]","[167, 167, 167, 167, 167, 167, 201, 167, 167, 167]"
200,50,"[0, 5, 10, 12, 17, 18, 26, 51, 115, 124, 126, 132, 169, 181, 239]",15,0.21409501787275076,0.17978731775656343,0.38898977887195846,"[175096196, 260860729, 381846485, 296481143, 100710622, 199360428, 175919348, 397088663, 120517343, 515305740]","[26, 26, 12, 12, 12, 12, 12, 12, 12, 12]"
201,50,"[32, 39, 60, 63, 82, 84, 93, 100, 105, 112, 159, 166, 168, 175, 196, 199, 227, 237, 239, 240, 241]",21,0.4582781605422497,0.15565831866115332,0.27157519567048266,"[192395646, 90855074, 37233593, 37233594, 90855069, 90855073, 90855072, 397185503, 205513516, 171362839]","[63, 84, 84, 84, 84, 93, 39, 84, 84, 39]"
202,50,"[1, 5, 10, 82, 93, 99, 146, 159, 166, 169, 174, 175, 200, 209, 216, 227, 239, 240]",18,0.3828026121482253,0.17341001192107797,0.20117750456039277,"[377330137, 97447570, 30899884, 464460003, 171581726, 243250532, 189127591, 231977139, 410312031, 505238245]","[175, 175, 175, 159, 175, 175, 175, 175, 175, 175]"
203,50,"[20, 38, 43, 59, 60, 63, 67, 70, 82, 84, 89, 104, 105, 127, 128, 159, 174, 175, 192, 216, 237, 240, 241]",23,0.4996060808189213,0.14286940405145288,0.23432423205762778,"[583040551, 557307240, 205637431, 304503096, 135118508, 484396091, 578949748, 122910414, 39186597, 370398741]","[84, 128, 237, 237, 192, 237, 127, 60, 84, 237]"
204,50,"[10, 18, 49, 58, 77, 81, 82, 93, 146, 164, 167, 188, 241, 242]",14,0.19307249458506703,0.09353002952411771,0.1882992149663291,"[575735573, 458857627, 111196413, 205813791, 458945783, 385545486, 541713224, 119116526, 320037205, 358419389]","[81, 49, 49, 10, 49, 49, 49, 77, 49, 77]"
205,50,"[10, 20, 29, 39, 72, 89, 102, 106, 132, 179, 188, 242]",12,0.17469485104084015,0.08647937560454011,0.2339268818614073,"[245250692, 321331342, 239518695, 262741634, 64990351, 73491323, 220129541, 428522198, 377067390, 545767797]","[188, 242, 242, 242, 242, 242, 242, 72, 242, 72]"
206,50,"[12, 26, 45, 48, 68, 108, 111, 112, 183, 184, 194, 215]",12,0.23193166824057698,0.10463913111016154,0.3218139206486133,"[190700844, 136395417, 488840874, 488773708, 481299369, 75870846, 263187519, 267748222, 190684424, 597462537]","[68, 68, 48, 48, 68, 68, 68, 68, 68, 68]"
207,50,"[10, 26, 36, 54, 58, 70, 106, 108, 111, 112, 128, 156, 167, 169, 188, 192, 194, 201, 213, 239]",20,0.36986610665917397,0.17349164560437202,0.33466309660580007,"[80352651, 258132591, 599103989, 269933265, 172759973, 279711769, 492165791, 444384675, 157303392, 87612113]","[54, 36, 54, 54, 54, 54, 36, 213, 54, 194]"
208,50,"[8, 10, 49, 77, 82, 100, 132, 146, 169, 175, 195, 210, 228, 241]",14,0.37119241524487734,0.08587233070284128,0.17779381300455757,"[191219637, 561236930, 335134646, 274196408, 572823003, 336144356, 249925343, 237006714, 369261323, 431304777]","[77, 77, 10, 77, 77, 77, 100, 10, 100, 175]"
209,50,"[10, 17, 20, 33, 61, 85, 89, 96, 100, 125, 188, 194]",12,0.3181183999404311,0.08567882888019085,0.30306656181346625,"[457932028, 424620168, 270001057, 126485989, 494806968, 474884568, 74788566, 192111966, 411217520, 499019896]","[125, 125, 96, 125, 125, 125, 85, 125, 125, 96]"
210,50,"[60, 80, 109, 209, 240]",5,0.05847551114857197,0.03443521820008755,0.24537100046873092,"[282181337, 178507622, 228138065, 250579398, 15306275, 250574266, 209004159, 442590983, 318470684, 283438076]","[240, 240, 240, 240, 240, 240, 60, 240, 240, 60]"
211,50,"[10, 39, 49, 82, 100, 111, 112, 128, 146, 188, 194, 196, 239, 241]",14,0.29719437658786774,0.1080692894756794,0.3214765095950237,"[421614196, 191842553, 705389, 20298494, 238211637, 201239098, 425881387, 63479802, 477256244, 5867019]","[82, 82, 39, 49, 100, 100, 196, 100, 100, 100]"
212,50,"[1, 5, 10, 25, 46, 56, 59, 67, 82, 84, 91, 127, 159, 175, 209, 210, 216]",17,0.3898757896386087,0.16984571004286408,0.22560283666312256,"[427804312, 358787744, 519149511, 291297814, 456252842, 519010642, 543821520, 513653417, 44796746, 519699142]","[175, 46, 46, 46, 5, 46, 46, 25, 46, 46]"
213,50,"[20, 22, 63, 70, 102, 104, 105, 131, 152, 192, 195, 221]",12,0.2597046815790236,0.08054466126486659,0.25470567611046135,"[204398649, 300328709, 558467379, 371938691, 558590194, 544707789, 206269197, 294209137, 558590247, 95669075]","[22, 22, 22, 22, 22, 22, 22, 22, 22, 22]"
214,50,"[6, 30, 40, 75, 91, 109, 129, 148, 159, 171, 186, 200, 209, 224, 240]",15,0.22161434777081013,0.10287777660414577,0.25020977415454887,"[267139604, 504362065, 314766071, 503767635, 240944350, 587386477, 200675898, 98637538, 346695252, 269399973]","[91, 91, 91, 91, 91, 91, 91, 91, 91, 91]"
215,50,"[20, 39, 60, 77, 82, 84, 93, 100, 111, 128, 163, 188, 192, 194, 213, 217, 239]",17,0.3143224832601845,0.14626768929883838,0.3495484894990702,"[393240007, 186621488, 476534121, 101264138, 376103890, 78231511, 337600592, 6324193, 88350989, 227699365]","[82, 82, 82, 60, 82, 82, 82, 39, 82, 39]"
216,50,"[14, 32, 63, 93, 97, 192, 194, 228, 239]",9,0.13378168502822518,0.13223255891352892,0.3204220039770007,"[545738633, 131520801, 22256055, 209620308, 342089625, 478804827, 412804426, 460533547, 182740574, 504022969]","[32, 228, 32, 32, 32, 32, 228, 32, 32, 32]"
217,50,"[10, 20, 33, 39, 49, 58, 82, 100, 106, 109, 111, 120, 128, 164, 188, 194, 199, 239, 241, 242]",20,0.3953284528106451,0.14892085641622543,0.28246179652633147,"[181530598, 342643440, 283438531, 74957088, 402439230, 260622019, 413157942, 330618031, 87897254, 299742533]","[49, 82, 100, 49, 49, 199, 128, 49, 199, 49]"
218,50,"[10, 39, 49, 60, 72, 81, 82, 89, 99, 100, 111, 112, 128, 159, 165, 168, 188, 194, 196, 199, 210, 213, 217, 227, 233, 239]",26,0.4949280433356762,0.27136530727148056,0.3698075250543367,"[280640095, 277331506, 259608549, 524474363, 212001876, 515146148, 311527520, 260505673, 465222397, 98852285]","[199, 233, 239, 39, 39, 10, 128, 60, 39, 233]"
219,50,"[1, 27, 32, 42, 53, 75, 80, 112, 117, 206]",10,0.179268310777843,0.062323526944965124,0.2400435636518523,"[8696237, 112356361, 152426640, 371110076, 152569041, 287037603, 18920992, 558990484, 359534568, 114455695]","[27, 27, 27, 27, 27, 27, 27, 27, 27, 27]"
220,50,"[4, 20, 22, 37, 70, 82, 104, 105, 131, 153, 169, 192]",12,0.23851649463176727,0.1508409888483584,0.23232323274714872,"[225365826, 215754056, 430759733, 280571589, 10298824, 150427883, 31452712, 540102773, 223818139, 225365827]","[105, 22, 105, 153, 105, 70, 105, 105, 105, 105]"
221,50,"[0, 8, 10, 17, 49, 100, 106, 111, 126, 132, 133, 164, 169, 188, 194, 239, 241, 242]",18,0.40450449427589774,0.14515200350433588,0.36140934018314713,"[554741423, 138022694, 549189925, 486320206, 72330407, 485239585, 55619757, 278282486, 71705776, 446883112]","[10, 194, 239, 10, 49, 49, 17, 100, 242, 239]"
222,50,"[0, 10, 17, 26, 43, 48, 54, 96, 125, 126, 128, 183, 184, 188, 194, 201, 215]",17,0.35887418780475855,0.12802252592518926,0.3782210144597818,"[75657568, 499399679, 500920022, 530989305, 427708890, 121838834, 75728776, 370266957, 409790152, 337671548]","[188, 194, 188, 215, 188, 188, 188, 125, 215, 215]"
223,50,"[1, 32, 43, 77, 93, 97, 112, 114, 164, 174, 186, 201, 217, 221, 228, 239, 241]",17,0.3562384038232267,0.19047539588063955,0.27407384269377766,"[499165963, 244806872, 39179679, 62184164, 387930108, 515925033, 23305869, 336165488, 388217715, 190090106]","[93, 93, 93, 93, 93, 93, 93, 93, 93, 93]"
224,50,"[0, 5, 10, 33, 51, 59, 67, 72, 82, 84, 96, 104, 106, 111, 132, 146, 169, 175, 179, 192, 193, 200, 209, 210, 216, 221, 222, 237, 239]",29,0.66135732550174,0.20852449629455805,0.2476963192577763,"[154837546, 399263082, 142742184, 262616471, 365575534, 142742154, 142742176, 301028781, 301057788, 116430779]","[10, 10, 239, 106, 72, 5, 5, 222, 216, 221]"
225,50,"[10, 18, 20, 37, 40, 43, 49, 60, 75, 81, 106, 109, 112, 114, 126, 128, 132, 146, 148, 163, 181, 186, 188, 194, 200, 209, 239, 242]",28,0.5197003111243248,0.2035071006976068,0.2888882017162229,"[500500670, 204872419, 261717024, 448708491, 108034951, 316048887, 316260945, 308059852, 271403247, 283243693]","[109, 109, 109, 109, 109, 10, 109, 109, 109, 109]"
226,50,"[1, 19, 25, 47, 61, 93, 118, 147, 159, 170, 174, 178, 212, 228, 230, 241]",16,0.3121953015215695,0.09574923710897565,0.22821164692868479,"[278009245, 326881909, 354220824, 200689784, 435322483, 338557570, 278009243, 277984274, 578033863, 213097581]","[170, 19, 170, 170, 228, 19, 19, 19, 228, 19]"
227,50,"[1, 20, 49, 63, 70, 82, 84, 100, 132, 175, 192]",11,0.3233845033682883,0.07697328552603722,0.22713017173704098,"[70718408, 185309778, 234748239, 169715958, 190064966, 408452482, 449549112, 190011432, 485474420, 1012876]","[175, 84, 84, 84, 1, 84, 84, 1, 84, 84]"
228,50,"[5, 10, 51, 59, 118, 172, 174, 179, 195, 211, 221, 239]",12,0.18336698366329074,0.07160868449136615,0.2105293502487863,"[461672923, 469749072, 23241304, 297472075, 432341210, 591050149, 6267407, 419969441, 23439075, 443494384]","[174, 174, 51, 51, 239, 174, 174, 174, 174, 174]"
229,50,"[10, 12, 26, 51, 115, 124, 126, 181, 194, 239]",10,0.1454993672668934,0.0812415606342256,0.4680822851136327,"[165110528, 67586582, 99217799, 224393251, 134889273, 210985184, 466738673, 594482286, 512128119, 586084807]","[51, 124, 51, 239, 115, 239, 124, 12, 124, 239]"
230,50,"[1, 4, 8, 14, 27, 32, 61, 77, 82, 93, 97, 106, 110, 111, 112, 117, 169, 192, 194, 201, 206, 221, 228, 239, 241]",25,0.51498410012573,0.1746976957656443,0.2748627980146557,"[474953049, 3530994, 80636957, 332889903, 111052390, 73800392, 265626474, 443255431, 443331686, 1847177]","[228, 228, 194, 93, 228, 32, 241, 32, 32, 32]"
231,50,"[1, 4, 25, 38, 59, 61, 77, 81, 88, 99, 107, 112, 166, 178, 207, 210, 228, 241]",18,0.42923108907416463,0.09469784237444401,0.17777130843347144,"[89991653, 140059817, 580530365, 168182756, 104853591, 419975735, 143005337, 428699298, 584630012, 80501965]","[107, 107, 88, 166, 166, 88, 107, 88, 88, 61]"
232,50,"[0, 4, 19, 21, 29, 30, 82, 112, 113, 123, 124, 131, 134, 147, 148, 161, 168, 172, 202, 211]",20,0.30319833755493164,0.19371841941028833,0.28613219590624794,"[98713409, 177909277, 147394442, 91107562, 549726742, 147394445, 546114314, 214941217, 5025601, 490019212]","[30, 21, 131, 131, 172, 172, 131, 172, 19, 131]"
233,50,"[10, 17, 26, 43, 49, 54, 67, 89, 106, 132, 180, 188, 200, 201, 242]",15,0.2708150646649301,0.18200265523046255,0.2639851964389284,"[504984856, 242431554, 239327738, 144211494, 126373020, 396066068, 194968599, 212705817, 100333149, 111084544]","[49, 242, 242, 54, 10, 49, 188, 49, 54, 49]"
234,50,"[4, 5, 10, 26, 174, 175, 188, 195, 242]",9,0.14752651238813996,0.054319556802511215,0.1952572036275847,"[159770241, 344713989, 576938714, 267320803, 98413529, 584767076, 112874534, 591298840, 551654143, 187169498]","[5, 5, 5, 5, 5, 5, 5, 5, 5, 5]"
235,50,"[39, 49, 58, 60, 77, 84, 100, 111, 128, 135, 146, 165, 166, 167, 168, 194, 196, 227, 234, 241]",20,0.3924901392310858,0.22146253567188978,0.3438122953637503,"[207287074, 581377569, 487295500, 315719430, 581364594, 241399605, 260869230, 76527956, 263214848, 473129382]","[166, 166, 166, 166, 166, 166, 166, 166, 166, 166]"
236,50,"[30, 39, 60, 79, 82, 106, 109, 111, 112, 146, 148, 165, 187, 217, 221, 225, 244]",17,0.3989092712290585,0.19609724637120962,0.4064304222873248,"[252807156, 513130372, 413571677, 327254144, 71337707, 12061169, 327484327, 131792897, 488905857, 591291984]","[187, 244, 187, 187, 109, 187, 187, 60, 221, 109]"
237,50,"[1, 4, 19, 46, 61, 99, 147, 175, 182, 193, 209, 228, 237, 240, 242]",15,0.35459586465731263,0.09452459262683988,0.19913733281816046,"[146209864, 207416052, 443569561, 308277021, 19206867, 192562765, 244611117, 199106263, 200513652, 308914882]","[19, 19, 19, 19, 228, 19, 19, 19, 19, 19]"
238,50,"[8, 10, 12, 20, 39, 49, 70, 82, 84, 100, 125, 126, 146, 164, 175, 188, 192, 194, 239, 241]",20,0.4392347540706396,0.13847089232876897,0.32125890619354325,"[111866789, 389621074, 459518741, 258697845, 30828443, 420000791, 278139817, 190378584, 241714159, 29720461]","[20, 82, 20, 20, 20, 20, 20, 20, 20, 20]"
239,50,"[20, 36, 43, 54, 70, 156, 167, 188, 192, 201]",10,0.1701376447454095,0.14909135038033128,0.2566460477653891,"[576170942, 471806674, 540790931, 576845681, 471806675, 47270806, 497348389, 341138726, 437624085, 593293856]","[54, 54, 54, 54, 54, 54, 54, 54, 54, 54]"
240,50,"[1, 6, 39, 49, 58, 61, 77, 81, 100, 135, 146, 165, 166, 167, 168, 233]",16,0.3685894934460521,0.17619348224252462,0.3130734269070672,"[465379783, 533899989, 570130124, 470519715, 311758170, 592727661, 476286188, 339323604, 384752977, 544977346]","[166, 166, 166, 166, 166, 166, 166, 166, 166, 166]"
241,50,"[0, 10, 17, 18, 29, 43, 51, 52, 64, 97, 108, 111, 114, 126, 181, 188, 192, 194, 201, 239]",20,0.4184244852513075,0.15416020713746548,0.37721218158258124,"[387494349, 418437896, 142854679, 5729768, 441430417, 466042600, 220021585, 435016144, 177368619, 278381767]","[17, 114, 10, 17, 10, 192, 17, 10, 17, 126]"
242,50,"[14, 20, 61, 70, 72, 77, 85, 96, 106, 112, 125, 167, 194, 210]",14,0.2691874415613711,0.09442459000274539,0.2652207621306713,"[61204959, 761823, 555866732, 299371034, 499356352, 351830174, 5598323, 530384155, 89250462, 577712007]","[125, 14, 14, 14, 14, 14, 14, 14, 14, 14]"
243,50,"[4, 22, 30, 32, 42, 59, 67, 82, 84, 93, 104, 105, 180, 192, 195, 209, 242]",17,0.33614455815404654,0.11796763446182013,0.2729589855983196,"[277112741, 412518062, 412187181, 93936348, 197684119, 93936342, 243063315, 197802243, 10632284, 312754310]","[59, 59, 104, 59, 32, 209, 59, 209, 209, 59]"
244,50,"[0, 8, 32, 39, 43, 60, 81, 82, 93, 106, 108, 111, 112, 129, 164, 171, 194, 212, 217, 224, 227, 239, 241]",23,0.47739923326298594,0.17708404315635562,0.28901388454655913,"[313444692, 588249407, 476325483, 222662854, 435256884, 142206264, 420042020, 175706998, 561255511, 35624740]","[241, 32, 32, 8, 8, 241, 241, 32, 32, 0]"
245,50,"[57, 85, 166, 182, 207, 222, 233]",7,0.1979607087559998,0.10933297453448176,0.21562313078902662,"[256759132, 99533321, 256964906, 92583006, 184019389, 299765828, 256556031, 493483566, 572516081, 55115253]","[57, 57, 57, 57, 57, 57, 57, 57, 57, 57]"
246,50,"[43, 59, 64, 67, 84, 93, 112, 141, 186, 192, 224]",11,0.17320732260122895,0.06876150891184807,0.23802419229071925,"[1251765, 586105672, 267429588, 459914452, 224696016, 93685992, 350919020, 454666523, 401097672, 475758851]","[43, 43, 43, 43, 43, 43, 43, 43, 43, 43]"
247,50,"[8, 10, 20, 38, 39, 43, 58, 60, 77, 82, 88, 92, 111, 112, 139, 171, 175, 188, 194, 222, 227, 239, 241]",23,0.49669585563242435,0.1542569389566779,0.2404214731802273,"[60052471, 110667555, 489818873, 32238832, 106514885, 60052463, 151809483, 166871090, 595317627, 403273476]","[188, 20, 39, 188, 139, 194, 188, 38, 43, 43]"
248,50,"[0, 6, 8, 10, 18, 30, 32, 40, 84, 93, 105, 111, 112, 126, 133, 171, 186, 192, 200, 202, 209, 212, 214, 224, 227]",25,0.5070022083818913,0.26449532294645905,0.3649539658334106,"[417626872, 432668821, 136047029, 417719329, 515175143, 388113716, 116519538, 466821590, 532062416, 349897224]","[84, 84, 133, 18, 105, 186, 200, 18, 192, 84]"
249,50,"[17, 37, 45, 61, 63, 67, 70, 111, 112, 125, 132, 175, 184, 192, 194, 213, 235]",17,0.33251817151904106,0.14559348486363888,0.3637608402983888,"[349775003, 515826092, 14830073, 277428547, 339887798, 187344339, 81588480, 385121512, 171432387, 106007664]","[235, 63, 45, 235, 235, 125, 63, 235, 235, 45]"
250,50,"[8, 32, 39, 60, 82, 106, 109, 111, 112, 115, 206, 239, 240]",13,0.24699006974697113,0.16305306879803538,0.331600767488663,"[69230666, 478950957, 336633819, 287498137, 144197282, 555327371, 580140457, 54105543, 66945193, 69233970]","[60, 60, 60, 240, 240, 60, 60, 60, 60, 240]"
251,50,"[57, 85, 99, 112, 152, 182, 193, 207, 210, 221, 222]",11,0.29870484629645944,0.06162438681349158,0.21610612801106815,"[130600393, 296953335, 339453212, 182597693, 16753632, 450069847, 450547638, 472006806, 67926576, 181223926]","[57, 207, 207, 182, 222, 207, 222, 57, 57, 207]"
252,50,"[10, 20, 49, 72, 81, 82, 89, 100, 111, 128, 132, 163, 164, 188, 213, 227, 234, 241]",18,0.2907866998575628,0.19325003447011113,0.26590404437027043,"[556708913, 142114823, 367074455, 158353305, 565558185, 347110418, 147560058, 487930366, 477208341, 375497994]","[100, 100, 128, 100, 100, 100, 100, 100, 100, 100]"
253,50,"[6, 10, 39, 49, 77, 82, 100, 110, 194, 242]",10,0.1258727884851396,0.0730500384233892,0.2670781522290781,"[302744492, 333148443, 436608571, 393663660, 300917590, 262104474, 429844938, 119623098, 187265929, 264070712]","[82, 82, 82, 82, 82, 82, 82, 82, 82, 82]"
254,50,"[20, 33, 70, 77, 81, 82, 100, 105, 125, 127, 132, 159, 167, 175, 188, 192, 213]",17,0.39591488894075155,0.12743391701951623,0.31093069012550745,"[118146128, 48794137, 151510097, 589768549, 496864727, 62343332, 598481862, 318836595, 266668750, 338114455]","[20, 20, 20, 81, 82, 33, 20, 81, 20, 175]"
255,50,"[2, 26, 91, 112, 115, 152, 159, 174, 181, 216, 237]",11,0.18227475555613637,0.07799492450430989,0.31189652998000383,"[292534411, 328159846, 30202463, 359212294, 131355395, 357597443, 298166651, 131350912, 455746047, 71636407]","[237, 237, 237, 237, 237, 237, 237, 237, 237, 237]"
256,50,"[0, 8, 10, 49, 51, 60, 72, 97, 106, 109, 111, 115, 124, 126, 159, 164, 174, 181, 194, 202, 209, 239, 241]",23,0.4085400002077222,0.30120968678966165,0.3709023521868917,"[252591723, 234806344, 244780871, 416954526, 258167317, 357861873, 125246433, 16986123, 19114631, 182566740]","[10, 241, 241, 8, 8, 164, 97, 0, 239, 241]"
257,50,"[75, 93, 117, 171, 174, 186, 200, 206, 209]",9,0.08448409987613559,0.05511159636080265,0.21459521780100962,"[434153040, 529403482, 120493665, 529403479, 529403503, 134269616, 522449877, 327915963, 152912651, 188758845]","[117, 117, 117, 117, 117, 117, 117, 171, 117, 117]"
258,50,"[1, 8, 27, 30, 32, 39, 60, 75, 76, 80, 93, 106, 109, 111, 112, 119, 155, 194, 199, 206, 217, 239, 241]",23,0.5299381138756871,0.16573045821860433,0.3128350200030305,"[88701253, 490342025, 69535511, 123830971, 134522396, 18282864, 123830953, 591348524, 219917206, 597691292]","[80, 32, 206, 80, 80, 80, 60, 80, 80, 80]"
259,50,"[1, 27, 32, 53, 60, 75, 93, 112, 117, 206, 217, 224]",12,0.2614902872592211,0.08354320516809821,0.2734964774766316,"[154732199, 154732197, 572262770, 347563760, 288178730, 239702580, 144061373, 288178726, 239702579, 572968631]","[117, 27, 117, 117, 27, 117, 117, 117, 117, 117]"
260,50,"[1, 19, 21, 29, 30, 38, 61, 82, 87, 88, 108, 111, 112, 123, 131, 146, 165, 167, 175, 183, 195, 196, 202, 207, 217, 230, 231]",27,0.5111852651461959,0.2604970997199416,0.336925543534259,"[100286525, 155553042, 10122994, 135317774, 176003473, 100286527, 155553047, 155553079, 88261564, 155883553]","[217, 196, 217, 217, 207, 217, 217, 217, 230, 217]"
261,50,"[1, 27, 53, 75, 76, 77, 79, 109, 146, 148, 171, 187, 206, 210, 212, 225, 231, 240]",18,0.3936461079865694,0.17287577083334327,0.1896355241511224,"[4524895, 74550604, 445787907, 88456256, 295186495, 558808179, 207826055, 316764553, 133329912, 586794254]","[109, 206, 109, 109, 109, 206, 206, 109, 206, 206]"
262,50,"[1, 6, 30, 37, 39, 82, 109, 112, 123, 146, 163, 165, 171, 183, 214, 217, 221, 230]",18,0.4370900387875736,0.1517372173257172,0.4268190547849776,"[95720623, 53701756, 503153203, 466037083, 484857871, 175107495, 71433789, 484505856, 301139874, 379825590]","[6, 6, 163, 6, 183, 6, 163, 183, 183, 6]"
263,50,"[10, 49, 58, 59, 72, 82, 88, 89, 111, 112, 132, 146, 169, 175, 188, 210, 222, 233, 241, 242]",20,0.4172978294081986,0.141447763890028,0.22579729817807676,"[557928172, 347969678, 222915391, 257069672, 278161760, 433835864, 278093455, 123740052, 140390112, 122787582]","[241, 10, 241, 49, 241, 241, 241, 241, 132, 241]"
264,50,"[60, 115, 206, 239, 240]",5,0.050981464330106974,0.02944117970764637,0.2995380314067006,"[233407006, 435570483, 480249928, 291933944, 322897174, 563613627, 185204568, 484928148, 269699980, 165684051]","[60, 60, 60, 240, 240, 60, 240, 240, 60, 240]"
265,50,"[4, 7, 10, 29, 30, 37, 40, 43, 67, 75, 97, 106, 108, 109, 112, 114, 126, 132, 133, 148, 186, 200]",22,0.42370239924639463,0.17709655733779073,0.3398054154716771,"[523497108, 527786466, 325126919, 557678687, 451363458, 5017229, 339036093, 528044045, 117516005, 411534122]","[186, 109, 200, 126, 186, 75, 126, 200, 40, 133]"
266,50,"[10, 20, 54, 70, 77, 81, 82, 84, 89, 96, 132, 167, 175, 188, 192, 241]",16,0.3514728774316609,0.10572265554219484,0.21402016475622077,"[488077353, 50386072, 552280843, 329747043, 49049533, 137424482, 27657960, 166176937, 540642273, 511570617]","[241, 96, 188, 188, 188, 20, 188, 241, 84, 188]"
267,50,"[4, 20, 43, 54, 70, 82, 84, 100, 104, 105, 111, 167, 188, 192, 222]",15,0.30492698587477207,0.174781599547714,0.269611162521566,"[78764858, 371787682, 408203775, 156049288, 510702858, 111762927, 525953634, 141530784, 262088274, 371787683]","[20, 82, 20, 82, 188, 20, 84, 20, 20, 82]"
268,50,"[45, 215, 235]",3,0.03958295099437237,0.02114002499729395,0.2912709921753655,"[74747535, 93361313, 394235956, 171012032, 242572753, 273894787, 567164578, 471474406, 267827370, 90293096]","[235, 235, 235, 235, 235, 235, 235, 235, 235, 235]"
269,50,"[4, 8, 20, 49, 61, 63, 70, 82, 84, 100, 105, 169, 175, 192, 222]",15,0.342015300411731,0.10437157610431314,0.2302154911371569,"[403834415, 39792019, 212352928, 209676733, 39751463, 164593737, 267393903, 355470976, 112690799, 150243399]","[4, 105, 105, 105, 105, 20, 70, 100, 20, 100]"
270,50,"[1, 6, 8, 10, 30, 49, 58, 77, 81, 82, 93, 100, 109, 146, 164, 167, 168, 169, 171, 196, 214, 217, 227, 241]",24,0.5377879040315747,0.18267194088548422,0.29359775230598945,"[502140063, 250722537, 405150403, 71652752, 572451043, 119499054, 291357335, 444628632, 441571600, 364471701]","[6, 6, 6, 6, 6, 227, 6, 49, 6, 6]"
271,50,"[10, 20, 33, 36, 39, 49, 54, 67, 85, 96, 100, 106, 111, 112, 125, 128, 156, 188, 201, 241]",20,0.45135511877015233,0.15058921184390783,0.296387828537263,"[138546516, 360930416, 81687041, 77469376, 60367323, 191875909, 424990887, 100667324, 2889470, 492037150]","[128, 128, 96, 96, 96, 156, 128, 36, 128, 20]"
272,50,"[0, 5, 7, 8, 10, 43, 51, 70, 93, 97, 106, 111, 114, 126, 132, 133, 134, 175, 192, 202]",20,0.5615196553990245,0.15757404174655676,0.33786489225458355,"[96228366, 336577159, 451951829, 491439662, 509772699, 7131706, 437331133, 436212736, 142619170, 66709713]","[175, 97, 175, 97, 97, 114, 97, 97, 97, 97]"
273,50,"[4, 6, 17, 89, 102, 106, 109, 111, 146, 164, 193, 210, 214, 221, 241, 242]",16,0.41904964251443744,0.12250247085466981,0.2984581408381928,"[64111972, 323016300, 38554838, 192523111, 419973672, 56080895, 443251926, 338105954, 577481869, 449211429]","[106, 106, 242, 106, 106, 106, 17, 221, 106, 102]"
274,50,"[10, 43, 47, 52, 59, 67, 112, 114, 133, 141, 159, 170, 186, 188, 192, 193, 194, 200, 224, 241]",20,0.3857851205393672,0.19781933398917317,0.23919364761095493,"[26248581, 387166986, 278457651, 336161745, 328554913, 408259553, 31417085, 439845467, 584980869, 340559727]","[67, 67, 192, 67, 200, 200, 43, 114, 67, 52]"
275,50,"[0, 10, 20, 39, 49, 58, 77, 82, 100, 120, 128, 188, 239, 241]",14,0.22237885929644108,0.09040419198572636,0.21927627234254032,"[9783334, 408762294, 495212845, 284531044, 247032399, 437489512, 338284993, 564394163, 495426882, 62715298]","[100, 82, 82, 82, 82, 82, 82, 0, 82, 100]"
276,50,"[1, 25, 30, 49, 59, 67, 107, 159, 180, 182, 195, 200, 221, 236, 241, 242]",16,0.2993246237747371,0.16442968416959047,0.2372956652980065,"[436029570, 329168428, 321753880, 63366943, 207872475, 525951911, 233499756, 93308388, 371060307, 433422438]","[59, 59, 59, 59, 59, 59, 59, 59, 59, 59]"
277,50,"[4, 22, 59, 61, 67, 70, 82, 102, 104, 105, 106, 127, 131, 152, 153, 180, 193, 195, 236, 242]",20,0.4064075448550284,0.13651558384299278,0.25035072484752163,"[31946965, 32028002, 327591504, 31946964, 32028005, 3732107, 269001050, 41456240, 32028003, 373177213]","[104, 22, 22, 22, 22, 104, 22, 104, 22, 22]"
278,50,"[0, 1, 5, 8, 10, 46, 48, 77, 79, 82, 92, 93, 114, 171, 174, 175, 183, 186, 195, 207, 209, 212, 215, 228, 241]",25,0.5726888203062117,0.14606947777792811,0.201253302032128,"[439466226, 352621923, 352621907, 529409137, 352621916, 20351559, 423643659, 570471915, 331805645, 510207290]","[48, 48, 48, 48, 48, 48, 48, 48, 48, 48]"
279,50,"[30, 38, 57, 92, 159, 174, 209, 222, 227, 240]",10,0.13135517807677388,0.07070535328239202,0.2846821824088693,"[567262646, 426251557, 169248418, 229299783, 455673218, 332339887, 162829623, 229299782, 418125855, 473109885]","[38, 92, 92, 92, 38, 38, 38, 38, 38, 38]"
280,50,"[0, 10, 17, 20, 33, 67, 85, 96, 125, 128, 188, 241]",12,0.32298875506967306,0.08012961642816663,0.2603751414765914,"[396548653, 309202531, 234819638, 300725854, 540915380, 285929706, 348090363, 230152569, 267221799, 432588080]","[128, 96, 96, 96, 96, 125, 125, 188, 96, 128]"
281,50,"[20, 22, 70, 82, 100, 105, 111, 164, 192, 222]",10,0.1514523522928357,0.14739735843613744,0.33185920503456146,"[20923670, 540673869, 350376678, 540747418, 217346705, 69426985, 453014098, 497906646, 93762365, 374645979]","[82, 20, 20, 20, 20, 105, 82, 20, 20, 20]"
282,50,"[1, 14, 63, 84, 88, 93, 174, 175, 192, 227, 228, 241]",12,0.26761271758005023,0.06877286499366164,0.19591896003112197,"[237467098, 394836151, 331258768, 570891779, 233516283, 348749289, 432906528, 128599997, 469465863, 107087306]","[63, 63, 63, 63, 63, 63, 63, 63, 63, 63]"
283,50,"[2, 10, 25, 37, 49, 75, 81, 82, 99, 106, 109, 111, 112, 128, 129, 164, 167, 210, 212, 227, 236]",21,0.3715798771008849,0.14950840827077627,0.2492131579423412,"[14160279, 240923643, 124464333, 18049756, 252664233, 322446158, 317465019, 596311698, 546175938, 581347274]","[129, 129, 129, 210, 212, 129, 129, 129, 129, 129]"
284,50,"[6, 7, 8, 30, 40, 65, 69, 94, 112, 163, 170, 171, 178, 183, 184, 214, 217, 230, 244]",19,0.33513018395751715,0.14625348150730133,0.3071717209256205,"[431831254, 155854511, 408143314, 408143312, 431831252, 107602992, 83280226, 406208072, 431831258, 362856087]","[183, 183, 183, 183, 183, 183, 183, 183, 183, 183]"
285,50,"[0, 8, 10, 14, 17, 32, 39, 70, 77, 111, 112, 114, 126, 133, 174, 192, 194, 211, 228, 239, 241]",21,0.3967444305308163,0.22630639746785164,0.3639172299742876,"[375218254, 598190198, 532143385, 86506156, 157048494, 275996308, 422003407, 299904349, 526597483, 560426422]","[8, 77, 194, 194, 126, 32, 241, 32, 194, 14]"
286,50,"[4, 10, 18, 20, 37, 63, 70, 77, 81, 82, 84, 105, 127, 164, 175, 192]",16,0.3165547465905547,0.11879087053239346,0.2779642397072166,"[115478596, 276582602, 276458099, 237320852, 501324429, 475940014, 186992543, 265900715, 503664932, 276582619]","[84, 84, 84, 84, 82, 63, 82, 84, 84, 84]"
287,50,"[0, 8, 10, 12, 17, 26, 51, 97, 102, 106, 115, 124, 126, 148, 164, 181, 199, 202, 239]",19,0.3986369464546442,0.15354704577475786,0.41420796715752467,"[471365001, 112823909, 302991610, 77084173, 333874711, 591885078, 559222040, 229436305, 292698943, 452131875]","[12, 202, 97, 115, 202, 239, 51, 51, 10, 115]"
288,50,"[4, 20, 36, 67, 70, 82, 96, 132, 159, 175, 216, 237]",12,0.19963207514956594,0.08872715756297112,0.24221222166670486,"[95079664, 6995034, 382751863, 54040974, 94218543, 82557147, 274729266, 302296427, 103575768, 214671186]","[216, 216, 20, 216, 216, 20, 216, 20, 20, 216]"
289,50,"[27, 53, 60, 75, 76, 80, 93, 209, 231]",9,0.16274581057950854,0.05599639471620321,0.2178537129269292,"[380973569, 271812242, 477320796, 537280464, 348833724, 154506859, 446038035, 380973568, 265680106, 565356010]","[76, 76, 76, 76, 80, 76, 80, 76, 76, 76]"
290,50,"[0, 1, 22, 63, 70, 82, 84, 88, 104, 105, 111, 112, 132, 159, 168, 169, 175, 192, 196, 233, 241]",21,0.5576684041880071,0.15406228182837367,0.27695041260726394,"[388853099, 26542497, 74220946, 335026136, 388836128, 196866050, 74220947, 482047181, 435157765, 196442594]","[88, 22, 63, 63, 241, 63, 22, 168, 63, 63]"
291,50,"[24, 63, 84, 104, 105, 111, 126, 174, 175, 192, 228, 239]",12,0.31570411659777164,0.09180438751354814,0.3684542139914508,"[55180270, 103121914, 118339017, 99301987, 262222674, 99291397, 236103545, 486978041, 566763224, 99848174]","[84, 84, 84, 84, 84, 84, 84, 84, 84, 84]"
292,50,"[4, 8, 17, 20, 37, 61, 70, 77, 81, 82, 100, 105, 106, 111, 112, 114, 192, 216, 228]",19,0.3713170220144093,0.165501625277102,0.31491527186804696,"[318687032, 8127326, 206135421, 339360629, 24993123, 476017675, 389185006, 543692718, 373880418, 107836378]","[70, 70, 70, 216, 70, 70, 70, 70, 70, 4]"
293,50,"[0, 12, 18, 26, 51, 97, 108, 124, 126, 164, 181]",11,0.15763999288901687,0.0858438522554934,0.41377522984773596,"[522144825, 427752155, 516705024, 529288445, 66014884, 198395389, 501176436, 14137287, 466767167, 294417441]","[12, 12, 12, 12, 126, 126, 126, 12, 12, 12]"
294,50,"[10, 20, 33, 49, 59, 77, 81, 82, 96, 100, 106, 109, 146, 164, 165, 188, 199, 210, 221, 241, 242]",21,0.3864695057272911,0.2019468047656119,0.2780966892882827,"[76718141, 392924510, 213001197, 31985819, 465010500, 54140497, 238448094, 465599065, 169007577, 256109981]","[59, 59, 199, 199, 82, 82, 49, 242, 242, 242]"
295,50,"[20, 33, 39, 85, 96, 100, 106, 111, 112, 125, 128, 188, 194, 221, 241]",15,0.4215509630739689,0.10979141015559435,0.32547363177873195,"[114969831, 115587342, 244816907, 81162601, 491732537, 261569981, 593270778, 99561046, 295186079, 101588859]","[96, 128, 128, 128, 128, 96, 96, 96, 85, 96]"
296,50,"[1, 4, 6, 8, 14, 61, 82, 88, 106, 112, 123, 146, 165, 166, 168, 174, 196, 211, 217]",19,0.5184038216248155,0.13460156647488475,0.3461370071469757,"[49592205, 221277948, 91376011, 583958907, 471280807, 75869336, 346710300, 469776017, 37912832, 216141826]","[146, 146, 6, 6, 6, 6, 6, 1, 8, 6]"
297,50,"[25, 59, 81, 135, 159, 180]",6,0.07505910191684961,0.03524200292304158,0.21879599569365382,"[107707630, 251702169, 349422183, 258577381, 293295108, 3886142, 310056089, 112748181, 85933121, 416647347]","[25, 25, 25, 25, 25, 25, 25, 25, 25, 25]"
298,50,"[6, 8, 10, 20, 36, 39, 49, 54, 58, 82, 96, 111, 112, 165, 169, 188, 194, 201, 214, 239, 241]",21,0.44568284461274743,0.1720033846795559,0.35678636121918406,"[244741781, 590280384, 259061008, 361386152, 190277138, 417630863, 401074696, 506590550, 235663289, 584665657]","[241, 165, 54, 8, 8, 58, 6, 8, 6, 241]"
299,50,"[0, 10, 17, 20, 49, 54, 58, 61, 70, 82, 87, 89, 100, 106, 110, 111, 125, 132, 165, 188, 194, 196, 201, 213, 222, 241, 242]",27,0.4468691451475024,0.3280064119026065,0.33729411840990736,"[128986416, 187345598, 323592530, 89989777, 128986421, 128986418, 102556579, 451978116, 289799620, 550730162]","[54, 54, 54, 54, 54, 54, 54, 54, 54, 54]"
300,50,"[1, 8, 14, 20, 70, 77, 82, 85, 100, 146, 164, 166, 167, 211, 227, 228]",16,0.44000461138784885,0.0981711340136826,0.1895481327374,"[5216647, 509310598, 377754002, 212973792, 253702497, 495077904, 214806816, 480882189, 49895144, 442373188]","[20, 20, 20, 20, 20, 20, 20, 20, 20, 20]"
301,50,"[8, 32, 60, 109, 111, 112, 206, 239, 240, 241]",10,0.19744941033422947,0.06803849479183555,0.2689106588019058,"[497578005, 349264836, 497578006, 81124550, 81124549, 349264835, 81124548, 500290248, 347801903, 145364578]","[240, 240, 240, 240, 240, 240, 240, 240, 32, 60]"
302,50,"[1, 14, 58, 77, 81, 133, 167, 201, 210, 241]",10,0.23073188494890928,0.12078105425462127,0.17297134993132204,"[445623010, 506029373, 429980722, 430081626, 513194856, 286861706, 49633225, 293035612, 349471252, 270230003]","[167, 167, 167, 167, 167, 167, 241, 167, 14, 167]"
303,50,"[57, 88, 99, 111, 168, 182, 193, 196, 207, 222, 233, 241]",12,0.21521374257281423,0.08192191459238529,0.2948001397113937,"[598671264, 509956869, 500365692, 265121756, 97553281, 352027178, 203257239, 44434902, 440711441, 208667523]","[99, 99, 99, 99, 99, 99, 99, 99, 99, 233]"
304,50,"[5, 18, 52, 56, 59, 67, 70, 93, 97, 112, 123, 126, 127, 147, 159, 171, 174, 175, 186, 192, 194, 209, 217, 224]",24,0.45922683645039797,0.1699016778729856,0.3660016239155084,"[577762919, 255007978, 60443879, 577608766, 514573485, 299531063, 255023888, 581111003, 576785035, 580928674]","[224, 224, 224, 224, 224, 224, 224, 224, 224, 224]"
305,50,"[1, 6, 40, 60, 76, 93, 167, 171, 183, 186, 200, 201, 214, 227]",14,0.259392230771482,0.10122621851041913,0.2311281197970467,"[139267695, 145939144, 5992337, 96066774, 381690692, 145936449, 381407749, 224293438, 104133120, 304284504]","[183, 183, 183, 183, 183, 183, 183, 183, 183, 183]"
306,50,"[10, 67, 159, 175, 193, 200, 216, 236, 239, 241]",10,0.2957418872974813,0.05578964250162244,0.17357075572945177,"[525591755, 245352853, 477671370, 335749123, 311773372, 537628334, 467431416, 239218509, 269115772, 547675010]","[200, 200, 200, 241, 200, 200, 200, 200, 200, 200]"
307,50,"[1, 6, 27, 32, 39, 60, 77, 82, 93, 99, 112, 146, 166, 171, 174, 192, 194, 196, 209, 224, 239]",21,0.41329249925911427,0.20234568882733583,0.2737270569916637,"[29670877, 75212121, 450094956, 319234280, 204078119, 55398033, 79306088, 79418598, 456825237, 271948929]","[32, 32, 32, 32, 32, 32, 32, 32, 32, 32]"
308,50,"[0, 8, 10, 17, 26, 48, 51, 60, 93, 106, 108, 112, 114, 115, 126, 148, 164, 170, 201, 202, 214, 215, 239, 241]",24,0.46199552109465003,0.1894486085511744,0.3659746144451977,"[437276629, 572946020, 176968180, 40391899, 219098741, 380825642, 599176839, 328644929, 198727508, 332416979]","[17, 202, 114, 17, 8, 106, 8, 17, 51, 51]"
309,50,"[7, 40, 43, 97, 106, 109, 114, 122, 130, 134, 186]",11,0.26341538690030575,0.08561002369970083,0.3634210038633848,"[250002006, 507623102, 364536939, 283040642, 289056465, 549644117, 56252653, 320349076, 56252656, 62358601]","[130, 130, 130, 114, 130, 130, 130, 130, 130, 130]"
310,50,"[2, 112, 174, 185, 212, 228, 236]",7,0.1580794518813491,0.04306018119677901,0.2170263138998832,"[340466601, 343078558, 9052792, 397794235, 524707455, 1235958, 397640572, 108990028, 221377139, 586288111]","[185, 185, 185, 185, 185, 185, 185, 185, 185, 185]"
311,50,"[49, 54, 58, 81, 82, 96, 164, 165, 167, 188, 201, 241]",12,0.1743178879842162,0.0857669860124588,0.32223911829836044,"[472898258, 38976580, 38793200, 411477906, 274007832, 38661789, 59068555, 233421355, 38725191, 468982041]","[167, 167, 167, 58, 167, 167, 167, 167, 167, 167]"
312,50,"[57, 79, 99, 104, 166, 168, 182, 210, 233, 242]",10,0.369068406522274,0.05660679889842868,0.22575047796126455,"[522755097, 42882853, 104879620, 315508756, 134808188, 547013967, 66300891, 31382543, 148963986, 306691597]","[182, 182, 182, 182, 182, 182, 182, 182, 182, 182]"
313,50,"[45, 63, 68, 70, 84, 112, 126, 175, 192, 215, 235]",11,0.27756578056141734,0.08005716977640986,0.3810757979200306,"[18131858, 95450006, 368361321, 51649025, 242472231, 212280112, 184956394, 469312614, 5733679, 267401067]","[45, 45, 45, 45, 192, 175, 45, 45, 45, 45]"
314,50,"[8, 10, 39, 49, 60, 82, 84, 100, 128, 132, 188, 192, 194, 241]",14,0.2390247853472829,0.09940358763560653,0.25460943479889203,"[457131305, 60335653, 396419128, 396405833, 10567406, 328642351, 77785246, 77785252, 599727782, 333148443]","[82, 82, 82, 82, 82, 82, 82, 82, 39, 82]"
315,50,"[27, 32, 42, 53, 60, 76, 80, 109, 117, 206, 231]",11,0.1140536330640316,0.14057700941339135,0.23368947239677337,"[121994479, 294990698, 9686834, 194219986, 465824620, 133438173, 358078894, 474592803, 121994492, 592479638]","[80, 80, 117, 117, 117, 80, 117, 27, 80, 80]"
316,50,"[1, 10, 39, 43, 49, 82, 87, 89, 100, 106, 109, 111, 112, 128, 132, 146, 155, 165, 188, 194, 196, 199, 217, 239, 241]",25,0.5959737808443606,0.18993718596175313,0.33062697949819264,"[101027280, 110756647, 126808357, 95179376, 94188709, 384357497, 299207006, 295110340, 194450453, 250051484]","[188, 199, 146, 188, 188, 109, 106, 194, 217, 165]"
317,50,"[1, 5, 10, 18, 60, 67, 82, 97, 109, 112, 127, 159, 166, 174, 175, 186, 192, 194, 209, 224]",20,0.5191684374585748,0.14562518894672394,0.30707696395693346,"[70318687, 58447535, 550317659, 572513295, 258863647, 22016492, 10970730, 143491125, 22069964, 417836199]","[186, 175, 175, 175, 175, 175, 186, 224, 175, 175]"
318,50,"[4, 6, 20, 22, 29, 30, 37, 53, 65, 68, 70, 82, 106, 108, 112, 114, 146, 165, 170, 183, 184, 187, 214, 215, 216, 217, 221, 239, 244]",29,0.5292504266835749,0.2258640001527965,0.33405671466206166,"[575235169, 21795038, 514049798, 503733855, 504216570, 323604396, 351698212, 343058748, 572011619, 514003679]","[30, 20, 114, 244, 30, 114, 114, 244, 214, 244]"
319,50,"[1, 19, 20, 61, 70, 77, 82, 84, 89, 93, 100, 112, 131, 132, 175, 194, 228]",17,0.3380205323919654,0.10814733942970634,0.20594299559974494,"[404430696, 478209292, 255281848, 124742263, 434579361, 70192081, 93719088, 95208796, 31421830, 8267672]","[82, 82, 82, 82, 84, 82, 82, 82, 82, 82]"
320,50,"[10, 26, 45, 48, 106, 108, 111, 125, 132, 181, 183, 184, 215]",13,0.24759054882451892,0.10714253270998597,0.32509622767639273,"[52618152, 555619238, 232770354, 199290394, 43187242, 303678495, 221596449, 290253010, 74336512, 343785151]","[184, 45, 48, 45, 48, 184, 48, 45, 48, 48]"
321,50,"[2, 4, 20, 22, 49, 54, 70, 82, 88, 99, 104, 106, 132, 146, 168, 169, 175, 196, 210, 222]",20,0.4208116349764168,0.13850391563028097,0.22949552731588482,"[251701214, 443194988, 564137913, 514168124, 326173960, 587293941, 313045269, 495545030, 500891690, 213916521]","[54, 196, 196, 82, 196, 22, 168, 22, 169, 22]"
322,50,"[30, 36, 37, 61, 77, 81, 111, 112, 114, 125, 127, 133, 164, 167, 213, 217, 228]",17,0.3558320333249867,0.15311382757499814,0.43577948964529617,"[270088517, 582146151, 201988538, 262195009, 97510527, 71834092, 582163762, 520338230, 348415935, 189287492]","[77, 77, 77, 77, 77, 133, 77, 77, 77, 77]"
323,50,"[4, 6, 10, 49, 61, 81, 82, 100, 106, 108, 109, 118, 146, 148, 164, 169, 174, 184, 196, 201, 211, 221, 241]",23,0.2813538955524564,0.2352470732294023,0.24662836698774734,"[250227701, 240150965, 573000340, 443189876, 223674422, 540246192, 337826098, 214691156, 578753768, 266404996]","[118, 211, 118, 211, 118, 118, 211, 118, 118, 118]"
324,50,"[5, 7, 10, 26, 37, 49, 67, 89, 100, 106, 111, 112, 125, 126, 132, 148, 169, 175, 188, 201, 221, 242]",22,0.3854012447409332,0.2355943382717669,0.3306021702751009,"[85417606, 295622573, 79120277, 129075217, 548796090, 491329140, 80040657, 310260921, 173815382, 209912267]","[67, 67, 67, 175, 175, 175, 67, 5, 67, 67]"
325,50,"[14, 25, 57, 59, 72, 85, 88, 96, 106, 107, 133, 175, 193, 195, 210, 221, 222, 242]",18,0.39021409256383777,0.173707808367908,0.21470552963566863,"[376544986, 422034686, 27172278, 369991730, 279344354, 279344348, 499148572, 342077845, 295894959, 61039767]","[14, 14, 14, 14, 14, 14, 14, 14, 14, 14]"
326,50,"[4, 10, 18, 26, 38, 70, 82, 84, 99, 108, 126, 127, 148, 159, 166, 174, 192, 224, 239]",19,0.34516779612749815,0.14192911144346,0.33156184853348686,"[163720348, 178744323, 303363349, 540420683, 420048160, 203465133, 598019073, 75062176, 586327506, 201721442]","[84, 84, 84, 84, 84, 84, 26, 192, 84, 82]"
327,50,"[10, 36, 54, 89, 132, 167, 188, 201, 211, 239]",10,0.1409314419142902,0.07398729072883725,0.2148226242279634,"[38808316, 391326468, 99375541, 261009372, 391785252, 231719413, 324748583, 582697220, 388988728, 564945539]","[201, 188, 54, 201, 54, 188, 201, 54, 188, 54]"
328,50,"[10, 21, 43, 51, 67, 72, 97, 106, 112, 113, 126, 132, 141, 188, 194, 217, 224]",17,0.34468552004545927,0.13427186524495482,0.3613600919351858,"[389698482, 529341033, 596668526, 278049718, 529137787, 303838005, 506328360, 547669178, 210118703, 159159732]","[43, 188, 43, 43, 43, 43, 43, 43, 67, 43]"
329,50,"[4, 20, 22, 61, 70, 104, 105, 111, 131, 213, 222]",11,0.20694253779947758,0.14180085621774197,0.2898435171439566,"[561552294, 523052135, 125005289, 272524316, 372093244, 63028551, 168415727, 555325823, 439618392, 570907051]","[20, 20, 20, 20, 20, 22, 20, 20, 20, 20]"
330,50,"[75, 79, 109, 117, 171, 186, 200, 209]",8,0.11225186567753553,0.050054419320076704,0.22024051490006968,"[73456656, 340992822, 161731028, 444706990, 30464257, 21010602, 34874051, 527769665, 331779429, 150252288]","[186, 186, 186, 186, 186, 186, 186, 171, 186, 186]"
331,50,"[1, 4, 6, 8, 19, 25, 61, 65, 81, 107, 109, 111, 135, 166, 168, 171, 178, 212, 225, 227, 233, 241]",22,0.578468878287822,0.14853896480053663,0.2279860988386314,"[232624377, 33312517, 472638865, 240079707, 487422558, 84536342, 122995399, 350658106, 140634095, 140634106]","[6, 6, 171, 6, 6, 6, 6, 6, 6, 6]"
332,50,"[4, 18, 19, 30, 59, 61, 67, 104, 105, 108, 148, 152, 169, 172, 180, 182, 200, 209, 228, 237, 242]",21,0.31062962720170617,0.20481955632567406,0.26642993431804435,"[50829515, 548338818, 297373147, 156881617, 583971860, 15786981, 68767785, 598937358, 588877634, 102125686]","[19, 19, 19, 19, 61, 19, 172, 19, 19, 172]"
333,50,"[7, 40, 43, 46, 52, 64, 70, 75, 93, 112, 130, 133, 141, 186, 192, 214, 217, 224]",18,0.3519763979129493,0.12615055032074451,0.2836909080829678,"[21887721, 318607203, 21887722, 531088696, 90982543, 71946271, 359378817, 507939321, 547793894, 21963044]","[186, 133, 40, 141, 141, 43, 46, 40, 186, 40]"
334,50,"[2, 47, 59, 79, 107, 118, 152, 172, 195, 221, 228, 236, 237, 242]",14,0.3264625985175371,0.08089074352756143,0.23082127064533,"[270925514, 270865632, 242068515, 9440026, 228027150, 270275797, 232203974, 144506678, 298397353, 228212695]","[47, 118, 47, 59, 59, 59, 47, 47, 47, 59]"
335,50,"[20, 36, 39, 49, 61, 70, 77, 81, 82, 85, 96, 100, 111, 112, 125, 128, 164, 167, 188, 192, 194, 213, 228, 241]",24,0.4184188907966018,0.25133056472986937,0.31882181475521065,"[363153840, 411780743, 411780746, 411780744, 214836, 160616538, 460545696, 411780742, 1177445, 411780747]","[125, 85, 96, 85, 125, 125, 20, 85, 85, 96]"
336,50,"[36, 54, 58, 100, 128, 167, 188, 192, 201, 241]",10,0.15526324836537242,0.1435775007121265,0.25983728799037636,"[37021387, 32247138, 456505601, 37021385, 230219770, 211701126, 553699472, 145497854, 299963746, 538192582]","[36, 36, 36, 36, 36, 36, 36, 36, 36, 36]"
337,50,"[0, 48, 64, 68, 76, 110, 112, 183, 184, 217]",10,0.12146003404632211,0.06668857112526894,0.26131362102460115,"[95368777, 203473006, 564303123, 277178435, 468460632, 529337852, 193696745, 584147459, 277377922, 165704899]","[184, 184, 184, 184, 184, 184, 184, 184, 184, 184]"
338,50,"[1, 4, 8, 10, 20, 33, 37, 39, 49, 58, 59, 61, 75, 82, 89, 100, 106, 109, 111, 112, 128, 132, 146, 188, 194, 209, 221, 239, 241]",29,0.6475005587562919,0.22794003691524267,0.24334576602318678,"[169170096, 409683914, 32223169, 159672601, 556234577, 537613018, 239813570, 408124604, 597290452, 362369840]","[241, 59, 241, 128, 109, 241, 194, 241, 49, 111]"
339,50,"[1, 2, 32, 38, 52, 70, 75, 84, 92, 106, 112, 117, 127, 152, 159, 174, 192, 206, 209, 224, 239]",21,0.3887872430495918,0.15018559014424682,0.2895860008540608,"[320861935, 320707800, 172479299, 490859056, 193478910, 538813565, 392701744, 533184112, 598098150, 490153215]","[92, 38, 92, 92, 92, 92, 92, 38, 92, 92]"
340,50,"[0, 8, 10, 17, 42, 49, 84, 93, 96, 111, 112, 126, 147, 165, 168, 169, 171, 196, 212, 227, 233, 241]",22,0.4668862293474376,0.18777567567303777,0.4114190707914531,"[566077754, 110245053, 6262598, 110245051, 205334998, 110245054, 205334999, 594313346, 278180273, 110245044]","[93, 42, 93, 93, 93, 93, 17, 93, 93, 93]"
341,50,"[84, 127, 175, 192]",4,0.12167977914214134,0.03484075656160712,0.4658319511800073,"[154769397, 14327567, 505277148, 597756374, 362975021, 333711429, 73146961, 155733062, 201779799, 272740960]","[84, 84, 84, 84, 84, 192, 192, 84, 84, 84]"
342,50,"[54, 58, 165, 167, 171, 201, 211]",7,0.09779398050159216,0.055276745930314064,0.37939892602818354,"[544529226, 178126547, 434004728, 124219897, 364333490, 295274232, 546813437, 487292630, 137599263, 80328316]","[167, 167, 167, 167, 167, 167, 167, 167, 167, 167]"
343,50,"[2, 4, 6, 10, 49, 61, 67, 77, 81, 82, 89, 97, 100, 106, 109, 111, 118, 125, 127, 146, 164, 174, 184, 188, 210, 211, 228, 236, 237, 241]",30,0.5327602033503354,0.2707566670142114,0.2804926300654188,"[436797442, 276814764, 55574759, 97774481, 403917104, 74599469, 184576798, 395513711, 121073826, 396184890]","[118, 118, 118, 118, 241, 210, 118, 118, 125, 118]"
344,50,"[10, 18, 20, 33, 36, 54, 96, 112, 125, 156, 164, 167, 181, 188, 201]",15,0.25013337889686227,0.10590713331475854,0.27632705044622224,"[324570433, 429380287, 499501922, 232114775, 14509374, 322419595, 159206067, 243527012, 201968293, 257600161]","[201, 96, 54, 96, 156, 54, 201, 164, 156, 167]"
345,50,"[10, 20, 22, 39, 49, 59, 60, 70, 72, 82, 84, 89, 100, 106, 111, 112, 132, 175, 188, 192, 209, 210]",22,0.5416786717250943,0.15907033486291766,0.2655983379703354,"[247018026, 411741082, 225625059, 401105112, 86262583, 268623661, 264515711, 502463944, 96923747, 38214044]","[20, 82, 84, 20, 192, 100, 20, 82, 82, 10]"
346,50,"[7, 8, 30, 37, 40, 43, 97, 106, 112, 114, 122, 126, 129, 130, 199, 202, 214, 217, 241]",19,0.44491420267149806,0.21606635209172964,0.4637004015599622,"[469885381, 322296349, 345771787, 528473605, 270259749, 242203901, 528328358, 202729390, 528553760, 321245463]","[40, 40, 114, 40, 40, 40, 40, 40, 40, 114]"
347,50,"[5, 10, 26, 70, 72, 81, 82, 89, 132, 146, 169, 175, 188, 201, 241]",15,0.2631015256047249,0.10062817018479109,0.19436108594139417,"[150965396, 408040541, 105712961, 443720079, 141603146, 131836456, 144030917, 31356448, 317439346, 219300585]","[175, 10, 5, 10, 82, 10, 10, 5, 5, 5]"
348,50,"[17, 20, 49, 54, 70, 82, 85, 96, 100, 125, 128, 167, 188, 241]",14,0.24691333202645183,0.16518572205677629,0.27007274843552814,"[480510619, 424876607, 264874268, 593463706, 313713527, 334800092, 449428822, 551281035, 369690790, 360667303]","[20, 128, 128, 20, 20, 20, 128, 20, 128, 188]"
349,50,"[2, 47, 118, 174, 211, 212, 240]",7,0.1308121052570641,0.04339471086859703,0.256741111599175,"[205075779, 518082191, 303948200, 535525097, 3473498, 505982366, 163597338, 94140642, 50411599, 163609229]","[118, 118, 118, 118, 118, 118, 118, 118, 118, 118]"
350,50,"[5, 10, 37, 49, 59, 75, 81, 82, 89, 109, 132, 146, 148, 171, 186, 188, 196, 200, 209, 210, 240, 242]",22,0.37018441688269377,0.14889288321137428,0.2142205418680202,"[552557021, 434403656, 212967491, 57354181, 206104064, 506655783, 394576362, 496925341, 446723605, 83078451]","[171, 210, 210, 210, 171, 210, 210, 171, 210, 210]"
351,50,"[10, 18, 20, 49, 54, 70, 72, 106, 111, 113, 124, 126, 164, 179, 192]",15,0.22073402162641287,0.18067247467115521,0.37669532060002286,"[314469731, 316518887, 231750567, 158881460, 214212717, 396387350, 312859666, 293676101, 553650189, 56423796]","[54, 54, 54, 54, 54, 54, 54, 54, 54, 54]"
352,50,"[1, 10, 20, 77, 81, 82, 84, 93, 111, 112, 127, 132, 146, 164, 167, 181, 188, 194, 201, 211, 239]",21,0.3963706963695586,0.15373284090310335,0.28126913659451974,"[159288444, 417466966, 56516313, 180175964, 156838138, 104653458, 42263526, 357557057, 387408181, 466434926]","[81, 81, 81, 81, 81, 81, 81, 81, 81, 81]"
353,50,"[19, 32, 75, 109, 117, 171, 186, 209, 224]",9,0.09547829162329435,0.06256701610982418,0.23829219291090137,"[25674236, 326988573, 330083391, 372292721, 25134399, 493906171, 576733558, 384103588, 64349747, 591849587]","[171, 171, 186, 209, 32, 171, 171, 224, 171, 224]"
354,50,"[0, 17, 43, 64, 68, 112, 126, 141, 165, 184, 192, 194, 239]",13,0.3226310284808278,0.1058782716281712,0.4826255103823944,"[42421737, 233253797, 474393003, 231312021, 233623476, 372044653, 433467104, 565645539, 30060169, 51507903]","[68, 0, 64, 64, 64, 184, 0, 17, 64, 64]"
355,50,"[5, 47, 59, 91, 118, 159, 174, 175, 240]",9,0.2997574280016124,0.044200058095157146,0.19420695532527235,"[87021594, 396054179, 274901251, 406532375, 256915759, 20412225, 20412227, 402913985, 211761613, 323296596]","[118, 118, 118, 159, 118, 174, 118, 118, 118, 118]"
356,50,"[10, 17, 54, 70, 89, 96, 112, 127, 128, 132, 188, 194, 201, 213, 239]",15,0.2628174959681928,0.12270215013995767,0.36142116620515785,"[170590119, 566590608, 585089075, 535465729, 500772338, 2475738, 220715901, 552465458, 41285817, 181258307]","[188, 188, 188, 188, 188, 188, 188, 188, 54, 188]"
357,50,"[0, 6, 12, 17, 21, 32, 60, 65, 67, 91, 93, 97, 113, 159, 183, 184, 186, 192, 194, 196, 201, 209, 217, 224, 227, 239, 241]",27,0.4265717566013336,0.3214620924554765,0.2788271893557437,"[145303728, 345072956, 152752488, 486964958, 450996993, 215582082, 269280226, 226256161, 23744700, 20289167]","[224, 159, 60, 224, 184, 209, 186, 224, 194, 224]"
358,50,"[1, 6, 8, 14, 25, 49, 61, 68, 77, 107, 109, 112, 167, 171, 183, 184, 201, 210, 212, 241]",20,0.3843113835901022,0.18566078320145607,0.18869103714823723,"[115445650, 528307780, 495285446, 544200146, 272371036, 512415721, 587499404, 66503026, 346765951, 191777500]","[183, 183, 77, 183, 241, 183, 183, 183, 183, 183]"
359,50,"[6, 8, 10, 17, 29, 51, 58, 102, 106, 109, 123, 125, 131, 146, 164, 165, 169, 170, 172, 195, 196, 202, 217, 221, 230]",25,0.48831159994006157,0.20861067483201623,0.37902311438694597,"[492808589, 150624716, 98481624, 171116708, 254680342, 299057857, 576887731, 188123443, 85572175, 252778166]","[106, 6, 202, 51, 51, 172, 146, 172, 172, 172]"
360,50,"[1, 4, 6, 10, 22, 37, 61, 63, 70, 81, 82, 93, 104, 105, 132, 146, 169, 170, 175, 192, 209, 221, 222]",23,0.5204146476462483,0.1635455247014761,0.23491433665723258,"[83615098, 560097478, 116130435, 285059303, 82007844, 108729357, 238382316, 130547941, 130547940, 93471630]","[192, 192, 105, 192, 192, 192, 192, 192, 192, 192]"
361,50,"[8, 10, 20, 61, 63, 70, 82, 84, 88, 93, 102, 104, 132, 153, 167, 169, 175, 192, 196]",19,0.4244586583226919,0.20488880155608058,0.23309869814271988,"[596391226, 463781484, 515084687, 436692252, 278141538, 448391032, 539789, 17484659, 285358626, 365412974]","[63, 63, 63, 63, 63, 63, 63, 169, 63, 175]"
362,50,"[36, 54, 156, 167, 201]",5,0.12213123682886362,0.03968467935919762,0.2726106977555901,"[181186798, 260871767, 337262410, 421965958, 434886402, 485661198, 366632790, 586569143, 225971949, 402789619]","[201, 54, 201, 54, 167, 54, 54, 36, 54, 54]"
363,50,"[0, 10, 36, 43, 49, 51, 54, 58, 106, 111, 132, 156, 188, 194, 196, 201, 239, 241, 242]",19,0.38699907530099154,0.1512029767036438,0.2788119432761481,"[135637909, 404152756, 492797066, 369378202, 156966002, 587248600, 392644045, 141525826, 88409674, 198456938]","[54, 54, 54, 54, 54, 196, 54, 54, 106, 54]"
364,50,"[10, 18, 46, 61, 81, 84, 112, 127, 133, 159, 174, 175, 192, 210, 216, 224, 228, 239]",18,0.3248928929679096,0.12620072159916162,0.28011332494982827,"[91045656, 204742224, 372753153, 385141856, 146153024, 66350734, 339210615, 522588484, 436131303, 564093826]","[228, 228, 228, 228, 228, 228, 228, 228, 228, 228]"
365,50,"[10, 20, 33, 39, 49, 82, 85, 96, 100, 125, 128, 188, 241]",13,0.3558682566508651,0.08205113001167774,0.25257408570569867,"[197331121, 203175694, 316696373, 313969716, 456267931, 330572212, 438299625, 10900861, 224727886, 301709126]","[96, 96, 96, 96, 96, 96, 128, 96, 96, 96]"
366,50,"[17, 20, 33, 61, 70, 96, 100, 125, 167, 188, 192, 194, 213]",13,0.27778334775939584,0.1655793865211308,0.36985710899059016,"[455362795, 547837044, 264135115, 199669026, 149546661, 246851835, 583648455, 123763385, 530958717, 5952161]","[20, 20, 20, 20, 20, 20, 20, 20, 20, 188]"
367,50,"[6, 20, 37, 49, 61, 70, 77, 82, 88, 89, 93, 100, 108, 109, 111, 125, 131, 132, 159, 169, 175, 184, 194, 213, 222, 227, 241]",27,0.4792176433838904,0.1946111242286861,0.25495062494236564,"[592022775, 308670354, 422186634, 323250630, 200648154, 95806496, 172532783, 308295994, 200798961, 323250633]","[20, 20, 20, 20, 20, 20, 20, 20, 20, 20]"
368,50,"[1, 20, 22, 70, 77, 82, 84, 93, 153, 166, 175, 192, 195, 221, 241]",15,0.47899988014250994,0.07965681841596961,0.18619543076492845,"[489056790, 395322761, 121118877, 179716299, 187531467, 179716297, 189125274, 303104865, 208215792, 395180970]","[84, 175, 20, 84, 70, 84, 175, 84, 175, 84]"
369,50,"[4, 10, 20, 26, 33, 49, 60, 70, 81, 82, 84, 100, 109, 125, 127, 128, 132, 148, 164, 167, 188, 216, 237, 240]",24,0.3447789582423866,0.23847959889099002,0.2715342679293826,"[61703972, 456804392, 61752470, 61662302, 386172645, 61743324, 147972321, 386016302, 385852294, 141600336]","[81, 81, 82, 240, 216, 10, 240, 240, 81, 20]"
370,50,"[1, 25, 32, 39, 46, 60, 93, 109, 112, 159, 206, 209, 224, 227, 239, 240, 241]",17,0.3587123630568385,0.1085671791806817,0.23202443666591802,"[552262509, 531906113, 156798773, 386370629, 546441264, 138894530, 138912973, 222372382, 196731743, 26824776]","[60, 60, 60, 60, 60, 60, 60, 60, 60, 60]"
371,50,"[10, 60, 109, 194, 239, 240]",6,0.07987605035305023,0.046927974093705416,0.26734730395643663,"[347438014, 358566633, 153495727, 530484371, 541941753, 33031887, 360459976, 124305236, 588247534, 468824808]","[60, 60, 240, 60, 240, 240, 60, 240, 60, 240]"
372,50,"[10, 49, 70, 72, 82, 84, 89, 113, 119, 126, 132, 188, 194, 239]",14,0.2672906029038131,0.09999975096434355,0.31159425308994415,"[176321989, 26724660, 401719682, 489230763, 155680535, 576811218, 462821411, 458637425, 412255781, 432627697]","[132, 10, 72, 72, 72, 72, 132, 239, 188, 132]"
373,50,"[1, 4, 6, 10, 32, 49, 60, 61, 76, 77, 82, 88, 93, 109, 112, 146, 175, 183, 195, 228]",20,0.36958162719383836,0.13003446999937296,0.1910915835527703,"[66945228, 164493174, 465968946, 300146070, 360026906, 465968945, 300321682, 229418332, 164493173, 444098041]","[228, 183, 228, 195, 228, 228, 183, 228, 228, 228]"
374,50,"[1, 4, 45, 56, 59, 82, 84, 104, 105, 131, 175, 183, 192, 195, 209, 235]",16,0.40382484206929803,0.09346052026376128,0.1952586481202161,"[79589330, 79534942, 27694960, 239266185, 474215774, 79534940, 233569263, 558892721, 188660258, 493650991]","[45, 45, 235, 45, 235, 45, 45, 45, 45, 45]"
375,50,"[26, 54, 58, 70, 77, 112, 167, 175, 192, 201, 241]",11,0.21369482344016433,0.07902087830007076,0.2522254439324818,"[134388981, 413546328, 65981923, 245501608, 545448893, 28665082, 117736302, 341926663, 19460929, 42653372]","[167, 77, 26, 201, 77, 241, 175, 167, 70, 167]"
376,50,"[0, 4, 6, 8, 12, 17, 19, 22, 30, 42, 61, 75, 77, 79, 105, 106, 112, 114, 146, 152, 164, 170, 174, 180, 182, 195, 207, 211, 214, 221, 222, 242]",32,0.5438881246373057,0.290502667427063,0.2626338821137324,"[355012035, 430108804, 549658907, 430108798, 397402306, 44699920, 44818539, 44759941, 584967995, 535222154]","[12, 180, 182, 12, 12, 180, 12, 12, 22, 30]"
377,50,"[1, 14, 18, 25, 57, 61, 91, 107, 112, 118, 159, 166, 174, 228]",14,0.3930037091486156,0.08179708197712898,0.22935090674686112,"[56178028, 83860641, 310057238, 36342745, 505853689, 308122527, 495216563, 212178667, 100307694, 100183493]","[57, 107, 107, 107, 107, 57, 107, 14, 25, 107]"
378,50,"[26, 36, 54, 76, 112, 167, 169, 171, 187, 196, 201, 214, 217]",13,0.20738564431667328,0.11390438675880432,0.36046274373522746,"[300327905, 341826571, 342019526, 543287896, 273445499, 294973938, 353521206, 353521205, 53559895, 369165837]","[171, 171, 171, 167, 171, 167, 167, 171, 171, 167]"
379,50,"[47, 57, 118, 152, 174, 178, 211, 221, 237]",9,0.23068363033235073,0.06016028439626098,0.2807771255676117,"[12089838, 409308153, 279173090, 200819316, 510955809, 18158405, 18099339, 409344194, 409553179, 205849980]","[118, 118, 118, 118, 118, 118, 118, 118, 118, 118]"
380,50,"[45, 57, 68, 107, 112, 184, 215, 235]",8,0.10479449015110731,0.05497223371639848,0.2681749316980131,"[304497584, 17612596, 40392331, 458293671, 219542869, 489730225, 489018548, 435728385, 583709029, 548044291]","[235, 45, 235, 235, 235, 235, 235, 235, 235, 235]"
381,50,"[4, 10, 26, 29, 37, 39, 72, 82, 89, 96, 106, 112, 123, 127, 132, 146, 148, 164, 165, 188, 194, 217, 221, 230, 242]",25,0.4090985944494605,0.27360432455316186,0.38221880490891635,"[424030314, 227089945, 346197319, 321860061, 474407507, 279535364, 86367605, 285411526, 116966270, 38291544]","[188, 188, 188, 188, 188, 188, 188, 188, 188, 96]"
382,50,"[0, 36, 39, 70, 96, 100, 106, 108, 111, 112, 125, 156, 167, 169, 194, 196, 201, 213, 214, 237, 241]",21,0.4407051922753453,0.25813033943995833,0.38763708571371225,"[237070538, 250863806, 465859512, 124012280, 383570211, 570915567, 125834934, 417013043, 216536288, 367520154]","[194, 125, 96, 169, 96, 194, 96, 156, 156, 194]"
383,50,"[1, 4, 10, 37, 49, 79, 81, 82, 100, 106, 109, 111, 132, 146, 148, 164, 165, 169, 196, 201, 210, 221, 225]",23,0.586598867084831,0.18391546281054616,0.3119845706159654,"[428836726, 153251771, 362624711, 173223910, 529137040, 446946485, 473620036, 315465772, 573936306, 437952011]","[49, 210, 49, 49, 49, 82, 82, 146, 106, 49]"
384,50,"[1, 57, 92, 99, 166, 182, 207, 222, 233, 237]",10,0.25031948601827025,0.0640640496276319,0.2369841417996213,"[329782683, 116156864, 94138854, 144925963, 115939265, 382332341, 586296893, 276716142, 410430661, 182721476]","[57, 57, 57, 57, 57, 57, 57, 57, 207, 57]"
385,50,"[1, 25, 88, 99, 146, 166, 178, 207, 210, 212, 222, 227, 233]",13,0.3454072466120124,0.08137234160676599,0.1892613485419693,"[153416261, 267733351, 182528717, 153235230, 366128040, 469428921, 101839990, 424861807, 201761437, 153255604]","[25, 25, 25, 25, 25, 25, 25, 25, 25, 25]"
386,50,"[2, 5, 10, 12, 59, 63, 67, 118, 127, 159, 172, 174, 175, 194, 237]",15,0.28616034518927336,0.10279803536832333,0.2885379683536788,"[390481342, 143710637, 487570025, 141191209, 101339458, 270904263, 310509952, 526569700, 499349427, 66477064]","[174, 159, 175, 175, 174, 127, 159, 5, 172, 172]"
387,50,"[4, 57, 61, 79, 152, 178, 182, 193, 207, 221, 222, 228, 237]",13,0.1983803571201861,0.07804519357159734,0.21165630482853606,"[518043865, 232349010, 598859102, 365583741, 192108533, 202937140, 155960153, 271493485, 576008695, 479160814]","[57, 57, 57, 228, 57, 182, 57, 57, 178, 193]"
388,50,"[1, 4, 8, 19, 25, 30, 39, 46, 60, 63, 84, 93, 109, 112, 127, 159, 168, 172, 174, 196, 200, 209, 228, 233, 241]",25,0.5855337413959205,0.17142728297039866,0.2939892429765314,"[483114413, 236407296, 195054568, 47736879, 176951052, 300515993, 180470618, 456942255, 437918922, 90370573]","[159, 159, 159, 159, 159, 159, 159, 159, 159, 159]"
389,50,"[5, 10, 67, 124, 174, 175, 239]",7,0.13246842985972762,0.0461238413117826,0.2565418345454548,"[538601779, 496882961, 377914647, 538608985, 119245446, 121767006, 197017447, 538608983, 485954746, 503161128]","[5, 5, 5, 5, 5, 5, 5, 5, 5, 5]"
390,50,"[25, 32, 38, 57, 92, 107, 159, 166, 178, 182, 207, 222, 233]",13,0.2525212918408215,0.09068847773596644,0.223826854239003,"[528194204, 220353823, 589055484, 11924552, 216833046, 7074431, 216763606, 11947346, 144938751, 12059246]","[92, 57, 57, 57, 57, 57, 57, 57, 57, 57]"
391,50,"[4, 6, 20, 22, 37, 59, 61, 70, 77, 82, 104, 106, 109, 123, 146, 175, 193, 195, 200, 221, 222, 242]",22,0.4144705175422132,0.13791190972551703,0.20992818819782275,"[77610982, 91840173, 38397014, 440724473, 116093015, 63403778, 512283178, 440888346, 102702268, 210618059]","[104, 70, 22, 22, 242, 242, 20, 242, 22, 242]"
392,50,"[1, 4, 10, 49, 82, 84, 93, 100, 132, 146, 166, 168, 169, 192, 196]",15,0.33189769135788083,0.17925307480618358,0.2755601271055639,"[63560910, 25678541, 63560911, 523105272, 150585862, 556048684, 227352658, 178226630, 24745301, 451052427]","[82, 1, 82, 82, 82, 82, 82, 82, 82, 82]"
393,50,"[60, 75, 93, 109, 117, 171, 186, 200, 209, 224]",10,0.10294427443295717,0.066680699121207,0.2292305079754442,"[221315009, 500189727, 161643426, 526113540, 452735068, 199372791, 199372793, 500239406, 120105951, 526118203]","[186, 186, 171, 186, 186, 171, 171, 186, 186, 171]"
394,50,"[33, 39, 49, 67, 81, 82, 85, 96, 109, 120, 128, 188, 210, 234]",14,0.3322719316929579,0.15251593943685293,0.23892957635689527,"[536304997, 304811753, 85874049, 379475313, 562827166, 91732236, 428733981, 304545226, 553946102, 89885435]","[96, 96, 96, 96, 120, 96, 96, 96, 96, 96]"
395,50,"[60, 70, 84, 126, 159, 175, 192, 194, 216, 239, 240]",11,0.21461332216858864,0.08287708600983024,0.3785322383892807,"[206505535, 408097720, 80318860, 8975195, 184007788, 35645259, 183991249, 211297727, 48136618, 293315390]","[216, 216, 216, 216, 216, 216, 216, 216, 216, 216]"
396,50,"[4, 5, 10, 26, 61, 77, 81, 132, 133, 167, 175, 188, 195, 210, 228, 240, 242]",17,0.27834757464006543,0.1741706570610404,0.18721636528532734,"[307202530, 5099013, 589343868, 268487956, 182880755, 330674736, 181432055, 579415807, 289714586, 591959983]","[228, 61, 228, 61, 228, 61, 61, 61, 175, 175]"
397,50,"[0, 2, 14, 18, 52, 57, 112, 118, 126, 129, 147, 159, 181, 184, 209, 212]",16,0.20393970841541886,0.15826185140758753,0.3302812673646258,"[145714234, 55169815, 539503050, 94145145, 59835821, 85170985, 438584464, 297268490, 562647759, 571193531]","[129, 129, 129, 129, 129, 129, 129, 129, 129, 129]"
398,50,"[36, 54, 112, 156, 201]",5,0.07204632041975856,0.04354258440434933,0.31257261647842827,"[178701094, 312892472, 169241695, 411693942, 203131002, 131983821, 119479044, 144741612, 355084342, 527800121]","[156, 156, 54, 156, 156, 156, 156, 156, 156, 54]"
399,50,"[20, 39, 61, 70, 82, 96, 100, 125, 175, 188, 194, 241]",12,0.26210443722084165,0.09121350338682532,0.28168937606581795,"[569775401, 251771382, 121998018, 272889916, 509145135, 40897021, 422282892, 451592938, 280740270, 281123654]","[96, 96, 96, 96, 39, 20, 96, 20, 96, 96]"
400,50,"[4, 56, 59, 67, 82, 84, 93, 104, 105, 131, 132, 170, 175, 216]",14,0.24979942245408893,0.08686632197350264,0.18928791103618486,"[472712101, 256119635, 131074138, 310805445, 243220401, 436231812, 527967879, 205923408, 229663079, 374119799]","[59, 59, 59, 59, 67, 59, 59, 59, 59, 59]"
401,50,"[1, 6, 39, 43, 60, 76, 93, 111, 112, 113, 114, 119, 184, 186, 194, 217, 224, 244]",18,0.3717725798487663,0.17976584611460567,0.30867249130581814,"[295204706, 124536510, 571863056, 246314100, 571814085, 415120729, 159442566, 412501211, 281126567, 191635082]","[76, 76, 93, 93, 93, 76, 93, 76, 244, 93]"
402,50,"[4, 20, 22, 59, 63, 67, 70, 82, 84, 104, 105, 127, 132, 146, 175, 195, 242]",17,0.28520104428753257,0.174579456448555,0.224535151877824,"[298908210, 298794916, 416738091, 597064447, 544244507, 298912298, 298794913, 298976203, 298815754, 508976102]","[82, 82, 82, 82, 82, 82, 84, 82, 82, 82]"
403,50,"[4, 20, 22, 39, 59, 63, 67, 70, 82, 84, 104, 111, 146, 175, 192, 195, 221, 241]",18,0.34939961787313223,0.18082018941640854,0.23869169712997973,"[320172347, 261927670, 318808977, 214501488, 174888889, 4778370, 521408726, 220261913, 596202121, 98350042]","[221, 175, 82, 63, 82, 22, 82, 146, 22, 59]"
404,50,"[10, 12, 18, 26, 43, 54, 64, 68, 89, 132, 183, 184, 188, 201, 215]",15,0.2881685453467071,0.09395853988826275,0.19630234013311565,"[97886077, 583801759, 473294217, 379341816, 454060526, 454048482, 351094633, 563371271, 177085785, 246830600]","[68, 68, 68, 68, 68, 68, 68, 68, 68, 68]"
405,50,"[2, 6, 17, 32, 61, 63, 70, 79, 84, 91, 93, 97, 118, 152, 167, 174, 175, 192, 216, 224, 237, 241]",22,0.44413963751867414,0.21423956146463752,0.28207560268823395,"[405627185, 122718284, 484727722, 57846362, 413149586, 19245188, 552689637, 218422746, 517036859, 419462750]","[17, 152, 175, 175, 175, 63, 237, 17, 175, 17]"
406,50,"[10, 12, 38, 59, 70, 84, 107, 112, 124, 126, 127, 132, 152, 159, 175, 192, 194, 239]",18,0.3422822752036154,0.1572260749526322,0.3767673748726439,"[150222919, 371593979, 150222911, 351926731, 190314871, 484440631, 158620640, 287430052, 150222912, 312999148]","[84, 84, 84, 84, 84, 84, 84, 84, 84, 84]"
407,50,"[1, 4, 10, 49, 58, 61, 77, 82, 99, 100, 132, 146, 166, 168, 169, 188, 196]",17,0.36853019427508116,0.13051815470680594,0.23591935022405403,"[108058360, 103119539, 344481742, 5090347, 18353541, 126781683, 173171432, 535239572, 469461102, 142338895]","[10, 82, 77, 10, 82, 49, 82, 77, 10, 82]"
408,50,"[1, 6, 30, 32, 60, 87, 88, 93, 94, 108, 111, 112, 123, 165, 166, 168, 183, 194, 196, 214, 217, 227, 230, 239, 241]",25,0.6074044881388545,0.19681554846465588,0.3978507363796234,"[585436888, 543246526, 169884658, 521940133, 533729561, 77200660, 69224251, 565442186, 565084974, 506160660]","[32, 93, 93, 217, 217, 93, 217, 168, 196, 217]"
409,50,"[0, 1, 4, 8, 10, 26, 40, 43, 48, 60, 63, 68, 82, 105, 112, 126, 128, 163, 175, 181, 183, 184, 188, 215, 239, 240, 241]",27,0.6093057435937226,0.17286952631548047,0.26644621246183914,"[414719453, 295325048, 96343823, 450529364, 168660390, 311792907, 190577166, 106236962, 484890846, 423782118]","[163, 26, 183, 188, 175, 239, 175, 48, 183, 175]"
410,50,"[21, 29, 30, 70, 72, 87, 94, 105, 106, 113, 118, 122, 123, 131, 146, 161, 170, 172, 214, 217, 221, 230]",22,0.3185219243168831,0.22523852111771703,0.37576241031373764,"[517576628, 64814605, 517576629, 517524722, 41558682, 337244320, 193872855, 517576630, 201440502, 100747624]","[87, 87, 87, 87, 113, 87, 87, 87, 87, 87]"
411,50,"[8, 26, 30, 36, 54, 65, 76, 94, 112, 165, 167, 169, 186, 187, 196, 201, 214, 217]",18,0.4047183790244162,0.15318647446110845,0.4247200698721119,"[136027868, 413098940, 297057802, 184076518, 91218339, 228128023, 15027899, 578682394, 250298433, 67765886]","[8, 8, 26, 8, 8, 8, 167, 187, 187, 187]"
412,50,"[37, 39, 67, 82, 109, 146, 159, 164, 166, 174, 186, 188, 200, 209, 210, 239, 240]",17,0.34721705224364996,0.1218018913641572,0.2318263794980286,"[122123242, 56124422, 583483191, 557347182, 32377145, 154005246, 584562653, 1077062, 542098962, 17342547]","[200, 200, 200, 200, 200, 200, 200, 200, 200, 200]"
413,50,"[17, 20, 43, 64, 70, 84, 112, 128, 141, 167, 184, 188, 192, 194, 201, 213, 217, 228, 241]",19,0.32991780433803797,0.20245279278606176,0.30081365263628723,"[357060457, 322710339, 322710338, 205162234, 322710337, 322710341, 224374198, 364486474, 90927391, 416697767]","[20, 141, 43, 141, 64, 141, 141, 64, 141, 64]"
414,50,"[10, 72, 82, 113, 124, 126, 127, 132, 175, 194, 239]",11,0.26699434453621507,0.09251344949007034,0.44645979845981026,"[373735043, 373577252, 373735037, 373735032, 373577246, 161564275, 451554459, 373577251, 395935600, 588731848]","[10, 10, 10, 10, 10, 10, 72, 72, 132, 127]"
415,50,"[20, 39, 49, 60, 82, 84, 100, 109, 111, 112, 128, 166, 196, 227, 233, 239, 241]",17,0.35706697637215257,0.12623486714437604,0.28388222749345005,"[222743300, 526875218, 26571077, 51606008, 256299, 229908291, 187279006, 388904014, 573959948, 29950755]","[128, 100, 128, 128, 128, 128, 128, 128, 100, 128]"
416,50,"[1, 4, 5, 6, 77, 99, 109, 146, 166, 171, 174, 175, 200, 207, 210, 227, 233, 240]",18,0.3984842086210847,0.10136717977002263,0.16941633843816817,"[470108319, 187476453, 184621484, 352144327, 551649071, 410316380, 471364122, 420011298, 274522518, 590226482]","[146, 146, 146, 146, 1, 146, 146, 146, 1, 146]"
417,50,"[0, 30, 52, 75, 91, 109, 148, 171, 186, 200, 209, 224]",12,0.23974658269435167,0.08496957365423441,0.2573773496357414,"[91742405, 141160630, 372893354, 527014441, 335349252, 184214797, 372715502, 372910013, 571732185, 490910889]","[171, 171, 186, 171, 171, 186, 171, 171, 171, 186]"
418,50,"[0, 40, 91, 171, 186, 200, 209, 224, 227, 239]",10,0.16187511617317796,0.1346546160057187,0.23514233415480704,"[290312855, 116276053, 235542195, 470314327, 564320836, 589267683, 335205476, 29510027, 544729345, 5637958]","[200, 200, 200, 200, 200, 91, 200, 200, 91, 91]"
419,50,"[6, 22, 70, 82, 104, 105, 106, 109, 111, 123, 127, 131, 146, 152, 195, 216, 221, 222]",18,0.28378385538235307,0.13581068580970168,0.3182953210780397,"[441789470, 293909992, 23954440, 77828849, 251174153, 257403790, 308309764, 253484640, 523674958, 477261204]","[22, 22, 22, 22, 22, 22, 195, 22, 22, 106]"
420,50,"[0, 14, 20, 22, 39, 64, 68, 70, 82, 84, 100, 112, 156, 183, 184, 192, 217, 235]",18,0.2932392214424908,0.12688767490908504,0.270925297608806,"[355486941, 318333310, 398291135, 285141226, 344404566, 444205536, 355486940, 285141225, 100064731, 134128179]","[64, 64, 64, 84, 64, 192, 64, 84, 84, 84]"
421,50,"[6, 10, 29, 39, 49, 59, 61, 72, 77, 82, 100, 106, 111, 128, 132, 146, 164, 165, 188, 194, 210, 221, 227, 242]",24,0.429596952162683,0.17713700188323855,0.3033177137452488,"[272994238, 465793811, 545800074, 346140721, 557086401, 53513120, 248624134, 51922869, 217202170, 290663967]","[49, 77, 106, 49, 49, 49, 49, 6, 49, 49]"
422,50,"[14, 33, 39, 49, 61, 77, 81, 82, 85, 96, 99, 106, 111, 112, 146, 152, 164, 188, 210, 211, 222, 242]",22,0.43170633958652616,0.19865421252325177,0.25397823385851964,"[495291582, 519622179, 221771305, 227396417, 78170859, 227396424, 449199702, 332673539, 398689986, 520719918]","[77, 222, 222, 222, 96, 222, 222, 96, 85, 222]"
423,50,"[10, 33, 36, 40, 43, 54, 82, 96, 100, 106, 109, 111, 128, 156, 163, 165, 183, 188, 194, 214, 230]",21,0.5155728328973055,0.24231977621093392,0.37381748524716213,"[41331909, 142599350, 420218363, 177114757, 102007025, 166255424, 316537661, 539793931, 247373154, 29082008]","[188, 214, 54, 163, 163, 96, 163, 188, 163, 106]"
424,50,"[20, 33, 39, 49, 81, 82, 85, 96, 100, 111, 125, 128, 188, 194, 241]",15,0.340251037850976,0.10521330777555704,0.30200999105970067,"[557878433, 210879324, 51417397, 113899481, 218572965, 220056791, 454824459, 162655892, 278728764, 222990388]","[96, 96, 20, 20, 20, 20, 125, 20, 96, 20]"
425,50,"[1, 27, 32, 49, 93, 112, 192, 194, 196, 209, 221, 224, 239]",13,0.2653534384444356,0.16400415170937777,0.3239327190766254,"[69022335, 199616068, 386838195, 251105507, 142075410, 373960657, 392358263, 523457820, 598807271, 346457589]","[32, 32, 209, 93, 32, 32, 196, 32, 32, 32]"
426,50,"[1, 4, 82, 88, 146, 153, 168, 169, 196]",9,0.2761991787701845,0.06179117504507303,0.26440432233115035,"[185679644, 258644311, 369713830, 361339920, 202801575, 256300972, 236429858, 461860680, 280506815, 467833590]","[1, 88, 146, 82, 1, 146, 168, 168, 168, 88]"
427,50,"[2, 70, 79, 92, 106, 169, 185, 227, 228, 236, 237]",11,0.17101400066167116,0.07496937410905957,0.21921966796402226,"[37526005, 588402422, 418645657, 593046928, 393734360, 33417771, 567324398, 387987088, 574932039, 470383145]","[185, 185, 185, 185, 185, 185, 185, 185, 185, 185]"
428,50,"[39, 60, 70, 109, 128, 159, 163, 166, 174, 194, 200, 209, 217, 234, 239, 240, 241]",17,0.34038348495960236,0.12259194394573569,0.2747909895774415,"[47765917, 315588710, 81327474, 595972156, 106352467, 106352466, 233810974, 144388658, 233948599, 233799325]","[166, 234, 234, 166, 234, 234, 60, 166, 234, 60]"
429,50,"[1, 14, 38, 57, 61, 81, 99, 107, 112, 135, 166, 178, 207, 233]",14,0.32720851711928844,0.08613998210057616,0.19768315044763898,"[418468133, 431002794, 288071214, 228977595, 266964121, 227073636, 348273107, 170991222, 456972715, 202365462]","[178, 178, 178, 178, 178, 178, 178, 178, 178, 178]"
430,50,"[0, 6, 8, 40, 60, 65, 68, 75, 84, 93, 112, 171, 183, 184, 186, 192, 214, 227]",18,0.2588103711605072,0.12171357264742255,0.24173208692162815,"[314175095, 222956702, 212190984, 203025699, 4437641, 370061134, 202286739, 540336597, 544638549, 140838976]","[171, 171, 183, 214, 183, 183, 183, 171, 171, 171]"
431,50,"[1, 10, 25, 37, 49, 59, 61, 75, 79, 81, 82, 99, 109, 132, 133, 146, 164, 167, 195, 209, 210]",21,0.395761261228472,0.14500300772488117,0.1999321889376179,"[118055614, 385448499, 367743840, 163478788, 353868886, 552004808, 27643132, 54062828, 470920514, 335305976]","[25, 25, 195, 210, 195, 25, 25, 25, 25, 195]"
432,50,"[32, 39, 52, 60, 97, 109, 115, 148, 200, 209, 239, 240]",12,0.22627471527084708,0.08799742721021175,0.3287295863459197,"[206788263, 113432794, 113395491, 106911166, 51649213, 374727675, 207011379, 210367924, 479658484, 398082577]","[240, 60, 60, 240, 60, 60, 60, 240, 60, 60]"
433,50,"[0, 10, 39, 43, 49, 51, 54, 59, 64, 67, 82, 132, 141, 175, 184, 188, 194, 201, 213, 217, 239, 241]",22,0.405386860948056,0.2186583923175931,0.2550536605677652,"[183387762, 213902884, 533916397, 516760816, 434999243, 520752570, 520754677, 179571608, 573990019, 154979126]","[43, 241, 194, 241, 64, 239, 239, 64, 43, 43]"
434,50,"[14, 17, 32, 77, 93, 97, 112, 192, 194, 228, 239]",11,0.18940492626279593,0.1412890120409429,0.3594294758090241,"[225652102, 458691173, 565971705, 490241250, 312158489, 5649969, 429115328, 359674580, 5649968, 165335047]","[32, 32, 32, 32, 32, 32, 32, 32, 32, 32]"
435,50,"[10, 20, 36, 54, 58, 61, 70, 81, 125, 156, 167, 188, 194, 201, 213, 222, 241]",17,0.23183713667094707,0.12412391789257526,0.2803749800659716,"[255794082, 506850432, 181557532, 302766216, 159361284, 381165460, 211598789, 94748954, 351850430, 534816421]","[156, 54, 54, 54, 54, 54, 54, 54, 54, 54]"
436,50,"[1, 8, 10, 14, 32, 61, 77, 88, 93, 112, 169, 174, 175, 192, 228, 239, 240]",17,0.407382455188781,0.11933602392673492,0.2241863931857926,"[541106747, 20069172, 78858363, 12691829, 548304356, 140863450, 437127887, 508225490, 25388469, 33532261]","[32, 32, 32, 32, 228, 32, 228, 32, 32, 32]"
437,50,"[4, 8, 20, 29, 61, 67, 70, 72, 89, 96, 106, 111, 112, 114, 125, 148, 184, 188, 201, 213, 241]",21,0.3732044561766088,0.22515355981886387,0.2761233217038569,"[433340456, 57161118, 319813207, 565447060, 454507049, 497974241, 160165905, 574643368, 26448373, 112426200]","[96, 20, 8, 106, 106, 201, 106, 8, 188, 106]"
438,50,"[1, 14, 20, 49, 58, 77, 81, 82, 96, 112, 125, 126, 167, 168, 175, 188, 194, 201, 210, 211, 241]",21,0.4572469568811357,0.20414646295830607,0.3025745715325077,"[497945962, 49283079, 456559930, 35898600, 222478441, 314820472, 78071073, 301223922, 297436434, 536520740]","[167, 167, 167, 241, 20, 167, 167, 167, 167, 167]"
439,50,"[1, 99, 168, 169, 196, 233]",6,0.21086127683520317,0.046791461296379566,0.3279567421413958,"[470639103, 360036417, 518436832, 542847765, 87730836, 116076904, 188731557, 591238378, 310170954, 100259567]","[233, 233, 233, 233, 233, 233, 233, 233, 233, 233]"
440,50,"[17, 26, 45, 48, 96, 112, 125, 184, 213, 215, 234]",11,0.19192183390259743,0.09720815252512693,0.4149145901584151,"[446034911, 58263293, 326555173, 559349650, 257020445, 494942197, 202266373, 436795706, 136800017, 58755646]","[215, 215, 48, 184, 215, 215, 215, 215, 215, 215]"
441,50,"[0, 8, 10, 17, 37, 39, 70, 72, 77, 84, 89, 108, 112, 125, 126, 128, 132, 164, 165, 188, 194, 217, 224, 230]",24,0.5670315492898226,0.20530563592910767,0.40870578403701074,"[448390222, 448315383, 448484914, 1158459, 239291786, 391563024, 448315384, 29300182, 364629868, 436198169]","[84, 84, 84, 39, 125, 39, 84, 188, 8, 217]"
442,50,"[18, 77, 84, 126, 192, 235]",6,0.08804901037365198,0.0431724083609879,0.4502619974858438,"[283126902, 344263312, 27277348, 507585010, 483500865, 557093516, 125839494, 63723385, 364272230, 595441698]","[192, 192, 192, 192, 192, 192, 192, 192, 192, 192]"
443,50,"[20, 39, 46, 49, 58, 59, 82, 100, 111, 112, 132, 146, 164, 188, 194, 199, 221, 222, 227, 241]",20,0.28284426871687174,0.21264323499053717,0.2733226699172519,"[101644950, 422416103, 596402741, 241747163, 519701173, 451574719, 447356604, 327049016, 575743328, 458505874]","[241, 82, 20, 82, 39, 20, 100, 100, 49, 59]"
444,50,"[2, 60, 82, 91, 126, 127, 147, 159, 175, 194, 212, 216, 237, 239, 240]",15,0.31714348774403334,0.16921242605894804,0.37133139418438077,"[365229672, 376707067, 442989486, 303162944, 478767602, 582960674, 471213855, 591578456, 94588812, 161391509]","[159, 216, 216, 216, 159, 216, 216, 159, 216, 216]"
445,50,"[1, 5, 6, 25, 43, 46, 59, 77, 93, 132, 133, 167, 210, 228, 242]",15,0.29752743197605014,0.08714107144623995,0.17364218959895272,"[495196780, 436086138, 469014680, 330128090, 162270075, 442489669, 446278031, 526780422, 524971307, 381469699]","[59, 59, 210, 59, 59, 59, 59, 59, 59, 59]"
446,50,"[32, 39, 60, 80, 109, 115, 206, 209, 217, 224, 239, 240]",12,0.1801264574751258,0.1448654094710946,0.34517606056760997,"[325408754, 385243883, 26490240, 419719519, 583416468, 325457744, 399794579, 446595954, 535952032, 22249358]","[60, 240, 60, 32, 60, 60, 240, 240, 240, 60]"
447,50,"[4, 19, 20, 22, 30, 42, 57, 61, 70, 93, 105, 111, 112, 127, 131, 152, 194, 216, 222, 228, 237]",21,0.30460292287170887,0.22246516263112426,0.33536531387030016,"[99287103, 252822624, 81855859, 147501338, 568486625, 299841255, 499122820, 471263154, 471080393, 177374318]","[70, 22, 22, 22, 70, 22, 22, 22, 57, 22]"
448,50,"[0, 20, 39, 60, 64, 68, 70, 84, 183, 184, 192]",11,0.12547457916662097,0.0716809737496078,0.2343055677854202,"[318536243, 97030774, 461803644, 461433073, 461433074, 318515758, 496460057, 531572768, 38906152, 245436059]","[64, 64, 192, 192, 192, 192, 192, 192, 192, 192]"
449,50,"[1, 19, 20, 22, 30, 38, 42, 70, 84, 87, 88, 104, 105, 110, 123, 131, 147, 153, 195, 216, 221]",21,0.4341701567173004,0.13622229918837547,0.23629385685282095,"[447054911, 393972249, 267990263, 351268747, 351982259, 306591891, 51834142, 358497620, 529936702, 456547897]","[22, 20, 70, 216, 70, 70, 70, 70, 84, 70]"
450,50,"[1, 5, 10, 25, 49, 59, 77, 82, 107, 109, 118, 132, 146, 188, 195, 209, 210, 228, 242]",19,0.32021984877064824,0.18532241554930806,0.2118744784353399,"[408884211, 207355559, 25671216, 440986306, 31277728, 113060893, 207533350, 113001490, 342216973, 475883545]","[5, 5, 5, 242, 5, 242, 5, 242, 5, 242]"
451,50,"[14, 45, 47, 57, 61, 64, 118, 174, 184, 211, 215, 235]",12,0.23869930859655142,0.0722085926681757,0.24322057721049836,"[255457970, 11907548, 207976466, 392511486, 12021424, 339898836, 91781316, 103231276, 241396449, 312109283]","[235, 235, 235, 235, 235, 235, 235, 235, 45, 235]"
452,50,"[0, 5, 8, 10, 12, 18, 26, 81, 115, 124, 126, 164, 169, 202, 239]",15,0.2948212786577642,0.1071695419959724,0.36920330552384256,"[118267505, 275408587, 532988921, 193079880, 337381772, 299364175, 155594246, 124097705, 334004200, 536291201]","[12, 12, 12, 12, 12, 12, 12, 12, 10, 12]"
453,50,"[1, 14, 45, 47, 61, 112, 118, 174, 211, 235]",10,0.2384461290203035,0.06062675407156348,0.24059493725653738,"[107429106, 589287313, 578940299, 578940300, 579236846, 121087198, 269655772, 185142961, 224310224, 301514347]","[47, 45, 45, 45, 45, 45, 45, 47, 235, 235]"
454,50,"[1, 4, 30, 42, 60, 76, 80, 82, 91, 106, 109, 119, 146, 206, 209, 225, 231, 240, 244]",19,0.4455738812685013,0.11900553200393915,0.23536427838629798,"[394840734, 204763087, 349953936, 15101628, 84707877, 27236663, 418617952, 213628432, 346566205, 154405305]","[80, 80, 80, 80, 80, 80, 80, 80, 80, 80]"
455,50,"[10, 26, 29, 37, 72, 89, 97, 102, 106, 108, 125, 156, 164, 180, 188, 194, 201, 213, 221, 230, 242]",21,0.35382783180102706,0.23608262883499265,0.3466929710425791,"[272170118, 13789353, 147463161, 120696219, 43600393, 549335784, 487050817, 530838100, 534085640, 39847515]","[102, 72, 125, 72, 106, 29, 97, 180, 29, 29]"
456,50,"[4, 10, 30, 37, 49, 75, 79, 82, 106, 109, 132, 146, 148, 170, 188, 195, 209, 210, 221, 242]",20,0.350812298245728,0.1463177683763206,0.23939120530849323,"[365601969, 457555715, 320656730, 139721258, 577637429, 74228742, 334013790, 457916124, 479758699, 365633226]","[242, 195, 242, 195, 195, 195, 195, 242, 195, 170]"
457,50,"[32, 60, 109, 115, 239, 240, 241]",7,0.09623051667585969,0.04458374110981822,0.2724232044004436,"[162471685, 136874010, 231705738, 524464579, 113888790, 571179873, 119861582, 186491860, 106311894, 463699260]","[240, 240, 240, 60, 60, 240, 60, 240, 60, 240]"
458,50,"[42, 53, 76, 80, 106, 108, 109, 112, 148, 170, 206, 212, 225, 231, 240, 244]",16,0.25769446371123195,0.1717480537481606,0.23897747705632355,"[187787262, 166420139, 212547914, 191295996, 115563401, 274449131, 517111948, 378081030, 231986448, 420588990]","[80, 42, 206, 42, 42, 42, 206, 206, 80, 42]"
459,50,"[0, 2, 8, 10, 36, 38, 58, 61, 82, 85, 96, 100, 106, 111, 112, 128, 139, 165, 167, 169, 188, 194, 201, 214, 217, 227, 237, 239, 241]",29,0.5514182313345373,0.343722986523062,0.3331006404879535,"[315889861, 315914143, 226086068, 272080642, 151472558, 560910136, 315949387, 35411718, 107567262, 345904254]","[241, 241, 0, 241, 111, 241, 241, 0, 128, 227]"
460,50,"[10, 33, 49, 60, 67, 72, 81, 96, 106, 132, 188, 210, 237, 239, 242]",15,0.279092185664922,0.10557523276656866,0.2352487145923078,"[479292604, 301933640, 535548284, 301902290, 318613265, 161639518, 466535407, 482889741, 417578861, 155220281]","[188, 188, 188, 188, 96, 188, 188, 188, 96, 188]"
461,50,"[5, 10, 18, 25, 43, 52, 56, 59, 67, 82, 84, 93, 112, 159, 175, 186, 192, 224]",18,0.30439303116872907,0.17163061536848545,0.20834648984277415,"[400235162, 332873320, 129177492, 270544705, 594292472, 234273248, 317781559, 41028519, 594326342, 178658508]","[43, 43, 43, 67, 67, 43, 175, 175, 59, 175]"
462,50,"[6, 14, 18, 30, 38, 61, 94, 97, 105, 111, 113, 133, 141, 170, 184, 192, 194, 203, 217, 224, 238, 239]",22,0.3270502141676843,0.22145914426073432,0.3243110050045123,"[383637803, 231054295, 144569808, 202755365, 53678820, 232274035, 185811491, 198954823, 220204330, 342210829]","[217, 217, 97, 217, 97, 217, 113, 113, 192, 224]"
463,50,"[6, 8, 39, 96, 100, 109, 111, 112, 125, 128, 159, 166, 188, 194, 196, 214, 227, 234, 241]",19,0.47642003186047077,0.14836264168843627,0.3327870070199041,"[40280342, 18595245, 81705327, 363770131, 18472263, 484265681, 434870727, 14113010, 360341785, 18623367]","[234, 8, 234, 234, 8, 234, 234, 234, 241, 8]"
464,50,"[5, 10, 12, 51, 89, 91, 97, 115, 124, 132, 159, 164, 174, 181, 202, 239]",16,0.3279170664027333,0.1124108755029738,0.28405983161064796,"[302910979, 292312148, 435412727, 507575881, 81024549, 285794450, 285616290, 507678586, 501834736, 285539307]","[239, 239, 239, 239, 12, 12, 239, 12, 5, 51]"
465,50,"[6, 32, 60, 61, 75, 77, 93, 117, 171, 186, 200, 209, 224, 228]",14,0.13813168788328767,0.159389762673527,0.20955576456617564,"[176468700, 213315000, 346243434, 148498246, 235771350, 41816450, 66036315, 93467718, 360689364, 492897766]","[117, 117, 75, 117, 75, 75, 117, 228, 75, 75]"
466,50,"[1, 4, 20, 37, 39, 40, 60, 63, 70, 77, 81, 82, 100, 109, 111, 128, 163, 164, 167, 186, 188, 200, 206, 239, 240]",25,0.4422680768184364,0.17872846871614456,0.25750247152522204,"[277854528, 245809491, 177227322, 352042136, 25007565, 374165375, 498112273, 213506514, 320267901, 409177016]","[188, 188, 40, 20, 111, 109, 60, 100, 60, 60]"
467,50,"[1, 4, 20, 22, 59, 63, 70, 77, 78, 82, 84, 93, 132, 175, 184, 195, 228, 241]",18,0.3153031603433192,0.16101629519835114,0.15258198827763814,"[323627120, 18091477, 341299244, 306436514, 54728018, 204994945, 18084019, 474432847, 365102335, 512896117]","[175, 175, 175, 175, 175, 175, 175, 175, 175, 82]"
468,50,"[1, 8, 10, 38, 46, 59, 61, 63, 72, 84, 87, 104, 106, 111, 112, 113, 124, 127, 133, 174, 175, 192, 210, 228, 241]",25,0.6377755249850452,0.16055729053914547,0.2701059540640563,"[542191767, 118178412, 298492231, 165347730, 378131796, 10608035, 560058169, 365150051, 336371913, 218852589]","[174, 133, 63, 133, 59, 133, 133, 59, 46, 46]"
469,50,"[6, 10, 12, 17, 18, 32, 39, 43, 84, 93, 126, 192, 194, 201, 217, 224, 239]",17,0.37815590063109994,0.13282395107671618,0.3873863884330015,"[355252855, 395200188, 443649785, 455541052, 469937462, 62527222, 450324266, 556508986, 469543999, 443485022]","[43, 12, 224, 224, 12, 224, 224, 239, 224, 224]"
470,50,"[4, 10, 37, 49, 59, 61, 75, 79, 82, 99, 109, 132, 133, 146, 148, 171, 175, 186, 206, 209, 210, 240]",22,0.399828567635268,0.14442701172083616,0.18904788260856134,"[532997059, 176000049, 416502861, 417180042, 434798733, 81115506, 178865239, 273980664, 572770910, 18778545]","[109, 210, 133, 210, 59, 210, 210, 210, 210, 210]"
471,50,"[17, 20, 43, 54, 58, 96, 112, 125, 128, 156, 188, 201, 213, 241]",14,0.2645112909376621,0.16037636250257492,0.30969000310038347,"[139111471, 306886796, 229777518, 296559762, 357272187, 63994882, 251805477, 53812755, 138900231, 504344624]","[54, 96, 188, 241, 188, 96, 54, 188, 188, 241]"
472,50,"[1, 14, 77, 88, 112, 118, 174, 211, 228]",9,0.16082199150696397,0.05220709973946214,0.23882148052669233,"[464201156, 493687953, 99275646, 223346411, 250763915, 357588963, 297833110, 233508947, 56675729, 591774573]","[14, 14, 1, 14, 14, 14, 14, 14, 14, 14]"
473,50,"[1, 30, 57, 60, 91, 92, 118, 147, 152, 159, 166, 174, 200, 207, 209, 237, 240]",17,0.3868670738302171,0.17287359526380897,0.2728583014652352,"[112947996, 246119311, 408864800, 99877266, 365812706, 332730644, 347892926, 104530316, 276497222, 291831028]","[92, 92, 57, 237, 237, 237, 237, 237, 237, 91]"
474,50,"[25, 38, 107, 178, 222]",5,0.05373440310359001,0.03219015337526798,0.22633234774693847,"[419399602, 419549737, 419425382, 357702048, 111279463, 267500020, 331809858, 305610631, 531818045, 351804448]","[25, 25, 25, 25, 25, 25, 25, 25, 25, 25]"
475,50,"[0, 8, 10, 39, 60, 70, 72, 93, 94, 106, 108, 112, 114, 126, 171, 174, 183, 188, 192, 194, 201, 202, 212, 214, 217]",25,0.5288814664818347,0.19350836658850312,0.3533252838999033,"[562404345, 142216812, 435554156, 55793947, 143640933, 480679693, 367683341, 381488091, 484010576, 408058382]","[183, 183, 183, 183, 183, 183, 183, 183, 183, 183]"
476,50,"[8, 10, 43, 56, 72, 82, 94, 106, 112, 113, 114, 123, 126, 170, 192, 202, 217, 224, 230]",19,0.45195361925289035,0.14466992300003767,0.37908048623878704,"[295878466, 101179090, 101303614, 101275642, 219048394, 52588656, 165364401, 58450946, 172334369, 319053680]","[224, 43, 43, 224, 43, 43, 224, 43, 224, 224]"
477,50,"[1, 4, 6, 22, 37, 61, 63, 70, 84, 104, 105, 123, 131, 146, 195, 216]",16,0.328388427849859,0.1130316131748259,0.2266570176143432,"[515987773, 134023122, 134045765, 402584518, 362021062, 356558411, 277369238, 134045767, 186013823, 134045769]","[22, 22, 70, 22, 123, 123, 22, 123, 195, 123]"
478,50,"[1, 5, 6, 8, 17, 25, 36, 46, 81, 91, 93, 107, 133, 174, 175, 180, 200, 228, 235, 241]",20,0.47827862948179245,0.1904118093661964,0.2315747764077969,"[278583544, 265290220, 17011777, 185132949, 151677497, 60303340, 60634801, 326110723, 445720643, 446078741]","[17, 175, 25, 175, 25, 235, 235, 25, 17, 17]"
479,50,"[10, 20, 33, 79, 81, 82, 85, 92, 96, 125, 139, 188, 210, 222, 227, 237, 241]",17,0.4634418967179954,0.0972459465265274,0.2237078177413958,"[387276139, 206946850, 335107311, 35277925, 271075585, 114846788, 566150586, 298702158, 387292597, 594147739]","[92, 92, 92, 92, 92, 92, 92, 85, 92, 85]"
480,50,"[1, 4, 6, 19, 22, 63, 82, 84, 88, 93, 104, 105, 131, 146, 153, 166, 172, 175, 192, 195, 216]",21,0.504596371203661,0.19576175417751074,0.1963366672973193,"[164567930, 76437166, 148730856, 289687404, 31389939, 54371157, 399769744, 583403024, 76421893, 59100085]","[105, 84, 1, 1, 1, 1, 1, 1, 1, 1]"
481,50,"[0, 5, 10, 17, 43, 47, 59, 64, 67, 68, 84, 132, 159, 175, 184, 186, 188, 192, 194, 200, 201, 224, 239, 241]",24,0.49235836742445827,0.1628518234938383,0.22704683875781484,"[60269282, 313386754, 341732680, 313233339, 393366560, 134682753, 161482467, 260811580, 311983683, 157043851]","[64, 43, 43, 43, 43, 43, 43, 43, 43, 68]"
482,50,"[2, 4, 6, 19, 21, 25, 43, 46, 75, 94, 97, 105, 112, 113, 123, 133, 147, 186, 224]",19,0.27007592702284455,0.19597384938970208,0.25918746408761334,"[512525686, 185414817, 443749071, 486542584, 412352454, 144635416, 555867870, 412533088, 270942898, 278271929]","[2, 2, 21, 46, 2, 133, 123, 2, 46, 46]"
483,50,"[20, 37, 48, 68, 70, 94, 105, 111, 112, 167, 183, 184, 192, 201, 213, 215, 217, 235]",18,0.3459975910373032,0.14889374934136868,0.3532788497525164,"[489828717, 310848652, 39414752, 489772051, 489812532, 166713165, 489585111, 489585110, 489812529, 489812530]","[68, 68, 68, 68, 68, 68, 68, 68, 68, 68]"
484,50,"[0, 1, 8, 10, 12, 14, 18, 38, 47, 61, 77, 112, 126, 127, 133, 184, 185, 192, 209, 228, 239]",21,0.47994865057989955,0.1463648397475481,0.3138144528493285,"[18606957, 454531142, 297497815, 104332912, 193436670, 86389394, 379833395, 27434076, 77895589, 189420397]","[228, 228, 228, 228, 228, 228, 228, 228, 228, 133]"
485,50,"[10, 20, 26, 36, 43, 49, 51, 54, 58, 67, 70, 82, 88, 111, 126, 132, 167, 169, 175, 188, 192, 194, 196, 201, 241]",25,0.47408824088051915,0.2571118697524071,0.3196138004399836,"[200634062, 21333472, 338204614, 254730189, 396463848, 47062145, 2360277, 170606102, 313575331, 231044967]","[54, 169, 54, 188, 196, 36, 54, 54, 54, 241]"
486,50,"[1, 5, 6, 30, 40, 82, 91, 93, 146, 159, 166, 171, 174, 175, 186, 200, 209, 224, 227, 239, 240, 241]",22,0.5662275133654475,0.13692403445020318,0.21654698269611056,"[56701149, 39076161, 568055858, 263768564, 58447535, 391336856, 417800668, 56763086, 56720614, 227969021]","[200, 200, 200, 200, 175, 1, 200, 200, 200, 200]"
487,50,"[0, 1, 4, 7, 8, 10, 18, 30, 43, 82, 94, 106, 112, 114, 123, 126, 133, 146, 170, 192, 195, 209, 217, 224, 230]",25,0.6017392813228071,0.24536420544609427,0.356025416739285,"[247713415, 350519092, 179936272, 593849168, 542594313, 19261898, 537114744, 274439126, 135846690, 593975744]","[217, 30, 209, 217, 170, 8, 8, 195, 217, 217]"
488,50,"[6, 30, 65, 75, 79, 109, 146, 148, 171, 186, 200, 210]",12,0.2157020289450884,0.08121726987883449,0.23029022621146092,"[399005212, 87256967, 87256965, 116827493, 202144811, 6340035, 78982428, 12995121, 255761134, 172957762]","[171, 171, 171, 171, 171, 171, 171, 171, 171, 171]"
489,50,"[4, 88, 99, 168, 169, 196, 233]",7,0.16322481725364923,0.051490744575858116,0.3026604104254927,"[244730630, 583962548, 422582951, 591290990, 311550525, 190397391, 205670594, 395580749, 520987336, 3671082]","[168, 168, 168, 168, 168, 168, 168, 168, 168, 168]"
490,50,"[0, 18, 40, 46, 52, 61, 67, 75, 97, 99, 126, 129, 133, 148, 171, 181, 182, 186, 200, 209, 212]",21,0.2601658361963928,0.2092156964354217,0.2964589359637882,"[147860004, 549774917, 279548621, 283966976, 82761773, 409233162, 253136900, 44292805, 484392645, 439160149]","[200, 200, 200, 200, 200, 200, 200, 200, 200, 200]"
491,50,"[10, 14, 20, 30, 37, 70, 77, 81, 82, 84, 100, 105, 159, 167, 192, 213, 241]",17,0.2536831204779446,0.12746284203603864,0.28921258344095857,"[268678452, 453487855, 440347452, 403625282, 2456965, 354402042, 550281212, 81435176, 536225976, 490443456]","[81, 81, 81, 81, 81, 81, 81, 81, 81, 81]"
492,50,"[10, 17, 20, 61, 70, 72, 89, 100, 108, 111, 119, 125, 132, 184, 188, 194, 242]",17,0.2672557230107486,0.19590233219787478,0.31611343756701576,"[160760036, 174221182, 24335764, 393169956, 18314610, 28528015, 55836635, 345243402, 86185750, 192390787]","[188, 188, 188, 188, 188, 188, 188, 188, 132, 188]"
493,50,"[0, 10, 17, 51, 60, 93, 108, 111, 114, 126, 164, 183, 184, 192, 194, 202, 217, 224, 228, 230, 239]",21,0.38751242216676474,0.1721283425576985,0.4019955366273366,"[44295541, 52895912, 381794118, 277272628, 396248751, 402856706, 350020328, 79991391, 277766670, 430838424]","[183, 224, 217, 126, 60, 126, 126, 17, 217, 60]"
494,50,"[57, 152, 182, 228, 237, 242]",6,0.11696379259228706,0.04703056626021862,0.28085919423028827,"[405705380, 205539569, 233429029, 526541966, 186295331, 186246386, 155115209, 428119303, 382854843, 301760601]","[237, 237, 237, 237, 237, 237, 237, 237, 237, 237]"
495,50,"[1, 6, 8, 32, 47, 60, 106, 111, 112, 118, 159, 169, 174, 206, 211, 237, 239, 240, 241]",19,0.45578867895528674,0.13408587593585253,0.25846371546044555,"[25871553, 86639618, 103452026, 9606063, 37237949, 293467789, 196184832, 371519373, 275562567, 103473813]","[240, 240, 240, 240, 32, 32, 32, 240, 32, 32]"
496,50,"[5, 10, 12, 39, 43, 52, 63, 67, 82, 84, 93, 112, 159, 166, 175, 184, 192, 217, 224, 241]",20,0.4356984794139862,0.18493134249001741,0.2419585449853912,"[236259714, 571862111, 34682763, 446634837, 160567613, 198474818, 291748984, 220215407, 294138131, 238303764]","[5, 5, 175, 5, 192, 93, 5, 175, 5, 5]"
497,50,"[36, 54, 58, 96, 156, 201]",6,0.08286972530186176,0.05288259219378233,0.29661992359130335,"[299386406, 319058044, 494534355, 364834223, 364842068, 437804398, 308900473, 591029583, 50443737, 41614889]","[54, 54, 54, 36, 36, 54, 54, 54, 54, 54]"
498,50,"[1, 4, 20, 22, 59, 61, 63, 70, 77, 79, 82, 84, 93, 100, 104, 131, 132, 175, 194, 195, 213, 216, 228, 241]",24,0.4869160423986614,0.2210685173049569,0.20435360889920653,"[276146023, 576706550, 578940775, 311036971, 576706551, 35003847, 18787922, 579237344, 579237342, 570847380]","[175, 175, 175, 20, 175, 175, 175, 175, 175, 175]"
499,50,"[10, 36, 49, 54, 58, 100, 109, 111, 112, 156, 165, 167, 188, 196, 201]",15,0.25804560584947467,0.17599818296730518,0.3988042017444968,"[591551392, 131956001, 467193386, 391865967, 123524978, 243392874, 266667197, 313563880, 200658135, 28805091]","[36, 36, 54, 54, 156, 54, 36, 54, 156, 36]"
500,50,"[25, 46, 49, 59, 79, 106, 107, 133, 178, 182, 195, 210, 216, 221, 228]",15,0.29752724384889007,0.09781727474182844,0.20593185025888186,"[540664094, 425777108, 425777109, 236293030, 540664095, 479933293, 549363883, 425845956, 425745683, 217417000]","[46, 46, 107, 25, 107, 25, 25, 25, 107, 107]"
501,50,"[1, 2, 19, 57, 61, 79, 92, 152, 159, 172, 175, 182, 193, 212, 228, 237]",16,0.36848123371601105,0.09888947336003184,0.21384400756505784,"[506606551, 29636583, 584524121, 317604999, 22593284, 199862179, 240298873, 62864624, 200570415, 164293397]","[237, 237, 237, 2, 237, 237, 237, 237, 237, 237]"
502,50,"[20, 46, 60, 63, 70, 81, 93, 96, 111, 127, 128, 159, 164, 167, 175, 216, 239, 240, 241]",19,0.31757235201075673,0.19644953263923526,0.27390392886866866,"[325515382, 249329727, 538523683, 243179825, 343165763, 559537613, 407800112, 375595151, 229394936, 553852001]","[216, 60, 60, 216, 240, 216, 216, 60, 60, 216]"
503,50,"[1, 4, 70, 82, 84, 88, 104, 132, 146, 153, 175]",11,0.3590413583442569,0.07302478840574622,0.16575327651067215,"[66775892, 67675597, 145991549, 336506009, 277869308, 346161102, 381972781, 307481867, 255321054, 209401098]","[82, 175, 82, 82, 82, 82, 84, 82, 1, 84]"
504,50,"[4, 6, 10, 20, 26, 39, 49, 61, 70, 82, 84, 100, 108, 148, 164, 169, 188, 192, 194, 222]",20,0.3150875438004732,0.1468810010701418,0.26715697379549963,"[448490378, 409326007, 427359616, 567927322, 549567211, 108048881, 536913401, 258388843, 405072123, 105174944]","[4, 84, 108, 49, 10, 26, 26, 26, 6, 20]"
505,50,"[20, 39, 43, 60, 61, 77, 82, 100, 112, 123, 128, 146, 165, 166, 188, 194, 210, 217, 234]",19,0.43361133662983775,0.19501973176375031,0.3407642908859998,"[474871931, 329888215, 221755123, 153410927, 341233569, 251994508, 442082887, 310853951, 215015443, 27685332]","[234, 234, 234, 20, 234, 77, 234, 234, 39, 188]"
506,50,"[8, 10, 17, 20, 26, 39, 49, 63, 70, 82, 89, 100, 105, 108, 112, 125, 126, 127, 128, 159, 164, 188, 192, 194, 216, 241]",26,0.5360981062985957,0.19694505725055933,0.3625296532140615,"[162695942, 95452710, 162731169, 129216516, 38187346, 162727504, 570547811, 465117429, 112809579, 22885840]","[125, 20, 20, 128, 125, 125, 82, 128, 82, 100]"
507,50,"[17, 20, 33, 63, 67, 85, 96, 125, 128, 188]",10,0.2795862667262554,0.06466683512553573,0.28031726835761217,"[336438051, 426049066, 422839851, 102289513, 500345096, 279358314, 271830533, 422863222, 244534552, 113902419]","[96, 96, 96, 33, 96, 85, 20, 33, 96, 96]"
508,50,"[1, 14, 77, 81, 82, 111, 112, 164, 167, 174, 211]",11,0.20911912200972438,0.07622428797185421,0.2658464317845011,"[88155495, 88155494, 133048366, 203558056, 335600884, 349761725, 529499156, 351513107, 453714421, 159299546]","[14, 81, 14, 14, 81, 14, 14, 81, 14, 81]"
509,50,"[1, 37, 43, 46, 52, 59, 92, 105, 112, 114, 133, 159, 186, 194, 209, 210, 217, 224]",18,0.43392058555036783,0.1320228003896773,0.27821900127714294,"[136975153, 319742880, 422347069, 106336730, 76102061, 598322048, 541971134, 18384764, 377405330, 447365013]","[186, 133, 46, 46, 46, 209, 46, 186, 46, 43]"
510,50,"[32, 52, 60, 75, 83, 93, 109, 112, 117, 171, 174, 186, 200, 209, 212, 224]",16,0.23881409550085664,0.10104023339226842,0.227562743195449,"[73624450, 75775109, 425185866, 314113358, 469196941, 289864068, 469172981, 469083543, 365057986, 469289361]","[93, 93, 93, 93, 93, 93, 93, 93, 93, 93]"
511,50,"[57, 152, 237]",3,0.04426706675440073,0.02473623212426901,0.32790679632065195,"[354342484, 354982027, 539458146, 2893851, 588943316, 265818700, 2701816, 89993059, 100270462, 401331535]","[152, 237, 152, 237, 237, 152, 237, 152, 237, 237]"
512,50,"[0, 7, 8, 30, 52, 65, 94, 105, 106, 112, 123, 131, 147, 161, 163, 170, 171, 180, 183, 184, 214, 217, 230, 235]",24,0.39947426319122314,0.25402821227908134,0.3244082066327489,"[97093587, 382929741, 486066851, 60901442, 557338816, 462017750, 75252116, 253453552, 469164980, 325958056]","[183, 183, 230, 230, 183, 183, 183, 183, 183, 230]"
513,50,"[1, 109, 111, 166, 168, 174, 207, 227, 233]",9,0.30281126452609897,0.07278862735256553,0.30335046715723973,"[9753040, 175920041, 442793169, 210970518, 198030279, 471476524, 161816983, 363023100, 344275419, 97533873]","[233, 233, 233, 233, 233, 233, 233, 233, 233, 233]"
514,50,"[25, 49, 59, 81, 82, 111, 168, 195, 210, 213, 233]",11,0.20743281207978725,0.1502204416319728,0.3203812429723753,"[259638967, 29539058, 226769638, 103461123, 13234335, 212467506, 375167620, 362969013, 77523374, 563910942]","[49, 25, 25, 25, 25, 25, 25, 25, 25, 49]"
515,50,"[8, 10, 21, 25, 32, 84, 93, 112, 126, 186, 209, 217, 224]",13,0.23695437656715512,0.09317648923024535,0.37300449742290837,"[543922079, 354926197, 130933279, 543791991, 594762485, 422086086, 291501341, 195792455, 104910465, 130933280]","[224, 224, 224, 224, 224, 224, 224, 224, 224, 224]"
516,50,"[1, 10, 26, 30, 43, 46, 52, 59, 63, 70, 77, 88, 109, 133, 141, 147, 175, 186, 195, 224]",20,0.4542729607783258,0.1267264224588871,0.2273973178002052,"[157350314, 369597083, 211384216, 389271069, 324700103, 25048268, 139187086, 472835488, 211384218, 365680177]","[133, 133, 133, 141, 133, 133, 141, 133, 133, 133]"
517,50,"[4, 20, 22, 70, 79, 82, 102, 104, 105, 106, 193, 195, 197, 209, 221]",15,0.277501268312335,0.1566272876225412,0.20009816240829725,"[116909789, 213916429, 454389511, 454348595, 152709618, 180504935, 597380804, 517449535, 375642974, 180504938]","[22, 22, 22, 22, 22, 22, 22, 22, 22, 22]"
518,50,"[19, 57, 59, 61, 99, 107, 172, 178, 180, 182, 193, 195, 200, 222, 236, 237, 242]",17,0.2801188468001783,0.10248760087415576,0.21495696842013037,"[339741272, 10724956, 140399022, 211228225, 208979114, 302190687, 519110891, 211333354, 355393691, 391274177]","[107, 237, 237, 107, 107, 182, 57, 107, 182, 107]"
519,50,"[10, 20, 54, 70, 82, 89, 132, 169, 188, 201, 239]",11,0.1442487989552319,0.07837533997371793,0.2011151157785207,"[464425538, 411391048, 411391064, 210728434, 411391046, 411391050, 511903954, 435401648, 468105198, 504335856]","[54, 54, 54, 54, 54, 54, 54, 54, 54, 54]"
520,50,"[26, 54, 108, 129, 156, 164, 167, 187, 201]",9,0.11111986264586449,0.0667140744626522,0.2675110634882003,"[25955538, 86731325, 504422431, 137001895, 230400934, 477811446, 462531434, 10405125, 284745640, 482766710]","[201, 201, 201, 201, 201, 167, 201, 201, 201, 201]"
521,50,"[6, 30, 39, 79, 87, 105, 106, 108, 109, 112, 122, 163, 165, 183, 192, 194, 214, 217, 221, 230]",20,0.4747274159453809,0.2402502945624292,0.46921170628629627,"[553995910, 299210752, 554255527, 554247320, 299340964, 324998943, 299335078, 127648928, 349839111, 299208442]","[217, 194, 217, 217, 217, 217, 217, 163, 214, 165]"
522,50,"[39, 49, 96, 100, 109, 125, 128, 163, 188, 213, 234]",11,0.16610082937404513,0.09083215985447168,0.35383651621470397,"[130317406, 255648442, 432017163, 58185551, 2703194, 475160783, 355317670, 8883729, 417584932, 112061204]","[128, 96, 128, 96, 234, 96, 128, 234, 96, 234]"
523,50,"[10, 60, 109, 168, 174, 239, 240]",7,0.08899528719484806,0.052520989906042814,0.27462912337588413,"[293660001, 283438059, 226255915, 359159413, 148240321, 283438076, 441716235, 506653755, 410667348, 535253769]","[240, 60, 240, 60, 60, 60, 60, 60, 240, 240]"
524,50,"[6, 14, 20, 33, 37, 43, 54, 64, 68, 70, 72, 77, 112, 133, 141, 174, 184, 188, 192, 194, 201, 210, 235, 239]",24,0.48819153429940343,0.21767887100577354,0.22615089066675864,"[563895318, 570730176, 26854162, 160315320, 275142002, 528973679, 578245079, 526067676, 69172137, 274216131]","[64, 64, 64, 64, 64, 64, 64, 64, 64, 64]"
525,50,"[1, 6, 8, 14, 30, 32, 60, 61, 75, 105, 106, 112, 114, 146, 169, 192, 194, 206, 209, 217, 224]",21,0.42565315682440996,0.22740614274516702,0.3073915345372543,"[119671887, 486964607, 477101385, 138296968, 309440188, 410780069, 421800907, 111073023, 26949837, 569776617]","[8, 14, 1, 224, 6, 224, 32, 206, 224, 217]"
526,50,"[32, 47, 60, 112, 118, 159, 174, 239, 240]",9,0.1561400219798088,0.055143657606095076,0.2604116795895,"[428022682, 427859512, 428022681, 84491517, 427455796, 553997351, 427960047, 554145425, 309886608, 17613869]","[240, 240, 240, 240, 240, 240, 240, 240, 240, 60]"
527,50,"[0, 8, 10, 17, 26, 67, 97, 106, 108, 111, 115, 126, 164, 181, 188, 194, 201, 202, 237, 239]",20,0.37969715567305684,0.23783316370099783,0.41871097512776034,"[337770232, 425475211, 202797995, 89574241, 298427025, 486564024, 31262502, 191188830, 439929411, 572342237]","[164, 97, 17, 10, 194, 10, 17, 17, 126, 194]"
528,50,"[6, 8, 10, 17, 20, 36, 49, 54, 58, 59, 93, 111, 112, 128, 156, 165, 188, 194, 201, 214, 217, 239, 241]",23,0.4680288564413786,0.190214853733778,0.35844188981244096,"[151560407, 155391489, 519323868, 366439712, 303464546, 413089858, 96285681, 221150388, 175513270, 512454539]","[59, 59, 59, 59, 59, 59, 59, 59, 59, 241]"
529,50,"[61, 152, 192, 237]",4,0.06369722913950682,0.09578821202740073,0.35847844055388123,"[205692914, 48824457, 391242099, 109037586, 241830589, 403518541, 558218589, 178355751, 567412056, 141686781]","[152, 237, 237, 237, 237, 237, 237, 237, 152, 237]"
530,50,"[0, 8, 10, 32, 39, 43, 60, 93, 111, 112, 114, 126, 128, 141, 165, 194, 201, 214, 217, 224, 228, 239, 241]",23,0.5426852041855454,0.17467696266248822,0.4067872553638628,"[560135005, 320549545, 560173664, 560178507, 33579243, 560170215, 560307609, 560202702, 62190354, 560202704]","[8, 0, 8, 39, 217, 8, 228, 43, 217, 8]"
531,50,"[0, 10, 17, 32, 39, 43, 93, 100, 106, 108, 111, 112, 114, 126, 128, 165, 188, 192, 194, 214, 217, 239]",22,0.49328701104968786,0.2016151868738234,0.474437264027074,"[20708183, 354191060, 429534339, 501382547, 401768964, 557908968, 401751653, 502044240, 573040798, 396473004]","[108, 93, 108, 108, 108, 108, 108, 108, 108, 194]"
532,50,"[6, 8, 10, 37, 40, 48, 60, 65, 67, 79, 81, 106, 109, 111, 112, 127, 148, 159, 184, 188, 200, 201, 209, 213, 215, 221, 225, 242]",28,0.5833354261703789,0.2064570002257824,0.3019623383214431,"[61993233, 277965556, 272578831, 447424439, 502085193, 487720156, 344124914, 346248317, 123838096, 242700425]","[67, 215, 215, 215, 215, 215, 8, 215, 215, 215]"
533,50,"[14, 17, 43, 64, 68, 96, 111, 112, 125, 141, 217]",11,0.2832441106438637,0.08407120034098625,0.3937397007618777,"[590164671, 520149710, 428304541, 552999872, 531186748, 227153031, 335233368, 38374470, 337350330, 170641969]","[64, 64, 64, 64, 64, 64, 64, 64, 64, 64]"
534,50,"[8, 32, 38, 57, 76, 92, 93, 112, 126, 170, 186, 194, 207, 217, 222, 224, 227, 239]",18,0.37557598669081926,0.13372818334028125,0.35372947717809844,"[427009267, 1332463, 330249683, 16387247, 377174133, 322669607, 51954795, 178299808, 405639373, 127179466]","[222, 207, 207, 207, 224, 32, 57, 186, 207, 57]"
535,50,"[7, 10, 17, 18, 32, 36, 43, 70, 94, 97, 105, 106, 108, 111, 114, 126, 192, 194, 214, 217, 228, 241]",22,0.5175731633789837,0.19051161874085665,0.42393490296407516,"[135213883, 296608572, 348594901, 409569125, 58852724, 385436833, 391173564, 537511200, 294221006, 224743290]","[114, 114, 114, 194, 114, 114, 114, 114, 114, 114]"
536,50,"[0, 8, 25, 38, 61, 83, 92, 152, 185, 192, 200, 216, 237, 240]",14,0.258405189961195,0.09714786754921079,0.2430253328888544,"[402493468, 65971972, 456402608, 131974822, 385738764, 564485727, 230534218, 577566495, 363409200, 553233970]","[237, 237, 237, 237, 237, 237, 237, 237, 237, 237]"
537,50,"[2, 10, 39, 49, 58, 60, 67, 70, 77, 82, 93, 96, 100, 112, 128, 139, 146, 165, 188, 194, 221, 222, 227, 239, 241]",25,0.3392957393079996,0.2571918065659702,0.28789593908935784,"[118696928, 204662725, 369727882, 122549331, 240924035, 239161889, 432255990, 414024632, 146777708, 118696929]","[82, 39, 39, 82, 82, 100, 241, 82, 39, 82]"
538,50,"[10, 20, 39, 49, 81, 82, 89, 100, 111, 125, 128, 132, 164, 188, 194, 213, 214, 234, 239]",19,0.31113673746585846,0.22079299902543426,0.3343278562135406,"[165273779, 303820935, 320859813, 502516863, 134482581, 534418664, 381833804, 260695453, 42421416, 441462598]","[128, 100, 128, 128, 128, 10, 128, 128, 128, 100]"
539,50,"[20, 33, 85, 96, 100, 125, 128, 188]",8,0.20862158481031656,0.050574005115777254,0.2640091428766027,"[496986301, 123083666, 241713019, 493392983, 5354004, 474528701, 497005162, 39305778, 31285918, 386054805]","[128, 188, 128, 128, 188, 85, 128, 96, 96, 85]"
540,50,"[10, 33, 40, 54, 67, 81, 85, 89, 96, 106, 114, 125, 128, 188]",14,0.324413372669369,0.1568995714187622,0.25811029782718314,"[137357883, 189654009, 267334804, 500010538, 63865312, 499928713, 500224551, 539799815, 141016056, 198256727]","[96, 96, 96, 125, 188, 89, 188, 33, 128, 96]"
541,50,"[0, 10, 39, 43, 51, 54, 58, 72, 111, 114, 126, 156, 164, 165, 188, 194, 214, 239, 241]",19,0.41773984441533685,0.17175641236826777,0.4280692224856466,"[11790623, 143974679, 368794346, 569457680, 143974680, 399281845, 162451809, 251457724, 173538003, 22277429]","[54, 54, 194, 239, 54, 194, 39, 194, 58, 54]"
542,50,"[1, 27, 32, 42, 59, 61, 75, 77, 80, 119, 133, 206, 210, 231, 240]",15,0.2593487440608442,0.14889771630987525,0.1946509174381693,"[196948683, 384252313, 378222535, 318779862, 396119654, 197506474, 542486797, 542519853, 439818553, 396160649]","[80, 80, 42, 240, 42, 42, 80, 42, 80, 206]"
543,50,"[1, 27, 30, 53, 60, 76, 80, 81, 82, 93, 106, 109, 112, 171, 186, 206, 209, 240]",18,0.30360288033261895,0.19112141616642475,0.26409884755654883,"[358210674, 522718490, 416260114, 259058018, 496181573, 160788017, 133869573, 426331662, 22039393, 41400402]","[80, 206, 80, 80, 109, 80, 80, 206, 80, 80]"
544,50,"[22, 61, 63, 70, 88, 102, 105, 106, 112, 127, 152, 153, 175, 221, 222, 242]",16,0.30092047061771154,0.11503040604293346,0.2944535801652819,"[379336593, 379301705, 379312487, 90026781, 379350332, 174112660, 264718859, 596057616, 405490897, 379306138]","[63, 63, 63, 63, 63, 63, 63, 63, 63, 63]"
545,50,"[4, 75, 79, 109, 146, 148, 171, 200, 207, 210]",10,0.21307996893301606,0.056531055830419064,0.16112481805030257,"[145084398, 423763699, 189694457, 555148552, 387580617, 344158863, 338072917, 464936886, 153822917, 284734160]","[171, 171, 171, 171, 171, 171, 171, 75, 171, 171]"
546,50,"[4, 20, 22, 54, 59, 67, 70, 77, 82, 84, 93, 104, 105, 127, 132, 175, 192, 195, 222]",19,0.3655910473316908,0.13257928006350994,0.24194529988361815,"[28169039, 28098047, 196600927, 343177902, 35221743, 599884884, 373205941, 525217917, 230805367, 163145883]","[22, 59, 22, 82, 22, 82, 22, 22, 82, 70]"
547,50,"[19, 27, 32, 75, 80, 109, 117, 171, 186, 206, 209, 217, 224]",13,0.15822885930538177,0.08978454116731882,0.27749095771175164,"[592182966, 592273675, 596623360, 240415233, 349892222, 390424334, 74766187, 471609244, 225248797, 106748058]","[224, 117, 27, 117, 117, 224, 117, 224, 209, 117]"
548,50,"[2, 30, 38, 45, 46, 47, 61, 64, 68, 92, 98, 110, 129, 159, 184, 212, 227, 237]",18,0.30670567927882075,0.12093724636361003,0.23244254736022818,"[305235514, 416172459, 311121833, 495811083, 583816488, 496522439, 494016466, 27420085, 462078825, 356627288]","[184, 184, 184, 184, 184, 184, 184, 184, 92, 184]"
549,50,"[10, 17, 20, 33, 36, 39, 49, 96, 100, 111, 112, 125, 128, 163, 164, 188, 234]",17,0.3935938854701817,0.14171870984137058,0.3580624556908494,"[97655870, 451205571, 305268778, 413543884, 105421046, 305268780, 305256519, 161716231, 50254066, 481020968]","[125, 125, 125, 128, 234, 234, 125, 96, 125, 125]"
550,50,"[49, 61, 64, 68, 81, 89, 110, 125, 148, 156, 164, 183, 184, 188, 201, 210, 213, 241, 242]",19,0.3015108439140022,0.18218652717769146,0.22263766308070013,"[110104781, 365956345, 379784786, 405342348, 405220095, 403931308, 405201139, 403972390, 257063804, 596674800]","[68, 68, 68, 68, 68, 68, 68, 68, 68, 68]"
551,50,"[4, 20, 22, 33, 37, 61, 70, 100, 105, 106, 112, 114, 127, 164, 167, 169, 192, 213, 216, 222]",20,0.3588408147916198,0.22812342690303922,0.3330659183324315,"[253128968, 550995109, 64346359, 272789943, 279323403, 289324148, 378280007, 435520325, 294489705, 26007120]","[20, 20, 20, 20, 20, 20, 112, 20, 20, 70]"
552,50,"[0, 1, 4, 6, 8, 19, 25, 47, 61, 77, 107, 133, 147, 167, 174, 192, 228, 241]",18,0.43446762673556805,0.10522373765707016,0.19828930735174152,"[387430141, 430416570, 199144504, 47763948, 140760693, 210934976, 182873893, 471434271, 321212558, 505836682]","[228, 228, 228, 107, 228, 8, 107, 228, 107, 19]"
553,50,"[0, 1, 4, 8, 10, 14, 32, 49, 60, 61, 89, 93, 100, 108, 111, 112, 132, 188, 194, 214, 239, 241]",22,0.5143749061971903,0.1551998583599925,0.2559508934976872,"[285159161, 314632339, 184182755, 15633309, 259075731, 172932936, 385912748, 273443106, 389026728, 583784461]","[241, 32, 32, 32, 8, 32, 32, 32, 241, 32]"
554,50,"[1, 20, 22, 39, 63, 70, 78, 82, 84, 166, 175, 195, 233]",13,0.3456641472876072,0.13521142164245248,0.19286673908265164,"[563590081, 547363610, 347670650, 186317781, 347670648, 441406741, 571785563, 502768381, 393800161, 282575724]","[175, 1, 1, 84, 84, 1, 1, 1, 84, 1]"
555,50,"[0, 10, 17, 18, 26, 48, 60, 81, 108, 111, 126, 132, 159, 164, 181, 184, 188, 194, 200, 201, 209, 215, 239, 241]",24,0.4272972596809268,0.18182623805478215,0.33762147069016163,"[81834019, 316225551, 428557457, 213679164, 209274715, 289474694, 340944129, 351984531, 325983672, 183636341]","[184, 184, 184, 184, 184, 184, 184, 241, 241, 184]"
556,50,"[2, 47, 91, 118, 159, 172, 174, 175, 228, 237, 240]",11,0.34229603968560696,0.06470731366425753,0.23115131036717107,"[201539799, 278732438, 586027926, 135281203, 239361347, 139451569, 340332462, 80171971, 405000154, 236136050]","[118, 237, 118, 175, 118, 174, 174, 118, 175, 175]"
557,50,"[70, 84, 127, 132, 153, 159, 164, 167, 175, 192, 194, 216]",12,0.25974164018407464,0.09081945568323135,0.32019540847977623,"[302946939, 550848062, 520059973, 14569986, 29259430, 78657985, 145250360, 14581510, 380424102, 411965760]","[216, 216, 216, 216, 216, 216, 216, 216, 216, 216]"
558,50,"[20, 39, 48, 64, 65, 70, 82, 84, 89, 93, 112, 132, 170, 171, 175, 183, 184, 188, 192, 194, 201, 217, 235]",23,0.3822734230197966,0.24134677881374955,0.2626632532388296,"[339775718, 313037491, 185218872, 359460564, 543882963, 127310136, 173027574, 356599999, 520013276, 573714606]","[64, 70, 171, 235, 188, 183, 184, 65, 184, 64]"
559,50,"[48, 68, 89, 125, 156, 164, 183, 184, 188]",9,0.17218658234924078,0.0648551220074296,0.23883362823269433,"[149011245, 149011244, 879383, 358962629, 301547627, 180913596, 279158838, 180913602, 244232859, 135997227]","[68, 68, 68, 68, 68, 68, 68, 68, 68, 68]"
560,50,"[8, 10, 17, 20, 33, 82, 84, 96, 106, 111, 112, 125, 127, 164, 184, 188, 201, 217, 221, 241]",20,0.4715302502736449,0.15491885831579566,0.35183082590810955,"[479248961, 227952470, 505840292, 137410740, 493062940, 356735023, 505820636, 142364103, 444451797, 352879255]","[125, 125, 125, 96, 125, 125, 125, 125, 125, 96]"
561,50,"[0, 26, 36, 54, 58, 65, 70, 82, 84, 88, 111, 126, 128, 156, 166, 167, 168, 169, 192, 194, 196, 201, 217, 241]",24,0.5244345627725124,0.1944701042957604,0.37050070935705054,"[212133469, 598475734, 473061910, 64232253, 352021386, 89415714, 266862407, 498783143, 142678476, 436779314]","[167, 168, 196, 196, 111, 167, 167, 192, 58, 241]"
562,50,"[17, 111, 127, 196, 216, 239, 241]",7,0.2175002763979137,0.0710066705942154,0.523680360887998,"[60324652, 88325508, 240494730, 153654459, 486581686, 143361805, 483911632, 534956768, 544430371, 289533226]","[196, 196, 196, 196, 196, 196, 196, 127, 196, 196]"
563,50,"[5, 10, 12, 17, 18, 39, 43, 52, 67, 82, 93, 112, 147, 159, 174, 175, 194, 241]",18,0.3425602000206709,0.11270102020353079,0.23887675443095052,"[447842928, 230938230, 371597128, 571371173, 330165389, 280007366, 223834768, 216360558, 306869074, 499446516]","[175, 175, 175, 175, 175, 175, 175, 175, 175, 175]"
564,50,"[4, 46, 75, 82, 109, 132, 146, 148, 159, 175, 186, 200, 209, 210, 216, 240]",16,0.31659765960648656,0.10302622662857175,0.19689826619287487,"[266646792, 29194220, 119178726, 260940865, 355649991, 355824508, 446593623, 370419775, 260154787, 370412560]","[210, 210, 210, 210, 82, 210, 216, 210, 210, 216]"
565,50,"[20, 49, 54, 58, 81, 85, 89, 96, 100, 110, 112, 125, 156, 164, 167, 188, 201, 213, 241]",19,0.3532872232608497,0.20109828934073448,0.26836839538851853,"[256961745, 19276295, 388422774, 146564670, 432347069, 497049636, 451244349, 58388602, 525279319, 246235813]","[110, 188, 96, 96, 110, 54, 188, 156, 85, 96]"
566,50,"[25, 36, 37, 46, 54, 58, 59, 81, 107, 133, 156, 167, 201, 210]",14,0.24851896706968546,0.10900036478415132,0.2362106196815148,"[272436769, 541364278, 88083414, 336488074, 34475341, 13584524, 95977264, 275635349, 415377701, 151735447]","[167, 167, 167, 167, 167, 167, 107, 167, 107, 167]"
567,50,"[5, 10, 82, 84, 88, 115, 146, 153, 169, 174, 175, 192, 196]",13,0.26631968514993787,0.1588910729624331,0.28427394506378245,"[473929517, 538914775, 538925381, 140009310, 26346305, 286559593, 77980225, 302749586, 291344535, 77916249]","[175, 5, 175, 5, 175, 175, 175, 175, 175, 5]"
568,50,"[1, 4, 6, 57, 81, 84, 93, 99, 111, 135, 166, 195, 200, 207, 227, 233, 241]",17,0.34199769934639335,0.09453262109309435,0.20047605852596462,"[450102184, 38475886, 567314320, 265937628, 356000186, 38557328, 42930795, 43217788, 292029508, 129944906]","[241, 166, 166, 166, 166, 166, 166, 166, 166, 166]"
569,50,"[5, 8, 10, 12, 32, 38, 47, 84, 92, 97, 118, 127, 159, 174, 175, 209, 228, 239, 240]",19,0.4249847694300115,0.13573814230039716,0.2831505492672716,"[496850423, 42399778, 479823429, 384850063, 310092822, 515657031, 284431052, 592818229, 28681453, 219950485]","[92, 92, 174, 47, 239, 47, 92, 92, 174, 10]"
570,50,"[10, 20, 26, 36, 49, 54, 58, 82, 96, 125, 126, 156, 164, 167, 188, 201, 241]",17,0.3027347489260137,0.12761919619515538,0.32973694265820086,"[352159117, 111281527, 540353667, 513465414, 589469571, 540420201, 14727417, 196776433, 375467088, 482118034]","[167, 125, 188, 125, 125, 188, 125, 125, 125, 125]"
571,50,"[1, 8, 32, 60, 61, 63, 93, 112, 146, 174, 175, 206, 209, 224, 239, 240]",16,0.3497478454373777,0.1694347644224763,0.21139136880810838,"[440077489, 364789004, 247218488, 460459013, 322463011, 486302639, 163450937, 315918906, 295748972, 315754944]","[93, 93, 93, 93, 93, 93, 93, 93, 93, 93]"
572,50,"[0, 17, 32, 39, 93, 100, 128, 165, 192, 194, 209, 214, 217, 224, 239, 241]",16,0.3508883621543646,0.13998769875615835,0.44119111920008436,"[370449528, 220490382, 579993383, 569221911, 275145977, 39802519, 430536765, 186160019, 97264044, 241829360]","[32, 32, 32, 32, 32, 32, 32, 32, 32, 217]"
573,50,"[0, 12, 17, 26, 46, 64, 65, 68, 97, 127, 148, 159, 170, 184, 212]",15,0.2064593997783959,0.17647037655115128,0.3165710049215704,"[472042446, 472042443, 275520693, 213767531, 204516723, 202782288, 477485815, 485258543, 203558264, 82702990]","[184, 184, 184, 184, 184, 184, 46, 184, 46, 184]"
574,50,"[10, 63, 70, 84, 126, 132, 175, 192]",8,0.17060824111104012,0.06385956658050418,0.3991603479080368,"[329749426, 23495679, 327771246, 182762665, 197075458, 495090783, 329780075, 529181142, 66200712, 399898664]","[192, 192, 84, 84, 84, 175, 192, 84, 84, 192]"
575,50,"[1, 4, 30, 53, 76, 79, 80, 82, 109, 146, 148, 206, 209, 212, 225, 231, 240, 244]",18,0.37190630519762635,0.17957691615447402,0.2316225637655912,"[771940, 771942, 429182572, 464559510, 167257391, 771941, 362577405, 34483015, 413183299, 461600878]","[109, 109, 109, 109, 109, 109, 109, 109, 80, 109]"
576,50,"[4, 5, 10, 12, 18, 26, 51, 102, 115, 124, 126, 132, 159, 169, 172, 175, 202]",17,0.27762171905487776,0.1974978856742382,0.3498667902039254,"[437210537, 336076249, 464257251, 215555962, 221075996, 361200040, 140009631, 336075144, 80923322, 490033426]","[102, 12, 102, 124, 12, 12, 12, 5, 12, 5]"
577,50,"[0, 6, 8, 10, 49, 61, 70, 82, 88, 89, 100, 125, 127, 132, 169, 175, 184, 188, 195, 216, 241, 242]",22,0.439597824588418,0.1568697183392942,0.2434031244325028,"[471932470, 38037888, 83333259, 248089762, 594640809, 541759792, 349090450, 488180259, 248940775, 477140071]","[188, 132, 188, 175, 82, 132, 132, 132, 132, 132]"
578,50,"[8, 10, 60, 91, 126, 127, 159, 174, 175, 194, 209, 227, 239, 241]",14,0.40160950319841504,0.09549544379115105,0.34756591169363155,"[76031505, 203432599, 498698775, 273225628, 291604185, 114824112, 136361427, 462772718, 462716777, 473536997]","[239, 239, 126, 239, 239, 174, 239, 239, 239, 239]"
579,50,"[20, 36, 54, 58, 70, 156, 167, 192, 201, 228]",10,0.12548734294250607,0.07946356805041432,0.27041447183582934,"[273577208, 100927456, 550864144, 58132671, 451783471, 189467229, 407817478, 380376454, 451742210, 263991857]","[228, 228, 228, 228, 228, 54, 228, 156, 228, 228]"
580,50,"[4, 12, 20, 68, 77, 84, 111, 112, 183, 192, 228, 235, 239]",13,0.21904483018442988,0.0865824781358242,0.25944394080971295,"[489394641, 194509153, 67393348, 365720678, 470309177, 122260749, 583650045, 501212221, 156256342, 254612706]","[68, 84, 84, 68, 68, 68, 68, 84, 68, 68]"
581,50,"[10, 17, 26, 61, 67, 72, 82, 89, 97, 102, 106, 108, 125, 132, 148, 164, 184, 188, 201, 231, 236, 239, 241, 242]",24,0.37839996675029397,0.2371173552237451,0.26922131493726437,"[202355617, 428364306, 476362339, 238201816, 42562283, 64742332, 163787386, 192344732, 277274117, 64740314]","[242, 242, 242, 102, 242, 242, 242, 17, 242, 242]"
582,50,"[1, 27, 32, 37, 52, 112, 117, 206, 209, 224]",10,0.19071046961471438,0.06903648236766458,0.2759901301935315,"[536835298, 338595158, 507160926, 551179478, 535353451, 452364771, 313890061, 98404273, 573709207, 90660656]","[32, 32, 32, 32, 32, 32, 32, 32, 32, 32]"
583,50,"[8, 10, 43, 49, 58, 61, 67, 70, 82, 88, 89, 93, 106, 108, 112, 125, 127, 128, 132, 165, 167, 169, 188, 196, 201, 214, 239, 241]",28,0.5530827553011477,0.26566902035847306,0.3090875083580613,"[366594023, 197982629, 538899556, 303558475, 28586845, 302932857, 531236717, 584665657, 523834544, 514426310]","[8, 241, 8, 241, 8, 241, 8, 241, 8, 241]"
584,50,"[10, 39, 49, 100, 111, 128, 164, 188, 194, 196, 239]",11,0.18410256877541542,0.0931267966516316,0.3618947449563579,"[365086743, 384524498, 584012182, 264913044, 162287460, 15905723, 274204087, 584996896, 418460283, 46509329]","[128, 128, 128, 128, 39, 128, 128, 128, 128, 128]"
585,50,"[1, 4, 10, 39, 49, 59, 61, 77, 81, 82, 99, 100, 109, 111, 132, 146, 164, 169, 196, 210, 211, 222, 241]",23,0.44085680646821856,0.17088481737300754,0.24723963943593527,"[456106798, 158424658, 229605502, 229588557, 26032459, 103108200, 261207769, 113411848, 545495268, 456113403]","[39, 49, 211, 77, 39, 211, 241, 39, 211, 39]"
586,50,"[36, 54, 58, 82, 156, 167, 192, 201]",8,0.1604262157343328,0.0687826881185174,0.29003246253705584,"[477671044, 226950698, 199290506, 160217145, 390578956, 220582591, 319774700, 9901132, 406107231, 56384349]","[54, 54, 54, 58, 54, 54, 54, 54, 54, 54]"
587,50,"[0, 26, 48, 64, 68, 97, 110, 112, 126, 164, 174, 183, 184, 201]",14,0.18829961121082306,0.10406955983489752,0.34694464078971315,"[175818502, 474016655, 450346622, 398947805, 188896256, 443107323, 219341708, 13335766, 36416778, 442922431]","[184, 184, 183, 184, 184, 184, 184, 184, 68, 184]"
588,50,"[36, 43, 54, 188, 192, 201]",6,0.1928881756030023,0.04400825034826994,0.2866576836289217,"[75423562, 482782637, 524051178, 112943153, 449240029, 447901314, 69395027, 566866547, 263821027, 233602428]","[36, 54, 54, 54, 54, 54, 54, 54, 54, 54]"
589,50,"[4, 49, 59, 61, 77, 82, 85, 109, 118, 146, 180, 182, 195, 199, 210, 221, 222, 228, 242]",19,0.34873228799551725,0.11799947544932365,0.23493610209736385,"[51722543, 544158612, 71189472, 532401074, 317240786, 544158611, 500392072, 244648089, 523309132, 544506452]","[77, 49, 146, 146, 77, 77, 77, 77, 77, 146]"
590,50,"[5, 102, 106, 170, 180, 193, 221]",7,0.12984534911811352,0.05533780064433813,0.3093723775486329,"[540273745, 291758973, 191187373, 183341271, 117889920, 325993256, 55508548, 570182881, 481016194, 74833640]","[180, 180, 106, 180, 170, 170, 102, 170, 170, 170]"
591,50,"[17, 20, 33, 37, 39, 49, 82, 96, 100, 108, 109, 125, 128, 146, 164, 188, 210, 221]",18,0.38513311417773366,0.13640220556408167,0.2917435362728106,"[151897408, 194563699, 186857299, 91825157, 25427494, 525960136, 428646027, 484265063, 88106722, 154953188]","[221, 96, 20, 100, 221, 20, 146, 20, 96, 109]"
592,50,"[10, 14, 37, 40, 43, 46, 54, 64, 70, 75, 77, 82, 92, 108, 109, 114, 126, 129, 132, 133, 141, 186, 217, 228]",24,0.34186400612816215,0.23724759323522449,0.2969416698227481,"[161497776, 570734412, 437848111, 352279542, 279266569, 418025008, 34947156, 108878641, 503451317, 108982290]","[141, 64, 64, 43, 43, 64, 64, 43, 141, 141]"
593,50,"[1, 79, 92, 97, 99, 112, 118, 129, 152, 166, 168, 169, 174, 196, 207, 209, 212, 216, 222, 227, 233, 237, 241, 244]",24,0.5071943658404052,0.23418828519061208,0.2944222300235803,"[62564213, 62564212, 292362697, 475167337, 153448664, 45424356, 551927611, 552189324, 63543594, 273410682]","[227, 227, 227, 227, 227, 227, 227, 227, 227, 227]"
594,50,"[0, 8, 10, 12, 14, 17, 18, 25, 77, 81, 91, 97, 106, 111, 112, 118, 127, 133, 164, 169, 171, 174, 181, 200, 209, 211, 212, 228, 241]",29,0.49513338692486286,0.33175915759056807,0.3013437112375837,"[168881132, 263043432, 168840713, 588274932, 191546062, 212521151, 578693503, 517951150, 164428144, 266620919]","[228, 212, 77, 18, 127, 127, 25, 212, 127, 25]"
595,50,"[12, 14, 32, 38, 47, 91, 97, 118, 127, 159, 174, 181, 209, 224, 227, 239, 240]",17,0.3701652102172375,0.1115763746201992,0.2923307930228903,"[547046290, 106264746, 275560893, 104460633, 474417755, 367391428, 325554586, 182027597, 140931744, 459634385]","[174, 174, 118, 174, 47, 118, 174, 118, 174, 118]"
596,50,"[1, 4, 20, 22, 63, 70, 82, 84, 105, 110, 132, 175, 192, 195, 213]",15,0.3027751659974456,0.1031629629433155,0.23802394643425942,"[123127955, 303041014, 179716294, 395202347, 188759256, 338469332, 163143152, 302881821, 400018106, 395180970]","[84, 84, 84, 84, 175, 20, 70, 84, 84, 84]"
597,50,"[10, 49, 82, 88, 99, 146, 168, 169, 195, 196]",10,0.18509041471406817,0.07048903219401836,0.263674300070852,"[92206394, 65698452, 30933330, 92104846, 502576435, 521676482, 209046495, 248946728, 390217570, 60535722]","[169, 169, 169, 169, 169, 169, 169, 82, 195, 195]"
598,50,"[2, 25, 92, 93, 112, 118, 185, 212, 227, 236, 241]",11,0.15396801102906466,0.06614857073873281,0.24134088047272104,"[421629912, 241271105, 484100820, 132278938, 541584758, 263799811, 76505596, 20240455, 366369093, 300621365]","[212, 92, 227, 212, 212, 212, 212, 212, 212, 212]"
599,50,"[1, 10, 25, 59, 81, 85, 91, 92, 107, 133, 193, 210, 212, 222, 228, 236, 237, 240]",18,0.4858397184871137,0.1069441931322217,0.20441168937314716,"[527020027, 102815399, 343008286, 175685298, 501330071, 528146187, 255818314, 286064649, 197172078, 27334687]","[59, 59, 59, 59, 59, 59, 59, 59, 59, 59]"
600,50,"[1, 4, 10, 22, 26, 61, 63, 70, 82, 84, 88, 99, 105, 146, 192, 207]",16,0.2960695722140372,0.10496972501277924,0.21811826188059058,"[424952617, 384323025, 500607810, 199163839, 484609720, 107885682, 119051487, 599300985, 14502669, 396516428]","[82, 82, 82, 82, 82, 82, 82, 82, 82, 82]"
601,50,"[1, 4, 6, 14, 88, 99, 111, 135, 146, 166, 168, 200, 207, 227, 233]",15,0.3839405360631645,0.0953613962046802,0.2314891667726139,"[406436395, 339749203, 165416542, 370229257, 75129625, 354676777, 205058866, 284043042, 596229903, 464651684]","[166, 1, 166, 166, 166, 1, 1, 168, 166, 166]"
602,50,"[33, 39, 49, 59, 67, 70, 72, 82, 85, 96, 100, 106, 111, 112, 128, 188, 210, 221]",18,0.4390984596684575,0.12323232926428318,0.275065813653378,"[334476013, 207152477, 111337864, 182239198, 384197541, 253793192, 456652634, 357619060, 98869341, 459993720]","[96, 33, 96, 96, 188, 96, 188, 96, 85, 188]"
603,50,"[0, 10, 14, 17, 32, 39, 60, 93, 111, 128, 174, 192, 194, 209, 239]",15,0.29513952136039734,0.12253709230571985,0.3451640696109583,"[588878422, 427309145, 55541073, 553220401, 471025135, 369130037, 169822083, 167363499, 320293660, 167244620]","[32, 32, 32, 32, 32, 32, 32, 32, 32, 32]"
604,50,"[43, 52, 76, 117, 141, 171, 186, 192, 209, 224]",10,0.16276049613952637,0.0641388944350183,0.26271484498865905,"[336299223, 229471206, 481723434, 422487549, 110483703, 69759352, 481723432, 481723433, 386527738, 427311451]","[224, 224, 224, 224, 224, 224, 224, 224, 224, 224]"
605,50,"[47, 91, 118, 127, 159, 174, 239]",7,0.18246790766716003,0.1103556351736188,0.3392773229030094,"[390687446, 476178581, 225134385, 424621063, 44583711, 287036467, 401340397, 467091109, 57928208, 394885914]","[118, 91, 118, 118, 118, 118, 118, 118, 118, 118]"
606,50,"[14, 49, 77, 81, 85, 112, 146, 167, 228, 241]",10,0.17482950678095222,0.056532174814492464,0.1933993141166866,"[52685700, 436624064, 436624049, 69903041, 436624051, 436822737, 215705799, 38712243, 499509758, 316890181]","[167, 167, 167, 167, 167, 167, 167, 167, 167, 167]"
607,50,"[1, 25, 88, 99, 111, 135, 166, 168, 178, 196, 207, 233]",12,0.3497197520919144,0.0899255620315671,0.2851193882330942,"[81381669, 569627681, 419304340, 247470802, 538996026, 371611327, 309763558, 72525570, 132771547, 554063361]","[233, 168, 178, 233, 135, 233, 168, 135, 135, 207]"
608,50,"[30, 79, 87, 110, 111, 146, 165, 187, 210, 225]",10,0.3228041804395616,0.07435765629634261,0.41324203747790306,"[95463379, 567985689, 192945609, 120280881, 232253191, 297576433, 20785716, 298440582, 64716623, 241988467]","[187, 187, 187, 187, 187, 187, 187, 187, 187, 187]"
609,50,"[10, 43, 54, 70, 82, 89, 96, 108, 114, 126, 132, 188, 194, 213, 239]",15,0.34287812234833837,0.1133065577596426,0.3554504802605758,"[588498671, 154902085, 472270857, 174570353, 296244183, 276438660, 461278669, 414459931, 433786123, 385754724]","[54, 188, 188, 10, 188, 114, 194, 194, 194, 194]"
610,50,"[1, 5, 10, 75, 77, 82, 109, 132, 146, 171, 174, 175, 186, 188, 195, 200, 207, 210, 240]",19,0.3892770018428564,0.12480843346565962,0.17190540828251918,"[2727716, 573703927, 560808089, 2737865, 386771216, 13610151, 105642113, 381455618, 189747804, 322112568]","[171, 1, 146, 186, 146, 171, 210, 210, 1, 1]"
611,50,"[1, 4, 5, 6, 10, 20, 39, 49, 58, 82, 93, 112, 125, 146, 165, 168, 196, 221]",18,0.3785372800193727,0.13617148762568831,0.3455558543274593,"[332898321, 402436642, 40346389, 443497886, 482143889, 71669903, 30635393, 7384382, 225455397, 214022321]","[58, 20, 20, 146, 82, 49, 20, 20, 20, 20]"
612,50,"[20, 36, 39, 43, 54, 64, 70, 93, 104, 111, 112, 128, 167, 188, 192, 194, 201, 213, 217]",19,0.4645818662829697,0.14491884922608733,0.33770138384333176,"[38567733, 564410849, 544164872, 263408385, 276854456, 8481394, 90141804, 444249025, 356097437, 442453543]","[188, 54, 188, 54, 54, 188, 188, 93, 54, 188]"
613,50,"[0, 10, 60, 70, 111, 115, 126, 127, 159, 174, 175, 194, 224, 239, 240, 241]",16,0.3073797635734081,0.1947229984216392,0.40421019108907785,"[39115881, 551012222, 342645339, 259939626, 39115882, 63532455, 145974052, 134097358, 270086623, 39115904]","[240, 240, 60, 60, 240, 60, 60, 194, 60, 240]"
614,50,"[1, 6, 8, 14, 32, 61, 75, 76, 79, 81, 82, 88, 94, 99, 106, 112, 166, 168, 196, 211, 217, 227, 231]",23,0.4994066208600998,0.2145565883256495,0.2488977281154012,"[225776091, 132901945, 487411551, 55672457, 231568068, 239908167, 358316889, 361411950, 508825644, 1792793]","[8, 8, 8, 8, 88, 32, 94, 32, 1, 227]"
615,50,"[2, 14, 19, 30, 43, 57, 61, 70, 81, 92, 97, 105, 106, 114, 133, 147, 164, 181, 182, 184, 185, 192, 209, 212, 228, 237, 241]",27,0.49489370733499527,0.19932068372145295,0.28444382378452077,"[431884419, 302687542, 302787586, 431936170, 302656394, 302719345, 289556263, 98967338, 302521072, 302646221]","[81, 81, 81, 212, 81, 81, 81, 212, 81, 81]"
616,50,"[18, 20, 36, 39, 60, 72, 96, 100, 106, 111, 112, 126, 128, 169, 188, 194, 201, 213, 214, 217, 221, 234, 239]",23,0.39614468486979604,0.32800640910863876,0.41061590333550196,"[523346240, 297171349, 598320548, 492642286, 496268797, 329124159, 114332889, 29124518, 335161070, 341191594]","[128, 128, 128, 72, 128, 128, 128, 128, 128, 128]"
617,50,"[0, 8, 39, 59, 60, 67, 70, 84, 112, 122, 126, 192, 201]",13,0.24234588909894228,0.0994601622223854,0.4335161571283467,"[173320221, 352497176, 426401905, 204700295, 290442632, 282335757, 460315475, 400274367, 555869126, 568694346]","[84, 192, 67, 67, 67, 67, 84, 192, 67, 67]"
618,50,"[17, 33, 37, 67, 72, 89, 96, 102, 106, 111, 115, 125, 164, 188, 194, 213, 221, 242]",18,0.4637809991836548,0.1570493672043085,0.39463758133610505,"[565862738, 408880737, 383227627, 84374302, 253832749, 10238798, 282374215, 227034512, 237707832, 101389463]","[188, 102, 125, 125, 125, 242, 125, 125, 125, 72]"
619,50,"[1, 4, 10, 30, 53, 60, 75, 79, 81, 82, 87, 109, 146, 148, 159, 174, 186, 206, 209, 216, 217, 231, 240, 244]",24,0.42318975599482656,0.15944592421874404,0.2421862595171357,"[19660820, 771942, 375376982, 566818758, 419050400, 771941, 250865468, 375237058, 369088283, 156276811]","[87, 109, 240, 240, 87, 109, 53, 240, 240, 53]"
620,50,"[4, 10, 20, 61, 70, 93, 97, 108, 111, 112, 164, 165, 167, 174, 194, 196, 212, 217, 227, 228, 241]",21,0.4142535557039082,0.16315496200695634,0.3726310721554217,"[67416060, 11872086, 11872088, 12231062, 531526174, 586277425, 12211175, 319107977, 47493220, 94095013]","[93, 217, 217, 165, 93, 93, 165, 217, 217, 93]"
621,50,"[12, 43, 48, 64, 68, 112, 148, 181, 183, 184, 201, 215]",12,0.18954512244090438,0.1409926894120872,0.22369394038105384,"[373693970, 263701942, 303106971, 295635588, 572461509, 573451396, 221705125, 931778, 343313517, 244505226]","[68, 68, 68, 68, 68, 68, 68, 68, 68, 68]"
622,50,"[57, 106, 112, 152, 182, 193, 207, 210, 222, 242]",10,0.1864799545146525,0.06531233992427588,0.23458488292526453,"[26314024, 395559839, 453512508, 223863815, 309928761, 374637179, 61582487, 401675343, 374637180, 224009426]","[222, 222, 207, 207, 207, 207, 207, 207, 222, 207]"
623,50,"[1, 4, 6, 37, 49, 61, 75, 77, 81, 93, 109, 146, 159, 166, 167, 171, 186, 207, 210, 228, 240]",21,0.38716643350198865,0.1916288728825748,0.17848294135183096,"[24694555, 92815327, 137885838, 117532381, 588443261, 327367659, 188152919, 385444398, 555820552, 115721671]","[171, 171, 171, 171, 171, 171, 171, 171, 171, 171]"
624,50,"[4, 45, 59, 68, 70, 82, 84, 92, 167, 175, 183, 192, 215, 216, 235]",15,0.24081644136458635,0.16774003766477108,0.24217207290542622,"[257872925, 181927349, 351480136, 174003689, 565078059, 269788052, 316305085, 32610174, 194705925, 178805248]","[175, 216, 216, 175, 175, 92, 175, 92, 92, 175]"
625,50,"[5, 10, 26, 77, 82, 132, 168, 172, 175, 195, 233, 242]",12,0.23261195700615644,0.08329148683696985,0.23124207595052818,"[186883248, 573087577, 464070189, 163579862, 291104768, 15193419, 325940158, 170606752, 207430, 50000124]","[5, 5, 5, 5, 5, 5, 5, 5, 5, 5]"
626,50,"[1, 6, 99, 168, 207, 233]",6,0.13831930328160524,0.03780297515913844,0.23452720465138555,"[478132332, 142152439, 142460349, 520924175, 70223328, 108474819, 518645705, 276995012, 329464210, 80044224]","[233, 233, 233, 233, 233, 233, 168, 168, 233, 233]"
627,50,"[39, 60, 100, 111, 125, 128, 163, 183, 188, 194, 213, 214, 217, 239, 242]",15,0.2619607853703201,0.19586748722940683,0.41091088835770884,"[18318956, 18340043, 159280392, 411558093, 86248052, 471099296, 333310803, 495400450, 461870742, 308596174]","[128, 128, 128, 128, 128, 128, 128, 128, 128, 128]"
628,50,"[10, 20, 33, 49, 59, 70, 72, 81, 85, 87, 89, 96, 106, 125, 132, 188, 200, 201, 210, 222, 242]",21,0.47144141467288136,0.13056237064301968,0.2184250648466072,"[157271052, 314595336, 49047413, 43788374, 26284747, 293525320, 424794905, 60550872, 584015375, 279216505]","[125, 20, 188, 188, 20, 188, 188, 125, 20, 96]"
629,50,"[1, 14, 32, 81, 82, 88, 93, 99, 166, 227, 233, 239, 240, 241]",14,0.3312363447621465,0.08415350504219532,0.18067985796369612,"[482572563, 314588527, 315634196, 491471872, 514987768, 43721830, 214804145, 328480307, 216230541, 314848645]","[240, 240, 240, 240, 240, 32, 32, 32, 32, 240]"
630,50,"[6, 10, 49, 61, 67, 70, 89, 96, 100, 106, 108, 125, 132, 164, 165, 169, 184, 188, 194, 201, 213, 222, 241]",23,0.35988004924729466,0.23604045528918505,0.32084605478398176,"[298973970, 57429897, 318785263, 479633326, 182831502, 158270926, 236874882, 303428083, 12972342, 411815197]","[125, 125, 188, 132, 213, 125, 188, 213, 125, 184]"
631,50,"[10, 17, 52, 63, 70, 93, 105, 111, 112, 114, 126, 133, 167, 192, 194, 241]",16,0.3063380657695234,0.1964725418947637,0.4060982905793935,"[193439524, 155123214, 114881779, 237816263, 508376055, 460263420, 477733551, 280739570, 165250760, 450452282]","[133, 93, 93, 52, 192, 52, 192, 192, 192, 192]"
632,50,"[20, 22, 36, 54, 70, 105, 112, 156, 192, 201, 215, 235]",12,0.16762666311115026,0.09721516259014606,0.30557638098252937,"[257268332, 277269490, 566613268, 409454185, 146300108, 98254733, 176141094, 446824157, 235897757, 176552932]","[235, 22, 235, 235, 235, 235, 235, 235, 235, 235]"
633,50,"[0, 17, 20, 36, 70, 96, 108, 112, 125, 126, 128, 164, 167, 188, 192, 194, 201, 213, 214, 221]",20,0.3666012263856828,0.17286537075415254,0.42000194389838724,"[495992460, 160654867, 364758013, 325153572, 74388090, 495926802, 509012710, 61461696, 498622424, 498926953]","[128, 128, 128, 128, 128, 128, 201, 128, 128, 128]"
634,50,"[30, 60, 75, 109, 117, 146, 148, 171, 186, 200, 206, 209, 210]",13,0.2425512303598225,0.09211821621283889,0.2542929759141631,"[111052982, 24303294, 172556875, 504226773, 234257212, 342163173, 241129105, 182287284, 495218298, 124714234]","[117, 171, 171, 171, 117, 117, 171, 117, 171, 117]"
635,50,"[20, 25, 49, 58, 59, 81, 82, 96, 164, 165, 166, 167, 188, 210, 213, 241]",16,0.34272829443216324,0.10729549312964082,0.3034300544677535,"[533541534, 578189724, 470960410, 525434594, 81392412, 81392396, 25812792, 578860500, 61600306, 81392410]","[25, 167, 167, 167, 167, 167, 49, 167, 167, 167]"
636,50,"[0, 8, 14, 20, 33, 36, 61, 77, 81, 85, 112, 125, 164, 167, 174, 181, 188, 192, 210, 211, 228, 241]",22,0.5706277210265398,0.13410776434466243,0.2276230982758782,"[469405551, 23419281, 23408459, 23415726, 525291840, 106610442, 483125603, 122133702, 391801689, 168562048]","[211, 8, 8, 8, 211, 0, 211, 228, 8, 33]"
637,50,"[1, 6, 30, 39, 82, 84, 93, 112, 159, 171, 175, 186, 194, 196, 200, 209, 214, 217, 224, 227, 239, 241]",22,0.46819615410640836,0.23352597933262587,0.3139655974122103,"[368743590, 43957939, 444279346, 590882958, 59241120, 549849968, 528989644, 497215226, 513790326, 149497159]","[209, 200, 227, 200, 6, 6, 200, 209, 200, 227]"
638,50,"[5, 52, 56, 59, 67, 93, 97, 102, 112, 126, 132, 147, 159, 175, 192, 214, 217, 224, 239]",19,0.3989961468614638,0.14072977658361197,0.3638900589001806,"[52619765, 437637319, 30241915, 40412331, 381581941, 43258519, 218706577, 480778693, 481010923, 40252220]","[67, 67, 67, 67, 67, 67, 67, 175, 67, 67]"
639,50,"[32, 39, 60, 82, 93, 109, 146, 206, 209, 239, 240]",11,0.12440439825877547,0.07469413848593831,0.24134382213973862,"[84260518, 384519103, 138298669, 384374602, 536343437, 527643448, 154164185, 414152718, 40998165, 151066788]","[240, 240, 240, 240, 240, 240, 60, 240, 240, 240]"
640,50,"[4, 6, 27, 30, 42, 53, 76, 80, 106, 112, 122, 165, 187, 214, 217, 224, 225, 231, 244]",19,0.42889051558449864,0.14901809999719262,0.42434162543596404,"[214248553, 452546311, 452546306, 574185480, 86366237, 350668882, 452546307, 298577091, 103560942, 452538893]","[80, 244, 244, 217, 42, 244, 187, 80, 165, 244]"
641,50,"[57, 72, 88, 99, 111, 112, 165, 168, 196, 207, 222, 227, 233]",13,0.21911011170595884,0.1745604807510972,0.4183457358202969,"[577061003, 153219297, 271819036, 318091797, 487497367, 458866700, 192125337, 188212692, 11274974, 435849358]","[207, 207, 207, 207, 207, 207, 207, 207, 207, 207]"
642,50,"[0, 6, 8, 20, 37, 39, 40, 96, 100, 106, 111, 112, 125, 128, 163, 188, 194, 213, 214, 239, 241]",21,0.43555259285494685,0.17407590383663774,0.3490925063268237,"[147722034, 395340719, 76057898, 320859813, 397200787, 359634636, 567076222, 231774083, 408680862, 515135566]","[241, 111, 8, 128, 8, 0, 100, 8, 8, 194]"
643,50,"[4, 70, 82, 84, 105, 112, 167, 192]",8,0.10458812164142728,0.059721340890973806,0.28056280518649146,"[250364638, 187284050, 56152969, 260063780, 500785055, 342712761, 230995532, 131701346, 500687498, 54409881]","[84, 84, 84, 84, 84, 84, 192, 84, 192, 192]"
644,50,"[20, 36, 43, 54, 58, 99, 156, 167, 188, 196, 201, 233, 241]",13,0.21895206300541759,0.14891617745161057,0.22784318051372582,"[83346459, 179407044, 83346460, 83177308, 78038498, 494057863, 117099994, 253614455, 188793172, 83307920]","[188, 36, 36, 36, 36, 99, 233, 156, 99, 36]"
645,50,"[1, 4, 6, 19, 30, 32, 63, 75, 93, 109, 111, 117, 146, 171, 186, 200, 209, 224]",18,0.33649639692157507,0.1352324108593166,0.27118701437332976,"[556581636, 386944031, 383852200, 282782695, 35420134, 141959737, 90077601, 31901743, 589978449, 335675800]","[117, 117, 186, 171, 117, 93, 186, 1, 186, 6]"
646,50,"[5, 10, 17, 26, 58, 79, 82, 93, 99, 111, 132, 156, 168, 169, 172, 175, 188, 196, 201, 239, 241, 242]",22,0.4059366276487708,0.23090705554932356,0.2768890311285345,"[158194971, 469650990, 456725164, 120387136, 575284450, 38486640, 24285917, 575284452, 478867652, 456724261]","[17, 5, 82, 17, 58, 17, 17, 58, 5, 5]"
647,50,"[4, 10, 17, 20, 70, 81, 84, 105, 111, 126, 164, 167, 192, 216]",14,0.2994721787981689,0.11835320247337222,0.42164149807233897,"[177732495, 452329595, 167974761, 325021566, 306114045, 8954076, 185497228, 545377075, 310407228, 34010644]","[192, 192, 192, 192, 84, 192, 192, 192, 192, 192]"
648,50,"[4, 22, 37, 61, 65, 67, 70, 97, 102, 104, 105, 106, 108, 127, 169, 170, 180]",17,0.29494879860430956,0.14350467082113028,0.33931742787963765,"[232601211, 427788517, 282379282, 94324763, 232601212, 428086382, 231643095, 401847970, 543485315, 246964444]","[22, 67, 22, 22, 105, 22, 67, 22, 67, 22]"
649,50,"[1, 4, 6, 10, 25, 82, 99, 135, 146, 153, 166, 168, 196, 207, 210, 212, 233]",17,0.4738033418543637,0.09919565171003342,0.21817490094176986,"[315300538, 533846640, 7858121, 246448485, 186572150, 392135103, 115108218, 71784470, 525579670, 246448488]","[166, 166, 166, 166, 166, 146, 146, 166, 166, 146]"
650,50,"[4, 22, 61, 63, 70, 102, 105, 106, 111, 112, 126, 133, 192, 216, 221]",15,0.24064386542886496,0.19927469501271844,0.40634735863034926,"[40883192, 412515893, 280105499, 125796007, 125796008, 521801370, 521801371, 521801369, 40839322, 167999373]","[22, 22, 22, 22, 22, 22, 22, 22, 22, 22]"
651,50,"[1, 39, 49, 84, 88, 93, 96, 99, 100, 106, 109, 111, 112, 128, 152, 166, 168, 188, 196, 213, 221, 227, 234, 239, 241]",25,0.5739049529656768,0.18449629563838243,0.304489740440622,"[80079967, 205549066, 139132979, 310552818, 585278916, 56669156, 476942735, 274732724, 323180119, 365483183]","[168, 168, 168, 168, 168, 168, 168, 168, 168, 168]"
652,50,"[20, 39, 63, 70, 82, 84, 100, 111, 167, 175, 192]",11,0.2708519301377237,0.08585575502365828,0.31516210410997947,"[186679495, 376494354, 48079131, 421481977, 49317915, 49303580, 299892042, 541968100, 597259699, 316139193]","[82, 82, 100, 100, 100, 82, 100, 82, 82, 100]"
653,50,"[0, 8, 20, 70, 93, 106, 108, 111, 112, 126, 127, 169, 171, 209, 239, 241]",16,0.29654989251866937,0.180223832372576,0.3798869191814447,"[410785755, 188820748, 467385104, 334400966, 237898935, 245953715, 85718521, 339328946, 111168127, 16702065]","[93, 20, 241, 0, 127, 0, 241, 0, 93, 20]"
654,50,"[1, 39, 60, 77, 84, 109, 111, 112, 128, 166, 168, 194, 196, 233, 240]",15,0.4337455774657428,0.11367609538137913,0.3328697694465518,"[406395383, 439140323, 522216861, 60620382, 517493427, 60620381, 332321204, 129776897, 510805762, 181451141]","[166, 166, 166, 166, 166, 166, 166, 166, 166, 166]"
655,50,"[1, 20, 39, 49, 58, 77, 84, 100, 111, 112, 135, 146, 166, 168, 184, 194, 196, 233, 241]",19,0.42947688279673457,0.2062106323428452,0.2937429346095182,"[277338290, 236243808, 340133467, 435736940, 445320567, 40645648, 205800773, 177926973, 99573468, 288962219]","[166, 166, 166, 166, 166, 166, 166, 166, 166, 166]"
656,50,"[10, 17, 49, 54, 77, 81, 82, 85, 89, 109, 110, 125, 132, 183, 184, 188, 194, 241, 242]",19,0.327462499961257,0.19931610813364387,0.24446341437042543,"[182733864, 449459800, 367785867, 169268632, 401741747, 31371262, 532670018, 347369607, 208641729, 165709190]","[188, 188, 188, 188, 188, 241, 188, 188, 125, 188]"
657,50,"[1, 4, 6, 30, 79, 87, 109, 146, 172, 195, 209, 240]",12,0.23797707026824355,0.0742381033487618,0.22630724778476483,"[454801877, 299516535, 55959542, 223849806, 18863213, 492298826, 51408749, 129226826, 274541845, 454770638]","[146, 146, 146, 146, 146, 146, 146, 146, 146, 146]"
658,50,"[6, 20, 39, 49, 58, 60, 77, 82, 84, 100, 111, 112, 128, 168, 188, 194, 196, 199, 239, 241]",20,0.3539900043979287,0.15442206291481853,0.3007328187231906,"[1472967, 449551253, 554282561, 165034280, 545838887, 340075876, 373492000, 78372221, 52725401, 544176594]","[199, 199, 39, 128, 128, 241, 20, 39, 199, 39]"
659,50,"[20, 36, 54, 58, 61, 70, 82, 89, 96, 110, 111, 112, 125, 156, 184, 188, 194, 201, 213, 222]",20,0.32320239022374153,0.22133735055103898,0.31337950128363445,"[134997220, 195992938, 302147465, 24135814, 83265132, 326296555, 354107853, 419896212, 180137038, 56950130]","[36, 36, 125, 36, 156, 156, 36, 36, 125, 36]"
660,50,"[4, 6, 30, 40, 65, 75, 79, 109, 148, 171, 186, 200, 209, 224]",14,0.2754273726604879,0.09857129724696279,0.2573267530949254,"[579581109, 244491188, 303769234, 540524910, 368802899, 191446547, 69128620, 15579704, 121957139, 149560321]","[6, 171, 171, 171, 171, 6, 171, 171, 171, 186]"
661,50,"[1, 25, 46, 75, 79, 91, 92, 97, 109, 127, 146, 159, 166, 174, 200, 207, 209, 216, 237, 240]",20,0.49206422409042716,0.1419268655590713,0.2693051919923164,"[414274250, 93372006, 306157023, 107140968, 528038892, 302092540, 107140967, 322889659, 109501278, 107140947]","[159, 240, 159, 209, 159, 240, 209, 159, 209, 209]"
662,50,"[0, 2, 8, 14, 46, 52, 57, 61, 63, 67, 97, 112, 133, 141, 147, 174, 184, 185, 186, 192, 224, 228, 241]",23,0.3367969417013228,0.20899822982028127,0.2387820320588577,"[8395004, 518325237, 533340165, 407880102, 533312096, 407880108, 533422628, 407880096, 407880086, 467167076]","[228, 228, 2, 2, 2, 2, 2, 2, 2, 228]"
663,50,"[1, 14, 20, 49, 77, 85, 112, 167, 174, 195, 210, 211, 228]",13,0.3529051737859845,0.06807967741042376,0.18040407812581039,"[144724728, 516759955, 98969662, 390526706, 364049095, 58283787, 440368018, 98969660, 279485355, 302741440]","[167, 77, 167, 49, 77, 1, 167, 167, 167, 167]"
664,50,"[39, 49, 60, 77, 82, 93, 100, 111, 112, 128, 163, 166, 188, 194, 227, 234, 239, 241]",18,0.38851684238761663,0.12527566449716687,0.2741414456007381,"[172258964, 429384237, 495980362, 333693866, 143187899, 366857602, 230433462, 254784650, 179044188, 283886342]","[234, 241, 234, 234, 128, 234, 234, 128, 128, 234]"
665,50,"[0, 8, 18, 32, 39, 43, 65, 93, 97, 111, 112, 126, 128, 171, 183, 186, 194, 214, 215, 217, 221, 224, 230]",23,0.5398164261132479,0.1841093827970326,0.39190445482002007,"[132680153, 90481524, 40486081, 132680157, 370317758, 271766386, 535178593, 234217758, 542501596, 198122321]","[221, 183, 112, 183, 183, 183, 93, 8, 93, 93]"
666,50,"[0, 19, 25, 42, 63, 70, 87, 93, 108, 111, 112, 126, 147, 165, 169, 170, 171, 174, 194, 196, 202, 217, 228, 239, 241]",25,0.40597137762233615,0.25474225962534547,0.38622428248636426,"[567086221, 240677032, 559271097, 59808994, 411798754, 47493220, 584519165, 456835903, 371915684, 265407055]","[217, 0, 0, 0, 0, 217, 0, 217, 217, 217]"
667,50,"[10, 18, 20, 37, 54, 72, 77, 81, 89, 106, 111, 125, 156, 164, 188, 194, 201, 213, 222]",19,0.29476755019277334,0.20924472296610475,0.30681431441763907,"[411536170, 367274880, 291770533, 119538258, 45530720, 168995116, 273735192, 387605711, 599544244, 215003627]","[18, 125, 77, 18, 77, 125, 125, 18, 125, 18]"
668,50,"[57, 59, 67, 185, 212, 228, 236, 242]",8,0.09179603820666671,0.04560940759256482,0.18925671512261033,"[363089804, 125663130, 465247128, 40534487, 231384928, 80377600, 146001667, 584110432, 456402917, 588329826]","[236, 236, 236, 236, 236, 236, 236, 185, 236, 236]"
669,50,"[0, 1, 4, 20, 37, 39, 40, 43, 59, 63, 70, 82, 84, 93, 100, 104, 105, 106, 111, 128, 132, 170, 171, 175, 192, 209, 214, 216, 239, 241]",30,0.7038382361643016,0.2891296064481139,0.26876023741594207,"[26176730, 351805219, 261591344, 367949198, 366183237, 292856270, 274205060, 235105761, 74545302, 218949950]","[104, 192, 84, 93, 170, 192, 192, 93, 93, 170]"
670,50,"[6, 36, 93, 112, 129, 167, 183, 187, 201, 207, 211, 217, 227]",13,0.155629298184067,0.09700188226997852,0.25831364254610467,"[54709475, 132189171, 128710920, 248757157, 202538093, 432844723, 130086289, 510904223, 216207945, 248329491]","[129, 129, 129, 129, 129, 129, 129, 129, 129, 129]"
671,50,"[4, 10, 17, 20, 49, 81, 82, 100, 106, 109, 111, 125, 128, 132, 164, 188, 209, 242]",18,0.28400065330788493,0.14128130348399282,0.3032971038095032,"[476891747, 330818522, 364835974, 407201795, 560442238, 400749860, 345034708, 384975111, 154867234, 41379188]","[4, 242, 188, 242, 188, 188, 10, 109, 242, 10]"
672,50,"[4, 5, 20, 22, 49, 59, 63, 64, 67, 70, 77, 82, 84, 104, 105, 127, 132, 146, 175, 195, 241, 242]",22,0.3383910576812923,0.20018276711925864,0.2020549975991757,"[67789440, 251028555, 21995703, 77149055, 164594341, 525061289, 230805367, 459184861, 446337997, 164594342]","[22, 22, 22, 59, 82, 22, 82, 22, 59, 22]"
673,50,"[1, 8, 39, 77, 92, 93, 99, 111, 112, 128, 146, 166, 178, 196, 227, 233, 239, 241]",18,0.4826461332850158,0.11867262981832027,0.2606408581810279,"[51051052, 174475769, 595594238, 400599182, 269290588, 286157228, 370066582, 519672481, 576529219, 147307825]","[241, 241, 241, 227, 241, 166, 241, 8, 241, 39]"
674,50,"[57, 152, 178, 180, 182, 193, 207, 221, 222]",9,0.2035335935652256,0.058884216006845236,0.2512868715501908,"[479429810, 298036482, 593414564, 298259455, 298036483, 68220734, 299190240, 57198665, 521606638, 459136936]","[57, 57, 57, 57, 57, 57, 57, 57, 57, 57]"
675,50,"[5, 10, 17, 18, 22, 51, 72, 82, 106, 111, 127, 159, 174, 175, 188, 194, 195, 211, 221, 239]",20,0.3184313573874533,0.21835394715890288,0.3001459411811084,"[297452036, 431511634, 267699888, 316137471, 267786525, 143523068, 492881089, 476823035, 588659264, 131752404]","[10, 10, 10, 10, 10, 10, 10, 10, 10, 10]"
676,50,"[32, 75, 93, 117, 171, 186, 200, 209, 224]",9,0.09286791365593672,0.06008396437391639,0.23304244606859154,"[16257992, 47675388, 309054857, 523952019, 105779695, 524016329, 105762078, 368238367, 359725836, 359643363]","[186, 186, 186, 117, 186, 186, 117, 186, 186, 186]"
677,50,"[1, 47, 118, 174, 195, 211]",6,0.18333463044837117,0.030639713164418936,0.2312084915659701,"[120717022, 393879120, 99633754, 208414194, 117226728, 292775917, 99586643, 394084662, 161939041, 394122925]","[118, 174, 118, 174, 174, 174, 118, 174, 118, 174]"
678,50,"[0, 7, 17, 32, 93, 97, 108, 114, 126, 194, 209, 214, 217, 239]",14,0.2516918829642236,0.19650636613368988,0.46961154506009606,"[359274305, 269256221, 594206804, 179632193, 133542228, 471314564, 404171624, 407302630, 269583525, 581957968]","[32, 32, 32, 32, 32, 32, 32, 32, 32, 32]"
679,50,"[14, 32, 39, 60, 93, 111, 112, 192, 194, 224, 239]",11,0.24928313260897994,0.09256829507648945,0.36729318798858335,"[251448571, 76520495, 122955682, 271053136, 255456933, 317587101, 467271521, 2784221, 146700061, 231296693]","[111, 32, 32, 32, 32, 32, 32, 32, 32, 32]"
680,50,"[32, 39, 42, 60, 109, 112, 168, 209, 239, 240, 244]",11,0.15237923618406057,0.0837070089764893,0.30272624106146395,"[6087041, 3093750, 574758959, 139111199, 139107335, 138948511, 139151666, 365263623, 139105244, 6187847]","[60, 240, 240, 240, 60, 240, 240, 60, 240, 240]"
681,50,"[14, 19, 21, 29, 72, 86, 87, 94, 106, 112, 113, 123, 131, 161, 170, 172, 179, 180, 230]",19,0.28871180675923824,0.12421787064522505,0.2536308097677599,"[238308228, 210566360, 303412562, 114313048, 401612053, 189062219, 120446940, 138681031, 536322255, 385998885]","[14, 72, 14, 230, 87, 14, 14, 14, 14, 14]"
682,50,"[4, 20, 22, 59, 61, 70, 82, 84, 89, 104, 106, 110, 111, 127, 131, 132, 192, 195, 213, 221, 222]",21,0.4024251881055534,0.15161241544410586,0.28605279062564176,"[515188434, 592443859, 86854515, 535550830, 356604914, 544015597, 222916106, 288213671, 577787135, 466815141]","[104, 22, 127, 127, 127, 104, 22, 22, 104, 22]"
683,50,"[1, 8, 29, 30, 39, 61, 70, 77, 81, 82, 84, 93, 111, 112, 114, 146, 165, 175, 192, 214, 217, 224, 228]",23,0.5525717725977302,0.2527086534537375,0.37884777190123237,"[524736967, 116635495, 372889687, 176120073, 544433926, 579289857, 475118083, 72251823, 57876847, 448338928]","[228, 93, 228, 77, 228, 228, 228, 228, 77, 77]"
684,50,"[2, 4, 5, 8, 10, 25, 46, 49, 59, 61, 63, 82, 89, 99, 100, 106, 109, 112, 125, 132, 146, 159, 166, 169, 175, 188, 196, 209, 210, 212, 222, 228, 237, 240, 241]",35,0.7351735695265234,0.23842369671911,0.22435686353461018,"[323331908, 323331589, 323331935, 323331904, 34730580, 562963258, 104851472, 149003370, 150893518, 11192841]","[106, 106, 106, 4, 106, 99, 188, 240, 241, 240]"
685,50,"[36, 54, 156, 188, 201]",5,0.06253274576738477,0.03892061114311218,0.25974363638088105,"[84891684, 398728662, 431029798, 439390382, 51780697, 404053353, 578036276, 330104749, 521224739, 507150705]","[36, 36, 36, 54, 54, 54, 54, 54, 36, 36]"
686,50,"[37, 39, 40, 67, 75, 106, 109, 111, 112, 122, 128, 148, 163, 186, 188, 200, 209, 214, 224, 227]",20,0.3399141072295606,0.166634913533926,0.3624024962075055,"[423940458, 566510859, 160820709, 300812139, 545779598, 81795891, 78070424, 186929008, 549712016, 291973799]","[200, 200, 200, 39, 200, 200, 163, 109, 163, 39]"
687,50,"[1, 22, 59, 63, 82, 84, 104, 153, 175, 192]",10,0.36488640448078513,0.05533988354727626,0.19698797850869595,"[19360602, 63120069, 238908179, 444248865, 62157101, 504982273, 431318285, 90868867, 279242129, 143177142]","[84, 175, 175, 175, 175, 175, 175, 82, 175, 82]"
688,50,"[1, 4, 14, 20, 72, 77, 82, 88, 89, 100, 106, 146, 166, 168, 195, 210, 211, 233]",18,0.4210907071828842,0.17207381268963218,0.20213938693308997,"[318958202, 516751079, 235100348, 571583425, 16894732, 572672887, 233284312, 36636776, 572673091, 403175381]","[1, 1, 1, 1, 1, 1, 1, 1, 1, 1]"
689,50,"[17, 20, 33, 49, 81, 85, 89, 96, 106, 109, 125, 128, 164, 167, 188, 213]",16,0.42571056354790926,0.11401385813951492,0.2933174501376925,"[82593162, 538670213, 306123612, 52575784, 576491031, 401524808, 306228373, 141544878, 259400541, 491268822]","[85, 188, 96, 96, 96, 128, 33, 96, 17, 96]"
690,50,"[1, 5, 6, 18, 39, 46, 52, 60, 67, 70, 93, 97, 112, 126, 159, 166, 175, 184, 192, 194, 217, 224, 239]",23,0.5532641629688442,0.17000417644158006,0.3353635593438926,"[280096083, 36166762, 95044933, 36109231, 514554229, 280127546, 36241184, 273529687, 257737352, 280097005]","[93, 224, 217, 224, 93, 224, 224, 224, 224, 224]"
691,50,"[47, 60, 79, 92, 97, 109, 112, 118, 152, 166, 174, 207, 209, 212, 216, 237, 240]",17,0.43510033190250397,0.11705700634047389,0.2948625060757074,"[566160736, 520887986, 348891253, 114567788, 62289136, 467571338, 462908438, 114567826, 38883366, 515564504]","[237, 237, 237, 237, 237, 237, 237, 237, 240, 240]"
692,50,"[10, 20, 49, 58, 59, 63, 82, 84, 100, 132, 159, 175, 188, 194, 239, 241, 242]",17,0.24726642156019807,0.11030958639457822,0.2002922708634287,"[269368219, 137040379, 503667679, 122193393, 488891435, 520081398, 312692760, 341872422, 109071636, 162322284]","[175, 175, 175, 175, 175, 175, 175, 175, 175, 175]"
693,50,"[10, 17, 20, 33, 36, 49, 54, 58, 82, 96, 111, 112, 125, 156, 167, 188, 201, 217, 239, 241]",20,0.4468412483111024,0.22653446160256863,0.3262071360833943,"[479287218, 116811297, 517450973, 230188672, 529449169, 70334368, 218946949, 121499907, 190757734, 94793305]","[188, 188, 188, 188, 188, 188, 188, 54, 188, 96]"
694,50,"[6, 8, 10, 26, 29, 30, 61, 65, 67, 70, 93, 106, 108, 112, 119, 123, 126, 131, 147, 165, 169, 201, 217, 225, 241]",25,0.5484020258300006,0.18166800262406468,0.3769631211925298,"[372308928, 304739538, 305897665, 45838995, 316088098, 477007964, 91508183, 45719818, 391392412, 143726430]","[67, 123, 67, 217, 67, 93, 6, 217, 8, 8]"
695,50,"[5, 10, 18, 52, 56, 59, 67, 82, 88, 93, 112, 127, 132, 159, 161, 174, 175, 217, 224, 236]",20,0.2900697039440274,0.19822182971984148,0.2398279480752535,"[543583528, 491684515, 597824063, 381679109, 295478704, 202195445, 395484314, 444084513, 334451584, 235169240]","[159, 159, 159, 159, 159, 159, 159, 59, 59, 5]"
696,50,"[1, 4, 14, 88, 146, 163, 166, 168, 174, 175, 195, 207, 233]",13,0.33389293029904366,0.07605833886191249,0.2132216367082527,"[236566880, 593127527, 584775693, 132606092, 138523568, 159551351, 56611648, 329284485, 377182692, 9429165]","[1, 1, 1, 1, 1, 1, 1, 1, 1, 1]"
697,50,"[1, 6, 25, 46, 59, 132, 133, 159, 210, 216, 228]",11,0.2541070254519582,0.0775378025136888,0.18937870428304782,"[420223579, 21934541, 41668771, 163010922, 148492603, 517149999, 206589361, 313138102, 373140299, 500464831]","[133, 133, 133, 133, 133, 133, 133, 133, 133, 133]"
698,50,"[10, 17, 20, 49, 54, 72, 89, 96, 100, 106, 125, 132, 188, 194, 239, 242]",16,0.25009942427277565,0.19655548688024282,0.3005914889363339,"[469746537, 41938765, 533365015, 20196862, 463863155, 423356572, 581414985, 586936329, 353123274, 216708216]","[96, 10, 132, 72, 125, 72, 188, 132, 72, 188]"
699,50,"[4, 30, 56, 59, 67, 82, 84, 93, 104, 106, 109, 112, 170, 175, 194, 221, 224]",17,0.33685163129121065,0.17432563425973058,0.25874682469293475,"[223279442, 34407516, 165782050, 451084394, 481824024, 143827806, 155479000, 223313719, 223299903, 286030509]","[59, 175, 67, 59, 59, 59, 59, 59, 59, 59]"
700,50,"[8, 38, 39, 57, 63, 67, 70, 84, 92, 127, 159, 175, 185, 192, 209, 224, 239]",17,0.32371333381161094,0.11771425930783153,0.29367164856589895,"[15755585, 27506815, 588753166, 297452316, 31155007, 541273729, 502997176, 371104310, 107432089, 283578665]","[84, 84, 84, 84, 84, 84, 84, 84, 84, 84]"
701,50,"[30, 91, 171, 200, 209, 227, 239]",7,0.20188514050096273,0.05354688223451376,0.29202652160477427,"[335205476, 580978771, 116276053, 285903853, 182399199, 290312855, 235542195, 95793971, 182244542, 504321353]","[200, 200, 200, 200, 200, 200, 200, 200, 200, 200]"
702,50,"[0, 10, 12, 18, 26, 115, 124, 126, 127, 132, 148, 159, 169, 181, 199, 202]",16,0.24853820214048028,0.12927174847573042,0.40698369448364247,"[356334669, 356118835, 463089125, 229520666, 84443931, 32701164, 567285168, 563774376, 356263433, 49390909]","[12, 12, 124, 115, 115, 115, 115, 115, 115, 115]"
703,50,"[1, 10, 14, 77, 84, 88, 127, 146, 167, 175, 195, 228]",12,0.24858956085518003,0.0756743336096406,0.24007566993047172,"[303076252, 494944160, 188412807, 561475598, 103672702, 117787662, 88102447, 555653630, 71963599, 230365097]","[1, 1, 1, 1, 1, 1, 1, 1, 1, 1]"
704,50,"[10, 17, 39, 85, 96, 109, 111, 125, 128, 156, 165, 188, 194, 222]",14,0.37632853211835027,0.1253105434589088,0.45760259722426,"[50797895, 531656131, 581259626, 156800920, 327187554, 593534916, 341312319, 560849002, 297117766, 341690750]","[125, 125, 125, 188, 125, 125, 125, 125, 96, 96]"
705,50,"[0, 1, 4, 8, 10, 20, 39, 49, 58, 82, 93, 111, 112, 128, 132, 146, 165, 168, 169, 175, 188, 196, 201, 239, 241]",25,0.5994476177729666,0.18843433307483792,0.3041730525996536,"[479264094, 97172013, 125376724, 494441995, 75941668, 74208356, 395259281, 378521473, 561935889, 69582267]","[241, 241, 20, 10, 8, 241, 20, 146, 20, 241]"
706,50,"[0, 30, 37, 48, 61, 77, 81, 93, 106, 110, 111, 112, 114, 125, 156, 164, 184, 188, 194, 213, 217, 241]",22,0.417864004150033,0.17582727409899235,0.34789431966121565,"[166929302, 274217792, 385139050, 462371255, 526547697, 140407470, 145519240, 17300744, 248311566, 32041101]","[125, 81, 48, 77, 48, 81, 156, 114, 114, 125]"
707,50,"[19, 21, 30, 70, 87, 105, 123, 131, 147, 225]",10,0.18835468217730522,0.13660057680681348,0.283836237504147,"[290423263, 290546975, 141521827, 558769378, 366674039, 296590762, 160086921, 501888161, 262072973, 442043012]","[131, 147, 131, 131, 131, 131, 131, 131, 131, 131]"
708,50,"[0, 2, 8, 30, 38, 57, 79, 97, 106, 108, 111, 112, 118, 123, 127, 131, 152, 159, 172, 174, 195, 202, 211, 216, 228, 237, 241]",27,0.48046676628291607,0.2634292086586356,0.33613008035657305,"[445624214, 21209791, 214459992, 20831134, 582255751, 26580979, 585889930, 357310198, 578674690, 333555800]","[2, 237, 237, 202, 237, 2, 8, 106, 174, 152]"
709,50,"[2, 5, 10, 12, 14, 17, 52, 56, 67, 70, 91, 97, 112, 126, 127, 147, 159, 172, 174, 175, 181, 224, 239]",23,0.5175059647299349,0.16010633297264576,0.3258040127060983,"[514355034, 91023278, 364123452, 243804062, 326538456, 395818403, 101738279, 509134941, 369773749, 103309980]","[2, 2, 159, 17, 181, 127, 159, 174, 97, 2]"
710,50,"[36, 43, 54, 58, 96, 111, 128, 156, 188, 194, 201]",11,0.21041608788073063,0.09032662259414792,0.31534584177742625,"[199872053, 333064862, 429254318, 74402508, 511648763, 391907968, 204632143, 535203000, 548263377, 480336888]","[156, 156, 128, 156, 156, 156, 156, 54, 54, 156]"
711,50,"[10, 17, 33, 49, 59, 67, 106, 107, 159, 172, 180, 182, 193, 200, 209, 221, 236, 241, 242]",19,0.3521876325830817,0.1913969675078988,0.23590793523104175,"[532147618, 41366602, 532398561, 396381822, 581804298, 357694103, 586712300, 447709396, 299154706, 93694205]","[236, 59, 59, 59, 59, 236, 59, 59, 236, 236]"
712,50,"[0, 4, 5, 10, 17, 26, 43, 82, 102, 106, 109, 146, 170, 175, 188, 194, 195, 221, 242]",19,0.41329732816666365,0.13925997726619244,0.2664014647200115,"[318552186, 558909271, 268853627, 170542660, 264289482, 591746086, 433161442, 168142667, 439494746, 546917862]","[170, 43, 43, 10, 5, 221, 170, 5, 170, 5]"
713,50,"[33, 61, 77, 81, 85, 111, 112, 146, 164, 167, 195, 228, 241]",13,0.35850048856809735,0.0814272235147655,0.23984526808803472,"[193985554, 371709521, 286601329, 277445547, 75993523, 78652326, 580234576, 598058553, 336565197, 286653258]","[77, 77, 228, 228, 228, 85, 85, 228, 228, 228]"
714,50,"[36, 54, 96, 156, 188, 201]",6,0.08221538690850139,0.049222064670175314,0.286283780549032,"[438904754, 407019418, 62203889, 417460514, 406493921, 230750417, 580720797, 574225054, 473194321, 375737537]","[36, 156, 201, 54, 54, 54, 54, 54, 54, 54]"
715,50,"[12, 18, 30, 51, 67, 72, 86, 97, 102, 106, 111, 115, 124, 126, 170, 172, 180, 181, 196]",19,0.37113654194399714,0.16677715023979545,0.4644844358615381,"[139997905, 110075494, 259654997, 486859552, 329458047, 306799320, 35693852, 325045770, 306780319, 69018570]","[111, 67, 67, 180, 196, 67, 111, 67, 67, 181]"
716,50,"[20, 37, 70, 77, 81, 93, 96, 111, 112, 125, 133, 164, 167, 188, 192, 213, 214, 217, 228]",19,0.3483095373958349,0.16142222052440047,0.37143341440854494,"[219247777, 14956816, 119588118, 207087174, 147402803, 586987309, 404118624, 582207001, 317683705, 17511256]","[77, 77, 96, 188, 96, 20, 81, 96, 188, 77]"
717,50,"[1, 20, 22, 70, 77, 82, 84, 93, 100, 125, 175, 194, 195, 213, 228]",15,0.37243408476933837,0.0976918088272214,0.25898134455395244,"[423150744, 56737034, 562933801, 82776735, 421106636, 440909851, 404847255, 460712047, 32381013, 460386170]","[70, 82, 1, 70, 82, 1, 82, 175, 82, 84]"
718,50,"[8, 20, 63, 70, 82, 84, 100, 111, 125, 132, 175, 188, 192, 194, 213]",15,0.37086796574294567,0.12298528710380197,0.3267152741085738,"[66220792, 368182769, 513712977, 83160001, 338615824, 339075830, 378525513, 170311604, 408454256, 288486490]","[20, 20, 84, 20, 84, 82, 63, 125, 175, 100]"
719,50,"[1, 4, 6, 10, 26, 30, 49, 82, 100, 109, 146, 164, 166, 196, 221]",15,0.3415514272637665,0.1096519180573523,0.2867153823375702,"[213694925, 200840420, 599905570, 539579762, 335626940, 516114027, 131819241, 503450068, 594599479, 332887597]","[146, 82, 146, 1, 100, 82, 82, 146, 166, 4]"
720,50,"[4, 22, 63, 70, 84, 88, 104, 105, 127, 148, 153, 169, 175, 192, 196, 231]",16,0.35864832904189825,0.17520291544497013,0.28376319144445006,"[42388556, 130285807, 190069500, 196005135, 55484204, 111161273, 42266115, 494050017, 24656633, 302786698]","[22, 153, 105, 22, 105, 22, 70, 105, 105, 22]"
721,50,"[47, 118, 174, 211, 240]",5,0.16873092204332352,0.027574933599680662,0.2517980401404202,"[417891217, 76805798, 68427597, 569526539, 280913797, 547125696, 221095546, 597044073, 416051829, 124067658]","[174, 174, 174, 174, 174, 174, 174, 174, 174, 174]"
722,50,"[22, 70, 84, 104, 105, 111, 192]",7,0.16254564793780446,0.05599294137209654,0.3420116376198296,"[77691294, 438932245, 578938443, 393115337, 191821827, 260549966, 371533472, 214415080, 315949825, 339900500]","[192, 105, 192, 105, 192, 192, 22, 84, 192, 22]"
723,50,"[1, 4, 8, 10, 32, 82, 93, 109, 111, 112, 148, 164, 192, 194, 196, 206, 209, 212, 239, 240]",20,0.3997321529313922,0.21496403915807605,0.3026793983299285,"[9020838, 76774025, 386802956, 200392849, 188269105, 393822947, 398354679, 587095987, 356654390, 296306727]","[32, 32, 240, 32, 32, 240, 240, 32, 32, 32]"
724,50,"[88, 99, 115, 135, 153, 168, 169, 196, 207, 233]",10,0.2225295789539814,0.0707511780783534,0.2967852577101439,"[458166727, 454207062, 451916269, 96944793, 72844089, 207932964, 406355378, 364421544, 107621134, 532097811]","[196, 196, 168, 168, 196, 168, 168, 196, 196, 169]"
725,50,"[10, 49, 58, 81, 82, 93, 96, 100, 106, 111, 112, 128, 164, 167, 188, 241]",16,0.2299802373163402,0.1208034553565085,0.2714867166359909,"[123306930, 591041043, 351841418, 173561433, 263835484, 62639457, 349778014, 494567852, 130475617, 24851015]","[49, 164, 81, 81, 81, 188, 164, 81, 81, 164]"
726,50,"[1, 27, 32, 42, 60, 80, 109, 117, 146, 206, 207, 224, 240]",13,0.24628023756667972,0.08308681333437562,0.22029723986410177,"[178802831, 319855764, 127773390, 174527220, 259717660, 187540254, 548495749, 36782507, 208427386, 16381369]","[80, 80, 206, 80, 80, 80, 80, 80, 109, 80]"
727,50,"[1, 32, 60, 76, 80, 81, 82, 93, 109, 111, 112, 117, 186, 217, 224, 227, 244]",17,0.3624235172756016,0.13236007979139686,0.29650695932864707,"[435768042, 342043115, 182855474, 22388379, 573033301, 280469546, 280469543, 485205137, 479363319, 31482913]","[217, 93, 93, 186, 186, 186, 117, 117, 117, 117]"
728,50,"[0, 10, 20, 36, 49, 54, 58, 81, 82, 96, 100, 111, 125, 128, 164, 167, 188, 201, 241]",19,0.2587575390934944,0.2112796436995268,0.2765681590443771,"[475954615, 494301129, 414079641, 347263570, 482255584, 350504084, 69616124, 595501936, 99183468, 115428631]","[20, 20, 20, 20, 20, 20, 20, 20, 20, 20]"
729,50,"[10, 20, 49, 58, 81, 82, 96, 100, 125, 128, 164, 167, 188, 194, 210]",15,0.22139290114864707,0.10559062100946903,0.26334467992807425,"[301893573, 292081751, 241496664, 142253742, 164086875, 224748079, 391607797, 28049539, 44339416, 60572819]","[20, 20, 82, 82, 20, 20, 20, 96, 20, 20]"
730,50,"[4, 20, 33, 36, 40, 43, 49, 54, 81, 82, 85, 96, 100, 106, 111, 112, 128, 167, 188, 201, 241]",21,0.4573376118205488,0.21280157007277012,0.2576937830363888,"[309653842, 272283737, 439325336, 32566260, 479751424, 575196920, 363920619, 49590174, 349149698, 112407100]","[96, 188, 20, 54, 20, 81, 20, 96, 96, 33]"
731,50,"[0, 5, 10, 21, 26, 51, 102, 115, 124, 132, 161, 168, 169, 175, 202, 239]",16,0.2680389196611941,0.20151531510055065,0.31606525828829035,"[91554181, 341426383, 494588430, 117033705, 38312370, 571913361, 271723947, 144654610, 286784459, 176127713]","[202, 202, 202, 202, 202, 115, 5, 202, 5, 202]"
732,50,"[6, 25, 49, 61, 77, 81, 85, 107, 112, 125, 132, 146, 166, 180, 182, 194, 195, 222, 228]",19,0.3882275582291186,0.13566492311656475,0.2556791784315321,"[19132216, 224283437, 316276338, 547384795, 409121290, 242123266, 316217329, 206899382, 108568694, 483168469]","[228, 228, 228, 228, 228, 228, 228, 228, 228, 228]"
733,50,"[10, 20, 39, 49, 64, 68, 70, 82, 112, 125, 132, 166, 167, 175, 183, 184, 188, 192, 194, 201, 215, 235, 239, 241]",24,0.43644894706085324,0.2299749255180359,0.25499304745850776,"[185126942, 73453623, 81810707, 205759726, 438930667, 152636530, 265369140, 81610624, 391151002, 101163698]","[68, 68, 175, 68, 68, 68, 175, 68, 166, 192]"
734,50,"[26, 29, 58, 61, 67, 70, 72, 85, 87, 89, 96, 106, 108, 111, 119, 125, 132, 164, 169, 181, 184, 194, 213, 231]",24,0.5309979217126966,0.18687205342575908,0.2973308451667738,"[222732639, 433092664, 295555361, 69845528, 377380634, 190103610, 330783269, 492975775, 4018879, 241963157]","[125, 125, 125, 132, 108, 26, 87, 87, 125, 125]"
735,50,"[4, 10, 14, 18, 77, 81, 126, 148, 164, 167, 211]",11,0.12431399337947369,0.07417612290009856,0.31036019553853705,"[523442272, 469630837, 348413791, 89497066, 35190427, 393431202, 569028283, 160125705, 238500784, 382669929]","[10, 81, 10, 81, 10, 81, 10, 10, 81, 10]"
736,50,"[1, 4, 14, 63, 70, 81, 82, 84, 88, 99, 111, 132, 135, 166, 175, 192, 207]",17,0.4608871638774872,0.10862768907099962,0.22229292056084993,"[250495421, 532925761, 112828282, 203940805, 294617011, 539889840, 91922461, 435983546, 365822797, 57556452]","[166, 1, 1, 84, 1, 84, 14, 14, 84, 84]"
737,50,"[5, 25, 43, 46, 49, 52, 59, 67, 93, 112, 133, 159, 175, 188, 210, 224, 236]",17,0.34876992041245103,0.15718440804630518,0.17859701541088083,"[274967503, 197159784, 223354459, 325094629, 84008816, 569752094, 29507369, 76073665, 533138201, 76001378]","[59, 59, 59, 59, 59, 59, 59, 59, 59, 59]"
738,50,"[57, 99, 166, 168, 182, 207, 233]",7,0.15390832861885428,0.045169536489993334,0.25637615475404474,"[490032805, 530482745, 144147272, 433394339, 100305852, 215237817, 138127504, 530661354, 517280616, 283048010]","[233, 233, 233, 233, 233, 233, 233, 99, 233, 233]"
739,50,"[0, 10, 33, 49, 70, 81, 85, 89, 96, 100, 106, 112, 125, 127, 159, 164, 169, 181, 188, 194, 213, 239, 241]",23,0.484162300825119,0.30163816874846816,0.3051393954184554,"[169034073, 75519751, 4573991, 169030897, 58740187, 420560889, 322188794, 211061395, 176796399, 120646180]","[96, 96, 96, 125, 96, 96, 33, 96, 188, 96]"
740,50,"[10, 20, 37, 40, 43, 59, 67, 70, 75, 77, 79, 81, 82, 108, 112, 126, 132, 133, 146, 159, 186, 188, 200, 209, 210, 216, 217, 224]",28,0.5173881356604397,0.18784786388278008,0.27917308299635935,"[134034383, 297458372, 211568616, 14653669, 548468718, 277370827, 280318153, 548449562, 42881514, 38741440]","[43, 43, 186, 186, 186, 186, 43, 186, 43, 43]"
741,50,"[0, 2, 10, 25, 52, 57, 67, 97, 112, 126, 127, 129, 133, 141, 147, 152, 159, 170, 172, 174, 185, 186, 192, 193, 224, 228, 241]",27,0.3999751922674477,0.2505098572000861,0.3231771619800754,"[265676713, 390073910, 403296399, 4227885, 196936640, 363947252, 281300524, 351254502, 416223390, 449179114]","[2, 2, 2, 2, 2, 2, 2, 2, 2, 2]"
742,50,"[1, 5, 10, 19, 43, 61, 77, 84, 87, 88, 127, 146, 174, 175, 195, 221, 228]",17,0.38994654221460223,0.09874832257628441,0.21578570525161922,"[328926690, 142841584, 366393788, 82961013, 192539996, 37092921, 210699347, 408813883, 527960810, 422015706]","[195, 195, 195, 195, 195, 195, 195, 175, 195, 228]"
743,50,"[26, 58, 70, 82, 84, 88, 126, 132, 167, 169, 196, 201, 241]",13,0.24590539280325174,0.10281617613509297,0.32751649657550913,"[231721073, 470619063, 464199733, 470658626, 333928270, 204560378, 334065146, 70512822, 231721072, 55356397]","[82, 58, 82, 58, 82, 82, 169, 82, 82, 169]"
744,50,"[1, 4, 10, 30, 49, 58, 82, 109, 112, 132, 146, 165, 168, 169, 196, 233]",16,0.39380943728610873,0.1369614745490253,0.37888921848207247,"[436863779, 69774209, 99713472, 179112281, 586714768, 259567035, 250149985, 597193909, 125030038, 96364514]","[196, 146, 168, 168, 196, 168, 168, 109, 168, 146]"
745,50,"[0, 1, 19, 25, 47, 61, 77, 107, 118, 133, 174, 200, 228]",13,0.2583519392646849,0.07582518504932523,0.22243454984317607,"[129221555, 361836702, 305975296, 207471102, 495070446, 51090134, 142799753, 30262928, 163884444, 297134022]","[19, 25, 107, 228, 19, 174, 0, 174, 19, 174]"
746,50,"[1, 4, 6, 8, 25, 40, 61, 65, 75, 81, 88, 99, 112, 135, 166, 168, 171, 200, 212, 227, 233, 241]",22,0.4608831340447068,0.19151306571438909,0.21128456544300372,"[232624377, 33312517, 146177913, 356326206, 484594305, 381308412, 289828106, 463278358, 356049878, 36035856]","[6, 6, 6, 6, 6, 6, 6, 6, 6, 40]"
747,50,"[4, 20, 22, 68, 70, 82, 84, 112, 131, 132, 167, 174, 175, 183, 192, 222, 235]",17,0.30295152170583606,0.11140741594135761,0.21559933420982869,"[575187413, 199454458, 564932550, 199462273, 444388261, 157370619, 330475937, 107222643, 35532211, 587392179]","[68, 68, 68, 175, 192, 68, 192, 68, 68, 68]"
748,50,"[0, 14, 17, 18, 33, 36, 81, 84, 107, 108, 111, 126, 133, 164, 167, 174, 181, 192, 201, 210, 228, 239, 241]",23,0.5059987735003233,0.16481080558151007,0.32761059865436476,"[127044680, 331992073, 394531784, 190151555, 256078915, 66637549, 436668879, 398841118, 514433967, 398912427]","[133, 133, 133, 133, 133, 133, 133, 133, 133, 133]"
749,50,"[0, 46, 52, 59, 63, 67, 82, 84, 91, 97, 104, 105, 112, 127, 147, 159, 174, 175, 192, 194, 200, 209, 224]",23,0.4920221441425383,0.2311663469299674,0.28254214722825133,"[555807422, 46045003, 588047940, 74666318, 547712943, 140457520, 555807416, 343417206, 555807420, 549181239]","[104, 192, 159, 104, 84, 200, 91, 159, 67, 224]"
750,50,"[0, 6, 8, 10, 20, 37, 49, 61, 70, 82, 84, 89, 93, 100, 105, 106, 108, 112, 125, 131, 132, 165, 175, 184, 188, 222, 230]",27,0.4738687495701015,0.27217823965474963,0.27838681763279494,"[3948191, 424540306, 94418452, 302611918, 134222644, 302659270, 109372265, 85101691, 197966881, 469786629]","[82, 165, 84, 84, 175, 132, 84, 132, 6, 132]"
751,50,"[27, 32, 60, 75, 80, 109, 117, 186, 206, 224]",10,0.10787738393992186,0.0657745492644608,0.2424074917798862,"[186250303, 27545485, 390290954, 76431484, 60578090, 247203506, 450346825, 234466048, 407663598, 126436668]","[117, 117, 117, 117, 117, 27, 117, 117, 117, 117]"
752,50,"[36, 54, 99, 106, 109, 111, 112, 156, 164, 167, 196, 201, 210, 222]",14,0.254832336679101,0.18153174221515656,0.3185412536840886,"[188276849, 426027857, 446586320, 75409110, 321081448, 289790944, 501628430, 511282565, 73261937, 203027863]","[36, 36, 36, 36, 36, 36, 36, 36, 36, 36]"
753,50,"[26, 36, 58, 111, 165, 167, 169, 183, 187, 196, 201, 217, 239, 241]",14,0.31853168131783605,0.1259013656526804,0.41966977206590983,"[15269684, 477254712, 201963919, 68741689, 465257901, 244398823, 192206802, 121210942, 50436031, 66076885]","[167, 167, 167, 167, 167, 167, 167, 183, 167, 183]"
754,50,"[70, 84, 104, 175, 192]",5,0.17819486372172832,0.033327211160212755,0.25253312904387715,"[15635307, 312724952, 316922452, 15291053, 216946039, 220189977, 456888009, 179484769, 398032705, 113568412]","[192, 192, 192, 192, 192, 192, 192, 192, 192, 84]"
755,50,"[1, 4, 5, 8, 10, 43, 47, 75, 82, 92, 109, 132, 146, 169, 171, 174, 175, 185, 186, 200, 206, 210, 211, 212, 227, 240]",26,0.7140131588093936,0.16141626704484224,0.18629831932664204,"[554846630, 539696679, 223674121, 223680731, 223700058, 95700958, 223674897, 226689730, 585279058, 469179213]","[185, 212, 212, 10, 175, 212, 185, 212, 5, 212]"
756,50,"[1, 8, 14, 17, 32, 77, 88, 112, 114, 126, 133, 166, 192, 194, 206, 217, 239]",17,0.49555959552526474,0.1293447408825159,0.3827363049940151,"[143840965, 507145613, 413826743, 23358153, 498454879, 208889889, 125223810, 505764537, 596226604, 527260722]","[14, 14, 14, 14, 14, 14, 14, 14, 14, 14]"
757,50,"[4, 10, 20, 33, 49, 54, 58, 59, 82, 89, 96, 100, 111, 112, 128, 132, 165, 188, 194, 210, 213, 241, 242]",23,0.4778888006694615,0.2320482460781932,0.3135530386504758,"[322719624, 370815650, 470526803, 27740414, 273230502, 328603977, 156101226, 506024414, 29354583, 158853418]","[82, 96, 82, 188, 49, 49, 188, 49, 82, 188]"
758,50,"[26, 45, 48, 126, 215]",5,0.08886181656271219,0.04289429308846593,0.5621518853120506,"[813693, 160416779, 323002308, 409250691, 414800427, 275472747, 172223973, 233627995, 541085700, 300838529]","[215, 215, 215, 215, 215, 215, 215, 215, 215, 215]"
759,50,"[36, 54, 156, 167, 188, 201]",6,0.07086874824017286,0.046039456967264414,0.25172768979488563,"[581598743, 306077794, 204153808, 428247136, 33707675, 412322717, 472399417, 253949050, 175409411, 321251817]","[54, 54, 54, 54, 54, 54, 54, 54, 54, 54]"
760,50,"[6, 8, 30, 43, 53, 57, 70, 93, 97, 108, 112, 114, 122, 126, 133, 147, 166, 214, 217, 224, 231, 241]",22,0.5615662094205618,0.23073767917230725,0.4040241964817555,"[495038674, 9050530, 354277872, 206230060, 479991039, 183789871, 544258461, 228997020, 217592047, 113296450]","[166, 224, 8, 166, 114, 166, 217, 8, 8, 217]"
761,50,"[8, 63, 70, 82, 84, 88, 105, 127, 132, 175, 192]",11,0.2408608258701861,0.08081790711730719,0.2921548379288817,"[182749746, 203684967, 144733671, 214839887, 214909000, 127517746, 123746413, 22329715, 10515147, 420808461]","[63, 63, 63, 63, 63, 63, 63, 63, 63, 63]"
762,50,"[1, 4, 6, 14, 88, 99, 135, 146, 166, 168, 233]",11,0.2665427257306874,0.1292190095409751,0.19719908850013532,"[483929454, 281576046, 288465784, 284939827, 281576039, 426437149, 128685229, 352335645, 281576050, 416758914]","[233, 1, 166, 1, 166, 166, 88, 1, 166, 1]"
763,50,"[1, 32, 39, 60, 82, 93, 109, 117, 164, 192, 206, 209, 224, 239, 240, 241]",16,0.3464410789310932,0.10698825865983963,0.2594140454166336,"[333632260, 327510496, 525529653, 147786727, 9337302, 119244369, 158439522, 254839511, 568282822, 271537006]","[1, 32, 32, 117, 32, 32, 32, 117, 32, 32]"
764,50,"[4, 10, 17, 20, 33, 39, 49, 96, 100, 106, 109, 114, 125, 148, 159, 164, 180, 188, 200, 234, 239]",21,0.40936086513102055,0.15816460317000747,0.2998692663940823,"[470536358, 288475887, 154178925, 325147796, 525046357, 75074402, 294191025, 19182789, 76054023, 484460163]","[125, 125, 164, 125, 125, 20, 20, 33, 125, 234]"
765,50,"[0, 6, 36, 54, 58, 96, 100, 111, 112, 156, 165, 194, 214, 241]",14,0.2700550281442702,0.1273791315034032,0.43147264095023274,"[141090441, 449849523, 82211827, 107564364, 450015810, 507668000, 571211820, 87858039, 450279078, 204742016]","[156, 156, 156, 156, 156, 156, 111, 156, 156, 58]"
766,50,"[10, 43, 47, 52, 54, 59, 67, 112, 141, 159, 170, 188, 192, 193, 200, 241]",16,0.39944495260715485,0.09206653479486704,0.21820782079885248,"[334710393, 46941624, 525776769, 477671369, 184019416, 587243906, 267276402, 206332309, 125111776, 101462947]","[10, 241, 10, 200, 67, 67, 67, 67, 67, 67]"
767,50,"[30, 32, 60, 75, 93, 109, 117, 146, 171, 186, 200, 207, 209]",13,0.19289041496813297,0.0992517783306539,0.25732580029692215,"[538730025, 546916548, 216105455, 126273253, 494551035, 440684662, 469196941, 587476054, 429719592, 487053834]","[93, 117, 117, 117, 117, 117, 93, 93, 93, 93]"
768,50,"[26, 54, 167, 169, 171, 187, 201, 211, 217]",9,0.1215326739475131,0.07279150607064366,0.29345980115855735,"[3390687, 90128001, 22114232, 90061036, 394575987, 317157711, 144379617, 405139482, 1984326, 447911212]","[167, 167, 167, 167, 167, 167, 167, 167, 167, 167]"
769,50,"[4, 30, 60, 65, 75, 79, 81, 82, 87, 109, 146, 148, 209, 240, 241]",15,0.2744213812984526,0.08992280904203653,0.21714739978003006,"[469906838, 396702417, 439483464, 151244184, 65622397, 255663517, 335714306, 100886639, 597297607, 15813981]","[146, 240, 109, 79, 109, 79, 79, 60, 146, 79]"
770,50,"[2, 6, 19, 21, 40, 43, 57, 67, 75, 94, 97, 112, 113, 123, 133, 141, 182, 186, 207, 217, 224]",21,0.3193386602215469,0.20837835175916553,0.28361416254414334,"[145195018, 160871623, 369284107, 309803570, 264074098, 245536896, 372949320, 119994880, 197780391, 460426951]","[21, 57, 57, 21, 21, 94, 57, 21, 141, 19]"
771,50,"[8, 10, 17, 20, 36, 43, 54, 58, 70, 96, 112, 125, 128, 132, 156, 188, 192, 201, 214, 239, 241]",21,0.4558790773153305,0.16203044494614005,0.2991474259733444,"[303952386, 226999641, 416173179, 302932857, 125555073, 303558475, 69191403, 120371769, 401364673, 430068002]","[8, 241, 241, 241, 96, 241, 241, 8, 8, 188]"
772,50,"[4, 10, 20, 49, 63, 77, 82, 84, 100, 132, 146, 159, 164, 175, 199]",15,0.2712745228782296,0.10011453507468104,0.19984940888049701,"[404794810, 175731954, 31058126, 368163645, 159317649, 543943816, 87605363, 289391580, 542896498, 123406386]","[82, 146, 175, 82, 49, 82, 49, 82, 63, 82]"
773,50,"[10, 49, 60, 81, 89, 100, 111, 132, 164, 188, 194, 213, 239, 241, 242]",15,0.26318616699427366,0.12142710480839014,0.29519863304061195,"[195173222, 492751080, 457281331, 205233105, 441811088, 567329472, 288187214, 181493268, 588766771, 546832322]","[239, 81, 164, 81, 10, 164, 81, 164, 164, 81]"
774,50,"[39, 46, 52, 63, 84, 104, 111, 127, 132, 159, 175, 192, 239, 240]",14,0.3158098431304097,0.17208447167649865,0.3204740882751399,"[448226931, 309062199, 81832684, 123840197, 220335724, 566284036, 556173834, 123840205, 389361889, 288329360]","[84, 84, 84, 84, 84, 159, 84, 84, 192, 192]"
775,50,"[8, 10, 20, 25, 37, 39, 67, 70, 72, 82, 104, 106, 111, 112, 125, 132, 175, 183, 188, 194, 213, 214, 217, 230, 242]",25,0.6405796022154391,0.20051908679306507,0.335438508214429,"[330627045, 453801749, 422914810, 414352737, 338967500, 370292875, 109319028, 279874579, 265841295, 73826653]","[37, 20, 20, 20, 20, 20, 20, 72, 70, 20]"
776,50,"[57, 85, 106, 110, 111, 112, 139, 152, 169, 180, 182, 185, 193, 207, 210, 222, 237, 242]",18,0.4161223662085831,0.12639214983209968,0.27346214645593947,"[231446595, 253762950, 168448379, 300484739, 519505046, 117280640, 30789346, 23805310, 43075240, 95492765]","[57, 57, 57, 222, 57, 57, 180, 207, 57, 57]"
777,50,"[1, 4, 6, 8, 60, 75, 82, 88, 93, 99, 112, 133, 135, 168, 171, 196, 206, 207, 227, 228, 233]",21,0.41632243152707815,0.1246053627692163,0.21245708928576537,"[59536897, 315366675, 271957382, 220611533, 59536898, 276386751, 582690633, 244982098, 461574611, 47917621]","[227, 6, 233, 6, 6, 6, 8, 6, 227, 8]"
778,50,"[1, 6, 81, 111, 135, 146, 166, 168, 227, 233]",10,0.28154922369867563,0.06647141883149743,0.27668571260292085,"[361527157, 68971592, 37715489, 134414390, 472060781, 319229323, 446901347, 223113900, 78162269, 581028629]","[166, 166, 166, 166, 166, 166, 146, 166, 166, 166]"
779,50,"[1, 49, 111, 166, 168, 233]",6,0.2394484356045723,0.09640408726409078,0.35757182887755334,"[73062366, 50402763, 513912888, 50429658, 41559533, 29858437, 448305655, 384486365, 580441216, 50402761]","[166, 166, 233, 166, 166, 166, 166, 166, 166, 166]"
780,50,"[10, 20, 33, 43, 54, 67, 70, 82, 84, 96, 111, 112, 126, 132, 159, 181, 188, 194, 201, 221, 224, 239]",22,0.45122158993035555,0.17040704982355237,0.31676850574810733,"[382139223, 294009838, 330994717, 492174214, 435849178, 426186555, 388387883, 86556513, 135702770, 477879499]","[201, 67, 82, 43, 188, 33, 188, 188, 54, 188]"
781,50,"[14, 45, 47, 57, 64, 68, 112, 118, 174, 184, 228, 235]",12,0.18426404241472483,0.07164452550932765,0.23934833914972842,"[77482733, 198733262, 61417956, 46651786, 508566343, 112442356, 64881757, 394298191, 284569134, 390092863]","[235, 235, 235, 235, 235, 235, 235, 235, 235, 235]"
782,50,"[17, 20, 54, 70, 89, 96, 106, 112, 125, 132, 181, 188, 194, 213]",14,0.25145335029810667,0.18597454484552145,0.34247772568570717,"[94564213, 534350521, 441905717, 90969118, 338303698, 170393771, 482155500, 240981454, 877821, 353093644]","[125, 96, 188, 96, 96, 125, 125, 96, 125, 125]"
783,50,"[1, 2, 6, 19, 25, 52, 57, 61, 75, 81, 93, 107, 118, 131, 147, 166, 170, 178, 207, 212, 230, 237]",22,0.4181348201818764,0.14763173088431358,0.23772071656474675,"[590185192, 280384104, 248741750, 248733473, 117598454, 84329985, 196631016, 84329999, 374802457, 84329986]","[107, 107, 107, 107, 107, 107, 107, 107, 107, 107]"
784,50,"[25, 37, 49, 59, 81, 107, 109, 180, 195, 210, 213, 227]",12,0.24609726341441274,0.08765064040198922,0.27281801231826347,"[199166211, 415614426, 459227806, 417355448, 337111750, 466184102, 328192286, 392927095, 265397071, 464121153]","[25, 25, 25, 25, 25, 25, 25, 25, 25, 25]"
785,50,"[5, 10, 59, 67, 82, 132, 175, 233, 239, 242]",10,0.15715803997591138,0.06701391376554966,0.19767923953477293,"[156315290, 479594550, 120395787, 286274216, 132539877, 197754825, 544418098, 385546444, 39189654, 293081936]","[242, 242, 242, 242, 5, 242, 5, 242, 5, 5]"
786,50,"[45, 68, 70, 84, 112, 126, 175, 183, 184, 192, 235]",11,0.21799010457471013,0.1459966185502708,0.3527882747479122,"[551214505, 475566736, 234480471, 463874190, 423901142, 432890679, 358464511, 542646214, 498712020, 442806014]","[84, 45, 45, 45, 192, 45, 84, 84, 84, 84]"
787,50,"[4, 49, 61, 77, 82, 85, 96, 100, 109, 112, 128, 146, 164, 188, 195, 211, 221, 228, 241]",19,0.3425993309356272,0.11500621540471911,0.21092951095564977,"[386086785, 212449983, 229540847, 438010534, 251994508, 359901671, 299128860, 343763961, 116813235, 70556567]","[128, 96, 228, 77, 77, 228, 77, 77, 96, 100]"
788,50,"[17, 39, 49, 58, 60, 77, 82, 93, 100, 106, 109, 111, 146, 165, 166, 168, 196, 213, 221, 227]",20,0.4785121022723615,0.1722507094964385,0.39875011877156796,"[135562875, 247401213, 337019839, 74919655, 316793540, 278535879, 534085834, 476615865, 142137900, 254145330]","[146, 168, 165, 109, 109, 166, 109, 168, 165, 146]"
789,50,"[0, 2, 8, 10, 39, 60, 61, 70, 108, 111, 112, 118, 126, 127, 159, 164, 174, 175, 194, 211, 217, 228, 237, 239, 241]",25,0.5504597956314683,0.18808069685474038,0.37549970985390246,"[79828631, 538843180, 321018057, 236530606, 370983554, 408116495, 532680771, 61417080, 468789836, 144615735]","[174, 60, 237, 228, 118, 241, 237, 159, 159, 237]"
790,50,"[10, 30, 43, 48, 60, 64, 70, 111, 112, 119, 126, 141, 165, 181, 183, 184, 194, 201, 215, 217, 224, 230, 231, 239, 244]",25,0.46241167886182666,0.24494442902505398,0.4155902181938291,"[599221685, 380698481, 512991142, 262815169, 177122931, 315444936, 72612251, 61356790, 247507137, 362171906]","[215, 215, 215, 183, 183, 215, 244, 215, 215, 183]"
791,50,"[8, 10, 12, 17, 52, 63, 70, 81, 82, 84, 93, 97, 115, 159, 167, 174, 175, 192, 194, 216, 217, 224, 237, 239, 241]",25,0.5297319670207798,0.17653665132820606,0.30721786301583054,"[515338290, 420319802, 386407030, 21584194, 373547993, 219903309, 396495284, 270452653, 417003456, 36657294]","[93, 93, 63, 192, 93, 159, 93, 8, 192, 192]"
792,50,"[0, 6, 14, 64, 68, 75, 77, 107, 111, 112, 174, 184, 194, 209, 217, 239]",16,0.2680817088112235,0.11433638539165258,0.2877734052599408,"[84427599, 405761428, 9831061, 518940904, 122518687, 13377183, 525393269, 269433434, 406743992, 9938394]","[64, 64, 64, 64, 64, 64, 64, 64, 64, 64]"
793,50,"[1, 4, 6, 8, 19, 30, 40, 61, 75, 77, 93, 94, 97, 112, 123, 171, 214, 228]",18,0.4137504189275205,0.1282231006771326,0.2993172097097461,"[440358999, 88132546, 569026839, 359211126, 496448534, 510056176, 181890903, 307508149, 229322265, 510057177]","[6, 6, 6, 6, 6, 228, 228, 8, 6, 228]"
794,50,"[10, 17, 20, 36, 54, 58, 89, 96, 111, 112, 125, 156, 167, 188, 201, 241]",16,0.32157889753580093,0.1410955055616796,0.3196421634784201,"[498308087, 297506843, 544140804, 283199221, 218177474, 7409874, 164077483, 486149309, 244391608, 122663595]","[156, 54, 58, 241, 241, 54, 241, 125, 156, 241]"
795,50,"[4, 8, 70, 82, 84, 105, 119, 192, 206, 231, 244]",11,0.1777347014285624,0.140181137714535,0.23600619478913193,"[357626915, 7668981, 228603212, 287942832, 492746512, 377277065, 139212702, 76689036, 228617234, 181428961]","[4, 4, 192, 192, 192, 4, 192, 192, 4, 192]"
796,50,"[45, 48, 70, 112, 175, 184, 192, 215, 235]",9,0.18635336169973016,0.06691631488502026,0.30605945945717394,"[333331633, 461496564, 369104080, 143580053, 81566344, 422515946, 458830747, 343364802, 138351033, 7319301]","[235, 235, 235, 235, 235, 235, 235, 235, 235, 235]"
797,50,"[12, 14, 25, 38, 46, 91, 107, 133, 159, 174, 184, 194, 209, 227, 228, 239]",16,0.2601255467161536,0.09923830907791853,0.21497370630095247,"[282975484, 113313962, 439578988, 388865837, 526192199, 113313963, 127950716, 483516645, 48842498, 208133910]","[107, 107, 107, 107, 107, 107, 107, 107, 107, 107]"
798,50,"[47, 91, 118, 159, 172, 174, 211, 237, 240]",9,0.1867633182555437,0.050038930494338274,0.23134864108740455,"[433323913, 481175924, 168133538, 215456178, 387115136, 463583639, 466143566, 96347394, 415628246, 484251347]","[47, 47, 47, 47, 47, 47, 47, 47, 47, 47]"
799,50,"[1, 32, 39, 60, 84, 93, 112, 201, 239, 240, 241]",11,0.26013345131650567,0.07695849984884262,0.2313110262621194,"[351245664, 376513868, 20055048, 128344438, 430434285, 361801532, 392515992, 78398179, 478066324, 345782426]","[240, 240, 240, 240, 240, 32, 240, 32, 240, 240]"
800,50,"[20, 61, 64, 68, 70, 84, 89, 132, 175, 184, 194, 201, 213, 216]",14,0.25501154037192464,0.09644767036661506,0.2365662779027064,"[482762040, 342908927, 471471192, 208076775, 590667230, 316818274, 452179715, 561176458, 561001039, 344758109]","[184, 184, 216, 184, 184, 175, 184, 184, 184, 68]"
801,50,"[0, 20, 56, 57, 59, 60, 67, 70, 82, 84, 89, 111, 112, 126, 159, 174, 175, 184, 192, 194, 224, 242]",22,0.3871316481381655,0.2757431813515723,0.3052448409461332,"[434873979, 385576658, 74849049, 252551665, 165673250, 540392497, 455334205, 238382615, 392853422, 30150627]","[175, 84, 159, 175, 192, 192, 84, 175, 159, 67]"
802,50,"[1, 39, 60, 67, 77, 81, 82, 88, 93, 99, 111, 112, 135, 146, 159, 166, 175, 196, 201, 227, 239, 241]",22,0.5184392421506345,0.14677748596295714,0.23371785853735424,"[171221271, 276874975, 223842080, 218150909, 159276580, 74539230, 27514283, 226045049, 86049469, 259050741]","[77, 166, 166, 166, 166, 77, 166, 77, 166, 77]"
803,50,"[1, 4, 10, 20, 54, 81, 82, 84, 93, 132, 146, 164, 167, 188, 201, 241]",16,0.240774133708328,0.09987223241478205,0.18703775339236017,"[288841758, 432090101, 568582888, 568673377, 287682677, 389639122, 250940003, 109638855, 585638962, 215369858]","[81, 81, 82, 81, 82, 82, 81, 81, 81, 81]"
804,50,"[6, 10, 17, 20, 54, 58, 67, 82, 96, 106, 112, 125, 128, 132, 146, 165, 188, 194, 201, 213, 214, 221, 242]",23,0.4013856630772352,0.2568899798206985,0.36303179677697306,"[440242907, 394982529, 78528402, 171973685, 203165726, 440354113, 241278131, 151125495, 205221623, 111845118]","[242, 54, 242, 188, 194, 242, 242, 188, 188, 20]"
805,50,"[2, 46, 59, 61, 72, 85, 106, 107, 111, 112, 118, 129, 133, 152, 193, 210, 214, 221, 222, 228, 242]",21,0.39651687163859606,0.21652184147387743,0.2844901636708528,"[492617663, 306929603, 546332249, 579380135, 551047924, 539240461, 203050617, 21129175, 295071862, 52641810]","[46, 46, 133, 46, 46, 133, 111, 59, 222, 85]"
806,50,"[4, 20, 61, 63, 70, 77, 82, 84, 88, 100, 104, 105, 112, 127, 132, 146, 169, 175, 192, 194, 222, 228]",22,0.44204755825921893,0.16257156431674957,0.2706260257718069,"[525363080, 130857160, 189485965, 412544761, 79439685, 223020241, 223020242, 121976774, 455461316, 470316812]","[77, 194, 77, 194, 77, 77, 77, 228, 77, 194]"
807,50,"[20, 33, 49, 72, 82, 100, 106, 109, 125, 159, 164, 188, 213, 221]",14,0.23339542094618082,0.09921229165047407,0.2769460452421169,"[582174558, 24206729, 526280154, 545821299, 462955477, 423700160, 253442550, 84473634, 241796868, 509457206]","[125, 125, 82, 20, 82, 100, 100, 72, 100, 82]"
808,50,"[20, 22, 40, 43, 54, 64, 70, 111, 112, 141, 188, 192, 217, 224]",14,0.26563644874840975,0.16993716219440103,0.32434275187551975,"[471538335, 454252821, 378813124, 561549556, 377725690, 19795167, 320167445, 385974109, 407454810, 23156939]","[43, 43, 43, 43, 43, 43, 43, 43, 43, 43]"
809,50,"[1, 6, 27, 32, 39, 42, 60, 76, 80, 91, 109, 112, 117, 119, 171, 186, 187, 200, 209, 214, 224]",21,0.37011791206896305,0.21033426793292165,0.27785067077326986,"[423063866, 414841139, 595781421, 253478887, 400895659, 30835860, 467319785, 48483834, 4919323, 14665769]","[209, 6, 209, 224, 117, 117, 117, 6, 76, 209]"
810,50,"[36, 54, 58, 125, 156, 167, 188, 201]",8,0.09452954865992069,0.13273445004597306,0.28454556557699107,"[569747888, 343843896, 397365936, 569747913, 7778957, 32747278, 127070054, 75369376, 581475779, 419761138]","[54, 54, 54, 54, 201, 54, 54, 167, 54, 54]"
811,50,"[8, 60, 65, 93, 97, 106, 111, 112, 114, 119, 126, 183, 184, 188, 194, 201, 217, 224, 230, 239, 244]",21,0.40506209060549736,0.16512492345646024,0.37587399114411146,"[95674350, 254249257, 482772616, 238910541, 222283007, 329488606, 73150447, 274675334, 33453582, 524360025]","[244, 217, 183, 184, 184, 184, 183, 126, 60, 8]"
812,50,"[32, 38, 93, 112, 192, 196, 224, 227, 239, 241]",10,0.15685602044686675,0.07147812703624368,0.2912153341807425,"[433487277, 447995370, 415492035, 584409108, 383510698, 450072464, 539202498, 12961426, 527474121, 168502178]","[32, 32, 32, 32, 32, 32, 32, 32, 32, 32]"
813,50,"[10, 36, 49, 54, 58, 82, 132, 156, 169, 188, 201, 239, 241]",13,0.1677851239219308,0.16276801470667124,0.22133608266281393,"[325920311, 512099405, 93108396, 452673403, 537890579, 190182926, 305684177, 228268366, 568821148, 356231323]","[54, 54, 54, 10, 54, 201, 82, 201, 201, 54]"
814,50,"[3, 4, 6, 30, 37, 40, 94, 105, 109, 112, 122, 146, 186, 199, 214, 230]",16,0.32201550202444196,0.13584572449326515,0.38534645577601623,"[72904289, 502655213, 340599533, 354551477, 169184272, 199308255, 479769746, 378118468, 375737111, 404614755]","[40, 94, 40, 40, 40, 40, 186, 40, 40, 40]"
815,50,"[6, 8, 10, 21, 30, 40, 65, 72, 86, 87, 94, 106, 108, 112, 113, 126, 146, 170, 187, 202, 209, 214, 217, 224, 230, 239]",26,0.5063975299708545,0.20220034290105104,0.35839518911849993,"[302031604, 326813122, 390012618, 301544297, 164701156, 324619110, 568035754, 436657279, 474359876, 216636105]","[87, 87, 87, 170, 217, 87, 209, 209, 87, 87]"
816,50,"[93, 111, 118, 159, 166, 174, 200, 209, 211, 224, 239, 240]",12,0.21477217180654407,0.07805143389850855,0.2811106073204428,"[456601074, 117369514, 499615542, 75653653, 48979196, 48975547, 190097047, 174666670, 79524326, 48986741]","[174, 174, 174, 174, 174, 174, 174, 174, 200, 174]"
817,50,"[20, 56, 70, 82, 84, 105, 126, 132, 167, 192]",10,0.19038067758083344,0.07555119832977653,0.34757316003087907,"[189756710, 546620521, 141747554, 535394321, 78131193, 69964102, 501852105, 297618934, 536687610, 141747543]","[84, 192, 84, 84, 84, 84, 192, 192, 84, 84]"
818,50,"[22, 70, 104, 105, 127, 131, 147, 170, 193]",9,0.1879697204567492,0.0609708484262228,0.2934998778833283,"[325937048, 71571922, 162773863, 160983765, 222803614, 245169167, 535325205, 345784330, 307655073, 269633147]","[22, 22, 22, 22, 105, 22, 22, 105, 105, 22]"
819,50,"[1, 4, 6, 39, 61, 81, 93, 99, 107, 112, 135, 146, 166, 207, 233]",15,0.355343259871006,0.09285092074424028,0.2042320144828409,"[363502546, 370309140, 43217211, 260118514, 169104147, 87392741, 436027833, 274526481, 138697469, 457932193]","[166, 166, 166, 166, 166, 166, 166, 166, 166, 166]"
820,50,"[1, 59, 72, 85, 88, 99, 107, 133, 166, 167, 210, 228]",12,0.410269511397928,0.06280714739114046,0.18143685810112706,"[184527710, 542218430, 542193105, 542193095, 265708503, 203932097, 204891568, 99900872, 105144253, 460459031]","[59, 228, 59, 59, 59, 59, 59, 59, 228, 59]"
821,50,"[8, 25, 32, 38, 46, 52, 57, 107, 112, 124, 159, 174, 178, 209, 222, 224, 227, 239]",18,0.29675194434821606,0.12331018457189202,0.25228448883475113,"[518903693, 239028560, 350157917, 176533017, 416319116, 133608144, 401719245, 443063391, 198903004, 193216966]","[178, 38, 38, 178, 38, 178, 178, 178, 38, 38]"
822,50,"[0, 17, 20, 33, 54, 85, 96, 112, 125, 164, 188, 194, 241]",13,0.3152139075100422,0.08803067356348038,0.30535299146476275,"[435953124, 461552910, 133784506, 6711057, 204458540, 285290085, 239405223, 204484192, 7508107, 412583065]","[96, 96, 96, 20, 125, 96, 20, 20, 96, 96]"
823,50,"[1, 19, 22, 59, 61, 107, 133, 167, 180, 195, 200, 209, 228, 237]",14,0.23867838364094496,0.15573861170560122,0.23514023833974665,"[122861129, 123211615, 122960842, 199144490, 251115261, 159061239, 388968961, 122861131, 123211614, 548933798]","[133, 228, 228, 228, 228, 19, 19, 19, 228, 19]"
824,50,"[6, 45, 68, 112, 129, 163, 183, 184, 212, 227]",10,0.1082446170039475,0.06514274002984166,0.2276136023690924,"[406116702, 469393381, 333280719, 19492396, 508876997, 392125912, 321232038, 155789864, 306471134, 392381230]","[183, 183, 183, 183, 129, 183, 183, 183, 183, 129]"
825,50,"[14, 20, 33, 85, 96, 112, 125, 188, 211, 228, 241]",11,0.31116438703611493,0.061482659075409174,0.2320632540451532,"[373655150, 546767913, 91023937, 389585265, 191239138, 249506230, 198741429, 572202631, 375374551, 500710698]","[211, 85, 188, 85, 188, 211, 85, 85, 188, 211]"
826,50,"[33, 39, 49, 67, 75, 85, 96, 106, 111, 112, 125, 128, 163, 188, 194, 200, 210, 213]",18,0.4868431459181011,0.1360936276614666,0.32813517546229476,"[489703938, 327507300, 399547913, 54730020, 195738853, 340742549, 417561360, 236646993, 593282366, 187344130]","[67, 96, 96, 96, 188, 188, 188, 96, 106, 96]"
827,50,"[10, 14, 45, 47, 61, 81, 88, 107, 112, 132, 174, 211, 215, 235]",14,0.28111590817570686,0.09399006189778447,0.22992671785011357,"[229673572, 151311741, 490398941, 304726556, 72253503, 229673571, 299186712, 441560774, 389430182, 289582700]","[45, 235, 235, 235, 235, 235, 235, 235, 235, 235]"
828,50,"[47, 91, 118, 127, 159, 174, 239, 240]",8,0.1865902249701321,0.04898964799940586,0.31725658354116604,"[113927593, 216752100, 443458963, 599937149, 216845487, 27087399, 538193308, 27087371, 350172041, 535506434]","[118, 118, 118, 118, 174, 118, 118, 118, 118, 118]"
829,50,"[8, 10, 17, 20, 36, 49, 54, 58, 96, 111, 112, 125, 126, 164, 165, 167, 181, 188, 194, 201, 211, 239, 241]",23,0.43131651217117906,0.25519589334726334,0.4082922284876037,"[276824263, 480784048, 223074803, 127939529, 508643876, 584665657, 223049251, 296559762, 421815662, 496120715]","[241, 241, 188, 188, 188, 241, 188, 241, 241, 241]"
830,50,"[4, 20, 37, 70, 81, 82, 89, 96, 100, 106, 109, 112, 125, 128, 132, 159, 188, 234, 240]",19,0.26678979815915227,0.2070558788254857,0.24688196194505221,"[441647516, 381829899, 438982471, 367323591, 394992300, 412646774, 467448389, 376998627, 200074547, 399350441]","[20, 20, 20, 20, 20, 188, 20, 20, 20, 20]"
831,50,"[6, 14, 39, 46, 49, 59, 61, 77, 82, 85, 88, 99, 100, 111, 146, 169, 188, 196, 210, 213, 227, 228, 237]",23,0.4499761718325317,0.15987488720566034,0.26609607110731304,"[8491457, 391680199, 154365432, 293991738, 317663040, 379528431, 251211725, 184879726, 10766322, 57907694]","[210, 6, 6, 6, 49, 6, 100, 100, 210, 6]"
832,50,"[4, 7, 20, 26, 29, 48, 51, 64, 65, 68, 70, 102, 106, 108, 112, 126, 148, 153, 167, 169, 184, 215, 235, 242]",24,0.4078846974298358,0.23696752823889256,0.29717508877123083,"[227737429, 443250896, 143782070, 482782679, 523319676, 142534199, 418897785, 114655057, 333304113, 230978568]","[235, 68, 68, 102, 215, 68, 215, 68, 68, 102]"
833,50,"[0, 26, 45, 48, 68, 108, 112, 126, 127, 164, 167, 183, 184, 201, 215]",15,0.20778299029916525,0.11390956863760948,0.3881059908308089,"[184550281, 330187591, 499907814, 364229217, 489438597, 455690861, 431868302, 118719336, 586721881, 52058820]","[48, 45, 184, 48, 184, 184, 26, 48, 184, 184]"
834,50,"[82, 88, 135, 153, 168, 169, 196, 233]",8,0.20998063031584024,0.054049314465373755,0.2736142770736478,"[434542501, 217125674, 286338671, 95975796, 571534275, 489000797, 491729954, 230364669, 71618190, 66595233]","[168, 88, 196, 196, 196, 196, 88, 196, 88, 168]"
835,50,"[10, 17, 20, 36, 49, 54, 58, 82, 96, 125, 128, 156, 167, 188, 194, 196, 201, 239, 241]",19,0.2707736515440047,0.21129446011036634,0.2969817967448187,"[259408569, 540749770, 21827134, 236055833, 345795358, 368893459, 280808789, 228982019, 581076009, 236055832]","[188, 188, 188, 188, 54, 188, 128, 188, 188, 188]"
836,50,"[32, 39, 58, 60, 77, 82, 93, 111, 112, 166, 196, 200, 209, 227, 239, 240, 241]",17,0.3224213607609272,0.12025820324197412,0.27853238611372516,"[298789801, 258421174, 5280558, 320072106, 553396528, 422116678, 407456226, 114620244, 429170665, 351625395]","[39, 39, 241, 241, 39, 241, 241, 58, 241, 241]"
837,50,"[0, 2, 17, 38, 43, 64, 97, 111, 112, 126, 141, 183, 184, 194, 217, 224]",16,0.3238868382759392,0.19261979078873992,0.43087570993520785,"[350013298, 398947805, 134561125, 438120839, 365244165, 332085164, 470580410, 216670285, 74696040, 352183666]","[64, 184, 64, 184, 184, 64, 183, 64, 183, 64]"
838,50,"[14, 37, 43, 59, 64, 68, 85, 112, 133, 141, 167, 210, 235]",13,0.32245691353455186,0.07549711829051375,0.1958516244418346,"[590357826, 219437928, 24570460, 187123607, 187179861, 118783712, 175462001, 367528210, 527438754, 24570459]","[64, 64, 64, 64, 64, 64, 64, 64, 64, 64]"
839,50,"[0, 20, 33, 37, 49, 70, 96, 100, 109, 112, 125, 127, 128, 164, 167, 180, 188, 201, 213, 214, 221]",21,0.4224233184941113,0.17193275690078735,0.34840781679598704,"[138366709, 266734567, 313988359, 484722634, 561258797, 482250680, 297219429, 198235008, 47680120, 482254926]","[20, 20, 20, 20, 20, 20, 20, 20, 20, 20]"
840,50,"[36, 54, 156, 167, 188, 201]",6,0.07090474758297205,0.0438790968619287,0.25172768979488563,"[261381281, 573127377, 92937991, 441340568, 138868983, 359977576, 144662308, 359972516, 456298196, 478786710]","[54, 36, 201, 54, 201, 54, 54, 54, 54, 54]"
841,50,"[0, 8, 10, 39, 43, 60, 67, 93, 97, 100, 106, 111, 112, 126, 128, 132, 188, 194, 213, 239, 241]",21,0.4373683095909655,0.2367513976059854,0.3623233867831351,"[43171719, 400647324, 36112880, 400631453, 582753172, 528130805, 316035513, 509134987, 514453858, 550587994]","[128, 194, 8, 194, 194, 60, 39, 194, 8, 111]"
842,50,"[1, 6, 10, 32, 111, 118, 174, 181, 199, 211]",10,0.2380024758167565,0.08336240146309137,0.31411992511712017,"[319561564, 144194592, 78827321, 258887673, 60909584, 35313378, 35176189, 421958143, 61757192, 269026244]","[211, 211, 174, 118, 174, 174, 211, 174, 174, 174]"
843,50,"[5, 10, 17, 49, 54, 60, 81, 82, 106, 109, 128, 132, 169, 174, 188, 241, 242]",17,0.2805367992259562,0.12128432374447584,0.2340815427904839,"[100058525, 430366583, 430489606, 42891670, 578026516, 301447604, 533552145, 320509271, 16580535, 482635667]","[188, 128, 60, 49, 128, 60, 49, 60, 49, 128]"
844,50,"[2, 10, 38, 57, 77, 92, 112, 135, 159, 174, 185, 207, 212, 222, 227, 237]",16,0.1856706072576344,0.10284805111587048,0.22430630288727116,"[240275954, 69367354, 226376954, 572004929, 240256613, 386763457, 372667634, 204986736, 520999896, 95514323]","[38, 38, 174, 212, 38, 38, 38, 38, 38, 212]"
845,50,"[20, 33, 39, 49, 61, 67, 72, 85, 96, 100, 111, 112, 125, 128, 188, 210]",16,0.44251236133277416,0.11115439049899578,0.2957556376932189,"[418460214, 210911512, 151739648, 450105911, 532212276, 431430781, 403088872, 515245053, 476733758, 321503904]","[100, 96, 96, 85, 96, 96, 188, 96, 188, 96]"
846,50,"[27, 53, 76, 80, 244]",5,0.05522851971909404,0.0320254797115922,0.22883119387552142,"[176896948, 113103367, 378506052, 428254010, 499747030, 131341583, 91486397, 176835666, 275719177, 134344943]","[76, 76, 76, 76, 76, 76, 76, 76, 76, 76]"
847,50,"[10, 20, 39, 49, 58, 61, 77, 82, 84, 88, 100, 111, 128, 132, 188, 194, 196, 213]",18,0.3161413040943444,0.14109416026622057,0.30220066571039045,"[211478103, 5266807, 211464483, 395902506, 186844356, 436410532, 132540708, 432528360, 577844901, 132475661]","[82, 82, 82, 82, 82, 82, 39, 82, 82, 82]"
848,50,"[43, 54, 167, 188, 201]",5,0.14062571385875344,0.03804950602352619,0.19268462723121046,"[175512374, 19555780, 199477483, 149086318, 19579651, 19582121, 45690194, 284388133, 19573617, 439081007]","[201, 201, 201, 54, 201, 201, 201, 201, 201, 201]"
849,50,"[17, 19, 39, 49, 58, 61, 70, 87, 89, 100, 109, 111, 125, 128, 132, 165, 194, 213, 217, 233, 241]",21,0.3967762007378042,0.24014162505045533,0.39323807034331065,"[329738769, 269323863, 92842058, 356377308, 482724413, 406584301, 338490120, 150604432, 92917213, 93043162]","[132, 39, 87, 194, 39, 111, 39, 132, 17, 87]"
850,50,"[20, 36, 43, 54, 70, 96, 156, 167, 188, 192, 201]",11,0.1903146910481155,0.08195132436230779,0.27140408900397067,"[352071651, 113992217, 415740214, 409480815, 421371089, 183599496, 350994816, 358085096, 276836020, 314692744]","[54, 54, 54, 54, 36, 36, 54, 54, 156, 156]"
851,50,"[36, 54, 156, 167, 192, 201]",6,0.15419511636719108,0.05268383724614978,0.32225413899868727,"[87493762, 188328316, 11248292, 505651515, 92264420, 230403360, 593930927, 551622090, 228651129, 169026459]","[201, 201, 201, 54, 167, 201, 54, 36, 167, 36]"
852,50,"[0, 2, 4, 8, 32, 52, 57, 75, 112, 118, 131, 134, 147, 180, 182, 222]",16,0.29163889726623893,0.10307291569188237,0.2554068588942755,"[37811016, 473504460, 582813404, 215820939, 473482680, 285265932, 324368555, 562094452, 562100179, 217631526]","[57, 57, 57, 57, 57, 57, 57, 57, 57, 57]"
853,50,"[10, 26, 61, 70, 88, 89, 97, 106, 108, 111, 114, 119, 125, 126, 132, 147, 164, 169, 184, 188, 194, 213, 239]",23,0.38292152201756835,0.25133843859657645,0.37338714494936814,"[599170764, 209157692, 481581017, 30639405, 550623510, 575695854, 167656863, 536650870, 430690500, 429830540]","[126, 132, 132, 89, 132, 132, 132, 132, 132, 114]"
854,50,"[18, 43, 45, 48, 63, 70, 84, 112, 126, 167, 175, 192, 215, 235]",14,0.35830733785405755,0.09906473802402616,0.347804903834393,"[298557429, 264837653, 346482625, 224958773, 366603740, 271578965, 452451777, 296866940, 21597522, 496570570]","[45, 45, 45, 45, 45, 84, 45, 45, 45, 45]"
855,50,"[0, 14, 43, 61, 64, 65, 77, 107, 111, 112, 126, 127, 133, 141, 164, 183, 184, 192, 217, 224, 244]",21,0.3528671870008111,0.2147771310992539,0.36915790617820765,"[13500227, 558483892, 238138424, 20101791, 243640497, 473190041, 13415872, 20101788, 238474670, 282175107]","[184, 64, 184, 184, 184, 184, 184, 184, 184, 184]"
856,50,"[36, 54, 156, 201]",4,0.05327756842598319,0.03231261624023318,0.2878513829782605,"[271924014, 43398037, 503788850, 260585669, 474652244, 455925797, 215918210, 146973603, 486569386, 395348698]","[54, 54, 54, 54, 36, 54, 54, 36, 54, 54]"
857,50,"[10, 39, 49, 58, 82, 88, 100, 128, 132, 164, 169, 188, 196, 239, 241]",15,0.24284349009394646,0.12061008019372821,0.2520749116005997,"[486560079, 327145261, 229680037, 224056092, 97513876, 350118152, 143067917, 121380790, 555275542, 220798813]","[164, 196, 10, 196, 128, 10, 188, 10, 10, 100]"
858,50,"[5, 18, 43, 46, 52, 59, 60, 67, 70, 97, 111, 112, 126, 127, 147, 159, 174, 175, 192, 194, 217, 224]",22,0.5057413056492805,0.16472706198692322,0.38747635249852797,"[581331342, 517645098, 63204988, 429446346, 258776256, 321572892, 138985792, 258756457, 11087266, 284877871]","[175, 175, 52, 174, 159, 174, 67, 192, 175, 175]"
859,50,"[20, 36, 43, 54, 70, 112, 156, 167, 188, 192, 201]",11,0.25622703367844224,0.078192587941885,0.27071982073936274,"[527568896, 396105967, 332602224, 318367759, 527670657, 564144967, 527568903, 68482796, 593165598, 172878912]","[54, 54, 54, 54, 54, 54, 54, 54, 36, 54]"
860,50,"[4, 10, 49, 79, 82, 88, 99, 106, 109, 146, 152, 168, 169, 170, 196, 201, 207, 221, 222, 227]",20,0.2693655202165246,0.21247491193935275,0.24941366780549287,"[535675477, 355548424, 270006756, 301349402, 507596443, 267260077, 313944357, 83315250, 460294119, 192245896]","[168, 168, 169, 168, 168, 169, 168, 196, 169, 168]"
861,50,"[4, 6, 30, 40, 65, 79, 109, 146, 171, 214]",10,0.1744791674427688,0.07557462248951197,0.2980710475472733,"[541869874, 387580617, 512795844, 10625348, 425468283, 101572055, 85862371, 62124119, 439909254, 584974950]","[171, 171, 171, 171, 171, 171, 171, 171, 171, 171]"
862,50,"[10, 39, 49, 58, 60, 82, 100, 109, 112, 128, 159, 163, 166, 174, 175, 194, 196, 239, 241]",19,0.38908529141917825,0.1998821240849793,0.264931396654758,"[172670960, 153869902, 384615804, 363362129, 464755881, 83369202, 226483912, 462875104, 83051258, 576449556]","[39, 100, 82, 82, 39, 39, 82, 82, 100, 100]"
863,50,"[27, 32, 53, 60, 75, 93, 112, 117, 206, 217, 224]",11,0.1371045121923089,0.14622186683118343,0.28305832853286783,"[419712632, 165915394, 316566842, 147136187, 224548655, 583929514, 181293187, 328080161, 524619701, 193084922]","[27, 32, 27, 32, 27, 117, 32, 32, 32, 32]"
864,50,"[39, 58, 72, 89, 96, 106, 110, 111, 125, 156, 165, 194, 213]",13,0.27629006281495094,0.18817052291706204,0.47194035358440417,"[64154372, 360681156, 265249519, 436371389, 348268592, 138290075, 330579822, 288393933, 52514966, 592062878]","[111, 110, 125, 111, 165, 111, 194, 111, 194, 111]"
865,50,"[0, 33, 37, 67, 70, 85, 96, 106, 108, 110, 112, 125, 126, 188, 194, 201, 213, 217, 239]",19,0.4088279949501157,0.21889532543718815,0.3870713998882198,"[512035625, 188503112, 156749422, 202541021, 330189816, 146102195, 567731440, 476184840, 76200921, 261534080]","[96, 110, 110, 110, 110, 125, 194, 110, 96, 110]"
866,50,"[1, 19, 20, 46, 59, 61, 85, 107, 112, 159, 195, 210, 228]",13,0.2893705670721829,0.06771564949303865,0.17492314082427093,"[550000252, 289896117, 595905226, 260324608, 162598762, 263950507, 597616509, 370125796, 129581804, 305567628]","[46, 228, 228, 46, 46, 46, 228, 46, 228, 46]"
867,50,"[5, 10, 102, 106, 126, 170, 180, 193, 209, 221, 222, 241, 242]",13,0.30277100717648864,0.09991699969395995,0.36865102843596387,"[161598115, 165649862, 48574606, 475649919, 196752454, 22918815, 131531957, 117989128, 70758564, 437006189]","[106, 180, 102, 180, 241, 180, 180, 242, 180, 242]"
868,50,"[1, 47, 77, 88, 107, 166, 167, 174, 175, 195, 211, 228, 237]",13,0.39241602597758174,0.13807107880711555,0.19058209417674404,"[356500865, 489478009, 477060509, 477504394, 306310881, 402340401, 375257844, 328054079, 28284158, 374035296]","[47, 47, 47, 47, 47, 47, 77, 47, 175, 47]"
869,50,"[0, 5, 10, 12, 17, 51, 67, 91, 111, 126, 132, 175, 236, 239]",14,0.3647282584570348,0.10474917897954583,0.34223098928175333,"[262321495, 481457656, 291492315, 346847059, 501419107, 439176866, 20292761, 563902705, 487811095, 20835328]","[5, 10, 5, 5, 5, 10, 5, 5, 239, 5]"
870,50,"[0, 5, 10, 25, 59, 67, 91, 174, 175, 216, 221, 236, 242]",13,0.2503772801719606,0.07672704430297017,0.19617418720960045,"[288861073, 112508320, 587371681, 207108803, 542011205, 572656932, 460394659, 127178052, 421203300, 130514793]","[59, 59, 59, 5, 59, 10, 5, 5, 5, 242]"
871,50,"[1, 4, 14, 59, 77, 88, 135, 146, 153, 166, 168, 180, 195, 207, 233]",15,0.40463729249313474,0.07940283138304949,0.200839511755233,"[525197836, 148862207, 13098477, 285403932, 180888613, 379452575, 41409768, 191399531, 119423179, 424968097]","[1, 1, 1, 1, 1, 1, 1, 1, 1, 1]"
872,50,"[19, 20, 22, 30, 63, 70, 84, 93, 104, 105, 131, 167, 175, 192, 195]",15,0.36067160265520215,0.09646539948880672,0.2415915359277278,"[503266532, 323826808, 579038074, 153428687, 242533111, 293544847, 503042545, 183129781, 70176803, 123127955]","[175, 70, 84, 70, 84, 175, 175, 70, 84, 84]"
873,50,"[26, 45, 48, 70, 112, 126, 184, 192, 215, 235]",10,0.1615182152017951,0.08219868270680308,0.44126105452887715,"[273977532, 298455624, 419061305, 176264525, 386174826, 340258199, 4051731, 553283219, 561138415, 145837704]","[235, 235, 235, 235, 235, 45, 235, 235, 215, 45]"
874,50,"[1, 4, 6, 39, 49, 82, 99, 106, 109, 146, 168, 169, 195, 196, 227]",15,0.26368399476632476,0.17838971270248294,0.26113040883404515,"[212902331, 330540745, 58828972, 145494845, 324647310, 231852001, 552677393, 305342426, 311464989, 65573806]","[146, 6, 196, 168, 146, 196, 168, 4, 168, 195]"
875,50,"[6, 10, 39, 49, 58, 77, 82, 100, 111, 128, 132, 165, 169, 188, 196, 199, 227, 233, 239, 241]",20,0.3696981049142778,0.15714165614917874,0.3302731300354935,"[574593890, 302511946, 230069100, 17749590, 189220285, 533975613, 538794706, 115173751, 254320658, 585227978]","[49, 49, 100, 49, 49, 49, 49, 49, 49, 128]"
876,50,"[10, 20, 22, 45, 54, 70, 82, 96, 104, 105, 106, 112, 132, 175, 188, 192, 215, 221, 222, 235]",20,0.3593117855489254,0.21805148292332888,0.26233322978951035,"[205858235, 205858234, 205817011, 408203787, 128903282, 206144307, 26813258, 521497153, 205833512, 378493840]","[235, 45, 235, 235, 45, 45, 235, 235, 45, 235]"
877,50,"[14, 20, 22, 29, 30, 33, 37, 70, 72, 82, 87, 96, 100, 105, 109, 112, 125, 181, 192, 211, 216, 217, 221, 222]",24,0.40696302708238363,0.2621800824999809,0.3191411935549695,"[178872551, 419754496, 144399593, 54423710, 599668128, 505811844, 368660534, 559327687, 108818957, 305147460]","[20, 20, 20, 82, 20, 20, 192, 20, 192, 20]"
878,50,"[4, 20, 22, 63, 70, 82, 84, 104, 105, 111, 132, 175, 192, 216, 222]",15,0.30683592008426785,0.17674583522602916,0.26425003362819555,"[165387938, 89065231, 430039082, 95165634, 369650236, 33690114, 531178403, 400923749, 344236076, 353633245]","[84, 105, 84, 222, 4, 175, 63, 192, 63, 63]"
879,50,"[63, 70, 84, 104, 132, 159, 175, 192, 209, 240]",10,0.21891695726662874,0.07298133289441466,0.22022978097666054,"[303703297, 328420, 344622214, 221191152, 426778940, 555807421, 488920870, 274663530, 92739215, 406923233]","[84, 84, 84, 192, 192, 159, 84, 84, 192, 84]"
880,50,"[18, 43, 48, 64, 112, 126, 141, 183, 184, 215, 224, 244]",12,0.24058540211990476,0.07874090736731887,0.3380554395262152,"[96447137, 48791602, 88492235, 352092256, 18510270, 196778869, 392540250, 135183457, 98400942, 255944491]","[64, 48, 141, 64, 141, 215, 64, 48, 64, 141]"
881,50,"[0, 10, 17, 20, 33, 39, 49, 82, 85, 96, 100, 109, 125, 188, 194, 222, 241, 242]",18,0.4335371903143823,0.1266073496080935,0.2918903560946799,"[277389016, 396026171, 240443054, 510801508, 579045419, 539811668, 598319225, 79050214, 483409512, 197603707]","[188, 188, 188, 188, 188, 188, 188, 188, 85, 188]"
882,50,"[4, 6, 19, 30, 55, 79, 82, 87, 88, 93, 94, 106, 108, 146, 148, 165, 169, 195, 196, 202, 217, 221]",22,0.3300753110088408,0.22192919626832008,0.31397595738103107,"[159470493, 183012593, 303010821, 269128707, 269067563, 216262394, 5832120, 232451164, 198572032, 185739334]","[79, 6, 196, 79, 79, 79, 87, 79, 79, 169]"
883,50,"[14, 20, 33, 61, 64, 70, 81, 112, 181, 184, 192, 194, 213, 216, 217, 244]",16,0.3391985180787742,0.11843125335872173,0.31498170194390696,"[450545184, 240566049, 448192784, 481356550, 380130755, 534974293, 303332706, 188972473, 318413067, 525425843]","[184, 184, 216, 184, 184, 184, 64, 184, 184, 184]"
884,50,"[8, 10, 20, 39, 54, 58, 70, 72, 82, 84, 89, 96, 109, 112, 125, 128, 132, 165, 167, 188, 192, 201, 210, 217, 234, 241]",26,0.5375149389728904,0.197432576213032,0.31391640604796034,"[65327380, 425670491, 583864659, 65327381, 35334110, 368182769, 563539717, 233808705, 182781121, 492169731]","[89, 20, 188, 20, 234, 20, 20, 20, 125, 8]"
885,50,"[2, 38, 57, 84, 91, 92, 112, 127, 147, 159, 175, 184, 209, 212, 237, 239]",16,0.3424433986656368,0.12034335639327765,0.2916889042244293,"[68294369, 531887731, 587247123, 118170527, 168564634, 311192250, 565442313, 47874228, 249485541, 311365799]","[92, 92, 92, 92, 92, 92, 92, 92, 92, 38]"
886,50,"[0, 6, 7, 8, 14, 17, 26, 33, 46, 47, 51, 61, 75, 92, 94, 105, 107, 108, 112, 114, 122, 127, 130, 133, 147, 170, 174, 184, 200, 211, 216, 228]",32,0.6232245801948011,0.23209231067448854,0.29849483880389016,"[142155274, 418344272, 71479451, 119366487, 510341808, 586910753, 227360561, 227107143, 440579917, 175134756]","[112, 127, 174, 130, 112, 228, 133, 228, 174, 133]"
887,50,"[6, 8, 10, 20, 30, 43, 49, 58, 70, 82, 102, 104, 106, 112, 123, 132, 146, 165, 169, 186, 188, 194, 199, 217, 221, 242]",26,0.6186848231591284,0.20799470460042357,0.3401541029228471,"[177492402, 535919795, 313336801, 176813416, 180483235, 176795095, 103716483, 206738968, 83795903, 195580409]","[43, 43, 242, 43, 43, 43, 146, 242, 242, 242]"
888,50,"[1, 32, 57, 77, 93, 97, 114, 118, 127, 174, 192, 194, 196, 221, 224, 228, 237]",17,0.38879488641396165,0.13075284147635102,0.3786441762383808,"[224795566, 323068915, 181075644, 402488336, 196748699, 398472432, 142838359, 175829416, 282171496, 372260048]","[32, 32, 32, 174, 32, 32, 32, 32, 32, 32]"
889,50,"[8, 63, 70, 84, 104, 111, 126, 132, 159, 175, 192]",11,0.3165318323299289,0.08393831038847566,0.37132505333813076,"[178338312, 449642969, 62444454, 332439531, 303703297, 287023832, 186315738, 167555446, 62105058, 57675857]","[84, 84, 84, 84, 84, 84, 84, 84, 84, 104]"
890,50,"[10, 20, 49, 59, 61, 70, 72, 77, 81, 85, 100, 111, 112, 125, 146, 164, 166, 167, 175, 188, 222, 228, 241]",23,0.5111672440543771,0.2260203491896391,0.24656301112238155,"[351600434, 444044118, 27851391, 270612392, 534625534, 322527861, 121727598, 195569237, 273850538, 195851761]","[77, 77, 85, 241, 81, 77, 77, 77, 241, 81]"
891,50,"[26, 45, 48, 184, 194, 215]",6,0.0900222989730537,0.04689251957461238,0.335315576250044,"[35506914, 35222598, 423611375, 422119093, 589832687, 497316237, 589900980, 3032838, 267666949, 421405297]","[45, 45, 215, 215, 45, 48, 45, 45, 215, 215]"
892,50,"[10, 20, 37, 39, 70, 89, 100, 111, 125, 128, 131, 132, 188, 192, 194]",15,0.3221301599405706,0.12425230303779244,0.32979133126015464,"[337743007, 236286607, 238663603, 446101790, 278820173, 451330241, 362273248, 259179880, 347002214, 598074693]","[125, 20, 20, 194, 194, 20, 100, 194, 20, 20]"
893,50,"[39, 49, 58, 82, 100, 110, 111, 120, 164, 188]",10,0.1424814648926258,0.07822388224303722,0.31819559570867567,"[577884183, 230598180, 70777269, 410586201, 94483386, 407198240, 460101255, 281490368, 117989967, 39436617]","[100, 100, 120, 100, 82, 100, 110, 82, 100, 82]"
894,50,"[10, 18, 32, 39, 70, 81, 84, 93, 111, 126, 127, 132, 159, 169, 192, 194, 216, 217, 224, 239]",20,0.32430846989154816,0.2424962893128395,0.42107221578480675,"[587102603, 170169858, 84270887, 556771621, 183448190, 236594534, 221096784, 265208096, 462621303, 21626722]","[224, 224, 224, 224, 224, 192, 224, 32, 224, 32]"
895,50,"[4, 20, 22, 33, 39, 70, 72, 82, 85, 96, 100, 104, 105, 112, 125, 146, 188, 192, 210, 221, 222]",21,0.4719635951332748,0.20546918688341975,0.2710594256364164,"[337433489, 251959696, 217814354, 201055145, 404880666, 52486269, 260810049, 107270677, 383235976, 349668517]","[22, 22, 222, 221, 222, 20, 20, 22, 222, 222]"
896,50,"[10, 20, 39, 46, 49, 54, 58, 82, 100, 111, 128, 159, 164, 167, 188, 194, 201, 213, 239, 241]",20,0.29267272306606174,0.21646382613107562,0.28230013689026234,"[168041715, 253258903, 219217186, 119979655, 219159946, 205471858, 244007687, 74333164, 75341525, 463839280]","[54, 100, 100, 241, 54, 58, 100, 100, 100, 100]"
897,50,"[32, 52, 60, 93, 112, 117, 147, 186, 209, 217, 224, 239]",12,0.1555239213630557,0.15367089211940765,0.2961010229579794,"[342961575, 342961572, 108095035, 342961578, 453368057, 302173789, 342961579, 108140504, 302363278, 315919069]","[93, 224, 224, 224, 224, 224, 224, 224, 224, 224]"
898,50,"[2, 47, 57, 79, 106, 110, 118, 129, 152, 174, 178, 193, 221, 222, 228, 237]",16,0.3403982985764742,0.11648989841341972,0.24803633654664736,"[434287321, 542290232, 332335132, 402924785, 82308343, 20882674, 344439239, 21699115, 93638025, 546607074]","[193, 178, 193, 118, 118, 118, 118, 118, 178, 178]"
899,50,"[22, 48, 64, 68, 183, 184, 215, 235]",8,0.08643313404172659,0.050185556057840586,0.22094561549602076,"[507029069, 426930287, 573628652, 371506867, 26691262, 371263752, 26632321, 48992045, 105042186, 93692305]","[68, 68, 68, 68, 68, 68, 68, 68, 68, 68]"
900,50,"[1, 6, 61, 81, 88, 99, 135, 153, 166, 168, 196, 227, 233]",13,0.34434791654348373,0.14086132869124413,0.2268900266633584,"[280463496, 124993178, 68166793, 174847220, 204608596, 149715940, 378018282, 161294887, 539827010, 466214685]","[1, 166, 135, 166, 88, 166, 233, 135, 166, 135]"
901,50,"[5, 10, 12, 18, 91, 115, 124, 159, 175, 181, 227, 239, 240]",13,0.22473214659839869,0.07605612929910421,0.24472985042330736,"[19069592, 31708204, 7675266, 226905715, 422841084, 199429539, 488242255, 324054644, 19080473, 47371500]","[239, 239, 239, 239, 239, 239, 239, 239, 239, 239]"
902,50,"[5, 10, 12, 26, 126, 132, 159, 169, 174, 181, 227, 239]",12,0.18251354061067104,0.09599867789074779,0.31293518299935386,"[36995052, 596304534, 260089397, 20478478, 481450756, 448875963, 424349573, 225591463, 182808778, 460838054]","[239, 239, 239, 239, 239, 239, 239, 239, 239, 239]"
903,50,"[1, 5, 10, 20, 22, 59, 63, 67, 82, 84, 111, 132, 175, 192]",14,0.36223778780549765,0.09743711072951555,0.24335051314639194,"[37194084, 389395402, 235927474, 420027424, 150702021, 236799511, 264227635, 392999512, 237249653, 179105920]","[84, 84, 84, 84, 84, 82, 84, 5, 84, 84]"
904,50,"[10, 39, 60, 82, 84, 93, 100, 109, 111, 112, 128, 159, 163, 194, 196, 201, 227, 233, 239, 241]",20,0.29336652159690857,0.14918859489262104,0.2936510568950325,"[240803818, 45503509, 358811120, 342402289, 556295457, 105233903, 505170839, 565079248, 314092832, 377313073]","[60, 227, 39, 128, 128, 233, 163, 227, 233, 10]"
905,50,"[6, 25, 32, 39, 60, 80, 93, 109, 112, 128, 168, 171, 183, 194, 200, 209, 217, 227, 239, 240]",20,0.26977387024089694,0.21984233800321817,0.2938250491512008,"[10859384, 322999474, 10662551, 394546169, 60949666, 60949662, 60949667, 10897999, 367802235, 143778809]","[227, 39, 60, 183, 39, 60, 39, 227, 39, 227]"
906,50,"[27, 39, 42, 53, 60, 76, 80, 109, 112, 113, 119, 171, 184, 186, 187, 206, 225, 231, 244]",19,0.2895601033233106,0.19036784209311008,0.24425140631042028,"[21521293, 15242160, 21524797, 79259376, 34161187, 142632626, 467392706, 9044970, 270367599, 513821363]","[76, 80, 76, 187, 76, 80, 76, 206, 80, 76]"
907,50,"[20, 22, 70, 82, 84, 102, 104, 106, 127, 216, 242]",11,0.18761880788952112,0.14750202978029847,0.30845588441430166,"[282577837, 324078893, 81156848, 74406527, 223682126, 275881934, 252162270, 321768755, 65854561, 162004373]","[216, 216, 216, 216, 216, 216, 216, 82, 216, 216]"
908,50,"[6, 10, 39, 49, 58, 82, 88, 100, 112, 128, 159, 165, 168, 169, 183, 188, 194, 196, 199, 227, 233, 239, 241]",23,0.40267021115869284,0.17602723324671388,0.3224681806851826,"[335932326, 253275733, 396929416, 411194860, 247580177, 314624246, 4715158, 387745019, 20563003, 291785698]","[100, 227, 39, 168, 39, 39, 239, 39, 168, 168]"
909,50,"[1, 10, 59, 72, 82, 88, 111, 133, 168, 169, 196, 210, 233, 241]",14,0.37225680239498615,0.09792508650571108,0.28654585905107005,"[379047925, 502675992, 353234996, 404912622, 372978629, 467078025, 158910972, 522349262, 523494316, 10883006]","[1, 1, 1, 1, 1, 1, 1, 1, 1, 1]"
910,50,"[1, 33, 37, 40, 75, 106, 109, 112, 114, 122, 130, 186, 214]",13,0.31838137516751885,0.10806893650442362,0.36179020379383403,"[160293513, 595991823, 475234853, 92536340, 432067395, 52710981, 139175107, 209857674, 18552663, 172528148]","[130, 40, 186, 130, 40, 130, 130, 186, 186, 130]"
911,50,"[30, 39, 60, 108, 109, 111, 112, 114, 128, 163, 183, 188, 194, 234]",14,0.2384874396957457,0.17502371547743678,0.3601283222170813,"[270743288, 189056268, 339452822, 474628821, 328260186, 588991114, 244260056, 429585525, 310062305, 26287063]","[163, 163, 163, 163, 163, 163, 163, 163, 163, 163]"
912,50,"[20, 63, 70, 82, 84, 104, 111, 112, 132, 167, 175, 192]",12,0.3195455404929817,0.09637525863945484,0.27594337730746094,"[257320413, 238221088, 254845610, 499985513, 58428708, 251671955, 225067493, 264324697, 354725364, 199519860]","[84, 84, 84, 84, 84, 84, 175, 82, 132, 84]"
913,50,"[1, 4, 30, 33, 61, 63, 65, 77, 81, 93, 97, 108, 111, 112, 127, 146, 164, 167, 174, 181, 183, 184, 217, 228]",24,0.4808397898450494,0.23028775351122022,0.3240131086107188,"[99480924, 189995717, 381118267, 1897498, 22262551, 10269276, 281960837, 436226372, 106954498, 358006549]","[97, 33, 228, 33, 93, 77, 61, 164, 61, 81]"
914,50,"[4, 45, 68, 70, 84, 105, 112, 167, 183, 184, 192]",11,0.12956330133602023,0.07751095248386264,0.24887605081312358,"[162962908, 525638406, 525316001, 425131888, 450523639, 433383809, 234468600, 131666320, 341082387, 54046446]","[183, 183, 183, 183, 68, 192, 183, 183, 192, 84]"
915,50,"[10, 20, 70, 77, 81, 82, 84, 93, 132, 164, 175, 188, 192, 194, 239, 241]",16,0.3003486287780106,0.108474793843925,0.22531799104763195,"[593048613, 299821846, 557970250, 157878787, 200192153, 53573984, 302263430, 521446420, 297840958, 304424372]","[241, 241, 241, 81, 77, 10, 241, 10, 81, 77]"
916,50,"[20, 39, 72, 89, 96, 100, 125, 128, 188, 194, 213, 234]",12,0.2078128126449883,0.163784084841609,0.3375110754277557,"[421715711, 157209584, 303739993, 270323935, 343015553, 334807463, 334863139, 206178676, 560620404, 432928078]","[96, 96, 96, 96, 96, 234, 188, 234, 234, 96]"
917,50,"[25, 27, 32, 52, 63, 81, 93, 97, 99, 117, 159, 186, 192, 194, 209, 221, 224, 241]",18,0.30706305615603924,0.12104032002389431,0.27698368112194455,"[296734744, 522936240, 87184671, 174179901, 296739948, 551883517, 144131461, 341545966, 572712845, 168612832]","[32, 32, 32, 32, 32, 32, 32, 25, 32, 25]"
918,50,"[14, 17, 18, 25, 52, 57, 60, 91, 97, 112, 126, 127, 159, 166, 174, 181, 194, 209, 217, 239, 240]",21,0.432703360915184,0.2129669152200222,0.3912544091609085,"[16948561, 374303621, 196200306, 94856218, 317889817, 399822021, 550644186, 43711734, 278927045, 432068826]","[159, 209, 209, 91, 91, 91, 91, 91, 91, 91]"
919,50,"[4, 8, 19, 46, 112, 115, 127, 159, 172, 174, 200, 209, 228, 237, 241]",15,0.2376533248461783,0.09605285106226802,0.29430380845442417,"[483114413, 236407296, 47736879, 195054568, 375063750, 537942619, 537944838, 416946652, 252319554, 193278737]","[159, 159, 159, 159, 159, 159, 159, 159, 159, 159]"
920,50,"[1, 32, 39, 60, 84, 88, 91, 111, 112, 135, 166, 174, 196, 206, 227, 239, 240, 241]",18,0.46649407083168626,0.1250750864855945,0.2545130735056268,"[300511012, 345782426, 284951617, 441169254, 517952943, 369337583, 441338682, 147298648, 534530430, 41452773]","[241, 240, 32, 240, 240, 32, 240, 32, 32, 240]"
921,50,"[0, 7, 30, 64, 65, 68, 112, 126, 161, 163, 171, 183, 184, 186, 194, 215, 230, 239]",18,0.2551757642067969,0.20361711410805583,0.3553149885911908,"[223746625, 106852876, 373356601, 106853396, 466233294, 37419231, 307010911, 400048809, 373496012, 37419230]","[183, 183, 183, 183, 183, 68, 183, 112, 183, 68]"
922,50,"[0, 5, 10, 12, 51, 91, 97, 126, 148, 159, 181, 239, 240]",13,0.2664618920534849,0.08951595705002546,0.31601164090590406,"[353738205, 89186141, 321444262, 422850037, 64896600, 422841084, 555668591, 60697291, 289163089, 47500760]","[0, 239, 239, 239, 239, 239, 239, 239, 239, 91]"
923,50,"[0, 1, 18, 20, 43, 61, 70, 77, 81, 97, 112, 126, 128, 164, 167, 228, 241]",17,0.397698191460222,0.10787930339574814,0.29344998716431503,"[598133287, 586834165, 130316671, 447075630, 447224498, 70777260, 27057187, 460963105, 133964397, 452387955]","[77, 128, 128, 77, 128, 128, 128, 128, 128, 128]"
924,50,"[1, 4, 25, 39, 59, 82, 84, 88, 163, 166, 168, 233]",12,0.28540680604055524,0.07861156249418855,0.257492507478067,"[253815485, 286691641, 417607676, 528303909, 538818888, 11569327, 426282158, 537606242, 3280611, 442680379]","[1, 1, 1, 1, 1, 1, 1, 1, 1, 1]"
925,50,"[0, 4, 22, 26, 64, 68, 70, 82, 84, 105, 108, 112, 167, 184, 192, 194]",16,0.24266278324648738,0.12116166204214096,0.25968408286280464,"[153098803, 51727572, 343615222, 453322014, 367318198, 158403731, 387817396, 409295738, 232941730, 167011911]","[184, 184, 192, 192, 192, 192, 84, 192, 192, 192]"
926,50,"[10, 17, 43, 49, 54, 82, 89, 96, 128, 132, 188, 194, 201, 239, 242]",15,0.2746527739800513,0.16509851906448603,0.25924613202611607,"[128304126, 82984003, 376515006, 378145357, 57217459, 491261598, 284758612, 111206490, 346140163, 575260875]","[188, 188, 128, 188, 10, 188, 10, 17, 188, 188]"
927,50,"[1, 4, 17, 25, 47, 57, 59, 61, 81, 106, 166, 180, 182, 184, 193, 195, 207, 209, 212, 216, 221, 222, 228, 237, 241]",25,0.5796229289844632,0.17194302892312407,0.2482687452994287,"[513350880, 7133850, 455598870, 32696224, 290302881, 505981685, 324974677, 415367442, 588634441, 40801003]","[212, 212, 212, 212, 212, 212, 212, 212, 212, 212]"
928,50,"[1, 4, 14, 59, 77, 88, 99, 135, 153, 166, 168, 233]",12,0.3372274721041322,0.13566303625702858,0.18338811789484075,"[24558843, 13164087, 453571296, 161548116, 93297028, 335689399, 74856458, 93461105, 161423600, 74856457]","[1, 1, 1, 1, 1, 1, 1, 1, 1, 1]"
929,50,"[1, 88, 135, 153, 168, 233]",6,0.2010599859058857,0.03255386743694544,0.22481989181445292,"[169786099, 38598848, 426045544, 425900501, 284719050, 195594882, 475738096, 418328309, 223602781, 561372987]","[1, 233, 1, 1, 1, 1, 1, 1, 233, 233]"
930,50,"[4, 10, 49, 58, 59, 67, 77, 82, 85, 90, 146, 167, 175, 195, 199, 228, 241, 242]",18,0.2961677764542401,0.1779735186137259,0.1731005321877698,"[282176719, 212668435, 384804628, 39649103, 449119905, 124770770, 328072393, 142841536, 161655847, 175423790]","[195, 77, 195, 77, 228, 228, 77, 195, 195, 77]"
931,50,"[1, 5, 10, 118, 174, 211]",6,0.13591081323102117,0.10060221655294299,0.24694035512705645,"[71749202, 2259438, 10722663, 459858705, 184828688, 49087434, 184832609, 266680373, 385530264, 2259439]","[174, 174, 174, 174, 174, 174, 174, 174, 174, 174]"
932,50,"[1, 4, 6, 82, 88, 99, 135, 146, 153, 166, 167, 168, 169, 196, 233]",15,0.3563074879348278,0.09069609362632036,0.22281176823501786,"[532571149, 246956915, 297864560, 581374572, 570090174, 441674312, 522683366, 75494796, 361758327, 162370184]","[168, 1, 146, 168, 1, 1, 1, 146, 1, 1]"
933,50,"[88, 92, 99, 108, 111, 112, 168, 169, 182, 196, 201, 227, 233, 241]",14,0.29260127106681466,0.10920573770999908,0.3188804588280618,"[32107476, 199258734, 199258733, 183523863, 166797438, 57167592, 449420161, 514921027, 183311522, 432375993]","[99, 168, 99, 99, 99, 99, 99, 99, 99, 99]"
934,50,"[1, 4, 30, 60, 79, 82, 109, 146, 148, 159, 209, 216, 240, 241]",14,0.28643954591825604,0.16143827978521585,0.22990509074380888,"[336806766, 126092016, 77043506, 176901189, 567321026, 292631450, 67891518, 239275640, 98109329, 135110174]","[60, 240, 60, 60, 60, 240, 60, 60, 60, 60]"
935,50,"[10, 20, 33, 49, 60, 81, 82, 85, 89, 96, 106, 108, 127, 132, 159, 164, 188, 221, 237, 242]",20,0.3919185511767864,0.21235058829188347,0.2593284783419222,"[59564191, 477292038, 150381764, 59990123, 206245944, 597383586, 551304088, 48290207, 148623189, 259275147]","[96, 188, 188, 188, 188, 96, 33, 188, 33, 188]"
936,50,"[10, 54, 58, 72, 85, 89, 96, 108, 110, 111, 125, 132, 156, 164, 188, 194, 201, 213, 241]",19,0.4122236929833889,0.15626427391543984,0.30334230686390873,"[514128324, 597433447, 73577387, 399944700, 268893636, 333270079, 454075910, 205814891, 98139944, 379260128]","[54, 125, 125, 125, 111, 125, 156, 125, 96, 96]"
937,50,"[1, 61, 77, 88, 112, 127, 175, 228]",8,0.22019104100763798,0.04962542513385415,0.2938982379855588,"[286843491, 47493207, 287748754, 168109238, 168181564, 82957769, 286843490, 459815782, 47503236, 168106043]","[228, 228, 228, 228, 228, 228, 228, 228, 1, 228]"
938,50,"[1, 39, 59, 63, 77, 82, 84, 175, 183, 192]",10,0.27532788133248687,0.07264731591567397,0.22906779302284122,"[473259501, 479572269, 473243301, 130268339, 479669389, 116145144, 516287628, 28441402, 479668189, 410606241]","[175, 1, 175, 1, 1, 175, 1, 1, 1, 84]"
939,50,"[0, 17, 33, 96, 125, 184, 188, 194, 213, 239]",10,0.22128061577677727,0.0803199871443212,0.37541206849273295,"[472756032, 189799891, 488350547, 562101800, 83929226, 549019845, 476098076, 354294258, 279980622, 550463868]","[188, 125, 188, 188, 188, 125, 96, 188, 188, 125]"
940,50,"[20, 33, 36, 54, 58, 96, 111, 112, 128, 156, 188, 201, 241]",13,0.3140639513731003,0.09822220634669065,0.2790456476012388,"[70408031, 362394529, 379572257, 440038589, 539475952, 313239622, 77469376, 175301439, 131433669, 321668046]","[58, 58, 156, 54, 241, 58, 96, 54, 156, 156]"
941,50,"[32, 39, 43, 60, 80, 109, 206, 224, 240]",9,0.21813186537474394,0.05839698342606425,0.24878141628060904,"[529096906, 529096909, 76627106, 374069618, 158781539, 274725155, 139731328, 533347647, 493289140, 575774889]","[60, 60, 60, 60, 60, 240, 60, 60, 240, 60]"
942,50,"[3, 4, 6, 8, 30, 37, 40, 53, 75, 86, 94, 106, 109, 112, 122, 134, 171, 214]",18,0.4306990313343704,0.13864602707326412,0.327355859723563,"[245077888, 244942417, 293308947, 191948137, 244849042, 243290201, 203724377, 461708516, 530189036, 293308951]","[8, 8, 8, 8, 8, 8, 8, 8, 8, 8]"
943,50,"[20, 39, 49, 77, 82, 84, 100, 111, 128, 146, 159, 166, 167, 241]",14,0.25420014886185527,0.09185462351888418,0.23783957164934172,"[398339748, 538554817, 156300773, 333550974, 279690833, 413035631, 135421558, 171077188, 398627797, 398368552]","[82, 82, 82, 82, 82, 82, 82, 82, 82, 82]"
944,50,"[0, 1, 4, 10, 82, 88, 99, 100, 106, 111, 146, 168, 169, 188, 196, 241, 242]",17,0.37456743652001023,0.12889612931758165,0.276325236841598,"[71459355, 337096510, 71077895, 136540086, 134078616, 133706000, 335355439, 250876778, 523630878, 99033847]","[241, 88, 88, 111, 111, 241, 106, 88, 88, 106]"
945,50,"[1, 10, 52, 93, 109, 117, 166, 170, 171, 180, 183, 186, 194, 195, 200, 209, 212, 227, 230, 241]",20,0.44756000069901347,0.13350135879591107,0.2510256223496981,"[433484461, 393797084, 205136420, 564463742, 325425320, 340057960, 468994683, 440694115, 221297849, 95922585]","[166, 93, 93, 166, 93, 93, 93, 166, 93, 166]"
946,50,"[14, 45, 47, 57, 61, 64, 68, 107, 112, 133, 147, 152, 183, 184, 228, 235, 237]",17,0.302775836084038,0.10700224339962006,0.22172109642997384,"[269880344, 243655702, 584781601, 553920816, 190796339, 168584005, 72253318, 116973015, 501225404, 553920805]","[235, 235, 235, 235, 235, 107, 235, 235, 235, 235]"
947,50,"[26, 36, 54, 94, 156, 201, 214]",7,0.1072044507600367,0.059656701516360044,0.34344185619348927,"[512099404, 338328924, 338333735, 213546905, 291098585, 130908743, 592172746, 338331657, 95084631, 147847053]","[54, 54, 201, 54, 54, 201, 54, 201, 54, 54]"
948,50,"[0, 5, 8, 10, 21, 70, 79, 82, 87, 92, 104, 106, 112, 123, 131, 132, 152, 161, 170, 172, 175, 195, 202, 225, 237]",25,0.604911289177835,0.17188251484185457,0.23075151364319027,"[67655378, 67875739, 120449971, 24029575, 375110850, 160386111, 431108434, 431035155, 88192951, 418229583]","[175, 172, 202, 131, 8, 202, 131, 131, 104, 172]"
949,50,"[2, 8, 10, 12, 38, 39, 57, 68, 108, 112, 126, 159, 174, 183, 184, 185, 194, 199, 212, 217, 224, 227, 237, 239, 241]",25,0.4008854371495545,0.24888869700953364,0.31266340721398594,"[503991686, 112660080, 24683387, 282254746, 187798740, 123366473, 503991682, 5738299, 98442583, 497536542]","[68, 68, 68, 68, 239, 239, 212, 68, 68, 68]"
950,50,"[4, 10, 25, 47, 57, 60, 61, 93, 99, 107, 112, 159, 166, 174, 178, 200, 207, 228, 241]",19,0.331804187502712,0.17194305919110775,0.19265544889984945,"[265072057, 227933218, 381424405, 520761413, 14892924, 144763287, 52119284, 217416932, 327193435, 540157413]","[166, 166, 178, 178, 178, 166, 178, 166, 166, 166]"
951,50,"[10, 20, 49, 54, 58, 77, 81, 82, 96, 166, 167, 188, 201, 210, 241]",15,0.2812102730385959,0.09043625183403492,0.1942708617541939,"[189765582, 350826030, 349735722, 363071730, 444991721, 451983882, 227671074, 348304276, 113357008, 137693986]","[167, 20, 167, 167, 167, 167, 167, 167, 167, 20]"
952,50,"[8, 10, 17, 20, 39, 49, 58, 77, 82, 84, 93, 96, 100, 108, 109, 125, 128, 146, 164, 188, 194, 201, 241]",23,0.3925690180622041,0.17274588299915195,0.2672134261254383,"[94368663, 263710590, 539201806, 378593732, 504078528, 318320678, 267925151, 282922214, 120201216, 504049850]","[20, 20, 20, 20, 20, 20, 20, 20, 20, 20]"
953,50,"[12, 18, 70, 84, 126, 127, 159, 174, 181, 192, 194, 224, 239]",13,0.23242408595979214,0.10029498254880309,0.4042103762129465,"[178677656, 359469209, 239766524, 568046487, 455635073, 193062754, 279675060, 294917327, 220721224, 326303290]","[18, 192, 192, 192, 239, 239, 239, 192, 127, 192]"
954,50,"[1, 4, 6, 8, 14, 20, 39, 49, 77, 82, 88, 99, 100, 125, 146, 166, 196]",17,0.3735007159411907,0.17116398457437754,0.23537550639251575,"[445720949, 194444526, 174133472, 529148731, 356467377, 442474726, 32322966, 12285893, 270011399, 86068753]","[20, 20, 20, 20, 20, 20, 20, 20, 20, 20]"
955,50,"[2, 14, 25, 46, 47, 92, 96, 97, 127, 129, 147, 159, 167, 180, 185, 207, 209, 212, 216, 228, 237]",21,0.3353204261511564,0.21534138545393944,0.3096664022720818,"[39607357, 281002336, 116534980, 373131982, 320666469, 309788417, 385280962, 495604288, 440222511, 159154230]","[97, 14, 97, 25, 129, 97, 212, 92, 92, 47]"
956,50,"[10, 36, 49, 54, 58, 82, 93, 132, 167, 168, 175, 196, 201, 241]",14,0.31883177999407053,0.10513660265132785,0.25588512886315584,"[374405505, 186301925, 596391223, 11347056, 37553821, 105677647, 445658878, 321268120, 447126079, 60106460]","[167, 167, 167, 167, 167, 82, 167, 167, 167, 167]"
957,50,"[8, 70, 84, 105, 126, 141, 147, 192]",8,0.16425691777840257,0.06294781900942326,0.41198254478513263,"[251419197, 545019486, 113610233, 257963252, 3646852, 89873215, 93968948, 186860152, 431877806, 281931039]","[192, 192, 192, 192, 192, 192, 192, 192, 192, 192]"
958,50,"[2, 4, 10, 61, 77, 81, 82, 99, 111, 133, 164, 167, 181, 188, 201, 210, 239, 241]",18,0.2873302358202636,0.12738242372870445,0.22454800164430505,"[57374779, 40730268, 93433777, 95336155, 263840227, 26705617, 134239951, 298968146, 434844098, 57333917]","[77, 81, 210, 77, 81, 133, 133, 77, 77, 81]"
959,50,"[10, 17, 18, 20, 33, 36, 54, 108, 114, 125, 126, 164, 181, 183, 188, 194, 201, 211]",18,0.3064132924191654,0.19783270871266723,0.35173905096275526,"[428358573, 290366487, 130112358, 401806842, 91216606, 289826231, 203531615, 291759745, 413890636, 265998811]","[183, 181, 183, 188, 183, 10, 20, 125, 183, 201]"
960,50,"[0, 5, 10, 43, 49, 67, 106, 132, 175, 188, 201, 241, 242]",13,0.3126053847372532,0.08252310240641236,0.18035436439542815,"[331064875, 563009165, 110728491, 356685194, 343765839, 111356263, 202434205, 181612375, 387819056, 378226066]","[5, 241, 188, 242, 241, 5, 5, 5, 242, 5]"
961,50,"[10, 12, 26, 60, 84, 124, 126, 181, 192, 194, 239]",11,0.16263866843655705,0.08670593425631523,0.4256395439786667,"[212983171, 26069116, 203732087, 522830960, 334693208, 506869298, 375581681, 212750921, 224586720, 335569787]","[126, 12, 239, 126, 124, 124, 124, 12, 126, 124]"
962,50,"[1, 4, 8, 29, 30, 32, 39, 45, 63, 65, 70, 82, 88, 109, 112, 123, 146, 148, 172, 175, 183, 184, 194, 217, 221, 224, 230, 240]",28,0.5515904184430838,0.3288427637889981,0.2867898686256792,"[515715581, 312091948, 594842539, 137705085, 235631809, 532829546, 594238443, 324401593, 432160123, 82466251]","[45, 45, 45, 45, 45, 45, 45, 45, 45, 45]"
963,50,"[2, 4, 45, 54, 57, 59, 67, 68, 82, 92, 118, 139, 152, 159, 167, 174, 175, 183, 192, 193, 194, 211, 215, 216, 222, 235, 237]",27,0.46034139953553677,0.1772598191164434,0.25514441821724176,"[501400145, 38470014, 319108812, 130729381, 237618378, 351480139, 430719592, 181927352, 507585579, 290023808]","[68, 92, 92, 68, 68, 92, 222, 92, 68, 68]"
964,50,"[1, 27, 42, 75, 76, 80, 105, 111, 119, 187, 199, 206, 231, 244]",14,0.24126233346760273,0.1058986559510231,0.27491453734026955,"[123910996, 53693394, 547958369, 297085320, 110989140, 143271566, 385012868, 496669159, 497975539, 146008677]","[80, 80, 80, 244, 80, 27, 80, 80, 187, 80]"
965,50,"[10, 51, 54, 67, 72, 89, 102, 106, 132, 188, 193, 201, 215, 222, 242]",15,0.28516792226582766,0.11258428171277046,0.24545241058804096,"[14097898, 211717526, 426854414, 185978588, 101944452, 152386756, 481394556, 131127260, 39839418, 560004983]","[51, 188, 102, 242, 242, 242, 188, 10, 10, 242]"
966,50,"[0, 17, 20, 26, 36, 54, 58, 82, 96, 111, 112, 125, 126, 128, 156, 164, 165, 167, 188, 194, 196, 201, 239, 241]",24,0.4653511163778603,0.20248523959890008,0.42165323941541527,"[492105176, 338642629, 285614658, 558582012, 276824263, 407549494, 852498, 599050177, 142678476, 219001674]","[188, 128, 128, 128, 241, 188, 194, 54, 58, 128]"
967,50,"[17, 36, 46, 49, 59, 67, 72, 85, 96, 112, 133, 159, 192, 193, 209, 210, 241]",17,0.41373333148658276,0.11592829693108797,0.26722358087735143,"[279940198, 410182562, 4629205, 118926535, 582852091, 156380532, 137222426, 110204120, 247032304, 274385812]","[59, 59, 59, 59, 59, 59, 59, 133, 46, 67]"
968,50,"[10, 63, 70, 84, 93, 105, 112, 126, 127, 132, 159, 167, 175, 192]",14,0.29358418798074126,0.12105190381407738,0.38144452502352316,"[435849709, 570230416, 458021675, 109822036, 432140190, 69213676, 252072326, 69213675, 223088102, 475413246]","[192, 192, 192, 192, 127, 192, 192, 192, 192, 192]"
969,50,"[68, 92, 112, 139, 175, 183, 184, 192, 194, 213, 215, 222, 235]",13,0.24988351808860898,0.16363988770172,0.3167931432119356,"[28531479, 594225560, 56447950, 473679417, 112747880, 541373424, 369937080, 471215727, 473812347, 185191640]","[68, 68, 68, 68, 68, 68, 68, 68, 68, 68]"
970,50,"[20, 39, 54, 96, 100, 128, 188, 194, 234, 239]",10,0.13983611203730106,0.07761523872613907,0.30010629480239004,"[508423775, 538069382, 363920153, 478208732, 34039779, 346492382, 276780781, 85111085, 267483812, 187833686]","[128, 128, 96, 188, 128, 188, 188, 128, 128, 128]"
971,50,"[4, 25, 29, 37, 46, 59, 61, 65, 75, 79, 81, 85, 106, 107, 111, 112, 133, 146, 159, 184, 206, 209, 210, 221]",24,0.48336053686216474,0.1574294944293797,0.23315828201399805,"[37033597, 37033600, 412472338, 462633518, 565401113, 464687590, 264818625, 538292472, 472650327, 509227074]","[209, 209, 184, 209, 209, 209, 209, 184, 59, 209]"
972,50,"[1, 19, 77, 91, 127, 159, 172, 174, 175, 200, 228]",11,0.31310125766322017,0.07052813889458776,0.23499457121149384,"[499454910, 37237880, 371497908, 117132734, 297680976, 458302834, 306763346, 303119398, 390652011, 302116745]","[228, 228, 228, 228, 228, 228, 174, 228, 228, 228]"
973,50,"[32, 39, 60, 63, 82, 93, 108, 112, 159, 194, 206, 209, 239, 241]",14,0.19497998850420117,0.14816984022036195,0.2520062226269926,"[582013405, 308786900, 364907291, 397488901, 310177944, 99827554, 596455691, 150966856, 268480583, 252599504]","[63, 32, 32, 32, 32, 32, 60, 32, 63, 93]"
974,50,"[1, 4, 20, 22, 59, 63, 70, 79, 82, 84, 93, 104, 105, 112, 132, 146, 159, 166, 175, 192, 195, 216, 237]",23,0.5452855010516942,0.2099247262813151,0.21050331841789835,"[482287425, 284236143, 517251562, 305478118, 437950446, 60283839, 7877917, 412058938, 437950449, 412057140]","[175, 175, 175, 175, 175, 175, 175, 175, 175, 175]"
975,50,"[20, 36, 49, 54, 58, 82, 96, 100, 112, 128, 167, 188, 201, 241]",14,0.18260064255446196,0.10063434531912208,0.23972884572244116,"[7898875, 285288142, 420218363, 387963879, 443939937, 563875358, 563947028, 566485902, 549801869, 564036570]","[54, 54, 54, 54, 54, 54, 54, 54, 54, 54]"
976,50,"[10, 37, 43, 49, 57, 61, 70, 77, 88, 92, 93, 112, 125, 133, 164, 175, 180, 182, 188, 195, 228, 241]",22,0.4275739318691194,0.21712001785635948,0.2416445615129884,"[345962197, 34883467, 54474267, 30044152, 312078729, 242659657, 341932781, 585738927, 270088517, 271619942]","[77, 77, 77, 77, 77, 77, 77, 77, 77, 77]"
977,50,"[1, 10, 43, 46, 61, 63, 93, 109, 133, 141, 175, 186, 195, 209, 228, 240]",16,0.3370881751179695,0.09382631676271558,0.19579577900003642,"[211384216, 412854441, 180466967, 137385076, 352288374, 420328388, 363725644, 492654040, 236094805, 219091417]","[133, 195, 141, 141, 195, 133, 43, 133, 141, 133]"
978,50,"[1, 4, 10, 14, 59, 61, 70, 77, 81, 132, 133, 166, 167, 184, 192, 210, 228]",17,0.35623369412496686,0.1769608105532825,0.20535510058021722,"[526347810, 540466682, 366679987, 409876773, 546200518, 20836133, 482362100, 512101429, 504452152, 406824072]","[133, 133, 184, 133, 184, 133, 133, 59, 59, 133]"
979,50,"[0, 1, 2, 14, 17, 46, 52, 61, 63, 67, 97, 126, 133, 159, 174, 192, 228, 241]",18,0.3916814923286438,0.12539672059938312,0.32472588208555764,"[457074564, 184196269, 184039972, 7224727, 543238062, 156580227, 371941196, 476005866, 263617897, 233115677]","[133, 2, 2, 133, 133, 228, 133, 133, 133, 133]"
980,50,"[4, 14, 46, 53, 75, 76, 79, 80, 82, 87, 109, 146, 148, 206, 209, 212, 216, 225, 231, 240, 244]",21,0.357570119202137,0.12310858210548759,0.19757355385947795,"[544720576, 156276809, 240341460, 130089583, 58218929, 276938800, 187054014, 450688090, 351660054, 450721179]","[109, 109, 109, 109, 109, 209, 80, 109, 109, 109]"
981,50,"[126, 127, 148, 153, 164]",5,0.12194784358143806,0.037868224550038576,0.60897404612042,"[123549773, 326181512, 244546212, 309829661, 128994778, 494312354, 138050523, 392818306, 397491179, 434411421]","[127, 127, 127, 127, 127, 127, 127, 127, 127, 127]"
982,50,"[1, 4, 70, 82, 84, 88, 135, 146, 153, 168, 169, 196]",12,0.30434342892840505,0.08655620599165559,0.2369854665788201,"[334039431, 227684386, 87620289, 233425025, 218495558, 29708823, 122132014, 441715265, 509234258, 124458580]","[1, 1, 1, 1, 1, 1, 88, 84, 146, 88]"
983,50,"[10, 39, 60, 100, 111, 112, 115, 125, 128, 163, 188, 194, 214, 217, 239, 242]",16,0.30905186710879207,0.14113691495731473,0.42140251607634127,"[84372031, 398511711, 166216786, 454023979, 172526538, 300959495, 173912362, 454023980, 302129156, 115256772]","[194, 128, 128, 128, 125, 239, 128, 39, 128, 128]"
984,50,"[2, 25, 47, 92, 159, 180, 185, 212, 227]",9,0.1636869953945279,0.06353431567549706,0.24918955988768074,"[69076315, 559760025, 485115648, 420321303, 551608996, 229220191, 126218840, 247674826, 422620602, 405735177]","[92, 92, 92, 92, 92, 92, 212, 212, 212, 92]"
985,50,"[10, 20, 49, 77, 82, 85, 96, 125, 164, 167, 188, 201, 210]",13,0.2978695775382221,0.079415503423661,0.23051367359809005,"[543772921, 566532045, 335062502, 265357673, 326270743, 103703133, 275690019, 305991113, 588814931, 380001666]","[20, 167, 125, 20, 20, 188, 20, 167, 20, 20]"
986,50,"[1, 5, 25, 59, 107, 132, 175, 179, 180, 195, 202]",11,0.2564766015857458,0.13583772629499435,0.20795874365351416,"[579816906, 163323178, 121844363, 521610075, 320264725, 422038318, 212327325, 476695832, 274103964, 116987781]","[25, 25, 25, 25, 25, 25, 25, 25, 25, 25]"
987,50,"[57, 79, 152, 182, 193, 207, 222, 237]",8,0.15278125274926424,0.04813169175758958,0.2233934855030384,"[217080306, 219681590, 332664426, 174881190, 247167050, 64533696, 281060470, 504930645, 144156760, 114727957]","[152, 152, 152, 152, 152, 152, 152, 152, 152, 152]"
988,50,"[10, 20, 33, 49, 61, 67, 70, 81, 82, 89, 96, 100, 111, 112, 125, 164, 169, 188, 222, 231, 239, 241]",22,0.45511933183297515,0.15348256612196565,0.26614609036848624,"[308983601, 444744570, 309739603, 418523317, 585865450, 548688362, 541970719, 122713371, 208365606, 172093896]","[188, 188, 188, 188, 96, 188, 188, 188, 188, 188]"
989,50,"[10, 17, 32, 43, 53, 70, 82, 93, 97, 105, 106, 112, 114, 119, 126, 133, 188, 192, 194, 214, 217, 231]",22,0.4677181993611157,0.1811739495024085,0.40071261079389264,"[114094918, 489720127, 279978376, 460842745, 126917989, 203503202, 533415754, 474367538, 548861433, 559227047]","[17, 114, 114, 32, 93, 93, 114, 114, 114, 194]"
990,50,"[33, 37, 39, 49, 67, 79, 82, 96, 100, 106, 109, 111, 112, 163, 169, 188, 200, 209, 227, 234, 241]",21,0.4722626032307744,0.15865276521071792,0.2862659204817776,"[245878646, 497645270, 557418205, 278654905, 259293836, 115876115, 491577899, 457761762, 197316713, 259175734]","[109, 234, 234, 234, 234, 234, 234, 234, 200, 234]"
991,50,"[4, 10, 26, 49, 77, 81, 82, 84, 93, 120, 132, 159, 164, 166, 188, 193, 209, 210, 240, 242]",20,0.39068369660526514,0.11882213409990072,0.19814313959795982,"[394299788, 321758034, 567371160, 64026675, 510352050, 116676548, 40804563, 162181477, 562809063, 295244764]","[81, 81, 84, 82, 81, 81, 82, 81, 82, 81]"
992,50,"[0, 47, 91, 111, 159, 174, 175, 209, 227, 237, 239, 240, 241]",13,0.3820212623104453,0.07985214656218886,0.2384050025497205,"[552381598, 450784425, 169065536, 360095660, 31682500, 426536329, 489881311, 450925914, 372458272, 488319546]","[91, 237, 237, 159, 237, 159, 159, 237, 237, 47]"
993,50,"[4, 20, 22, 30, 37, 49, 61, 70, 82, 105, 106, 111, 112, 146, 165, 188, 214, 221, 222]",19,0.3370241103693843,0.1594010558910668,0.3710656095982382,"[318628879, 540347321, 590879186, 288326790, 165798282, 587231999, 596229647, 460084004, 256708128, 144280980]","[221, 221, 20, 214, 49, 20, 214, 22, 106, 111]"
994,50,"[0, 17, 32, 63, 93, 97, 108, 111, 112, 126, 164, 169, 174, 192, 194, 201, 217, 221, 239]",19,0.34668267611414194,0.22548268176615238,0.43778946072990566,"[156233468, 192480972, 249390734, 30657354, 531138396, 425498986, 567855707, 356096201, 112525703, 58145951]","[93, 93, 93, 93, 93, 93, 93, 93, 93, 217]"
995,50,"[20, 37, 39, 49, 70, 72, 82, 100, 128, 132, 146, 175, 188, 213, 222]",15,0.28272026497870684,0.12239501252770424,0.26258011523944635,"[361663908, 201743269, 33952602, 517626343, 220349455, 322822117, 79848595, 577857220, 557660869, 188449543]","[49, 82, 82, 82, 82, 82, 82, 82, 100, 82]"
996,50,"[1, 4, 5, 10, 20, 49, 58, 77, 81, 82, 100, 132, 146, 166, 167, 168, 188, 241]",18,0.363604670856148,0.18226214405149221,0.2036632754865827,"[124094738, 167939485, 25253716, 341753326, 317799382, 8432815, 480688547, 182841204, 235218905, 86759463]","[188, 82, 167, 49, 167, 241, 132, 82, 82, 49]"
997,50,"[17, 118, 127, 159, 180, 201, 228]",7,0.1099059353582561,0.056009292136877775,0.4663025480695069,"[180808244, 78674535, 131939515, 394338240, 369165104, 512737160, 565563764, 81185762, 403367554, 465459894]","[127, 127, 127, 127, 127, 127, 127, 127, 127, 127]"
998,50,"[21, 22, 46, 70, 72, 82, 84, 87, 93, 105, 106, 112, 113, 118, 122, 131, 179, 183, 192, 197, 202, 217, 230, 241]",24,0.3621449819765985,0.15621227538213134,0.29124567966209725,"[363541081, 412532343, 363548232, 335111218, 106468707, 23292987, 427185132, 18035751, 528441276, 487876260]","[113, 197, 21, 113, 105, 197, 197, 197, 197, 197]"
999,50,"[1, 4, 39, 49, 70, 78, 82, 84, 132, 166, 168, 175, 196, 233]",14,0.42451897729188204,0.1022337437607348,0.25380142984379617,"[29477732, 569962709, 417140494, 207502577, 378615203, 265960396, 262313882, 401779582, 382157004, 465244381]","[1, 1, 1, 1, 1, 1, 1, 1, 1, 1]"
