query,num_centroids,searched_shard_ids,num_searched_shards,gpu_transfer_time,gpu_search_time,warmup_time,best_retrieved_ids,top_doc_shards
0,6,"[3, 4, 13, 14, 18, 22]",6,4.213198302313685,0.09695118013769388,37.13459530426189,"[15185049, 15085049, 15785049, 15685049, 15585049, 15485049, 15985049, 15885049, 15385049, 15285049]","[3, 3, 3, 3, 3, 3, 3, 3, 3, 3]"
1,6,"[3, 5, 6, 14, 18, 19]",6,4.296996930614114,0.09757156297564507,35.59605770736622,"[15756273, 15656273, 15556273, 15456273, 15056273, 15156273, 15256273, 15356273, 15856273, 15956273]","[3, 3, 3, 3, 3, 3, 3, 3, 3, 3]"
2,6,"[1, 4, 7, 12, 14, 18]",6,3.9907619319856167,0.09055214282125235,33.06313659266258,"[15548493, 15448493, 15948493, 15848493, 15148493, 15048493, 15648493, 15748493, 15248493, 15348493]","[7, 7, 7, 7, 7, 7, 7, 7, 7, 7]"
3,6,"[1, 3, 12, 14, 18]",5,3.5689770113676786,0.07764764316380024,35.625417430140075,"[15164484, 15064484, 15764484, 15664484, 15564484, 15464484, 15364484, 15264484, 15964484, 15864484]","[18, 18, 18, 18, 18, 18, 18, 18, 18, 18]"
4,6,"[1, 12, 18, 20]",4,2.828967879526317,0.06773922499269247,35.965234334231354,"[15131061, 15031061, 15831061, 15931061, 15431061, 15531061, 15631061, 15731061, 15231061, 15331061]","[20, 20, 20, 20, 20, 20, 20, 20, 20, 20]"
5,6,"[2, 3, 18, 22]",4,2.9615762252360582,0.06907769944518805,38.48186062311288,"[15295114, 15395114, 15495114, 15595114, 15195114, 15095114, 15895114, 15995114, 15695114, 15795114]","[3, 3, 3, 3, 3, 3, 3, 3, 3, 3]"
6,6,"[1, 3, 4, 18, 22]",5,3.6195592060685158,0.08427095040678978,36.58716734014452,"[15196495, 15096495, 15896495, 15996495, 15496495, 15596495, 15696495, 15796495, 15296495, 15396495]","[18, 18, 18, 18, 18, 18, 18, 18, 18, 18]"
7,6,"[3, 6, 12, 18, 21, 22]",6,4.352121105417609,0.09779282100498676,37.77360157047709,"[15602778, 15702778, 15002778, 15102778, 15402778, 15502778, 15202778, 15302778, 15802778, 15902778]","[22, 22, 22, 22, 22, 22, 22, 22, 22, 22]"
8,6,"[12, 13, 14, 18]",4,2.800741394981742,0.0687616840004921,36.270279832417145,"[18837824, 18937824, 18737824, 18637824, 19037824, 19137824, 18337824, 18237824, 18537824, 18437824]","[12, 12, 12, 12, 12, 12, 12, 12, 12, 12]"
9,6,"[4, 11, 13, 22, 24]",5,3.678971642628312,0.08472748100757599,37.73759616753087,"[15188582, 15088582, 15888582, 15988582, 15488582, 15588582, 15388582, 15288582, 15688582, 15788582]","[22, 22, 22, 22, 22, 22, 22, 22, 22, 22]"
10,6,"[3, 4, 11, 18, 23]",5,3.6069679763168097,0.08315223455429077,35.51286027655006,"[15056273, 15156273, 15456273, 15556273, 15956273, 15856273, 15756273, 15656273, 15256273, 15356273]","[3, 3, 3, 3, 3, 3, 3, 3, 3, 3]"
11,6,"[10, 18, 20, 23]",4,2.8551158476620913,0.07119408249855042,37.0443706207443,"[15122098, 15022098, 15822098, 15922098, 15422098, 15522098, 15622098, 15722098, 15222098, 15322098]","[23, 23, 23, 23, 23, 23, 23, 23, 23, 23]"
12,6,"[12, 18, 19, 22]",4,2.9364442946389318,0.06596762873232365,40.11658869567327,"[15527618, 15427618, 15927618, 15827618, 15127618, 15027618, 15227618, 15327618, 15727618, 15627618]","[19, 19, 19, 19, 19, 19, 19, 19, 19, 19]"
13,6,"[1, 5, 6, 17, 18]",5,3.5362980738282204,0.08526229113340378,33.593065723590556,"[15190489, 15090489, 15890489, 15990489, 15490489, 15590489, 15690489, 15790489, 15290489, 15390489]","[17, 17, 17, 17, 17, 17, 17, 17, 17, 17]"
14,6,"[10, 12, 18, 22]",4,2.882594518363476,0.07175861299037933,39.034095949609764,"[15101326, 15001326, 15801326, 15901326, 15401326, 15501326, 15601326, 15701326, 15201326, 15301326]","[22, 22, 22, 22, 22, 22, 22, 22, 22, 22]"
15,6,"[2, 3, 5, 6, 17, 18]",6,4.343475004658103,0.0949641764163971,34.369275150898225,"[15143925, 15043925, 15743925, 15643925, 15543925, 15443925, 15343925, 15243925, 15943925, 15843925]","[17, 17, 17, 17, 17, 17, 17, 17, 17, 17]"
16,6,"[1, 7, 11, 14, 16, 24]",6,4.27270916569978,0.10055389255285263,35.23157615602637,"[15353427, 15253427, 15053427, 15153427, 15653427, 15753427, 15953427, 15853427, 15453427, 15553427]","[11, 11, 11, 11, 11, 11, 11, 11, 11, 11]"
17,6,"[2, 16, 17, 18, 20]",5,3.5802941704168916,0.0831108707934618,36.719173178449275,"[15112155, 15012155, 15812155, 15912155, 15412155, 15512155, 15612155, 15712155, 15212155, 15312155]","[18, 18, 18, 18, 18, 18, 18, 18, 18, 18]"
18,6,"[3, 11, 12, 17, 18]",5,3.6738704200834036,0.0808462854474783,36.8095220701769,"[15509521, 15409521, 15909521, 15809521, 15109521, 15009521, 15209521, 15309521, 15709521, 15609521]","[12, 12, 12, 12, 12, 12, 12, 12, 12, 12]"
19,6,"[0, 1, 3, 4, 9, 18]",6,4.254558675922453,0.09709477052092552,34.24221448639097,"[15406600, 15506600, 15806600, 15906600, 15006600, 15106600, 15606600, 15706600, 15306600, 15206600]","[1, 1, 1, 1, 1, 1, 1, 1, 1, 1]"
20,6,"[0, 1, 14, 16, 17, 22]",6,4.171755042858422,0.09408999234437943,36.5640727027785,"[15620017, 15720017, 15120017, 15020017, 15220017, 15320017, 15520017, 15420017, 15920017, 15820017]","[16, 16, 16, 16, 16, 16, 16, 16, 16, 16]"
21,6,"[0, 1, 3, 14, 18]",5,3.4808145547285676,0.07456360477954149,34.35212006950751,"[15235027, 15335027, 15435027, 15535027, 15635027, 15735027, 15035027, 15135027, 15835027, 15935027]","[0, 0, 0, 0, 0, 0, 0, 0, 0, 0]"
22,6,"[0, 3, 5, 12, 16, 18]",6,4.253114736638963,0.09469370730221272,35.38601765215086,"[15196954, 15096954, 15296954, 15396954, 15596954, 15496954, 15996954, 15896954, 15796954, 15696954]","[0, 0, 0, 0, 0, 0, 0, 0, 0, 0]"
23,6,"[0, 4, 10, 17, 18]",5,3.4183892719447613,0.07680444326251745,33.65855704434216,"[15396952, 15296952, 15196952, 15096952, 15496952, 15596952, 15696952, 15796952, 15996952, 15896952]","[18, 18, 18, 18, 18, 18, 18, 18, 18, 18]"
24,6,"[1, 3, 5, 9, 22, 24]",6,4.515853411518037,0.10093597415834665,37.718082671441756,"[15345078, 15245078, 15645078, 15745078, 15545078, 15445078, 15045078, 15145078, 15845078, 15945078]","[24, 24, 24, 24, 24, 24, 24, 24, 24, 24]"
25,6,"[0, 5, 6, 7, 14, 18]",6,4.009748451411724,0.09128930140286684,32.25704065314494,"[15757756, 15657756, 15457756, 15557756, 15157756, 15057756, 15857756, 15957756, 15257756, 15357756]","[5, 5, 5, 5, 5, 5, 5, 5, 5, 5]"
26,6,"[0, 2, 12, 22]",4,2.8003294933587313,0.06519276089966297,36.32468741189223,"[15561466, 15461466, 15161466, 15061466, 15761466, 15661466, 15361466, 15261466, 15961466, 15861466]","[2, 2, 2, 2, 2, 2, 2, 2, 2, 2]"
27,6,"[0, 3, 6, 18, 22]",5,3.56918091326952,0.08362874388694763,36.501470847055316,"[15129685, 15029685, 15729685, 15629685, 15529685, 15429685, 15329685, 15229685, 15929685, 15829685]","[22, 22, 22, 22, 22, 22, 22, 22, 22, 22]"
28,6,"[1, 3, 4, 8, 14, 17]",6,4.2153663886711,0.09700509440153837,33.961461604650445,"[15438341, 15538341, 15738341, 15638341, 15238341, 15338341, 15138341, 15038341, 15938341, 15838341]","[3, 3, 3, 3, 3, 3, 3, 3, 3, 3]"
29,6,"[0, 3, 5, 16, 18, 22]",6,4.339518344961107,0.10110342223197222,37.130640318850055,"[15049904, 15149904, 15449904, 15549904, 15949904, 15849904, 15749904, 15649904, 15249904, 15349904]","[0, 0, 0, 0, 0, 0, 0, 0, 0, 0]"
30,6,"[0, 2, 5, 12, 18, 22]",6,4.220027102157474,0.1035693408921361,35.644105276713766,"[15441743, 15541743, 15841743, 15941743, 15041743, 15141743, 15641743, 15741743, 15341743, 15241743]","[2, 2, 2, 2, 2, 2, 2, 2, 2, 2]"
31,6,"[0, 1, 16, 22]",4,2.8359777852892876,0.06557263899594545,37.12991731951479,"[15031386, 15131386, 15431386, 15531386, 15931386, 15831386, 15731386, 15631386, 15231386, 15331386]","[0, 0, 0, 0, 0, 0, 0, 0, 0, 0]"
32,6,"[3, 14, 15, 18, 21, 22]",6,4.272650140337646,0.0947835948318243,38.198825236254685,"[15316695, 15216695, 15016695, 15116695, 15616695, 15716695, 15916695, 15816695, 15416695, 15516695]","[15, 15, 15, 15, 15, 15, 15, 15, 15, 15]"
33,6,"[2, 3, 6, 14, 18, 21]",6,4.2803776524960995,0.09693875629454851,35.213265977877505,"[15323428, 15223428, 15023428, 15123428, 15623428, 15723428, 15923428, 15823428, 15423428, 15523428]","[6, 6, 6, 6, 6, 6, 6, 6, 6, 6]"
34,6,"[3, 4, 5, 13, 22]",5,3.590792332775891,0.08257847186177969,36.57436253800988,"[15294964, 15394964, 15494964, 15594964, 15194964, 15094964, 15894964, 15994964, 15694964, 15794964]","[4, 4, 4, 4, 4, 4, 4, 4, 4, 4]"
35,6,"[0, 1, 9, 11, 16, 18]",6,4.332884958013892,0.09763548523187637,35.867740141305454,"[15163517, 15063517, 15763517, 15663517, 15563517, 15463517, 15363517, 15263517, 15963517, 15863517]","[16, 16, 16, 16, 16, 16, 16, 16, 16, 16]"
36,6,"[2, 3, 4, 9, 13, 18]",6,4.335247750394046,0.09999814722687006,35.507396824425086,"[15594964, 15494964, 15994964, 15894964, 15194964, 15094964, 15294964, 15394964, 15794964, 15694964]","[4, 4, 4, 4, 4, 4, 4, 4, 4, 4]"
37,6,"[1, 2, 9, 18, 20]",5,3.611721028573811,0.07996529433876276,35.90989715224132,"[17241746, 17341746, 17041746, 17141746, 16841746, 16941746, 17541746, 17441746, 16641746, 16741746]","[9, 9, 9, 9, 9, 9, 9, 9, 9, 9]"
38,6,"[4, 7, 12, 18, 20]",5,3.356990633532405,0.07675795443356037,33.9621920729056,"[15463427, 15563427, 15663427, 15763427, 15963427, 15863427, 15163427, 15063427, 15263427, 15363427]","[12, 12, 12, 12, 12, 12, 12, 12, 12, 12]"
39,6,"[0, 2, 3, 5, 12, 23]",6,4.172712196595967,0.09100531507283449,34.10736903245561,"[15778764, 15678764, 15478764, 15578764, 15178764, 15078764, 15878764, 15978764, 15278764, 15378764]","[2, 2, 2, 2, 2, 2, 2, 2, 2, 2]"
40,6,"[3, 9, 12, 13, 18, 19]",6,4.4495535511523485,0.1005464131012559,38.031996004438646,"[15668703, 15768703, 15468703, 15568703, 15368703, 15268703, 15868703, 15968703, 15068703, 15168703]","[18, 18, 18, 18, 18, 18, 18, 18, 18, 18]"
41,6,"[3, 12, 16, 18]",4,2.928068907931447,0.06399932317435741,37.66509334102739,"[15407133, 15507133, 15207133, 15307133, 15607133, 15707133, 15107133, 15007133, 15907133, 15807133]","[12, 12, 12, 12, 12, 12, 12, 12, 12, 12]"
42,6,"[0, 1, 8, 12, 18, 24]",6,4.205154857598245,0.10108624771237373,34.46094830481646,"[15385318, 15285318, 15685318, 15785318, 15585318, 15485318, 15085318, 15185318, 15885318, 15985318]","[24, 24, 24, 24, 24, 24, 24, 24, 24, 24]"
43,6,"[1, 4, 7, 9, 14, 16]",6,4.161993150599301,0.0990684274584055,34.08486932159091,"[15024680, 15124680, 15624680, 15724680, 15824680, 15924680, 15524680, 15424680, 15324680, 15224680]","[9, 9, 9, 9, 9, 9, 9, 9, 9, 9]"
44,6,"[2, 9, 12, 14, 18]",5,3.5802817000076175,0.08053455501794815,35.97233663471415,"[15777223, 15677223, 15477223, 15577223, 15177223, 15077223, 15877223, 15977223, 15277223, 15377223]","[9, 9, 9, 9, 9, 9, 9, 9, 9, 9]"
45,6,"[2, 4, 16, 18, 23]",5,3.504380354657769,0.08302981685847044,34.93523201076314,"[15565042, 15465042, 15965042, 15865042, 15165042, 15065042, 15665042, 15765042, 15265042, 15365042]","[16, 16, 16, 16, 16, 16, 16, 16, 16, 16]"
46,6,"[2, 4, 5, 6, 18, 21]",6,4.17374290432781,0.0946755139157176,33.24899547741128,"[15143631, 15043631, 15743631, 15643631, 15543631, 15443631, 15943631, 15843631, 15343631, 15243631]","[2, 2, 2, 2, 2, 2, 2, 2, 2, 2]"
47,6,"[1, 3, 6, 12, 13, 18]",6,4.341092506423593,0.10328162740916014,35.25824977317825,"[15109521, 15009521, 15809521, 15909521, 15409521, 15509521, 15609521, 15709521, 15209521, 15309521]","[12, 12, 12, 12, 12, 12, 12, 12, 12, 12]"
48,6,"[2, 3, 7, 14, 15, 16]",6,4.189275695942342,0.10013539623469114,34.85810287428709,"[15173629, 15073629, 15773629, 15673629, 15573629, 15473629, 15973629, 15873629, 15373629, 15273629]","[2, 2, 2, 2, 2, 2, 2, 2, 2, 2]"
49,6,"[3, 15, 16, 18]",4,2.9239006713032722,0.0662128385156393,37.37774650123902,"[15528923, 15428923, 15928923, 15828923, 15128923, 15028923, 15228923, 15328923, 15728923, 15628923]","[16, 16, 16, 16, 16, 16, 16, 16, 16, 16]"
50,6,"[1, 2, 4, 15, 18, 22]",6,4.194970015436411,0.09712788090109825,35.43665627095228,"[15158219, 15058219, 15758219, 15658219, 15558219, 15458219, 15958219, 15858219, 15358219, 15258219]","[1, 1, 1, 1, 1, 1, 1, 1, 1, 1]"
51,6,"[2, 4, 6, 13, 17, 18]",6,4.217826457694173,0.09979572240263224,33.82050764459806,"[15739513, 15639513, 15339513, 15239513, 15539513, 15439513, 15039513, 15139513, 15839513, 15939513]","[18, 18, 18, 18, 18, 18, 18, 18, 18, 18]"
52,6,"[0, 3, 6, 8, 11, 18]",6,4.287126179784536,0.09696422144770622,34.41558517244024,"[15746438, 15646438, 15446438, 15546438, 15146438, 15046438, 15846438, 15946438, 15246438, 15346438]","[3, 3, 3, 3, 3, 3, 3, 3, 3, 3]"
53,6,"[0, 9, 12, 13, 24]",5,3.5981018906459212,0.08078742399811745,36.16727971518412,"[15143673, 15043673, 15743673, 15643673, 15543673, 15443673, 15343673, 15243673, 15943673, 15843673]","[24, 24, 24, 24, 24, 24, 24, 24, 24, 24]"
54,6,"[12, 18, 22]",3,2.1373963681980968,0.05273129511624575,39.88562248212596,"[15731544, 15631544, 15431544, 15531544, 15131544, 15031544, 15831544, 15931544, 15231544, 15331544]","[18, 18, 18, 18, 18, 18, 18, 18, 18, 18]"
55,6,"[3, 17, 18, 19, 22]",5,3.7071022298187017,0.08339997660368681,39.61313235983253,"[15659823, 15759823, 15159823, 15059823, 15259823, 15359823, 15559823, 15459823, 15959823, 15859823]","[19, 19, 19, 19, 19, 19, 19, 19, 19, 19]"
56,6,"[1, 2, 4, 5, 11, 18]",6,4.213786395266652,0.09925020020455122,33.3229185732392,"[15358733, 15258733, 15858733, 15958733, 15558733, 15458733, 15058733, 15158733, 15758733, 15658733]","[5, 5, 5, 5, 5, 5, 5, 5, 5, 5]"
57,6,"[0, 6, 11, 18, 20, 21]",6,4.167606602422893,0.09382125735282898,35.26154262254325,"[15031035, 15131035, 15431035, 15531035, 15931035, 15831035, 15231035, 15331035, 15731035, 15631035]","[20, 20, 20, 20, 20, 20, 20, 20, 20, 20]"
58,6,"[10, 12, 16, 17, 18]",5,3.5758098009973764,0.0803752625361085,37.0173907417804,"[15087563, 15187563, 15487563, 15587563, 15987563, 15887563, 15787563, 15687563, 15287563, 15387563]","[10, 10, 10, 10, 10, 10, 10, 10, 10, 10]"
59,6,"[0, 1, 3, 14, 18, 19]",6,4.239036601036787,0.09119440149515867,35.428347947308794,"[15792864, 15692864, 15592864, 15492864, 15092864, 15192864, 15292864, 15392864, 15892864, 15992864]","[0, 0, 0, 0, 0, 0, 0, 0, 0, 0]"
60,6,"[0, 1, 6, 17, 18]",5,3.4330697571858764,0.07983872760087252,33.20138699728996,"[15069165, 15169165, 15669165, 15769165, 15869165, 15969165, 15569165, 15469165, 15369165, 15269165]","[17, 17, 17, 17, 17, 17, 17, 17, 17, 17]"
61,6,"[3, 7, 12, 15, 18, 22]",6,4.217454790137708,0.09778462909162045,36.9194585311537,"[15107710, 15007710, 15207710, 15307710, 15507710, 15407710, 15707710, 15607710, 15907710, 15807710]","[18, 18, 18, 18, 18, 18, 18, 18, 18, 18]"
62,6,"[0, 2, 8, 14, 16, 18]",6,4.157614986412227,0.09978072810918093,34.55101650992098,"[15171773, 15071773, 15771773, 15671773, 15571773, 15471773, 15971773, 15871773, 15371773, 15271773]","[0, 0, 0, 0, 0, 0, 0, 0, 0, 0]"
63,6,"[5, 14, 17, 18, 20, 24]",6,4.308320848271251,0.10601743590086699,36.063326845954485,"[15585472, 15485472, 15985472, 15885472, 15185472, 15085472, 15285472, 15385472, 15785472, 15685472]","[17, 17, 17, 17, 17, 17, 17, 17, 17, 17]"
64,6,"[1, 5, 7, 18, 22]",5,3.4703706800937653,0.08294846769422293,35.26891969805583,"[15168557, 15068557, 15268557, 15368557, 15568557, 15468557, 15968557, 15868557, 15768557, 15668557]","[1, 1, 1, 1, 1, 1, 1, 1, 1, 1]"
65,6,"[3, 6, 8, 16, 18, 23]",6,4.30973815638572,0.0978391757234931,35.90432705016186,"[15313124, 15213124, 15613124, 15713124, 15513124, 15413124, 15013124, 15113124, 15813124, 15913124]","[23, 23, 23, 23, 23, 23, 23, 23, 23, 23]"
66,6,"[12, 16, 18, 22, 24]",5,3.7099210182204843,0.08652189560234547,39.54146499512717,"[15188582, 15088582, 15888582, 15988582, 15488582, 15588582, 15688582, 15788582, 15288582, 15388582]","[22, 22, 22, 22, 22, 22, 22, 22, 22, 22]"
67,6,"[0, 1, 4, 12, 22]",5,3.4724428793415427,0.08655124343931675,34.86142877116799,"[15107691, 15007691, 15707691, 15607691, 15507691, 15407691, 15907691, 15807691, 15307691, 15207691]","[0, 0, 0, 0, 0, 0, 0, 0, 0, 0]"
68,6,"[18, 19, 23, 24]",4,2.9946080408990383,0.06692265905439854,38.038414831855334,"[15178380, 15078380, 15778380, 15678380, 15578380, 15478380, 15978380, 15878380, 15378380, 15278380]","[18, 18, 18, 18, 18, 18, 18, 18, 18, 18]"
69,6,"[2, 3, 10, 14, 18]",5,3.600476118735969,0.08312909118831158,35.74161397712305,"[15569016, 15469016, 15969016, 15869016, 15169016, 15069016, 15269016, 15369016, 15769016, 15669016]","[10, 10, 10, 10, 10, 10, 10, 10, 10, 10]"
70,6,"[3, 4, 6, 13, 17, 22]",6,4.32964763790369,0.10887158010154963,36.371464530782156,"[15570364, 15470364, 15970364, 15870364, 15170364, 15070364, 15270364, 15370364, 15770364, 15670364]","[6, 6, 6, 6, 6, 6, 6, 6, 6, 6]"
71,6,"[0, 7, 13, 15, 18, 22]",6,4.04877404961735,0.09844742529094219,35.7232842638623,"[15135027, 15035027, 15735027, 15635027, 15535027, 15435027, 15935027, 15835027, 15335027, 15235027]","[0, 0, 0, 0, 0, 0, 0, 0, 0, 0]"
72,6,"[1, 3, 12, 16, 18, 22]",6,4.386544696986675,0.0977850565686822,38.26311244109335,"[15986993, 15886993, 15786993, 15686993, 15086993, 15186993, 15386993, 15286993, 15486993, 15586993]","[12, 12, 12, 12, 12, 12, 12, 12, 12, 12]"
73,6,"[0, 12, 18]",3,2.0262398831546307,0.04640339966863394,34.27421488100663,"[15789042, 15689042, 15489042, 15589042, 15189042, 15089042, 15889042, 15989042, 15289042, 15389042]","[12, 12, 12, 12, 12, 12, 12, 12, 12, 12]"
74,6,"[6, 11, 16, 17, 18, 19]",6,4.380984694696963,0.0948835713788867,36.95736904481115,"[15224167, 15324167, 15524167, 15424167, 15924167, 15824167, 15124167, 15024167, 15624167, 15724167]","[19, 19, 19, 19, 19, 19, 19, 19, 19, 19]"
75,6,"[2, 3, 5, 17, 21, 23]",6,4.244412953034043,0.09191483724862337,35.371486749034375,"[16870123, 16970123, 17170123, 17070123, 16770123, 16670123, 17470123, 17570123, 17370123, 17270123]","[3, 3, 3, 3, 3, 3, 3, 3, 3, 3]"
76,6,"[12, 14, 16, 18, 22]",5,3.5173203563317657,0.0825922666117549,38.878713857289405,"[15772947, 15672947, 15472947, 15572947, 15172947, 15072947, 15872947, 15972947, 15272947, 15372947]","[14, 14, 14, 14, 14, 14, 14, 14, 14, 14]"
77,6,"[3, 11, 13, 18, 22]",5,3.6800215309485793,0.08105991408228874,39.15154471155256,"[15134045, 15034045, 15534045, 15434045, 15334045, 15234045, 15834045, 15934045, 15734045, 15634045]","[11, 11, 11, 11, 11, 11, 11, 11, 11, 11]"
78,6,"[0, 1, 3, 10, 11]",5,3.5964075047522783,0.08063933625817299,34.75129327243194,"[15124305, 15024305, 15824305, 15924305, 15424305, 15524305, 15624305, 15724305, 15224305, 15324305]","[10, 10, 10, 10, 10, 10, 10, 10, 10, 10]"
79,6,"[1, 3, 7, 12, 13, 19]",6,4.264646873809397,0.09568089805543423,35.5295513831079,"[15315810, 15215810, 15615810, 15715810, 15515810, 15415810, 15015810, 15115810, 15815810, 15915810]","[19, 19, 19, 19, 19, 19, 19, 19, 19, 19]"
80,6,"[1, 4, 12, 16, 18, 23]",6,4.206766692921519,0.09710558596998453,35.095782278493665,"[15777027, 15677027, 15377027, 15277027, 15577027, 15477027, 15077027, 15177027, 15877027, 15977027]","[23, 23, 23, 23, 23, 23, 23, 23, 23, 23]"
81,6,"[0, 1, 16, 17, 18]",5,3.5594924725592136,0.08682340011000633,34.895271914824846,"[15191597, 15091597, 15891597, 15991597, 15491597, 15591597, 15391597, 15291597, 15691597, 15791597]","[17, 17, 17, 17, 17, 17, 17, 17, 17, 17]"
82,6,"[0, 1, 2, 4, 19, 22]",6,4.234184890054166,0.10289745964109898,35.242251099242516,"[15341983, 15241983, 15041983, 15141983, 15641983, 15741983, 15941983, 15841983, 15441983, 15541983]","[2, 2, 2, 2, 2, 2, 2, 2, 2, 2]"
83,6,"[0, 8, 10, 14, 18, 19]",6,4.213926945813,0.0976999718695879,35.381728757638484,"[15189164, 15089164, 15889164, 15989164, 15489164, 15589164, 15689164, 15789164, 15289164, 15389164]","[14, 14, 14, 14, 14, 14, 14, 14, 14, 14]"
84,6,"[0, 14, 18, 19, 22]",5,3.517650356516242,0.07730816397815943,37.816774256527424,"[15662344, 15762344, 15462344, 15562344, 15362344, 15262344, 15862344, 15962344, 15062344, 15162344]","[22, 22, 22, 22, 22, 22, 22, 22, 22, 22]"
85,6,"[11, 15, 16, 18, 19]",5,3.679269186221063,0.08358423598110676,37.929189117345956,"[15655904, 15755904, 15455904, 15555904, 15355904, 15255904, 15055904, 15155904, 15855904, 15955904]","[11, 11, 11, 11, 11, 11, 11, 11, 11, 11]"
86,6,"[0, 1, 14, 15, 16, 24]",6,4.208044119179249,0.10525410156697035,35.03071803568552,"[15161280, 15061280, 15261280, 15361280, 15561280, 15461280, 15761280, 15661280, 15961280, 15861280]","[16, 16, 16, 16, 16, 16, 16, 16, 16, 16]"
87,6,"[0, 2, 11, 12, 18, 21]",6,4.215750314295292,0.09963228739798069,35.066936096797384,"[15982683, 15882683, 15782683, 15682683, 15082683, 15182683, 15382683, 15282683, 15482683, 15582683]","[11, 11, 11, 11, 11, 11, 11, 11, 11, 11]"
88,6,"[1, 3, 9, 14, 22]",5,3.715597835369408,0.08730645105242729,38.23753544986248,"[15767887, 15667887, 15467887, 15567887, 15167887, 15067887, 15867887, 15967887, 15267887, 15367887]","[3, 3, 3, 3, 3, 3, 3, 3, 3, 3]"
89,6,"[0, 1, 6, 14, 18]",5,3.4186902279034257,0.08224949613213539,33.022034930810335,"[15603950, 15703950, 15403950, 15503950, 15303950, 15203950, 15803950, 15903950, 15003950, 15103950]","[18, 18, 18, 18, 18, 18, 18, 18, 18, 18]"
90,6,"[0, 3, 9, 18, 22]",5,3.6407559821382165,0.07813752628862858,38.115150661394,"[15102235, 15002235, 15702235, 15602235, 15502235, 15402235, 15302235, 15202235, 15902235, 15802235]","[22, 22, 22, 22, 22, 22, 22, 22, 22, 22]"
91,6,"[0, 3, 5, 6, 12, 22]",6,4.214370956644416,0.10007845517247915,35.628459110778444,"[15223263, 15323263, 15423263, 15523263, 15123263, 15023263, 15823263, 15923263, 15623263, 15723263]","[3, 3, 3, 3, 3, 3, 3, 3, 3, 3]"
92,6,"[0, 2, 3, 6, 13, 18]",6,4.2197214383631945,0.09409797750413418,34.24993908009492,"[15471923, 15571923, 15271923, 15371923, 15671923, 15771923, 15171923, 15071923, 15971923, 15871923]","[2, 2, 2, 2, 2, 2, 2, 2, 2, 2]"
93,6,"[12, 16, 17, 22]",4,2.8778215860947967,0.06430187914520502,39.63287767407019,"[15145684, 15045684, 15845684, 15945684, 15445684, 15545684, 15345684, 15245684, 15645684, 15745684]","[22, 22, 22, 22, 22, 22, 22, 22, 22, 22]"
94,6,"[1, 9, 13, 16, 17, 18]",6,4.360146506689489,0.09771505184471607,36.85041732977455,"[15715973, 15615973, 15315973, 15215973, 15915973, 15815973, 15515973, 15415973, 15015973, 15115973]","[1, 1, 1, 1, 1, 1, 1, 1, 1, 1]"
95,6,"[1, 8, 9, 11, 16, 18]",6,4.375608900561929,0.09740457497537136,36.46127476038722,"[15384477, 15284477, 15684477, 15784477, 15584477, 15484477, 15084477, 15184477, 15884477, 15984477]","[18, 18, 18, 18, 18, 18, 18, 18, 18, 18]"
96,6,"[2, 14, 18, 23]",4,2.724650003015995,0.06293633673340082,35.145611991756596,"[15325270, 15225270, 15125270, 15025270, 15425270, 15525270, 15925270, 15825270, 15625270, 15725270]","[2, 2, 2, 2, 2, 2, 2, 2, 2, 2]"
97,6,"[1, 3, 6, 18, 23]",5,3.5617971941828728,0.08065997902303934,34.89975912226364,"[15541208, 15441208, 15941208, 15841208, 15141208, 15041208, 15641208, 15741208, 15241208, 15341208]","[6, 6, 6, 6, 6, 6, 6, 6, 6, 6]"
98,6,"[1, 2, 4, 8, 10, 22]",6,4.225701284594834,0.10315052606165409,35.11412388761528,"[15379703, 15279703, 15679703, 15779703, 15579703, 15479703, 15079703, 15179703, 15879703, 15979703]","[22, 22, 22, 22, 22, 22, 22, 22, 22, 22]"
99,6,"[0, 1, 7, 18]",4,2.687835575081408,0.06566779781132936,31.925828149192967,"[15188268, 15088268, 15888268, 15988268, 15488268, 15588268, 15688268, 15788268, 15288268, 15388268]","[18, 18, 18, 18, 18, 18, 18, 18, 18, 18]"
100,6,"[3, 16, 17, 20, 24]",5,3.8217537570744753,0.08883425407111645,38.10329478792846,"[15443691, 15543691, 15943691, 15843691, 15343691, 15243691, 15743691, 15643691, 15143691, 15043691]","[17, 17, 17, 17, 17, 17, 17, 17, 17, 17]"
101,6,"[0, 4, 9, 12, 13, 24]",6,4.295268935151398,0.1010471023619175,35.02690257147575,"[15105343, 15005343, 15805343, 15905343, 15405343, 15505343, 15605343, 15705343, 15205343, 15305343]","[12, 12, 12, 12, 12, 12, 12, 12, 12, 12]"
102,6,"[6, 12, 18, 22]",4,2.8546896297484636,0.06674965377897024,37.735035348916426,"[15135333, 15035333, 15835333, 15935333, 15435333, 15535333, 15635333, 15735333, 15235333, 15335333]","[22, 22, 22, 22, 22, 22, 22, 22, 22, 22]"
103,6,"[0, 3, 6, 14, 19, 22]",6,4.300028239376843,0.10055322386324406,36.92367099202238,"[15135027, 15035027, 15735027, 15635027, 15535027, 15435027, 15935027, 15835027, 15335027, 15235027]","[0, 0, 0, 0, 0, 0, 0, 0, 0, 0]"
104,6,"[2, 3, 9, 13, 17, 23]",6,4.412794463336468,0.09887957852333784,36.521483813800536,"[15725159, 15625159, 15325159, 15225159, 15525159, 15425159, 15025159, 15125159, 15825159, 15925159]","[23, 23, 23, 23, 23, 23, 23, 23, 23, 23]"
105,6,"[8, 9, 10, 12, 20, 23]",6,4.3060651905834675,0.1013787193223834,36.73256166939003,"[15458292, 15558292, 15758292, 15658292, 15858292, 15958292, 15358292, 15258292, 15158292, 15058292]","[9, 9, 9, 9, 9, 9, 9, 9, 9, 9]"
106,6,"[0, 12, 15, 17, 18, 23]",6,4.108097272925079,0.09489776380360126,35.009461876237765,"[15325159, 15225159, 15625159, 15725159, 15525159, 15425159, 15025159, 15125159, 15825159, 15925159]","[23, 23, 23, 23, 23, 23, 23, 23, 23, 23]"
107,6,"[1, 3, 11, 18, 24]",5,3.792507995851338,0.08592050522565842,36.49697169326246,"[15596101, 15496101, 15996101, 15896101, 15196101, 15096101, 15296101, 15396101, 15796101, 15696101]","[11, 11, 11, 11, 11, 11, 11, 11, 11, 11]"
108,6,"[2, 3, 7, 12, 18]",5,3.5313847176730633,0.07873748894780874,34.46402433747426,"[15186137, 15086137, 15786137, 15686137, 15586137, 15486137, 15386137, 15286137, 15986137, 15886137]","[18, 18, 18, 18, 18, 18, 18, 18, 18, 18]"
109,6,"[6, 9, 13, 18, 22]",5,3.6040514847263694,0.08010480925440788,38.239959799405185,"[15189661, 15089661, 15289661, 15389661, 15589661, 15489661, 15989661, 15889661, 15789661, 15689661]","[6, 6, 6, 6, 6, 6, 6, 6, 6, 6]"
110,6,"[0, 1, 2, 6, 16]",5,3.4658883856609464,0.07489236537367105,33.134416526090355,"[15696954, 15796954, 15496954, 15596954, 15396954, 15296954, 15096954, 15196954, 15896954, 15996954]","[0, 0, 0, 0, 0, 0, 0, 0, 0, 0]"
111,6,"[3, 6, 12, 18, 22]",5,3.6039402475580573,0.08388497773557901,37.774768207687885,"[15129685, 15029685, 15729685, 15629685, 15529685, 15429685, 15329685, 15229685, 15929685, 15829685]","[22, 22, 22, 22, 22, 22, 22, 22, 22, 22]"
112,6,"[0, 3, 9, 14, 22]",5,3.575947961769998,0.07788463216274977,37.760187537502496,"[15179703, 15079703, 15779703, 15679703, 15579703, 15479703, 15379703, 15279703, 15979703, 15879703]","[22, 22, 22, 22, 22, 22, 22, 22, 22, 22]"
113,6,"[1, 4, 12, 14]",4,2.689176960848272,0.06340750399976969,33.18989635957405,"[15539510, 15439510, 15939510, 15839510, 15139510, 15039510, 15239510, 15339510, 15739510, 15639510]","[12, 12, 12, 12, 12, 12, 12, 12, 12, 12]"
114,6,"[0, 4, 6, 12, 18, 22]",6,4.084054708480835,0.09685778990387917,35.01897128454099,"[15086993, 15186993, 15686993, 15786993, 15886993, 15986993, 15586993, 15486993, 15386993, 15286993]","[12, 12, 12, 12, 12, 12, 12, 12, 12, 12]"
115,6,"[1, 14, 18, 21, 24]",5,3.5284922579303384,0.08320365287363529,36.00875172456726,"[15662444, 15762444, 15462444, 15562444, 15362444, 15262444, 15062444, 15162444, 15862444, 15962444]","[1, 1, 1, 1, 1, 1, 1, 1, 1, 1]"
116,6,"[0, 1, 2, 3, 7, 16]",6,4.160800088196993,0.09459566976875067,33.53048725317543,"[15180991, 15080991, 15780991, 15680991, 15580991, 15480991, 15980991, 15880991, 15380991, 15280991]","[0, 0, 0, 0, 0, 0, 0, 0, 0, 0]"
117,6,"[5, 9, 13, 14, 18]",5,3.570405412465334,0.07803540583699942,36.004939835798,"[15138044, 15038044, 15738044, 15638044, 15538044, 15438044, 15938044, 15838044, 15338044, 15238044]","[5, 5, 5, 5, 5, 5, 5, 5, 5, 5]"
118,6,"[0, 10, 12, 13, 16, 18]",6,4.24962355941534,0.1019995678216219,36.02966672903858,"[15339893, 15239893, 15839893, 15939893, 15539893, 15439893, 15039893, 15139893, 15739893, 15639893]","[13, 13, 13, 13, 13, 13, 13, 13, 13, 13]"
119,6,"[1, 4, 7, 12, 18]",5,3.385346934199333,0.08230629563331604,32.67896325057372,"[15774558, 15674558, 15474558, 15574558, 15174558, 15074558, 15874558, 15974558, 15274558, 15374558]","[4, 4, 4, 4, 4, 4, 4, 4, 4, 4]"
120,6,"[2, 5, 9, 15, 18]",5,3.5830339128151536,0.08338207378983498,35.10707112029195,"[15740799, 15640799, 15340799, 15240799, 15140799, 15040799, 15440799, 15540799, 15940799, 15840799]","[15, 15, 15, 15, 15, 15, 15, 15, 15, 15]"
121,6,"[0, 1, 2, 3, 8, 18]",6,4.261871498078108,0.10094212740659714,33.789750980446115,"[15553659, 15453659, 15953659, 15853659, 15153659, 15053659, 15253659, 15353659, 15753659, 15653659]","[2, 2, 2, 2, 2, 2, 2, 2, 2, 2]"
122,6,"[4, 8, 13, 18, 21, 22]",6,4.199215481989086,0.10225528478622437,36.8445857395418,"[15703806, 15603806, 15403806, 15503806, 15103806, 15003806, 15803806, 15903806, 15203806, 15303806]","[8, 8, 8, 8, 8, 8, 8, 8, 8, 8]"
123,6,"[1, 2, 4, 16, 20, 23]",6,4.236069286242127,0.10283279791474342,34.8007172139672,"[15122538, 15022538, 15822538, 15922538, 15422538, 15522538, 15622538, 15722538, 15222538, 15322538]","[16, 16, 16, 16, 16, 16, 16, 16, 16, 16]"
124,6,"[1, 3, 6, 10, 16]",5,3.673415033146739,0.08365941699594259,35.53691950030625,"[15988998, 15888998, 15788998, 15688998, 15088998, 15188998, 15388998, 15288998, 15488998, 15588998]","[6, 6, 6, 6, 6, 6, 6, 6, 6, 6]"
125,6,"[3, 5, 16, 18, 21]",5,3.6391449756920338,0.08550111763179302,36.80400971537456,"[15112155, 15012155, 15812155, 15912155, 15412155, 15512155, 15612155, 15712155, 15212155, 15312155]","[18, 18, 18, 18, 18, 18, 18, 18, 18, 18]"
126,6,"[1, 4, 10, 18, 22, 24]",6,4.354594144970179,0.10690512042492628,36.629902067050956,"[15512609, 15412609, 15912609, 15812609, 15112609, 15012609, 15212609, 15312609, 15712609, 15612609]","[10, 10, 10, 10, 10, 10, 10, 10, 10, 10]"
127,6,"[0, 3, 18, 21]",4,2.848036468960345,0.06326943449676037,35.577239102101885,"[15456273, 15556273, 15856273, 15956273, 15056273, 15156273, 15656273, 15756273, 15356273, 15256273]","[3, 3, 3, 3, 3, 3, 3, 3, 3, 3]"
128,6,"[0, 1, 3, 13, 18, 19]",6,4.327346590347588,0.1016845153644681,35.78487087048901,"[15532591, 15432591, 15932591, 15832591, 15132591, 15032591, 15232591, 15332591, 15732591, 15632591]","[3, 3, 3, 3, 3, 3, 3, 3, 3, 3]"
129,6,"[0, 11, 18, 19, 22]",5,3.614400896243751,0.08059008792042732,38.2718079735525,"[15518260, 15418260, 15918260, 15818260, 15118260, 15018260, 15218260, 15318260, 15718260, 15618260]","[18, 18, 18, 18, 18, 18, 18, 18, 18, 18]"
130,6,"[1, 6, 10, 18, 19]",5,3.5942844562232494,0.08059054706245661,35.51330111613497,"[15762709, 15662709, 15462709, 15562709, 15162709, 15062709, 15862709, 15962709, 15262709, 15362709]","[6, 6, 6, 6, 6, 6, 6, 6, 6, 6]"
131,6,"[0, 2, 3, 5, 14, 18]",6,4.154375137761235,0.09625931177288294,33.98071434705829,"[15017042, 15117042, 15417042, 15517042, 15917042, 15817042, 15717042, 15617042, 15217042, 15317042]","[0, 0, 0, 0, 0, 0, 0, 0, 0, 0]"
132,6,"[1, 4, 5, 13, 19, 21]",6,4.189842501655221,0.0910252882167697,34.84464758774266,"[15511258, 15411258, 15111258, 15011258, 15711258, 15611258, 15311258, 15211258, 15911258, 15811258]","[4, 4, 4, 4, 4, 4, 4, 4, 4, 4]"
133,6,"[1, 3, 14, 15, 16, 23]",6,4.204802673310041,0.09902763739228249,36.043195580365136,"[15257433, 15357433, 15457433, 15557433, 15157433, 15057433, 15857433, 15957433, 15657433, 15757433]","[3, 3, 3, 3, 3, 3, 3, 3, 3, 3]"
134,6,"[1, 3, 4, 16, 18, 21]",6,4.281844950281084,0.10302162542939186,35.62890189335061,"[15972009, 15872009, 15572009, 15472009, 15772009, 15672009, 15172009, 15072009, 15372009, 15272009]","[4, 4, 4, 4, 4, 4, 4, 4, 4, 4]"
135,6,"[3, 7, 9, 16, 17]",5,3.641819091513753,0.08453710377216339,36.35585000626743,"[16787744, 16687744, 17487744, 17587744, 17087744, 17187744, 16987744, 16887744, 17287744, 17387744]","[16, 16, 16, 16, 16, 16, 16, 16, 16, 16]"
136,6,"[0, 3, 4, 11, 19]",5,3.6284204963594675,0.08098921366035938,35.035209035780284,"[15127618, 15027618, 15727618, 15627618, 15527618, 15427618, 15327618, 15227618, 15927618, 15827618]","[19, 19, 19, 19, 19, 19, 19, 19, 19, 19]"
137,6,"[3, 4, 5, 11, 14]",5,3.564999503083527,0.07786482386291027,34.26179095543921,"[15056273, 15156273, 15456273, 15556273, 15956273, 15856273, 15756273, 15656273, 15256273, 15356273]","[3, 3, 3, 3, 3, 3, 3, 3, 3, 3]"
138,6,"[1, 3, 4, 14, 23]",5,3.4845324149355292,0.08255258202552795,34.15314457910135,"[15421829, 15521829, 15221829, 15321829, 15621829, 15721829, 15121829, 15021829, 15921829, 15821829]","[3, 3, 3, 3, 3, 3, 3, 3, 3, 3]"
139,6,"[1, 2, 5, 17, 19, 22]",6,4.369347005151212,0.10362279321998358,36.661274501588196,"[15710935, 15610935, 15410935, 15510935, 15110935, 15010935, 15810935, 15910935, 15210935, 15310935]","[2, 2, 2, 2, 2, 2, 2, 2, 2, 2]"
140,6,"[5, 11, 15, 16, 18, 22]",6,4.344772418029606,0.09957821574062109,37.88773560042804,"[15165042, 15065042, 15865042, 15965042, 15465042, 15565042, 15665042, 15765042, 15265042, 15365042]","[16, 16, 16, 16, 16, 16, 16, 16, 16, 16]"
141,6,"[0, 2, 3, 5, 20]",5,3.567811856046319,0.0774577371776104,34.15860339775681,"[15554633, 15454633, 15954633, 15854633, 15154633, 15054633, 15254633, 15354633, 15754633, 15654633]","[3, 3, 3, 3, 3, 3, 3, 3, 3, 3]"
142,6,"[0, 3, 5, 7, 18]",5,3.465220627374947,0.07758043520152569,33.04173326184973,"[15732856, 15632856, 15832856, 15932856, 15332856, 15232856, 15132856, 15032856, 15532856, 15432856]","[7, 7, 7, 7, 7, 7, 7, 7, 7, 7]"
143,6,"[0, 18, 19, 22]",4,2.8693954767659307,0.06851613987237215,38.52496699488256,"[15900624, 15800624, 15700624, 15600624, 15000624, 15100624, 15300624, 15200624, 15400624, 15500624]","[19, 19, 19, 19, 19, 19, 19, 19, 19, 19]"
144,6,"[10, 11, 14, 15, 18, 22]",6,4.26492905896157,0.0997438570484519,37.87169527177078,"[15639513, 15739513, 15439513, 15539513, 15339513, 15239513, 15839513, 15939513, 15039513, 15139513]","[18, 18, 18, 18, 18, 18, 18, 18, 18, 18]"
145,6,"[1, 3, 5, 15, 16, 18]",6,4.326941451989114,0.09689363185316324,35.5922430192586,"[15438341, 15538341, 15238341, 15338341, 15638341, 15738341, 15138341, 15038341, 15938341, 15838341]","[3, 3, 3, 3, 3, 3, 3, 3, 3, 3]"
146,6,"[0, 1, 13, 17, 18]",5,3.4824714325368404,0.07543492317199707,34.369360375870016,"[15705066, 15605066, 15305066, 15205066, 15105066, 15005066, 15405066, 15505066, 15905066, 15805066]","[17, 17, 17, 17, 17, 17, 17, 17, 17, 17]"
147,6,"[0, 1, 4, 6, 8, 18]",6,4.035910473205149,0.09640171471983194,32.14351089616927,"[15312155, 15212155, 15612155, 15712155, 15512155, 15412155, 15012155, 15112155, 15812155, 15912155]","[18, 18, 18, 18, 18, 18, 18, 18, 18, 18]"
148,6,"[0, 5, 8, 14, 16, 17]",6,4.0902829533442855,0.09404412284493446,34.28051253291778,"[15123644, 15023644, 15823644, 15923644, 15423644, 15523644, 15623644, 15723644, 15223644, 15323644]","[14, 14, 14, 14, 14, 14, 14, 14, 14, 14]"
149,6,"[5, 16, 18, 21, 22]",5,3.5416255220770836,0.08021313324570656,38.55384823922068,"[17550845, 17450845, 17150845, 17050845, 16950845, 16850845, 16650845, 16750845, 17250845, 17350845]","[16, 16, 16, 16, 16, 16, 16, 16, 16, 16]"
150,6,"[0, 1, 2, 12, 16, 18]",6,4.1808894304558635,0.09378382004797459,34.560463977589585,"[15635027, 15735027, 15435027, 15535027, 15335027, 15235027, 15035027, 15135027, 15835027, 15935027]","[0, 0, 0, 0, 0, 0, 0, 0, 0, 0]"
151,6,"[2, 9, 10, 13, 17, 23]",6,4.294195106253028,0.09416267462074757,36.279119932015114,"[15704655, 15604655, 15404655, 15504655, 15804655, 15904655, 15204655, 15304655, 15104655, 15004655]","[13, 13, 13, 13, 13, 13, 13, 13, 13, 13]"
152,6,"[0, 4, 6, 14, 16, 18]",6,4.06116159632802,0.0905233733355999,33.65874683725027,"[15122538, 15022538, 15722538, 15622538, 15522538, 15422538, 15322538, 15222538, 15922538, 15822538]","[16, 16, 16, 16, 16, 16, 16, 16, 16, 16]"
153,6,"[0, 1, 3, 5, 18, 22]",6,4.244415322318673,0.09489535726606846,35.87775873276405,"[15612459, 15712459, 15412459, 15512459, 15312459, 15212459, 15012459, 15112459, 15812459, 15912459]","[0, 0, 0, 0, 0, 0, 0, 0, 0, 0]"
154,6,"[0, 3, 6, 17, 18]",5,3.5568969594314694,0.08258218318223953,34.34104512175545,"[15921036, 15821036, 15521036, 15421036, 15721036, 15621036, 15121036, 15021036, 15321036, 15221036]","[6, 6, 6, 6, 6, 6, 6, 6, 6, 6]"
155,6,"[1, 5, 7, 9, 12, 15]",6,4.17806588858366,0.09956317488104105,33.92258091519276,"[15024680, 15124680, 15624680, 15724680, 15824680, 15924680, 15524680, 15424680, 15324680, 15224680]","[9, 9, 9, 9, 9, 9, 9, 9, 9, 9]"
156,6,"[0, 1, 12, 16, 18, 22]",6,4.252029411494732,0.10259059350937605,36.91560741040545,"[15100850, 15000850, 15700850, 15600850, 15500850, 15400850, 15900850, 15800850, 15300850, 15200850]","[0, 0, 0, 0, 0, 0, 0, 0, 0, 0]"
157,6,"[1, 3, 4, 9, 10, 16]",6,4.460300770588219,0.10479302424937487,35.84633557102643,"[15758292, 15658292, 15858292, 15958292, 15358292, 15258292, 15158292, 15058292, 15558292, 15458292]","[9, 9, 9, 9, 9, 9, 9, 9, 9, 9]"
158,6,"[3, 4, 11, 18, 24]",5,3.7296101227402687,0.08999866899102926,35.91489325975999,"[15747368, 15647368, 15447368, 15547368, 15147368, 15047368, 15847368, 15947368, 15247368, 15347368]","[4, 4, 4, 4, 4, 4, 4, 4, 4, 4]"
159,6,"[6, 10, 11, 12, 14, 16]",6,4.318364213220775,0.100043635815382,35.99563671524326,"[15593019, 15493019, 15993019, 15893019, 15193019, 15093019, 15693019, 15793019, 15293019, 15393019]","[11, 11, 11, 11, 11, 11, 11, 11, 11, 11]"
160,6,"[2, 7, 12, 14, 18, 22]",6,4.135763858444989,0.09918155241757631,36.00888626828479,"[15280820, 15380820, 15580820, 15480820, 15980820, 15880820, 15180820, 15080820, 15680820, 15780820]","[22, 22, 22, 22, 22, 22, 22, 22, 22, 22]"
161,6,"[1, 7, 10, 11, 18]",5,3.5202653240412474,0.08299173321574926,34.31866627568379,"[15112155, 15012155, 15712155, 15612155, 15512155, 15412155, 15312155, 15212155, 15912155, 15812155]","[18, 18, 18, 18, 18, 18, 18, 18, 18, 18]"
162,6,"[11, 14, 15, 16, 18, 22]",6,4.2862322283908725,0.09984556026756763,38.417225635920964,"[15378092, 15278092, 15178092, 15078092, 15478092, 15578092, 15978092, 15878092, 15678092, 15778092]","[11, 11, 11, 11, 11, 11, 11, 11, 11, 11]"
163,6,"[1, 2, 7, 9, 16]",5,3.5804389379918575,0.08274548128247261,34.550445487722754,"[15428324, 15528324, 15828324, 15928324, 15028324, 15128324, 15628324, 15728324, 15328324, 15228324]","[2, 2, 2, 2, 2, 2, 2, 2, 2, 2]"
164,6,"[0, 1, 2, 3, 6, 18]",6,4.2431885823607445,0.094963482581079,33.4353171098046,"[15328493, 15228493, 15628493, 15728493, 15528493, 15428493, 15028493, 15128493, 15828493, 15928493]","[18, 18, 18, 18, 18, 18, 18, 18, 18, 18]"
165,6,"[1, 4, 5, 18, 20]",5,3.4576762225478888,0.08544014021754265,33.75557220363989,"[15984408, 15884408, 15784408, 15684408, 15084408, 15184408, 15384408, 15284408, 15484408, 15584408]","[5, 5, 5, 5, 5, 5, 5, 5, 5, 5]"
166,6,"[2, 3, 5, 14, 17, 22]",6,4.265495699830353,0.09949498996138573,36.64007559977472,"[15172947, 15072947, 15872947, 15972947, 15472947, 15572947, 15372947, 15272947, 15672947, 15772947]","[14, 14, 14, 14, 14, 14, 14, 14, 14, 14]"
167,6,"[2, 3, 6, 13, 15]",5,3.5344089437276125,0.07738448400050402,34.791583000402895,"[15946348, 15846348, 15746348, 15646348, 15046348, 15146348, 15346348, 15246348, 15446348, 15546348]","[6, 6, 6, 6, 6, 6, 6, 6, 6, 6]"
168,6,"[0, 3, 4, 14, 21]",5,3.386025340296328,0.07967355940490961,33.97183152837679,"[15394964, 15294964, 15094964, 15194964, 15694964, 15794964, 15994964, 15894964, 15494964, 15594964]","[4, 4, 4, 4, 4, 4, 4, 4, 4, 4]"
169,6,"[2, 3, 10, 13, 20, 22]",6,4.354642070829868,0.09996439144015312,38.237138982707016,"[15070471, 15170471, 15270471, 15370471, 15970471, 15870471, 15670471, 15770471, 15470471, 15570471]","[22, 22, 22, 22, 22, 22, 22, 22, 22, 22]"
170,6,"[0, 1, 3, 10, 14]",5,3.4825519742444158,0.0827059531584382,34.29625955540687,"[15172947, 15072947, 15772947, 15672947, 15572947, 15472947, 15372947, 15272947, 15972947, 15872947]","[14, 14, 14, 14, 14, 14, 14, 14, 14, 14]"
171,6,"[1, 14, 18, 19, 24]",5,3.6319860694929957,0.08083101734519005,36.61709551494569,"[15472947, 15572947, 15872947, 15972947, 15072947, 15172947, 15672947, 15772947, 15372947, 15272947]","[14, 14, 14, 14, 14, 14, 14, 14, 14, 14]"
172,6,"[3, 4, 9, 14, 17]",5,3.6010830523446202,0.08571787364780903,35.49503129106015,"[15652745, 15752745, 15452745, 15552745, 15352745, 15252745, 15052745, 15152745, 15852745, 15952745]","[3, 3, 3, 3, 3, 3, 3, 3, 3, 3]"
173,6,"[8, 11, 13, 15, 18, 22]",6,4.278239028528333,0.1002288730815053,37.71661166513028,"[15939893, 15839893, 15739893, 15639893, 15039893, 15139893, 15339893, 15239893, 15439893, 15539893]","[13, 13, 13, 13, 13, 13, 13, 13, 13, 13]"
174,6,"[3, 6, 7, 16, 18, 21]",6,4.246414851397276,0.09452675562351942,35.39277910518771,"[15178722, 15078722, 15878722, 15978722, 15478722, 15578722, 15678722, 15778722, 15278722, 15378722]","[16, 16, 16, 16, 16, 16, 16, 16, 16, 16]"
175,6,"[0, 3, 10, 15, 18, 21]",6,4.240218088962138,0.10238158795982599,35.642373610520735,"[15498160, 15598160, 15298160, 15398160, 15698160, 15798160, 15198160, 15098160, 15998160, 15898160]","[3, 3, 3, 3, 3, 3, 3, 3, 3, 3]"
176,6,"[0, 3, 6, 15, 22]",5,3.5269861491397023,0.08023161254823208,36.162860843073574,"[15169883, 15069883, 15869883, 15969883, 15469883, 15569883, 15669883, 15769883, 15269883, 15369883]","[15, 15, 15, 15, 15, 15, 15, 15, 15, 15]"
177,6,"[4, 8, 12, 14, 18]",5,3.412739537656307,0.07991300616413355,34.138574502710256,"[15223253, 15323253, 15423253, 15523253, 15123253, 15023253, 15823253, 15923253, 15623253, 15723253]","[8, 8, 8, 8, 8, 8, 8, 8, 8, 8]"
178,6,"[2, 9, 13, 18, 22]",5,3.6706478549167514,0.08356467820703983,38.49371134256944,"[15712928, 15612928, 15012928, 15112928, 15212928, 15312928, 15912928, 15812928, 15412928, 15512928]","[2, 2, 2, 2, 2, 2, 2, 2, 2, 2]"
179,6,"[0, 8, 14, 18, 22]",5,3.4318668572232127,0.08469582349061966,36.33685222389177,"[15017042, 15117042, 15417042, 15517042, 15917042, 15817042, 15717042, 15617042, 15217042, 15317042]","[0, 0, 0, 0, 0, 0, 0, 0, 0, 0]"
180,6,"[0, 12, 13, 14, 18, 22]",6,4.154845764860511,0.09359899815171957,36.93544684171987,"[15336121, 15236121, 15636121, 15736121, 15536121, 15436121, 15036121, 15136121, 15836121, 15936121]","[22, 22, 22, 22, 22, 22, 22, 22, 22, 22]"
181,6,"[4, 12, 16, 18, 19, 22]",6,4.341897903941572,0.10324446484446526,38.25734502876488,"[15668703, 15768703, 15168703, 15068703, 15268703, 15368703, 15568703, 15468703, 15968703, 15868703]","[18, 18, 18, 18, 18, 18, 18, 18, 18, 18]"
182,6,"[0, 1, 3, 11, 14, 18]",6,4.268022210337222,0.09835464227944613,34.83662870596163,"[15608547, 15708547, 15208547, 15308547, 15808547, 15908547, 15108547, 15008547, 15408547, 15508547]","[3, 3, 3, 3, 3, 3, 3, 3, 3, 3]"
183,6,"[6, 7, 11, 18, 22]",5,3.472755798138678,0.07665989361703396,36.168914443440734,"[15513053, 15413053, 15913053, 15813053, 15113053, 15013053, 15613053, 15713053, 15213053, 15313053]","[11, 11, 11, 11, 11, 11, 11, 11, 11, 11]"
184,6,"[0, 2, 3, 4, 13, 24]",6,4.250097568146884,0.09419201500713825,34.18005290899115,"[15156786, 15056786, 15756786, 15656786, 15556786, 15456786, 15956786, 15856786, 15356786, 15256786]","[0, 0, 0, 0, 0, 0, 0, 0, 0, 0]"
185,6,"[0, 1, 3, 6, 12, 13]",6,4.2098527224734426,0.09434951841831207,34.106558195858575,"[15135027, 15035027, 15735027, 15635027, 15535027, 15435027, 15935027, 15835027, 15335027, 15235027]","[0, 0, 0, 0, 0, 0, 0, 0, 0, 0]"
186,6,"[10, 13, 16, 18, 22]",5,3.6094272835180163,0.08326011523604393,39.35941338315606,"[15572303, 15472303, 15972303, 15872303, 15172303, 15072303, 15672303, 15772303, 15272303, 15372303]","[16, 16, 16, 16, 16, 16, 16, 16, 16, 16]"
187,6,"[3, 7, 16, 20, 21]",5,3.514464009553194,0.07704837247729301,36.59322697827592,"[15534924, 15434924, 15934924, 15834924, 15134924, 15034924, 15234924, 15334924, 15734924, 15634924]","[16, 16, 16, 16, 16, 16, 16, 16, 16, 16]"
188,6,"[0, 4, 10, 18, 20, 21]",6,4.096065212972462,0.09353683050721884,34.805223850455754,"[15706275, 15606275, 15406275, 15506275, 15106275, 15006275, 15806275, 15906275, 15206275, 15306275]","[4, 4, 4, 4, 4, 4, 4, 4, 4, 4]"
189,6,"[1, 3, 11, 14, 17, 18]",6,4.325822541490197,0.0972012672573328,35.84197773543807,"[15746438, 15646438, 15446438, 15546438, 15146438, 15046438, 15846438, 15946438, 15246438, 15346438]","[3, 3, 3, 3, 3, 3, 3, 3, 3, 3]"
190,6,"[1, 6, 10, 12, 18]",5,3.5560432132333517,0.08630232326686382,34.59443490123376,"[15227399, 15327399, 15427399, 15527399, 15127399, 15027399, 15827399, 15927399, 15627399, 15727399]","[6, 6, 6, 6, 6, 6, 6, 6, 6, 6]"
191,6,"[2, 3, 5, 12, 13, 18]",6,4.33565245103091,0.09720240626484156,35.39831840409897,"[15768703, 15668703, 15368703, 15268703, 15568703, 15468703, 15068703, 15168703, 15868703, 15968703]","[18, 18, 18, 18, 18, 18, 18, 18, 18, 18]"
192,6,"[1, 2, 16, 18, 21]",5,3.6019722996279597,0.07819153554737568,35.813345305901024,"[15240998, 15340998, 15440998, 15540998, 15140998, 15040998, 15840998, 15940998, 15640998, 15740998]","[2, 2, 2, 2, 2, 2, 2, 2, 2, 2]"
193,6,"[5, 14, 18, 22, 24]",5,3.607382733374834,0.08051403798162937,37.70610731402412,"[15154604, 15054604, 15854604, 15954604, 15454604, 15554604, 15654604, 15754604, 15254604, 15354604]","[22, 22, 22, 22, 22, 22, 22, 22, 22, 22]"
194,6,"[6, 10, 20, 21]",4,2.829737505875528,0.06292414013296366,36.045527954469435,"[15712732, 15612732, 15412732, 15512732, 15112732, 15012732, 15812732, 15912732, 15212732, 15312732]","[10, 10, 10, 10, 10, 10, 10, 10, 10, 10]"
195,6,"[0, 6, 14, 18, 20, 22]",6,4.152485190890729,0.09655868448317051,36.36820183795256,"[15135027, 15035027, 15235027, 15335027, 15535027, 15435027, 15935027, 15835027, 15735027, 15635027]","[0, 0, 0, 0, 0, 0, 0, 0, 0, 0]"
196,6,"[2, 3, 5, 11, 17, 18]",6,4.424357523210347,0.10123958066105843,35.36525814072229,"[15136340, 15036340, 15736340, 15636340, 15536340, 15436340, 15336340, 15236340, 15936340, 15836340]","[17, 17, 17, 17, 17, 17, 17, 17, 17, 17]"
197,6,"[7, 10, 12, 18, 19, 20]",6,4.266423560678959,0.10013438481837511,36.295824533328414,"[15104627, 15004627, 15204627, 15304627, 15504627, 15404627, 15704627, 15604627, 15904627, 15804627]","[19, 19, 19, 19, 19, 19, 19, 19, 19, 19]"
198,6,"[1, 3, 4, 11, 18]",5,3.6382937747985125,0.08304192032665014,34.702423265390095,"[15511258, 15411258, 15911258, 15811258, 15111258, 15011258, 15211258, 15311258, 15711258, 15611258]","[4, 4, 4, 4, 4, 4, 4, 4, 4, 4]"
199,6,"[0, 1, 2, 3, 6, 22]",6,4.3059014761820436,0.09891991969197989,35.08932933304459,"[15215973, 15315973, 15515973, 15415973, 15915973, 15815973, 15715973, 15615973, 15115973, 15015973]","[1, 1, 1, 1, 1, 1, 1, 1, 1, 1]"
200,6,"[4, 9, 16, 17, 20]",5,3.635323254391551,0.08750263694673777,36.59234103569761,"[15360381, 15260381, 15060381, 15160381, 15660381, 15760381, 15960381, 15860381, 15460381, 15560381]","[16, 16, 16, 16, 16, 16, 16, 16, 16, 16]"
201,6,"[10, 14, 18, 19, 21, 22]",6,4.258893774822354,0.09375556372106075,38.91374776007918,"[15829685, 15929685, 15529685, 15429685, 15329685, 15229685, 15729685, 15629685, 15129685, 15029685]","[22, 22, 22, 22, 22, 22, 22, 22, 22, 22]"
202,6,"[0, 1, 5, 10, 13, 14]",6,4.08530487306416,0.09332570992410183,33.74630034443302,"[15397551, 15297551, 15697551, 15797551, 15597551, 15497551, 15097551, 15197551, 15897551, 15997551]","[14, 14, 14, 14, 14, 14, 14, 14, 14, 14]"
203,6,"[0, 3, 7, 15, 22]",5,3.401871982961893,0.0801601568236947,35.67828909223899,"[15180230, 15080230, 15880230, 15980230, 15480230, 15580230, 15680230, 15780230, 15280230, 15380230]","[15, 15, 15, 15, 15, 15, 15, 15, 15, 15]"
204,6,"[4, 13, 14, 18, 22]",5,3.42325350176543,0.0820513078942895,36.97477443655953,"[15168703, 15068703, 15868703, 15968703, 15468703, 15568703, 15668703, 15768703, 15268703, 15368703]","[18, 18, 18, 18, 18, 18, 18, 18, 18, 18]"
205,6,"[3, 14, 17, 22]",4,2.873237549327314,0.06352546624839306,38.870339710847475,"[15157433, 15057433, 15757433, 15657433, 15557433, 15457433, 15957433, 15857433, 15357433, 15257433]","[3, 3, 3, 3, 3, 3, 3, 3, 3, 3]"
206,6,"[1, 3, 4, 5, 12, 16]",6,4.275253900326788,0.09489545319229364,34.54484056751244,"[15093353, 15193353, 15293353, 15393353, 15793353, 15693353, 15993353, 15893353, 15593353, 15493353]","[4, 4, 4, 4, 4, 4, 4, 4, 4, 4]"
207,6,"[1, 3, 4, 18, 22]",5,3.567480642348528,0.0858523054048419,36.58716734014452,"[15141375, 15041375, 15741375, 15641375, 15541375, 15441375, 15341375, 15241375, 15941375, 15841375]","[22, 22, 22, 22, 22, 22, 22, 22, 22, 22]"
208,6,"[0, 3, 7, 14, 24]",5,3.4414198007434607,0.07455675210803747,33.98490931838751,"[15357588, 15257588, 15057588, 15157588, 15657588, 15757588, 15957588, 15857588, 15457588, 15557588]","[7, 7, 7, 7, 7, 7, 7, 7, 7, 7]"
209,6,"[3, 4, 12, 13, 14, 15]",6,4.171094716526568,0.10474712401628494,35.107797634244584,"[15535026, 15435026, 15935026, 15835026, 15135026, 15035026, 15235026, 15335026, 15735026, 15635026]","[12, 12, 12, 12, 12, 12, 12, 12, 12, 12]"
210,6,"[6, 14, 16, 18, 22]",5,3.54500350728631,0.08262243121862411,37.89233739478514,"[15780820, 15680820, 15580820, 15480820, 15080820, 15180820, 15880820, 15980820, 15280820, 15380820]","[22, 22, 22, 22, 22, 22, 22, 22, 22, 22]"
211,6,"[0, 1, 3, 5, 18, 19]",6,4.332472134381533,0.09584931004792452,34.89885791181587,"[15783452, 15683452, 15383452, 15283452, 15583452, 15483452, 15083452, 15183452, 15883452, 15983452]","[19, 19, 19, 19, 19, 19, 19, 19, 19, 19]"
212,6,"[0, 3, 14, 17, 18]",5,3.531346990726888,0.08007513452321291,35.08119099251926,"[15212803, 15312803, 15412803, 15512803, 15612803, 15712803, 15012803, 15112803, 15812803, 15912803]","[0, 0, 0, 0, 0, 0, 0, 0, 0, 0]"
213,6,"[1, 2, 4, 5, 14]",5,3.4327642880380154,0.08547515515238047,32.18070478634909,"[15547520, 15447520, 15947520, 15847520, 15147520, 15047520, 15647520, 15747520, 15247520, 15347520]","[4, 4, 4, 4, 4, 4, 4, 4, 4, 4]"
214,6,"[3, 7, 16, 22, 23]",5,3.5698178373277187,0.08310661744326353,37.903459942620245,"[15638210, 15738210, 15138210, 15038210, 15238210, 15338210, 15538210, 15438210, 15938210, 15838210]","[22, 22, 22, 22, 22, 22, 22, 22, 22, 22]"
215,6,"[1, 2, 3, 16, 18]",5,3.683876655995846,0.08367390464991331,35.84653155757114,"[15163517, 15063517, 15863517, 15963517, 15463517, 15563517, 15663517, 15763517, 15263517, 15363517]","[16, 16, 16, 16, 16, 16, 16, 16, 16, 16]"
216,6,"[1, 3, 6, 14, 18]",5,3.5742489052936435,0.08554518595337868,34.63904096763581,"[15411511, 15511511, 15811511, 15911511, 15011511, 15111511, 15611511, 15711511, 15311511, 15211511]","[3, 3, 3, 3, 3, 3, 3, 3, 3, 3]"
217,6,"[3, 7, 9, 15, 18]",5,3.559374355711043,0.08187243063002825,35.59407513681799,"[15138341, 15038341, 15238341, 15338341, 15538341, 15438341, 15938341, 15838341, 15738341, 15638341]","[3, 3, 3, 3, 3, 3, 3, 3, 3, 3]"
218,6,"[1, 4, 6, 13, 16, 18]",6,4.269030194729567,0.09776363614946604,34.41305968739713,"[15163517, 15063517, 15763517, 15663517, 15563517, 15463517, 15363517, 15263517, 15963517, 15863517]","[16, 16, 16, 16, 16, 16, 16, 16, 16, 16]"
219,6,"[2, 6, 9, 18, 24]",5,3.7049541315063834,0.08284398820251226,35.64871131004766,"[15191707, 15091707, 15291707, 15391707, 15591707, 15491707, 15791707, 15691707, 15991707, 15891707]","[24, 24, 24, 24, 24, 24, 24, 24, 24, 24]"
220,6,"[1, 3, 14, 20, 22]",5,3.589943057857454,0.08367178868502378,38.097511472087355,"[15221829, 15321829, 15421829, 15521829, 15121829, 15021829, 15821829, 15921829, 15621829, 15721829]","[3, 3, 3, 3, 3, 3, 3, 3, 3, 3]"
221,6,"[0, 4, 5, 6, 18]",5,3.344629521481693,0.07937425374984741,31.804568454716353,"[15557756, 15457756, 15957756, 15857756, 15157756, 15057756, 15657756, 15757756, 15257756, 15357756]","[5, 5, 5, 5, 5, 5, 5, 5, 5, 5]"
222,6,"[0, 1, 7, 8, 18]",5,3.3275936357676983,0.07430384494364262,32.22263795398176,"[15002855, 15102855, 15402855, 15502855, 15902855, 15802855, 15702855, 15602855, 15202855, 15302855]","[0, 0, 0, 0, 0, 0, 0, 0, 0, 0]"
223,6,"[0, 1, 4, 9, 24]",5,3.5444433465600014,0.08006524760276079,33.81170546906069,"[15780370, 15680370, 15480370, 15580370, 15180370, 15080370, 15880370, 15980370, 15280370, 15380370]","[1, 1, 1, 1, 1, 1, 1, 1, 1, 1]"
224,6,"[0, 2, 5, 7, 14, 21]",6,3.9444953184574842,0.08993695583194494,32.63665851609161,"[15392930, 15292930, 15892930, 15992930, 15792930, 15692930, 15492930, 15592930, 15192930, 15092930]","[2, 2, 2, 2, 2, 2, 2, 2, 2, 2]"
225,6,"[7, 9, 10, 12, 18, 19]",6,4.27517868205905,0.09360315278172493,36.41251118147435,"[15224167, 15324167, 15524167, 15424167, 15924167, 15824167, 15124167, 15024167, 15624167, 15724167]","[19, 19, 19, 19, 19, 19, 19, 19, 19, 19]"
226,6,"[0, 5, 7, 15, 20, 22]",6,4.015326742082834,0.09355765953660011,35.152727006779365,"[15181522, 15081522, 15881522, 15981522, 15481522, 15581522, 15681522, 15781522, 15281522, 15381522]","[15, 15, 15, 15, 15, 15, 15, 15, 15, 15]"
227,6,"[0, 2, 3, 4, 19, 20]",6,4.252540932036936,0.0939818387851119,34.853409681313984,"[15115810, 15015810, 15215810, 15315810, 15515810, 15415810, 15715810, 15615810, 15915810, 15815810]","[19, 19, 19, 19, 19, 19, 19, 19, 19, 19]"
228,6,"[3, 9, 14, 15, 23]",5,3.583213190548122,0.0824206629768014,36.72454778915271,"[15958104, 15858104, 15258104, 15358104, 15458104, 15558104, 15058104, 15158104, 15658104, 15758104]","[23, 23, 23, 23, 23, 23, 23, 23, 23, 23]"
229,6,"[3, 4, 5, 9, 16, 17]",6,4.40317590534687,0.10572891030460596,35.67515246321758,"[15119347, 15019347, 15819347, 15919347, 15419347, 15519347, 15319347, 15219347, 15619347, 15719347]","[9, 9, 9, 9, 9, 9, 9, 9, 9, 9]"
230,6,"[2, 4, 9, 18, 22, 24]",6,4.42594129126519,0.10627851355820894,37.16136528598145,"[15131544, 15031544, 15831544, 15931544, 15431544, 15531544, 15331544, 15231544, 15631544, 15731544]","[18, 18, 18, 18, 18, 18, 18, 18, 18, 18]"
231,6,"[0, 1, 3, 6, 18]",5,3.561663811095059,0.08033843990415335,33.6119741987437,"[15346438, 15246438, 15046438, 15146438, 15646438, 15746438, 15946438, 15846438, 15446438, 15546438]","[3, 3, 3, 3, 3, 3, 3, 3, 3, 3]"
232,6,"[0, 2, 5, 7, 13, 16]",6,4.10492258798331,0.09053556807339191,33.32400313136168,"[15676153, 15776153, 15176153, 15076153, 15276153, 15376153, 15576153, 15476153, 15976153, 15876153]","[7, 7, 7, 7, 7, 7, 7, 7, 7, 7]"
233,6,"[0, 3, 4, 6, 11, 22]",6,4.279431954026222,0.10509769897907972,35.38878734231306,"[15379703, 15279703, 15679703, 15779703, 15579703, 15479703, 15079703, 15179703, 15879703, 15979703]","[22, 22, 22, 22, 22, 22, 22, 22, 22, 22]"
234,6,"[0, 4, 5, 12, 18, 24]",6,4.193076047115028,0.09620681405067444,33.70874726306647,"[15186137, 15086137, 15286137, 15386137, 15586137, 15486137, 15786137, 15686137, 15986137, 15886137]","[18, 18, 18, 18, 18, 18, 18, 18, 18, 18]"
235,6,"[0, 1, 10, 17, 18]",5,3.511290593072772,0.08013374917209148,34.24063547784463,"[15187154, 15087154, 15787154, 15687154, 15587154, 15487154, 15987154, 15887154, 15387154, 15287154]","[0, 0, 0, 0, 0, 0, 0, 0, 0, 0]"
236,6,"[2, 3, 11, 18, 22]",5,3.730849299579859,0.08611383568495512,38.23732287613675,"[15795114, 15695114, 15495114, 15595114, 15195114, 15095114, 15895114, 15995114, 15295114, 15395114]","[3, 3, 3, 3, 3, 3, 3, 3, 3, 3]"
237,6,"[4, 5, 7, 12, 14, 17]",6,4.052152494899929,0.09606010280549526,32.84540305643653,"[15933886, 15833886, 15733886, 15633886, 15033886, 15133886, 15333886, 15233886, 15433886, 15533886]","[7, 7, 7, 7, 7, 7, 7, 7, 7, 7]"
238,6,"[0, 4, 10, 13, 18, 20]",6,4.137325313873589,0.10119693633168936,34.69778592674993,"[15731386, 15631386, 15531386, 15431386, 15031386, 15131386, 15231386, 15331386, 15831386, 15931386]","[0, 0, 0, 0, 0, 0, 0, 0, 0, 0]"
239,6,"[0, 2, 3, 4, 12, 16]",6,4.195058075711131,0.09394580218940973,34.27121206970575,"[15151157, 15051157, 15751157, 15651157, 15551157, 15451157, 15951157, 15851157, 15351157, 15251157]","[0, 0, 0, 0, 0, 0, 0, 0, 0, 0]"
240,6,"[3, 7, 13, 14, 22, 24]",6,4.24953109677881,0.09101934358477592,37.31365170624728,"[15413476, 15513476, 15213476, 15313476, 15613476, 15713476, 15113476, 15013476, 15913476, 15813476]","[7, 7, 7, 7, 7, 7, 7, 7, 7, 7]"
241,6,"[8, 9, 11, 16, 19]",5,3.745129568502307,0.08119912445545197,38.11658159112558,"[15595258, 15495258, 15995258, 15895258, 15195258, 15095258, 15695258, 15795258, 15295258, 15395258]","[11, 11, 11, 11, 11, 11, 11, 11, 11, 11]"
242,6,"[0, 1, 2, 3, 11, 12]",6,4.2778099132701755,0.09396124258637428,34.34068965616947,"[15368615, 15268615, 15868615, 15968615, 15568615, 15468615, 15068615, 15168615, 15768615, 15668615]","[3, 3, 3, 3, 3, 3, 3, 3, 3, 3]"
243,6,"[0, 5, 11, 15, 18, 24]",6,4.232994029298425,0.09172951988875866,34.83954187575728,"[15184887, 15084887, 15884887, 15984887, 15484887, 15584887, 15384887, 15284887, 15684887, 15784887]","[15, 15, 15, 15, 15, 15, 15, 15, 15, 15]"
244,6,"[1, 2, 4, 10, 22, 24]",6,4.296152473427355,0.10278790630400181,35.92877085747508,"[15647368, 15747368, 15047368, 15147368, 15247368, 15347368, 15947368, 15847368, 15447368, 15547368]","[4, 4, 4, 4, 4, 4, 4, 4, 4, 4]"
245,6,"[3, 4, 10, 11, 23]",5,3.5789717147126794,0.08044547028839588,35.45699976244941,"[15149483, 15049483, 15249483, 15349483, 15549483, 15449483, 15949483, 15849483, 15749483, 15649483]","[3, 3, 3, 3, 3, 3, 3, 3, 3, 3]"
246,6,"[0, 3, 6, 14, 17, 18]",6,4.198825817555189,0.09351810533553362,34.448204818647355,"[15768365, 15668365, 15468365, 15568365, 15168365, 15068365, 15868365, 15968365, 15268365, 15368365]","[3, 3, 3, 3, 3, 3, 3, 3, 3, 3]"
247,6,"[3, 5, 6, 18, 20]",5,3.612592002376914,0.08286111056804657,35.28688174737617,"[15731061, 15631061, 15331061, 15231061, 15931061, 15831061, 15031061, 15131061, 15531061, 15431061]","[20, 20, 20, 20, 20, 20, 20, 20, 20, 20]"
248,6,"[5, 9, 12, 18, 21]",5,3.6046710312366486,0.08042640145868063,36.380095935985445,"[15718101, 15618101, 15418101, 15518101, 15118101, 15018101, 15818101, 15918101, 15218101, 15318101]","[9, 9, 9, 9, 9, 9, 9, 9, 9, 9]"
249,6,"[0, 1, 3, 9, 18]",5,3.6490057818591595,0.08318757079541683,35.225654013082384,"[17570123, 17470123, 17370123, 17270123, 16670123, 16770123, 16970123, 16870123, 17070123, 17170123]","[3, 3, 3, 3, 3, 3, 3, 3, 3, 3]"
250,6,"[0, 1, 2, 7, 22, 24]",6,4.195108035579324,0.09960817731916904,34.7461960989361,"[15381710, 15281710, 15681710, 15781710, 15581710, 15481710, 15081710, 15181710, 15881710, 15981710]","[24, 24, 24, 24, 24, 24, 24, 24, 24, 24]"
251,6,"[3, 4, 16, 18, 21]",5,3.6048659468069673,0.0832407958805561,36.30760046793148,"[15110264, 15010264, 15810264, 15910264, 15410264, 15510264, 15610264, 15710264, 15210264, 15310264]","[18, 18, 18, 18, 18, 18, 18, 18, 18, 18]"
252,6,"[0, 13, 18, 22]",4,2.7907795580103993,0.06841335538774729,37.603380371350795,"[15135027, 15035027, 15235027, 15335027, 15535027, 15435027, 15935027, 15835027, 15735027, 15635027]","[0, 0, 0, 0, 0, 0, 0, 0, 0, 0]"
253,6,"[0, 9, 14, 18, 20, 22]",6,4.2447217823937535,0.0996820218861103,37.71293501656813,"[15029400, 15129400, 15429400, 15529400, 15929400, 15829400, 15229400, 15329400, 15729400, 15629400]","[20, 20, 20, 20, 20, 20, 20, 20, 20, 20]"
254,6,"[1, 2, 3, 14, 19, 22]",6,4.389318676665425,0.10649217758327723,37.53292053829258,"[15862344, 15962344, 15562344, 15462344, 15362344, 15262344, 15762344, 15662344, 15162344, 15062344]","[22, 22, 22, 22, 22, 22, 22, 22, 22, 22]"
255,6,"[2, 5, 9, 10, 16, 18]",6,4.387338968925178,0.1005985476076603,36.11696693130458,"[15772442, 15672442, 15472442, 15572442, 15172442, 15072442, 15872442, 15972442, 15272442, 15372442]","[5, 5, 5, 5, 5, 5, 5, 5, 5, 5]"
256,6,"[4, 5, 16, 18, 24]",5,3.5980627797544003,0.0824268152937293,35.18827127898112,"[15520017, 15420017, 15920017, 15820017, 15120017, 15020017, 15220017, 15320017, 15720017, 15620017]","[16, 16, 16, 16, 16, 16, 16, 16, 16, 16]"
257,6,"[0, 2, 14, 18, 20, 22]",6,4.138104143552482,0.09111599903553724,36.5796614572561,"[15458552, 15558552, 15858552, 15958552, 15058552, 15158552, 15658552, 15758552, 15358552, 15258552]","[2, 2, 2, 2, 2, 2, 2, 2, 2, 2]"
258,6,"[8, 12, 18, 21, 22]",5,3.487737656570971,0.08019994851201773,38.16690260078758,"[15102250, 15002250, 15802250, 15902250, 15402250, 15502250, 15602250, 15702250, 15202250, 15302250]","[21, 21, 21, 21, 21, 21, 21, 21, 21, 21]"
259,6,"[14, 16, 18, 21, 24]",5,3.573471315205097,0.08024089690297842,37.51220962787047,"[15045859, 15145859, 15445859, 15545859, 15945859, 15845859, 15245859, 15345859, 15745859, 15645859]","[24, 24, 24, 24, 24, 24, 24, 24, 24, 24]"
260,6,"[0, 1, 3, 4, 24]",5,3.5556711917743087,0.08058183267712593,33.52811079341918,"[15587226, 15487226, 15987226, 15887226, 15187226, 15087226, 15287226, 15387226, 15787226, 15687226]","[3, 3, 3, 3, 3, 3, 3, 3, 3, 3]"
261,6,"[1, 3, 4, 9]",4,2.923350002616644,0.06723636854439974,34.71144963428378,"[15157968, 15057968, 15857968, 15957968, 15457968, 15557968, 15657968, 15757968, 15257968, 15357968]","[9, 9, 9, 9, 9, 9, 9, 9, 9, 9]"
262,6,"[1, 14, 15, 18, 21, 22]",6,4.137042499147356,0.09669930394738913,37.24911013253344,"[15458488, 15558488, 15258488, 15358488, 15658488, 15758488, 15158488, 15058488, 15958488, 15858488]","[14, 14, 14, 14, 14, 14, 14, 14, 14, 14]"
263,6,"[1, 3, 9, 18, 23]",5,3.658972045406699,0.07774868328124285,36.51343893660233,"[15139513, 15039513, 15839513, 15939513, 15439513, 15539513, 15639513, 15739513, 15239513, 15339513]","[18, 18, 18, 18, 18, 18, 18, 18, 18, 18]"
264,6,"[2, 14, 15, 18, 20, 22]",6,4.152088302187622,0.0999107426032424,37.44917803125767,"[15776335, 15676335, 15476335, 15576335, 15176335, 15076335, 15876335, 15976335, 15276335, 15376335]","[14, 14, 14, 14, 14, 14, 14, 14, 14, 14]"
265,6,"[1, 3, 16, 18]",4,2.982106039300561,0.0718147186562419,36.670156530686654,"[15363517, 15263517, 15063517, 15163517, 15663517, 15763517, 15963517, 15863517, 15463517, 15563517]","[16, 16, 16, 16, 16, 16, 16, 16, 16, 16]"
266,6,"[0, 3, 9, 16, 19, 22]",6,4.489967217668891,0.10392935760319233,39.06318670961385,"[15768365, 15668365, 15468365, 15568365, 15168365, 15068365, 15868365, 15968365, 15268365, 15368365]","[3, 3, 3, 3, 3, 3, 3, 3, 3, 3]"
267,6,"[1, 3, 14, 16, 18]",5,3.654257209971547,0.08968540281057358,36.332925885170695,"[15101108, 15001108, 15701108, 15601108, 15501108, 15401108, 15901108, 15801108, 15301108, 15201108]","[1, 1, 1, 1, 1, 1, 1, 1, 1, 1]"
268,6,"[1, 14, 16, 17, 23]",5,3.5160437654703856,0.08308474440127611,35.82809371445328,"[15177027, 15077027, 15777027, 15677027, 15577027, 15477027, 15377027, 15277027, 15977027, 15877027]","[23, 23, 23, 23, 23, 23, 23, 23, 23, 23]"
269,6,"[0, 1, 4, 9, 18, 24]",6,4.30824751034379,0.10370276402682066,34.30289104464464,"[15295345, 15395345, 15495345, 15595345, 15195345, 15095345, 15895345, 15995345, 15695345, 15795345]","[1, 1, 1, 1, 1, 1, 1, 1, 1, 1]"
270,6,"[9, 12, 18, 19, 23]",5,3.699682160280645,0.08249653317034245,37.88454592358321,"[15089883, 15189883, 15489883, 15589883, 15989883, 15889883, 15289883, 15389883, 15789883, 15689883]","[23, 23, 23, 23, 23, 23, 23, 23, 23, 23]"
271,6,"[1, 15, 18, 21]",4,2.7800494665279984,0.06284508574754,35.45694130752236,"[15621844, 15721844, 15121844, 15021844, 15221844, 15321844, 15521844, 15421844, 15921844, 15821844]","[21, 21, 21, 21, 21, 21, 21, 21, 21, 21]"
272,6,"[1, 5, 6, 16, 19, 22]",6,4.388191941194236,0.10044657066464424,37.095137365860865,"[15736567, 15636567, 15436567, 15536567, 15136567, 15036567, 15836567, 15936567, 15236567, 15336567]","[5, 5, 5, 5, 5, 5, 5, 5, 5, 5]"
273,6,"[0, 5, 12, 18]",4,2.7407690845429897,0.06503956019878387,33.6574269332923,"[15521812, 15421812, 15921812, 15821812, 15121812, 15021812, 15221812, 15321812, 15721812, 15621812]","[12, 12, 12, 12, 12, 12, 12, 12, 12, 12]"
274,6,"[0, 9, 14, 16, 17, 18]",6,4.276820082217455,0.10079472325742245,36.096104479627684,"[15190489, 15090489, 15790489, 15690489, 15590489, 15490489, 15390489, 15290489, 15990489, 15890489]","[17, 17, 17, 17, 17, 17, 17, 17, 17, 17]"
275,6,"[0, 3, 14, 15, 16, 22]",6,4.238533210940659,0.0999893918633461,37.377955351024866,"[15078721, 15178721, 15278721, 15378721, 15978721, 15878721, 15678721, 15778721, 15478721, 15578721]","[22, 22, 22, 22, 22, 22, 22, 22, 22, 22]"
276,6,"[1, 4, 16, 18, 23]",5,3.479325298219919,0.08055831026285887,34.87190748183057,"[15120702, 15020702, 15720702, 15620702, 15520702, 15420702, 15320702, 15220702, 15920702, 15820702]","[23, 23, 23, 23, 23, 23, 23, 23, 23, 23]"
277,6,"[8, 9, 12, 14, 22]",5,3.5271231550723314,0.08255921211093664,38.128720404207705,"[15782286, 15682286, 15482286, 15582286, 15182286, 15082286, 15882286, 15982286, 15282286, 15382286]","[9, 9, 9, 9, 9, 9, 9, 9, 9, 9]"
278,6,"[2, 5, 9, 16, 22]",5,3.644822389818728,0.08074420318007469,38.02927171504125,"[15585279, 15485279, 15985279, 15885279, 15185279, 15085279, 15285279, 15385279, 15785279, 15685279]","[9, 9, 9, 9, 9, 9, 9, 9, 9, 9]"
279,6,"[4, 5, 22, 23, 24]",5,3.513122856616974,0.08057740610092878,36.480065054725856,"[15106062, 15006062, 15706062, 15606062, 15506062, 15406062, 15306062, 15206062, 15906062, 15806062]","[24, 24, 24, 24, 24, 24, 24, 24, 24, 24]"
280,6,"[0, 1, 3, 4, 12, 14]",6,4.10562399122864,0.09388373605906963,33.42365908995271,"[15538341, 15438341, 15938341, 15838341, 15138341, 15038341, 15238341, 15338341, 15738341, 15638341]","[3, 3, 3, 3, 3, 3, 3, 3, 3, 3]"
281,6,"[3, 6, 14, 17, 19]",5,3.6130401054397225,0.08101247902959585,36.178245573397724,"[15343691, 15243691, 15843691, 15943691, 15543691, 15443691, 15043691, 15143691, 15743691, 15643691]","[17, 17, 17, 17, 17, 17, 17, 17, 17, 17]"
282,6,"[5, 13, 16, 17, 19, 20]",6,4.329669518396258,0.09152007009834051,37.337451095537595,"[15175073, 15075073, 15775073, 15675073, 15575073, 15475073, 15375073, 15275073, 15975073, 15875073]","[19, 19, 19, 19, 19, 19, 19, 19, 19, 19]"
283,6,"[1, 7, 12, 16, 18]",5,3.451746783219278,0.08064315654337406,34.7644995873794,"[15668703, 15768703, 15468703, 15568703, 15368703, 15268703, 15868703, 15968703, 15068703, 15168703]","[18, 18, 18, 18, 18, 18, 18, 18, 18, 18]"
284,6,"[7, 8, 11, 18, 22]",5,3.4960239212960005,0.07930807955563068,36.59423508821055,"[15176185, 15076185, 15876185, 15976185, 15476185, 15576185, 15676185, 15776185, 15276185, 15376185]","[18, 18, 18, 18, 18, 18, 18, 18, 18, 18]"
285,6,"[0, 2, 3, 18]",4,2.8588136481121182,0.06625308189541101,34.27330492227338,"[15135027, 15035027, 15735027, 15635027, 15535027, 15435027, 15935027, 15835027, 15335027, 15235027]","[0, 0, 0, 0, 0, 0, 0, 0, 0, 0]"
286,6,"[1, 5, 9, 19, 20, 22]",6,4.441526369191706,0.10442032758146524,38.25634631033366,"[15278330, 15378330, 15578330, 15478330, 15978330, 15878330, 15178330, 15078330, 15678330, 15778330]","[22, 22, 22, 22, 22, 22, 22, 22, 22, 22]"
287,6,"[11, 18, 20, 23, 24]",5,3.6799613013863564,0.08054354786872864,37.450979402288795,"[15611502, 15711502, 15411502, 15511502, 15311502, 15211502, 15011502, 15111502, 15811502, 15911502]","[11, 11, 11, 11, 11, 11, 11, 11, 11, 11]"
288,6,"[5, 10, 12, 14, 16, 18]",6,4.253151735290885,0.09436223469674587,35.9995427444422,"[15167140, 15067140, 15767140, 15667140, 15567140, 15467140, 15367140, 15267140, 15967140, 15867140]","[16, 16, 16, 16, 16, 16, 16, 16, 16, 16]"
289,6,"[0, 1, 13, 16, 21, 22]",6,4.234806399792433,0.10332177951931953,37.23509641744507,"[16957159, 16857159, 17257159, 17357159, 17157159, 17057159, 16657159, 16757159, 17457159, 17557159]","[22, 22, 22, 22, 22, 22, 22, 22, 22, 22]"
290,6,"[3, 5, 8, 10, 17, 21]",6,4.326511335559189,0.09815046470612288,35.54644804634154,"[15808547, 15908547, 15408547, 15508547, 15608547, 15708547, 15208547, 15308547, 15008547, 15108547]","[3, 3, 3, 3, 3, 3, 3, 3, 3, 3]"
291,6,"[3, 4, 10, 18, 20, 21]",6,4.308771948330104,0.10163179785013199,36.15272888114365,"[15595680, 15495680, 15995680, 15895680, 15195680, 15095680, 15695680, 15795680, 15295680, 15395680]","[10, 10, 10, 10, 10, 10, 10, 10, 10, 10]"
292,6,"[1, 3, 4, 7, 9, 22]",6,4.295394217595458,0.10604561772197485,35.731517665709056,"[15719549, 15619549, 15419549, 15519549, 15119549, 15019549, 15819549, 15919549, 15219549, 15319549]","[3, 3, 3, 3, 3, 3, 3, 3, 3, 3]"
293,6,"[9, 10, 13, 18, 22, 24]",6,4.480135762132704,0.1012581866234541,39.1156333986825,"[15182913, 15082913, 15882913, 15982913, 15482913, 15582913, 15682913, 15782913, 15282913, 15382913]","[18, 18, 18, 18, 18, 18, 18, 18, 18, 18]"
294,6,"[0, 1, 12, 18, 22]",5,3.4937637485563755,0.08151021786034107,36.348189185094085,"[15049904, 15149904, 15449904, 15549904, 15949904, 15849904, 15749904, 15649904, 15249904, 15349904]","[0, 0, 0, 0, 0, 0, 0, 0, 0, 0]"
295,6,"[1, 4, 6, 18, 19]",5,3.539175232872367,0.08306368440389633,34.08240121630952,"[15720187, 15620187, 15420187, 15520187, 15120187, 15020187, 15820187, 15920187, 15220187, 15320187]","[4, 4, 4, 4, 4, 4, 4, 4, 4, 4]"
296,6,"[0, 3, 9, 16, 18, 22]",6,4.388755261898041,0.09770546481013298,38.38807530732205,"[15771236, 15671236, 15471236, 15571236, 15171236, 15071236, 15871236, 15971236, 15271236, 15371236]","[3, 3, 3, 3, 3, 3, 3, 3, 3, 3]"
297,6,"[2, 12, 17, 18, 23]",5,3.490231851115823,0.08034225460141897,35.53887291224673,"[15195807, 15095807, 15895807, 15995807, 15495807, 15595807, 15395807, 15295807, 15695807, 15795807]","[18, 18, 18, 18, 18, 18, 18, 18, 18, 18]"
298,6,"[1, 5, 6, 7, 18, 22]",6,4.117122866213322,0.09074874222278595,34.6046454065945,"[15257756, 15357756, 15457756, 15557756, 15157756, 15057756, 15857756, 15957756, 15657756, 15757756]","[5, 5, 5, 5, 5, 5, 5, 5, 5, 5]"
299,6,"[1, 3, 5, 9, 10, 14]",6,4.33639198821038,0.09797073062509298,35.465227404919766,"[15168545, 15068545, 15868545, 15968545, 15468545, 15568545, 15368545, 15268545, 15668545, 15768545]","[9, 9, 9, 9, 9, 9, 9, 9, 9, 9]"
300,6,"[0, 1, 13, 18, 24]",5,3.535114179365337,0.08012302219867706,34.852759447228166,"[15331386, 15231386, 15831386, 15931386, 15531386, 15431386, 15131386, 15031386, 15631386, 15731386]","[0, 0, 0, 0, 0, 0, 0, 0, 0, 0]"
301,6,"[6, 9, 11, 16, 18, 21]",6,4.385385130532086,0.09501236211508512,37.02890078374185,"[15639432, 15739432, 15139432, 15039432, 15239432, 15339432, 15539432, 15439432, 15939432, 15839432]","[16, 16, 16, 16, 16, 16, 16, 16, 16, 16]"
302,6,"[0, 2, 3, 18, 21, 22]",6,4.266589400358498,0.09912862908095121,36.92398005592016,"[15451480, 15551480, 15751480, 15651480, 15251480, 15351480, 15151480, 15051480, 15951480, 15851480]","[2, 2, 2, 2, 2, 2, 2, 2, 2, 2]"
303,6,"[1, 2, 3, 5, 10, 18]",6,4.377196849323809,0.10088359657675028,34.627756448850654,"[15681794, 15781794, 15481794, 15581794, 15381794, 15281794, 15881794, 15981794, 15081794, 15181794]","[10, 10, 10, 10, 10, 10, 10, 10, 10, 10]"
304,6,"[1, 5, 11, 13, 20, 22]",6,4.3547880463302135,0.1005021184682846,37.29320503918765,"[15268146, 15368146, 15568146, 15468146, 15968146, 15868146, 15168146, 15068146, 15668146, 15768146]","[22, 22, 22, 22, 22, 22, 22, 22, 22, 22]"
305,6,"[1, 5, 6, 8, 9, 18]",6,4.307546746917069,0.1003146730363369,34.14101919609433,"[15787481, 15687481, 15587481, 15487481, 15087481, 15187481, 15887481, 15987481, 15287481, 15387481]","[9, 9, 9, 9, 9, 9, 9, 9, 9, 9]"
306,6,"[1, 4, 11, 17, 18]",5,3.5830865409225225,0.08593050763010979,34.29183606393635,"[15117694, 15017694, 15717694, 15617694, 15517694, 15417694, 15917694, 15817694, 15317694, 15217694]","[1, 1, 1, 1, 1, 1, 1, 1, 1, 1]"
307,6,"[0, 3, 7, 9, 21]",5,3.551696227863431,0.07843025401234627,34.75244514038786,"[15790005, 15690005, 15490005, 15590005, 15190005, 15090005, 15890005, 15990005, 15290005, 15390005]","[3, 3, 3, 3, 3, 3, 3, 3, 3, 3]"
308,6,"[0, 5, 10, 16, 18, 20]",6,4.243751127272844,0.0998130152001977,35.54971991541485,"[15254264, 15354264, 15554264, 15454264, 15954264, 15854264, 15154264, 15054264, 15654264, 15754264]","[20, 20, 20, 20, 20, 20, 20, 20, 20, 20]"
309,6,"[3, 4, 6, 9, 14, 18]",6,4.302747117355466,0.0972349913790822,34.93941428194133,"[15948767, 15848767, 15748767, 15648767, 15048767, 15148767, 15348767, 15248767, 15448767, 15548767]","[6, 6, 6, 6, 6, 6, 6, 6, 6, 6]"
310,6,"[0, 6, 12, 13, 21]",5,3.4403102109208703,0.07945517916232347,34.44760177927092,"[15680991, 15780991, 15480991, 15580991, 15380991, 15280991, 15080991, 15180991, 15880991, 15980991]","[0, 0, 0, 0, 0, 0, 0, 0, 0, 0]"
311,6,"[1, 5, 9, 11, 12]",5,3.681750043295324,0.08767297305166721,35.37369465632364,"[15361489, 15261489, 15861489, 15961489, 15561489, 15461489, 15061489, 15161489, 15761489, 15661489]","[11, 11, 11, 11, 11, 11, 11, 11, 11, 11]"
312,6,"[1, 7, 10, 12, 17]",5,3.464499776251614,0.0847679153084755,33.9342520929873,"[15143925, 15043925, 15743925, 15643925, 15543925, 15443925, 15343925, 15243925, 15943925, 15843925]","[17, 17, 17, 17, 17, 17, 17, 17, 17, 17]"
313,6,"[1, 8, 14, 17, 18]",5,3.4469064539298415,0.08298285119235516,34.65377441095188,"[15118490, 15018490, 15818490, 15918490, 15418490, 15518490, 15618490, 15718490, 15218490, 15318490]","[17, 17, 17, 17, 17, 17, 17, 17, 17, 17]"
314,6,"[6, 14, 18, 20, 22]",5,3.4748384775593877,0.07722461596131325,37.67210831381381,"[15139719, 15039719, 15839719, 15939719, 15439719, 15539719, 15339719, 15239719, 15639719, 15739719]","[20, 20, 20, 20, 20, 20, 20, 20, 20, 20]"
315,6,"[2, 6, 12, 13, 24]",5,3.580338230356574,0.0834281612187624,35.09427234213799,"[15117163, 15017163, 15717163, 15617163, 15517163, 15417163, 15317163, 15217163, 15917163, 15817163]","[24, 24, 24, 24, 24, 24, 24, 24, 24, 24]"
316,6,"[2, 6, 12, 13, 18, 22]",6,4.242949186824262,0.09189668949693441,36.76921898382716,"[15103605, 15003605, 15703605, 15603605, 15503605, 15403605, 15903605, 15803605, 15303605, 15203605]","[2, 2, 2, 2, 2, 2, 2, 2, 2, 2]"
317,6,"[2, 3, 6, 16, 18, 20]",6,4.338543517515063,0.10043504554778337,36.15534597480049,"[15390380, 15290380, 15690380, 15790380, 15590380, 15490380, 15090380, 15190380, 15890380, 15990380]","[20, 20, 20, 20, 20, 20, 20, 20, 20, 20]"
318,6,"[1, 4, 9, 13, 18, 23]",6,4.206991547718644,0.10201778914779425,35.18027545589333,"[15715973, 15615973, 15515973, 15415973, 15015973, 15115973, 15215973, 15315973, 15815973, 15915973]","[1, 1, 1, 1, 1, 1, 1, 1, 1, 1]"
319,6,"[12, 14, 22, 24]",4,2.862461539916694,0.06382406037300825,39.04495270480402,"[15145859, 15045859, 15845859, 15945859, 15445859, 15545859, 15645859, 15745859, 15245859, 15345859]","[24, 24, 24, 24, 24, 24, 24, 24, 24, 24]"
320,6,"[2, 4, 7, 18, 23]",5,3.3172483555972576,0.07671771571040154,32.75677534239367,"[15696495, 15796495, 15196495, 15096495, 15296495, 15396495, 15596495, 15496495, 15996495, 15896495]","[18, 18, 18, 18, 18, 18, 18, 18, 18, 18]"
321,6,"[1, 3, 9, 17, 19, 20]",6,4.5200096014887094,0.1046252166852355,37.4770976313545,"[15164710, 15064710, 15764710, 15664710, 15564710, 15464710, 15964710, 15864710, 15364710, 15264710]","[1, 1, 1, 1, 1, 1, 1, 1, 1, 1]"
322,6,"[1, 2, 3, 4, 9, 14]",6,4.3243163507431746,0.1035146014764905,34.39697225089185,"[15592938, 15492938, 15992938, 15892938, 15192938, 15092938, 15292938, 15392938, 15792938, 15692938]","[3, 3, 3, 3, 3, 3, 3, 3, 3, 3]"
323,6,"[0, 6, 17, 18, 19]",5,3.5549216913059354,0.08301415294408798,34.91620266046375,"[15395266, 15295266, 15095266, 15195266, 15695266, 15795266, 15995266, 15895266, 15495266, 15595266]","[17, 17, 17, 17, 17, 17, 17, 17, 17, 17]"
324,6,"[1, 3, 9, 11, 12, 17]",6,4.497433178126812,0.10124005936086178,36.47931224495793,"[15757937, 15657937, 15457937, 15557937, 15157937, 15057937, 15857937, 15957937, 15257937, 15357937]","[3, 3, 3, 3, 3, 3, 3, 3, 3, 3]"
325,6,"[1, 13, 16, 19, 21, 22]",6,4.383209695108235,0.1032898323610425,39.06189939705655,"[15340977, 15240977, 15640977, 15740977, 15540977, 15440977, 15040977, 15140977, 15840977, 15940977]","[22, 22, 22, 22, 22, 22, 22, 22, 22, 22]"
326,6,"[1, 12, 17, 18, 22]",5,3.58682753611356,0.08590943086892366,37.55460802046582,"[15484611, 15584611, 15284611, 15384611, 15684611, 15784611, 15184611, 15084611, 15984611, 15884611]","[12, 12, 12, 12, 12, 12, 12, 12, 12, 12]"
327,6,"[2, 3, 6, 12, 17, 22]",6,4.359124157577753,0.10453782137483358,36.757969569414854,"[15770471, 15670471, 15870471, 15970471, 15470471, 15570471, 15270471, 15370471, 15070471, 15170471]","[22, 22, 22, 22, 22, 22, 22, 22, 22, 22]"
328,6,"[0, 3, 16, 18]",4,2.88549024797976,0.0686286436393857,36.073471640236676,"[15246438, 15346438, 15446438, 15546438, 15146438, 15046438, 15846438, 15946438, 15646438, 15746438]","[3, 3, 3, 3, 3, 3, 3, 3, 3, 3]"
329,6,"[0, 1, 3, 11, 15, 16]",6,4.350053275004029,0.10358949564397335,35.349236241619415,"[15148789, 15048789, 15748789, 15648789, 15548789, 15448789, 15948789, 15848789, 15348789, 15248789]","[0, 0, 0, 0, 0, 0, 0, 0, 0, 0]"
330,6,"[1, 14, 15, 18, 23]",5,3.4190467735752463,0.08466881886124611,35.06631884500384,"[16640075, 16740075, 16840075, 16940075, 17040075, 17140075, 17440075, 17540075, 17240075, 17340075]","[1, 1, 1, 1, 1, 1, 1, 1, 1, 1]"
331,6,"[0, 4, 9, 11, 17]",5,3.5573415299877524,0.08204698655754328,34.333058971259746,"[15652402, 15752402, 15152402, 15052402, 15252402, 15352402, 15552402, 15452402, 15952402, 15852402]","[11, 11, 11, 11, 11, 11, 11, 11, 11, 11]"
332,6,"[0, 9, 14, 16, 18]",5,3.5178885543718934,0.07528321444988251,36.139172648452224,"[15612487, 15712487, 15412487, 15512487, 15312487, 15212487, 15012487, 15112487, 15812487, 15912487]","[0, 0, 0, 0, 0, 0, 0, 0, 0, 0]"
333,6,"[0, 1, 3, 18, 22]",5,3.550806346349418,0.08325509261339903,36.691897861286996,"[15163033, 15063033, 15763033, 15663033, 15563033, 15463033, 15963033, 15863033, 15363033, 15263033]","[0, 0, 0, 0, 0, 0, 0, 0, 0, 0]"
334,6,"[16, 17, 18, 23]",4,2.8259970620274544,0.06355832796543837,37.16996879281942,"[15220017, 15320017, 15420017, 15520017, 15620017, 15720017, 15020017, 15120017, 15820017, 15920017]","[16, 16, 16, 16, 16, 16, 16, 16, 16, 16]"
335,6,"[0, 3, 14, 16, 18]",5,3.5169975459575653,0.08353094942867756,35.855577972810714,"[15163517, 15063517, 15863517, 15963517, 15463517, 15563517, 15663517, 15763517, 15263517, 15363517]","[16, 16, 16, 16, 16, 16, 16, 16, 16, 16]"
336,6,"[0, 3, 16, 19, 22]",5,3.6582688000053167,0.0806986428797245,39.005489447340366,"[15153419, 15053419, 15853419, 15953419, 15453419, 15553419, 15353419, 15253419, 15653419, 15753419]","[19, 19, 19, 19, 19, 19, 19, 19, 19, 19]"
337,6,"[12, 14, 16, 18, 23]",5,3.4651404693722725,0.08039162494242191,36.79965422013775,"[15113570, 15013570, 15813570, 15913570, 15413570, 15513570, 15313570, 15213570, 15613570, 15713570]","[18, 18, 18, 18, 18, 18, 18, 18, 18, 18]"
338,6,"[1, 3, 14, 18]",4,2.8436884079128504,0.06626576837152243,35.477982722222805,"[15738341, 15638341, 15438341, 15538341, 15138341, 15038341, 15838341, 15938341, 15238341, 15338341]","[3, 3, 3, 3, 3, 3, 3, 3, 3, 3]"
339,6,"[0, 1, 5, 7, 14, 18]",6,3.977945859543979,0.09014423750340939,32.41572983167134,"[15011273, 15111273, 15411273, 15511273, 15911273, 15811273, 15711273, 15611273, 15211273, 15311273]","[0, 0, 0, 0, 0, 0, 0, 0, 0, 0]"
340,6,"[1, 10, 14, 16, 18]",5,3.5275949630886316,0.083617995493114,36.04208922702819,"[15128042, 15028042, 15828042, 15928042, 15428042, 15528042, 15628042, 15728042, 15228042, 15328042]","[16, 16, 16, 16, 16, 16, 16, 16, 16, 16]"
341,6,"[3, 14, 17, 18, 19]",5,3.662848975509405,0.08691485971212387,37.27335456805304,"[15159823, 15059823, 15759823, 15659823, 15559823, 15459823, 15359823, 15259823, 15959823, 15859823]","[19, 19, 19, 19, 19, 19, 19, 19, 19, 19]"
342,6,"[0, 1, 3, 4, 24]",5,3.589654908515513,0.0801648423075676,33.52811079341918,"[15780370, 15680370, 15480370, 15580370, 15180370, 15080370, 15880370, 15980370, 15280370, 15380370]","[1, 1, 1, 1, 1, 1, 1, 1, 1, 1]"
343,6,"[6, 9, 11, 12, 16]",5,3.7288600988686085,0.08397991675883532,36.772394731454554,"[15195861, 15095861, 15295861, 15395861, 15595861, 15495861, 15795861, 15695861, 15995861, 15895861]","[16, 16, 16, 16, 16, 16, 16, 16, 16, 16]"
344,6,"[1, 10, 12, 15, 22]",5,3.5518414434045553,0.09103904198855162,37.33574855979532,"[15170471, 15070471, 15770471, 15670471, 15570471, 15470471, 15370471, 15270471, 15970471, 15870471]","[22, 22, 22, 22, 22, 22, 22, 22, 22, 22]"
345,6,"[0, 1, 8, 11, 14, 18]",6,4.205065676011145,0.09304774925112724,34.0826582943555,"[15793570, 15693570, 15493570, 15593570, 15193570, 15093570, 15893570, 15993570, 15293570, 15393570]","[1, 1, 1, 1, 1, 1, 1, 1, 1, 1]"
346,6,"[6, 8, 9, 21, 22, 24]",6,4.399700525216758,0.10053696762770414,37.79887396368819,"[15645684, 15745684, 15445684, 15545684, 15345684, 15245684, 15845684, 15945684, 15045684, 15145684]","[22, 22, 22, 22, 22, 22, 22, 22, 22, 22]"
347,6,"[0, 1, 13, 16, 17]",5,3.551357719115913,0.0824535321444273,34.9681362987496,"[15766497, 15666497, 15466497, 15566497, 15166497, 15066497, 15866497, 15966497, 15266497, 15366497]","[1, 1, 1, 1, 1, 1, 1, 1, 1, 1]"
348,6,"[0, 1, 3, 4, 18]",5,3.514358287677169,0.08237691782414913,33.220322779472916,"[15567887, 15467887, 15967887, 15867887, 15167887, 15067887, 15267887, 15367887, 15767887, 15667887]","[3, 3, 3, 3, 3, 3, 3, 3, 3, 3]"
349,6,"[0, 4, 13, 14, 18]",5,3.359094912186265,0.08156667090952396,33.60792987588793,"[15121957, 15021957, 15821957, 15921957, 15421957, 15521957, 15621957, 15721957, 15221957, 15321957]","[14, 14, 14, 14, 14, 14, 14, 14, 14, 14]"
350,6,"[1, 3, 18, 19]",4,3.0327522698789835,0.07200602814555168,36.93435373052489,"[15996952, 15896952, 15796952, 15696952, 15096952, 15196952, 15396952, 15296952, 15496952, 15596952]","[18, 18, 18, 18, 18, 18, 18, 18, 18, 18]"
351,6,"[1, 3, 5, 10, 13, 17]",6,4.371561509557068,0.09731031581759453,35.2432654305206,"[17170123, 17070123, 16870123, 16970123, 17470123, 17570123, 17270123, 17370123, 16770123, 16670123]","[3, 3, 3, 3, 3, 3, 3, 3, 3, 3]"
352,6,"[3, 4, 17, 18, 19, 20]",6,4.355471754446626,0.09796192031353712,36.55988992036631,"[15494964, 15594964, 15294964, 15394964, 15694964, 15794964, 15194964, 15094964, 15994964, 15894964]","[4, 4, 4, 4, 4, 4, 4, 4, 4, 4]"
353,6,"[0, 2, 6, 9, 20]",5,3.524149560369551,0.0804205872118473,34.33744024522603,"[15152059, 15052059, 15252059, 15352059, 15552059, 15452059, 15952059, 15852059, 15752059, 15652059]","[0, 0, 0, 0, 0, 0, 0, 0, 0, 0]"
354,6,"[0, 1, 4, 6, 16, 18]",6,4.106631373986602,0.09906201623380184,33.20064779014016,"[15302868, 15202868, 15602868, 15702868, 15502868, 15402868, 15002868, 15102868, 15802868, 15902868]","[18, 18, 18, 18, 18, 18, 18, 18, 18, 18]"
355,6,"[1, 2, 4, 5, 17, 23]",6,4.12579976208508,0.09963613655418158,33.01464639006493,"[15069165, 15169165, 15469165, 15569165, 15969165, 15869165, 15269165, 15369165, 15769165, 15669165]","[17, 17, 17, 17, 17, 17, 17, 17, 17, 17]"
356,6,"[0, 4, 6, 17, 18]",5,3.3692122474312782,0.07938479818403721,32.61930856378749,"[15143925, 15043925, 15843925, 15943925, 15443925, 15543925, 15643925, 15743925, 15243925, 15343925]","[17, 17, 17, 17, 17, 17, 17, 17, 17, 17]"
357,6,"[5, 8, 9, 18, 22]",5,3.574158253148198,0.08055994939059019,37.602064893767235,"[15185761, 15085761, 15785761, 15685761, 15585761, 15485761, 15985761, 15885761, 15385761, 15285761]","[5, 5, 5, 5, 5, 5, 5, 5, 5, 5]"
358,6,"[2, 3, 4, 5, 14, 22]",6,4.201018609106541,0.0995849659666419,35.547451136012874,"[15890804, 15990804, 15590804, 15490804, 15390804, 15290804, 15790804, 15690804, 15190804, 15090804]","[22, 22, 22, 22, 22, 22, 22, 22, 22, 22]"
359,6,"[0, 1, 5, 15, 16, 17]",6,4.152599906548858,0.09371410310268402,34.09839544072747,"[15397876, 15297876, 15697876, 15797876, 15597876, 15497876, 15097876, 15197876, 15897876, 15997876]","[17, 17, 17, 17, 17, 17, 17, 17, 17, 17]"
360,6,"[0, 1, 2, 4, 5]",5,3.4018155382946134,0.08487052842974663,31.153638017456977,"[15802063, 15902063, 15502063, 15402063, 15302063, 15202063, 15002063, 15102063, 15702063, 15602063]","[5, 5, 5, 5, 5, 5, 5, 5, 5, 5]"
361,6,"[1, 3, 17, 18, 19]",5,3.721503008157015,0.0867890864610672,36.72363571152091,"[15627618, 15727618, 15427618, 15527618, 15327618, 15227618, 15827618, 15927618, 15027618, 15127618]","[19, 19, 19, 19, 19, 19, 19, 19, 19, 19]"
362,6,"[1, 3, 6, 10, 18]",5,3.653505061753094,0.08425598870962858,34.93814357742667,"[16600399, 16700399, 17000399, 17100399, 17500399, 17400399, 17300399, 17200399, 16800399, 16900399]","[1, 1, 1, 1, 1, 1, 1, 1, 1, 1]"
363,6,"[0, 5, 9, 20, 22]",5,3.5852744271978736,0.08283319883048534,37.26837019277737,"[15154800, 15054800, 15754800, 15654800, 15554800, 15454800, 15354800, 15254800, 15954800, 15854800]","[22, 22, 22, 22, 22, 22, 22, 22, 22, 22]"
364,6,"[9, 14, 18, 22]",4,2.908926055766642,0.06856222916394472,39.44434687716421,"[15858292, 15958292, 15558292, 15458292, 15358292, 15258292, 15758292, 15658292, 15058292, 15158292]","[9, 9, 9, 9, 9, 9, 9, 9, 9, 9]"
365,6,"[0, 1, 4, 10, 18, 20]",6,4.186117495410144,0.09798532444983721,33.88316395645961,"[15112155, 15012155, 15712155, 15612155, 15512155, 15412155, 15312155, 15212155, 15912155, 15812155]","[18, 18, 18, 18, 18, 18, 18, 18, 18, 18]"
366,6,"[3, 7, 17, 18, 20]",5,3.563584112562239,0.08291580248624086,35.617050105612726,"[15354264, 15254264, 15154264, 15054264, 15454264, 15554264, 15654264, 15754264, 15954264, 15854264]","[20, 20, 20, 20, 20, 20, 20, 20, 20, 20]"
367,6,"[0, 2, 3, 9, 13, 22]",6,4.374353523366153,0.09513526223599911,37.24868448195048,"[15135027, 15035027, 15735027, 15635027, 15535027, 15435027, 15935027, 15835027, 15335027, 15235027]","[0, 0, 0, 0, 0, 0, 0, 0, 0, 0]"
368,6,"[1, 9, 14, 17, 19, 24]",6,4.460785157047212,0.10328407026827335,36.92651588477505,"[15615810, 15715810, 15415810, 15515810, 15315810, 15215810, 15815810, 15915810, 15015810, 15115810]","[19, 19, 19, 19, 19, 19, 19, 19, 19, 19]"
369,6,"[0, 2, 5, 6, 7, 22]",6,4.067839551717043,0.09156969003379345,33.505724270051964,"[15439059, 15539059, 15239059, 15339059, 15639059, 15739059, 15139059, 15039059, 15939059, 15839059]","[2, 2, 2, 2, 2, 2, 2, 2, 2, 2]"
370,6,"[0, 2, 12, 16, 18, 19]",6,4.287976094521582,0.09715829975903034,35.98947703023441,"[15224167, 15324167, 15524167, 15424167, 15924167, 15824167, 15124167, 15024167, 15624167, 15724167]","[19, 19, 19, 19, 19, 19, 19, 19, 19, 19]"
371,6,"[6, 11, 13, 16, 18, 20]",6,4.319508347660303,0.09385400917381048,36.80477621189008,"[15039893, 15139893, 15239893, 15339893, 15739893, 15639893, 15939893, 15839893, 15539893, 15439893]","[13, 13, 13, 13, 13, 13, 13, 13, 13, 13]"
372,6,"[1, 3, 11, 17, 18]",5,3.670259214937687,0.08355063572525978,36.013572621904316,"[15690489, 15790489, 15190489, 15090489, 15290489, 15390489, 15590489, 15490489, 15990489, 15890489]","[17, 17, 17, 17, 17, 17, 17, 17, 17, 17]"
373,6,"[0, 1, 3, 16, 18, 22]",6,4.292186497710645,0.09953814465552568,37.20203130723288,"[15655616, 15755616, 15155616, 15055616, 15255616, 15355616, 15555616, 15455616, 15955616, 15855616]","[16, 16, 16, 16, 16, 16, 16, 16, 16, 16]"
374,6,"[5, 9, 18, 19, 23, 24]",6,4.41622678656131,0.09238189645111561,37.218732573091984,"[15701136, 15601136, 15401136, 15501136, 15101136, 15001136, 15801136, 15901136, 15201136, 15301136]","[9, 9, 9, 9, 9, 9, 9, 9, 9, 9]"
375,6,"[0, 3, 12, 16, 19, 22]",6,4.347242817282677,0.10027864761650562,38.5404339164185,"[15622538, 15722538, 15122538, 15022538, 15222538, 15322538, 15522538, 15422538, 15922538, 15822538]","[16, 16, 16, 16, 16, 16, 16, 16, 16, 16]"
376,6,"[2, 14, 15, 18, 20, 22]",6,4.179233017377555,0.0967760356143117,37.44917803125767,"[15107710, 15007710, 15807710, 15907710, 15407710, 15507710, 15607710, 15707710, 15207710, 15307710]","[18, 18, 18, 18, 18, 18, 18, 18, 18, 18]"
377,6,"[1, 11, 18, 21, 23, 24]",6,4.311480917036533,0.09488128963857889,36.43442021403462,"[15945515, 15845515, 15745515, 15645515, 15045515, 15145515, 15345515, 15245515, 15445515, 15545515]","[18, 18, 18, 18, 18, 18, 18, 18, 18, 18]"
378,6,"[1, 4, 5, 18, 19]",5,3.5475621139630675,0.0852353647351265,34.18715904448182,"[15114355, 15014355, 15714355, 15614355, 15514355, 15414355, 15314355, 15214355, 15914355, 15814355]","[19, 19, 19, 19, 19, 19, 19, 19, 19, 19]"
379,6,"[5, 6, 9, 14, 19, 23]",6,4.3118260046467185,0.09857053961604834,35.75384912934775,"[15589672, 15489672, 15989672, 15889672, 15189672, 15089672, 15289672, 15389672, 15789672, 15689672]","[9, 9, 9, 9, 9, 9, 9, 9, 9, 9]"
380,6,"[1, 7, 14, 15, 16, 22]",6,4.132001388818026,0.10350541025400162,36.26353120338172,"[15879703, 15979703, 15579703, 15479703, 15379703, 15279703, 15779703, 15679703, 15179703, 15079703]","[22, 22, 22, 22, 22, 22, 22, 22, 22, 22]"
381,6,"[1, 4, 6, 9, 23]",5,3.555466298945248,0.07991090416908264,33.69659338397905,"[15702755, 15602755, 15402755, 15502755, 15102755, 15002755, 15802755, 15902755, 15202755, 15302755]","[4, 4, 4, 4, 4, 4, 4, 4, 4, 4]"
382,6,"[2, 3, 10, 13, 14, 18]",6,4.328349723480642,0.0948858680203557,35.9718684546339,"[15787912, 15687912, 15487912, 15587912, 15187912, 15087912, 15887912, 15987912, 15287912, 15387912]","[3, 3, 3, 3, 3, 3, 3, 3, 3, 3]"
383,6,"[0, 1, 6, 17, 22]",5,3.509570922702551,0.08563105762004852,35.18620166517794,"[15113101, 15013101, 15513101, 15413101, 15313101, 15213101, 15813101, 15913101, 15713101, 15613101]","[1, 1, 1, 1, 1, 1, 1, 1, 1, 1]"
384,6,"[3, 7, 17, 18, 20, 23]",6,4.239997224882245,0.09455185942351818,35.72880743405161,"[15192938, 15092938, 15292938, 15392938, 15592938, 15492938, 15992938, 15892938, 15792938, 15692938]","[3, 3, 3, 3, 3, 3, 3, 3, 3, 3]"
385,6,"[1, 3, 7, 12, 18, 21]",6,4.211540564894676,0.09597761649638414,34.96187790452192,"[15557588, 15457588, 15957588, 15857588, 15157588, 15057588, 15657588, 15757588, 15257588, 15357588]","[7, 7, 7, 7, 7, 7, 7, 7, 7, 7]"
386,6,"[0, 3, 8, 12, 18]",5,3.5410832008346915,0.08014547638595104,34.8332442917861,"[15499968, 15599968, 15899968, 15999968, 15099968, 15199968, 15699968, 15799968, 15399968, 15299968]","[3, 3, 3, 3, 3, 3, 3, 3, 3, 3]"
387,6,"[0, 3, 6, 18, 22]",5,3.5710552847012877,0.08027083985507488,36.501470847055316,"[15179703, 15079703, 15779703, 15679703, 15579703, 15479703, 15379703, 15279703, 15979703, 15879703]","[22, 22, 22, 22, 22, 22, 22, 22, 22, 22]"
388,6,"[4, 5, 12, 13, 17]",5,3.465555666014552,0.07904825638979673,34.07022813651711,"[15174558, 15074558, 15774558, 15674558, 15574558, 15474558, 15974558, 15874558, 15374558, 15274558]","[4, 4, 4, 4, 4, 4, 4, 4, 4, 4]"
389,6,"[0, 15, 18]",3,1.9901653425768018,0.04354165494441986,33.8910857612888,"[15143491, 15043491, 15743491, 15643491, 15543491, 15443491, 15943491, 15843491, 15343491, 15243491]","[0, 0, 0, 0, 0, 0, 0, 0, 0, 0]"
390,6,"[2, 9, 13, 15, 18, 19]",6,4.327693602070212,0.09687844756990671,36.943486781635634,"[15737582, 15637582, 15337582, 15237582, 15137582, 15037582, 15437582, 15537582, 15937582, 15837582]","[15, 15, 15, 15, 15, 15, 15, 15, 15, 15]"
391,6,"[1, 3, 5, 8, 9, 14]",6,4.289643639698625,0.09728827700018883,34.953620875099055,"[15492511, 15592511, 15292511, 15392511, 15692511, 15792511, 15192511, 15092511, 15992511, 15892511]","[3, 3, 3, 3, 3, 3, 3, 3, 3, 3]"
392,6,"[0, 1, 2, 6, 8, 18]",6,4.10394942574203,0.08830765169113874,32.68134669819847,"[15779821, 15679821, 15479821, 15579821, 15179821, 15079821, 15879821, 15979821, 15279821, 15379821]","[1, 1, 1, 1, 1, 1, 1, 1, 1, 1]"
393,6,"[3, 8, 12, 18, 20]",5,3.592833415605128,0.08075161278247833,36.59382102647796,"[15217358, 15317358, 15417358, 15517358, 15617358, 15717358, 15817358, 15917358, 15017358, 15117358]","[20, 20, 20, 20, 20, 20, 20, 20, 20, 20]"
394,6,"[0, 1, 4, 10, 18]",5,3.419480415061116,0.07990981172770262,32.92948612133041,"[15135027, 15035027, 15235027, 15335027, 15535027, 15435027, 15935027, 15835027, 15735027, 15635027]","[0, 0, 0, 0, 0, 0, 0, 0, 0, 0]"
395,6,"[10, 11, 17, 18, 19, 23]",6,4.3391202269122005,0.09747663326561451,37.24589203515401,"[15127618, 15027618, 15727618, 15627618, 15527618, 15427618, 15327618, 15227618, 15927618, 15827618]","[19, 19, 19, 19, 19, 19, 19, 19, 19, 19]"
396,6,"[0, 1, 5, 6, 21]",5,3.3912009242922068,0.0756413834169507,32.58843678059056,"[15602063, 15702063, 15202063, 15302063, 15002063, 15102063, 15902063, 15802063, 15402063, 15502063]","[5, 5, 5, 5, 5, 5, 5, 5, 5, 5]"
397,6,"[4, 6, 9, 18, 22]",5,3.5859732339158654,0.08306941017508507,36.68033500155434,"[15780820, 15680820, 15580820, 15480820, 15080820, 15180820, 15880820, 15980820, 15280820, 15380820]","[22, 22, 22, 22, 22, 22, 22, 22, 22, 22]"
398,6,"[0, 3, 6, 8, 18, 21]",6,4.234405034221709,0.09222606383264065,34.50035125513872,"[15768365, 15668365, 15468365, 15568365, 15168365, 15068365, 15868365, 15968365, 15268365, 15368365]","[3, 3, 3, 3, 3, 3, 3, 3, 3, 3]"
399,6,"[0, 3, 10, 12, 18, 19]",6,4.3602367881685495,0.10068946983665228,36.34089132902833,"[15827618, 15927618, 15527618, 15427618, 15327618, 15227618, 15727618, 15627618, 15127618, 15027618]","[19, 19, 19, 19, 19, 19, 19, 19, 19, 19]"
400,6,"[8, 16, 23, 24]",4,2.9158798679709435,0.05734487995505333,36.93698219466023,"[15056729, 15156729, 15356729, 15256729, 15756729, 15656729, 15556729, 15456729, 15956729, 15856729]","[24, 24, 24, 24, 24, 24, 24, 24, 24, 24]"
401,6,"[2, 7, 9, 11, 18, 20]",6,4.325329893268645,0.0984135651960969,35.572277304017916,"[15507508, 15407508, 15907508, 15807508, 15107508, 15007508, 15607508, 15707508, 15207508, 15307508]","[9, 9, 9, 9, 9, 9, 9, 9, 9, 9]"
402,6,"[0, 2, 3, 4, 6, 17]",6,4.206001662649214,0.09724839869886637,32.80390920070931,"[15743925, 15643925, 15343925, 15243925, 15543925, 15443925, 15043925, 15143925, 15843925, 15943925]","[17, 17, 17, 17, 17, 17, 17, 17, 17, 17]"
403,6,"[0, 3, 4, 15, 17, 18]",6,4.193034769967198,0.09706770069897175,34.135456235846505,"[15700640, 15600640, 15400640, 15500640, 15100640, 15000640, 15800640, 15900640, 15200640, 15300640]","[3, 3, 3, 3, 3, 3, 3, 3, 3, 3]"
404,6,"[3, 6, 15, 16, 18]",5,3.6317259836941957,0.08253918588161469,36.15885199084878,"[15032936, 15132936, 15232936, 15332936, 15732936, 15632936, 15932936, 15832936, 15532936, 15432936]","[15, 15, 15, 15, 15, 15, 15, 15, 15, 15]"
405,6,"[0, 1, 5, 17, 18]",5,3.514722659252584,0.086760014295578,33.306144825462255,"[15064364, 15164364, 15464364, 15564364, 15964364, 15864364, 15764364, 15664364, 15264364, 15364364]","[0, 0, 0, 0, 0, 0, 0, 0, 0, 0]"
406,6,"[2, 4, 7, 13, 14, 18]",6,4.047276430763304,0.10104245226830244,33.26723779683622,"[15080664, 15180664, 15480664, 15580664, 15980664, 15880664, 15780664, 15680664, 15280664, 15380664]","[2, 2, 2, 2, 2, 2, 2, 2, 2, 2]"
407,6,"[2, 4, 13, 14, 18]",5,3.4221673188731074,0.07686592824757099,34.14860231718048,"[15404257, 15504257, 15204257, 15304257, 15604257, 15704257, 15104257, 15004257, 15904257, 15804257]","[4, 4, 4, 4, 4, 4, 4, 4, 4, 4]"
408,6,"[3, 6, 7, 14, 15, 18]",6,4.087497238069773,0.09036443009972572,34.14766331925057,"[15181404, 15081404, 15681404, 15781404, 15581404, 15481404, 15281404, 15381404, 15881404, 15981404]","[18, 18, 18, 18, 18, 18, 18, 18, 18, 18]"
409,6,"[3, 10, 15, 16, 17, 20]",6,4.352416057139635,0.10038315411657095,37.29400003367724,"[15187563, 15087563, 15587563, 15487563, 15387563, 15287563, 15887563, 15987563, 15787563, 15687563]","[10, 10, 10, 10, 10, 10, 10, 10, 10, 10]"
410,6,"[1, 4, 8, 14, 22]",5,3.395648975856602,0.08284751325845718,35.32743972232565,"[15513941, 15413941, 15913941, 15813941, 15113941, 15013941, 15213941, 15313941, 15713941, 15613941]","[8, 8, 8, 8, 8, 8, 8, 8, 8, 8]"
411,6,"[0, 6, 18, 21, 22]",5,3.42646914627403,0.0713546872138977,36.46828459538519,"[15512155, 15412155, 15912155, 15812155, 15112155, 15012155, 15212155, 15312155, 15712155, 15612155]","[18, 18, 18, 18, 18, 18, 18, 18, 18, 18]"
412,6,"[3, 12, 17, 22]",4,2.9270855328068137,0.06961183249950409,39.17812795052305,"[15612028, 15712028, 15212028, 15312028, 15812028, 15912028, 15112028, 15012028, 15412028, 15512028]","[17, 17, 17, 17, 17, 17, 17, 17, 17, 17]"
413,6,"[3, 11, 12, 15, 16, 19]",6,4.411968964152038,0.10027688927948475,37.83933042812472,"[15839479, 15939479, 15539479, 15439479, 15339479, 15239479, 15739479, 15639479, 15139479, 15039479]","[19, 19, 19, 19, 19, 19, 19, 19, 19, 19]"
414,6,"[1, 3, 7, 17, 18]",5,3.5052255215123296,0.07748121488839388,34.33382128328085,"[15695266, 15795266, 15195266, 15095266, 15295266, 15395266, 15595266, 15495266, 15995266, 15895266]","[17, 17, 17, 17, 17, 17, 17, 17, 17, 17]"
415,6,"[2, 6, 14, 15, 18]",5,3.424168322235346,0.07598165981471539,34.128779348544775,"[15133746, 15033746, 15833746, 15933746, 15433746, 15533746, 15633746, 15733746, 15233746, 15333746]","[15, 15, 15, 15, 15, 15, 15, 15, 15, 15]"
416,6,"[2, 4, 11, 18]",4,2.8483576755970716,0.07149292901158333,33.97375983220991,"[15041743, 15141743, 15441743, 15541743, 15941743, 15841743, 15741743, 15641743, 15241743, 15341743]","[2, 2, 2, 2, 2, 2, 2, 2, 2, 2]"
417,6,"[0, 3, 4, 6, 7, 20]",6,4.126909207552671,0.0979796377941966,32.650438038477056,"[15593576, 15493576, 15993576, 15893576, 15193576, 15093576, 15293576, 15393576, 15793576, 15693576]","[4, 4, 4, 4, 4, 4, 4, 4, 4, 4]"
418,6,"[0, 7, 11, 18, 23, 24]",6,4.213524216786027,0.09388364013284445,34.55207142218327,"[15188268, 15088268, 15888268, 15988268, 15488268, 15588268, 15688268, 15788268, 15288268, 15388268]","[18, 18, 18, 18, 18, 18, 18, 18, 18, 18]"
419,6,"[1, 7, 8, 9, 14, 16]",6,4.216251824982464,0.1040043318644166,34.765679374958076,"[15722538, 15622538, 15322538, 15222538, 15522538, 15422538, 15022538, 15122538, 15822538, 15922538]","[16, 16, 16, 16, 16, 16, 16, 16, 16, 16]"
420,6,"[1, 2, 9, 11, 14, 16]",6,4.401578073389828,0.10385206621140242,36.022497905806325,"[15771786, 15671786, 15371786, 15271786, 15571786, 15471786, 15071786, 15171786, 15871786, 15971786]","[16, 16, 16, 16, 16, 16, 16, 16, 16, 16]"
421,6,"[0, 1, 3, 4, 12, 14]",6,4.164738969877362,0.09752754215151072,33.42365908995271,"[15147520, 15047520, 15847520, 15947520, 15447520, 15547520, 15647520, 15747520, 15247520, 15347520]","[4, 4, 4, 4, 4, 4, 4, 4, 4, 4]"
422,6,"[1, 3, 4, 12, 13]",5,3.589430022984743,0.08662448078393936,34.56648452403024,"[15246438, 15346438, 15446438, 15546438, 15146438, 15046438, 15846438, 15946438, 15646438, 15746438]","[3, 3, 3, 3, 3, 3, 3, 3, 3, 3]"
423,6,"[0, 1, 6, 9, 15]",5,3.4917207192629576,0.08240104280412197,33.55695887040347,"[15794623, 15694623, 15494623, 15594623, 15194623, 15094623, 15894623, 15994623, 15294623, 15394623]","[1, 1, 1, 1, 1, 1, 1, 1, 1, 1]"
424,6,"[0, 3, 17, 18]",4,2.869818802922964,0.06573802046477795,35.105487914872356,"[17148128, 17048128, 17548128, 17448128, 16748128, 16648128, 16848128, 16948128, 17348128, 17248128]","[17, 17, 17, 17, 17, 17, 17, 17, 17, 17]"
425,6,"[0, 3, 14, 20, 21]",5,3.491281191818416,0.08242501690983772,35.83713878421113,"[15782423, 15682423, 15482423, 15582423, 15182423, 15082423, 15882423, 15982423, 15282423, 15382423]","[3, 3, 3, 3, 3, 3, 3, 3, 3, 3]"
426,6,"[1, 3, 12, 14, 15, 18]",6,4.206331199966371,0.09425975661724806,35.53214267555935,"[17460143, 17560143, 17160143, 17060143, 16960143, 16860143, 17360143, 17260143, 16660143, 16760143]","[1, 1, 1, 1, 1, 1, 1, 1, 1, 1]"
427,6,"[3, 9, 23, 24]",4,3.0236286567524076,0.06417659856379032,37.967681433074176,"[15124055, 15024055, 15724055, 15624055, 15524055, 15424055, 15924055, 15824055, 15324055, 15224055]","[3, 3, 3, 3, 3, 3, 3, 3, 3, 3]"
428,6,"[8, 13, 16, 18, 21, 22]",6,4.24096426460892,0.09377358946949244,38.58253268687986,"[15279974, 15379974, 15479974, 15579974, 15179974, 15079974, 15879974, 15979974, 15679974, 15779974]","[13, 13, 13, 13, 13, 13, 13, 13, 13, 13]"
429,6,"[0, 3, 6]",3,2.101466493681073,0.044358354061841965,33.021881016902626,"[15556273, 15456273, 15156273, 15056273, 15756273, 15656273, 15356273, 15256273, 15956273, 15856273]","[3, 3, 3, 3, 3, 3, 3, 3, 3, 3]"
430,6,"[2, 14, 18, 20, 22]",5,3.50231746211648,0.0799967460334301,37.92585985697806,"[16844286, 16944286, 16644286, 16744286, 17244286, 17344286, 17044286, 17144286, 17444286, 17544286]","[2, 2, 2, 2, 2, 2, 2, 2, 2, 2]"
431,6,"[1, 3, 5, 21]",4,2.870077065192163,0.0637908922508359,34.935985034448095,"[15792938, 15692938, 15492938, 15592938, 15192938, 15092938, 15892938, 15992938, 15292938, 15392938]","[3, 3, 3, 3, 3, 3, 3, 3, 3, 3]"
432,6,"[1, 2, 12, 18, 22]",5,3.5393139496445656,0.07453685719519854,36.88886162638664,"[15784107, 15684107, 15484107, 15584107, 15184107, 15084107, 15884107, 15984107, 15284107, 15384107]","[2, 2, 2, 2, 2, 2, 2, 2, 2, 2]"
433,6,"[0, 3, 5, 11, 16, 18]",6,4.308155753649771,0.09401134960353374,35.56002025655471,"[15611502, 15711502, 15111502, 15011502, 15211502, 15311502, 15511502, 15411502, 15911502, 15811502]","[11, 11, 11, 11, 11, 11, 11, 11, 11, 11]"
434,6,"[0, 3, 4, 14, 18, 19]",6,4.186458242125809,0.09731641877442598,34.94328258605674,"[15135027, 15035027, 15735027, 15635027, 15535027, 15435027, 15935027, 15835027, 15335027, 15235027]","[0, 0, 0, 0, 0, 0, 0, 0, 0, 0]"
435,6,"[1, 3, 10, 18]",4,2.957116755656898,0.0690228920429945,35.85186098446138,"[15746438, 15646438, 15446438, 15546438, 15146438, 15046438, 15846438, 15946438, 15246438, 15346438]","[3, 3, 3, 3, 3, 3, 3, 3, 3, 3]"
436,6,"[2, 5, 7, 12, 14, 22]",6,4.144089921377599,0.10064802691340446,35.183593629548945,"[15102830, 15002830, 15702830, 15602830, 15502830, 15402830, 15302830, 15202830, 15902830, 15802830]","[14, 14, 14, 14, 14, 14, 14, 14, 14, 14]"
437,6,"[3, 5, 16, 18, 20]",5,3.684766935184598,0.08383582718670368,36.98076666491106,"[15977791, 15877791, 15777791, 15677791, 15077791, 15177791, 15377791, 15277791, 15477791, 15577791]","[16, 16, 16, 16, 16, 16, 16, 16, 16, 16]"
438,6,"[0, 11, 18, 22]",4,2.8614699374884367,0.06911526340991259,37.637388132861815,"[15461489, 15561489, 15861489, 15961489, 15061489, 15161489, 15661489, 15761489, 15361489, 15261489]","[11, 11, 11, 11, 11, 11, 11, 11, 11, 11]"
439,6,"[2, 5, 18, 21, 22]",5,3.5596305718645453,0.08310669753700495,37.113714864850046,"[15578966, 15478966, 15978966, 15878966, 15178966, 15078966, 15278966, 15378966, 15778966, 15678966]","[18, 18, 18, 18, 18, 18, 18, 18, 18, 18]"
440,6,"[2, 12, 18, 20]",4,2.853204791434109,0.06281483825296164,36.04438999539707,"[15188446, 15088446, 15788446, 15688446, 15588446, 15488446, 15988446, 15888446, 15388446, 15288446]","[2, 2, 2, 2, 2, 2, 2, 2, 2, 2]"
441,6,"[2, 10, 14, 19, 20, 24]",6,4.396956944838166,0.10071027558296919,36.962391796832286,"[15131061, 15031061, 15731061, 15631061, 15531061, 15431061, 15331061, 15231061, 15931061, 15831061]","[20, 20, 20, 20, 20, 20, 20, 20, 20, 20]"
442,6,"[1, 4, 9, 12, 15, 18]",6,4.252287079580128,0.09756888635456562,34.82530716356511,"[15127212, 15027212, 15827212, 15927212, 15427212, 15527212, 15627212, 15727212, 15227212, 15327212]","[12, 12, 12, 12, 12, 12, 12, 12, 12, 12]"
443,6,"[0, 2, 12, 16, 18, 22]",6,4.239846649579704,0.09961831849068403,36.968377851182595,"[18661984, 18761984, 18261984, 18361984, 18861984, 18961984, 19161984, 19061984, 18461984, 18561984]","[12, 12, 12, 12, 12, 12, 12, 12, 12, 12]"
444,6,"[3, 5, 17, 18, 20, 24]",6,4.451794925145805,0.09824737906455994,36.55494290256562,"[15579343, 15479343, 15979343, 15879343, 15179343, 15079343, 15279343, 15379343, 15779343, 15679343]","[17, 17, 17, 17, 17, 17, 17, 17, 17, 17]"
445,6,"[7, 8, 17, 18, 22]",5,3.4589790888130665,0.07921137381345034,36.3185534376651,"[15143707, 15043707, 15743707, 15643707, 15543707, 15443707, 15343707, 15243707, 15943707, 15843707]","[22, 22, 22, 22, 22, 22, 22, 22, 22, 22]"
446,6,"[1, 3, 14, 18, 22]",5,3.6028767516836524,0.08422636892646551,37.71896463017911,"[15162656, 15062656, 15862656, 15962656, 15462656, 15562656, 15662656, 15762656, 15262656, 15362656]","[18, 18, 18, 18, 18, 18, 18, 18, 18, 18]"
447,6,"[1, 2, 3, 14, 17]",5,3.5702704256400466,0.08086000755429268,34.717181453388186,"[15538341, 15438341, 15938341, 15838341, 15138341, 15038341, 15238341, 15338341, 15738341, 15638341]","[3, 3, 3, 3, 3, 3, 3, 3, 3, 3]"
448,6,"[2, 4, 7, 14, 15, 20]",6,3.958217957057059,0.09877021983265877,33.23979817517102,"[15662369, 15762369, 15462369, 15562369, 15362369, 15262369, 15862369, 15962369, 15062369, 15162369]","[15, 15, 15, 15, 15, 15, 15, 15, 15, 15]"
449,6,"[2, 4, 5, 12, 21, 22]",6,4.147078342735767,0.09667326230555773,35.724988086071484,"[15540390, 15440390, 15940390, 15840390, 15140390, 15040390, 15240390, 15340390, 15740390, 15640390]","[5, 5, 5, 5, 5, 5, 5, 5, 5, 5]"
450,6,"[2, 3, 4, 6, 17, 18]",6,4.246318033896387,0.09667671285569668,33.95560077802899,"[15920570, 15820570, 15720570, 15620570, 15020570, 15120570, 15320570, 15220570, 15420570, 15520570]","[4, 4, 4, 4, 4, 4, 4, 4, 4, 4]"
451,6,"[9, 12, 17, 18, 20]",5,3.6155634531751275,0.08332108519971371,37.37159299459309,"[15639719, 15739719, 15439719, 15539719, 15339719, 15239719, 15839719, 15939719, 15039719, 15139719]","[20, 20, 20, 20, 20, 20, 20, 20, 20, 20]"
452,6,"[0, 3, 4, 10, 20, 22]",6,4.218043545261025,0.09608395118266344,36.486891283420846,"[15345684, 15245684, 15645684, 15745684, 15545684, 15445684, 15045684, 15145684, 15845684, 15945684]","[22, 22, 22, 22, 22, 22, 22, 22, 22, 22]"
453,6,"[4, 5, 18, 19, 20, 22]",6,4.2564914505928755,0.10097029618918896,37.33913859934546,"[15271288, 15371288, 15571288, 15471288, 15971288, 15871288, 15171288, 15071288, 15671288, 15771288]","[22, 22, 22, 22, 22, 22, 22, 22, 22, 22]"
454,6,"[1, 3, 4, 18, 22]",5,3.6087296418845654,0.08908679615706205,36.58716734014452,"[15132539, 15032539, 15732539, 15632539, 15532539, 15432539, 15332539, 15232539, 15932539, 15832539]","[22, 22, 22, 22, 22, 22, 22, 22, 22, 22]"
455,6,"[4, 16, 18, 19, 22]",5,3.634704398922622,0.08909361995756626,38.66578278215602,"[15531946, 15431946, 15931946, 15831946, 15131946, 15031946, 15231946, 15331946, 15731946, 15631946]","[18, 18, 18, 18, 18, 18, 18, 18, 18, 18]"
456,6,"[1, 9, 12, 14, 20, 23]",6,4.296278796158731,0.09816266875714064,36.2875648024492,"[15108623, 15008623, 15708623, 15608623, 15508623, 15408623, 15908623, 15808623, 15308623, 15208623]","[1, 1, 1, 1, 1, 1, 1, 1, 1, 1]"
457,6,"[2, 4, 7, 9, 14, 18]",6,4.140035799704492,0.10222395695745945,33.63865982663507,"[15369907, 15269907, 15069907, 15169907, 15669907, 15769907, 15969907, 15869907, 15469907, 15569907]","[7, 7, 7, 7, 7, 7, 7, 7, 7, 7]"
458,6,"[3, 6, 12, 13, 20]",5,3.627711720764637,0.0806823456659913,36.241364765632895,"[15671236, 15771236, 15471236, 15571236, 15371236, 15271236, 15071236, 15171236, 15871236, 15971236]","[3, 3, 3, 3, 3, 3, 3, 3, 3, 3]"
459,6,"[0, 1, 3, 18, 19, 22]",6,4.373321864753962,0.10170084331184626,37.3781627737917,"[15379703, 15279703, 15679703, 15779703, 15579703, 15479703, 15079703, 15179703, 15879703, 15979703]","[22, 22, 22, 22, 22, 22, 22, 22, 22, 22]"
460,6,"[3, 4, 12, 16, 18, 23]",6,4.307913736440241,0.1004826333373785,36.04549738221491,"[15161872, 15061872, 15761872, 15661872, 15561872, 15461872, 15961872, 15861872, 15361872, 15261872]","[3, 3, 3, 3, 3, 3, 3, 3, 3, 3]"
461,6,"[1, 7, 12, 17, 18, 22]",6,4.203806661069393,0.10187802650034428,36.10557588290734,"[15173625, 15073625, 15773625, 15673625, 15573625, 15473625, 15973625, 15873625, 15373625, 15273625]","[1, 1, 1, 1, 1, 1, 1, 1, 1, 1]"
462,6,"[0, 2, 11, 16, 21, 24]",6,4.357896653003991,0.09457953087985516,35.91301648761146,"[15568368, 15468368, 15968368, 15868368, 15168368, 15068368, 15668368, 15768368, 15268368, 15368368]","[11, 11, 11, 11, 11, 11, 11, 11, 11, 11]"
463,6,"[1, 2, 4, 10, 18, 22]",6,4.251074991188943,0.10185596160590649,35.67228084585319,"[15530323, 15430323, 15930323, 15830323, 15130323, 15030323, 15230323, 15330323, 15730323, 15630323]","[4, 4, 4, 4, 4, 4, 4, 4, 4, 4]"
464,6,"[6, 10, 12, 17, 18]",5,3.5309584960341454,0.08004511892795563,35.323505824245515,"[15118225, 15018225, 15818225, 15918225, 15418225, 15518225, 15618225, 15718225, 15218225, 15318225]","[17, 17, 17, 17, 17, 17, 17, 17, 17, 17]"
465,6,"[0, 2, 14, 18, 20, 24]",6,4.215186123736203,0.09605176001787186,35.182139245638005,"[15132946, 15032946, 15732946, 15632946, 15532946, 15432946, 15332946, 15232946, 15932946, 15832946]","[20, 20, 20, 20, 20, 20, 20, 20, 20, 20]"
466,6,"[3, 4, 7, 14, 16, 19]",6,4.191450537182391,0.09658627491444349,35.27755347786782,"[15158488, 15058488, 15858488, 15958488, 15458488, 15558488, 15658488, 15758488, 15258488, 15358488]","[14, 14, 14, 14, 14, 14, 14, 14, 14, 14]"
467,6,"[3, 4, 22, 24]",4,2.9436263060197234,0.0666433172300458,38.059841937501915,"[15497394, 15597394, 15297394, 15397394, 15697394, 15797394, 15197394, 15097394, 15997394, 15897394]","[4, 4, 4, 4, 4, 4, 4, 4, 4, 4]"
468,6,"[0, 3, 7, 13, 15, 16]",6,4.107556494884193,0.09349923953413963,34.76406542972351,"[15456273, 15556273, 15856273, 15956273, 15056273, 15156273, 15656273, 15756273, 15356273, 15256273]","[3, 3, 3, 3, 3, 3, 3, 3, 3, 3]"
469,6,"[5, 14, 18, 22]",4,2.7654908699914813,0.06627295166254044,37.55819439445622,"[15153505, 15053505, 15853505, 15953505, 15453505, 15553505, 15653505, 15753505, 15253505, 15353505]","[22, 22, 22, 22, 22, 22, 22, 22, 22, 22]"
470,6,"[0, 1, 2, 3, 18]",5,3.5280826119706035,0.07735818158835173,33.86572574190795,"[15875962, 15975962, 15275962, 15375962, 15475962, 15575962, 15675962, 15775962, 15075962, 15175962]","[0, 0, 0, 0, 0, 0, 0, 0, 0, 0]"
471,6,"[0, 1, 3, 17, 18, 22]",6,4.2897691167891026,0.10063539817929268,36.55670882365666,"[15538341, 15438341, 15938341, 15838341, 15138341, 15038341, 15238341, 15338341, 15738341, 15638341]","[3, 3, 3, 3, 3, 3, 3, 3, 3, 3]"
472,6,"[0, 2, 3, 4, 5, 21]",6,4.171965555287898,0.0968039957806468,33.205708182339244,"[15956273, 15856273, 15756273, 15656273, 15056273, 15156273, 15356273, 15256273, 15456273, 15556273]","[3, 3, 3, 3, 3, 3, 3, 3, 3, 3]"
473,6,"[3, 4, 5, 9, 11, 19]",6,4.50146475341171,0.10353958606719971,36.081018638564274,"[15632591, 15732591, 15432591, 15532591, 15332591, 15232591, 15032591, 15132591, 15832591, 15932591]","[3, 3, 3, 3, 3, 3, 3, 3, 3, 3]"
474,6,"[3, 5, 11, 14, 17, 18]",6,4.349733346141875,0.0946563920006156,35.770586747055255,"[15766982, 15666982, 15466982, 15566982, 15166982, 15066982, 15866982, 15966982, 15266982, 15366982]","[5, 5, 5, 5, 5, 5, 5, 5, 5, 5]"
475,6,"[2, 3, 16, 18, 22]",5,3.707832613028586,0.08636123314499855,38.73602820588276,"[15559344, 15459344, 15959344, 15859344, 15159344, 15059344, 15259344, 15359344, 15759344, 15659344]","[16, 16, 16, 16, 16, 16, 16, 16, 16, 16]"
476,6,"[0, 1, 6, 17, 21, 22]",6,4.187291066162288,0.09659292921423912,35.616462785052136,"[15383642, 15283642, 15683642, 15783642, 15583642, 15483642, 15083642, 15183642, 15883642, 15983642]","[22, 22, 22, 22, 22, 22, 22, 22, 22, 22]"
477,6,"[1, 5, 7, 9, 15]",5,3.4809806998819113,0.07640349585562944,33.464065845869484,"[15933886, 15833886, 15733886, 15633886, 15033886, 15133886, 15333886, 15233886, 15433886, 15533886]","[7, 7, 7, 7, 7, 7, 7, 7, 7, 7]"
478,6,"[0, 8, 12, 15, 18, 22]",6,4.138986146077514,0.0886443443596363,36.33019716346947,"[15006553, 15106553, 15206553, 15306553, 15706553, 15606553, 15906553, 15806553, 15506553, 15406553]","[12, 12, 12, 12, 12, 12, 12, 12, 12, 12]"
479,6,"[0, 1, 5, 6, 18, 21]",6,4.144085442647338,0.09703133534640074,33.283500470919535,"[15197468, 15097468, 15897468, 15997468, 15497468, 15597468, 15697468, 15797468, 15297468, 15397468]","[6, 6, 6, 6, 6, 6, 6, 6, 6, 6]"
480,6,"[2, 3, 10, 14, 16]",5,3.6387226982042193,0.08631063438951969,36.34038990000263,"[16719822, 16619822, 17419822, 17519822, 17119822, 17019822, 16919822, 16819822, 17319822, 17219822]","[14, 14, 14, 14, 14, 14, 14, 14, 14, 14]"
481,6,"[1, 2, 3, 4, 18]",5,3.6025882875546813,0.08570029679685831,33.76099522076547,"[15532876, 15432876, 15932876, 15832876, 15132876, 15032876, 15232876, 15332876, 15732876, 15632876]","[3, 3, 3, 3, 3, 3, 3, 3, 3, 3]"
482,6,"[2, 4, 5, 18, 19, 23]",6,4.20821373257786,0.09517747908830643,34.59000199055299,"[17381619, 17281619, 17081619, 17181619, 16781619, 16681619, 17481619, 17581619, 16881619, 16981619]","[4, 4, 4, 4, 4, 4, 4, 4, 4, 4]"
483,6,"[2, 13, 14, 20, 21, 22]",6,4.189946182072163,0.09137118514627218,37.96023159815619,"[15778945, 15678945, 15578945, 15478945, 15078945, 15178945, 15878945, 15978945, 15278945, 15378945]","[21, 21, 21, 21, 21, 21, 21, 21, 21, 21]"
484,6,"[0, 14, 18, 20, 21, 22]",6,4.1050386587157845,0.09654672257602215,37.448950910475105,"[15114021, 15014021, 15814021, 15914021, 15414021, 15514021, 15614021, 15714021, 15214021, 15314021]","[20, 20, 20, 20, 20, 20, 20, 20, 20, 20]"
485,6,"[0, 1, 14, 17, 18]",5,3.4112707832828164,0.08292775321751833,33.94153286805376,"[15547739, 15447739, 15947739, 15847739, 15147739, 15047739, 15247739, 15347739, 15747739, 15647739]","[14, 14, 14, 14, 14, 14, 14, 14, 14, 14]"
486,6,"[6, 8, 9, 14, 16, 24]",6,4.333439783193171,0.0973298316821456,36.17988082929514,"[15845859, 15945859, 15545859, 15445859, 15345859, 15245859, 15745859, 15645859, 15145859, 15045859]","[24, 24, 24, 24, 24, 24, 24, 24, 24, 24]"
487,6,"[2, 5, 6, 7, 16, 18]",6,4.134399548172951,0.09114678110927343,33.50238355986463,"[15302979, 15202979, 15602979, 15702979, 15502979, 15402979, 15002979, 15102979, 15802979, 15902979]","[18, 18, 18, 18, 18, 18, 18, 18, 18, 18]"
488,6,"[4, 5, 9, 18, 24]",5,3.609413313679397,0.08646057080477476,35.10806617578491,"[15177543, 15077543, 15777543, 15677543, 15577543, 15477543, 15377543, 15277543, 15977543, 15877543]","[24, 24, 24, 24, 24, 24, 24, 24, 24, 24]"
489,6,"[12, 14, 16, 18, 24]",5,3.589768291451037,0.07769822049885988,37.20168720334768,"[15776335, 15676335, 15476335, 15576335, 15176335, 15076335, 15876335, 15976335, 15276335, 15376335]","[14, 14, 14, 14, 14, 14, 14, 14, 14, 14]"
490,6,"[1, 3, 12, 18]",4,2.9218500815331936,0.06638345867395401,35.78577096189838,"[15487912, 15587912, 15287912, 15387912, 15687912, 15787912, 15187912, 15087912, 15987912, 15887912]","[3, 3, 3, 3, 3, 3, 3, 3, 3, 3]"
491,6,"[2, 3, 6, 9, 14, 24]",6,4.444399857893586,0.10159116890281439,35.73374009559242,"[15147739, 15047739, 15747739, 15647739, 15547739, 15447739, 15347739, 15247739, 15947739, 15847739]","[14, 14, 14, 14, 14, 14, 14, 14, 14, 14]"
492,6,"[1, 4, 6, 9, 13]",5,3.5580982640385628,0.08247905503958464,33.86370273716748,"[15774558, 15674558, 15474558, 15574558, 15174558, 15074558, 15874558, 15974558, 15274558, 15374558]","[4, 4, 4, 4, 4, 4, 4, 4, 4, 4]"
493,6,"[1, 5, 11, 16, 18]",5,3.6621890868991613,0.08612857200205326,35.56263229167089,"[15139432, 15039432, 15839432, 15939432, 15439432, 15539432, 15639432, 15739432, 15239432, 15339432]","[16, 16, 16, 16, 16, 16, 16, 16, 16, 16]"
494,6,"[0, 2, 6, 19]",4,2.845157016068697,0.06386311911046505,33.62336560233962,"[15115810, 15015810, 15815810, 15915810, 15415810, 15515810, 15615810, 15715810, 15215810, 15315810]","[19, 19, 19, 19, 19, 19, 19, 19, 19, 19]"
495,6,"[1, 2, 3, 5, 18]",5,3.637238124385476,0.08360753767192364,34.25740446820855,"[15312155, 15212155, 15112155, 15012155, 15412155, 15512155, 15612155, 15712155, 15912155, 15812155]","[18, 18, 18, 18, 18, 18, 18, 18, 18, 18]"
496,6,"[1, 4, 16, 17, 18]",5,3.5484035834670067,0.08578339777886868,34.79054139368236,"[15690489, 15790489, 15190489, 15090489, 15290489, 15390489, 15590489, 15490489, 15990489, 15890489]","[17, 17, 17, 17, 17, 17, 17, 17, 17, 17]"
497,6,"[1, 3, 12, 14, 22, 23]",6,4.272700340487063,0.10033984575420618,37.38979242773106,"[15738341, 15638341, 15438341, 15538341, 15138341, 15038341, 15838341, 15938341, 15238341, 15338341]","[3, 3, 3, 3, 3, 3, 3, 3, 3, 3]"
498,6,"[2, 4, 7, 9, 10, 14]",6,4.13410902582109,0.09553110040724277,33.59210939821787,"[15747368, 15647368, 15447368, 15547368, 15147368, 15047368, 15847368, 15947368, 15247368, 15347368]","[4, 4, 4, 4, 4, 4, 4, 4, 4, 4]"
499,6,"[0, 3, 12, 17, 22]",5,3.591506359167397,0.07669366057962179,37.312236252147706,"[15468365, 15568365, 15268365, 15368365, 15668365, 15768365, 15168365, 15068365, 15968365, 15868365]","[3, 3, 3, 3, 3, 3, 3, 3, 3, 3]"
500,6,"[0, 4, 5, 12, 16]",5,3.4532845355570316,0.0824087681248784,33.389720840100196,"[16694851, 16794851, 16994851, 16894851, 17394851, 17294851, 17194851, 17094851, 17594851, 17494851]","[12, 12, 12, 12, 12, 12, 12, 12, 12, 12]"
501,6,"[3, 4, 9, 19, 22, 23]",6,4.401571596041322,0.10178697481751442,38.39839386520907,"[15198596, 15098596, 15798596, 15698596, 15598596, 15498596, 15398596, 15298596, 15998596, 15898596]","[22, 22, 22, 22, 22, 22, 22, 22, 22, 22]"
502,6,"[1, 10, 18, 19, 22]",5,3.6296636946499348,0.08682056330144405,38.59322477867827,"[16701490, 16601490, 17401490, 17501490, 17001490, 17101490, 17201490, 17301490, 16801490, 16901490]","[19, 19, 19, 19, 19, 19, 19, 19, 19, 19]"
503,6,"[3, 4, 8, 14, 21, 24]",6,4.218465349636972,0.0933751342818141,35.286354058111705,"[15937057, 15837057, 15737057, 15637057, 15037057, 15137057, 15337057, 15237057, 15437057, 15537057]","[8, 8, 8, 8, 8, 8, 8, 8, 8, 8]"
504,6,"[3, 7, 9, 15, 18, 22]",6,4.274460948072374,0.0967363128438592,37.442211324349046,"[15344408, 15244408, 15144408, 15044408, 15444408, 15544408, 15644408, 15744408, 15944408, 15844408]","[18, 18, 18, 18, 18, 18, 18, 18, 18, 18]"
505,6,"[2, 7, 15, 16, 18, 22]",6,4.131488598883152,0.09049870353192091,36.61210424740178,"[15584772, 15484772, 15984772, 15884772, 15184772, 15084772, 15684772, 15784772, 15284772, 15384772]","[15, 15, 15, 15, 15, 15, 15, 15, 15, 15]"
506,6,"[0, 3, 6, 18, 19]",5,3.5757781490683556,0.08058166410773993,35.3267898619175,"[15331386, 15231386, 15831386, 15931386, 15531386, 15431386, 15131386, 15031386, 15631386, 15731386]","[0, 0, 0, 0, 0, 0, 0, 0, 0, 0]"
507,6,"[1, 3, 11, 18, 19]",5,3.75383245293051,0.08409663289785385,36.99931736206636,"[15509400, 15409400, 15909400, 15809400, 15109400, 15009400, 15609400, 15709400, 15209400, 15309400]","[11, 11, 11, 11, 11, 11, 11, 11, 11, 11]"
508,6,"[0, 1, 2, 3, 13, 22]",6,4.2590872552245855,0.09692043159157038,36.06264048186131,"[15167887, 15067887, 15867887, 15967887, 15467887, 15567887, 15367887, 15267887, 15667887, 15767887]","[3, 3, 3, 3, 3, 3, 3, 3, 3, 3]"
509,6,"[3, 5, 11, 13, 18, 21]",6,4.375003810971975,0.10325413756072521,36.441610461721815,"[15146438, 15046438, 15746438, 15646438, 15546438, 15446438, 15946438, 15846438, 15346438, 15246438]","[3, 3, 3, 3, 3, 3, 3, 3, 3, 3]"
510,6,"[2, 10, 11, 14, 18]",5,3.593493392691016,0.08633725438266993,35.60670842621475,"[15153520, 15053520, 15853520, 15953520, 15453520, 15553520, 15653520, 15753520, 15253520, 15353520]","[14, 14, 14, 14, 14, 14, 14, 14, 14, 14]"
511,6,"[5, 6, 8, 12, 17, 19]",6,4.275225550867617,0.10197033081203699,34.900936907700576,"[15066982, 15166982, 15466982, 15566982, 15966982, 15866982, 15766982, 15666982, 15266982, 15366982]","[5, 5, 5, 5, 5, 5, 5, 5, 5, 5]"
512,6,"[14, 17, 18, 24]",4,2.890415775589645,0.06585958693176508,36.48033621336799,"[15795266, 15695266, 15495266, 15595266, 15195266, 15095266, 15895266, 15995266, 15295266, 15395266]","[17, 17, 17, 17, 17, 17, 17, 17, 17, 17]"
513,6,"[3, 7, 10, 14, 18, 19]",6,4.277924348600209,0.0999750318005681,35.970990125322714,"[15315810, 15215810, 15615810, 15715810, 15515810, 15415810, 15015810, 15115810, 15815810, 15915810]","[19, 19, 19, 19, 19, 19, 19, 19, 19, 19]"
514,6,"[0, 1, 12, 18, 24]",5,3.576507561840117,0.08395863138139248,34.67116253115237,"[15967414, 15867414, 15767414, 15667414, 15067414, 15167414, 15367414, 15267414, 15467414, 15567414]","[12, 12, 12, 12, 12, 12, 12, 12, 12, 12]"
515,6,"[0, 5, 8, 12, 19, 21]",6,4.182252919301391,0.10227263532578945,34.97633695074668,"[15024167, 15124167, 15424167, 15524167, 15924167, 15824167, 15224167, 15324167, 15724167, 15624167]","[19, 19, 19, 19, 19, 19, 19, 19, 19, 19]"
516,6,"[0, 2, 4, 6, 9]",5,3.4792989501729608,0.08211707323789597,32.47213298939168,"[15360093, 15260093, 15060093, 15160093, 15660093, 15760093, 15960093, 15860093, 15460093, 15560093]","[4, 4, 4, 4, 4, 4, 4, 4, 4, 4]"
517,6,"[0, 1, 2, 4, 14, 21]",6,4.055002432316542,0.09412282705307007,32.785483114110924,"[15163372, 15063372, 15563372, 15463372, 15363372, 15263372, 15863372, 15963372, 15763372, 15663372]","[1, 1, 1, 1, 1, 1, 1, 1, 1, 1]"
518,6,"[2, 9, 10, 18, 19, 23]",6,4.401625002734363,0.10031931940466166,37.03985356221286,"[15095680, 15195680, 15295680, 15395680, 15795680, 15695680, 15995680, 15895680, 15595680, 15495680]","[10, 10, 10, 10, 10, 10, 10, 10, 10, 10]"
519,6,"[1, 6, 10, 16, 18, 22]",6,4.323459431529045,0.1012707632035017,37.19876817388771,"[15176185, 15076185, 15276185, 15376185, 15576185, 15476185, 15776185, 15676185, 15976185, 15876185]","[18, 18, 18, 18, 18, 18, 18, 18, 18, 18]"
520,6,"[1, 6, 13, 14, 15, 22]",6,4.128299524076283,0.09959160909056664,36.229081379948184,"[15127857, 15027857, 15727857, 15627857, 15527857, 15427857, 15927857, 15827857, 15327857, 15227857]","[1, 1, 1, 1, 1, 1, 1, 1, 1, 1]"
521,6,"[0, 1, 3, 5, 18, 19]",6,4.3093314273282886,0.0976681848987937,34.89885791181587,"[15538341, 15438341, 15938341, 15838341, 15138341, 15038341, 15638341, 15738341, 15238341, 15338341]","[3, 3, 3, 3, 3, 3, 3, 3, 3, 3]"
522,6,"[0, 1, 3, 4, 10, 18]",6,4.20571100525558,0.09446005895733833,33.763521708237626,"[15896495, 15996495, 15596495, 15496495, 15396495, 15296495, 15796495, 15696495, 15196495, 15096495]","[18, 18, 18, 18, 18, 18, 18, 18, 18, 18]"
523,6,"[0, 3, 6, 12, 14, 22]",6,4.188684914261103,0.09415940288454294,36.15794914627137,"[15635027, 15735027, 15435027, 15535027, 15335027, 15235027, 15035027, 15135027, 15835027, 15935027]","[0, 0, 0, 0, 0, 0, 0, 0, 0, 0]"
524,6,"[1, 3, 5, 6, 10]",5,3.5889483131468296,0.08407905977219343,33.947792410943656,"[15345057, 15245057, 15145057, 15045057, 15445057, 15545057, 15645057, 15745057, 15945057, 15845057]","[10, 10, 10, 10, 10, 10, 10, 10, 10, 10]"
525,6,"[0, 3, 5, 7, 9, 22]",6,4.217296950519085,0.0915707191452384,35.74740211161164,"[15710239, 15610239, 15410239, 15510239, 15110239, 15010239, 15810239, 15910239, 15210239, 15310239]","[3, 3, 3, 3, 3, 3, 3, 3, 3, 3]"
526,6,"[0, 12, 16, 18, 19]",5,3.567399913445115,0.07897843979299068,36.676966103259474,"[15520017, 15420017, 15920017, 15820017, 15120017, 15020017, 15220017, 15320017, 15720017, 15620017]","[16, 16, 16, 16, 16, 16, 16, 16, 16, 16]"
527,6,"[3, 6, 12, 18, 20]",5,3.6291532032191753,0.08314657118171453,36.16850038170814,"[15168703, 15068703, 15868703, 15968703, 15468703, 15568703, 15368703, 15268703, 15668703, 15768703]","[18, 18, 18, 18, 18, 18, 18, 18, 18, 18]"
528,6,"[6, 14, 18, 22]",4,2.8019537264481187,0.06833662185817957,37.42724710924085,"[15266258, 15366258, 15466258, 15566258, 15166258, 15066258, 15866258, 15966258, 15666258, 15766258]","[14, 14, 14, 14, 14, 14, 14, 14, 14, 14]"
529,6,"[0, 2, 3, 5, 22]",5,3.5741557208821177,0.08237590175122023,35.764871223736556,"[15228846, 15328846, 15428846, 15528846, 15128846, 15028846, 15828846, 15928846, 15628846, 15728846]","[2, 2, 2, 2, 2, 2, 2, 2, 2, 2]"
530,6,"[0, 1, 2, 9, 12, 18]",6,4.270074008964002,0.09745134320110083,34.49362639159275,"[15312155, 15212155, 15612155, 15712155, 15512155, 15412155, 15012155, 15112155, 15812155, 15912155]","[18, 18, 18, 18, 18, 18, 18, 18, 18, 18]"
531,6,"[0, 1, 2, 6, 18]",5,3.4880953896790743,0.08062363974750042,32.53564060321078,"[15135027, 15035027, 15735027, 15635027, 15535027, 15435027, 15935027, 15835027, 15335027, 15235027]","[0, 0, 0, 0, 0, 0, 0, 0, 0, 0]"
532,6,"[0, 3, 10, 16, 18, 19]",6,4.412317920476198,0.10162278637290001,36.93048170822052,"[15064364, 15164364, 15464364, 15564364, 15964364, 15864364, 15764364, 15664364, 15264364, 15364364]","[0, 0, 0, 0, 0, 0, 0, 0, 0, 0]"
533,6,"[1, 17, 18, 23]",4,2.8306907042860985,0.06852665264159441,35.29064641369041,"[15977419, 15877419, 15077419, 15177419, 15277419, 15377419, 15477419, 15577419, 15677419, 15777419]","[23, 23, 23, 23, 23, 23, 23, 23, 23, 23]"
534,6,"[2, 13, 18, 22]",4,2.874388014897704,0.06829131953418255,38.27922092296649,"[15183140, 15083140, 15783140, 15683140, 15583140, 15483140, 15983140, 15883140, 15383140, 15283140]","[2, 2, 2, 2, 2, 2, 2, 2, 2, 2]"
535,6,"[3, 4, 6, 9, 12, 22]",6,4.394494693726301,0.10720633435994387,36.79861866496503,"[15721486, 15621486, 15421486, 15521486, 15121486, 15021486, 15821486, 15921486, 15221486, 15321486]","[4, 4, 4, 4, 4, 4, 4, 4, 4, 4]"
536,6,"[0, 2, 3, 6, 9, 19]",6,4.410375107079744,0.09922721609473228,35.296472512185574,"[15529416, 15429416, 15929416, 15829416, 15129416, 15029416, 15229416, 15329416, 15729416, 15629416]","[3, 3, 3, 3, 3, 3, 3, 3, 3, 3]"
537,6,"[0, 1, 2, 3, 18]",5,3.565101278014481,0.07732660230249166,33.86572574190795,"[15401108, 15501108, 15801108, 15901108, 15001108, 15101108, 15601108, 15701108, 15301108, 15201108]","[1, 1, 1, 1, 1, 1, 1, 1, 1, 1]"
538,6,"[0, 1, 3, 16, 18]",5,3.60180008597672,0.08142353780567646,35.30585911627859,"[15135027, 15035027, 15735027, 15635027, 15535027, 15435027, 15935027, 15835027, 15335027, 15235027]","[0, 0, 0, 0, 0, 0, 0, 0, 0, 0]"
539,6,"[1, 4, 11, 12, 18]",5,3.5167282978072762,0.08033029455691576,34.35871458919719,"[15662929, 15762929, 15162929, 15062929, 15262929, 15362929, 15562929, 15462929, 15962929, 15862929]","[12, 12, 12, 12, 12, 12, 12, 12, 12, 12]"
540,6,"[1, 4, 17, 18, 22]",5,3.493409705348313,0.0856843814253807,36.17658013869077,"[15631544, 15731544, 15131544, 15031544, 15231544, 15331544, 15531544, 15431544, 15931544, 15831544]","[18, 18, 18, 18, 18, 18, 18, 18, 18, 18]"
541,6,"[0, 2, 3, 10, 16]",5,3.5897704968228936,0.08367669768631458,35.31332313111052,"[15156786, 15056786, 15756786, 15656786, 15556786, 15456786, 15956786, 15856786, 15356786, 15256786]","[0, 0, 0, 0, 0, 0, 0, 0, 0, 0]"
542,6,"[3, 4, 14, 18, 22]",5,3.5056554274633527,0.08016171772032976,37.13688619667664,"[15161872, 15061872, 15761872, 15661872, 15561872, 15461872, 15961872, 15861872, 15361872, 15261872]","[3, 3, 3, 3, 3, 3, 3, 3, 3, 3]"
543,6,"[2, 4, 12, 14, 22]",5,3.416412250138819,0.08508947119116783,35.951820068992674,"[15132539, 15032539, 15232539, 15332539, 15532539, 15432539, 15732539, 15632539, 15932539, 15832539]","[22, 22, 22, 22, 22, 22, 22, 22, 22, 22]"
544,6,"[1, 3, 5, 7, 12, 20]",6,4.198867196217179,0.09417740162461996,34.283882723733164,"[15186352, 15086352, 15786352, 15686352, 15586352, 15486352, 15386352, 15286352, 15986352, 15886352]","[12, 12, 12, 12, 12, 12, 12, 12, 12, 12]"
545,6,"[3, 9, 18, 21]",4,2.9563477020710707,0.06407179590314627,37.952989992685616,"[15177263, 15077263, 15777263, 15677263, 15577263, 15477263, 15977263, 15877263, 15377263, 15277263]","[3, 3, 3, 3, 3, 3, 3, 3, 3, 3]"
546,6,"[1, 4, 5, 6, 10, 14]",6,4.091961200349033,0.09728755243122578,32.685713761330895,"[15960411, 15860411, 15760411, 15660411, 15060411, 15160411, 15360411, 15260411, 15460411, 15560411]","[5, 5, 5, 5, 5, 5, 5, 5, 5, 5]"
547,6,"[0, 4, 20, 22, 24]",5,3.5529383402317762,0.08577975537627935,36.561178139597175,"[15368320, 15268320, 15868320, 15968320, 15568320, 15468320, 15068320, 15168320, 15768320, 15668320]","[22, 22, 22, 22, 22, 22, 22, 22, 22, 22]"
548,6,"[0, 1, 2, 4, 20]",5,3.4347846815362573,0.08235569298267365,32.52253602584824,"[15163372, 15063372, 15563372, 15463372, 15363372, 15263372, 15863372, 15963372, 15763372, 15663372]","[1, 1, 1, 1, 1, 1, 1, 1, 1, 1]"
549,6,"[0, 1, 3, 9, 22]",5,3.6843025516718626,0.0892031341791153,37.21046868097037,"[15135027, 15035027, 15235027, 15335027, 15535027, 15435027, 15935027, 15835027, 15735027, 15635027]","[0, 0, 0, 0, 0, 0, 0, 0, 0, 0]"
550,6,"[1, 5, 14, 24]",4,2.8658141661435366,0.0658983662724495,34.331058601499535,"[15426985, 15526985, 15826985, 15926985, 15026985, 15126985, 15626985, 15726985, 15326985, 15226985]","[5, 5, 5, 5, 5, 5, 5, 5, 5, 5]"
551,6,"[0, 5, 13, 17, 19]",5,3.5566297378391027,0.08151018340140581,35.0938248725608,"[15135027, 15035027, 15735027, 15635027, 15535027, 15435027, 15935027, 15835027, 15335027, 15235027]","[0, 0, 0, 0, 0, 0, 0, 0, 0, 0]"
552,6,"[1, 3, 5, 10, 12, 22]",6,4.382352152839303,0.10018766578286886,36.89228943820732,"[15102480, 15002480, 15702480, 15602480, 15502480, 15402480, 15302480, 15202480, 15902480, 15802480]","[12, 12, 12, 12, 12, 12, 12, 12, 12, 12]"
553,6,"[0, 1, 2, 9, 18, 21]",6,4.273674047552049,0.09479851089417934,34.752395078695066,"[15112155, 15012155, 15712155, 15612155, 15512155, 15412155, 15312155, 15212155, 15912155, 15812155]","[18, 18, 18, 18, 18, 18, 18, 18, 18, 18]"
554,6,"[3, 4, 10, 18, 22]",5,3.6493733692914248,0.0852678157389164,37.435988806467506,"[15135333, 15035333, 15735333, 15635333, 15535333, 15435333, 15335333, 15235333, 15935333, 15835333]","[22, 22, 22, 22, 22, 22, 22, 22, 22, 22]"
555,6,"[1, 5, 16, 18]",4,2.86634021718055,0.06803790107369423,35.13849739253055,"[15188268, 15088268, 15888268, 15988268, 15488268, 15588268, 15388268, 15288268, 15688268, 15788268]","[18, 18, 18, 18, 18, 18, 18, 18, 18, 18]"
556,6,"[1, 4, 8, 17, 18, 22]",6,4.243257435970008,0.0985871683806181,35.71546297776513,"[15878330, 15978330, 15578330, 15478330, 15378330, 15278330, 15778330, 15678330, 15178330, 15078330]","[22, 22, 22, 22, 22, 22, 22, 22, 22, 22]"
557,6,"[3, 4, 9, 10, 17, 20]",6,4.420168027281761,0.10379241965711117,36.270370439393446,"[15011511, 15111511, 15411511, 15511511, 15911511, 15811511, 15711511, 15611511, 15211511, 15311511]","[3, 3, 3, 3, 3, 3, 3, 3, 3, 3]"
558,6,"[1, 7, 14, 18, 20, 22]",6,4.110102000646293,0.0963725671172142,36.36218197255706,"[15181600, 15081600, 15281600, 15381600, 15581600, 15481600, 15781600, 15681600, 15981600, 15881600]","[20, 20, 20, 20, 20, 20, 20, 20, 20, 20]"
559,6,"[1, 2, 10, 18, 22]",5,3.5670246025547385,0.07747028861194849,36.94173364443704,"[15112155, 15012155, 15812155, 15912155, 15412155, 15512155, 15612155, 15712155, 15212155, 15312155]","[18, 18, 18, 18, 18, 18, 18, 18, 18, 18]"
560,6,"[2, 3, 6, 12, 18]",5,3.5792983332648873,0.08076125290244818,34.94859608830884,"[15522568, 15422568, 15922568, 15822568, 15122568, 15022568, 15222568, 15322568, 15722568, 15622568]","[6, 6, 6, 6, 6, 6, 6, 6, 6, 6]"
561,6,"[4, 6, 14, 16, 18, 24]",6,4.214743356220424,0.0974831348285079,35.06692842619183,"[15543292, 15443292, 15943292, 15843292, 15143292, 15043292, 15643292, 15743292, 15243292, 15343292]","[14, 14, 14, 14, 14, 14, 14, 14, 14, 14]"
562,6,"[3, 5, 22]",3,2.202412387356162,0.05332356411963701,38.80788499830911,"[15757756, 15657756, 15457756, 15557756, 15157756, 15057756, 15857756, 15957756, 15257756, 15357756]","[5, 5, 5, 5, 5, 5, 5, 5, 5, 5]"
563,6,"[1, 4, 14, 15, 16]",5,3.3960835449397564,0.07999466825276613,34.272579323220995,"[15311258, 15211258, 15811258, 15911258, 15711258, 15611258, 15411258, 15511258, 15111258, 15011258]","[4, 4, 4, 4, 4, 4, 4, 4, 4, 4]"
564,6,"[1, 13, 17, 18, 20]",5,3.5412517189979553,0.08321230672299862,36.129937110561876,"[15583223, 15483223, 15983223, 15883223, 15183223, 15083223, 15283223, 15383223, 15783223, 15683223]","[17, 17, 17, 17, 17, 17, 17, 17, 17, 17]"
565,6,"[0, 1, 3, 12, 13]",5,3.5322667276486754,0.0835486352443695,34.67121504517272,"[15065069, 15165069, 15665069, 15765069, 15865069, 15965069, 15565069, 15465069, 15365069, 15265069]","[12, 12, 12, 12, 12, 12, 12, 12, 12, 12]"
566,6,"[0, 1, 2, 3, 13, 15]",6,4.207192967645824,0.09874202497303486,34.126453255303204,"[15892505, 15992505, 15792505, 15692505, 15592505, 15492505, 15392505, 15292505, 15092505, 15192505]","[15, 15, 15, 15, 15, 15, 15, 15, 15, 15]"
567,6,"[4, 12, 13, 14, 15, 22]",6,4.125307030975819,0.09997040964663029,36.565996404116355,"[15308071, 15208071, 15808071, 15908071, 15508071, 15408071, 15108071, 15008071, 15608071, 15708071]","[4, 4, 4, 4, 4, 4, 4, 4, 4, 4]"
568,6,"[0, 1, 2, 3, 10, 12]",6,4.30262163747102,0.10084287449717522,34.21074706680762,"[15284117, 15384117, 15484117, 15584117, 15184117, 15084117, 15884117, 15984117, 15684117, 15784117]","[1, 1, 1, 1, 1, 1, 1, 1, 1, 1]"
569,6,"[6, 14, 16, 18, 20, 22]",6,4.279355514794588,0.1003522677347064,38.01887335100522,"[15959591, 15859591, 15759591, 15659591, 15059591, 15159591, 15359591, 15259591, 15459591, 15559591]","[16, 16, 16, 16, 16, 16, 16, 16, 16, 16]"
570,6,"[0, 1, 3, 10, 12, 19]",6,4.383232708089054,0.10470742918550968,35.58698967867531,"[15112459, 15012459, 15712459, 15612459, 15512459, 15412459, 15912459, 15812459, 15312459, 15212459]","[0, 0, 0, 0, 0, 0, 0, 0, 0, 0]"
571,6,"[0, 2, 3, 7, 12, 19]",6,4.263919702731073,0.10084351897239685,34.369909926628075,"[15224167, 15324167, 15524167, 15424167, 15924167, 15824167, 15124167, 15024167, 15624167, 15724167]","[19, 19, 19, 19, 19, 19, 19, 19, 19, 19]"
572,6,"[0, 1, 2, 6, 14, 18]",6,4.139352433383465,0.10235815774649382,32.94370105319346,"[15196954, 15096954, 15796954, 15696954, 15596954, 15496954, 15996954, 15896954, 15396954, 15296954]","[0, 0, 0, 0, 0, 0, 0, 0, 0, 0]"
573,6,"[12, 14, 17, 18]",4,2.8054767036810517,0.06587069015949965,35.959685530746356,"[15006269, 15106269, 15606269, 15706269, 15806269, 15906269, 15506269, 15406269, 15306269, 15206269]","[18, 18, 18, 18, 18, 18, 18, 18, 18, 18]"
574,6,"[1, 3, 4, 14, 21]",5,3.4984481278806925,0.08259901311248541,34.44917944073677,"[15189292, 15089292, 15889292, 15989292, 15489292, 15589292, 15689292, 15789292, 15289292, 15389292]","[14, 14, 14, 14, 14, 14, 14, 14, 14, 14]"
575,6,"[4, 6, 7, 9, 18]",5,3.465915503911674,0.07992567867040634,33.115839588176456,"[15111258, 15011258, 15211258, 15311258, 15511258, 15411258, 15911258, 15811258, 15711258, 15611258]","[4, 4, 4, 4, 4, 4, 4, 4, 4, 4]"
576,6,"[0, 2, 3, 4, 12, 20]",6,4.212209304794669,0.09616731572896242,34.087687835562974,"[15592938, 15492938, 15992938, 15892938, 15192938, 15092938, 15292938, 15392938, 15792938, 15692938]","[3, 3, 3, 3, 3, 3, 3, 3, 3, 3]"
577,6,"[0, 4, 9, 14, 16, 22]",6,4.1776650650426745,0.09996742755174637,36.65749223910583,"[15192840, 15092840, 15792840, 15692840, 15592840, 15492840, 15392840, 15292840, 15992840, 15892840]","[16, 16, 16, 16, 16, 16, 16, 16, 16, 16]"
578,6,"[10, 11, 13, 14, 18, 20]",6,4.262353960424662,0.09403431415557861,36.87603407337641,"[15939893, 15839893, 15739893, 15639893, 15039893, 15139893, 15339893, 15239893, 15439893, 15539893]","[13, 13, 13, 13, 13, 13, 13, 13, 13, 13]"
579,6,"[1, 2, 3, 4, 11, 17]",6,4.322513718158007,0.10000843740999699,34.19768211750003,"[15538341, 15438341, 15938341, 15838341, 15138341, 15038341, 15638341, 15738341, 15238341, 15338341]","[3, 3, 3, 3, 3, 3, 3, 3, 3, 3]"
580,6,"[2, 10, 14, 15, 17, 22]",6,4.167895746417344,0.09662462025880814,36.940829353407025,"[15681746, 15781746, 15481746, 15581746, 15381746, 15281746, 15081746, 15181746, 15881746, 15981746]","[2, 2, 2, 2, 2, 2, 2, 2, 2, 2]"
581,6,"[1, 3, 10, 16, 21]",5,3.6336100958287716,0.08089843392372131,36.8338183873333,"[15495032, 15595032, 15995032, 15895032, 15395032, 15295032, 15795032, 15695032, 15195032, 15095032]","[10, 10, 10, 10, 10, 10, 10, 10, 10, 10]"
582,6,"[0, 2, 10, 13, 18, 21]",6,4.14171342458576,0.0939279105514288,35.08832427083204,"[15819768, 15919768, 15519768, 15419768, 15319768, 15219768, 15719768, 15619768, 15119768, 15019768]","[21, 21, 21, 21, 21, 21, 21, 21, 21, 21]"
583,6,"[5, 12, 16, 18, 22]",5,3.556139317341149,0.0858682207763195,38.24332581469789,"[15365069, 15265069, 15065069, 15165069, 15565069, 15465069, 15765069, 15665069, 15965069, 15865069]","[12, 12, 12, 12, 12, 12, 12, 12, 12, 12]"
584,6,"[0, 1, 3, 12, 18]",5,3.527043922804296,0.08087381441146135,34.59835066124797,"[15086993, 15186993, 15686993, 15786993, 15886993, 15986993, 15586993, 15486993, 15386993, 15286993]","[12, 12, 12, 12, 12, 12, 12, 12, 12, 12]"
585,6,"[0, 3, 4, 12, 17]",5,3.522223439067602,0.08403638750314713,33.840661170333625,"[15696834, 15796834, 15196834, 15096834, 15296834, 15396834, 15596834, 15496834, 15996834, 15896834]","[12, 12, 12, 12, 12, 12, 12, 12, 12, 12]"
586,6,"[0, 3, 7, 12, 19, 22]",6,4.273328254930675,0.10105687379837036,36.72505335944394,"[15024167, 15124167, 15424167, 15524167, 15924167, 15824167, 15224167, 15324167, 15724167, 15624167]","[19, 19, 19, 19, 19, 19, 19, 19, 19, 19]"
587,6,"[1, 5, 9, 14, 18]",5,3.6100538689643145,0.08801393955945969,35.027393471449614,"[15120141, 15020141, 15820141, 15920141, 15420141, 15520141, 15620141, 15720141, 15220141, 15320141]","[14, 14, 14, 14, 14, 14, 14, 14, 14, 14]"
588,6,"[1, 2, 3, 6, 16]",5,3.6855942523106933,0.08774774428457022,34.751422562915835,"[15187782, 15087782, 15787782, 15687782, 15587782, 15487782, 15987782, 15887782, 15387782, 15287782]","[1, 1, 1, 1, 1, 1, 1, 1, 1, 1]"
589,6,"[0, 1, 2, 4, 5, 9]",6,4.2292218413203955,0.10088039748370647,32.519977184711024,"[15130323, 15030323, 15830323, 15930323, 15430323, 15530323, 15630323, 15730323, 15230323, 15330323]","[4, 4, 4, 4, 4, 4, 4, 4, 4, 4]"
590,6,"[6, 8, 12, 16, 20, 23]",6,4.229691461659968,0.09885776601731777,35.93335885492464,"[15834325, 15934325, 15534325, 15434325, 15334325, 15234325, 15734325, 15634325, 15134325, 15034325]","[23, 23, 23, 23, 23, 23, 23, 23, 23, 23]"
591,6,"[1, 3, 12, 14, 18]",5,3.6008328814059496,0.08037617150694132,35.625417430140075,"[15166258, 15066258, 15866258, 15966258, 15466258, 15566258, 15666258, 15766258, 15266258, 15366258]","[14, 14, 14, 14, 14, 14, 14, 14, 14, 14]"
592,6,"[0, 1, 9, 16, 22]",5,3.6145890280604362,0.08606874197721481,37.57426845980808,"[15701108, 15601108, 15401108, 15501108, 15101108, 15001108, 15801108, 15901108, 15201108, 15301108]","[1, 1, 1, 1, 1, 1, 1, 1, 1, 1]"
593,6,"[4, 6, 12, 15, 18]",5,3.427298345603049,0.08526610396802425,33.729606977850196,"[15592947, 15492947, 15992947, 15892947, 15192947, 15092947, 15692947, 15792947, 15292947, 15392947]","[12, 12, 12, 12, 12, 12, 12, 12, 12, 12]"
594,6,"[1, 2, 9, 12, 18]",5,3.635667429305613,0.08362932037562132,35.42261777818203,"[15689042, 15789042, 15189042, 15089042, 15289042, 15389042, 15589042, 15489042, 15989042, 15889042]","[12, 12, 12, 12, 12, 12, 12, 12, 12, 12]"
595,6,"[0, 3, 5, 13, 14, 23]",6,4.1616940926760435,0.08640698902308941,34.66402840218507,"[15456273, 15556273, 15856273, 15956273, 15056273, 15156273, 15656273, 15756273, 15356273, 15256273]","[3, 3, 3, 3, 3, 3, 3, 3, 3, 3]"
596,6,"[0, 2, 3, 14, 22, 24]",6,4.2873492846265435,0.09485153574496508,36.71650922065601,"[15575386, 15475386, 15375386, 15275386, 15175386, 15075386, 15675386, 15775386, 15875386, 15975386]","[0, 0, 0, 0, 0, 0, 0, 0, 0, 0]"
597,6,"[0, 4, 6, 9, 12, 18]",6,4.146288991905749,0.09631907474249601,33.79710141103715,"[15408071, 15508071, 15808071, 15908071, 15008071, 15108071, 15608071, 15708071, 15308071, 15208071]","[4, 4, 4, 4, 4, 4, 4, 4, 4, 4]"
598,6,"[2, 4, 6, 12, 17, 18]",6,4.157014139927924,0.09351906646043062,33.669176881201565,"[15712762, 15612762, 15412762, 15512762, 15112762, 15012762, 15812762, 15912762, 15212762, 15312762]","[4, 4, 4, 4, 4, 4, 4, 4, 4, 4]"
599,6,"[3, 7, 14, 18, 23]",5,3.3989129019901156,0.07642807625234127,34.96490622796118,"[15192938, 15092938, 15792938, 15692938, 15592938, 15492938, 15992938, 15892938, 15392938, 15292938]","[3, 3, 3, 3, 3, 3, 3, 3, 3, 3]"
600,6,"[6, 15, 16, 21, 24]",5,3.5649051861837506,0.07716395892202854,36.43345375312492,"[15189661, 15089661, 15789661, 15689661, 15589661, 15489661, 15989661, 15889661, 15389661, 15289661]","[6, 6, 6, 6, 6, 6, 6, 6, 6, 6]"
601,6,"[0, 6, 12, 17, 18, 22]",6,4.1531697399914265,0.09132631681859493,36.11159574830284,"[15338183, 15238183, 15138183, 15038183, 15438183, 15538183, 15638183, 15738183, 15938183, 15838183]","[18, 18, 18, 18, 18, 18, 18, 18, 18, 18]"
602,6,"[0, 3, 14, 18, 22]",5,3.4897967651486397,0.08275946415960789,37.24161671781913,"[15135027, 15035027, 15735027, 15635027, 15535027, 15435027, 15935027, 15835027, 15335027, 15235027]","[0, 0, 0, 0, 0, 0, 0, 0, 0, 0]"
603,6,"[0, 3, 6, 12, 18, 19]",6,4.315295921638608,0.0975388903170824,35.474850928566106,"[15635027, 15735027, 15435027, 15535027, 15335027, 15235027, 15035027, 15135027, 15835027, 15935027]","[0, 0, 0, 0, 0, 0, 0, 0, 0, 0]"
604,6,"[0, 1, 13, 14, 15, 18]",6,4.090437727980316,0.10034746490418911,34.335968408267945,"[15694813, 15794813, 15194813, 15094813, 15294813, 15394813, 15594813, 15494813, 15994813, 15894813]","[14, 14, 14, 14, 14, 14, 14, 14, 14, 14]"
605,6,"[2, 3, 9, 18, 23]",5,3.7100342689082026,0.08407552819699049,36.576763465534896,"[15541115, 15441115, 15941115, 15841115, 15141115, 15041115, 15641115, 15741115, 15241115, 15341115]","[9, 9, 9, 9, 9, 9, 9, 9, 9, 9]"
606,6,"[0, 3, 19, 22, 24]",5,3.748434263281524,0.08675296884030104,38.714501538407056,"[15300354, 15200354, 15000354, 15100354, 15600354, 15700354, 15900354, 15800354, 15400354, 15500354]","[19, 19, 19, 19, 19, 19, 19, 19, 19, 19]"
607,6,"[3, 5, 6, 17, 18, 21]",6,4.326685537584126,0.0939791826531291,35.23856460411722,"[15408135, 15508135, 15108135, 15008135, 15208135, 15308135, 15608135, 15708135, 15808135, 15908135]","[21, 21, 21, 21, 21, 21, 21, 21, 21, 21]"
608,6,"[9, 13, 20, 22, 24]",5,3.7630699640139937,0.08397636376321316,40.02140364991501,"[15302571, 15202571, 15002571, 15102571, 15602571, 15702571, 15902571, 15802571, 15402571, 15502571]","[20, 20, 20, 20, 20, 20, 20, 20, 20, 20]"
609,6,"[3, 6, 7, 15, 16, 19]",6,4.2890637358650565,0.10289370361715555,35.617557260518275,"[15824100, 15924100, 15524100, 15424100, 15324100, 15224100, 15724100, 15624100, 15124100, 15024100]","[19, 19, 19, 19, 19, 19, 19, 19, 19, 19]"
610,6,"[1, 3, 4, 13, 16]",5,3.6371631203219295,0.08884377032518387,35.27399297906086,"[15634924, 15734924, 15434924, 15534924, 15334924, 15234924, 15834924, 15934924, 15034924, 15134924]","[16, 16, 16, 16, 16, 16, 16, 16, 16, 16]"
611,6,"[1, 7, 16, 18, 19, 22]",6,4.297400559298694,0.106242585927248,37.51662021223456,"[15359344, 15259344, 15059344, 15159344, 15659344, 15759344, 15959344, 15859344, 15459344, 15559344]","[16, 16, 16, 16, 16, 16, 16, 16, 16, 16]"
612,6,"[3, 6, 16, 18, 21, 22]",6,4.3837001686915755,0.10374533291906118,38.36319194966927,"[15317439, 15217439, 15617439, 15717439, 15517439, 15417439, 15017439, 15117439, 15817439, 15917439]","[22, 22, 22, 22, 22, 22, 22, 22, 22, 22]"
613,6,"[0, 2, 16, 18, 22]",5,3.52963088452816,0.07854296918958426,37.11902216905728,"[15635027, 15735027, 15435027, 15535027, 15335027, 15235027, 15035027, 15135027, 15835027, 15935027]","[0, 0, 0, 0, 0, 0, 0, 0, 0, 0]"
614,6,"[0, 1, 5, 9, 23, 24]",6,4.261144487187266,0.09425696451216936,34.638027943127476,"[15324962, 15224962, 15624962, 15724962, 15524962, 15424962, 15024962, 15124962, 15824962, 15924962]","[24, 24, 24, 24, 24, 24, 24, 24, 24, 24]"
615,6,"[1, 9, 10, 12, 14, 16]",6,4.293668174184859,0.09978059306740761,36.503076082561165,"[15181200, 15081200, 15281200, 15381200, 15581200, 15481200, 15781200, 15681200, 15981200, 15881200]","[14, 14, 14, 14, 14, 14, 14, 14, 14, 14]"
616,6,"[0, 1, 2, 4, 20]",5,3.388971623033285,0.0795665280893445,32.52253602584824,"[15382576, 15282576, 15082576, 15182576, 15482576, 15582576, 15982576, 15882576, 15782576, 15682576]","[4, 4, 4, 4, 4, 4, 4, 4, 4, 4]"
617,6,"[3, 13, 14, 16, 18, 24]",6,4.389185834676027,0.09404473565518856,37.47502003998185,"[15190297, 15090297, 15890297, 15990297, 15490297, 15590297, 15690297, 15790297, 15290297, 15390297]","[16, 16, 16, 16, 16, 16, 16, 16, 16, 16]"
618,6,"[4, 6, 16, 17, 22]",5,3.5102571099996567,0.08532445598393679,36.58492904733866,"[15180606, 15080606, 15880606, 15980606, 15480606, 15580606, 15680606, 15780606, 15280606, 15380606]","[17, 17, 17, 17, 17, 17, 17, 17, 17, 17]"
619,6,"[1, 13, 14, 18, 19, 22]",6,4.258295989595354,0.0973594905808568,38.09895861443753,"[15115973, 15015973, 15715973, 15615973, 15515973, 15415973, 15915973, 15815973, 15315973, 15215973]","[1, 1, 1, 1, 1, 1, 1, 1, 1, 1]"
620,6,"[1, 3, 6, 12, 18, 23]",6,4.256043799221516,0.09933122340589762,35.11899197885456,"[15981404, 15881404, 15281404, 15381404, 15781404, 15681404, 15081404, 15181404, 15581404, 15481404]","[18, 18, 18, 18, 18, 18, 18, 18, 18, 18]"
621,6,"[1, 3, 5, 16, 17, 20]",6,4.381271639838815,0.1039162129163742,36.04353117632369,"[15158219, 15058219, 15758219, 15658219, 15558219, 15458219, 15958219, 15858219, 15358219, 15258219]","[1, 1, 1, 1, 1, 1, 1, 1, 1, 1]"
622,6,"[1, 10, 11, 18]",4,2.9257922992110252,0.0688786068931222,35.68322904582601,"[15158219, 15058219, 15258219, 15358219, 15558219, 15458219, 15958219, 15858219, 15758219, 15658219]","[1, 1, 1, 1, 1, 1, 1, 1, 1, 1]"
623,6,"[5, 12, 13, 18, 22]",5,3.5654221791774035,0.08047723025083542,37.71741427574307,"[15120945, 15020945, 15820945, 15920945, 15420945, 15520945, 15620945, 15720945, 15220945, 15320945]","[18, 18, 18, 18, 18, 18, 18, 18, 18, 18]"
624,6,"[0, 3, 4, 16, 17, 21]",6,4.26092095207423,0.10061666741967201,35.08476941854072,"[15411511, 15511511, 15811511, 15911511, 15011511, 15111511, 15611511, 15711511, 15311511, 15211511]","[3, 3, 3, 3, 3, 3, 3, 3, 3, 3]"
625,6,"[4, 12, 14, 15, 17]",5,3.3946277713403106,0.07971896883100271,34.29414179120213,"[15599242, 15499242, 15999242, 15899242, 15199242, 15099242, 15299242, 15399242, 15799242, 15699242]","[14, 14, 14, 14, 14, 14, 14, 14, 14, 14]"
626,6,"[2, 3, 6, 12, 18]",5,3.619857518002391,0.08356083557009697,34.94859608830884,"[15746438, 15646438, 15446438, 15546438, 15146438, 15046438, 15846438, 15946438, 15246438, 15346438]","[3, 3, 3, 3, 3, 3, 3, 3, 3, 3]"
627,6,"[0, 6, 18, 22]",4,2.7979206312447786,0.062285675667226315,36.143413648125716,"[15488998, 15588998, 15888998, 15988998, 15088998, 15188998, 15688998, 15788998, 15388998, 15288998]","[6, 6, 6, 6, 6, 6, 6, 6, 6, 6]"
628,6,"[3, 4, 10, 16, 17, 22]",6,4.383841001428664,0.1068157060071826,37.67576454704007,"[15143925, 15043925, 15743925, 15643925, 15543925, 15443925, 15343925, 15243925, 15943925, 15843925]","[17, 17, 17, 17, 17, 17, 17, 17, 17, 17]"
629,6,"[1, 12, 13, 18, 19, 21]",6,4.327960254624486,0.09754246287047863,36.81829679462438,"[15024167, 15124167, 15424167, 15524167, 15924167, 15824167, 15224167, 15324167, 15724167, 15624167]","[19, 19, 19, 19, 19, 19, 19, 19, 19, 19]"
630,6,"[0, 2, 3, 22]",4,2.874998359940946,0.06870769802480936,36.754323257133365,"[15312928, 15212928, 15812928, 15912928, 15712928, 15612928, 15412928, 15512928, 15112928, 15012928]","[2, 2, 2, 2, 2, 2, 2, 2, 2, 2]"
631,6,"[0, 1, 2, 3, 10, 13]",6,4.289275953546166,0.09400075301527977,34.36207783020412,"[15773530, 15673530, 15473530, 15573530, 15173530, 15073530, 15873530, 15973530, 15273530, 15373530]","[1, 1, 1, 1, 1, 1, 1, 1, 1, 1]"
632,6,"[1, 3, 5, 16, 19]",5,3.6955158272758126,0.08129029162228107,36.50767152532935,"[15122538, 15022538, 15822538, 15922538, 15422538, 15522538, 15622538, 15722538, 15222538, 15322538]","[16, 16, 16, 16, 16, 16, 16, 16, 16, 16]"
633,6,"[1, 2, 11, 12, 16, 19]",6,4.379577800631523,0.09791199211031199,36.470659118145704,"[15872460, 15972460, 15572460, 15472460, 15372460, 15272460, 15772460, 15672460, 15172460, 15072460]","[19, 19, 19, 19, 19, 19, 19, 19, 19, 19]"
634,6,"[0, 4, 9, 12, 18, 24]",6,4.245938282459974,0.09730429947376251,34.96618225153846,"[15180991, 15080991, 15880991, 15980991, 15280991, 15380991, 15680991, 15780991, 15480991, 15580991]","[0, 0, 0, 0, 0, 0, 0, 0, 0, 0]"
635,6,"[0, 1, 2, 5, 12]",5,3.4205396780744195,0.07719401363283396,32.53166589923203,"[15156065, 15056065, 15856065, 15956065, 15456065, 15556065, 15656065, 15756065, 15256065, 15356065]","[5, 5, 5, 5, 5, 5, 5, 5, 5, 5]"
636,6,"[0, 1, 7, 12, 17, 18]",6,4.048103356733918,0.09324781596660614,33.29987208234767,"[16748128, 16648128, 16848128, 16948128, 17148128, 17048128, 17348128, 17248128, 17548128, 17448128]","[17, 17, 17, 17, 17, 17, 17, 17, 17, 17]"
637,6,"[0, 3, 14, 16, 18, 19]",6,4.277124113403261,0.09736240282654762,36.6812295333948,"[15717042, 15617042, 15517042, 15417042, 15017042, 15117042, 15217042, 15317042, 15817042, 15917042]","[0, 0, 0, 0, 0, 0, 0, 0, 0, 0]"
638,6,"[6, 10, 11, 19, 24]",5,3.729367073625326,0.08091312367469072,36.82584170363843,"[15147712, 15047712, 15747712, 15647712, 15547712, 15447712, 15947712, 15847712, 15347712, 15247712]","[6, 6, 6, 6, 6, 6, 6, 6, 6, 6]"
639,6,"[1, 5, 12, 14, 18, 20]",6,4.182947067543864,0.09277959261089563,35.1086672883636,"[15162444, 15062444, 15762444, 15662444, 15562444, 15462444, 15962444, 15862444, 15362444, 15262444]","[1, 1, 1, 1, 1, 1, 1, 1, 1, 1]"
640,6,"[3, 4, 5, 18, 20, 22]",6,4.308372902683914,0.10227678064256907,36.85984065042188,"[15131946, 15031946, 15831946, 15931946, 15431946, 15531946, 15631946, 15731946, 15231946, 15331946]","[18, 18, 18, 18, 18, 18, 18, 18, 18, 18]"
641,6,"[1, 2, 3, 16, 23]",5,3.660965465940535,0.08428552560508251,35.75228658830747,"[15332591, 15232591, 15032591, 15132591, 15632591, 15732591, 15932591, 15832591, 15432591, 15532591]","[3, 3, 3, 3, 3, 3, 3, 3, 3, 3]"
642,6,"[1, 6, 8, 14, 24]",5,3.548760024830699,0.08578229136765003,34.04206448765471,"[15162444, 15062444, 15762444, 15662444, 15562444, 15462444, 15962444, 15862444, 15362444, 15262444]","[1, 1, 1, 1, 1, 1, 1, 1, 1, 1]"
643,6,"[0, 3, 8, 12, 16]",5,3.562627493403852,0.07980604376643896,35.432020214665684,"[15175386, 15075386, 15275386, 15375386, 15575386, 15475386, 15975386, 15875386, 15775386, 15675386]","[0, 0, 0, 0, 0, 0, 0, 0, 0, 0]"
644,6,"[1, 3, 6, 14]",4,2.852804255671799,0.06564607284963131,34.109096478903666,"[16600399, 16700399, 17000399, 17100399, 17500399, 17400399, 17300399, 17200399, 16800399, 16900399]","[1, 1, 1, 1, 1, 1, 1, 1, 1, 1]"
645,6,"[1, 8, 14, 18, 20, 24]",6,4.296721700578928,0.09468893054872751,35.722903423942626,"[15658219, 15758219, 15458219, 15558219, 15358219, 15258219, 15058219, 15158219, 15858219, 15958219]","[1, 1, 1, 1, 1, 1, 1, 1, 1, 1]"
646,6,"[1, 4, 5, 13, 18, 22]",6,4.241108073852956,0.09707955364137888,35.65539016504772,"[15112861, 15012861, 15712861, 15612861, 15512861, 15412861, 15312861, 15212861, 15912861, 15812861]","[18, 18, 18, 18, 18, 18, 18, 18, 18, 18]"
647,6,"[3, 5, 10, 14, 16, 17]",6,4.34402893576771,0.09732982236891985,36.13962409342639,"[15559803, 15459803, 15959803, 15859803, 15159803, 15059803, 15259803, 15359803, 15759803, 15659803]","[10, 10, 10, 10, 10, 10, 10, 10, 10, 10]"
648,6,"[1, 16, 19, 20, 22]",5,3.7042350815609097,0.08986786939203739,39.626408057566735,"[15759344, 15659344, 15459344, 15559344, 15159344, 15059344, 15859344, 15959344, 15259344, 15359344]","[16, 16, 16, 16, 16, 16, 16, 16, 16, 16]"
649,6,"[1, 2, 9, 12, 18]",5,3.6356642991304398,0.08621413726359606,35.42261777818203,"[15458292, 15558292, 15958292, 15858292, 15158292, 15058292, 15758292, 15658292, 15258292, 15358292]","[9, 9, 9, 9, 9, 9, 9, 9, 9, 9]"
650,6,"[1, 3, 4, 5, 16]",5,3.609162404201925,0.08622535597532988,34.21077742865309,"[15468615, 15568615, 15868615, 15968615, 15068615, 15168615, 15668615, 15768615, 15368615, 15268615]","[3, 3, 3, 3, 3, 3, 3, 3, 3, 3]"
651,6,"[1, 4, 5, 12, 17, 18]",6,4.150466505438089,0.09629783313721418,33.703704630568005,"[15184117, 15084117, 15284117, 15384117, 15584117, 15484117, 15984117, 15884117, 15784117, 15684117]","[1, 1, 1, 1, 1, 1, 1, 1, 1, 1]"
652,6,"[0, 3, 14, 18, 19, 22]",6,4.271634194068611,0.0944256391376257,37.836261820901804,"[15135027, 15035027, 15735027, 15635027, 15535027, 15435027, 15935027, 15835027, 15335027, 15235027]","[0, 0, 0, 0, 0, 0, 0, 0, 0, 0]"
653,6,"[1, 16, 18, 20, 24]",5,3.665098705329001,0.08389777224510908,37.13924772087485,"[15568703, 15468703, 15968703, 15868703, 15168703, 15068703, 15268703, 15368703, 15768703, 15668703]","[18, 18, 18, 18, 18, 18, 18, 18, 18, 18]"
654,6,"[0, 2, 5, 7, 18]",5,3.3271730169653893,0.07658026926219463,31.965399666316806,"[15787154, 15687154, 15587154, 15487154, 15087154, 15187154, 15287154, 15387154, 15887154, 15987154]","[0, 0, 0, 0, 0, 0, 0, 0, 0, 0]"
655,6,"[2, 10, 15, 18]",4,2.8017473239451647,0.057862551882863045,35.21403396059759,"[15139513, 15039513, 15839513, 15939513, 15439513, 15539513, 15639513, 15739513, 15239513, 15339513]","[18, 18, 18, 18, 18, 18, 18, 18, 18, 18]"
656,6,"[0, 3, 13, 16, 20, 22]",6,4.305593536235392,0.09748255275189877,38.3321089791134,"[15279703, 15379703, 15579703, 15479703, 15979703, 15879703, 15179703, 15079703, 15679703, 15779703]","[22, 22, 22, 22, 22, 22, 22, 22, 22, 22]"
657,6,"[1, 2, 3, 6, 14]",5,3.5345427077263594,0.08026906754821539,33.79768351614475,"[15115973, 15015973, 15715973, 15615973, 15515973, 15415973, 15915973, 15815973, 15315973, 15215973]","[1, 1, 1, 1, 1, 1, 1, 1, 1, 1]"
658,6,"[1, 10, 14, 18, 21, 22]",6,4.209153805859387,0.09846662543714046,37.48473470743435,"[15162444, 15062444, 15762444, 15662444, 15562444, 15462444, 15962444, 15862444, 15362444, 15262444]","[1, 1, 1, 1, 1, 1, 1, 1, 1, 1]"
659,6,"[0, 6, 9, 10, 16, 18]",6,4.316304254345596,0.09459587186574936,35.579108373417206,"[15777919, 15677919, 15877919, 15977919, 15377919, 15277919, 15177919, 15077919, 15577919, 15477919]","[10, 10, 10, 10, 10, 10, 10, 10, 10, 10]"
660,6,"[1, 3, 5, 10, 14, 20]",6,4.311120030470192,0.09961459413170815,35.34854075677382,"[15708365, 15608365, 15408365, 15508365, 15108365, 15008365, 15808365, 15908365, 15208365, 15308365]","[3, 3, 3, 3, 3, 3, 3, 3, 3, 3]"
661,6,"[1, 7, 12, 13, 18, 21]",6,4.146746193058789,0.09168148040771484,34.82678477109099,"[15524894, 15424894, 15924894, 15824894, 15124894, 15024894, 15224894, 15324894, 15724894, 15624894]","[12, 12, 12, 12, 12, 12, 12, 12, 12, 12]"
662,6,"[1, 5, 9, 21, 23]",5,3.568477409891784,0.0825065728276968,35.48990151844919,"[15059775, 15159775, 15459775, 15559775, 15959775, 15859775, 15259775, 15359775, 15759775, 15659775]","[23, 23, 23, 23, 23, 23, 23, 23, 23, 23]"
663,6,"[0, 1, 4, 12, 14, 18]",6,4.068141461350024,0.10145350452512503,33.22784563658448,"[15926311, 15826311, 15726311, 15626311, 15026311, 15126311, 15326311, 15226311, 15426311, 15526311]","[4, 4, 4, 4, 4, 4, 4, 4, 4, 4]"
664,6,"[0, 2, 3, 12, 18, 21]",6,4.250653906725347,0.09719805885106325,35.17935738922097,"[15135027, 15035027, 15735027, 15635027, 15535027, 15435027, 15935027, 15835027, 15335027, 15235027]","[0, 0, 0, 0, 0, 0, 0, 0, 0, 0]"
665,6,"[0, 5, 7, 17, 18, 20]",6,4.088745278306305,0.09890689514577389,33.63454723901426,"[15254264, 15354264, 15554264, 15454264, 15954264, 15854264, 15154264, 15054264, 15654264, 15754264]","[20, 20, 20, 20, 20, 20, 20, 20, 20, 20]"
666,6,"[3, 16, 18, 19, 23]",5,3.7135275918990374,0.08606340270489454,38.30845970297232,"[15138341, 15038341, 15738341, 15638341, 15538341, 15438341, 15938341, 15838341, 15338341, 15238341]","[3, 3, 3, 3, 3, 3, 3, 3, 3, 3]"
667,6,"[2, 4, 12, 13, 16]",5,3.525805930607021,0.08563784789294004,34.99360883180052,"[15782576, 15682576, 15482576, 15582576, 15182576, 15082576, 15882576, 15982576, 15282576, 15382576]","[4, 4, 4, 4, 4, 4, 4, 4, 4, 4]"
668,6,"[3, 4, 7, 17, 18, 21]",6,4.1841353345662355,0.09666774980723858,34.42108043888584,"[15169171, 15069171, 15269171, 15369171, 15569171, 15469171, 15769171, 15669171, 15969171, 15869171]","[18, 18, 18, 18, 18, 18, 18, 18, 18, 18]"
669,6,"[0, 4, 9, 18, 22]",5,3.502670045942068,0.07756386138498783,36.39341410342604,"[15460924, 15560924, 15660924, 15760924, 15960924, 15860924, 15160924, 15060924, 15260924, 15360924]","[9, 9, 9, 9, 9, 9, 9, 9, 9, 9]"
670,6,"[6, 12, 15, 18, 22]",5,3.469337641261518,0.07713724579662085,37.201182059664276,"[15127399, 15027399, 15727399, 15627399, 15527399, 15427399, 15927399, 15827399, 15327399, 15227399]","[6, 6, 6, 6, 6, 6, 6, 6, 6, 6]"
671,6,"[1, 9, 14, 18, 19]",5,3.6118762735277414,0.08056982699781656,36.82787832068279,"[15782286, 15682286, 15482286, 15582286, 15182286, 15082286, 15882286, 15982286, 15282286, 15382286]","[9, 9, 9, 9, 9, 9, 9, 9, 9, 9]"
672,6,"[4, 6, 14, 22]",4,2.7056129425764084,0.06632216461002827,35.568796591833234,"[16918368, 16818368, 16618368, 16718368, 17018368, 17118368, 17218368, 17318368, 17418368, 17518368]","[22, 22, 22, 22, 22, 22, 22, 22, 22, 22]"
673,6,"[5, 7, 15, 18, 19]",5,3.4147063493728638,0.07935238629579544,34.6603106893599,"[15324167, 15224167, 15824167, 15924167, 15524167, 15424167, 15624167, 15724167, 15124167, 15024167]","[19, 19, 19, 19, 19, 19, 19, 19, 19, 19]"
674,6,"[2, 4, 5, 8, 20, 22]",6,4.151457939296961,0.09358367789536715,35.40473902923986,"[15054264, 15154264, 15454264, 15554264, 15954264, 15854264, 15254264, 15354264, 15754264, 15654264]","[20, 20, 20, 20, 20, 20, 20, 20, 20, 20]"
675,6,"[2, 4, 16, 18, 21]",5,3.4763393057510257,0.07689786050468683,35.23126687239856,"[15408071, 15508071, 15808071, 15908071, 15008071, 15108071, 15608071, 15708071, 15308071, 15208071]","[4, 4, 4, 4, 4, 4, 4, 4, 4, 4]"
676,6,"[4, 5, 10, 16, 18, 20]",6,4.208103224635124,0.09963904693722725,35.462444481129445,"[15137166, 15037166, 15737166, 15637166, 15537166, 15437166, 15937166, 15837166, 15337166, 15237166]","[4, 4, 4, 4, 4, 4, 4, 4, 4, 4]"
677,6,"[0, 4, 5, 15, 19]",5,3.3890589671209455,0.07776359282433987,33.37120112814009,"[15700329, 15600329, 15400329, 15500329, 15100329, 15000329, 15800329, 15900329, 15200329, 15300329]","[4, 4, 4, 4, 4, 4, 4, 4, 4, 4]"
678,6,"[14, 18, 20, 22, 24]",5,3.6292824326083064,0.08915810380131006,39.07500532241538,"[15173143, 15073143, 15873143, 15973143, 15473143, 15573143, 15673143, 15773143, 15273143, 15373143]","[22, 22, 22, 22, 22, 22, 22, 22, 22, 22]"
679,6,"[0, 3, 13, 14, 18, 19]",6,4.301012919284403,0.09774529468268156,36.24296991759911,"[15224167, 15324167, 15524167, 15424167, 15924167, 15824167, 15124167, 15024167, 15624167, 15724167]","[19, 19, 19, 19, 19, 19, 19, 19, 19, 19]"
680,6,"[0, 11, 14, 18, 22]",5,3.5228917319327593,0.0863866563886404,37.10671116691083,"[15317042, 15217042, 15117042, 15017042, 15417042, 15517042, 15917042, 15817042, 15617042, 15717042]","[0, 0, 0, 0, 0, 0, 0, 0, 0, 0]"
681,6,"[1, 7, 15, 18, 22, 24]",6,4.229582009837031,0.09672156441956758,36.316843882513545,"[15132784, 15032784, 15732784, 15632784, 15532784, 15432784, 15332784, 15232784, 15932784, 15832784]","[22, 22, 22, 22, 22, 22, 22, 22, 22, 22]"
682,6,"[1, 3, 9, 14]",4,2.958046411164105,0.06670869514346123,36.12619624682702,"[15738341, 15638341, 15438341, 15538341, 15138341, 15038341, 15838341, 15938341, 15238341, 15338341]","[3, 3, 3, 3, 3, 3, 3, 3, 3, 3]"
683,6,"[3, 4, 18, 19, 22, 24]",6,4.47558475472033,0.10359034221619368,38.30127900148121,"[15189621, 15089621, 15789621, 15689621, 15589621, 15489621, 15989621, 15889621, 15389621, 15289621]","[3, 3, 3, 3, 3, 3, 3, 3, 3, 3]"
684,6,"[0, 2, 10, 18, 21, 24]",6,4.273817383684218,0.09401005785912275,35.284093962516636,"[15135027, 15035027, 15735027, 15635027, 15535027, 15435027, 15935027, 15835027, 15335027, 15235027]","[0, 0, 0, 0, 0, 0, 0, 0, 0, 0]"
685,6,"[0, 1, 3, 6, 16, 21]",6,4.26108908187598,0.09454880282282829,34.80358649875658,"[15568365, 15468365, 15968365, 15868365, 15168365, 15068365, 15668365, 15768365, 15268365, 15368365]","[3, 3, 3, 3, 3, 3, 3, 3, 3, 3]"
686,6,"[5, 6, 14, 16, 18, 24]",6,4.331966404803097,0.10009851772338152,35.48060279906107,"[15055115, 15155115, 15455115, 15555115, 15955115, 15855115, 15755115, 15655115, 15255115, 15355115]","[5, 5, 5, 5, 5, 5, 5, 5, 5, 5]"
687,6,"[1, 3, 4, 18]",4,2.86757898889482,0.06796145439147949,34.063236109679565,"[15408071, 15508071, 15908071, 15808071, 15308071, 15208071, 15708071, 15608071, 15108071, 15008071]","[4, 4, 4, 4, 4, 4, 4, 4, 4, 4]"
688,6,"[1, 3, 15, 18]",4,2.876967081800103,0.06746228411793709,35.49842412211001,"[15708208, 15608208, 15408208, 15508208, 15108208, 15008208, 15808208, 15908208, 15208208, 15308208]","[3, 3, 3, 3, 3, 3, 3, 3, 3, 3]"
689,6,"[1, 3, 5, 13, 16, 18]",6,4.327435516752303,0.10038095060735941,35.935138342514016,"[15301908, 15201908, 15101908, 15001908, 15601908, 15701908, 15501908, 15401908, 15801908, 15901908]","[13, 13, 13, 13, 13, 13, 13, 13, 13, 13]"
690,6,"[11, 14, 16, 18, 22]",5,3.5805656695738435,0.08302803616970778,39.087516982574016,"[16630117, 16730117, 17030117, 17130117, 17530117, 17430117, 17330117, 17230117, 16830117, 16930117]","[11, 11, 11, 11, 11, 11, 11, 11, 11, 11]"
691,6,"[2, 5, 6, 10, 18, 22]",6,4.234050892293453,0.10549804288893938,35.927266040196024,"[15181794, 15081794, 15881794, 15981794, 15481794, 15581794, 15681794, 15781794, 15281794, 15381794]","[10, 10, 10, 10, 10, 10, 10, 10, 10, 10]"
692,6,"[0, 1, 5, 16, 18]",5,3.468411394394934,0.08051624801009893,34.08053180575371,"[15122538, 15022538, 15822538, 15922538, 15422538, 15522538, 15622538, 15722538, 15222538, 15322538]","[16, 16, 16, 16, 16, 16, 16, 16, 16, 16]"
693,6,"[0, 1, 5, 18, 21]",5,3.4060260141268373,0.0714621227234602,33.683545775245875,"[15145126, 15045126, 15845126, 15945126, 15445126, 15545126, 15645126, 15745126, 15245126, 15345126]","[18, 18, 18, 18, 18, 18, 18, 18, 18, 18]"
694,6,"[0, 1, 6, 18, 21]",5,3.415088909678161,0.07722348719835281,33.57878794707358,"[15715973, 15615973, 15415973, 15515973, 15115973, 15015973, 15815973, 15915973, 15215973, 15315973]","[1, 1, 1, 1, 1, 1, 1, 1, 1, 1]"
695,6,"[4, 16, 17, 18]",4,2.808804246596992,0.06642056815326214,35.42932448699139,"[15700360, 15600360, 15400360, 15500360, 15100360, 15000360, 15800360, 15900360, 15200360, 15300360]","[16, 16, 16, 16, 16, 16, 16, 16, 16, 16]"
696,6,"[2, 3, 12, 18]",4,2.90081238001585,0.06457145791500807,35.86492662306409,"[15107710, 15007710, 15807710, 15907710, 15407710, 15507710, 15307710, 15207710, 15607710, 15707710]","[18, 18, 18, 18, 18, 18, 18, 18, 18, 18]"
697,6,"[0, 7, 17, 18]",4,2.672848113812506,0.0596544248983264,32.837166802957654,"[15359001, 15259001, 15059001, 15159001, 15659001, 15759001, 15959001, 15859001, 15459001, 15559001]","[17, 17, 17, 17, 17, 17, 17, 17, 17, 17]"
698,6,"[2, 3, 5, 7, 16, 20]",6,4.280404186807573,0.09748279396444559,34.92624354370249,"[15103562, 15003562, 15803562, 15903562, 15403562, 15503562, 15603562, 15703562, 15203562, 15303562]","[7, 7, 7, 7, 7, 7, 7, 7, 7, 7]"
699,6,"[8, 12, 14, 16, 20]",5,3.5136611172929406,0.08554531820118427,36.60265768142417,"[15567414, 15467414, 15167414, 15067414, 15767414, 15667414, 15367414, 15267414, 15967414, 15867414]","[12, 12, 12, 12, 12, 12, 12, 12, 12, 12]"
700,6,"[1, 7, 14, 15, 18, 20]",6,4.072231521829963,0.09107444528490305,34.425994745998956,"[15173530, 15073530, 15773530, 15673530, 15573530, 15473530, 15973530, 15873530, 15373530, 15273530]","[1, 1, 1, 1, 1, 1, 1, 1, 1, 1]"
701,6,"[0, 9, 12, 18, 23]",5,3.5197783578187227,0.08320465590804815,35.692382348049435,"[15742501, 15642501, 15442501, 15542501, 15142501, 15042501, 15842501, 15942501, 15242501, 15342501]","[9, 9, 9, 9, 9, 9, 9, 9, 9, 9]"
702,6,"[4, 12, 17, 20]",4,2.805988723412156,0.06933241430670023,35.01812247058842,"[15484983, 15584983, 15284983, 15384983, 15684983, 15784983, 15184983, 15084983, 15984983, 15884983]","[12, 12, 12, 12, 12, 12, 12, 12, 12, 12]"
703,6,"[4, 6, 12, 14, 24]",5,3.5176831297576427,0.08394731115549803,34.0210418718867,"[15640339, 15740339, 15440339, 15540339, 15340339, 15240339, 15840339, 15940339, 15040339, 15140339]","[24, 24, 24, 24, 24, 24, 24, 24, 24, 24]"
704,6,"[1, 6, 7, 10, 16, 18]",6,4.221402309834957,0.09854243788868189,34.228355329406135,"[15146348, 15046348, 15546348, 15446348, 15346348, 15246348, 15846348, 15946348, 15746348, 15646348]","[6, 6, 6, 6, 6, 6, 6, 6, 6, 6]"
705,6,"[5, 7, 12, 18, 20, 22]",6,4.165590922348201,0.09892106335610151,36.49598314395795,"[15362344, 15262344, 15662344, 15762344, 15562344, 15462344, 15062344, 15162344, 15862344, 15962344]","[22, 22, 22, 22, 22, 22, 22, 22, 22, 22]"
706,6,"[1, 9, 11, 14, 18]",5,3.641595392487943,0.08406758960336447,36.117815231066196,"[15181200, 15081200, 15881200, 15981200, 15481200, 15581200, 15681200, 15781200, 15281200, 15381200]","[14, 14, 14, 14, 14, 14, 14, 14, 14, 14]"
707,6,"[1, 3, 12, 14, 16, 22]",6,4.351124580949545,0.10543613787740469,37.96730983785043,"[15122538, 15022538, 15722538, 15622538, 15522538, 15422538, 15322538, 15222538, 15922538, 15822538]","[16, 16, 16, 16, 16, 16, 16, 16, 16, 16]"
708,6,"[3, 6, 8, 17, 18, 22]",6,4.31050749309361,0.10000558942556381,36.99155426421203,"[15422568, 15522568, 15722568, 15622568, 15222568, 15322568, 15122568, 15022568, 15922568, 15822568]","[6, 6, 6, 6, 6, 6, 6, 6, 6, 6]"
709,6,"[4, 11, 17, 18]",4,2.822522289119661,0.06407856848090887,34.80594282480888,"[15532082, 15432082, 15932082, 15832082, 15132082, 15032082, 15232082, 15332082, 15732082, 15632082]","[17, 17, 17, 17, 17, 17, 17, 17, 17, 17]"
710,6,"[0, 1, 6, 18, 24]",5,3.518771097995341,0.0802927166223526,33.6847860686481,"[15427857, 15527857, 15827857, 15927857, 15027857, 15127857, 15627857, 15727857, 15327857, 15227857]","[1, 1, 1, 1, 1, 1, 1, 1, 1, 1]"
711,6,"[4, 10, 12, 16, 18, 23]",6,4.171678762882948,0.09980581793934107,35.80313350042949,"[15176185, 15076185, 15276185, 15376185, 15576185, 15476185, 15776185, 15676185, 15976185, 15876185]","[18, 18, 18, 18, 18, 18, 18, 18, 18, 18]"
712,6,"[1, 4, 9, 14, 20]",5,3.489264076575637,0.08286936208605766,34.90953106591478,"[15704257, 15604257, 15404257, 15504257, 15104257, 15004257, 15804257, 15904257, 15204257, 15304257]","[4, 4, 4, 4, 4, 4, 4, 4, 4, 4]"
713,6,"[1, 3, 4, 9, 24]",5,3.7194481641054153,0.08381684869527817,35.42871150588617,"[15020227, 15120227, 15420227, 15520227, 15920227, 15820227, 15220227, 15320227, 15720227, 15620227]","[24, 24, 24, 24, 24, 24, 24, 24, 24, 24]"
714,6,"[10, 16, 18, 22, 23]",5,3.5638747112825513,0.0806536516174674,39.19230402996764,"[15106344, 15006344, 15706344, 15606344, 15506344, 15406344, 15306344, 15206344, 15906344, 15806344]","[23, 23, 23, 23, 23, 23, 23, 23, 23, 23]"
715,6,"[1, 9, 12, 13, 17, 18]",6,4.312115175649524,0.09499389864504337,36.26082695058236,"[15758292, 15658292, 15458292, 15558292, 15358292, 15258292, 15058292, 15158292, 15858292, 15958292]","[9, 9, 9, 9, 9, 9, 9, 9, 9, 9]"
716,6,"[0, 1, 3, 6, 19]",5,3.622163550928235,0.08648937288671732,34.422107881493865,"[15672460, 15772460, 15472460, 15572460, 15372460, 15272460, 15872460, 15972460, 15072460, 15172460]","[19, 19, 19, 19, 19, 19, 19, 19, 19, 19]"
717,6,"[9, 14, 22, 24]",4,2.982912895269692,0.06902563292533159,39.82908189459704,"[15843673, 15943673, 15743673, 15643673, 15543673, 15443673, 15343673, 15243673, 15143673, 15043673]","[24, 24, 24, 24, 24, 24, 24, 24, 24, 24]"
718,6,"[1, 3, 4, 18]",4,2.8916999297216535,0.07244926784187555,34.063236109679565,"[15162261, 15062261, 15762261, 15662261, 15562261, 15462261, 15962261, 15862261, 15362261, 15262261]","[1, 1, 1, 1, 1, 1, 1, 1, 1, 1]"
719,6,"[0, 2, 4, 12, 18]",5,3.4268762851133943,0.07688413094729185,32.93993863221258,"[15121812, 15021812, 15821812, 15921812, 15421812, 15521812, 15621812, 15721812, 15221812, 15321812]","[12, 12, 12, 12, 12, 12, 12, 12, 12, 12]"
720,6,"[0, 4, 5, 14, 19, 22]",6,4.15745176654309,0.10229543130844831,35.57618871719266,"[15797121, 15697121, 15497121, 15597121, 15197121, 15097121, 15897121, 15997121, 15297121, 15397121]","[4, 4, 4, 4, 4, 4, 4, 4, 4, 4]"
721,6,"[5, 9, 11, 15, 18]",5,3.655235473997891,0.08020728547126055,36.04849916491658,"[15511502, 15411502, 15911502, 15811502, 15111502, 15011502, 15211502, 15311502, 15711502, 15611502]","[11, 11, 11, 11, 11, 11, 11, 11, 11, 11]"
722,6,"[0, 3, 9, 10, 15, 22]",6,4.3610084149986506,0.10053225327283144,37.56036993985375,"[15338074, 15238074, 15838074, 15938074, 15538074, 15438074, 15038074, 15138074, 15738074, 15638074]","[10, 10, 10, 10, 10, 10, 10, 10, 10, 10]"
723,6,"[0, 1, 5, 9, 18, 19]",6,4.339096674695611,0.1006089998409152,35.13518680818379,"[15550875, 15450875, 15950875, 15850875, 15150875, 15050875, 15250875, 15350875, 15750875, 15650875]","[5, 5, 5, 5, 5, 5, 5, 5, 5, 5]"
724,6,"[2, 6, 7, 10, 12]",5,3.4436832536011934,0.07958184462040663,33.07807868467644,"[15100309, 15000309, 15800309, 15900309, 15400309, 15500309, 15600309, 15700309, 15200309, 15300309]","[10, 10, 10, 10, 10, 10, 10, 10, 10, 10]"
725,6,"[0, 1, 3, 5, 14, 22]",6,4.22574760671705,0.09762546420097351,35.58195612952113,"[15262261, 15362261, 15462261, 15562261, 15162261, 15062261, 15862261, 15962261, 15662261, 15762261]","[1, 1, 1, 1, 1, 1, 1, 1, 1, 1]"
726,6,"[6, 7, 13, 14, 19, 21]",6,4.122956487350166,0.09549885429441929,35.13801483507268,"[15149957, 15049957, 15749957, 15649957, 15549957, 15449957, 15349957, 15249957, 15949957, 15849957]","[19, 19, 19, 19, 19, 19, 19, 19, 19, 19]"
727,6,"[1, 3, 7, 17, 18]",5,3.5210213540121913,0.0804669288918376,34.33382128328085,"[15195573, 15095573, 15295573, 15395573, 15595573, 15495573, 15795573, 15695573, 15995573, 15895573]","[18, 18, 18, 18, 18, 18, 18, 18, 18, 18]"
728,6,"[0, 1, 5, 21, 22]",5,3.4268809854984283,0.08264156058430672,35.668360443133864,"[15045479, 15145479, 15645479, 15745479, 15845479, 15945479, 15545479, 15445479, 15345479, 15245479]","[21, 21, 21, 21, 21, 21, 21, 21, 21, 21]"
729,6,"[0, 3, 4, 18, 22]",5,3.486121967434883,0.08043573051691055,36.10981942778453,"[15511258, 15411258, 15911258, 15811258, 15111258, 15011258, 15211258, 15311258, 15711258, 15611258]","[4, 4, 4, 4, 4, 4, 4, 4, 4, 4]"
730,6,"[1, 4, 5, 6, 14, 19]",6,4.1699848137795925,0.10065929219126701,33.4073755920399,"[15088998, 15188998, 15688998, 15788998, 15888998, 15988998, 15588998, 15488998, 15388998, 15288998]","[6, 6, 6, 6, 6, 6, 6, 6, 6, 6]"
731,6,"[1, 5, 6, 12, 16, 18]",6,4.2257508635520935,0.09717357158660889,34.67540329686987,"[15642634, 15742634, 15442634, 15542634, 15342634, 15242634, 15042634, 15142634, 15842634, 15942634]","[1, 1, 1, 1, 1, 1, 1, 1, 1, 1]"
732,6,"[1, 3, 5, 8, 12, 22]",6,4.283124771900475,0.09458620008081198,36.38068290838661,"[16970123, 16870123, 17470123, 17570123, 17370123, 17270123, 17070123, 17170123, 16770123, 16670123]","[3, 3, 3, 3, 3, 3, 3, 3, 3, 3]"
733,6,"[0, 1, 2, 4, 7, 18]",6,3.9855954190716147,0.0870664082467556,31.596726852469146,"[15314424, 15214424, 15014424, 15114424, 15614424, 15714424, 15914424, 15814424, 15414424, 15514424]","[2, 2, 2, 2, 2, 2, 2, 2, 2, 2]"
734,6,"[2, 3, 4, 6, 10, 18]",6,4.280369844287634,0.09923984855413437,34.05539289745502,"[15746438, 15646438, 15446438, 15546438, 15146438, 15046438, 15846438, 15946438, 15246438, 15346438]","[3, 3, 3, 3, 3, 3, 3, 3, 3, 3]"
735,6,"[0, 1, 5, 12, 13]",5,3.4654719019308686,0.08027371857315302,33.44588773464784,"[15608902, 15708902, 15108902, 15008902, 15208902, 15308902, 15508902, 15408902, 15908902, 15808902]","[12, 12, 12, 12, 12, 12, 12, 12, 12, 12]"
736,6,"[3, 4, 6, 10, 16]",5,3.6527912504971027,0.08762504067271948,34.95484106680378,"[15522568, 15422568, 15922568, 15822568, 15122568, 15022568, 15222568, 15322568, 15722568, 15622568]","[6, 6, 6, 6, 6, 6, 6, 6, 6, 6]"
737,6,"[0, 6, 16, 18, 19]",5,3.5882169734686613,0.083821726962924,35.690589640755206,"[15363517, 15263517, 15063517, 15163517, 15663517, 15763517, 15963517, 15863517, 15463517, 15563517]","[16, 16, 16, 16, 16, 16, 16, 16, 16, 16]"
738,6,"[0, 6, 10, 13, 18, 22]",6,4.219684064388275,0.0979235116392374,36.36271863112537,"[15581794, 15481794, 15981794, 15881794, 15181794, 15081794, 15281794, 15381794, 15781794, 15681794]","[10, 10, 10, 10, 10, 10, 10, 10, 10, 10]"
739,6,"[0, 4, 6, 13, 17, 18]",6,4.134577043354511,0.09815501607954502,33.36994727685427,"[15042816, 15142816, 15642816, 15742816, 15842816, 15942816, 15542816, 15442816, 15342816, 15242816]","[13, 13, 13, 13, 13, 13, 13, 13, 13, 13]"
740,6,"[1, 3, 16, 17, 22]",5,3.7260820996016264,0.09296692814677954,38.49709261953831,"[15534924, 15434924, 15934924, 15834924, 15134924, 15034924, 15234924, 15334924, 15734924, 15634924]","[16, 16, 16, 16, 16, 16, 16, 16, 16, 16]"
741,6,"[0, 3, 5, 18]",4,2.867176198400557,0.06395149510353804,34.087062778533436,"[15955115, 15855115, 15755115, 15655115, 15055115, 15155115, 15355115, 15255115, 15455115, 15555115]","[5, 5, 5, 5, 5, 5, 5, 5, 5, 5]"
742,6,"[0, 2, 3, 7, 11, 24]",6,4.3208979135379195,0.0976582933217287,34.125291140362,"[15792930, 15692930, 15392930, 15292930, 15092930, 15192930, 15892930, 15992930, 15592930, 15492930]","[2, 2, 2, 2, 2, 2, 2, 2, 2, 2]"
743,6,"[1, 4, 11, 14, 18, 24]",6,4.330058322288096,0.10103384032845497,34.810029829929896,"[15101113, 15001113, 15701113, 15601113, 15501113, 15401113, 15301113, 15201113, 15901113, 15801113]","[18, 18, 18, 18, 18, 18, 18, 18, 18, 18]"
744,6,"[0, 1, 3, 4, 7, 19]",6,4.1912974352017045,0.09679930564016104,33.16878291770505,"[15406600, 15506600, 15206600, 15306600, 15606600, 15706600, 15106600, 15006600, 15906600, 15806600]","[1, 1, 1, 1, 1, 1, 1, 1, 1, 1]"
745,6,"[0, 1, 13, 14, 18, 19]",6,4.195036642253399,0.09448451641947031,35.293254813877866,"[15109533, 15009533, 15809533, 15909533, 15409533, 15509533, 15609533, 15709533, 15209533, 15309533]","[14, 14, 14, 14, 14, 14, 14, 14, 14, 14]"
746,6,"[0, 2, 4, 18, 20, 22]",6,4.122494632378221,0.09799841698259115,35.63649704889394,"[15150414, 15050414, 15250414, 15350414, 15550414, 15450414, 15950414, 15850414, 15750414, 15650414]","[0, 0, 0, 0, 0, 0, 0, 0, 0, 0]"
747,6,"[2, 3, 7, 16, 17, 18]",6,4.248697694391012,0.09740069694817066,35.28973793300489,"[15732899, 15632899, 15332899, 15232899, 15532899, 15432899, 15032899, 15132899, 15832899, 15932899]","[18, 18, 18, 18, 18, 18, 18, 18, 18, 18]"
748,6,"[3, 12, 14, 21, 24]",5,3.596750765107572,0.074899029918015,37.039677316881715,"[15561941, 15461941, 15961941, 15861941, 15161941, 15061941, 15261941, 15361941, 15761941, 15661941]","[14, 14, 14, 14, 14, 14, 14, 14, 14, 14]"
749,6,"[2, 3, 5, 13, 16]",5,3.621359493583441,0.08071228582412004,35.83372675543651,"[15545868, 15445868, 15945868, 15845868, 15145868, 15045868, 15245868, 15345868, 15745868, 15645868]","[5, 5, 5, 5, 5, 5, 5, 5, 5, 5]"
750,6,"[0, 1, 2, 3, 9, 18]",6,4.313492374494672,0.09705045353621244,34.78005028842017,"[15541983, 15441983, 15941983, 15841983, 15141983, 15041983, 15641983, 15741983, 15241983, 15341983]","[2, 2, 2, 2, 2, 2, 2, 2, 2, 2]"
751,6,"[1, 6, 13, 14, 18]",5,3.451696513220668,0.0828786725178361,34.476929207518694,"[15172947, 15072947, 15872947, 15972947, 15472947, 15572947, 15672947, 15772947, 15272947, 15372947]","[14, 14, 14, 14, 14, 14, 14, 14, 14, 14]"
752,6,"[0, 10, 11, 13, 20]",5,3.5207780161872506,0.07823448348790407,35.8724103346467,"[15582683, 15482683, 15182683, 15082683, 15382683, 15282683, 15782683, 15682683, 15882683, 15982683]","[11, 11, 11, 11, 11, 11, 11, 11, 11, 11]"
753,6,"[0, 1, 2, 3, 18]",5,3.5861246902495623,0.08370511885732412,33.86572574190795,"[15226597, 15326597, 15126597, 15026597, 15726597, 15626597, 15526597, 15426597, 15926597, 15826597]","[3, 3, 3, 3, 3, 3, 3, 3, 3, 3]"
754,6,"[11, 14, 16, 18, 23]",5,3.5963951349258423,0.08292530290782452,37.00845734542236,"[15247739, 15347739, 15447739, 15547739, 15147739, 15047739, 15847739, 15947739, 15647739, 15747739]","[14, 14, 14, 14, 14, 14, 14, 14, 14, 14]"
755,6,"[2, 6, 9, 16, 18]",5,3.678076316602528,0.08348081354051828,35.93969921898097,"[15418839, 15518839, 15818839, 15918839, 15018839, 15118839, 15618839, 15718839, 15318839, 15218839]","[6, 6, 6, 6, 6, 6, 6, 6, 6, 6]"
756,6,"[2, 5, 6, 18, 22]",5,3.5673894537612796,0.08348101191222668,35.81681597782299,"[15331370, 15231370, 15031370, 15131370, 15631370, 15731370, 15931370, 15831370, 15431370, 15531370]","[6, 6, 6, 6, 6, 6, 6, 6, 6, 6]"
757,6,"[1, 3, 4, 18, 19]",5,3.6581537211313844,0.08645005524158478,35.41248635500669,"[15792938, 15692938, 15492938, 15592938, 15192938, 15092938, 15892938, 15992938, 15292938, 15392938]","[3, 3, 3, 3, 3, 3, 3, 3, 3, 3]"
758,6,"[2, 5, 18, 22]",4,2.8687581047415733,0.0686084758490324,36.95020148495678,"[15791054, 15691054, 15491054, 15591054, 15191054, 15091054, 15891054, 15991054, 15291054, 15391054]","[5, 5, 5, 5, 5, 5, 5, 5, 5, 5]"
759,6,"[1, 3, 4, 10, 16, 18]",6,4.359051376581192,0.1041156305000186,35.41419322129028,"[15187782, 15087782, 15787782, 15687782, 15587782, 15487782, 15987782, 15887782, 15387782, 15287782]","[1, 1, 1, 1, 1, 1, 1, 1, 1, 1]"
760,6,"[3, 6, 7, 12, 18, 22]",6,4.268543648533523,0.09972588997334242,36.28904270559239,"[15119329, 15019329, 15719329, 15619329, 15519329, 15419329, 15919329, 15819329, 15319329, 15219329]","[3, 3, 3, 3, 3, 3, 3, 3, 3, 3]"
761,6,"[1, 2, 5, 18, 21, 22]",6,4.275835953652859,0.10000759735703468,36.300663890782744,"[15755858, 15655858, 15455858, 15555858, 15155858, 15055858, 15855858, 15955858, 15255858, 15355858]","[2, 2, 2, 2, 2, 2, 2, 2, 2, 2]"
762,6,"[0, 1, 12, 14, 18, 24]",6,4.232222408056259,0.1034350860863924,34.72330265981145,"[15268557, 15368557, 15468557, 15568557, 15168557, 15068557, 15868557, 15968557, 15668557, 15768557]","[1, 1, 1, 1, 1, 1, 1, 1, 1, 1]"
763,6,"[3, 14, 18, 21]",4,2.868230956606567,0.06312208715826273,36.86107256321702,"[15130938, 15030938, 15830938, 15930938, 15430938, 15530938, 15630938, 15730938, 15230938, 15330938]","[21, 21, 21, 21, 21, 21, 21, 21, 21, 21]"
764,6,"[1, 4, 6, 14, 19, 20]",6,4.180832548998296,0.09672812093049288,34.54812393236595,"[15127618, 15027618, 15727618, 15627618, 15527618, 15427618, 15327618, 15227618, 15927618, 15827618]","[19, 19, 19, 19, 19, 19, 19, 19, 19, 19]"
765,6,"[1, 12, 18, 20]",4,2.8227538531646132,0.06381303258240223,35.965234334231354,"[15421812, 15521812, 15821812, 15921812, 15021812, 15121812, 15621812, 15721812, 15321812, 15221812]","[12, 12, 12, 12, 12, 12, 12, 12, 12, 12]"
766,6,"[3, 17, 18, 19, 22]",5,3.7159694666042924,0.08409172110259533,39.61313235983253,"[15166295, 15066295, 15866295, 15966295, 15466295, 15566295, 15366295, 15266295, 15666295, 15766295]","[19, 19, 19, 19, 19, 19, 19, 19, 19, 19]"
767,6,"[2, 11, 18, 20, 24]",5,3.684123764745891,0.08654931373894215,36.70386692006141,"[15132946, 15032946, 15832946, 15932946, 15432946, 15532946, 15632946, 15732946, 15232946, 15332946]","[20, 20, 20, 20, 20, 20, 20, 20, 20, 20]"
768,6,"[0, 1, 10, 13, 22]",5,3.480441315099597,0.08049061615020037,36.473925587069246,"[15688582, 15788582, 15488582, 15588582, 15388582, 15288582, 15888582, 15988582, 15088582, 15188582]","[22, 22, 22, 22, 22, 22, 22, 22, 22, 22]"
769,6,"[3, 6, 7, 14, 15, 18]",6,4.084027320146561,0.09022315684705973,34.14766331925057,"[15389878, 15289878, 15689878, 15789878, 15589878, 15489878, 15089878, 15189878, 15889878, 15989878]","[18, 18, 18, 18, 18, 18, 18, 18, 18, 18]"
770,6,"[0, 5, 6, 11, 18, 24]",6,4.263947742991149,0.09387984592467546,34.20912605019597,"[15612113, 15712113, 15112113, 15012113, 15212113, 15312113, 15512113, 15412113, 15912113, 15812113]","[11, 11, 11, 11, 11, 11, 11, 11, 11, 11]"
771,6,"[1, 3, 5, 11, 18]",5,3.653324404731393,0.08065712824463844,35.19883251283318,"[15560151, 15460151, 15960151, 15860151, 15160151, 15060151, 15260151, 15360151, 15760151, 15660151]","[5, 5, 5, 5, 5, 5, 5, 5, 5, 5]"
772,6,"[0, 3, 7, 17, 19]",5,3.5387378353625536,0.08316901233047247,34.66660705367103,"[15092864, 15192864, 15492864, 15592864, 15992864, 15892864, 15792864, 15692864, 15292864, 15392864]","[0, 0, 0, 0, 0, 0, 0, 0, 0, 0]"
773,6,"[0, 1, 3, 13, 22]",5,3.612230288796127,0.0854207081720233,36.76476224521175,"[15722097, 15622097, 15422097, 15522097, 15122097, 15022097, 15822097, 15922097, 15222097, 15322097]","[1, 1, 1, 1, 1, 1, 1, 1, 1, 1]"
774,6,"[3, 4, 7, 18, 20]",5,3.484879596158862,0.08012544922530651,34.30590074909851,"[15369907, 15269907, 15069907, 15169907, 15669907, 15769907, 15969907, 15869907, 15469907, 15569907]","[7, 7, 7, 7, 7, 7, 7, 7, 7, 7]"
775,6,"[1, 3, 4, 16]",4,2.9126666076481342,0.06936659757047892,34.811706013279036,"[15147014, 15047014, 15747014, 15647014, 15547014, 15447014, 15947014, 15847014, 15347014, 15247014]","[1, 1, 1, 1, 1, 1, 1, 1, 1, 1]"
776,6,"[2, 3, 5, 16, 18]",5,3.6729625975713134,0.08035705145448446,35.760862371511756,"[15566982, 15466982, 15966982, 15866982, 15166982, 15066982, 15666982, 15766982, 15266982, 15366982]","[5, 5, 5, 5, 5, 5, 5, 5, 5, 5]"
777,6,"[12, 17, 18, 22]",4,2.883223463781178,0.06559256184846163,38.884407770470716,"[15080820, 15180820, 15680820, 15780820, 15880820, 15980820, 15580820, 15480820, 15380820, 15280820]","[22, 22, 22, 22, 22, 22, 22, 22, 22, 22]"
778,6,"[0, 2, 10, 11, 12, 18]",6,4.282862956635654,0.09727244265377522,34.852227424737066,"[15446594, 15546594, 15246594, 15346594, 15646594, 15746594, 15146594, 15046594, 15946594, 15846594]","[2, 2, 2, 2, 2, 2, 2, 2, 2, 2]"
779,6,"[3, 7, 17, 18]",4,2.848994344472885,0.0635174373164773,34.8584243489895,"[15123263, 15023263, 15723263, 15623263, 15523263, 15423263, 15923263, 15823263, 15323263, 15223263]","[3, 3, 3, 3, 3, 3, 3, 3, 3, 3]"
780,6,"[0, 3, 10, 18, 22]",5,3.6131663946434855,0.079976468347013,37.540719327609985,"[15723263, 15623263, 15423263, 15523263, 15123263, 15023263, 15823263, 15923263, 15223263, 15323263]","[3, 3, 3, 3, 3, 3, 3, 3, 3, 3]"
781,6,"[1, 5, 18, 20]",4,2.8522947784513235,0.06581235118210316,34.86321104131639,"[15139719, 15039719, 15839719, 15939719, 15439719, 15539719, 15339719, 15239719, 15639719, 15739719]","[20, 20, 20, 20, 20, 20, 20, 20, 20, 20]"
782,6,"[0, 3, 18, 22]",4,2.874360120855272,0.06287038791924715,37.80602007149719,"[15364364, 15264364, 15164364, 15064364, 15464364, 15564364, 15964364, 15864364, 15664364, 15764364]","[0, 0, 0, 0, 0, 0, 0, 0, 0, 0]"
783,6,"[9, 11, 15, 21, 22, 23]",6,4.329580025747418,0.09724893141537905,38.73581142242377,"[15150170, 15050170, 15750170, 15650170, 15550170, 15450170, 15950170, 15850170, 15350170, 15250170]","[9, 9, 9, 9, 9, 9, 9, 9, 9, 9]"
784,6,"[0, 2, 3, 18, 21]",5,3.5126389311626554,0.07212288212031126,34.972197614703326,"[15122342, 15022342, 15822342, 15922342, 15422342, 15522342, 15622342, 15722342, 15222342, 15322342]","[18, 18, 18, 18, 18, 18, 18, 18, 18, 18]"
785,6,"[1, 4, 18, 20]",4,2.764852037653327,0.06609602738171816,34.24269948201254,"[15139719, 15039719, 15839719, 15939719, 15439719, 15539719, 15639719, 15739719, 15239719, 15339719]","[20, 20, 20, 20, 20, 20, 20, 20, 20, 20]"
786,6,"[4, 9, 14, 17, 18, 20]",6,4.204546784050763,0.09700696542859077,35.82530481119951,"[15118490, 15018490, 15818490, 15918490, 15418490, 15518490, 15618490, 15718490, 15218490, 15318490]","[17, 17, 17, 17, 17, 17, 17, 17, 17, 17]"
787,6,"[4, 14, 20, 22, 24]",5,3.532267367467284,0.08329169265925884,37.58824490848929,"[15446790, 15546790, 15246790, 15346790, 15646790, 15746790, 15146790, 15046790, 15946790, 15846790]","[14, 14, 14, 14, 14, 14, 14, 14, 14, 14]"
788,6,"[2, 4, 8, 9, 18, 22]",6,4.240251389332116,0.09887565393000841,36.346718316121645,"[15358292, 15258292, 15058292, 15158292, 15458292, 15558292, 15658292, 15758292, 15858292, 15958292]","[9, 9, 9, 9, 9, 9, 9, 9, 9, 9]"
789,6,"[2, 3, 5, 9, 18, 20]",6,4.379278269596398,0.09447792824357748,36.17580657894723,"[15107508, 15007508, 15807508, 15907508, 15407508, 15507508, 15607508, 15707508, 15207508, 15307508]","[9, 9, 9, 9, 9, 9, 9, 9, 9, 9]"
790,6,"[0, 13, 16, 18, 22]",5,3.5015212781727314,0.08022723533213139,38.03324400447309,"[15184612, 15084612, 15284612, 15384612, 15584612, 15484612, 15784612, 15684612, 15984612, 15884612]","[22, 22, 22, 22, 22, 22, 22, 22, 22, 22]"
791,6,"[2, 4, 5, 17, 18, 19]",6,4.226444458588958,0.09926157537847757,34.52219691709615,"[15849957, 15949957, 15749957, 15649957, 15549957, 15449957, 15349957, 15249957, 15049957, 15149957]","[19, 19, 19, 19, 19, 19, 19, 19, 19, 19]"
792,6,"[0, 4, 13, 15, 19, 23]",6,4.12192352488637,0.10260325390845537,34.74327957816422,"[15686033, 15786033, 15186033, 15086033, 15286033, 15386033, 15586033, 15486033, 15986033, 15886033]","[15, 15, 15, 15, 15, 15, 15, 15, 15, 15]"
793,6,"[4, 8, 12, 14, 17]",5,3.418980129994452,0.08572878036648035,33.96296344529837,"[15172947, 15072947, 15872947, 15972947, 15472947, 15572947, 15672947, 15772947, 15272947, 15372947]","[14, 14, 14, 14, 14, 14, 14, 14, 14, 14]"
794,6,"[0, 1, 3, 15, 18]",5,3.520822108723223,0.07960353884845972,34.36847318941727,"[15531433, 15431433, 15931433, 15831433, 15131433, 15031433, 15231433, 15331433, 15731433, 15631433]","[3, 3, 3, 3, 3, 3, 3, 3, 3, 3]"
795,6,"[3, 7, 9, 12, 14, 24]",6,4.345651866868138,0.10028260666877031,35.94045106934694,"[15343673, 15243673, 15643673, 15743673, 15543673, 15443673, 15043673, 15143673, 15843673, 15943673]","[24, 24, 24, 24, 24, 24, 24, 24, 24, 24]"
796,6,"[8, 13, 14, 17, 18]",5,3.4949739146977663,0.07973320689052343,35.63132077530027,"[15627193, 15727193, 15127193, 15027193, 15227193, 15327193, 15527193, 15427193, 15927193, 15827193]","[17, 17, 17, 17, 17, 17, 17, 17, 17, 17]"
797,6,"[0, 4, 6, 15, 18, 22]",6,4.095360938459635,0.09617398586124182,34.82740672468208,"[15183053, 15083053, 15783053, 15683053, 15583053, 15483053, 15983053, 15883053, 15383053, 15283053]","[0, 0, 0, 0, 0, 0, 0, 0, 0, 0]"
798,6,"[0, 4, 12, 18]",4,2.7176551586017013,0.06293966062366962,33.03691537398845,"[15524894, 15424894, 15924894, 15824894, 15124894, 15024894, 15224894, 15324894, 15724894, 15624894]","[12, 12, 12, 12, 12, 12, 12, 12, 12, 12]"
799,6,"[2, 4, 5, 13, 18, 22]",6,4.247094645164907,0.10111349076032639,35.708160605824865,"[15550875, 15450875, 15950875, 15850875, 15150875, 15050875, 15250875, 15350875, 15750875, 15650875]","[5, 5, 5, 5, 5, 5, 5, 5, 5, 5]"
800,6,"[1, 5, 9, 17, 22, 23]",6,4.337321825325489,0.10294476058334112,37.04089918422202,"[15163105, 15063105, 15263105, 15363105, 15563105, 15463105, 15963105, 15863105, 15763105, 15663105]","[1, 1, 1, 1, 1, 1, 1, 1, 1, 1]"
801,6,"[1, 2, 3, 5, 16]",5,3.6627170611172915,0.08264338038861752,34.85618039108813,"[15063372, 15163372, 15463372, 15563372, 15963372, 15863372, 15763372, 15663372, 15263372, 15363372]","[1, 1, 1, 1, 1, 1, 1, 1, 1, 1]"
802,6,"[1, 7, 8, 13, 18, 20]",6,4.133321729488671,0.08969046454876661,34.50653571425937,"[15705768, 15605768, 15005768, 15105768, 15305768, 15205768, 15805768, 15905768, 15405768, 15505768]","[8, 8, 8, 8, 8, 8, 8, 8, 8, 8]"
803,6,"[2, 3, 6, 12, 13, 21]",6,4.262336766347289,0.09474172536283731,35.479178457598515,"[15683800, 15783800, 15483800, 15583800, 15383800, 15283800, 15883800, 15983800, 15083800, 15183800]","[13, 13, 13, 13, 13, 13, 13, 13, 13, 13]"
804,6,"[4, 5, 12, 15, 17, 20]",6,4.105263631790876,0.09946207702159882,34.490886979193114,"[15254264, 15354264, 15554264, 15454264, 15954264, 15854264, 15154264, 15054264, 15654264, 15754264]","[20, 20, 20, 20, 20, 20, 20, 20, 20, 20]"
805,6,"[1, 5, 12, 17, 22]",5,3.531546216458082,0.08049569930881262,36.564256853982805,"[15812028, 15912028, 15312028, 15212028, 15712028, 15612028, 15512028, 15412028, 15112028, 15012028]","[17, 17, 17, 17, 17, 17, 17, 17, 17, 17]"
806,6,"[1, 2, 3, 9, 15, 19]",6,4.419864013791084,0.1002498148009181,36.32467826471353,"[15227618, 15327618, 15527618, 15427618, 15927618, 15827618, 15127618, 15027618, 15627618, 15727618]","[19, 19, 19, 19, 19, 19, 19, 19, 19, 19]"
807,6,"[0, 13, 14, 19, 22]",5,3.474642548710108,0.07697298377752304,37.889638640452176,"[15135027, 15035027, 15235027, 15335027, 15535027, 15435027, 15935027, 15835027, 15735027, 15635027]","[0, 0, 0, 0, 0, 0, 0, 0, 0, 0]"
808,6,"[0, 6, 11, 14, 16, 18]",6,4.163313584402204,0.09142766054719687,34.98110600979999,"[15512113, 15412113, 15912113, 15812113, 15112113, 15012113, 15212113, 15312113, 15712113, 15612113]","[11, 11, 11, 11, 11, 11, 11, 11, 11, 11]"
809,6,"[0, 4, 10, 13, 22, 24]",6,4.208759014494717,0.09973305743187666,36.2928324600216,"[15559993, 15459993, 15959993, 15859993, 15159993, 15059993, 15259993, 15359993, 15759993, 15659993]","[10, 10, 10, 10, 10, 10, 10, 10, 10, 10]"
810,6,"[0, 1, 3, 6, 13, 20]",6,4.261668220162392,0.09733973909169436,34.51262434090798,"[15778527, 15678527, 15478527, 15578527, 15178527, 15078527, 15878527, 15978527, 15278527, 15378527]","[1, 1, 1, 1, 1, 1, 1, 1, 1, 1]"
811,6,"[2, 6, 17, 18, 19, 22]",6,4.360328201204538,0.1038665259256959,37.32787796179764,"[15927618, 15827618, 15227618, 15327618, 15427618, 15527618, 15027618, 15127618, 15627618, 15727618]","[19, 19, 19, 19, 19, 19, 19, 19, 19, 19]"
812,6,"[0, 1, 12, 14, 17, 18]",6,4.157033852301538,0.09468681644648314,34.320470100346334,"[15463681, 15563681, 15863681, 15963681, 15063681, 15163681, 15663681, 15763681, 15363681, 15263681]","[1, 1, 1, 1, 1, 1, 1, 1, 1, 1]"
813,6,"[0, 1, 12, 13, 17, 22]",6,4.233093639835715,0.10796930454671383,36.33100524676653,"[15729815, 15629815, 15429815, 15529815, 15129815, 15029815, 15829815, 15929815, 15229815, 15329815]","[1, 1, 1, 1, 1, 1, 1, 1, 1, 1]"
814,6,"[4, 8, 12, 14, 23]",5,3.36998029705137,0.08174960967153311,34.04432953344658,"[15054413, 15154413, 15454413, 15554413, 15954413, 15854413, 15754413, 15654413, 15254413, 15354413]","[4, 4, 4, 4, 4, 4, 4, 4, 4, 4]"
815,6,"[1, 8, 12, 13, 16, 21]",6,4.256838430650532,0.10283214878290892,36.08400836982764,"[15139037, 15039037, 15739037, 15639037, 15539037, 15439037, 15939037, 15839037, 15339037, 15239037]","[1, 1, 1, 1, 1, 1, 1, 1, 1, 1]"
816,6,"[0, 5, 6, 16]",4,2.773977739736438,0.06294459104537964,33.172926258761436,"[15663033, 15763033, 15463033, 15563033, 15363033, 15263033, 15063033, 15163033, 15863033, 15963033]","[0, 0, 0, 0, 0, 0, 0, 0, 0, 0]"
817,6,"[0, 9, 17, 18, 22, 24]",6,4.409293700940907,0.09925025887787342,37.8034293819995,"[15741115, 15641115, 15441115, 15541115, 15141115, 15041115, 15841115, 15941115, 15241115, 15341115]","[9, 9, 9, 9, 9, 9, 9, 9, 9, 9]"
818,6,"[1, 2, 3, 8, 14, 16]",6,4.310618522576988,0.09554758202284575,35.14461989025585,"[15305919, 15205919, 15005919, 15105919, 15605919, 15705919, 15905919, 15805919, 15405919, 15505919]","[3, 3, 3, 3, 3, 3, 3, 3, 3, 3]"
819,6,"[6, 10, 12, 16, 18, 24]",6,4.397709008306265,0.10068156197667122,36.46453716916343,"[15120714, 15020714, 15820714, 15920714, 15420714, 15520714, 15620714, 15720714, 15220714, 15320714]","[16, 16, 16, 16, 16, 16, 16, 16, 16, 16]"
820,6,"[4, 12, 17, 18, 21, 24]",6,4.25226457323879,0.09527464024722576,35.70754717492188,"[15590489, 15490489, 15990489, 15890489, 15190489, 15090489, 15290489, 15390489, 15790489, 15690489]","[17, 17, 17, 17, 17, 17, 17, 17, 17, 17]"
821,6,"[0, 10, 18, 21, 22]",5,3.457538022659719,0.08254728652536869,37.50753307593986,"[15783053, 15683053, 15383053, 15283053, 15983053, 15883053, 15583053, 15483053, 15083053, 15183053]","[0, 0, 0, 0, 0, 0, 0, 0, 0, 0]"
822,6,"[0, 1, 4, 18, 19]",5,3.452108010649681,0.07970563415437937,33.79548031818122,"[15148789, 15048789, 15748789, 15648789, 15548789, 15448789, 15948789, 15848789, 15348789, 15248789]","[0, 0, 0, 0, 0, 0, 0, 0, 0, 0]"
823,6,"[0, 1, 2, 9, 14]",5,3.465800305828452,0.08035983610898256,33.79435729365796,"[15112487, 15012487, 15212487, 15312487, 15512487, 15412487, 15912487, 15812487, 15712487, 15612487]","[0, 0, 0, 0, 0, 0, 0, 0, 0, 0]"
824,6,"[6, 9, 14, 18, 22]",5,3.547208970412612,0.07190471328794956,37.81213229158893,"[15558488, 15458488, 15958488, 15858488, 15158488, 15058488, 15658488, 15758488, 15258488, 15358488]","[14, 14, 14, 14, 14, 14, 14, 14, 14, 14]"
825,6,"[0, 1, 3, 10, 12, 18]",6,4.242958119139075,0.09466740861535072,34.911878276383504,"[15121812, 15021812, 15721812, 15621812, 15521812, 15421812, 15321812, 15221812, 15921812, 15821812]","[12, 12, 12, 12, 12, 12, 12, 12, 12, 12]"
826,6,"[0, 1, 11, 15, 16, 18]",6,4.202762927860022,0.0971295665949583,35.15342278825119,"[15663517, 15763517, 15463517, 15563517, 15363517, 15263517, 15863517, 15963517, 15063517, 15163517]","[16, 16, 16, 16, 16, 16, 16, 16, 16, 16]"
827,6,"[0, 6, 16, 19, 20]",5,3.538205531425774,0.08016612753272057,36.06913648266345,"[15724895, 15624895, 15524895, 15424895, 15024895, 15124895, 15824895, 15924895, 15224895, 15324895]","[20, 20, 20, 20, 20, 20, 20, 20, 20, 20]"
828,6,"[1, 4, 11, 18]",4,2.8193803606554866,0.0675748847424984,33.89460417104419,"[15744571, 15644571, 15444571, 15544571, 15144571, 15044571, 15844571, 15944571, 15244571, 15344571]","[4, 4, 4, 4, 4, 4, 4, 4, 4, 4]"
829,6,"[0, 1, 3, 10, 18, 19]",6,4.368593090213835,0.10018658265471458,35.677600122134514,"[15038074, 15138074, 15638074, 15738074, 15838074, 15938074, 15538074, 15438074, 15338074, 15238074]","[10, 10, 10, 10, 10, 10, 10, 10, 10, 10]"
830,6,"[0, 3, 10, 13, 14, 18]",6,4.232626061886549,0.09715719148516655,35.52130808689011,"[15822342, 15922342, 15522342, 15422342, 15622342, 15722342, 15322342, 15222342, 15122342, 15022342]","[18, 18, 18, 18, 18, 18, 18, 18, 18, 18]"
831,6,"[0, 3, 9, 14, 18, 22]",6,4.342317555099726,0.0983437905088067,37.593292768346146,"[15651877, 15751877, 15151877, 15051877, 15251877, 15351877, 15551877, 15451877, 15951877, 15851877]","[14, 14, 14, 14, 14, 14, 14, 14, 14, 14]"
832,6,"[2, 3, 14, 15, 16, 21]",6,4.2852036990225315,0.10072016343474388,36.342661739171795,"[15634926, 15734926, 15234926, 15334926, 15034926, 15134926, 15934926, 15834926, 15434926, 15534926]","[15, 15, 15, 15, 15, 15, 15, 15, 15, 15]"
833,6,"[0, 1, 3, 9, 18]",5,3.6525054620578885,0.08071506768465042,35.225654013082384,"[15538341, 15438341, 15938341, 15838341, 15138341, 15038341, 15238341, 15338341, 15738341, 15638341]","[3, 3, 3, 3, 3, 3, 3, 3, 3, 3]"
834,6,"[5, 6, 7, 10, 15, 21]",6,4.076209499500692,0.098841049708426,33.54396764561534,"[15181794, 15081794, 15881794, 15981794, 15481794, 15581794, 15381794, 15281794, 15681794, 15781794]","[10, 10, 10, 10, 10, 10, 10, 10, 10, 10]"
835,6,"[0, 1, 14, 18]",4,2.721195154823363,0.06260464619845152,33.45672517619096,"[15112459, 15012459, 15712459, 15612459, 15512459, 15412459, 15912459, 15812459, 15312459, 15212459]","[0, 0, 0, 0, 0, 0, 0, 0, 0, 0]"
836,6,"[3, 5, 14, 18, 20, 21]",6,4.265729106962681,0.10043504647910595,36.31715107918717,"[15572947, 15472947, 15972947, 15872947, 15172947, 15072947, 15672947, 15772947, 15272947, 15372947]","[14, 14, 14, 14, 14, 14, 14, 14, 14, 14]"
837,6,"[2, 3, 4, 17, 18, 22]",6,4.3515526140108705,0.10656749363988638,36.522203830148406,"[15392607, 15292607, 15892607, 15992607, 15592607, 15492607, 15092607, 15192607, 15792607, 15692607]","[17, 17, 17, 17, 17, 17, 17, 17, 17, 17]"
838,6,"[2, 3, 4, 5, 7, 18]",6,4.164457440376282,0.09573498275130987,32.87284089477422,"[15926311, 15826311, 15726311, 15626311, 15026311, 15126311, 15326311, 15226311, 15426311, 15526311]","[4, 4, 4, 4, 4, 4, 4, 4, 4, 4]"
839,6,"[3, 4, 16, 18, 19, 23]",6,4.32721555698663,0.09727212693542242,36.81121922796592,"[15139247, 15039247, 15739247, 15639247, 15539247, 15439247, 15339247, 15239247, 15939247, 15839247]","[19, 19, 19, 19, 19, 19, 19, 19, 19, 19]"
840,6,"[0, 1, 3, 5, 6, 22]",6,4.227723180316389,0.09426067676395178,34.96516790388463,"[15070471, 15170471, 15270471, 15370471, 15970471, 15870471, 15670471, 15770471, 15470471, 15570471]","[22, 22, 22, 22, 22, 22, 22, 22, 22, 22]"
841,6,"[1, 3, 18, 22]",4,2.9337867219001055,0.06442973297089338,38.402704961947165,"[15558253, 15458253, 15958253, 15858253, 15158253, 15058253, 15258253, 15358253, 15758253, 15658253]","[18, 18, 18, 18, 18, 18, 18, 18, 18, 18]"
842,6,"[0, 2, 6, 12, 18, 22]",6,4.148259020410478,0.10211081989109516,35.55680708657019,"[15344151, 15244151, 15644151, 15744151, 15544151, 15444151, 15044151, 15144151, 15844151, 15944151]","[22, 22, 22, 22, 22, 22, 22, 22, 22, 22]"
843,6,"[0, 6, 12, 19, 21]",5,3.47048298176378,0.08013721462339163,35.18487107809633,"[15165396, 15065396, 15765396, 15665396, 15565396, 15465396, 15365396, 15265396, 15965396, 15865396]","[21, 21, 21, 21, 21, 21, 21, 21, 21, 21]"
844,6,"[6, 9, 17, 18, 20, 21]",6,4.29059530235827,0.09651377145200968,36.6156418408112,"[15130282, 15030282, 15530282, 15430282, 15330282, 15230282, 15830282, 15930282, 15730282, 15630282]","[9, 9, 9, 9, 9, 9, 9, 9, 9, 9]"
845,6,"[0, 6, 12, 16, 18]",5,3.4529900439083576,0.07424135971814394,34.771723425854,"[15789661, 15689661, 15489661, 15589661, 15189661, 15089661, 15889661, 15989661, 15289661, 15389661]","[6, 6, 6, 6, 6, 6, 6, 6, 6, 6]"
846,6,"[4, 6, 14, 16, 17, 22]",6,4.207470318302512,0.10786045994609594,36.3181080899667,"[15178457, 15078457, 15278457, 15378457, 15578457, 15478457, 15978457, 15878457, 15778457, 15678457]","[4, 4, 4, 4, 4, 4, 4, 4, 4, 4]"
847,6,"[1, 3, 9, 14, 18, 24]",6,4.472584848292172,0.09833959769457579,36.593560483694695,"[15357267, 15257267, 15657267, 15757267, 15557267, 15457267, 15057267, 15157267, 15857267, 15957267]","[24, 24, 24, 24, 24, 24, 24, 24, 24, 24]"
848,6,"[0, 1, 2, 3, 18, 22]",6,4.3095656698569655,0.09994144178926945,36.00192016192401,"[15388582, 15288582, 15688582, 15788582, 15588582, 15488582, 15088582, 15188582, 15888582, 15988582]","[22, 22, 22, 22, 22, 22, 22, 22, 22, 22]"
849,6,"[0, 2, 3, 7, 18, 20]",6,4.184329484589398,0.09619549382477999,34.10086466938568,"[16970123, 16870123, 17370123, 17270123, 17470123, 17570123, 16770123, 16670123, 17170123, 17070123]","[3, 3, 3, 3, 3, 3, 3, 3, 3, 3]"
850,6,"[1, 3, 5, 6, 10]",5,3.6343603022396564,0.08734566438943148,33.947792410943656,"[15550875, 15450875, 15950875, 15850875, 15150875, 15050875, 15650875, 15750875, 15250875, 15350875]","[5, 5, 5, 5, 5, 5, 5, 5, 5, 5]"
851,6,"[1, 2, 3, 10, 12, 16]",6,4.398084266111255,0.10653499886393547,35.86141857986028,"[15528324, 15428324, 15128324, 15028324, 15728324, 15628324, 15328324, 15228324, 15928324, 15828324]","[2, 2, 2, 2, 2, 2, 2, 2, 2, 2]"
852,6,"[2, 5, 10, 11, 21, 22]",6,4.344212583266199,0.10523273050785065,37.09140727366321,"[15278817, 15378817, 15478817, 15578817, 15178817, 15078817, 15878817, 15978817, 15678817, 15778817]","[5, 5, 5, 5, 5, 5, 5, 5, 5, 5]"
853,6,"[4, 5, 13, 18, 23]",5,3.4510114090517163,0.08570608217269182,34.260326756816355,"[15760151, 15660151, 15460151, 15560151, 15160151, 15060151, 15860151, 15960151, 15260151, 15360151]","[5, 5, 5, 5, 5, 5, 5, 5, 5, 5]"
854,6,"[3, 4, 5, 17, 18]",5,3.5794189292937517,0.08529554773122072,34.34107242878527,"[15168448, 15068448, 15768448, 15668448, 15568448, 15468448, 15968448, 15868448, 15368448, 15268448]","[3, 3, 3, 3, 3, 3, 3, 3, 3, 3]"
855,6,"[2, 10, 13, 16, 21]",5,3.605366662144661,0.08609616663306952,36.735031156148764,"[15748995, 15648995, 15448995, 15548995, 15148995, 15048995, 15848995, 15948995, 15248995, 15348995]","[10, 10, 10, 10, 10, 10, 10, 10, 10, 10]"
856,6,"[0, 1, 2, 3, 12]",5,3.55437502451241,0.081913354806602,33.756993209756914,"[15638341, 15738341, 15138341, 15038341, 15238341, 15338341, 15538341, 15438341, 15938341, 15838341]","[3, 3, 3, 3, 3, 3, 3, 3, 3, 3]"
857,6,"[0, 1, 2, 6, 9, 18]",6,4.229911162517965,0.09699350036680698,33.67164600617252,"[15135027, 15035027, 15735027, 15635027, 15535027, 15435027, 15935027, 15835027, 15335027, 15235027]","[0, 0, 0, 0, 0, 0, 0, 0, 0, 0]"
858,6,"[3, 5, 15, 18, 24]",5,3.6291127866134048,0.08382415026426315,35.97262191008777,"[15148279, 15048279, 15748279, 15648279, 15548279, 15448279, 15348279, 15248279, 15948279, 15848279]","[24, 24, 24, 24, 24, 24, 24, 24, 24, 24]"
859,6,"[1, 3, 9, 15, 18]",5,3.637653198093176,0.08019360434263945,36.269073901884255,"[15067667, 15167667, 15667667, 15767667, 15867667, 15967667, 15567667, 15467667, 15367667, 15267667]","[15, 15, 15, 15, 15, 15, 15, 15, 15, 15]"
860,6,"[6, 10, 11, 22]",4,2.8910763235762715,0.06364160310477018,37.92621361289639,"[15135333, 15035333, 15835333, 15935333, 15435333, 15535333, 15635333, 15735333, 15235333, 15335333]","[22, 22, 22, 22, 22, 22, 22, 22, 22, 22]"
861,6,"[3, 9, 13, 24]",4,3.0662002619355917,0.06453689839690924,38.17656812455971,"[15138341, 15038341, 15738341, 15638341, 15538341, 15438341, 15938341, 15838341, 15338341, 15238341]","[3, 3, 3, 3, 3, 3, 3, 3, 3, 3]"
862,6,"[0, 1, 11, 14, 18]",5,3.4511931631714106,0.07730371877551079,34.217214518599214,"[15651157, 15751157, 15451157, 15551157, 15351157, 15251157, 15051157, 15151157, 15851157, 15951157]","[0, 0, 0, 0, 0, 0, 0, 0, 0, 0]"
863,6,"[1, 3, 9, 14, 18, 22]",6,4.353156494908035,0.1001586364582181,37.9910826953128,"[15162444, 15062444, 15762444, 15662444, 15562444, 15462444, 15962444, 15862444, 15362444, 15262444]","[1, 1, 1, 1, 1, 1, 1, 1, 1, 1]"
864,6,"[2, 7, 10, 18]",4,2.728268870152533,0.06045306473970413,33.662695533712395,"[15140998, 15040998, 15740998, 15640998, 15540998, 15440998, 15940998, 15840998, 15340998, 15240998]","[2, 2, 2, 2, 2, 2, 2, 2, 2, 2]"
865,6,"[0, 4, 17, 18, 20, 22]",6,4.152846203185618,0.0985614275559783,36.191285710626595,"[15332933, 15232933, 15632933, 15732933, 15532933, 15432933, 15032933, 15132933, 15832933, 15932933]","[22, 22, 22, 22, 22, 22, 22, 22, 22, 22]"
866,6,"[2, 3, 14, 17, 18, 19]",6,4.378111836500466,0.10065445024520159,36.48646741756238,"[15315810, 15215810, 15615810, 15715810, 15515810, 15415810, 15015810, 15115810, 15815810, 15915810]","[19, 19, 19, 19, 19, 19, 19, 19, 19, 19]"
867,6,"[2, 6, 16, 18, 19, 23]",6,4.341290416195989,0.0956849092617631,36.24065074774747,"[15164484, 15064484, 15864484, 15964484, 15464484, 15564484, 15664484, 15764484, 15264484, 15364484]","[18, 18, 18, 18, 18, 18, 18, 18, 18, 18]"
868,6,"[0, 3, 4, 12, 17, 24]",6,4.316955629736185,0.09691901039332151,34.58351080732731,"[17519752, 17419752, 16819752, 16919752, 17019752, 17119752, 16619752, 16719752, 17219752, 17319752]","[17, 17, 17, 17, 17, 17, 17, 17, 17, 17]"
869,6,"[1, 3, 5, 11, 16]",5,3.723872931674123,0.08309738803654909,35.79760843571275,"[15159344, 15059344, 15259344, 15359344, 15559344, 15459344, 15759344, 15659344, 15959344, 15859344]","[16, 16, 16, 16, 16, 16, 16, 16, 16, 16]"
870,6,"[1, 7, 11, 17, 18, 22]",6,4.276206973940134,0.09403141308575869,36.27957848731118,"[15173625, 15073625, 15773625, 15673625, 15573625, 15473625, 15973625, 15873625, 15373625, 15273625]","[1, 1, 1, 1, 1, 1, 1, 1, 1, 1]"
871,6,"[4, 6, 7, 16, 24]",5,3.5069082770496607,0.08315967302769423,33.50383270531893,"[15645859, 15745859, 15445859, 15545859, 15345859, 15245859, 15845859, 15945859, 15045859, 15145859]","[24, 24, 24, 24, 24, 24, 24, 24, 24, 24]"
872,6,"[2, 12, 18, 20, 22]",5,3.578100509941578,0.07960193138569593,38.17209044871852,"[15641983, 15741983, 15441983, 15541983, 15341983, 15241983, 15041983, 15141983, 15841983, 15941983]","[2, 2, 2, 2, 2, 2, 2, 2, 2, 2]"
873,6,"[2, 12, 17, 18, 20]",5,3.5648837573826313,0.08193218614906073,36.011664723418654,"[15518490, 15418490, 15918490, 15818490, 15118490, 15018490, 15218490, 15318490, 15718490, 15618490]","[17, 17, 17, 17, 17, 17, 17, 17, 17, 17]"
874,6,"[1, 3, 11, 12, 18, 22]",6,4.427237644791603,0.10947450716048479,37.84752466630501,"[15438341, 15538341, 15238341, 15338341, 15638341, 15738341, 15138341, 15038341, 15938341, 15838341]","[3, 3, 3, 3, 3, 3, 3, 3, 3, 3]"
875,6,"[0, 3, 14, 16, 18]",5,3.543701824732125,0.07917384151369333,35.855577972810714,"[15572947, 15472947, 15972947, 15872947, 15172947, 15072947, 15272947, 15372947, 15772947, 15672947]","[14, 14, 14, 14, 14, 14, 14, 14, 14, 14]"
876,6,"[1, 3, 12, 16, 18, 19]",6,4.405608341097832,0.09736189618706703,37.284211620145165,"[15521812, 15421812, 15921812, 15821812, 15121812, 15021812, 15221812, 15321812, 15721812, 15621812]","[12, 12, 12, 12, 12, 12, 12, 12, 12, 12]"
877,6,"[1, 12, 13, 14, 18, 19]",6,4.230596909299493,0.09685601200908422,36.35433594773834,"[15146749, 15046749, 15846749, 15946749, 15446749, 15546749, 15646749, 15746749, 15246749, 15346749]","[14, 14, 14, 14, 14, 14, 14, 14, 14, 14]"
878,6,"[0, 3, 5, 6, 14, 17]",6,4.148936064913869,0.09170707128942013,33.62291217991151,"[15505935, 15405935, 15905935, 15805935, 15105935, 15005935, 15205935, 15305935, 15705935, 15605935]","[5, 5, 5, 5, 5, 5, 5, 5, 5, 5]"
879,6,"[8, 11, 14, 17, 22]",5,3.5272502712905407,0.07998478226363659,37.64334165239707,"[15132539, 15032539, 15732539, 15632539, 15532539, 15432539, 15332539, 15232539, 15932539, 15832539]","[22, 22, 22, 22, 22, 22, 22, 22, 22, 22]"
880,6,"[4, 5, 9, 15, 16, 18]",6,4.234729083254933,0.10827070567756891,35.34350655437447,"[15120714, 15020714, 15720714, 15620714, 15520714, 15420714, 15320714, 15220714, 15920714, 15820714]","[16, 16, 16, 16, 16, 16, 16, 16, 16, 16]"
881,6,"[1, 3, 9, 16, 18]",5,3.7299480326473713,0.0806918041780591,37.20645982874557,"[15746438, 15646438, 15446438, 15546438, 15146438, 15046438, 15846438, 15946438, 15246438, 15346438]","[3, 3, 3, 3, 3, 3, 3, 3, 3, 3]"
882,6,"[6, 7, 12, 18, 21]",5,3.3738874159753323,0.07960065081715584,34.177086542639884,"[15508902, 15408902, 15908902, 15808902, 15108902, 15008902, 15208902, 15308902, 15708902, 15608902]","[12, 12, 12, 12, 12, 12, 12, 12, 12, 12]"
883,6,"[0, 2, 3, 22]",4,2.859646711498499,0.06512071844190359,36.754323257133365,"[15587912, 15487912, 15987912, 15887912, 15187912, 15087912, 15287912, 15387912, 15787912, 15687912]","[3, 3, 3, 3, 3, 3, 3, 3, 3, 3]"
884,6,"[2, 3, 7, 10, 16, 18]",6,4.310372982174158,0.09816011227667332,35.38953005243093,"[15295861, 15395861, 15495861, 15595861, 15695861, 15795861, 15895861, 15995861, 15095861, 15195861]","[16, 16, 16, 16, 16, 16, 16, 16, 16, 16]"
885,6,"[0, 1, 11, 18, 22, 24]",6,4.371970291249454,0.09540231712162495,36.847120090698205,"[15380820, 15280820, 15180820, 15080820, 15480820, 15580820, 15680820, 15780820, 15980820, 15880820]","[22, 22, 22, 22, 22, 22, 22, 22, 22, 22]"
886,6,"[0, 4, 14, 16, 22]",5,3.4219459760934114,0.085148717276752,36.11865608273074,"[15120017, 15020017, 15820017, 15920017, 15420017, 15520017, 15320017, 15220017, 15620017, 15720017]","[16, 16, 16, 16, 16, 16, 16, 16, 16, 16]"
887,6,"[5, 17, 18, 21, 22, 24]",6,4.354524947702885,0.10302106663584709,37.8658442144903,"[15080606, 15180606, 15380606, 15280606, 15780606, 15680606, 15880606, 15980606, 15580606, 15480606]","[17, 17, 17, 17, 17, 17, 17, 17, 17, 17]"
888,6,"[0, 3, 6, 14, 15, 21]",6,4.14611695241183,0.09824091847985983,34.48053060681559,"[15365396, 15265396, 15665396, 15765396, 15565396, 15465396, 15065396, 15165396, 15865396, 15965396]","[21, 21, 21, 21, 21, 21, 21, 21, 21, 21]"
889,6,"[0, 2, 10, 11, 14, 16]",6,4.2907949378713965,0.0993067417293787,35.14601520068633,"[15147739, 15047739, 15747739, 15647739, 15547739, 15447739, 15347739, 15247739, 15947739, 15847739]","[14, 14, 14, 14, 14, 14, 14, 14, 14, 14]"
890,6,"[2, 3, 9, 12, 18, 21]",6,4.427973194979131,0.0971766896545887,36.76319131627679,"[15055825, 15155825, 15455825, 15555825, 15955825, 15855825, 15255825, 15355825, 15755825, 15655825]","[18, 18, 18, 18, 18, 18, 18, 18, 18, 18]"
891,6,"[2, 4, 6, 20]",4,2.7834516298025846,0.06471801456063986,32.952968899859115,"[15126632, 15026632, 15826632, 15926632, 15426632, 15526632, 15626632, 15726632, 15226632, 15326632]","[20, 20, 20, 20, 20, 20, 20, 20, 20, 20]"
892,6,"[1, 3, 10, 14, 18]",5,3.6301021175459027,0.08603056147694588,35.67828944819048,"[15581794, 15481794, 15981794, 15881794, 15181794, 15081794, 15681794, 15781794, 15281794, 15381794]","[10, 10, 10, 10, 10, 10, 10, 10, 10, 10]"
893,6,"[1, 4, 6, 9, 18, 22]",6,4.300225047394633,0.09987033065408468,35.93951400470299,"[15197239, 15097239, 15897239, 15997239, 15497239, 15597239, 15697239, 15797239, 15297239, 15397239]","[9, 9, 9, 9, 9, 9, 9, 9, 9, 9]"
894,6,"[3, 6, 7, 11, 12, 18]",6,4.259448805823922,0.0912431851029396,34.71842264329704,"[15573944, 15473944, 15973944, 15873944, 15173944, 15073944, 15273944, 15373944, 15773944, 15673944]","[7, 7, 7, 7, 7, 7, 7, 7, 7, 7]"
895,6,"[0, 1, 10, 16, 18, 22]",6,4.242505792528391,0.09461473301053047,36.959667425447456,"[15322033, 15222033, 15622033, 15722033, 15522033, 15422033, 15022033, 15122033, 15822033, 15922033]","[22, 22, 22, 22, 22, 22, 22, 22, 22, 22]"
896,6,"[3, 4, 11, 13, 18, 22]",6,4.341190931387246,0.10050860606133938,37.51379006844945,"[15711258, 15611258, 15411258, 15511258, 15111258, 15011258, 15811258, 15911258, 15211258, 15311258]","[4, 4, 4, 4, 4, 4, 4, 4, 4, 4]"
897,6,"[0, 2, 9, 10, 12, 18]",6,4.235284982249141,0.09622324351221323,35.20097761352857,"[15167819, 15067819, 15867819, 15967819, 15467819, 15567819, 15667819, 15767819, 15267819, 15367819]","[10, 10, 10, 10, 10, 10, 10, 10, 10, 10]"
898,6,"[4, 5, 9, 16, 23]",5,3.526378756389022,0.0802193759009242,35.30480911545455,"[15589672, 15489672, 15989672, 15889672, 15189672, 15089672, 15689672, 15789672, 15289672, 15389672]","[9, 9, 9, 9, 9, 9, 9, 9, 9, 9]"
899,6,"[3, 7, 14, 15, 17, 18]",6,4.108780478127301,0.09908181708306074,34.91391160028676,"[15876185, 15976185, 15576185, 15476185, 15376185, 15276185, 15776185, 15676185, 15176185, 15076185]","[18, 18, 18, 18, 18, 18, 18, 18, 18, 18]"
900,6,"[1, 5, 6, 15, 18]",5,3.470624877139926,0.08251730632036924,33.43006677702069,"[15130913, 15030913, 15730913, 15630913, 15530913, 15430913, 15330913, 15230913, 15930913, 15830913]","[18, 18, 18, 18, 18, 18, 18, 18, 18, 18]"
901,6,"[12, 13, 15, 16, 18, 20]",6,4.239958549849689,0.10078670550137758,37.26118943304755,"[15439893, 15539893, 15839893, 15939893, 15039893, 15139893, 15639893, 15739893, 15339893, 15239893]","[13, 13, 13, 13, 13, 13, 13, 13, 13, 13]"
902,6,"[0, 2, 4, 5, 18, 20]",6,4.140023186802864,0.09450939297676086,33.15719218691811,"[15157756, 15057756, 15857756, 15957756, 15457756, 15557756, 15657756, 15757756, 15257756, 15357756]","[5, 5, 5, 5, 5, 5, 5, 5, 5, 5]"
903,6,"[0, 3, 5, 11, 15, 18]",6,4.276217125356197,0.10247805062681437,34.77886531750361,"[15149909, 15049909, 15849909, 15949909, 15449909, 15549909, 15649909, 15749909, 15249909, 15349909]","[11, 11, 11, 11, 11, 11, 11, 11, 11, 11]"
904,6,"[2, 3, 14, 16, 18, 20]",6,4.350324400700629,0.09796820767223835,36.772134200436994,"[15165042, 15065042, 15865042, 15965042, 15465042, 15565042, 15665042, 15765042, 15265042, 15365042]","[16, 16, 16, 16, 16, 16, 16, 16, 16, 16]"
905,6,"[1, 5, 13, 16, 18, 19]",6,4.399787848815322,0.10104319453239441,36.414436291437596,"[15164710, 15064710, 15264710, 15364710, 15564710, 15464710, 15964710, 15864710, 15764710, 15664710]","[1, 1, 1, 1, 1, 1, 1, 1, 1, 1]"
906,6,"[0, 1, 5, 8, 18]",5,3.445046075619757,0.07939503714442253,32.81196753298864,"[15715973, 15615973, 15415973, 15515973, 15115973, 15015973, 15815973, 15915973, 15215973, 15315973]","[1, 1, 1, 1, 1, 1, 1, 1, 1, 1]"
907,6,"[3, 6, 10, 12, 14, 22]",6,4.350157047621906,0.1016444694250822,37.263090295173846,"[15138341, 15038341, 15738341, 15638341, 15538341, 15438341, 15938341, 15838341, 15338341, 15238341]","[3, 3, 3, 3, 3, 3, 3, 3, 3, 3]"
908,6,"[2, 13, 14, 16, 18]",5,3.5507497200742364,0.08176608476787806,36.23413865398616,"[15139513, 15039513, 15739513, 15639513, 15539513, 15439513, 15339513, 15239513, 15939513, 15839513]","[18, 18, 18, 18, 18, 18, 18, 18, 18, 18]"
909,6,"[2, 4, 5, 14, 18, 24]",6,4.232043305411935,0.09680876974016428,33.95411547102655,"[15594671, 15494671, 15994671, 15894671, 15194671, 15094671, 15294671, 15394671, 15794671, 15694671]","[5, 5, 5, 5, 5, 5, 5, 5, 5, 5]"
910,6,"[0, 3, 4, 9, 18, 22]",6,4.3250783970579505,0.10140397772192955,36.65012835998399,"[15427795, 15527795, 15627795, 15727795, 15327795, 15227795, 15127795, 15027795, 15827795, 15927795]","[3, 3, 3, 3, 3, 3, 3, 3, 3, 3]"
911,6,"[13, 16, 18, 22]",4,2.895079874433577,0.06984281167387962,40.07938764092978,"[15629914, 15729914, 15129914, 15029914, 15229914, 15329914, 15529914, 15429914, 15929914, 15829914]","[22, 22, 22, 22, 22, 22, 22, 22, 22, 22]"
912,6,"[0, 1, 2, 3, 18, 19]",6,4.300547088496387,0.10231862962245941,35.02301934097583,"[15490022, 15590022, 15290022, 15390022, 15690022, 15790022, 15190022, 15090022, 15990022, 15890022]","[1, 1, 1, 1, 1, 1, 1, 1, 1, 1]"
913,6,"[2, 4, 5, 15, 16, 20]",6,4.144323298707604,0.09901632275432348,34.52568869665265,"[15128846, 15028846, 15728846, 15628846, 15528846, 15428846, 15928846, 15828846, 15328846, 15228846]","[2, 2, 2, 2, 2, 2, 2, 2, 2, 2]"
914,6,"[4, 12, 15, 17, 18, 20]",6,4.134819985367358,0.10198610182851553,35.31617961792896,"[15854264, 15954264, 15454264, 15554264, 15054264, 15154264, 15654264, 15754264, 15354264, 15254264]","[20, 20, 20, 20, 20, 20, 20, 20, 20, 20]"
915,6,"[0, 1, 3, 13, 18, 19]",6,4.314928401261568,0.0942467600107193,35.78487087048901,"[15135027, 15035027, 15735027, 15635027, 15535027, 15435027, 15935027, 15835027, 15335027, 15235027]","[0, 0, 0, 0, 0, 0, 0, 0, 0, 0]"
916,6,"[1, 9, 10, 14, 22]",5,3.584051627665758,0.08327289018779993,37.946698791719975,"[15173530, 15073530, 15773530, 15673530, 15573530, 15473530, 15973530, 15873530, 15373530, 15273530]","[1, 1, 1, 1, 1, 1, 1, 1, 1, 1]"
917,6,"[0, 1, 6, 17, 18, 22]",6,4.176212163642049,0.09666656330227852,35.448304541409016,"[15199866, 15099866, 15899866, 15999866, 15499866, 15599866, 15699866, 15799866, 15299866, 15399866]","[17, 17, 17, 17, 17, 17, 17, 17, 17, 17]"
918,6,"[4, 6, 10, 13, 22]",5,3.4806619826704264,0.0827638478949666,36.17876805169508,"[15178330, 15078330, 15778330, 15678330, 15578330, 15478330, 15378330, 15278330, 15978330, 15878330]","[22, 22, 22, 22, 22, 22, 22, 22, 22, 22]"
919,6,"[1, 4, 12, 15, 17]",5,3.4556382661685348,0.08839571941643953,33.74442293467,"[15063681, 15163681, 15463681, 15563681, 15963681, 15863681, 15763681, 15663681, 15263681, 15363681]","[1, 1, 1, 1, 1, 1, 1, 1, 1, 1]"
920,6,"[1, 5, 6, 7, 11, 21]",6,4.169665209017694,0.09384918492287397,33.20218358794227,"[15808135, 15908135, 15408135, 15508135, 15008135, 15108135, 15608135, 15708135, 15308135, 15208135]","[21, 21, 21, 21, 21, 21, 21, 21, 21, 21]"
921,6,"[1, 2, 5, 14, 18]",5,3.498549336567521,0.08582414034754038,33.66746520027518,"[15144377, 15044377, 15844377, 15944377, 15444377, 15544377, 15644377, 15744377, 15244377, 15344377]","[14, 14, 14, 14, 14, 14, 14, 14, 14, 14]"
922,6,"[0, 10, 11, 12, 13, 15]",6,4.21793719753623,0.10058391094207764,35.33190395093212,"[15180991, 15080991, 15780991, 15680991, 15580991, 15480991, 15980991, 15880991, 15380991, 15280991]","[0, 0, 0, 0, 0, 0, 0, 0, 0, 0]"
923,6,"[4, 5, 9, 10, 15, 23]",6,4.209661548025906,0.09682379756122828,34.719438715837896,"[15032936, 15132936, 15432936, 15532936, 15932936, 15832936, 15232936, 15332936, 15732936, 15632936]","[15, 15, 15, 15, 15, 15, 15, 15, 15, 15]"
924,6,"[2, 7, 16, 18, 22]",5,3.53073188662529,0.08795837126672268,36.921371316351,"[17218368, 17318368, 17418368, 17518368, 16718368, 16618368, 17118368, 17018368, 16918368, 16818368]","[22, 22, 22, 22, 22, 22, 22, 22, 22, 22]"
925,6,"[3, 16, 18, 20, 21, 24]",6,4.47851481474936,0.09812117740511894,38.1937162685208,"[15740751, 15640751, 15440751, 15540751, 15140751, 15040751, 15840751, 15940751, 15240751, 15340751]","[16, 16, 16, 16, 16, 16, 16, 16, 16, 16]"
926,6,"[0, 3, 13, 16, 18]",5,3.6041654031723738,0.07990802265703678,36.28340548062697,"[15168703, 15068703, 15768703, 15668703, 15568703, 15468703, 15368703, 15268703, 15968703, 15868703]","[18, 18, 18, 18, 18, 18, 18, 18, 18, 18]"
927,6,"[6, 10, 12, 13, 18, 22]",6,4.278050361201167,0.1004225816577673,37.42379976498584,"[15139513, 15039513, 15739513, 15639513, 15539513, 15439513, 15339513, 15239513, 15939513, 15839513]","[18, 18, 18, 18, 18, 18, 18, 18, 18, 18]"
928,6,"[4, 7, 18]",3,1.9668274447321892,0.04774402920156717,31.64808365687107,"[15507710, 15407710, 15907710, 15807710, 15107710, 15007710, 15607710, 15707710, 15207710, 15307710]","[18, 18, 18, 18, 18, 18, 18, 18, 18, 18]"
929,6,"[3, 4, 18, 24]",4,2.957410352304578,0.06603312771767378,35.57882360264193,"[15146438, 15046438, 15246438, 15346438, 15546438, 15446438, 15946438, 15846438, 15746438, 15646438]","[3, 3, 3, 3, 3, 3, 3, 3, 3, 3]"
930,6,"[9, 12, 14, 16, 18, 19]",6,4.368845466524363,0.09542929474264383,37.9786395636232,"[15339247, 15239247, 15639247, 15739247, 15539247, 15439247, 15039247, 15139247, 15839247, 15939247]","[19, 19, 19, 19, 19, 19, 19, 19, 19, 19]"
931,6,"[4, 5, 7, 11, 17, 18]",6,4.115834686905146,0.09346158150583506,33.31520826408329,"[15569907, 15469907, 15969907, 15869907, 15169907, 15069907, 15269907, 15369907, 15769907, 15669907]","[7, 7, 7, 7, 7, 7, 7, 7, 7, 7]"
932,6,"[1, 4, 7, 14, 15]",5,3.242224797606468,0.07633975613862276,32.094122654851525,"[15109791, 15009791, 15809791, 15909791, 15409791, 15509791, 15309791, 15209791, 15609791, 15709791]","[14, 14, 14, 14, 14, 14, 14, 14, 14, 14]"
933,6,"[1, 3, 5, 6, 10, 21]",6,4.269596163183451,0.09469317831099033,34.584455073190234,"[15181794, 15081794, 15781794, 15681794, 15581794, 15481794, 15381794, 15281794, 15981794, 15881794]","[10, 10, 10, 10, 10, 10, 10, 10, 10, 10]"
934,6,"[6, 17, 19, 22]",4,2.8968739891424775,0.06398952379822731,38.66410429577809,"[15243925, 15343925, 15443925, 15543925, 15143925, 15043925, 15843925, 15943925, 15643925, 15743925]","[17, 17, 17, 17, 17, 17, 17, 17, 17, 17]"
935,6,"[0, 1, 4, 15, 16, 18]",6,4.077212591655552,0.09681034740060568,33.831063615701474,"[15511258, 15411258, 15911258, 15811258, 15111258, 15011258, 15211258, 15311258, 15711258, 15611258]","[4, 4, 4, 4, 4, 4, 4, 4, 4, 4]"
936,6,"[1, 3, 10, 12, 18, 22]",6,4.354883429594338,0.10568313859403133,37.71758207694317,"[15732876, 15632876, 15432876, 15532876, 15132876, 15032876, 15832876, 15932876, 15232876, 15332876]","[3, 3, 3, 3, 3, 3, 3, 3, 3, 3]"
937,6,"[0, 3, 4, 14, 18, 22]",6,4.150399320758879,0.09972795378416777,35.92218340700492,"[15120945, 15020945, 15720945, 15620945, 15520945, 15420945, 15320945, 15220945, 15920945, 15820945]","[18, 18, 18, 18, 18, 18, 18, 18, 18, 18]"
938,6,"[2, 3, 4, 17, 20]",5,3.60922490619123,0.08578668162226677,34.868612985685466,"[15128846, 15028846, 15228846, 15328846, 15528846, 15428846, 15928846, 15828846, 15728846, 15628846]","[2, 2, 2, 2, 2, 2, 2, 2, 2, 2]"
939,6,"[0, 12, 18, 19]",4,2.855273495428264,0.06641105934977531,35.908032994833775,"[15148789, 15048789, 15748789, 15648789, 15548789, 15448789, 15948789, 15848789, 15348789, 15248789]","[0, 0, 0, 0, 0, 0, 0, 0, 0, 0]"
940,6,"[2, 3, 18, 21, 22]",5,3.648342694155872,0.08868464734405279,38.33904217537493,"[15728324, 15628324, 15528324, 15428324, 15028324, 15128324, 15228324, 15328324, 15828324, 15928324]","[2, 2, 2, 2, 2, 2, 2, 2, 2, 2]"
941,6,"[3, 13, 14, 15, 18]",5,3.5463113859295845,0.07994624506682158,36.37308632265776,"[15171236, 15071236, 15771236, 15671236, 15571236, 15471236, 15971236, 15871236, 15371236, 15271236]","[3, 3, 3, 3, 3, 3, 3, 3, 3, 3]"
942,6,"[0, 1, 3, 14, 22]",5,3.5362353334203362,0.08894573152065277,36.336934737395495,"[15179703, 15079703, 15779703, 15679703, 15579703, 15479703, 15379703, 15279703, 15979703, 15879703]","[22, 22, 22, 22, 22, 22, 22, 22, 22, 22]"
943,6,"[0, 3, 4, 15, 17, 19]",6,4.265716343186796,0.10373418871313334,34.81056763813831,"[15767887, 15667887, 15467887, 15567887, 15167887, 15067887, 15867887, 15967887, 15267887, 15367887]","[3, 3, 3, 3, 3, 3, 3, 3, 3, 3]"
944,6,"[1, 5, 7, 14, 18, 24]",6,4.198328459635377,0.09884552471339703,33.82391142061291,"[15062444, 15162444, 15462444, 15562444, 15962444, 15862444, 15762444, 15662444, 15262444, 15362444]","[1, 1, 1, 1, 1, 1, 1, 1, 1, 1]"
945,6,"[0, 7, 14, 15, 18, 24]",6,4.083411820232868,0.10108695179224014,33.969239129063986,"[15553520, 15453520, 15953520, 15853520, 15153520, 15053520, 15253520, 15353520, 15753520, 15653520]","[14, 14, 14, 14, 14, 14, 14, 14, 14, 14]"
946,6,"[1, 4, 6, 10, 11]",5,3.56355994194746,0.08587629161775112,33.31647761259228,"[15108833, 15008833, 15808833, 15908833, 15408833, 15508833, 15608833, 15708833, 15208833, 15308833]","[10, 10, 10, 10, 10, 10, 10, 10, 10, 10]"
947,6,"[0, 6, 9, 10, 17, 18]",6,4.294201082549989,0.10049935150891542,34.933785889841,"[15648016, 15748016, 15448016, 15548016, 15348016, 15248016, 15848016, 15948016, 15048016, 15148016]","[17, 17, 17, 17, 17, 17, 17, 17, 17, 17]"
948,6,"[1, 3, 6, 16, 18, 19]",6,4.443571383133531,0.10327027179300785,36.462231234724946,"[15622538, 15722538, 15122538, 15022538, 15222538, 15322538, 15522538, 15422538, 15922538, 15822538]","[16, 16, 16, 16, 16, 16, 16, 16, 16, 16]"
949,6,"[1, 9, 15, 17, 18, 19]",6,4.365236774086952,0.09773056302219629,36.68365347307796,"[15649149, 15749149, 15449149, 15549149, 15349149, 15249149, 15049149, 15149149, 15849149, 15949149]","[1, 1, 1, 1, 1, 1, 1, 1, 1, 1]"
950,6,"[0, 7, 12, 16, 18, 21]",6,4.045613616704941,0.09293491207063198,34.86725445992003,"[15642557, 15742557, 15442557, 15542557, 15342557, 15242557, 15042557, 15142557, 15842557, 15942557]","[0, 0, 0, 0, 0, 0, 0, 0, 0, 0]"
951,6,"[3, 6, 12, 13, 18, 22]",6,4.3037476455792785,0.09664946142584085,37.66616364677126,"[15168365, 15068365, 15768365, 15668365, 15568365, 15468365, 15968365, 15868365, 15368365, 15268365]","[3, 3, 3, 3, 3, 3, 3, 3, 3, 3]"
952,6,"[10, 13, 18, 19]",4,2.9045955035835505,0.06948493048548698,37.79274086328223,"[15795839, 15695839, 15495839, 15595839, 15195839, 15095839, 15895839, 15995839, 15295839, 15395839]","[13, 13, 13, 13, 13, 13, 13, 13, 13, 13]"
953,6,"[9, 10, 16, 18, 20, 22]",6,4.402922081761062,0.10009687393903732,39.6128587044465,"[15754604, 15654604, 15354604, 15254604, 15554604, 15454604, 15054604, 15154604, 15854604, 15954604]","[22, 22, 22, 22, 22, 22, 22, 22, 22, 22]"
954,6,"[0, 4, 18, 19]",4,2.7507413430139422,0.06364013627171516,34.18549814261496,"[15175386, 15075386, 15775386, 15675386, 15575386, 15475386, 15975386, 15875386, 15375386, 15275386]","[0, 0, 0, 0, 0, 0, 0, 0, 0, 0]"
955,6,"[1, 6, 13, 14, 17, 19]",6,4.227438778616488,0.09386010468006134,35.386013014474884,"[15104985, 15004985, 15804985, 15904985, 15404985, 15504985, 15304985, 15204985, 15604985, 15704985]","[14, 14, 14, 14, 14, 14, 14, 14, 14, 14]"
956,6,"[0, 4, 14, 18, 22]",5,3.355522912926972,0.07985995057970285,35.51988015985116,"[15572947, 15472947, 15972947, 15872947, 15172947, 15072947, 15272947, 15372947, 15772947, 15672947]","[14, 14, 14, 14, 14, 14, 14, 14, 14, 14]"
957,6,"[0, 1, 4, 10, 13, 18]",6,4.162453123368323,0.10012387298047543,33.6284285748067,"[15148789, 15048789, 15748789, 15648789, 15548789, 15448789, 15948789, 15848789, 15348789, 15248789]","[0, 0, 0, 0, 0, 0, 0, 0, 0, 0]"
958,6,"[0, 3, 4, 6, 12, 18]",6,4.211966090835631,0.09943490475416183,33.560772514669225,"[15189042, 15089042, 15789042, 15689042, 15589042, 15489042, 15389042, 15289042, 15989042, 15889042]","[12, 12, 12, 12, 12, 12, 12, 12, 12, 12]"
959,6,"[0, 1, 2, 6, 16, 24]",6,4.306031979620457,0.10075414925813675,33.994973603791244,"[15397524, 15297524, 15097524, 15197524, 15697524, 15797524, 15997524, 15897524, 15497524, 15597524]","[2, 2, 2, 2, 2, 2, 2, 2, 2, 2]"
960,6,"[1, 12, 14, 16, 17, 24]",6,4.337495401501656,0.1058531142771244,36.22763162502088,"[15365069, 15265069, 15865069, 15965069, 15765069, 15665069, 15465069, 15565069, 15165069, 15065069]","[12, 12, 12, 12, 12, 12, 12, 12, 12, 12]"
961,6,"[0, 1, 3, 13, 16, 21]",6,4.290016315877438,0.1032090038061142,35.7768976475733,"[15142557, 15042557, 15242557, 15342557, 15542557, 15442557, 15942557, 15842557, 15742557, 15642557]","[0, 0, 0, 0, 0, 0, 0, 0, 0, 0]"
962,6,"[1, 2, 4, 18, 24]",5,3.5992847569286823,0.08604248892515898,33.83380709066987,"[17556637, 17456637, 17356637, 17256637, 17056637, 17156637, 16956637, 16856637, 16756637, 16656637]","[24, 24, 24, 24, 24, 24, 24, 24, 24, 24]"
963,6,"[4, 5, 8, 17, 20, 23]",6,4.159514157101512,0.09518872387707233,34.22697799334613,"[16677277, 16777277, 16877277, 16977277, 17077277, 17177277, 17477277, 17577277, 17277277, 17377277]","[20, 20, 20, 20, 20, 20, 20, 20, 20, 20]"
964,6,"[1, 4, 6, 17, 18]",5,3.5027184169739485,0.0854429705068469,33.09665647614747,"[15912028, 15812028, 15012028, 15112028, 15412028, 15512028, 15612028, 15712028, 15212028, 15312028]","[17, 17, 17, 17, 17, 17, 17, 17, 17, 17]"
965,6,"[1, 4, 5, 14, 16, 18]",6,4.2089276118204,0.09795782156288624,34.1438349543605,"[15782576, 15682576, 15482576, 15582576, 15182576, 15082576, 15882576, 15982576, 15282576, 15382576]","[4, 4, 4, 4, 4, 4, 4, 4, 4, 4]"
966,6,"[0, 1, 13, 22]",4,2.788175473921001,0.07117162644863129,36.47252789582126,"[15620519, 15720519, 15420519, 15520519, 15320519, 15220519, 15020519, 15120519, 15820519, 15920519]","[0, 0, 0, 0, 0, 0, 0, 0, 0, 0]"
967,6,"[0, 3, 7, 10, 18]",5,3.449577189050615,0.07445976417511702,33.97622391423211,"[15112155, 15012155, 15712155, 15612155, 15512155, 15412155, 15312155, 15212155, 15912155, 15812155]","[18, 18, 18, 18, 18, 18, 18, 18, 18, 18]"
968,6,"[0, 5, 10, 13, 18, 19]",6,4.219723861664534,0.09121976792812347,35.47111600032076,"[15512732, 15412732, 15912732, 15812732, 15112732, 15012732, 15612732, 15712732, 15212732, 15312732]","[10, 10, 10, 10, 10, 10, 10, 10, 10, 10]"
969,6,"[1, 3, 4, 17, 18, 22]",6,4.280365037731826,0.10287703480571508,36.46943338937126,"[17370123, 17270123, 17070123, 17170123, 16970123, 16870123, 16670123, 16770123, 17470123, 17570123]","[3, 3, 3, 3, 3, 3, 3, 3, 3, 3]"
970,6,"[6, 9, 18]",3,2.1751858359202743,0.04737683944404125,35.797921964277826,"[15558253, 15458253, 15958253, 15858253, 15158253, 15058253, 15258253, 15358253, 15758253, 15658253]","[18, 18, 18, 18, 18, 18, 18, 18, 18, 18]"
971,6,"[1, 4, 8, 17, 18]",5,3.4390703113749623,0.08260507602244616,33.52197712091729,"[15143925, 15043925, 15843925, 15943925, 15443925, 15543925, 15643925, 15743925, 15243925, 15343925]","[17, 17, 17, 17, 17, 17, 17, 17, 17, 17]"
972,6,"[0, 12, 13, 14, 18]",5,3.3807827653363347,0.07646606024354696,34.98595775766298,"[15045515, 15145515, 15445515, 15545515, 15945515, 15845515, 15245515, 15345515, 15745515, 15645515]","[18, 18, 18, 18, 18, 18, 18, 18, 18, 18]"
973,6,"[0, 3, 6, 11, 18, 19]",6,4.338762046769261,0.09193047508597374,35.64885353296995,"[15135027, 15035027, 15735027, 15635027, 15535027, 15435027, 15935027, 15835027, 15335027, 15235027]","[0, 0, 0, 0, 0, 0, 0, 0, 0, 0]"
974,6,"[2, 10, 12, 20, 22, 24]",6,4.355079360306263,0.09777696523815393,38.14648477756418,"[15135333, 15035333, 15735333, 15635333, 15535333, 15435333, 15335333, 15235333, 15935333, 15835333]","[22, 22, 22, 22, 22, 22, 22, 22, 22, 22]"
975,6,"[1, 12, 18, 19, 22]",5,3.635488976724446,0.08001061715185642,38.54035276062787,"[15568703, 15468703, 15968703, 15868703, 15168703, 15068703, 15668703, 15768703, 15268703, 15368703]","[18, 18, 18, 18, 18, 18, 18, 18, 18, 18]"
976,6,"[1, 6, 9, 13, 21]",5,3.6086609419435263,0.08237249031662941,35.55225304346531,"[15426685, 15526685, 15926685, 15826685, 15326685, 15226685, 15726685, 15626685, 15126685, 15026685]","[9, 9, 9, 9, 9, 9, 9, 9, 9, 9]"
977,6,"[2, 4, 5, 17, 18]",5,3.5090654799714684,0.0859436746686697,33.26473883325234,"[15460093, 15560093, 15260093, 15360093, 15660093, 15760093, 15160093, 15060093, 15960093, 15860093]","[4, 4, 4, 4, 4, 4, 4, 4, 4, 4]"
978,6,"[3, 7, 16, 21, 24]",5,3.657371625304222,0.08365449868142605,36.52246815031394,"[16765535, 16665535, 17365535, 17265535, 17165535, 17065535, 16965535, 16865535, 17565535, 17465535]","[24, 24, 24, 24, 24, 24, 24, 24, 24, 24]"
979,6,"[2, 5, 9, 17, 21, 22]",6,4.347465924918652,0.10076681431382895,37.34036534302868,"[15873019, 15973019, 15573019, 15473019, 15373019, 15273019, 15773019, 15673019, 15173019, 15073019]","[22, 22, 22, 22, 22, 22, 22, 22, 22, 22]"
980,6,"[1, 6, 16, 18]",4,2.8713339306414127,0.0689772479236126,35.00755010731518,"[15661330, 15761330, 15461330, 15561330, 15361330, 15261330, 15061330, 15161330, 15861330, 15961330]","[1, 1, 1, 1, 1, 1, 1, 1, 1, 1]"
981,6,"[0, 3, 7, 14, 18]",5,3.4235267965123057,0.079499376937747,33.67712130444124,"[15537909, 15437909, 15937909, 15837909, 15137909, 15037909, 15237909, 15337909, 15737909, 15637909]","[7, 7, 7, 7, 7, 7, 7, 7, 7, 7]"
982,6,"[1, 2, 3, 7, 14]",5,3.4951115678995848,0.08617979940026999,33.31311176531017,"[15582939, 15482939, 15982939, 15882939, 15182939, 15082939, 15282939, 15382939, 15782939, 15682939]","[3, 3, 3, 3, 3, 3, 3, 3, 3, 3]"
983,6,"[6, 17, 18, 19, 20]",5,3.6577660953626037,0.08190581947565079,36.676779395155606,"[17213295, 17313295, 17013295, 17113295, 16713295, 16613295, 17513295, 17413295, 16913295, 16813295]","[17, 17, 17, 17, 17, 17, 17, 17, 17, 17]"
984,6,"[2, 5, 6, 7, 10, 18]",6,4.156055430881679,0.09358714055269957,32.95685319571445,"[15103141, 15003141, 15803141, 15903141, 15403141, 15503141, 15603141, 15703141, 15203141, 15303141]","[7, 7, 7, 7, 7, 7, 7, 7, 7, 7]"
985,6,"[0, 4, 7, 11, 12]",5,3.363257042132318,0.07941510062664747,32.30168593134731,"[15131079, 15031079, 15831079, 15931079, 15431079, 15531079, 15331079, 15231079, 15631079, 15731079]","[11, 11, 11, 11, 11, 11, 11, 11, 11, 11]"
986,6,"[0, 1, 5, 8, 18, 22]",6,4.1478838957846165,0.0945249730721116,35.12378832115792,"[15758219, 15658219, 15458219, 15558219, 15158219, 15058219, 15858219, 15958219, 15258219, 15358219]","[1, 1, 1, 1, 1, 1, 1, 1, 1, 1]"
987,6,"[0, 3, 4, 8, 12]",5,3.427835383452475,0.07706868462264538,33.34648387786001,"[15947520, 15847520, 15747520, 15647520, 15047520, 15147520, 15347520, 15247520, 15447520, 15547520]","[4, 4, 4, 4, 4, 4, 4, 4, 4, 4]"
988,6,"[1, 3, 14, 15, 18, 22]",6,4.230085527524352,0.09902302734553814,37.276765342258535,"[15335333, 15235333, 15635333, 15735333, 15535333, 15435333, 15035333, 15135333, 15835333, 15935333]","[22, 22, 22, 22, 22, 22, 22, 22, 22, 22]"
989,6,"[1, 2, 7, 12, 14]",5,3.3516720784828067,0.07483284082263708,32.96940308911726,"[15168017, 15068017, 15768017, 15668017, 15568017, 15468017, 15368017, 15268017, 15968017, 15868017]","[14, 14, 14, 14, 14, 14, 14, 14, 14, 14]"
990,6,"[0, 1, 2, 9, 12, 18]",6,4.222161145880818,0.09932919219136238,34.49362639159275,"[15452592, 15552592, 15252592, 15352592, 15652592, 15752592, 15152592, 15052592, 15952592, 15852592]","[1, 1, 1, 1, 1, 1, 1, 1, 1, 1]"
991,6,"[1, 6, 7, 13, 16]",5,3.431810832582414,0.07679129485040903,33.85098750879988,"[15517583, 15417583, 15917583, 15817583, 15117583, 15017583, 15217583, 15317583, 15717583, 15617583]","[7, 7, 7, 7, 7, 7, 7, 7, 7, 7]"
992,6,"[0, 5, 11, 19, 22, 23]",6,4.243034943938255,0.09138590656220913,37.11581301859891,"[15779028, 15679028, 15479028, 15579028, 15179028, 15079028, 15879028, 15979028, 15279028, 15379028]","[5, 5, 5, 5, 5, 5, 5, 5, 5, 5]"
993,6,"[1, 3, 7, 16, 19, 22]",6,4.3311993312090635,0.09681409038603306,37.71243366560278,"[15163517, 15063517, 15863517, 15963517, 15463517, 15563517, 15663517, 15763517, 15263517, 15363517]","[16, 16, 16, 16, 16, 16, 16, 16, 16, 16]"
994,6,"[0, 2, 3, 4, 6, 19]",6,4.289892954751849,0.09825313929468393,33.62536315084435,"[15152059, 15052059, 15252059, 15352059, 15552059, 15452059, 15952059, 15852059, 15752059, 15652059]","[0, 0, 0, 0, 0, 0, 0, 0, 0, 0]"
995,6,"[6, 14, 17, 18, 19, 22]",6,4.304006231017411,0.09986967965960503,37.733206568130605,"[15139513, 15039513, 15839513, 15939513, 15439513, 15539513, 15639513, 15739513, 15239513, 15339513]","[18, 18, 18, 18, 18, 18, 18, 18, 18, 18]"
996,6,"[5, 14, 16, 18, 22]",5,3.5641235215589404,0.08440388273447752,37.997095222957434,"[15112155, 15012155, 15812155, 15912155, 15412155, 15512155, 15612155, 15712155, 15212155, 15312155]","[18, 18, 18, 18, 18, 18, 18, 18, 18, 18]"
997,6,"[0, 5, 14, 18, 22]",5,3.452336451970041,0.07727931067347527,36.016289407294245,"[15045515, 15145515, 15645515, 15745515, 15845515, 15945515, 15545515, 15445515, 15345515, 15245515]","[18, 18, 18, 18, 18, 18, 18, 18, 18, 18]"
998,6,"[2, 4, 9, 14, 18, 24]",6,4.3299989914521575,0.10185564588755369,35.21155045949854,"[15145153, 15045153, 15745153, 15645153, 15545153, 15445153, 15945153, 15845153, 15345153, 15245153]","[2, 2, 2, 2, 2, 2, 2, 2, 2, 2]"
999,6,"[3, 4, 17, 18, 19]",5,3.671386674977839,0.08669727202504873,36.141557278018446,"[15115810, 15015810, 15715810, 15615810, 15515810, 15415810, 15315810, 15215810, 15915810, 15815810]","[19, 19, 19, 19, 19, 19, 19, 19, 19, 19]"
