query,num_centroids,searched_shard_ids,num_searched_shards,gpu_transfer_time,gpu_search_time,warmup_time,best_retrieved_ids,top_doc_shards
0,5,"[4, 13, 14, 18, 22]",5,3.4250339046120644,0.07982296589761972,36.97477443655953,"[15129685, 15029685, 15729685, 15629685, 15529685, 15429685, 15329685, 15229685, 15929685, 15829685]","[22, 22, 22, 22, 22, 22, 22, 22, 22, 22]"
1,5,"[3, 6, 14, 18, 19]",5,3.609034259803593,0.08338135108351707,36.3538566308096,"[15756273, 15656273, 15556273, 15456273, 15056273, 15156273, 15256273, 15356273, 15856273, 15956273]","[3, 3, 3, 3, 3, 3, 3, 3, 3, 3]"
2,5,"[1, 4, 7, 12, 18]",5,3.368738105520606,0.07471915055066347,32.67896325057372,"[15548493, 15448493, 15948493, 15848493, 15148493, 15048493, 15648493, 15748493, 15248493, 15348493]","[7, 7, 7, 7, 7, 7, 7, 7, 7, 7]"
3,5,"[1, 12, 14, 18]",4,2.780376072973013,0.06232960429042578,35.04834687698167,"[15164484, 15064484, 15864484, 15964484, 15464484, 15564484, 15664484, 15764484, 15264484, 15364484]","[18, 18, 18, 18, 18, 18, 18, 18, 18, 18]"
4,5,"[1, 12, 18, 20]",4,2.8243199130520225,0.0667244317010045,35.965234334231354,"[15131061, 15031061, 15831061, 15931061, 15431061, 15531061, 15631061, 15731061, 15231061, 15331061]","[20, 20, 20, 20, 20, 20, 20, 20, 20, 20]"
5,5,"[2, 3, 18, 22]",4,2.93793152179569,0.06656558439135551,38.48186062311288,"[15295114, 15395114, 15495114, 15595114, 15195114, 15095114, 15895114, 15995114, 15695114, 15795114]","[3, 3, 3, 3, 3, 3, 3, 3, 3, 3]"
6,5,"[1, 3, 4, 22]",4,2.868947984650731,0.06776416953653097,36.54425444453955,"[15272009, 15372009, 15972009, 15872009, 15772009, 15672009, 15572009, 15472009, 15072009, 15172009]","[4, 4, 4, 4, 4, 4, 4, 4, 4, 4]"
7,5,"[3, 6, 12, 18, 22]",5,3.6635855408385396,0.08332870062440634,37.774768207687885,"[15302778, 15202778, 15102778, 15002778, 15402778, 15502778, 15602778, 15702778, 15902778, 15802778]","[22, 22, 22, 22, 22, 22, 22, 22, 22, 22]"
8,5,"[12, 13, 14, 18]",4,2.785042184405029,0.06819987390190363,36.270279832417145,"[18837824, 18937824, 18737824, 18637824, 19037824, 19137824, 18337824, 18237824, 18537824, 18437824]","[12, 12, 12, 12, 12, 12, 12, 12, 12, 12]"
9,5,"[4, 11, 13, 22, 24]",5,3.66217543464154,0.08245888724923134,37.73759616753087,"[15188582, 15088582, 15888582, 15988582, 15488582, 15588582, 15388582, 15288582, 15688582, 15788582]","[22, 22, 22, 22, 22, 22, 22, 22, 22, 22]"
10,5,"[4, 11, 18, 23]",4,2.8056223206222057,0.06250546779483557,34.90765043499414,"[15516761, 15416761, 15916761, 15816761, 15116761, 15016761, 15216761, 15316761, 15716761, 15616761]","[18, 18, 18, 18, 18, 18, 18, 18, 18, 18]"
11,5,"[18, 20, 23]",3,2.113266885280609,0.050859334878623486,37.23265537697201,"[15522098, 15422098, 15922098, 15822098, 15122098, 15022098, 15222098, 15322098, 15722098, 15622098]","[23, 23, 23, 23, 23, 23, 23, 23, 23, 23]"
12,5,"[12, 18, 19, 22]",4,2.9478040505200624,0.06644893623888493,40.11658869567327,"[15527618, 15427618, 15927618, 15827618, 15127618, 15027618, 15227618, 15327618, 15727618, 15627618]","[19, 19, 19, 19, 19, 19, 19, 19, 19, 19]"
13,5,"[5, 6, 17, 18]",4,2.8451728420332074,0.06839549168944359,33.93247989937663,"[15590489, 15490489, 15990489, 15890489, 15190489, 15090489, 15290489, 15390489, 15790489, 15690489]","[17, 17, 17, 17, 17, 17, 17, 17, 17, 17]"
14,5,"[10, 18, 22]",3,2.1762182395905256,0.05410382244735956,39.97374251220996,"[15501326, 15401326, 15901326, 15801326, 15101326, 15001326, 15201326, 15301326, 15701326, 15601326]","[22, 22, 22, 22, 22, 22, 22, 22, 22, 22]"
15,5,"[2, 3, 5, 17, 18]",5,3.6544393682852387,0.08131723757833242,34.9864753912203,"[15143925, 15043925, 15843925, 15943925, 15443925, 15543925, 15643925, 15743925, 15243925, 15343925]","[17, 17, 17, 17, 17, 17, 17, 17, 17, 17]"
16,5,"[7, 11, 14, 16, 24]",5,3.5816772198304534,0.08240160159766674,35.8308095831424,"[15453427, 15553427, 15253427, 15353427, 15653427, 15753427, 15153427, 15053427, 15953427, 15853427]","[11, 11, 11, 11, 11, 11, 11, 11, 11, 11]"
17,5,"[2, 16, 17, 18, 20]",5,3.619797988794744,0.08559248130768538,36.719173178449275,"[15112155, 15012155, 15812155, 15912155, 15412155, 15512155, 15612155, 15712155, 15212155, 15312155]","[18, 18, 18, 18, 18, 18, 18, 18, 18, 18]"
18,5,"[3, 11, 12, 17, 18]",5,3.711420299485326,0.08446173649281263,36.8095220701769,"[15509521, 15409521, 15909521, 15809521, 15109521, 15009521, 15209521, 15309521, 15709521, 15609521]","[12, 12, 12, 12, 12, 12, 12, 12, 12, 12]"
19,5,"[0, 3, 4, 9, 18]",5,3.5929632484912872,0.07987178489565849,34.64357557957992,"[15376049, 15276049, 15076049, 15176049, 15476049, 15576049, 15976049, 15876049, 15776049, 15676049]","[9, 9, 9, 9, 9, 9, 9, 9, 9, 9]"
20,5,"[0, 1, 14, 17, 22]",5,3.421234500594437,0.07753270119428635,35.92634753594175,"[15167692, 15067692, 15267692, 15367692, 15567692, 15467692, 15767692, 15667692, 15967692, 15867692]","[22, 22, 22, 22, 22, 22, 22, 22, 22, 22]"
21,5,"[0, 1, 3, 18]",4,2.8225646633654833,0.06124986335635185,34.19414926110767,"[15235027, 15335027, 15435027, 15535027, 15635027, 15735027, 15035027, 15135027, 15835027, 15935027]","[0, 0, 0, 0, 0, 0, 0, 0, 0, 0]"
22,5,"[0, 5, 12, 16, 18]",5,3.461977913044393,0.07739541959017515,34.876481254026295,"[15196954, 15096954, 15296954, 15396954, 15596954, 15496954, 15996954, 15896954, 15796954, 15696954]","[0, 0, 0, 0, 0, 0, 0, 0, 0, 0]"
23,5,"[0, 4, 10, 17, 18]",5,3.4183662068098783,0.0770826730877161,33.65855704434216,"[15396952, 15296952, 15196952, 15096952, 15496952, 15596952, 15696952, 15796952, 15996952, 15896952]","[18, 18, 18, 18, 18, 18, 18, 18, 18, 18]"
24,5,"[1, 3, 9, 22, 24]",5,3.790341015905142,0.08433481864631176,38.90028658770025,"[15145078, 15045078, 15745078, 15645078, 15545078, 15445078, 15345078, 15245078, 15945078, 15845078]","[24, 24, 24, 24, 24, 24, 24, 24, 24, 24]"
25,5,"[0, 5, 6, 7, 14]",5,3.2513823742046952,0.07086924184113741,31.356684999261052,"[15757756, 15657756, 15457756, 15557756, 15157756, 15057756, 15857756, 15957756, 15257756, 15357756]","[5, 5, 5, 5, 5, 5, 5, 5, 5, 5]"
26,5,"[0, 2, 12, 22]",4,2.764058316126466,0.06322403252124786,36.32468741189223,"[15561466, 15461466, 15161466, 15061466, 15761466, 15661466, 15361466, 15261466, 15961466, 15861466]","[2, 2, 2, 2, 2, 2, 2, 2, 2, 2]"
27,5,"[0, 3, 18, 22]",4,2.8481502532958984,0.0668186554685235,37.80602007149719,"[15129685, 15029685, 15829685, 15929685, 15429685, 15529685, 15629685, 15729685, 15229685, 15329685]","[22, 22, 22, 22, 22, 22, 22, 22, 22, 22]"
28,5,"[1, 3, 4, 14, 17]",5,3.4934084871783853,0.08048060536384583,34.07177849095315,"[15438341, 15538341, 15738341, 15638341, 15238341, 15338341, 15138341, 15038341, 15938341, 15838341]","[3, 3, 3, 3, 3, 3, 3, 3, 3, 3]"
29,5,"[0, 3, 5, 18, 22]",5,3.5661239000037313,0.08341218437999487,36.60622867522761,"[15049904, 15149904, 15449904, 15549904, 15949904, 15849904, 15749904, 15649904, 15249904, 15349904]","[0, 0, 0, 0, 0, 0, 0, 0, 0, 0]"
30,5,"[2, 5, 12, 18, 22]",5,3.565924195572734,0.08886947482824326,36.80319244032726,"[15041743, 15141743, 15441743, 15541743, 15941743, 15841743, 15741743, 15641743, 15241743, 15341743]","[2, 2, 2, 2, 2, 2, 2, 2, 2, 2]"
31,5,"[1, 16, 22]",3,2.204464611597359,0.052661340683698654,39.55699993980428,"[15554604, 15454604, 15954604, 15854604, 15154604, 15054604, 15254604, 15354604, 15754604, 15654604]","[22, 22, 22, 22, 22, 22, 22, 22, 22, 22]"
32,5,"[3, 14, 15, 18, 22]",5,3.5738223185762763,0.07964400667697191,38.285036606621,"[15316695, 15216695, 15016695, 15116695, 15616695, 15716695, 15916695, 15816695, 15416695, 15516695]","[15, 15, 15, 15, 15, 15, 15, 15, 15, 15]"
33,5,"[2, 3, 14, 18, 21]",5,3.589332685805857,0.08360181376338005,35.99926438359544,"[15471236, 15571236, 15271236, 15371236, 15671236, 15771236, 15171236, 15071236, 15971236, 15871236]","[3, 3, 3, 3, 3, 3, 3, 3, 3, 3]"
34,5,"[3, 4, 5, 13, 22]",5,3.6186680933460593,0.08335829246789217,36.57436253800988,"[15294964, 15394964, 15494964, 15594964, 15194964, 15094964, 15894964, 15994964, 15694964, 15794964]","[4, 4, 4, 4, 4, 4, 4, 4, 4, 4]"
35,5,"[0, 1, 9, 16, 18]",5,3.624770716764033,0.08383780438452959,35.58945379192009,"[15163517, 15063517, 15863517, 15963517, 15463517, 15563517, 15663517, 15763517, 15263517, 15363517]","[16, 16, 16, 16, 16, 16, 16, 16, 16, 16]"
36,5,"[2, 3, 4, 9, 18]",5,3.6717729084193707,0.08731597941368818,35.184248020872474,"[15594964, 15494964, 15994964, 15894964, 15194964, 15094964, 15294964, 15394964, 15794964, 15694964]","[4, 4, 4, 4, 4, 4, 4, 4, 4, 4]"
37,5,"[2, 9, 18, 20]",4,2.933966995216906,0.06547508202493191,36.82851918519009,"[16641746, 16741746, 17341746, 17241746, 16841746, 16941746, 17141746, 17041746, 17541746, 17441746]","[9, 9, 9, 9, 9, 9, 9, 9, 9, 9]"
38,5,"[4, 7, 12, 18]",4,2.6649397760629654,0.0612420653924346,32.789851808105595,"[15463427, 15563427, 15663427, 15763427, 15963427, 15863427, 15163427, 15063427, 15263427, 15363427]","[12, 12, 12, 12, 12, 12, 12, 12, 12, 12]"
39,5,"[2, 3, 5, 12, 23]",5,3.60268194694072,0.08096447680145502,34.959108947217466,"[15178764, 15078764, 15778764, 15678764, 15578764, 15478764, 15978764, 15878764, 15378764, 15278764]","[2, 2, 2, 2, 2, 2, 2, 2, 2, 2]"
40,5,"[3, 9, 12, 18, 19]",5,3.808050741441548,0.08686745539307594,38.21376703688875,"[15668703, 15768703, 15168703, 15068703, 15268703, 15368703, 15568703, 15468703, 15968703, 15868703]","[18, 18, 18, 18, 18, 18, 18, 18, 18, 18]"
41,5,"[3, 12, 16, 18]",4,2.955925594083965,0.06503260787576437,37.66509334102739,"[15407133, 15507133, 15207133, 15307133, 15607133, 15707133, 15107133, 15007133, 15907133, 15807133]","[12, 12, 12, 12, 12, 12, 12, 12, 12, 12]"
42,5,"[0, 1, 8, 18, 24]",5,3.501962412148714,0.08272088039666414,34.11010671341792,"[15185318, 15085318, 15785318, 15685318, 15585318, 15485318, 15385318, 15285318, 15985318, 15885318]","[24, 24, 24, 24, 24, 24, 24, 24, 24, 24]"
43,5,"[1, 4, 7, 9, 14]",5,3.375377619639039,0.07985411025583744,32.951303478516635,"[15024680, 15124680, 15624680, 15724680, 15824680, 15924680, 15524680, 15424680, 15324680, 15224680]","[9, 9, 9, 9, 9, 9, 9, 9, 9, 9]"
44,5,"[2, 9, 12, 14, 18]",5,3.5395427038893104,0.07848422322422266,35.97233663471415,"[15777223, 15677223, 15477223, 15577223, 15177223, 15077223, 15877223, 15977223, 15277223, 15377223]","[9, 9, 9, 9, 9, 9, 9, 9, 9, 9]"
45,5,"[2, 4, 16, 18]",4,2.8082055831328034,0.06636960618197918,34.59714149439242,"[15565042, 15465042, 15965042, 15865042, 15165042, 15065042, 15665042, 15765042, 15265042, 15365042]","[16, 16, 16, 16, 16, 16, 16, 16, 16, 16]"
46,5,"[2, 4, 5, 6, 18]",5,3.4319784650579095,0.07479740586131811,32.34524089600891,"[15143631, 15043631, 15743631, 15643631, 15543631, 15443631, 15943631, 15843631, 15343631, 15243631]","[2, 2, 2, 2, 2, 2, 2, 2, 2, 2]"
47,5,"[1, 3, 6, 12, 18]",5,3.588255435228348,0.08307972829788923,34.88527155937627,"[15109521, 15009521, 15809521, 15909521, 15409521, 15509521, 15609521, 15709521, 15209521, 15309521]","[12, 12, 12, 12, 12, 12, 12, 12, 12, 12]"
48,5,"[2, 3, 14, 15, 16]",5,3.5385491466149688,0.08290023915469646,36.05764041012153,"[15173629, 15073629, 15773629, 15673629, 15573629, 15473629, 15973629, 15873629, 15373629, 15273629]","[2, 2, 2, 2, 2, 2, 2, 2, 2, 2]"
49,5,"[15, 16, 18]",3,2.1044714665040374,0.04719920642673969,37.192428787394114,"[15728923, 15628923, 15428923, 15528923, 15128923, 15028923, 15828923, 15928923, 15228923, 15328923]","[16, 16, 16, 16, 16, 16, 16, 16, 16, 16]"
50,5,"[1, 2, 4, 15, 18]",5,3.4338733898475766,0.07497179601341486,33.187409072741865,"[15158219, 15058219, 15758219, 15658219, 15558219, 15458219, 15958219, 15858219, 15358219, 15258219]","[1, 1, 1, 1, 1, 1, 1, 1, 1, 1]"
51,5,"[2, 4, 6, 17, 18]",5,3.5038296030834317,0.08240353036671877,33.15998100508004,"[15139513, 15039513, 15239513, 15339513, 15539513, 15439513, 15739513, 15639513, 15939513, 15839513]","[18, 18, 18, 18, 18, 18, 18, 18, 18, 18]"
52,5,"[0, 3, 8, 11, 18]",5,3.613135639578104,0.0805202592164278,35.04204741707072,"[15746438, 15646438, 15446438, 15546438, 15146438, 15046438, 15846438, 15946438, 15246438, 15346438]","[3, 3, 3, 3, 3, 3, 3, 3, 3, 3]"
53,5,"[0, 9, 13, 24]",4,2.9399275770410895,0.06657165288925171,36.15531057852786,"[15143673, 15043673, 15843673, 15943673, 15443673, 15543673, 15643673, 15743673, 15243673, 15343673]","[24, 24, 24, 24, 24, 24, 24, 24, 24, 24]"
54,5,"[12, 18, 22]",3,2.1548130279406905,0.05430319160223007,39.88562248212596,"[15731544, 15631544, 15431544, 15531544, 15131544, 15031544, 15831544, 15931544, 15231544, 15331544]","[18, 18, 18, 18, 18, 18, 18, 18, 18, 18]"
55,5,"[3, 18, 19, 22]",4,3.035551380366087,0.070263696834445,40.54622454091441,"[15359823, 15259823, 15059823, 15159823, 15659823, 15759823, 15959823, 15859823, 15459823, 15559823]","[19, 19, 19, 19, 19, 19, 19, 19, 19, 19]"
56,5,"[1, 2, 5, 11, 18]",5,3.6108558028936386,0.08605414349585772,34.122498917300256,"[15458733, 15558733, 15958733, 15858733, 15358733, 15258733, 15758733, 15658733, 15158733, 15058733]","[5, 5, 5, 5, 5, 5, 5, 5, 5, 5]"
57,5,"[0, 6, 18, 20, 21]",5,3.4606734858825803,0.08033348340541124,34.86201676940546,"[15031035, 15131035, 15631035, 15731035, 15831035, 15931035, 15531035, 15431035, 15331035, 15231035]","[20, 20, 20, 20, 20, 20, 20, 20, 20, 20]"
58,5,"[10, 12, 16, 17, 18]",5,3.6246023951098323,0.08323314692825079,37.0173907417804,"[15087563, 15187563, 15487563, 15587563, 15987563, 15887563, 15787563, 15687563, 15287563, 15387563]","[10, 10, 10, 10, 10, 10, 10, 10, 10, 10]"
59,5,"[0, 1, 3, 14, 18]",5,3.5114642065018415,0.07729222998023033,34.35212006950751,"[15792864, 15692864, 15592864, 15492864, 15092864, 15192864, 15292864, 15392864, 15892864, 15992864]","[0, 0, 0, 0, 0, 0, 0, 0, 0, 0]"
60,5,"[0, 1, 6, 17, 18]",5,3.4763687318190932,0.08242832031100988,33.20138699728996,"[15069165, 15169165, 15669165, 15769165, 15869165, 15969165, 15569165, 15469165, 15369165, 15269165]","[17, 17, 17, 17, 17, 17, 17, 17, 17, 17]"
61,5,"[3, 7, 12, 18, 22]",5,3.5602402575314045,0.08307004906237125,37.2901964568533,"[15107710, 15007710, 15807710, 15907710, 15407710, 15507710, 15307710, 15207710, 15607710, 15707710]","[18, 18, 18, 18, 18, 18, 18, 18, 18, 18]"
62,5,"[0, 2, 8, 16, 18]",5,3.488937278278172,0.08223478961735964,34.4644191512838,"[15171773, 15071773, 15771773, 15671773, 15571773, 15471773, 15971773, 15871773, 15371773, 15271773]","[0, 0, 0, 0, 0, 0, 0, 0, 0, 0]"
63,5,"[5, 17, 18, 20, 24]",5,3.630435399711132,0.08713243436068296,36.279191554524004,"[15785472, 15685472, 15485472, 15585472, 15185472, 15085472, 15885472, 15985472, 15285472, 15385472]","[17, 17, 17, 17, 17, 17, 17, 17, 17, 17]"
64,5,"[5, 7, 18, 22]",4,2.718374495394528,0.06043032091110945,36.02729736745823,"[15187285, 15087285, 15887285, 15987285, 15487285, 15587285, 15387285, 15287285, 15687285, 15787285]","[22, 22, 22, 22, 22, 22, 22, 22, 22, 22]"
65,5,"[3, 6, 8, 16, 23]",5,3.5553303733468056,0.08013471122831106,35.73342867568135,"[15113124, 15013124, 15713124, 15613124, 15513124, 15413124, 15313124, 15213124, 15913124, 15813124]","[23, 23, 23, 23, 23, 23, 23, 23, 23, 23]"
66,5,"[12, 16, 22, 24]",4,2.953646478243172,0.06671093869954348,40.23712651326787,"[15588582, 15488582, 15988582, 15888582, 15188582, 15088582, 15288582, 15388582, 15788582, 15688582]","[22, 22, 22, 22, 22, 22, 22, 22, 22, 22]"
67,5,"[1, 4, 12, 22]",4,2.770756027661264,0.06941146869212389,36.11461859929841,"[15759269, 15659269, 15459269, 15559269, 15859269, 15959269, 15259269, 15359269, 15159269, 15059269]","[22, 22, 22, 22, 22, 22, 22, 22, 22, 22]"
68,5,"[18, 19, 23, 24]",4,2.935120943002403,0.06422572024166584,38.038414831855334,"[15178380, 15078380, 15778380, 15678380, 15578380, 15478380, 15978380, 15878380, 15378380, 15278380]","[18, 18, 18, 18, 18, 18, 18, 18, 18, 18]"
69,5,"[2, 3, 10, 14, 18]",5,3.567680981941521,0.0803834991529584,35.74161397712305,"[15569016, 15469016, 15969016, 15869016, 15169016, 15069016, 15269016, 15369016, 15769016, 15669016]","[10, 10, 10, 10, 10, 10, 10, 10, 10, 10]"
70,5,"[3, 4, 6, 17, 22]",5,3.5551806380972266,0.08832345809787512,36.22112926850095,"[15570364, 15470364, 15970364, 15870364, 15170364, 15070364, 15270364, 15370364, 15770364, 15670364]","[6, 6, 6, 6, 6, 6, 6, 6, 6, 6]"
71,5,"[0, 7, 13, 18, 22]",5,3.356248785741627,0.07934620324522257,35.85478733610362,"[15135027, 15035027, 15735027, 15635027, 15535027, 15435027, 15935027, 15835027, 15335027, 15235027]","[0, 0, 0, 0, 0, 0, 0, 0, 0, 0]"
72,5,"[3, 12, 16, 18, 22]",5,3.715357154607773,0.08579668682068586,39.46865312522277,"[15486993, 15586993, 15886993, 15986993, 15086993, 15186993, 15686993, 15786993, 15386993, 15286993]","[12, 12, 12, 12, 12, 12, 12, 12, 12, 12]"
73,5,"[0, 12, 18]",3,2.057317264378071,0.04837507102638483,34.27421488100663,"[15789042, 15689042, 15489042, 15589042, 15189042, 15089042, 15889042, 15989042, 15289042, 15389042]","[12, 12, 12, 12, 12, 12, 12, 12, 12, 12]"
74,5,"[6, 16, 17, 18, 19]",5,3.667173946276307,0.08142312709242105,36.89700847612694,"[15024167, 15124167, 15424167, 15524167, 15924167, 15824167, 15224167, 15324167, 15724167, 15624167]","[19, 19, 19, 19, 19, 19, 19, 19, 19, 19]"
75,5,"[2, 3, 5, 17, 23]",5,3.6285353302955627,0.08111805189400911,34.892230421956626,"[16870123, 16970123, 17170123, 17070123, 16770123, 16670123, 17470123, 17570123, 17370123, 17270123]","[3, 3, 3, 3, 3, 3, 3, 3, 3, 3]"
76,5,"[12, 14, 16, 18, 22]",5,3.5614828867837787,0.08687604498118162,38.878713857289405,"[15772947, 15672947, 15472947, 15572947, 15172947, 15072947, 15872947, 15972947, 15272947, 15372947]","[14, 14, 14, 14, 14, 14, 14, 14, 14, 14]"
77,5,"[3, 11, 13, 22]",4,3.0183686446398497,0.0706334775313735,39.749726158799604,"[15134045, 15034045, 15534045, 15434045, 15334045, 15234045, 15834045, 15934045, 15734045, 15634045]","[11, 11, 11, 11, 11, 11, 11, 11, 11, 11]"
78,5,"[0, 1, 3, 10, 11]",5,3.640007563866675,0.0837459359318018,34.75129327243194,"[15124305, 15024305, 15824305, 15924305, 15424305, 15524305, 15624305, 15724305, 15224305, 15324305]","[10, 10, 10, 10, 10, 10, 10, 10, 10, 10]"
79,5,"[1, 3, 7, 12, 19]",5,3.6094876574352384,0.08107256796211004,35.21083349129185,"[15115810, 15015810, 15715810, 15615810, 15515810, 15415810, 15315810, 15215810, 15915810, 15815810]","[19, 19, 19, 19, 19, 19, 19, 19, 19, 19]"
80,5,"[1, 12, 16, 18, 23]",5,3.561311169527471,0.07951406016945839,36.249935363605616,"[15177027, 15077027, 15277027, 15377027, 15577027, 15477027, 15777027, 15677027, 15977027, 15877027]","[23, 23, 23, 23, 23, 23, 23, 23, 23, 23]"
81,5,"[0, 1, 16, 17, 18]",5,3.5341846151277423,0.08565395511686802,34.895271914824846,"[15191597, 15091597, 15891597, 15991597, 15491597, 15591597, 15391597, 15291597, 15691597, 15791597]","[17, 17, 17, 17, 17, 17, 17, 17, 17, 17]"
82,5,"[0, 1, 4, 19, 22]",5,3.5201617646962404,0.08506019320338964,35.7802949860692,"[15140866, 15040866, 15740866, 15640866, 15540866, 15440866, 15340866, 15240866, 15940866, 15840866]","[22, 22, 22, 22, 22, 22, 22, 22, 22, 22]"
83,5,"[0, 8, 14, 18, 19]",5,3.4642856623977423,0.07923559658229351,35.16217123875394,"[15589164, 15489164, 15989164, 15889164, 15189164, 15089164, 15289164, 15389164, 15789164, 15689164]","[14, 14, 14, 14, 14, 14, 14, 14, 14, 14]"
84,5,"[0, 14, 18, 19]",4,2.769875392317772,0.058476436883211136,35.6002447551582,"[15135027, 15035027, 15735027, 15635027, 15535027, 15435027, 15935027, 15835027, 15335027, 15235027]","[0, 0, 0, 0, 0, 0, 0, 0, 0, 0]"
85,5,"[11, 16, 18, 19]",4,2.999680050648749,0.06710126530379057,38.645044171018526,"[15655904, 15755904, 15455904, 15555904, 15355904, 15255904, 15055904, 15155904, 15855904, 15955904]","[11, 11, 11, 11, 11, 11, 11, 11, 11, 11]"
86,5,"[0, 1, 14, 15, 24]",5,3.4345655059441924,0.08614845387637615,34.08632193543017,"[15853456, 15953456, 15353456, 15253456, 15753456, 15653456, 15553456, 15453456, 15153456, 15053456]","[15, 15, 15, 15, 15, 15, 15, 15, 15, 15]"
87,5,"[0, 2, 11, 12, 21]",5,3.470616651698947,0.0798290204256773,34.72855953164399,"[15982683, 15882683, 15782683, 15682683, 15082683, 15182683, 15382683, 15282683, 15482683, 15582683]","[11, 11, 11, 11, 11, 11, 11, 11, 11, 11]"
88,5,"[1, 3, 9, 22]",4,3.0059352293610573,0.0701197749003768,39.05091848655138,"[15767887, 15667887, 15467887, 15567887, 15167887, 15067887, 15867887, 15967887, 15267887, 15367887]","[3, 3, 3, 3, 3, 3, 3, 3, 3, 3]"
89,5,"[0, 6, 14, 18]",4,2.6683978913351893,0.0607222318649292,33.218691408401355,"[15603950, 15703950, 15103950, 15003950, 15203950, 15303950, 15503950, 15403950, 15903950, 15803950]","[18, 18, 18, 18, 18, 18, 18, 18, 18, 18]"
90,5,"[0, 3, 9, 18, 22]",5,3.634917943738401,0.07819705735892057,38.115150661394,"[15102235, 15002235, 15702235, 15602235, 15502235, 15402235, 15302235, 15202235, 15902235, 15802235]","[22, 22, 22, 22, 22, 22, 22, 22, 22, 22]"
91,5,"[0, 5, 6, 12, 22]",5,3.429552893154323,0.08367834985256195,35.16741100437939,"[15144563, 15044563, 15744563, 15644563, 15544563, 15444563, 15344563, 15244563, 15944563, 15844563]","[22, 22, 22, 22, 22, 22, 22, 22, 22, 22]"
92,5,"[0, 2, 3, 6, 18]",5,3.506493277847767,0.08016577735543251,33.67529872767627,"[15471923, 15571923, 15271923, 15371923, 15671923, 15771923, 15171923, 15071923, 15971923, 15871923]","[2, 2, 2, 2, 2, 2, 2, 2, 2, 2]"
93,5,"[12, 16, 22]",3,2.165523821488023,0.050527870655059814,40.88358235359192,"[15545684, 15445684, 15945684, 15845684, 15145684, 15045684, 15645684, 15745684, 15245684, 15345684]","[22, 22, 22, 22, 22, 22, 22, 22, 22, 22]"
94,5,"[1, 9, 13, 16, 17]",5,3.699316941201687,0.08480329811573029,36.86873701121658,"[15715973, 15615973, 15315973, 15215973, 15915973, 15815973, 15515973, 15415973, 15015973, 15115973]","[1, 1, 1, 1, 1, 1, 1, 1, 1, 1]"
95,5,"[8, 9, 11, 16, 18]",5,3.721956300549209,0.0838793134316802,37.30644790837541,"[15184477, 15084477, 15784477, 15684477, 15584477, 15484477, 15384477, 15284477, 15984477, 15884477]","[18, 18, 18, 18, 18, 18, 18, 18, 18, 18]"
96,5,"[2, 14, 18, 23]",4,2.7548202825710177,0.06558680348098278,35.145611991756596,"[15325270, 15225270, 15125270, 15025270, 15425270, 15525270, 15925270, 15825270, 15625270, 15725270]","[2, 2, 2, 2, 2, 2, 2, 2, 2, 2]"
97,5,"[1, 3, 6, 18, 23]",5,3.59072033315897,0.0830119289457798,34.89975912226364,"[15541208, 15441208, 15941208, 15841208, 15141208, 15041208, 15641208, 15741208, 15241208, 15341208]","[6, 6, 6, 6, 6, 6, 6, 6, 6, 6]"
98,5,"[1, 2, 4, 8, 22]",5,3.5006581470370293,0.08626024145632982,34.841045394726095,"[15179703, 15079703, 15779703, 15679703, 15579703, 15479703, 15379703, 15279703, 15979703, 15879703]","[22, 22, 22, 22, 22, 22, 22, 22, 22, 22]"
99,5,"[0, 1, 7, 18]",4,2.6706144539639354,0.0648497175425291,31.925828149192967,"[15188268, 15088268, 15888268, 15988268, 15488268, 15588268, 15688268, 15788268, 15288268, 15388268]","[18, 18, 18, 18, 18, 18, 18, 18, 18, 18]"
100,5,"[3, 16, 17, 24]",4,3.06497660279274,0.06999395694583654,37.96623020188417,"[15443691, 15543691, 15943691, 15843691, 15343691, 15243691, 15743691, 15643691, 15143691, 15043691]","[17, 17, 17, 17, 17, 17, 17, 17, 17, 17]"
101,5,"[0, 4, 9, 13, 24]",5,3.588496884331107,0.08383980393409729,34.78925183340907,"[15458846, 15558846, 15858846, 15958846, 15058846, 15158846, 15658846, 15758846, 15358846, 15258846]","[4, 4, 4, 4, 4, 4, 4, 4, 4, 4]"
102,5,"[6, 12, 22]",3,2.1387446774169803,0.04879656620323658,38.060440824367106,"[15535333, 15435333, 15935333, 15835333, 15135333, 15035333, 15235333, 15335333, 15735333, 15635333]","[22, 22, 22, 22, 22, 22, 22, 22, 22, 22]"
103,5,"[0, 3, 6, 14, 19]",5,3.551847287453711,0.08017768245190382,34.971826738025996,"[15135027, 15035027, 15735027, 15635027, 15535027, 15435027, 15935027, 15835027, 15335027, 15235027]","[0, 0, 0, 0, 0, 0, 0, 0, 0, 0]"
104,5,"[2, 3, 9, 17, 23]",5,3.7008295729756355,0.08380375616252422,36.40115240812302,"[15125159, 15025159, 15225159, 15325159, 15525159, 15425159, 15725159, 15625159, 15925159, 15825159]","[23, 23, 23, 23, 23, 23, 23, 23, 23, 23]"
105,5,"[8, 10, 12, 20, 23]",5,3.5214053504168987,0.08267688378691673,36.20873939907178,"[15301661, 15201661, 15001661, 15101661, 15501661, 15401661, 15701661, 15601661, 15901661, 15801661]","[10, 10, 10, 10, 10, 10, 10, 10, 10, 10]"
106,5,"[0, 15, 17, 18, 23]",5,3.3945287447422743,0.07866729889065027,34.768322999123484,"[15125159, 15025159, 15725159, 15625159, 15525159, 15425159, 15325159, 15225159, 15925159, 15825159]","[23, 23, 23, 23, 23, 23, 23, 23, 23, 23]"
107,5,"[1, 3, 18, 24]",4,2.994326033629477,0.06703011132776737,36.306421644520015,"[15322321, 15222321, 15822321, 15922321, 15522321, 15422321, 15022321, 15122321, 15722321, 15622321]","[24, 24, 24, 24, 24, 24, 24, 24, 24, 24]"
108,5,"[3, 7, 12, 18]",4,2.793971016071737,0.06086879689246416,34.94202250556555,"[15186137, 15086137, 15886137, 15986137, 15486137, 15586137, 15686137, 15786137, 15286137, 15386137]","[18, 18, 18, 18, 18, 18, 18, 18, 18, 18]"
109,5,"[6, 9, 13, 18, 22]",5,3.6251434180885553,0.08022116310894489,38.239959799405185,"[15189661, 15089661, 15289661, 15389661, 15589661, 15489661, 15989661, 15889661, 15789661, 15689661]","[6, 6, 6, 6, 6, 6, 6, 6, 6, 6]"
110,5,"[0, 1, 2, 6, 16]",5,3.4631489533931017,0.07442997489124537,33.134416526090355,"[15696954, 15796954, 15496954, 15596954, 15396954, 15296954, 15096954, 15196954, 15896954, 15996954]","[0, 0, 0, 0, 0, 0, 0, 0, 0, 0]"
111,5,"[6, 12, 18, 22]",4,2.8155797636136413,0.06682963762432337,37.735035348916426,"[15129685, 15029685, 15829685, 15929685, 15429685, 15529685, 15629685, 15729685, 15229685, 15329685]","[22, 22, 22, 22, 22, 22, 22, 22, 22, 22]"
112,5,"[3, 9, 14, 22]",4,2.9418749064207077,0.06409731041640043,39.73806705721654,"[15179703, 15079703, 15879703, 15979703, 15479703, 15579703, 15679703, 15779703, 15279703, 15379703]","[22, 22, 22, 22, 22, 22, 22, 22, 22, 22]"
113,5,"[1, 4, 12, 14]",4,2.699043733999133,0.06375016923993826,33.18989635957405,"[15539510, 15439510, 15939510, 15839510, 15139510, 15039510, 15239510, 15339510, 15739510, 15639510]","[12, 12, 12, 12, 12, 12, 12, 12, 12, 12]"
114,5,"[0, 4, 12, 18, 22]",5,3.3952293936163187,0.08299307525157928,35.766110751591626,"[15986993, 15886993, 15786993, 15686993, 15086993, 15186993, 15386993, 15286993, 15486993, 15586993]","[12, 12, 12, 12, 12, 12, 12, 12, 12, 12]"
115,5,"[1, 14, 18, 21]",4,2.7409539073705673,0.0658772774040699,35.43649990763515,"[15662444, 15762444, 15462444, 15562444, 15362444, 15262444, 15062444, 15162444, 15862444, 15962444]","[1, 1, 1, 1, 1, 1, 1, 1, 1, 1]"
116,5,"[1, 2, 3, 7, 16]",5,3.5633522970601916,0.08240137435495853,34.266850812081245,"[15173530, 15073530, 15773530, 15673530, 15573530, 15473530, 15973530, 15873530, 15373530, 15273530]","[1, 1, 1, 1, 1, 1, 1, 1, 1, 1]"
117,5,"[9, 13, 14, 18]",4,2.8745592487975955,0.06087030470371246,37.054409022210166,"[15904483, 15804483, 15704483, 15604483, 15004483, 15104483, 15304483, 15204483, 15404483, 15504483]","[14, 14, 14, 14, 14, 14, 14, 14, 14, 14]"
118,5,"[0, 12, 13, 16, 18]",5,3.515883662737906,0.0824390472844243,35.939696804434064,"[15439893, 15539893, 15939893, 15839893, 15339893, 15239893, 15739893, 15639893, 15139893, 15039893]","[13, 13, 13, 13, 13, 13, 13, 13, 13, 13]"
119,5,"[1, 7, 12, 18]",4,2.7467902014032006,0.06500697787851095,33.51744984998368,"[15965069, 15865069, 15565069, 15465069, 15765069, 15665069, 15165069, 15065069, 15365069, 15265069]","[12, 12, 12, 12, 12, 12, 12, 12, 12, 12]"
120,5,"[2, 5, 9, 15, 18]",5,3.5876380633562803,0.08327638171613216,35.10707112029195,"[15740799, 15640799, 15340799, 15240799, 15140799, 15040799, 15440799, 15540799, 15940799, 15840799]","[15, 15, 15, 15, 15, 15, 15, 15, 15, 15]"
121,5,"[1, 2, 3, 8, 18]",5,3.623225408606231,0.08602075930684805,34.57796728480607,"[15753659, 15653659, 15453659, 15553659, 15153659, 15053659, 15853659, 15953659, 15253659, 15353659]","[2, 2, 2, 2, 2, 2, 2, 2, 2, 2]"
122,5,"[4, 8, 13, 18, 22]",5,3.5002588275820017,0.08920259866863489,36.659949210565536,"[15703806, 15603806, 15403806, 15503806, 15103806, 15003806, 15803806, 15903806, 15203806, 15303806]","[8, 8, 8, 8, 8, 8, 8, 8, 8, 8]"
123,5,"[1, 2, 4, 20, 23]",5,3.494979132898152,0.08588995318859816,33.810320949368176,"[15740998, 15640998, 15440998, 15540998, 15140998, 15040998, 15840998, 15940998, 15240998, 15340998]","[2, 2, 2, 2, 2, 2, 2, 2, 2, 2]"
124,5,"[1, 3, 10, 16]",4,2.9892822690308094,0.0688153337687254,36.60033088806085,"[15585459, 15485459, 15985459, 15885459, 15185459, 15085459, 15685459, 15785459, 15285459, 15385459]","[10, 10, 10, 10, 10, 10, 10, 10, 10, 10]"
125,5,"[3, 5, 16, 18, 21]",5,3.6527514094486833,0.08622008562088013,36.80400971537456,"[15112155, 15012155, 15812155, 15912155, 15412155, 15512155, 15612155, 15712155, 15212155, 15312155]","[18, 18, 18, 18, 18, 18, 18, 18, 18, 18]"
126,5,"[1, 4, 10, 18, 22]",5,3.5463282773271203,0.08877875469624996,36.29633068200201,"[15512609, 15412609, 15912609, 15812609, 15112609, 15012609, 15212609, 15312609, 15712609, 15612609]","[10, 10, 10, 10, 10, 10, 10, 10, 10, 10]"
127,5,"[0, 3, 18, 21]",4,2.82951935287565,0.0627167271450162,35.577239102101885,"[15456273, 15556273, 15856273, 15956273, 15056273, 15156273, 15656273, 15756273, 15356273, 15256273]","[3, 3, 3, 3, 3, 3, 3, 3, 3, 3]"
128,5,"[0, 3, 13, 18, 19]",5,3.6283291187137365,0.08214669767767191,36.49476324049756,"[15732591, 15632591, 15432591, 15532591, 15132591, 15032591, 15832591, 15932591, 15232591, 15332591]","[3, 3, 3, 3, 3, 3, 3, 3, 3, 3]"
129,5,"[0, 11, 18, 19, 22]",5,3.5922821778804064,0.08023952972143888,38.2718079735525,"[15518260, 15418260, 15918260, 15818260, 15118260, 15018260, 15218260, 15318260, 15718260, 15618260]","[18, 18, 18, 18, 18, 18, 18, 18, 18, 18]"
130,5,"[1, 10, 18, 19]",4,2.903012023307383,0.0667685167863965,36.570807907846756,"[15576185, 15476185, 15976185, 15876185, 15176185, 15076185, 15276185, 15376185, 15776185, 15676185]","[18, 18, 18, 18, 18, 18, 18, 18, 18, 18]"
131,5,"[0, 2, 3, 14, 18]",5,3.475255722180009,0.0803645933046937,34.41544459844008,"[15017042, 15117042, 15417042, 15517042, 15917042, 15817042, 15717042, 15617042, 15217042, 15317042]","[0, 0, 0, 0, 0, 0, 0, 0, 0, 0]"
132,5,"[1, 4, 13, 19, 21]",5,3.507607728242874,0.07758801244199276,35.45216448726133,"[15511258, 15411258, 15111258, 15011258, 15711258, 15611258, 15311258, 15211258, 15911258, 15811258]","[4, 4, 4, 4, 4, 4, 4, 4, 4, 4]"
133,5,"[1, 3, 15, 16, 23]",5,3.570953997783363,0.08277619071304798,36.25503403581679,"[15257433, 15357433, 15457433, 15557433, 15157433, 15057433, 15857433, 15957433, 15657433, 15757433]","[3, 3, 3, 3, 3, 3, 3, 3, 3, 3]"
134,5,"[1, 3, 4, 18, 21]",5,3.523157685995102,0.08638406731188297,34.80414256462827,"[15972009, 15872009, 15572009, 15472009, 15772009, 15672009, 15172009, 15072009, 15372009, 15272009]","[4, 4, 4, 4, 4, 4, 4, 4, 4, 4]"
135,5,"[3, 7, 9, 16, 17]",5,3.632385328412056,0.08380805142223835,36.35585000626743,"[16787744, 16687744, 17487744, 17587744, 17087744, 17187744, 16987744, 16887744, 17287744, 17387744]","[16, 16, 16, 16, 16, 16, 16, 16, 16, 16]"
136,5,"[3, 4, 11, 19]",4,2.967922586016357,0.06474913842976093,36.33184393006377,"[15127618, 15027618, 15827618, 15927618, 15427618, 15527618, 15627618, 15727618, 15227618, 15327618]","[19, 19, 19, 19, 19, 19, 19, 19, 19, 19]"
137,5,"[3, 4, 5, 11, 14]",5,3.541873217560351,0.07667818292975426,34.26179095543921,"[15056273, 15156273, 15456273, 15556273, 15956273, 15856273, 15756273, 15656273, 15256273, 15356273]","[3, 3, 3, 3, 3, 3, 3, 3, 3, 3]"
138,5,"[1, 3, 4, 14]",4,2.8308308757841587,0.06689747422933578,33.61953220481519,"[15421829, 15521829, 15221829, 15321829, 15621829, 15721829, 15121829, 15021829, 15921829, 15821829]","[3, 3, 3, 3, 3, 3, 3, 3, 3, 3]"
139,5,"[1, 2, 5, 17, 19]",5,3.6466432958841324,0.08623037859797478,34.656950949504974,"[15710935, 15610935, 15410935, 15510935, 15110935, 15010935, 15810935, 15910935, 15210935, 15310935]","[2, 2, 2, 2, 2, 2, 2, 2, 2, 2]"
140,5,"[5, 15, 16, 18, 22]",5,3.576468924060464,0.08022463787347078,38.01344834286719,"[15565042, 15465042, 15965042, 15865042, 15165042, 15065042, 15265042, 15365042, 15765042, 15665042]","[16, 16, 16, 16, 16, 16, 16, 16, 16, 16]"
141,5,"[0, 2, 3, 5]",4,2.850537655875087,0.06324512884020805,33.035365964169614,"[15554633, 15454633, 15954633, 15854633, 15154633, 15054633, 15254633, 15354633, 15754633, 15654633]","[3, 3, 3, 3, 3, 3, 3, 3, 3, 3]"
142,5,"[0, 5, 7, 18]",4,2.6501597743481398,0.059540994465351105,31.818741666618735,"[15232856, 15332856, 15932856, 15832856, 15732856, 15632856, 15532856, 15432856, 15032856, 15132856]","[7, 7, 7, 7, 7, 7, 7, 7, 7, 7]"
143,5,"[0, 18, 19, 22]",4,2.888831286691129,0.07029569707810879,38.52496699488256,"[15900624, 15800624, 15700624, 15600624, 15000624, 15100624, 15300624, 15200624, 15400624, 15500624]","[19, 19, 19, 19, 19, 19, 19, 19, 19, 19]"
144,5,"[10, 14, 15, 18, 22]",5,3.499448292888701,0.08335814066231251,37.99419994847849,"[15639513, 15739513, 15139513, 15039513, 15239513, 15339513, 15539513, 15439513, 15939513, 15839513]","[18, 18, 18, 18, 18, 18, 18, 18, 18, 18]"
145,5,"[1, 5, 15, 16, 18]",5,3.5380058512091637,0.08045049011707306,35.12395169455558,"[15563227, 15463227, 15963227, 15863227, 15163227, 15063227, 15263227, 15363227, 15763227, 15663227]","[15, 15, 15, 15, 15, 15, 15, 15, 15, 15]"
146,5,"[0, 1, 13, 17]",4,2.77775636035949,0.06293065287172794,33.77199573919643,"[15705066, 15605066, 15305066, 15205066, 15105066, 15005066, 15405066, 15505066, 15905066, 15805066]","[17, 17, 17, 17, 17, 17, 17, 17, 17, 17]"
147,5,"[1, 4, 6, 8, 18]",5,3.474907058291137,0.08767775446176529,32.60247918367386,"[15112155, 15012155, 15712155, 15612155, 15512155, 15412155, 15312155, 15212155, 15912155, 15812155]","[18, 18, 18, 18, 18, 18, 18, 18, 18, 18]"
148,5,"[0, 8, 14, 16, 17]",5,3.46212150901556,0.0805885223671794,34.77520242147148,"[15523644, 15423644, 15923644, 15823644, 15123644, 15023644, 15223644, 15323644, 15723644, 15623644]","[14, 14, 14, 14, 14, 14, 14, 14, 14, 14]"
149,5,"[5, 16, 18, 22]",4,2.9083135658875108,0.06877340376377106,38.75036820292007,"[17550845, 17450845, 17150845, 17050845, 16950845, 16850845, 16650845, 16750845, 17250845, 17350845]","[16, 16, 16, 16, 16, 16, 16, 16, 16, 16]"
150,5,"[0, 2, 12, 16, 18]",5,3.502343101426959,0.07826977502554655,35.02547496901825,"[15635027, 15735027, 15435027, 15535027, 15335027, 15235027, 15035027, 15135027, 15835027, 15935027]","[0, 0, 0, 0, 0, 0, 0, 0, 0, 0]"
151,5,"[2, 9, 10, 17, 23]",5,3.5983492601662874,0.08074123878031969,36.11031574998051,"[15677027, 15777027, 15477027, 15577027, 15377027, 15277027, 15877027, 15977027, 15077027, 15177027]","[23, 23, 23, 23, 23, 23, 23, 23, 23, 23]"
152,5,"[0, 4, 6, 14, 18]",5,3.3099894616752863,0.07389501389116049,32.43995649730787,"[15129315, 15029315, 15829315, 15929315, 15429315, 15529315, 15329315, 15229315, 15629315, 15729315]","[14, 14, 14, 14, 14, 14, 14, 14, 14, 14]"
153,5,"[0, 1, 5, 18, 22]",5,3.4657127298414707,0.07815890852361917,35.466570550762114,"[15612459, 15712459, 15412459, 15512459, 15312459, 15212459, 15012459, 15112459, 15812459, 15912459]","[0, 0, 0, 0, 0, 0, 0, 0, 0, 0]"
154,5,"[0, 3, 6, 17, 18]",5,3.5290354769676924,0.08067473489791155,34.34104512175545,"[15921036, 15821036, 15521036, 15421036, 15721036, 15621036, 15121036, 15021036, 15321036, 15221036]","[6, 6, 6, 6, 6, 6, 6, 6, 6, 6]"
155,5,"[1, 5, 9, 12, 15]",5,3.5428511602804065,0.0833887830376625,34.935014059208335,"[15924680, 15824680, 15724680, 15624680, 15024680, 15124680, 15324680, 15224680, 15424680, 15524680]","[9, 9, 9, 9, 9, 9, 9, 9, 9, 9]"
156,5,"[0, 12, 16, 18, 22]",5,3.5072231497615576,0.08372240234166384,37.85164708839729,"[15100850, 15000850, 15700850, 15600850, 15500850, 15400850, 15900850, 15800850, 15300850, 15200850]","[0, 0, 0, 0, 0, 0, 0, 0, 0, 0]"
157,5,"[1, 3, 4, 10, 16]",5,3.5955793829634786,0.08360375091433525,35.14526808103547,"[15741629, 15641629, 15441629, 15541629, 15841629, 15941629, 15241629, 15341629, 15141629, 15041629]","[10, 10, 10, 10, 10, 10, 10, 10, 10, 10]"
158,5,"[3, 4, 18, 24]",4,2.9275804962962866,0.06938669178634882,35.57882360264193,"[15747368, 15647368, 15447368, 15547368, 15147368, 15047368, 15847368, 15947368, 15247368, 15347368]","[4, 4, 4, 4, 4, 4, 4, 4, 4, 4]"
159,5,"[6, 10, 11, 14, 16]",5,3.5762507282197475,0.08239069767296314,35.95173280593008,"[15593019, 15493019, 15993019, 15893019, 15193019, 15093019, 15693019, 15793019, 15293019, 15393019]","[11, 11, 11, 11, 11, 11, 11, 11, 11, 11]"
160,5,"[2, 12, 14, 18, 22]",5,3.5415234910324216,0.08633160404860973,37.438580482918766,"[15080820, 15180820, 15480820, 15580820, 15980820, 15880820, 15280820, 15380820, 15780820, 15680820]","[22, 22, 22, 22, 22, 22, 22, 22, 22, 22]"
161,5,"[1, 10, 11, 18]",4,2.9273790577426553,0.06930293329060078,35.68322904582601,"[15112155, 15012155, 15812155, 15912155, 15412155, 15512155, 15612155, 15712155, 15212155, 15312155]","[18, 18, 18, 18, 18, 18, 18, 18, 18, 18]"
162,5,"[11, 15, 16, 18, 22]",5,3.6335494853556156,0.08474158868193626,39.10387010248378,"[15378092, 15278092, 15178092, 15078092, 15478092, 15578092, 15978092, 15878092, 15678092, 15778092]","[11, 11, 11, 11, 11, 11, 11, 11, 11, 11]"
163,5,"[1, 2, 7, 16]",4,2.7803169544786215,0.06514744739979506,33.35013860440813,"[15428324, 15528324, 15828324, 15928324, 15028324, 15128324, 15628324, 15728324, 15328324, 15228324]","[2, 2, 2, 2, 2, 2, 2, 2, 2, 2]"
164,5,"[0, 1, 2, 3, 6]",5,3.5498185604810715,0.08272794168442488,32.770616747252646,"[15493441, 15593441, 15993441, 15893441, 15393441, 15293441, 15793441, 15693441, 15193441, 15093441]","[2, 2, 2, 2, 2, 2, 2, 2, 2, 2]"
165,5,"[1, 5, 18, 20]",4,2.8440289068967104,0.06867971736937761,34.86321104131639,"[15484408, 15584408, 15884408, 15984408, 15084408, 15184408, 15684408, 15784408, 15384408, 15284408]","[5, 5, 5, 5, 5, 5, 5, 5, 5, 5]"
166,5,"[2, 3, 5, 17, 22]",5,3.6908911066129804,0.08634191937744617,36.971290059108284,"[15197876, 15097876, 15897876, 15997876, 15497876, 15597876, 15697876, 15797876, 15297876, 15397876]","[17, 17, 17, 17, 17, 17, 17, 17, 17, 17]"
167,5,"[3, 6, 13, 15]",4,2.869392294436693,0.06351682357490063,35.35147083422635,"[15446348, 15546348, 15846348, 15946348, 15046348, 15146348, 15646348, 15746348, 15346348, 15246348]","[6, 6, 6, 6, 6, 6, 6, 6, 6, 6]"
168,5,"[0, 3, 4, 21]",4,2.7720270985737443,0.06503573153167963,33.718788584694266,"[15394964, 15294964, 15094964, 15194964, 15694964, 15794964, 15994964, 15894964, 15494964, 15594964]","[4, 4, 4, 4, 4, 4, 4, 4, 4, 4]"
169,5,"[2, 3, 10, 13, 22]",5,3.67858381010592,0.08659973926842213,38.154256152827294,"[15770471, 15670471, 15370471, 15270471, 15970471, 15870471, 15070471, 15170471, 15570471, 15470471]","[22, 22, 22, 22, 22, 22, 22, 22, 22, 22]"
170,5,"[0, 1, 3, 10, 14]",5,3.5270187743008137,0.08518030121922493,34.29625955540687,"[15172947, 15072947, 15772947, 15672947, 15572947, 15472947, 15372947, 15272947, 15972947, 15872947]","[14, 14, 14, 14, 14, 14, 14, 14, 14, 14]"
171,5,"[1, 14, 19, 24]",4,2.943262793123722,0.06855396553874016,36.58166466304101,"[15472947, 15572947, 15872947, 15972947, 15072947, 15172947, 15672947, 15772947, 15372947, 15272947]","[14, 14, 14, 14, 14, 14, 14, 14, 14, 14]"
172,5,"[3, 9, 14, 17]",4,2.9335839990526438,0.06708120554685593,37.03753490059171,"[15652745, 15752745, 15452745, 15552745, 15352745, 15252745, 15052745, 15152745, 15852745, 15952745]","[3, 3, 3, 3, 3, 3, 3, 3, 3, 3]"
173,5,"[8, 11, 13, 15, 18]",5,3.5162364654242992,0.07752552628517151,35.92335554575548,"[15939893, 15839893, 15739893, 15639893, 15039893, 15139893, 15339893, 15239893, 15439893, 15539893]","[13, 13, 13, 13, 13, 13, 13, 13, 13, 13]"
174,5,"[3, 7, 16, 18, 21]",5,3.524070154875517,0.07765516173094511,36.214680136367676,"[15578722, 15478722, 15978722, 15878722, 15178722, 15078722, 15278722, 15378722, 15778722, 15678722]","[16, 16, 16, 16, 16, 16, 16, 16, 16, 16]"
175,5,"[0, 10, 15, 18, 21]",5,3.3869919357821345,0.0823674751445651,35.18410840407014,"[15212609, 15312609, 15412609, 15512609, 15112609, 15012609, 15812609, 15912609, 15612609, 15712609]","[10, 10, 10, 10, 10, 10, 10, 10, 10, 10]"
176,5,"[0, 3, 15, 22]",4,2.79784510564059,0.060821784660220146,37.38275756652001,"[15569883, 15469883, 15969883, 15869883, 15169883, 15069883, 15269883, 15369883, 15769883, 15669883]","[15, 15, 15, 15, 15, 15, 15, 15, 15, 15]"
177,5,"[4, 12, 14, 18]",4,2.6980331717059016,0.06044733989983797,34.320748835103586,"[15198576, 15098576, 15798576, 15698576, 15598576, 15498576, 15998576, 15898576, 15398576, 15298576]","[4, 4, 4, 4, 4, 4, 4, 4, 4, 4]"
178,5,"[2, 9, 13, 18, 22]",5,3.6434110403060913,0.08069061394780874,38.49371134256944,"[15712928, 15612928, 15012928, 15112928, 15212928, 15312928, 15912928, 15812928, 15412928, 15512928]","[2, 2, 2, 2, 2, 2, 2, 2, 2, 2]"
179,5,"[0, 14, 18, 22]",4,2.7028550133109093,0.06874707993119955,37.068595986580476,"[15017042, 15117042, 15417042, 15517042, 15917042, 15817042, 15717042, 15617042, 15217042, 15317042]","[0, 0, 0, 0, 0, 0, 0, 0, 0, 0]"
180,5,"[0, 12, 14, 18, 22]",5,3.399054890498519,0.07737213838845491,36.897908041626216,"[15136121, 15036121, 15736121, 15636121, 15536121, 15436121, 15336121, 15236121, 15936121, 15836121]","[22, 22, 22, 22, 22, 22, 22, 22, 22, 22]"
181,5,"[12, 16, 18, 19, 22]",5,3.6595759009942412,0.08519928716123104,40.04381066393107,"[15368703, 15268703, 15068703, 15168703, 15668703, 15768703, 15968703, 15868703, 15468703, 15568703]","[18, 18, 18, 18, 18, 18, 18, 18, 18, 18]"
182,5,"[1, 3, 11, 14, 18]",5,3.6584492847323418,0.08671155571937561,35.83422055542469,"[15408547, 15508547, 15708547, 15608547, 15808547, 15908547, 15308547, 15208547, 15108547, 15008547]","[3, 3, 3, 3, 3, 3, 3, 3, 3, 3]"
183,5,"[6, 7, 18, 22]",4,2.7510816864669323,0.0628805747255683,35.89635008224286,"[15162344, 15062344, 15862344, 15962344, 15462344, 15562344, 15662344, 15762344, 15262344, 15362344]","[22, 22, 22, 22, 22, 22, 22, 22, 22, 22]"
184,5,"[0, 3, 4, 13, 24]",5,3.598560396581888,0.0814733961597085,34.505657157767565,"[15156786, 15056786, 15756786, 15656786, 15556786, 15456786, 15956786, 15856786, 15356786, 15256786]","[0, 0, 0, 0, 0, 0, 0, 0, 0, 0]"
185,5,"[0, 1, 3, 6, 13]",5,3.5595840122550726,0.08044030331075191,33.684838582668455,"[15135027, 15035027, 15735027, 15635027, 15535027, 15435027, 15935027, 15835027, 15335027, 15235027]","[0, 0, 0, 0, 0, 0, 0, 0, 0, 0]"
186,5,"[10, 13, 16, 18, 22]",5,3.638979060575366,0.08576541766524315,39.35941338315606,"[15572303, 15472303, 15972303, 15872303, 15172303, 15072303, 15672303, 15772303, 15272303, 15372303]","[16, 16, 16, 16, 16, 16, 16, 16, 16, 16]"
187,5,"[3, 16, 20, 21]",4,2.966565251350403,0.06721076183021069,38.52642992406618,"[15734924, 15634924, 15434924, 15534924, 15134924, 15034924, 15834924, 15934924, 15234924, 15334924]","[16, 16, 16, 16, 16, 16, 16, 16, 16, 16]"
188,5,"[4, 10, 18, 20, 21]",5,3.4976354790851474,0.08231591712683439,35.79653472881764,"[15106275, 15006275, 15706275, 15606275, 15506275, 15406275, 15906275, 15806275, 15306275, 15206275]","[4, 4, 4, 4, 4, 4, 4, 4, 4, 4]"
189,5,"[1, 3, 14, 17, 18]",5,3.6112711681053042,0.08402154128998518,35.55853890487924,"[15746438, 15646438, 15446438, 15546438, 15146438, 15046438, 15846438, 15946438, 15246438, 15346438]","[3, 3, 3, 3, 3, 3, 3, 3, 3, 3]"
190,5,"[6, 10, 12, 18]",4,2.8765407176688313,0.06911592837423086,35.18419137143064,"[15127399, 15027399, 15227399, 15327399, 15527399, 15427399, 15927399, 15827399, 15727399, 15627399]","[6, 6, 6, 6, 6, 6, 6, 6, 6, 6]"
191,5,"[2, 3, 12, 13, 18]",5,3.65832759719342,0.08367164991796017,36.116569466888905,"[15168703, 15068703, 15268703, 15368703, 15568703, 15468703, 15768703, 15668703, 15968703, 15868703]","[18, 18, 18, 18, 18, 18, 18, 18, 18, 18]"
192,5,"[1, 16, 18, 21]",4,2.869974557310343,0.06384652946144342,36.628673716099,"[15011691, 15111691, 15611691, 15711691, 15811691, 15911691, 15511691, 15411691, 15311691, 15211691]","[21, 21, 21, 21, 21, 21, 21, 21, 21, 21]"
193,5,"[5, 14, 18, 22]",4,2.7993871113285422,0.06500016991049051,37.55819439445622,"[15154604, 15054604, 15854604, 15954604, 15454604, 15554604, 15654604, 15754604, 15254604, 15354604]","[22, 22, 22, 22, 22, 22, 22, 22, 22, 22]"
194,5,"[6, 20, 21]",3,2.091439680196345,0.044411372393369675,35.900865155272186,"[15783955, 15683955, 15483955, 15583955, 15183955, 15083955, 15883955, 15983955, 15283955, 15383955]","[20, 20, 20, 20, 20, 20, 20, 20, 20, 20]"
195,5,"[0, 6, 14, 18, 20]",5,3.3785122549161315,0.07407001405954361,34.305263753142206,"[15135027, 15035027, 15235027, 15335027, 15535027, 15435027, 15935027, 15835027, 15735027, 15635027]","[0, 0, 0, 0, 0, 0, 0, 0, 0, 0]"
196,5,"[2, 3, 5, 17, 18]",5,3.604669795371592,0.08024332486093044,34.9864753912203,"[15136340, 15036340, 15836340, 15936340, 15436340, 15536340, 15636340, 15736340, 15236340, 15336340]","[17, 17, 17, 17, 17, 17, 17, 17, 17, 17]"
197,5,"[7, 10, 12, 18, 20]",5,3.435765776783228,0.0795811777934432,35.39309197273106,"[15309475, 15209475, 15009475, 15109475, 15609475, 15709475, 15909475, 15809475, 15409475, 15509475]","[12, 12, 12, 12, 12, 12, 12, 12, 12, 12]"
198,5,"[1, 3, 11, 18]",4,2.9564259136095643,0.06383900996297598,36.046774868504144,"[15115973, 15015973, 15715973, 15615973, 15515973, 15415973, 15915973, 15815973, 15315973, 15215973]","[1, 1, 1, 1, 1, 1, 1, 1, 1, 1]"
199,5,"[0, 1, 3, 6, 22]",5,3.5307977590709925,0.08136016502976418,35.596788866631684,"[15215973, 15315973, 15515973, 15415973, 15915973, 15815973, 15715973, 15615973, 15115973, 15015973]","[1, 1, 1, 1, 1, 1, 1, 1, 1, 1]"
200,5,"[4, 9, 16, 17]",4,2.882655745372176,0.06970801390707493,36.07753801159561,"[15360381, 15260381, 15060381, 15160381, 15660381, 15760381, 15960381, 15860381, 15460381, 15560381]","[16, 16, 16, 16, 16, 16, 16, 16, 16, 16]"
201,5,"[14, 18, 19, 21, 22]",5,3.5322006614878774,0.07705478556454182,39.40059404168278,"[15629685, 15729685, 15429685, 15529685, 15329685, 15229685, 15829685, 15929685, 15029685, 15129685]","[22, 22, 22, 22, 22, 22, 22, 22, 22, 22]"
202,5,"[0, 1, 10, 13, 14]",5,3.4077242463827133,0.07988523319363594,34.134147795289756,"[15197551, 15097551, 15797551, 15697551, 15597551, 15497551, 15397551, 15297551, 15997551, 15897551]","[14, 14, 14, 14, 14, 14, 14, 14, 14, 14]"
203,5,"[0, 3, 7, 22]",4,2.7475526621565223,0.062135130167007446,35.83141913963482,"[15363898, 15263898, 15063898, 15163898, 15663898, 15763898, 15963898, 15863898, 15463898, 15563898]","[7, 7, 7, 7, 7, 7, 7, 7, 7, 7]"
204,5,"[4, 13, 14, 18]",4,2.7333535877987742,0.06786217261105776,34.54774498019833,"[15168703, 15068703, 15868703, 15968703, 15468703, 15568703, 15668703, 15768703, 15268703, 15368703]","[18, 18, 18, 18, 18, 18, 18, 18, 18, 18]"
205,5,"[3, 14, 17, 22]",4,2.903290099464357,0.06649766303598881,38.870339710847475,"[15157433, 15057433, 15757433, 15657433, 15557433, 15457433, 15957433, 15857433, 15357433, 15257433]","[3, 3, 3, 3, 3, 3, 3, 3, 3, 3]"
206,5,"[1, 3, 4, 12, 16]",5,3.631821846589446,0.0840995917096734,35.09239606298506,"[15093353, 15193353, 15293353, 15393353, 15793353, 15693353, 15993353, 15893353, 15593353, 15493353]","[4, 4, 4, 4, 4, 4, 4, 4, 4, 4]"
207,5,"[1, 3, 18, 22]",4,2.9673427073284984,0.07132025063037872,38.402704961947165,"[15141375, 15041375, 15841375, 15941375, 15441375, 15541375, 15641375, 15741375, 15241375, 15341375]","[22, 22, 22, 22, 22, 22, 22, 22, 22, 22]"
208,5,"[0, 3, 14, 24]",4,2.8827659403905272,0.06295191217213869,35.26603284920566,"[15671814, 15771814, 15171814, 15071814, 15271814, 15371814, 15571814, 15471814, 15971814, 15871814]","[24, 24, 24, 24, 24, 24, 24, 24, 24, 24]"
209,5,"[3, 4, 12, 14, 15]",5,3.476753279566765,0.08735855761915445,34.70472899265587,"[15535026, 15435026, 15935026, 15835026, 15135026, 15035026, 15235026, 15335026, 15735026, 15635026]","[12, 12, 12, 12, 12, 12, 12, 12, 12, 12]"
210,5,"[6, 14, 16, 18, 22]",5,3.543817825615406,0.08305962197482586,37.89233739478514,"[15780820, 15680820, 15580820, 15480820, 15080820, 15180820, 15880820, 15980820, 15280820, 15380820]","[22, 22, 22, 22, 22, 22, 22, 22, 22, 22]"
211,5,"[0, 1, 3, 18, 19]",5,3.632961523719132,0.07748844940215349,35.51721687614918,"[15183452, 15083452, 15283452, 15383452, 15583452, 15483452, 15783452, 15683452, 15983452, 15883452]","[19, 19, 19, 19, 19, 19, 19, 19, 19, 19]"
212,5,"[0, 3, 14, 17, 18]",5,3.512090410105884,0.0791957788169384,35.08119099251926,"[15212803, 15312803, 15412803, 15512803, 15612803, 15712803, 15012803, 15112803, 15812803, 15912803]","[0, 0, 0, 0, 0, 0, 0, 0, 0, 0]"
213,5,"[1, 2, 5, 14]",4,2.7800825303420424,0.06593654304742813,32.89462676970288,"[15379028, 15279028, 15079028, 15179028, 15679028, 15779028, 15979028, 15879028, 15479028, 15579028]","[5, 5, 5, 5, 5, 5, 5, 5, 5, 5]"
214,5,"[3, 7, 16, 22, 23]",5,3.5569432228803635,0.08243145793676376,37.903459942620245,"[15638210, 15738210, 15138210, 15038210, 15238210, 15338210, 15538210, 15438210, 15938210, 15838210]","[22, 22, 22, 22, 22, 22, 22, 22, 22, 22]"
215,5,"[1, 2, 16, 18]",4,2.8945989953354,0.0659425687044859,35.3247395362705,"[15563517, 15463517, 15963517, 15863517, 15163517, 15063517, 15263517, 15363517, 15763517, 15663517]","[16, 16, 16, 16, 16, 16, 16, 16, 16, 16]"
216,5,"[1, 3, 6, 14, 18]",5,3.5459551429376006,0.08357680588960648,34.63904096763581,"[15411511, 15511511, 15811511, 15911511, 15011511, 15111511, 15611511, 15711511, 15311511, 15211511]","[3, 3, 3, 3, 3, 3, 3, 3, 3, 3]"
217,5,"[3, 7, 9, 15, 18]",5,3.526989048346877,0.07960633095353842,35.59407513681799,"[15138341, 15038341, 15238341, 15338341, 15538341, 15438341, 15938341, 15838341, 15738341, 15638341]","[3, 3, 3, 3, 3, 3, 3, 3, 3, 3]"
218,5,"[1, 4, 13, 16, 18]",5,3.4970214050263166,0.08056652080267668,35.03901683501899,"[15163517, 15063517, 15863517, 15963517, 15463517, 15563517, 15663517, 15763517, 15263517, 15363517]","[16, 16, 16, 16, 16, 16, 16, 16, 16, 16]"
219,5,"[2, 6, 9, 18]",4,2.8785602524876595,0.06385614350438118,34.98644938948564,"[15078410, 15178410, 15478410, 15578410, 15978410, 15878410, 15778410, 15678410, 15278410, 15378410]","[2, 2, 2, 2, 2, 2, 2, 2, 2, 2]"
220,5,"[1, 3, 14, 20, 22]",5,3.5827017594128847,0.08306895475834608,38.097511472087355,"[15221829, 15321829, 15421829, 15521829, 15121829, 15021829, 15821829, 15921829, 15621829, 15721829]","[3, 3, 3, 3, 3, 3, 3, 3, 3, 3]"
221,5,"[0, 5, 6, 18]",4,2.712469425983727,0.06323384866118431,32.424456355161965,"[15257756, 15357756, 15457756, 15557756, 15157756, 15057756, 15857756, 15957756, 15657756, 15757756]","[5, 5, 5, 5, 5, 5, 5, 5, 5, 5]"
222,5,"[1, 7, 8, 18]",4,2.6801206981763244,0.060260466299951077,32.816130077815615,"[15435450, 15535450, 15835450, 15935450, 15035450, 15135450, 15635450, 15735450, 15335450, 15235450]","[7, 7, 7, 7, 7, 7, 7, 7, 7, 7]"
223,5,"[1, 4, 9, 24]",4,2.919323781505227,0.06672275066375732,34.80246447166428,"[15180370, 15080370, 15780370, 15680370, 15580370, 15480370, 15980370, 15880370, 15380370, 15280370]","[1, 1, 1, 1, 1, 1, 1, 1, 1, 1]"
224,5,"[0, 5, 7, 14, 21]",5,3.2331134462729096,0.07323533203452826,32.653583886288104,"[15569907, 15469907, 15969907, 15869907, 15169907, 15069907, 15669907, 15769907, 15269907, 15369907]","[7, 7, 7, 7, 7, 7, 7, 7, 7, 7]"
225,5,"[9, 10, 12, 18, 19]",5,3.7032385747879744,0.08227156661450863,37.922930378746244,"[15024167, 15124167, 15424167, 15524167, 15924167, 15824167, 15224167, 15324167, 15724167, 15624167]","[19, 19, 19, 19, 19, 19, 19, 19, 19, 19]"
226,5,"[0, 5, 15, 20, 22]",5,3.456163235940039,0.08216066099703312,36.41118936911225,"[15581522, 15481522, 15981522, 15881522, 15181522, 15081522, 15281522, 15381522, 15781522, 15681522]","[15, 15, 15, 15, 15, 15, 15, 15, 15, 15]"
227,5,"[0, 3, 4, 19, 20]",5,3.582826618105173,0.08273000828921795,35.31368528455496,"[15115810, 15015810, 15815810, 15915810, 15415810, 15515810, 15315810, 15215810, 15615810, 15715810]","[19, 19, 19, 19, 19, 19, 19, 19, 19, 19]"
228,5,"[3, 9, 14, 15, 23]",5,3.5945789935067296,0.08300915360450745,36.72454778915271,"[15958104, 15858104, 15258104, 15358104, 15458104, 15558104, 15058104, 15158104, 15658104, 15758104]","[23, 23, 23, 23, 23, 23, 23, 23, 23, 23]"
229,5,"[3, 4, 5, 9, 17]",5,3.6669196346774697,0.08549971412867308,34.859643248468636,"[15119347, 15019347, 15819347, 15919347, 15419347, 15519347, 15319347, 15219347, 15619347, 15719347]","[9, 9, 9, 9, 9, 9, 9, 9, 9, 9]"
230,5,"[2, 4, 9, 18, 22]",5,3.6055396515876055,0.08803864009678364,36.934086544718596,"[15131544, 15031544, 15831544, 15931544, 15431544, 15531544, 15331544, 15231544, 15631544, 15731544]","[18, 18, 18, 18, 18, 18, 18, 18, 18, 18]"
231,5,"[0, 3, 6, 18]",4,2.8420193139463663,0.06205885764211416,33.956115493318066,"[15446438, 15546438, 15246438, 15346438, 15646438, 15746438, 15146438, 15046438, 15946438, 15846438]","[3, 3, 3, 3, 3, 3, 3, 3, 3, 3]"
232,5,"[0, 2, 5, 7, 13]",5,3.36351718287915,0.07377966213971376,32.03826405024156,"[15676153, 15776153, 15176153, 15076153, 15276153, 15376153, 15576153, 15476153, 15976153, 15876153]","[7, 7, 7, 7, 7, 7, 7, 7, 7, 7]"
233,5,"[0, 4, 6, 11, 22]",5,3.4746995521709323,0.08772145584225655,34.879804882220924,"[15179703, 15079703, 15779703, 15679703, 15579703, 15479703, 15379703, 15279703, 15979703, 15879703]","[22, 22, 22, 22, 22, 22, 22, 22, 22, 22]"
234,5,"[0, 4, 12, 18, 24]",5,3.4925766373053193,0.07945048902183771,34.0890840976499,"[15186137, 15086137, 15886137, 15986137, 15486137, 15586137, 15386137, 15286137, 15686137, 15786137]","[18, 18, 18, 18, 18, 18, 18, 18, 18, 18]"
235,5,"[0, 10, 17, 18]",4,2.803889721632004,0.06268872134387493,34.74194209219422,"[15187154, 15087154, 15787154, 15687154, 15587154, 15487154, 15987154, 15887154, 15387154, 15287154]","[0, 0, 0, 0, 0, 0, 0, 0, 0, 0]"
236,5,"[2, 3, 11, 18, 22]",5,3.737230201251805,0.0860557621344924,38.23732287613675,"[15795114, 15695114, 15495114, 15595114, 15195114, 15095114, 15895114, 15995114, 15295114, 15395114]","[3, 3, 3, 3, 3, 3, 3, 3, 3, 3]"
237,5,"[4, 5, 7, 12, 14]",5,3.283713573589921,0.07719225808978081,32.23833094062284,"[15933886, 15833886, 15733886, 15633886, 15033886, 15133886, 15333886, 15233886, 15433886, 15533886]","[7, 7, 7, 7, 7, 7, 7, 7, 7, 7]"
238,5,"[0, 4, 13, 18, 20]",5,3.3891874561086297,0.07978198025375605,34.34143984168768,"[15731386, 15631386, 15531386, 15431386, 15031386, 15131386, 15231386, 15331386, 15831386, 15931386]","[0, 0, 0, 0, 0, 0, 0, 0, 0, 0]"
239,5,"[0, 2, 3, 12, 16]",5,3.557346761226654,0.07737241499125957,35.260451113060114,"[15151157, 15051157, 15751157, 15651157, 15551157, 15451157, 15951157, 15851157, 15351157, 15251157]","[0, 0, 0, 0, 0, 0, 0, 0, 0, 0]"
240,5,"[3, 13, 14, 22, 24]",5,3.6542856469750404,0.07827769592404366,39.00429900847375,"[15134498, 15034498, 15234498, 15334498, 15534498, 15434498, 15934498, 15834498, 15734498, 15634498]","[3, 3, 3, 3, 3, 3, 3, 3, 3, 3]"
241,5,"[8, 9, 16, 19]",4,2.9703994020819664,0.06433945149183273,38.330934016848914,"[15177336, 15077336, 15777336, 15677336, 15577336, 15477336, 15977336, 15877336, 15377336, 15277336]","[8, 8, 8, 8, 8, 8, 8, 8, 8, 8]"
242,5,"[0, 1, 2, 3, 12]",5,3.5188919780775905,0.0775452209636569,33.756993209756914,"[15368615, 15268615, 15868615, 15968615, 15568615, 15468615, 15068615, 15168615, 15768615, 15668615]","[3, 3, 3, 3, 3, 3, 3, 3, 3, 3]"
243,5,"[0, 5, 11, 18, 24]",5,3.5820248257368803,0.07814695872366428,34.794296470377596,"[15507401, 15407401, 15907401, 15807401, 15107401, 15007401, 15207401, 15307401, 15707401, 15607401]","[11, 11, 11, 11, 11, 11, 11, 11, 11, 11]"
244,5,"[1, 2, 4, 10, 24]",5,3.5620425092056394,0.08581309486180544,33.77794657656923,"[15647368, 15747368, 15047368, 15147368, 15247368, 15347368, 15947368, 15847368, 15447368, 15547368]","[4, 4, 4, 4, 4, 4, 4, 4, 4, 4]"
245,5,"[3, 10, 11, 23]",4,2.9312637923285365,0.06372289452701807,36.98999548982829,"[15149483, 15049483, 15249483, 15349483, 15549483, 15449483, 15949483, 15849483, 15749483, 15649483]","[3, 3, 3, 3, 3, 3, 3, 3, 3, 3]"
246,5,"[0, 3, 6, 14, 18]",5,3.481087364256382,0.07897401787340641,34.161693055275826,"[15768365, 15668365, 15468365, 15568365, 15168365, 15068365, 15868365, 15968365, 15268365, 15368365]","[3, 3, 3, 3, 3, 3, 3, 3, 3, 3]"
247,5,"[3, 5, 6, 18, 20]",5,3.6363406786695123,0.08300208486616611,35.28688174737617,"[15731061, 15631061, 15331061, 15231061, 15931061, 15831061, 15031061, 15131061, 15531061, 15431061]","[20, 20, 20, 20, 20, 20, 20, 20, 20, 20]"
248,5,"[5, 9, 18, 21]",4,2.890073855407536,0.06275083217769861,36.421330854529515,"[15718101, 15618101, 15418101, 15518101, 15118101, 15018101, 15818101, 15918101, 15218101, 15318101]","[9, 9, 9, 9, 9, 9, 9, 9, 9, 9]"
249,5,"[0, 1, 3, 9]",4,2.9311699522659183,0.06599271204322577,34.842362785711884,"[17570123, 17470123, 17370123, 17270123, 16670123, 16770123, 16970123, 16870123, 17070123, 17170123]","[3, 3, 3, 3, 3, 3, 3, 3, 3, 3]"
250,5,"[1, 2, 7, 22, 24]",5,3.567299533635378,0.086216333322227,35.72570142699406,"[15181710, 15081710, 15781710, 15681710, 15581710, 15481710, 15381710, 15281710, 15981710, 15881710]","[24, 24, 24, 24, 24, 24, 24, 24, 24, 24]"
251,5,"[3, 16, 18, 21]",4,2.9458493664860725,0.06630097143352032,38.05324637168087,"[15510264, 15410264, 15910264, 15810264, 15110264, 15010264, 15210264, 15310264, 15710264, 15610264]","[18, 18, 18, 18, 18, 18, 18, 18, 18, 18]"
252,5,"[0, 13, 22]",3,2.08047451172024,0.05113272648304701,37.8849008542796,"[15135027, 15035027, 15235027, 15335027, 15535027, 15435027, 15935027, 15835027, 15735027, 15635027]","[0, 0, 0, 0, 0, 0, 0, 0, 0, 0]"
253,5,"[0, 9, 14, 18, 20]",5,3.524577284231782,0.08030560612678528,35.918943567480895,"[15029400, 15129400, 15429400, 15529400, 15929400, 15829400, 15229400, 15329400, 15729400, 15629400]","[20, 20, 20, 20, 20, 20, 20, 20, 20, 20]"
254,5,"[1, 2, 3, 14, 19]",5,3.6814515851438046,0.086530108936131,35.702926193550226,"[15128324, 15028324, 15528324, 15428324, 15328324, 15228324, 15828324, 15928324, 15728324, 15628324]","[2, 2, 2, 2, 2, 2, 2, 2, 2, 2]"
255,5,"[2, 5, 9, 10, 16]",5,3.6676717549562454,0.08316328283399343,35.98859653305262,"[15772442, 15672442, 15472442, 15572442, 15172442, 15072442, 15872442, 15972442, 15272442, 15372442]","[5, 5, 5, 5, 5, 5, 5, 5, 5, 5]"
256,5,"[4, 5, 16, 18]",4,2.816651646979153,0.06546924263238907,34.41089935065247,"[15520017, 15420017, 15920017, 15820017, 15120017, 15020017, 15220017, 15320017, 15720017, 15620017]","[16, 16, 16, 16, 16, 16, 16, 16, 16, 16]"
257,5,"[0, 14, 18, 20, 22]",5,3.4659119490534067,0.07629954162985086,37.38518741568551,"[15573927, 15473927, 15973927, 15873927, 15173927, 15073927, 15273927, 15373927, 15773927, 15673927]","[18, 18, 18, 18, 18, 18, 18, 18, 18, 18]"
258,5,"[8, 12, 18, 22]",4,2.829454280436039,0.06848353240638971,38.2666861548787,"[15776605, 15676605, 15476605, 15576605, 15876605, 15976605, 15276605, 15376605, 15176605, 15076605]","[22, 22, 22, 22, 22, 22, 22, 22, 22, 22]"
259,5,"[14, 16, 18, 21, 24]",5,3.563399159349501,0.08002765569835901,37.51220962787047,"[15045859, 15145859, 15445859, 15545859, 15945859, 15845859, 15245859, 15345859, 15745859, 15645859]","[24, 24, 24, 24, 24, 24, 24, 24, 24, 24]"
260,5,"[1, 3, 4, 24]",4,2.9224438993260264,0.06714610289782286,34.447971127112396,"[15787226, 15687226, 15487226, 15587226, 15187226, 15087226, 15887226, 15987226, 15287226, 15387226]","[3, 3, 3, 3, 3, 3, 3, 3, 3, 3]"
261,5,"[1, 3, 4, 9]",4,2.9165252363309264,0.06689564883708954,34.71144963428378,"[15157968, 15057968, 15857968, 15957968, 15457968, 15557968, 15657968, 15757968, 15257968, 15357968]","[9, 9, 9, 9, 9, 9, 9, 9, 9, 9]"
262,5,"[1, 14, 18, 21, 22]",5,3.4630890507251024,0.08015284687280655,37.685778378508985,"[15458488, 15558488, 15258488, 15358488, 15658488, 15758488, 15158488, 15058488, 15958488, 15858488]","[14, 14, 14, 14, 14, 14, 14, 14, 14, 14]"
263,5,"[1, 3, 9, 23]",4,2.9393652016296983,0.0640250239521265,36.45209394011181,"[15238341, 15338341, 15438341, 15538341, 15138341, 15038341, 15838341, 15938341, 15638341, 15738341]","[3, 3, 3, 3, 3, 3, 3, 3, 3, 3]"
264,5,"[2, 15, 18, 20, 22]",5,3.511501836590469,0.08583345729857683,37.942212976887824,"[15784107, 15684107, 15084107, 15184107, 15284107, 15384107, 15984107, 15884107, 15484107, 15584107]","[2, 2, 2, 2, 2, 2, 2, 2, 2, 2]"
265,5,"[1, 16, 18]",3,2.1530001712962985,0.053214323706924915,36.2489754933243,"[15463517, 15563517, 15263517, 15363517, 15663517, 15763517, 15163517, 15063517, 15963517, 15863517]","[16, 16, 16, 16, 16, 16, 16, 16, 16, 16]"
266,5,"[0, 3, 9, 19, 22]",5,3.6964773144572973,0.08359318785369396,38.92528434414417,"[15768365, 15668365, 15468365, 15568365, 15168365, 15068365, 15868365, 15968365, 15268365, 15368365]","[3, 3, 3, 3, 3, 3, 3, 3, 3, 3]"
267,5,"[1, 3, 14, 16, 18]",5,3.600216959603131,0.08599136583507061,36.332925885170695,"[15101108, 15001108, 15701108, 15601108, 15501108, 15401108, 15901108, 15801108, 15301108, 15201108]","[1, 1, 1, 1, 1, 1, 1, 1, 1, 1]"
268,5,"[14, 16, 17, 23]",4,2.7956017097458243,0.06562644615769386,36.72626488795504,"[15177027, 15077027, 15877027, 15977027, 15477027, 15577027, 15677027, 15777027, 15277027, 15377027]","[23, 23, 23, 23, 23, 23, 23, 23, 23, 23]"
269,5,"[0, 1, 9, 18, 24]",5,3.665429533459246,0.08653516415506601,35.29846588298678,"[15295345, 15395345, 15495345, 15595345, 15195345, 15095345, 15895345, 15995345, 15695345, 15795345]","[1, 1, 1, 1, 1, 1, 1, 1, 1, 1]"
270,5,"[9, 12, 18, 19, 23]",5,3.6767914053052664,0.08086140640079975,37.88454592358321,"[15089883, 15189883, 15489883, 15589883, 15989883, 15889883, 15289883, 15389883, 15789883, 15689883]","[23, 23, 23, 23, 23, 23, 23, 23, 23, 23]"
271,5,"[1, 18, 21]",3,2.132583463564515,0.04873892292380333,35.587332109144576,"[15321844, 15221844, 15021844, 15121844, 15621844, 15721844, 15921844, 15821844, 15421844, 15521844]","[21, 21, 21, 21, 21, 21, 21, 21, 21, 21]"
272,5,"[1, 5, 16, 19, 22]",5,3.687050234526396,0.08320873603224754,38.25751004917547,"[15736567, 15636567, 15436567, 15536567, 15136567, 15036567, 15836567, 15936567, 15236567, 15336567]","[5, 5, 5, 5, 5, 5, 5, 5, 5, 5]"
273,5,"[5, 12, 18]",3,2.1221457477658987,0.05179325211793184,34.92701275817429,"[15721812, 15621812, 15421812, 15521812, 15121812, 15021812, 15821812, 15921812, 15221812, 15321812]","[12, 12, 12, 12, 12, 12, 12, 12, 12, 12]"
274,5,"[0, 9, 16, 17, 18]",5,3.627262856811285,0.08400524593889713,36.31852471493185,"[15190489, 15090489, 15890489, 15990489, 15490489, 15590489, 15690489, 15790489, 15290489, 15390489]","[17, 17, 17, 17, 17, 17, 17, 17, 17, 17]"
275,5,"[0, 3, 14, 16, 22]",5,3.5806492008268833,0.07989747915416956,37.8403926406987,"[15778721, 15678721, 15378721, 15278721, 15978721, 15878721, 15078721, 15178721, 15578721, 15478721]","[22, 22, 22, 22, 22, 22, 22, 22, 22, 22]"
276,5,"[4, 16, 18, 23]",4,2.789005153812468,0.06488255877047777,35.53103209717665,"[15120702, 15020702, 15820702, 15920702, 15420702, 15520702, 15620702, 15720702, 15220702, 15320702]","[23, 23, 23, 23, 23, 23, 23, 23, 23, 23]"
277,5,"[8, 9, 14, 22]",4,2.863878325559199,0.07144549954682589,38.60711143980734,"[15782286, 15682286, 15482286, 15582286, 15182286, 15082286, 15882286, 15982286, 15282286, 15382286]","[9, 9, 9, 9, 9, 9, 9, 9, 9, 9]"
278,5,"[2, 5, 16, 22]",4,2.8916209312155843,0.06593931280076504,37.69867138855625,"[15584253, 15484253, 15984253, 15884253, 15184253, 15084253, 15284253, 15384253, 15784253, 15684253]","[16, 16, 16, 16, 16, 16, 16, 16, 16, 16]"
279,5,"[5, 22, 23, 24]",4,2.9376912638545036,0.06559474859386683,38.26882710517384,"[15106062, 15006062, 15806062, 15906062, 15406062, 15506062, 15606062, 15706062, 15206062, 15306062]","[24, 24, 24, 24, 24, 24, 24, 24, 24, 24]"
280,5,"[0, 1, 4, 12, 14]",5,3.381594778969884,0.08007548190653324,32.521650979388504,"[15745487, 15645487, 15445487, 15545487, 15145487, 15045487, 15845487, 15945487, 15245487, 15345487]","[1, 1, 1, 1, 1, 1, 1, 1, 1, 1]"
281,5,"[3, 14, 17, 19]",4,2.9433429082855582,0.06710492726415396,37.4019884794252,"[15443691, 15543691, 15943691, 15843691, 15343691, 15243691, 15743691, 15643691, 15143691, 15043691]","[17, 17, 17, 17, 17, 17, 17, 17, 17, 17]"
282,5,"[5, 13, 16, 19, 20]",5,3.6174709517508745,0.07792307436466217,37.628788587544115,"[15175073, 15075073, 15875073, 15975073, 15475073, 15575073, 15675073, 15775073, 15275073, 15375073]","[19, 19, 19, 19, 19, 19, 19, 19, 19, 19]"
283,5,"[1, 7, 12, 16, 18]",5,3.4434549314901233,0.08005929458886385,34.7644995873794,"[15668703, 15768703, 15468703, 15568703, 15368703, 15268703, 15868703, 15968703, 15068703, 15168703]","[18, 18, 18, 18, 18, 18, 18, 18, 18, 18]"
284,5,"[8, 11, 18, 22]",4,2.866287996992469,0.06331881321966648,38.52769006148446,"[15576185, 15476185, 15976185, 15876185, 15176185, 15076185, 15276185, 15376185, 15776185, 15676185]","[18, 18, 18, 18, 18, 18, 18, 18, 18, 18]"
285,5,"[0, 2, 3, 18]",4,2.8342458875849843,0.0636332780122757,34.27330492227338,"[15135027, 15035027, 15735027, 15635027, 15535027, 15435027, 15935027, 15835027, 15335027, 15235027]","[0, 0, 0, 0, 0, 0, 0, 0, 0, 0]"
286,5,"[5, 9, 19, 20, 22]",5,3.709776420146227,0.08390712086111307,39.460533768311144,"[15078330, 15178330, 15478330, 15578330, 15978330, 15878330, 15278330, 15378330, 15778330, 15678330]","[22, 22, 22, 22, 22, 22, 22, 22, 22, 22]"
287,5,"[11, 18, 23, 24]",4,2.9221283746883273,0.06382634304463863,37.15083596983459,"[15611502, 15711502, 15411502, 15511502, 15311502, 15211502, 15011502, 15111502, 15811502, 15911502]","[11, 11, 11, 11, 11, 11, 11, 11, 11, 11]"
288,5,"[5, 10, 14, 16, 18]",5,3.5143808564171195,0.07738490588963032,35.95642004096881,"[15167140, 15067140, 15867140, 15967140, 15467140, 15567140, 15667140, 15767140, 15267140, 15367140]","[16, 16, 16, 16, 16, 16, 16, 16, 16, 16]"
289,5,"[0, 1, 13, 16, 21]",5,3.4618823947384953,0.08267025277018547,35.34553724853322,"[15432873, 15532873, 15232873, 15332873, 15632873, 15732873, 15132873, 15032873, 15932873, 15832873]","[1, 1, 1, 1, 1, 1, 1, 1, 1, 1]"
290,5,"[3, 5, 8, 17, 21]",5,3.56156331487,0.07910419348627329,35.35983438519761,"[15808547, 15908547, 15408547, 15508547, 15608547, 15708547, 15208547, 15308547, 15008547, 15108547]","[3, 3, 3, 3, 3, 3, 3, 3, 3, 3]"
291,5,"[3, 4, 10, 18, 21]",5,3.5766160478815436,0.08518315386027098,35.65296403095126,"[15595680, 15495680, 15995680, 15895680, 15195680, 15095680, 15695680, 15795680, 15295680, 15395680]","[10, 10, 10, 10, 10, 10, 10, 10, 10, 10]"
292,5,"[1, 3, 4, 9, 22]",5,3.688362735323608,0.09202081430703402,37.10573815982789,"[15719549, 15619549, 15419549, 15519549, 15119549, 15019549, 15819549, 15919549, 15219549, 15319549]","[3, 3, 3, 3, 3, 3, 3, 3, 3, 3]"
293,5,"[9, 10, 13, 18, 24]",5,3.748667560517788,0.0840611420571804,37.60218162601814,"[15182913, 15082913, 15882913, 15982913, 15482913, 15582913, 15682913, 15782913, 15282913, 15382913]","[18, 18, 18, 18, 18, 18, 18, 18, 18, 18]"
294,5,"[1, 12, 18, 22]",4,2.871193826198578,0.06683132331818342,37.97306911670603,"[15679821, 15779821, 15479821, 15579821, 15379821, 15279821, 15079821, 15179821, 15879821, 15979821]","[1, 1, 1, 1, 1, 1, 1, 1, 1, 1]"
295,5,"[1, 4, 18, 19]",4,2.8890907261520624,0.07073256094008684,34.78218303306494,"[15720187, 15620187, 15420187, 15520187, 15120187, 15020187, 15820187, 15920187, 15220187, 15320187]","[4, 4, 4, 4, 4, 4, 4, 4, 4, 4]"
296,5,"[0, 3, 16, 18, 22]",5,3.626657751388848,0.08347445074468851,38.195355764590204,"[15771236, 15671236, 15471236, 15571236, 15171236, 15071236, 15871236, 15971236, 15271236, 15371236]","[3, 3, 3, 3, 3, 3, 3, 3, 3, 3]"
297,5,"[2, 12, 17, 18]",4,2.865615429356694,0.06852568965405226,35.35169262124691,"[15195807, 15095807, 15895807, 15995807, 15495807, 15595807, 15395807, 15295807, 15695807, 15795807]","[18, 18, 18, 18, 18, 18, 18, 18, 18, 18]"
298,5,"[1, 6, 7, 18, 22]",5,3.479855719022453,0.07949595898389816,35.164161869883536,"[15154800, 15054800, 15754800, 15654800, 15554800, 15454800, 15354800, 15254800, 15954800, 15854800]","[22, 22, 22, 22, 22, 22, 22, 22, 22, 22]"
299,5,"[1, 3, 5, 9, 10]",5,3.744676006026566,0.08375177439302206,35.561472225282344,"[15168545, 15068545, 15868545, 15968545, 15468545, 15568545, 15368545, 15268545, 15668545, 15768545]","[9, 9, 9, 9, 9, 9, 9, 9, 9, 9]"
300,5,"[0, 1, 13, 18, 24]",5,3.584047855809331,0.08313771709799767,34.852759447228166,"[15331386, 15231386, 15831386, 15931386, 15531386, 15431386, 15131386, 15031386, 15631386, 15731386]","[0, 0, 0, 0, 0, 0, 0, 0, 0, 0]"
301,5,"[6, 9, 16, 18, 21]",5,3.641045550815761,0.08012080192565918,36.98284656284377,"[15339432, 15239432, 15039432, 15139432, 15639432, 15739432, 15939432, 15839432, 15439432, 15539432]","[16, 16, 16, 16, 16, 16, 16, 16, 16, 16]"
302,5,"[0, 3, 18, 21, 22]",5,3.531473665498197,0.08045807853341103,37.79836973408237,"[15585507, 15485507, 15985507, 15885507, 15185507, 15085507, 15285507, 15385507, 15785507, 15685507]","[18, 18, 18, 18, 18, 18, 18, 18, 18, 18]"
303,5,"[1, 2, 3, 5, 10]",5,3.6013067457824945,0.08022340014576912,34.20154395410791,"[15681794, 15781794, 15481794, 15581794, 15381794, 15281794, 15881794, 15981794, 15081794, 15181794]","[10, 10, 10, 10, 10, 10, 10, 10, 10, 10]"
304,5,"[1, 5, 11, 13, 20]",5,3.5763303004205227,0.08041799999773502,35.41526759462431,"[15568228, 15468228, 15968228, 15868228, 15168228, 15068228, 15268228, 15368228, 15768228, 15668228]","[11, 11, 11, 11, 11, 11, 11, 11, 11, 11]"
305,5,"[1, 6, 8, 9, 18]",5,3.5557861328125,0.08312343154102564,34.607810417283325,"[15787481, 15687481, 15387481, 15287481, 15187481, 15087481, 15487481, 15587481, 15987481, 15887481]","[9, 9, 9, 9, 9, 9, 9, 9, 9, 9]"
306,5,"[1, 11, 17, 18]",4,2.896527006290853,0.0667062820866704,35.53354086668696,"[15117694, 15017694, 15717694, 15617694, 15517694, 15417694, 15917694, 15817694, 15317694, 15217694]","[1, 1, 1, 1, 1, 1, 1, 1, 1, 1]"
307,5,"[3, 7, 9, 21]",4,2.8516136342659593,0.061088730581104755,35.97838906082325,"[15190005, 15090005, 15790005, 15690005, 15590005, 15490005, 15990005, 15890005, 15390005, 15290005]","[3, 3, 3, 3, 3, 3, 3, 3, 3, 3]"
308,5,"[0, 10, 16, 18, 20]",5,3.5129678519442677,0.0799702163785696,36.29825128046796,"[15054264, 15154264, 15454264, 15554264, 15954264, 15854264, 15254264, 15354264, 15754264, 15654264]","[20, 20, 20, 20, 20, 20, 20, 20, 20, 20]"
309,5,"[3, 4, 9, 14, 18]",5,3.5685489885509014,0.08061204012483358,35.67064234847203,"[15638341, 15738341, 15438341, 15538341, 15338341, 15238341, 15038341, 15138341, 15838341, 15938341]","[3, 3, 3, 3, 3, 3, 3, 3, 3, 3]"
310,5,"[0, 6, 12, 13, 21]",5,3.401594063267112,0.07758574932813644,34.44760177927092,"[15680991, 15780991, 15480991, 15580991, 15380991, 15280991, 15080991, 15180991, 15880991, 15980991]","[0, 0, 0, 0, 0, 0, 0, 0, 0, 0]"
311,5,"[1, 5, 11, 12]",4,2.8859595116227865,0.06823476683348417,34.37920006515924,"[15461489, 15561489, 15961489, 15861489, 15361489, 15261489, 15761489, 15661489, 15161489, 15061489]","[11, 11, 11, 11, 11, 11, 11, 11, 11, 11]"
312,5,"[1, 7, 10, 12, 17]",5,3.4791951179504395,0.08543242514133453,33.9342520929873,"[15143925, 15043925, 15743925, 15643925, 15543925, 15443925, 15343925, 15243925, 15943925, 15843925]","[17, 17, 17, 17, 17, 17, 17, 17, 17, 17]"
313,5,"[1, 8, 14, 18]",4,2.762066200375557,0.06864888221025467,34.347027104813606,"[15063681, 15163681, 15463681, 15563681, 15963681, 15863681, 15763681, 15663681, 15263681, 15363681]","[1, 1, 1, 1, 1, 1, 1, 1, 1, 1]"
314,5,"[6, 14, 18, 20]",4,2.7788405530154705,0.06304352916777134,35.41941232676618,"[15139719, 15039719, 15839719, 15939719, 15439719, 15539719, 15339719, 15239719, 15639719, 15739719]","[20, 20, 20, 20, 20, 20, 20, 20, 20, 20]"
315,5,"[2, 6, 12, 13, 24]",5,3.631531583145261,0.08650032710283995,35.09427234213799,"[15117163, 15017163, 15717163, 15617163, 15517163, 15417163, 15317163, 15217163, 15917163, 15817163]","[24, 24, 24, 24, 24, 24, 24, 24, 24, 24]"
316,5,"[2, 6, 12, 18, 22]",5,3.5789449559524655,0.07986439485102892,36.69843461215496,"[15103605, 15003605, 15703605, 15603605, 15503605, 15403605, 15903605, 15803605, 15303605, 15203605]","[2, 2, 2, 2, 2, 2, 2, 2, 2, 2]"
317,5,"[2, 3, 16, 18, 20]",5,3.699932570569217,0.08624942973256111,37.12976037990302,"[15190380, 15090380, 15790380, 15690380, 15590380, 15490380, 15390380, 15290380, 15990380, 15890380]","[20, 20, 20, 20, 20, 20, 20, 20, 20, 20]"
318,5,"[1, 4, 9, 13, 23]",5,3.555627081543207,0.08813124056905508,34.864566762559114,"[15715973, 15615973, 15515973, 15415973, 15015973, 15115973, 15215973, 15315973, 15815973, 15915973]","[1, 1, 1, 1, 1, 1, 1, 1, 1, 1]"
319,5,"[12, 14, 22, 24]",4,2.909017900004983,0.06667745765298605,39.04495270480402,"[15145859, 15045859, 15845859, 15945859, 15445859, 15545859, 15645859, 15745859, 15245859, 15345859]","[24, 24, 24, 24, 24, 24, 24, 24, 24, 24]"
320,5,"[2, 7, 18, 23]",4,2.7012160448357463,0.06223313510417938,33.614714964758605,"[15396495, 15296495, 15096495, 15196495, 15696495, 15796495, 15996495, 15896495, 15496495, 15596495]","[18, 18, 18, 18, 18, 18, 18, 18, 18, 18]"
321,5,"[1, 3, 9, 19, 20]",5,3.806403925642371,0.08729552663862705,37.796364430524406,"[15164710, 15064710, 15764710, 15664710, 15564710, 15464710, 15964710, 15864710, 15364710, 15264710]","[1, 1, 1, 1, 1, 1, 1, 1, 1, 1]"
322,5,"[1, 2, 3, 9, 14]",5,3.682521536014974,0.08638728782534599,35.41136333048344,"[15592938, 15492938, 15992938, 15892938, 15192938, 15092938, 15292938, 15392938, 15792938, 15692938]","[3, 3, 3, 3, 3, 3, 3, 3, 3, 3]"
323,5,"[0, 6, 17, 18, 19]",5,3.5333178844302893,0.08110412023961544,34.91620266046375,"[15395266, 15295266, 15095266, 15195266, 15695266, 15795266, 15995266, 15895266, 15495266, 15595266]","[17, 17, 17, 17, 17, 17, 17, 17, 17, 17]"
324,5,"[1, 3, 9, 11, 12]",5,3.7336278716102242,0.08114171121269464,36.599021966848525,"[15757937, 15657937, 15457937, 15557937, 15157937, 15057937, 15857937, 15957937, 15257937, 15357937]","[3, 3, 3, 3, 3, 3, 3, 3, 3, 3]"
325,5,"[1, 16, 19, 21, 22]",5,3.6336014410480857,0.08674307633191347,39.44965110803023,"[15140977, 15040977, 15740977, 15640977, 15540977, 15440977, 15340977, 15240977, 15940977, 15840977]","[22, 22, 22, 22, 22, 22, 22, 22, 22, 22]"
326,5,"[1, 12, 17, 18]",4,2.824463521130383,0.0639326274394989,35.2725369600812,"[15484611, 15584611, 15284611, 15384611, 15684611, 15784611, 15184611, 15084611, 15984611, 15884611]","[12, 12, 12, 12, 12, 12, 12, 12, 12, 12]"
327,5,"[2, 3, 6, 12, 22]",5,3.5985914124175906,0.08341128285974264,36.93341075619683,"[15370471, 15270471, 15970471, 15870471, 15470471, 15570471, 15770471, 15670471, 15170471, 15070471]","[22, 22, 22, 22, 22, 22, 22, 22, 22, 22]"
328,5,"[0, 3, 16, 18]",4,2.8644395545125008,0.06689467746764421,36.073471640236676,"[15246438, 15346438, 15446438, 15546438, 15146438, 15046438, 15846438, 15946438, 15646438, 15746438]","[3, 3, 3, 3, 3, 3, 3, 3, 3, 3]"
329,5,"[0, 1, 3, 11, 15]",5,3.536762106232345,0.08269661478698254,34.46854378255084,"[15148789, 15048789, 15748789, 15648789, 15548789, 15448789, 15948789, 15848789, 15348789, 15248789]","[0, 0, 0, 0, 0, 0, 0, 0, 0, 0]"
330,5,"[1, 14, 18, 23]",4,2.727426123805344,0.06290392950177193,35.06645633059088,"[16640075, 16740075, 16840075, 16940075, 17040075, 17140075, 17440075, 17540075, 17240075, 17340075]","[1, 1, 1, 1, 1, 1, 1, 1, 1, 1]"
331,5,"[0, 4, 9, 11, 17]",5,3.536475781351328,0.08024303149431944,34.333058971259746,"[15652402, 15752402, 15152402, 15052402, 15252402, 15352402, 15552402, 15452402, 15952402, 15852402]","[11, 11, 11, 11, 11, 11, 11, 11, 11, 11]"
332,5,"[0, 9, 14, 16, 18]",5,3.5328115643933415,0.07688530627638102,36.139172648452224,"[15612487, 15712487, 15412487, 15512487, 15312487, 15212487, 15012487, 15112487, 15812487, 15912487]","[0, 0, 0, 0, 0, 0, 0, 0, 0, 0]"
333,5,"[0, 1, 3, 18, 22]",5,3.6161364018917084,0.08670001849532127,36.691897861286996,"[15163033, 15063033, 15763033, 15663033, 15563033, 15463033, 15963033, 15863033, 15363033, 15263033]","[0, 0, 0, 0, 0, 0, 0, 0, 0, 0]"
334,5,"[17, 18, 23]",3,2.12320399004966,0.048972319811582565,36.309058878105134,"[15460551, 15560551, 15260551, 15360551, 15660551, 15760551, 15160551, 15060551, 15960551, 15860551]","[18, 18, 18, 18, 18, 18, 18, 18, 18, 18]"
335,5,"[0, 3, 16, 18]",4,2.892350621521473,0.06912011280655861,36.073471640236676,"[15563517, 15463517, 15963517, 15863517, 15163517, 15063517, 15263517, 15363517, 15763517, 15663517]","[16, 16, 16, 16, 16, 16, 16, 16, 16, 16]"
336,5,"[0, 3, 16, 19, 22]",5,3.7011667443439364,0.08410860691219568,39.005489447340366,"[15153419, 15053419, 15853419, 15953419, 15453419, 15553419, 15353419, 15253419, 15653419, 15753419]","[19, 19, 19, 19, 19, 19, 19, 19, 19, 19]"
337,5,"[12, 14, 16, 18, 23]",5,3.5189920123666525,0.08447626046836376,36.79965422013775,"[15113570, 15013570, 15813570, 15913570, 15413570, 15513570, 15313570, 15213570, 15613570, 15713570]","[18, 18, 18, 18, 18, 18, 18, 18, 18, 18]"
338,5,"[1, 3, 14, 18]",4,2.8770583402365446,0.06892322096973658,35.477982722222805,"[15738341, 15638341, 15438341, 15538341, 15138341, 15038341, 15838341, 15938341, 15238341, 15338341]","[3, 3, 3, 3, 3, 3, 3, 3, 3, 3]"
339,5,"[0, 1, 7, 14, 18]",5,3.3240298936143517,0.08012266736477613,32.537463179975745,"[15011273, 15111273, 15411273, 15511273, 15911273, 15811273, 15711273, 15611273, 15211273, 15311273]","[0, 0, 0, 0, 0, 0, 0, 0, 0, 0]"
340,5,"[10, 14, 16, 18]",4,2.8556984141469,0.06644062511622906,36.99375927867368,"[15528042, 15428042, 15928042, 15828042, 15128042, 15028042, 15228042, 15328042, 15728042, 15628042]","[16, 16, 16, 16, 16, 16, 16, 16, 16, 16]"
341,5,"[3, 14, 18, 19]",4,2.9425472700968385,0.06906784977763891,37.62150230119005,"[15159823, 15059823, 15859823, 15959823, 15459823, 15559823, 15659823, 15759823, 15259823, 15359823]","[19, 19, 19, 19, 19, 19, 19, 19, 19, 19]"
342,5,"[0, 3, 4, 24]",4,2.8715479783713818,0.06313078384846449,33.85128623666242,"[15607320, 15707320, 15107320, 15007320, 15207320, 15307320, 15507320, 15407320, 15907320, 15807320]","[24, 24, 24, 24, 24, 24, 24, 24, 24, 24]"
343,5,"[6, 9, 11, 12, 16]",5,3.705433209426701,0.08345927391201258,36.772394731454554,"[15195861, 15095861, 15295861, 15395861, 15595861, 15495861, 15795861, 15695861, 15995861, 15895861]","[16, 16, 16, 16, 16, 16, 16, 16, 16, 16]"
344,5,"[1, 10, 12, 15, 22]",5,3.556295108050108,0.0910217696800828,37.33574855979532,"[15170471, 15070471, 15770471, 15670471, 15570471, 15470471, 15370471, 15270471, 15970471, 15870471]","[22, 22, 22, 22, 22, 22, 22, 22, 22, 22]"
345,5,"[0, 1, 8, 14, 18]",5,3.375875066034496,0.07141062710434198,33.44735557558015,"[15793570, 15693570, 15493570, 15593570, 15193570, 15093570, 15893570, 15993570, 15293570, 15393570]","[1, 1, 1, 1, 1, 1, 1, 1, 1, 1]"
346,5,"[6, 8, 9, 22, 24]",5,3.662175931967795,0.08051850646734238,37.8050950795412,"[15645684, 15745684, 15145684, 15045684, 15245684, 15345684, 15545684, 15445684, 15945684, 15845684]","[22, 22, 22, 22, 22, 22, 22, 22, 22, 22]"
347,5,"[0, 1, 13, 16, 17]",5,3.4903197791427374,0.08021960593760014,34.9681362987496,"[15766497, 15666497, 15466497, 15566497, 15166497, 15066497, 15866497, 15966497, 15266497, 15366497]","[1, 1, 1, 1, 1, 1, 1, 1, 1, 1]"
348,5,"[0, 1, 3, 18]",4,2.8214682126417756,0.0637219650670886,34.19414926110767,"[15567887, 15467887, 15967887, 15867887, 15167887, 15067887, 15267887, 15367887, 15767887, 15667887]","[3, 3, 3, 3, 3, 3, 3, 3, 3, 3]"
349,5,"[0, 4, 13, 18]",4,2.677591849118471,0.06624612119048834,33.263911519083194,"[15164484, 15064484, 15864484, 15964484, 15464484, 15564484, 15664484, 15764484, 15264484, 15364484]","[18, 18, 18, 18, 18, 18, 18, 18, 18, 18]"
350,5,"[1, 3, 18, 19]",4,2.979666855186224,0.07020730804651976,36.93435373052489,"[15996952, 15896952, 15796952, 15696952, 15096952, 15196952, 15396952, 15296952, 15496952, 15596952]","[18, 18, 18, 18, 18, 18, 18, 18, 18, 18]"
351,5,"[1, 3, 5, 13, 17]",5,3.597003065980971,0.0779283931478858,34.99601524621248,"[17170123, 17070123, 16870123, 16970123, 17470123, 17570123, 17270123, 17370123, 16770123, 16670123]","[3, 3, 3, 3, 3, 3, 3, 3, 3, 3]"
352,5,"[3, 4, 18, 19, 20]",5,3.6206457372754812,0.080608737654984,36.69571517733857,"[15494964, 15594964, 15294964, 15394964, 15694964, 15794964, 15194964, 15094964, 15994964, 15894964]","[4, 4, 4, 4, 4, 4, 4, 4, 4, 4]"
353,5,"[0, 2, 9, 20]",4,2.838030019775033,0.06385908368974924,35.100981819210574,"[15152059, 15052059, 15252059, 15352059, 15552059, 15452059, 15952059, 15852059, 15752059, 15652059]","[0, 0, 0, 0, 0, 0, 0, 0, 0, 0]"
354,5,"[0, 1, 4, 16, 18]",5,3.452716449275613,0.08718181867152452,33.584122558310625,"[15102868, 15002868, 15702868, 15602868, 15502868, 15402868, 15302868, 15202868, 15902868, 15802868]","[18, 18, 18, 18, 18, 18, 18, 18, 18, 18]"
355,5,"[1, 2, 5, 17, 23]",5,3.5217416808009148,0.08264591824263334,33.752572297491135,"[15069165, 15169165, 15669165, 15769165, 15869165, 15969165, 15569165, 15469165, 15369165, 15269165]","[17, 17, 17, 17, 17, 17, 17, 17, 17, 17]"
356,5,"[0, 4, 6, 17]",4,2.6978659853339195,0.06503961514681578,31.584430974093266,"[15143925, 15043925, 15843925, 15943925, 15443925, 15543925, 15643925, 15743925, 15243925, 15343925]","[17, 17, 17, 17, 17, 17, 17, 17, 17, 17]"
357,5,"[5, 8, 18, 22]",4,2.8247836967930198,0.06658355053514242,37.164662861963734,"[15185761, 15085761, 15785761, 15685761, 15585761, 15485761, 15985761, 15885761, 15385761, 15285761]","[5, 5, 5, 5, 5, 5, 5, 5, 5, 5]"
358,5,"[2, 3, 5, 14, 22]",5,3.594400125555694,0.08347959443926811,36.79193799262866,"[15690804, 15790804, 15490804, 15590804, 15390804, 15290804, 15890804, 15990804, 15090804, 15190804]","[22, 22, 22, 22, 22, 22, 22, 22, 22, 22]"
359,5,"[1, 5, 15, 16, 17]",5,3.544430092908442,0.08270308095961809,34.9483406371437,"[15197876, 15097876, 15797876, 15697876, 15597876, 15497876, 15397876, 15297876, 15997876, 15897876]","[17, 17, 17, 17, 17, 17, 17, 17, 17, 17]"
360,5,"[0, 1, 2, 4, 5]",5,3.430015094578266,0.08592549618333578,31.153638017456977,"[15802063, 15902063, 15502063, 15402063, 15302063, 15202063, 15002063, 15102063, 15702063, 15602063]","[5, 5, 5, 5, 5, 5, 5, 5, 5, 5]"
361,5,"[1, 3, 17, 18, 19]",5,3.7380856247618794,0.08615438546985388,36.72363571152091,"[15627618, 15727618, 15427618, 15527618, 15327618, 15227618, 15827618, 15927618, 15027618, 15127618]","[19, 19, 19, 19, 19, 19, 19, 19, 19, 19]"
362,5,"[1, 3, 6, 10, 18]",5,3.6414020899683237,0.08310043346136808,34.93814357742667,"[16600399, 16700399, 17000399, 17100399, 17500399, 17400399, 17300399, 17200399, 16800399, 16900399]","[1, 1, 1, 1, 1, 1, 1, 1, 1, 1]"
363,5,"[5, 9, 20, 22]",4,2.93880635779351,0.06860241200774908,39.123295376310125,"[15154800, 15054800, 15854800, 15954800, 15454800, 15554800, 15654800, 15754800, 15254800, 15354800]","[22, 22, 22, 22, 22, 22, 22, 22, 22, 22]"
364,5,"[9, 18, 22]",3,2.238395005464554,0.05449214018881321,40.93112806851665,"[15858292, 15958292, 15558292, 15458292, 15358292, 15258292, 15758292, 15658292, 15058292, 15158292]","[9, 9, 9, 9, 9, 9, 9, 9, 9, 9]"
365,5,"[0, 4, 10, 18, 20]",5,3.4390606367960572,0.07933352049440145,34.212714943662284,"[15112155, 15012155, 15812155, 15912155, 15412155, 15512155, 15612155, 15712155, 15212155, 15312155]","[18, 18, 18, 18, 18, 18, 18, 18, 18, 18]"
366,5,"[3, 17, 18, 20]",4,2.9522814145311713,0.06844535656273365,37.30620883323718,"[15354264, 15254264, 15854264, 15954264, 15554264, 15454264, 15054264, 15154264, 15754264, 15654264]","[20, 20, 20, 20, 20, 20, 20, 20, 20, 20]"
367,5,"[0, 2, 9, 13, 22]",5,3.5424327217042446,0.07510982174426317,37.11168144978583,"[15135027, 15035027, 15735027, 15635027, 15535027, 15435027, 15935027, 15835027, 15335027, 15235027]","[0, 0, 0, 0, 0, 0, 0, 0, 0, 0]"
368,5,"[1, 14, 17, 19, 24]",5,3.63593421690166,0.08378619980067015,36.441484457533804,"[15615810, 15715810, 15115810, 15015810, 15215810, 15315810, 15515810, 15415810, 15915810, 15815810]","[19, 19, 19, 19, 19, 19, 19, 19, 19, 19]"
369,5,"[0, 5, 6, 7, 22]",5,3.3232689946889877,0.07103218790143728,33.69646279104054,"[15632856, 15732856, 15132856, 15032856, 15232856, 15332856, 15532856, 15432856, 15932856, 15832856]","[7, 7, 7, 7, 7, 7, 7, 7, 7, 7]"
370,5,"[0, 2, 12, 18, 19]",5,3.509879084303975,0.07715016230940819,35.23683272888884,"[15024167, 15124167, 15424167, 15524167, 15924167, 15824167, 15224167, 15324167, 15724167, 15624167]","[19, 19, 19, 19, 19, 19, 19, 19, 19, 19]"
371,5,"[6, 13, 16, 18, 20]",5,3.5466307317838073,0.07971186190843582,36.71389707662165,"[15539893, 15439893, 15139893, 15039893, 15739893, 15639893, 15339893, 15239893, 15939893, 15839893]","[13, 13, 13, 13, 13, 13, 13, 13, 13, 13]"
372,5,"[1, 3, 11, 17, 18]",5,3.6727272663265467,0.08396602887660265,36.013572621904316,"[15690489, 15790489, 15190489, 15090489, 15290489, 15390489, 15590489, 15490489, 15990489, 15890489]","[17, 17, 17, 17, 17, 17, 17, 17, 17, 17]"
373,5,"[1, 3, 16, 18, 22]",5,3.6738661751151085,0.08697278425097466,38.672703676950185,"[15355616, 15255616, 15055616, 15155616, 15655616, 15755616, 15955616, 15855616, 15455616, 15555616]","[16, 16, 16, 16, 16, 16, 16, 16, 16, 16]"
374,5,"[5, 9, 18, 19, 23]",5,3.6184253012761474,0.0750149404630065,37.00292728925124,"[15701136, 15601136, 15401136, 15501136, 15101136, 15001136, 15801136, 15901136, 15201136, 15301136]","[9, 9, 9, 9, 9, 9, 9, 9, 9, 9]"
375,5,"[0, 3, 12, 19, 22]",5,3.6326340036466718,0.08511680085211992,38.297980992309746,"[15643707, 15743707, 15443707, 15543707, 15343707, 15243707, 15843707, 15943707, 15043707, 15143707]","[22, 22, 22, 22, 22, 22, 22, 22, 22, 22]"
376,5,"[2, 14, 15, 18, 22]",5,3.475514702498913,0.08277707453817129,37.208703011088076,"[15107710, 15007710, 15807710, 15907710, 15407710, 15507710, 15607710, 15707710, 15207710, 15307710]","[18, 18, 18, 18, 18, 18, 18, 18, 18, 18]"
377,5,"[11, 18, 21, 23, 24]",5,3.6456975312903523,0.08023736625909805,37.27422245275229,"[15445515, 15545515, 15845515, 15945515, 15045515, 15145515, 15645515, 15745515, 15345515, 15245515]","[18, 18, 18, 18, 18, 18, 18, 18, 18, 18]"
378,5,"[1, 5, 18, 19]",4,2.9001164250075817,0.06869854312390089,35.40269459236879,"[15114355, 15014355, 15814355, 15914355, 15414355, 15514355, 15614355, 15714355, 15214355, 15314355]","[19, 19, 19, 19, 19, 19, 19, 19, 19, 19]"
379,5,"[5, 6, 9, 19, 23]",5,3.631836384534836,0.08253263495862484,35.90781829459593,"[15589672, 15489672, 15989672, 15889672, 15189672, 15089672, 15289672, 15389672, 15789672, 15689672]","[9, 9, 9, 9, 9, 9, 9, 9, 9, 9]"
380,5,"[1, 7, 15, 16, 22]",5,3.470861002802849,0.08576809801161289,36.51943678343669,"[15679703, 15779703, 15479703, 15579703, 15379703, 15279703, 15879703, 15979703, 15079703, 15179703]","[22, 22, 22, 22, 22, 22, 22, 22, 22, 22]"
381,5,"[1, 4, 6, 9, 23]",5,3.5285028545185924,0.08009041473269463,33.69659338397905,"[15702755, 15602755, 15402755, 15502755, 15102755, 15002755, 15802755, 15902755, 15202755, 15302755]","[4, 4, 4, 4, 4, 4, 4, 4, 4, 4]"
382,5,"[2, 3, 13, 14, 18]",5,3.58340154774487,0.07757092174142599,35.87033887514845,"[15787912, 15687912, 15487912, 15587912, 15187912, 15087912, 15887912, 15987912, 15287912, 15387912]","[3, 3, 3, 3, 3, 3, 3, 3, 3, 3]"
383,5,"[0, 6, 17, 22]",4,2.8055111160501838,0.06898773368448019,35.923899826360866,"[15547035, 15447035, 15947035, 15847035, 15147035, 15047035, 15247035, 15347035, 15747035, 15647035]","[17, 17, 17, 17, 17, 17, 17, 17, 17, 17]"
384,5,"[7, 17, 18, 20, 23]",5,3.431524028070271,0.07614234741777182,35.28782899230718,"[15412028, 15512028, 15712028, 15612028, 15012028, 15112028, 15912028, 15812028, 15312028, 15212028]","[17, 17, 17, 17, 17, 17, 17, 17, 17, 17]"
385,5,"[1, 7, 12, 18, 21]",5,3.4208983536809683,0.07923672161996365,34.367513556871565,"[15257588, 15357588, 15457588, 15557588, 15157588, 15057588, 15857588, 15957588, 15657588, 15757588]","[7, 7, 7, 7, 7, 7, 7, 7, 7, 7]"
386,5,"[0, 3, 12, 18]",4,2.859598125331104,0.0662217428907752,35.1890860714484,"[15499968, 15599968, 15899968, 15999968, 15099968, 15199968, 15699968, 15799968, 15399968, 15299968]","[3, 3, 3, 3, 3, 3, 3, 3, 3, 3]"
387,5,"[0, 3, 6, 18, 22]",5,3.570161116309464,0.07940828148275614,36.501470847055316,"[15179703, 15079703, 15779703, 15679703, 15579703, 15479703, 15379703, 15279703, 15979703, 15879703]","[22, 22, 22, 22, 22, 22, 22, 22, 22, 22]"
388,5,"[4, 5, 12, 13, 17]",5,3.456749306060374,0.07703088317066431,34.07022813651711,"[15174558, 15074558, 15774558, 15674558, 15574558, 15474558, 15974558, 15874558, 15374558, 15274558]","[4, 4, 4, 4, 4, 4, 4, 4, 4, 4]"
389,5,"[0, 15, 18]",3,1.9941490720957518,0.043778021819889545,33.8910857612888,"[15143491, 15043491, 15743491, 15643491, 15543491, 15443491, 15943491, 15843491, 15343491, 15243491]","[0, 0, 0, 0, 0, 0, 0, 0, 0, 0]"
390,5,"[9, 13, 15, 18, 19]",5,3.6226679226383567,0.08011276368051767,37.821777804940936,"[15037582, 15137582, 15237582, 15337582, 15737582, 15637582, 15937582, 15837582, 15537582, 15437582]","[15, 15, 15, 15, 15, 15, 15, 15, 15, 15]"
391,5,"[1, 5, 8, 9, 14]",5,3.515738527290523,0.08340721111744642,34.35760512156412,"[15560980, 15460980, 15960980, 15860980, 15160980, 15060980, 15660980, 15760980, 15260980, 15360980]","[8, 8, 8, 8, 8, 8, 8, 8, 8, 8]"
392,5,"[0, 1, 2, 6, 8]",5,3.3921831902116537,0.07157765235751867,31.865852253325283,"[15779821, 15679821, 15479821, 15579821, 15179821, 15079821, 15879821, 15979821, 15279821, 15379821]","[1, 1, 1, 1, 1, 1, 1, 1, 1, 1]"
393,5,"[3, 8, 12, 18, 20]",5,3.5857355054467916,0.08021005056798458,36.59382102647796,"[15217358, 15317358, 15417358, 15517358, 15617358, 15717358, 15817358, 15917358, 15017358, 15117358]","[20, 20, 20, 20, 20, 20, 20, 20, 20, 20]"
394,5,"[0, 1, 4, 10, 18]",5,3.4091577185317874,0.08051869366317987,32.92948612133041,"[15135027, 15035027, 15235027, 15335027, 15535027, 15435027, 15935027, 15835027, 15735027, 15635027]","[0, 0, 0, 0, 0, 0, 0, 0, 0, 0]"
395,5,"[11, 17, 18, 19, 23]",5,3.6288987081497908,0.0807450758293271,37.39916717177257,"[15127618, 15027618, 15827618, 15927618, 15427618, 15527618, 15627618, 15727618, 15227618, 15327618]","[19, 19, 19, 19, 19, 19, 19, 19, 19, 19]"
396,5,"[0, 5, 6, 21]",4,2.6862635174766183,0.058435242623090744,32.676693720626645,"[15402063, 15502063, 15702063, 15602063, 15002063, 15102063, 15302063, 15202063, 15902063, 15802063]","[5, 5, 5, 5, 5, 5, 5, 5, 5, 5]"
397,5,"[4, 6, 9, 18, 22]",5,3.5879645999521017,0.08299879264086485,36.68033500155434,"[15780820, 15680820, 15580820, 15480820, 15080820, 15180820, 15880820, 15980820, 15280820, 15380820]","[22, 22, 22, 22, 22, 22, 22, 22, 22, 22]"
398,5,"[0, 3, 6, 8, 18]",5,3.518877194263041,0.07754413969814777,33.846867829281834,"[15768365, 15668365, 15468365, 15568365, 15168365, 15068365, 15868365, 15968365, 15268365, 15368365]","[3, 3, 3, 3, 3, 3, 3, 3, 3, 3]"
399,5,"[3, 10, 12, 18, 19]",5,3.7386073423549533,0.08731898572295904,37.639335703104734,"[15627618, 15727618, 15427618, 15527618, 15327618, 15227618, 15827618, 15927618, 15027618, 15127618]","[19, 19, 19, 19, 19, 19, 19, 19, 19, 19]"
400,5,"[8, 23, 24]",3,2.159124934114516,0.043395306915044785,35.99841008055955,"[15656729, 15756729, 15256729, 15356729, 15056729, 15156729, 15956729, 15856729, 15456729, 15556729]","[24, 24, 24, 24, 24, 24, 24, 24, 24, 24]"
401,5,"[7, 9, 11, 18, 20]",5,3.616787986829877,0.08332157786935568,36.17632643179968,"[15207508, 15307508, 15407508, 15507508, 15107508, 15007508, 15807508, 15907508, 15607508, 15707508]","[9, 9, 9, 9, 9, 9, 9, 9, 9, 9]"
402,5,"[0, 2, 3, 6, 17]",5,3.5551697621122003,0.08117316477000713,33.49968767026439,"[15143925, 15043925, 15243925, 15343925, 15543925, 15443925, 15743925, 15643925, 15943925, 15843925]","[17, 17, 17, 17, 17, 17, 17, 17, 17, 17]"
403,5,"[0, 3, 4, 17, 18]",5,3.5120796719565988,0.08255924191325903,33.94939370248467,"[15700640, 15600640, 15400640, 15500640, 15100640, 15000640, 15800640, 15900640, 15200640, 15300640]","[3, 3, 3, 3, 3, 3, 3, 3, 3, 3]"
404,5,"[6, 15, 16, 18]",4,2.8269218131899834,0.06558666657656431,35.715140077867545,"[15532936, 15432936, 15132936, 15032936, 15732936, 15632936, 15332936, 15232936, 15932936, 15832936]","[15, 15, 15, 15, 15, 15, 15, 15, 15, 15]"
405,5,"[0, 1, 5, 17, 18]",5,3.488313375040889,0.0856834203004837,33.306144825462255,"[15064364, 15164364, 15464364, 15564364, 15964364, 15864364, 15764364, 15664364, 15264364, 15364364]","[0, 0, 0, 0, 0, 0, 0, 0, 0, 0]"
406,5,"[2, 4, 13, 14, 18]",5,3.4544593561440706,0.0884988522157073,34.14860231718048,"[15080664, 15180664, 15480664, 15580664, 15980664, 15880664, 15780664, 15680664, 15280664, 15380664]","[2, 2, 2, 2, 2, 2, 2, 2, 2, 2]"
407,5,"[2, 4, 13, 18]",4,2.795332485809922,0.06552724726498127,33.93975207069889,"[15404257, 15504257, 15204257, 15304257, 15604257, 15704257, 15104257, 15004257, 15904257, 15804257]","[4, 4, 4, 4, 4, 4, 4, 4, 4, 4]"
408,5,"[3, 6, 7, 14, 18]",5,3.4614139832556248,0.07869557943195105,33.964042202569544,"[15381404, 15281404, 15781404, 15681404, 15581404, 15481404, 15181404, 15081404, 15981404, 15881404]","[18, 18, 18, 18, 18, 18, 18, 18, 18, 18]"
409,5,"[3, 10, 15, 16, 17]",5,3.6150600546970963,0.08344284072518349,37.02248941399157,"[15187563, 15087563, 15587563, 15487563, 15387563, 15287563, 15887563, 15987563, 15787563, 15687563]","[10, 10, 10, 10, 10, 10, 10, 10, 10, 10]"
410,5,"[1, 4, 8, 14, 22]",5,3.392477243207395,0.08261507004499435,35.32743972232565,"[15513941, 15413941, 15913941, 15813941, 15113941, 15013941, 15213941, 15313941, 15713941, 15613941]","[8, 8, 8, 8, 8, 8, 8, 8, 8, 8]"
411,5,"[0, 6, 18, 22]",4,2.74485654104501,0.05768535193055868,36.143413648125716,"[15512155, 15412155, 15912155, 15812155, 15112155, 15012155, 15212155, 15312155, 15712155, 15612155]","[18, 18, 18, 18, 18, 18, 18, 18, 18, 18]"
412,5,"[3, 12, 17, 22]",4,2.932764613069594,0.07020085584372282,39.17812795052305,"[15612028, 15712028, 15212028, 15312028, 15812028, 15912028, 15112028, 15012028, 15412028, 15512028]","[17, 17, 17, 17, 17, 17, 17, 17, 17, 17]"
413,5,"[3, 11, 15, 16, 19]",5,3.7161461375653744,0.08378519862890244,38.16416526138782,"[15639479, 15739479, 15439479, 15539479, 15339479, 15239479, 15839479, 15939479, 15039479, 15139479]","[19, 19, 19, 19, 19, 19, 19, 19, 19, 19]"
414,5,"[3, 7, 17, 18]",4,2.802565806545317,0.060866774059832096,34.8584243489895,"[15395266, 15295266, 15095266, 15195266, 15695266, 15795266, 15995266, 15895266, 15495266, 15595266]","[17, 17, 17, 17, 17, 17, 17, 17, 17, 17]"
415,5,"[6, 14, 15, 18]",4,2.6991915507242084,0.06048029661178589,34.522966269403696,"[15533746, 15433746, 15933746, 15833746, 15133746, 15033746, 15233746, 15333746, 15733746, 15633746]","[15, 15, 15, 15, 15, 15, 15, 15, 15, 15]"
416,5,"[2, 4, 18]",3,2.0549278911203146,0.05251389555633068,32.878622480202466,"[15041743, 15141743, 15441743, 15541743, 15941743, 15841743, 15741743, 15641743, 15241743, 15341743]","[2, 2, 2, 2, 2, 2, 2, 2, 2, 2]"
417,5,"[0, 4, 6, 7, 20]",5,3.2622011695057154,0.07647664751857519,31.59378571761772,"[15793576, 15693576, 15493576, 15593576, 15193576, 15093576, 15893576, 15993576, 15293576, 15393576]","[4, 4, 4, 4, 4, 4, 4, 4, 4, 4]"
418,5,"[0, 11, 18, 23, 24]",5,3.5661377226933837,0.0796537408605218,35.690402667596935,"[15588268, 15488268, 15988268, 15888268, 15188268, 15088268, 15288268, 15388268, 15788268, 15688268]","[18, 18, 18, 18, 18, 18, 18, 18, 18, 18]"
419,5,"[1, 7, 8, 9, 14]",5,3.4444995522499084,0.08245372865349054,33.76827554255724,"[15108623, 15008623, 15708623, 15608623, 15508623, 15408623, 15908623, 15808623, 15308623, 15208623]","[1, 1, 1, 1, 1, 1, 1, 1, 1, 1]"
420,5,"[2, 9, 11, 14, 16]",5,3.7151378551498055,0.08717596996575594,36.77991568287835,"[15171786, 15071786, 15271786, 15371786, 15571786, 15471786, 15771786, 15671786, 15971786, 15871786]","[16, 16, 16, 16, 16, 16, 16, 16, 16, 16]"
421,5,"[0, 1, 3, 4, 12]",5,3.510985216125846,0.08209612034261227,33.11159024732187,"[15147520, 15047520, 15847520, 15947520, 15447520, 15547520, 15647520, 15747520, 15247520, 15347520]","[4, 4, 4, 4, 4, 4, 4, 4, 4, 4]"
422,5,"[1, 3, 4, 12, 13]",5,3.5985400564968586,0.08639739081263542,34.56648452403024,"[15246438, 15346438, 15446438, 15546438, 15146438, 15046438, 15846438, 15946438, 15646438, 15746438]","[3, 3, 3, 3, 3, 3, 3, 3, 3, 3]"
423,5,"[0, 1, 9, 15]",4,2.8031480237841606,0.06605092063546181,34.12538010068238,"[15794623, 15694623, 15494623, 15594623, 15194623, 15094623, 15894623, 15994623, 15294623, 15394623]","[1, 1, 1, 1, 1, 1, 1, 1, 1, 1]"
424,5,"[0, 3, 18]",3,2.1665330985561013,0.049352413043379784,34.84706267466148,"[15135027, 15035027, 15735027, 15635027, 15535027, 15435027, 15935027, 15835027, 15335027, 15235027]","[0, 0, 0, 0, 0, 0, 0, 0, 0, 0]"
425,5,"[0, 3, 14, 20, 21]",5,3.5008761323988438,0.08377717528492212,35.83713878421113,"[15782423, 15682423, 15482423, 15582423, 15182423, 15082423, 15882423, 15982423, 15282423, 15382423]","[3, 3, 3, 3, 3, 3, 3, 3, 3, 3]"
426,5,"[1, 3, 12, 14, 18]",5,3.5810461984947324,0.08295209053903818,35.625417430140075,"[17460143, 17560143, 17160143, 17060143, 16960143, 16860143, 17360143, 17260143, 16660143, 16760143]","[1, 1, 1, 1, 1, 1, 1, 1, 1, 1]"
427,5,"[3, 9, 23, 24]",4,3.0722431801259518,0.06609758827835321,37.967681433074176,"[15124055, 15024055, 15724055, 15624055, 15524055, 15424055, 15924055, 15824055, 15324055, 15224055]","[3, 3, 3, 3, 3, 3, 3, 3, 3, 3]"
428,5,"[8, 13, 16, 18, 21]",5,3.545775493606925,0.0791030777618289,36.962460771854964,"[15279974, 15379974, 15479974, 15579974, 15179974, 15079974, 15879974, 15979974, 15679974, 15779974]","[13, 13, 13, 13, 13, 13, 13, 13, 13, 13]"
429,5,"[0, 3, 6]",3,2.120139599777758,0.04561861976981163,33.021881016902626,"[15556273, 15456273, 15156273, 15056273, 15756273, 15656273, 15356273, 15256273, 15956273, 15856273]","[3, 3, 3, 3, 3, 3, 3, 3, 3, 3]"
430,5,"[2, 14, 18, 20]",4,2.8050671331584454,0.06508889328688383,35.736601755721495,"[16844286, 16944286, 16644286, 16744286, 17244286, 17344286, 17044286, 17144286, 17444286, 17544286]","[2, 2, 2, 2, 2, 2, 2, 2, 2, 2]"
431,5,"[1, 3, 5, 21]",4,2.8844572342932224,0.06521195825189352,34.935985034448095,"[15792938, 15692938, 15492938, 15592938, 15192938, 15092938, 15892938, 15992938, 15292938, 15392938]","[3, 3, 3, 3, 3, 3, 3, 3, 3, 3]"
432,5,"[1, 2, 12, 18, 22]",5,3.545663246884942,0.07436872366815805,36.88886162638664,"[15784107, 15684107, 15484107, 15584107, 15184107, 15084107, 15884107, 15984107, 15284107, 15384107]","[2, 2, 2, 2, 2, 2, 2, 2, 2, 2]"
433,5,"[3, 5, 11, 16, 18]",5,3.688360458239913,0.08108190167695284,36.702290416136385,"[15311502, 15211502, 15011502, 15111502, 15611502, 15711502, 15911502, 15811502, 15411502, 15511502]","[11, 11, 11, 11, 11, 11, 11, 11, 11, 11]"
434,5,"[0, 4, 14, 18, 19]",5,3.39234287571162,0.07983850594609976,34.34519917471334,"[15135027, 15035027, 15735027, 15635027, 15535027, 15435027, 15935027, 15835027, 15335027, 15235027]","[0, 0, 0, 0, 0, 0, 0, 0, 0, 0]"
435,5,"[1, 3, 10, 18]",4,2.9288563895970583,0.06725318543612957,35.85186098446138,"[15746438, 15646438, 15446438, 15546438, 15146438, 15046438, 15846438, 15946438, 15246438, 15346438]","[3, 3, 3, 3, 3, 3, 3, 3, 3, 3]"
436,5,"[2, 5, 7, 14, 22]",5,3.3707855409011245,0.07983277086168528,34.9772811030969,"[15102830, 15002830, 15802830, 15902830, 15402830, 15502830, 15602830, 15702830, 15202830, 15302830]","[14, 14, 14, 14, 14, 14, 14, 14, 14, 14]"
437,5,"[3, 16, 18, 20]",4,2.9447654522955418,0.06688877288252115,38.2741925586015,"[15477791, 15577791, 15877791, 15977791, 15077791, 15177791, 15677791, 15777791, 15377791, 15277791]","[16, 16, 16, 16, 16, 16, 16, 16, 16, 16]"
438,5,"[0, 11, 18, 22]",4,2.8179994877427816,0.06581923179328442,37.637388132861815,"[15461489, 15561489, 15861489, 15961489, 15061489, 15161489, 15661489, 15761489, 15361489, 15261489]","[11, 11, 11, 11, 11, 11, 11, 11, 11, 11]"
439,5,"[2, 5, 18, 21]",4,2.7942242361605167,0.06077820993959904,34.721420515561476,"[15578966, 15478966, 15978966, 15878966, 15178966, 15078966, 15278966, 15378966, 15778966, 15678966]","[18, 18, 18, 18, 18, 18, 18, 18, 18, 18]"
440,5,"[12, 18, 20]",3,2.1168989948928356,0.04412670340389013,37.20850943882639,"[15358620, 15258620, 15058620, 15158620, 15658620, 15758620, 15958620, 15858620, 15458620, 15558620]","[20, 20, 20, 20, 20, 20, 20, 20, 20, 20]"
441,5,"[2, 10, 14, 19, 20]",5,3.57018459495157,0.0817968612536788,36.695318357739595,"[15131061, 15031061, 15731061, 15631061, 15531061, 15431061, 15331061, 15231061, 15931061, 15831061]","[20, 20, 20, 20, 20, 20, 20, 20, 20, 20]"
442,5,"[4, 9, 12, 15, 18]",5,3.5337780816480517,0.08046794310212135,35.343286792188884,"[15527212, 15427212, 15927212, 15827212, 15127212, 15027212, 15227212, 15327212, 15727212, 15627212]","[12, 12, 12, 12, 12, 12, 12, 12, 12, 12]"
443,5,"[0, 2, 16, 18, 22]",5,3.5418007662519813,0.08335854019969702,37.11902216905728,"[15441743, 15541743, 15841743, 15941743, 15041743, 15141743, 15641743, 15741743, 15341743, 15241743]","[2, 2, 2, 2, 2, 2, 2, 2, 2, 2]"
444,5,"[3, 5, 17, 18, 24]",5,3.7407007589936256,0.08338363748043776,36.135620856657624,"[15579343, 15479343, 15979343, 15879343, 15179343, 15079343, 15279343, 15379343, 15779343, 15679343]","[17, 17, 17, 17, 17, 17, 17, 17, 17, 17]"
445,5,"[8, 17, 18, 22]",4,2.8644383000209928,0.06737645529210567,38.18308799830265,"[15143707, 15043707, 15843707, 15943707, 15443707, 15543707, 15643707, 15743707, 15243707, 15343707]","[22, 22, 22, 22, 22, 22, 22, 22, 22, 22]"
446,5,"[1, 3, 18, 22]",4,2.9596834424883127,0.06921153422445059,38.402704961947165,"[15562656, 15462656, 15962656, 15862656, 15162656, 15062656, 15262656, 15362656, 15762656, 15662656]","[18, 18, 18, 18, 18, 18, 18, 18, 18, 18]"
447,5,"[1, 2, 3, 14, 17]",5,3.6103146113455296,0.08281654957681894,34.717181453388186,"[15538341, 15438341, 15938341, 15838341, 15138341, 15038341, 15238341, 15338341, 15738341, 15638341]","[3, 3, 3, 3, 3, 3, 3, 3, 3, 3]"
448,5,"[2, 4, 14, 15, 20]",5,3.412047477439046,0.08870430756360292,34.11567477118224,"[15662369, 15762369, 15162369, 15062369, 15262369, 15362369, 15562369, 15462369, 15962369, 15862369]","[15, 15, 15, 15, 15, 15, 15, 15, 15, 15]"
449,5,"[2, 5, 12, 21, 22]",5,3.5543491058051586,0.08281712513417006,37.004982332699,"[15740390, 15640390, 15440390, 15540390, 15140390, 15040390, 15840390, 15940390, 15240390, 15340390]","[5, 5, 5, 5, 5, 5, 5, 5, 5, 5]"
450,5,"[2, 3, 6, 17, 18]",5,3.6331727206707,0.08263484854251146,34.88171756304801,"[15174041, 15074041, 15874041, 15974041, 15474041, 15574041, 15374041, 15274041, 15674041, 15774041]","[17, 17, 17, 17, 17, 17, 17, 17, 17, 17]"
451,5,"[9, 17, 18, 20]",4,2.945364013314247,0.06912922393530607,37.66070217778906,"[15639719, 15739719, 15139719, 15039719, 15239719, 15339719, 15539719, 15439719, 15939719, 15839719]","[20, 20, 20, 20, 20, 20, 20, 20, 20, 20]"
452,5,"[0, 3, 4, 20, 22]",5,3.545629001222551,0.0828391658142209,36.488366269692776,"[15145684, 15045684, 15745684, 15645684, 15545684, 15445684, 15345684, 15245684, 15945684, 15845684]","[22, 22, 22, 22, 22, 22, 22, 22, 22, 22]"
453,5,"[5, 18, 19, 20, 22]",5,3.6345186568796635,0.08480601105839014,38.94196294862777,"[15071288, 15171288, 15471288, 15571288, 15971288, 15871288, 15271288, 15371288, 15771288, 15671288]","[22, 22, 22, 22, 22, 22, 22, 22, 22, 22]"
454,5,"[1, 3, 4, 18, 22]",5,3.580085185356438,0.08622623234987259,36.58716734014452,"[15132539, 15032539, 15732539, 15632539, 15532539, 15432539, 15332539, 15232539, 15932539, 15832539]","[22, 22, 22, 22, 22, 22, 22, 22, 22, 22]"
455,5,"[16, 18, 19, 22]",4,2.9464142974466085,0.06959113478660583,41.00097426446155,"[15731946, 15631946, 15431946, 15531946, 15131946, 15031946, 15831946, 15931946, 15231946, 15331946]","[18, 18, 18, 18, 18, 18, 18, 18, 18, 18]"
456,5,"[1, 9, 12, 14, 23]",5,3.4969932548701763,0.0773806581273675,35.814767136517915,"[15108623, 15008623, 15708623, 15608623, 15508623, 15408623, 15908623, 15808623, 15308623, 15208623]","[1, 1, 1, 1, 1, 1, 1, 1, 1, 1]"
457,5,"[4, 7, 9, 14, 18]",5,3.37269080337137,0.08165090531110764,33.85598545894027,"[15469907, 15569907, 15269907, 15369907, 15669907, 15769907, 15169907, 15069907, 15969907, 15869907]","[7, 7, 7, 7, 7, 7, 7, 7, 7, 7]"
458,5,"[3, 6, 12, 20]",4,2.880748956464231,0.060920280404388905,36.020920746494085,"[15671236, 15771236, 15471236, 15571236, 15371236, 15271236, 15071236, 15171236, 15871236, 15971236]","[3, 3, 3, 3, 3, 3, 3, 3, 3, 3]"
459,5,"[0, 3, 18, 19, 22]",5,3.6321998676285148,0.08122520335018635,38.40671352446079,"[15179703, 15079703, 15779703, 15679703, 15579703, 15479703, 15379703, 15279703, 15979703, 15879703]","[22, 22, 22, 22, 22, 22, 22, 22, 22, 22]"
460,5,"[3, 4, 16, 18, 23]",5,3.542066224850714,0.08111210726201534,36.01156560629606,"[15161872, 15061872, 15761872, 15661872, 15561872, 15461872, 15961872, 15861872, 15361872, 15261872]","[3, 3, 3, 3, 3, 3, 3, 3, 3, 3]"
461,5,"[1, 7, 17, 18, 22]",5,3.4476243797689676,0.08279664069414139,36.08365980712697,"[15173625, 15073625, 15773625, 15673625, 15573625, 15473625, 15973625, 15873625, 15373625, 15273625]","[1, 1, 1, 1, 1, 1, 1, 1, 1, 1]"
462,5,"[0, 2, 11, 16, 21]",5,3.5420554792508483,0.07653949689120054,35.43606798667461,"[15568368, 15468368, 15968368, 15868368, 15168368, 15068368, 15668368, 15768368, 15268368, 15368368]","[11, 11, 11, 11, 11, 11, 11, 11, 11, 11]"
463,5,"[1, 2, 4, 18, 22]",5,3.526167370378971,0.08640478923916817,35.51083374461159,"[15530323, 15430323, 15930323, 15830323, 15130323, 15030323, 15230323, 15330323, 15730323, 15630323]","[4, 4, 4, 4, 4, 4, 4, 4, 4, 4]"
464,5,"[6, 12, 17, 18]",4,2.8316328898072243,0.06589411851018667,35.034503192291595,"[15518225, 15418225, 15918225, 15818225, 15118225, 15018225, 15218225, 15318225, 15718225, 15618225]","[17, 17, 17, 17, 17, 17, 17, 17, 17, 17]"
465,5,"[0, 14, 18, 20, 24]",5,3.5243635838851333,0.08253705967217684,35.708160761743784,"[15132946, 15032946, 15832946, 15932946, 15432946, 15532946, 15632946, 15732946, 15232946, 15332946]","[20, 20, 20, 20, 20, 20, 20, 20, 20, 20]"
466,5,"[3, 7, 14, 16, 19]",5,3.612532394938171,0.08370931260287762,36.468060802854595,"[15558488, 15458488, 15958488, 15858488, 15158488, 15058488, 15258488, 15358488, 15758488, 15658488]","[14, 14, 14, 14, 14, 14, 14, 14, 14, 14]"
467,5,"[3, 4, 22, 24]",4,2.97790218424052,0.06886447500437498,38.059841937501915,"[15497394, 15597394, 15297394, 15397394, 15697394, 15797394, 15197394, 15097394, 15997394, 15897394]","[4, 4, 4, 4, 4, 4, 4, 4, 4, 4]"
468,5,"[0, 3, 7, 13, 15]",5,3.420934890396893,0.08048915304243565,33.76633880827576,"[15456273, 15556273, 15856273, 15956273, 15056273, 15156273, 15656273, 15756273, 15356273, 15256273]","[3, 3, 3, 3, 3, 3, 3, 3, 3, 3]"
469,5,"[5, 14, 18, 22]",4,2.8185617299750447,0.06920466013252735,37.55819439445622,"[15153505, 15053505, 15853505, 15953505, 15453505, 15553505, 15653505, 15753505, 15253505, 15353505]","[22, 22, 22, 22, 22, 22, 22, 22, 22, 22]"
470,5,"[0, 1, 2, 18]",4,2.7749361265450716,0.06526091415435076,32.84873226669151,"[15875962, 15975962, 15275962, 15375962, 15475962, 15575962, 15675962, 15775962, 15075962, 15175962]","[0, 0, 0, 0, 0, 0, 0, 0, 0, 0]"
471,5,"[0, 3, 17, 18, 22]",5,3.6131629943847656,0.08507125359028578,37.42096878429875,"[15738341, 15638341, 15438341, 15538341, 15138341, 15038341, 15838341, 15938341, 15238341, 15338341]","[3, 3, 3, 3, 3, 3, 3, 3, 3, 3]"
472,5,"[0, 2, 3, 5, 21]",5,3.5329380044713616,0.08035918977111578,33.98184644822031,"[15956273, 15856273, 15756273, 15656273, 15056273, 15156273, 15356273, 15256273, 15456273, 15556273]","[3, 3, 3, 3, 3, 3, 3, 3, 3, 3]"
473,5,"[3, 4, 5, 9, 11]",5,3.7213161634281278,0.08583566080778837,35.13532489901409,"[15632591, 15732591, 15432591, 15532591, 15332591, 15232591, 15032591, 15132591, 15832591, 15932591]","[3, 3, 3, 3, 3, 3, 3, 3, 3, 3]"
474,5,"[3, 5, 11, 17, 18]",5,3.673180378973484,0.07885002065449953,35.927903435844925,"[15766982, 15666982, 15466982, 15566982, 15166982, 15066982, 15866982, 15966982, 15266982, 15366982]","[5, 5, 5, 5, 5, 5, 5, 5, 5, 5]"
475,5,"[3, 16, 18, 22]",4,2.9635018976405263,0.06713471841067076,40.28202734107617,"[15759344, 15659344, 15459344, 15559344, 15159344, 15059344, 15859344, 15959344, 15259344, 15359344]","[16, 16, 16, 16, 16, 16, 16, 16, 16, 16]"
476,5,"[0, 1, 6, 17, 21]",5,3.418388033285737,0.07699523214250803,33.4031768896617,"[15723163, 15623163, 15423163, 15523163, 15123163, 15023163, 15823163, 15923163, 15223163, 15323163]","[1, 1, 1, 1, 1, 1, 1, 1, 1, 1]"
477,5,"[1, 5, 9, 15]",4,2.847939300350845,0.061087184585630894,34.614978508558124,"[15647014, 15747014, 15447014, 15547014, 15347014, 15247014, 15047014, 15147014, 15847014, 15947014]","[1, 1, 1, 1, 1, 1, 1, 1, 1, 1]"
478,5,"[0, 12, 15, 18, 22]",5,3.413420708850026,0.07142738811671734,36.914261161535975,"[15506553, 15406553, 15106553, 15006553, 15706553, 15606553, 15306553, 15206553, 15906553, 15806553]","[12, 12, 12, 12, 12, 12, 12, 12, 12, 12]"
479,5,"[0, 5, 6, 18, 21]",5,3.396881429478526,0.07727060001343489,33.493118761014195,"[15597468, 15497468, 15997468, 15897468, 15197468, 15097468, 15297468, 15397468, 15797468, 15697468]","[6, 6, 6, 6, 6, 6, 6, 6, 6, 6]"
480,5,"[2, 3, 14, 16]",4,2.881575683131814,0.06659444142132998,36.30560828698799,"[17019822, 17119822, 17519822, 17419822, 16719822, 16619822, 17319822, 17219822, 16819822, 16919822]","[14, 14, 14, 14, 14, 14, 14, 14, 14, 14]"
481,5,"[1, 2, 3, 18]",4,2.906905828975141,0.06666371505707502,34.86998981272336,"[15532876, 15432876, 15932876, 15832876, 15132876, 15032876, 15232876, 15332876, 15732876, 15632876]","[3, 3, 3, 3, 3, 3, 3, 3, 3, 3]"
482,5,"[2, 4, 18, 19, 23]",5,3.498324583284557,0.0774525860324502,35.146589770633724,"[17381619, 17281619, 17081619, 17181619, 16781619, 16681619, 17481619, 17581619, 16881619, 16981619]","[4, 4, 4, 4, 4, 4, 4, 4, 4, 4]"
483,5,"[2, 13, 20, 21, 22]",5,3.5493315188214183,0.07803626917302608,38.55547725716606,"[15778945, 15678945, 15378945, 15278945, 15178945, 15078945, 15478945, 15578945, 15978945, 15878945]","[21, 21, 21, 21, 21, 21, 21, 21, 21, 21]"
484,5,"[0, 14, 18, 20, 22]",5,3.470413834787905,0.08234269171953201,37.38518741568551,"[15114021, 15014021, 15814021, 15914021, 15414021, 15514021, 15614021, 15714021, 15214021, 15314021]","[20, 20, 20, 20, 20, 20, 20, 20, 20, 20]"
485,5,"[0, 1, 14, 17, 18]",5,3.433725551702082,0.08549357019364834,33.94153286805376,"[15547739, 15447739, 15947739, 15847739, 15147739, 15047739, 15247739, 15347739, 15747739, 15647739]","[14, 14, 14, 14, 14, 14, 14, 14, 14, 14]"
486,5,"[6, 8, 9, 14, 16]",5,3.590460012666881,0.0842467462643981,35.75630519669503,"[15542501, 15442501, 15942501, 15842501, 15142501, 15042501, 15242501, 15342501, 15742501, 15642501]","[9, 9, 9, 9, 9, 9, 9, 9, 9, 9]"
487,5,"[2, 5, 7, 16, 18]",5,3.495645576156676,0.0796891488134861,33.946205481979995,"[15102979, 15002979, 15702979, 15602979, 15502979, 15402979, 15302979, 15202979, 15902979, 15802979]","[18, 18, 18, 18, 18, 18, 18, 18, 18, 18]"
488,5,"[4, 9, 18, 24]",4,2.9524920750409365,0.07166479341685772,35.933316947193816,"[15177543, 15077543, 15877543, 15977543, 15477543, 15577543, 15677543, 15777543, 15277543, 15377543]","[24, 24, 24, 24, 24, 24, 24, 24, 24, 24]"
489,5,"[12, 14, 16, 18, 24]",5,3.6375627666711807,0.08075446542352438,37.20168720334768,"[15776335, 15676335, 15476335, 15576335, 15176335, 15076335, 15876335, 15976335, 15276335, 15376335]","[14, 14, 14, 14, 14, 14, 14, 14, 14, 14]"
490,5,"[1, 12, 18]",3,2.139442036859691,0.0486763846129179,35.06979473493993,"[15707365, 15607365, 15407365, 15507365, 15107365, 15007365, 15807365, 15907365, 15207365, 15307365]","[12, 12, 12, 12, 12, 12, 12, 12, 12, 12]"
491,5,"[2, 3, 9, 14, 24]",5,3.751919404603541,0.08671989757567644,36.62383332485333,"[15147739, 15047739, 15847739, 15947739, 15447739, 15547739, 15647739, 15747739, 15247739, 15347739]","[14, 14, 14, 14, 14, 14, 14, 14, 14, 14]"
492,5,"[1, 6, 9, 13]",4,2.9146752981469035,0.06532329320907593,34.99837420822587,"[15501136, 15401136, 15901136, 15801136, 15101136, 15001136, 15201136, 15301136, 15701136, 15601136]","[9, 9, 9, 9, 9, 9, 9, 9, 9, 9]"
493,5,"[1, 5, 16, 18]",4,2.872726187109947,0.06876781489700079,35.13849739253055,"[15539432, 15439432, 15939432, 15839432, 15139432, 15039432, 15239432, 15339432, 15739432, 15639432]","[16, 16, 16, 16, 16, 16, 16, 16, 16, 16]"
494,5,"[0, 2, 6, 19]",4,2.8288491182029247,0.06292924657464027,33.62336560233962,"[15115810, 15015810, 15815810, 15915810, 15415810, 15515810, 15615810, 15715810, 15215810, 15315810]","[19, 19, 19, 19, 19, 19, 19, 19, 19, 19]"
495,5,"[1, 2, 3, 5, 18]",5,3.637053046375513,0.08315273374319077,34.25740446820855,"[15312155, 15212155, 15112155, 15012155, 15412155, 15512155, 15612155, 15712155, 15912155, 15812155]","[18, 18, 18, 18, 18, 18, 18, 18, 18, 18]"
496,5,"[1, 4, 16, 17]",4,2.827108697965741,0.06725856568664312,34.298472011461854,"[15690489, 15790489, 15190489, 15090489, 15290489, 15390489, 15590489, 15490489, 15990489, 15890489]","[17, 17, 17, 17, 17, 17, 17, 17, 17, 17]"
497,5,"[1, 3, 12, 14, 23]",5,3.5013656467199326,0.07724209874868393,35.531172460876405,"[15738341, 15638341, 15438341, 15538341, 15138341, 15038341, 15838341, 15938341, 15238341, 15338341]","[3, 3, 3, 3, 3, 3, 3, 3, 3, 3]"
498,5,"[2, 4, 7, 10, 14]",5,3.308406992815435,0.07617437839508057,32.4401966736652,"[15747368, 15647368, 15447368, 15547368, 15147368, 15047368, 15847368, 15947368, 15247368, 15347368]","[4, 4, 4, 4, 4, 4, 4, 4, 4, 4]"
499,5,"[0, 3, 12, 17, 22]",5,3.5610561538487673,0.07476446684449911,37.312236252147706,"[15468365, 15568365, 15268365, 15368365, 15668365, 15768365, 15168365, 15068365, 15968365, 15868365]","[3, 3, 3, 3, 3, 3, 3, 3, 3, 3]"
500,5,"[0, 4, 5, 12, 16]",5,3.392872290685773,0.07976625580340624,33.389720840100196,"[16694851, 16794851, 16994851, 16894851, 17394851, 17294851, 17194851, 17094851, 17594851, 17494851]","[12, 12, 12, 12, 12, 12, 12, 12, 12, 12]"
501,5,"[3, 4, 9, 19, 23]",5,3.6557260751724243,0.08125169482082129,36.74149418585002,"[15115810, 15015810, 15815810, 15915810, 15415810, 15515810, 15615810, 15715810, 15215810, 15315810]","[19, 19, 19, 19, 19, 19, 19, 19, 19, 19]"
502,5,"[1, 18, 19, 22]",4,2.910248645581305,0.06981276161968708,39.12165188533254,"[17101490, 17001490, 17501490, 17401490, 16701490, 16601490, 16801490, 16901490, 17301490, 17201490]","[19, 19, 19, 19, 19, 19, 19, 19, 19, 19]"
503,5,"[3, 8, 14, 21, 24]",5,3.580230255611241,0.07752078305929899,36.478621499147266,"[15437057, 15537057, 15837057, 15937057, 15037057, 15137057, 15637057, 15737057, 15337057, 15237057]","[8, 8, 8, 8, 8, 8, 8, 8, 8, 8]"
504,5,"[3, 9, 15, 18, 22]",5,3.6585898846387863,0.08329147659242153,39.158570550195876,"[15344408, 15244408, 15844408, 15944408, 15544408, 15444408, 15044408, 15144408, 15744408, 15644408]","[18, 18, 18, 18, 18, 18, 18, 18, 18, 18]"
505,5,"[2, 7, 15, 16, 18]",5,3.437642022036016,0.07637296710163355,34.59794664448127,"[15584772, 15484772, 15984772, 15884772, 15184772, 15084772, 15684772, 15784772, 15284772, 15384772]","[15, 15, 15, 15, 15, 15, 15, 15, 15, 15]"
506,5,"[0, 3, 6, 18]",4,2.8309035282582045,0.06537567730993032,33.956115493318066,"[15331386, 15231386, 15831386, 15931386, 15531386, 15431386, 15131386, 15031386, 15631386, 15731386]","[0, 0, 0, 0, 0, 0, 0, 0, 0, 0]"
507,5,"[1, 3, 11, 18, 19]",5,3.778838336467743,0.08600679133087397,36.99931736206636,"[15509400, 15409400, 15909400, 15809400, 15109400, 15009400, 15609400, 15709400, 15209400, 15309400]","[11, 11, 11, 11, 11, 11, 11, 11, 11, 11]"
508,5,"[0, 1, 2, 13, 22]",5,3.5198597190901637,0.08631601091474295,35.688428649678826,"[15771288, 15671288, 15571288, 15471288, 15071288, 15171288, 15871288, 15971288, 15271288, 15371288]","[22, 22, 22, 22, 22, 22, 22, 22, 22, 22]"
509,5,"[3, 11, 13, 18, 21]",5,3.682625691406429,0.0868969727307558,37.36851993603632,"[15146438, 15046438, 15746438, 15646438, 15546438, 15446438, 15946438, 15846438, 15346438, 15246438]","[3, 3, 3, 3, 3, 3, 3, 3, 3, 3]"
510,5,"[2, 11, 14, 18]",4,2.8583802646026015,0.07152180187404156,35.38850644475315,"[15553520, 15453520, 15953520, 15853520, 15153520, 15053520, 15253520, 15353520, 15753520, 15653520]","[14, 14, 14, 14, 14, 14, 14, 14, 14, 14]"
511,5,"[5, 8, 12, 17, 19]",5,3.589867561124265,0.0835413858294487,35.624469499383125,"[15066982, 15166982, 15466982, 15566982, 15966982, 15866982, 15766982, 15666982, 15266982, 15366982]","[5, 5, 5, 5, 5, 5, 5, 5, 5, 5]"
512,5,"[14, 17, 18, 24]",4,2.895024529658258,0.0659021669998765,36.48033621336799,"[15795266, 15695266, 15495266, 15595266, 15195266, 15095266, 15895266, 15995266, 15295266, 15395266]","[17, 17, 17, 17, 17, 17, 17, 17, 17, 17]"
513,5,"[3, 7, 10, 14, 19]",5,3.5814833315089345,0.08317756187170744,35.81342436587438,"[15115810, 15015810, 15715810, 15615810, 15515810, 15415810, 15315810, 15215810, 15915810, 15815810]","[19, 19, 19, 19, 19, 19, 19, 19, 19, 19]"
514,5,"[0, 12, 18, 24]",4,2.8625965993851423,0.06580239534378052,35.2801009088289,"[15467414, 15567414, 15867414, 15967414, 15067414, 15167414, 15667414, 15767414, 15367414, 15267414]","[12, 12, 12, 12, 12, 12, 12, 12, 12, 12]"
515,5,"[0, 5, 8, 12, 21]",5,3.3980733025819063,0.0861504040658474,33.80970687363297,"[15745289, 15645289, 15445289, 15545289, 15145289, 15045289, 15845289, 15945289, 15245289, 15345289]","[5, 5, 5, 5, 5, 5, 5, 5, 5, 5]"
516,5,"[0, 2, 6, 9]",4,2.830488882958889,0.06532682199031115,33.25891202350613,"[15389661, 15289661, 15089661, 15189661, 15689661, 15789661, 15989661, 15889661, 15489661, 15589661]","[6, 6, 6, 6, 6, 6, 6, 6, 6, 6]"
517,5,"[0, 1, 2, 14, 21]",5,3.378849652595818,0.07538025267422199,33.47757636634633,"[15163372, 15063372, 15563372, 15463372, 15363372, 15263372, 15863372, 15963372, 15763372, 15663372]","[1, 1, 1, 1, 1, 1, 1, 1, 1, 1]"
518,5,"[2, 9, 18, 19, 23]",5,3.6329472046345472,0.08224808052182198,37.15192100424319,"[15130377, 15030377, 15730377, 15630377, 15530377, 15430377, 15330377, 15230377, 15930377, 15830377]","[23, 23, 23, 23, 23, 23, 23, 23, 23, 23]"
519,5,"[1, 6, 10, 16, 18]",5,3.5571851935237646,0.08319644629955292,35.30194335626438,"[15176185, 15076185, 15276185, 15376185, 15576185, 15476185, 15776185, 15676185, 15976185, 15876185]","[18, 18, 18, 18, 18, 18, 18, 18, 18, 18]"
520,5,"[1, 6, 14, 15, 22]",5,3.425180268473923,0.08340897969901562,36.05026948750019,"[15127857, 15027857, 15727857, 15627857, 15527857, 15427857, 15927857, 15827857, 15327857, 15227857]","[1, 1, 1, 1, 1, 1, 1, 1, 1, 1]"
521,5,"[0, 1, 3, 18, 19]",5,3.6036017760634422,0.08068913966417313,35.51721687614918,"[15538341, 15438341, 15938341, 15838341, 15138341, 15038341, 15638341, 15738341, 15238341, 15338341]","[3, 3, 3, 3, 3, 3, 3, 3, 3, 3]"
522,5,"[0, 1, 4, 10, 18]",5,3.401035857386887,0.07712260168045759,32.92948612133041,"[15696495, 15796495, 15496495, 15596495, 15396495, 15296495, 15896495, 15996495, 15096495, 15196495]","[18, 18, 18, 18, 18, 18, 18, 18, 18, 18]"
523,5,"[0, 3, 12, 14, 22]",5,3.481612192466855,0.07788824662566185,37.13288418566808,"[15635027, 15735027, 15435027, 15535027, 15335027, 15235027, 15035027, 15135027, 15835027, 15935027]","[0, 0, 0, 0, 0, 0, 0, 0, 0, 0]"
524,5,"[1, 3, 5, 6, 10]",5,3.5819931915029883,0.08345542103052139,33.947792410943656,"[15345057, 15245057, 15145057, 15045057, 15445057, 15545057, 15645057, 15745057, 15945057, 15845057]","[10, 10, 10, 10, 10, 10, 10, 10, 10, 10]"
525,5,"[0, 3, 5, 9, 22]",5,3.6261067101731896,0.07888519484549761,37.12479949491099,"[15710239, 15610239, 15410239, 15510239, 15110239, 15010239, 15810239, 15910239, 15210239, 15310239]","[3, 3, 3, 3, 3, 3, 3, 3, 3, 3]"
526,5,"[0, 12, 18, 19]",4,2.8296652836725116,0.06295317504554987,35.908032994833775,"[15547294, 15447294, 15947294, 15847294, 15147294, 15047294, 15247294, 15347294, 15747294, 15647294]","[18, 18, 18, 18, 18, 18, 18, 18, 18, 18]"
527,5,"[3, 6, 12, 18]",4,2.907906754873693,0.06571134459227324,35.54773719410878,"[15168703, 15068703, 15868703, 15968703, 15468703, 15568703, 15368703, 15268703, 15668703, 15768703]","[18, 18, 18, 18, 18, 18, 18, 18, 18, 18]"
528,5,"[6, 14, 18, 22]",4,2.805473462678492,0.06916456390172243,37.42724710924085,"[15266258, 15366258, 15466258, 15566258, 15166258, 15066258, 15866258, 15966258, 15666258, 15766258]","[14, 14, 14, 14, 14, 14, 14, 14, 14, 14]"
529,5,"[0, 2, 3, 5, 22]",5,3.5962777929380536,0.08319173287600279,35.764871223736556,"[15228846, 15328846, 15428846, 15528846, 15128846, 15028846, 15828846, 15928846, 15628846, 15728846]","[2, 2, 2, 2, 2, 2, 2, 2, 2, 2]"
530,5,"[0, 1, 2, 9, 18]",5,3.56334378849715,0.08066902030259371,34.14932041754946,"[15112155, 15012155, 15712155, 15612155, 15512155, 15412155, 15312155, 15212155, 15912155, 15812155]","[18, 18, 18, 18, 18, 18, 18, 18, 18, 18]"
531,5,"[0, 1, 6, 18]",4,2.7525075301527977,0.0657108360901475,32.5315428377362,"[15135027, 15035027, 15735027, 15635027, 15535027, 15435027, 15935027, 15835027, 15335027, 15235027]","[0, 0, 0, 0, 0, 0, 0, 0, 0, 0]"
532,5,"[3, 10, 16, 18, 19]",5,3.7773145716637373,0.08722204901278019,38.346844158135355,"[15193383, 15093383, 15893383, 15993383, 15493383, 15593383, 15393383, 15293383, 15693383, 15793383]","[18, 18, 18, 18, 18, 18, 18, 18, 18, 18]"
533,5,"[1, 18, 23]",3,2.130758403800428,0.05106154642999172,35.09394067308555,"[15377419, 15277419, 15177419, 15077419, 15977419, 15877419, 15677419, 15777419, 15577419, 15477419]","[23, 23, 23, 23, 23, 23, 23, 23, 23, 23]"
534,5,"[2, 18, 22]",3,2.162323670461774,0.05144115909934044,38.6645809498926,"[15183140, 15083140, 15783140, 15683140, 15583140, 15483140, 15983140, 15883140, 15383140, 15283140]","[2, 2, 2, 2, 2, 2, 2, 2, 2, 2]"
535,5,"[3, 6, 9, 12, 22]",5,3.7123751007020473,0.08632330503314734,38.29333902737126,"[15623263, 15723263, 15423263, 15523263, 15323263, 15223263, 15023263, 15123263, 15823263, 15923263]","[3, 3, 3, 3, 3, 3, 3, 3, 3, 3]"
536,5,"[0, 3, 6, 9, 19]",5,3.6898977663367987,0.08081184606999159,35.845360681600866,"[15729416, 15629416, 15429416, 15529416, 15129416, 15029416, 15829416, 15929416, 15229416, 15329416]","[3, 3, 3, 3, 3, 3, 3, 3, 3, 3]"
537,5,"[0, 2, 3, 18]",4,2.8522764146327972,0.060535455122590065,34.27330492227338,"[15112155, 15012155, 15812155, 15912155, 15412155, 15512155, 15312155, 15212155, 15612155, 15712155]","[18, 18, 18, 18, 18, 18, 18, 18, 18, 18]"
538,5,"[0, 1, 3, 16, 18]",5,3.6139558367431164,0.08292919117957354,35.30585911627859,"[15135027, 15035027, 15735027, 15635027, 15535027, 15435027, 15935027, 15835027, 15335027, 15235027]","[0, 0, 0, 0, 0, 0, 0, 0, 0, 0]"
539,5,"[4, 11, 12, 18]",4,2.829437113367021,0.06440502405166626,34.889540981384926,"[15362929, 15262929, 15062929, 15162929, 15662929, 15762929, 15962929, 15862929, 15462929, 15562929]","[12, 12, 12, 12, 12, 12, 12, 12, 12, 12]"
540,5,"[1, 4, 17, 18, 22]",5,3.5116508388891816,0.08576037082821131,36.17658013869077,"[15631544, 15731544, 15131544, 15031544, 15231544, 15331544, 15531544, 15431544, 15931544, 15831544]","[18, 18, 18, 18, 18, 18, 18, 18, 18, 18]"
541,5,"[0, 2, 10, 16]",4,2.793863594532013,0.06600245554000139,34.65822900319472,"[15156786, 15056786, 15756786, 15656786, 15556786, 15456786, 15956786, 15856786, 15356786, 15256786]","[0, 0, 0, 0, 0, 0, 0, 0, 0, 0]"
542,5,"[4, 14, 18, 22]",4,2.7210528068244457,0.0632553556933999,36.93768283515237,"[15181964, 15081964, 15881964, 15981964, 15481964, 15581964, 15381964, 15281964, 15681964, 15781964]","[22, 22, 22, 22, 22, 22, 22, 22, 22, 22]"
543,5,"[4, 12, 14, 22]",4,2.7119472045451403,0.06888783909380436,36.80176716996357,"[15132539, 15032539, 15832539, 15932539, 15432539, 15532539, 15332539, 15232539, 15632539, 15732539]","[22, 22, 22, 22, 22, 22, 22, 22, 22, 22]"
544,5,"[1, 3, 5, 12, 20]",5,3.5883875684812665,0.0803538840264082,35.368576229456814,"[15186352, 15086352, 15886352, 15986352, 15486352, 15586352, 15686352, 15786352, 15286352, 15386352]","[12, 12, 12, 12, 12, 12, 12, 12, 12, 12]"
545,5,"[3, 18, 21]",3,2.1720343688502908,0.047024660743772984,37.48676231658707,"[15177263, 15077263, 15777263, 15677263, 15577263, 15477263, 15977263, 15877263, 15377263, 15277263]","[3, 3, 3, 3, 3, 3, 3, 3, 3, 3]"
546,5,"[1, 5, 6, 10, 14]",5,3.448400903493166,0.08025879040360451,33.35785314301029,"[15460411, 15560411, 15860411, 15960411, 15060411, 15160411, 15660411, 15760411, 15360411, 15260411]","[5, 5, 5, 5, 5, 5, 5, 5, 5, 5]"
547,5,"[4, 20, 22, 24]",4,2.884745826944709,0.06915242224931717,38.23930530983489,"[15468320, 15568320, 15968320, 15868320, 15368320, 15268320, 15768320, 15668320, 15168320, 15068320]","[22, 22, 22, 22, 22, 22, 22, 22, 22, 22]"
548,5,"[0, 1, 2, 4, 20]",5,3.3994905361905694,0.07968387566506863,32.52253602584824,"[15163372, 15063372, 15563372, 15463372, 15363372, 15263372, 15863372, 15963372, 15763372, 15663372]","[1, 1, 1, 1, 1, 1, 1, 1, 1, 1]"
549,5,"[0, 1, 9, 22]",4,2.857619577087462,0.07064392138272524,37.029660940519534,"[15135027, 15035027, 15235027, 15335027, 15535027, 15435027, 15935027, 15835027, 15735027, 15635027]","[0, 0, 0, 0, 0, 0, 0, 0, 0, 0]"
550,5,"[1, 14, 24]",3,2.1828423431143165,0.04948204569518566,35.172390438616276,"[15162444, 15062444, 15262444, 15362444, 15562444, 15462444, 15962444, 15862444, 15762444, 15662444]","[1, 1, 1, 1, 1, 1, 1, 1, 1, 1]"
551,5,"[0, 5, 13, 17, 19]",5,3.5770303439348936,0.0813785893842578,35.0938248725608,"[15135027, 15035027, 15735027, 15635027, 15535027, 15435027, 15935027, 15835027, 15335027, 15235027]","[0, 0, 0, 0, 0, 0, 0, 0, 0, 0]"
552,5,"[1, 5, 10, 12, 22]",5,3.576591874472797,0.08295984752476215,36.684007397294046,"[15102480, 15002480, 15802480, 15902480, 15402480, 15502480, 15602480, 15702480, 15202480, 15302480]","[12, 12, 12, 12, 12, 12, 12, 12, 12, 12]"
553,5,"[0, 2, 9, 18, 21]",5,3.5588317569345236,0.07788990903645754,35.255792290344836,"[15112155, 15012155, 15812155, 15912155, 15412155, 15512155, 15612155, 15712155, 15212155, 15312155]","[18, 18, 18, 18, 18, 18, 18, 18, 18, 18]"
554,5,"[4, 10, 18, 22]",4,2.8292662845924497,0.0653374707326293,37.31156109739095,"[15135333, 15035333, 15835333, 15935333, 15435333, 15535333, 15635333, 15735333, 15235333, 15335333]","[22, 22, 22, 22, 22, 22, 22, 22, 22, 22]"
555,5,"[1, 5, 16]",3,2.155948406085372,0.05138339288532734,34.59839021585261,"[15512202, 15412202, 15912202, 15812202, 15112202, 15012202, 15212202, 15312202, 15712202, 15612202]","[16, 16, 16, 16, 16, 16, 16, 16, 16, 16]"
556,5,"[1, 8, 17, 18, 22]",5,3.5626684920862317,0.08059890754520893,36.99355220273137,"[15678330, 15778330, 15478330, 15578330, 15378330, 15278330, 15878330, 15978330, 15078330, 15178330]","[22, 22, 22, 22, 22, 22, 22, 22, 22, 22]"
557,5,"[3, 4, 9, 10, 20]",5,3.6861526062712073,0.08627190347760916,36.34829180017114,"[15011511, 15111511, 15411511, 15511511, 15911511, 15811511, 15711511, 15611511, 15211511, 15311511]","[3, 3, 3, 3, 3, 3, 3, 3, 3, 3]"
558,5,"[7, 14, 18, 20, 22]",5,3.4283586721867323,0.08206688426434994,37.18753656297922,"[15181600, 15081600, 15881600, 15981600, 15481600, 15581600, 15381600, 15281600, 15681600, 15781600]","[20, 20, 20, 20, 20, 20, 20, 20, 20, 20]"
559,5,"[1, 2, 18, 22]",4,2.882761601358652,0.062432932667434216,37.05728796753101,"[15512155, 15412155, 15912155, 15812155, 15112155, 15012155, 15212155, 15312155, 15712155, 15612155]","[18, 18, 18, 18, 18, 18, 18, 18, 18, 18]"
560,5,"[2, 3, 12, 18]",4,2.9322213921695948,0.0693310797214508,35.86492662306409,"[15962929, 15862929, 15562929, 15462929, 15762929, 15662929, 15162929, 15062929, 15362929, 15262929]","[12, 12, 12, 12, 12, 12, 12, 12, 12, 12]"
561,5,"[4, 14, 16, 18, 24]",5,3.5876073697581887,0.08649037312716246,35.823659321572634,"[15243292, 15343292, 15443292, 15543292, 15143292, 15043292, 15843292, 15943292, 15643292, 15743292]","[14, 14, 14, 14, 14, 14, 14, 14, 14, 14]"
562,5,"[3, 5, 22]",3,2.2207874869927764,0.05438164155930281,38.80788499830911,"[15757756, 15657756, 15457756, 15557756, 15157756, 15057756, 15857756, 15957756, 15257756, 15357756]","[5, 5, 5, 5, 5, 5, 5, 5, 5, 5]"
563,5,"[1, 4, 15, 16]",4,2.7591909375041723,0.0666325893253088,34.09472332824953,"[15311258, 15211258, 15811258, 15911258, 15711258, 15611258, 15411258, 15511258, 15111258, 15011258]","[4, 4, 4, 4, 4, 4, 4, 4, 4, 4]"
564,5,"[1, 13, 17, 18, 20]",5,3.542804665863514,0.08345037326216698,36.129937110561876,"[15583223, 15483223, 15983223, 15883223, 15183223, 15083223, 15283223, 15383223, 15783223, 15683223]","[17, 17, 17, 17, 17, 17, 17, 17, 17, 17]"
565,5,"[0, 1, 3, 12, 13]",5,3.523994704708457,0.08325583394616842,34.67121504517272,"[15065069, 15165069, 15665069, 15765069, 15865069, 15965069, 15565069, 15465069, 15365069, 15265069]","[12, 12, 12, 12, 12, 12, 12, 12, 12, 12]"
566,5,"[0, 1, 2, 3, 13]",5,3.5232615545392036,0.07763377018272877,33.938590125832704,"[15146438, 15046438, 15846438, 15946438, 15446438, 15546438, 15346438, 15246438, 15646438, 15746438]","[3, 3, 3, 3, 3, 3, 3, 3, 3, 3]"
567,5,"[4, 12, 13, 15, 22]",5,3.4235845180228353,0.08248361386358738,36.88239502431825,"[15308071, 15208071, 15808071, 15908071, 15508071, 15408071, 15108071, 15008071, 15608071, 15708071]","[4, 4, 4, 4, 4, 4, 4, 4, 4, 4]"
568,5,"[0, 1, 2, 10, 12]",5,3.451377217657864,0.0799078606069088,33.466156551614404,"[15284117, 15384117, 15484117, 15584117, 15184117, 15084117, 15884117, 15984117, 15684117, 15784117]","[1, 1, 1, 1, 1, 1, 1, 1, 1, 1]"
569,5,"[6, 14, 16, 18, 20]",5,3.490257906727493,0.0773994168266654,36.286069568805395,"[15959591, 15859591, 15759591, 15659591, 15059591, 15159591, 15359591, 15259591, 15459591, 15559591]","[16, 16, 16, 16, 16, 16, 16, 16, 16, 16]"
570,5,"[0, 1, 3, 10, 12]",5,3.533299358561635,0.08343750424683094,34.542490147147326,"[15112459, 15012459, 15712459, 15612459, 15512459, 15412459, 15912459, 15812459, 15312459, 15212459]","[0, 0, 0, 0, 0, 0, 0, 0, 0, 0]"
571,5,"[0, 2, 7, 12, 19]",5,3.4004746163263917,0.08049267437309027,33.65715198339895,"[15024167, 15124167, 15424167, 15524167, 15924167, 15824167, 15224167, 15324167, 15724167, 15624167]","[19, 19, 19, 19, 19, 19, 19, 19, 19, 19]"
572,5,"[0, 1, 2, 14, 18]",5,3.4368625227361917,0.08556910790503025,33.275786473974584,"[15196954, 15096954, 15796954, 15696954, 15596954, 15496954, 15996954, 15896954, 15396954, 15296954]","[0, 0, 0, 0, 0, 0, 0, 0, 0, 0]"
573,5,"[12, 17, 18]",3,2.1489387089386582,0.0515557024627924,36.28491293995952,"[15906269, 15806269, 15706269, 15606269, 15006269, 15106269, 15306269, 15206269, 15406269, 15506269]","[18, 18, 18, 18, 18, 18, 18, 18, 18, 18]"
574,5,"[1, 3, 4, 21]",4,2.846899696625769,0.07060120161622763,34.315473475144245,"[15196827, 15096827, 15296827, 15396827, 15596827, 15496827, 15996827, 15896827, 15796827, 15696827]","[1, 1, 1, 1, 1, 1, 1, 1, 1, 1]"
575,5,"[4, 6, 7, 9, 18]",5,3.455242616124451,0.0792491277679801,33.115839588176456,"[15111258, 15011258, 15211258, 15311258, 15511258, 15411258, 15911258, 15811258, 15711258, 15611258]","[4, 4, 4, 4, 4, 4, 4, 4, 4, 4]"
576,5,"[0, 2, 4, 12, 20]",5,3.4312617173418403,0.08225408103317022,33.31848547412083,"[15638267, 15738267, 15438267, 15538267, 15338267, 15238267, 15838267, 15938267, 15038267, 15138267]","[20, 20, 20, 20, 20, 20, 20, 20, 20, 20]"
577,5,"[0, 4, 9, 14, 16]",5,3.492390124127269,0.08310527913272381,34.652412234526125,"[15192840, 15092840, 15792840, 15692840, 15592840, 15492840, 15392840, 15292840, 15992840, 15892840]","[16, 16, 16, 16, 16, 16, 16, 16, 16, 16]"
578,5,"[10, 13, 14, 18, 20]",5,3.5339549835771322,0.07993633393198252,36.79940651040524,"[15439893, 15539893, 15839893, 15939893, 15039893, 15139893, 15639893, 15739893, 15339893, 15239893]","[13, 13, 13, 13, 13, 13, 13, 13, 13, 13]"
579,5,"[2, 3, 4, 11, 17]",5,3.6488509960472584,0.08587317820638418,34.59013673691079,"[15238341, 15338341, 15438341, 15538341, 15138341, 15038341, 15838341, 15938341, 15638341, 15738341]","[3, 3, 3, 3, 3, 3, 3, 3, 3, 3]"
580,5,"[2, 10, 14, 15, 17]",5,3.4708989672362804,0.08183062635362148,34.992416771687566,"[15681746, 15781746, 15481746, 15581746, 15381746, 15281746, 15081746, 15181746, 15881746, 15981746]","[2, 2, 2, 2, 2, 2, 2, 2, 2, 2]"
581,5,"[1, 3, 10, 16, 21]",5,3.6683354610577226,0.08413172978907824,36.8338183873333,"[15495032, 15595032, 15995032, 15895032, 15395032, 15295032, 15795032, 15695032, 15195032, 15095032]","[10, 10, 10, 10, 10, 10, 10, 10, 10, 10]"
582,5,"[0, 2, 10, 13, 21]",5,3.472071855328977,0.07951074186712503,34.754225340485576,"[15619768, 15719768, 15419768, 15519768, 15319768, 15219768, 15819768, 15919768, 15019768, 15119768]","[21, 21, 21, 21, 21, 21, 21, 21, 21, 21]"
583,5,"[5, 12, 16, 18, 22]",5,3.593402337282896,0.08778727799654007,38.24332581469789,"[15365069, 15265069, 15065069, 15165069, 15565069, 15465069, 15765069, 15665069, 15965069, 15865069]","[12, 12, 12, 12, 12, 12, 12, 12, 12, 12]"
584,5,"[1, 3, 12, 18]",4,2.8963416628539562,0.06628854665905237,35.78577096189838,"[15986993, 15886993, 15786993, 15686993, 15086993, 15186993, 15386993, 15286993, 15486993, 15586993]","[12, 12, 12, 12, 12, 12, 12, 12, 12, 12]"
585,5,"[0, 3, 4, 12, 17]",5,3.4661350967362523,0.08004231564700603,33.840661170333625,"[15696834, 15796834, 15196834, 15096834, 15296834, 15396834, 15596834, 15496834, 15996834, 15896834]","[12, 12, 12, 12, 12, 12, 12, 12, 12, 12]"
586,5,"[0, 3, 7, 12, 19]",5,3.4767503486946225,0.07733047008514404,34.73348557893187,"[15024167, 15124167, 15424167, 15524167, 15924167, 15824167, 15224167, 15324167, 15724167, 15624167]","[19, 19, 19, 19, 19, 19, 19, 19, 19, 19]"
587,5,"[1, 5, 14, 18]",4,2.7591420328244567,0.06627334374934435,33.946323584066704,"[15520141, 15420141, 15920141, 15820141, 15120141, 15020141, 15220141, 15320141, 15720141, 15620141]","[14, 14, 14, 14, 14, 14, 14, 14, 14, 14]"
588,5,"[1, 2, 3, 6, 16]",5,3.622318100184202,0.08337643928825855,34.751422562915835,"[15187782, 15087782, 15787782, 15687782, 15587782, 15487782, 15987782, 15887782, 15387782, 15287782]","[1, 1, 1, 1, 1, 1, 1, 1, 1, 1]"
589,5,"[0, 1, 4, 5, 9]",5,3.4418257055804133,0.08022607397288084,32.51356628863141,"[15530323, 15430323, 15930323, 15830323, 15130323, 15030323, 15230323, 15330323, 15730323, 15630323]","[4, 4, 4, 4, 4, 4, 4, 4, 4, 4]"
590,5,"[6, 8, 12, 20, 23]",5,3.4399932604283094,0.07714110054075718,35.16949091851711,"[15634325, 15734325, 15434325, 15534325, 15334325, 15234325, 15834325, 15934325, 15034325, 15134325]","[23, 23, 23, 23, 23, 23, 23, 23, 23, 23]"
591,5,"[1, 3, 14, 18]",4,2.8495172830298543,0.06423153821378946,35.477982722222805,"[15566258, 15466258, 15966258, 15866258, 15166258, 15066258, 15266258, 15366258, 15766258, 15666258]","[14, 14, 14, 14, 14, 14, 14, 14, 14, 14]"
592,5,"[0, 1, 9, 16]",4,2.854422627016902,0.06668524630367756,35.29711250925902,"[15701108, 15601108, 15401108, 15501108, 15101108, 15001108, 15801108, 15901108, 15201108, 15301108]","[1, 1, 1, 1, 1, 1, 1, 1, 1, 1]"
593,5,"[6, 12, 15, 18]",4,2.7694776775315404,0.06786894798278809,34.83075450907927,"[15292947, 15392947, 15492947, 15592947, 15192947, 15092947, 15892947, 15992947, 15692947, 15792947]","[12, 12, 12, 12, 12, 12, 12, 12, 12, 12]"
594,5,"[1, 9, 12, 18]",4,2.92200914863497,0.06639367621392012,36.14026430645026,"[15389042, 15289042, 15089042, 15189042, 15689042, 15789042, 15989042, 15889042, 15489042, 15589042]","[12, 12, 12, 12, 12, 12, 12, 12, 12, 12]"
595,5,"[0, 5, 13, 14, 23]",5,3.3733021514490247,0.07112762238830328,34.01009415406734,"[15100408, 15000408, 15800408, 15900408, 15400408, 15500408, 15600408, 15700408, 15200408, 15300408]","[14, 14, 14, 14, 14, 14, 14, 14, 14, 14]"
596,5,"[0, 2, 3, 14, 24]",5,3.603677944280207,0.0803373996168375,34.72323261238635,"[15575386, 15475386, 15375386, 15275386, 15175386, 15075386, 15675386, 15775386, 15875386, 15975386]","[0, 0, 0, 0, 0, 0, 0, 0, 0, 0]"
597,5,"[0, 4, 6, 12, 18]",5,3.41224068403244,0.0822262391448021,32.686187089048325,"[15408071, 15508071, 15808071, 15908071, 15008071, 15108071, 15608071, 15708071, 15308071, 15208071]","[4, 4, 4, 4, 4, 4, 4, 4, 4, 4]"
598,5,"[2, 4, 6, 12, 18]",5,3.5011992501094937,0.08010605443269014,33.22685953034088,"[15712762, 15612762, 15412762, 15512762, 15112762, 15012762, 15812762, 15912762, 15212762, 15312762]","[4, 4, 4, 4, 4, 4, 4, 4, 4, 4]"
599,5,"[3, 7, 18, 23]",4,2.7972524762153625,0.062133485451340675,34.96013195917476,"[15192938, 15092938, 15792938, 15692938, 15592938, 15492938, 15992938, 15892938, 15392938, 15292938]","[3, 3, 3, 3, 3, 3, 3, 3, 3, 3]"
600,5,"[6, 15, 16, 24]",4,2.907086217775941,0.06362427026033401,36.099875095300376,"[15189661, 15089661, 15789661, 15689661, 15589661, 15489661, 15989661, 15889661, 15389661, 15289661]","[6, 6, 6, 6, 6, 6, 6, 6, 6, 6]"
601,5,"[0, 6, 12, 17, 18]",5,3.4765857588499784,0.07696788758039474,33.99733644556254,"[15338183, 15238183, 15138183, 15038183, 15438183, 15538183, 15638183, 15738183, 15938183, 15838183]","[18, 18, 18, 18, 18, 18, 18, 18, 18, 18]"
602,5,"[0, 3, 14, 18, 22]",5,3.5285740001127124,0.08496707584708929,37.24161671781913,"[15135027, 15035027, 15735027, 15635027, 15535027, 15435027, 15935027, 15835027, 15335027, 15235027]","[0, 0, 0, 0, 0, 0, 0, 0, 0, 0]"
603,5,"[0, 6, 12, 18, 19]",5,3.5315593304112554,0.08034457825124264,34.983081185724586,"[15635027, 15735027, 15435027, 15535027, 15335027, 15235027, 15035027, 15135027, 15835027, 15935027]","[0, 0, 0, 0, 0, 0, 0, 0, 0, 0]"
604,5,"[0, 1, 13, 14, 18]",5,3.433235200121999,0.07972707226872444,34.19000830939039,"[15694813, 15794813, 15194813, 15094813, 15294813, 15394813, 15594813, 15494813, 15994813, 15894813]","[14, 14, 14, 14, 14, 14, 14, 14, 14, 14]"
605,5,"[2, 3, 9, 18, 23]",5,3.6621374180540442,0.08131187502294779,36.576763465534896,"[15541115, 15441115, 15941115, 15841115, 15141115, 15041115, 15641115, 15741115, 15241115, 15341115]","[9, 9, 9, 9, 9, 9, 9, 9, 9, 9]"
606,5,"[0, 3, 19, 22, 24]",5,3.698864712379873,0.08391545247286558,38.714501538407056,"[15300354, 15200354, 15000354, 15100354, 15600354, 15700354, 15900354, 15800354, 15400354, 15500354]","[19, 19, 19, 19, 19, 19, 19, 19, 19, 19]"
607,5,"[3, 6, 17, 18, 21]",5,3.577403023838997,0.07799696549773216,35.924864906910805,"[15708135, 15608135, 15008135, 15108135, 15208135, 15308135, 15408135, 15508135, 15908135, 15808135]","[21, 21, 21, 21, 21, 21, 21, 21, 21, 21]"
608,5,"[13, 20, 22, 24]",4,2.9358633486554027,0.06428195908665657,40.18883630714845,"[15402571, 15502571, 15202571, 15302571, 15602571, 15702571, 15102571, 15002571, 15902571, 15802571]","[20, 20, 20, 20, 20, 20, 20, 20, 20, 20]"
609,5,"[3, 6, 7, 16, 19]",5,3.5800590869039297,0.08330043777823448,35.72791493209079,"[15624100, 15724100, 15424100, 15524100, 15324100, 15224100, 15824100, 15924100, 15024100, 15124100]","[19, 19, 19, 19, 19, 19, 19, 19, 19, 19]"
610,5,"[1, 3, 4, 16]",4,2.88675722386688,0.06961704324930906,34.811706013279036,"[15634924, 15734924, 15134924, 15034924, 15234924, 15334924, 15534924, 15434924, 15934924, 15834924]","[16, 16, 16, 16, 16, 16, 16, 16, 16, 16]"
611,5,"[1, 7, 16, 18, 22]",5,3.483825118280947,0.08555809315294027,36.858046787418424,"[15359344, 15259344, 15059344, 15159344, 15659344, 15759344, 15959344, 15859344, 15459344, 15559344]","[16, 16, 16, 16, 16, 16, 16, 16, 16, 16]"
612,5,"[6, 16, 18, 21, 22]",5,3.549703915603459,0.08321284130215645,38.44909041104838,"[15117439, 15017439, 15717439, 15617439, 15517439, 15417439, 15317439, 15217439, 15917439, 15817439]","[22, 22, 22, 22, 22, 22, 22, 22, 22, 22]"
613,5,"[0, 2, 16, 18]",4,2.7955753449350595,0.060814909636974335,34.72805464582052,"[15635027, 15735027, 15435027, 15535027, 15335027, 15235027, 15035027, 15135027, 15835027, 15935027]","[0, 0, 0, 0, 0, 0, 0, 0, 0, 0]"
614,5,"[0, 1, 5, 9, 24]",5,3.628972123377025,0.08298786636441946,34.308114716503766,"[15124962, 15024962, 15724962, 15624962, 15524962, 15424962, 15324962, 15224962, 15924962, 15824962]","[24, 24, 24, 24, 24, 24, 24, 24, 24, 24]"
615,5,"[1, 9, 10, 14, 16]",5,3.6420282991603017,0.0862006014212966,36.56066004671156,"[15181200, 15081200, 15881200, 15981200, 15481200, 15581200, 15381200, 15281200, 15681200, 15781200]","[14, 14, 14, 14, 14, 14, 14, 14, 14, 14]"
616,5,"[0, 1, 2, 20]",4,2.7824796279892325,0.06590432208031416,33.32191581907682,"[15553112, 15453112, 15953112, 15853112, 15153112, 15053112, 15653112, 15753112, 15253112, 15353112]","[2, 2, 2, 2, 2, 2, 2, 2, 2, 2]"
617,5,"[3, 14, 16, 18, 24]",5,3.7386017916724086,0.0837206169962883,37.54539587954059,"[15590297, 15490297, 15990297, 15890297, 15190297, 15090297, 15290297, 15390297, 15790297, 15690297]","[16, 16, 16, 16, 16, 16, 16, 16, 16, 16]"
618,5,"[4, 6, 16, 17, 22]",5,3.5513609824702144,0.08841877337545156,36.58492904733866,"[15180606, 15080606, 15880606, 15980606, 15480606, 15580606, 15680606, 15780606, 15280606, 15380606]","[17, 17, 17, 17, 17, 17, 17, 17, 17, 17]"
619,5,"[13, 14, 18, 19, 22]",5,3.6007157769054174,0.0834383424371481,39.27166853323579,"[15580653, 15480653, 15180653, 15080653, 15780653, 15680653, 15380653, 15280653, 15980653, 15880653]","[14, 14, 14, 14, 14, 14, 14, 14, 14, 14]"
620,5,"[3, 6, 12, 18, 23]",5,3.5932676317170262,0.08383758459240198,35.695708570536226,"[15981404, 15881404, 15481404, 15581404, 15681404, 15781404, 15381404, 15281404, 15181404, 15081404]","[18, 18, 18, 18, 18, 18, 18, 18, 18, 18]"
621,5,"[1, 3, 5, 16, 17]",5,3.6814181888476014,0.08688557613641024,35.52192678516731,"[15158219, 15058219, 15758219, 15658219, 15558219, 15458219, 15958219, 15858219, 15358219, 15258219]","[1, 1, 1, 1, 1, 1, 1, 1, 1, 1]"
622,5,"[1, 11, 18]",3,2.2085050400346518,0.05207544472068548,35.41779994374762,"[15158219, 15058219, 15258219, 15358219, 15558219, 15458219, 15958219, 15858219, 15758219, 15658219]","[1, 1, 1, 1, 1, 1, 1, 1, 1, 1]"
623,5,"[5, 13, 18, 22]",4,2.853794602677226,0.06578308623284101,38.09297877922654,"[15520945, 15420945, 15920945, 15820945, 15120945, 15020945, 15220945, 15320945, 15720945, 15620945]","[18, 18, 18, 18, 18, 18, 18, 18, 18, 18]"
624,5,"[0, 4, 16, 17, 21]",5,3.459980793297291,0.08295772969722748,34.51498337369412,"[15153735, 15053735, 15753735, 15653735, 15553735, 15453735, 15953735, 15853735, 15353735, 15253735]","[0, 0, 0, 0, 0, 0, 0, 0, 0, 0]"
625,5,"[4, 12, 15, 17]",4,2.7510554930195212,0.06601635366678238,34.12167641322594,"[15008071, 15108071, 15408071, 15508071, 15908071, 15808071, 15708071, 15608071, 15208071, 15308071]","[4, 4, 4, 4, 4, 4, 4, 4, 4, 4]"
626,5,"[2, 3, 12, 18]",4,2.9165711365640163,0.06798233278095722,35.86492662306409,"[15746438, 15646438, 15446438, 15546438, 15146438, 15046438, 15846438, 15946438, 15246438, 15346438]","[3, 3, 3, 3, 3, 3, 3, 3, 3, 3]"
627,5,"[6, 18, 22]",3,2.1276846090331674,0.04713633190840483,38.24166171128551,"[15088998, 15188998, 15488998, 15588998, 15988998, 15888998, 15788998, 15688998, 15288998, 15388998]","[6, 6, 6, 6, 6, 6, 6, 6, 6, 6]"
628,5,"[3, 4, 10, 16, 22]",5,3.6166453175246716,0.0863691084086895,38.03476472934708,"[16970123, 16870123, 17070123, 17170123, 17370123, 17270123, 16670123, 16770123, 17570123, 17470123]","[3, 3, 3, 3, 3, 3, 3, 3, 3, 3]"
629,5,"[1, 12, 18, 19, 21]",5,3.569812492467463,0.08058929443359375,36.75732798511162,"[15024167, 15124167, 15624167, 15724167, 15824167, 15924167, 15524167, 15424167, 15324167, 15224167]","[19, 19, 19, 19, 19, 19, 19, 19, 19, 19]"
630,5,"[0, 2, 3, 22]",4,2.8534417878836393,0.06676043290644884,36.754323257133365,"[15312928, 15212928, 15812928, 15912928, 15712928, 15612928, 15412928, 15512928, 15112928, 15012928]","[2, 2, 2, 2, 2, 2, 2, 2, 2, 2]"
631,5,"[0, 2, 3, 10, 13]",5,3.5399455167353153,0.07471563015133142,34.78741159215569,"[15179362, 15079362, 15779362, 15679362, 15579362, 15479362, 15379362, 15279362, 15979362, 15879362]","[13, 13, 13, 13, 13, 13, 13, 13, 13, 13]"
632,5,"[1, 3, 5, 16, 19]",5,3.6911720978096128,0.08099412731826305,36.50767152532935,"[15122538, 15022538, 15822538, 15922538, 15422538, 15522538, 15622538, 15722538, 15222538, 15322538]","[16, 16, 16, 16, 16, 16, 16, 16, 16, 16]"
633,5,"[1, 2, 11, 12, 19]",5,3.6488279700279236,0.08078293781727552,35.81425123438239,"[15672460, 15772460, 15472460, 15572460, 15372460, 15272460, 15872460, 15972460, 15072460, 15172460]","[19, 19, 19, 19, 19, 19, 19, 19, 19, 19]"
634,5,"[0, 4, 9, 18, 24]",5,3.544882556423545,0.08015723899006844,34.716387449484316,"[15180991, 15080991, 15880991, 15980991, 15280991, 15380991, 15680991, 15780991, 15480991, 15580991]","[0, 0, 0, 0, 0, 0, 0, 0, 0, 0]"
635,5,"[0, 2, 5, 12]",4,2.7199614718556404,0.06134616397321224,32.60573011892848,"[15556065, 15456065, 15956065, 15856065, 15156065, 15056065, 15256065, 15356065, 15756065, 15656065]","[5, 5, 5, 5, 5, 5, 5, 5, 5, 5]"
636,5,"[0, 1, 12, 17, 18]",5,3.487638429738581,0.08395271375775337,34.187763459794226,"[16748128, 16648128, 17448128, 17548128, 17048128, 17148128, 16948128, 16848128, 17248128, 17348128]","[17, 17, 17, 17, 17, 17, 17, 17, 17, 17]"
637,5,"[3, 14, 16, 18, 19]",5,3.69601306412369,0.08661023713648319,38.04774154834449,"[15081704, 15181704, 15481704, 15581704, 15981704, 15881704, 15281704, 15381704, 15781704, 15681704]","[19, 19, 19, 19, 19, 19, 19, 19, 19, 19]"
638,5,"[6, 10, 19, 24]",4,3.020966747775674,0.07031624298542738,36.717509157489985,"[15147712, 15047712, 15747712, 15647712, 15547712, 15447712, 15947712, 15847712, 15347712, 15247712]","[6, 6, 6, 6, 6, 6, 6, 6, 6, 6]"
639,5,"[5, 12, 14, 18, 20]",5,3.4904633462429047,0.07813209295272827,35.68331894194707,"[15626486, 15726486, 15426486, 15526486, 15326486, 15226486, 15826486, 15926486, 15026486, 15126486]","[20, 20, 20, 20, 20, 20, 20, 20, 20, 20]"
640,5,"[3, 4, 5, 18, 20]",5,3.57419372536242,0.08601162116974592,34.89523032810539,"[15131946, 15031946, 15831946, 15931946, 15431946, 15531946, 15631946, 15731946, 15231946, 15331946]","[18, 18, 18, 18, 18, 18, 18, 18, 18, 18]"
641,5,"[1, 2, 3, 23]",4,2.896278901025653,0.06659557577222586,34.75218360114377,"[15332591, 15232591, 15032591, 15132591, 15632591, 15732591, 15932591, 15832591, 15432591, 15532591]","[3, 3, 3, 3, 3, 3, 3, 3, 3, 3]"
642,5,"[1, 8, 14, 24]",4,2.853326273150742,0.07023567240685225,34.73176212224644,"[15162444, 15062444, 15762444, 15662444, 15562444, 15462444, 15962444, 15862444, 15362444, 15262444]","[1, 1, 1, 1, 1, 1, 1, 1, 1, 1]"
643,5,"[0, 3, 8, 12, 16]",5,3.580249293707311,0.07959365844726562,35.432020214665684,"[15175386, 15075386, 15275386, 15375386, 15575386, 15475386, 15975386, 15875386, 15775386, 15675386]","[0, 0, 0, 0, 0, 0, 0, 0, 0, 0]"
644,5,"[1, 3, 6, 14]",4,2.8593990486115217,0.06510254088789225,34.109096478903666,"[16600399, 16700399, 17000399, 17100399, 17500399, 17400399, 17300399, 17200399, 16800399, 16900399]","[1, 1, 1, 1, 1, 1, 1, 1, 1, 1]"
645,5,"[1, 8, 14, 18, 20]",5,3.4916180269792676,0.0778402453288436,35.20793231027201,"[15658219, 15758219, 15458219, 15558219, 15358219, 15258219, 15058219, 15158219, 15858219, 15958219]","[1, 1, 1, 1, 1, 1, 1, 1, 1, 1]"
646,5,"[1, 4, 5, 13, 18]",5,3.4940371634438634,0.07981394696980715,33.4498897456564,"[15112861, 15012861, 15712861, 15612861, 15512861, 15412861, 15312861, 15212861, 15912861, 15812861]","[18, 18, 18, 18, 18, 18, 18, 18, 18, 18]"
647,5,"[3, 10, 14, 16, 17]",5,3.6515510408207774,0.08255335316061974,37.006136294081806,"[15759803, 15659803, 15459803, 15559803, 15159803, 15059803, 15859803, 15959803, 15259803, 15359803]","[10, 10, 10, 10, 10, 10, 10, 10, 10, 10]"
648,5,"[1, 16, 20, 22]",4,2.8852555323392153,0.06987723708152771,39.33063823787961,"[15759344, 15659344, 15459344, 15559344, 15159344, 15059344, 15859344, 15959344, 15259344, 15359344]","[16, 16, 16, 16, 16, 16, 16, 16, 16, 16]"
649,5,"[1, 2, 9, 12]",4,2.894331144168973,0.06674006208777428,35.08856749208644,"[15458292, 15558292, 15958292, 15858292, 15158292, 15058292, 15758292, 15658292, 15258292, 15358292]","[9, 9, 9, 9, 9, 9, 9, 9, 9, 9]"
650,5,"[1, 3, 5, 16]",4,2.927927932702005,0.06439018063247204,35.432217572582886,"[15468615, 15568615, 15868615, 15968615, 15068615, 15168615, 15668615, 15768615, 15368615, 15268615]","[3, 3, 3, 3, 3, 3, 3, 3, 3, 3]"
651,5,"[1, 5, 12, 17, 18]",5,3.506237780675292,0.08067380636930466,34.57944218609482,"[15184117, 15084117, 15284117, 15384117, 15584117, 15484117, 15984117, 15884117, 15784117, 15684117]","[1, 1, 1, 1, 1, 1, 1, 1, 1, 1]"
652,5,"[0, 3, 18, 19, 22]",5,3.6160613736137748,0.08078798558562994,38.40671352446079,"[15135027, 15035027, 15735027, 15635027, 15535027, 15435027, 15935027, 15835027, 15335027, 15235027]","[0, 0, 0, 0, 0, 0, 0, 0, 0, 0]"
653,5,"[1, 18, 20, 24]",4,2.9192085824906826,0.06718680448830128,36.48588501685299,"[15768703, 15668703, 15468703, 15568703, 15168703, 15068703, 15868703, 15968703, 15268703, 15368703]","[18, 18, 18, 18, 18, 18, 18, 18, 18, 18]"
654,5,"[0, 2, 5, 7]",4,2.625704006291926,0.06038443371653557,30.767044852254912,"[15787154, 15687154, 15587154, 15487154, 15087154, 15187154, 15287154, 15387154, 15887154, 15987154]","[0, 0, 0, 0, 0, 0, 0, 0, 0, 0]"
655,5,"[2, 10, 15, 18]",4,2.7891121208667755,0.057834488339722157,35.21403396059759,"[15139513, 15039513, 15839513, 15939513, 15439513, 15539513, 15639513, 15739513, 15239513, 15339513]","[18, 18, 18, 18, 18, 18, 18, 18, 18, 18]"
656,5,"[0, 3, 13, 16, 20]",5,3.591030969284475,0.07834149617701769,36.661952322535214,"[16970123, 16870123, 17470123, 17570123, 17370123, 17270123, 17070123, 17170123, 16770123, 16670123]","[3, 3, 3, 3, 3, 3, 3, 3, 3, 3]"
657,5,"[1, 3, 6, 14]",4,2.835672820918262,0.06492098607122898,34.109096478903666,"[15115973, 15015973, 15715973, 15615973, 15515973, 15415973, 15915973, 15815973, 15315973, 15215973]","[1, 1, 1, 1, 1, 1, 1, 1, 1, 1]"
658,5,"[1, 10, 18, 21, 22]",5,3.5862057404592633,0.08550991490483284,37.98488098829985,"[15162444, 15062444, 15762444, 15662444, 15562444, 15462444, 15962444, 15862444, 15362444, 15262444]","[1, 1, 1, 1, 1, 1, 1, 1, 1, 1]"
659,5,"[0, 6, 9, 10, 18]",5,3.56224353145808,0.07706493511795998,34.74439034070819,"[15777919, 15677919, 15877919, 15977919, 15377919, 15277919, 15177919, 15077919, 15577919, 15477919]","[10, 10, 10, 10, 10, 10, 10, 10, 10, 10]"
660,5,"[1, 3, 5, 14, 20]",5,3.5843587704002857,0.08340375777333975,35.12234563771635,"[15708365, 15608365, 15408365, 15508365, 15108365, 15008365, 15808365, 15908365, 15208365, 15308365]","[3, 3, 3, 3, 3, 3, 3, 3, 3, 3]"
661,5,"[1, 7, 12, 18, 21]",5,3.427094165235758,0.0773280942812562,34.367513556871565,"[15524894, 15424894, 15924894, 15824894, 15124894, 15024894, 15224894, 15324894, 15724894, 15624894]","[12, 12, 12, 12, 12, 12, 12, 12, 12, 12]"
662,5,"[5, 9, 21, 23]",4,2.8518887516111135,0.06622717157006264,36.303524642949924,"[15059775, 15159775, 15659775, 15759775, 15859775, 15959775, 15559775, 15459775, 15359775, 15259775]","[23, 23, 23, 23, 23, 23, 23, 23, 23, 23]"
663,5,"[0, 1, 4, 12, 14]",5,3.359338339418173,0.08499330934137106,32.521650979388504,"[15926311, 15826311, 15726311, 15626311, 15026311, 15126311, 15326311, 15226311, 15426311, 15526311]","[4, 4, 4, 4, 4, 4, 4, 4, 4, 4]"
664,5,"[0, 3, 12, 18, 21]",5,3.532795243896544,0.07979403901845217,35.704822534043345,"[15135027, 15035027, 15735027, 15635027, 15535027, 15435027, 15935027, 15835027, 15335027, 15235027]","[0, 0, 0, 0, 0, 0, 0, 0, 0, 0]"
665,5,"[0, 5, 17, 18, 20]",5,3.5016899975016713,0.08518061880022287,34.589373647794126,"[15054264, 15154264, 15454264, 15554264, 15954264, 15854264, 15254264, 15354264, 15754264, 15654264]","[20, 20, 20, 20, 20, 20, 20, 20, 20, 20]"
666,5,"[3, 18, 19, 23]",4,2.9671995835378766,0.06637837272137403,37.947399994474836,"[15138341, 15038341, 15738341, 15638341, 15538341, 15438341, 15938341, 15838341, 15338341, 15238341]","[3, 3, 3, 3, 3, 3, 3, 3, 3, 3]"
667,5,"[2, 12, 13, 16]",4,2.8874769853428006,0.06949363183230162,36.41075682651717,"[15695861, 15795861, 15195861, 15095861, 15295861, 15395861, 15595861, 15495861, 15995861, 15895861]","[16, 16, 16, 16, 16, 16, 16, 16, 16, 16]"
668,5,"[3, 4, 17, 18, 21]",5,3.583323714323342,0.08364894520491362,35.533213487640026,"[15169171, 15069171, 15869171, 15969171, 15469171, 15569171, 15369171, 15269171, 15669171, 15769171]","[18, 18, 18, 18, 18, 18, 18, 18, 18, 18]"
669,5,"[0, 4, 9, 18, 22]",5,3.513765466399491,0.07836796157062054,36.39341410342604,"[15460924, 15560924, 15660924, 15760924, 15960924, 15860924, 15160924, 15060924, 15260924, 15360924]","[9, 9, 9, 9, 9, 9, 9, 9, 9, 9]"
670,5,"[6, 12, 15, 18, 22]",5,3.471603992395103,0.07697072811424732,37.201182059664276,"[15127399, 15027399, 15727399, 15627399, 15527399, 15427399, 15927399, 15827399, 15327399, 15227399]","[6, 6, 6, 6, 6, 6, 6, 6, 6, 6]"
671,5,"[1, 9, 14, 18, 19]",5,3.6216200590133667,0.08093762584030628,36.82787832068279,"[15782286, 15682286, 15482286, 15582286, 15182286, 15082286, 15882286, 15982286, 15282286, 15382286]","[9, 9, 9, 9, 9, 9, 9, 9, 9, 9]"
672,5,"[4, 6, 14, 22]",4,2.711358998902142,0.06613764632493258,35.568796591833234,"[16918368, 16818368, 16618368, 16718368, 17018368, 17118368, 17218368, 17318368, 17418368, 17518368]","[22, 22, 22, 22, 22, 22, 22, 22, 22, 22]"
673,5,"[7, 15, 18, 19]",4,2.7334100967273116,0.06345274485647678,35.37362258916255,"[15324167, 15224167, 15024167, 15124167, 15424167, 15524167, 15924167, 15824167, 15724167, 15624167]","[19, 19, 19, 19, 19, 19, 19, 19, 19, 19]"
674,5,"[4, 5, 8, 20, 22]",5,3.4500536676496267,0.07688887789845467,35.97528050206601,"[15054264, 15154264, 15654264, 15754264, 15854264, 15954264, 15554264, 15454264, 15354264, 15254264]","[20, 20, 20, 20, 20, 20, 20, 20, 20, 20]"
675,5,"[2, 4, 16, 21]",4,2.7692140638828278,0.06309958081692457,34.8493788598571,"[15408071, 15508071, 15808071, 15908071, 15008071, 15108071, 15608071, 15708071, 15308071, 15208071]","[4, 4, 4, 4, 4, 4, 4, 4, 4, 4]"
676,5,"[4, 5, 10, 18, 20]",5,3.466027441434562,0.08292367681860924,34.60439366996288,"[15137166, 15037166, 15737166, 15637166, 15537166, 15437166, 15937166, 15837166, 15337166, 15237166]","[4, 4, 4, 4, 4, 4, 4, 4, 4, 4]"
677,5,"[4, 5, 15, 19]",4,2.757726357318461,0.06336299423128366,34.25183404551353,"[15100329, 15000329, 15700329, 15600329, 15500329, 15400329, 15900329, 15800329, 15300329, 15200329]","[4, 4, 4, 4, 4, 4, 4, 4, 4, 4]"
678,5,"[14, 18, 22, 24]",4,2.8692009719088674,0.06945817079395056,39.18086836999282,"[15573143, 15473143, 15973143, 15873143, 15173143, 15073143, 15273143, 15373143, 15773143, 15673143]","[22, 22, 22, 22, 22, 22, 22, 22, 22, 22]"
679,5,"[0, 3, 13, 18, 19]",5,3.6205249559134245,0.08009771257638931,36.49476324049756,"[15024167, 15124167, 15424167, 15524167, 15924167, 15824167, 15224167, 15324167, 15724167, 15624167]","[19, 19, 19, 19, 19, 19, 19, 19, 19, 19]"
680,5,"[0, 11, 14, 18]",4,2.7883351864293218,0.06570438016206026,34.712665893137455,"[15317042, 15217042, 15117042, 15017042, 15417042, 15517042, 15917042, 15817042, 15617042, 15717042]","[0, 0, 0, 0, 0, 0, 0, 0, 0, 0]"
681,5,"[1, 15, 18, 22, 24]",5,3.6603680131956935,0.08417137432843447,37.80812961999327,"[15132784, 15032784, 15832784, 15932784, 15432784, 15532784, 15632784, 15732784, 15232784, 15332784]","[22, 22, 22, 22, 22, 22, 22, 22, 22, 22]"
682,5,"[1, 3, 9, 14]",4,2.9537705155089498,0.06661471165716648,36.12619624682702,"[15738341, 15638341, 15438341, 15538341, 15138341, 15038341, 15838341, 15938341, 15238341, 15338341]","[3, 3, 3, 3, 3, 3, 3, 3, 3, 3]"
683,5,"[3, 4, 18, 19, 22]",5,3.6722388435155153,0.08627083338797092,38.30198300331831,"[15189621, 15089621, 15789621, 15689621, 15589621, 15489621, 15989621, 15889621, 15389621, 15289621]","[3, 3, 3, 3, 3, 3, 3, 3, 3, 3]"
684,5,"[0, 10, 18, 21, 24]",5,3.556676101870835,0.08003660198301077,35.830506421998145,"[15135027, 15035027, 15735027, 15635027, 15535027, 15435027, 15935027, 15835027, 15335027, 15235027]","[0, 0, 0, 0, 0, 0, 0, 0, 0, 0]"
685,5,"[0, 3, 6, 16, 21]",5,3.560388240031898,0.07733495905995369,35.31722199441865,"[15268365, 15368365, 15468365, 15568365, 15168365, 15068365, 15868365, 15968365, 15668365, 15768365]","[3, 3, 3, 3, 3, 3, 3, 3, 3, 3]"
686,5,"[5, 6, 14, 18, 24]",5,3.5740771424025297,0.08283668011426926,34.62618365148082,"[15055115, 15155115, 15455115, 15555115, 15955115, 15855115, 15755115, 15655115, 15255115, 15355115]","[5, 5, 5, 5, 5, 5, 5, 5, 5, 5]"
687,5,"[3, 4, 18]",3,2.1566479057073593,0.05071596894413233,34.672511806090675,"[15108071, 15008071, 15508071, 15408071, 15308071, 15208071, 15808071, 15908071, 15708071, 15608071]","[4, 4, 4, 4, 4, 4, 4, 4, 4, 4]"
688,5,"[1, 15, 18]",3,2.0959597164765,0.051200222223997116,34.686665615222104,"[15538971, 15438971, 15938971, 15838971, 15138971, 15038971, 15238971, 15338971, 15738971, 15638971]","[18, 18, 18, 18, 18, 18, 18, 18, 18, 18]"
689,5,"[1, 3, 13, 16, 18]",5,3.6905911965295672,0.08561483211815357,36.760753392986956,"[15701908, 15601908, 15001908, 15101908, 15301908, 15201908, 15801908, 15901908, 15401908, 15501908]","[13, 13, 13, 13, 13, 13, 13, 13, 13, 13]"
690,5,"[11, 14, 16, 18, 22]",5,3.6191048780456185,0.08575904089957476,39.087516982574016,"[16630117, 16730117, 17030117, 17130117, 17530117, 17430117, 17330117, 17230117, 16830117, 16930117]","[11, 11, 11, 11, 11, 11, 11, 11, 11, 11]"
691,5,"[2, 6, 10, 18, 22]",5,3.5893957084044814,0.09137995820492506,36.75130663020536,"[15581794, 15481794, 15981794, 15881794, 15181794, 15081794, 15281794, 15381794, 15781794, 15681794]","[10, 10, 10, 10, 10, 10, 10, 10, 10, 10]"
692,5,"[0, 1, 5, 18]",4,2.7480664290487766,0.06346681620925665,32.66249012295157,"[16918558, 16818558, 17018558, 17118558, 17318558, 17218558, 16618558, 16718558, 17518558, 17418558]","[0, 0, 0, 0, 0, 0, 0, 0, 0, 0]"
693,5,"[0, 1, 5, 18, 21]",5,3.418262369930744,0.07160548493266106,33.683545775245875,"[15145126, 15045126, 15845126, 15945126, 15445126, 15545126, 15645126, 15745126, 15245126, 15345126]","[18, 18, 18, 18, 18, 18, 18, 18, 18, 18]"
694,5,"[0, 1, 6, 18, 21]",5,3.403382206335664,0.07725077122449875,33.57878794707358,"[15715973, 15615973, 15415973, 15515973, 15115973, 15015973, 15815973, 15915973, 15215973, 15315973]","[1, 1, 1, 1, 1, 1, 1, 1, 1, 1]"
695,5,"[4, 16, 17, 18]",4,2.8098028115928173,0.06661445833742619,35.42932448699139,"[15700360, 15600360, 15400360, 15500360, 15100360, 15000360, 15800360, 15900360, 15200360, 15300360]","[16, 16, 16, 16, 16, 16, 16, 16, 16, 16]"
696,5,"[3, 12, 18]",3,2.188738526776433,0.05030606407672167,36.969224942382425,"[15507710, 15407710, 15907710, 15807710, 15107710, 15007710, 15607710, 15707710, 15207710, 15307710]","[18, 18, 18, 18, 18, 18, 18, 18, 18, 18]"
697,5,"[0, 7, 17, 18]",4,2.645888017490506,0.05757442396134138,32.837166802957654,"[15359001, 15259001, 15059001, 15159001, 15659001, 15759001, 15959001, 15859001, 15459001, 15559001]","[17, 17, 17, 17, 17, 17, 17, 17, 17, 17]"
698,5,"[2, 3, 7, 16, 20]",5,3.559480607509613,0.08070277515798807,35.55007963441312,"[15503562, 15403562, 15903562, 15803562, 15103562, 15003562, 15203562, 15303562, 15703562, 15603562]","[7, 7, 7, 7, 7, 7, 7, 7, 7, 7]"
699,5,"[8, 14, 16, 20]",4,2.781373295933008,0.0664832629263401,36.69953303632792,"[15572303, 15472303, 15972303, 15872303, 15172303, 15072303, 15272303, 15372303, 15772303, 15672303]","[16, 16, 16, 16, 16, 16, 16, 16, 16, 16]"
700,5,"[1, 14, 15, 18, 20]",5,3.4287838358432055,0.07416964322328568,35.539110656175765,"[15173530, 15073530, 15773530, 15673530, 15573530, 15473530, 15973530, 15873530, 15373530, 15273530]","[1, 1, 1, 1, 1, 1, 1, 1, 1, 1]"
701,5,"[0, 9, 12, 18]",4,2.816435462795198,0.06369267217814922,35.543579416000284,"[15742501, 15642501, 15442501, 15542501, 15142501, 15042501, 15842501, 15942501, 15242501, 15342501]","[9, 9, 9, 9, 9, 9, 9, 9, 9, 9]"
702,5,"[4, 12, 20]",3,2.0832623122259974,0.052106681279838085,34.73057541561624,"[15484983, 15584983, 15284983, 15384983, 15684983, 15784983, 15184983, 15084983, 15984983, 15884983]","[12, 12, 12, 12, 12, 12, 12, 12, 12, 12]"
703,5,"[4, 6, 12, 14, 24]",5,3.501582616008818,0.0829390836879611,34.0210418718867,"[15640339, 15740339, 15440339, 15540339, 15340339, 15240339, 15840339, 15940339, 15040339, 15140339]","[24, 24, 24, 24, 24, 24, 24, 24, 24, 24]"
704,5,"[6, 7, 10, 16, 18]",5,3.490948151797056,0.0808555819094181,34.62694459119812,"[15346348, 15246348, 15146348, 15046348, 15446348, 15546348, 15946348, 15846348, 15646348, 15746348]","[6, 6, 6, 6, 6, 6, 6, 6, 6, 6]"
705,5,"[5, 7, 12, 18, 22]",5,3.4659479772672057,0.08273619320243597,36.06486914632842,"[15162344, 15062344, 15762344, 15662344, 15562344, 15462344, 15362344, 15262344, 15962344, 15862344]","[22, 22, 22, 22, 22, 22, 22, 22, 22, 22]"
706,5,"[1, 9, 11, 14, 18]",5,3.6414110315963626,0.08415358420461416,36.117815231066196,"[15181200, 15081200, 15881200, 15981200, 15481200, 15581200, 15681200, 15781200, 15281200, 15381200]","[14, 14, 14, 14, 14, 14, 14, 14, 14, 14]"
707,5,"[1, 12, 14, 16, 22]",5,3.559297576546669,0.08879597205668688,37.97403187686577,"[15122538, 15022538, 15822538, 15922538, 15422538, 15522538, 15622538, 15722538, 15222538, 15322538]","[16, 16, 16, 16, 16, 16, 16, 16, 16, 16]"
708,5,"[3, 8, 17, 18, 22]",5,3.6612484883517027,0.08656214457005262,38.13321032719686,"[15629685, 15729685, 15429685, 15529685, 15329685, 15229685, 15829685, 15929685, 15029685, 15129685]","[22, 22, 22, 22, 22, 22, 22, 22, 22, 22]"
709,5,"[4, 11, 18]",3,2.145170065574348,0.04926598258316517,34.44766922124351,"[15526002, 15426002, 15926002, 15826002, 15126002, 15026002, 15226002, 15326002, 15726002, 15626002]","[18, 18, 18, 18, 18, 18, 18, 18, 18, 18]"
710,5,"[0, 1, 6, 24]",4,2.851228120736778,0.0655194241553545,32.91627785516903,"[15427857, 15527857, 15827857, 15927857, 15027857, 15127857, 15627857, 15727857, 15327857, 15227857]","[1, 1, 1, 1, 1, 1, 1, 1, 1, 1]"
711,5,"[4, 10, 16, 18, 23]",5,3.5109289959073067,0.08490689191967249,35.72072894815356,"[15176185, 15076185, 15876185, 15976185, 15476185, 15576185, 15376185, 15276185, 15676185, 15776185]","[18, 18, 18, 18, 18, 18, 18, 18, 18, 18]"
712,5,"[1, 4, 9, 14]",4,2.813299053348601,0.06849734298884869,33.97402554936707,"[15704257, 15604257, 15404257, 15504257, 15104257, 15004257, 15804257, 15904257, 15204257, 15304257]","[4, 4, 4, 4, 4, 4, 4, 4, 4, 4]"
713,5,"[1, 4, 9, 24]",4,2.976509241387248,0.06931963376700878,34.80246447166428,"[15020227, 15120227, 15620227, 15720227, 15820227, 15920227, 15520227, 15420227, 15320227, 15220227]","[24, 24, 24, 24, 24, 24, 24, 24, 24, 24]"
714,5,"[10, 16, 18, 22]",4,2.9287642668932676,0.06810370832681656,39.91848151839804,"[15009784, 15109784, 15409784, 15509784, 15909784, 15809784, 15709784, 15609784, 15209784, 15309784]","[10, 10, 10, 10, 10, 10, 10, 10, 10, 10]"
715,5,"[1, 9, 13, 17, 18]",5,3.6183943832293153,0.0806520925834775,36.269961088337006,"[15758292, 15658292, 15458292, 15558292, 15358292, 15258292, 15058292, 15158292, 15858292, 15958292]","[9, 9, 9, 9, 9, 9, 9, 9, 9, 9]"
716,5,"[0, 1, 3, 6, 19]",5,3.5856682639569044,0.08324233908206224,34.422107881493865,"[15672460, 15772460, 15472460, 15572460, 15372460, 15272460, 15872460, 15972460, 15072460, 15172460]","[19, 19, 19, 19, 19, 19, 19, 19, 19, 19]"
717,5,"[9, 14, 22, 24]",4,2.9453544579446316,0.0667575178667903,39.82908189459704,"[15843673, 15943673, 15743673, 15643673, 15543673, 15443673, 15343673, 15243673, 15143673, 15043673]","[24, 24, 24, 24, 24, 24, 24, 24, 24, 24]"
718,5,"[1, 3, 4, 18]",4,2.8385136807337403,0.0693570664152503,34.063236109679565,"[15162261, 15062261, 15762261, 15662261, 15562261, 15462261, 15962261, 15862261, 15362261, 15262261]","[1, 1, 1, 1, 1, 1, 1, 1, 1, 1]"
719,5,"[0, 4, 12, 18]",4,2.6756144175305963,0.0600334107875824,33.03691537398845,"[15521812, 15421812, 15921812, 15821812, 15121812, 15021812, 15221812, 15321812, 15721812, 15621812]","[12, 12, 12, 12, 12, 12, 12, 12, 12, 12]"
720,5,"[0, 5, 14, 19, 22]",5,3.470775656402111,0.0823771245777607,36.82642309004441,"[15032933, 15132933, 15432933, 15532933, 15932933, 15832933, 15232933, 15332933, 15732933, 15632933]","[22, 22, 22, 22, 22, 22, 22, 22, 22, 22]"
721,5,"[5, 11, 15, 18]",4,2.8139108130708337,0.06105374079197645,35.222705700900406,"[15711502, 15611502, 15411502, 15511502, 15111502, 15011502, 15811502, 15911502, 15211502, 15311502]","[11, 11, 11, 11, 11, 11, 11, 11, 11, 11]"
722,5,"[0, 3, 9, 15, 22]",5,3.588063146919012,0.08029413502663374,37.77654065741226,"[15135333, 15035333, 15735333, 15635333, 15535333, 15435333, 15335333, 15235333, 15935333, 15835333]","[22, 22, 22, 22, 22, 22, 22, 22, 22, 22]"
723,5,"[1, 5, 9, 18, 19]",5,3.6524816369637847,0.08343434054404497,36.192490278091284,"[15750875, 15650875, 15450875, 15550875, 15150875, 15050875, 15850875, 15950875, 15250875, 15350875]","[5, 5, 5, 5, 5, 5, 5, 5, 5, 5]"
724,5,"[2, 6, 10, 12]",4,2.8296052385121584,0.06545907165855169,34.13249455706682,"[15500309, 15400309, 15900309, 15800309, 15100309, 15000309, 15200309, 15300309, 15700309, 15600309]","[10, 10, 10, 10, 10, 10, 10, 10, 10, 10]"
725,5,"[0, 1, 3, 5, 14]",5,3.4874866269528866,0.0797135503962636,33.3617689030245,"[15262261, 15362261, 15462261, 15562261, 15162261, 15062261, 15862261, 15962261, 15662261, 15762261]","[1, 1, 1, 1, 1, 1, 1, 1, 1, 1]"
726,5,"[6, 7, 13, 14, 19]",5,3.4412843994796276,0.08267317246645689,34.61206412520259,"[15149957, 15049957, 15749957, 15649957, 15549957, 15449957, 15349957, 15249957, 15949957, 15849957]","[19, 19, 19, 19, 19, 19, 19, 19, 19, 19]"
727,5,"[1, 3, 7, 18]",4,2.8228906812146306,0.06544865109026432,33.947085695224814,"[15195573, 15095573, 15895573, 15995573, 15495573, 15595573, 15395573, 15295573, 15695573, 15795573]","[18, 18, 18, 18, 18, 18, 18, 18, 18, 18]"
728,5,"[0, 5, 21, 22]",4,2.759683709591627,0.06523656565696001,36.526598298805766,"[15945479, 15845479, 15745479, 15645479, 15045479, 15145479, 15345479, 15245479, 15445479, 15545479]","[21, 21, 21, 21, 21, 21, 21, 21, 21, 21]"
729,5,"[0, 3, 18, 22]",4,2.892276929691434,0.06619029957801104,37.80602007149719,"[15132784, 15032784, 15832784, 15932784, 15432784, 15532784, 15632784, 15732784, 15232784, 15332784]","[22, 22, 22, 22, 22, 22, 22, 22, 22, 22]"
730,5,"[1, 5, 6, 14, 19]",5,3.539401085115969,0.08500049542635679,34.223847339861095,"[15988998, 15888998, 15788998, 15688998, 15088998, 15188998, 15388998, 15288998, 15488998, 15588998]","[6, 6, 6, 6, 6, 6, 6, 6, 6, 6]"
731,5,"[1, 5, 12, 16, 18]",5,3.579863647930324,0.08605296071618795,35.35382916638628,"[15642634, 15742634, 15442634, 15542634, 15342634, 15242634, 15042634, 15142634, 15842634, 15942634]","[1, 1, 1, 1, 1, 1, 1, 1, 1, 1]"
732,5,"[1, 3, 5, 8, 12]",5,3.5923102712258697,0.0799269387498498,34.320241037663074,"[16970123, 16870123, 17470123, 17570123, 17370123, 17270123, 17070123, 17170123, 16770123, 16670123]","[3, 3, 3, 3, 3, 3, 3, 3, 3, 3]"
733,5,"[0, 2, 4, 7, 18]",5,3.3135291328653693,0.07396992109715939,31.468990418873727,"[15414424, 15514424, 15214424, 15314424, 15614424, 15714424, 15114424, 15014424, 15914424, 15814424]","[2, 2, 2, 2, 2, 2, 2, 2, 2, 2]"
734,5,"[2, 3, 4, 10, 18]",5,3.603659499436617,0.0860137902200222,34.60981668708846,"[15746438, 15646438, 15446438, 15546438, 15146438, 15046438, 15846438, 15946438, 15246438, 15346438]","[3, 3, 3, 3, 3, 3, 3, 3, 3, 3]"
735,5,"[0, 1, 5, 12, 13]",5,3.4642633190378547,0.07967811357229948,33.44588773464784,"[15608902, 15708902, 15108902, 15008902, 15208902, 15308902, 15508902, 15408902, 15908902, 15808902]","[12, 12, 12, 12, 12, 12, 12, 12, 12, 12]"
736,5,"[3, 6, 10, 16]",4,2.9806759003549814,0.06876428239047527,36.36229712027125,"[15722568, 15622568, 15422568, 15522568, 15122568, 15022568, 15822568, 15922568, 15222568, 15322568]","[6, 6, 6, 6, 6, 6, 6, 6, 6, 6]"
737,5,"[0, 6, 16, 18]",4,2.76740612834692,0.06369591411203146,34.410865216865204,"[15363517, 15263517, 15063517, 15163517, 15663517, 15763517, 15963517, 15863517, 15463517, 15563517]","[16, 16, 16, 16, 16, 16, 16, 16, 16, 16]"
738,5,"[0, 6, 13, 18, 22]",5,3.4527778392657638,0.07699544355273247,36.3393590869382,"[15139513, 15039513, 15839513, 15939513, 15439513, 15539513, 15339513, 15239513, 15639513, 15739513]","[18, 18, 18, 18, 18, 18, 18, 18, 18, 18]"
739,5,"[0, 4, 6, 17, 18]",5,3.378203892149031,0.07992832828313112,32.61930856378749,"[15654164, 15754164, 15154164, 15054164, 15254164, 15354164, 15554164, 15454164, 15954164, 15854164]","[17, 17, 17, 17, 17, 17, 17, 17, 17, 17]"
740,5,"[1, 3, 16, 17]",4,2.958496551029384,0.06998633686453104,36.450642708921805,"[15534924, 15434924, 15934924, 15834924, 15134924, 15034924, 15234924, 15334924, 15734924, 15634924]","[16, 16, 16, 16, 16, 16, 16, 16, 16, 16]"
741,5,"[0, 5, 18]",3,2.0286013493314385,0.043901724740862846,32.80485049045334,"[15455115, 15555115, 15855115, 15955115, 15055115, 15155115, 15655115, 15755115, 15355115, 15255115]","[5, 5, 5, 5, 5, 5, 5, 5, 5, 5]"
742,5,"[2, 3, 7, 11, 24]",5,3.6479414962232113,0.08137354254722595,34.98061547670513,"[15092930, 15192930, 15792930, 15692930, 15292930, 15392930, 15992930, 15892930, 15492930, 15592930]","[2, 2, 2, 2, 2, 2, 2, 2, 2, 2]"
743,5,"[1, 4, 14, 18, 24]",5,3.5060554882511497,0.08080818969756365,34.32020141826943,"[15101113, 15001113, 15801113, 15901113, 15401113, 15501113, 15601113, 15701113, 15201113, 15301113]","[18, 18, 18, 18, 18, 18, 18, 18, 18, 18]"
744,5,"[0, 3, 4, 7, 19]",5,3.426172818057239,0.0772086177021265,33.355457697156815,"[15120570, 15020570, 15620570, 15720570, 15520570, 15420570, 15920570, 15820570, 15320570, 15220570]","[4, 4, 4, 4, 4, 4, 4, 4, 4, 4]"
745,5,"[0, 13, 14, 18, 19]",5,3.4521989477798343,0.07688131835311651,35.90482397256419,"[15509533, 15409533, 15909533, 15809533, 15109533, 15009533, 15209533, 15309533, 15709533, 15609533]","[14, 14, 14, 14, 14, 14, 14, 14, 14, 14]"
746,5,"[0, 4, 18, 20, 22]",5,3.445192102342844,0.08182288985699415,36.25339012565091,"[15150414, 15050414, 15250414, 15350414, 15550414, 15450414, 15950414, 15850414, 15750414, 15650414]","[0, 0, 0, 0, 0, 0, 0, 0, 0, 0]"
747,5,"[2, 3, 16, 17, 18]",5,3.715028860606253,0.0882023936137557,36.575602480582894,"[15132899, 15032899, 15232899, 15332899, 15532899, 15432899, 15732899, 15632899, 15932899, 15832899]","[18, 18, 18, 18, 18, 18, 18, 18, 18, 18]"
748,5,"[3, 12, 14, 21, 24]",5,3.656104958616197,0.07799478247761726,37.039677316881715,"[15561941, 15461941, 15961941, 15861941, 15161941, 15061941, 15261941, 15361941, 15761941, 15661941]","[14, 14, 14, 14, 14, 14, 14, 14, 14, 14]"
749,5,"[2, 3, 5, 16]",4,2.954668216407299,0.06636538915336132,35.5113732337486,"[15545868, 15445868, 15945868, 15845868, 15145868, 15045868, 15245868, 15345868, 15745868, 15645868]","[5, 5, 5, 5, 5, 5, 5, 5, 5, 5]"
750,5,"[0, 1, 2, 3, 18]",5,3.580613766796887,0.08336124010384083,33.86572574190795,"[15541983, 15441983, 15941983, 15841983, 15141983, 15041983, 15641983, 15741983, 15241983, 15341983]","[2, 2, 2, 2, 2, 2, 2, 2, 2, 2]"
751,5,"[1, 6, 14, 18]",4,2.7774799205362797,0.06886680610477924,33.815376298851334,"[15572947, 15472947, 15972947, 15872947, 15172947, 15072947, 15272947, 15372947, 15772947, 15672947]","[14, 14, 14, 14, 14, 14, 14, 14, 14, 14]"
752,5,"[0, 10, 11, 13, 20]",5,3.575684607028961,0.08271549642086029,35.8724103346467,"[15582683, 15482683, 15182683, 15082683, 15382683, 15282683, 15782683, 15682683, 15882683, 15982683]","[11, 11, 11, 11, 11, 11, 11, 11, 11, 11]"
753,5,"[0, 1, 2, 18]",4,2.81003431789577,0.06639641616493464,32.84873226669151,"[15928324, 15828324, 15728324, 15628324, 15028324, 15128324, 15328324, 15228324, 15428324, 15528324]","[2, 2, 2, 2, 2, 2, 2, 2, 2, 2]"
754,5,"[11, 14, 16, 18]",4,2.8852057782933116,0.06864721979945898,37.18867316271644,"[15247739, 15347739, 15447739, 15547739, 15147739, 15047739, 15847739, 15947739, 15647739, 15747739]","[14, 14, 14, 14, 14, 14, 14, 14, 14, 14]"
755,5,"[2, 6, 16, 18]",4,2.8676101583987474,0.065720085054636,35.0867057684809,"[15418839, 15518839, 15818839, 15918839, 15018839, 15118839, 15618839, 15718839, 15318839, 15218839]","[6, 6, 6, 6, 6, 6, 6, 6, 6, 6]"
756,5,"[2, 5, 6, 18, 22]",5,3.584718824364245,0.0832023723050952,35.81681597782299,"[15331370, 15231370, 15031370, 15131370, 15631370, 15731370, 15931370, 15831370, 15431370, 15531370]","[6, 6, 6, 6, 6, 6, 6, 6, 6, 6]"
757,5,"[1, 4, 18, 19]",4,2.8636023672297597,0.06865361891686916,34.78218303306494,"[15115810, 15015810, 15815810, 15915810, 15415810, 15515810, 15615810, 15715810, 15215810, 15315810]","[19, 19, 19, 19, 19, 19, 19, 19, 19, 19]"
758,5,"[2, 5, 18]",3,2.1302782725542784,0.047465150244534016,33.705971225940935,"[15791054, 15691054, 15491054, 15591054, 15191054, 15091054, 15891054, 15991054, 15291054, 15391054]","[5, 5, 5, 5, 5, 5, 5, 5, 5, 5]"
759,5,"[1, 3, 4, 10, 18]",5,3.566518663428724,0.08310820069164038,34.546492158155885,"[15187782, 15087782, 15787782, 15687782, 15587782, 15487782, 15987782, 15887782, 15387782, 15287782]","[1, 1, 1, 1, 1, 1, 1, 1, 1, 1]"
760,5,"[3, 7, 12, 18, 22]",5,3.510249610990286,0.07994751539081335,37.2901964568533,"[15119329, 15019329, 15719329, 15619329, 15519329, 15419329, 15919329, 15819329, 15319329, 15219329]","[3, 3, 3, 3, 3, 3, 3, 3, 3, 3]"
761,5,"[1, 2, 5, 18, 22]",5,3.541763763874769,0.08013968076556921,36.00724299205467,"[15755858, 15655858, 15455858, 15555858, 15155858, 15055858, 15855858, 15955858, 15255858, 15355858]","[2, 2, 2, 2, 2, 2, 2, 2, 2, 2]"
762,5,"[0, 1, 12, 18, 24]",5,3.522586900740862,0.08341782819479704,34.67116253115237,"[15268557, 15368557, 15468557, 15568557, 15168557, 15068557, 15868557, 15968557, 15668557, 15768557]","[1, 1, 1, 1, 1, 1, 1, 1, 1, 1]"
763,5,"[3, 14, 18, 21]",4,2.8300108332186937,0.060701994225382805,36.86107256321702,"[15130938, 15030938, 15830938, 15930938, 15430938, 15530938, 15630938, 15730938, 15230938, 15330938]","[21, 21, 21, 21, 21, 21, 21, 21, 21, 21]"
764,5,"[1, 4, 14, 19, 20]",5,3.4861610243096948,0.08301059156656265,35.20109392898157,"[15127618, 15027618, 15827618, 15927618, 15427618, 15527618, 15627618, 15727618, 15227618, 15327618]","[19, 19, 19, 19, 19, 19, 19, 19, 19, 19]"
765,5,"[1, 12, 18, 20]",4,2.8223699731752276,0.06376092787832022,35.965234334231354,"[15421812, 15521812, 15821812, 15921812, 15021812, 15121812, 15621812, 15721812, 15321812, 15221812]","[12, 12, 12, 12, 12, 12, 12, 12, 12, 12]"
766,5,"[3, 17, 18, 19, 22]",5,3.711308659054339,0.08409736212342978,39.61313235983253,"[15166295, 15066295, 15866295, 15966295, 15466295, 15566295, 15366295, 15266295, 15666295, 15766295]","[19, 19, 19, 19, 19, 19, 19, 19, 19, 19]"
767,5,"[2, 18, 20, 24]",4,2.9182643769308925,0.07014042604714632,36.565040678018704,"[15532946, 15432946, 15932946, 15832946, 15132946, 15032946, 15232946, 15332946, 15732946, 15632946]","[20, 20, 20, 20, 20, 20, 20, 20, 20, 20]"
768,5,"[0, 1, 13, 22]",4,2.788544890470803,0.06591736245900393,36.47252789582126,"[15688582, 15788582, 15188582, 15088582, 15288582, 15388582, 15588582, 15488582, 15988582, 15888582]","[22, 22, 22, 22, 22, 22, 22, 22, 22, 22]"
769,5,"[3, 7, 14, 15, 18]",5,3.4323237827047706,0.08033009525388479,34.720541193243115,"[15189878, 15089878, 15789878, 15689878, 15589878, 15489878, 15389878, 15289878, 15989878, 15889878]","[18, 18, 18, 18, 18, 18, 18, 18, 18, 18]"
770,5,"[0, 5, 6, 11, 18]",5,3.512408417649567,0.07963893562555313,33.39139946177602,"[15612113, 15712113, 15112113, 15012113, 15212113, 15312113, 15512113, 15412113, 15912113, 15812113]","[11, 11, 11, 11, 11, 11, 11, 11, 11, 11]"
771,5,"[1, 3, 5, 18]",4,2.9268040284514427,0.06689116824418306,34.683747668983415,"[15560151, 15460151, 15960151, 15860151, 15160151, 15060151, 15260151, 15360151, 15760151, 15660151]","[5, 5, 5, 5, 5, 5, 5, 5, 5, 5]"
772,5,"[0, 3, 7, 19]",4,2.8157144486904144,0.06539817340672016,34.36306790821254,"[15092864, 15192864, 15492864, 15592864, 15992864, 15892864, 15792864, 15692864, 15292864, 15392864]","[0, 0, 0, 0, 0, 0, 0, 0, 0, 0]"
773,5,"[0, 1, 3, 13, 22]",5,3.59897665027529,0.0862932363525033,36.76476224521175,"[15722097, 15622097, 15422097, 15522097, 15122097, 15022097, 15822097, 15922097, 15222097, 15322097]","[1, 1, 1, 1, 1, 1, 1, 1, 1, 1]"
774,5,"[3, 4, 7, 18, 20]",5,3.498602849431336,0.08136180881410837,34.30590074909851,"[15369907, 15269907, 15069907, 15169907, 15669907, 15769907, 15969907, 15869907, 15469907, 15569907]","[7, 7, 7, 7, 7, 7, 7, 7, 7, 7]"
775,5,"[1, 3, 4, 16]",4,2.914820129983127,0.06946035660803318,34.811706013279036,"[15147014, 15047014, 15747014, 15647014, 15547014, 15447014, 15947014, 15847014, 15347014, 15247014]","[1, 1, 1, 1, 1, 1, 1, 1, 1, 1]"
776,5,"[2, 3, 5, 18]",4,2.9131486685946584,0.06268962565809488,34.76290333014913,"[15566982, 15466982, 15966982, 15866982, 15166982, 15066982, 15666982, 15766982, 15266982, 15366982]","[5, 5, 5, 5, 5, 5, 5, 5, 5, 5]"
777,5,"[12, 18, 22]",3,2.1440242901444435,0.048300801776349545,39.88562248212596,"[15980820, 15880820, 15780820, 15680820, 15080820, 15180820, 15380820, 15280820, 15480820, 15580820]","[22, 22, 22, 22, 22, 22, 22, 22, 22, 22]"
778,5,"[0, 2, 10, 11, 18]",5,3.569076175801456,0.07972221076488495,34.57964165732265,"[15446594, 15546594, 15246594, 15346594, 15646594, 15746594, 15146594, 15046594, 15946594, 15846594]","[2, 2, 2, 2, 2, 2, 2, 2, 2, 2]"
779,5,"[3, 7, 17, 18]",4,2.8437384059652686,0.06300644390285015,34.8584243489895,"[15123263, 15023263, 15723263, 15623263, 15523263, 15423263, 15923263, 15823263, 15323263, 15223263]","[3, 3, 3, 3, 3, 3, 3, 3, 3, 3]"
780,5,"[0, 3, 10, 18]",4,2.873419012874365,0.06285229697823524,35.255176094011404,"[15723263, 15623263, 15423263, 15523263, 15123263, 15023263, 15823263, 15923263, 15223263, 15323263]","[3, 3, 3, 3, 3, 3, 3, 3, 3, 3]"
781,5,"[1, 5, 20]",3,2.1222125124186277,0.04774677846580744,34.23134174756706,"[15539719, 15439719, 15939719, 15839719, 15139719, 15039719, 15639719, 15739719, 15239719, 15339719]","[20, 20, 20, 20, 20, 20, 20, 20, 20, 20]"
782,5,"[0, 3, 18, 22]",4,2.847491944208741,0.06076736282557249,37.80602007149719,"[15364364, 15264364, 15164364, 15064364, 15464364, 15564364, 15964364, 15864364, 15664364, 15764364]","[0, 0, 0, 0, 0, 0, 0, 0, 0, 0]"
783,5,"[9, 11, 15, 21, 22]",5,3.6294459039345384,0.0811665989458561,39.22545489165932,"[15150170, 15050170, 15750170, 15650170, 15550170, 15450170, 15950170, 15850170, 15350170, 15250170]","[9, 9, 9, 9, 9, 9, 9, 9, 9, 9]"
784,5,"[0, 2, 3, 21]",4,2.795639993622899,0.057837980799376965,34.52554228773806,"[15765630, 15665630, 15465630, 15565630, 15165630, 15065630, 15865630, 15965630, 15265630, 15365630]","[2, 2, 2, 2, 2, 2, 2, 2, 2, 2]"
785,5,"[4, 18, 20]",3,2.06097349524498,0.04940404277294874,34.91179630253464,"[15539719, 15439719, 15939719, 15839719, 15139719, 15039719, 15239719, 15339719, 15739719, 15639719]","[20, 20, 20, 20, 20, 20, 20, 20, 20, 20]"
786,5,"[4, 9, 14, 17, 18]",5,3.5019472390413284,0.08014799002557993,35.260055147018285,"[15118490, 15018490, 15818490, 15918490, 15418490, 15518490, 15618490, 15718490, 15218490, 15318490]","[17, 17, 17, 17, 17, 17, 17, 17, 17, 17]"
787,5,"[4, 14, 20, 24]",4,2.7885074764490128,0.06577296182513237,35.31458307011053,"[15446790, 15546790, 15246790, 15346790, 15646790, 15746790, 15146790, 15046790, 15946790, 15846790]","[14, 14, 14, 14, 14, 14, 14, 14, 14, 14]"
788,5,"[2, 4, 8, 18, 22]",5,3.4674467649310827,0.08368437830358744,35.74572737514973,"[15513743, 15413743, 15913743, 15813743, 15113743, 15013743, 15213743, 15313743, 15713743, 15613743]","[8, 8, 8, 8, 8, 8, 8, 8, 8, 8]"
789,5,"[2, 3, 5, 9, 18]",5,3.6673912089318037,0.07749597635120153,35.68065726831556,"[15107508, 15007508, 15807508, 15907508, 15407508, 15507508, 15607508, 15707508, 15207508, 15307508]","[9, 9, 9, 9, 9, 9, 9, 9, 9, 9]"
790,5,"[0, 13, 16, 18, 22]",5,3.513078074902296,0.0801418088376522,38.03324400447309,"[15184612, 15084612, 15284612, 15384612, 15584612, 15484612, 15784612, 15684612, 15984612, 15884612]","[22, 22, 22, 22, 22, 22, 22, 22, 22, 22]"
791,5,"[2, 5, 17, 18, 19]",5,3.5965109961107373,0.08422405645251274,35.5616329299286,"[15249957, 15349957, 15649957, 15749957, 15549957, 15449957, 15849957, 15949957, 15149957, 15049957]","[19, 19, 19, 19, 19, 19, 19, 19, 19, 19]"
792,5,"[0, 4, 13, 15, 19]",5,3.447985270060599,0.08538785669952631,34.43441667854786,"[15686033, 15786033, 15186033, 15086033, 15286033, 15386033, 15586033, 15486033, 15986033, 15886033]","[15, 15, 15, 15, 15, 15, 15, 15, 15, 15]"
793,5,"[8, 12, 14, 17]",4,2.762742049060762,0.06617471855133772,35.12245009338949,"[15572947, 15472947, 15972947, 15872947, 15172947, 15072947, 15272947, 15372947, 15772947, 15672947]","[14, 14, 14, 14, 14, 14, 14, 14, 14, 14]"
794,5,"[0, 1, 3, 15, 18]",5,3.527302198112011,0.08043333422392607,34.36847318941727,"[15531433, 15431433, 15931433, 15831433, 15131433, 15031433, 15231433, 15331433, 15731433, 15631433]","[3, 3, 3, 3, 3, 3, 3, 3, 3, 3]"
795,5,"[3, 7, 9, 12, 24]",5,3.705310543999076,0.08331160712987185,36.131740622594954,"[15143673, 15043673, 15743673, 15643673, 15543673, 15443673, 15343673, 15243673, 15943673, 15843673]","[24, 24, 24, 24, 24, 24, 24, 24, 24, 24]"
796,5,"[8, 14, 17, 18]",4,2.77152141276747,0.06569965369999409,35.25836575857829,"[15327193, 15227193, 15027193, 15127193, 15627193, 15727193, 15927193, 15827193, 15427193, 15527193]","[17, 17, 17, 17, 17, 17, 17, 17, 17, 17]"
797,5,"[0, 4, 6, 18, 22]",5,3.4269074369221926,0.07971255388110876,34.77973428908736,"[15183053, 15083053, 15783053, 15683053, 15583053, 15483053, 15983053, 15883053, 15383053, 15283053]","[0, 0, 0, 0, 0, 0, 0, 0, 0, 0]"
798,5,"[0, 4, 12, 18]",4,2.6994500029832125,0.06279387511312962,33.03691537398845,"[15524894, 15424894, 15924894, 15824894, 15124894, 15024894, 15224894, 15324894, 15724894, 15624894]","[12, 12, 12, 12, 12, 12, 12, 12, 12, 12]"
799,5,"[2, 5, 13, 18, 22]",5,3.5901576094329357,0.08353826310485601,36.984789356403056,"[15750875, 15650875, 15450875, 15550875, 15150875, 15050875, 15850875, 15950875, 15250875, 15350875]","[5, 5, 5, 5, 5, 5, 5, 5, 5, 5]"
800,5,"[1, 5, 9, 17, 23]",5,3.606657843105495,0.08239527698606253,35.11250056866557,"[15163105, 15063105, 15263105, 15363105, 15563105, 15463105, 15963105, 15863105, 15763105, 15663105]","[1, 1, 1, 1, 1, 1, 1, 1, 1, 1]"
801,5,"[1, 2, 3, 5, 16]",5,3.6613906202837825,0.0833118436858058,34.85618039108813,"[15063372, 15163372, 15463372, 15563372, 15963372, 15863372, 15763372, 15663372, 15263372, 15363372]","[1, 1, 1, 1, 1, 1, 1, 1, 1, 1]"
802,5,"[1, 7, 8, 13, 18]",5,3.4185886196792126,0.07416326366364956,33.67753223069012,"[15705768, 15605768, 15005768, 15105768, 15305768, 15205768, 15805768, 15905768, 15405768, 15505768]","[8, 8, 8, 8, 8, 8, 8, 8, 8, 8]"
803,5,"[2, 3, 6, 12, 13]",5,3.617218090221286,0.08228576835244894,35.02146047223359,"[15683800, 15783800, 15483800, 15583800, 15383800, 15283800, 15883800, 15983800, 15083800, 15183800]","[13, 13, 13, 13, 13, 13, 13, 13, 13, 13]"
804,5,"[4, 12, 15, 17, 20]",5,3.427046559751034,0.08219286054372787,35.02765175700188,"[15054264, 15154264, 15454264, 15554264, 15954264, 15854264, 15254264, 15354264, 15754264, 15654264]","[20, 20, 20, 20, 20, 20, 20, 20, 20, 20]"
805,5,"[1, 5, 17, 22]",4,2.8336678007617593,0.06376786902546883,36.651532002026215,"[15612028, 15712028, 15212028, 15312028, 15812028, 15912028, 15112028, 15012028, 15412028, 15512028]","[17, 17, 17, 17, 17, 17, 17, 17, 17, 17]"
806,5,"[2, 3, 9, 15, 19]",5,3.717746558599174,0.08343636523932219,37.14253211356699,"[15027618, 15127618, 15427618, 15527618, 15927618, 15827618, 15227618, 15327618, 15727618, 15627618]","[19, 19, 19, 19, 19, 19, 19, 19, 19, 19]"
807,5,"[0, 13, 19, 22]",4,2.8336397111415863,0.06385836470872164,38.6160474747885,"[15135027, 15035027, 15235027, 15335027, 15535027, 15435027, 15935027, 15835027, 15735027, 15635027]","[0, 0, 0, 0, 0, 0, 0, 0, 0, 0]"
808,5,"[0, 6, 14, 16, 18]",5,3.4130190005525947,0.07733314856886864,34.525492834113535,"[15565025, 15465025, 15965025, 15865025, 15165025, 15065025, 15265025, 15365025, 15765025, 15665025]","[14, 14, 14, 14, 14, 14, 14, 14, 14, 14]"
809,5,"[0, 4, 10, 13, 24]",5,3.4852698473259807,0.08006311673671007,34.214820499625056,"[15559993, 15459993, 15959993, 15859993, 15159993, 15059993, 15259993, 15359993, 15759993, 15659993]","[10, 10, 10, 10, 10, 10, 10, 10, 10, 10]"
810,5,"[0, 1, 3, 13, 20]",5,3.536352900788188,0.08036836795508862,35.158494419232014,"[15778527, 15678527, 15478527, 15578527, 15178527, 15078527, 15878527, 15978527, 15278527, 15378527]","[1, 1, 1, 1, 1, 1, 1, 1, 1, 1]"
811,5,"[6, 17, 18, 19, 22]",5,3.6047902712598443,0.08350203093141317,38.28304722113535,"[15927618, 15827618, 15727618, 15627618, 15527618, 15427618, 15327618, 15227618, 15127618, 15027618]","[19, 19, 19, 19, 19, 19, 19, 19, 19, 19]"
812,5,"[0, 1, 12, 14, 18]",5,3.386752873659134,0.07521979976445436,34.0084113933146,"[15463681, 15563681, 15863681, 15963681, 15063681, 15163681, 15663681, 15763681, 15363681, 15263681]","[1, 1, 1, 1, 1, 1, 1, 1, 1, 1]"
813,5,"[0, 1, 13, 17, 22]",5,3.531218947842717,0.08955298457294703,36.354175043758005,"[15729815, 15629815, 15429815, 15529815, 15129815, 15029815, 15829815, 15929815, 15229815, 15329815]","[1, 1, 1, 1, 1, 1, 1, 1, 1, 1]"
814,5,"[4, 8, 14, 23]",4,2.6576179824769497,0.06469465978443623,33.50162285135593,"[15054413, 15154413, 15454413, 15554413, 15954413, 15854413, 15754413, 15654413, 15254413, 15354413]","[4, 4, 4, 4, 4, 4, 4, 4, 4, 4]"
815,5,"[1, 8, 12, 13, 21]",5,3.498060431331396,0.08484484814107418,35.35027033640072,"[15139037, 15039037, 15739037, 15639037, 15539037, 15439037, 15939037, 15839037, 15339037, 15239037]","[1, 1, 1, 1, 1, 1, 1, 1, 1, 1]"
816,5,"[0, 5, 6, 16]",4,2.7800827119499445,0.06265813671052456,33.172926258761436,"[15663033, 15763033, 15463033, 15563033, 15363033, 15263033, 15063033, 15163033, 15863033, 15963033]","[0, 0, 0, 0, 0, 0, 0, 0, 0, 0]"
817,5,"[0, 9, 18, 22, 24]",5,3.693686792626977,0.08059754315763712,38.187962531298396,"[15741115, 15641115, 15441115, 15541115, 15141115, 15041115, 15841115, 15941115, 15241115, 15341115]","[9, 9, 9, 9, 9, 9, 9, 9, 9, 9]"
818,5,"[1, 2, 3, 8, 16]",5,3.653727631084621,0.08092555403709412,35.17674320768565,"[15305919, 15205919, 15005919, 15105919, 15605919, 15705919, 15905919, 15805919, 15405919, 15505919]","[3, 3, 3, 3, 3, 3, 3, 3, 3, 3]"
819,5,"[10, 12, 16, 18, 24]",5,3.7033065827563405,0.08314021863043308,37.500789813138546,"[15520714, 15420714, 15920714, 15820714, 15120714, 15020714, 15220714, 15320714, 15720714, 15620714]","[16, 16, 16, 16, 16, 16, 16, 16, 16, 16]"
820,5,"[4, 12, 17, 18, 24]",5,3.6003359043970704,0.08375065959990025,35.29550293302164,"[15590489, 15490489, 15990489, 15890489, 15190489, 15090489, 15290489, 15390489, 15790489, 15690489]","[17, 17, 17, 17, 17, 17, 17, 17, 17, 17]"
821,5,"[0, 10, 18, 22]",4,2.802260125055909,0.06771401967853308,37.44247424881905,"[15783053, 15683053, 15383053, 15283053, 15983053, 15883053, 15583053, 15483053, 15083053, 15183053]","[0, 0, 0, 0, 0, 0, 0, 0, 0, 0]"
822,5,"[0, 1, 4, 18]",4,2.7218559719622135,0.064570227637887,32.04197856364772,"[15148789, 15048789, 15748789, 15648789, 15548789, 15448789, 15948789, 15848789, 15348789, 15248789]","[0, 0, 0, 0, 0, 0, 0, 0, 0, 0]"
823,5,"[0, 1, 2, 9, 14]",5,3.5084984628483653,0.08320105727761984,33.79435729365796,"[15112487, 15012487, 15212487, 15312487, 15512487, 15412487, 15912487, 15812487, 15712487, 15612487]","[0, 0, 0, 0, 0, 0, 0, 0, 0, 0]"
824,5,"[6, 9, 14, 18, 22]",5,3.5840041181072593,0.0729391984641552,37.81213229158893,"[15558488, 15458488, 15958488, 15858488, 15158488, 15058488, 15658488, 15758488, 15258488, 15358488]","[14, 14, 14, 14, 14, 14, 14, 14, 14, 14]"
825,5,"[1, 3, 10, 12, 18]",5,3.619777651503682,0.0808279886841774,35.92452003993094,"[15121812, 15021812, 15821812, 15921812, 15421812, 15521812, 15621812, 15721812, 15221812, 15321812]","[12, 12, 12, 12, 12, 12, 12, 12, 12, 12]"
826,5,"[0, 11, 15, 16, 18]",5,3.493845452554524,0.08011445868760347,35.73702554181218,"[15663517, 15763517, 15163517, 15063517, 15263517, 15363517, 15563517, 15463517, 15963517, 15863517]","[16, 16, 16, 16, 16, 16, 16, 16, 16, 16]"
827,5,"[0, 6, 16, 19]",4,2.835624009370804,0.06414908170700073,35.42353232030291,"[15534924, 15434924, 15934924, 15834924, 15134924, 15034924, 15234924, 15334924, 15734924, 15634924]","[16, 16, 16, 16, 16, 16, 16, 16, 16, 16]"
828,5,"[1, 4, 11, 18]",4,2.8172809900715947,0.06641808338463306,33.89460417104419,"[15744571, 15644571, 15444571, 15544571, 15144571, 15044571, 15844571, 15944571, 15244571, 15344571]","[4, 4, 4, 4, 4, 4, 4, 4, 4, 4]"
829,5,"[0, 1, 10, 18, 19]",5,3.5377940498292446,0.08026572875678539,35.22638021800667,"[15938074, 15838074, 15738074, 15638074, 15038074, 15138074, 15338074, 15238074, 15438074, 15538074]","[10, 10, 10, 10, 10, 10, 10, 10, 10, 10]"
830,5,"[0, 10, 13, 14, 18]",5,3.4034413350746036,0.07684823404997587,35.03882977571338,"[15222342, 15322342, 15422342, 15522342, 15622342, 15722342, 15822342, 15922342, 15022342, 15122342]","[18, 18, 18, 18, 18, 18, 18, 18, 18, 18]"
831,5,"[0, 9, 14, 18, 22]",5,3.4910143865272403,0.07799318991601467,37.52521139346063,"[15351877, 15251877, 15051877, 15151877, 15651877, 15751877, 15951877, 15851877, 15451877, 15551877]","[14, 14, 14, 14, 14, 14, 14, 14, 14, 14]"
832,5,"[2, 3, 14, 15, 16]",5,3.540833664126694,0.08252442069351673,36.05764041012153,"[15634926, 15734926, 15234926, 15334926, 15034926, 15134926, 15934926, 15834926, 15434926, 15534926]","[15, 15, 15, 15, 15, 15, 15, 15, 15, 15]"
833,5,"[0, 1, 3, 9, 18]",5,3.630157991312444,0.07917662151157856,35.225654013082384,"[15538341, 15438341, 15938341, 15838341, 15138341, 15038341, 15238341, 15338341, 15738341, 15638341]","[3, 3, 3, 3, 3, 3, 3, 3, 3, 3]"
834,5,"[5, 6, 7, 10, 15]",5,3.3883932000026107,0.0820945743471384,32.699207497853784,"[15181794, 15081794, 15881794, 15981794, 15481794, 15581794, 15381794, 15281794, 15681794, 15781794]","[10, 10, 10, 10, 10, 10, 10, 10, 10, 10]"
835,5,"[0, 1, 14, 18]",4,2.722105377353728,0.06450618430972099,33.45672517619096,"[15112459, 15012459, 15712459, 15612459, 15512459, 15412459, 15912459, 15812459, 15312459, 15212459]","[0, 0, 0, 0, 0, 0, 0, 0, 0, 0]"
836,5,"[3, 5, 18, 20, 21]",5,3.61275886092335,0.08592758793383837,36.583780634403226,"[15558253, 15458253, 15958253, 15858253, 15158253, 15058253, 15258253, 15358253, 15758253, 15658253]","[18, 18, 18, 18, 18, 18, 18, 18, 18, 18]"
837,5,"[2, 3, 4, 17, 18]",5,3.6083015985786915,0.08642660174518824,34.49006614377722,"[15392607, 15292607, 15892607, 15992607, 15592607, 15492607, 15092607, 15192607, 15792607, 15692607]","[17, 17, 17, 17, 17, 17, 17, 17, 17, 17]"
838,5,"[3, 4, 5, 7, 18]",5,3.481310329400003,0.08016375079751015,32.93700274070725,"[15426311, 15526311, 15826311, 15926311, 15026311, 15126311, 15626311, 15726311, 15326311, 15226311]","[4, 4, 4, 4, 4, 4, 4, 4, 4, 4]"
839,5,"[3, 4, 16, 18, 19]",5,3.6923204250633717,0.08727378491312265,36.9159442583099,"[15139247, 15039247, 15739247, 15639247, 15539247, 15439247, 15339247, 15239247, 15939247, 15839247]","[19, 19, 19, 19, 19, 19, 19, 19, 19, 19]"
840,5,"[0, 1, 3, 5, 6]",5,3.545984175056219,0.0803008396178484,32.621623032260686,"[15568365, 15468365, 15968365, 15868365, 15168365, 15068365, 15268365, 15368365, 15768365, 15668365]","[3, 3, 3, 3, 3, 3, 3, 3, 3, 3]"
841,5,"[1, 3, 18, 22]",4,2.9665394527837634,0.06737302057445049,38.402704961947165,"[15558253, 15458253, 15958253, 15858253, 15158253, 15058253, 15258253, 15358253, 15758253, 15658253]","[18, 18, 18, 18, 18, 18, 18, 18, 18, 18]"
842,5,"[0, 2, 6, 18, 22]",5,3.5063506811857224,0.0880031120032072,35.42513725152239,"[15144151, 15044151, 15744151, 15644151, 15544151, 15444151, 15344151, 15244151, 15944151, 15844151]","[22, 22, 22, 22, 22, 22, 22, 22, 22, 22]"
843,5,"[0, 12, 19, 21]",4,2.810322948731482,0.06589568965137005,36.160270360298455,"[15165396, 15065396, 15865396, 15965396, 15465396, 15565396, 15665396, 15765396, 15265396, 15365396]","[21, 21, 21, 21, 21, 21, 21, 21, 21, 21]"
844,5,"[6, 9, 17, 18, 20]",5,3.6435238402336836,0.08498038351535797,36.38521653208882,"[15130282, 15030282, 15530282, 15430282, 15330282, 15230282, 15830282, 15930282, 15730282, 15630282]","[9, 9, 9, 9, 9, 9, 9, 9, 9, 9]"
845,5,"[0, 6, 12, 16, 18]",5,3.4935673270374537,0.0762128196656704,34.771723425854,"[15789661, 15689661, 15489661, 15589661, 15189661, 15089661, 15889661, 15989661, 15289661, 15389661]","[6, 6, 6, 6, 6, 6, 6, 6, 6, 6]"
846,5,"[4, 6, 14, 17, 22]",5,3.4207685608416796,0.08832695987075567,35.631190000567585,"[15178457, 15078457, 15278457, 15378457, 15578457, 15478457, 15978457, 15878457, 15778457, 15678457]","[4, 4, 4, 4, 4, 4, 4, 4, 4, 4]"
847,5,"[1, 3, 9, 14, 18]",5,3.641538209281862,0.08133930619806051,36.252720781974496,"[15769517, 15669517, 15469517, 15569517, 15169517, 15069517, 15869517, 15969517, 15269517, 15369517]","[3, 3, 3, 3, 3, 3, 3, 3, 3, 3]"
848,5,"[1, 2, 3, 18, 22]",5,3.6497950814664364,0.08347503002732992,37.23257030257955,"[15188582, 15088582, 15788582, 15688582, 15588582, 15488582, 15388582, 15288582, 15988582, 15888582]","[22, 22, 22, 22, 22, 22, 22, 22, 22, 22]"
849,5,"[0, 2, 3, 18, 20]",5,3.556794371455908,0.08014626894146204,35.14895456423983,"[16970123, 16870123, 17370123, 17270123, 17470123, 17570123, 16770123, 16670123, 17170123, 17070123]","[3, 3, 3, 3, 3, 3, 3, 3, 3, 3]"
850,5,"[1, 3, 6, 10]",4,2.8955119298771024,0.06658968422561884,34.48297474114224,"[15187782, 15087782, 15787782, 15687782, 15587782, 15487782, 15987782, 15887782, 15387782, 15287782]","[1, 1, 1, 1, 1, 1, 1, 1, 1, 1]"
851,5,"[1, 2, 3, 10, 16]",5,3.6564133409410715,0.08639510907232761,35.7906710434705,"[15528324, 15428324, 15128324, 15028324, 15728324, 15628324, 15328324, 15228324, 15928324, 15828324]","[2, 2, 2, 2, 2, 2, 2, 2, 2, 2]"
852,5,"[2, 5, 11, 21, 22]",5,3.580557976849377,0.08343804255127907,37.21378545798361,"[15278817, 15378817, 15478817, 15578817, 15178817, 15078817, 15878817, 15978817, 15678817, 15778817]","[5, 5, 5, 5, 5, 5, 5, 5, 5, 5]"
853,5,"[4, 5, 13, 18, 23]",5,3.422031410969794,0.08258504699915648,34.260326756816355,"[15760151, 15660151, 15460151, 15560151, 15160151, 15060151, 15860151, 15960151, 15260151, 15360151]","[5, 5, 5, 5, 5, 5, 5, 5, 5, 5]"
854,5,"[3, 5, 17, 18]",4,2.9169959211722016,0.06930487044155598,35.5950863227481,"[15168448, 15068448, 15768448, 15668448, 15568448, 15468448, 15968448, 15868448, 15368448, 15268448]","[3, 3, 3, 3, 3, 3, 3, 3, 3, 3]"
855,5,"[2, 10, 13, 21]",4,2.8400552049279213,0.06560443062335253,35.980614310945384,"[15748995, 15648995, 15448995, 15548995, 15148995, 15048995, 15848995, 15948995, 15248995, 15348995]","[10, 10, 10, 10, 10, 10, 10, 10, 10, 10]"
856,5,"[0, 1, 2, 3, 12]",5,3.573195814155042,0.08414333034306765,33.756993209756914,"[15638341, 15738341, 15138341, 15038341, 15238341, 15338341, 15538341, 15438341, 15938341, 15838341]","[3, 3, 3, 3, 3, 3, 3, 3, 3, 3]"
857,5,"[0, 1, 6, 9, 18]",5,3.546594955958426,0.0837490763515234,33.895568874385205,"[15135027, 15035027, 15735027, 15635027, 15535027, 15435027, 15935027, 15835027, 15335027, 15235027]","[0, 0, 0, 0, 0, 0, 0, 0, 0, 0]"
858,5,"[3, 5, 15, 18]",4,2.8681506132707,0.06570552941411734,35.39133763953578,"[15788712, 15688712, 15088712, 15188712, 15288712, 15388712, 15988712, 15888712, 15488712, 15588712]","[3, 3, 3, 3, 3, 3, 3, 3, 3, 3]"
859,5,"[1, 3, 15, 18]",4,2.9082533894106746,0.06654912978410721,35.49842412211001,"[15967667, 15867667, 15767667, 15667667, 15067667, 15167667, 15367667, 15267667, 15467667, 15567667]","[15, 15, 15, 15, 15, 15, 15, 15, 15, 15]"
860,5,"[6, 10, 11, 22]",4,2.928581521846354,0.0660489359870553,37.92621361289639,"[15135333, 15035333, 15835333, 15935333, 15435333, 15535333, 15635333, 15735333, 15235333, 15335333]","[22, 22, 22, 22, 22, 22, 22, 22, 22, 22]"
861,5,"[3, 9, 13, 24]",4,3.097096032463014,0.06689029186964035,38.17656812455971,"[15138341, 15038341, 15738341, 15638341, 15538341, 15438341, 15938341, 15838341, 15338341, 15238341]","[3, 3, 3, 3, 3, 3, 3, 3, 3, 3]"
862,5,"[0, 11, 14, 18]",4,2.7845566421747208,0.06239929795265198,34.712665893137455,"[15651157, 15751157, 15451157, 15551157, 15351157, 15251157, 15051157, 15151157, 15851157, 15951157]","[0, 0, 0, 0, 0, 0, 0, 0, 0, 0]"
863,5,"[1, 9, 14, 18, 22]",5,3.609477893449366,0.08558488730341196,38.00255930582061,"[15162444, 15062444, 15762444, 15662444, 15562444, 15462444, 15962444, 15862444, 15362444, 15262444]","[1, 1, 1, 1, 1, 1, 1, 1, 1, 1]"
864,5,"[2, 7, 10, 18]",4,2.7672437513247132,0.06230516545474529,33.662695533712395,"[15140998, 15040998, 15740998, 15640998, 15540998, 15440998, 15940998, 15840998, 15340998, 15240998]","[2, 2, 2, 2, 2, 2, 2, 2, 2, 2]"
865,5,"[0, 4, 17, 18, 20]",5,3.439788931980729,0.08296700939536095,34.09296440035105,"[15196495, 15096495, 15896495, 15996495, 15496495, 15596495, 15696495, 15796495, 15296495, 15396495]","[18, 18, 18, 18, 18, 18, 18, 18, 18, 18]"
866,5,"[2, 14, 17, 18, 19]",5,3.5824997583404183,0.08193724229931831,36.197020972520114,"[15115810, 15015810, 15715810, 15615810, 15515810, 15415810, 15315810, 15215810, 15915810, 15815810]","[19, 19, 19, 19, 19, 19, 19, 19, 19, 19]"
867,5,"[2, 6, 16, 19, 23]",5,3.5801583360880613,0.07756212446838617,36.137017112784086,"[17397616, 17297616, 17097616, 17197616, 17497616, 17597616, 16897616, 16997616, 16797616, 16697616]","[19, 19, 19, 19, 19, 19, 19, 19, 19, 19]"
868,5,"[0, 4, 12, 17, 24]",5,3.474464865401387,0.07688239123672247,33.913473040238024,"[17519752, 17419752, 17319752, 17219752, 17119752, 17019752, 16919752, 16819752, 16719752, 16619752]","[17, 17, 17, 17, 17, 17, 17, 17, 17, 17]"
869,5,"[1, 3, 5, 11, 16]",5,3.7004131069406867,0.08078753110021353,35.79760843571275,"[15159344, 15059344, 15259344, 15359344, 15559344, 15459344, 15759344, 15659344, 15959344, 15859344]","[16, 16, 16, 16, 16, 16, 16, 16, 16, 16]"
870,5,"[1, 7, 11, 17, 22]",5,3.5009429417550564,0.07710065506398678,36.183730400260536,"[15173625, 15073625, 15773625, 15673625, 15573625, 15473625, 15973625, 15873625, 15373625, 15273625]","[1, 1, 1, 1, 1, 1, 1, 1, 1, 1]"
871,5,"[4, 7, 16, 24]",4,2.772283592261374,0.06604227423667908,34.0589723943267,"[15645859, 15745859, 15145859, 15045859, 15245859, 15345859, 15545859, 15445859, 15945859, 15845859]","[24, 24, 24, 24, 24, 24, 24, 24, 24, 24]"
872,5,"[2, 12, 18, 20, 22]",5,3.54655026178807,0.07761040236800909,38.17209044871852,"[15641983, 15741983, 15441983, 15541983, 15341983, 15241983, 15041983, 15141983, 15841983, 15941983]","[2, 2, 2, 2, 2, 2, 2, 2, 2, 2]"
873,5,"[2, 12, 17, 18, 20]",5,3.5323118614032865,0.08080685790628195,36.011664723418654,"[15518490, 15418490, 15918490, 15818490, 15118490, 15018490, 15218490, 15318490, 15718490, 15618490]","[17, 17, 17, 17, 17, 17, 17, 17, 17, 17]"
874,5,"[1, 3, 12, 18, 22]",5,3.6190341664478183,0.08899114280939102,37.965195221919565,"[15438341, 15538341, 15238341, 15338341, 15638341, 15738341, 15138341, 15038341, 15938341, 15838341]","[3, 3, 3, 3, 3, 3, 3, 3, 3, 3]"
875,5,"[0, 3, 14, 16, 18]",5,3.5266610980033875,0.07884261477738619,35.855577972810714,"[15572947, 15472947, 15972947, 15872947, 15172947, 15072947, 15272947, 15372947, 15772947, 15672947]","[14, 14, 14, 14, 14, 14, 14, 14, 14, 14]"
876,5,"[1, 3, 12, 16, 18]",5,3.6749601224437356,0.08325815666466951,36.57915647691116,"[15521812, 15421812, 15921812, 15821812, 15121812, 15021812, 15221812, 15321812, 15721812, 15621812]","[12, 12, 12, 12, 12, 12, 12, 12, 12, 12]"
877,5,"[1, 12, 13, 14, 19]",5,3.593437736853957,0.08365373499691486,36.27343935277313,"[15146749, 15046749, 15846749, 15946749, 15446749, 15546749, 15646749, 15746749, 15246749, 15346749]","[14, 14, 14, 14, 14, 14, 14, 14, 14, 14]"
878,5,"[0, 3, 5, 14, 17]",5,3.5142542524263263,0.08132313657552004,34.090839826036245,"[15505935, 15405935, 15905935, 15805935, 15105935, 15005935, 15205935, 15305935, 15705935, 15605935]","[5, 5, 5, 5, 5, 5, 5, 5, 5, 5]"
879,5,"[8, 14, 17, 22]",4,2.7952968552708626,0.06586666498333216,37.739384093438275,"[15132539, 15032539, 15832539, 15932539, 15432539, 15532539, 15632539, 15732539, 15232539, 15332539]","[22, 22, 22, 22, 22, 22, 22, 22, 22, 22]"
880,5,"[4, 9, 15, 16, 18]",5,3.5933612808585167,0.09537945594638586,36.050795247219504,"[15120714, 15020714, 15820714, 15920714, 15420714, 15520714, 15620714, 15720714, 15220714, 15320714]","[16, 16, 16, 16, 16, 16, 16, 16, 16, 16]"
881,5,"[3, 9, 16, 18]",4,3.0568888848647475,0.06673198938369751,38.44922253082041,"[15146438, 15046438, 15746438, 15646438, 15546438, 15446438, 15946438, 15846438, 15346438, 15246438]","[3, 3, 3, 3, 3, 3, 3, 3, 3, 3]"
882,5,"[6, 7, 12, 18, 21]",5,3.423879601061344,0.08247297070920467,34.177086542639884,"[15508902, 15408902, 15908902, 15808902, 15108902, 15008902, 15208902, 15308902, 15708902, 15608902]","[12, 12, 12, 12, 12, 12, 12, 12, 12, 12]"
883,5,"[0, 2, 3]",3,2.1398877184838057,0.048208991065621376,33.44480025550971,"[15587912, 15487912, 15987912, 15887912, 15187912, 15087912, 15287912, 15387912, 15787912, 15687912]","[3, 3, 3, 3, 3, 3, 3, 3, 3, 3]"
884,5,"[2, 3, 7, 10, 18]",5,3.545245257206261,0.07937306258827448,34.51689635552466,"[15619766, 15719766, 15419766, 15519766, 15319766, 15219766, 15019766, 15119766, 15819766, 15919766]","[2, 2, 2, 2, 2, 2, 2, 2, 2, 2]"
885,5,"[1, 11, 18, 22, 24]",5,3.7184197371825576,0.07991541642695665,38.246810217108575,"[15380820, 15280820, 15880820, 15980820, 15580820, 15480820, 15080820, 15180820, 15780820, 15680820]","[22, 22, 22, 22, 22, 22, 22, 22, 22, 22]"
886,5,"[0, 14, 16, 22]",4,2.771602270193398,0.06847314350306988,37.81706589017995,"[15520017, 15420017, 15920017, 15820017, 15120017, 15020017, 15620017, 15720017, 15220017, 15320017]","[16, 16, 16, 16, 16, 16, 16, 16, 16, 16]"
887,5,"[5, 17, 18, 22, 24]",5,3.6547403251752257,0.08530590683221817,37.88545938050375,"[15080606, 15180606, 15380606, 15280606, 15780606, 15680606, 15880606, 15980606, 15580606, 15480606]","[17, 17, 17, 17, 17, 17, 17, 17, 17, 17]"
888,5,"[3, 6, 14, 15, 21]",5,3.4641836574301124,0.0808778190985322,35.40690283644945,"[15165396, 15065396, 15765396, 15665396, 15565396, 15465396, 15365396, 15265396, 15965396, 15865396]","[21, 21, 21, 21, 21, 21, 21, 21, 21, 21]"
889,5,"[2, 10, 11, 14, 16]",5,3.571690069511533,0.08015515562146902,36.205484349094334,"[15147739, 15047739, 15847739, 15947739, 15447739, 15547739, 15647739, 15747739, 15247739, 15347739]","[14, 14, 14, 14, 14, 14, 14, 14, 14, 14]"
890,5,"[2, 3, 9, 12, 21]",5,3.64853460714221,0.07781708147376776,36.76406579501927,"[15653112, 15753112, 15453112, 15553112, 15353112, 15253112, 15053112, 15153112, 15853112, 15953112]","[2, 2, 2, 2, 2, 2, 2, 2, 2, 2]"
891,5,"[4, 6, 20]",3,2.039453575387597,0.04630329646170139,33.086614644775786,"[15526632, 15426632, 15926632, 15826632, 15126632, 15026632, 15226632, 15326632, 15726632, 15626632]","[20, 20, 20, 20, 20, 20, 20, 20, 20, 20]"
892,5,"[1, 3, 10, 14, 18]",5,3.5632016053423285,0.0829528421163559,35.67828944819048,"[15581794, 15481794, 15981794, 15881794, 15181794, 15081794, 15681794, 15781794, 15281794, 15381794]","[10, 10, 10, 10, 10, 10, 10, 10, 10, 10]"
893,5,"[1, 4, 6, 18, 22]",5,3.4642455503344536,0.07978283520787954,35.25708220144734,"[15190022, 15090022, 15790022, 15690022, 15590022, 15490022, 15990022, 15890022, 15390022, 15290022]","[1, 1, 1, 1, 1, 1, 1, 1, 1, 1]"
894,5,"[3, 7, 11, 12, 18]",5,3.5416026143357158,0.07734699361026287,35.405452382098886,"[15773944, 15673944, 15473944, 15573944, 15173944, 15073944, 15873944, 15973944, 15273944, 15373944]","[7, 7, 7, 7, 7, 7, 7, 7, 7, 7]"
895,5,"[1, 10, 16, 18, 22]",5,3.5980094177648425,0.08043243270367384,38.38186701880768,"[15122033, 15022033, 15722033, 15622033, 15522033, 15422033, 15322033, 15222033, 15922033, 15822033]","[22, 22, 22, 22, 22, 22, 22, 22, 22, 22]"
896,5,"[3, 11, 13, 18, 22]",5,3.6841754047200084,0.08318053930997849,39.15154471155256,"[15583800, 15483800, 15983800, 15883800, 15183800, 15083800, 15683800, 15783800, 15283800, 15383800]","[13, 13, 13, 13, 13, 13, 13, 13, 13, 13]"
897,5,"[2, 9, 10, 12, 18]",5,3.6664381958544254,0.08681151270866394,36.27143924450502,"[15567819, 15467819, 15967819, 15867819, 15167819, 15067819, 15267819, 15367819, 15767819, 15667819]","[10, 10, 10, 10, 10, 10, 10, 10, 10, 10]"
898,5,"[5, 9, 16, 23]",4,2.9183733481913805,0.06330662686377764,36.799757181084715,"[15289672, 15389672, 15489672, 15589672, 15189672, 15089672, 15889672, 15989672, 15689672, 15789672]","[9, 9, 9, 9, 9, 9, 9, 9, 9, 9]"
899,5,"[3, 7, 14, 17, 18]",5,3.49549453984946,0.08284310437738895,34.88354013981298,"[15676185, 15776185, 15476185, 15576185, 15376185, 15276185, 15876185, 15976185, 15076185, 15176185]","[18, 18, 18, 18, 18, 18, 18, 18, 18, 18]"
900,5,"[1, 5, 15, 18]",4,2.8124283850193024,0.06893558707088232,33.96676498395391,"[15130913, 15030913, 15830913, 15930913, 15430913, 15530913, 15630913, 15730913, 15230913, 15330913]","[18, 18, 18, 18, 18, 18, 18, 18, 18, 18]"
901,5,"[12, 13, 15, 16, 20]",5,3.55697632022202,0.0857519768178463,37.36166353514418,"[15439893, 15539893, 15839893, 15939893, 15039893, 15139893, 15639893, 15739893, 15339893, 15239893]","[13, 13, 13, 13, 13, 13, 13, 13, 13, 13]"
902,5,"[0, 4, 5, 18, 20]",5,3.413465009070933,0.07903184555470943,33.27822429127991,"[15557756, 15457756, 15957756, 15857756, 15157756, 15057756, 15257756, 15357756, 15757756, 15657756]","[5, 5, 5, 5, 5, 5, 5, 5, 5, 5]"
903,5,"[0, 3, 5, 11, 18]",5,3.6232528015971184,0.08359056524932384,34.7214846004732,"[15149909, 15049909, 15849909, 15949909, 15449909, 15549909, 15649909, 15749909, 15249909, 15349909]","[11, 11, 11, 11, 11, 11, 11, 11, 11, 11]"
904,5,"[2, 3, 14, 18, 20]",5,3.6034042574465275,0.07982245367020369,36.17602133313194,"[15597917, 15497917, 15997917, 15897917, 15197917, 15097917, 15297917, 15397917, 15797917, 15697917]","[14, 14, 14, 14, 14, 14, 14, 14, 14, 14]"
905,5,"[1, 5, 13, 16, 18]",5,3.5956418849527836,0.08336318749934435,35.535426082462074,"[15164710, 15064710, 15264710, 15364710, 15564710, 15464710, 15964710, 15864710, 15764710, 15664710]","[1, 1, 1, 1, 1, 1, 1, 1, 1, 1]"
906,5,"[0, 1, 5, 8, 18]",5,3.4453812343999743,0.08014384750276804,32.81196753298864,"[15715973, 15615973, 15415973, 15515973, 15115973, 15015973, 15815973, 15915973, 15215973, 15315973]","[1, 1, 1, 1, 1, 1, 1, 1, 1, 1]"
907,5,"[3, 6, 12, 14, 22]",5,3.584550970233977,0.08315376099199057,37.41980508379638,"[15138341, 15038341, 15738341, 15638341, 15538341, 15438341, 15938341, 15838341, 15338341, 15238341]","[3, 3, 3, 3, 3, 3, 3, 3, 3, 3]"
908,5,"[2, 13, 14, 16, 18]",5,3.534506623633206,0.07877776958048344,36.23413865398616,"[15139513, 15039513, 15739513, 15639513, 15539513, 15439513, 15339513, 15239513, 15939513, 15839513]","[18, 18, 18, 18, 18, 18, 18, 18, 18, 18]"
909,5,"[4, 5, 14, 18, 24]",5,3.47586846165359,0.08022380992770195,34.23453223221004,"[15794671, 15694671, 15494671, 15594671, 15194671, 15094671, 15894671, 15994671, 15294671, 15394671]","[5, 5, 5, 5, 5, 5, 5, 5, 5, 5]"
910,5,"[0, 3, 4, 18, 22]",5,3.487847221083939,0.07953139673918486,36.10981942778453,"[15427795, 15527795, 15627795, 15727795, 15327795, 15227795, 15127795, 15027795, 15827795, 15927795]","[3, 3, 3, 3, 3, 3, 3, 3, 3, 3]"
911,5,"[13, 16, 18, 22]",4,2.875764761120081,0.06940613128244877,40.07938764092978,"[15629914, 15729914, 15129914, 15029914, 15229914, 15329914, 15529914, 15429914, 15929914, 15829914]","[22, 22, 22, 22, 22, 22, 22, 22, 22, 22]"
912,5,"[0, 2, 3, 18, 19]",5,3.5965274618938565,0.08300749398767948,35.580541405081746,"[15159823, 15059823, 15759823, 15659823, 15559823, 15459823, 15359823, 15259823, 15959823, 15859823]","[19, 19, 19, 19, 19, 19, 19, 19, 19, 19]"
913,5,"[2, 4, 5, 15, 16]",5,3.4339624606072903,0.08279535733163357,33.700515809562056,"[15128846, 15028846, 15728846, 15628846, 15528846, 15428846, 15928846, 15828846, 15328846, 15228846]","[2, 2, 2, 2, 2, 2, 2, 2, 2, 2]"
914,5,"[4, 12, 17, 18, 20]",5,3.4702057326212525,0.08252227865159512,35.36626176098362,"[15754264, 15654264, 15554264, 15454264, 15054264, 15154264, 15854264, 15954264, 15254264, 15354264]","[20, 20, 20, 20, 20, 20, 20, 20, 20, 20]"
915,5,"[0, 1, 3, 13, 19]",5,3.5933356722816825,0.07824477273970842,35.59008126007393,"[15135027, 15035027, 15735027, 15635027, 15535027, 15435027, 15935027, 15835027, 15335027, 15235027]","[0, 0, 0, 0, 0, 0, 0, 0, 0, 0]"
916,5,"[1, 9, 14, 22]",4,2.8734509581699967,0.06739314645528793,38.31349440163467,"[15173530, 15073530, 15773530, 15673530, 15573530, 15473530, 15973530, 15873530, 15373530, 15273530]","[1, 1, 1, 1, 1, 1, 1, 1, 1, 1]"
917,5,"[1, 6, 17, 18, 22]",5,3.5464438116177917,0.08440137188881636,36.56823155796155,"[15599866, 15499866, 15999866, 15899866, 15199866, 15099866, 15299866, 15399866, 15799866, 15699866]","[17, 17, 17, 17, 17, 17, 17, 17, 17, 17]"
918,5,"[4, 6, 10, 22]",4,2.830372945405543,0.06805930566042662,35.94267485407181,"[15178330, 15078330, 15878330, 15978330, 15478330, 15578330, 15678330, 15778330, 15278330, 15378330]","[22, 22, 22, 22, 22, 22, 22, 22, 22, 22]"
919,5,"[4, 12, 15, 17]",4,2.7398228719830513,0.07070576492697,34.12167641322594,"[15998042, 15898042, 15198042, 15098042, 15598042, 15498042, 15698042, 15798042, 15398042, 15298042]","[17, 17, 17, 17, 17, 17, 17, 17, 17, 17]"
920,5,"[1, 6, 7, 11, 21]",5,3.482147845439613,0.0800064317882061,33.48120768750086,"[15708135, 15608135, 15508135, 15408135, 15008135, 15108135, 15808135, 15908135, 15208135, 15308135]","[21, 21, 21, 21, 21, 21, 21, 21, 21, 21]"
921,5,"[1, 2, 5, 14, 18]",5,3.493700237944722,0.0857114726677537,33.66746520027518,"[15144377, 15044377, 15844377, 15944377, 15444377, 15544377, 15644377, 15744377, 15244377, 15344377]","[14, 14, 14, 14, 14, 14, 14, 14, 14, 14]"
922,5,"[0, 10, 11, 12, 13]",5,3.5604539532214403,0.08394379168748856,35.38513096058741,"[15180991, 15080991, 15780991, 15680991, 15580991, 15480991, 15980991, 15880991, 15380991, 15280991]","[0, 0, 0, 0, 0, 0, 0, 0, 0, 0]"
923,5,"[5, 9, 10, 15, 23]",5,3.5578055968508124,0.08000994566828012,35.79832308841869,"[15032936, 15132936, 15632936, 15732936, 15832936, 15932936, 15532936, 15432936, 15332936, 15232936]","[15, 15, 15, 15, 15, 15, 15, 15, 15, 15]"
924,5,"[2, 7, 18, 22]",4,2.802654644474387,0.0683322548866272,36.21353951119818,"[17218368, 17318368, 16818368, 16918368, 16618368, 16718368, 17518368, 17418368, 17018368, 17118368]","[22, 22, 22, 22, 22, 22, 22, 22, 22, 22]"
925,5,"[3, 18, 20, 21, 24]",5,3.7261937465518713,0.07995583117008209,37.88191981483251,"[15025705, 15125705, 15425705, 15525705, 15925705, 15825705, 15225705, 15325705, 15725705, 15625705]","[24, 24, 24, 24, 24, 24, 24, 24, 24, 24]"
926,5,"[0, 3, 13, 18]",4,2.8469033632427454,0.06238305103033781,35.416082216543145,"[15168703, 15068703, 15868703, 15968703, 15468703, 15568703, 15668703, 15768703, 15268703, 15368703]","[18, 18, 18, 18, 18, 18, 18, 18, 18, 18]"
927,5,"[6, 12, 13, 18, 22]",5,3.5516082607209682,0.08240904659032822,37.61265644757077,"[15139513, 15039513, 15839513, 15939513, 15439513, 15539513, 15639513, 15739513, 15239513, 15339513]","[18, 18, 18, 18, 18, 18, 18, 18, 18, 18]"
928,5,"[4, 7, 18]",3,1.9631668021902442,0.04771707020699978,31.64808365687107,"[15507710, 15407710, 15907710, 15807710, 15107710, 15007710, 15607710, 15707710, 15207710, 15307710]","[18, 18, 18, 18, 18, 18, 18, 18, 18, 18]"
929,5,"[3, 4, 18]",3,2.1563751585781574,0.0487879766151309,34.672511806090675,"[15146438, 15046438, 15246438, 15346438, 15546438, 15446438, 15946438, 15846438, 15746438, 15646438]","[3, 3, 3, 3, 3, 3, 3, 3, 3, 3]"
930,5,"[9, 12, 14, 18, 19]",5,3.65671940241009,0.08092071022838354,37.62382776895538,"[15139247, 15039247, 15739247, 15639247, 15539247, 15439247, 15339247, 15239247, 15939247, 15839247]","[19, 19, 19, 19, 19, 19, 19, 19, 19, 19]"
931,5,"[4, 5, 7, 11, 17]",5,3.3979422301054,0.07703908812254667,32.62648613238707,"[15569907, 15469907, 15969907, 15869907, 15169907, 15069907, 15269907, 15369907, 15769907, 15669907]","[7, 7, 7, 7, 7, 7, 7, 7, 7, 7]"
932,5,"[1, 4, 7, 14, 15]",5,3.2480926970019937,0.0766237024217844,32.094122654851525,"[15109791, 15009791, 15809791, 15909791, 15409791, 15509791, 15309791, 15209791, 15609791, 15709791]","[14, 14, 14, 14, 14, 14, 14, 14, 14, 14]"
933,5,"[1, 5, 6, 10, 21]",5,3.483593238517642,0.07756900694221258,33.91460615927353,"[15181794, 15081794, 15881794, 15981794, 15481794, 15581794, 15681794, 15781794, 15281794, 15381794]","[10, 10, 10, 10, 10, 10, 10, 10, 10, 10]"
934,5,"[6, 17, 19, 22]",4,2.9103885488584638,0.06405212916433811,38.66410429577809,"[15243925, 15343925, 15443925, 15543925, 15143925, 15043925, 15843925, 15943925, 15643925, 15743925]","[17, 17, 17, 17, 17, 17, 17, 17, 17, 17]"
935,5,"[1, 4, 15, 16, 18]",5,3.463259480893612,0.08261671289801598,34.6275424471125,"[15711258, 15611258, 15411258, 15511258, 15111258, 15011258, 15811258, 15911258, 15211258, 15311258]","[4, 4, 4, 4, 4, 4, 4, 4, 4, 4]"
936,5,"[1, 3, 12, 18, 22]",5,3.6192495301365852,0.0895089041441679,37.965195221919565,"[15732876, 15632876, 15432876, 15532876, 15132876, 15032876, 15832876, 15932876, 15232876, 15332876]","[3, 3, 3, 3, 3, 3, 3, 3, 3, 3]"
937,5,"[0, 3, 4, 18, 22]",5,3.498115840367973,0.08287937007844448,36.10981942778453,"[15120945, 15020945, 15820945, 15920945, 15420945, 15520945, 15620945, 15720945, 15220945, 15320945]","[18, 18, 18, 18, 18, 18, 18, 18, 18, 18]"
938,5,"[2, 4, 17, 20]",4,2.7775187995284796,0.06597613263875246,34.102341321413405,"[15128846, 15028846, 15228846, 15328846, 15528846, 15428846, 15928846, 15828846, 15728846, 15628846]","[2, 2, 2, 2, 2, 2, 2, 2, 2, 2]"
939,5,"[0, 12, 18, 19]",4,2.7992542255669832,0.06392560619860888,35.908032994833775,"[15148789, 15048789, 15748789, 15648789, 15548789, 15448789, 15948789, 15848789, 15348789, 15248789]","[0, 0, 0, 0, 0, 0, 0, 0, 0, 0]"
940,5,"[3, 18, 21, 22]",4,2.9446034152060747,0.07137957401573658,39.78579480294138,"[15168365, 15068365, 15768365, 15668365, 15568365, 15468365, 15968365, 15868365, 15368365, 15268365]","[3, 3, 3, 3, 3, 3, 3, 3, 3, 3]"
941,5,"[3, 13, 14, 15, 18]",5,3.536614258773625,0.07984720822423697,36.37308632265776,"[15171236, 15071236, 15771236, 15671236, 15571236, 15471236, 15971236, 15871236, 15371236, 15271236]","[3, 3, 3, 3, 3, 3, 3, 3, 3, 3]"
942,5,"[0, 3, 14, 22]",4,2.815400183200836,0.0679336553439498,37.36231616663281,"[15179703, 15079703, 15879703, 15979703, 15479703, 15579703, 15679703, 15779703, 15279703, 15379703]","[22, 22, 22, 22, 22, 22, 22, 22, 22, 22]"
943,5,"[0, 3, 15, 17, 19]",5,3.615363208577037,0.08693790156394243,35.90767779517919,"[15767887, 15667887, 15467887, 15567887, 15167887, 15067887, 15867887, 15967887, 15267887, 15367887]","[3, 3, 3, 3, 3, 3, 3, 3, 3, 3]"
944,5,"[1, 7, 14, 18, 24]",5,3.4804880870506167,0.07944837678223848,34.227281086705624,"[15062444, 15162444, 15462444, 15562444, 15962444, 15862444, 15762444, 15662444, 15262444, 15362444]","[1, 1, 1, 1, 1, 1, 1, 1, 1, 1]"
945,5,"[0, 7, 14, 15, 18]",5,3.266628870740533,0.08192115277051926,33.103535156417635,"[15553520, 15453520, 15953520, 15853520, 15153520, 15053520, 15253520, 15353520, 15753520, 15653520]","[14, 14, 14, 14, 14, 14, 14, 14, 14, 14]"
946,5,"[1, 4, 10, 11]",4,2.8645570939406753,0.0685865068808198,33.82477852841839,"[15508833, 15408833, 15908833, 15808833, 15108833, 15008833, 15208833, 15308833, 15708833, 15608833]","[10, 10, 10, 10, 10, 10, 10, 10, 10, 10]"
947,5,"[0, 6, 10, 17, 18]",5,3.4875618843361735,0.08234884310513735,34.05020846361295,"[15648016, 15748016, 15148016, 15048016, 15248016, 15348016, 15548016, 15448016, 15948016, 15848016]","[17, 17, 17, 17, 17, 17, 17, 17, 17, 17]"
948,5,"[1, 3, 6, 16, 19]",5,3.7300717877224088,0.08897984214127064,36.402913697157054,"[15622538, 15722538, 15122538, 15022538, 15222538, 15322538, 15522538, 15422538, 15922538, 15822538]","[16, 16, 16, 16, 16, 16, 16, 16, 16, 16]"
949,5,"[9, 15, 17, 18, 19]",5,3.673728276975453,0.08379195351153612,37.573302363604306,"[15379343, 15279343, 15079343, 15179343, 15679343, 15779343, 15979343, 15879343, 15479343, 15579343]","[17, 17, 17, 17, 17, 17, 17, 17, 17, 17]"
950,5,"[0, 7, 12, 16, 18]",5,3.4042040444910526,0.07893840689212084,34.287151675019416,"[15642557, 15742557, 15442557, 15542557, 15342557, 15242557, 15042557, 15142557, 15842557, 15942557]","[0, 0, 0, 0, 0, 0, 0, 0, 0, 0]"
951,5,"[3, 6, 12, 13, 22]",5,3.6499523669481277,0.08522308990359306,37.84763259161264,"[15168365, 15068365, 15768365, 15668365, 15568365, 15468365, 15968365, 15868365, 15368365, 15268365]","[3, 3, 3, 3, 3, 3, 3, 3, 3, 3]"
952,5,"[10, 13, 18]",3,2.139764806255698,0.05272890534251928,36.787158705604575,"[15795839, 15695839, 15495839, 15595839, 15195839, 15095839, 15895839, 15995839, 15295839, 15395839]","[13, 13, 13, 13, 13, 13, 13, 13, 13, 13]"
953,5,"[9, 10, 16, 18, 22]",5,3.6899367114529014,0.08685572724789381,39.80511981891468,"[15154604, 15054604, 15254604, 15354604, 15554604, 15454604, 15754604, 15654604, 15954604, 15854604]","[22, 22, 22, 22, 22, 22, 22, 22, 22, 22]"
954,5,"[0, 4, 18, 19]",4,2.7440640265122056,0.0633526761084795,34.18549814261496,"[15175386, 15075386, 15775386, 15675386, 15575386, 15475386, 15975386, 15875386, 15375386, 15275386]","[0, 0, 0, 0, 0, 0, 0, 0, 0, 0]"
955,5,"[1, 6, 13, 14, 19]",5,3.512663632631302,0.08075955789536238,35.287062890268864,"[15104985, 15004985, 15804985, 15904985, 15404985, 15504985, 15304985, 15204985, 15604985, 15704985]","[14, 14, 14, 14, 14, 14, 14, 14, 14, 14]"
956,5,"[0, 14, 18, 22]",4,2.7061440255492926,0.06317659839987755,37.068595986580476,"[15772947, 15672947, 15472947, 15572947, 15172947, 15072947, 15872947, 15972947, 15272947, 15372947]","[14, 14, 14, 14, 14, 14, 14, 14, 14, 14]"
957,5,"[1, 4, 10, 13, 18]",5,3.4825470820069313,0.08332619443535805,34.38438039803877,"[15339893, 15239893, 15839893, 15939893, 15539893, 15439893, 15039893, 15139893, 15739893, 15639893]","[13, 13, 13, 13, 13, 13, 13, 13, 13, 13]"
958,5,"[0, 4, 6, 12, 18]",5,3.356363537721336,0.07915365789085627,32.686187089048325,"[15189042, 15089042, 15889042, 15989042, 15489042, 15589042, 15689042, 15789042, 15289042, 15389042]","[12, 12, 12, 12, 12, 12, 12, 12, 12, 12]"
959,5,"[0, 1, 6, 16, 24]",5,3.5459090331569314,0.08049383293837309,34.28356199152768,"[15473530, 15573530, 15273530, 15373530, 15673530, 15773530, 15173530, 15073530, 15973530, 15873530]","[1, 1, 1, 1, 1, 1, 1, 1, 1, 1]"
960,5,"[1, 14, 16, 17, 24]",5,3.6101980302482843,0.08643838670104742,36.230126697663216,"[15522538, 15422538, 15922538, 15822538, 15122538, 15022538, 15222538, 15322538, 15722538, 15622538]","[16, 16, 16, 16, 16, 16, 16, 16, 16, 16]"
961,5,"[0, 1, 13, 16, 21]",5,3.498991525731981,0.08554999530315399,35.34553724853322,"[15142557, 15042557, 15242557, 15342557, 15542557, 15442557, 15942557, 15842557, 15742557, 15642557]","[0, 0, 0, 0, 0, 0, 0, 0, 0, 0]"
962,5,"[1, 4, 18, 24]",4,2.896805859170854,0.06893924623727798,34.15425094706006,"[17556637, 17456637, 16656637, 16756637, 17156637, 17056637, 17256637, 17356637, 16856637, 16956637]","[24, 24, 24, 24, 24, 24, 24, 24, 24, 24]"
963,5,"[5, 8, 17, 20, 23]",5,3.5024197893217206,0.07979922089725733,35.207370221428576,"[16677277, 16777277, 17377277, 17277277, 17177277, 17077277, 16977277, 16877277, 17577277, 17477277]","[20, 20, 20, 20, 20, 20, 20, 20, 20, 20]"
964,5,"[1, 6, 17, 18]",4,2.8566969744861126,0.06938239093869925,34.03956638195086,"[15512028, 15412028, 15112028, 15012028, 15912028, 15812028, 15212028, 15312028, 15712028, 15612028]","[17, 17, 17, 17, 17, 17, 17, 17, 17, 17]"
965,5,"[1, 4, 5, 16, 18]",5,3.543739547021687,0.08388669323176146,33.97580128461122,"[15782576, 15682576, 15482576, 15582576, 15182576, 15082576, 15882576, 15982576, 15282576, 15382576]","[4, 4, 4, 4, 4, 4, 4, 4, 4, 4]"
966,5,"[0, 1, 22]",3,2.083383104763925,0.05461597163230181,36.255656913698964,"[15620519, 15720519, 15420519, 15520519, 15320519, 15220519, 15020519, 15120519, 15820519, 15920519]","[0, 0, 0, 0, 0, 0, 0, 0, 0, 0]"
967,5,"[0, 3, 7, 10, 18]",5,3.474758389405906,0.07665904890745878,33.97622391423211,"[15112155, 15012155, 15712155, 15612155, 15512155, 15412155, 15312155, 15212155, 15912155, 15812155]","[18, 18, 18, 18, 18, 18, 18, 18, 18, 18]"
968,5,"[0, 5, 10, 18, 19]",5,3.562009545043111,0.08120210841298103,35.14071103194728,"[15512732, 15412732, 15912732, 15812732, 15112732, 15012732, 15612732, 15712732, 15212732, 15312732]","[10, 10, 10, 10, 10, 10, 10, 10, 10, 10]"
969,5,"[1, 3, 4, 17, 22]",5,3.6282652048394084,0.08911741804331541,36.41155628273263,"[17370123, 17270123, 17070123, 17170123, 16970123, 16870123, 16670123, 16770123, 17470123, 17570123]","[3, 3, 3, 3, 3, 3, 3, 3, 3, 3]"
970,5,"[6, 9, 18]",3,2.1952237067744136,0.04895198252052069,35.797921964277826,"[15558253, 15458253, 15958253, 15858253, 15158253, 15058253, 15258253, 15358253, 15758253, 15658253]","[18, 18, 18, 18, 18, 18, 18, 18, 18, 18]"
971,5,"[1, 4, 8, 17, 18]",5,3.4806707203388214,0.08529935497790575,33.52197712091729,"[15143925, 15043925, 15843925, 15943925, 15443925, 15543925, 15643925, 15743925, 15243925, 15343925]","[17, 17, 17, 17, 17, 17, 17, 17, 17, 17]"
972,5,"[0, 13, 14, 18]",4,2.7103356271982193,0.06225927919149399,34.678658131626435,"[15045515, 15145515, 15645515, 15745515, 15845515, 15945515, 15545515, 15445515, 15345515, 15245515]","[18, 18, 18, 18, 18, 18, 18, 18, 18, 18]"
973,5,"[0, 3, 11, 18, 19]",5,3.6922737397253513,0.08017717860639095,36.521969449706376,"[15135027, 15035027, 15735027, 15635027, 15535027, 15435027, 15935027, 15835027, 15335027, 15235027]","[0, 0, 0, 0, 0, 0, 0, 0, 0, 0]"
974,5,"[2, 10, 12, 22, 24]",5,3.6387798730283976,0.08070474769920111,38.045471106655896,"[15135333, 15035333, 15835333, 15935333, 15435333, 15535333, 15635333, 15735333, 15235333, 15335333]","[22, 22, 22, 22, 22, 22, 22, 22, 22, 22]"
975,5,"[1, 12, 18, 19]",4,2.878481963649392,0.061139377765357494,36.50471788528375,"[15568703, 15468703, 15968703, 15868703, 15168703, 15068703, 15668703, 15768703, 15268703, 15368703]","[18, 18, 18, 18, 18, 18, 18, 18, 18, 18]"
976,5,"[1, 6, 9, 13, 21]",5,3.568626195192337,0.08036638610064983,35.55225304346531,"[15426685, 15526685, 15926685, 15826685, 15326685, 15226685, 15726685, 15626685, 15126685, 15026685]","[9, 9, 9, 9, 9, 9, 9, 9, 9, 9]"
977,5,"[2, 5, 17, 18]",4,2.8199424790218472,0.06703902408480644,34.24966932833195,"[15533617, 15433617, 15933617, 15833617, 15133617, 15033617, 15233617, 15333617, 15733617, 15633617]","[17, 17, 17, 17, 17, 17, 17, 17, 17, 17]"
978,5,"[3, 7, 16, 21, 24]",5,3.591266779229045,0.08042694721370935,36.52246815031394,"[16765535, 16665535, 17365535, 17265535, 17165535, 17065535, 16965535, 16865535, 17565535, 17465535]","[24, 24, 24, 24, 24, 24, 24, 24, 24, 24]"
979,5,"[2, 9, 17, 21, 22]",5,3.6116917990148067,0.08069172874093056,38.44702579360455,"[15673019, 15773019, 15473019, 15573019, 15373019, 15273019, 15873019, 15973019, 15073019, 15173019]","[22, 22, 22, 22, 22, 22, 22, 22, 22, 22]"
980,5,"[6, 16, 18]",3,2.14181905426085,0.05009894818067551,35.9315971362715,"[15031370, 15131370, 15431370, 15531370, 15931370, 15831370, 15731370, 15631370, 15231370, 15331370]","[6, 6, 6, 6, 6, 6, 6, 6, 6, 6]"
981,5,"[0, 3, 7, 14, 18]",5,3.3644605558365583,0.07757568173110485,33.67712130444124,"[15537909, 15437909, 15937909, 15837909, 15137909, 15037909, 15237909, 15337909, 15737909, 15637909]","[7, 7, 7, 7, 7, 7, 7, 7, 7, 7]"
982,5,"[1, 2, 3, 14]",4,2.8565245820209384,0.070041224360466,34.42628590785898,"[15582939, 15482939, 15982939, 15882939, 15182939, 15082939, 15282939, 15382939, 15782939, 15682939]","[3, 3, 3, 3, 3, 3, 3, 3, 3, 3]"
983,5,"[17, 18, 19, 20]",4,2.93432049266994,0.06692742463201284,38.02515575662255,"[16713295, 16613295, 17213295, 17313295, 17113295, 17013295, 17413295, 17513295, 16813295, 16913295]","[17, 17, 17, 17, 17, 17, 17, 17, 17, 17]"
984,5,"[2, 5, 6, 7, 18]",5,3.42704307846725,0.07357962056994438,32.25232056444511,"[15103141, 15003141, 15803141, 15903141, 15403141, 15503141, 15603141, 15703141, 15203141, 15303141]","[7, 7, 7, 7, 7, 7, 7, 7, 7, 7]"
985,5,"[0, 4, 11, 12]",4,2.7541744634509087,0.06681032478809357,33.16200361540541,"[15531079, 15431079, 15931079, 15831079, 15131079, 15031079, 15631079, 15731079, 15231079, 15331079]","[11, 11, 11, 11, 11, 11, 11, 11, 11, 11]"
986,5,"[0, 1, 5, 8, 18]",5,3.448366922326386,0.07922991458326578,32.81196753298864,"[15758219, 15658219, 15458219, 15558219, 15158219, 15058219, 15858219, 15958219, 15258219, 15358219]","[1, 1, 1, 1, 1, 1, 1, 1, 1, 1]"
987,5,"[0, 4, 8, 12]",4,2.676504741422832,0.062137845903635025,32.19967993663158,"[15447520, 15547520, 15847520, 15947520, 15047520, 15147520, 15647520, 15747520, 15347520, 15247520]","[4, 4, 4, 4, 4, 4, 4, 4, 4, 4]"
988,5,"[1, 3, 14, 15, 22]",5,3.5590954292565584,0.08828019350767136,37.38035462619737,"[15135333, 15035333, 15735333, 15635333, 15535333, 15435333, 15335333, 15235333, 15935333, 15835333]","[22, 22, 22, 22, 22, 22, 22, 22, 22, 22]"
989,5,"[1, 2, 7, 14]",4,2.701208183541894,0.062239114195108414,32.15796479594428,"[15168017, 15068017, 15868017, 15968017, 15468017, 15568017, 15668017, 15768017, 15268017, 15368017]","[14, 14, 14, 14, 14, 14, 14, 14, 14, 14]"
990,5,"[0, 2, 9, 12, 18]",5,3.573952082544565,0.0828031962737441,34.94526986582205,"[15184611, 15084611, 15884611, 15984611, 15484611, 15584611, 15684611, 15784611, 15284611, 15384611]","[12, 12, 12, 12, 12, 12, 12, 12, 12, 12]"
991,5,"[1, 7, 13, 16]",4,2.782962749712169,0.06264645326882601,34.49291589867789,"[15717583, 15617583, 15417583, 15517583, 15117583, 15017583, 15817583, 15917583, 15217583, 15317583]","[7, 7, 7, 7, 7, 7, 7, 7, 7, 7]"
992,5,"[0, 5, 19, 22, 23]",5,3.524504888802767,0.07705275062471628,37.08714124467224,"[15779028, 15679028, 15479028, 15579028, 15179028, 15079028, 15879028, 15979028, 15279028, 15379028]","[5, 5, 5, 5, 5, 5, 5, 5, 5, 5]"
993,5,"[1, 3, 7, 19, 22]",5,3.6243010638281703,0.08328490238636732,37.30438069133088,"[15101108, 15001108, 15701108, 15601108, 15501108, 15401108, 15901108, 15801108, 15301108, 15201108]","[1, 1, 1, 1, 1, 1, 1, 1, 1, 1]"
994,5,"[2, 3, 4, 6, 19]",5,3.634857824072242,0.08338839467614889,34.380701889283955,"[15181089, 15081089, 15781089, 15681089, 15581089, 15481089, 15381089, 15281089, 15981089, 15881089]","[19, 19, 19, 19, 19, 19, 19, 19, 19, 19]"
995,5,"[6, 14, 18, 19, 22]",5,3.5720656951889396,0.0821998193860054,38.103695154655725,"[15539513, 15439513, 15939513, 15839513, 15139513, 15039513, 15239513, 15339513, 15739513, 15639513]","[18, 18, 18, 18, 18, 18, 18, 18, 18, 18]"
996,5,"[5, 16, 18, 22]",4,2.8670522728934884,0.06649768725037575,38.75036820292007,"[15512155, 15412155, 15912155, 15812155, 15112155, 15012155, 15212155, 15312155, 15712155, 15612155]","[18, 18, 18, 18, 18, 18, 18, 18, 18, 18]"
997,5,"[5, 14, 18, 22]",4,2.7676481287926435,0.060984892770648,37.55819439445622,"[15945515, 15845515, 15745515, 15645515, 15045515, 15145515, 15345515, 15245515, 15445515, 15545515]","[18, 18, 18, 18, 18, 18, 18, 18, 18, 18]"
998,5,"[2, 4, 9, 14, 18]",5,3.4927487475797534,0.0802107285708189,34.59430875293911,"[15145153, 15045153, 15745153, 15645153, 15545153, 15445153, 15945153, 15845153, 15345153, 15245153]","[2, 2, 2, 2, 2, 2, 2, 2, 2, 2]"
999,5,"[3, 4, 18, 19]",4,2.9172851145267487,0.06720648985356092,36.20675568864681,"[15115810, 15015810, 15815810, 15915810, 15415810, 15515810, 15615810, 15715810, 15215810, 15315810]","[19, 19, 19, 19, 19, 19, 19, 19, 19, 19]"
