query,num_centroids,searched_shard_ids,num_searched_shards,gpu_transfer_time,gpu_search_time,warmup_time,best_retrieved_ids,top_doc_shards
0,7,"[3, 4, 6, 13, 14, 18, 22]",7,4.962023657746613,0.11464567855000496,36.298692253551316,"[15185049, 15085049, 15785049, 15685049, 15585049, 15485049, 15985049, 15885049, 15385049, 15285049]","[3, 3, 3, 3, 3, 3, 3, 3, 3, 3]"
1,7,"[3, 5, 6, 7, 14, 18, 19]",7,4.937231231480837,0.11286394950002432,34.63382306275889,"[15756273, 15656273, 15556273, 15456273, 15056273, 15156273, 15856273, 15956273, 15256273, 15356273]","[3, 3, 3, 3, 3, 3, 3, 3, 3, 3]"
2,7,"[1, 4, 7, 12, 14, 18, 20]",7,4.778039540164173,0.11075600329786539,33.861481812583015,"[15354264, 15254264, 15654264, 15954264, 15854264, 15754264, 15554264, 15054264, 15154264, 15454264]","[20, 20, 20, 20, 20, 20, 20, 20, 20, 20]"
3,7,"[1, 3, 12, 14, 18, 19]",6,4.35893938690424,0.09723679535090923,36.48942908116927,"[15720411, 15620411, 15320411, 15220411, 15520411, 15420411, 15020411, 15120411, 15820411, 15920411]","[19, 19, 19, 19, 19, 19, 19, 19, 19, 19]"
4,7,"[1, 12, 18, 19, 20]",5,3.6037436751648784,0.08354998845607042,36.934084934648126,"[15149957, 15049957, 15649957, 15749957, 15249957, 15349957, 15449957, 15549957, 15949957, 15849957]","[19, 19, 19, 19, 19, 19, 19, 19, 19, 19]"
5,7,"[0, 2, 3, 18, 22]",5,3.5493509750813246,0.0804636487737298,36.75522239021957,"[15595114, 15495114, 15995114, 15895114, 15195114, 15095114, 15695114, 15795114, 15295114, 15395114]","[3, 3, 3, 3, 3, 3, 3, 3, 3, 3]"
6,7,"[1, 3, 4, 18, 22]",5,3.565383179113269,0.08064486086368561,36.58716734014452,"[15196495, 15096495, 15896495, 15996495, 15496495, 15596495, 15696495, 15796495, 15296495, 15396495]","[18, 18, 18, 18, 18, 18, 18, 18, 18, 18]"
7,7,"[3, 6, 12, 18, 21, 22]",6,4.281794994138181,0.09429457318037748,37.77360157047709,"[15602778, 15702778, 15002778, 15102778, 15402778, 15502778, 15202778, 15302778, 15802778, 15902778]","[22, 22, 22, 22, 22, 22, 22, 22, 22, 22]"
8,7,"[12, 13, 14, 18, 23]",5,3.4167312905192375,0.0796177638694644,36.273742681182924,"[15121668, 15021668, 15221668, 15321668, 15521668, 15421668, 15721668, 15621668, 15921668, 15821668]","[23, 23, 23, 23, 23, 23, 23, 23, 23, 23]"
9,7,"[4, 11, 13, 16, 22, 24]",6,4.363114573992789,0.09955769684165716,38.0734465624361,"[15188582, 15088582, 15288582, 15388582, 15588582, 15488582, 15788582, 15688582, 15988582, 15888582]","[22, 22, 22, 22, 22, 22, 22, 22, 22, 22]"
10,7,"[3, 4, 8, 11, 18, 23]",6,4.241859823465347,0.09122936986386776,35.162363092647865,"[15056273, 15156273, 15456273, 15556273, 15956273, 15856273, 15756273, 15656273, 15256273, 15356273]","[3, 3, 3, 3, 3, 3, 3, 3, 3, 3]"
11,7,"[5, 10, 18, 20, 23]",5,3.504907466471195,0.08601734321564436,35.9969091146253,"[15166982, 15066982, 15766982, 15666982, 15566982, 15466982, 15966982, 15866982, 15366982, 15266982]","[5, 5, 5, 5, 5, 5, 5, 5, 5, 5]"
12,7,"[1, 12, 18, 19, 22]",5,3.643490915186703,0.08342891931533813,38.54035276062787,"[15127618, 15027618, 15827618, 15927618, 15427618, 15527618, 15627618, 15727618, 15227618, 15327618]","[19, 19, 19, 19, 19, 19, 19, 19, 19, 19]"
13,7,"[1, 5, 6, 11, 17, 18]",6,4.307689516805112,0.1032211733981967,34.2040834176975,"[15190489, 15090489, 15790489, 15690489, 15590489, 15490489, 15390489, 15290489, 15990489, 15890489]","[17, 17, 17, 17, 17, 17, 17, 17, 17, 17]"
14,7,"[10, 12, 18, 22]",4,2.8918051971122622,0.07217588555067778,39.034095949609764,"[15101326, 15001326, 15801326, 15901326, 15401326, 15501326, 15601326, 15701326, 15201326, 15301326]","[22, 22, 22, 22, 22, 22, 22, 22, 22, 22]"
15,7,"[0, 2, 3, 5, 6, 17, 18]",7,4.975367642007768,0.10975143313407898,33.72347433771938,"[15043925, 15543925, 15643925, 15743925, 15443925, 15343925, 15843925, 15943925, 15143925, 15243925]","[17, 17, 17, 17, 17, 17, 17, 17, 17, 17]"
16,7,"[1, 6, 7, 11, 14, 16, 24]",7,4.990114592947066,0.11721336841583252,34.667532983635155,"[15953427, 15853427, 15253427, 15353427, 15553427, 15453427, 15753427, 15653427, 15153427, 15053427]","[11, 11, 11, 11, 11, 11, 11, 11, 11, 11]"
17,7,"[2, 12, 16, 17, 18, 20]",6,4.326511413790286,0.10250262822955847,36.63517035900926,"[15112155, 15012155, 15712155, 15612155, 15512155, 15412155, 15312155, 15212155, 15912155, 15812155]","[18, 18, 18, 18, 18, 18, 18, 18, 18, 18]"
18,7,"[3, 11, 12, 17, 18]",5,3.7139869602397084,0.08358047530055046,36.8095220701769,"[15509521, 15409521, 15909521, 15809521, 15109521, 15009521, 15209521, 15309521, 15709521, 15609521]","[12, 12, 12, 12, 12, 12, 12, 12, 12, 12]"
19,7,"[0, 1, 3, 4, 9, 18]",6,4.294269043952227,0.09960167296230793,34.24221448639097,"[15406600, 15506600, 15806600, 15906600, 15006600, 15106600, 15606600, 15706600, 15306600, 15206600]","[1, 1, 1, 1, 1, 1, 1, 1, 1, 1]"
20,7,"[0, 1, 14, 15, 16, 17, 22]",7,4.876996881328523,0.11158713418990374,36.35002930276096,"[15520017, 15020017, 15220017, 15320017, 15120017, 15620017, 15920017, 15820017, 15420017, 15720017]","[16, 16, 16, 16, 16, 16, 16, 16, 16, 16]"
21,7,"[0, 1, 3, 12, 14, 18]",6,4.225280415266752,0.09411167912185192,34.662626101557784,"[15166638, 15066638, 15866638, 15966638, 15466638, 15566638, 15666638, 15766638, 15266638, 15366638]","[12, 12, 12, 12, 12, 12, 12, 12, 12, 12]"
22,7,"[0, 3, 5, 6, 12, 16, 18]",7,4.939383418299258,0.11112705431878567,34.79991140888472,"[15196954, 15096954, 15296954, 15396954, 15596954, 15496954, 15796954, 15696954, 15996954, 15896954]","[0, 0, 0, 0, 0, 0, 0, 0, 0, 0]"
23,7,"[0, 4, 10, 17, 18]",5,3.40511732082814,0.07659755274653435,33.65855704434216,"[15396952, 15296952, 15196952, 15096952, 15496952, 15596952, 15696952, 15796952, 15996952, 15896952]","[18, 18, 18, 18, 18, 18, 18, 18, 18, 18]"
24,7,"[1, 3, 5, 9, 17, 22, 24]",7,5.196781273931265,0.11485869623720646,37.45560852345079,"[15045078, 15145078, 15845078, 15945078, 15445078, 15545078, 15645078, 15745078, 15245078, 15345078]","[24, 24, 24, 24, 24, 24, 24, 24, 24, 24]"
25,7,"[0, 1, 5, 6, 7, 14, 18]",7,4.675408645533025,0.10668390896171331,32.25395041990227,"[15157756, 15057756, 15757756, 15657756, 15857756, 15957756, 15457756, 15557756, 15257756, 15357756]","[5, 5, 5, 5, 5, 5, 5, 5, 5, 5]"
26,7,"[0, 2, 7, 12, 22]",5,3.3656220929697156,0.07643387373536825,34.831832968536766,"[15561466, 15461466, 15161466, 15061466, 15761466, 15661466, 15361466, 15261466, 15961466, 15861466]","[2, 2, 2, 2, 2, 2, 2, 2, 2, 2]"
27,7,"[0, 3, 6, 18, 22]",5,3.528347171843052,0.08036338072270155,36.501470847055316,"[15129685, 15029685, 15729685, 15629685, 15529685, 15429685, 15329685, 15229685, 15929685, 15829685]","[22, 22, 22, 22, 22, 22, 22, 22, 22, 22]"
28,7,"[1, 3, 4, 8, 14, 17, 18]",7,4.873787119053304,0.10731994081288576,34.36108407863815,"[15338341, 15638341, 15538341, 15438341, 15738341, 15838341, 15138341, 15038341, 15938341, 15238341]","[3, 3, 3, 3, 3, 3, 3, 3, 3, 3]"
29,7,"[0, 3, 5, 16, 18, 22]",6,4.318146022036672,0.10028615593910217,37.130640318850055,"[15049904, 15149904, 15449904, 15549904, 15949904, 15849904, 15749904, 15649904, 15249904, 15349904]","[0, 0, 0, 0, 0, 0, 0, 0, 0, 0]"
30,7,"[0, 2, 5, 12, 13, 18, 22]",7,4.9093755362555385,0.12127194739878178,35.855396071781534,"[15941743, 15841743, 15641743, 15741743, 15341743, 15241743, 15141743, 15041743, 15541743, 15441743]","[2, 2, 2, 2, 2, 2, 2, 2, 2, 2]"
31,7,"[0, 1, 2, 16, 22]",5,3.547946278937161,0.08332372084259987,36.21434018863365,"[15031386, 15131386, 15431386, 15531386, 15931386, 15831386, 15731386, 15631386, 15231386, 15331386]","[0, 0, 0, 0, 0, 0, 0, 0, 0, 0]"
32,7,"[3, 14, 15, 16, 18, 21, 22]",7,5.005256567150354,0.11160926334559917,38.42080713635577,"[15616695, 15716695, 15816695, 15916695, 15416695, 15516695, 15316695, 15216695, 15016695, 15116695]","[15, 15, 15, 15, 15, 15, 15, 15, 15, 15]"
33,7,"[2, 3, 6, 13, 14, 18, 21]",7,4.9662500554695725,0.11427021492272615,35.48610524420759,"[15123428, 15023428, 15223428, 15323428, 15523428, 15423428, 15923428, 15823428, 15723428, 15623428]","[6, 6, 6, 6, 6, 6, 6, 6, 6, 6]"
34,7,"[3, 4, 5, 13, 18, 22]",6,4.31100501306355,0.10008428804576397,36.605105268768966,"[15294964, 15394964, 15494964, 15594964, 15194964, 15094964, 15894964, 15994964, 15694964, 15794964]","[4, 4, 4, 4, 4, 4, 4, 4, 4, 4]"
35,7,"[0, 1, 9, 11, 12, 16, 18]",7,5.101642973721027,0.11503124795854092,35.91737101566313,"[15822710, 15922710, 15722710, 15622710, 15522710, 15422710, 15322710, 15222710, 15022710, 15122710]","[12, 12, 12, 12, 12, 12, 12, 12, 12, 12]"
36,7,"[2, 3, 4, 9, 13, 18, 20]",7,5.089319239370525,0.11942095682024956,35.95656201123659,"[15894964, 15994964, 15494964, 15594964, 15694964, 15794964, 15294964, 15394964, 15094964, 15194964]","[4, 4, 4, 4, 4, 4, 4, 4, 4, 4]"
37,7,"[1, 2, 9, 15, 18, 20]",6,4.3215133007615805,0.10355585906654596,35.769209110643715,"[17241746, 17341746, 17041746, 17141746, 16841746, 16941746, 17541746, 17441746, 16641746, 16741746]","[9, 9, 9, 9, 9, 9, 9, 9, 9, 9]"
38,7,"[4, 7, 12, 14, 18, 20]",6,4.0116300117224455,0.09072422794997692,34.13249394460581,"[15463427, 15563427, 15663427, 15763427, 15963427, 15863427, 15163427, 15063427, 15263427, 15363427]","[12, 12, 12, 12, 12, 12, 12, 12, 12, 12]"
39,7,"[0, 2, 3, 5, 9, 12, 23]",7,4.96360609959811,0.10793676041066647,34.8565553165307,"[15578764, 15478764, 15878764, 15978764, 15278764, 15378764, 15178764, 15078764, 15778764, 15678764]","[2, 2, 2, 2, 2, 2, 2, 2, 2, 2]"
40,7,"[3, 9, 12, 13, 18, 19, 22]",7,5.190349184907973,0.11789214983582497,39.26783832694803,"[15068703, 15168703, 15868703, 15968703, 15568703, 15468703, 15768703, 15668703, 15268703, 15368703]","[18, 18, 18, 18, 18, 18, 18, 18, 18, 18]"
41,7,"[3, 4, 12, 16, 18]",5,3.580541457980871,0.0809456892311573,35.99707804340869,"[15307133, 15207133, 15007133, 15107133, 15607133, 15707133, 15907133, 15807133, 15407133, 15507133]","[12, 12, 12, 12, 12, 12, 12, 12, 12, 12]"
42,7,"[0, 1, 5, 8, 12, 18, 24]",7,4.884971048682928,0.11553842574357986,34.0818218455783,"[15285318, 15385318, 15885318, 15585318, 15485318, 15985318, 15685318, 15185318, 15085318, 15785318]","[24, 24, 24, 24, 24, 24, 24, 24, 24, 24]"
43,7,"[1, 4, 7, 9, 14, 15, 16]",7,4.774913216941059,0.11530543118715286,34.22499783317159,"[15324680, 15224680, 15824680, 15924680, 15524680, 15424680, 15124680, 15024680, 15624680, 15724680]","[9, 9, 9, 9, 9, 9, 9, 9, 9, 9]"
44,7,"[2, 9, 12, 14, 18]",5,3.5474867410957813,0.07782123051583767,35.97233663471415,"[15777223, 15677223, 15477223, 15577223, 15177223, 15077223, 15877223, 15977223, 15277223, 15377223]","[9, 9, 9, 9, 9, 9, 9, 9, 9, 9]"
45,7,"[2, 4, 16, 18, 22, 23]",6,4.229273958131671,0.10041154734790325,36.893175385970004,"[15565042, 15465042, 15965042, 15865042, 15165042, 15065042, 15665042, 15765042, 15265042, 15365042]","[16, 16, 16, 16, 16, 16, 16, 16, 16, 16]"
46,7,"[2, 4, 5, 6, 18, 20, 21]",7,4.878872744739056,0.11039821058511734,34.0207894280819,"[15143631, 15043631, 15743631, 15643631, 15543631, 15443631, 15843631, 15943631, 15243631, 15343631]","[2, 2, 2, 2, 2, 2, 2, 2, 2, 2]"
47,7,"[0, 1, 3, 6, 12, 13, 18]",7,4.981893558986485,0.12103947717696428,34.485452585387975,"[15309521, 15209521, 15709521, 15609521, 15109521, 15009521, 15409521, 15509521, 15809521, 15909521]","[12, 12, 12, 12, 12, 12, 12, 12, 12, 12]"
48,7,"[1, 2, 3, 7, 14, 15, 16]",7,4.899722342379391,0.11667262576520443,34.4834323237384,"[15173629, 15073629, 15773629, 15673629, 15573629, 15473629, 15873629, 15973629, 15273629, 15373629]","[2, 2, 2, 2, 2, 2, 2, 2, 2, 2]"
49,7,"[3, 5, 15, 16, 18]",5,3.6211434146389365,0.08067297842353582,36.26360981902108,"[15128923, 15028923, 15828923, 15928923, 15428923, 15528923, 15628923, 15728923, 15228923, 15328923]","[16, 16, 16, 16, 16, 16, 16, 16, 16, 16]"
50,7,"[1, 2, 4, 15, 18, 22, 24]",7,5.011005675420165,0.11639434937387705,35.84538523114419,"[15158219, 15058219, 15758219, 15658219, 15558219, 15458219, 15858219, 15958219, 15258219, 15358219]","[1, 1, 1, 1, 1, 1, 1, 1, 1, 1]"
51,7,"[2, 4, 6, 13, 17, 18, 21]",7,4.8862997405231,0.11439417954534292,34.38440203600164,"[15601397, 15701397, 15001397, 15101397, 15801397, 15901397, 15501397, 15401397, 15301397, 15201397]","[21, 21, 21, 21, 21, 21, 21, 21, 21, 21]"
52,7,"[0, 3, 5, 6, 8, 11, 18]",7,5.0092065734788775,0.11436832509934902,34.04293916068439,"[15146438, 15046438, 15746438, 15646438, 15546438, 15446438, 15846438, 15946438, 15246438, 15346438]","[3, 3, 3, 3, 3, 3, 3, 3, 3, 3]"
53,7,"[0, 9, 12, 13, 24]",5,3.6430986020714045,0.08347941748797894,36.16727971518412,"[15143673, 15043673, 15743673, 15643673, 15543673, 15443673, 15343673, 15243673, 15943673, 15843673]","[24, 24, 24, 24, 24, 24, 24, 24, 24, 24]"
54,7,"[12, 18, 22, 23]",4,2.812850035727024,0.06660852301865816,38.986115380655974,"[15731544, 15631544, 15431544, 15531544, 15131544, 15031544, 15831544, 15931544, 15231544, 15331544]","[18, 18, 18, 18, 18, 18, 18, 18, 18, 18]"
55,7,"[3, 5, 17, 18, 19, 22]",6,4.399176054634154,0.10024093464016914,38.312120814885326,"[15659823, 15759823, 15459823, 15559823, 15359823, 15259823, 15859823, 15959823, 15059823, 15159823]","[19, 19, 19, 19, 19, 19, 19, 19, 19, 19]"
56,7,"[0, 1, 2, 4, 5, 11, 18]",7,4.843903426080942,0.11549680028110743,32.826597271154505,"[15658733, 15758733, 15358733, 15258733, 15158733, 15058733, 15458733, 15558733, 15958733, 15858733]","[5, 5, 5, 5, 5, 5, 5, 5, 5, 5]"
57,7,"[0, 6, 11, 18, 19, 20, 21]",7,4.950056837871671,0.1114838495850563,36.0541061530821,"[15131035, 15031035, 15531035, 15431035, 15931035, 15831035, 15331035, 15231035, 15631035, 15731035]","[20, 20, 20, 20, 20, 20, 20, 20, 20, 20]"
58,7,"[10, 12, 14, 16, 17, 18]",6,4.224769223481417,0.09693076182156801,36.678492835334815,"[15087563, 15187563, 15487563, 15587563, 15987563, 15887563, 15787563, 15687563, 15287563, 15387563]","[10, 10, 10, 10, 10, 10, 10, 10, 10, 10]"
59,7,"[0, 1, 3, 12, 14, 18, 19]",7,4.9368663327768445,0.10541082173585892,35.540749135094565,"[15792864, 15692864, 15592864, 15492864, 15092864, 15192864, 15892864, 15992864, 15292864, 15392864]","[0, 0, 0, 0, 0, 0, 0, 0, 0, 0]"
60,7,"[0, 1, 6, 8, 17, 18]",6,4.119306745007634,0.097126180306077,33.23613535993112,"[15069165, 15169165, 15469165, 15569165, 15969165, 15869165, 15269165, 15369165, 15769165, 15669165]","[17, 17, 17, 17, 17, 17, 17, 17, 17, 17]"
61,7,"[3, 7, 12, 15, 18, 22]",6,4.235830546356738,0.09698708448559046,36.9194585311537,"[15107710, 15007710, 15207710, 15307710, 15507710, 15407710, 15707710, 15607710, 15907710, 15807710]","[18, 18, 18, 18, 18, 18, 18, 18, 18, 18]"
62,7,"[0, 2, 5, 8, 14, 16, 18]",7,4.845084906555712,0.11626322474330664,34.159023164239315,"[15156065, 15056065, 15756065, 15656065, 15856065, 15956065, 15456065, 15556065, 15256065, 15356065]","[5, 5, 5, 5, 5, 5, 5, 5, 5, 5]"
63,7,"[5, 14, 17, 18, 20, 24]",6,4.3047736855223775,0.10540521889925003,36.063326845954485,"[15585472, 15485472, 15985472, 15885472, 15185472, 15085472, 15285472, 15385472, 15785472, 15685472]","[17, 17, 17, 17, 17, 17, 17, 17, 17, 17]"
64,7,"[1, 5, 7, 18, 22, 24]",6,4.283899093046784,0.10034470912069082,35.773726247095816,"[15168557, 15068557, 15268557, 15368557, 15568557, 15468557, 15968557, 15868557, 15768557, 15668557]","[1, 1, 1, 1, 1, 1, 1, 1, 1, 1]"
65,7,"[3, 4, 6, 8, 16, 18, 23]",7,4.958574638701975,0.11629642080515623,34.96442559341501,"[15113124, 15013124, 15913124, 15813124, 15313124, 15213124, 15613124, 15713124, 15513124, 15413124]","[23, 23, 23, 23, 23, 23, 23, 23, 23, 23]"
66,7,"[12, 14, 16, 18, 22, 24]",6,4.373716942034662,0.10309616569429636,38.78188804645712,"[15188582, 15088582, 15788582, 15688582, 15588582, 15488582, 15388582, 15288582, 15988582, 15888582]","[22, 22, 22, 22, 22, 22, 22, 22, 22, 22]"
67,7,"[0, 1, 4, 7, 12, 22]",6,4.03633710090071,0.098739393055439,33.86125984182581,"[15107691, 15007691, 15707691, 15607691, 15507691, 15407691, 15907691, 15807691, 15307691, 15207691]","[0, 0, 0, 0, 0, 0, 0, 0, 0, 0]"
68,7,"[6, 18, 19, 23, 24]",5,3.6584450509399176,0.08013842813670635,36.68738665534183,"[15778380, 15678380, 15478380, 15578380, 15178380, 15078380, 15878380, 15978380, 15278380, 15378380]","[18, 18, 18, 18, 18, 18, 18, 18, 18, 18]"
69,7,"[2, 3, 10, 14, 18]",5,3.60219585057348,0.08276343811303377,35.74161397712305,"[15569016, 15469016, 15969016, 15869016, 15169016, 15069016, 15269016, 15369016, 15769016, 15669016]","[10, 10, 10, 10, 10, 10, 10, 10, 10, 10]"
70,7,"[3, 4, 6, 13, 17, 22]",6,4.306051045656204,0.10759138315916061,36.371464530782156,"[15570364, 15470364, 15970364, 15870364, 15170364, 15070364, 15270364, 15370364, 15770364, 15670364]","[6, 6, 6, 6, 6, 6, 6, 6, 6, 6]"
71,7,"[0, 3, 7, 13, 15, 18, 22]",7,4.799962874501944,0.11240740679204464,36.03905788942107,"[15135027, 15035027, 15735027, 15635027, 15535027, 15435027, 15935027, 15835027, 15335027, 15235027]","[0, 0, 0, 0, 0, 0, 0, 0, 0, 0]"
72,7,"[1, 3, 12, 16, 18, 22]",6,4.361490954644978,0.09739532973617315,38.26311244109335,"[15986993, 15886993, 15786993, 15686993, 15086993, 15186993, 15386993, 15286993, 15486993, 15586993]","[12, 12, 12, 12, 12, 12, 12, 12, 12, 12]"
73,7,"[0, 12, 18]",3,2.0372118083760142,0.04703156091272831,34.27421488100663,"[15789042, 15689042, 15489042, 15589042, 15189042, 15089042, 15889042, 15989042, 15289042, 15389042]","[12, 12, 12, 12, 12, 12, 12, 12, 12, 12]"
74,7,"[6, 11, 16, 17, 18, 19]",6,4.3802723959088326,0.09514970984309912,36.95736904481115,"[15224167, 15324167, 15524167, 15424167, 15924167, 15824167, 15124167, 15024167, 15624167, 15724167]","[19, 19, 19, 19, 19, 19, 19, 19, 19, 19]"
75,7,"[2, 3, 5, 17, 21, 23]",6,4.2387301893904805,0.09129330981522799,35.371486749034375,"[16870123, 16970123, 17170123, 17070123, 16770123, 16670123, 17470123, 17570123, 17370123, 17270123]","[3, 3, 3, 3, 3, 3, 3, 3, 3, 3]"
76,7,"[5, 12, 14, 16, 18, 22]",6,4.203418225981295,0.09896304085850716,37.70010539609939,"[15572947, 15472947, 15972947, 15872947, 15172947, 15072947, 15272947, 15372947, 15772947, 15672947]","[14, 14, 14, 14, 14, 14, 14, 14, 14, 14]"
77,7,"[3, 11, 13, 18, 21, 22]",6,4.361171000637114,0.09454790502786636,38.92091532369765,"[15134045, 15034045, 15534045, 15434045, 15334045, 15234045, 15834045, 15934045, 15734045, 15634045]","[11, 11, 11, 11, 11, 11, 11, 11, 11, 11]"
78,7,"[0, 1, 3, 10, 11]",5,3.628414109349251,0.08279190212488174,34.75129327243194,"[15124305, 15024305, 15824305, 15924305, 15424305, 15524305, 15624305, 15724305, 15224305, 15324305]","[10, 10, 10, 10, 10, 10, 10, 10, 10, 10]"
79,7,"[1, 3, 7, 12, 13, 19]",6,4.316469179466367,0.09813139960169792,35.5295513831079,"[15315810, 15215810, 15615810, 15715810, 15515810, 15415810, 15015810, 15115810, 15815810, 15915810]","[19, 19, 19, 19, 19, 19, 19, 19, 19, 19]"
80,7,"[1, 4, 5, 12, 16, 18, 23]",7,4.902912867255509,0.11063498351722956,34.62596525158733,"[15677027, 15777027, 15877027, 15577027, 15477027, 15977027, 15377027, 15177027, 15077027, 15277027]","[23, 23, 23, 23, 23, 23, 23, 23, 23, 23]"
81,7,"[0, 1, 16, 17, 18, 22]",6,4.268586922436953,0.10247138515114784,36.85987530602142,"[15191597, 15091597, 15891597, 15991597, 15491597, 15591597, 15391597, 15291597, 15691597, 15791597]","[17, 17, 17, 17, 17, 17, 17, 17, 17, 17]"
82,7,"[0, 1, 2, 4, 18, 19, 22]",7,4.960561492480338,0.11818878818303347,35.458903645431356,"[15441983, 15641983, 15741983, 15141983, 15041983, 15241983, 15341983, 15541983, 15841983, 15941983]","[2, 2, 2, 2, 2, 2, 2, 2, 2, 2]"
83,7,"[0, 2, 8, 10, 14, 18, 19]",7,4.923527924343944,0.11176367476582527,34.97748631584857,"[15989164, 15889164, 15689164, 15789164, 15189164, 15089164, 15289164, 15389164, 15489164, 15589164]","[14, 14, 14, 14, 14, 14, 14, 14, 14, 14]"
84,7,"[0, 14, 18, 19, 22]",5,3.514390462078154,0.07845795340836048,37.816774256527424,"[15662344, 15762344, 15462344, 15562344, 15362344, 15262344, 15862344, 15962344, 15062344, 15162344]","[22, 22, 22, 22, 22, 22, 22, 22, 22, 22]"
85,7,"[4, 11, 15, 16, 18, 19]",6,4.319384029135108,0.10227242484688759,36.495160406610616,"[15455904, 15555904, 15255904, 15355904, 15655904, 15755904, 15155904, 15055904, 15955904, 15855904]","[11, 11, 11, 11, 11, 11, 11, 11, 11, 11]"
86,7,"[0, 1, 5, 14, 15, 16, 24]",7,4.90996902808547,0.12227426469326019,34.570195900608915,"[15561280, 15461280, 15861280, 15961280, 15661280, 15761280, 15061280, 15161280, 15361280, 15261280]","[16, 16, 16, 16, 16, 16, 16, 16, 16, 16]"
87,7,"[0, 2, 7, 11, 12, 18, 21]",7,4.828664890490472,0.11300137545913458,34.18029025369989,"[15082683, 15182683, 15582683, 15482683, 15282683, 15382683, 15882683, 15982683, 15682683, 15782683]","[11, 11, 11, 11, 11, 11, 11, 11, 11, 11]"
88,7,"[1, 3, 9, 14, 22]",5,3.6755735902115703,0.08402575738728046,38.23753544986248,"[15767887, 15667887, 15467887, 15567887, 15167887, 15067887, 15867887, 15967887, 15267887, 15367887]","[3, 3, 3, 3, 3, 3, 3, 3, 3, 3]"
89,7,"[0, 1, 6, 12, 14, 18]",6,4.078551805578172,0.09654762782156467,33.554221819310136,"[15803950, 15903950, 15503950, 15403950, 15303950, 15203950, 15703950, 15603950, 15103950, 15003950]","[18, 18, 18, 18, 18, 18, 18, 18, 18, 18]"
90,7,"[0, 3, 9, 14, 18, 22]",6,4.274384517222643,0.09395946376025677,37.593292768346146,"[15302235, 15202235, 15602235, 15702235, 15502235, 15402235, 15002235, 15102235, 15802235, 15902235]","[22, 22, 22, 22, 22, 22, 22, 22, 22, 22]"
91,7,"[0, 3, 5, 6, 12, 22]",6,4.208953094668686,0.09947333764284849,35.628459110778444,"[15223263, 15323263, 15423263, 15523263, 15123263, 15023263, 15823263, 15923263, 15623263, 15723263]","[3, 3, 3, 3, 3, 3, 3, 3, 3, 3]"
92,7,"[0, 2, 3, 6, 13, 16, 18]",7,4.960974553599954,0.11143431160598993,35.03604757393311,"[15671923, 15771923, 15471923, 15571923, 15371923, 15271923, 15171923, 15071923, 15971923, 15871923]","[2, 2, 2, 2, 2, 2, 2, 2, 2, 2]"
93,7,"[9, 12, 16, 17, 22]",5,3.662113622762263,0.08123764209449291,39.5766367434524,"[15182286, 15082286, 15282286, 15382286, 15582286, 15482286, 15982286, 15882286, 15782286, 15682286]","[9, 9, 9, 9, 9, 9, 9, 9, 9, 9]"
94,7,"[0, 1, 9, 13, 16, 17, 18]",7,4.987674071453512,0.11289350502192974,35.85016763389909,"[15715973, 15615973, 15315973, 15215973, 15915973, 15815973, 15015973, 15115973, 15415973, 15515973]","[1, 1, 1, 1, 1, 1, 1, 1, 1, 1]"
95,7,"[1, 8, 9, 11, 12, 16, 18]",7,5.138834445737302,0.1170753501355648,36.426114974876064,"[15284477, 15384477, 15884477, 15584477, 15484477, 15984477, 15684477, 15184477, 15084477, 15784477]","[18, 18, 18, 18, 18, 18, 18, 18, 18, 18]"
96,7,"[1, 2, 14, 18, 23]",5,3.4694168753921986,0.0829737726598978,34.56357139749453,"[15125270, 15025270, 15525270, 15425270, 15325270, 15225270, 15825270, 15925270, 15725270, 15625270]","[2, 2, 2, 2, 2, 2, 2, 2, 2, 2]"
97,7,"[1, 3, 6, 17, 18, 23]",6,4.306663344614208,0.10027241986244917,35.06325987447053,"[15541208, 15441208, 15941208, 15841208, 15141208, 15041208, 15641208, 15741208, 15241208, 15341208]","[6, 6, 6, 6, 6, 6, 6, 6, 6, 6]"
98,7,"[1, 2, 4, 5, 8, 10, 22]",7,4.929281390272081,0.12028725072741508,34.64168663083443,"[15279703, 15379703, 15879703, 15479703, 15679703, 15779703, 15079703, 15179703, 15579703, 15979703]","[22, 22, 22, 22, 22, 22, 22, 22, 22, 22]"
99,7,"[0, 1, 7, 14, 18]",5,3.3176611298695207,0.08178601693361998,32.537463179975745,"[15188268, 15088268, 15788268, 15688268, 15588268, 15488268, 15388268, 15288268, 15988268, 15888268]","[18, 18, 18, 18, 18, 18, 18, 18, 18, 18]"
100,7,"[3, 16, 17, 18, 20, 24]",6,4.496690780855715,0.10366462543606758,37.87921547703445,"[15443691, 15543691, 15943691, 15843691, 15343691, 15243691, 15743691, 15643691, 15143691, 15043691]","[17, 17, 17, 17, 17, 17, 17, 17, 17, 17]"
101,7,"[0, 4, 9, 12, 13, 24]",6,4.316021827049553,0.10025077871978283,35.02690257147575,"[15105343, 15005343, 15805343, 15905343, 15405343, 15505343, 15605343, 15705343, 15205343, 15305343]","[12, 12, 12, 12, 12, 12, 12, 12, 12, 12]"
102,7,"[6, 12, 15, 18, 22]",5,3.5047180308029056,0.08169213309884071,37.201182059664276,"[15135333, 15035333, 15735333, 15635333, 15535333, 15435333, 15335333, 15235333, 15935333, 15835333]","[22, 22, 22, 22, 22, 22, 22, 22, 22, 22]"
103,7,"[0, 3, 4, 6, 14, 19, 22]",7,4.9449074389413,0.1170766456052661,35.8381489721526,"[15135027, 15035027, 15735027, 15635027, 15535027, 15435027, 15335027, 15235027, 15935027, 15835027]","[0, 0, 0, 0, 0, 0, 0, 0, 0, 0]"
104,7,"[2, 3, 5, 9, 13, 17, 23]",7,5.076669838279486,0.10931268893182278,35.84799513899322,"[15125159, 15025159, 15825159, 15925159, 15425159, 15525159, 15325159, 15225159, 15625159, 15725159]","[23, 23, 23, 23, 23, 23, 23, 23, 23, 23]"
105,7,"[8, 9, 10, 11, 12, 20, 23]",7,5.008794125169516,0.1136431684717536,36.8077917006532,"[15858292, 15958292, 15458292, 15558292, 15658292, 15758292, 15358292, 15258292, 15058292, 15158292]","[9, 9, 9, 9, 9, 9, 9, 9, 9, 9]"
106,7,"[0, 12, 15, 17, 18, 23]",6,4.061197695322335,0.09123964607715607,35.009461876237765,"[15325159, 15225159, 15625159, 15725159, 15525159, 15425159, 15025159, 15125159, 15825159, 15925159]","[23, 23, 23, 23, 23, 23, 23, 23, 23, 23]"
107,7,"[1, 3, 11, 18, 24]",5,3.754345279186964,0.0837021479383111,36.49697169326246,"[15596101, 15496101, 15996101, 15896101, 15196101, 15096101, 15296101, 15396101, 15796101, 15696101]","[11, 11, 11, 11, 11, 11, 11, 11, 11, 11]"
108,7,"[2, 3, 7, 12, 18]",5,3.498284094966948,0.07703045569360256,34.46402433747426,"[15186137, 15086137, 15786137, 15686137, 15586137, 15486137, 15386137, 15286137, 15986137, 15886137]","[18, 18, 18, 18, 18, 18, 18, 18, 18, 18]"
109,7,"[2, 6, 9, 13, 18, 22]",6,4.309647582471371,0.09671823680400848,37.2919717770225,"[15289661, 15389661, 15489661, 15589661, 15189661, 15089661, 15889661, 15989661, 15689661, 15789661]","[6, 6, 6, 6, 6, 6, 6, 6, 6, 6]"
110,7,"[0, 1, 2, 6, 16, 21]",6,4.152631353586912,0.0906295171007514,33.90664183581248,"[15696954, 15796954, 15496954, 15596954, 15396954, 15296954, 15096954, 15196954, 15896954, 15996954]","[0, 0, 0, 0, 0, 0, 0, 0, 0, 0]"
111,7,"[3, 6, 12, 18, 22]",5,3.6139516793191433,0.08412736281752586,37.774768207687885,"[15129685, 15029685, 15729685, 15629685, 15529685, 15429685, 15329685, 15229685, 15929685, 15829685]","[22, 22, 22, 22, 22, 22, 22, 22, 22, 22]"
112,7,"[0, 3, 9, 13, 14, 22]",6,4.327399970963597,0.09517823066562414,37.65401308828344,"[15183800, 15083800, 15883800, 15983800, 15483800, 15583800, 15683800, 15783800, 15283800, 15383800]","[13, 13, 13, 13, 13, 13, 13, 13, 13, 13]"
113,7,"[1, 4, 6, 12, 14]",5,3.4170415718108416,0.0820488864555955,32.808571877516805,"[15139510, 15039510, 15839510, 15939510, 15439510, 15539510, 15639510, 15739510, 15239510, 15339510]","[12, 12, 12, 12, 12, 12, 12, 12, 12, 12]"
114,7,"[0, 4, 6, 12, 18, 22]",6,4.13736879453063,0.10057963524013758,35.01897128454099,"[15086993, 15186993, 15686993, 15786993, 15886993, 15986993, 15586993, 15486993, 15386993, 15286993]","[12, 12, 12, 12, 12, 12, 12, 12, 12, 12]"
115,7,"[1, 3, 14, 18, 21, 24]",6,4.4034662852063775,0.10287897102534771,36.329576377601676,"[15456273, 15556273, 15856273, 15956273, 15056273, 15156273, 15656273, 15756273, 15356273, 15256273]","[3, 3, 3, 3, 3, 3, 3, 3, 3, 3]"
116,7,"[0, 1, 2, 3, 4, 7, 16]",7,4.873882608488202,0.11452437192201614,32.92970576742664,"[15047368, 15147368, 15847368, 15947368, 15547368, 15447368, 15747368, 15647368, 15247368, 15347368]","[4, 4, 4, 4, 4, 4, 4, 4, 4, 4]"
117,7,"[2, 5, 9, 13, 14, 18]",6,4.3014180008322,0.09545185882598162,35.42945514068318,"[15738044, 15638044, 15438044, 15538044, 15138044, 15038044, 15838044, 15938044, 15238044, 15338044]","[5, 5, 5, 5, 5, 5, 5, 5, 5, 5]"
118,7,"[0, 10, 12, 13, 16, 18, 20]",7,4.974649704061449,0.11418159957975149,36.404221929476726,"[15139893, 15039893, 15439893, 15539893, 15939893, 15839893, 15739893, 15639893, 15239893, 15339893]","[13, 13, 13, 13, 13, 13, 13, 13, 13, 13]"
119,7,"[1, 4, 7, 12, 18, 21]",6,4.100308469496667,0.09715383499860764,33.52709743954862,"[15774558, 15674558, 15474558, 15574558, 15174558, 15074558, 15874558, 15974558, 15274558, 15374558]","[4, 4, 4, 4, 4, 4, 4, 4, 4, 4]"
120,7,"[2, 5, 8, 9, 15, 18]",6,4.26834156922996,0.09661744069308043,34.82420546243278,"[15740799, 15640799, 15540799, 15440799, 15040799, 15140799, 15840799, 15940799, 15240799, 15340799]","[15, 15, 15, 15, 15, 15, 15, 15, 15, 15]"
121,7,"[0, 1, 2, 3, 8, 11, 18]",7,4.975369203835726,0.1140328198671341,34.28538253870128,"[15953659, 15853659, 15453659, 15553659, 15753659, 15653659, 15253659, 15353659, 15153659, 15053659]","[2, 2, 2, 2, 2, 2, 2, 2, 2, 2]"
122,7,"[4, 8, 13, 18, 21, 22]",6,4.143150216899812,0.09874659311026335,36.8445857395418,"[15703806, 15603806, 15403806, 15503806, 15103806, 15003806, 15803806, 15903806, 15203806, 15303806]","[8, 8, 8, 8, 8, 8, 8, 8, 8, 8]"
123,7,"[1, 2, 4, 9, 16, 20, 23]",7,4.969136329367757,0.1164771281182766,35.450853757826344,"[15582286, 15482286, 15982286, 15882286, 15182286, 15082286, 15282286, 15382286, 15782286, 15682286]","[9, 9, 9, 9, 9, 9, 9, 9, 9, 9]"
124,7,"[1, 3, 6, 10, 13, 16]",6,4.341080802492797,0.09789349604398012,35.80128972395323,"[15988998, 15888998, 15788998, 15688998, 15088998, 15188998, 15388998, 15288998, 15488998, 15588998]","[6, 6, 6, 6, 6, 6, 6, 6, 6, 6]"
125,7,"[3, 5, 16, 17, 18, 21]",6,4.31474722828716,0.09990116488188505,36.65013536872963,"[15199866, 15099866, 15899866, 15999866, 15499866, 15599866, 15699866, 15799866, 15299866, 15399866]","[17, 17, 17, 17, 17, 17, 17, 17, 17, 17]"
126,7,"[1, 4, 10, 18, 22, 24]",6,4.3002000181004405,0.10332577954977751,36.629902067050956,"[15512609, 15412609, 15912609, 15812609, 15112609, 15012609, 15212609, 15312609, 15712609, 15612609]","[10, 10, 10, 10, 10, 10, 10, 10, 10, 10]"
127,7,"[0, 3, 18, 20, 21]",5,3.5177547251805663,0.0769274989143014,36.19210190810263,"[15456273, 15556273, 15856273, 15956273, 15056273, 15156273, 15656273, 15756273, 15356273, 15256273]","[3, 3, 3, 3, 3, 3, 3, 3, 3, 3]"
128,7,"[0, 1, 3, 13, 18, 19, 22]",7,5.107813578099012,0.12195188086479902,37.34173106927691,"[15132591, 15032591, 15832591, 15932591, 15532591, 15432591, 15732591, 15632591, 15332591, 15232591]","[3, 3, 3, 3, 3, 3, 3, 3, 3, 3]"
129,7,"[0, 11, 18, 19, 22]",5,3.6425917269662023,0.0831326823681593,38.2718079735525,"[15518260, 15418260, 15918260, 15818260, 15118260, 15018260, 15218260, 15318260, 15718260, 15618260]","[18, 18, 18, 18, 18, 18, 18, 18, 18, 18]"
130,7,"[1, 6, 10, 18, 19, 22]",6,4.370572037994862,0.10320700332522392,37.37489964044653,"[15762709, 15662709, 15462709, 15562709, 15162709, 15062709, 15862709, 15962709, 15262709, 15362709]","[6, 6, 6, 6, 6, 6, 6, 6, 6, 6]"
131,7,"[0, 2, 3, 5, 14, 18]",6,4.231372340582311,0.1000430267304182,33.98071434705829,"[15017042, 15117042, 15417042, 15517042, 15917042, 15817042, 15717042, 15617042, 15217042, 15317042]","[0, 0, 0, 0, 0, 0, 0, 0, 0, 0]"
132,7,"[1, 4, 5, 7, 13, 19, 21]",7,4.843951995484531,0.10771295614540577,33.98975724593869,"[15011258, 15111258, 15311258, 15211258, 15911258, 15811258, 15511258, 15411258, 15711258, 15611258]","[4, 4, 4, 4, 4, 4, 4, 4, 4, 4]"
133,7,"[1, 3, 10, 14, 15, 16, 23]",7,4.988283519633114,0.11928522679954767,36.10552711917886,"[15057433, 15557433, 15357433, 15257433, 15457433, 15757433, 15857433, 15957433, 15657433, 15157433]","[3, 3, 3, 3, 3, 3, 3, 3, 3, 3]"
134,7,"[1, 3, 4, 7, 16, 18, 21]",7,4.924390404485166,0.12001744098961353,34.66197522217408,"[15772009, 15672009, 15372009, 15272009, 15472009, 15572009, 15872009, 15972009, 15172009, 15072009]","[4, 4, 4, 4, 4, 4, 4, 4, 4, 4]"
135,7,"[3, 6, 7, 9, 16, 17]",6,4.344791998155415,0.0999637246131897,35.51042066343749,"[16787744, 16687744, 16887744, 16987744, 17187744, 17087744, 17387744, 17287744, 17587744, 17487744]","[16, 16, 16, 16, 16, 16, 16, 16, 16, 16]"
136,7,"[0, 3, 4, 11, 18, 19]",6,4.360876911319792,0.09816162567585707,35.3224773502443,"[15112155, 15012155, 15712155, 15612155, 15512155, 15412155, 15312155, 15212155, 15912155, 15812155]","[18, 18, 18, 18, 18, 18, 18, 18, 18, 18]"
137,7,"[3, 4, 5, 11, 13, 14]",6,4.248451121151447,0.09222498163580894,34.7386826032307,"[15056273, 15156273, 15456273, 15556273, 15956273, 15856273, 15756273, 15656273, 15256273, 15356273]","[3, 3, 3, 3, 3, 3, 3, 3, 3, 3]"
138,7,"[1, 3, 4, 14, 23]",5,3.4486743826419115,0.07989673409610987,34.15314457910135,"[15421829, 15521829, 15221829, 15321829, 15621829, 15721829, 15121829, 15021829, 15921829, 15821829]","[3, 3, 3, 3, 3, 3, 3, 3, 3, 3]"
139,7,"[1, 2, 5, 12, 17, 19, 22]",7,5.009723401628435,0.11674729455262423,36.59754332447691,"[15510935, 15410935, 15810935, 15910935, 15210935, 15310935, 15110935, 15010935, 15710935, 15610935]","[2, 2, 2, 2, 2, 2, 2, 2, 2, 2]"
140,7,"[5, 11, 15, 16, 18, 22]",6,4.281491230241954,0.09429404232650995,37.88773560042804,"[15165042, 15065042, 15865042, 15965042, 15465042, 15565042, 15665042, 15765042, 15265042, 15365042]","[16, 16, 16, 16, 16, 16, 16, 16, 16, 16]"
141,7,"[0, 2, 3, 5, 20, 21]",6,4.198257518000901,0.08791179396212101,34.76013089553453,"[15554633, 15454633, 15954633, 15854633, 15154633, 15054633, 15254633, 15354633, 15754633, 15654633]","[3, 3, 3, 3, 3, 3, 3, 3, 3, 3]"
142,7,"[0, 3, 5, 7, 18, 20]",6,4.120366736315191,0.09113659337162971,33.97670324022571,"[15732856, 15632856, 15832856, 15932856, 15332856, 15232856, 15132856, 15032856, 15532856, 15432856]","[7, 7, 7, 7, 7, 7, 7, 7, 7, 7]"
143,7,"[0, 2, 18, 19, 22]",5,3.5389925204217434,0.08371334709227085,37.33037992892787,"[15492873, 15592873, 15892873, 15992873, 15092873, 15192873, 15692873, 15792873, 15392873, 15292873]","[2, 2, 2, 2, 2, 2, 2, 2, 2, 2]"
144,7,"[10, 11, 12, 14, 15, 18, 22]",7,4.9363258220255375,0.11492710281163454,37.635046841776266,"[15739513, 15339513, 15539513, 15439513, 15239513, 15839513, 15139513, 15039513, 15939513, 15639513]","[18, 18, 18, 18, 18, 18, 18, 18, 18, 18]"
145,7,"[1, 3, 5, 6, 15, 16, 18]",7,5.031040886417031,0.11582793388515711,34.97667600926278,"[15638341, 15738341, 15438341, 15538341, 15338341, 15238341, 15138341, 15038341, 15838341, 15938341]","[3, 3, 3, 3, 3, 3, 3, 3, 3, 3]"
146,7,"[0, 1, 12, 13, 17, 18]",6,4.206384240649641,0.09134841524064541,34.67699302352654,"[15705066, 15605066, 15505066, 15405066, 15005066, 15105066, 15805066, 15905066, 15205066, 15305066]","[17, 17, 17, 17, 17, 17, 17, 17, 17, 17]"
147,7,"[0, 1, 4, 6, 8, 9, 18]",7,4.885439493693411,0.1167603600770235,33.17324834257098,"[15012155, 15112155, 15812155, 15912155, 15412155, 15512155, 15612155, 15712155, 15212155, 15312155]","[18, 18, 18, 18, 18, 18, 18, 18, 18, 18]"
148,7,"[0, 5, 8, 14, 16, 17, 23]",7,4.8274323577061296,0.11104798130691051,34.56723846767896,"[15323644, 15223644, 15423644, 15523644, 15723644, 15623644, 15123644, 15023644, 15923644, 15823644]","[14, 14, 14, 14, 14, 14, 14, 14, 14, 14]"
149,7,"[4, 5, 16, 18, 21, 22]",6,4.238532362505794,0.10001696459949017,37.01570967483955,"[17050845, 17150845, 16750845, 16650845, 16950845, 16850845, 17250845, 17350845, 17550845, 17450845]","[16, 16, 16, 16, 16, 16, 16, 16, 16, 16]"
150,7,"[0, 1, 2, 9, 12, 16, 18]",7,5.014836749061942,0.11444855108857155,35.24492241235982,"[15635027, 15735027, 15435027, 15535027, 15335027, 15235027, 15835027, 15935027, 15035027, 15135027]","[0, 0, 0, 0, 0, 0, 0, 0, 0, 0]"
151,7,"[1, 2, 9, 10, 13, 17, 23]",7,5.05996161699295,0.11538244877010584,35.70144694464813,"[15204655, 15504655, 15804655, 15904655, 15404655, 15704655, 15104655, 15004655, 15304655, 15604655]","[13, 13, 13, 13, 13, 13, 13, 13, 13, 13]"
152,7,"[0, 1, 4, 6, 14, 16, 18]",7,4.837197259068489,0.1115484731271863,33.455412863421124,"[15622538, 15722538, 15422538, 15522538, 15022538, 15122538, 15222538, 15322538, 15822538, 15922538]","[16, 16, 16, 16, 16, 16, 16, 16, 16, 16]"
153,7,"[0, 1, 3, 5, 18, 22]",6,4.275577980093658,0.09561184141784906,35.87775873276405,"[15612459, 15712459, 15412459, 15512459, 15312459, 15212459, 15012459, 15112459, 15812459, 15912459]","[0, 0, 0, 0, 0, 0, 0, 0, 0, 0]"
154,7,"[0, 3, 6, 17, 18, 19]",6,4.30593706201762,0.09716051258146763,35.41911882418208,"[15921036, 15821036, 15521036, 15421036, 15721036, 15621036, 15121036, 15021036, 15321036, 15221036]","[6, 6, 6, 6, 6, 6, 6, 6, 6, 6]"
155,7,"[1, 5, 7, 9, 12, 14, 15]",7,4.770113248378038,0.11283797211945057,34.07421268489478,"[15924680, 15824680, 15724680, 15624680, 15024680, 15124680, 15324680, 15224680, 15424680, 15524680]","[9, 9, 9, 9, 9, 9, 9, 9, 9, 9]"
156,7,"[0, 1, 9, 12, 16, 18, 22]",7,4.997064511291683,0.1161715229973197,37.26361678334485,"[15100850, 15000850, 15700850, 15600850, 15500850, 15400850, 15200850, 15300850, 15800850, 15900850]","[0, 0, 0, 0, 0, 0, 0, 0, 0, 0]"
157,7,"[1, 3, 4, 6, 9, 10, 16]",7,5.069265894591808,0.11422727629542351,35.194469625063775,"[15458292, 15558292, 15058292, 15158292, 15758292, 15658292, 15358292, 15258292, 15858292, 15958292]","[9, 9, 9, 9, 9, 9, 9, 9, 9, 9]"
158,7,"[3, 4, 11, 17, 18, 24]",6,4.397966532967985,0.10302485059946775,35.90920498905083,"[15747368, 15647368, 15447368, 15547368, 15147368, 15047368, 15847368, 15947368, 15247368, 15347368]","[4, 4, 4, 4, 4, 4, 4, 4, 4, 4]"
159,7,"[2, 6, 10, 11, 12, 14, 16]",7,4.95942091755569,0.1143461475148797,35.503693136652664,"[15293019, 15393019, 15693019, 15793019, 15893019, 15993019, 15493019, 15593019, 15093019, 15193019]","[11, 11, 11, 11, 11, 11, 11, 11, 11, 11]"
160,7,"[2, 7, 12, 14, 18, 22]",6,4.122998395003378,0.0992421405389905,36.00888626828479,"[15280820, 15380820, 15580820, 15480820, 15980820, 15880820, 15180820, 15080820, 15680820, 15780820]","[22, 22, 22, 22, 22, 22, 22, 22, 22, 22]"
161,7,"[1, 2, 7, 10, 11, 18]",6,4.244821703992784,0.10011702589690685,34.02422717392134,"[15312155, 15212155, 15612155, 15712155, 15512155, 15412155, 15012155, 15112155, 15812155, 15912155]","[18, 18, 18, 18, 18, 18, 18, 18, 18, 18]"
162,7,"[3, 11, 14, 15, 16, 18, 22]",7,5.080113994888961,0.11723196413367987,38.348150494042784,"[15278092, 15478092, 15078092, 15178092, 15578092, 15678092, 15878092, 15978092, 15778092, 15378092]","[11, 11, 11, 11, 11, 11, 11, 11, 11, 11]"
163,7,"[1, 2, 7, 9, 11, 16]",6,4.3453801507130265,0.10049082431942225,35.00189988780767,"[15428324, 15528324, 15828324, 15928324, 15028324, 15128324, 15628324, 15728324, 15328324, 15228324]","[2, 2, 2, 2, 2, 2, 2, 2, 2, 2]"
164,7,"[0, 1, 2, 3, 6, 9, 18]",7,5.069274440407753,0.11529397964477539,34.280510811401264,"[15160154, 15960154, 15560154, 15460154, 15860154, 15260154, 15660154, 15760154, 15360154, 15060154]","[9, 9, 9, 9, 9, 9, 9, 9, 9, 9]"
165,7,"[1, 4, 5, 18, 20, 21]",6,4.197641829028726,0.1060405857861042,34.424271567103766,"[15984408, 15884408, 15784408, 15684408, 15084408, 15184408, 15384408, 15284408, 15484408, 15584408]","[5, 5, 5, 5, 5, 5, 5, 5, 5, 5]"
166,7,"[2, 3, 5, 14, 17, 22]",6,4.339260350912809,0.1023173974826932,36.64007559977472,"[15172947, 15072947, 15872947, 15972947, 15472947, 15572947, 15372947, 15272947, 15672947, 15772947]","[14, 14, 14, 14, 14, 14, 14, 14, 14, 14]"
167,7,"[2, 3, 6, 13, 14, 15]",6,4.264624344184995,0.09770017582923174,34.82365305085356,"[15946348, 15846348, 15746348, 15646348, 15046348, 15146348, 15346348, 15246348, 15446348, 15546348]","[6, 6, 6, 6, 6, 6, 6, 6, 6, 6]"
168,7,"[0, 3, 4, 14, 21]",5,3.4307335410267115,0.0821626940742135,33.97183152837679,"[15394964, 15294964, 15094964, 15194964, 15694964, 15794964, 15994964, 15894964, 15494964, 15594964]","[4, 4, 4, 4, 4, 4, 4, 4, 4, 4]"
169,7,"[2, 3, 10, 13, 20, 22]",6,4.382557040080428,0.10180295817553997,38.237138982707016,"[15070471, 15170471, 15270471, 15370471, 15970471, 15870471, 15670471, 15770471, 15470471, 15570471]","[22, 22, 22, 22, 22, 22, 22, 22, 22, 22]"
170,7,"[0, 1, 3, 10, 14, 20]",6,4.205284214578569,0.09954099357128143,35.02214181818999,"[15172947, 15072947, 15772947, 15672947, 15572947, 15472947, 15372947, 15272947, 15972947, 15872947]","[14, 14, 14, 14, 14, 14, 14, 14, 14, 14]"
171,7,"[1, 5, 14, 18, 19, 24]",6,4.322379251010716,0.09723568055778742,35.81542344414629,"[15972947, 15872947, 15772947, 15672947, 15072947, 15172947, 15372947, 15272947, 15472947, 15572947]","[14, 14, 14, 14, 14, 14, 14, 14, 14, 14]"
172,7,"[3, 4, 9, 11, 14, 17]",6,4.332222420722246,0.10014679376035929,35.78905472392216,"[15652745, 15752745, 15452745, 15552745, 15352745, 15252745, 15052745, 15152745, 15852745, 15952745]","[3, 3, 3, 3, 3, 3, 3, 3, 3, 3]"
173,7,"[6, 8, 11, 13, 15, 18, 22]",7,4.924482378177345,0.11325439438223839,36.79756342000993,"[15839893, 15739893, 15639893, 15239893, 15439893, 15139893, 15039893, 15339893, 15939893, 15539893]","[13, 13, 13, 13, 13, 13, 13, 13, 13, 13]"
174,7,"[1, 3, 6, 7, 16, 18, 21]",7,4.912129207514226,0.1079772524535656,34.94172623593892,"[15678722, 15778722, 15078722, 15178722, 15278722, 15378722, 15878722, 15978722, 15478722, 15578722]","[16, 16, 16, 16, 16, 16, 16, 16, 16, 16]"
175,7,"[0, 1, 3, 10, 15, 18, 21]",7,4.8818640653043985,0.11870064213871956,35.15566438336724,"[15037404, 15537404, 15637404, 15737404, 15437404, 15337404, 15837404, 15937404, 15237404, 15137404]","[1, 1, 1, 1, 1, 1, 1, 1, 1, 1]"
176,7,"[0, 3, 6, 9, 15, 22]",6,4.298133754171431,0.09767834655940533,36.694329539391525,"[15169883, 15069883, 15769883, 15669883, 15569883, 15469883, 15369883, 15269883, 15969883, 15869883]","[15, 15, 15, 15, 15, 15, 15, 15, 15, 15]"
177,7,"[4, 8, 12, 14, 16, 18]",6,4.182089335285127,0.10062213242053986,35.074261841752254,"[15223253, 15323253, 15423253, 15523253, 15123253, 15023253, 15823253, 15923253, 15623253, 15723253]","[8, 8, 8, 8, 8, 8, 8, 8, 8, 8]"
178,7,"[2, 9, 13, 18, 21, 22]",6,4.366720665246248,0.09776765946298838,38.372720849545054,"[15712928, 15612928, 15012928, 15112928, 15212928, 15312928, 15912928, 15812928, 15412928, 15512928]","[2, 2, 2, 2, 2, 2, 2, 2, 2, 2]"
179,7,"[0, 8, 12, 14, 18, 22]",6,4.143694122321904,0.101212278008461,36.31656956354467,"[15017042, 15117042, 15417042, 15517042, 15917042, 15817042, 15717042, 15617042, 15217042, 15317042]","[0, 0, 0, 0, 0, 0, 0, 0, 0, 0]"
180,7,"[0, 11, 12, 13, 14, 18, 22]",7,4.926173048093915,0.11221134662628174,36.98169327693592,"[15236121, 15336121, 15836121, 15536121, 15436121, 15936121, 15636121, 15136121, 15036121, 15736121]","[22, 22, 22, 22, 22, 22, 22, 22, 22, 22]"
181,7,"[4, 12, 16, 18, 19, 22]",6,4.353673312813044,0.10467429552227259,38.25734502876488,"[15668703, 15768703, 15168703, 15068703, 15268703, 15368703, 15568703, 15468703, 15968703, 15868703]","[18, 18, 18, 18, 18, 18, 18, 18, 18, 18]"
182,7,"[0, 1, 3, 11, 14, 18, 24]",7,5.079331970773637,0.11791395302861929,35.33107588972364,"[15808547, 15908547, 15008547, 15108547, 15408547, 15508547, 15608547, 15708547, 15208547, 15308547]","[3, 3, 3, 3, 3, 3, 3, 3, 3, 3]"
183,7,"[6, 7, 11, 14, 18, 22]",6,4.173637120984495,0.09680347051471472,35.97142925338509,"[15513053, 15413053, 15913053, 15813053, 15113053, 15013053, 15613053, 15713053, 15213053, 15313053]","[11, 11, 11, 11, 11, 11, 11, 11, 11, 11]"
184,7,"[0, 2, 3, 4, 7, 13, 24]",7,4.90982049703598,0.11119806114584208,33.42010466415169,"[15156786, 15056786, 15756786, 15656786, 15556786, 15456786, 15356786, 15256786, 15956786, 15856786]","[0, 0, 0, 0, 0, 0, 0, 0, 0, 0]"
185,7,"[0, 1, 3, 6, 12, 13, 22]",7,4.950737006030977,0.11220147460699081,35.90317734816511,"[15135027, 15035027, 15735027, 15635027, 15535027, 15435027, 15835027, 15935027, 15335027, 15235027]","[0, 0, 0, 0, 0, 0, 0, 0, 0, 0]"
186,7,"[5, 10, 13, 16, 18, 22]",6,4.291479480452836,0.09723952505737543,38.1006883343216,"[15172303, 15072303, 15872303, 15972303, 15472303, 15572303, 15372303, 15272303, 15672303, 15772303]","[16, 16, 16, 16, 16, 16, 16, 16, 16, 16]"
187,7,"[3, 7, 16, 20, 21, 22]",6,4.249336624518037,0.09433434158563614,38.27483785889732,"[15534924, 15434924, 15934924, 15834924, 15134924, 15034924, 15234924, 15334924, 15734924, 15634924]","[16, 16, 16, 16, 16, 16, 16, 16, 16, 16]"
188,7,"[0, 4, 10, 14, 18, 20, 21]",7,4.738196684978902,0.10698115546256304,34.83076377226306,"[15506275, 15406275, 15806275, 15906275, 15206275, 15306275, 15006275, 15106275, 15606275, 15706275]","[4, 4, 4, 4, 4, 4, 4, 4, 4, 4]"
189,7,"[1, 3, 11, 14, 17, 18]",6,4.320965092629194,0.09767422080039978,35.84197773543807,"[15746438, 15646438, 15446438, 15546438, 15146438, 15046438, 15846438, 15946438, 15246438, 15346438]","[3, 3, 3, 3, 3, 3, 3, 3, 3, 3]"
190,7,"[1, 6, 10, 12, 18]",5,3.5142829343676567,0.08311929740011692,34.59443490123376,"[15227399, 15327399, 15427399, 15527399, 15127399, 15027399, 15827399, 15927399, 15627399, 15727399]","[6, 6, 6, 6, 6, 6, 6, 6, 6, 6]"
191,7,"[2, 3, 5, 12, 13, 18, 22]",7,5.021852629259229,0.11142559349536896,37.010400383799734,"[15275881, 15375881, 15875881, 15975881, 15575881, 15475881, 15075881, 15175881, 15775881, 15675881]","[22, 22, 22, 22, 22, 22, 22, 22, 22, 22]"
192,7,"[1, 2, 3, 16, 18, 21]",6,4.393138637766242,0.09571794234216213,36.1667376953798,"[17270123, 17370123, 16870123, 16970123, 16670123, 16770123, 17570123, 17470123, 17070123, 17170123]","[3, 3, 3, 3, 3, 3, 3, 3, 3, 3]"
193,7,"[5, 14, 18, 22, 24]",5,3.627207358367741,0.08141683228313923,37.70610731402412,"[15154604, 15054604, 15854604, 15954604, 15454604, 15554604, 15654604, 15754604, 15254604, 15354604]","[22, 22, 22, 22, 22, 22, 22, 22, 22, 22]"
194,7,"[2, 6, 10, 20, 21]",5,3.542697590775788,0.0795704647898674,35.34682869659737,"[15512732, 15412732, 15912732, 15812732, 15112732, 15012732, 15212732, 15312732, 15712732, 15612732]","[10, 10, 10, 10, 10, 10, 10, 10, 10, 10]"
195,7,"[0, 4, 6, 14, 18, 20, 22]",7,4.8085536966100335,0.11327900271862745,35.362032554378466,"[15135027, 15035027, 15235027, 15335027, 15535027, 15435027, 15835027, 15935027, 15635027, 15735027]","[0, 0, 0, 0, 0, 0, 0, 0, 0, 0]"
196,7,"[2, 3, 5, 11, 14, 17, 18]",7,5.065717685036361,0.11518902983516455,35.31079316392009,"[15036340, 15536340, 15636340, 15736340, 15436340, 15336340, 15836340, 15936340, 15136340, 15236340]","[17, 17, 17, 17, 17, 17, 17, 17, 17, 17]"
197,7,"[7, 10, 12, 15, 18, 19, 20]",7,4.926515305414796,0.11717682611197233,36.120102300375166,"[15904627, 15804627, 15704627, 15604627, 15104627, 15004627, 15304627, 15204627, 15404627, 15504627]","[19, 19, 19, 19, 19, 19, 19, 19, 19, 19]"
198,7,"[0, 1, 3, 4, 11, 18]",6,4.282394922338426,0.09812357928603888,33.89346429759947,"[15111258, 15011258, 15811258, 15911258, 15411258, 15511258, 15611258, 15711258, 15211258, 15311258]","[4, 4, 4, 4, 4, 4, 4, 4, 4, 4]"
199,7,"[0, 1, 2, 3, 6, 18, 22]",7,5.007705546915531,0.11523713357746601,35.327827845833134,"[15915973, 15815973, 15215973, 15315973, 15415973, 15515973, 15015973, 15115973, 15715973, 15615973]","[1, 1, 1, 1, 1, 1, 1, 1, 1, 1]"
200,7,"[4, 9, 13, 16, 17, 20]",6,4.372839855030179,0.10585018247365952,36.6808076701127,"[15660381, 15760381, 15160381, 15060381, 15260381, 15360381, 15560381, 15460381, 15960381, 15860381]","[16, 16, 16, 16, 16, 16, 16, 16, 16, 16]"
201,7,"[10, 13, 14, 18, 19, 21, 22]",7,4.988792723044753,0.10961908474564552,38.65794677180903,"[15929685, 15829685, 15129685, 15329685, 15229685, 15029685, 15529685, 15629685, 15729685, 15429685]","[22, 22, 22, 22, 22, 22, 22, 22, 22, 22]"
202,7,"[0, 1, 5, 10, 13, 14]",6,4.089227601885796,0.09365386422723532,33.74630034443302,"[15397551, 15297551, 15697551, 15797551, 15597551, 15497551, 15097551, 15197551, 15897551, 15997551]","[14, 14, 14, 14, 14, 14, 14, 14, 14, 14]"
203,7,"[0, 3, 7, 15, 17, 22]",6,4.108845106326044,0.09680275060236454,35.71203484944999,"[15180230, 15080230, 15880230, 15980230, 15480230, 15580230, 15680230, 15780230, 15280230, 15380230]","[15, 15, 15, 15, 15, 15, 15, 15, 15, 15]"
204,7,"[4, 13, 14, 18, 20, 22]",6,4.141180342063308,0.0984616819769144,37.25423755248388,"[15117974, 15017974, 15217974, 15317974, 15517974, 15417974, 15717974, 15617974, 15917974, 15817974]","[20, 20, 20, 20, 20, 20, 20, 20, 20, 20]"
205,7,"[3, 14, 17, 18, 22]",5,3.576794283464551,0.08015474770218134,38.448035553190856,"[15157433, 15057433, 15757433, 15657433, 15557433, 15457433, 15957433, 15857433, 15357433, 15257433]","[3, 3, 3, 3, 3, 3, 3, 3, 3, 3]"
206,7,"[1, 3, 4, 5, 12, 16, 17]",7,4.970646917819977,0.11101742647588253,34.7356867200828,"[15793353, 15693353, 15593353, 15493353, 15393353, 15293353, 15193353, 15093353, 15993353, 15893353]","[4, 4, 4, 4, 4, 4, 4, 4, 4, 4]"
207,7,"[1, 3, 4, 12, 18, 22]",6,4.271831579506397,0.0993721978738904,36.52516549375529,"[15341375, 15241375, 15641375, 15741375, 15541375, 15441375, 15041375, 15141375, 15841375, 15941375]","[22, 22, 22, 22, 22, 22, 22, 22, 22, 22]"
208,7,"[0, 3, 7, 14, 17, 24]",6,4.171963295899332,0.0915761711075902,34.300885037907086,"[15357588, 15257588, 15057588, 15157588, 15657588, 15757588, 15957588, 15857588, 15457588, 15557588]","[7, 7, 7, 7, 7, 7, 7, 7, 7, 7]"
209,7,"[3, 4, 12, 13, 14, 15]",6,4.17655208427459,0.10487189423292875,35.107797634244584,"[15535026, 15435026, 15935026, 15835026, 15135026, 15035026, 15235026, 15335026, 15735026, 15635026]","[12, 12, 12, 12, 12, 12, 12, 12, 12, 12]"
210,7,"[6, 14, 16, 18, 22]",5,3.545675409026444,0.08267214335501194,37.89233739478514,"[15780820, 15680820, 15580820, 15480820, 15080820, 15180820, 15880820, 15980820, 15280820, 15380820]","[22, 22, 22, 22, 22, 22, 22, 22, 22, 22]"
211,7,"[0, 1, 3, 5, 10, 18, 19]",7,5.092568679712713,0.11323428712785244,35.12466626042234,"[15681794, 15581794, 15481794, 15981794, 15181794, 15281794, 15381794, 15881794, 15781794, 15081794]","[10, 10, 10, 10, 10, 10, 10, 10, 10, 10]"
212,7,"[0, 3, 11, 14, 17, 18]",6,4.30360394064337,0.09459524974226952,35.44418780847142,"[15212803, 15312803, 15412803, 15512803, 15612803, 15712803, 15012803, 15112803, 15812803, 15912803]","[0, 0, 0, 0, 0, 0, 0, 0, 0, 0]"
213,7,"[1, 2, 4, 5, 14, 21]",6,4.129011423327029,0.10027969535440207,33.11188205269476,"[15811691, 15911691, 15411691, 15511691, 15011691, 15111691, 15611691, 15711691, 15311691, 15211691]","[21, 21, 21, 21, 21, 21, 21, 21, 21, 21]"
214,7,"[3, 7, 11, 16, 22, 23]",6,4.335126273334026,0.10068246442824602,37.796078600222245,"[15638210, 15738210, 15438210, 15538210, 15338210, 15238210, 15838210, 15938210, 15038210, 15138210]","[22, 22, 22, 22, 22, 22, 22, 22, 22, 22]"
215,7,"[0, 1, 2, 3, 16, 18]",6,4.307437093928456,0.1013232646510005,34.84688787441701,"[15196954, 15096954, 15796954, 15696954, 15596954, 15496954, 15996954, 15896954, 15396954, 15296954]","[0, 0, 0, 0, 0, 0, 0, 0, 0, 0]"
216,7,"[1, 3, 6, 14, 18]",5,3.584703067317605,0.08559477981179953,34.63904096763581,"[15411511, 15511511, 15811511, 15911511, 15011511, 15111511, 15611511, 15711511, 15311511, 15211511]","[3, 3, 3, 3, 3, 3, 3, 3, 3, 3]"
217,7,"[3, 7, 9, 15, 16, 18]",6,4.315268689766526,0.09921541530638933,36.28717903684204,"[15122538, 15022538, 15722538, 15622538, 15522538, 15422538, 15322538, 15222538, 15922538, 15822538]","[16, 16, 16, 16, 16, 16, 16, 16, 16, 16]"
218,7,"[1, 4, 6, 9, 13, 16, 18]",7,4.9779959581792355,0.11131107434630394,35.11857587790915,"[15863517, 15963517, 15263517, 15363517, 15463517, 15563517, 15063517, 15163517, 15663517, 15763517]","[16, 16, 16, 16, 16, 16, 16, 16, 16, 16]"
219,7,"[2, 6, 9, 13, 18, 24]",6,4.3728478299453855,0.09790102113038301,35.89444956540441,"[15791707, 15691707, 15391707, 15291707, 15591707, 15491707, 15091707, 15191707, 15891707, 15991707]","[24, 24, 24, 24, 24, 24, 24, 24, 24, 24]"
220,7,"[1, 3, 13, 14, 20, 22]",6,4.2975235460326076,0.09967792965471745,37.93511636710415,"[15529832, 15429832, 15929832, 15829832, 15129832, 15029832, 15629832, 15729832, 15229832, 15329832]","[13, 13, 13, 13, 13, 13, 13, 13, 13, 13]"
221,7,"[0, 3, 4, 5, 6, 18]",6,4.1378501346334815,0.09617626760154963,32.826090319392584,"[15157756, 15057756, 15857756, 15957756, 15457756, 15557756, 15357756, 15257756, 15657756, 15757756]","[5, 5, 5, 5, 5, 5, 5, 5, 5, 5]"
222,7,"[0, 1, 4, 7, 8, 18]",6,3.9467318914830685,0.09023695159703493,31.739701103807118,"[15521486, 15421486, 15921486, 15821486, 15121486, 15021486, 15621486, 15721486, 15221486, 15321486]","[4, 4, 4, 4, 4, 4, 4, 4, 4, 4]"
223,7,"[0, 1, 4, 9, 11, 24]",6,4.314271429553628,0.09728199988603592,34.38628320558928,"[15061489, 15161489, 15461489, 15561489, 15961489, 15861489, 15261489, 15361489, 15761489, 15661489]","[11, 11, 11, 11, 11, 11, 11, 11, 11, 11]"
224,7,"[0, 2, 5, 7, 14, 16, 21]",7,4.694701777771115,0.10738744121044874,33.653235661930275,"[15692930, 15992930, 15292930, 15392930, 15892930, 15092930, 15492930, 15592930, 15192930, 15792930]","[2, 2, 2, 2, 2, 2, 2, 2, 2, 2]"
225,7,"[7, 9, 10, 12, 14, 18, 19]",7,4.979477529413998,0.11500521376729012,36.208438627421856,"[15124167, 15024167, 15624167, 15724167, 15824167, 15924167, 15524167, 15424167, 15324167, 15224167]","[19, 19, 19, 19, 19, 19, 19, 19, 19, 19]"
226,7,"[0, 5, 7, 15, 16, 20, 22]",7,4.805966153740883,0.11370102968066931,35.80986579680549,"[15581522, 15481522, 15681522, 15781522, 15181522, 15081522, 15881522, 15981522, 15381522, 15281522]","[15, 15, 15, 15, 15, 15, 15, 15, 15, 15]"
227,7,"[0, 2, 3, 4, 19, 20, 22]",7,5.022972021251917,0.11392405349761248,36.54333576426974,"[15315810, 15215810, 15015810, 15115810, 15615810, 15715810, 15815810, 15915810, 15415810, 15515810]","[19, 19, 19, 19, 19, 19, 19, 19, 19, 19]"
228,7,"[3, 4, 9, 14, 15, 23]",6,4.232250429689884,0.10337140411138535,35.491292633116245,"[15426770, 15526770, 15226770, 15326770, 15626770, 15726770, 15126770, 15026770, 15926770, 15826770]","[4, 4, 4, 4, 4, 4, 4, 4, 4, 4]"
229,7,"[3, 4, 5, 9, 16, 17]",6,4.414997559040785,0.10660038329660892,35.67515246321758,"[15119347, 15019347, 15819347, 15919347, 15419347, 15519347, 15319347, 15219347, 15619347, 15719347]","[9, 9, 9, 9, 9, 9, 9, 9, 9, 9]"
230,7,"[2, 4, 9, 18, 22, 24]",6,4.414172508753836,0.1062310729175806,37.16136528598145,"[15131544, 15031544, 15831544, 15931544, 15431544, 15531544, 15331544, 15231544, 15631544, 15731544]","[18, 18, 18, 18, 18, 18, 18, 18, 18, 18]"
231,7,"[0, 1, 3, 6, 16, 18]",6,4.294264803640544,0.09709788952022791,34.63542825511346,"[15346438, 15246438, 15046438, 15146438, 15646438, 15746438, 15946438, 15846438, 15446438, 15546438]","[3, 3, 3, 3, 3, 3, 3, 3, 3, 3]"
232,7,"[0, 2, 5, 7, 13, 16, 22]",7,4.833617610856891,0.11050145514309406,35.232415864310624,"[15476153, 15576153, 15376153, 15276153, 15076153, 15176153, 15976153, 15876153, 15776153, 15676153]","[7, 7, 7, 7, 7, 7, 7, 7, 7, 7]"
233,7,"[0, 3, 4, 6, 11, 20, 22]",7,4.986780763603747,0.12247060798108578,35.85489674085485,"[15279703, 15379703, 15879703, 15479703, 15679703, 15779703, 15079703, 15179703, 15579703, 15979703]","[22, 22, 22, 22, 22, 22, 22, 22, 22, 22]"
234,7,"[0, 4, 5, 12, 17, 18, 24]",7,4.85826750099659,0.10976915247738361,34.019035316271975,"[15612028, 15712028, 15512028, 15412028, 15312028, 15212028, 15012028, 15112028, 15912028, 15812028]","[17, 17, 17, 17, 17, 17, 17, 17, 17, 17]"
235,7,"[0, 1, 10, 17, 18, 24]",6,4.260636403225362,0.09376443177461624,34.91682273025314,"[15187154, 15087154, 15787154, 15687154, 15587154, 15487154, 15987154, 15887154, 15387154, 15287154]","[0, 0, 0, 0, 0, 0, 0, 0, 0, 0]"
236,7,"[2, 3, 11, 15, 18, 22]",6,4.350510625168681,0.09996976982802153,37.70873054722324,"[15795114, 15695114, 15495114, 15595114, 15195114, 15095114, 15895114, 15995114, 15295114, 15395114]","[3, 3, 3, 3, 3, 3, 3, 3, 3, 3]"
237,7,"[4, 5, 7, 12, 14, 17]",6,3.990347313694656,0.09350004978477955,32.84540305643653,"[15933886, 15833886, 15733886, 15633886, 15033886, 15133886, 15333886, 15233886, 15433886, 15533886]","[7, 7, 7, 7, 7, 7, 7, 7, 7, 7]"
238,7,"[0, 1, 4, 10, 13, 18, 20]",7,4.815513163805008,0.11614029947668314,34.34601779727797,"[15731386, 15631386, 15531386, 15431386, 15031386, 15131386, 15331386, 15231386, 15931386, 15831386]","[0, 0, 0, 0, 0, 0, 0, 0, 0, 0]"
239,7,"[0, 2, 3, 4, 12, 16, 17]",7,4.916609569452703,0.11076969280838966,34.50114800767707,"[15151157, 15051157, 15751157, 15651157, 15551157, 15451157, 15851157, 15951157, 15251157, 15351157]","[0, 0, 0, 0, 0, 0, 0, 0, 0, 0]"
240,7,"[3, 7, 12, 13, 14, 22, 24]",7,4.972993695177138,0.11066120397299528,37.156723785613266,"[15313476, 15213476, 15113476, 15013476, 15913476, 15813476, 15413476, 15513476, 15613476, 15713476]","[7, 7, 7, 7, 7, 7, 7, 7, 7, 7]"
241,7,"[1, 8, 9, 11, 16, 19]",6,4.4931521862745285,0.10100364778190851,37.136386162679024,"[15195258, 15095258, 15895258, 15995258, 15495258, 15595258, 15395258, 15295258, 15695258, 15795258]","[11, 11, 11, 11, 11, 11, 11, 11, 11, 11]"
242,7,"[0, 1, 2, 3, 11, 12, 14]",7,4.993640071712434,0.11475411616265774,34.43259160573195,"[15168615, 15068615, 15468615, 15568615, 15968615, 15868615, 15768615, 15668615, 15268615, 15368615]","[3, 3, 3, 3, 3, 3, 3, 3, 3, 3]"
243,7,"[0, 5, 7, 11, 15, 18, 24]",7,4.881120811216533,0.10850755497813225,33.98538092137979,"[15784887, 15684887, 15484887, 15584887, 15384887, 15284887, 15084887, 15184887, 15984887, 15884887]","[15, 15, 15, 15, 15, 15, 15, 15, 15, 15]"
244,7,"[1, 2, 4, 10, 18, 22, 24]",7,5.052089559845626,0.1233682120218873,36.04734915248783,"[15347368, 15447368, 15547368, 15647368, 15247368, 15147368, 15047368, 15747368, 15847368, 15947368]","[4, 4, 4, 4, 4, 4, 4, 4, 4, 4]"
245,7,"[3, 4, 10, 11, 12, 23]",6,4.338802030310035,0.09757276810705662,35.58335917900937,"[15149483, 15049483, 15249483, 15349483, 15549483, 15449483, 15949483, 15849483, 15749483, 15649483]","[3, 3, 3, 3, 3, 3, 3, 3, 3, 3]"
246,7,"[0, 3, 6, 14, 17, 18, 22]",7,4.952711659483612,0.11129413079470396,36.19601731055549,"[15558575, 15458575, 15758575, 15658575, 15058575, 15158575, 15258575, 15358575, 15958575, 15858575]","[22, 22, 22, 22, 22, 22, 22, 22, 22, 22]"
247,7,"[3, 5, 6, 18, 20, 22]",6,4.386868106201291,0.10019860789179802,37.18621683314753,"[15379703, 15279703, 15679703, 15779703, 15579703, 15479703, 15079703, 15179703, 15879703, 15979703]","[22, 22, 22, 22, 22, 22, 22, 22, 22, 22]"
248,7,"[5, 9, 12, 18, 21]",5,3.6116701997816563,0.0806664889678359,36.380095935985445,"[15718101, 15618101, 15418101, 15518101, 15118101, 15018101, 15818101, 15918101, 15218101, 15318101]","[9, 9, 9, 9, 9, 9, 9, 9, 9, 9]"
249,7,"[0, 1, 3, 9, 18]",5,3.6497628251090646,0.08245059102773666,35.225654013082384,"[17570123, 17470123, 17370123, 17270123, 16670123, 16770123, 16970123, 16870123, 17070123, 17170123]","[3, 3, 3, 3, 3, 3, 3, 3, 3, 3]"
250,7,"[0, 1, 2, 6, 7, 22, 24]",7,4.852752252481878,0.11334418691694736,34.251492934700636,"[15181710, 15081710, 15881710, 15981710, 15481710, 15581710, 15681710, 15781710, 15281710, 15381710]","[24, 24, 24, 24, 24, 24, 24, 24, 24, 24]"
251,7,"[3, 4, 16, 18, 21, 23]",6,4.2384401094168425,0.0944277485832572,36.30426606931724,"[15110264, 15010264, 15810264, 15910264, 15410264, 15510264, 15610264, 15710264, 15210264, 15310264]","[18, 18, 18, 18, 18, 18, 18, 18, 18, 18]"
252,7,"[0, 1, 13, 18, 22]",5,3.4683926794677973,0.08482697140425444,36.52978610116988,"[15135027, 15035027, 15235027, 15335027, 15535027, 15435027, 15935027, 15835027, 15735027, 15635027]","[0, 0, 0, 0, 0, 0, 0, 0, 0, 0]"
253,7,"[0, 9, 14, 18, 19, 20, 22]",7,4.986306447535753,0.11370419804006815,38.15529963367486,"[15029400, 15129400, 15529400, 15429400, 15829400, 15929400, 15329400, 15229400, 15629400, 15729400]","[20, 20, 20, 20, 20, 20, 20, 20, 20, 20]"
254,7,"[1, 2, 3, 11, 14, 19, 22]",7,5.105778922326863,0.11987512093037367,37.493813588283956,"[15662344, 15762344, 15162344, 15062344, 15262344, 15362344, 15562344, 15462344, 15962344, 15862344]","[22, 22, 22, 22, 22, 22, 22, 22, 22, 22]"
255,7,"[2, 5, 9, 10, 16, 18, 23]",7,5.011976893059909,0.11357330158352852,36.14134223772479,"[15072442, 15572442, 15672442, 15772442, 15472442, 15372442, 15872442, 15972442, 15272442, 15172442]","[5, 5, 5, 5, 5, 5, 5, 5, 5, 5]"
256,7,"[4, 5, 16, 17, 18, 24]",6,4.323431281372905,0.10008221585303545,35.3036866717351,"[15520017, 15420017, 15920017, 15820017, 15120017, 15020017, 15220017, 15320017, 15720017, 15620017]","[16, 16, 16, 16, 16, 16, 16, 16, 16, 16]"
257,7,"[0, 2, 14, 16, 18, 20, 22]",7,4.940987275913358,0.11168832518160343,37.0329524686427,"[15058552, 15158552, 15458552, 15558552, 15958552, 15858552, 15658552, 15758552, 15258552, 15358552]","[2, 2, 2, 2, 2, 2, 2, 2, 2, 2]"
258,7,"[8, 12, 16, 18, 21, 22]",6,4.293457278050482,0.0998818688094616,38.431201923483364,"[15102250, 15002250, 15702250, 15602250, 15502250, 15402250, 15302250, 15202250, 15902250, 15802250]","[21, 21, 21, 21, 21, 21, 21, 21, 21, 21]"
259,7,"[0, 14, 16, 18, 21, 24]",6,4.264862165786326,0.09792158007621765,36.23495293299978,"[15245859, 15345859, 15545859, 15445859, 15945859, 15845859, 15145859, 15045859, 15645859, 15745859]","[24, 24, 24, 24, 24, 24, 24, 24, 24, 24]"
260,7,"[0, 1, 3, 4, 12, 24]",6,4.317268402315676,0.09835940599441528,33.97595170481751,"[15587226, 15487226, 15987226, 15887226, 15187226, 15087226, 15287226, 15387226, 15787226, 15687226]","[3, 3, 3, 3, 3, 3, 3, 3, 3, 3]"
261,7,"[1, 3, 4, 9]",4,2.9599305000156164,0.06916249264031649,34.71144963428378,"[15157968, 15057968, 15857968, 15957968, 15457968, 15557968, 15657968, 15757968, 15257968, 15357968]","[9, 9, 9, 9, 9, 9, 9, 9, 9, 9]"
262,7,"[1, 14, 15, 16, 18, 21, 22]",7,4.9159812815487385,0.11710108444094658,37.60676561888041,"[15758488, 15358488, 15558488, 15458488, 15258488, 15858488, 15158488, 15058488, 15958488, 15658488]","[14, 14, 14, 14, 14, 14, 14, 14, 14, 14]"
263,7,"[0, 1, 3, 9, 18, 23]",6,4.313945802859962,0.09354674909263849,35.40264402360966,"[15139513, 15039513, 15739513, 15639513, 15539513, 15439513, 15339513, 15239513, 15939513, 15839513]","[18, 18, 18, 18, 18, 18, 18, 18, 18, 18]"
264,7,"[2, 5, 14, 15, 18, 20, 22]",7,4.908470280468464,0.1177188353613019,36.64316161109933,"[15176335, 15076335, 15776335, 15676335, 15876335, 15976335, 15476335, 15576335, 15276335, 15376335]","[14, 14, 14, 14, 14, 14, 14, 14, 14, 14]"
265,7,"[1, 3, 9, 16, 18]",5,3.7602499974891543,0.08818728011101484,37.20645982874557,"[15663517, 15763517, 15163517, 15063517, 15263517, 15363517, 15563517, 15463517, 15963517, 15863517]","[16, 16, 16, 16, 16, 16, 16, 16, 16, 16]"
266,7,"[0, 3, 9, 14, 16, 19, 22]",7,5.100496468134224,0.1171184852719307,38.480446222969995,"[15168365, 15068365, 15768365, 15668365, 15568365, 15468365, 15368365, 15268365, 15868365, 15968365]","[3, 3, 3, 3, 3, 3, 3, 3, 3, 3]"
267,7,"[0, 1, 3, 14, 16, 18]",6,4.219320936128497,0.09973716083914042,35.25221648074997,"[15135027, 15035027, 15735027, 15635027, 15535027, 15435027, 15935027, 15835027, 15335027, 15235027]","[0, 0, 0, 0, 0, 0, 0, 0, 0, 0]"
268,7,"[1, 14, 16, 17, 23]",5,3.480829047039151,0.08022570516914129,35.82809371445328,"[15177027, 15077027, 15777027, 15677027, 15577027, 15477027, 15377027, 15277027, 15977027, 15877027]","[23, 23, 23, 23, 23, 23, 23, 23, 23, 23]"
269,7,"[0, 1, 4, 9, 18, 21, 24]",7,4.94184744823724,0.11393946502357721,34.79787352175585,"[15595345, 15495345, 15895345, 15995345, 15695345, 15795345, 15395345, 15295345, 15095345, 15195345]","[1, 1, 1, 1, 1, 1, 1, 1, 1, 1]"
270,7,"[5, 9, 12, 18, 19, 23]",6,4.318939005956054,0.09192144125699997,36.87163211801089,"[15289883, 15389883, 15589883, 15489883, 15989883, 15889883, 15189883, 15089883, 15689883, 15789883]","[23, 23, 23, 23, 23, 23, 23, 23, 23, 23]"
271,7,"[1, 5, 15, 18, 21]",5,3.447893458418548,0.07404150255024433,34.726965664047746,"[15621844, 15721844, 15421844, 15521844, 15321844, 15221844, 15821844, 15921844, 15021844, 15121844]","[21, 21, 21, 21, 21, 21, 21, 21, 21, 21]"
272,7,"[1, 5, 6, 16, 18, 19, 22]",7,5.046110898256302,0.1152961291372776,37.04709187396137,"[15136567, 15036567, 15736567, 15636567, 15536567, 15436567, 15836567, 15936567, 15336567, 15236567]","[5, 5, 5, 5, 5, 5, 5, 5, 5, 5]"
273,7,"[0, 5, 9, 12, 18]",5,3.5388131327927113,0.08227518014609814,34.79627615083009,"[15121812, 15021812, 15821812, 15921812, 15421812, 15521812, 15621812, 15721812, 15221812, 15321812]","[12, 12, 12, 12, 12, 12, 12, 12, 12, 12]"
274,7,"[0, 9, 14, 16, 17, 18]",6,4.261752693913877,0.09993121773004532,36.096104479627684,"[15190489, 15090489, 15790489, 15690489, 15590489, 15490489, 15390489, 15290489, 15990489, 15890489]","[17, 17, 17, 17, 17, 17, 17, 17, 17, 17]"
275,7,"[0, 3, 14, 15, 16, 18, 22]",7,4.961746794171631,0.11524383816868067,37.28950728981623,"[15178721, 15078721, 15478721, 15978721, 15878721, 15578721, 15278721, 15778721, 15678721, 15378721]","[22, 22, 22, 22, 22, 22, 22, 22, 22, 22]"
276,7,"[1, 4, 12, 16, 18, 23]",6,4.207121583633125,0.09966747090220451,35.095782278493665,"[15320702, 15220702, 15620702, 15720702, 15520702, 15420702, 15020702, 15120702, 15820702, 15920702]","[23, 23, 23, 23, 23, 23, 23, 23, 23, 23]"
277,7,"[8, 9, 12, 14, 16, 22]",6,4.3520727455616,0.10281448811292648,38.399383426333465,"[15782286, 15682286, 15482286, 15582286, 15182286, 15082286, 15882286, 15982286, 15282286, 15382286]","[9, 9, 9, 9, 9, 9, 9, 9, 9, 9]"
278,7,"[2, 5, 9, 15, 16, 22]",6,4.380290254019201,0.1011433582752943,37.53535457964366,"[15189088, 15089088, 15889088, 15989088, 15489088, 15589088, 15689088, 15789088, 15289088, 15389088]","[15, 15, 15, 15, 15, 15, 15, 15, 15, 15]"
279,7,"[4, 5, 17, 22, 23, 24]",6,4.286897724494338,0.0997763630002737,36.38018148485571,"[15306062, 15206062, 15606062, 15706062, 15506062, 15406062, 15006062, 15106062, 15806062, 15906062]","[24, 24, 24, 24, 24, 24, 24, 24, 24, 24]"
280,7,"[0, 1, 3, 4, 12, 14]",6,4.150286077521741,0.09639039635658264,33.42365908995271,"[15538341, 15438341, 15938341, 15838341, 15138341, 15038341, 15238341, 15338341, 15738341, 15638341]","[3, 3, 3, 3, 3, 3, 3, 3, 3, 3]"
281,7,"[3, 6, 7, 14, 17, 19]",6,4.27402981184423,0.09762127883732319,34.95860717701726,"[15561160, 15461160, 15961160, 15861160, 15161160, 15061160, 15261160, 15361160, 15761160, 15661160]","[7, 7, 7, 7, 7, 7, 7, 7, 7, 7]"
282,7,"[3, 5, 13, 16, 17, 19, 20]",7,5.1502160197123885,0.11014774534851313,37.42262945942847,"[15575073, 15475073, 15975073, 15875073, 15075073, 15175073, 15275073, 15375073, 15675073, 15775073]","[19, 19, 19, 19, 19, 19, 19, 19, 19, 19]"
283,7,"[1, 2, 7, 12, 16, 18]",6,4.164617951959372,0.09697812236845493,34.39575493366768,"[15868703, 15968703, 15568703, 15468703, 15368703, 15268703, 15768703, 15668703, 15168703, 15068703]","[18, 18, 18, 18, 18, 18, 18, 18, 18, 18]"
284,7,"[4, 7, 8, 11, 18, 22]",6,4.110006622038782,0.0930490717291832,35.382698715664446,"[15111258, 15011258, 15711258, 15611258, 15511258, 15411258, 15911258, 15811258, 15311258, 15211258]","[4, 4, 4, 4, 4, 4, 4, 4, 4, 4]"
285,7,"[0, 2, 3, 4, 18]",5,3.464587668888271,0.07967318873852491,33.28364730840549,"[15135027, 15035027, 15735027, 15635027, 15535027, 15435027, 15935027, 15835027, 15335027, 15235027]","[0, 0, 0, 0, 0, 0, 0, 0, 0, 0]"
286,7,"[1, 4, 5, 9, 19, 20, 22]",7,5.044650239869952,0.11679244693368673,36.98044210213369,"[15378330, 15278330, 15678330, 15878330, 15578330, 15478330, 15178330, 15078330, 15978330, 15778330]","[22, 22, 22, 22, 22, 22, 22, 22, 22, 22]"
287,7,"[5, 11, 18, 20, 23, 24]",6,4.334947892464697,0.09484451729804277,36.51032668359888,"[15411502, 15511502, 15211502, 15311502, 15611502, 15711502, 15111502, 15011502, 15911502, 15811502]","[11, 11, 11, 11, 11, 11, 11, 11, 11, 11]"
288,7,"[5, 10, 12, 14, 16, 18, 22]",7,4.952453495003283,0.10773616377264261,37.52573553266536,"[15367140, 15267140, 15767140, 15667140, 15167140, 15067140, 15467140, 15567140, 15867140, 15967140]","[16, 16, 16, 16, 16, 16, 16, 16, 16, 16]"
289,7,"[0, 1, 13, 14, 16, 21, 22]",7,4.895682001486421,0.11849717050790787,36.91351168682532,"[16857159, 16957159, 17457159, 17157159, 17057159, 17557159, 17257159, 16757159, 16657159, 17357159]","[22, 22, 22, 22, 22, 22, 22, 22, 22, 22]"
290,7,"[3, 5, 8, 10, 11, 17, 21]",7,5.115009107626975,0.11451269593089819,35.791122880897355,"[15808547, 15908547, 15408547, 15508547, 15608547, 15708547, 15008547, 15108547, 15208547, 15308547]","[3, 3, 3, 3, 3, 3, 3, 3, 3, 3]"
291,7,"[3, 4, 10, 16, 18, 20, 21]",7,5.08344523049891,0.11946413945406675,36.66701026054631,"[15195680, 15095680, 15895680, 15995680, 15595680, 15495680, 15295680, 15395680, 15795680, 15695680]","[10, 10, 10, 10, 10, 10, 10, 10, 10, 10]"
292,7,"[1, 3, 4, 5, 7, 9, 22]",7,5.0061715031042695,0.12000922579318285,35.17088129777195,"[15119549, 15019549, 15719549, 15619549, 15519549, 15419549, 15819549, 15919549, 15219549, 15319549]","[3, 3, 3, 3, 3, 3, 3, 3, 3, 3]"
293,7,"[9, 10, 12, 13, 18, 22, 24]",7,5.204861280508339,0.11806024797260761,38.70127952198631,"[15389042, 15289042, 15789042, 15689042, 15889042, 15989042, 15489042, 15589042, 15089042, 15189042]","[12, 12, 12, 12, 12, 12, 12, 12, 12, 12]"
294,7,"[0, 1, 12, 15, 18, 22]",6,4.200361888855696,0.10390287172049284,36.13445247135436,"[15049904, 15149904, 15449904, 15549904, 15949904, 15849904, 15749904, 15649904, 15249904, 15349904]","[0, 0, 0, 0, 0, 0, 0, 0, 0, 0]"
295,7,"[1, 4, 6, 12, 18, 19]",6,4.300974431447685,0.10631533339619637,34.43786039055946,"[15122710, 15022710, 15822710, 15922710, 15422710, 15522710, 15622710, 15722710, 15222710, 15322710]","[12, 12, 12, 12, 12, 12, 12, 12, 12, 12]"
296,7,"[0, 3, 9, 16, 18, 22, 23]",7,5.177616280503571,0.12447932921350002,38.08800656002547,"[15071236, 15571236, 15671236, 15771236, 15471236, 15371236, 15871236, 15971236, 15271236, 15171236]","[3, 3, 3, 3, 3, 3, 3, 3, 3, 3]"
297,7,"[0, 2, 12, 17, 18, 23]",6,4.193553059361875,0.09619792457669973,34.59050566998,"[15142557, 15042557, 15742557, 15642557, 15542557, 15442557, 15942557, 15842557, 15342557, 15242557]","[0, 0, 0, 0, 0, 0, 0, 0, 0, 0]"
298,7,"[1, 3, 5, 6, 7, 18, 22]",7,4.894491896033287,0.10736022423952818,35.08022458319153,"[15157756, 15057756, 15257756, 15357756, 15857756, 15957756, 15457756, 15557756, 15657756, 15757756]","[5, 5, 5, 5, 5, 5, 5, 5, 5, 5]"
299,7,"[1, 3, 5, 9, 10, 14, 21]",7,5.015479933470488,0.1114855669438839,35.7941618305631,"[15468545, 15968545, 15868545, 15768545, 15268545, 15068545, 15168545, 15668545, 15568545, 15368545]","[9, 9, 9, 9, 9, 9, 9, 9, 9, 9]"
300,7,"[0, 1, 12, 13, 18, 24]",6,4.249755000695586,0.09687459282577038,35.07982558299167,"[15589042, 15489042, 15989042, 15889042, 15189042, 15089042, 15289042, 15389042, 15789042, 15689042]","[12, 12, 12, 12, 12, 12, 12, 12, 12, 12]"
301,7,"[6, 9, 11, 16, 18, 21]",6,4.363077511079609,0.09491880983114243,37.02890078374185,"[15639432, 15739432, 15139432, 15039432, 15239432, 15339432, 15539432, 15439432, 15939432, 15839432]","[16, 16, 16, 16, 16, 16, 16, 16, 16, 16]"
302,7,"[0, 2, 3, 10, 18, 21, 22]",7,4.950815413147211,0.11337450426071882,36.86048524108316,"[15251480, 15351480, 15451480, 15551480, 15651480, 15751480, 15151480, 15051480, 15851480, 15951480]","[2, 2, 2, 2, 2, 2, 2, 2, 2, 2]"
303,7,"[1, 2, 3, 5, 10, 18]",6,4.307360490784049,0.09719236195087433,34.627756448850654,"[15681794, 15781794, 15481794, 15581794, 15381794, 15281794, 15881794, 15981794, 15081794, 15181794]","[10, 10, 10, 10, 10, 10, 10, 10, 10, 10]"
304,7,"[0, 1, 5, 11, 13, 20, 22]",7,4.965924489311874,0.11674816720187664,36.22969995625317,"[15169064, 15069064, 15769064, 15669064, 15569064, 15469064, 15369064, 15269064, 15969064, 15869064]","[0, 0, 0, 0, 0, 0, 0, 0, 0, 0]"
305,7,"[1, 5, 6, 8, 9, 14, 18]",7,4.957130014896393,0.11790420394390821,34.26144549709612,"[15036474, 15136474, 15636474, 15736474, 15536474, 15436474, 15236474, 15336474, 15836474, 15936474]","[14, 14, 14, 14, 14, 14, 14, 14, 14, 14]"
306,7,"[0, 1, 4, 11, 17, 18]",6,4.202069203369319,0.10232196841388941,33.551308296388015,"[15717694, 15617694, 15417694, 15517694, 15117694, 15017694, 15817694, 15917694, 15217694, 15317694]","[1, 1, 1, 1, 1, 1, 1, 1, 1, 1]"
307,7,"[0, 3, 7, 9, 18, 21]",6,4.230351607315242,0.09421853069216013,35.08684077075062,"[15790005, 15690005, 15490005, 15590005, 15190005, 15090005, 15890005, 15990005, 15290005, 15390005]","[3, 3, 3, 3, 3, 3, 3, 3, 3, 3]"
308,7,"[0, 5, 10, 16, 18, 20]",6,4.250770586542785,0.09952372871339321,35.54971991541485,"[15254264, 15354264, 15554264, 15454264, 15954264, 15854264, 15154264, 15054264, 15654264, 15754264]","[20, 20, 20, 20, 20, 20, 20, 20, 20, 20]"
309,7,"[3, 4, 6, 9, 14, 18]",6,4.317521799355745,0.09819688927382231,34.93941428194133,"[15948767, 15848767, 15748767, 15648767, 15048767, 15148767, 15348767, 15248767, 15448767, 15548767]","[6, 6, 6, 6, 6, 6, 6, 6, 6, 6]"
310,7,"[0, 6, 10, 12, 13, 21]",6,4.165707918815315,0.0964660095050931,34.786254208069295,"[15500309, 15400309, 15900309, 15800309, 15100309, 15000309, 15200309, 15300309, 15700309, 15600309]","[10, 10, 10, 10, 10, 10, 10, 10, 10, 10]"
311,7,"[1, 5, 9, 11, 12, 20]",6,4.412294527515769,0.10056861210614443,35.920004402287304,"[15254264, 15354264, 15554264, 15454264, 15954264, 15854264, 15154264, 15054264, 15654264, 15754264]","[20, 20, 20, 20, 20, 20, 20, 20, 20, 20]"
312,7,"[1, 2, 7, 10, 12, 17]",6,4.186245464719832,0.0996308010071516,33.70388202167427,"[15343925, 15243925, 15643925, 15743925, 15543925, 15443925, 15043925, 15143925, 15843925, 15943925]","[17, 17, 17, 17, 17, 17, 17, 17, 17, 17]"
313,7,"[1, 4, 8, 14, 17, 18]",6,4.103151869028807,0.1003979416564107,33.76564815128222,"[15118490, 15018490, 15718490, 15618490, 15518490, 15418490, 15318490, 15218490, 15918490, 15818490]","[17, 17, 17, 17, 17, 17, 17, 17, 17, 17]"
314,7,"[3, 6, 14, 18, 20, 22]",6,4.262667966075242,0.09417608380317688,37.71570686864046,"[15139719, 15039719, 15239719, 15339719, 15539719, 15439719, 15739719, 15639719, 15939719, 15839719]","[20, 20, 20, 20, 20, 20, 20, 20, 20, 20]"
315,7,"[2, 6, 10, 12, 13, 24]",6,4.302554785273969,0.09985353425145149,35.32514634379186,"[15317163, 15217163, 15617163, 15717163, 15517163, 15417163, 15017163, 15117163, 15817163, 15917163]","[24, 24, 24, 24, 24, 24, 24, 24, 24, 24]"
316,7,"[2, 6, 12, 13, 18, 21, 22]",7,4.918304359540343,0.10771960578858852,36.91186889819801,"[15103605, 15003605, 15703605, 15603605, 15503605, 15403605, 15803605, 15903605, 15203605, 15303605]","[2, 2, 2, 2, 2, 2, 2, 2, 2, 2]"
317,7,"[2, 3, 6, 16, 18, 20]",6,4.353057319298387,0.09990979917347431,36.15534597480049,"[15390380, 15290380, 15690380, 15790380, 15590380, 15490380, 15090380, 15190380, 15890380, 15990380]","[20, 20, 20, 20, 20, 20, 20, 20, 20, 20]"
318,7,"[1, 4, 9, 13, 14, 18, 23]",7,4.852608543820679,0.11794911976903677,35.15223657692383,"[15715973, 15615973, 15515973, 15415973, 15015973, 15115973, 15315973, 15215973, 15915973, 15815973]","[1, 1, 1, 1, 1, 1, 1, 1, 1, 1]"
319,7,"[1, 12, 14, 22, 24]",5,3.5669030053541064,0.08343475591391325,37.68304396793246,"[15145859, 15045859, 15745859, 15645859, 15545859, 15445859, 15345859, 15245859, 15945859, 15845859]","[24, 24, 24, 24, 24, 24, 24, 24, 24, 24]"
320,7,"[2, 4, 7, 15, 18, 23]",6,4.00892970059067,0.09557371214032173,33.14160760243734,"[15696495, 15796495, 15496495, 15596495, 15396495, 15296495, 15896495, 15996495, 15096495, 15196495]","[18, 18, 18, 18, 18, 18, 18, 18, 18, 18]"
321,7,"[1, 3, 9, 17, 19, 20, 22]",7,5.2691604141145945,0.12479302939027548,38.792211150018765,"[15164710, 15064710, 15764710, 15664710, 15564710, 15464710, 15964710, 15864710, 15364710, 15264710]","[1, 1, 1, 1, 1, 1, 1, 1, 1, 1]"
322,7,"[1, 2, 3, 4, 9, 13, 14]",7,5.040327255614102,0.11991089768707752,34.78642490679132,"[15192938, 15092938, 15892938, 15992938, 15592938, 15492938, 15792938, 15692938, 15292938, 15392938]","[3, 3, 3, 3, 3, 3, 3, 3, 3, 3]"
323,7,"[0, 6, 17, 18, 19]",5,3.562299865297973,0.08323545008897781,34.91620266046375,"[15395266, 15295266, 15095266, 15195266, 15695266, 15795266, 15995266, 15895266, 15495266, 15595266]","[17, 17, 17, 17, 17, 17, 17, 17, 17, 17]"
324,7,"[1, 3, 9, 11, 12, 17, 18]",7,5.238200344145298,0.11925169825553894,36.51924177033028,"[15557937, 15457937, 15857937, 15957937, 15257937, 15357937, 15757937, 15657937, 15157937, 15057937]","[3, 3, 3, 3, 3, 3, 3, 3, 3, 3]"
325,7,"[1, 13, 14, 16, 19, 21, 22]",7,5.0304352613165975,0.12004822306334972,38.479342812206596,"[15240977, 15340977, 15840977, 15440977, 15640977, 15740977, 15040977, 15140977, 15540977, 15940977]","[22, 22, 22, 22, 22, 22, 22, 22, 22, 22]"
326,7,"[1, 12, 16, 17, 18, 22]",6,4.338927404023707,0.10272212326526642,37.9209564398819,"[15559344, 15459344, 15959344, 15859344, 15159344, 15059344, 15659344, 15759344, 15259344, 15359344]","[16, 16, 16, 16, 16, 16, 16, 16, 16, 16]"
327,7,"[2, 3, 4, 6, 12, 17, 22]",7,5.018404556438327,0.12033743876963854,35.69611918134615,"[15008071, 15108071, 15608071, 15708071, 15808071, 15908071, 15508071, 15408071, 15308071, 15208071]","[4, 4, 4, 4, 4, 4, 4, 4, 4, 4]"
328,7,"[0, 3, 6, 16, 18]",5,3.5707396483048797,0.08425822574645281,35.11543210204691,"[15246438, 15346438, 15446438, 15546438, 15146438, 15046438, 15846438, 15946438, 15646438, 15746438]","[3, 3, 3, 3, 3, 3, 3, 3, 3, 3]"
329,7,"[0, 1, 3, 5, 11, 15, 16]",7,4.961218053475022,0.1157130841165781,34.843211505695116,"[15148789, 15048789, 15748789, 15648789, 15548789, 15448789, 15248789, 15348789, 15848789, 15948789]","[0, 0, 0, 0, 0, 0, 0, 0, 0, 0]"
330,7,"[0, 1, 14, 15, 18, 23]",6,4.0119249895215034,0.09820705838501453,34.196710613944255,"[16840075, 16940075, 17140075, 17040075, 16640075, 16740075, 17540075, 17440075, 17340075, 17240075]","[1, 1, 1, 1, 1, 1, 1, 1, 1, 1]"
331,7,"[0, 4, 9, 11, 17, 18]",6,4.242362889461219,0.09451797232031822,34.737352296477184,"[15652402, 15752402, 15152402, 15052402, 15252402, 15352402, 15552402, 15452402, 15952402, 15852402]","[11, 11, 11, 11, 11, 11, 11, 11, 11, 11]"
332,7,"[0, 9, 14, 16, 18, 19]",6,4.277271171100438,0.09166356828063726,36.91755842976272,"[15378141, 15278141, 15678141, 15778141, 15578141, 15478141, 15078141, 15178141, 15878141, 15978141]","[19, 19, 19, 19, 19, 19, 19, 19, 19, 19]"
333,7,"[0, 1, 3, 18, 22]",5,3.554121277295053,0.08351952955126762,36.691897861286996,"[15163033, 15063033, 15763033, 15663033, 15563033, 15463033, 15963033, 15863033, 15363033, 15263033]","[0, 0, 0, 0, 0, 0, 0, 0, 0, 0]"
334,7,"[6, 16, 17, 18, 23]",5,3.517714443616569,0.07980967126786709,35.9926298241131,"[15420017, 15520017, 15720017, 15620017, 15220017, 15320017, 15120017, 15020017, 15920017, 15820017]","[16, 16, 16, 16, 16, 16, 16, 16, 16, 16]"
335,7,"[0, 3, 14, 16, 18, 20]",6,4.222003775648773,0.09918673988431692,36.3215738326932,"[15254264, 15354264, 15554264, 15454264, 15954264, 15854264, 15154264, 15054264, 15654264, 15754264]","[20, 20, 20, 20, 20, 20, 20, 20, 20, 20]"
336,7,"[0, 3, 16, 19, 20, 22]",6,4.432916443794966,0.10117912013083696,38.94650006146791,"[15617974, 15717974, 15417974, 15517974, 15317974, 15217974, 15817974, 15917974, 15017974, 15117974]","[20, 20, 20, 20, 20, 20, 20, 20, 20, 20]"
337,7,"[9, 12, 14, 16, 18, 23]",6,4.322571720927954,0.10034993477165699,37.224990686945,"[15113570, 15013570, 15213570, 15313570, 15513570, 15413570, 15713570, 15613570, 15913570, 15813570]","[18, 18, 18, 18, 18, 18, 18, 18, 18, 18]"
338,7,"[1, 2, 3, 14, 18]",5,3.592689889483154,0.0849206019192934,34.892792510800064,"[15538341, 15438341, 15938341, 15838341, 15138341, 15038341, 15238341, 15338341, 15738341, 15638341]","[3, 3, 3, 3, 3, 3, 3, 3, 3, 3]"
339,7,"[0, 1, 5, 7, 14, 17, 18]",7,4.7518600188195705,0.11081871669739485,32.91073466079043,"[15011273, 15111273, 15411273, 15511273, 15911273, 15811273, 15311273, 15211273, 15611273, 15711273]","[0, 0, 0, 0, 0, 0, 0, 0, 0, 0]"
340,7,"[1, 2, 10, 14, 16, 18]",6,4.284267741255462,0.10054768063127995,35.46041296670834,"[15128042, 15028042, 15728042, 15628042, 15528042, 15428042, 15328042, 15228042, 15928042, 15828042]","[16, 16, 16, 16, 16, 16, 16, 16, 16, 16]"
341,7,"[3, 7, 14, 17, 18, 19]",6,4.269620659761131,0.09948349744081497,35.87119800589668,"[15359823, 15259823, 15659823, 15759823, 15559823, 15459823, 15059823, 15159823, 15859823, 15959823]","[19, 19, 19, 19, 19, 19, 19, 19, 19, 19]"
342,7,"[0, 1, 3, 4, 24]",5,3.586509956046939,0.0792226791381836,33.52811079341918,"[15780370, 15680370, 15480370, 15580370, 15180370, 15080370, 15880370, 15980370, 15280370, 15380370]","[1, 1, 1, 1, 1, 1, 1, 1, 1, 1]"
343,7,"[6, 9, 11, 12, 16]",5,3.71539774723351,0.0835028700530529,36.772394731454554,"[15195861, 15095861, 15295861, 15395861, 15595861, 15495861, 15795861, 15695861, 15995861, 15895861]","[16, 16, 16, 16, 16, 16, 16, 16, 16, 16]"
344,7,"[1, 3, 10, 12, 15, 22]",6,4.345178745687008,0.10807486157864332,37.43540707362505,"[15370471, 15270471, 15670471, 15770471, 15570471, 15470471, 15070471, 15170471, 15870471, 15970471]","[22, 22, 22, 22, 22, 22, 22, 22, 22, 22]"
345,7,"[0, 1, 8, 11, 14, 16, 18]",7,4.900355569086969,0.10668003745377064,34.89266404329932,"[15593570, 15493570, 15893570, 15993570, 15293570, 15393570, 15093570, 15193570, 15693570, 15793570]","[1, 1, 1, 1, 1, 1, 1, 1, 1, 1]"
346,7,"[6, 8, 9, 21, 22, 24]",6,4.356006282381713,0.09462309628725052,37.79887396368819,"[15645684, 15745684, 15445684, 15545684, 15345684, 15245684, 15845684, 15945684, 15045684, 15145684]","[22, 22, 22, 22, 22, 22, 22, 22, 22, 22]"
347,7,"[0, 1, 3, 13, 16, 17]",6,4.27906628139317,0.09739686269313097,35.46239685608695,"[15766497, 15666497, 15466497, 15566497, 15166497, 15066497, 15866497, 15966497, 15266497, 15366497]","[1, 1, 1, 1, 1, 1, 1, 1, 1, 1]"
348,7,"[0, 1, 3, 4, 6, 18]",6,4.1494005639106035,0.09612911939620972,32.8974813077754,"[15162709, 15062709, 15262709, 15362709, 15562709, 15462709, 15762709, 15662709, 15962709, 15862709]","[6, 6, 6, 6, 6, 6, 6, 6, 6, 6]"
349,7,"[0, 4, 12, 13, 14, 18]",6,4.023152130655944,0.09603814408183098,34.0424676068748,"[15121957, 15021957, 15721957, 15621957, 15521957, 15421957, 15321957, 15221957, 15921957, 15821957]","[14, 14, 14, 14, 14, 14, 14, 14, 14, 14]"
350,7,"[1, 3, 12, 18, 19]",5,3.6640814738348126,0.08314411994069815,36.790514236781746,"[15096952, 15196952, 15696952, 15796952, 15896952, 15996952, 15596952, 15496952, 15396952, 15296952]","[18, 18, 18, 18, 18, 18, 18, 18, 18, 18]"
351,7,"[1, 2, 3, 5, 10, 13, 17]",7,5.016753223724663,0.1117517352104187,34.858803464033244,"[17170123, 17470123, 17570123, 17270123, 17370123, 16870123, 16970123, 17070123, 16670123, 16770123]","[3, 3, 3, 3, 3, 3, 3, 3, 3, 3]"
352,7,"[2, 3, 4, 17, 18, 19, 20]",7,5.1034289775416255,0.1175048965960741,35.98733874104385,"[15694964, 15794964, 15494964, 15594964, 15194964, 15094964, 15294964, 15394964, 15994964, 15894964]","[4, 4, 4, 4, 4, 4, 4, 4, 4, 4]"
353,7,"[0, 2, 6, 9, 13, 20]",6,4.2611288065090775,0.10025823954492807,34.801723678053044,"[15086324, 15186324, 15486324, 15586324, 15986324, 15886324, 15286324, 15386324, 15786324, 15686324]","[13, 13, 13, 13, 13, 13, 13, 13, 13, 13]"
354,7,"[0, 1, 4, 6, 16, 18]",6,4.155808620154858,0.10276774130761623,33.20064779014016,"[15302868, 15202868, 15602868, 15702868, 15502868, 15402868, 15002868, 15102868, 15802868, 15902868]","[18, 18, 18, 18, 18, 18, 18, 18, 18, 18]"
355,7,"[1, 2, 4, 5, 17, 18, 23]",7,4.8965936824679375,0.11831341218203306,33.549528180421994,"[15569165, 15769165, 15869165, 15969165, 15669165, 15069165, 15369165, 15269165, 15469165, 15169165]","[17, 17, 17, 17, 17, 17, 17, 17, 17, 17]"
356,7,"[0, 4, 6, 7, 17, 18]",6,4.024002351798117,0.09617937728762627,31.992826335675392,"[15143925, 15043925, 15743925, 15643925, 15543925, 15443925, 15343925, 15243925, 15943925, 15843925]","[17, 17, 17, 17, 17, 17, 17, 17, 17, 17]"
357,7,"[5, 8, 9, 12, 18, 22]",6,4.338493227027357,0.10056149587035179,37.37091345510756,"[15184611, 15084611, 15884611, 15984611, 15484611, 15584611, 15684611, 15784611, 15284611, 15384611]","[12, 12, 12, 12, 12, 12, 12, 12, 12, 12]"
358,7,"[2, 3, 4, 5, 9, 14, 22]",7,5.029982890933752,0.11932321544736624,36.09091140529407,"[15690804, 15790804, 15190804, 15090804, 15290804, 15390804, 15590804, 15490804, 15990804, 15890804]","[22, 22, 22, 22, 22, 22, 22, 22, 22, 22]"
359,7,"[0, 1, 5, 15, 16, 17, 22]",7,4.919724334962666,0.11641265451908112,35.89618070090988,"[15245684, 15345684, 15845684, 15545684, 15445684, 15945684, 15645684, 15145684, 15045684, 15745684]","[22, 22, 22, 22, 22, 22, 22, 22, 22, 22]"
360,7,"[0, 1, 2, 4, 5, 19]",6,4.179635666310787,0.10178103856742382,32.76294623726668,"[15802063, 15902063, 15502063, 15402063, 15302063, 15202063, 15002063, 15102063, 15702063, 15602063]","[5, 5, 5, 5, 5, 5, 5, 5, 5, 5]"
361,7,"[1, 3, 12, 17, 18, 19]",6,4.3817612789571285,0.10022373031824827,36.638889136568956,"[15827618, 15927618, 15527618, 15427618, 15327618, 15227618, 15727618, 15627618, 15127618, 15027618]","[19, 19, 19, 19, 19, 19, 19, 19, 19, 19]"
362,7,"[1, 3, 6, 10, 18, 22]",6,4.3325763354077935,0.10042184218764305,36.89560169152295,"[16600399, 16700399, 17000399, 17100399, 17500399, 17400399, 17300399, 17200399, 16800399, 16900399]","[1, 1, 1, 1, 1, 1, 1, 1, 1, 1]"
363,7,"[0, 2, 5, 9, 20, 22]",6,4.251278119161725,0.09719409979879856,36.48231377149932,"[15354800, 15254800, 15654800, 15754800, 15554800, 15454800, 15054800, 15154800, 15854800, 15954800]","[22, 22, 22, 22, 22, 22, 22, 22, 22, 22]"
364,7,"[5, 9, 14, 18, 22]",5,3.547919283621013,0.08022750541567802,37.91689011976123,"[15558292, 15458292, 15258292, 15358292, 15858292, 15958292, 15658292, 15758292, 15158292, 15058292]","[9, 9, 9, 9, 9, 9, 9, 9, 9, 9]"
365,7,"[0, 1, 4, 10, 18, 20]",6,4.111128398217261,0.09381993487477303,33.88316395645961,"[15112155, 15012155, 15712155, 15612155, 15512155, 15412155, 15312155, 15212155, 15912155, 15812155]","[18, 18, 18, 18, 18, 18, 18, 18, 18, 18]"
366,7,"[1, 3, 7, 17, 18, 20]",6,4.219330210238695,0.09679020382463932,35.053443258084975,"[15654264, 15754264, 15054264, 15154264, 15454264, 15554264, 15254264, 15354264, 15854264, 15954264]","[20, 20, 20, 20, 20, 20, 20, 20, 20, 20]"
367,7,"[0, 2, 3, 9, 13, 22]",6,4.330550158396363,0.09150291234254837,37.24868448195048,"[15135027, 15035027, 15735027, 15635027, 15535027, 15435027, 15935027, 15835027, 15335027, 15235027]","[0, 0, 0, 0, 0, 0, 0, 0, 0, 0]"
368,7,"[1, 9, 14, 17, 19, 24]",6,4.469912404194474,0.10375487245619297,36.92651588477505,"[15615810, 15715810, 15415810, 15515810, 15315810, 15215810, 15815810, 15915810, 15015810, 15115810]","[19, 19, 19, 19, 19, 19, 19, 19, 19, 19]"
369,7,"[0, 1, 2, 5, 6, 7, 22]",7,4.811367679387331,0.10992988850921392,33.32425066296543,"[15639059, 15739059, 15139059, 15039059, 15239059, 15339059, 15539059, 15439059, 15939059, 15839059]","[2, 2, 2, 2, 2, 2, 2, 2, 2, 2]"
370,7,"[0, 2, 4, 12, 16, 18, 19]",7,4.959974221885204,0.11559008527547121,35.03741129062006,"[15324167, 15224167, 15624167, 15924167, 15824167, 15724167, 15524167, 15024167, 15124167, 15424167]","[19, 19, 19, 19, 19, 19, 19, 19, 19, 19]"
371,7,"[6, 9, 11, 13, 16, 18, 20]",7,5.158094057813287,0.1155411209911108,37.16861861318882,"[15139893, 15039893, 15439893, 15539893, 15639893, 15739893, 15339893, 15239893, 15939893, 15839893]","[13, 13, 13, 13, 13, 13, 13, 13, 13, 13]"
372,7,"[1, 3, 11, 17, 18]",5,3.7126884488388896,0.0869655180722475,36.013572621904316,"[15690489, 15790489, 15190489, 15090489, 15290489, 15390489, 15590489, 15490489, 15990489, 15890489]","[17, 17, 17, 17, 17, 17, 17, 17, 17, 17]"
373,7,"[0, 1, 3, 16, 18, 22]",6,4.343057286925614,0.10244060028344393,37.20203130723288,"[15655616, 15755616, 15155616, 15055616, 15255616, 15355616, 15555616, 15455616, 15955616, 15855616]","[16, 16, 16, 16, 16, 16, 16, 16, 16, 16]"
374,7,"[5, 9, 18, 19, 22, 23, 24]",7,5.17919600661844,0.11189711838960648,38.570755385793746,"[15001136, 15501136, 15601136, 15701136, 15401136, 15301136, 15801136, 15901136, 15201136, 15101136]","[9, 9, 9, 9, 9, 9, 9, 9, 9, 9]"
375,7,"[0, 1, 3, 12, 16, 19, 22]",7,5.119320560246706,0.12435926124453545,37.63971607413675,"[15058219, 15558219, 15658219, 15758219, 15458219, 15358219, 15858219, 15958219, 15258219, 15158219]","[1, 1, 1, 1, 1, 1, 1, 1, 1, 1]"
376,7,"[1, 2, 14, 15, 18, 20, 22]",7,4.8989743469282985,0.11829900741577148,36.70435388685603,"[15907710, 15807710, 15607710, 15707710, 15107710, 15007710, 15207710, 15307710, 15407710, 15507710]","[18, 18, 18, 18, 18, 18, 18, 18, 18, 18]"
377,7,"[1, 4, 11, 18, 21, 23, 24]",7,4.959783353842795,0.1112644737586379,35.418791162448805,"[15445515, 15545515, 15945515, 15845515, 15745515, 15645515, 15345515, 15245515, 15145515, 15045515]","[18, 18, 18, 18, 18, 18, 18, 18, 18, 18]"
378,7,"[1, 4, 5, 18, 19, 20]",6,4.231936987489462,0.09898872021585703,34.93122472575245,"[15114355, 15014355, 15714355, 15614355, 15514355, 15414355, 15314355, 15214355, 15914355, 15814355]","[19, 19, 19, 19, 19, 19, 19, 19, 19, 19]"
379,7,"[5, 6, 9, 14, 19, 23]",6,4.249420076608658,0.09441516641527414,35.75384912934775,"[15589672, 15489672, 15989672, 15889672, 15189672, 15089672, 15289672, 15389672, 15789672, 15689672]","[9, 9, 9, 9, 9, 9, 9, 9, 9, 9]"
380,7,"[1, 7, 14, 15, 16, 18, 22]",7,4.785462490282953,0.11288857646286488,36.33428659183638,"[15679703, 15779703, 15179703, 15079703, 15279703, 15379703, 15579703, 15479703, 15979703, 15879703]","[22, 22, 22, 22, 22, 22, 22, 22, 22, 22]"
381,7,"[0, 1, 4, 6, 9, 23]",6,4.119806502945721,0.09409783035516739,33.05527272975693,"[15502755, 15402755, 15902755, 15802755, 15102755, 15002755, 15202755, 15302755, 15702755, 15602755]","[4, 4, 4, 4, 4, 4, 4, 4, 4, 4]"
382,7,"[2, 3, 4, 10, 13, 14, 18]",7,4.912663413211703,0.10810529813170433,35.02231822581962,"[15087912, 15587912, 15687912, 15787912, 15487912, 15387912, 15887912, 15987912, 15287912, 15187912]","[3, 3, 3, 3, 3, 3, 3, 3, 3, 3]"
383,7,"[0, 1, 6, 17, 22]",5,3.5028921589255333,0.08606110140681267,35.18620166517794,"[15113101, 15013101, 15513101, 15413101, 15313101, 15213101, 15813101, 15913101, 15713101, 15613101]","[1, 1, 1, 1, 1, 1, 1, 1, 1, 1]"
384,7,"[3, 4, 7, 17, 18, 20, 23]",7,4.8938362477347255,0.11270568892359734,34.813980208177654,"[15192938, 15092938, 15292938, 15392938, 15592938, 15492938, 15692938, 15792938, 15892938, 15992938]","[3, 3, 3, 3, 3, 3, 3, 3, 3, 3]"
385,7,"[1, 3, 7, 12, 18, 21, 22]",7,4.984549858607352,0.11475411336869001,36.63630852701941,"[15157588, 15057588, 15857588, 15957588, 15457588, 15557588, 15357588, 15257588, 15657588, 15757588]","[7, 7, 7, 7, 7, 7, 7, 7, 7, 7]"
386,7,"[0, 3, 8, 12, 18]",5,3.5352419689297676,0.07969072554260492,34.8332442917861,"[15499968, 15599968, 15899968, 15999968, 15099968, 15199968, 15699968, 15799968, 15399968, 15299968]","[3, 3, 3, 3, 3, 3, 3, 3, 3, 3]"
387,7,"[0, 3, 6, 18, 22, 24]",6,4.368282779119909,0.09784136898815632,36.80085220459538,"[16778081, 16678081, 17278081, 17378081, 17178081, 17078081, 17478081, 17578081, 16878081, 16978081]","[24, 24, 24, 24, 24, 24, 24, 24, 24, 24]"
388,7,"[1, 4, 5, 12, 13, 17]",6,4.194657661020756,0.09674791991710663,33.764424950505294,"[15774558, 15674558, 15474558, 15574558, 15174558, 15074558, 15874558, 15974558, 15274558, 15374558]","[4, 4, 4, 4, 4, 4, 4, 4, 4, 4]"
389,7,"[0, 3, 15, 18]",4,2.8010287433862686,0.062428598292171955,34.90173923166003,"[15599968, 15499968, 15199968, 15099968, 15799968, 15699968, 15399968, 15299968, 15999968, 15899968]","[3, 3, 3, 3, 3, 3, 3, 3, 3, 3]"
390,7,"[2, 9, 13, 15, 18, 19]",6,4.38678459264338,0.10046645253896713,36.943486781635634,"[15737582, 15637582, 15337582, 15237582, 15137582, 15037582, 15437582, 15537582, 15937582, 15837582]","[15, 15, 15, 15, 15, 15, 15, 15, 15, 15]"
391,7,"[1, 3, 5, 8, 9, 12, 14]",7,5.036213306710124,0.1174696059897542,35.13384021605764,"[15392511, 15292511, 15192511, 15092511, 15992511, 15892511, 15492511, 15592511, 15692511, 15792511]","[3, 3, 3, 3, 3, 3, 3, 3, 3, 3]"
392,7,"[0, 1, 2, 4, 6, 8, 18]",7,4.792928203009069,0.10920532420277596,32.20187100601782,"[15579821, 15479821, 15879821, 15979821, 15279821, 15379821, 15679821, 15779821, 15079821, 15179821]","[1, 1, 1, 1, 1, 1, 1, 1, 1, 1]"
393,7,"[3, 8, 12, 14, 18, 20]",6,4.219398016110063,0.09339141100645065,36.32551807258278,"[15817358, 15917358, 15517358, 15417358, 15617358, 15717358, 15317358, 15217358, 15117358, 15017358]","[20, 20, 20, 20, 20, 20, 20, 20, 20, 20]"
394,7,"[0, 1, 4, 10, 14, 18]",6,4.060647747479379,0.09434078354388475,33.27190565162649,"[15135027, 15035027, 15235027, 15335027, 15535027, 15435027, 15935027, 15835027, 15735027, 15635027]","[0, 0, 0, 0, 0, 0, 0, 0, 0, 0]"
395,7,"[4, 10, 11, 17, 18, 19, 23]",7,4.985485513694584,0.113799256272614,36.114338437693995,"[15627618, 15527618, 15427618, 15927618, 15827618, 15327618, 15727618, 15127618, 15027618, 15227618]","[19, 19, 19, 19, 19, 19, 19, 19, 19, 19]"
396,7,"[0, 1, 3, 5, 6, 21]",6,4.169474711641669,0.09093043394386768,33.47931392428776,"[15002063, 15102063, 15302063, 15202063, 15702063, 15602063, 15502063, 15402063, 15902063, 15802063]","[5, 5, 5, 5, 5, 5, 5, 5, 5, 5]"
397,7,"[4, 6, 9, 18, 20, 22]",6,4.254932473413646,0.09678997285664082,37.00887135664622,"[15880820, 15980820, 15480820, 15580820, 15080820, 15180820, 15680820, 15780820, 15380820, 15280820]","[22, 22, 22, 22, 22, 22, 22, 22, 22, 22]"
398,7,"[0, 3, 6, 8, 18, 21]",6,4.173208701424301,0.08884880598634481,34.50035125513872,"[15768365, 15668365, 15468365, 15568365, 15168365, 15068365, 15868365, 15968365, 15268365, 15368365]","[3, 3, 3, 3, 3, 3, 3, 3, 3, 3]"
399,7,"[0, 3, 10, 12, 15, 18, 19]",7,4.994177780114114,0.11567370966076851,36.15873098240367,"[15927618, 15827618, 15127618, 15327618, 15227618, 15027618, 15527618, 15627618, 15727618, 15427618]","[19, 19, 19, 19, 19, 19, 19, 19, 19, 19]"
400,7,"[1, 8, 16, 23, 24]",5,3.629855467006564,0.07456196937710047,35.99666755981743,"[15056729, 15156729, 15456729, 15556729, 15656729, 15756729, 15856729, 15956729, 15256729, 15356729]","[24, 24, 24, 24, 24, 24, 24, 24, 24, 24]"
401,7,"[2, 7, 9, 11, 16, 18, 20]",7,5.055137646384537,0.11727868113666773,36.16948033729568,"[15107508, 15007508, 15307508, 15207508, 15807508, 15907508, 15407508, 15507508, 15607508, 15707508]","[9, 9, 9, 9, 9, 9, 9, 9, 9, 9]"
402,7,"[0, 2, 3, 4, 6, 17]",6,4.214715897105634,0.09760591294616461,32.80390920070931,"[15743925, 15643925, 15343925, 15243925, 15543925, 15443925, 15043925, 15143925, 15843925, 15943925]","[17, 17, 17, 17, 17, 17, 17, 17, 17, 17]"
403,7,"[0, 2, 3, 4, 15, 17, 18]",7,4.903865851461887,0.11411840654909611,33.90925272574116,"[15141983, 15941983, 15541983, 15441983, 15841983, 15241983, 15641983, 15741983, 15341983, 15041983]","[2, 2, 2, 2, 2, 2, 2, 2, 2, 2]"
404,7,"[1, 3, 6, 15, 16, 18]",6,4.323432465083897,0.09931748453527689,35.504944829115026,"[15101108, 15001108, 15701108, 15601108, 15501108, 15401108, 15901108, 15801108, 15301108, 15201108]","[1, 1, 1, 1, 1, 1, 1, 1, 1, 1]"
405,7,"[0, 1, 5, 14, 17, 18]",6,4.141529355198145,0.0997691610828042,33.58578790506969,"[15064364, 15164364, 15464364, 15564364, 15964364, 15864364, 15764364, 15664364, 15264364, 15364364]","[0, 0, 0, 0, 0, 0, 0, 0, 0, 0]"
406,7,"[2, 4, 7, 11, 13, 14, 18]",7,4.821304487995803,0.11851915810257196,33.837514095607084,"[15080664, 15180664, 15480664, 15580664, 15980664, 15880664, 15680664, 15780664, 15380664, 15280664]","[2, 2, 2, 2, 2, 2, 2, 2, 2, 2]"
407,7,"[2, 4, 13, 14, 18, 24]",6,4.2357411701232195,0.09674425330013037,34.84012842969969,"[15856188, 15956188, 15556188, 15456188, 15356188, 15256188, 15756188, 15656188, 15156188, 15056188]","[24, 24, 24, 24, 24, 24, 24, 24, 24, 24]"
408,7,"[3, 6, 7, 13, 14, 15, 18]",7,4.810173870995641,0.10640140157192945,34.57273153681308,"[15381404, 15281404, 15881404, 15981404, 15481404, 15581404, 15681404, 15781404, 15081404, 15181404]","[18, 18, 18, 18, 18, 18, 18, 18, 18, 18]"
409,7,"[3, 6, 10, 15, 16, 17, 20]",7,5.014151707291603,0.11641334090381861,36.43532487876447,"[15887563, 15987563, 15587563, 15487563, 15087563, 15187563, 15787563, 15687563, 15287563, 15387563]","[10, 10, 10, 10, 10, 10, 10, 10, 10, 10]"
410,7,"[1, 4, 8, 14, 22]",5,3.4033459117636085,0.08265541400760412,35.32743972232565,"[15513941, 15413941, 15913941, 15813941, 15113941, 15013941, 15213941, 15313941, 15713941, 15613941]","[8, 8, 8, 8, 8, 8, 8, 8, 8, 8]"
411,7,"[0, 6, 10, 18, 21, 22]",6,4.143640637397766,0.0879532191902399,36.47015655483119,"[15112155, 15012155, 15812155, 15912155, 15412155, 15512155, 15612155, 15712155, 15212155, 15312155]","[18, 18, 18, 18, 18, 18, 18, 18, 18, 18]"
412,7,"[3, 10, 12, 17, 22]",5,3.644550269469619,0.08614550437778234,38.638405630830675,"[15812028, 15912028, 15312028, 15212028, 15712028, 15612028, 15512028, 15412028, 15112028, 15012028]","[17, 17, 17, 17, 17, 17, 17, 17, 17, 17]"
413,7,"[2, 3, 11, 12, 15, 16, 19]",7,5.116405780427158,0.11628553364425898,37.0840020334082,"[15639479, 15739479, 15039479, 15139479, 15839479, 15939479, 15539479, 15439479, 15339479, 15239479]","[19, 19, 19, 19, 19, 19, 19, 19, 19, 19]"
414,7,"[1, 3, 7, 17, 18]",5,3.5060457130894065,0.07756473869085312,34.33382128328085,"[15695266, 15795266, 15195266, 15095266, 15295266, 15395266, 15595266, 15495266, 15995266, 15895266]","[17, 17, 17, 17, 17, 17, 17, 17, 17, 17]"
415,7,"[2, 6, 11, 14, 15, 18]",6,4.157438504509628,0.0913461372256279,34.650511438492686,"[15133746, 15033746, 15733746, 15633746, 15533746, 15433746, 15333746, 15233746, 15933746, 15833746]","[15, 15, 15, 15, 15, 15, 15, 15, 15, 15]"
416,7,"[2, 4, 10, 11, 18]",5,3.5687618646770716,0.08892075624316931,34.47491113618016,"[15041743, 15141743, 15441743, 15541743, 15941743, 15841743, 15741743, 15641743, 15241743, 15341743]","[2, 2, 2, 2, 2, 2, 2, 2, 2, 2]"
417,7,"[0, 3, 4, 6, 7, 13, 20]",7,4.8022620705887675,0.11080781277269125,33.289395581864355,"[15193576, 15093576, 15893576, 15993576, 15593576, 15493576, 15793576, 15693576, 15393576, 15293576]","[4, 4, 4, 4, 4, 4, 4, 4, 4, 4]"
418,7,"[0, 7, 11, 18, 23, 24]",6,4.20810142159462,0.09462347440421581,34.55207142218327,"[15188268, 15088268, 15888268, 15988268, 15488268, 15588268, 15688268, 15788268, 15288268, 15388268]","[18, 18, 18, 18, 18, 18, 18, 18, 18, 18]"
419,7,"[1, 2, 7, 8, 9, 14, 16]",7,4.903059336356819,0.11885279696434736,34.449443987836794,"[15122538, 15022538, 15922538, 15822538, 15722538, 15622538, 15322538, 15222538, 15522538, 15422538]","[16, 16, 16, 16, 16, 16, 16, 16, 16, 16]"
420,7,"[1, 2, 5, 9, 11, 14, 16]",7,5.107566211372614,0.1202510530129075,35.42029293214104,"[15171786, 15071786, 15871786, 15971786, 15471786, 15571786, 15371786, 15271786, 15671786, 15771786]","[16, 16, 16, 16, 16, 16, 16, 16, 16, 16]"
421,7,"[0, 1, 3, 4, 11, 12, 14]",7,4.929692603647709,0.11489520408213139,33.97158948970692,"[15647520, 15747520, 15247520, 15347520, 15847520, 15947520, 15447520, 15547520, 15047520, 15147520]","[4, 4, 4, 4, 4, 4, 4, 4, 4, 4]"
422,7,"[1, 3, 4, 10, 12, 13]",6,4.301685579121113,0.10366791766136885,34.8853231620354,"[15246438, 15346438, 15446438, 15546438, 15146438, 15046438, 15846438, 15946438, 15646438, 15746438]","[3, 3, 3, 3, 3, 3, 3, 3, 3, 3]"
423,7,"[0, 1, 6, 9, 15, 19]",6,4.277378583326936,0.09940464794635773,34.765713614722095,"[15221562, 15321562, 15521562, 15421562, 15921562, 15821562, 15121562, 15021562, 15621562, 15721562]","[19, 19, 19, 19, 19, 19, 19, 19, 19, 19]"
424,7,"[0, 3, 12, 17, 18]",5,3.559943560510874,0.07962018437683582,35.32742158425972,"[16748128, 16648128, 17448128, 17548128, 17048128, 17148128, 17248128, 17348128, 16848128, 16948128]","[17, 17, 17, 17, 17, 17, 17, 17, 17, 17]"
425,7,"[0, 3, 14, 15, 20, 21]",6,4.120364696718752,0.09390487987548113,35.708577137285225,"[15782423, 15682423, 15482423, 15582423, 15182423, 15082423, 15882423, 15982423, 15282423, 15382423]","[3, 3, 3, 3, 3, 3, 3, 3, 3, 3]"
426,7,"[1, 3, 12, 14, 15, 17, 18]",7,4.907818050123751,0.1104762414470315,35.581945669837296,"[17460143, 17560143, 17160143, 17060143, 16960143, 16860143, 17260143, 17360143, 16760143, 16660143]","[1, 1, 1, 1, 1, 1, 1, 1, 1, 1]"
427,7,"[3, 6, 9, 23, 24]",5,3.7092840606346726,0.0806153453886509,36.630799936316905,"[15124055, 15024055, 15724055, 15624055, 15524055, 15424055, 15924055, 15824055, 15324055, 15224055]","[3, 3, 3, 3, 3, 3, 3, 3, 3, 3]"
428,7,"[8, 13, 16, 18, 19, 21, 22]",7,5.003533584997058,0.11016038805246353,38.90066906537062,"[15579974, 15479974, 15879974, 15979974, 15679974, 15779974, 15379974, 15279974, 15079974, 15179974]","[13, 13, 13, 13, 13, 13, 13, 13, 13, 13]"
429,7,"[0, 3, 6]",3,2.0953524075448513,0.04434222914278507,33.021881016902626,"[15556273, 15456273, 15156273, 15056273, 15756273, 15656273, 15356273, 15256273, 15956273, 15856273]","[3, 3, 3, 3, 3, 3, 3, 3, 3, 3]"
430,7,"[2, 9, 14, 18, 20, 22]",6,4.286369953304529,0.09750468749552965,38.16349538431192,"[16844286, 16944286, 16644286, 16744286, 17244286, 17344286, 17044286, 17144286, 17444286, 17544286]","[2, 2, 2, 2, 2, 2, 2, 2, 2, 2]"
431,7,"[1, 3, 4, 5, 21]",5,3.507787928916514,0.08033744990825653,33.813791398145256,"[15792938, 15692938, 15492938, 15592938, 15192938, 15092938, 15892938, 15992938, 15292938, 15392938]","[3, 3, 3, 3, 3, 3, 3, 3, 3, 3]"
432,7,"[1, 2, 12, 17, 18, 22]",6,4.256429242901504,0.09226254187524319,36.72084529457303,"[15784107, 15684107, 15484107, 15584107, 15184107, 15084107, 15884107, 15984107, 15284107, 15384107]","[2, 2, 2, 2, 2, 2, 2, 2, 2, 2]"
433,7,"[0, 3, 5, 11, 16, 18]",6,4.366491080261767,0.09801272582262754,35.56002025655471,"[15611502, 15711502, 15111502, 15011502, 15211502, 15311502, 15511502, 15411502, 15911502, 15811502]","[11, 11, 11, 11, 11, 11, 11, 11, 11, 11]"
434,7,"[0, 3, 4, 14, 18, 19]",6,4.230199878104031,0.09979303181171417,34.94328258605674,"[15135027, 15035027, 15735027, 15635027, 15535027, 15435027, 15935027, 15835027, 15335027, 15235027]","[0, 0, 0, 0, 0, 0, 0, 0, 0, 0]"
435,7,"[1, 3, 10, 16, 18]",5,3.726686847396195,0.0863422080874443,36.63202849496156,"[15746438, 15646438, 15446438, 15546438, 15146438, 15046438, 15846438, 15946438, 15246438, 15346438]","[3, 3, 3, 3, 3, 3, 3, 3, 3, 3]"
436,7,"[2, 5, 7, 12, 14, 18, 22]",7,4.82305430341512,0.11676478665322065,35.40862581426544,"[15602830, 15702830, 15002830, 15102830, 15202830, 15302830, 15802830, 15902830, 15402830, 15502830]","[14, 14, 14, 14, 14, 14, 14, 14, 14, 14]"
437,7,"[3, 5, 6, 16, 18, 20]",6,4.38771347515285,0.09864099882543087,36.03118454564052,"[15077791, 15177791, 15677791, 15777791, 15877791, 15977791, 15577791, 15477791, 15377791, 15277791]","[16, 16, 16, 16, 16, 16, 16, 16, 16, 16]"
438,7,"[0, 1, 11, 18, 22]",5,3.5749361542984843,0.08918238151818514,36.5569923103787,"[15961489, 15861489, 15761489, 15661489, 15061489, 15161489, 15361489, 15261489, 15461489, 15561489]","[11, 11, 11, 11, 11, 11, 11, 11, 11, 11]"
439,7,"[2, 5, 13, 18, 21, 22]",6,4.261275069788098,0.09657245501875877,37.11528586107306,"[15178966, 15078966, 15878966, 15978966, 15478966, 15578966, 15678966, 15778966, 15278966, 15378966]","[18, 18, 18, 18, 18, 18, 18, 18, 18, 18]"
440,7,"[2, 12, 18, 20]",4,2.8449984649196267,0.06256055179983377,36.04438999539707,"[15188446, 15088446, 15788446, 15688446, 15588446, 15488446, 15988446, 15888446, 15388446, 15288446]","[2, 2, 2, 2, 2, 2, 2, 2, 2, 2]"
441,7,"[2, 10, 12, 14, 19, 20, 24]",7,5.1059446800500154,0.1191985122859478,36.855643863257555,"[15631061, 15731061, 15431061, 15531061, 15031061, 15131061, 15231061, 15331061, 15831061, 15931061]","[20, 20, 20, 20, 20, 20, 20, 20, 20, 20]"
442,7,"[1, 4, 9, 12, 15, 18]",6,4.243350565433502,0.0963087510317564,34.82530716356511,"[15127212, 15027212, 15827212, 15927212, 15427212, 15527212, 15627212, 15727212, 15227212, 15327212]","[12, 12, 12, 12, 12, 12, 12, 12, 12, 12]"
443,7,"[0, 2, 12, 16, 17, 18, 22]",7,4.914190138690174,0.11380545049905777,36.81300439180008,"[15385472, 15285472, 15585472, 15485472, 15985472, 15885472, 15085472, 15185472, 15785472, 15685472]","[17, 17, 17, 17, 17, 17, 17, 17, 17, 17]"
444,7,"[3, 5, 17, 18, 20, 24]",6,4.420974288135767,0.09540951251983643,36.55494290256562,"[15579343, 15479343, 15979343, 15879343, 15179343, 15079343, 15279343, 15379343, 15779343, 15679343]","[17, 17, 17, 17, 17, 17, 17, 17, 17, 17]"
445,7,"[7, 8, 17, 18, 22, 24]",6,4.203648603521287,0.09103740565478802,36.64842103010354,"[15143707, 15043707, 15743707, 15643707, 15543707, 15443707, 15343707, 15243707, 15943707, 15843707]","[22, 22, 22, 22, 22, 22, 22, 22, 22, 22]"
446,7,"[1, 3, 14, 16, 18, 22]",6,4.3130192225798965,0.10319104604423046,38.057920281309634,"[15162656, 15062656, 15762656, 15662656, 15562656, 15462656, 15362656, 15262656, 15962656, 15862656]","[18, 18, 18, 18, 18, 18, 18, 18, 18, 18]"
447,7,"[1, 2, 3, 14, 17]",5,3.571053536608815,0.08041750360280275,34.717181453388186,"[15538341, 15438341, 15938341, 15838341, 15138341, 15038341, 15238341, 15338341, 15738341, 15638341]","[3, 3, 3, 3, 3, 3, 3, 3, 3, 3]"
448,7,"[2, 3, 4, 7, 14, 15, 20]",7,4.752258666791022,0.11527725774794817,33.91035552768569,"[15362369, 15262369, 15662369, 15762369, 15962369, 15862369, 15162369, 15062369, 15562369, 15462369]","[15, 15, 15, 15, 15, 15, 15, 15, 15, 15]"
449,7,"[2, 4, 5, 12, 21, 22]",6,4.150621958076954,0.0974283330142498,35.724988086071484,"[15540390, 15440390, 15940390, 15840390, 15140390, 15040390, 15240390, 15340390, 15740390, 15640390]","[5, 5, 5, 5, 5, 5, 5, 5, 5, 5]"
450,7,"[2, 3, 4, 6, 8, 17, 18]",7,4.984661461785436,0.11423469241708517,33.877640263044405,"[15120570, 15420570, 15520570, 15920570, 15020570, 15620570, 15720570, 15820570, 15220570, 15320570]","[4, 4, 4, 4, 4, 4, 4, 4, 4, 4]"
451,7,"[9, 10, 12, 17, 18, 20]",6,4.381737840361893,0.10615350864827633,37.2229135541711,"[15712732, 15612732, 15412732, 15512732, 15112732, 15012732, 15812732, 15912732, 15212732, 15312732]","[10, 10, 10, 10, 10, 10, 10, 10, 10, 10]"
452,7,"[0, 3, 4, 9, 10, 20, 22]",7,5.079566373489797,0.11680501513183117,36.89614581735805,"[15245684, 15345684, 15845684, 15445684, 15645684, 15745684, 15045684, 15145684, 15545684, 15945684]","[22, 22, 22, 22, 22, 22, 22, 22, 22, 22]"
453,7,"[4, 5, 17, 18, 19, 20, 22]",7,5.016854600980878,0.11983818933367729,37.130799318796825,"[15371288, 15271288, 15671288, 15871288, 15571288, 15471288, 15171288, 15071288, 15971288, 15771288]","[22, 22, 22, 22, 22, 22, 22, 22, 22, 22]"
454,7,"[1, 3, 4, 13, 18, 22]",6,4.341387913562357,0.10364668909460306,36.67649625715179,"[15332539, 15232539, 15632539, 15732539, 15532539, 15432539, 15032539, 15132539, 15832539, 15932539]","[22, 22, 22, 22, 22, 22, 22, 22, 22, 22]"
455,7,"[4, 16, 18, 19, 22]",5,3.6465653283521533,0.08838155586272478,38.66578278215602,"[15531946, 15431946, 15931946, 15831946, 15131946, 15031946, 15231946, 15331946, 15731946, 15631946]","[18, 18, 18, 18, 18, 18, 18, 18, 18, 18]"
456,7,"[1, 9, 12, 14, 16, 20, 23]",7,5.010659624822438,0.11550060659646988,36.78258390737964,"[15108623, 15008623, 15708623, 15608623, 15508623, 15408623, 15308623, 15208623, 15908623, 15808623]","[1, 1, 1, 1, 1, 1, 1, 1, 1, 1]"
457,7,"[2, 4, 7, 9, 11, 14, 18]",7,4.906872149556875,0.11869179457426071,34.155875835434664,"[15669907, 15769907, 15469907, 15569907, 15169907, 15069907, 15269907, 15369907, 15969907, 15869907]","[7, 7, 7, 7, 7, 7, 7, 7, 7, 7]"
458,7,"[3, 6, 12, 13, 20, 22]",6,4.333621338009834,0.09853500407189131,37.98161934836147,"[15671236, 15771236, 15471236, 15571236, 15371236, 15271236, 15071236, 15171236, 15871236, 15971236]","[3, 3, 3, 3, 3, 3, 3, 3, 3, 3]"
459,7,"[0, 1, 3, 18, 19, 21, 22]",7,4.9993848809972405,0.11353860050439835,37.43382071816762,"[15742349, 15442349, 15542349, 15342349, 15842349, 15142349, 15042349, 15242349, 15942349, 15642349]","[21, 21, 21, 21, 21, 21, 21, 21, 21, 21]"
460,7,"[3, 4, 12, 16, 17, 18, 23]",7,4.960214229300618,0.11370532214641571,36.02196398982778,"[15161872, 15061872, 15761872, 15661872, 15561872, 15461872, 15861872, 15961872, 15361872, 15261872]","[3, 3, 3, 3, 3, 3, 3, 3, 3, 3]"
461,7,"[1, 7, 12, 15, 17, 18, 22]",7,4.797179930843413,0.11610438767820597,35.95703202858567,"[15173625, 15073625, 15773625, 15673625, 15573625, 15473625, 15873625, 15973625, 15273625, 15373625]","[1, 1, 1, 1, 1, 1, 1, 1, 1, 1]"
462,7,"[0, 2, 11, 16, 21, 24]",6,4.302226904779673,0.09161389898508787,35.91301648761146,"[15568368, 15468368, 15968368, 15868368, 15168368, 15068368, 15668368, 15768368, 15268368, 15368368]","[11, 11, 11, 11, 11, 11, 11, 11, 11, 11]"
463,7,"[1, 2, 4, 5, 10, 18, 22]",7,4.8980749463662505,0.11647905223071575,35.12010688075264,"[15030323, 15730323, 15630323, 15530323, 15130323, 15830323, 15930323, 15430323, 15330323, 15230323]","[4, 4, 4, 4, 4, 4, 4, 4, 4, 4]"
464,7,"[6, 10, 12, 17, 18]",5,3.5246857050806284,0.0805696714669466,35.323505824245515,"[15118225, 15018225, 15818225, 15918225, 15418225, 15518225, 15618225, 15718225, 15218225, 15318225]","[17, 17, 17, 17, 17, 17, 17, 17, 17, 17]"
465,7,"[0, 2, 14, 18, 20, 24]",6,4.254049936309457,0.10072962194681168,35.182139245638005,"[15132946, 15032946, 15732946, 15632946, 15532946, 15432946, 15332946, 15232946, 15932946, 15832946]","[20, 20, 20, 20, 20, 20, 20, 20, 20, 20]"
466,7,"[3, 4, 7, 14, 16, 19, 22]",7,4.966607221402228,0.11688014678657055,36.90688758988732,"[15858488, 15958488, 15458488, 15558488, 15658488, 15758488, 15258488, 15358488, 15058488, 15158488]","[14, 14, 14, 14, 14, 14, 14, 14, 14, 14]"
467,7,"[3, 4, 18, 22, 24]",5,3.7140152575448155,0.08621172420680523,37.79963733451441,"[15497394, 15597394, 15297394, 15397394, 15697394, 15797394, 15197394, 15097394, 15997394, 15897394]","[4, 4, 4, 4, 4, 4, 4, 4, 4, 4]"
468,7,"[0, 3, 7, 12, 13, 15, 16]",7,4.887229993008077,0.11241083312779665,34.97136412002146,"[15056273, 15156273, 15456273, 15556273, 15956273, 15856273, 15256273, 15356273, 15656273, 15756273]","[3, 3, 3, 3, 3, 3, 3, 3, 3, 3]"
469,7,"[5, 14, 18, 22]",4,2.800005042925477,0.0696517014876008,37.55819439445622,"[15153505, 15053505, 15853505, 15953505, 15453505, 15553505, 15653505, 15753505, 15253505, 15353505]","[22, 22, 22, 22, 22, 22, 22, 22, 22, 22]"
470,7,"[0, 1, 2, 3, 7, 18]",6,4.181253978982568,0.09486816730350256,33.03150731744245,"[15196729, 15096729, 15796729, 15696729, 15596729, 15496729, 15396729, 15296729, 15996729, 15896729]","[7, 7, 7, 7, 7, 7, 7, 7, 7, 7]"
471,7,"[0, 1, 3, 16, 17, 18, 22]",7,5.0858975844457746,0.1217737914994359,37.01327878270032,"[15138341, 15038341, 15738341, 15638341, 15838341, 15938341, 15438341, 15538341, 15238341, 15338341]","[3, 3, 3, 3, 3, 3, 3, 3, 3, 3]"
472,7,"[0, 2, 3, 4, 5, 21, 24]",7,4.972614008001983,0.11489938758313656,33.933144012333024,"[15056273, 15156273, 15456273, 15556273, 15656273, 15756273, 15856273, 15956273, 15356273, 15256273]","[3, 3, 3, 3, 3, 3, 3, 3, 3, 3]"
473,7,"[3, 4, 5, 9, 11, 19, 24]",7,5.277337356470525,0.12090354226529598,36.39769583195448,"[15632591, 15732591, 15432591, 15532591, 15332591, 15232591, 15132591, 15032591, 15932591, 15832591]","[3, 3, 3, 3, 3, 3, 3, 3, 3, 3]"
474,7,"[3, 5, 11, 14, 17, 18]",6,4.330383965745568,0.09176334086805582,35.770586747055255,"[15766982, 15666982, 15466982, 15566982, 15166982, 15066982, 15866982, 15966982, 15266982, 15366982]","[5, 5, 5, 5, 5, 5, 5, 5, 5, 5]"
475,7,"[2, 3, 16, 18, 22]",5,3.6668294770643115,0.08349596709012985,38.73602820588276,"[15559344, 15459344, 15959344, 15859344, 15159344, 15059344, 15259344, 15359344, 15759344, 15659344]","[16, 16, 16, 16, 16, 16, 16, 16, 16, 16]"
476,7,"[0, 1, 6, 17, 20, 21, 22]",7,4.856918417848647,0.11008072271943092,36.05004712034549,"[15283642, 15383642, 15883642, 15583642, 15483642, 15983642, 15683642, 15183642, 15083642, 15783642]","[22, 22, 22, 22, 22, 22, 22, 22, 22, 22]"
477,7,"[1, 5, 7, 9, 15, 23]",6,4.106957228854299,0.0881095677614212,33.93465388426557,"[15933886, 15833886, 15733886, 15633886, 15033886, 15133886, 15333886, 15233886, 15433886, 15533886]","[7, 7, 7, 7, 7, 7, 7, 7, 7, 7]"
478,7,"[0, 8, 12, 15, 18, 22, 24]",7,4.875884216278791,0.10259597469121218,36.61127742473036,"[15706553, 15606553, 15506553, 15406553, 15306553, 15206553, 15106553, 15006553, 15906553, 15806553]","[12, 12, 12, 12, 12, 12, 12, 12, 12, 12]"
479,7,"[0, 1, 5, 6, 18, 19, 21]",7,4.87260299641639,0.11115768272429705,34.358641451690346,"[15897468, 15397468, 15497468, 15297468, 15997468, 15697468, 15197468, 15097468, 15797468, 15597468]","[6, 6, 6, 6, 6, 6, 6, 6, 6, 6]"
480,7,"[2, 3, 10, 14, 16, 22]",6,4.3306175684556365,0.10340983606874943,38.064140293669574,"[16719822, 16619822, 17419822, 17519822, 17119822, 17019822, 16919822, 16819822, 17319822, 17219822]","[14, 14, 14, 14, 14, 14, 14, 14, 14, 14]"
481,7,"[1, 2, 3, 4, 18, 20]",6,4.318575720302761,0.10400902759283781,34.57608820598883,"[15381600, 15281600, 15681600, 15781600, 15581600, 15481600, 15081600, 15181600, 15881600, 15981600]","[20, 20, 20, 20, 20, 20, 20, 20, 20, 20]"
482,7,"[2, 3, 4, 5, 18, 19, 23]",7,5.039837640710175,0.1147501477971673,35.06767308372738,"[15554633, 15454633, 15854633, 15954633, 15254633, 15354633, 15654633, 15754633, 15054633, 15154633]","[3, 3, 3, 3, 3, 3, 3, 3, 3, 3]"
483,7,"[2, 13, 14, 18, 20, 21, 22]",7,4.9610412223264575,0.11160978861153126,37.78860121592879,"[15128493, 15028493, 15228493, 15328493, 15528493, 15428493, 15928493, 15828493, 15728493, 15628493]","[18, 18, 18, 18, 18, 18, 18, 18, 18, 18]"
484,7,"[0, 14, 18, 20, 21, 22]",6,4.17424554284662,0.09953766036778688,37.448950910475105,"[15114021, 15014021, 15814021, 15914021, 15414021, 15514021, 15614021, 15714021, 15214021, 15314021]","[20, 20, 20, 20, 20, 20, 20, 20, 20, 20]"
485,7,"[0, 1, 14, 17, 18, 23]",6,4.108387907966971,0.09993275068700314,34.33254306941914,"[15320702, 15220702, 15620702, 15720702, 15520702, 15420702, 15020702, 15120702, 15820702, 15920702]","[23, 23, 23, 23, 23, 23, 23, 23, 23, 23]"
486,7,"[2, 6, 8, 9, 14, 16, 24]",7,5.100598904304206,0.11765091121196747,35.66161666298285,"[15945859, 15845859, 15145859, 15345859, 15245859, 15045859, 15545859, 15645859, 15745859, 15445859]","[24, 24, 24, 24, 24, 24, 24, 24, 24, 24]"
487,7,"[2, 5, 6, 7, 8, 16, 18]",7,4.855989020317793,0.11087810155004263,33.489168361760676,"[15002979, 15102979, 15802979, 15902979, 15402979, 15502979, 15602979, 15702979, 15202979, 15302979]","[18, 18, 18, 18, 18, 18, 18, 18, 18, 18]"
488,7,"[2, 4, 5, 9, 18, 24]",6,4.360229842364788,0.10605785343796015,34.68206042400561,"[15377543, 15277543, 15677543, 15777543, 15577543, 15477543, 15077543, 15177543, 15877543, 15977543]","[24, 24, 24, 24, 24, 24, 24, 24, 24, 24]"
489,7,"[3, 12, 14, 16, 18, 24]",6,4.411596546880901,0.09623570367693901,37.323689276585355,"[15576335, 15476335, 15976335, 15876335, 15176335, 15076335, 15276335, 15376335, 15776335, 15676335]","[14, 14, 14, 14, 14, 14, 14, 14, 14, 14]"
490,7,"[1, 3, 12, 18]",4,2.904456059448421,0.06406254880130291,35.78577096189838,"[15487912, 15587912, 15287912, 15387912, 15687912, 15787912, 15187912, 15087912, 15987912, 15887912]","[3, 3, 3, 3, 3, 3, 3, 3, 3, 3]"
491,7,"[2, 3, 6, 9, 14, 16, 24]",7,5.150387111119926,0.11403445433825254,36.30787701578811,"[15647739, 15947739, 15447739, 15547739, 15847739, 15147739, 15247739, 15347739, 15747739, 15047739]","[14, 14, 14, 14, 14, 14, 14, 14, 14, 14]"
492,7,"[0, 1, 4, 6, 9, 13]",6,4.151228203438222,0.09370159078389406,33.19453052408062,"[15656786, 15756786, 15456786, 15556786, 15356786, 15256786, 15056786, 15156786, 15856786, 15956786]","[0, 0, 0, 0, 0, 0, 0, 0, 0, 0]"
493,7,"[1, 5, 8, 11, 16, 18]",6,4.275737387128174,0.09675278887152672,35.20383977191523,"[15139432, 15039432, 15739432, 15639432, 15539432, 15439432, 15339432, 15239432, 15939432, 15839432]","[16, 16, 16, 16, 16, 16, 16, 16, 16, 16]"
494,7,"[0, 2, 3, 6, 19]",5,3.5743956910446286,0.07749402336776257,34.48543241042644,"[15115810, 15015810, 15715810, 15615810, 15515810, 15415810, 15315810, 15215810, 15915810, 15815810]","[19, 19, 19, 19, 19, 19, 19, 19, 19, 19]"
495,7,"[1, 2, 3, 5, 17, 18]",6,4.31232294626534,0.09749481733888388,34.52796432942463,"[15636340, 15736340, 15436340, 15536340, 15336340, 15236340, 15836340, 15936340, 15036340, 15136340]","[17, 17, 17, 17, 17, 17, 17, 17, 17, 17]"
496,7,"[1, 3, 4, 16, 17, 18]",6,4.30218521412462,0.0996357137337327,35.314401101864256,"[15690489, 15790489, 15490489, 15590489, 15390489, 15290489, 15890489, 15990489, 15090489, 15190489]","[17, 17, 17, 17, 17, 17, 17, 17, 17, 17]"
497,7,"[1, 3, 12, 14, 22, 23]",6,4.2683956464752555,0.10018378403037786,37.38979242773106,"[15738341, 15638341, 15438341, 15538341, 15138341, 15038341, 15838341, 15938341, 15238341, 15338341]","[3, 3, 3, 3, 3, 3, 3, 3, 3, 3]"
498,7,"[2, 4, 7, 9, 10, 14, 17]",7,4.897309737280011,0.11437295656651258,33.9190600035446,"[15547368, 15447368, 15847368, 15947368, 15247368, 15347368, 15047368, 15147368, 15647368, 15747368]","[4, 4, 4, 4, 4, 4, 4, 4, 4, 4]"
499,7,"[0, 3, 7, 12, 17, 22]",6,4.198575920425355,0.09102880116552114,35.9035994093089,"[15468365, 15568365, 15268365, 15368365, 15668365, 15768365, 15168365, 15068365, 15968365, 15868365]","[3, 3, 3, 3, 3, 3, 3, 3, 3, 3]"
500,7,"[0, 4, 5, 9, 12, 16]",6,4.250743057578802,0.10081742983311415,34.38337953691371,"[16694851, 16794851, 17094851, 17194851, 17294851, 17394851, 17494851, 17594851, 16894851, 16994851]","[12, 12, 12, 12, 12, 12, 12, 12, 12, 12]"
501,7,"[3, 4, 6, 9, 19, 22, 23]",7,5.129491886124015,0.1199851343408227,37.38194816293461,"[15598596, 15498596, 15898596, 15998596, 15298596, 15398596, 15098596, 15198596, 15698596, 15798596]","[22, 22, 22, 22, 22, 22, 22, 22, 22, 22]"
502,7,"[1, 5, 10, 18, 19, 22]",6,4.377859093248844,0.10564026329666376,37.46219783059011,"[15758756, 15658756, 15458756, 15558756, 15158756, 15058756, 15858756, 15958756, 15258756, 15358756]","[5, 5, 5, 5, 5, 5, 5, 5, 5, 5]"
503,7,"[3, 4, 8, 14, 18, 21, 24]",7,4.974474326707423,0.11367492750287056,35.49670618160495,"[15722934, 15622934, 15522934, 15422934, 15922934, 15822934, 15022934, 15122934, 15222934, 15322934]","[18, 18, 18, 18, 18, 18, 18, 18, 18, 18]"
504,7,"[3, 7, 9, 14, 15, 18, 22]",7,4.967488334514201,0.11622608173638582,37.091038749885875,"[15244408, 15344408, 15044408, 15144408, 15444408, 15544408, 15744408, 15644408, 15844408, 15944408]","[18, 18, 18, 18, 18, 18, 18, 18, 18, 18]"
505,7,"[2, 7, 15, 16, 18, 22]",6,4.196572795510292,0.09341987501829863,36.61210424740178,"[15584772, 15484772, 15984772, 15884772, 15184772, 15084772, 15684772, 15784772, 15284772, 15384772]","[15, 15, 15, 15, 15, 15, 15, 15, 15, 15]"
506,7,"[0, 3, 6, 17, 18, 19]",6,4.309471587650478,0.09734641574323177,35.41911882418208,"[15331386, 15231386, 15831386, 15931386, 15531386, 15431386, 15131386, 15031386, 15631386, 15731386]","[0, 0, 0, 0, 0, 0, 0, 0, 0, 0]"
507,7,"[1, 3, 11, 12, 18, 19]",6,4.423975020647049,0.10051873233169317,36.86862384535683,"[15509400, 15409400, 15909400, 15809400, 15109400, 15009400, 15609400, 15709400, 15209400, 15309400]","[11, 11, 11, 11, 11, 11, 11, 11, 11, 11]"
508,7,"[0, 1, 2, 3, 13, 20, 22]",7,4.966938356868923,0.11339522991329432,36.432485146181925,"[15667887, 15767887, 15467887, 15567887, 15367887, 15267887, 15067887, 15167887, 15867887, 15967887]","[3, 3, 3, 3, 3, 3, 3, 3, 3, 3]"
509,7,"[3, 5, 11, 13, 18, 21]",6,4.33054668456316,0.09987341519445181,36.441610461721815,"[15146438, 15046438, 15746438, 15646438, 15546438, 15446438, 15946438, 15846438, 15346438, 15246438]","[3, 3, 3, 3, 3, 3, 3, 3, 3, 3]"
510,7,"[2, 10, 11, 14, 17, 18]",6,4.263847057707608,0.09940427727997303,35.652384294429794,"[15132082, 15032082, 15732082, 15632082, 15532082, 15432082, 15332082, 15232082, 15932082, 15832082]","[17, 17, 17, 17, 17, 17, 17, 17, 17, 17]"
511,7,"[5, 6, 8, 9, 12, 17, 19]",7,5.01329926494509,0.11382290720939636,35.53675635245496,"[15066982, 15166982, 15466982, 15566982, 15966982, 15866982, 15366982, 15266982, 15666982, 15766982]","[5, 5, 5, 5, 5, 5, 5, 5, 5, 5]"
512,7,"[8, 14, 17, 18, 24]",5,3.5415612226352096,0.07842538878321648,35.86624440532178,"[15595266, 15495266, 15995266, 15895266, 15195266, 15095266, 15295266, 15395266, 15795266, 15695266]","[17, 17, 17, 17, 17, 17, 17, 17, 17, 17]"
513,7,"[3, 7, 10, 12, 14, 18, 19]",7,4.990336772985756,0.11756396014243364,36.005871001963634,"[15215810, 15315810, 15815810, 15515810, 15415810, 15915810, 15615810, 15115810, 15015810, 15715810]","[19, 19, 19, 19, 19, 19, 19, 19, 19, 19]"
514,7,"[0, 1, 11, 12, 18, 24]",6,4.340966438874602,0.10050752572715282,35.10249742399901,"[15067414, 15167414, 15667414, 15767414, 15867414, 15967414, 15567414, 15467414, 15367414, 15267414]","[12, 12, 12, 12, 12, 12, 12, 12, 12, 12]"
515,7,"[0, 5, 8, 12, 14, 19, 21]",7,4.840392938815057,0.11636936757713556,34.97743214394099,"[15124167, 15424167, 15524167, 15924167, 15224167, 15624167, 15724167, 15824167, 15324167, 15024167]","[19, 19, 19, 19, 19, 19, 19, 19, 19, 19]"
516,7,"[0, 2, 4, 6, 9]",5,3.481605378910899,0.08244746178388596,32.47213298939168,"[15360093, 15260093, 15060093, 15160093, 15660093, 15760093, 15960093, 15860093, 15460093, 15560093]","[4, 4, 4, 4, 4, 4, 4, 4, 4, 4]"
517,7,"[0, 1, 2, 3, 4, 14, 21]",7,4.843168340623379,0.1112183965742588,33.52094261820561,"[17170123, 17070123, 16670123, 16770123, 17570123, 17470123, 16870123, 16970123, 17370123, 17270123]","[3, 3, 3, 3, 3, 3, 3, 3, 3, 3]"
518,7,"[2, 7, 9, 10, 18, 19, 23]",7,5.007210657000542,0.11416581273078918,35.871362366913154,"[15069907, 15569907, 15669907, 15769907, 15469907, 15369907, 15869907, 15969907, 15269907, 15169907]","[7, 7, 7, 7, 7, 7, 7, 7, 7, 7]"
519,7,"[1, 6, 10, 16, 17, 18, 22]",7,5.0701253758743405,0.12013173662126064,37.010481811261606,"[17113295, 17013295, 17513295, 17413295, 17213295, 16713295, 16813295, 16913295, 16613295, 17313295]","[17, 17, 17, 17, 17, 17, 17, 17, 17, 17]"
520,7,"[1, 2, 6, 13, 14, 15, 22]",7,4.904995742253959,0.11848557740449905,35.7037885635426,"[15928324, 15828324, 15628324, 15728324, 15328324, 15228324, 15028324, 15128324, 15428324, 15528324]","[2, 2, 2, 2, 2, 2, 2, 2, 2, 2]"
521,7,"[0, 1, 3, 5, 7, 18, 19]",7,4.906821008771658,0.11204940639436245,34.03622323800145,"[15138341, 15038341, 15738341, 15638341, 15238341, 15338341, 15538341, 15438341, 15938341, 15838341]","[3, 3, 3, 3, 3, 3, 3, 3, 3, 3]"
522,7,"[0, 1, 3, 4, 10, 14, 18]",7,4.846907243132591,0.10756133683025837,33.937876221790376,"[15996495, 15896495, 15196495, 15396495, 15296495, 15096495, 15596495, 15696495, 15796495, 15496495]","[18, 18, 18, 18, 18, 18, 18, 18, 18, 18]"
523,7,"[0, 3, 6, 12, 14, 22]",6,4.16934591345489,0.09406592510640621,36.15794914627137,"[15635027, 15735027, 15435027, 15535027, 15335027, 15235027, 15035027, 15135027, 15835027, 15935027]","[0, 0, 0, 0, 0, 0, 0, 0, 0, 0]"
524,7,"[1, 2, 3, 5, 6, 10]",6,4.289627701044083,0.1002761721611023,33.71516561997123,"[15645057, 15745057, 15045057, 15145057, 15445057, 15545057, 15245057, 15345057, 15845057, 15945057]","[10, 10, 10, 10, 10, 10, 10, 10, 10, 10]"
525,7,"[0, 3, 5, 7, 9, 18, 22]",7,4.928350115194917,0.10723446123301983,35.891890227462035,"[15502979, 15302979, 15202979, 15002979, 15102979, 15802979, 15402979, 15602979, 15702979, 15902979]","[18, 18, 18, 18, 18, 18, 18, 18, 18, 18]"
526,7,"[0, 6, 12, 16, 18, 19]",6,4.239367134869099,0.09162192791700363,35.778017410930865,"[15120017, 15020017, 15820017, 15920017, 15420017, 15520017, 15620017, 15720017, 15220017, 15320017]","[16, 16, 16, 16, 16, 16, 16, 16, 16, 16]"
527,7,"[3, 5, 6, 12, 18, 20]",6,4.2741660587489605,0.09666583314538002,35.44159416644834,"[15168703, 15068703, 15268703, 15368703, 15568703, 15468703, 15768703, 15668703, 15968703, 15868703]","[18, 18, 18, 18, 18, 18, 18, 18, 18, 18]"
528,7,"[6, 14, 18, 22]",4,2.791781209409237,0.06789232045412064,37.42724710924085,"[15266258, 15366258, 15466258, 15566258, 15166258, 15066258, 15866258, 15966258, 15666258, 15766258]","[14, 14, 14, 14, 14, 14, 14, 14, 14, 14]"
529,7,"[0, 2, 3, 4, 5, 22]",6,4.252458896487951,0.10032529011368752,34.69156216193611,"[15228846, 15328846, 15428846, 15528846, 15128846, 15028846, 15828846, 15928846, 15628846, 15728846]","[2, 2, 2, 2, 2, 2, 2, 2, 2, 2]"
530,7,"[0, 1, 2, 9, 11, 12, 18]",7,5.068066557869315,0.11673462577164173,34.8887043196841,"[15012155, 15112155, 15812155, 15912155, 15412155, 15512155, 15612155, 15712155, 15212155, 15312155]","[18, 18, 18, 18, 18, 18, 18, 18, 18, 18]"
531,7,"[0, 1, 2, 6, 18]",5,3.4726534094661474,0.08040153235197067,32.53564060321078,"[15135027, 15035027, 15735027, 15635027, 15535027, 15435027, 15935027, 15835027, 15335027, 15235027]","[0, 0, 0, 0, 0, 0, 0, 0, 0, 0]"
532,7,"[0, 1, 3, 10, 16, 18, 19]",7,5.256582606583834,0.11879702098667622,36.259757038538474,"[15064364, 15164364, 15464364, 15564364, 15964364, 15864364, 15264364, 15364364, 15764364, 15664364]","[0, 0, 0, 0, 0, 0, 0, 0, 0, 0]"
533,7,"[1, 4, 17, 18, 23]",5,3.560769446194172,0.09103645011782646,34.09752050153911,"[15977419, 15877419, 15577419, 15477419, 15377419, 15277419, 15777419, 15677419, 15177419, 15077419]","[23, 23, 23, 23, 23, 23, 23, 23, 23, 23]"
534,7,"[2, 13, 15, 18, 22]",5,3.6481636706739664,0.08949847146868706,37.63653051890433,"[15183140, 15083140, 15783140, 15683140, 15583140, 15483140, 15983140, 15883140, 15383140, 15283140]","[2, 2, 2, 2, 2, 2, 2, 2, 2, 2]"
535,7,"[3, 4, 6, 9, 12, 22]",6,4.414255041629076,0.10636508651077747,36.79861866496503,"[15721486, 15621486, 15421486, 15521486, 15121486, 15021486, 15821486, 15921486, 15221486, 15321486]","[4, 4, 4, 4, 4, 4, 4, 4, 4, 4]"
536,7,"[0, 2, 3, 6, 9, 10, 19]",7,5.13386401720345,0.11460298486053944,35.46547877502495,"[15829416, 15929416, 15429416, 15529416, 15629416, 15729416, 15229416, 15329416, 15029416, 15129416]","[3, 3, 3, 3, 3, 3, 3, 3, 3, 3]"
537,7,"[0, 1, 2, 3, 18, 21]",6,4.2696523796767,0.09105746261775494,34.516066182327144,"[15754380, 15654380, 15354380, 15254380, 15554380, 15454380, 15054380, 15154380, 15854380, 15954380]","[21, 21, 21, 21, 21, 21, 21, 21, 21, 21]"
538,7,"[0, 1, 3, 6, 16, 18]",6,4.256638117134571,0.09705335646867752,34.63542825511346,"[15135027, 15035027, 15735027, 15635027, 15535027, 15435027, 15935027, 15835027, 15335027, 15235027]","[0, 0, 0, 0, 0, 0, 0, 0, 0, 0]"
539,7,"[1, 4, 11, 12, 18, 21]",6,4.223518135026097,0.0941508449614048,34.926890221734844,"[15662929, 15762929, 15162929, 15062929, 15262929, 15362929, 15562929, 15462929, 15962929, 15862929]","[12, 12, 12, 12, 12, 12, 12, 12, 12, 12]"
540,7,"[1, 4, 6, 17, 18, 22]",6,4.181144896894693,0.10176709666848183,35.36102910712361,"[15631544, 15731544, 15431544, 15531544, 15331544, 15231544, 15831544, 15931544, 15031544, 15131544]","[18, 18, 18, 18, 18, 18, 18, 18, 18, 18]"
541,7,"[0, 2, 3, 6, 10, 16]",6,4.261622961610556,0.09947715699672699,34.64164826747341,"[15156786, 15056786, 15756786, 15656786, 15556786, 15456786, 15956786, 15856786, 15356786, 15256786]","[0, 0, 0, 0, 0, 0, 0, 0, 0, 0]"
542,7,"[3, 4, 14, 16, 18, 22]",6,4.280425939708948,0.1003364659845829,37.57285492005758,"[15163517, 15063517, 15863517, 15963517, 15463517, 15563517, 15663517, 15763517, 15263517, 15363517]","[16, 16, 16, 16, 16, 16, 16, 16, 16, 16]"
543,7,"[2, 4, 12, 14, 18, 22]",6,4.124409357085824,0.10173911415040493,36.08631987792129,"[15732539, 15632539, 15332539, 15232539, 15532539, 15432539, 15032539, 15132539, 15832539, 15932539]","[22, 22, 22, 22, 22, 22, 22, 22, 22, 22]"
544,7,"[1, 3, 5, 7, 10, 12, 20]",7,4.959748860448599,0.11193265207111835,34.59754467063716,"[15586352, 15486352, 15986352, 15886352, 15086352, 15186352, 15286352, 15386352, 15686352, 15786352]","[12, 12, 12, 12, 12, 12, 12, 12, 12, 12]"
545,7,"[3, 9, 18, 21]",4,2.9903444312512875,0.0659000389277935,37.952989992685616,"[15177263, 15077263, 15777263, 15677263, 15577263, 15477263, 15977263, 15877263, 15377263, 15277263]","[3, 3, 3, 3, 3, 3, 3, 3, 3, 3]"
546,7,"[1, 4, 5, 6, 10, 14, 17]",7,4.892129663378,0.11682780273258686,33.14214945764148,"[15943925, 15843925, 15143925, 15243925, 15543925, 15443925, 15743925, 15643925, 15343925, 15043925]","[17, 17, 17, 17, 17, 17, 17, 17, 17, 17]"
547,7,"[0, 4, 20, 22, 24]",5,3.558089703321457,0.08533989079296589,36.561178139597175,"[15368320, 15268320, 15868320, 15968320, 15568320, 15468320, 15068320, 15168320, 15768320, 15668320]","[22, 22, 22, 22, 22, 22, 22, 22, 22, 22]"
548,7,"[0, 1, 2, 4, 20]",5,3.4434610288590193,0.08280315808951855,32.52253602584824,"[15163372, 15063372, 15563372, 15463372, 15363372, 15263372, 15863372, 15963372, 15763372, 15663372]","[1, 1, 1, 1, 1, 1, 1, 1, 1, 1]"
549,7,"[0, 1, 3, 9, 12, 22]",6,4.3887227810919285,0.10386217385530472,37.04458327777684,"[15135027, 15035027, 15235027, 15335027, 15535027, 15435027, 15935027, 15835027, 15735027, 15635027]","[0, 0, 0, 0, 0, 0, 0, 0, 0, 0]"
550,7,"[1, 5, 14, 20, 24]",5,3.5802960079163313,0.08310240134596825,35.19515750762075,"[15152385, 15052385, 15852385, 15952385, 15452385, 15552385, 15652385, 15752385, 15252385, 15352385]","[20, 20, 20, 20, 20, 20, 20, 20, 20, 20]"
551,7,"[0, 5, 7, 13, 17, 19]",6,4.160720892250538,0.0947264265269041,34.05492325965315,"[15135027, 15035027, 15735027, 15635027, 15535027, 15435027, 15935027, 15835027, 15335027, 15235027]","[0, 0, 0, 0, 0, 0, 0, 0, 0, 0]"
552,7,"[1, 3, 5, 7, 10, 12, 22]",7,4.9574689250439405,0.11288761720061302,35.74487883205126,"[15502480, 15402480, 15102480, 15002480, 15202480, 15302480, 15802480, 15902480, 15602480, 15702480]","[12, 12, 12, 12, 12, 12, 12, 12, 12, 12]"
553,7,"[0, 1, 2, 9, 18, 21, 22]",7,4.989466104656458,0.11228950880467892,36.45675181916782,"[15315805, 15215805, 15915805, 15815805, 15615805, 15715805, 15015805, 15115805, 15415805, 15515805]","[22, 22, 22, 22, 22, 22, 22, 22, 22, 22]"
554,7,"[3, 4, 10, 18, 22]",5,3.6445844154804945,0.08320082537829876,37.435988806467506,"[15135333, 15035333, 15735333, 15635333, 15535333, 15435333, 15335333, 15235333, 15935333, 15835333]","[22, 22, 22, 22, 22, 22, 22, 22, 22, 22]"
555,7,"[0, 1, 5, 16, 18]",5,3.491163108497858,0.08091280050575733,34.08053180575371,"[15160893, 15060893, 15260893, 15360893, 15560893, 15460893, 15960893, 15860893, 15760893, 15660893]","[0, 0, 0, 0, 0, 0, 0, 0, 0, 0]"
556,7,"[1, 4, 5, 8, 17, 18, 22]",7,4.871325543150306,0.10758681409060955,35.15712013667716,"[15678330, 15778330, 15078330, 15178330, 15878330, 15978330, 15578330, 15478330, 15378330, 15278330]","[22, 22, 22, 22, 22, 22, 22, 22, 22, 22]"
557,7,"[3, 4, 9, 10, 16, 17, 20]",7,5.096022270619869,0.11661899089813232,36.76784588190328,"[15011511, 15111511, 15411511, 15511511, 15911511, 15811511, 15211511, 15311511, 15711511, 15611511]","[3, 3, 3, 3, 3, 3, 3, 3, 3, 3]"
558,7,"[1, 2, 7, 14, 18, 20, 22]",7,4.795344725251198,0.11263053864240646,35.81787478577878,"[15581600, 15481600, 15881600, 15981600, 15681600, 15781600, 15081600, 15181600, 15381600, 15281600]","[20, 20, 20, 20, 20, 20, 20, 20, 20, 20]"
559,7,"[1, 2, 10, 11, 18, 22]",6,4.323318060487509,0.09388743154704571,36.99464001840291,"[15112155, 15012155, 15712155, 15612155, 15512155, 15412155, 15312155, 15212155, 15912155, 15812155]","[18, 18, 18, 18, 18, 18, 18, 18, 18, 18]"
560,7,"[2, 3, 6, 12, 18, 22]",6,4.310657920315862,0.09644490294158459,36.90431211725809,"[15849755, 15949755, 15249755, 15349755, 15149755, 15049755, 15449755, 15549755, 15749755, 15649755]","[22, 22, 22, 22, 22, 22, 22, 22, 22, 22]"
561,7,"[2, 4, 6, 14, 16, 18, 24]",7,4.933527588844299,0.11433545872569084,34.70765746032287,"[15243292, 15343292, 15543292, 15443292, 15943292, 15843292, 15643292, 15743292, 15043292, 15143292]","[14, 14, 14, 14, 14, 14, 14, 14, 14, 14]"
562,7,"[3, 5, 15, 22]",4,2.9210946913808584,0.07234578393399715,37.87235597439576,"[15578354, 15478354, 15978354, 15878354, 15178354, 15078354, 15278354, 15378354, 15778354, 15678354]","[15, 15, 15, 15, 15, 15, 15, 15, 15, 15]"
563,7,"[1, 4, 14, 15, 16, 20]",6,4.176517382264137,0.10059545747935772,35.00240829136843,"[15311258, 15211258, 15811258, 15911258, 15711258, 15611258, 15411258, 15511258, 15111258, 15011258]","[4, 4, 4, 4, 4, 4, 4, 4, 4, 4]"
564,7,"[1, 13, 17, 18, 20]",5,3.5791130866855383,0.08581327274441719,36.129937110561876,"[15583223, 15483223, 15983223, 15883223, 15183223, 15083223, 15283223, 15383223, 15783223, 15683223]","[17, 17, 17, 17, 17, 17, 17, 17, 17, 17]"
565,7,"[0, 1, 3, 12, 13, 19]",6,4.344019351527095,0.1037416011095047,35.6942604270298,"[15727618, 15627618, 15327618, 15227618, 15527618, 15427618, 15027618, 15127618, 15827618, 15927618]","[19, 19, 19, 19, 19, 19, 19, 19, 19, 19]"
566,7,"[0, 1, 2, 3, 13, 15]",6,4.229935934767127,0.09983855113387108,34.126453255303204,"[15892505, 15992505, 15792505, 15692505, 15592505, 15492505, 15392505, 15292505, 15092505, 15192505]","[15, 15, 15, 15, 15, 15, 15, 15, 15, 15]"
567,7,"[3, 4, 12, 13, 14, 15, 22]",7,4.913107056170702,0.1167256124317646,36.7613825810674,"[15208071, 15508071, 15908071, 15808071, 15408071, 15608071, 15008071, 15108071, 15708071, 15308071]","[4, 4, 4, 4, 4, 4, 4, 4, 4, 4]"
568,7,"[0, 1, 2, 3, 10, 12, 13]",7,4.996198106557131,0.11426500976085663,34.62680332043341,"[15184117, 15084117, 15284117, 15384117, 15584117, 15484117, 15784117, 15684117, 15884117, 15984117]","[1, 1, 1, 1, 1, 1, 1, 1, 1, 1]"
569,7,"[2, 6, 14, 16, 18, 20, 22]",7,4.977899957448244,0.11655358038842678,37.23789596730577,"[15359591, 15259591, 15859591, 15959591, 15559591, 15459591, 15159591, 15059591, 15659591, 15759591]","[16, 16, 16, 16, 16, 16, 16, 16, 16, 16]"
570,7,"[0, 1, 3, 10, 12, 19, 21]",7,5.038985811173916,0.1189586129039526,35.898529493782135,"[15112459, 15012459, 15712459, 15612459, 15512459, 15412459, 15812459, 15912459, 15212459, 15312459]","[0, 0, 0, 0, 0, 0, 0, 0, 0, 0]"
571,7,"[0, 2, 3, 7, 12, 18, 19]",7,4.896057415753603,0.11371708288788795,34.71118264033326,"[15124167, 15024167, 15624167, 15724167, 15824167, 15924167, 15524167, 15424167, 15324167, 15224167]","[19, 19, 19, 19, 19, 19, 19, 19, 19, 19]"
572,7,"[0, 1, 2, 6, 12, 14, 18]",7,4.7757345996797085,0.11265284940600395,33.41105179728142,"[15196954, 15096954, 15796954, 15696954, 15596954, 15496954, 15296954, 15396954, 15896954, 15996954]","[0, 0, 0, 0, 0, 0, 0, 0, 0, 0]"
573,7,"[2, 12, 14, 17, 18]",5,3.481394734233618,0.07706072740256786,35.27815475761891,"[15006269, 15106269, 15406269, 15506269, 15906269, 15806269, 15206269, 15306269, 15706269, 15606269]","[18, 18, 18, 18, 18, 18, 18, 18, 18, 18]"
574,7,"[1, 3, 4, 14, 18, 21]",6,4.18070574849844,0.09650499746203423,34.83411935437471,"[15189292, 15089292, 15889292, 15989292, 15489292, 15589292, 15689292, 15789292, 15289292, 15389292]","[14, 14, 14, 14, 14, 14, 14, 14, 14, 14]"
575,7,"[4, 6, 7, 9, 18, 22]",6,4.142805960029364,0.09601519256830215,35.37701503381444,"[15111258, 15011258, 15211258, 15311258, 15511258, 15411258, 15911258, 15811258, 15711258, 15611258]","[4, 4, 4, 4, 4, 4, 4, 4, 4, 4]"
576,7,"[0, 2, 3, 4, 12, 20, 24]",7,4.956845929846168,0.10738849081099033,34.68912657223908,"[15092938, 15792938, 15692938, 15592938, 15192938, 15892938, 15992938, 15492938, 15392938, 15292938]","[3, 3, 3, 3, 3, 3, 3, 3, 3, 3]"
577,7,"[0, 4, 9, 10, 14, 16, 22]",7,4.910349018871784,0.1171021144837141,36.632067112385165,"[15892840, 15992840, 15292840, 15392840, 15492840, 15592840, 15792840, 15692840, 15192840, 15092840]","[16, 16, 16, 16, 16, 16, 16, 16, 16, 16]"
578,7,"[1, 10, 11, 13, 14, 18, 20]",7,5.016192672774196,0.11449863016605377,36.213087637243525,"[15939893, 15839893, 15139893, 15039893, 15539893, 15439893, 15639893, 15739893, 15339893, 15239893]","[13, 13, 13, 13, 13, 13, 13, 13, 13, 13]"
579,7,"[0, 1, 2, 3, 4, 11, 17]",7,5.004721853882074,0.1178674902766943,33.576394594806644,"[15238341, 15338341, 15538341, 15438341, 15938341, 15838341, 15638341, 15738341, 15038341, 15138341]","[3, 3, 3, 3, 3, 3, 3, 3, 3, 3]"
580,7,"[1, 2, 10, 14, 15, 17, 22]",7,4.960153341293335,0.11726225726306438,36.26862644869834,"[15381746, 15281746, 15181746, 15081746, 15981746, 15881746, 15481746, 15581746, 15681746, 15781746]","[2, 2, 2, 2, 2, 2, 2, 2, 2, 2]"
581,7,"[1, 3, 10, 16, 21]",5,3.6694531813263893,0.08353262767195702,36.8338183873333,"[15495032, 15595032, 15995032, 15895032, 15395032, 15295032, 15795032, 15695032, 15195032, 15095032]","[10, 10, 10, 10, 10, 10, 10, 10, 10, 10]"
582,7,"[0, 2, 10, 13, 18, 21]",6,4.184334941208363,0.09672151505947113,35.08832427083204,"[15819768, 15919768, 15519768, 15419768, 15319768, 15219768, 15719768, 15619768, 15119768, 15019768]","[21, 21, 21, 21, 21, 21, 21, 21, 21, 21]"
583,7,"[3, 5, 12, 16, 18, 22]",6,4.388608803972602,0.10560760274529457,38.19172145271053,"[15165069, 15065069, 15665069, 15765069, 15565069, 15465069, 15965069, 15865069, 15365069, 15265069]","[12, 12, 12, 12, 12, 12, 12, 12, 12, 12]"
584,7,"[0, 1, 2, 3, 12, 18]",6,4.273544641211629,0.10089525580406189,34.257297495224826,"[15086993, 15186993, 15486993, 15586993, 15986993, 15886993, 15286993, 15386993, 15786993, 15686993]","[12, 12, 12, 12, 12, 12, 12, 12, 12, 12]"
585,7,"[0, 3, 4, 12, 17]",5,3.5211670342832804,0.08309655264019966,33.840661170333625,"[15696834, 15796834, 15196834, 15096834, 15296834, 15396834, 15596834, 15496834, 15996834, 15896834]","[12, 12, 12, 12, 12, 12, 12, 12, 12, 12]"
586,7,"[0, 1, 3, 7, 12, 19, 22]",7,4.954257357865572,0.1194126307964325,36.08367559672998,"[15924167, 15824167, 15724167, 15624167, 15024167, 15124167, 15324167, 15224167, 15524167, 15424167]","[19, 19, 19, 19, 19, 19, 19, 19, 19, 19]"
587,7,"[1, 5, 7, 9, 14, 18]",6,4.121712915599346,0.09623759984970093,33.99956375872716,"[15120141, 15020141, 15720141, 15620141, 15520141, 15420141, 15320141, 15220141, 15920141, 15820141]","[14, 14, 14, 14, 14, 14, 14, 14, 14, 14]"
588,7,"[1, 2, 3, 6, 16, 18]",6,4.341607864946127,0.10015523806214333,35.08598862285726,"[15187782, 15087782, 15787782, 15687782, 15587782, 15487782, 15987782, 15887782, 15387782, 15287782]","[1, 1, 1, 1, 1, 1, 1, 1, 1, 1]"
589,7,"[0, 1, 2, 3, 4, 5, 9]",7,4.939390618354082,0.11382222920656204,33.29336610729141,"[15930323, 15830323, 15630323, 15730323, 15130323, 15030323, 15230323, 15330323, 15430323, 15530323]","[4, 4, 4, 4, 4, 4, 4, 4, 4, 4]"
590,7,"[6, 7, 8, 12, 16, 20, 23]",7,4.793511059135199,0.10744888335466385,34.92293833209468,"[15734325, 15634325, 15134325, 15034325, 15234325, 15334325, 15534325, 15434325, 15934325, 15834325]","[23, 23, 23, 23, 23, 23, 23, 23, 23, 23]"
591,7,"[1, 3, 4, 12, 14, 18]",6,4.183366302400827,0.09404954873025417,34.57535066727238,"[15166258, 15066258, 15766258, 15666258, 15566258, 15466258, 15366258, 15266258, 15966258, 15866258]","[14, 14, 14, 14, 14, 14, 14, 14, 14, 14]"
592,7,"[0, 1, 3, 9, 16, 22]",6,4.395305119454861,0.10066120140254498,37.63417365696902,"[15701108, 15601108, 15401108, 15501108, 15101108, 15001108, 15801108, 15901108, 15201108, 15301108]","[1, 1, 1, 1, 1, 1, 1, 1, 1, 1]"
593,7,"[4, 6, 7, 12, 15, 18]",6,4.004190683364868,0.09792613796889782,32.91807501406098,"[15192947, 15092947, 15892947, 15992947, 15492947, 15592947, 15392947, 15292947, 15692947, 15792947]","[12, 12, 12, 12, 12, 12, 12, 12, 12, 12]"
594,7,"[1, 2, 9, 12, 14, 18]",6,4.308601247146726,0.09788318537175655,35.349515365669504,"[15689042, 15789042, 15189042, 15089042, 15289042, 15389042, 15589042, 15489042, 15989042, 15889042]","[12, 12, 12, 12, 12, 12, 12, 12, 12, 12]"
595,7,"[0, 3, 5, 12, 13, 14, 23]",7,4.872344879433513,0.10619524307549,34.88561809641708,"[15489042, 15589042, 15389042, 15289042, 15089042, 15189042, 15989042, 15889042, 15789042, 15689042]","[12, 12, 12, 12, 12, 12, 12, 12, 12, 12]"
596,7,"[0, 2, 3, 14, 15, 22, 24]",7,4.996483022347093,0.11430189944803715,36.48068917522739,"[15575386, 15475386, 15375386, 15275386, 15175386, 15075386, 15775386, 15675386, 15975386, 15875386]","[0, 0, 0, 0, 0, 0, 0, 0, 0, 0]"
597,7,"[0, 4, 6, 9, 12, 14, 18]",7,4.834639213979244,0.1138058714568615,33.96665882418996,"[15008071, 15108071, 15408071, 15508071, 15908071, 15808071, 15608071, 15708071, 15208071, 15308071]","[4, 4, 4, 4, 4, 4, 4, 4, 4, 4]"
598,7,"[2, 4, 6, 12, 17, 18, 21]",7,4.89038466103375,0.11135980114340782,34.254689953090356,"[15112762, 15012762, 15712762, 15612762, 15512762, 15412762, 15812762, 15912762, 15312762, 15212762]","[4, 4, 4, 4, 4, 4, 4, 4, 4, 4]"
599,7,"[3, 7, 14, 16, 18, 23]",6,4.180294468998909,0.09861111827194691,35.7628716127947,"[15192938, 15092938, 15792938, 15692938, 15592938, 15492938, 15992938, 15892938, 15392938, 15292938]","[3, 3, 3, 3, 3, 3, 3, 3, 3, 3]"
600,7,"[3, 6, 15, 16, 21, 24]",6,4.398678259924054,0.09804351814091206,36.68349473473305,"[15789661, 15689661, 15489661, 15589661, 15189661, 15089661, 15889661, 15989661, 15289661, 15389661]","[6, 6, 6, 6, 6, 6, 6, 6, 6, 6]"
601,7,"[0, 6, 12, 16, 17, 18, 22]",7,4.948853550478816,0.11205174215137959,36.6317532895399,"[15838183, 15938183, 15738183, 15638183, 15538183, 15438183, 15138183, 15038183, 15338183, 15238183]","[18, 18, 18, 18, 18, 18, 18, 18, 18, 18]"
602,7,"[0, 3, 14, 16, 18, 22]",6,4.2346029076725245,0.0991737861186266,37.66013035434298,"[15135027, 15035027, 15735027, 15635027, 15535027, 15435027, 15935027, 15835027, 15335027, 15235027]","[0, 0, 0, 0, 0, 0, 0, 0, 0, 0]"
603,7,"[0, 1, 3, 6, 12, 18, 19]",7,4.9965566303581,0.11085897870361805,35.01207351312041,"[15635027, 15735027, 15435027, 15535027, 15335027, 15235027, 15035027, 15135027, 15835027, 15935027]","[0, 0, 0, 0, 0, 0, 0, 0, 0, 0]"
604,7,"[0, 1, 13, 14, 15, 18]",6,4.054339783266187,0.09585018828511238,34.335968408267945,"[15694813, 15794813, 15194813, 15094813, 15294813, 15394813, 15594813, 15494813, 15994813, 15894813]","[14, 14, 14, 14, 14, 14, 14, 14, 14, 14]"
605,7,"[2, 3, 9, 18, 23]",5,3.644232055172324,0.08027923293411732,36.576763465534896,"[15541115, 15441115, 15941115, 15841115, 15141115, 15041115, 15641115, 15741115, 15241115, 15341115]","[9, 9, 9, 9, 9, 9, 9, 9, 9, 9]"
606,7,"[0, 3, 19, 22, 24]",5,3.6984752118587494,0.08378897979855537,38.714501538407056,"[15300354, 15200354, 15000354, 15100354, 15600354, 15700354, 15900354, 15800354, 15400354, 15500354]","[19, 19, 19, 19, 19, 19, 19, 19, 19, 19]"
607,7,"[3, 5, 6, 13, 17, 18, 21]",7,4.9572474006563425,0.10510964132845402,35.5077897809845,"[15608135, 15708135, 15808135, 15908135, 15308135, 15208135, 15108135, 15008135, 15508135, 15408135]","[21, 21, 21, 21, 21, 21, 21, 21, 21, 21]"
608,7,"[9, 13, 20, 22, 24]",5,3.7232717033475637,0.08147385530173779,40.02140364991501,"[15302571, 15202571, 15002571, 15102571, 15602571, 15702571, 15902571, 15802571, 15402571, 15502571]","[20, 20, 20, 20, 20, 20, 20, 20, 20, 20]"
609,7,"[3, 6, 7, 13, 15, 16, 19]",7,4.977474149316549,0.11611856892704964,35.83264062932825,"[15624100, 15724100, 15024100, 15124100, 15824100, 15924100, 15524100, 15424100, 15324100, 15224100]","[19, 19, 19, 19, 19, 19, 19, 19, 19, 19]"
610,7,"[1, 3, 4, 9, 13, 16]",6,4.424591265618801,0.10672912187874317,35.953606319380924,"[15834924, 15934924, 15534924, 15434924, 15334924, 15234924, 15734924, 15634924, 15134924, 15034924]","[16, 16, 16, 16, 16, 16, 16, 16, 16, 16]"
611,7,"[1, 7, 13, 16, 18, 19, 22]",7,5.029147261753678,0.1227846909314394,37.4604088736565,"[15159344, 15859344, 15259344, 15959344, 15059344, 15559344, 15659344, 15759344, 15459344, 15359344]","[16, 16, 16, 16, 16, 16, 16, 16, 16, 16]"
612,7,"[3, 4, 6, 16, 18, 21, 22]",7,5.037716718390584,0.11985515989363194,37.07202407870708,"[15017439, 15117439, 15817439, 15917439, 15417439, 15517439, 15617439, 15717439, 15217439, 15317439]","[22, 22, 22, 22, 22, 22, 22, 22, 22, 22]"
613,7,"[0, 2, 9, 16, 18, 22]",6,4.341989979147911,0.09701764397323132,37.49113064437794,"[15635027, 15735027, 15435027, 15535027, 15335027, 15235027, 15035027, 15135027, 15835027, 15935027]","[0, 0, 0, 0, 0, 0, 0, 0, 0, 0]"
614,7,"[0, 1, 5, 9, 19, 23, 24]",7,5.0801927745342255,0.11557098850607872,35.519664999297156,"[15224962, 15324962, 15824962, 15424962, 15624962, 15724962, 15024962, 15124962, 15524962, 15924962]","[24, 24, 24, 24, 24, 24, 24, 24, 24, 24]"
615,7,"[1, 3, 9, 10, 12, 14, 16]",7,5.144505178555846,0.11938338354229927,36.707450876877246,"[15581200, 15481200, 15981200, 15881200, 15081200, 15181200, 15681200, 15781200, 15381200, 15281200]","[14, 14, 14, 14, 14, 14, 14, 14, 14, 14]"
616,7,"[0, 1, 2, 4, 6, 20]",6,4.12432468496263,0.09954545646905899,32.3159923464215,"[15382576, 15282576, 15082576, 15182576, 15482576, 15582576, 15982576, 15882576, 15782576, 15682576]","[4, 4, 4, 4, 4, 4, 4, 4, 4, 4]"
617,7,"[2, 3, 13, 14, 16, 18, 24]",7,5.108961610123515,0.11203640699386597,36.7717359864286,"[15990297, 15890297, 15690297, 15790297, 15190297, 15090297, 15290297, 15390297, 15490297, 15590297]","[16, 16, 16, 16, 16, 16, 16, 16, 16, 16]"
618,7,"[4, 6, 16, 17, 18, 22]",6,4.214267436414957,0.102071613073349,36.61391069320962,"[15180606, 15080606, 15880606, 15980606, 15480606, 15580606, 15680606, 15780606, 15280606, 15380606]","[17, 17, 17, 17, 17, 17, 17, 17, 17, 17]"
619,7,"[1, 13, 14, 16, 18, 19, 22]",7,5.0042188465595245,0.11341761611402035,38.33520717479821,"[15115973, 15015973, 15715973, 15615973, 15515973, 15415973, 15315973, 15215973, 15915973, 15815973]","[1, 1, 1, 1, 1, 1, 1, 1, 1, 1]"
620,7,"[1, 3, 6, 12, 18, 22, 23]",7,4.970960967242718,0.11944744549691677,36.77097773359024,"[15081404, 15181404, 15781404, 15681404, 15581404, 15481404, 15881404, 15981404, 15281404, 15381404]","[18, 18, 18, 18, 18, 18, 18, 18, 18, 18]"
621,7,"[1, 3, 4, 5, 16, 17, 20]",7,5.00283582881093,0.11680189706385136,35.083743415839436,"[15182576, 15082576, 15882576, 15982576, 15582576, 15482576, 15282576, 15382576, 15782576, 15682576]","[4, 4, 4, 4, 4, 4, 4, 4, 4, 4]"
622,7,"[1, 10, 11, 16, 18]",5,3.636381531134248,0.08339235931634903,36.49712294405326,"[15158219, 15058219, 15258219, 15358219, 15558219, 15458219, 15958219, 15858219, 15758219, 15658219]","[1, 1, 1, 1, 1, 1, 1, 1, 1, 1]"
623,7,"[5, 7, 12, 13, 18, 22]",6,4.127321487292647,0.09084843844175339,36.24124776230504,"[15120945, 15020945, 15720945, 15620945, 15520945, 15420945, 15320945, 15220945, 15920945, 15820945]","[18, 18, 18, 18, 18, 18, 18, 18, 18, 18]"
624,7,"[0, 3, 4, 8, 16, 17, 21]",7,4.91947753354907,0.1168282050639391,34.84549909776875,"[15911511, 15811511, 15611511, 15711511, 15311511, 15211511, 15411511, 15511511, 15011511, 15111511]","[3, 3, 3, 3, 3, 3, 3, 3, 3, 3]"
625,7,"[4, 7, 12, 14, 15, 17]",6,3.9936857502907515,0.09271450340747833,33.38852069185426,"[15199242, 15099242, 15899242, 15999242, 15499242, 15599242, 15699242, 15799242, 15299242, 15399242]","[14, 14, 14, 14, 14, 14, 14, 14, 14, 14]"
626,7,"[2, 3, 6, 12, 17, 18]",6,4.363236514851451,0.09850763157010078,35.103957346174866,"[15746438, 15646438, 15446438, 15546438, 15146438, 15046438, 15846438, 15946438, 15246438, 15346438]","[3, 3, 3, 3, 3, 3, 3, 3, 3, 3]"
627,7,"[0, 2, 6, 18, 22]",5,3.4873008094727993,0.07623732276260853,35.42513725152239,"[15988998, 15888998, 15788998, 15688998, 15088998, 15188998, 15388998, 15288998, 15488998, 15588998]","[6, 6, 6, 6, 6, 6, 6, 6, 6, 6]"
628,7,"[3, 4, 10, 16, 17, 22, 24]",7,5.197201043367386,0.12483043409883976,37.7646208963623,"[15943925, 15843925, 15343925, 15243925, 15143925, 15043925, 15743925, 15643925, 15543925, 15443925]","[17, 17, 17, 17, 17, 17, 17, 17, 17, 17]"
629,7,"[1, 7, 12, 13, 18, 19, 21]",7,4.918279988691211,0.11122806929051876,35.681456566123025,"[15124167, 15024167, 15524167, 15424167, 15924167, 15824167, 15324167, 15224167, 15624167, 15724167]","[19, 19, 19, 19, 19, 19, 19, 19, 19, 19]"
630,7,"[0, 2, 3, 6, 22]",5,3.58730598539114,0.08547144941985607,35.66011339556426,"[15160899, 15060899, 15860899, 15960899, 15460899, 15560899, 15660899, 15760899, 15260899, 15360899]","[6, 6, 6, 6, 6, 6, 6, 6, 6, 6]"
631,7,"[0, 1, 2, 3, 4, 10, 13]",7,4.943169085308909,0.111530976369977,33.64249769059409,"[15073530, 15573530, 15673530, 15773530, 15473530, 15373530, 15873530, 15973530, 15273530, 15173530]","[1, 1, 1, 1, 1, 1, 1, 1, 1, 1]"
632,7,"[1, 3, 5, 16, 19]",5,3.7307754140347242,0.08313151635229588,36.50767152532935,"[15122538, 15022538, 15822538, 15922538, 15422538, 15522538, 15622538, 15722538, 15222538, 15322538]","[16, 16, 16, 16, 16, 16, 16, 16, 16, 16]"
633,7,"[1, 2, 4, 11, 12, 16, 19]",7,5.041315650567412,0.11470135673880577,35.44985308025831,"[15972460, 15872460, 15172460, 15372460, 15272460, 15072460, 15572460, 15672460, 15772460, 15472460]","[19, 19, 19, 19, 19, 19, 19, 19, 19, 19]"
634,7,"[0, 4, 9, 12, 18, 22, 24]",7,4.993804756551981,0.1166022140532732,36.639997967319296,"[15180991, 15080991, 15880991, 15980991, 15280991, 15380991, 15480991, 15580991, 15680991, 15780991]","[0, 0, 0, 0, 0, 0, 0, 0, 0, 0]"
635,7,"[0, 1, 2, 3, 5, 12]",6,4.204070778563619,0.09425254166126251,33.43200485648898,"[15156065, 15056065, 15756065, 15656065, 15556065, 15456065, 15356065, 15256065, 15956065, 15856065]","[5, 5, 5, 5, 5, 5, 5, 5, 5, 5]"
636,7,"[0, 1, 3, 7, 12, 17, 18]",7,4.8347780257463455,0.11041115410625935,33.96184744812282,"[17148128, 17048128, 17448128, 17548128, 17248128, 17348128, 16648128, 16748128, 16948128, 16848128]","[17, 17, 17, 17, 17, 17, 17, 17, 17, 17]"
637,7,"[0, 1, 3, 14, 16, 18, 19]",7,4.9979212656617165,0.11732242442667484,36.04611231725929,"[15717042, 15617042, 15517042, 15417042, 15017042, 15117042, 15317042, 15217042, 15917042, 15817042]","[0, 0, 0, 0, 0, 0, 0, 0, 0, 0]"
638,7,"[6, 10, 11, 18, 19, 24]",6,4.449288314208388,0.09730067290365696,36.814671240126096,"[15140394, 15040394, 15840394, 15940394, 15440394, 15540394, 15340394, 15240394, 15640394, 15740394]","[18, 18, 18, 18, 18, 18, 18, 18, 18, 18]"
639,7,"[1, 5, 7, 12, 14, 18, 20]",7,4.79233480989933,0.10670203156769276,34.216059846470934,"[15162444, 15062444, 15762444, 15662444, 15562444, 15462444, 15862444, 15962444, 15262444, 15362444]","[1, 1, 1, 1, 1, 1, 1, 1, 1, 1]"
640,7,"[3, 4, 5, 14, 18, 20, 22]",7,4.974708272144198,0.11961092427372932,36.59186388651973,"[15931946, 15831946, 15331946, 15231946, 15131946, 15031946, 15731946, 15631946, 15531946, 15431946]","[18, 18, 18, 18, 18, 18, 18, 18, 18, 18]"
641,7,"[1, 2, 3, 16, 23]",5,3.6472794115543365,0.08383955992758274,35.75228658830747,"[15332591, 15232591, 15032591, 15132591, 15632591, 15732591, 15932591, 15832591, 15432591, 15532591]","[3, 3, 3, 3, 3, 3, 3, 3, 3, 3]"
642,7,"[1, 2, 6, 8, 14, 24]",6,4.263140428811312,0.10319810174405575,33.793725683897115,"[15162444, 15062444, 15762444, 15662444, 15562444, 15462444, 15962444, 15862444, 15362444, 15262444]","[1, 1, 1, 1, 1, 1, 1, 1, 1, 1]"
643,7,"[0, 3, 8, 12, 16, 24]",6,4.35831487365067,0.09780694171786308,35.909643344270684,"[15175386, 15075386, 15275386, 15375386, 15575386, 15475386, 15975386, 15875386, 15775386, 15675386]","[0, 0, 0, 0, 0, 0, 0, 0, 0, 0]"
644,7,"[1, 2, 3, 6, 14]",5,3.567737789824605,0.08260411024093628,33.79768351614475,"[16600399, 16700399, 17000399, 17100399, 17500399, 17400399, 17300399, 17200399, 16800399, 16900399]","[1, 1, 1, 1, 1, 1, 1, 1, 1, 1]"
645,7,"[1, 6, 8, 14, 18, 20, 24]",7,4.983038429170847,0.10925289615988731,35.088670641849085,"[15658219, 15758219, 15458219, 15558219, 15358219, 15258219, 15058219, 15158219, 15858219, 15958219]","[1, 1, 1, 1, 1, 1, 1, 1, 1, 1]"
646,7,"[1, 4, 5, 13, 18, 20, 22]",7,4.927233599126339,0.11061636731028557,36.08341344605599,"[15312861, 15212861, 15712861, 15612861, 15112861, 15012861, 15412861, 15512861, 15812861, 15912861]","[18, 18, 18, 18, 18, 18, 18, 18, 18, 18]"
647,7,"[3, 5, 10, 14, 16, 17, 20]",7,5.060206830501556,0.11499614454805851,36.498471098951995,"[15359803, 15259803, 15859803, 15559803, 15659803, 15759803, 15059803, 15159803, 15459803, 15959803]","[10, 10, 10, 10, 10, 10, 10, 10, 10, 10]"
648,7,"[1, 16, 19, 20, 22]",5,3.680827848613262,0.08798745833337307,39.626408057566735,"[15759344, 15659344, 15459344, 15559344, 15159344, 15059344, 15859344, 15959344, 15259344, 15359344]","[16, 16, 16, 16, 16, 16, 16, 16, 16, 16]"
649,7,"[1, 2, 9, 12, 18]",5,3.601004909723997,0.08388650603592396,35.42261777818203,"[15458292, 15558292, 15958292, 15858292, 15158292, 15058292, 15758292, 15658292, 15258292, 15358292]","[9, 9, 9, 9, 9, 9, 9, 9, 9, 9]"
650,7,"[1, 3, 4, 5, 13, 16]",6,4.270729409530759,0.10016879811882973,34.69617133090893,"[15468615, 15568615, 15868615, 15968615, 15068615, 15168615, 15668615, 15768615, 15368615, 15268615]","[3, 3, 3, 3, 3, 3, 3, 3, 3, 3]"
651,7,"[1, 4, 5, 12, 17, 18]",6,4.16209870018065,0.0960494801402092,33.703704630568005,"[15184117, 15084117, 15284117, 15384117, 15584117, 15484117, 15984117, 15884117, 15784117, 15684117]","[1, 1, 1, 1, 1, 1, 1, 1, 1, 1]"
652,7,"[0, 3, 4, 14, 18, 19, 22]",7,4.919886656105518,0.11047237925231457,36.62036968262068,"[15135027, 15035027, 15735027, 15635027, 15535027, 15435027, 15835027, 15935027, 15235027, 15335027]","[0, 0, 0, 0, 0, 0, 0, 0, 0, 0]"
653,7,"[1, 16, 18, 20, 23, 24]",6,4.335544040426612,0.09960016794502735,36.99730544677004,"[15568703, 15468703, 15968703, 15868703, 15168703, 15068703, 15268703, 15368703, 15768703, 15668703]","[18, 18, 18, 18, 18, 18, 18, 18, 18, 18]"
654,7,"[0, 2, 5, 7, 8, 18]",6,4.003052249550819,0.09268840029835701,32.20614591745349,"[15162719, 15062719, 15262719, 15362719, 15562719, 15462719, 15762719, 15662719, 15962719, 15862719]","[8, 8, 8, 8, 8, 8, 8, 8, 8, 8]"
655,7,"[0, 2, 10, 15, 18]",5,3.416269451379776,0.07451469451189041,34.14096106020734,"[15187154, 15087154, 15287154, 15387154, 15587154, 15487154, 15987154, 15887154, 15787154, 15687154]","[0, 0, 0, 0, 0, 0, 0, 0, 0, 0]"
656,7,"[0, 3, 13, 16, 20, 22, 24]",7,5.161204801872373,0.1179060097783804,38.327201838139445,"[15579703, 15479703, 15879703, 15979703, 15179703, 15079703, 15379703, 15279703, 15679703, 15779703]","[22, 22, 22, 22, 22, 22, 22, 22, 22, 22]"
657,7,"[1, 2, 3, 6, 7, 14]",6,4.1839161943644285,0.09677864424884319,32.97480546263978,"[15115973, 15015973, 15715973, 15615973, 15515973, 15415973, 15915973, 15815973, 15315973, 15215973]","[1, 1, 1, 1, 1, 1, 1, 1, 1, 1]"
658,7,"[1, 6, 10, 14, 18, 21, 22]",7,4.933573989197612,0.11694623157382011,36.598811741984846,"[15162444, 15062444, 15762444, 15662444, 15562444, 15462444, 15862444, 15962444, 15262444, 15362444]","[1, 1, 1, 1, 1, 1, 1, 1, 1, 1]"
659,7,"[0, 2, 6, 9, 10, 16, 18]",7,5.042072778567672,0.11162175238132477,35.14666884365891,"[15977919, 15877919, 15477919, 15577919, 15177919, 15077919, 15677919, 15777919, 15377919, 15277919]","[10, 10, 10, 10, 10, 10, 10, 10, 10, 10]"
660,7,"[1, 3, 5, 10, 14, 20, 24]",7,5.122416565194726,0.11839703097939491,35.76985764756267,"[15108365, 15008365, 15708365, 15608365, 15508365, 15408365, 15808365, 15908365, 15208365, 15308365]","[3, 3, 3, 3, 3, 3, 3, 3, 3, 3]"
661,7,"[1, 7, 11, 12, 13, 18, 21]",7,4.917148219421506,0.10846407525241375,35.174268644968315,"[15524894, 15424894, 15624894, 15724894, 15124894, 15024894, 15824894, 15924894, 15324894, 15224894]","[12, 12, 12, 12, 12, 12, 12, 12, 12, 12]"
662,7,"[1, 3, 5, 9, 21, 23]",6,4.365469625219703,0.10029428265988827,35.89720120583661,"[15259775, 15359775, 15559775, 15459775, 15959775, 15859775, 15159775, 15059775, 15659775, 15759775]","[23, 23, 23, 23, 23, 23, 23, 23, 23, 23]"
663,7,"[0, 1, 4, 7, 12, 14, 18]",7,4.678515801206231,0.11509548500180244,32.60392700208883,"[15726311, 15626311, 15826311, 15926311, 15426311, 15526311, 15326311, 15226311, 15026311, 15126311]","[4, 4, 4, 4, 4, 4, 4, 4, 4, 4]"
664,7,"[0, 2, 3, 12, 18, 21]",6,4.228855963796377,0.0944475308060646,35.17935738922097,"[15135027, 15035027, 15735027, 15635027, 15535027, 15435027, 15935027, 15835027, 15335027, 15235027]","[0, 0, 0, 0, 0, 0, 0, 0, 0, 0]"
665,7,"[0, 5, 7, 12, 17, 18, 20]",7,4.744159925729036,0.10997325927019119,34.0032056708421,"[15354264, 15254264, 15654264, 15954264, 15854264, 15754264, 15554264, 15054264, 15154264, 15454264]","[20, 20, 20, 20, 20, 20, 20, 20, 20, 20]"
666,7,"[3, 5, 16, 18, 19, 23]",6,4.361437687650323,0.0972263291478157,37.22489360083515,"[15138341, 15038341, 15738341, 15638341, 15538341, 15438341, 15938341, 15838341, 15338341, 15238341]","[3, 3, 3, 3, 3, 3, 3, 3, 3, 3]"
667,7,"[1, 2, 4, 12, 13, 16]",6,4.198744047433138,0.10028515942394733,34.53390886324147,"[15582576, 15482576, 15982576, 15882576, 15182576, 15082576, 15282576, 15382576, 15782576, 15682576]","[4, 4, 4, 4, 4, 4, 4, 4, 4, 4]"
668,7,"[3, 4, 6, 7, 17, 18, 21]",7,4.809123869985342,0.10977063328027725,33.97282236894326,"[15069171, 15569171, 15369171, 15269171, 15469171, 15769171, 15869171, 15969171, 15669171, 15169171]","[18, 18, 18, 18, 18, 18, 18, 18, 18, 18]"
669,7,"[0, 4, 6, 9, 18, 22]",6,4.196690823882818,0.09280890226364136,35.54172407773634,"[15322568, 15222568, 15022568, 15122568, 15622568, 15722568, 15922568, 15822568, 15422568, 15522568]","[6, 6, 6, 6, 6, 6, 6, 6, 6, 6]"
670,7,"[0, 6, 12, 15, 18, 22]",6,4.161573028191924,0.094795947894454,35.975763292827956,"[15727399, 15627399, 15427399, 15527399, 15127399, 15027399, 15827399, 15927399, 15227399, 15327399]","[6, 6, 6, 6, 6, 6, 6, 6, 6, 6]"
671,7,"[1, 4, 9, 14, 18, 19]",6,4.326503606513143,0.10353957489132881,35.577401409391314,"[15582286, 15482286, 15982286, 15882286, 15182286, 15082286, 15282286, 15382286, 15782286, 15682286]","[9, 9, 9, 9, 9, 9, 9, 9, 9, 9]"
672,7,"[4, 6, 14, 22, 24]",5,3.5309091210365295,0.08515303023159504,36.11458907192573,"[16918368, 16818368, 16618368, 16718368, 17018368, 17118368, 17218368, 17318368, 17418368, 17518368]","[22, 22, 22, 22, 22, 22, 22, 22, 22, 22]"
673,7,"[3, 5, 7, 15, 18, 19]",6,4.2612252701073885,0.09997569769620895,35.20587551492887,"[15624167, 15724167, 15924167, 15824167, 15524167, 15424167, 15224167, 15324167, 15024167, 15124167]","[19, 19, 19, 19, 19, 19, 19, 19, 19, 19]"
674,7,"[2, 4, 5, 8, 15, 20, 22]",7,4.861440040171146,0.1139853224158287,35.356314725442125,"[15654264, 15754264, 15354264, 15254264, 15854264, 15954264, 15454264, 15554264, 15054264, 15154264]","[20, 20, 20, 20, 20, 20, 20, 20, 20, 20]"
675,7,"[2, 4, 14, 16, 18, 21]",6,4.207625349983573,0.09472565911710262,35.19005627751661,"[15408071, 15508071, 15808071, 15908071, 15008071, 15108071, 15608071, 15708071, 15308071, 15208071]","[4, 4, 4, 4, 4, 4, 4, 4, 4, 4]"
676,7,"[0, 4, 5, 10, 16, 18, 20]",7,4.897078953683376,0.12083334475755692,34.660476620774716,"[15137166, 15037166, 15737166, 15637166, 15537166, 15437166, 15837166, 15937166, 15337166, 15237166]","[4, 4, 4, 4, 4, 4, 4, 4, 4, 4]"
677,7,"[0, 4, 5, 15, 19, 22]",6,4.166856378316879,0.09755616076290607,35.58981631711746,"[15700329, 15600329, 15400329, 15500329, 15100329, 15000329, 15800329, 15900329, 15200329, 15300329]","[4, 4, 4, 4, 4, 4, 4, 4, 4, 4]"
678,7,"[5, 14, 18, 20, 22, 24]",6,4.327687617391348,0.1065931636840105,37.863681617037706,"[15002063, 15102063, 15402063, 15502063, 15902063, 15802063, 15702063, 15602063, 15202063, 15302063]","[5, 5, 5, 5, 5, 5, 5, 5, 5, 5]"
679,7,"[0, 3, 13, 14, 18, 19, 21]",7,4.990290915593505,0.11427931115031242,36.46079827000254,"[15924167, 15824167, 15624167, 15724167, 15324167, 15224167, 15124167, 15024167, 15524167, 15424167]","[19, 19, 19, 19, 19, 19, 19, 19, 19, 19]"
680,7,"[0, 3, 11, 14, 18, 22]",6,4.3053782265633345,0.1021297313272953,37.24454257955464,"[15317042, 15217042, 15117042, 15017042, 15417042, 15517042, 15917042, 15817042, 15617042, 15717042]","[0, 0, 0, 0, 0, 0, 0, 0, 0, 0]"
681,7,"[1, 7, 15, 17, 18, 22, 24]",7,4.961953453719616,0.11452236026525497,36.25454670436947,"[15532784, 15432784, 15132784, 15032784, 15232784, 15332784, 15832784, 15932784, 15632784, 15732784]","[22, 22, 22, 22, 22, 22, 22, 22, 22, 22]"
682,7,"[1, 3, 4, 9, 14]",5,3.600904006510973,0.08335116691887379,34.7659603680484,"[15738341, 15638341, 15438341, 15538341, 15138341, 15038341, 15838341, 15938341, 15238341, 15338341]","[3, 3, 3, 3, 3, 3, 3, 3, 3, 3]"
683,7,"[3, 4, 18, 19, 22, 24]",6,4.4824662040919065,0.10427743941545486,38.30127900148121,"[15189621, 15089621, 15789621, 15689621, 15589621, 15489621, 15989621, 15889621, 15389621, 15289621]","[3, 3, 3, 3, 3, 3, 3, 3, 3, 3]"
684,7,"[0, 2, 10, 18, 21, 24]",6,4.295181732624769,0.09440396167337894,35.284093962516636,"[15135027, 15035027, 15735027, 15635027, 15535027, 15435027, 15935027, 15835027, 15335027, 15235027]","[0, 0, 0, 0, 0, 0, 0, 0, 0, 0]"
685,7,"[0, 1, 3, 6, 12, 16, 21]",7,4.998859751969576,0.11183725669980049,35.00523932204981,"[15168365, 15068365, 15268365, 15368365, 15868365, 15968365, 15468365, 15568365, 15668365, 15768365]","[3, 3, 3, 3, 3, 3, 3, 3, 3, 3]"
686,7,"[5, 6, 14, 16, 17, 18, 24]",7,5.059805069118738,0.11692283675074577,35.53776863283877,"[15055115, 15155115, 15455115, 15555115, 15955115, 15855115, 15255115, 15355115, 15755115, 15655115]","[5, 5, 5, 5, 5, 5, 5, 5, 5, 5]"
687,7,"[1, 3, 4, 7, 18]",5,3.478380363434553,0.08157477714121342,33.022671926766634,"[15669907, 15769907, 15169907, 15069907, 15269907, 15369907, 15569907, 15469907, 15969907, 15869907]","[7, 7, 7, 7, 7, 7, 7, 7, 7, 7]"
688,7,"[0, 1, 3, 15, 18]",5,3.5176436845213175,0.08263137750327587,34.36847318941727,"[15148789, 15048789, 15248789, 15348789, 15548789, 15448789, 15948789, 15848789, 15748789, 15648789]","[0, 0, 0, 0, 0, 0, 0, 0, 0, 0]"
689,7,"[1, 3, 5, 9, 13, 16, 18]",7,5.155124632641673,0.11929093487560749,36.42321472515219,"[15901908, 15801908, 15401908, 15501908, 15301908, 15201908, 15601908, 15701908, 15101908, 15001908]","[13, 13, 13, 13, 13, 13, 13, 13, 13, 13]"
690,7,"[11, 14, 16, 18, 22]",5,3.5801881086081266,0.08264102414250374,39.087516982574016,"[16630117, 16730117, 17030117, 17130117, 17530117, 17430117, 17330117, 17230117, 16830117, 16930117]","[11, 11, 11, 11, 11, 11, 11, 11, 11, 11]"
691,7,"[2, 5, 6, 10, 12, 18, 22]",7,4.931395906955004,0.11941003613173962,35.96839321471219,"[15381794, 15281794, 15181794, 15081794, 15481794, 15581794, 15681794, 15781794, 15881794, 15981794]","[10, 10, 10, 10, 10, 10, 10, 10, 10, 10]"
692,7,"[0, 1, 4, 5, 16, 18]",6,4.118425073102117,0.09598464332520962,33.287945980283745,"[15122538, 15022538, 15722538, 15622538, 15522538, 15422538, 15322538, 15222538, 15922538, 15822538]","[16, 16, 16, 16, 16, 16, 16, 16, 16, 16]"
693,7,"[0, 1, 5, 6, 18, 21]",6,4.096306996420026,0.0856777299195528,33.283500470919535,"[15667885, 15767885, 15167885, 15067885, 15267885, 15367885, 15567885, 15467885, 15967885, 15867885]","[6, 6, 6, 6, 6, 6, 6, 6, 6, 6]"
694,7,"[0, 1, 3, 6, 18, 21]",6,4.199527287855744,0.09385082684457302,34.304606563023604,"[15361872, 15261872, 15061872, 15161872, 15661872, 15761872, 15961872, 15861872, 15461872, 15561872]","[3, 3, 3, 3, 3, 3, 3, 3, 3, 3]"
695,7,"[0, 4, 16, 17, 18]",5,3.4277330078184605,0.08251882717013359,34.31319348132238,"[15606216, 15706216, 15406216, 15506216, 15306216, 15206216, 15006216, 15106216, 15806216, 15906216]","[0, 0, 0, 0, 0, 0, 0, 0, 0, 0]"
696,7,"[2, 3, 4, 12, 18]",5,3.5333760771900415,0.08010100200772285,34.55694466903806,"[15107710, 15007710, 15207710, 15307710, 15507710, 15407710, 15707710, 15607710, 15907710, 15807710]","[18, 18, 18, 18, 18, 18, 18, 18, 18, 18]"
697,7,"[0, 1, 7, 17, 18]",5,3.373551143333316,0.07652879878878593,32.71681524645537,"[15659001, 15759001, 15159001, 15059001, 15259001, 15359001, 15559001, 15459001, 15959001, 15859001]","[17, 17, 17, 17, 17, 17, 17, 17, 17, 17]"
698,7,"[2, 3, 5, 7, 16, 18, 20]",7,4.992350362241268,0.11422916688024998,35.18804002639705,"[15103562, 15003562, 15603562, 15703562, 15303562, 15203562, 15403562, 15503562, 15803562, 15903562]","[7, 7, 7, 7, 7, 7, 7, 7, 7, 7]"
699,7,"[8, 12, 14, 16, 20]",5,3.518916318193078,0.08628945611417294,36.60265768142417,"[15567414, 15467414, 15167414, 15067414, 15767414, 15667414, 15367414, 15267414, 15967414, 15867414]","[12, 12, 12, 12, 12, 12, 12, 12, 12, 12]"
700,7,"[1, 7, 14, 15, 18, 20, 21]",7,4.755855694413185,0.1050967276096344,34.90339098005955,"[15173530, 15073530, 15773530, 15673530, 15573530, 15473530, 15273530, 15373530, 15873530, 15973530]","[1, 1, 1, 1, 1, 1, 1, 1, 1, 1]"
701,7,"[0, 9, 12, 14, 18, 23]",6,4.171458020806313,0.09957456216216087,35.57431917389234,"[15742501, 15642501, 15442501, 15542501, 15142501, 15042501, 15842501, 15942501, 15242501, 15342501]","[9, 9, 9, 9, 9, 9, 9, 9, 9, 9]"
702,7,"[4, 12, 17, 18, 20]",5,3.533821064978838,0.08427778258919716,35.36626176098362,"[15484983, 15584983, 15284983, 15384983, 15684983, 15784983, 15184983, 15084983, 15984983, 15884983]","[12, 12, 12, 12, 12, 12, 12, 12, 12, 12]"
703,7,"[4, 6, 11, 12, 14, 24]",6,4.263138931244612,0.09943709149956703,34.56073020794429,"[15840339, 15940339, 15540339, 15440339, 15340339, 15240339, 15740339, 15640339, 15140339, 15040339]","[24, 24, 24, 24, 24, 24, 24, 24, 24, 24]"
704,7,"[1, 6, 7, 10, 16, 18, 19]",7,4.974000535905361,0.11495293863117695,35.168517044678865,"[15446348, 15546348, 15846348, 15946348, 15746348, 15646348, 15146348, 15046348, 15346348, 15246348]","[6, 6, 6, 6, 6, 6, 6, 6, 6, 6]"
705,7,"[5, 7, 12, 18, 20, 22]",6,4.165176302194595,0.09927978739142418,36.49598314395795,"[15362344, 15262344, 15662344, 15762344, 15562344, 15462344, 15062344, 15162344, 15862344, 15962344]","[22, 22, 22, 22, 22, 22, 22, 22, 22, 22]"
706,7,"[1, 6, 9, 11, 14, 18]",6,4.308424457907677,0.09540756605565548,35.3120583507698,"[15181200, 15081200, 15781200, 15681200, 15581200, 15481200, 15381200, 15281200, 15981200, 15881200]","[14, 14, 14, 14, 14, 14, 14, 14, 14, 14]"
707,7,"[1, 3, 12, 14, 16, 20, 22]",7,5.016619063913822,0.1164966057986021,38.065058879886884,"[15922538, 15822538, 15322538, 15222538, 15122538, 15022538, 15722538, 15622538, 15522538, 15422538]","[16, 16, 16, 16, 16, 16, 16, 16, 16, 16]"
708,7,"[2, 3, 6, 8, 17, 18, 22]",7,4.99659182690084,0.11683009006083012,36.357336750054465,"[15222568, 15322568, 15122568, 15022568, 15622568, 15722568, 15422568, 15522568, 15922568, 15822568]","[6, 6, 6, 6, 6, 6, 6, 6, 6, 6]"
709,7,"[4, 6, 11, 17, 18]",5,3.5114535558968782,0.08010477386415005,34.10140904970467,"[15132082, 15032082, 15832082, 15932082, 15432082, 15532082, 15632082, 15732082, 15232082, 15332082]","[17, 17, 17, 17, 17, 17, 17, 17, 17, 17]"
710,7,"[0, 1, 2, 6, 18, 24]",6,4.218294370919466,0.0966861117631197,33.49599366805827,"[15587985, 15487985, 15987985, 15887985, 15187985, 15087985, 15287985, 15387985, 15787985, 15687985]","[2, 2, 2, 2, 2, 2, 2, 2, 2, 2]"
711,7,"[1, 4, 10, 12, 16, 18, 23]",7,4.881901443004608,0.11637798883020878,35.2934585747176,"[15076185, 15576185, 15376185, 15276185, 15476185, 15776185, 15876185, 15976185, 15676185, 15176185]","[18, 18, 18, 18, 18, 18, 18, 18, 18, 18]"
712,7,"[1, 4, 9, 14, 17, 20]",6,4.217271262779832,0.10054576024413109,35.07140316084648,"[15704257, 15604257, 15404257, 15504257, 15104257, 15004257, 15804257, 15904257, 15204257, 15304257]","[4, 4, 4, 4, 4, 4, 4, 4, 4, 4]"
713,7,"[1, 3, 4, 9, 19, 24]",6,4.541361669078469,0.10318422317504883,36.32550747762434,"[15220227, 15320227, 15520227, 15420227, 15920227, 15820227, 15120227, 15020227, 15620227, 15720227]","[24, 24, 24, 24, 24, 24, 24, 24, 24, 24]"
714,7,"[10, 16, 18, 21, 22, 23]",6,4.305279776453972,0.10123872570693493,38.95488142237688,"[15306344, 15206344, 15606344, 15706344, 15506344, 15406344, 15006344, 15106344, 15806344, 15906344]","[23, 23, 23, 23, 23, 23, 23, 23, 23, 23]"
715,7,"[1, 9, 12, 13, 17, 18, 23]",7,5.057725667953491,0.11229531653225422,36.26465082567717,"[15258292, 15558292, 15658292, 15758292, 15458292, 15958292, 15058292, 15158292, 15858292, 15358292]","[9, 9, 9, 9, 9, 9, 9, 9, 9, 9]"
716,7,"[0, 1, 3, 4, 6, 19]",6,4.284823836758733,0.10206441394984722,33.572592710067205,"[15872460, 15972460, 15572460, 15472460, 15372460, 15272460, 15772460, 15672460, 15172460, 15072460]","[19, 19, 19, 19, 19, 19, 19, 19, 19, 19]"
717,7,"[9, 12, 14, 22, 24]",5,3.724779015406966,0.08675158955156803,39.10629676803946,"[15365069, 15265069, 15865069, 15965069, 15765069, 15665069, 15465069, 15565069, 15165069, 15065069]","[12, 12, 12, 12, 12, 12, 12, 12, 12, 12]"
718,7,"[1, 2, 3, 4, 18]",5,3.620407184585929,0.0894553828984499,33.76099522076547,"[15162261, 15062261, 15762261, 15662261, 15562261, 15462261, 15962261, 15862261, 15362261, 15262261]","[1, 1, 1, 1, 1, 1, 1, 1, 1, 1]"
719,7,"[0, 2, 4, 12, 18, 24]",6,4.227695187553763,0.0932996179908514,33.83290869222643,"[15121812, 15021812, 15821812, 15921812, 15421812, 15521812, 15621812, 15721812, 15221812, 15321812]","[12, 12, 12, 12, 12, 12, 12, 12, 12, 12]"
720,7,"[0, 2, 4, 5, 14, 19, 22]",7,4.910762954503298,0.11895324476063251,35.14416628118072,"[15041983, 15541983, 15341983, 15241983, 15441983, 15741983, 15841983, 15941983, 15641983, 15141983]","[2, 2, 2, 2, 2, 2, 2, 2, 2, 2]"
721,7,"[0, 5, 9, 11, 15, 18]",6,4.322790764272213,0.0945334155112505,35.01519421387153,"[15111502, 15011502, 15811502, 15911502, 15411502, 15511502, 15611502, 15711502, 15211502, 15311502]","[11, 11, 11, 11, 11, 11, 11, 11, 11, 11]"
722,7,"[0, 3, 9, 10, 15, 22]",6,4.327145595103502,0.09802173636853695,37.56036993985375,"[15338074, 15238074, 15838074, 15938074, 15538074, 15438074, 15038074, 15138074, 15738074, 15638074]","[10, 10, 10, 10, 10, 10, 10, 10, 10, 10]"
723,7,"[0, 1, 5, 9, 13, 18, 19]",7,5.005624160170555,0.11387950740754604,35.419180241612985,"[15150875, 15050875, 15750875, 15650875, 15850875, 15950875, 15450875, 15550875, 15250875, 15350875]","[5, 5, 5, 5, 5, 5, 5, 5, 5, 5]"
724,7,"[2, 6, 7, 10, 12, 18]",6,4.1105750892311335,0.0929728951305151,33.6915353909911,"[15100309, 15000309, 15800309, 15900309, 15400309, 15500309, 15600309, 15700309, 15200309, 15300309]","[10, 10, 10, 10, 10, 10, 10, 10, 10, 10]"
725,7,"[0, 1, 3, 5, 14, 22]",6,4.184365646913648,0.09415509924292564,35.58195612952113,"[15262261, 15362261, 15462261, 15562261, 15162261, 15062261, 15862261, 15962261, 15662261, 15762261]","[1, 1, 1, 1, 1, 1, 1, 1, 1, 1]"
726,7,"[6, 7, 13, 14, 19, 20, 21]",7,4.838431404903531,0.11062771640717983,35.63994887750596,"[15349957, 15249957, 15549957, 15449957, 15949957, 15849957, 15049957, 15149957, 15749957, 15649957]","[19, 19, 19, 19, 19, 19, 19, 19, 19, 19]"
727,7,"[1, 3, 7, 17, 18]",5,3.515436911955476,0.0808893833309412,34.33382128328085,"[15195573, 15095573, 15295573, 15395573, 15595573, 15495573, 15795573, 15695573, 15995573, 15895573]","[18, 18, 18, 18, 18, 18, 18, 18, 18, 18]"
728,7,"[0, 1, 4, 5, 21, 22]",6,4.082132913172245,0.09955397993326187,34.61113651143387,"[15045479, 15145479, 15445479, 15545479, 15945479, 15845479, 15245479, 15345479, 15745479, 15645479]","[21, 21, 21, 21, 21, 21, 21, 21, 21, 21]"
729,7,"[0, 3, 4, 16, 18, 22]",6,4.2584215216338634,0.09940631687641144,36.716965945980824,"[15511258, 15411258, 15911258, 15811258, 15111258, 15011258, 15211258, 15311258, 15711258, 15611258]","[4, 4, 4, 4, 4, 4, 4, 4, 4, 4]"
730,7,"[1, 4, 5, 6, 14, 16, 19]",7,4.977426216006279,0.12115247547626495,34.31385029845738,"[15688998, 15288998, 15888998, 15388998, 15788998, 15588998, 15088998, 15188998, 15488998, 15988998]","[6, 6, 6, 6, 6, 6, 6, 6, 6, 6]"
731,7,"[1, 5, 6, 12, 16, 18]",6,4.268660083413124,0.10043653845787048,34.67540329686987,"[15642634, 15742634, 15442634, 15542634, 15342634, 15242634, 15042634, 15142634, 15842634, 15942634]","[1, 1, 1, 1, 1, 1, 1, 1, 1, 1]"
732,7,"[0, 1, 3, 5, 8, 12, 22]",7,4.958201030269265,0.1125748809427023,35.44753812985228,"[17370123, 17270123, 17070123, 17170123, 17570123, 17470123, 16970123, 16870123, 16670123, 16770123]","[3, 3, 3, 3, 3, 3, 3, 3, 3, 3]"
733,7,"[0, 1, 2, 3, 4, 7, 18]",7,4.847540087997913,0.10793346539139748,32.50200867965551,"[15614424, 15714424, 15114424, 15014424, 15314424, 15214424, 15414424, 15514424, 15814424, 15914424]","[2, 2, 2, 2, 2, 2, 2, 2, 2, 2]"
734,7,"[1, 2, 3, 4, 6, 10, 18]",7,5.03278911113739,0.11825154721736908,33.795395200739485,"[15190022, 15090022, 15290022, 15390022, 15590022, 15490022, 15990022, 15890022, 15790022, 15690022]","[1, 1, 1, 1, 1, 1, 1, 1, 1, 1]"
735,7,"[0, 1, 5, 12, 13]",5,3.452702021226287,0.07919055223464966,33.44588773464784,"[15608902, 15708902, 15108902, 15008902, 15208902, 15308902, 15508902, 15408902, 15908902, 15808902]","[12, 12, 12, 12, 12, 12, 12, 12, 12, 12]"
736,7,"[0, 3, 4, 6, 10, 16]",6,4.262415666133165,0.09933939948678017,34.10381246544421,"[15122568, 15022568, 15822568, 15922568, 15422568, 15522568, 15622568, 15722568, 15222568, 15322568]","[6, 6, 6, 6, 6, 6, 6, 6, 6, 6]"
737,7,"[0, 6, 16, 18, 19]",5,3.5775581561028957,0.08412460051476955,35.690589640755206,"[15363517, 15263517, 15063517, 15163517, 15663517, 15763517, 15963517, 15863517, 15463517, 15563517]","[16, 16, 16, 16, 16, 16, 16, 16, 16, 16]"
738,7,"[0, 2, 6, 10, 13, 18, 22]",7,4.877464860677719,0.11027743481099606,35.818334778837325,"[15781794, 15681794, 15581794, 15481794, 15981794, 15881794, 15281794, 15381794, 15081794, 15181794]","[10, 10, 10, 10, 10, 10, 10, 10, 10, 10]"
739,7,"[0, 4, 6, 13, 17, 18]",6,4.105534708127379,0.09394160658121109,33.36994727685427,"[15042816, 15142816, 15642816, 15742816, 15842816, 15942816, 15542816, 15442816, 15342816, 15242816]","[13, 13, 13, 13, 13, 13, 13, 13, 13, 13]"
740,7,"[1, 3, 5, 16, 17, 22]",6,4.369231473654509,0.10345671698451042,37.382087697973475,"[15134924, 15034924, 15834924, 15934924, 15434924, 15534924, 15634924, 15734924, 15234924, 15334924]","[16, 16, 16, 16, 16, 16, 16, 16, 16, 16]"
741,7,"[0, 3, 5, 16, 18]",5,3.5538488440215588,0.07737831585109234,35.220189930219206,"[15955115, 15855115, 15755115, 15655115, 15055115, 15155115, 15355115, 15255115, 15455115, 15555115]","[5, 5, 5, 5, 5, 5, 5, 5, 5, 5]"
742,7,"[0, 2, 3, 7, 11, 18, 24]",7,4.99668188020587,0.10814240016043186,34.50150939496234,"[15192930, 15292930, 15692930, 15792930, 15392930, 15492930, 15892930, 15992930, 15592930, 15092930]","[2, 2, 2, 2, 2, 2, 2, 2, 2, 2]"
743,7,"[1, 4, 11, 14, 16, 18, 24]",7,4.9975372944027185,0.11384135112166405,35.51612535950595,"[15601113, 15701113, 15401113, 15501113, 15001113, 15101113, 15201113, 15301113, 15801113, 15901113]","[18, 18, 18, 18, 18, 18, 18, 18, 18, 18]"
744,7,"[0, 1, 3, 4, 7, 19]",6,4.138834552839398,0.09478006884455681,33.16878291770505,"[15406600, 15506600, 15206600, 15306600, 15606600, 15706600, 15106600, 15006600, 15906600, 15806600]","[1, 1, 1, 1, 1, 1, 1, 1, 1, 1]"
745,7,"[0, 1, 13, 14, 18, 19, 22]",7,4.951688794419169,0.1149272732436657,36.92034587789593,"[15409533, 15509533, 15609533, 15709533, 15009533, 15109533, 15809533, 15909533, 15209533, 15309533]","[14, 14, 14, 14, 14, 14, 14, 14, 14, 14]"
746,7,"[0, 2, 4, 18, 20, 22]",6,4.169333707541227,0.09894556365907192,35.63649704889394,"[15150414, 15050414, 15250414, 15350414, 15550414, 15450414, 15950414, 15850414, 15750414, 15650414]","[0, 0, 0, 0, 0, 0, 0, 0, 0, 0]"
747,7,"[2, 3, 7, 16, 17, 18]",6,4.297183454036713,0.09994752332568169,35.28973793300489,"[15732899, 15632899, 15332899, 15232899, 15532899, 15432899, 15032899, 15132899, 15832899, 15932899]","[18, 18, 18, 18, 18, 18, 18, 18, 18, 18]"
748,7,"[3, 12, 14, 16, 21, 24]",6,4.412882683798671,0.09479564055800438,37.491847520228475,"[15561941, 15461941, 15961941, 15861941, 15161941, 15061941, 15261941, 15361941, 15761941, 15661941]","[14, 14, 14, 14, 14, 14, 14, 14, 14, 14]"
749,7,"[2, 3, 5, 13, 16, 18]",6,4.394093239679933,0.10054143145680428,35.987908783291154,"[15545868, 15445868, 15945868, 15845868, 15145868, 15045868, 15245868, 15345868, 15745868, 15645868]","[5, 5, 5, 5, 5, 5, 5, 5, 5, 5]"
750,7,"[0, 1, 2, 3, 9, 18]",6,4.356893062591553,0.10042746737599373,34.78005028842017,"[15541983, 15441983, 15941983, 15841983, 15141983, 15041983, 15641983, 15741983, 15241983, 15341983]","[2, 2, 2, 2, 2, 2, 2, 2, 2, 2]"
751,7,"[0, 1, 6, 13, 14, 18]",6,4.108596729114652,0.10065833106637001,33.70555258270664,"[15172947, 15072947, 15772947, 15672947, 15572947, 15472947, 15372947, 15272947, 15972947, 15872947]","[14, 14, 14, 14, 14, 14, 14, 14, 14, 14]"
752,7,"[0, 10, 11, 13, 18, 20]",6,4.290436394512653,0.09769821725785732,36.02014509929965,"[15582683, 15482683, 15182683, 15082683, 15382683, 15282683, 15782683, 15682683, 15882683, 15982683]","[11, 11, 11, 11, 11, 11, 11, 11, 11, 11]"
753,7,"[0, 1, 2, 3, 18]",5,3.5550466906279325,0.0819161981344223,33.86572574190795,"[15226597, 15326597, 15126597, 15026597, 15726597, 15626597, 15526597, 15426597, 15926597, 15826597]","[3, 3, 3, 3, 3, 3, 3, 3, 3, 3]"
754,7,"[5, 11, 14, 16, 18, 23]",6,4.231316696852446,0.09712850488722324,36.14155830287685,"[15547739, 15447739, 15947739, 15847739, 15147739, 15047739, 15647739, 15747739, 15247739, 15347739]","[14, 14, 14, 14, 14, 14, 14, 14, 14, 14]"
755,7,"[2, 3, 6, 9, 16, 18]",6,4.4238006211817265,0.0976441279053688,36.272032622946426,"[15918839, 15818839, 15718839, 15618839, 15018839, 15118839, 15318839, 15218839, 15418839, 15518839]","[6, 6, 6, 6, 6, 6, 6, 6, 6, 6]"
756,7,"[2, 5, 6, 7, 18, 22]",6,4.1073229014873505,0.09308385290205479,34.657415847371645,"[15331370, 15231370, 15031370, 15131370, 15631370, 15731370, 15931370, 15831370, 15431370, 15531370]","[6, 6, 6, 6, 6, 6, 6, 6, 6, 6]"
757,7,"[1, 3, 4, 18, 19]",5,3.6120138093829155,0.08321506902575493,35.41248635500669,"[15792938, 15692938, 15492938, 15592938, 15192938, 15092938, 15892938, 15992938, 15292938, 15392938]","[3, 3, 3, 3, 3, 3, 3, 3, 3, 3]"
758,7,"[2, 5, 18, 22]",4,2.8262130431830883,0.06622885912656784,36.95020148495678,"[15791054, 15691054, 15491054, 15591054, 15191054, 15091054, 15891054, 15991054, 15291054, 15391054]","[5, 5, 5, 5, 5, 5, 5, 5, 5, 5]"
759,7,"[1, 3, 4, 10, 16, 18, 21]",7,4.981460437178612,0.11353262513875961,35.750418244594975,"[15187782, 15087782, 15787782, 15687782, 15587782, 15487782, 15887782, 15987782, 15287782, 15387782]","[1, 1, 1, 1, 1, 1, 1, 1, 1, 1]"
760,7,"[3, 6, 7, 12, 18, 22]",6,4.209409790113568,0.09672988206148148,36.28904270559239,"[15119329, 15019329, 15719329, 15619329, 15519329, 15419329, 15919329, 15819329, 15319329, 15219329]","[3, 3, 3, 3, 3, 3, 3, 3, 3, 3]"
761,7,"[1, 2, 5, 18, 21, 22]",6,4.248702596873045,0.09880034066736698,36.300663890782744,"[15755858, 15655858, 15455858, 15555858, 15155858, 15055858, 15855858, 15955858, 15255858, 15355858]","[2, 2, 2, 2, 2, 2, 2, 2, 2, 2]"
762,7,"[0, 1, 3, 12, 14, 18, 24]",7,5.052009178325534,0.12189333327114582,35.18193080023463,"[15568557, 15468557, 15868557, 15968557, 15668557, 15768557, 15068557, 15168557, 15368557, 15268557]","[1, 1, 1, 1, 1, 1, 1, 1, 1, 1]"
763,7,"[3, 14, 18, 21]",4,2.8580404464155436,0.06301403045654297,36.86107256321702,"[15130938, 15030938, 15830938, 15930938, 15430938, 15530938, 15630938, 15730938, 15230938, 15330938]","[21, 21, 21, 21, 21, 21, 21, 21, 21, 21]"
764,7,"[1, 4, 6, 14, 19, 20]",6,4.230653740465641,0.10107503831386566,34.54812393236595,"[15127618, 15027618, 15727618, 15627618, 15527618, 15427618, 15327618, 15227618, 15927618, 15827618]","[19, 19, 19, 19, 19, 19, 19, 19, 19, 19]"
765,7,"[1, 12, 16, 18, 20]",5,3.6216715462505817,0.08407801948487759,36.72272717477754,"[15421812, 15521812, 15821812, 15921812, 15021812, 15121812, 15621812, 15721812, 15321812, 15221812]","[12, 12, 12, 12, 12, 12, 12, 12, 12, 12]"
766,7,"[1, 3, 17, 18, 19, 22]",6,4.493241401389241,0.1092405654489994,38.38351180326814,"[15145487, 15045487, 15745487, 15645487, 15545487, 15445487, 15945487, 15845487, 15345487, 15245487]","[1, 1, 1, 1, 1, 1, 1, 1, 1, 1]"
767,7,"[2, 11, 12, 18, 20, 24]",6,4.421321032568812,0.1057338360697031,36.622415143686034,"[15132946, 15032946, 15732946, 15632946, 15532946, 15432946, 15332946, 15232946, 15932946, 15832946]","[20, 20, 20, 20, 20, 20, 20, 20, 20, 20]"
768,7,"[0, 1, 10, 13, 22]",5,3.529047990217805,0.08332803286612034,36.473925587069246,"[15688582, 15788582, 15488582, 15588582, 15388582, 15288582, 15888582, 15988582, 15088582, 15188582]","[22, 22, 22, 22, 22, 22, 22, 22, 22, 22]"
769,7,"[1, 3, 6, 7, 14, 15, 18]",7,4.880743686109781,0.11405592225492,33.87448413370709,"[15289878, 15389878, 15889878, 15589878, 15489878, 15989878, 15689878, 15189878, 15089878, 15789878]","[18, 18, 18, 18, 18, 18, 18, 18, 18, 18]"
770,7,"[0, 5, 6, 11, 18, 22, 24]",7,5.033418849110603,0.11210509389638901,35.99109265188287,"[15412113, 15512113, 15312113, 15212113, 15012113, 15112113, 15912113, 15812113, 15712113, 15612113]","[11, 11, 11, 11, 11, 11, 11, 11, 11, 11]"
771,7,"[1, 3, 5, 11, 18]",5,3.656228670850396,0.08074862323701382,35.19883251283318,"[15560151, 15460151, 15960151, 15860151, 15160151, 15060151, 15260151, 15360151, 15760151, 15660151]","[5, 5, 5, 5, 5, 5, 5, 5, 5, 5]"
772,7,"[0, 3, 7, 12, 17, 19]",6,4.198769086971879,0.09457924962043762,34.92469858836072,"[15092864, 15192864, 15492864, 15592864, 15992864, 15892864, 15792864, 15692864, 15292864, 15392864]","[0, 0, 0, 0, 0, 0, 0, 0, 0, 0]"
773,7,"[0, 1, 3, 13, 15, 22]",6,4.223300915211439,0.09766250289976597,36.481596688119076,"[15185335, 15085335, 15785335, 15685335, 15585335, 15485335, 15385335, 15285335, 15985335, 15885335]","[15, 15, 15, 15, 15, 15, 15, 15, 15, 15]"
774,7,"[3, 4, 5, 7, 18, 20]",6,4.132925607264042,0.09132218733429909,33.88942780594031,"[15669907, 15769907, 15169907, 15069907, 15269907, 15369907, 15569907, 15469907, 15969907, 15869907]","[7, 7, 7, 7, 7, 7, 7, 7, 7, 7]"
775,7,"[1, 3, 4, 8, 16]",5,3.5532464403659105,0.08353806473314762,34.53134024525061,"[15147014, 15047014, 15747014, 15647014, 15547014, 15447014, 15947014, 15847014, 15347014, 15247014]","[1, 1, 1, 1, 1, 1, 1, 1, 1, 1]"
776,7,"[2, 3, 5, 14, 16, 18]",6,4.283278539776802,0.094346409663558,35.631385860110946,"[15566982, 15466982, 15966982, 15866982, 15166982, 15066982, 15666982, 15766982, 15266982, 15366982]","[5, 5, 5, 5, 5, 5, 5, 5, 5, 5]"
777,7,"[12, 17, 18, 22]",4,2.8631846718490124,0.06515648402273655,38.884407770470716,"[15080820, 15180820, 15680820, 15780820, 15880820, 15980820, 15580820, 15480820, 15380820, 15280820]","[22, 22, 22, 22, 22, 22, 22, 22, 22, 22]"
778,7,"[0, 2, 10, 11, 12, 18]",6,4.2845945451408625,0.0981259923428297,34.852227424737066,"[15446594, 15546594, 15246594, 15346594, 15646594, 15746594, 15146594, 15046594, 15946594, 15846594]","[2, 2, 2, 2, 2, 2, 2, 2, 2, 2]"
779,7,"[3, 7, 17, 18, 24]",5,3.6345616448670626,0.08070910722017288,35.546291277650745,"[15123263, 15023263, 15723263, 15623263, 15523263, 15423263, 15923263, 15823263, 15323263, 15223263]","[3, 3, 3, 3, 3, 3, 3, 3, 3, 3]"
780,7,"[0, 3, 7, 10, 18, 22]",6,4.234634870663285,0.0951159130781889,36.09400197219414,"[15723263, 15623263, 15423263, 15523263, 15123263, 15023263, 15823263, 15923263, 15223263, 15323263]","[3, 3, 3, 3, 3, 3, 3, 3, 3, 3]"
781,7,"[1, 5, 12, 18, 20]",5,3.5492603108286858,0.0804402157664299,35.13360008541495,"[15139719, 15039719, 15239719, 15339719, 15539719, 15439719, 15739719, 15639719, 15939719, 15839719]","[20, 20, 20, 20, 20, 20, 20, 20, 20, 20]"
782,7,"[0, 2, 3, 18, 22]",5,3.607513941824436,0.08043411932885647,36.75522239021957,"[15498491, 15598491, 15298491, 15398491, 15698491, 15798491, 15198491, 15098491, 15998491, 15898491]","[2, 2, 2, 2, 2, 2, 2, 2, 2, 2]"
783,7,"[9, 11, 15, 19, 21, 22, 23]",7,5.118346946313977,0.11530356854200363,39.032050838693976,"[15364569, 15264569, 15464569, 15564569, 15764569, 15664569, 15164569, 15064569, 15964569, 15864569]","[19, 19, 19, 19, 19, 19, 19, 19, 19, 19]"
784,7,"[0, 2, 3, 18, 21, 22]",6,4.308342138305306,0.09526417031884193,36.92398005592016,"[15122342, 15022342, 15822342, 15922342, 15422342, 15522342, 15622342, 15722342, 15222342, 15322342]","[18, 18, 18, 18, 18, 18, 18, 18, 18, 18]"
785,7,"[1, 4, 18, 20]",4,2.79661619104445,0.06843371316790581,34.24269948201254,"[15139719, 15039719, 15839719, 15939719, 15439719, 15539719, 15639719, 15739719, 15239719, 15339719]","[20, 20, 20, 20, 20, 20, 20, 20, 20, 20]"
786,7,"[4, 9, 14, 17, 18, 20]",6,4.252318907529116,0.09950308315455914,35.82530481119951,"[15118490, 15018490, 15818490, 15918490, 15418490, 15518490, 15618490, 15718490, 15218490, 15318490]","[17, 17, 17, 17, 17, 17, 17, 17, 17, 17]"
787,7,"[4, 14, 20, 22, 24]",5,3.5600177869200706,0.08496342785656452,37.58824490848929,"[15446790, 15546790, 15246790, 15346790, 15646790, 15746790, 15146790, 15046790, 15946790, 15846790]","[14, 14, 14, 14, 14, 14, 14, 14, 14, 14]"
788,7,"[2, 4, 8, 9, 12, 18, 22]",7,4.93242016620934,0.11608783900737762,36.32792373693415,"[15658292, 15758292, 15858292, 15958292, 15058292, 15158292, 15458292, 15558292, 15258292, 15358292]","[9, 9, 9, 9, 9, 9, 9, 9, 9, 9]"
789,7,"[2, 3, 5, 9, 12, 18, 20]",7,5.075816327705979,0.11119941994547844,36.18142796221322,"[15607508, 15707508, 15207508, 15307508, 15807508, 15907508, 15407508, 15507508, 15007508, 15107508]","[9, 9, 9, 9, 9, 9, 9, 9, 9, 9]"
790,7,"[0, 13, 16, 18, 22]",5,3.5274803042411804,0.08079685270786285,38.03324400447309,"[15184612, 15084612, 15284612, 15384612, 15584612, 15484612, 15784612, 15684612, 15984612, 15884612]","[22, 22, 22, 22, 22, 22, 22, 22, 22, 22]"
791,7,"[2, 4, 5, 12, 17, 18, 19]",7,4.94050625897944,0.1139680314809084,34.764048252055154,"[15949957, 15849957, 15049957, 15549957, 15449957, 15149957, 15749957, 15249957, 15349957, 15649957]","[19, 19, 19, 19, 19, 19, 19, 19, 19, 19]"
792,7,"[0, 4, 5, 13, 15, 19, 23]",7,4.753065599128604,0.11511971801519394,34.32382007987638,"[15185761, 15085761, 15885761, 15985761, 15585761, 15485761, 15785761, 15685761, 15385761, 15285761]","[5, 5, 5, 5, 5, 5, 5, 5, 5, 5]"
793,7,"[4, 8, 12, 14, 17]",5,3.37456988170743,0.08232461661100388,33.96296344529837,"[15172947, 15072947, 15872947, 15972947, 15472947, 15572947, 15672947, 15772947, 15272947, 15372947]","[14, 14, 14, 14, 14, 14, 14, 14, 14, 14]"
794,7,"[0, 1, 3, 5, 15, 18]",6,4.207823498174548,0.0956860538572073,33.941571506205946,"[15531433, 15431433, 15931433, 15831433, 15131433, 15031433, 15231433, 15331433, 15731433, 15631433]","[3, 3, 3, 3, 3, 3, 3, 3, 3, 3]"
795,7,"[3, 7, 9, 12, 14, 24]",6,4.38374156691134,0.10067466460168362,35.94045106934694,"[15343673, 15243673, 15643673, 15743673, 15543673, 15443673, 15043673, 15143673, 15843673, 15943673]","[24, 24, 24, 24, 24, 24, 24, 24, 24, 24]"
796,7,"[8, 13, 14, 17, 18, 21]",6,4.195213992148638,0.09704847261309624,35.987395376820736,"[15627193, 15727193, 15127193, 15027193, 15227193, 15327193, 15527193, 15427193, 15927193, 15827193]","[17, 17, 17, 17, 17, 17, 17, 17, 17, 17]"
797,7,"[0, 4, 6, 12, 15, 18, 22]",7,4.802741417661309,0.11349947936832905,35.025656658557374,"[15183053, 15083053, 15783053, 15683053, 15583053, 15483053, 15283053, 15383053, 15883053, 15983053]","[0, 0, 0, 0, 0, 0, 0, 0, 0, 0]"
798,7,"[0, 4, 5, 12, 18]",5,3.4184597339481115,0.07877855002880096,32.79094491722062,"[15124894, 15024894, 15824894, 15924894, 15424894, 15524894, 15624894, 15724894, 15224894, 15324894]","[12, 12, 12, 12, 12, 12, 12, 12, 12, 12]"
799,7,"[0, 2, 4, 5, 13, 18, 22]",7,4.873402131721377,0.11573587730526924,34.871090441942215,"[15750875, 15650875, 15550875, 15450875, 15950875, 15850875, 15250875, 15350875, 15050875, 15150875]","[5, 5, 5, 5, 5, 5, 5, 5, 5, 5]"
800,7,"[0, 1, 5, 9, 17, 22, 23]",7,4.984359288588166,0.11731584742665291,36.01343779485406,"[15563105, 15463105, 15863105, 15963105, 15663105, 15763105, 15363105, 15263105, 15063105, 15163105]","[1, 1, 1, 1, 1, 1, 1, 1, 1, 1]"
801,7,"[1, 2, 3, 5, 16, 19]",6,4.44372907653451,0.10087079182267189,35.84839821529264,"[15063372, 15163372, 15463372, 15563372, 15963372, 15863372, 15763372, 15663372, 15263372, 15363372]","[1, 1, 1, 1, 1, 1, 1, 1, 1, 1]"
802,7,"[1, 7, 8, 13, 14, 18, 20]",7,4.826802890747786,0.10566322132945061,34.574745369809015,"[15505768, 15405768, 15205768, 15305768, 15705768, 15605768, 15005768, 15105768, 15905768, 15805768]","[8, 8, 8, 8, 8, 8, 8, 8, 8, 8]"
803,7,"[0, 2, 3, 6, 12, 13, 21]",7,4.915353260934353,0.10957694053649902,34.67482002917677,"[15183800, 15083800, 15983800, 15883800, 15283800, 15383800, 15483800, 15583800, 15683800, 15783800]","[13, 13, 13, 13, 13, 13, 13, 13, 13, 13]"
804,7,"[4, 5, 12, 15, 17, 18, 20]",7,4.813321189954877,0.11628409661352634,34.81487725681758,"[15054264, 15154264, 15754264, 15654264, 15254264, 15354264, 15554264, 15454264, 15954264, 15854264]","[20, 20, 20, 20, 20, 20, 20, 20, 20, 20]"
805,7,"[1, 5, 12, 14, 17, 22]",6,4.191064093261957,0.09444590285420418,36.30088126217015,"[15812028, 15912028, 15412028, 15512028, 15612028, 15712028, 15012028, 15112028, 15212028, 15312028]","[17, 17, 17, 17, 17, 17, 17, 17, 17, 17]"
806,7,"[1, 2, 3, 4, 9, 15, 19]",7,5.050060000270605,0.11725281924009323,35.3247266344593,"[15327618, 15227618, 15627618, 15827618, 15527618, 15427618, 15127618, 15027618, 15927618, 15727618]","[19, 19, 19, 19, 19, 19, 19, 19, 19, 19]"
807,7,"[0, 1, 13, 14, 19, 22]",6,4.178301522508264,0.09442821331322193,36.947267037117854,"[15135027, 15035027, 15235027, 15335027, 15535027, 15435027, 15935027, 15835027, 15735027, 15635027]","[0, 0, 0, 0, 0, 0, 0, 0, 0, 0]"
808,7,"[0, 6, 11, 12, 14, 16, 18]",7,4.869631804525852,0.10804407112300396,35.15739890294416,"[15712113, 15112113, 15012113, 15812113, 15912113, 15412113, 15512113, 15612113, 15312113, 15212113]","[11, 11, 11, 11, 11, 11, 11, 11, 11, 11]"
809,7,"[0, 4, 9, 10, 13, 22, 24]",7,5.034966232255101,0.11879859119653702,36.72980968301584,"[15559993, 15459993, 15659993, 15759993, 15159993, 15059993, 15859993, 15959993, 15359993, 15259993]","[10, 10, 10, 10, 10, 10, 10, 10, 10, 10]"
810,7,"[0, 1, 3, 6, 13, 20, 22]",7,5.009430471807718,0.11857187561690807,36.25123404392174,"[15578527, 15478527, 15878527, 15978527, 15278527, 15378527, 15778527, 15678527, 15178527, 15078527]","[1, 1, 1, 1, 1, 1, 1, 1, 1, 1]"
811,7,"[1, 2, 6, 17, 18, 19, 22]",7,5.069499675184488,0.12047373875975609,36.60038239874744,"[15627618, 15727618, 15027618, 15127618, 15927618, 15827618, 15327618, 15227618, 15527618, 15427618]","[19, 19, 19, 19, 19, 19, 19, 19, 19, 19]"
812,7,"[0, 1, 5, 12, 14, 17, 18]",7,4.832962224259973,0.10839535854756832,33.96141195603247,"[15063681, 15163681, 15463681, 15563681, 15963681, 15863681, 15663681, 15763681, 15263681, 15363681]","[1, 1, 1, 1, 1, 1, 1, 1, 1, 1]"
813,7,"[0, 1, 12, 13, 17, 22]",6,4.228572148829699,0.10610361397266388,36.33100524676653,"[15729815, 15629815, 15429815, 15529815, 15129815, 15029815, 15829815, 15929815, 15229815, 15329815]","[1, 1, 1, 1, 1, 1, 1, 1, 1, 1]"
814,7,"[4, 8, 12, 14, 23]",5,3.3665430955588818,0.08118080720305443,34.04432953344658,"[15054413, 15154413, 15454413, 15554413, 15954413, 15854413, 15754413, 15654413, 15254413, 15354413]","[4, 4, 4, 4, 4, 4, 4, 4, 4, 4]"
815,7,"[1, 3, 8, 12, 13, 16, 21]",7,5.05039994046092,0.11974779702723026,36.34824998024851,"[15139037, 15039037, 15739037, 15639037, 15539037, 15439037, 15339037, 15239037, 15939037, 15839037]","[1, 1, 1, 1, 1, 1, 1, 1, 1, 1]"
816,7,"[0, 5, 6, 16]",4,2.769064797088504,0.062457455322146416,33.172926258761436,"[15663033, 15763033, 15463033, 15563033, 15363033, 15263033, 15063033, 15163033, 15863033, 15963033]","[0, 0, 0, 0, 0, 0, 0, 0, 0, 0]"
817,7,"[0, 9, 17, 18, 20, 22, 24]",7,5.130268646404147,0.11627884954214096,37.924589917728944,"[15141115, 15041115, 15741115, 15641115, 15541115, 15441115, 15841115, 15941115, 15241115, 15341115]","[9, 9, 9, 9, 9, 9, 9, 9, 9, 9]"
818,7,"[1, 2, 3, 8, 14, 16, 18]",7,4.972191562876105,0.10523341968655586,35.37521975201422,"[15605919, 15705919, 15405919, 15505919, 15105919, 15005919, 15205919, 15305919, 15905919, 15805919]","[3, 3, 3, 3, 3, 3, 3, 3, 3, 3]"
819,7,"[2, 6, 10, 12, 16, 18, 24]",7,5.0459195747971535,0.11479498259723186,35.90560781144138,"[15520714, 15420714, 15920714, 15820714, 15620714, 15120714, 15220714, 15320714, 15020714, 15720714]","[16, 16, 16, 16, 16, 16, 16, 16, 16, 16]"
820,7,"[1, 4, 12, 17, 18, 21, 24]",7,4.946400936692953,0.11062631383538246,35.21152743856822,"[15690489, 15790489, 15290489, 15390489, 15890489, 15990489, 15490489, 15590489, 15090489, 15190489]","[17, 17, 17, 17, 17, 17, 17, 17, 17, 17]"
821,7,"[0, 5, 10, 18, 21, 22]",6,4.1461209282279015,0.09604254923760891,36.55745474497477,"[15783053, 15683053, 15383053, 15283053, 15983053, 15883053, 15583053, 15483053, 15083053, 15183053]","[0, 0, 0, 0, 0, 0, 0, 0, 0, 0]"
822,7,"[0, 1, 4, 12, 18, 19]",6,4.147116404026747,0.09313469752669334,34.19875964211921,"[15148789, 15048789, 15748789, 15648789, 15548789, 15448789, 15948789, 15848789, 15348789, 15248789]","[0, 0, 0, 0, 0, 0, 0, 0, 0, 0]"
823,7,"[0, 1, 2, 9, 14]",5,3.4644507486373186,0.07969982549548149,33.79435729365796,"[15112487, 15012487, 15212487, 15312487, 15512487, 15412487, 15912487, 15812487, 15712487, 15612487]","[0, 0, 0, 0, 0, 0, 0, 0, 0, 0]"
824,7,"[2, 6, 9, 14, 18, 22]",6,4.265814179554582,0.08872680366039276,36.935448853842296,"[15228846, 15328846, 15428846, 15528846, 15628846, 15728846, 15028846, 15128846, 15828846, 15928846]","[2, 2, 2, 2, 2, 2, 2, 2, 2, 2]"
825,7,"[0, 1, 3, 10, 12, 18, 22]",7,5.03019599430263,0.11469193547964096,36.593451702900765,"[15244151, 15344151, 15844151, 15544151, 15444151, 15944151, 15644151, 15144151, 15044151, 15744151]","[22, 22, 22, 22, 22, 22, 22, 22, 22, 22]"
826,7,"[0, 1, 3, 11, 15, 16, 18]",7,5.053885569795966,0.11825109086930752,35.550605196040124,"[15163517, 15063517, 15963517, 15863517, 15263517, 15363517, 15763517, 15663517, 15563517, 15463517]","[16, 16, 16, 16, 16, 16, 16, 16, 16, 16]"
827,7,"[0, 6, 12, 16, 19, 20]",6,4.280902048572898,0.09711867570877075,36.093473112521075,"[15824895, 15924895, 15424895, 15524895, 15024895, 15124895, 15624895, 15724895, 15324895, 15224895]","[20, 20, 20, 20, 20, 20, 20, 20, 20, 20]"
828,7,"[0, 1, 4, 11, 18]",5,3.4894859455525875,0.08319110423326492,33.08541722856462,"[15544571, 15444571, 15944571, 15844571, 15144571, 15044571, 15244571, 15344571, 15744571, 15644571]","[4, 4, 4, 4, 4, 4, 4, 4, 4, 4]"
829,7,"[0, 1, 3, 10, 14, 18, 19]",7,5.0300035662949085,0.11520839482545853,35.57851486227342,"[15372947, 15272947, 15472947, 15572947, 15672947, 15772947, 15072947, 15172947, 15972947, 15872947]","[14, 14, 14, 14, 14, 14, 14, 14, 14, 14]"
830,7,"[0, 3, 7, 10, 13, 14, 18]",7,4.842181049287319,0.11052469909191132,34.56975195949365,"[15322342, 15222342, 15122342, 15022342, 15722342, 15622342, 15522342, 15422342, 15922342, 15822342]","[18, 18, 18, 18, 18, 18, 18, 18, 18, 18]"
831,7,"[0, 3, 9, 12, 14, 18, 22]",7,5.022983169183135,0.11383492685854435,37.39641612455515,"[15551877, 15451877, 15751877, 15651877, 15951877, 15851877, 15151877, 15051877, 15251877, 15351877]","[14, 14, 14, 14, 14, 14, 14, 14, 14, 14]"
832,7,"[1, 2, 3, 14, 15, 16, 21]",7,4.991667015478015,0.11696923151612282,35.755911350782426,"[15115973, 15015973, 15715973, 15615973, 15515973, 15415973, 15215973, 15315973, 15815973, 15915973]","[1, 1, 1, 1, 1, 1, 1, 1, 1, 1]"
833,7,"[0, 1, 3, 5, 9, 18]",6,4.308783823624253,0.09501080587506294,34.65588885926021,"[15538341, 15438341, 15938341, 15838341, 15138341, 15038341, 15238341, 15338341, 15738341, 15638341]","[3, 3, 3, 3, 3, 3, 3, 3, 3, 3]"
834,7,"[3, 5, 6, 7, 10, 15, 21]",7,4.824583223089576,0.1133955866098404,34.17107221663797,"[15981794, 15881794, 15781794, 15681794, 15381794, 15281794, 15081794, 15181794, 15481794, 15581794]","[10, 10, 10, 10, 10, 10, 10, 10, 10, 10]"
835,7,"[0, 1, 3, 14, 18]",5,3.491463990882039,0.07787863723933697,34.35212006950751,"[15112459, 15012459, 15712459, 15612459, 15512459, 15412459, 15912459, 15812459, 15312459, 15212459]","[0, 0, 0, 0, 0, 0, 0, 0, 0, 0]"
836,7,"[3, 5, 14, 18, 19, 20, 21]",7,5.021504690870643,0.11364354565739632,36.958913401634035,"[15359823, 15259823, 15159823, 15059823, 15759823, 15659823, 15559823, 15459823, 15959823, 15859823]","[19, 19, 19, 19, 19, 19, 19, 19, 19, 19]"
837,7,"[2, 3, 4, 15, 17, 18, 22]",7,4.944443855434656,0.11880086176097393,36.31414169764945,"[15992607, 15892607, 15092607, 15192607, 15392607, 15292607, 15792607, 15692607, 15592607, 15492607]","[17, 17, 17, 17, 17, 17, 17, 17, 17, 17]"
838,7,"[2, 3, 4, 5, 7, 16, 18]",7,4.875303210690618,0.11030128039419651,33.85567770080109,"[15134924, 15034924, 15634924, 15734924, 15434924, 15534924, 15234924, 15334924, 15834924, 15934924]","[16, 16, 16, 16, 16, 16, 16, 16, 16, 16]"
839,7,"[3, 4, 8, 16, 18, 19, 23]",7,5.0083426758646965,0.11260007508099079,36.325313220133204,"[15539247, 15439247, 15939247, 15839247, 15039247, 15139247, 15239247, 15339247, 15639247, 15739247]","[19, 19, 19, 19, 19, 19, 19, 19, 19, 19]"
840,7,"[0, 1, 3, 5, 6, 19, 22]",7,5.060884606093168,0.11573727801442146,35.80007067994614,"[15670471, 15770471, 15470471, 15570471, 15870471, 15970471, 15270471, 15370471, 15170471, 15070471]","[22, 22, 22, 22, 22, 22, 22, 22, 22, 22]"
841,7,"[1, 2, 3, 18, 22]",5,3.6757893711328506,0.08319542929530144,37.23257030257955,"[15158253, 15058253, 15858253, 15958253, 15458253, 15558253, 15658253, 15758253, 15258253, 15358253]","[18, 18, 18, 18, 18, 18, 18, 18, 18, 18]"
842,7,"[0, 2, 6, 12, 17, 18, 22]",7,4.937647642567754,0.1198052391409874,35.603086593560874,"[15244151, 15344151, 15844151, 15544151, 15444151, 15944151, 15644151, 15144151, 15044151, 15744151]","[22, 22, 22, 22, 22, 22, 22, 22, 22, 22]"
843,7,"[0, 6, 10, 12, 19, 21]",6,4.253611996769905,0.09719846025109291,35.4006452904238,"[15365396, 15265396, 15665396, 15765396, 15565396, 15465396, 15065396, 15165396, 15865396, 15965396]","[21, 21, 21, 21, 21, 21, 21, 21, 21, 21]"
844,7,"[5, 6, 9, 17, 18, 20, 21]",7,5.057730773463845,0.11712879873812199,35.928702019288075,"[15630282, 15730282, 15830282, 15430282, 15030282, 15130282, 15230282, 15330282, 15530282, 15930282]","[9, 9, 9, 9, 9, 9, 9, 9, 9, 9]"
845,7,"[0, 6, 8, 12, 16, 18]",6,4.1718268152326345,0.0911200400441885,34.54474905040115,"[15789661, 15689661, 15489661, 15589661, 15189661, 15089661, 15889661, 15989661, 15289661, 15389661]","[6, 6, 6, 6, 6, 6, 6, 6, 6, 6]"
846,7,"[4, 6, 7, 14, 16, 17, 22]",7,4.799844551831484,0.12224631942808628,35.25272339070216,"[15178457, 15078457, 15278457, 15378457, 15578457, 15478457, 15878457, 15978457, 15678457, 15778457]","[4, 4, 4, 4, 4, 4, 4, 4, 4, 4]"
847,7,"[1, 2, 3, 9, 14, 18, 24]",7,5.172215934842825,0.11414253152906895,36.016199223896756,"[15257267, 15357267, 15857267, 15557267, 15457267, 15957267, 15657267, 15157267, 15057267, 15757267]","[24, 24, 24, 24, 24, 24, 24, 24, 24, 24]"
848,7,"[0, 1, 2, 3, 13, 18, 22]",7,4.977695096284151,0.11409191973507404,36.16209454481889,"[15088582, 15188582, 15888582, 15988582, 15488582, 15588582, 15688582, 15788582, 15288582, 15388582]","[22, 22, 22, 22, 22, 22, 22, 22, 22, 22]"
849,7,"[0, 2, 3, 7, 18, 20]",6,4.145246217027307,0.09312011674046516,34.10086466938568,"[16970123, 16870123, 17370123, 17270123, 17470123, 17570123, 16770123, 16670123, 17170123, 17070123]","[3, 3, 3, 3, 3, 3, 3, 3, 3, 3]"
850,7,"[1, 3, 4, 5, 6, 10]",6,4.225042834877968,0.09887081757187843,33.17732981794203,"[15150875, 15050875, 15850875, 15950875, 15450875, 15550875, 15350875, 15250875, 15650875, 15750875]","[5, 5, 5, 5, 5, 5, 5, 5, 5, 5]"
851,7,"[1, 2, 3, 10, 12, 13, 16]",7,5.05412632226944,0.11624923348426819,36.04166461733569,"[15628324, 15028324, 15428324, 15528324, 15128324, 15828324, 15328324, 15228324, 15928324, 15728324]","[2, 2, 2, 2, 2, 2, 2, 2, 2, 2]"
852,7,"[2, 5, 6, 10, 11, 21, 22]",7,4.985187074169517,0.1160383801907301,36.26167394160958,"[15578817, 15478817, 15878817, 15978817, 15678817, 15778817, 15278817, 15378817, 15178817, 15078817]","[5, 5, 5, 5, 5, 5, 5, 5, 5, 5]"
853,7,"[4, 5, 9, 13, 18, 23]",6,4.197141729295254,0.09940174221992493,35.10888446751051,"[15760151, 15660151, 15460151, 15560151, 15160151, 15060151, 15860151, 15960151, 15260151, 15360151]","[5, 5, 5, 5, 5, 5, 5, 5, 5, 5]"
854,7,"[3, 4, 5, 11, 17, 18]",6,4.328985057771206,0.10199077613651752,34.82742233869309,"[15168448, 15068448, 15768448, 15668448, 15568448, 15468448, 15968448, 15868448, 15368448, 15268448]","[3, 3, 3, 3, 3, 3, 3, 3, 3, 3]"
855,7,"[2, 10, 13, 14, 16, 21]",6,4.235838174819946,0.10227306745946407,36.44319318064178,"[15748995, 15648995, 15448995, 15548995, 15148995, 15048995, 15848995, 15948995, 15248995, 15348995]","[10, 10, 10, 10, 10, 10, 10, 10, 10, 10]"
856,7,"[0, 1, 2, 3, 9, 12]",6,4.344084491953254,0.0997693445533514,34.689439844960965,"[15629211, 15729211, 15429211, 15529211, 15329211, 15229211, 15829211, 15929211, 15029211, 15129211]","[9, 9, 9, 9, 9, 9, 9, 9, 9, 9]"
857,7,"[0, 1, 2, 6, 9, 12, 18]",7,4.981801686808467,0.11484112776815891,34.035004614120616,"[15135027, 15035027, 15735027, 15635027, 15535027, 15435027, 15835027, 15935027, 15235027, 15335027]","[0, 0, 0, 0, 0, 0, 0, 0, 0, 0]"
858,7,"[3, 5, 15, 16, 18, 24]",6,4.437747672200203,0.10355787724256516,36.60263468123352,"[15197031, 15097031, 15897031, 15997031, 15497031, 15597031, 15697031, 15797031, 15297031, 15397031]","[16, 16, 16, 16, 16, 16, 16, 16, 16, 16]"
859,7,"[1, 3, 9, 15, 18, 22]",6,4.411253003403544,0.10344177670776844,38.0047102952376,"[15067667, 15167667, 15667667, 15767667, 15867667, 15967667, 15567667, 15467667, 15367667, 15267667]","[15, 15, 15, 15, 15, 15, 15, 15, 15, 15]"
860,7,"[6, 10, 11, 16, 22]",5,3.6707580238580704,0.0836049672216177,38.29151059770957,"[15120017, 15020017, 15820017, 15920017, 15420017, 15520017, 15620017, 15720017, 15220017, 15320017]","[16, 16, 16, 16, 16, 16, 16, 16, 16, 16]"
861,7,"[3, 9, 13, 24]",4,3.0900976080447435,0.06633184663951397,38.17656812455971,"[15138341, 15038341, 15738341, 15638341, 15538341, 15438341, 15938341, 15838341, 15338341, 15238341]","[3, 3, 3, 3, 3, 3, 3, 3, 3, 3]"
862,7,"[0, 1, 11, 14, 18]",5,3.487978493794799,0.08024429902434349,34.217214518599214,"[15651157, 15751157, 15451157, 15551157, 15351157, 15251157, 15051157, 15151157, 15851157, 15951157]","[0, 0, 0, 0, 0, 0, 0, 0, 0, 0]"
863,7,"[1, 3, 7, 9, 14, 18, 22]",7,5.0136824660003185,0.11778894066810608,36.68670162385596,"[15162444, 15062444, 15762444, 15662444, 15562444, 15462444, 15362444, 15262444, 15962444, 15862444]","[1, 1, 1, 1, 1, 1, 1, 1, 1, 1]"
864,7,"[2, 7, 10, 18]",4,2.7472890075296164,0.06132293678820133,33.662695533712395,"[15140998, 15040998, 15740998, 15640998, 15540998, 15440998, 15940998, 15840998, 15340998, 15240998]","[2, 2, 2, 2, 2, 2, 2, 2, 2, 2]"
865,7,"[0, 4, 17, 18, 20, 22]",6,4.147234935313463,0.09716933220624924,36.191285710626595,"[15332933, 15232933, 15632933, 15732933, 15532933, 15432933, 15032933, 15132933, 15832933, 15932933]","[22, 22, 22, 22, 22, 22, 22, 22, 22, 22]"
866,7,"[2, 3, 14, 17, 18, 19]",6,4.3325035981833935,0.09701794572174549,36.48646741756238,"[15315810, 15215810, 15615810, 15715810, 15515810, 15415810, 15015810, 15115810, 15815810, 15915810]","[19, 19, 19, 19, 19, 19, 19, 19, 19, 19]"
867,7,"[2, 6, 9, 16, 18, 19, 23]",7,5.062572719529271,0.10772794671356678,36.68508250106658,"[15564484, 15464484, 15964484, 15864484, 15664484, 15164484, 15264484, 15364484, 15064484, 15764484]","[18, 18, 18, 18, 18, 18, 18, 18, 18, 18]"
868,7,"[0, 3, 4, 12, 16, 17, 24]",7,5.0029466059058905,0.11053693108260632,35.32196619727516,"[17419752, 17019752, 16919752, 16819752, 17119752, 16619752, 17319752, 17219752, 16719752, 17519752]","[17, 17, 17, 17, 17, 17, 17, 17, 17, 17]"
869,7,"[1, 3, 5, 11, 16]",5,3.6830506213009357,0.08026744984090328,35.79760843571275,"[15159344, 15059344, 15259344, 15359344, 15559344, 15459344, 15759344, 15659344, 15959344, 15859344]","[16, 16, 16, 16, 16, 16, 16, 16, 16, 16]"
870,7,"[1, 7, 9, 11, 17, 18, 22]",7,4.993052734062076,0.10771490447223186,36.718449134978336,"[15858292, 15958292, 15358292, 15258292, 15458292, 15558292, 15758292, 15658292, 15058292, 15158292]","[9, 9, 9, 9, 9, 9, 9, 9, 9, 9]"
871,7,"[4, 6, 7, 16, 24]",5,3.487283244729042,0.08163664862513542,33.50383270531893,"[15645859, 15745859, 15445859, 15545859, 15345859, 15245859, 15845859, 15945859, 15045859, 15145859]","[24, 24, 24, 24, 24, 24, 24, 24, 24, 24]"
872,7,"[2, 12, 18, 20, 22]",5,3.58834870159626,0.0801976602524519,38.17209044871852,"[15641983, 15741983, 15441983, 15541983, 15341983, 15241983, 15041983, 15141983, 15841983, 15941983]","[2, 2, 2, 2, 2, 2, 2, 2, 2, 2]"
873,7,"[1, 2, 12, 17, 18, 20]",6,4.280635189265013,0.10031002014875412,35.38228877292325,"[15118490, 15018490, 15818490, 15918490, 15418490, 15518490, 15618490, 15718490, 15218490, 15318490]","[17, 17, 17, 17, 17, 17, 17, 17, 17, 17]"
874,7,"[1, 3, 9, 11, 12, 18, 22]",7,5.233507974073291,0.12711501494050026,38.06240300268733,"[15638341, 15738341, 15438341, 15538341, 15338341, 15238341, 15838341, 15938341, 15138341, 15038341]","[3, 3, 3, 3, 3, 3, 3, 3, 3, 3]"
875,7,"[0, 3, 12, 14, 16, 18]",6,4.262816870585084,0.09773954935371876,35.91550768764379,"[15172947, 15072947, 15872947, 15972947, 15472947, 15572947, 15672947, 15772947, 15272947, 15372947]","[14, 14, 14, 14, 14, 14, 14, 14, 14, 14]"
876,7,"[1, 3, 12, 16, 18, 19]",6,4.454685192555189,0.1011794414371252,37.284211620145165,"[15521812, 15421812, 15921812, 15821812, 15121812, 15021812, 15221812, 15321812, 15721812, 15621812]","[12, 12, 12, 12, 12, 12, 12, 12, 12, 12]"
877,7,"[1, 12, 13, 14, 18, 19]",6,4.278624085709453,0.09953692927956581,36.35433594773834,"[15146749, 15046749, 15846749, 15946749, 15446749, 15546749, 15646749, 15746749, 15246749, 15346749]","[14, 14, 14, 14, 14, 14, 14, 14, 14, 14]"
878,7,"[0, 3, 5, 6, 9, 14, 17]",7,5.0231505166739225,0.11244507692754269,34.44130658577861,"[15105935, 15005935, 15705935, 15605935, 15805935, 15905935, 15405935, 15505935, 15205935, 15305935]","[5, 5, 5, 5, 5, 5, 5, 5, 5, 5]"
879,7,"[8, 11, 14, 17, 18, 22]",6,4.274742631241679,0.09681462682783604,37.495921197424956,"[15332539, 15232539, 15632539, 15732539, 15532539, 15432539, 15032539, 15132539, 15832539, 15932539]","[22, 22, 22, 22, 22, 22, 22, 22, 22, 22]"
880,7,"[4, 5, 6, 9, 15, 16, 18]",7,4.945579839870334,0.12589764036238194,34.76347332507638,"[15020714, 15120714, 15620714, 15720714, 15520714, 15420714, 15220714, 15320714, 15820714, 15920714]","[16, 16, 16, 16, 16, 16, 16, 16, 16, 16]"
881,7,"[1, 3, 9, 16, 18]",5,3.731925070285797,0.08111003413796425,37.20645982874557,"[15746438, 15646438, 15446438, 15546438, 15146438, 15046438, 15846438, 15946438, 15246438, 15346438]","[3, 3, 3, 3, 3, 3, 3, 3, 3, 3]"
882,7,"[5, 6, 7, 12, 18, 21]",6,4.059333274140954,0.09324510022997856,33.782082633891456,"[15108902, 15008902, 15808902, 15908902, 15408902, 15508902, 15608902, 15708902, 15208902, 15308902]","[12, 12, 12, 12, 12, 12, 12, 12, 12, 12]"
883,7,"[0, 2, 3, 9, 22]",5,3.6250633616000414,0.08073296956717968,37.27379320990294,"[15120015, 15020015, 15820015, 15920015, 15420015, 15520015, 15320015, 15220015, 15620015, 15720015]","[9, 9, 9, 9, 9, 9, 9, 9, 9, 9]"
884,7,"[2, 3, 7, 10, 11, 16, 18]",7,5.014705557376146,0.11061925999820232,35.656621743259684,"[15695861, 15795861, 15195861, 15095861, 15995861, 15895861, 15395861, 15295861, 15595861, 15495861]","[16, 16, 16, 16, 16, 16, 16, 16, 16, 16]"
885,7,"[0, 1, 11, 14, 18, 22, 24]",7,4.959764255210757,0.10768844000995159,36.58096054961373,"[15880820, 15980820, 15780820, 15680820, 15580820, 15480820, 15180820, 15080820, 15380820, 15280820]","[22, 22, 22, 22, 22, 22, 22, 22, 22, 22]"
886,7,"[0, 4, 12, 14, 16, 22]",6,4.092947592958808,0.09684725105762482,36.134739445910476,"[15120017, 15020017, 15220017, 15320017, 15520017, 15420017, 15720017, 15620017, 15920017, 15820017]","[16, 16, 16, 16, 16, 16, 16, 16, 16, 16]"
887,7,"[5, 13, 17, 18, 21, 22, 24]",7,5.042825547978282,0.11553378775715828,37.75974373273285,"[15780606, 15680606, 15080606, 15180606, 15880606, 15980606, 15380606, 15280606, 15580606, 15480606]","[17, 17, 17, 17, 17, 17, 17, 17, 17, 17]"
888,7,"[0, 3, 6, 14, 15, 21]",6,4.131882332265377,0.09637840464711189,34.48053060681559,"[15365396, 15265396, 15665396, 15765396, 15565396, 15465396, 15065396, 15165396, 15865396, 15965396]","[21, 21, 21, 21, 21, 21, 21, 21, 21, 21]"
889,7,"[0, 2, 10, 11, 14, 16, 19]",7,5.051981393247843,0.11501899175345898,35.955082648633315,"[17301490, 17201490, 17401490, 17001490, 17101490, 17501490, 16601490, 16901490, 16801490, 16701490]","[19, 19, 19, 19, 19, 19, 19, 19, 19, 19]"
890,7,"[0, 2, 3, 9, 12, 18, 21]",7,5.062022548168898,0.11187719367444515,35.77540247947244,"[15055825, 15155825, 15555825, 15455825, 15855825, 15955825, 15255825, 15355825, 15755825, 15655825]","[18, 18, 18, 18, 18, 18, 18, 18, 18, 18]"
891,7,"[2, 4, 6, 15, 20]",5,3.4523056987673044,0.08185583725571632,33.37552890041843,"[15126632, 15026632, 15726632, 15626632, 15526632, 15426632, 15326632, 15226632, 15926632, 15826632]","[20, 20, 20, 20, 20, 20, 20, 20, 20, 20]"
892,7,"[1, 3, 6, 10, 14, 18]",6,4.3048973102122545,0.10240234807133675,34.94578686504004,"[15181794, 15081794, 15881794, 15981794, 15481794, 15581794, 15381794, 15281794, 15681794, 15781794]","[10, 10, 10, 10, 10, 10, 10, 10, 10, 10]"
893,7,"[1, 3, 4, 6, 9, 18, 22]",7,5.080472381785512,0.11637199856340885,36.22439766728452,"[15697239, 15797239, 15097239, 15197239, 15297239, 15397239, 15897239, 15997239, 15497239, 15597239]","[9, 9, 9, 9, 9, 9, 9, 9, 9, 9]"
894,7,"[3, 6, 7, 11, 12, 18, 20]",7,5.010889915749431,0.11176074482500553,35.28029842741255,"[15173944, 15073944, 15773944, 15673944, 15873944, 15973944, 15473944, 15573944, 15273944, 15373944]","[7, 7, 7, 7, 7, 7, 7, 7, 7, 7]"
895,7,"[0, 1, 7, 10, 16, 18, 22]",7,4.886816777288914,0.10954144410789013,35.80263139254281,"[15222033, 15322033, 15822033, 15422033, 15622033, 15722033, 15022033, 15122033, 15522033, 15922033]","[22, 22, 22, 22, 22, 22, 22, 22, 22, 22]"
896,7,"[1, 3, 4, 11, 13, 18, 22]",7,5.036140237003565,0.11636095121502876,36.75973563302042,"[15711258, 15111258, 15011258, 15811258, 15911258, 15411258, 15511258, 15611258, 15311258, 15211258]","[4, 4, 4, 4, 4, 4, 4, 4, 4, 4]"
897,7,"[0, 2, 7, 9, 10, 12, 18]",7,4.837945790961385,0.110127417370677,34.295182982326615,"[15667819, 15967819, 15467819, 15567819, 15867819, 15167819, 15267819, 15367819, 15767819, 15067819]","[10, 10, 10, 10, 10, 10, 10, 10, 10, 10]"
898,7,"[4, 5, 9, 16, 23]",5,3.543661283329129,0.08025615476071835,35.30480911545455,"[15589672, 15489672, 15989672, 15889672, 15189672, 15089672, 15689672, 15789672, 15289672, 15389672]","[9, 9, 9, 9, 9, 9, 9, 9, 9, 9]"
899,7,"[3, 5, 7, 14, 15, 17, 18]",7,4.797528689727187,0.11302192509174347,34.470076098838554,"[15676185, 15776185, 15076185, 15176185, 15876185, 15976185, 15576185, 15476185, 15376185, 15276185]","[18, 18, 18, 18, 18, 18, 18, 18, 18, 18]"
900,7,"[1, 5, 6, 8, 15, 18]",6,4.115273285657167,0.09609561040997505,33.426701843040064,"[15330913, 15230913, 15630913, 15730913, 15530913, 15430913, 15030913, 15130913, 15830913, 15930913]","[18, 18, 18, 18, 18, 18, 18, 18, 18, 18]"
901,7,"[12, 13, 15, 16, 18, 20, 21]",7,4.89657237008214,0.11317954026162624,37.33355785467263,"[15939893, 15839893, 15639893, 15739893, 15339893, 15239893, 15439893, 15539893, 15039893, 15139893]","[13, 13, 13, 13, 13, 13, 13, 13, 13, 13]"
902,7,"[0, 2, 4, 5, 10, 18, 20]",7,4.835060760378838,0.1104223933070898,33.63180992479569,"[15757756, 15657756, 15557756, 15457756, 15957756, 15857756, 15257756, 15357756, 15057756, 15157756]","[5, 5, 5, 5, 5, 5, 5, 5, 5, 5]"
903,7,"[0, 3, 4, 5, 11, 15, 18]",7,4.920988880097866,0.1188348289579153,33.999744108279366,"[15408071, 15508071, 15608071, 15708071, 15008071, 15108071, 15208071, 15308071, 15808071, 15908071]","[4, 4, 4, 4, 4, 4, 4, 4, 4, 4]"
904,7,"[2, 3, 14, 16, 18, 20, 22]",7,5.088109297677875,0.11496598832309246,38.1879567806609,"[15765042, 15665042, 15565042, 15465042, 15965042, 15865042, 15265042, 15365042, 15065042, 15165042]","[16, 16, 16, 16, 16, 16, 16, 16, 16, 16]"
905,7,"[1, 5, 8, 13, 16, 18, 19]",7,5.05685069411993,0.11564441584050655,35.985213560251786,"[15164710, 15064710, 15264710, 15364710, 15564710, 15464710, 15864710, 15964710, 15664710, 15764710]","[1, 1, 1, 1, 1, 1, 1, 1, 1, 1]"
906,7,"[0, 1, 5, 8, 18]",5,3.44085431471467,0.07976377196609974,32.81196753298864,"[15715973, 15615973, 15415973, 15515973, 15115973, 15015973, 15815973, 15915973, 15215973, 15315973]","[1, 1, 1, 1, 1, 1, 1, 1, 1, 1]"
907,7,"[3, 6, 10, 12, 14, 17, 22]",7,5.055478708818555,0.11770681105554104,37.0656150580783,"[15138341, 15038341, 15738341, 15638341, 15538341, 15438341, 15838341, 15938341, 15238341, 15338341]","[3, 3, 3, 3, 3, 3, 3, 3, 3, 3]"
908,7,"[2, 13, 14, 16, 18, 22]",6,4.275879632681608,0.09965765848755836,37.97559758865585,"[15139513, 15039513, 15739513, 15639513, 15539513, 15439513, 15339513, 15239513, 15939513, 15839513]","[18, 18, 18, 18, 18, 18, 18, 18, 18, 18]"
909,7,"[2, 3, 4, 5, 14, 18, 24]",7,5.0317767802625895,0.11483109183609486,34.522627495561856,"[15146438, 15046438, 15746438, 15646438, 15546438, 15446438, 15846438, 15946438, 15346438, 15246438]","[3, 3, 3, 3, 3, 3, 3, 3, 3, 3]"
910,7,"[0, 3, 4, 9, 18, 22]",6,4.322986418381333,0.09917885810136795,36.65012835998399,"[15427795, 15527795, 15627795, 15727795, 15327795, 15227795, 15127795, 15027795, 15827795, 15927795]","[3, 3, 3, 3, 3, 3, 3, 3, 3, 3]"
911,7,"[13, 16, 18, 22]",4,2.8784168623387814,0.06969433650374413,40.07938764092978,"[15629914, 15729914, 15129914, 15029914, 15229914, 15329914, 15529914, 15429914, 15929914, 15829914]","[22, 22, 22, 22, 22, 22, 22, 22, 22, 22]"
912,7,"[0, 1, 2, 3, 12, 18, 19]",7,5.002580435946584,0.11890897527337074,35.1933246153806,"[15790022, 15390022, 15590022, 15490022, 15290022, 15890022, 15190022, 15090022, 15990022, 15690022]","[1, 1, 1, 1, 1, 1, 1, 1, 1, 1]"
913,7,"[2, 4, 5, 7, 15, 16, 20]",7,4.739342860877514,0.11202470399439335,33.71636391071869,"[15128846, 15028846, 15728846, 15628846, 15528846, 15428846, 15828846, 15928846, 15228846, 15328846]","[2, 2, 2, 2, 2, 2, 2, 2, 2, 2]"
914,7,"[4, 12, 13, 15, 17, 18, 20]",7,4.828967725858092,0.11571253463625908,35.57431693568027,"[15754264, 15654264, 15254264, 15354264, 15854264, 15954264, 15454264, 15554264, 15054264, 15154264]","[20, 20, 20, 20, 20, 20, 20, 20, 20, 20]"
915,7,"[0, 1, 3, 13, 18, 19]",6,4.311999835073948,0.09458657540380955,35.78487087048901,"[15135027, 15035027, 15735027, 15635027, 15535027, 15435027, 15935027, 15835027, 15335027, 15235027]","[0, 0, 0, 0, 0, 0, 0, 0, 0, 0]"
916,7,"[1, 9, 10, 14, 16, 22]",6,4.336590645834804,0.09974494203925133,38.24769874926036,"[15173530, 15073530, 15773530, 15673530, 15573530, 15473530, 15973530, 15873530, 15373530, 15273530]","[1, 1, 1, 1, 1, 1, 1, 1, 1, 1]"
917,7,"[0, 1, 6, 16, 17, 18, 22]",7,4.9485806580632925,0.11811764910817146,36.063217969345196,"[15399866, 15299866, 15499866, 15599866, 15699866, 15799866, 15099866, 15199866, 15999866, 15899866]","[17, 17, 17, 17, 17, 17, 17, 17, 17, 17]"
918,7,"[3, 4, 6, 10, 13, 22]",6,4.318772569298744,0.10285494476556778,36.47125665020818,"[15192938, 15092938, 15792938, 15692938, 15592938, 15492938, 15992938, 15892938, 15392938, 15292938]","[3, 3, 3, 3, 3, 3, 3, 3, 3, 3]"
919,7,"[1, 4, 12, 13, 15, 17]",6,4.1780538856983185,0.10459867492318153,34.307542585923024,"[15063681, 15163681, 15463681, 15563681, 15963681, 15863681, 15763681, 15663681, 15263681, 15363681]","[1, 1, 1, 1, 1, 1, 1, 1, 1, 1]"
920,7,"[1, 5, 6, 7, 11, 16, 21]",7,4.921659741550684,0.11196708492934704,34.13797143780227,"[15908135, 15808135, 15308135, 15108135, 15408135, 15508135, 15608135, 15708135, 15008135, 15208135]","[21, 21, 21, 21, 21, 21, 21, 21, 21, 21]"
921,7,"[1, 2, 5, 10, 14, 18]",6,4.226047458127141,0.10295554250478745,34.13614039223952,"[15678758, 15778758, 15178758, 15078758, 15278758, 15378758, 15578758, 15478758, 15978758, 15878758]","[10, 10, 10, 10, 10, 10, 10, 10, 10, 10]"
922,7,"[0, 10, 11, 12, 13, 15, 21]",7,4.912180857732892,0.11391332000494003,35.67988458428798,"[15180991, 15080991, 15780991, 15680991, 15580991, 15480991, 15280991, 15380991, 15880991, 15980991]","[0, 0, 0, 0, 0, 0, 0, 0, 0, 0]"
923,7,"[3, 4, 5, 9, 10, 15, 23]",7,4.992175353690982,0.11402128264307976,35.1786188482573,"[15132936, 15032936, 15532936, 15432936, 15932936, 15832936, 15332936, 15232936, 15632936, 15732936]","[15, 15, 15, 15, 15, 15, 15, 15, 15, 15]"
924,7,"[2, 3, 7, 16, 18, 22]",6,4.308841658756137,0.10612978972494602,37.090092704088114,"[17118368, 17018368, 17518368, 17418368, 16718368, 16618368, 17318368, 17218368, 16818368, 16918368]","[22, 22, 22, 22, 22, 22, 22, 22, 22, 22]"
925,7,"[3, 4, 16, 18, 20, 21, 24]",7,5.139881305396557,0.11476892232894897,36.92675920915125,"[15140751, 15040751, 15840751, 15940751, 15440751, 15540751, 15640751, 15740751, 15240751, 15340751]","[16, 16, 16, 16, 16, 16, 16, 16, 16, 16]"
926,7,"[0, 1, 3, 13, 16, 18]",6,4.280380381271243,0.09445837140083313,35.60873940393018,"[15368703, 15268703, 15668703, 15768703, 15568703, 15468703, 15068703, 15168703, 15868703, 15968703]","[18, 18, 18, 18, 18, 18, 18, 18, 18, 18]"
927,7,"[0, 6, 10, 12, 13, 18, 22]",7,4.866806074976921,0.11112156324088573,36.34163829265162,"[15039513, 15539513, 15639513, 15739513, 15439513, 15339513, 15839513, 15939513, 15239513, 15139513]","[18, 18, 18, 18, 18, 18, 18, 18, 18, 18]"
928,7,"[3, 4, 7, 18]",4,2.736381873488426,0.06328835152089596,33.21948765334673,"[15107710, 15007710, 15807710, 15907710, 15407710, 15507710, 15307710, 15207710, 15607710, 15707710]","[18, 18, 18, 18, 18, 18, 18, 18, 18, 18]"
929,7,"[3, 4, 13, 18, 24]",5,3.6273829843848944,0.08059962838888168,35.88768705055118,"[15146438, 15046438, 15246438, 15346438, 15546438, 15446438, 15946438, 15846438, 15746438, 15646438]","[3, 3, 3, 3, 3, 3, 3, 3, 3, 3]"
930,7,"[0, 9, 12, 14, 16, 18, 19]",7,4.98000774346292,0.10868313908576965,36.817215262912214,"[15239247, 15339247, 15839247, 15539247, 15439247, 15939247, 15639247, 15139247, 15039247, 15739247]","[19, 19, 19, 19, 19, 19, 19, 19, 19, 19]"
931,7,"[4, 5, 7, 11, 17, 18]",6,4.110160920768976,0.09358430653810501,33.31520826408329,"[15569907, 15469907, 15969907, 15869907, 15169907, 15069907, 15269907, 15369907, 15769907, 15669907]","[7, 7, 7, 7, 7, 7, 7, 7, 7, 7]"
932,7,"[1, 4, 7, 14, 15, 18]",6,3.9659167639911175,0.09027128852903843,32.87157203280367,"[15707710, 15607710, 15307710, 15207710, 15507710, 15407710, 15007710, 15107710, 15807710, 15907710]","[18, 18, 18, 18, 18, 18, 18, 18, 18, 18]"
933,7,"[1, 3, 5, 6, 10, 21]",6,4.328209552913904,0.09817729890346527,34.584455073190234,"[15181794, 15081794, 15781794, 15681794, 15581794, 15481794, 15381794, 15281794, 15981794, 15881794]","[10, 10, 10, 10, 10, 10, 10, 10, 10, 10]"
934,7,"[6, 17, 19, 22]",4,2.9350206535309553,0.06582767143845558,38.66410429577809,"[15243925, 15343925, 15443925, 15543925, 15143925, 15043925, 15843925, 15943925, 15643925, 15743925]","[17, 17, 17, 17, 17, 17, 17, 17, 17, 17]"
935,7,"[0, 1, 4, 15, 16, 18]",6,4.135946121066809,0.09872538782656193,33.831063615701474,"[15511258, 15411258, 15911258, 15811258, 15111258, 15011258, 15211258, 15311258, 15711258, 15611258]","[4, 4, 4, 4, 4, 4, 4, 4, 4, 4]"
936,7,"[1, 3, 10, 12, 18, 22]",6,4.427842330187559,0.11010337062180042,37.71758207694317,"[15732876, 15632876, 15432876, 15532876, 15132876, 15032876, 15832876, 15932876, 15232876, 15332876]","[3, 3, 3, 3, 3, 3, 3, 3, 3, 3]"
937,7,"[0, 3, 4, 6, 14, 18, 22]",7,4.886248715221882,0.11971208825707436,35.25948205590248,"[15820945, 15920945, 15220945, 15320945, 15420945, 15520945, 15720945, 15620945, 15120945, 15020945]","[18, 18, 18, 18, 18, 18, 18, 18, 18, 18]"
938,7,"[2, 3, 4, 17, 20]",5,3.6101041715592146,0.08533860370516777,34.868612985685466,"[15128846, 15028846, 15228846, 15328846, 15528846, 15428846, 15928846, 15828846, 15728846, 15628846]","[2, 2, 2, 2, 2, 2, 2, 2, 2, 2]"
939,7,"[0, 12, 18, 19]",4,2.8293258007615805,0.06558755226433277,35.908032994833775,"[15148789, 15048789, 15748789, 15648789, 15548789, 15448789, 15948789, 15848789, 15348789, 15248789]","[0, 0, 0, 0, 0, 0, 0, 0, 0, 0]"
940,7,"[2, 3, 5, 18, 21, 22]",6,4.336144028231502,0.1052718386054039,37.25037899450399,"[15728324, 15628324, 15528324, 15428324, 15028324, 15128324, 15228324, 15328324, 15828324, 15928324]","[2, 2, 2, 2, 2, 2, 2, 2, 2, 2]"
941,7,"[3, 13, 14, 15, 16, 18]",6,4.29373150318861,0.1011459194123745,36.93635502504185,"[15171236, 15071236, 15771236, 15671236, 15571236, 15471236, 15971236, 15871236, 15371236, 15271236]","[3, 3, 3, 3, 3, 3, 3, 3, 3, 3]"
942,7,"[0, 1, 3, 14, 22, 24]",6,4.333814673125744,0.10577945597469807,36.66373877987886,"[15179703, 15079703, 15779703, 15679703, 15579703, 15479703, 15379703, 15279703, 15979703, 15879703]","[22, 22, 22, 22, 22, 22, 22, 22, 22, 22]"
943,7,"[0, 2, 3, 4, 15, 17, 19]",7,4.912863904610276,0.11716186068952084,34.487919641991276,"[15167887, 15067887, 15867887, 15967887, 15567887, 15467887, 15767887, 15667887, 15367887, 15267887]","[3, 3, 3, 3, 3, 3, 3, 3, 3, 3]"
944,7,"[1, 5, 7, 12, 14, 18, 24]",7,4.842793403193355,0.11027602665126324,34.16551782649809,"[15062444, 15162444, 15462444, 15562444, 15962444, 15862444, 15262444, 15362444, 15762444, 15662444]","[1, 1, 1, 1, 1, 1, 1, 1, 1, 1]"
945,7,"[0, 4, 7, 14, 15, 18, 24]",7,4.663651743903756,0.11548448726534843,33.30577880390255,"[15253520, 15353520, 15453520, 15553520, 15653520, 15753520, 15053520, 15153520, 15853520, 15953520]","[14, 14, 14, 14, 14, 14, 14, 14, 14, 14]"
946,7,"[1, 4, 6, 10, 11, 23]",6,4.182382928207517,0.09671819396317005,33.811663689867906,"[15108833, 15008833, 15808833, 15908833, 15408833, 15508833, 15608833, 15708833, 15208833, 15308833]","[10, 10, 10, 10, 10, 10, 10, 10, 10, 10]"
947,7,"[0, 6, 9, 10, 17, 18]",6,4.236361177638173,0.0967329815030098,34.933785889841,"[15648016, 15748016, 15448016, 15548016, 15348016, 15248016, 15848016, 15948016, 15048016, 15148016]","[17, 17, 17, 17, 17, 17, 17, 17, 17, 17]"
948,7,"[1, 3, 6, 14, 16, 18, 19]",7,5.052046636119485,0.11721006594598293,36.25105581592236,"[15822538, 15922538, 15222538, 15322538, 15422538, 15522538, 15622538, 15722538, 15022538, 15122538]","[16, 16, 16, 16, 16, 16, 16, 16, 16, 16]"
949,7,"[1, 9, 15, 17, 18, 19, 20]",7,5.087068317458034,0.11620081402361393,36.9647819957962,"[15649149, 15749149, 15449149, 15549149, 15349149, 15249149, 15149149, 15049149, 15949149, 15849149]","[1, 1, 1, 1, 1, 1, 1, 1, 1, 1]"
950,7,"[0, 6, 7, 12, 16, 18, 21]",7,4.792810263112187,0.11481251940131187,34.35525724411543,"[15642557, 15742557, 15442557, 15542557, 15342557, 15242557, 15142557, 15042557, 15942557, 15842557]","[0, 0, 0, 0, 0, 0, 0, 0, 0, 0]"
951,7,"[1, 3, 6, 12, 13, 18, 22]",7,5.069072593003511,0.1173093356192112,36.89034155729626,"[15119836, 15019836, 15719836, 15619836, 15519836, 15419836, 15319836, 15219836, 15919836, 15819836]","[1, 1, 1, 1, 1, 1, 1, 1, 1, 1]"
952,7,"[10, 13, 18, 19, 21]",5,3.6441592816263437,0.09056409075856209,37.78774636751041,"[15795839, 15695839, 15495839, 15595839, 15195839, 15095839, 15895839, 15995839, 15295839, 15395839]","[13, 13, 13, 13, 13, 13, 13, 13, 13, 13]"
953,7,"[9, 10, 16, 18, 20, 22, 23]",7,5.114411149173975,0.11781113781034946,39.137820900417864,"[15954604, 15854604, 15754604, 15654604, 15154604, 15054604, 15354604, 15254604, 15454604, 15554604]","[22, 22, 22, 22, 22, 22, 22, 22, 22, 22]"
954,7,"[0, 2, 4, 18, 19]",5,3.5023176819086075,0.08373717963695526,33.85880484711379,"[15175386, 15075386, 15775386, 15675386, 15575386, 15475386, 15975386, 15875386, 15375386, 15275386]","[0, 0, 0, 0, 0, 0, 0, 0, 0, 0]"
955,7,"[0, 1, 6, 13, 14, 17, 19]",7,4.920283006504178,0.11224624328315258,34.5949639350708,"[15904985, 15804985, 15704985, 15604985, 15304985, 15204985, 15004985, 15104985, 15404985, 15504985]","[14, 14, 14, 14, 14, 14, 14, 14, 14, 14]"
956,7,"[0, 1, 4, 14, 18, 22]",6,4.093619639053941,0.10202268324792385,34.97246830328368,"[15172947, 15072947, 15872947, 15972947, 15472947, 15572947, 15672947, 15772947, 15272947, 15372947]","[14, 14, 14, 14, 14, 14, 14, 14, 14, 14]"
957,7,"[0, 1, 2, 4, 10, 13, 18]",7,4.869606379419565,0.11698146536946297,33.47465758770704,"[15148789, 15048789, 15748789, 15648789, 15548789, 15448789, 15848789, 15948789, 15248789, 15348789]","[0, 0, 0, 0, 0, 0, 0, 0, 0, 0]"
958,7,"[0, 3, 4, 6, 12, 18, 21]",7,4.849003521725535,0.11386146768927574,34.16177192463407,"[15389042, 15289042, 15789042, 15689042, 15189042, 15089042, 15489042, 15589042, 15889042, 15989042]","[12, 12, 12, 12, 12, 12, 12, 12, 12, 12]"
959,7,"[0, 1, 2, 3, 6, 16, 24]",7,5.043266223743558,0.11432909965515137,34.55764875221731,"[15697524, 15797524, 15497524, 15597524, 15197524, 15097524, 15297524, 15397524, 15997524, 15897524]","[2, 2, 2, 2, 2, 2, 2, 2, 2, 2]"
960,7,"[1, 12, 14, 16, 17, 22, 24]",7,5.032186947762966,0.12297648563981056,37.72124028744708,"[15965069, 15865069, 15465069, 15565069, 15165069, 15065069, 15365069, 15265069, 15765069, 15665069]","[12, 12, 12, 12, 12, 12, 12, 12, 12, 12]"
961,7,"[0, 1, 3, 12, 13, 16, 21]",7,4.938063740730286,0.11610269173979759,35.83950602103557,"[15589042, 15489042, 15689042, 15789042, 15189042, 15089042, 15889042, 15989042, 15389042, 15289042]","[12, 12, 12, 12, 12, 12, 12, 12, 12, 12]"
962,7,"[1, 2, 4, 18, 24]",5,3.549733055755496,0.08388468250632286,33.83380709066987,"[17556637, 17456637, 17356637, 17256637, 17056637, 17156637, 16956637, 16856637, 16756637, 16656637]","[24, 24, 24, 24, 24, 24, 24, 24, 24, 24]"
963,7,"[4, 5, 8, 17, 18, 20, 23]",7,4.803005127236247,0.1078385878354311,34.58866955466302,"[16677277, 16777277, 16877277, 16977277, 17077277, 17177277, 17577277, 17477277, 17377277, 17277277]","[20, 20, 20, 20, 20, 20, 20, 20, 20, 20]"
964,7,"[1, 4, 6, 17, 18]",5,3.4644837249070406,0.08583913184702396,33.09665647614747,"[15912028, 15812028, 15012028, 15112028, 15412028, 15512028, 15612028, 15712028, 15212028, 15312028]","[17, 17, 17, 17, 17, 17, 17, 17, 17, 17]"
965,7,"[1, 4, 5, 14, 16, 18, 22]",7,4.925122134387493,0.11418281681835651,35.935128855452476,"[15082576, 15582576, 15682576, 15782576, 15482576, 15382576, 15882576, 15982576, 15282576, 15182576]","[4, 4, 4, 4, 4, 4, 4, 4, 4, 4]"
966,7,"[0, 1, 13, 18, 22]",5,3.531105162575841,0.08853622525930405,36.52978610116988,"[15620519, 15720519, 15420519, 15520519, 15320519, 15220519, 15020519, 15120519, 15820519, 15920519]","[0, 0, 0, 0, 0, 0, 0, 0, 0, 0]"
967,7,"[0, 3, 7, 10, 11, 18]",6,4.2608981262892485,0.09433899447321892,34.523381909898795,"[15312155, 15212155, 15612155, 15712155, 15512155, 15412155, 15012155, 15112155, 15812155, 15912155]","[18, 18, 18, 18, 18, 18, 18, 18, 18, 18]"
968,7,"[0, 5, 10, 13, 15, 18, 19]",7,4.939139993861318,0.11431644298136234,35.413209272082895,"[15212732, 15112732, 15012732, 15812732, 15912732, 15412732, 15512732, 15312732, 15712732, 15612732]","[10, 10, 10, 10, 10, 10, 10, 10, 10, 10]"
969,7,"[1, 3, 4, 17, 18, 22]",6,4.342603852972388,0.10567293874919415,36.46943338937126,"[17370123, 17270123, 17070123, 17170123, 16970123, 16870123, 16670123, 16770123, 17470123, 17570123]","[3, 3, 3, 3, 3, 3, 3, 3, 3, 3]"
970,7,"[6, 9, 18]",3,2.2007367443293333,0.048964012414216995,35.797921964277826,"[15558253, 15458253, 15958253, 15858253, 15158253, 15058253, 15258253, 15358253, 15758253, 15658253]","[18, 18, 18, 18, 18, 18, 18, 18, 18, 18]"
971,7,"[1, 4, 8, 12, 17, 18]",6,4.184660822153091,0.09987748973071575,33.970840311065935,"[15143925, 15043925, 15743925, 15643925, 15543925, 15443925, 15343925, 15243925, 15943925, 15843925]","[17, 17, 17, 17, 17, 17, 17, 17, 17, 17]"
972,7,"[0, 3, 12, 13, 14, 18]",6,4.214895591139793,0.09650618955492973,35.4772480718481,"[15245515, 15345515, 15545515, 15445515, 15945515, 15845515, 15145515, 15045515, 15645515, 15745515]","[18, 18, 18, 18, 18, 18, 18, 18, 18, 18]"
973,7,"[0, 3, 6, 11, 18, 19]",6,4.4019289165735245,0.09580955281853676,35.64885353296995,"[15135027, 15035027, 15735027, 15635027, 15535027, 15435027, 15935027, 15835027, 15335027, 15235027]","[0, 0, 0, 0, 0, 0, 0, 0, 0, 0]"
974,7,"[2, 4, 10, 12, 20, 22, 24]",7,5.036990514025092,0.11599410139024258,36.88627507404557,"[15035333, 15735333, 15635333, 15535333, 15335333, 15835333, 15935333, 15435333, 15135333, 15235333]","[22, 22, 22, 22, 22, 22, 22, 22, 22, 22]"
975,7,"[1, 5, 12, 18, 19, 22]",6,4.292430263012648,0.0921920407563448,37.41813781554811,"[15168703, 15068703, 15868703, 15968703, 15468703, 15568703, 15368703, 15268703, 15668703, 15768703]","[18, 18, 18, 18, 18, 18, 18, 18, 18, 18]"
976,7,"[1, 5, 6, 9, 13, 21]",6,4.246966609731317,0.09436511434614658,34.92805471791265,"[15326685, 15226685, 15826685, 15926685, 15526685, 15426685, 15026685, 15126685, 15726685, 15626685]","[9, 9, 9, 9, 9, 9, 9, 9, 9, 9]"
977,7,"[0, 2, 4, 5, 17, 18]",6,4.089183771982789,0.09609423018991947,32.695393937484674,"[15360093, 15260093, 15060093, 15160093, 15660093, 15760093, 15960093, 15860093, 15460093, 15560093]","[4, 4, 4, 4, 4, 4, 4, 4, 4, 4]"
978,7,"[3, 7, 14, 16, 21, 24]",6,4.23969030380249,0.09665052592754364,36.266057342446096,"[16965535, 16865535, 17265535, 17365535, 17165535, 17065535, 16665535, 16765535, 17465535, 17565535]","[24, 24, 24, 24, 24, 24, 24, 24, 24, 24]"
979,7,"[2, 5, 9, 17, 18, 21, 22]",7,5.019105330109596,0.11463052779436111,37.25728728296235,"[15973019, 15873019, 15173019, 15373019, 15273019, 15073019, 15573019, 15673019, 15773019, 15473019]","[22, 22, 22, 22, 22, 22, 22, 22, 22, 22]"
980,7,"[1, 5, 6, 16, 18]",5,3.5291509330272675,0.08027874305844307,34.36745270388201,"[15202651, 15302651, 15402651, 15502651, 15102651, 15002651, 15802651, 15902651, 15602651, 15702651]","[5, 5, 5, 5, 5, 5, 5, 5, 5, 5]"
981,7,"[0, 3, 7, 14, 18]",5,3.3690880816429853,0.07780986465513706,33.67712130444124,"[15537909, 15437909, 15937909, 15837909, 15137909, 15037909, 15237909, 15337909, 15737909, 15637909]","[7, 7, 7, 7, 7, 7, 7, 7, 7, 7]"
982,7,"[1, 2, 3, 7, 12, 14]",6,4.199587618932128,0.10062873736023903,33.796785848060004,"[15306164, 15206164, 15706164, 15606164, 15506164, 15406164, 15106164, 15006164, 15906164, 15806164]","[12, 12, 12, 12, 12, 12, 12, 12, 12, 12]"
983,7,"[0, 6, 17, 18, 19, 20]",6,4.273315284401178,0.09500708431005478,35.538761072404064,"[15196954, 15096954, 15796954, 15696954, 15596954, 15496954, 15996954, 15896954, 15396954, 15296954]","[0, 0, 0, 0, 0, 0, 0, 0, 0, 0]"
984,7,"[2, 5, 6, 7, 10, 12, 18]",7,4.850062347948551,0.1110064908862114,33.422325062299414,"[15703141, 15603141, 15503141, 15403141, 15903141, 15803141, 15203141, 15303141, 15003141, 15103141]","[7, 7, 7, 7, 7, 7, 7, 7, 7, 7]"
985,7,"[0, 4, 7, 11, 12, 18]",6,4.070118581876159,0.09627463668584824,33.04454142988349,"[15131079, 15031079, 15831079, 15931079, 15431079, 15531079, 15331079, 15231079, 15631079, 15731079]","[11, 11, 11, 11, 11, 11, 11, 11, 11, 11]"
986,7,"[0, 1, 4, 5, 8, 18, 22]",7,4.824339145794511,0.11602172628045082,34.295392397125916,"[15558219, 15458219, 15858219, 15958219, 15258219, 15358219, 15658219, 15758219, 15058219, 15158219]","[1, 1, 1, 1, 1, 1, 1, 1, 1, 1]"
987,7,"[0, 3, 4, 8, 12, 22]",6,4.192294569686055,0.09655120968818665,35.56921860855073,"[15354604, 15254604, 15654604, 15754604, 15554604, 15454604, 15054604, 15154604, 15854604, 15954604]","[22, 22, 22, 22, 22, 22, 22, 22, 22, 22]"
988,7,"[1, 3, 14, 15, 18, 22]",6,4.288408478721976,0.10206201113760471,37.276765342258535,"[15335333, 15235333, 15635333, 15735333, 15535333, 15435333, 15035333, 15135333, 15835333, 15935333]","[22, 22, 22, 22, 22, 22, 22, 22, 22, 22]"
989,7,"[1, 2, 7, 12, 14, 18]",6,4.099515313282609,0.0912459995597601,33.60097239469178,"[15168017, 15068017, 15768017, 15668017, 15568017, 15468017, 15368017, 15268017, 15968017, 15868017]","[14, 14, 14, 14, 14, 14, 14, 14, 14, 14]"
990,7,"[0, 1, 2, 9, 12, 18]",6,4.26499923504889,0.10227742791175842,34.49362639159275,"[15452592, 15552592, 15252592, 15352592, 15652592, 15752592, 15152592, 15052592, 15952592, 15852592]","[1, 1, 1, 1, 1, 1, 1, 1, 1, 1]"
991,7,"[1, 6, 7, 13, 16, 22]",6,4.155831016600132,0.09368891268968582,35.98963830100062,"[15517583, 15417583, 15917583, 15817583, 15117583, 15017583, 15217583, 15317583, 15717583, 15617583]","[7, 7, 7, 7, 7, 7, 7, 7, 7, 7]"
992,7,"[0, 5, 9, 11, 19, 22, 23]",7,5.023299740627408,0.10753420367836952,37.43522159036781,"[15179028, 15079028, 15779028, 15679028, 15579028, 15479028, 15879028, 15979028, 15279028, 15379028]","[5, 5, 5, 5, 5, 5, 5, 5, 5, 5]"
993,7,"[1, 3, 7, 14, 16, 19, 22]",7,4.970148991793394,0.11408993974328041,37.32265789953193,"[15963517, 15863517, 15663517, 15763517, 15163517, 15063517, 15263517, 15363517, 15463517, 15563517]","[16, 16, 16, 16, 16, 16, 16, 16, 16, 16]"
994,7,"[0, 2, 3, 4, 5, 6, 19]",7,4.91396470181644,0.11039985902607441,33.365605999316486,"[15152059, 15052059, 15252059, 15352059, 15552059, 15452059, 15952059, 15852059, 15752059, 15652059]","[0, 0, 0, 0, 0, 0, 0, 0, 0, 0]"
995,7,"[1, 6, 14, 17, 18, 19, 22]",7,4.956929827108979,0.11359448544681072,36.94780691846141,"[15639513, 15939513, 15439513, 15539513, 15839513, 15139513, 15239513, 15339513, 15739513, 15039513]","[18, 18, 18, 18, 18, 18, 18, 18, 18, 18]"
996,7,"[1, 5, 14, 16, 18, 22]",6,4.223187481984496,0.09735114127397537,37.036814189205565,"[15112155, 15012155, 15712155, 15612155, 15512155, 15412155, 15312155, 15212155, 15912155, 15812155]","[18, 18, 18, 18, 18, 18, 18, 18, 18, 18]"
997,7,"[0, 2, 5, 14, 18, 22]",6,4.127091372385621,0.09342602454125881,35.43891311693005,"[15045515, 15145515, 15445515, 15545515, 15945515, 15845515, 15245515, 15345515, 15745515, 15645515]","[18, 18, 18, 18, 18, 18, 18, 18, 18, 18]"
998,7,"[2, 4, 9, 14, 18, 24]",6,4.340382449328899,0.10038400813937187,35.21155045949854,"[15145153, 15045153, 15745153, 15645153, 15545153, 15445153, 15945153, 15845153, 15345153, 15245153]","[2, 2, 2, 2, 2, 2, 2, 2, 2, 2]"
999,7,"[3, 4, 17, 18, 19]",5,3.677608424797654,0.08660574071109295,36.141557278018446,"[15115810, 15015810, 15715810, 15615810, 15515810, 15415810, 15315810, 15215810, 15915810, 15815810]","[19, 19, 19, 19, 19, 19, 19, 19, 19, 19]"
