query,num_centroids,searched_shard_ids,num_searched_shards,gpu_transfer_time,gpu_search_time,warmup_time,best_retrieved_ids,top_doc_shards
0,14,"[1, 6, 20, 21]",4,0.22325474862009287,0.061360484920442104,1.229059083503671,"[22367475, 350323743, 350285757, 22359499, 22352964, 596090569, 583617007, 40490076, 596064850, 347651857]","[20, 20, 20, 20, 20, 20, 20, 20, 20, 20]"
1,14,"[5, 6, 16, 23]",4,0.32863667234778404,0.0659248256124556,1.7890454432344995,"[598688458, 96761309, 317778513, 462536204, 128100141, 512290626, 467725477, 80310487, 544732844, 41433574]","[23, 23, 23, 5, 5, 5, 5, 5, 5, 5]"
2,14,"[6, 19, 20, 21]",4,0.20897177746519446,0.06585356220602989,1.2221596096642315,"[97139517, 294043795, 8432815, 184706508, 522340063, 184228786, 58511679, 284206801, 284206802, 446094918]","[19, 19, 21, 20, 21, 21, 21, 21, 19, 21]"
3,14,"[11, 14]",2,0.16345650795847178,0.037499936763197184,2.0368539543123916,"[319976312, 473871456, 416180093, 533106488, 185862896, 409812650, 534845823, 493543761, 3563663, 545925259]","[14, 14, 14, 14, 14, 14, 14, 14, 14, 14]"
4,14,"[8, 19, 21, 23]",4,0.18571215542033315,0.05821721022948623,1.0876957639702596,"[492485126, 241046875, 74580447, 364526066, 196412165, 197645372, 197750504, 555283757, 11876884, 251314455]","[19, 19, 19, 19, 19, 19, 19, 19, 19, 19]"
5,14,"[5, 6, 15, 20, 21, 23]",6,0.507583137601614,0.10358697175979614,1.915960475297955,"[516745818, 379513051, 379513049, 40647836, 147282989, 98341154, 98187521, 98187524, 268589670, 500339455]","[6, 20, 6, 20, 6, 20, 6, 20, 20, 15]"
6,14,"[8, 17]",2,0.12711161701008677,0.031131557654589415,1.4215755820041522,"[223359640, 306289225, 134921891, 473056010, 172489898, 163594463, 184462764, 578112746, 538022211, 98659306]","[17, 8, 8, 8, 8, 8, 8, 8, 8, 8]"
7,14,"[2, 9, 16, 17, 24]",5,0.4089982663281262,0.08433684008195996,1.857972258515656,"[422770906, 67019337, 159171799, 412000426, 66952640, 534620895, 63753766, 152048176, 311568376, 272006514]","[17, 16, 17, 24, 16, 17, 16, 9, 2, 9]"
8,14,"[6, 14, 23]",3,0.20637269178405404,0.05000085290521383,1.6357337038498372,"[327654649, 459540312, 67520733, 575997322, 180283059, 562193291, 305388418, 41178123, 30515188, 339438330]","[23, 23, 23, 23, 23, 23, 23, 23, 23, 23]"
9,14,"[1, 4, 6, 13, 14, 19]",6,0.4836047925055027,0.17963901069015265,1.6428074247669429,"[244047149, 407497946, 372337157, 244049389, 244048645, 372313030, 99048836, 406973178, 237900005, 99090315]","[14, 14, 14, 14, 14, 14, 14, 14, 14, 14]"
10,14,"[4, 5, 6, 15, 23]",5,0.5496010445058346,0.10720228217542171,2.5126704653725027,"[162571401, 582265968, 156350339, 596989224, 156842470, 177718168, 162631938, 301410691, 162631950, 361359114]","[5, 5, 5, 5, 5, 5, 5, 5, 5, 5]"
11,14,"[16, 19]",2,0.13984904810786247,0.03145495103672147,1.6844580495962873,"[316195675, 347961149, 425646496, 127689114, 316205222, 335612984, 316205221, 505439277, 402151260, 575814845]","[16, 16, 16, 16, 16, 16, 16, 16, 16, 16]"
12,14,"[3, 8, 15, 17, 19]",5,0.40732651529833674,0.15348152350634336,1.9813398831523954,"[143285814, 398227840, 520909276, 150775094, 533066813, 416989615, 559059925, 478916319, 583463400, 255704802]","[8, 8, 8, 8, 8, 8, 8, 8, 8, 8]"
13,14,"[14, 19]",2,0.11538708675652742,0.03330571111291647,1.4267114870017394,"[269953808, 270017264, 53616989, 219464520, 269932498, 264374402, 21302424, 107532941, 53616990, 439849310]","[14, 14, 14, 14, 14, 19, 14, 14, 14, 14]"
14,14,"[1, 14]",2,0.13204133277758956,0.03557317657396197,1.4405104346806183,"[2930195, 304291211, 5479281, 298156409, 435890273, 300724316, 214405047, 231200670, 504375842, 531276114]","[14, 14, 14, 14, 14, 14, 14, 14, 14, 14]"
15,14,[12],1,0.05695077311247587,0.015810370910912752,1.0251711350865662,"[540834996, 425755668, 346415404, 400155932, 347682406, 548796299, 583527657, 236059986, 540791896, 318230608]","[12, 12, 12, 12, 12, 12, 12, 12, 12, 12]"
16,14,"[18, 20]",2,0.10748929437249899,0.025264139752835035,1.1839226317824796,"[388372331, 477914499, 94283698, 313295416, 417756224, 81047150, 413998749, 287698740, 388567738, 84783145]","[18, 18, 18, 18, 18, 18, 18, 18, 18, 18]"
17,14,"[5, 6]",2,0.17333357594907284,0.04254088690504432,2.03853119793348,"[196567304, 37592602, 529191060, 119007154, 136475651, 138777038, 519952557, 596950633, 125572012, 119958834]","[5, 5, 5, 6, 5, 5, 5, 5, 5, 5]"
18,14,"[3, 7, 11, 14, 20, 23]",6,0.3422762197442353,0.0840331926010549,1.1867361707069601,"[265372681, 560067270, 278479542, 395074565, 251637110, 211326331, 34614699, 174444878, 587245452, 34620824]","[11, 3, 3, 3, 3, 11, 3, 3, 3, 3]"
19,14,"[2, 8, 14, 18, 19, 21]",6,0.4329510750249028,0.09995412454009056,1.385170561183865,"[596197374, 227781415, 342147203, 223745933, 36042600, 441232341, 281954983, 9720048, 543565046, 576495810]","[21, 21, 21, 14, 8, 21, 21, 14, 18, 8]"
20,14,"[1, 4, 12]",3,0.26803567772731185,0.0590599337592721,1.5551406948361546,"[248237919, 53457392, 161684376, 495988709, 529213090, 565144556, 340338888, 56535161, 369015536, 336166371]","[12, 4, 12, 12, 1, 12, 1, 12, 1, 12]"
21,14,"[5, 6, 15, 20, 23]",5,0.4113203873857856,0.13332540448755026,2.0944999765604733,"[386500007, 553675511, 151614128, 342086583, 475316064, 432094449, 397264316, 515335694, 418459871, 35737299]","[23, 5, 5, 5, 5, 5, 5, 23, 23, 5]"
22,14,[21],1,0.042855448089540005,0.012252116110175848,1.0232629689853638,"[379643780, 554217595, 296777012, 132324921, 212577525, 402167117, 327957272, 479960759, 244250010, 189421384]","[21, 21, 21, 21, 21, 21, 21, 21, 21, 21]"
23,14,"[9, 14]",2,0.1385246911086142,0.029671743512153625,1.7184225120581686,"[393766925, 19968356, 99327655, 596615355, 352440645, 554747697, 304593819, 438096438, 583417332, 116967304]","[9, 9, 9, 9, 9, 9, 9, 9, 9, 9]"
24,14,"[5, 7, 23]",3,0.13158894889056683,0.03995805885642767,1.0425378147047013,"[438347522, 474967492, 524160961, 37716934, 191429128, 392904598, 166583047, 139290262, 131316433, 555671028]","[5, 5, 5, 5, 5, 5, 5, 5, 5, 5]"
25,14,"[5, 7, 14, 15, 21, 23]",6,0.4320031641982496,0.141495774500072,1.8805111597757787,"[275996305, 574080995, 39550384, 575850420, 422125669, 194468745, 345012085, 268603873, 39822135, 476136084]","[5, 5, 5, 5, 5, 23, 5, 5, 5, 5]"
26,14,"[4, 5, 12, 14, 15, 20, 21, 22]",8,0.7569884639233351,0.1481397384777665,2.01560198207153,"[9260592, 255137588, 171602438, 53821041, 128351388, 418888803, 439693144, 40935707, 350535457, 75050458]","[21, 12, 5, 5, 21, 21, 5, 5, 12, 12]"
27,14,"[2, 8]",2,0.15033408487215638,0.0348805976100266,1.3518133715260774,"[342833232, 239066460, 76823179, 364949379, 464209192, 173230971, 452350578, 406818359, 192881082, 593894113]","[2, 2, 2, 2, 2, 2, 2, 2, 2, 2]"
28,14,"[0, 1, 4, 9, 12, 14, 22]",7,0.5636466420255601,0.11950800102204084,1.6242221160791814,"[580293607, 436703496, 195995390, 486542584, 410907401, 214907984, 61133533, 194090070, 245111306, 3363907]","[12, 12, 12, 12, 0, 12, 0, 1, 1, 4]"
29,14,"[8, 17, 19]",3,0.15782819781452417,0.046173254027962685,1.2426057305031766,"[176037102, 164759875, 281743200, 220058368, 571201178, 207043861, 344036839, 544604186, 185069916, 249249826]","[8, 8, 8, 8, 8, 8, 8, 8, 8, 8]"
30,14,"[0, 1, 5, 7, 15, 16, 17, 19, 23]",9,0.646807448938489,0.21796784549951553,1.6654554574957325,"[201111705, 86527089, 112700980, 514685550, 588877957, 237860493, 495877099, 237959841, 81345349, 174822083]","[5, 23, 23, 5, 23, 5, 5, 5, 5, 23]"
31,14,"[4, 13, 14, 16, 24]",5,0.5258009759709239,0.16105659492313862,2.3374609109014273,"[154718683, 79169640, 263282819, 381006524, 365713645, 115921841, 424881179, 247154773, 365725693, 193328218]","[13, 13, 13, 13, 24, 13, 13, 24, 24, 24]"
32,14,"[8, 15, 17]",3,0.3591375737451017,0.06154826423153281,2.668861587687085,"[94973826, 305101499, 598687402, 266557487, 275034196, 49713139, 138602395, 390525573, 483823371, 27436766]","[8, 8, 8, 8, 8, 8, 8, 8, 8, 8]"
33,14,"[8, 14, 17]",3,0.19577386463060975,0.04888049839064479,1.603969370170186,"[226643905, 226643912, 559487576, 37286001, 78302557, 300324652, 52810236, 45224550, 394820965, 260683464]","[17, 17, 17, 17, 17, 17, 14, 14, 14, 17]"
34,14,"[0, 20, 21]",3,0.17409562738612294,0.040987280663102865,1.0273677312458556,"[338458298, 336062552, 45896088, 572877895, 522761063, 354553936, 94114406, 99665505, 430200580, 52805236]","[20, 20, 21, 21, 21, 21, 21, 21, 21, 20]"
35,14,"[11, 17, 19]",3,0.16534813400357962,0.051802302710711956,1.3282611332057666,"[46371624, 572946019, 262952323, 278189217, 303017606, 138432939, 573745672, 115222581, 374653008, 392510615]","[11, 11, 11, 11, 11, 11, 11, 11, 11, 11]"
36,14,"[2, 14, 15, 17, 18, 19, 22]",7,0.5685716569423676,0.1268675858154893,1.920565387832799,"[446742083, 375300950, 252971150, 492534000, 487544577, 310471342, 291262936, 194011947, 42401472, 110688791]","[15, 2, 2, 2, 2, 15, 17, 22, 2, 2]"
37,14,"[0, 5, 7, 15, 17, 20, 22, 23]",8,0.546161896083504,0.18242929549887776,1.6488294674491044,"[281872547, 403016532, 239518483, 320010234, 510970601, 434260091, 389554411, 322235737, 82778227, 403795418]","[23, 0, 0, 7, 7, 0, 15, 0, 20, 5]"
38,14,"[8, 19]",2,0.11516644665971398,0.03511695098131895,1.3663253907579929,"[171909558, 517198530, 188339158, 498409469, 239972575, 100751935, 504100258, 18033777, 341201084, 429835859]","[8, 8, 8, 8, 8, 8, 8, 8, 8, 8]"
39,14,"[16, 19, 24]",3,0.2951918262988329,0.05219615949317813,2.2852102811448276,"[167139573, 22796377, 353472243, 564356343, 380659614, 325105354, 536810984, 69873730, 311564209, 277665165]","[24, 24, 24, 24, 24, 16, 24, 16, 24, 24]"
40,14,"[5, 7, 15, 16, 17, 23]",6,0.4869101536460221,0.16056014597415924,1.961743920808658,"[54598498, 581987029, 399174922, 593909787, 550170954, 47863419, 363183345, 359317355, 527104338, 472942335]","[23, 7, 5, 5, 5, 23, 23, 5, 5, 23]"
41,14,"[14, 15, 17, 19, 21, 24]",6,0.5039304182864726,0.10225426172837615,2.2536667827128745,"[552438868, 198985429, 372495158, 138965989, 34506581, 377426780, 268623665, 517738559, 259982882, 389590141]","[19, 15, 19, 14, 15, 14, 19, 21, 19, 14]"
42,14,"[4, 6, 20, 22]",4,0.3560550003312528,0.1065375474281609,1.8885696326033212,"[521012684, 489342896, 433868714, 16684904, 227461382, 524579792, 141163106, 87635642, 254389701, 87359340]","[20, 20, 20, 20, 20, 20, 20, 20, 6, 20]"
43,14,[9],1,0.06116675911471248,0.014918784145265818,1.4680880776140839,"[276066170, 194928968, 229424584, 157719374, 187616394, 493402860, 345153317, 422547137, 598788742, 178580027]","[9, 9, 9, 9, 9, 9, 9, 9, 9, 9]"
44,14,"[1, 4, 6, 14, 20, 22]",6,0.5222166101448238,0.13737473357468843,1.7392165666290869,"[19804762, 125079188, 291445081, 544637200, 580321217, 82643689, 92491002, 19700867, 348568156, 246109782]","[6, 6, 20, 6, 1, 6, 6, 4, 1, 1]"
45,14,"[2, 8, 15, 20, 21, 22, 23]",7,0.48082583909854293,0.179347715806216,1.7097013229504228,"[403072175, 224653700, 527864603, 236427025, 262227711, 311017817, 108780314, 23562269, 2193316, 367766737]","[8, 8, 8, 8, 8, 22, 15, 8, 20, 8]"
46,14,"[0, 8, 9, 11, 14, 15]",6,0.5920298369601369,0.11452749744057655,2.3291533302593357,"[321883357, 517409731, 320790454, 253543390, 14436664, 88223668, 286970084, 517409728, 492436548, 210065591]","[9, 9, 9, 9, 9, 9, 9, 9, 9, 9]"
47,14,"[13, 16, 19, 24]",4,0.3290787567384541,0.07901979517191648,1.9688066522357985,"[54265130, 116982774, 507222371, 322258847, 240684525, 543252372, 356588498, 3616373, 322553955, 203169961]","[16, 16, 16, 24, 16, 16, 16, 19, 24, 13]"
48,14,"[6, 19, 20, 21]",4,0.24334315676242113,0.05975340958684683,1.2221596096642315,"[349685072, 6137078, 200196231, 506863082, 578538318, 555255276, 193962431, 506885984, 506957619, 359471757]","[21, 20, 21, 6, 20, 19, 21, 21, 21, 21]"
49,14,"[0, 3, 6, 17, 18, 19, 21, 24]",8,0.6053205500356853,0.131749271415174,1.6126562448625918,"[128098396, 190554704, 420025078, 232912616, 229821189, 561468444, 93180137, 331384233, 87380864, 453109743]","[19, 3, 6, 3, 6, 3, 3, 19, 24, 17]"
50,14,"[14, 18, 19, 21]",4,0.23139603389427066,0.11383181624114513,1.4018491560127586,"[272531263, 260063780, 187284049, 573791930, 90785206, 519974609, 54391408, 166494940, 54376108, 132733566]","[14, 14, 14, 14, 14, 14, 14, 14, 14, 14]"
51,14,"[0, 1, 3, 7, 19, 20]",6,0.33036890672519803,0.08291280409321189,0.9450792338078221,"[543998307, 34036621, 27899657, 46612672, 366146685, 46077019, 288338597, 525816005, 273579698, 349402047]","[1, 3, 3, 3, 1, 3, 3, 1, 3, 3]"
52,14,"[12, 21]",2,0.10071041667833924,0.030776196625083685,1.024217052035965,"[493163657, 115745328, 420836435, 420568680, 241568515, 159999328, 53560322, 366096616, 298246847, 375383341]","[12, 12, 12, 12, 12, 12, 12, 12, 12, 12]"
53,14,"[2, 6, 14, 20, 21]",5,0.2977351350709796,0.14312909310683608,1.3656742693390698,"[47768807, 430079126, 16806341, 450030792, 338764605, 212866632, 72447548, 593735775, 81695499, 85633588]","[6, 6, 6, 6, 6, 6, 6, 6, 6, 6]"
54,14,"[2, 6, 11, 14, 18, 21]",6,0.43346685357391834,0.11333031114190817,1.6711497345628838,"[340538846, 578698651, 89654179, 206755175, 462966013, 272099125, 542238241, 597489403, 581071217, 581036453]","[11, 11, 18, 11, 11, 11, 11, 11, 11, 11]"
55,14,[18],1,0.12955994810909033,0.017739180009812117,1.7307106810621917,"[458070540, 513243661, 130382454, 594712541, 175195938, 194939389, 183829504, 432589461, 309536584, 174017977]","[18, 18, 18, 18, 18, 18, 18, 18, 18, 18]"
56,14,"[1, 5, 6, 20, 23]",5,0.3035429362207651,0.06782518699765205,1.24426604132168,"[315279017, 385113286, 375332831, 294871918, 555713159, 76701081, 237920535, 448092594, 369433639, 529403480]","[20, 20, 20, 20, 20, 20, 20, 20, 20, 20]"
57,14,"[0, 4, 5, 6, 13, 23]",6,0.5045661372132599,0.1474450477398932,1.6402033559279516,"[76378574, 76484817, 509049685, 380720916, 23656741, 191970143, 365085081, 190191648, 9105535, 118289048]","[5, 5, 5, 5, 5, 5, 5, 5, 5, 5]"
58,14,[14],1,0.0765643292106688,0.018238733988255262,1.9687569465022534,"[111790819, 41980406, 185042547, 185004784, 46002466, 216094193, 381452513, 399812406, 147021458, 53992965]","[14, 14, 14, 14, 14, 14, 14, 14, 14, 14]"
59,14,"[8, 15, 17, 24]",4,0.3913202420808375,0.11319386307150126,2.873324876825791,"[243075382, 396834165, 76491961, 204059607, 171456872, 512336242, 118454427, 173569021, 160319876, 53653208]","[8, 15, 8, 8, 8, 8, 15, 17, 8, 8]"
60,14,"[7, 13, 16, 19]",4,0.25705390283837914,0.05917529435828328,1.2969421168090776,"[244841950, 334864192, 36085481, 430666173, 132249408, 319354255, 285556910, 364661104, 354973368, 9331376]","[13, 19, 19, 19, 19, 19, 19, 13, 13, 19]"
61,14,"[18, 19, 20]",3,0.1383225154131651,0.042687319219112396,1.084170430355395,"[88413698, 152291662, 87177381, 159637364, 30327201, 298353658, 120467136, 284097329, 305976241, 494487482]","[20, 20, 20, 20, 20, 20, 20, 20, 20, 20]"
62,14,"[15, 18, 20, 23]",4,0.30675475718453526,0.10663937078788877,2.0315370419993997,"[241629397, 494241502, 51434528, 12634834, 233619684, 8827094, 224387811, 456165206, 386719219, 207962499]","[18, 20, 23, 20, 20, 20, 20, 20, 20, 20]"
63,14,"[6, 12, 20, 22]",4,0.25758478604257107,0.06384171498939395,1.4628656597342342,"[270401378, 361827055, 52986331, 563690315, 484863943, 384131335, 445199962, 240595101, 391016431, 308554181]","[22, 22, 22, 22, 22, 6, 12, 12, 22, 22]"
64,14,"[4, 6, 13, 14, 23]",5,0.41520466189831495,0.1374521111138165,1.7309567807242274,"[217185418, 84066849, 548226198, 589417302, 90439601, 19059244, 263706156, 542243239, 118496477, 179532987]","[23, 23, 23, 23, 23, 4, 23, 23, 23, 23]"
65,14,"[0, 4, 6, 14, 16, 17, 24]",7,0.721597405616194,0.13989919191226363,2.2040222429869964,"[309629502, 316615171, 569973167, 381782764, 202778162, 451087032, 112421477, 72664631, 86460908, 480803908]","[24, 17, 17, 14, 0, 0, 17, 0, 16, 4]"
66,14,"[11, 18, 19]",3,0.198193171992898,0.04640026297420263,1.5734425568953156,"[336735408, 70473340, 194244468, 508445146, 562942223, 326899109, 127446584, 236646413, 12445948, 202536818]","[11, 11, 11, 19, 11, 11, 11, 11, 11, 19]"
67,14,"[6, 14, 15, 18, 19, 20, 21]",7,0.5530603909865022,0.19216076005250216,1.9645056664677603,"[386180863, 29988430, 89146024, 563385914, 564020406, 404410578, 160685693, 101976635, 343943364, 524727929]","[19, 19, 14, 18, 14, 21, 20, 21, 20, 21]"
68,14,"[0, 3, 4, 12, 13]",5,0.4169082557782531,0.13427465641871095,1.4419816389214248,"[265582474, 143670194, 22282360, 561844575, 248190137, 97780755, 153603521, 440305694, 491097584, 145913315]","[3, 3, 0, 3, 3, 0, 3, 3, 0, 3]"
69,14,[2],1,0.05198387103155255,0.013540281914174557,0.8556419890373945,"[299503718, 547526819, 494503005, 223881798, 40933157, 276175577, 32863356, 501034303, 452879361, 94993425]","[2, 2, 2, 2, 2, 2, 2, 2, 2, 2]"
70,14,"[0, 3, 7, 14, 16, 23]",6,0.409365919418633,0.09064208483323455,1.3807145322595413,"[552822517, 243132285, 14700988, 162408577, 258532458, 481086447, 472693134, 87187338, 279383232, 173438809]","[7, 0, 0, 0, 7, 7, 7, 7, 0, 7]"
71,14,"[6, 7, 8, 14, 21, 23]",6,0.4049610053189099,0.09028445184230804,1.4296175728474434,"[573260542, 333682070, 136021710, 546025776, 432821244, 271834051, 493843594, 477922653, 44392480, 478024384]","[14, 7, 14, 14, 21, 14, 21, 7, 21, 14]"
72,14,"[2, 8, 17]",3,0.16987637802958488,0.04480150435119867,1.232931051015233,"[446588711, 461876235, 444772633, 324629215, 554055183, 363624009, 376470060, 257401844, 529203276, 132831639]","[2, 2, 2, 2, 2, 17, 2, 2, 2, 2]"
73,14,"[0, 6, 7, 19]",4,0.252762271091342,0.1271729301661253,1.3623007829883136,"[540778935, 241972422, 319120328, 419519921, 569812062, 133699417, 225385585, 207428026, 373696886, 231618061]","[0, 0, 0, 0, 0, 0, 0, 0, 0, 0]"
74,14,"[15, 20, 22, 23]",4,0.31173158064484596,0.06520274374634027,2.06025488715386,"[517378138, 265396003, 210976861, 43947376, 341032742, 517211417, 344750993, 410446824, 72428980, 2383163]","[23, 23, 23, 23, 23, 23, 23, 23, 23, 23]"
75,14,"[3, 12]",2,0.1175035135820508,0.03001836920157075,1.0203098801430315,"[549589445, 155620539, 263452461, 271612684, 597410261, 17100209, 567678028, 367349867, 468348092, 31811495]","[3, 3, 3, 3, 3, 3, 3, 3, 3, 3]"
76,14,"[22, 23]",2,0.0983458305709064,0.030156066175550222,1.2202256835298613,"[329213839, 47074484, 409696869, 574911367, 575044943, 251901307, 421951907, 331859210, 452727150, 421905981]","[23, 23, 23, 23, 23, 23, 23, 23, 23, 23]"
77,14,"[8, 11, 15, 18, 19, 21, 24]",7,0.6562447063624859,0.1344813141040504,2.320246248140133,"[100806695, 555371788, 492991573, 29392618, 499569667, 288761517, 22580755, 59728990, 110999700, 29149633]","[21, 21, 21, 21, 21, 21, 21, 21, 21, 21]"
78,14,"[8, 9, 12, 14, 21, 24]",6,0.434180841781199,0.1625011134892702,1.803329771074156,"[256994594, 368786729, 190868400, 491655597, 268183460, 400632256, 247783290, 85641173, 272302614, 258703633]","[9, 9, 21, 14, 12, 9, 14, 9, 9, 14]"
79,14,"[2, 8, 14, 15, 17, 19]",6,0.4643285577185452,0.10580080468207598,1.952608287683688,"[198788363, 547035905, 261792617, 356719285, 156198037, 574548553, 431362334, 434237666, 190418808, 145502417]","[14, 17, 19, 8, 8, 17, 17, 8, 17, 17]"
80,14,"[8, 9, 17, 19]",4,0.21561206318438053,0.0646349648013711,1.2989763172809035,"[181721375, 35502141, 307159838, 89952573, 192160680, 312845800, 195811642, 367684103, 58729868, 415792015]","[19, 9, 9, 9, 9, 9, 19, 9, 9, 9]"
81,14,"[2, 16, 19]",3,0.19150741631165147,0.048633521888405085,1.4081860294099897,"[84848979, 55342692, 197553294, 20668750, 216612568, 582333068, 567432210, 418881242, 271669109, 121812233]","[2, 2, 16, 2, 2, 2, 2, 2, 2, 2]"
82,14,"[14, 19]",2,0.11613627523183823,0.06645494187250733,1.4267114870017394,"[426060089, 201612617, 165409987, 426058119, 285544667, 1753283, 6857360, 558819142, 472224338, 280120899]","[19, 14, 19, 14, 14, 14, 14, 14, 14, 14]"
83,14,"[2, 8, 15, 17, 21]",5,0.402258881367743,0.08837634790688753,1.9770979442168026,"[304706368, 208290461, 579712493, 295744348, 27699303, 520458616, 301807532, 123093567, 171420093, 415774410]","[17, 17, 17, 8, 17, 17, 17, 8, 8, 17]"
84,14,"[2, 8, 19, 21]",4,0.20913158729672432,0.11837026756256819,1.152888934884686,"[374495231, 303765303, 303894170, 303777852, 303777853, 303777856, 442539628, 443561584, 403869029, 304525815]","[21, 8, 8, 8, 8, 8, 8, 8, 21, 19]"
85,14,"[16, 17, 19]",3,0.19298630114644766,0.046477990224957466,1.4546941697287064,"[135859681, 487529913, 61872542, 390082707, 253724408, 242283427, 177270856, 142041489, 310574017, 162218567]","[16, 16, 17, 16, 19, 19, 17, 16, 16, 16]"
86,14,"[1, 12, 16, 17, 21]",5,0.2968658818863332,0.07923704478889704,1.2880229017231613,"[590481425, 465696629, 235910197, 267826711, 303065933, 519676012, 415423834, 288272199, 147797489, 525333814]","[12, 21, 21, 21, 21, 12, 12, 12, 21, 12]"
87,14,"[1, 3, 5, 6, 20, 22, 23]",7,0.42428633524104953,0.15807619830593467,1.297480127641133,"[505650686, 491044044, 66599930, 220173209, 571636931, 226991267, 498922512, 332663055, 498922511, 347402911]","[3, 3, 5, 3, 3, 3, 3, 3, 3, 20]"
88,14,"[8, 12, 15, 18, 19, 21]",6,0.4787309216335416,0.109778200276196,1.9458715276171763,"[272691094, 18516590, 354292520, 167407740, 292866888, 254672467, 523517352, 361223017, 51677329, 165066249]","[8, 19, 19, 15, 19, 15, 15, 19, 15, 21]"
89,14,[7],1,0.03161875996738672,0.011557521298527718,0.7992566025350243,"[581116780, 388898852, 93028096, 370799589, 162226153, 112065139, 316809578, 431801735, 96753724, 98261118]","[7, 7, 7, 7, 7, 7, 7, 7, 7, 7]"
90,14,"[5, 6, 24]",3,0.26826835330575705,0.052620066329836845,2.5212590467029563,"[383639438, 160144202, 522129904, 482672322, 131364422, 411802613, 599542561, 441837004, 165739048, 539114052]","[5, 5, 5, 5, 5, 5, 5, 5, 5, 5]"
91,14,"[1, 16]",2,0.15562671655789018,0.09702870529145002,1.6982569972751662,"[71233195, 315106232, 15931559, 531063675, 60055223, 225392258, 587563381, 397904159, 263154245, 399941080]","[1, 1, 1, 1, 1, 1, 1, 1, 1, 1]"
92,14,"[15, 17, 18, 19, 20, 23]",6,0.4126056148670614,0.09481967054307461,1.667663434248728,"[186913484, 186913483, 308965505, 408493343, 453058695, 518336660, 96335462, 489583657, 116054388, 444394351]","[18, 18, 18, 20, 20, 20, 20, 18, 20, 20]"
93,14,"[0, 3, 4, 13, 14, 19, 23]",7,0.49798162980005145,0.1140814502723515,1.376147048414818,"[377891207, 160632588, 160632589, 160632606, 472766947, 477426557, 160632619, 262304672, 466485235, 199734920]","[3, 4, 4, 4, 3, 0, 4, 14, 3, 14]"
94,14,"[8, 16, 17, 19, 24]",5,0.3489241558127105,0.09944708412513137,1.9397564014885575,"[382136867, 59486559, 224559782, 245470336, 353902440, 267224959, 353517623, 135660561, 226300732, 94152026]","[8, 17, 17, 17, 24, 16, 24, 8, 17, 17]"
95,14,"[6, 11, 18, 21]",4,0.33690861565992236,0.07237672805786133,1.8006248679594137,"[18146884, 544083532, 29468341, 549976233, 463787733, 58146640, 493145077, 8123432, 228112640, 475908622]","[6, 18, 11, 18, 6, 21, 21, 11, 11, 11]"
96,14,"[1, 9, 12, 14, 20, 21, 22]",7,0.3978755986317992,0.1689122123643756,1.2686085278900074,"[415491103, 260555165, 319468212, 467082314, 439330040, 66717321, 228455900, 158501043, 587776524, 309365349]","[21, 12, 9, 12, 20, 12, 21, 21, 12, 12]"
97,14,"[1, 7, 16, 23]",4,0.21236193738877773,0.055184973403811455,1.1976599756162614,"[522478978, 115689543, 474323315, 313248135, 259914297, 390912880, 537760475, 585989401, 214100017, 44248151]","[1, 1, 1, 1, 1, 1, 1, 1, 1, 1]"
98,14,"[3, 6, 9, 11, 12, 15, 21]",7,0.6415456379763782,0.1325807310640812,2.02056146110408,"[293850217, 465034186, 436051257, 421810546, 221883577, 161392632, 296967809, 385296377, 436051261, 43341350]","[9, 9, 9, 9, 9, 9, 12, 9, 9, 9]"
99,14,"[1, 6, 20, 22, 23]",5,0.28011451521888375,0.07533552311360836,1.2666849464178085,"[425207392, 277529667, 433505913, 400813724, 253407975, 302092542, 456915022, 411858689, 519964394, 290312855]","[20, 20, 20, 20, 20, 20, 20, 20, 20, 20]"
100,14,"[9, 14]",2,0.1775903319939971,0.03751638671383262,1.7184225120581686,"[189226163, 402269380, 477677333, 223659315, 231583392, 132459321, 460146893, 455867147, 231761919, 477744659]","[9, 9, 9, 9, 9, 9, 9, 9, 9, 9]"
101,14,"[8, 12, 19, 21]",4,0.2145745218731463,0.06175399338826537,1.195271221396979,"[451505880, 253814188, 261514809, 307405293, 547765493, 448534146, 397641229, 560850266, 156840648, 236230256]","[21, 21, 21, 21, 21, 21, 21, 21, 21, 21]"
102,14,"[0, 3, 6, 15, 20, 21, 23]",7,0.5371827576309443,0.11375127220526338,1.7427756547196103,"[192006529, 545815969, 457271210, 140382556, 218483559, 321173119, 594503539, 587927733, 466518132, 344348550]","[20, 23, 21, 0, 23, 20, 20, 0, 20, 20]"
103,14,"[8, 12, 14, 17]",4,0.2509054313413799,0.06669465359300375,1.459269811399281,"[510875360, 539756851, 317490910, 518603062, 7220652, 437780003, 57068093, 240456867, 156507016, 539756890]","[17, 8, 8, 17, 17, 17, 14, 17, 17, 14]"
104,14,"[0, 3, 4, 9, 12, 14]",6,0.5216129957698286,0.10260748118162155,1.6045262422024582,"[478609168, 75989660, 580163753, 446026929, 94075061, 565127133, 30766971, 359151986, 403954187, 237766370]","[3, 3, 0, 0, 9, 0, 9, 9, 0, 0]"
105,14,"[0, 12, 19]",3,0.17956832563504577,0.05112473201006651,1.1105142682790756,"[217785503, 159600953, 579902028, 573709832, 28875190, 497452100, 227360900, 377034966, 183296170, 431523638]","[0, 12, 0, 19, 0, 0, 0, 12, 0, 12]"
106,14,"[11, 16, 19, 24]",4,0.3476801188662648,0.1445560473948717,2.240145451389253,"[354863233, 596411782, 488736926, 167418361, 497828607, 517538865, 166627376, 591925910, 58848946, 474313732]","[19, 19, 16, 16, 19, 24, 24, 11, 19, 19]"
107,14,"[6, 9, 12, 15, 17, 19, 20]",7,0.5070969969965518,0.16961932089179754,1.7881763844883867,"[247104839, 191784785, 357995125, 239148187, 190732530, 66375012, 293766889, 398562952, 238251818, 300744844]","[20, 17, 17, 17, 17, 17, 17, 17, 17, 17]"
108,14,"[1, 2, 8, 14, 15, 19, 20, 21, 23]",9,0.5840254561044276,0.20227543031796813,1.543112677315043,"[531803371, 112070412, 303715459, 408016726, 592700654, 16440923, 573727816, 11354954, 188559814, 454860629]","[14, 23, 14, 19, 19, 14, 14, 23, 19, 19]"
109,14,"[0, 4, 6, 14, 24]",5,0.5264425836503506,0.10200075805187225,2.389747843844816,"[339155718, 148334984, 136102942, 478206656, 165469929, 27709387, 473422889, 137930305, 219829816, 85347169]","[4, 4, 4, 4, 6, 4, 4, 4, 4, 4]"
110,14,"[2, 24]",2,0.1451379368081689,0.09102672711014748,2.1711783666396514,"[385769113, 203104715, 40283770, 154270230, 30729626, 74921318, 368671839, 448785531, 535765400, 278682383]","[2, 2, 2, 2, 24, 2, 2, 2, 2, 2]"
111,14,"[18, 20]",2,0.12185009242966771,0.02570459060370922,1.1839226317824796,"[161416661, 9980046, 563384146, 268291633, 555749580, 385787014, 83072068, 83072044, 405546040, 294435903]","[20, 20, 20, 20, 20, 20, 20, 20, 20, 20]"
112,14,"[6, 8, 16, 19, 21]",5,0.3571497928351164,0.09370091604068875,1.7167477363720536,"[377446304, 591528875, 33406776, 17506965, 322581294, 579583755, 109714533, 588132377, 183483528, 532541207]","[21, 8, 8, 21, 8, 19, 19, 21, 8, 8]"
113,14,"[6, 11, 14, 19]",4,0.30551350582391024,0.09837421588599682,1.8254871989483945,"[449302526, 33285225, 592718174, 440082159, 44646774, 148968466, 583638774, 446868315, 592718172, 88836019]","[14, 14, 14, 6, 14, 14, 14, 14, 14, 14]"
114,14,"[0, 1, 4, 12, 13, 22]",6,0.4818090498447418,0.10852725012227893,1.492050925657774,"[289481900, 304146423, 84488124, 84488125, 242859885, 276840775, 93863393, 401562638, 579413241, 225379045]","[22, 12, 22, 12, 12, 12, 13, 22, 22, 4]"
115,14,"[0, 1, 4, 5, 6, 15, 16, 23]",8,0.8869567117653787,0.1773315779864788,2.172696495457785,"[512224738, 49959631, 68025475, 44640260, 75037765, 93209870, 323500315, 44688408, 252094346, 448141032]","[5, 5, 5, 5, 5, 23, 0, 5, 0, 5]"
116,14,"[4, 5, 6, 16, 20, 21, 23]",7,0.532394387293607,0.11780636431649327,1.6492237644270062,"[10791807, 166823767, 499220450, 587255650, 72710750, 331590051, 387997237, 219452106, 587239301, 18017656]","[5, 4, 4, 23, 23, 23, 5, 5, 23, 6]"
117,14,"[1, 14, 20, 22]",4,0.3165444331243634,0.0669431365095079,1.3409343783860095,"[252015351, 107765794, 64921798, 310338841, 428193560, 328472039, 364912556, 102240323, 380796894, 306842771]","[22, 22, 22, 22, 22, 22, 22, 22, 22, 22]"
118,14,"[16, 19]",2,0.1396020078100264,0.03081267699599266,1.6844580495962873,"[221811232, 482814534, 161855888, 122131117, 566660059, 5630875, 562737399, 331163446, 461501744, 89949285]","[19, 16, 16, 16, 19, 16, 19, 16, 16, 16]"
119,14,"[8, 11, 17, 21]",4,0.33198667550459504,0.08854306861758232,1.4928412737790495,"[555158006, 497606658, 239869551, 157881196, 7848153, 494235158, 428479524, 560512106, 131148045, 125075691]","[8, 8, 8, 17, 8, 8, 8, 17, 8, 8]"
120,14,"[9, 16, 19, 24]",4,0.29492891719564795,0.06966839591041207,2.0809297302621417,"[432278520, 374950273, 61307981, 476045260, 337860279, 193575861, 263411408, 38610481, 33841849, 63300477]","[9, 16, 9, 9, 9, 9, 24, 9, 9, 9]"
121,14,"[1, 4, 6, 23]",4,0.3664442957378924,0.12192058889195323,1.644673778617289,"[259071515, 437317368, 44402102, 260956334, 144942406, 302150947, 144832277, 49842008, 453704331, 554918483]","[4, 4, 4, 6, 4, 6, 4, 4, 4, 4]"
122,14,"[0, 1, 4, 9, 13, 14]",6,0.4879113156348467,0.10905195819213986,1.5863995635493968,"[151534257, 516252519, 555103126, 554943677, 151362101, 163988011, 163988086, 474583342, 516068926, 104732148]","[9, 9, 9, 9, 9, 9, 9, 9, 9, 9]"
123,14,"[11, 16, 17, 19, 24]",5,0.3950963239185512,0.10720593295991421,1.9911496431101114,"[125950689, 421310323, 40487140, 328858424, 254397666, 422689440, 229073607, 40435091, 279238362, 363906278]","[19, 17, 11, 11, 19, 11, 11, 11, 17, 17]"
124,14,"[8, 11, 14, 15, 17, 19]",6,0.509940561838448,0.1550804446451366,2.160826449864544,"[481986621, 329184696, 282465296, 21483673, 130448488, 292221422, 361491848, 126779615, 85154416, 263523991]","[8, 8, 17, 8, 14, 8, 17, 15, 8, 8]"
125,14,"[12, 16, 19, 20, 21]",5,0.2666097553446889,0.07181051559746265,1.2108969571534545,"[34453432, 336266842, 302401344, 281040931, 57728762, 280987203, 281027890, 388909153, 366064393, 379931463]","[12, 21, 12, 12, 12, 12, 12, 12, 16, 12]"
126,14,"[4, 6, 21]",3,0.30490582436323166,0.1289954660460353,2.031608285071949,"[366296666, 204061776, 1083858, 254193306, 430444918, 105410561, 366337660, 489975184, 255966336, 81449818]","[4, 6, 4, 4, 4, 6, 4, 4, 4, 6]"
127,14,"[0, 16, 23]",3,0.20989098399877548,0.049535668920725584,1.5002750064401578,"[311001270, 20746912, 560340263, 560393293, 20746911, 20746913, 311001269, 273059429, 550733200, 201358112]","[23, 23, 23, 23, 23, 23, 23, 23, 23, 23]"
128,14,"[1, 7, 12, 21]",4,0.18534291023388505,0.05784392962232232,0.9399886573664844,"[290366674, 41302095, 330445947, 143893549, 146982768, 338027635, 125433616, 361198657, 346486857, 348773765]","[21, 21, 21, 21, 12, 12, 21, 21, 7, 21]"
129,14,"[0, 12]",2,0.14053621981292963,0.09202641295269132,1.2234383886680007,"[448137091, 448392286, 472945285, 103233960, 112127662, 581710544, 73854731, 508761575, 81163651, 524087243]","[12, 12, 12, 12, 12, 12, 12, 12, 12, 12]"
130,14,"[2, 8, 14, 16, 17, 19, 22]",7,0.4591043433174491,0.11733992770314217,1.554578322917223,"[21237069, 485774954, 571425930, 73294531, 492891160, 534267918, 74450929, 78819548, 54471019, 592798190]","[17, 8, 8, 8, 8, 8, 17, 8, 16, 17]"
131,14,"[0, 1, 4, 5, 14, 22]",6,0.5746679436415434,0.1153420964255929,1.7682971893421684,"[144843049, 311725998, 381645569, 408493675, 302492227, 347325080, 271296477, 394239299, 585427734, 553130322]","[1, 1, 1, 1, 4, 4, 5, 1, 5, 0]"
132,14,"[8, 15, 17, 24]",4,0.4447433212772012,0.07899835659191012,2.873324876825791,"[467942678, 119184862, 420150266, 423604403, 407503550, 460645518, 394600789, 466358760, 480058543, 66305844]","[8, 8, 8, 8, 8, 8, 8, 17, 17, 8]"
133,14,"[8, 9, 15, 16, 17, 19]",6,0.50316878920421,0.10950239188969135,2.140598156644652,"[27638381, 587063191, 278367015, 592511447, 267911998, 548699003, 210299071, 524157576, 59965538, 99250661]","[9, 17, 9, 8, 9, 9, 9, 8, 9, 9]"
134,14,"[2, 6, 8, 17, 21]",5,0.3476310959085822,0.09008278790861368,1.4131261963397264,"[307960537, 143589485, 135549895, 4270688, 272760053, 107046204, 64887395, 55406213, 563820449, 385745949]","[8, 8, 8, 8, 8, 8, 8, 17, 8, 8]"
135,14,"[4, 16, 17, 24]",4,0.3923784573562443,0.08257027482613921,2.423529563122429,"[67472639, 332916842, 17262987, 366376880, 60621647, 585545534, 353502752, 570277472, 416254892, 205309529]","[4, 16, 16, 16, 4, 24, 16, 16, 16, 16]"
136,14,"[2, 12, 17, 20, 21]",5,0.25422877445816994,0.06877559097483754,0.9072754171211272,"[115678467, 138660787, 206547408, 322208855, 103505158, 534529739, 575231737, 549748325, 473893320, 231814885]","[21, 21, 21, 21, 21, 21, 2, 21, 21, 21]"
137,14,"[3, 7, 20, 21]",4,0.16377945570275187,0.048385102301836014,0.8687756948056631,"[120768413, 130690256, 567764785, 574450670, 460885708, 567693048, 134764221, 567700714, 583042124, 183749417]","[7, 20, 3, 3, 3, 3, 7, 3, 3, 3]"
138,14,"[11, 12, 14]",3,0.27971720416098833,0.05151052540168166,1.6996263479037832,"[116889780, 315408916, 382484035, 177901450, 478663591, 267907949, 309213842, 243556690, 357571673, 116892332]","[11, 11, 11, 11, 11, 11, 11, 12, 11, 11]"
139,14,"[1, 12, 21, 23]",4,0.18197441659867764,0.05457712942734361,0.8888918330776505,"[181851759, 379011445, 558091414, 429357841, 555205646, 556446121, 537076483, 555205647, 103833844, 166091208]","[12, 12, 12, 1, 12, 12, 12, 21, 1, 12]"
140,14,[23],1,0.024301863741129637,0.009619305841624737,0.5948693053796887,"[582402075, 172668992, 151201873, 535504318, 454047548, 204333902, 542298378, 43870016, 417872236, 314321643]","[23, 23, 23, 23, 23, 23, 23, 23, 23, 23]"
141,14,"[0, 5, 23]",3,0.18116842955350876,0.045528612565249205,1.2500208279428382,"[537721664, 301553447, 256343955, 115983765, 413477262, 272254294, 416729267, 574874608, 211422803, 241895279]","[23, 23, 23, 23, 0, 23, 23, 23, 23, 23]"
142,14,"[2, 8, 19, 21]",4,0.20879164896905422,0.12087047193199396,1.152888934884686,"[371828666, 371880725, 371883663, 195213819, 285267748, 195276034, 401566150, 132094197, 109876089, 144147132]","[8, 8, 8, 8, 8, 8, 8, 8, 8, 8]"
143,14,"[6, 8, 15, 18, 19, 20, 21]",7,0.5667481031268835,0.15851348079741,1.947252496112404,"[568603293, 438474876, 108137780, 193237893, 324003770, 101591507, 568595552, 581712249, 369049065, 564456264]","[8, 8, 8, 8, 8, 6, 8, 21, 8, 15]"
144,14,"[18, 20]",2,0.10009623784571886,0.02575832000002265,1.1839226317824796,"[311197008, 28542321, 94886358, 470289830, 404809611, 61988430, 467036186, 200639384, 429555236, 491695155]","[18, 18, 18, 18, 18, 18, 18, 18, 18, 18]"
145,14,"[0, 1, 6, 9, 12, 13, 17, 23, 24]",9,0.6017273892648518,0.20886131469160318,1.4741277625111655,"[466844055, 158241344, 564334797, 262786726, 413989980, 466939927, 570321692, 313084790, 467090244, 523351586]","[23, 13, 12, 9, 12, 23, 12, 12, 23, 12]"
146,14,"[6, 20, 22]",3,0.199708700645715,0.04997291974723339,1.6087638346167903,"[282835417, 576824951, 94479661, 198383382, 415237356, 469531690, 320993321, 557146566, 547914671, 80184097]","[20, 20, 20, 20, 20, 20, 6, 20, 6, 20]"
147,14,"[1, 5, 6, 19, 20, 23]",6,0.36212911177426577,0.14267421420663595,1.1843327056849375,"[325077166, 95892057, 325077150, 395590594, 458270749, 408062500, 258982781, 454406652, 87742785, 296064038]","[5, 6, 5, 5, 5, 5, 5, 5, 5, 5]"
148,14,"[1, 4, 6, 16, 19, 22]",6,0.5243024495430291,0.11537035088986158,1.8663873283270125,"[71280009, 546455453, 95635881, 400278764, 509200431, 163464817, 507441751, 163424852, 503261427, 510645792]","[4, 4, 4, 4, 4, 4, 4, 4, 4, 4]"
149,14,[19],1,0.07151934783905745,0.021376315969973803,0.8846660275012255,"[541511178, 541511182, 194085273, 43236799, 541511183, 245424510, 194125449, 270684300, 23781916, 250027846]","[19, 19, 19, 19, 19, 19, 19, 19, 19, 19]"
150,14,"[2, 22]",2,0.16528627974912524,0.031714953016489744,1.3506120253587142,"[132817667, 564097636, 59680335, 37010459, 195097925, 294937515, 318963254, 244794993, 409419718, 85163744]","[2, 2, 2, 2, 2, 2, 2, 2, 2, 2]"
151,14,"[0, 9, 12, 21, 24]",5,0.3381403675302863,0.08278157189488411,1.6849885136354714,"[579272775, 198792342, 119054950, 122498423, 428817812, 348551822, 140935518, 343321797, 334775338, 122476015]","[9, 9, 9, 9, 9, 9, 9, 9, 9, 9]"
152,14,"[3, 8, 17]",3,0.17614293564110994,0.10715198144316673,1.2861999297359337,"[105570492, 435767109, 599941963, 276670669, 262073926, 559609191, 43820742, 466590980, 538238323, 483285136]","[8, 8, 8, 8, 8, 8, 8, 8, 8, 8]"
153,14,"[8, 15, 19, 21, 22, 23]",6,0.43768370896577835,0.10191055107861757,1.893299786102337,"[90922693, 580125627, 77621675, 486877138, 384858625, 25465135, 60120932, 359574809, 13266161, 74689141]","[21, 21, 21, 21, 15, 21, 21, 21, 21, 19]"
154,14,"[14, 16]",2,0.17773676617071033,0.039248296059668064,2.2265035090968013,"[115100181, 262783279, 356919727, 223545910, 228977617, 552611349, 67552775, 25488434, 85002289, 565728022]","[14, 14, 14, 14, 14, 14, 14, 14, 14, 14]"
155,14,"[9, 12]",2,0.16411523381248116,0.02970236772671342,1.246629606350325,"[227716460, 437534632, 563016460, 595899684, 528585632, 519476207, 401045029, 242093159, 345423960, 181561685]","[9, 9, 9, 9, 9, 9, 9, 9, 9, 9]"
156,14,"[1, 5, 6, 20, 23]",5,0.2801792207174003,0.07164040580391884,1.24426604132168,"[561574493, 538941863, 461504633, 2155163, 348526226, 304166265, 446030645, 194953949, 194960142, 215311216]","[20, 20, 20, 20, 20, 20, 20, 20, 20, 20]"
157,14,"[1, 6, 11, 16, 17, 19, 22, 24]",8,0.5875544026494026,0.19786853156983852,1.882146132469643,"[477806359, 315167901, 217514137, 523159681, 22404047, 221715805, 519269859, 135075794, 340048858, 502238607]","[1, 19, 22, 1, 1, 16, 6, 16, 11, 1]"
158,14,"[6, 15, 21]",3,0.32389169884845614,0.06409605219960213,2.843423809235295,"[98895669, 538157278, 318363603, 214770367, 187802081, 512430086, 595877096, 297563233, 274226586, 20638752]","[6, 6, 6, 6, 6, 6, 6, 6, 6, 6]"
159,14,"[0, 7, 9, 12, 16, 20, 23]",7,0.38569730799645185,0.097208131570369,1.2043536310084164,"[238638162, 355775384, 536122103, 55088653, 55032120, 443901149, 239898045, 547774955, 50819161, 183544362]","[16, 0, 12, 0, 0, 0, 12, 23, 0, 9]"
160,14,"[0, 3, 6, 7, 12, 18, 20, 23]",8,0.4786424767225981,0.1812012274749577,1.1959839292103425,"[108932684, 256200678, 30829057, 339874296, 222750403, 588889555, 75577939, 75522853, 588817807, 16998124]","[12, 3, 0, 7, 12, 7, 6, 0, 0, 3]"
161,14,"[8, 21]",2,0.11893804790452123,0.03999134013429284,1.435623861500062,"[44065614, 179348278, 196227061, 43290414, 398670924, 406460569, 364911082, 495915116, 556150387, 207472696]","[8, 8, 8, 21, 8, 8, 8, 8, 8, 8]"
162,14,"[1, 2, 8, 18, 19, 21]",6,0.4083682536147535,0.11134239844977856,1.2090883905766532,"[409133787, 51541569, 372189215, 242686067, 389747812, 562714171, 509750085, 531825344, 210247910, 112683953]","[19, 19, 1, 1, 19, 19, 21, 1, 19, 2]"
163,14,"[0, 1, 8, 12, 14, 15, 17, 21, 22]",9,0.6961621982045472,0.15697744442149997,1.8003697156026546,"[377887185, 239041397, 471856179, 86523242, 40695529, 446655610, 593763692, 283805603, 494931706, 105029832]","[21, 15, 17, 21, 17, 21, 17, 21, 21, 21]"
164,14,[2],1,0.05125292530283332,0.01317167328670621,0.8556419890373945,"[382825464, 382791356, 139798550, 139661159, 241518463, 197307204, 197122395, 172313904, 177822160, 152246111]","[2, 2, 2, 2, 2, 2, 2, 2, 2, 2]"
165,14,"[1, 5, 6, 20, 21, 23]",6,0.40531790629029274,0.08288857992738485,1.207432195932294,"[225308057, 236165849, 551637064, 271202674, 225294851, 343508960, 378929497, 414598141, 216633273, 141525903]","[5, 5, 5, 5, 5, 5, 5, 5, 5, 5]"
166,14,"[2, 18, 20, 21]",4,0.1956740589812398,0.06358961900696158,1.0616875553969294,"[469502761, 449429478, 408767841, 449228667, 91063653, 87664472, 188483153, 423521800, 436119478, 91416017]","[18, 18, 18, 18, 18, 18, 18, 18, 18, 18]"
167,14,"[8, 14, 15]",3,0.33590327063575387,0.06680700927972794,2.9933917665233216,"[224559852, 559322207, 541176579, 460707266, 290855427, 362387758, 495271632, 160614502, 72907774, 365464132]","[8, 8, 8, 8, 8, 8, 8, 8, 8, 8]"
168,14,"[5, 14, 23]",3,0.1749607538804412,0.10104936407878995,1.4323712626937777,"[244510764, 397488901, 306509257, 66921421, 133988263, 546401277, 136010040, 119908493, 459311214, 101468890]","[5, 5, 14, 5, 14, 5, 5, 5, 5, 5]"
169,14,[2],1,0.051242044661194086,0.015279681887477636,0.8556419890373945,"[496007121, 125640005, 14409541, 146605441, 375462570, 347580490, 508260488, 15457791, 140065711, 588342549]","[2, 2, 2, 2, 2, 2, 2, 2, 2, 2]"
170,14,"[2, 8, 15, 17, 21]",5,0.4098565806634724,0.0879559637978673,1.9770979442168026,"[419460675, 479731829, 290422391, 464268983, 424787647, 298811605, 351017656, 350911126, 337207486, 256587053]","[8, 21, 17, 8, 21, 21, 17, 8, 8, 8]"
171,14,"[2, 8, 14, 17, 22]",5,0.35699497908353806,0.08197606494650245,1.5026264322455973,"[276967714, 238030946, 574034175, 264597840, 363692378, 113580006, 544968739, 166921826, 243061326, 300160651]","[14, 17, 14, 14, 14, 17, 17, 8, 8, 8]"
172,14,"[12, 16, 19, 21]",4,0.239705768879503,0.06216964405030012,1.3543375508161262,"[436963377, 41425998, 573923195, 200860855, 432120631, 234428732, 39364833, 353743490, 303611741, 310392450]","[21, 21, 21, 21, 21, 21, 21, 21, 21, 21]"
173,14,"[0, 1, 5, 14, 15, 16, 19, 23]",8,0.6358362762257457,0.18699770141392946,1.8954291314294096,"[421516192, 334586467, 123334203, 123334202, 508078072, 420097424, 396249398, 432729141, 357285491, 338106395]","[23, 23, 23, 23, 23, 23, 23, 15, 23, 23]"
174,14,"[5, 11, 14, 15, 16, 17, 21]",7,0.6288024219684303,0.17972352728247643,2.2104726420781975,"[66236774, 335251301, 110095053, 171769894, 66243966, 240563277, 386824210, 346573541, 247553257, 479688324]","[14, 15, 15, 15, 14, 14, 14, 15, 15, 21]"
175,14,[14],1,0.07712711719796062,0.01815770985558629,1.9687569465022534,"[117436995, 529364040, 493597761, 548840527, 549319923, 405522861, 594085667, 207151906, 549325063, 589583790]","[14, 14, 14, 14, 14, 14, 14, 14, 14, 14]"
176,14,"[2, 21]",2,0.10525773279368877,0.07172818202525377,0.9394524790113792,"[505163271, 401411118, 125805490, 564320947, 452364303, 507347585, 441812457, 343791582, 150867596, 578366134]","[2, 21, 2, 2, 21, 21, 2, 2, 2, 21]"
177,14,"[4, 5, 6, 13, 14, 15, 20]",7,0.6826754850335419,0.1928952969610691,2.2277100451423655,"[445737795, 583864537, 208676328, 493591620, 502994434, 152121484, 11749472, 150813866, 548504950, 450062982]","[14, 14, 15, 14, 14, 14, 14, 13, 15, 14]"
178,14,"[9, 12, 14, 15, 17, 18, 19, 20, 21]",9,0.5970649411901832,0.1405405094847083,1.6551544920334385,"[308670354, 267011792, 592022775, 492913202, 475784296, 579008437, 269634507, 551569304, 172532783, 323250630]","[14, 14, 14, 9, 14, 9, 9, 14, 14, 14]"
179,14,"[5, 6, 11, 14, 15, 20, 21, 22]",8,0.7214635591953993,0.2153936317190528,2.1025229395891074,"[482489709, 482513369, 190953394, 218790679, 306209950, 23390111, 382878550, 281989583, 482472573, 482472580]","[20, 14, 14, 21, 21, 14, 21, 21, 14, 14]"
180,14,"[14, 20, 21]",3,0.1470467452891171,0.040201229974627495,1.2097181659967948,"[550905159, 246634158, 476949661, 311952454, 222413070, 157783429, 320641167, 496177960, 94727527, 28150409]","[21, 21, 21, 14, 21, 21, 21, 20, 21, 14]"
181,14,"[2, 13, 16, 19, 21, 24]",6,0.4019180843606591,0.09825367154553533,1.6256885944943253,"[460349990, 164775229, 545020148, 253605116, 556688818, 451282112, 34019906, 545301961, 511608339, 489718353]","[13, 13, 13, 13, 19, 13, 21, 13, 13, 13]"
182,14,"[14, 19]",2,0.11503687873482704,0.07399788731709123,1.4267114870017394,"[254509575, 130564082, 273043630, 127662267, 552817184, 553072338, 137902141, 34127478, 269396313, 526098036]","[14, 14, 14, 14, 14, 14, 19, 14, 14, 14]"
183,14,[9],1,0.06095651909708977,0.014782174956053495,1.4680880776140839,"[103572512, 218500680, 227639106, 69235722, 326841520, 366728558, 86445881, 353530693, 14502400, 363464748]","[9, 9, 9, 9, 9, 9, 9, 9, 9, 9]"
184,14,"[8, 17, 19, 24]",4,0.2493870253674686,0.06377710495144129,1.8036329839378595,"[202398807, 573977570, 140199749, 49493021, 285291463, 285208869, 467778939, 49429263, 234142149, 125756428]","[19, 19, 19, 19, 19, 19, 8, 19, 19, 8]"
185,14,"[0, 12, 14, 16, 17, 19, 24]",7,0.5218401048332453,0.12154926033690572,1.7523472824666118,"[150729893, 388226724, 511745332, 48954299, 487167005, 276382473, 146461299, 548233081, 465429198, 105507382]","[0, 19, 19, 19, 0, 14, 19, 0, 0, 0]"
186,14,"[1, 4, 6, 11, 19, 20, 21]",7,0.5302683021873236,0.14804543601348996,1.5191200500287647,"[250181636, 95901209, 250214702, 188091529, 28348846, 512314806, 330634046, 466863412, 181101373, 270447319]","[4, 1, 4, 1, 1, 1, 19, 4, 19, 1]"
187,14,"[3, 7, 19, 21]",4,0.1768927313387394,0.05296214809641242,0.9306585560552776,"[441212914, 199342980, 84693467, 175992831, 394989135, 84867293, 365170347, 250757343, 134842675, 526629069]","[19, 3, 3, 7, 7, 3, 7, 21, 19, 7]"
188,14,"[12, 14, 21]",3,0.206738683860749,0.04614650225266814,1.3390636835247278,"[334562342, 334598495, 334598493, 168176079, 334501887, 375110893, 116216281, 117751874, 115872543, 168295608]","[12, 12, 12, 12, 12, 12, 12, 12, 12, 12]"
189,14,"[2, 8, 9, 14, 15, 17, 21]",7,0.5326457214541733,0.17227421468123794,1.9031906778857643,"[6355308, 412575020, 194819497, 509506255, 273340585, 509015108, 61692006, 273536667, 413994349, 464858767]","[17, 8, 17, 8, 2, 21, 14, 8, 2, 2]"
190,14,"[0, 5, 6, 7, 15, 17, 20, 23]",8,0.5616374625824392,0.19889644160866737,1.7110785671975464,"[344564768, 191845909, 35045917, 168166141, 344703644, 301643958, 130554732, 492702621, 578354095, 394112207]","[5, 23, 5, 0, 5, 23, 0, 23, 5, 5]"
191,14,"[3, 6, 20]",3,0.21937448158860207,0.10739380586892366,1.3320526891232778,"[171442642, 32631619, 335520897, 501602611, 432581730, 539090239, 546251617, 361241062, 352322111, 494548963]","[20, 20, 20, 20, 20, 3, 20, 20, 20, 20]"
192,14,"[11, 17, 19, 24]",4,0.2573642134666443,0.06740076979622245,1.867874535964802,"[318392068, 117568705, 320139952, 549951739, 2916007, 457005169, 66118274, 389366056, 98581984, 42207456]","[24, 24, 11, 11, 11, 11, 11, 11, 11, 11]"
193,14,"[15, 23]",2,0.232357416767627,0.035190519876778126,2.8791514522163197,"[538484149, 226255915, 538512593, 260666, 485981084, 266275898, 153495727, 478586406, 300018527, 511293266]","[23, 23, 23, 23, 23, 23, 23, 23, 23, 23]"
194,14,"[4, 6, 13, 24]",4,0.4151755506172776,0.07912238826975226,2.394468098995276,"[176112770, 313600579, 10172977, 572186396, 548240362, 462480922, 470251629, 478226485, 572678835, 11734662]","[24, 24, 4, 4, 4, 6, 4, 6, 6, 4]"
195,14,"[8, 14, 15, 19, 21]",5,0.41469113156199455,0.08426426723599434,2.1776208592113107,"[362343117, 329153369, 340689957, 284531044, 390289754, 143120312, 222551320, 4870671, 19060061, 260877789]","[8, 8, 8, 8, 8, 8, 8, 15, 8, 8]"
196,14,"[0, 1, 5, 14, 15, 21, 23]",7,0.5694843772798777,0.17609723797068,1.8311114173182952,"[306931078, 405845132, 597686959, 82312785, 168998111, 597636209, 432681985, 511250089, 120938282, 327950004]","[5, 23, 23, 5, 23, 23, 23, 23, 5, 23]"
197,14,"[0, 1, 5, 7, 12, 20, 23]",7,0.399298585485667,0.09767280798405409,1.0176983895445508,"[434719975, 472032412, 547329297, 270471031, 547553899, 480557183, 324237631, 442910672, 520654767, 396281211]","[0, 12, 5, 5, 5, 5, 0, 0, 0, 7]"
198,14,"[2, 14]",2,0.12856628187000751,0.033051759004592896,1.412199467769824,"[117765081, 373308842, 190182926, 207357695, 57539513, 150867596, 329067235, 144646103, 359502231, 523309804]","[2, 2, 2, 2, 2, 2, 2, 2, 2, 2]"
199,14,"[0, 2, 14, 17, 21, 24]",6,0.38742170110344887,0.15921636577695608,1.6252081168349832,"[161356029, 54506849, 586706085, 44487264, 387032307, 161446401, 129685551, 6822141, 64708726, 304227573]","[21, 21, 24, 21, 21, 2, 21, 21, 21, 2]"
200,14,"[16, 19, 24]",3,0.23420171299949288,0.05021983291953802,2.2852102811448276,"[175096196, 260860729, 381846485, 296481143, 100710622, 397088663, 175919348, 199360428, 120517343, 515305740]","[24, 24, 16, 16, 16, 16, 16, 16, 16, 16]"
201,14,"[14, 15, 18, 20, 23]",5,0.39226930821314454,0.10740935849025846,2.0189810228999705,"[192395646, 90855074, 37233593, 90855069, 37233594, 90855073, 90855072, 397185503, 205513516, 171362839]","[14, 14, 14, 14, 14, 14, 15, 14, 14, 15]"
202,14,"[0, 7, 14, 18, 19, 23]",6,0.33454275643453,0.08602453209459782,1.2333275342049699,"[377330137, 97447570, 30899884, 464460003, 171581726, 189127591, 243250532, 410312031, 231977139, 377795053]","[19, 19, 19, 0, 19, 19, 19, 19, 19, 19]"
203,14,"[0, 1, 14, 19, 21, 22, 23]",7,0.393936675041914,0.14554651593789458,1.235872410736712,"[583040551, 557307240, 205637431, 304503096, 135118508, 484396091, 122910414, 39186597, 370398741, 240826567]","[14, 14, 0, 0, 14, 0, 23, 14, 0, 14]"
204,14,"[8, 19, 21]",3,0.19473210303112864,0.04651869693771005,1.2519712501671165,"[575735573, 458857627, 111196413, 205813791, 458945783, 385545486, 541713224, 119116526, 320037205, 513330716]","[19, 8, 8, 19, 8, 8, 8, 21, 8, 19]"
205,14,"[8, 16, 17, 19, 24]",5,0.3498548520728946,0.1414303700439632,1.9397564014885575,"[239518695, 321331342, 73491323, 64990351, 262741634, 532511756, 545767797, 428522198, 377067390, 387913779]","[19, 19, 19, 19, 19, 19, 17, 17, 19, 8]"
206,14,"[9, 15, 16]",3,0.34970630891621113,0.064158258959651,3.038590582786128,"[190700844, 136395417, 488840874, 488773708, 481299369, 263187519, 267748222, 75870846, 190684424, 304627095]","[9, 9, 9, 9, 9, 9, 9, 9, 9, 9]"
207,14,"[2, 9, 14, 17, 19, 24]",6,0.3625110345892608,0.14707724284380674,1.6098390324817349,"[80352651, 258132591, 599103989, 269933265, 172759973, 279711769, 492165791, 278797888, 547297128, 157303392]","[2, 2, 2, 2, 2, 2, 2, 2, 2, 2]"
208,14,"[8, 19, 21]",3,0.18681056378409266,0.04376140469685197,1.2519712501671165,"[191219637, 335134646, 274196408, 572823003, 237006714, 249925343, 150856497, 369261323, 471514565, 431304777]","[21, 19, 21, 21, 19, 8, 19, 8, 19, 19]"
209,14,"[8, 17, 19]",3,0.15551843121647835,0.048060301691293716,1.2426057305031766,"[457932028, 429509656, 424620168, 270001057, 126485989, 494806968, 474884568, 411217520, 192111966, 499019896]","[17, 17, 8, 8, 17, 17, 17, 17, 17, 8]"
210,14,[23],1,0.02514234883710742,0.07304284255951643,0.5948693053796887,"[282181337, 178507622, 228138065, 250579398, 250574266, 15306275, 209004159, 442590983, 318470684, 283438076]","[23, 23, 23, 23, 23, 23, 23, 23, 23, 23]"
211,14,"[8, 20, 21, 23]",4,0.1721665682271123,0.058194234035909176,1.025812902720645,"[421614196, 44237615, 566293146, 191842553, 20298494, 238211637, 201239098, 477256244, 381212532, 5867019]","[8, 8, 8, 8, 8, 8, 8, 8, 8, 8]"
212,14,"[1, 12, 14, 19, 23]",5,0.2621073708869517,0.07480281963944435,1.0771454674657435,"[427804312, 358787744, 519149511, 291297814, 456252842, 519010642, 513653417, 543821520, 519699142, 44796746]","[19, 12, 12, 12, 19, 12, 12, 12, 12, 12]"
213,14,"[11, 14]",2,0.1624369570054114,0.07239282410591841,2.0368539543123916,"[204398649, 300328709, 558467379, 371938691, 558590194, 544707789, 206269197, 294209137, 558590247, 95669075]","[11, 11, 14, 14, 14, 11, 11, 11, 11, 11]"
214,14,"[1, 4, 6, 16, 23]",5,0.4352957014925778,0.08899206388741732,1.812589037232101,"[267139604, 504362065, 314766071, 503767635, 240944350, 587386477, 200675898, 98637538, 346695252, 84617931]","[4, 4, 4, 4, 4, 4, 16, 4, 4, 16]"
215,14,"[8, 14, 15, 22]",4,0.40867885015904903,0.07778881583362818,2.7064393403124996,"[393240007, 476534121, 186621488, 101264138, 78231511, 376103890, 337600592, 6324193, 88350989, 227699365]","[8, 8, 8, 15, 8, 8, 8, 8, 8, 8]"
216,14,"[5, 14, 15, 16, 21, 23]",6,0.5002731988206506,0.10517264669761062,2.1613434046351663,"[545738633, 131520801, 22256055, 209620308, 478804827, 342089625, 412804426, 460533547, 504022969, 182740574]","[5, 21, 5, 5, 5, 5, 21, 5, 5, 5]"
217,14,"[8, 15, 19, 21]",4,0.39940319396555424,0.07983317505568266,2.229836837388575,"[181530598, 342643440, 283438531, 74957088, 402439230, 413157942, 87897254, 299742533, 121885518, 423282609]","[8, 8, 8, 8, 8, 8, 21, 8, 21, 19]"
218,14,"[15, 16, 18, 19, 20, 21, 23]",7,0.5082770395092666,0.1823635073378682,1.788332462310791,"[277331506, 259608549, 536676136, 524474363, 212001876, 515146148, 260505673, 465222397, 98852285, 137043841]","[18, 23, 15, 20, 15, 19, 23, 15, 18, 15]"
219,14,[5],1,0.07395587116479874,0.01550377905368805,1.7334875361993909,"[8696237, 112356361, 152426640, 371110076, 152569041, 287037603, 18920992, 114455695, 558990484, 189708846]","[5, 5, 5, 5, 5, 5, 5, 5, 5, 5]"
220,14,"[4, 8, 14]",3,0.30871669203042984,0.05810412298887968,2.181576242359976,"[225365826, 215754056, 430759733, 280571589, 10298824, 150427883, 31452712, 223818139, 540102773, 54105934]","[4, 14, 4, 14, 4, 14, 4, 4, 4, 4]"
221,14,"[16, 17, 19, 23]",4,0.20531515823677182,0.10900799091905355,1.239737953641452,"[554741423, 549189925, 293535575, 486320206, 43702799, 485704480, 38336853, 55619757, 446883112, 71705776]","[19, 23, 17, 19, 17, 17, 17, 17, 16, 19]"
222,14,"[2, 8, 9, 17, 19]",5,0.26678668707609177,0.07712138816714287,1.2103094516322017,"[75657568, 499399679, 500920022, 530989305, 427708890, 121838834, 75728776, 409790152, 370266957, 337671548]","[8, 9, 8, 9, 8, 8, 8, 9, 17, 9]"
223,14,"[0, 1, 11, 14, 15, 16, 17, 20, 21, 22, 24]",11,0.8634083005599678,0.3027523118071258,2.0039292647164655,"[499165963, 244806872, 39179679, 62184164, 387930108, 515925033, 336165488, 388217715, 23305869, 190090106]","[1, 1, 1, 1, 1, 21, 1, 1, 1, 1]"
224,14,"[6, 11, 16, 18, 19, 21]",6,0.4569140989333391,0.10469510778784752,1.7619025951717049,"[154837546, 399263082, 301043233, 142742184, 262616471, 142742176, 365575534, 142742154, 494265480, 116430779]","[18, 18, 19, 19, 11, 19, 16, 19, 6, 6]"
225,14,"[1, 6, 8, 17, 19, 21, 22, 24]",8,0.5610159249044955,0.13751915516331792,1.6674019686179236,"[500500670, 204872419, 261717024, 448708491, 319837230, 116112760, 108034951, 271182393, 316048887, 308059852]","[6, 6, 6, 6, 19, 19, 6, 19, 19, 6]"
226,14,"[0, 1, 4, 7, 12]",5,0.3848607004620135,0.13945605838671327,1.3772768658585846,"[278009245, 326881909, 200689784, 435322483, 278009243, 338557570, 277984274, 578033863, 213097581, 257801833]","[1, 12, 1, 12, 12, 12, 12, 12, 12, 7]"
227,14,"[14, 20]",2,0.10417615994811058,0.027850232552736998,1.3029457645025104,"[70718408, 185309778, 234748239, 169715958, 190064966, 408452482, 449549112, 190011432, 485474420, 1012876]","[14, 14, 14, 14, 20, 14, 14, 20, 14, 14]"
228,14,"[7, 13, 19]",3,0.12660909164696932,0.03767197020351887,0.901172798514987,"[461672923, 469749072, 23241304, 297472075, 591050149, 6267407, 23439075, 419969441, 443494384, 469555228]","[7, 7, 13, 13, 7, 7, 7, 7, 7, 13]"
229,14,[16],1,0.1008147387765348,0.01988248573616147,2.484250071691349,"[165110528, 67586582, 99217799, 224393251, 86922233, 466738673, 210985184, 512128119, 594482286, 586084807]","[16, 16, 16, 16, 16, 16, 16, 16, 16, 16]"
230,14,"[5, 14, 15, 16, 17, 21, 23, 24]",8,0.6492210421711206,0.19922434678301215,2.181242697755806,"[474953049, 332889903, 80636957, 3530994, 111052390, 73800392, 443255431, 443331686, 1847177, 477937311]","[21, 21, 17, 21, 21, 5, 5, 5, 5, 21]"
231,14,"[3, 12, 20, 21]",4,0.19189010793343186,0.10490157222375274,0.9252543279435486,"[89991653, 140059817, 168182756, 104853591, 143005337, 80501965, 259503244, 576661497, 104853589, 487516850]","[12, 12, 12, 20, 12, 12, 21, 12, 20, 12]"
232,14,"[4, 6, 7, 11, 13, 18]",6,0.5022199926897883,0.1167911272495985,1.7876793162431568,"[573933241, 98713409, 573933238, 147394442, 588077037, 16811723, 555803159, 91107562, 380499007, 147394445]","[4, 6, 4, 4, 4, 18, 4, 4, 4, 13]"
233,14,"[8, 11, 19]",3,0.23182743275538087,0.0653042821213603,1.612533914546172,"[15599098, 504984856, 277688060, 242431554, 239327738, 396066068, 126373020, 194968599, 212705817, 111084544]","[11, 8, 19, 11, 11, 8, 19, 8, 8, 8]"
234,14,"[11, 19]",2,0.12506722658872604,0.03039549198001623,1.4948084948118776,"[159770241, 344713989, 576938714, 584767076, 112874534, 267320803, 98413529, 591298840, 551654143, 187169498]","[19, 19, 19, 19, 19, 19, 19, 19, 19, 19]"
235,14,"[8, 14, 15, 20]",4,0.3902446604333818,0.07399286283180118,2.404327470518183,"[207287074, 581377569, 487295500, 315719430, 581364594, 241399605, 260869230, 76527956, 263214848, 473129382]","[20, 20, 20, 20, 20, 20, 20, 20, 20, 20]"
236,14,"[5, 6, 21, 23]",4,0.24371046060696244,0.08461262099444866,1.4237986675580032,"[72613487, 252807156, 173678311, 513130372, 385651436, 413571677, 71337707, 185251042, 12061169, 327484327]","[5, 5, 5, 5, 5, 6, 6, 5, 5, 5]"
237,14,"[4, 7, 12, 21]",4,0.2876342013478279,0.06314440118148923,1.3939194332924671,"[146209864, 207416052, 443569561, 19206867, 192562765, 308277021, 244611117, 199106263, 200513652, 308914882]","[12, 12, 12, 21, 12, 12, 12, 12, 4, 12]"
238,14,"[8, 14, 16, 17, 21]",5,0.3410578556358814,0.14806828601285815,1.6638842302374541,"[111866789, 389621074, 459518741, 258697845, 30828443, 420000791, 190378584, 278139817, 241714159, 466260774]","[8, 14, 8, 8, 8, 8, 8, 8, 8, 8]"
239,14,"[2, 14]",2,0.14668559283018112,0.029866977129131556,1.412199467769824,"[576170942, 471806674, 576845681, 471806675, 540790931, 47270806, 341138726, 497348389, 437624085, 501723098]","[2, 2, 2, 2, 2, 2, 2, 2, 2, 2]"
240,14,"[12, 20]",2,0.08392100175842643,0.025200908072292805,0.8311528587946668,"[465379783, 533899989, 570130124, 470519715, 592727661, 311758170, 476286188, 585443139, 161715035, 544977346]","[20, 20, 20, 20, 20, 20, 20, 20, 20, 20]"
241,14,"[14, 16, 17, 19]",4,0.30606628116220236,0.07407920015975833,1.583209863922093,"[387494349, 418437896, 5729768, 441430417, 142854679, 466042600, 435016144, 220021585, 177368619, 278381767]","[17, 16, 17, 19, 19, 14, 19, 16, 16, 16]"
242,14,"[8, 12, 14, 21, 24]",5,0.3818803043104708,0.0849121417850256,1.8703781097661705,"[61204959, 761823, 555866732, 299371034, 499356352, 351830174, 5598323, 577712007, 530384155, 89250462]","[8, 21, 21, 21, 12, 21, 21, 21, 21, 21]"
243,14,"[1, 6, 12, 14, 19, 23]",6,0.4023147593252361,0.09626800008118153,1.2882170328327145,"[277112741, 412187181, 93936342, 243063315, 197802243, 93936349, 10632284, 312754310, 93936350, 412324312]","[14, 14, 23, 19, 23, 12, 23, 14, 14, 14]"
244,14,"[5, 15, 16, 20, 21, 22, 23]",7,0.5824987688101828,0.11383079504594207,1.9260028750702207,"[235087676, 588249407, 313444692, 476325483, 435256884, 222662854, 142206264, 420042020, 186926046, 175706998]","[23, 5, 21, 5, 22, 16, 21, 21, 22, 5]"
245,14,"[3, 18, 20]",3,0.1657163966447115,0.04185522114858031,1.127764629588152,"[256759132, 99533321, 256964906, 92583006, 184019389, 299765828, 256556031, 493483566, 572516081, 55115253]","[3, 3, 3, 3, 3, 3, 3, 3, 3, 3]"
246,14,"[1, 14]",2,0.1338250576518476,0.03415534785017371,1.4405104346806183,"[1251765, 267429588, 586105672, 224696016, 459914452, 350919020, 454666523, 93685992, 401097672, 475758851]","[1, 1, 1, 1, 1, 1, 1, 1, 1, 1]"
247,14,"[0, 1, 8, 15, 16, 19, 20, 21, 23]",9,0.6353176231496036,0.2082462408579886,1.6632856526929471,"[263920439, 590359249, 60052471, 110667555, 489818873, 60052463, 32238832, 45466740, 166871090, 151809483]","[8, 8, 8, 8, 15, 8, 8, 8, 23, 8]"
248,14,"[1, 6, 14, 16, 20, 22, 23]",7,0.5323408269323409,0.1155875395052135,1.5409188214689493,"[417626872, 417719329, 432668821, 515175143, 116519538, 466821590, 349897224, 532062416, 32834108, 271450105]","[14, 16, 14, 14, 1, 16, 14, 14, 14, 14]"
249,14,"[9, 14, 15, 17]",4,0.359504624735564,0.1447879858314991,2.398861258290708,"[349775003, 515826092, 14830073, 277428547, 339887798, 81588480, 187344339, 385121512, 171432387, 106007664]","[9, 14, 9, 9, 9, 14, 17, 9, 9, 9]"
250,14,"[5, 6, 15, 23]",4,0.3851908789947629,0.07511373329907656,2.4588413250749,"[69230666, 478950957, 336633819, 144197282, 287498137, 555327371, 580140457, 54105543, 66945193, 69233970]","[23, 23, 23, 23, 23, 23, 23, 5, 23, 23]"
251,14,"[3, 21]",2,0.10318975616246462,0.028926365077495575,1.0193557970924303,"[130600393, 296953335, 339453212, 182597693, 450069847, 16753632, 107550758, 450547638, 472006806, 181223926]","[3, 3, 3, 3, 3, 3, 3, 3, 3, 3]"
252,14,"[8, 15, 19, 21]",4,0.33891051821410656,0.07574736839160323,2.229836837388575,"[556708913, 142114823, 367074455, 158353305, 565558185, 347110418, 147560058, 373637995, 429330083, 123943242]","[8, 15, 8, 8, 8, 8, 8, 15, 8, 8]"
253,14,"[8, 19, 21]",3,0.18503321474418044,0.054939149878919125,1.2519712501671165,"[302744492, 333148443, 393663660, 436608571, 300917590, 262104474, 119623098, 429844938, 187265929, 264070712]","[8, 8, 8, 8, 8, 8, 8, 8, 8, 8]"
254,14,"[8, 14, 16, 21]",4,0.2960433578118682,0.13394496263936162,1.8310636852984317,"[118146128, 48794137, 116863383, 151510097, 589768549, 598481862, 496864727, 62343332, 318836595, 266668750]","[8, 8, 8, 8, 21, 8, 8, 8, 21, 8]"
255,14,"[0, 16, 23]",3,0.23395211389288306,0.048379633110016584,1.5002750064401578,"[292534411, 328159846, 30202463, 359212294, 131355395, 357597443, 298166651, 455746047, 131350912, 71636407]","[0, 0, 0, 0, 0, 0, 0, 0, 0, 0]"
256,14,"[11, 16, 17, 21, 22, 23]",6,0.3699596761725843,0.09896253840997815,1.5080136299754183,"[234806344, 244780871, 416954526, 258167317, 357861873, 19114631, 16986123, 182566740, 275902250, 555752634]","[21, 21, 22, 16, 17, 23, 16, 21, 16, 21]"
257,14,"[5, 20, 21, 23]",4,0.20873645273968577,0.05228240182623267,0.9971885982668027,"[434153040, 529403482, 120493665, 529403479, 134269616, 529403503, 522449877, 327915963, 152912651, 188758845]","[5, 5, 5, 5, 5, 5, 5, 20, 5, 5]"
258,14,"[5, 6, 15, 20, 22, 23]",6,0.5402632281184196,0.10420595481991768,2.0530136574137337,"[88701253, 490342025, 69535511, 123830971, 134522396, 18282864, 123830953, 591348524, 597691292, 263012109]","[5, 5, 5, 5, 5, 5, 23, 5, 5, 5]"
259,14,[5],1,0.07372847804799676,0.01736247492954135,1.7334875361993909,"[154732199, 154732197, 572262770, 347563760, 288178730, 239702580, 144061373, 288178726, 239702579, 572968631]","[5, 5, 5, 5, 5, 5, 5, 5, 5, 5]"
260,14,"[3, 4, 6, 13, 15, 18, 19]",7,0.753512887749821,0.1381805334240198,2.1264880835078657,"[100286525, 155553042, 135317774, 10122994, 176003473, 100286527, 155553047, 155553079, 88261564, 200916617]","[15, 18, 15, 15, 3, 15, 15, 15, 4, 15]"
261,14,"[5, 6, 7, 20, 21, 23]",6,0.30027454486116767,0.08156489674001932,1.1885976425449674,"[4524895, 74550604, 74550609, 445787907, 88456256, 295186495, 558808179, 207826055, 133329912, 316764553]","[6, 5, 5, 6, 6, 6, 5, 5, 5, 6]"
262,14,"[6, 15, 20, 22]",4,0.38304427824914455,0.08578689862042665,2.4974312757258303,"[95720623, 53701756, 503153203, 466037083, 484857871, 175107495, 71433789, 301139874, 379825590, 484505856]","[22, 6, 22, 6, 22, 22, 22, 6, 22, 22]"
263,14,"[3, 11, 17, 18, 19, 21]",6,0.3410588805563748,0.0909342160448432,1.292367612477392,"[557928172, 347969678, 222915391, 123740052, 433835864, 140390112, 122787582, 460470154, 589976649, 573556559]","[19, 19, 11, 17, 17, 19, 19, 19, 19, 17]"
264,14,[23],1,0.024632682092487812,0.010204523801803589,0.5948693053796887,"[233407006, 435570483, 480249928, 291933944, 322897174, 563613627, 185204568, 484928148, 269699980, 165684051]","[23, 23, 23, 23, 23, 23, 23, 23, 23, 23]"
265,14,"[1, 6, 16, 19, 22, 24]",6,0.5034246360883117,0.12974123284220695,1.9928419479401782,"[523497108, 527786466, 325126919, 557678687, 451363458, 339036093, 5017229, 117516005, 528044045, 188649775]","[1, 6, 6, 16, 1, 16, 6, 22, 6, 1]"
266,14,"[8, 14, 19]",3,0.19104655273258686,0.05066300183534622,1.567135909339413,"[488077353, 50386072, 552280843, 49049533, 329747043, 137424482, 27657960, 540642273, 166176937, 511570617]","[19, 8, 19, 8, 19, 14, 19, 14, 19, 19]"
267,14,"[8, 14]",2,0.15317384526133537,0.07038100808858871,1.9083708502585068,"[78764858, 371787682, 408203775, 156049288, 111762927, 525953634, 262088274, 141530784, 247570387, 371787683]","[8, 8, 8, 8, 8, 14, 8, 8, 8, 8]"
268,14,"[9, 14]",2,0.14895001892000437,0.030361731071025133,1.7184225120581686,"[74747535, 93361313, 394235956, 171012032, 242572753, 273894787, 567164578, 471474406, 267827370, 90293096]","[9, 9, 9, 9, 9, 9, 9, 9, 9, 9]"
269,14,"[8, 14]",2,0.15282561955973506,0.03772032307460904,1.9083708502585068,"[403834415, 39792019, 212352928, 244731207, 209676733, 39751463, 267393903, 355470976, 112690799, 150243399]","[14, 14, 14, 8, 14, 14, 14, 8, 8, 8]"
270,14,"[6, 20, 21, 22]",4,0.24337368924170732,0.12849130667746067,1.4623886182089336,"[502140063, 250722537, 405150403, 71652752, 572451043, 119499054, 291357335, 444628632, 364471701, 441571600]","[20, 20, 20, 20, 20, 21, 20, 21, 20, 20]"
271,14,"[2, 8, 22]",3,0.21185387624427676,0.04835387133061886,1.5164029349107295,"[138546516, 411266584, 360930416, 81687041, 77469376, 191875909, 60367323, 424990887, 492037150, 2889470]","[8, 8, 8, 8, 8, 2, 8, 8, 8, 8]"
272,14,"[1, 11, 13, 14, 16, 19]",6,0.4827898941002786,0.1212331629358232,1.5624139493641753,"[96228366, 336577159, 451951829, 491439662, 509772699, 7131706, 436212736, 437331133, 142619170, 434017821]","[19, 1, 19, 13, 13, 1, 13, 13, 1, 19]"
273,14,"[6, 11, 13, 15, 19, 24]",6,0.5897056846879423,0.11684626387432218,2.500489326349149,"[338090723, 64111972, 323016300, 412946388, 38554838, 192523111, 56080863, 323926096, 337468002, 419973672]","[13, 11, 11, 11, 11, 11, 11, 15, 15, 11]"
274,14,"[1, 14, 17, 19]",4,0.2158318138681352,0.13195372093468904,1.1902133267140016,"[26248581, 387166986, 278457651, 336161745, 408259553, 328554913, 31417085, 274727017, 439845467, 584980869]","[1, 1, 14, 1, 1, 1, 1, 1, 1, 1]"
275,14,[8],1,0.0760374809615314,0.018633360043168068,1.8479847540147603,"[9783334, 408762294, 495212845, 284531044, 247032399, 437489512, 338284993, 495426882, 62715298, 448893192]","[8, 8, 8, 8, 8, 8, 8, 8, 8, 8]"
276,14,"[1, 11, 12, 19, 23]",5,0.2612847755663097,0.08785606035962701,1.1043842705897986,"[436029570, 329168428, 321753880, 63366943, 207872475, 525951911, 233499756, 371060307, 93308388, 372112587]","[11, 12, 12, 11, 12, 19, 12, 12, 12, 12]"
277,14,"[1, 11, 14, 19]",4,0.29004810005426407,0.07723463885486126,1.467659464746248,"[31946965, 32028002, 327591504, 31946964, 32028005, 3732107, 269001050, 41456240, 32028003, 373177213]","[14, 11, 11, 11, 11, 14, 11, 14, 14, 11]"
278,14,"[6, 9, 12, 19, 20]",5,0.2851427998393774,0.07201048638671637,1.2717269364744426,"[439466226, 352621923, 352621907, 529409137, 352621916, 20351559, 423643659, 570471915, 331805645, 510207290]","[9, 9, 9, 9, 9, 9, 9, 9, 9, 9]"
279,14,"[0, 3, 20, 23]",4,0.19484074600040913,0.11287732049822807,0.917289538832847,"[567262646, 426251557, 169248418, 455673218, 229299783, 332339887, 162829623, 229299782, 418125855, 473109885]","[3, 0, 0, 3, 0, 3, 0, 3, 3, 3]"
280,14,"[2, 8, 17, 19]",4,0.22419258346781135,0.06279211211949587,1.1458647951367311,"[396548653, 309202531, 234819638, 300725854, 540915380, 285929706, 267221799, 230152569, 348090363, 432588080]","[8, 8, 8, 8, 8, 17, 8, 8, 17, 8]"
281,14,"[8, 14, 17, 22]",4,0.2664851192384958,0.06624063896015286,1.664372543047648,"[20923670, 540673869, 350376678, 540747418, 69426985, 217346705, 453014098, 497906646, 93762365, 374645979]","[8, 8, 17, 8, 14, 8, 8, 8, 8, 17]"
282,14,"[14, 18, 21]",3,0.2920863493345678,0.04688097070902586,1.5742435321832697,"[237467098, 394836151, 331258768, 570891779, 233516283, 348749289, 432906528, 128599997, 469465863, 107087306]","[14, 14, 14, 14, 14, 14, 14, 14, 14, 14]"
283,14,"[0, 6, 19, 20, 21]",5,0.29199297446757555,0.08178601739928126,1.2620688161812723,"[14160279, 240923643, 124464333, 18049756, 252664233, 317465019, 322446158, 596311698, 546175938, 437847005]","[0, 0, 21, 21, 20, 21, 21, 0, 21, 21]"
284,14,"[3, 4, 6, 9, 12, 20, 22]",7,0.5578829222358763,0.11868486506864429,1.580426624044776,"[431831254, 155854511, 408143314, 408143312, 431831252, 406208072, 107602992, 83280226, 431831258, 362856087]","[6, 20, 6, 20, 20, 20, 20, 20, 20, 20]"
285,14,"[5, 14, 15, 16, 17, 21, 23]",7,0.5741963391192257,0.13433728367090225,1.9947466911149345,"[598190198, 532143385, 86506156, 275996308, 157048494, 422003407, 576584029, 299904349, 526597483, 532155110]","[21, 17, 17, 5, 16, 21, 23, 5, 17, 16]"
286,14,"[14, 19, 21, 24]",4,0.25633643427863717,0.05998234078288078,1.8408501718076877,"[115478596, 276582602, 276458099, 237320852, 501324429, 475940014, 186992543, 265900715, 503664932, 276582619]","[14, 14, 14, 14, 14, 14, 21, 14, 14, 14]"
287,14,"[11, 13, 16, 19, 24]",5,0.37890439201146364,0.1430053198710084,1.9960355142131447,"[471365001, 112823909, 302991610, 77084173, 591885078, 172839233, 333874711, 559222040, 229436305, 292698943]","[19, 13, 13, 24, 16, 19, 16, 13, 13, 19]"
288,14,"[0, 11, 14, 19, 23]",5,0.30966191412881017,0.15508425468578935,1.3949897767510264,"[95079664, 94192487, 6995034, 500337589, 54040974, 382751863, 94218543, 82557147, 274729266, 103575768]","[14, 14, 14, 19, 14, 14, 14, 14, 14, 14]"
289,14,[5],1,0.07381695881485939,0.016871721018105745,1.7334875361993909,"[380973569, 271812242, 477320796, 537280464, 348833724, 154506859, 446038035, 265680106, 380973568, 565356010]","[5, 5, 5, 5, 5, 5, 5, 5, 5, 5]"
290,14,"[14, 18, 20, 21]",4,0.24238056782633066,0.05601115431636572,1.339966294763144,"[388853099, 26542497, 74220946, 335026136, 388836128, 196866050, 74220947, 482047181, 435157765, 196442594]","[18, 14, 14, 14, 18, 14, 14, 18, 14, 14]"
291,14,[14],1,0.07703674910590053,0.017662188969552517,1.9687569465022534,"[55180270, 103121914, 118339017, 99301987, 262222674, 99291397, 486978041, 236103545, 566763224, 99848174]","[14, 14, 14, 14, 14, 14, 14, 14, 14, 14]"
292,14,"[0, 1, 12, 14]",4,0.33395785884931684,0.06665385561063886,1.3319744116743095,"[8127326, 318687032, 206135421, 339360629, 24993123, 476017675, 543692718, 389185006, 373880418, 311980908]","[14, 14, 14, 0, 14, 14, 14, 14, 14, 14]"
293,14,"[16, 17]",2,0.14063503965735435,0.032738221809268,1.7397082408424467,"[522144825, 427752155, 516705024, 135433315, 529288445, 66014884, 198395389, 501176436, 14137287, 294417441]","[16, 16, 16, 16, 16, 16, 16, 16, 16, 16]"
294,14,"[6, 8, 15, 19, 21]",5,0.4393378337845206,0.10483357403427362,2.252584441844374,"[563886477, 213001197, 31985819, 465010500, 54140497, 169007577, 256109981, 144565537, 2968595, 561927639]","[8, 21, 6, 21, 21, 19, 19, 6, 21, 6]"
295,14,"[8, 17]",2,0.18652672600001097,0.03205524291843176,1.4215755820041522,"[114969831, 115587342, 244816907, 81162601, 491732537, 261569981, 593270778, 99561046, 295186079, 386894806]","[8, 8, 8, 8, 8, 8, 8, 8, 8, 8]"
296,14,"[4, 6, 7, 16, 18, 20, 21]",7,0.5294140321202576,0.18327816808596253,1.6780252561438829,"[49592205, 221277948, 91376011, 583958907, 497685406, 75869336, 471280807, 346710300, 431566857, 37912832]","[6, 18, 20, 6, 6, 20, 6, 20, 6, 4]"
297,14,[12],1,0.09075325587764382,0.01501651294529438,1.0251711350865662,"[107707630, 251702169, 349422183, 258577381, 293295108, 3886142, 112748181, 310056089, 85933121, 416647347]","[12, 12, 12, 12, 12, 12, 12, 12, 12, 12]"
298,14,"[2, 6, 14, 15, 19, 21, 23]",7,0.5153713184408844,0.11979847168549895,1.8334579565894924,"[244741781, 590280384, 259061008, 417630863, 401074696, 235663289, 584665657, 566332452, 549801869, 368329676]","[21, 15, 2, 2, 6, 6, 21, 19, 2, 2]"
299,14,"[2, 8, 12, 13, 14, 19, 21]",7,0.45517243072390556,0.11145545681938529,1.232154226662325,"[128986416, 187345598, 323592530, 89989777, 128986421, 128986418, 451978116, 102556579, 550730162, 289799620]","[2, 2, 2, 2, 2, 2, 2, 2, 2, 2]"
300,14,"[8, 14, 21]",3,0.19559828517958522,0.051239806693047285,1.6133348898341258,"[5216647, 509310598, 377754002, 212973792, 495077904, 253702497, 214806816, 480882189, 478715548, 442373188]","[8, 8, 8, 8, 8, 8, 8, 8, 8, 8]"
301,14,"[5, 23]",2,0.15564016019925475,0.025442253798246384,1.1641784207895398,"[497578005, 349264836, 497578006, 81124550, 81124549, 349264835, 81124548, 500290248, 347801903, 145364578]","[23, 23, 23, 23, 23, 23, 23, 23, 23, 23]"
302,14,[21],1,0.042802905198186636,0.013919836841523647,1.0232629689853638,"[445623010, 506029373, 429980722, 430081626, 513194856, 286861706, 293035612, 270230003, 49633225, 349471252]","[21, 21, 21, 21, 21, 21, 21, 21, 21, 21]"
303,14,"[3, 18, 20]",3,0.15953204967081547,0.042995385825634,1.127764629588152,"[598671264, 509956869, 500365692, 265121756, 97553281, 352027178, 203257239, 440711441, 44434902, 208667523]","[18, 20, 20, 18, 18, 18, 18, 18, 18, 18]"
304,14,"[0, 1, 4, 14, 19, 22]",6,0.5091150314547122,0.12542226910591125,1.6268269378924742,"[577762919, 255007978, 60443879, 577608766, 514573485, 299531063, 255023888, 581111003, 580928674, 576785035]","[4, 4, 4, 4, 1, 4, 4, 4, 4, 4]"
305,14,"[6, 9, 12, 20, 22]",5,0.3193662753328681,0.07747489539906383,1.4639101433102042,"[139267695, 145939144, 5992337, 96066774, 381690692, 145936449, 381407749, 224293438, 304284504, 104133120]","[20, 20, 20, 20, 20, 20, 20, 20, 20, 20]"
306,14,"[1, 6, 11, 19]",4,0.2817576671950519,0.14697580225765705,1.561363943037577,"[525591755, 245352853, 477671370, 335749123, 311773372, 467431416, 537628334, 239218509, 54178310, 547675010]","[1, 1, 1, 19, 19, 1, 19, 1, 19, 1]"
307,14,"[4, 5, 7, 14, 15, 18, 20, 23]",8,0.7135554677806795,0.13576222164556384,1.9194545349746477,"[29670877, 75212121, 181121209, 450094956, 319234280, 55398033, 204078119, 79306088, 79418598, 271948929]","[5, 5, 23, 5, 5, 5, 5, 23, 5, 5]"
308,14,"[1, 9, 11, 13, 16, 17, 21, 22, 23, 24]",10,0.7046529669314623,0.1791528072208166,1.5934744290076197,"[437276629, 572946020, 40391899, 176968180, 380825642, 219098741, 599176839, 328644929, 198727508, 332416979]","[11, 16, 11, 1, 17, 16, 16, 11, 16, 24]"
309,14,"[1, 22]",2,0.1281289686448872,0.035128632094711065,1.3789229922695085,"[250002006, 507623102, 364536939, 283040642, 549644117, 289056465, 56252653, 320349076, 56252656, 423584999]","[1, 1, 1, 1, 22, 22, 22, 1, 22, 22]"
310,14,"[0, 20]",2,0.11076102219522,0.026546642649918795,1.0294201123761013,"[340466601, 343078558, 9052792, 397794235, 524707455, 1235958, 108990028, 397640572, 221377139, 285345700]","[0, 0, 0, 0, 0, 0, 0, 0, 0, 0]"
311,14,"[2, 21]",2,0.09409138234332204,0.029683777131140232,0.9394524790113792,"[472898258, 38976580, 38793200, 411477906, 274007832, 59068555, 38661789, 233421355, 38725191, 468982041]","[21, 21, 21, 2, 21, 21, 21, 21, 21, 21]"
312,14,"[3, 11, 18]",3,0.2724889228120446,0.047229771502316,1.6170367561280727,"[42882853, 522755097, 104879620, 315508756, 134808188, 547013967, 66300891, 31382543, 148963986, 90183156]","[3, 3, 3, 3, 3, 3, 3, 3, 3, 3]"
313,14,"[9, 14]",2,0.13843960594385862,0.03246689215302467,1.7184225120581686,"[95450006, 18131858, 368361321, 51649025, 242472231, 212280112, 184956394, 469312614, 5733679, 267401067]","[14, 14, 14, 14, 14, 14, 14, 14, 14, 14]"
314,14,"[8, 19, 21]",3,0.15768794575706124,0.051325630862265825,1.2519712501671165,"[457131305, 60335653, 396419128, 396405833, 10567406, 328642351, 77785246, 599727782, 77785252, 333148443]","[8, 8, 8, 8, 8, 8, 8, 8, 8, 8]"
315,14,[5],1,0.07433987408876419,0.017387466970831156,1.7334875361993909,"[121994479, 294990698, 474592803, 465824620, 9686834, 358078894, 194219986, 133438173, 121994492, 592479638]","[5, 5, 5, 5, 5, 5, 5, 5, 5, 5]"
316,14,"[6, 8, 15, 19, 21, 23]",6,0.4953951323404908,0.10935304732993245,1.9762985857669264,"[101027280, 551247288, 126808357, 223566621, 110756647, 95179376, 94188709, 550932509, 384357497, 299207006]","[19, 23, 6, 23, 15, 19, 19, 23, 6, 6]"
317,14,"[1, 4, 7, 14, 19, 23]",6,0.38101579109206796,0.1412222757935524,1.3146333052233483,"[70318687, 58447535, 550317659, 572513295, 258863647, 22016492, 10970730, 209411845, 143491125, 417836199]","[1, 19, 19, 19, 19, 19, 1, 14, 4, 19]"
318,14,"[4, 6, 8, 9, 13, 14, 15]",7,0.7736356011591852,0.14527000160887837,2.3627744327033207,"[160082892, 575235169, 12570383, 84159298, 21795038, 575039607, 514049798, 503733855, 575215736, 504216570]","[9, 6, 9, 13, 8, 9, 9, 4, 9, 6]"
319,14,"[8, 14, 19, 21]",4,0.2333685946650803,0.06746531603857875,1.4311676742509007,"[404430696, 478209292, 255281848, 124742263, 434579361, 70192081, 93719088, 95208796, 31421830, 8267672]","[14, 14, 14, 14, 14, 14, 14, 14, 14, 14]"
320,14,"[9, 24]",2,0.15513535914942622,0.03496581455692649,2.477401410927996,"[52618152, 555619238, 232770354, 199290394, 221596449, 43187242, 303678495, 290253010, 74336512, 343785151]","[9, 9, 9, 9, 9, 9, 24, 9, 9, 9]"
321,14,"[3, 11, 14, 18, 19]",5,0.36300508957356215,0.08448654226958752,1.5409066484775393,"[443194988, 514168124, 564137913, 326173960, 488975574, 587293941, 313045269, 496877116, 500891690, 495545030]","[18, 18, 18, 18, 18, 11, 18, 19, 18, 14]"
322,14,"[0, 12, 17, 21]",4,0.22301360499113798,0.05800696974620223,1.1163265390787274,"[270088517, 582146151, 201988538, 262195009, 97510527, 71834092, 582163762, 520338230, 348415935, 333991130]","[21, 21, 21, 21, 21, 12, 21, 21, 21, 0]"
323,14,"[6, 7, 15, 18, 19, 21]",6,0.5331325437873602,0.10775000136345625,1.9908174564673875,"[250227701, 240150965, 573000340, 443189876, 223674422, 540246192, 578753768, 214691156, 337826098, 266404996]","[7, 7, 7, 7, 7, 7, 7, 7, 7, 7]"
324,14,"[1, 8, 11, 13, 14, 24]",6,0.46238455921411514,0.12019258551299572,1.8900445158748578,"[85417606, 295622573, 79120277, 129075217, 548796090, 491329140, 173815382, 362463911, 209912267, 555322445]","[14, 14, 14, 14, 14, 14, 13, 11, 13, 13]"
325,14,"[3, 7, 8, 12, 17, 21]",6,0.3116393964737654,0.09199390187859535,1.1177150826357927,"[376544986, 422034686, 27172278, 369991730, 279344354, 279344348, 499148572, 342077845, 295894959, 61039767]","[12, 21, 12, 21, 12, 12, 12, 12, 12, 21]"
326,14,"[14, 16, 19, 24]",4,0.31174285197630525,0.13221250660717487,2.206096947484184,"[163720348, 178744323, 303363349, 540420683, 203465133, 420048160, 598019073, 586327506, 75062176, 201721442]","[14, 14, 14, 14, 14, 14, 24, 14, 14, 14]"
327,14,"[2, 9, 19]",3,0.1516196639277041,0.04180120397359133,1.069465364717568,"[38808316, 391326468, 99375541, 261009372, 324748583, 391785252, 388988728, 582697220, 587229183, 564945539]","[2, 19, 2, 2, 2, 2, 19, 2, 2, 2]"
328,14,"[1, 4, 16, 19]",4,0.40650454070419073,0.0764618031680584,1.752291762153618,"[389698482, 596668526, 278049718, 529137787, 303838005, 506328360, 547669178, 159159732, 210118703, 84501835]","[1, 1, 1, 1, 1, 1, 1, 1, 1, 19]"
329,14,"[1, 8, 11, 14, 17]",5,0.33305404940620065,0.08478558296337724,1.565824599098414,"[561552294, 523052135, 125005289, 272524316, 372093244, 63028551, 168415727, 555325823, 439618392, 570907051]","[8, 8, 8, 8, 8, 14, 8, 8, 8, 8]"
330,14,"[4, 5, 6]",3,0.32986677112057805,0.07666036300361156,2.268349807476625,"[73456656, 340992822, 161731028, 444706990, 30464257, 21010602, 527769665, 34874051, 150252288, 331779429]","[4, 4, 4, 4, 4, 4, 5, 4, 6, 4]"
331,14,"[6, 12, 18, 19, 20]",5,0.2980278809554875,0.07726737391203642,1.324251457164064,"[232624377, 33312517, 472638865, 240079707, 487422558, 84536342, 122995399, 350658106, 140634095, 140634106]","[20, 20, 20, 20, 20, 20, 20, 20, 20, 20]"
332,14,"[0, 3, 6, 11, 12, 13, 24]",7,0.5412791082635522,0.16043115686625242,1.7738802477251738,"[50829515, 548338818, 297373147, 156881617, 583971860, 15786981, 68767785, 598937358, 588877634, 102125686]","[12, 12, 12, 12, 12, 12, 13, 12, 12, 13]"
333,14,"[1, 2, 19, 22]",4,0.21956283738836646,0.0645165666937828,1.1245385002694093,"[21887721, 318607203, 21887722, 90982543, 71946271, 507939321, 547793894, 21963044, 334399215, 564375602]","[1, 1, 22, 1, 1, 22, 22, 22, 1, 1]"
334,14,"[6, 7, 11, 12]",4,0.33669438352808356,0.06448322301730514,1.5682383898529224,"[270925514, 270865632, 242068515, 9440026, 228027150, 298397353, 232203974, 270275797, 144506678, 228212695]","[7, 7, 7, 11, 12, 7, 7, 12, 7, 12]"
335,14,"[8, 12, 15, 17, 21]",5,0.4006768362596631,0.08148108748719096,2.011003773426637,"[411780743, 411780746, 411780744, 411780742, 460545696, 1177445, 411780747, 380934255, 464914490, 269439474]","[8, 8, 21, 8, 8, 21, 8, 8, 8, 21]"
336,14,[2],1,0.05226547410711646,0.015723332297056913,0.8556419890373945,"[37021387, 32247138, 37021385, 230219770, 456505601, 211701126, 299963746, 553699472, 145497854, 538192582]","[2, 2, 2, 2, 2, 2, 2, 2, 2, 2]"
337,14,"[0, 6, 9, 14]",4,0.32083917781710625,0.11150326626375318,1.8005313815083355,"[95368777, 203473006, 564303123, 468460632, 277178435, 529337852, 193696745, 584147459, 277377922, 326328713]","[9, 9, 9, 9, 9, 9, 9, 9, 9, 9]"
338,14,"[6, 8, 11, 12, 14, 17, 19, 21, 23]",9,0.5464000259526074,0.20620204461738467,1.4209337076948334,"[169170096, 409683914, 32223169, 565908774, 159672601, 460517637, 556234577, 537613018, 408124604, 597290452]","[17, 12, 19, 12, 8, 12, 6, 19, 11, 11]"
339,14,"[0, 1, 3, 5, 7, 14, 20, 23]",8,0.4873074535280466,0.12129994900897145,1.13536539542838,"[320861935, 320707800, 490859056, 172479299, 193478910, 538813565, 392701744, 533184112, 598098150, 490153215]","[3, 3, 0, 3, 0, 0, 0, 3, 0, 3]"
340,14,"[1, 4, 11, 13, 15, 16, 17, 18, 21, 22]",10,0.8667716216295958,0.2593669453635812,2.0007203469518573,"[110245053, 205334999, 96153935, 580511173, 407849165, 6262602, 122695563, 118493766, 110051409, 122795808]","[13, 11, 18, 13, 18, 15, 15, 21, 18, 15]"
341,14,[14],1,0.0773650067858398,0.01800295803695917,1.9687569465022534,"[154769397, 14327567, 505277148, 597756374, 362975021, 333711429, 73146961, 155733062, 201779799, 272740960]","[14, 14, 14, 14, 14, 14, 14, 14, 14, 14]"
342,14,[21],1,0.042809497099369764,0.013003895990550518,1.0232629689853638,"[544529226, 178126547, 434004728, 364333490, 124219897, 295274232, 546813437, 137599263, 487292630, 80328316]","[21, 21, 21, 21, 21, 21, 21, 21, 21, 21]"
343,14,"[6, 7, 8, 11, 12, 17, 19, 21]",8,0.526819686871022,0.1411466896533966,1.378004214988323,"[436797442, 276814764, 55574759, 97774481, 403917104, 74599469, 184576798, 395513711, 121073826, 359410541]","[7, 7, 7, 7, 11, 21, 7, 7, 17, 7]"
344,14,"[2, 8, 17, 21]",4,0.20994724286720157,0.0573645057156682,1.1805140305077657,"[324570433, 429380287, 499501922, 232114775, 322419595, 14509374, 159206067, 243527012, 323327970, 371093505]","[2, 8, 2, 8, 2, 2, 2, 17, 21, 21]"
345,14,"[8, 11, 14, 15, 19, 21]",6,0.5979433543980122,0.10765476897358894,2.165509209696514,"[247018026, 411741082, 225625059, 401105112, 502463944, 268623661, 264515711, 86262583, 96923747, 38214044]","[8, 8, 14, 8, 14, 8, 14, 14, 8, 19]"
346,14,"[1, 11, 22]",3,0.21432844875380397,0.06423186091706157,1.6209323155538489,"[469885381, 322296349, 345771787, 528473605, 270259749, 242203901, 528328358, 202729390, 528553760, 321245463]","[1, 1, 1, 1, 1, 1, 1, 1, 1, 1]"
347,14,"[8, 14, 19]",3,0.25608213245868683,0.04875771515071392,1.567135909339413,"[150965396, 408040541, 105712961, 443720079, 144030917, 317439346, 31356448, 219300585, 11823159, 318156817]","[19, 19, 19, 19, 19, 19, 19, 19, 19, 19]"
348,14,"[2, 8, 14, 19]",4,0.24332066625356674,0.06266212603077292,1.3892624292639084,"[480510619, 424876607, 264874268, 313713527, 593463706, 334800092, 449428822, 369690790, 551281035, 360667303]","[8, 8, 8, 8, 8, 8, 8, 8, 8, 2]"
349,14,"[0, 7]",2,0.11400065338239074,0.03299703961238265,1.1104811223922297,"[205075779, 518082191, 303948200, 515410196, 535525097, 3473498, 505982366, 163597338, 94140642, 50411599]","[7, 7, 7, 0, 7, 7, 7, 7, 7, 7]"
350,14,"[1, 6, 11, 19, 20, 21]",6,0.36127461725845933,0.1576607138849795,1.3176422206064065,"[552557021, 434403656, 212967491, 206104064, 57354181, 506655783, 394576362, 446723605, 496925341, 70085812]","[21, 21, 21, 21, 21, 21, 21, 21, 21, 21]"
351,14,"[2, 11, 14, 16, 17, 24]",6,0.4872881891205907,0.10897157527506351,1.9825801872648299,"[314469731, 316518887, 231750567, 158881460, 214212717, 312859666, 293676101, 396387350, 56423796, 553650189]","[2, 2, 2, 2, 2, 2, 2, 2, 2, 2]"
352,14,"[6, 19, 21, 23, 24]",5,0.300111539196223,0.07363897422328591,1.6666175811551511,"[159288444, 417466966, 56516313, 180175964, 104653458, 156838138, 42263526, 357557057, 387408181, 466434926]","[21, 21, 21, 21, 21, 21, 21, 21, 21, 21]"
353,14,"[4, 5, 6, 23]",4,0.3534913850016892,0.11885549128055573,1.8499796819523908,"[25674236, 326988573, 330083391, 372292721, 25134399, 493906171, 576733558, 384103588, 64349747, 591849587]","[6, 6, 5, 5, 5, 6, 6, 4, 6, 4]"
354,14,"[1, 9, 15, 16, 22]",5,0.473935395013541,0.09730589156970382,2.3747235465794803,"[42421737, 233253797, 474393003, 231312021, 233623476, 372044653, 433467104, 565645539, 30060169, 22594512]","[16, 16, 9, 9, 9, 9, 16, 16, 9, 9]"
355,14,[7],1,0.03166096890345216,0.07980248983949423,0.7992566025350243,"[87021594, 396054179, 274901251, 256915759, 20412227, 20412225, 402913985, 323296596, 261382052, 211761613]","[7, 7, 7, 7, 7, 7, 7, 7, 7, 7]"
356,14,"[8, 9, 16, 17, 19]",5,0.32007898669689894,0.08103356556966901,1.5360310681629925,"[170590119, 566590608, 535465729, 585089075, 500772338, 2475738, 220715901, 552465458, 181258307, 505272518]","[8, 8, 8, 8, 8, 8, 8, 8, 8, 8]"
357,14,"[4, 6, 9, 11, 13, 14, 15, 16, 23]",9,0.8602093528024852,0.2407470582984388,2.2083896237891167,"[145303728, 345072956, 152752488, 486964958, 596220805, 450996993, 215582082, 23744700, 226256161, 20289167]","[4, 23, 23, 4, 16, 9, 6, 15, 4, 4]"
358,14,"[2, 3, 6, 9, 12, 17, 20, 22]",8,0.5218168175779283,0.14729570876806974,1.273225967597682,"[115445650, 528307780, 544200146, 272371036, 512415721, 66503026, 587499404, 346765951, 191777500, 368373573]","[12, 9, 9, 17, 9, 12, 9, 9, 9, 17]"
359,14,"[4, 6, 11, 13, 16, 24]",6,0.600239044521004,0.18089770851656795,2.3611789049658305,"[492808589, 150624716, 171116708, 98481624, 254680342, 299057857, 576887731, 188123443, 85572175, 134952102]","[11, 6, 24, 13, 24, 13, 6, 13, 11, 13]"
360,14,"[1, 6, 14, 19, 21]",5,0.35178187442943454,0.12906942330300808,1.4265049451030791,"[83615098, 560097478, 285059303, 82007844, 108729357, 238382316, 130547941, 130547940, 93471630, 523556808]","[14, 14, 14, 14, 14, 14, 14, 14, 14, 14]"
361,14,"[14, 18, 19]",3,0.18959976453334093,0.04753950145095587,1.5280445516885568,"[596391226, 463781484, 515084687, 448391032, 278141538, 539789, 17484659, 285358626, 365412974, 33657821]","[14, 14, 14, 14, 14, 14, 18, 14, 14, 14]"
362,14,[2],1,0.05125539004802704,0.014195836614817381,0.8556419890373945,"[181186798, 260871767, 337262410, 421965958, 485661198, 225971949, 586569143, 366632790, 402789619, 496826717]","[2, 2, 2, 2, 2, 2, 2, 2, 2, 2]"
363,14,"[2, 17, 18, 19]",4,0.22699317429214716,0.05983709078282118,1.116546276898589,"[135637909, 404152756, 492797066, 369378202, 156966002, 392644045, 587248600, 141525826, 394211358, 198456938]","[2, 2, 2, 2, 2, 2, 18, 2, 2, 2]"
364,14,"[4, 12, 14, 16, 19, 21]",6,0.472675739787519,0.10175519296899438,1.685682362721612,"[91045656, 486626085, 204742224, 372753153, 51508468, 385141856, 66350734, 146153024, 522588484, 339210615]","[21, 21, 21, 21, 21, 21, 21, 21, 21, 21]"
365,14,[8],1,0.07707390142604709,0.02207555202767253,1.8479847540147603,"[306207211, 197331121, 203175694, 456267931, 313969716, 316696373, 330572212, 438299625, 10900861, 301709126]","[8, 8, 8, 8, 8, 8, 8, 8, 8, 8]"
366,14,"[8, 14]",2,0.18621056620031595,0.036507229786366224,1.9083708502585068,"[455362795, 547837044, 264135115, 199669026, 149546661, 246851835, 583648455, 123763385, 5952161, 530958717]","[8, 8, 8, 8, 8, 8, 8, 8, 8, 8]"
367,14,"[8, 12, 14, 15, 17, 19, 21]",7,0.5639533847570419,0.12184817576780915,1.8440631201623805,"[592022775, 308670354, 422186634, 323250630, 200648154, 95806496, 172532783, 308295994, 200798961, 323250633]","[14, 14, 14, 14, 14, 14, 14, 14, 14, 14]"
368,14,"[14, 18, 20]",3,0.19395891996100545,0.08359690569341183,1.4455340700224042,"[489056790, 395322761, 121118877, 179716299, 187531467, 179716297, 189125274, 303104865, 208215792, 395180970]","[14, 14, 14, 14, 14, 14, 14, 14, 14, 14]"
369,14,"[8, 14, 19, 21, 23]",5,0.2605524882674217,0.07027524756267667,1.2639080004766583,"[61703972, 61743325, 456804392, 61752470, 257315654, 61662302, 386172645, 61743324, 147972321, 148089195]","[21, 21, 21, 14, 23, 23, 19, 19, 23, 21]"
370,14,"[6, 7, 14, 20, 23]",5,0.3356812302954495,0.07990789785981178,1.2687184593174607,"[552262509, 531906113, 156798773, 386370629, 546441264, 138894530, 138912973, 222372382, 196731743, 26824776]","[23, 23, 23, 23, 23, 23, 23, 23, 23, 23]"
371,14,"[6, 23]",2,0.12496982049196959,0.0287365079857409,1.469222082523629,"[347438014, 358566633, 153495727, 541941753, 530484371, 33031887, 360459976, 124305236, 588247534, 468824808]","[23, 23, 23, 23, 23, 23, 23, 23, 23, 23]"
372,14,"[16, 19]",2,0.13897269777953625,0.037597537972033024,1.6844580495962873,"[327064447, 176321989, 26724660, 401719682, 576811218, 155680535, 51806742, 462821411, 458637425, 412255781]","[19, 19, 19, 16, 16, 16, 19, 19, 16, 19]"
373,14,"[6, 12, 21]",3,0.2000916190445423,0.04845988843590021,1.4640029879131664,"[66945228, 164493174, 465968946, 300146070, 360026906, 465968945, 229418332, 300321682, 164493173, 444098041]","[12, 6, 12, 21, 12, 12, 12, 6, 12, 12]"
374,14,"[9, 14, 20, 21]",4,0.20839555747807026,0.11488980893045664,1.2743106439011171,"[79589330, 79534942, 27694960, 239266185, 474215774, 79534940, 233569263, 188660258, 558892721, 493650991]","[14, 14, 9, 14, 9, 14, 9, 14, 9, 9]"
375,14,"[2, 14, 21]",3,0.17150023020803928,0.04530317336320877,1.282553968175004,"[134388981, 413546328, 245501608, 545448893, 28665082, 117736302, 341926663, 42653372, 19460929, 161349081]","[14, 21, 2, 21, 21, 21, 14, 21, 14, 21]"
376,14,"[3, 4, 7, 11, 19, 24]",6,0.5359165915288031,0.10231957864016294,1.8365039980271831,"[29860004, 224687115, 355012035, 430108804, 430108805, 430108798, 549658907, 397402306, 44699920, 224687108]","[3, 3, 24, 11, 3, 24, 3, 24, 11, 24]"
377,14,"[7, 12, 20, 21, 23]",5,0.1868160073645413,0.06100247288122773,0.8159389188978821,"[56178028, 83860641, 310057238, 36342745, 505853689, 308122527, 495216563, 212178667, 100307694, 265575123]","[12, 12, 12, 12, 12, 12, 12, 12, 20, 12]"
378,14,"[2, 6, 18, 20, 21, 24]",6,0.40053530130535364,0.16398957278579473,1.6795066375828658,"[300327905, 341826571, 342019526, 543287896, 273445499, 353521206, 294973938, 353521205, 53559895, 269836647]","[2, 6, 2, 21, 2, 21, 21, 2, 6, 6]"
379,14,[7],1,0.031242119148373604,0.011991220060735941,0.7992566025350243,"[12089838, 409308153, 279173090, 200819316, 510955809, 18158405, 409344194, 18099339, 409553179, 205849980]","[7, 7, 7, 7, 7, 7, 7, 7, 7, 7]"
380,14,"[9, 14]",2,0.13886191276833415,0.03258907003328204,1.7184225120581686,"[304497584, 17612596, 40392331, 458293671, 219542869, 489730225, 489018548, 435728385, 583709029, 548044291]","[9, 9, 9, 9, 9, 9, 9, 9, 9, 9]"
381,14,"[4, 6, 8, 19, 24]",5,0.49643251672387123,0.16107612196356058,2.2581854823976757,"[424030314, 227089945, 346197319, 321860061, 474407507, 279535364, 86367605, 285411526, 116966270, 38291544]","[8, 8, 8, 8, 8, 8, 8, 8, 8, 8]"
382,14,"[2, 14, 15, 17, 18, 21, 24]",7,0.6164387310855091,0.1307109985500574,2.1748124769822295,"[237070538, 124012280, 570915567, 417013043, 367520154, 216536288, 105219740, 271777426, 23703523, 27673869]","[15, 24, 15, 17, 15, 17, 17, 15, 17, 17]"
383,14,"[6, 8, 15, 18, 19, 21]",6,0.5288292318582535,0.12031450495123863,2.1656054817140102,"[387448404, 428836726, 443909450, 153251771, 362624711, 479367727, 529137040, 173223910, 446946485, 374561262]","[19, 8, 18, 21, 15, 18, 21, 15, 21, 21]"
384,14,"[3, 18, 20]",3,0.16459863260388374,0.09847325785085559,1.127764629588152,"[329782683, 116156864, 94138854, 144925963, 115939265, 382332341, 586296893, 276716142, 182721476, 439824435]","[3, 3, 3, 3, 3, 3, 3, 3, 3, 3]"
385,14,"[3, 12, 20]",3,0.14411851251497865,0.04057230334728956,0.8925847809296101,"[153416261, 267733351, 182528717, 153235230, 366128040, 469428921, 153255604, 101839990, 201761437, 424861807]","[20, 20, 20, 20, 20, 20, 20, 20, 20, 20]"
386,14,"[0, 7, 13, 16, 19, 23]",6,0.4018216747790575,0.08679621620103717,1.2007239024775724,"[390481342, 143710637, 487570025, 141191209, 101339458, 270904263, 331629482, 258284679, 310509952, 499349427]","[7, 16, 19, 19, 7, 0, 13, 23, 16, 13]"
387,14,"[3, 12]",2,0.11732114758342505,0.03197466628625989,1.0203098801430315,"[518043865, 598859102, 232349010, 365583741, 192108533, 202937140, 155960153, 271493485, 479160814, 576008695]","[3, 3, 3, 12, 3, 3, 3, 3, 3, 3]"
388,14,"[0, 14, 15, 18, 20, 23]",6,0.4698426080867648,0.10198101727291942,1.9194351261248812,"[483114413, 236407296, 195054568, 47736879, 176951052, 300515993, 456942255, 180470618, 443874132, 437918922]","[23, 23, 23, 23, 23, 23, 23, 23, 23, 23]"
389,14,"[16, 19]",2,0.14008179074153304,0.03094083769246936,1.6844580495962873,"[538601779, 496882961, 377914647, 119245446, 538608985, 121767006, 197017447, 538608983, 485954746, 503161128]","[19, 19, 19, 19, 19, 19, 19, 19, 19, 19]"
390,14,"[0, 3, 20, 23]",4,0.1945111770182848,0.052293090615421534,0.917289538832847,"[528194204, 220353823, 589055484, 11924552, 216833046, 7074431, 216763606, 144938751, 11947346, 12059246]","[0, 3, 3, 3, 3, 3, 3, 3, 3, 3]"
391,14,"[3, 11, 14, 19]",4,0.2755653839558363,0.06886999402195215,1.4934556403313763,"[77610982, 91840173, 38397014, 440724473, 116093015, 63403778, 512283178, 440888346, 520578132, 210618059]","[14, 14, 11, 11, 11, 11, 14, 11, 11, 11]"
392,14,"[6, 14, 18, 20, 21]",5,0.31794704077765346,0.11947334976866841,1.5406880077440293,"[63560910, 25678541, 63560911, 523105272, 150585862, 556048684, 227352658, 178226630, 451052427, 24745301]","[14, 20, 21, 14, 14, 21, 14, 14, 21, 21]"
393,14,"[1, 4, 5, 6]",4,0.3893944858573377,0.08014610735699534,1.9293283363222145,"[500189727, 221315009, 161643426, 526113540, 452735068, 199372791, 199372793, 526118203, 500239406, 120105951]","[5, 5, 6, 5, 5, 5, 6, 5, 5, 5]"
394,14,[8],1,0.10655454127117991,0.018637489061802626,1.8479847540147603,"[304811753, 536304997, 85874049, 379475313, 562827166, 91732236, 428733981, 304545226, 553946102, 89899767]","[8, 8, 8, 8, 8, 8, 8, 8, 8, 8]"
395,14,"[0, 14, 16, 19]",4,0.30010513961315155,0.07143083773553371,1.6898446719860658,"[206505535, 408097720, 80318860, 8975195, 184007788, 35645259, 211297727, 183991249, 48136618, 293315390]","[0, 0, 0, 0, 0, 0, 0, 0, 0, 0]"
396,14,"[12, 19, 21]",3,0.14361501997336745,0.039974219631403685,0.9777000438577185,"[307202530, 5099013, 589343868, 268487956, 182880755, 181432055, 330674736, 579415807, 118772998, 192972135]","[12, 12, 12, 12, 12, 12, 21, 21, 19, 21]"
397,14,"[0, 7, 16, 20]",4,0.30741454660892487,0.06120378524065018,1.335586724744644,"[145714234, 55169815, 539503050, 94145145, 59835821, 85170985, 297268490, 438584464, 571193531, 562647759]","[0, 0, 0, 0, 0, 0, 0, 0, 0, 0]"
398,14,[2],1,0.05176396807655692,0.013257209677249193,0.8556419890373945,"[178701094, 312892472, 169241695, 203131002, 411693942, 144741612, 119479044, 131983821, 355084342, 527800121]","[2, 2, 2, 2, 2, 2, 2, 2, 2, 2]"
399,14,"[8, 14]",2,0.15367800882086158,0.03849286958575249,1.9083708502585068,"[569775401, 251771382, 121998018, 272889916, 40897021, 422282892, 280740270, 451592938, 281123654, 273884177]","[8, 8, 8, 8, 8, 8, 8, 8, 8, 8]"
400,14,"[14, 19]",2,0.1274311440065503,0.033761458937078714,1.4267114870017394,"[472712101, 256119635, 131074138, 310805445, 243220401, 436231812, 527967879, 229663079, 205923408, 374119799]","[14, 14, 14, 14, 14, 14, 14, 14, 14, 14]"
401,14,"[1, 4, 5, 20]",4,0.3123869840055704,0.07640583626925945,1.502718267031014,"[295204706, 124536510, 571863056, 571814085, 246314100, 415120729, 159442566, 412501211, 281126567, 191635082]","[5, 5, 5, 5, 5, 5, 5, 5, 5, 5]"
402,14,"[11, 14, 19]",3,0.2038934282027185,0.052340577356517315,1.6527913120420028,"[298908210, 298794916, 416738091, 597064447, 544244507, 298912298, 298976203, 298794913, 298815754, 508976102]","[14, 14, 14, 14, 14, 14, 14, 14, 14, 14]"
403,14,"[14, 21]",2,0.13061474170535803,0.034527190029621124,1.4960099577438086,"[318808977, 214501488, 174888889, 4778370, 521408726, 98350042, 152732378, 490329523, 214501499, 551582161]","[21, 14, 14, 14, 14, 14, 14, 21, 21, 14]"
404,14,"[9, 16, 19]",3,0.202138667460531,0.07026686426252127,1.6123347256022196,"[97886077, 583801759, 473294217, 379341816, 454048482, 454060526, 351094633, 177085785, 563371271, 246830600]","[9, 9, 9, 9, 9, 9, 9, 9, 9, 9]"
405,14,"[0, 7, 11, 14, 20, 22, 23]",7,0.4192937184125185,0.11446583829820156,1.3388937289959617,"[405627185, 122718284, 484727722, 57846362, 413149586, 218422746, 517036859, 552689637, 19245188, 419462750]","[11, 0, 14, 14, 14, 11, 14, 0, 14, 11]"
406,14,"[14, 16, 19]",3,0.2260252656415105,0.054194731172174215,1.7792243485649426,"[150222919, 371593979, 150222911, 351926731, 190314871, 158620640, 484440631, 150222912, 287430052, 312999148]","[14, 14, 14, 14, 14, 14, 14, 14, 14, 14]"
407,14,"[8, 18, 19, 20, 21]",5,0.2565332385711372,0.07241580216214061,1.2247518028132618,"[108058360, 103119539, 344481742, 17603410, 5090347, 153235153, 126781683, 535239572, 18353541, 469461102]","[19, 21, 21, 19, 19, 19, 8, 21, 21, 19]"
408,14,"[4, 5, 14, 15, 18, 20, 22, 23]",8,0.6871352321468294,0.20699407812207937,2.050245217367774,"[585436888, 449966013, 543246526, 169884658, 521940133, 470827337, 533729561, 263923818, 77200660, 69224251]","[5, 5, 22, 4, 15, 5, 15, 23, 20, 15]"
409,14,"[14, 16, 17, 19, 21, 22, 23]",7,0.45990503346547484,0.10504893586039543,1.3995076845333512,"[414719453, 295325048, 192003580, 96343823, 450529364, 168660390, 311792907, 190577166, 423782118, 445649374]","[22, 19, 14, 22, 19, 19, 23, 19, 14, 22]"
410,14,"[4, 6, 7, 13]",4,0.3439512816257775,0.07379555096849799,1.7226035635685548,"[517576628, 64814605, 517576629, 517524722, 41558682, 337244320, 193872855, 517576630, 201440502, 100747624]","[4, 4, 4, 4, 4, 4, 4, 4, 4, 4]"
411,14,"[2, 4, 6, 14, 18, 21, 24]",7,0.5957102309912443,0.12993182614445686,2.0195213165799424,"[136027868, 413098940, 297057802, 184076518, 91218339, 228128023, 15027899, 10410030, 578682394, 250298433]","[4, 4, 24, 4, 4, 4, 21, 6, 6, 6]"
412,14,"[1, 6, 8, 11, 18, 19, 20]",7,0.456637816503644,0.16409530024975538,1.494469398532861,"[122123242, 56124422, 557347182, 583483191, 584562653, 154005246, 32377145, 1077062, 542098962, 17342547]","[20, 20, 20, 20, 20, 20, 20, 20, 20, 20]"
413,14,"[1, 4, 8, 14, 15, 16, 17]",7,0.7503443048335612,0.14614437660202384,2.299977532953822,"[357060457, 322710339, 322710338, 322710337, 205162234, 322710341, 224374198, 364486474, 90927391, 394886739]","[8, 1, 1, 14, 1, 1, 1, 14, 1, 8]"
414,14,"[16, 19]",2,0.17503611790016294,0.03339723264798522,1.6844580495962873,"[373735043, 373577252, 373735037, 373735032, 373577246, 161564275, 373577251, 373577253, 271058268, 395935600]","[19, 19, 19, 19, 19, 19, 16, 19, 16, 19]"
415,14,"[8, 14, 15, 20, 22, 23]",6,0.47002571588382125,0.10416659526526928,2.009626874855409,"[222743300, 526875218, 26571077, 51606008, 256299, 229908291, 573959948, 187279006, 29950755, 388904014]","[8, 8, 8, 8, 8, 8, 8, 8, 8, 8]"
416,14,"[6, 7, 18, 19, 20, 21, 23]",7,0.36985792266204953,0.09417394455522299,1.144782146804833,"[470108319, 187476453, 184621484, 551649071, 352144327, 410316380, 471364122, 420011298, 274522518, 590226482]","[18, 18, 18, 21, 18, 18, 18, 18, 21, 18]"
417,14,"[4, 5, 6, 23]",4,0.4063983359374106,0.06521666748449206,1.8499796819523908,"[91742405, 372893354, 141160630, 527014441, 335349252, 184214797, 372715502, 372910013, 571732185, 422614519]","[6, 5, 6, 6, 6, 5, 6, 6, 6, 6]"
418,14,"[1, 6, 16, 20, 23]",5,0.3858423442579806,0.08086179010570049,1.3944185484200715,"[290312855, 116276053, 235542195, 470314327, 589267683, 564320836, 335205476, 544729345, 29510027, 5637958]","[20, 20, 20, 20, 20, 20, 20, 20, 20, 20]"
419,14,"[4, 6, 11, 14]",4,0.43420943059027195,0.08675787970423698,2.2863174487138167,"[441789470, 293909992, 23954440, 77828849, 251174153, 257403790, 308309764, 253484640, 523674958, 477261204]","[14, 11, 11, 11, 11, 11, 11, 11, 11, 11]"
420,14,"[9, 14, 15, 16, 17]",5,0.46092145377770066,0.09255595225840807,2.4159390209708365,"[355486941, 318333310, 398291135, 285141226, 344404566, 355486940, 444205536, 285141225, 100064731, 134128179]","[14, 17, 9, 14, 14, 14, 14, 14, 14, 14]"
421,14,"[6, 8, 15, 17, 19, 21]",6,0.4880308173596859,0.15653901547193527,2.043014769869236,"[272994238, 465793811, 346140721, 557086401, 53513120, 248624134, 217202170, 51922869, 290663967, 507281989]","[8, 21, 21, 15, 8, 21, 8, 21, 8, 21]"
422,14,"[3, 6, 8, 15, 20, 21]",6,0.48795846477150917,0.11348378704860806,2.0051398982371516,"[495291582, 221771305, 227396417, 78170859, 227396424, 449199702, 590450624, 332673539, 316499514, 398689986]","[21, 3, 3, 8, 3, 3, 3, 8, 21, 3]"
423,14,"[6, 8, 15, 19, 22]",5,0.4724661442451179,0.14293492259457707,2.417048260383308,"[311977664, 41331909, 142599350, 177114757, 425800220, 166255424, 102007025, 316537661, 539793931, 247373154]","[8, 19, 22, 22, 19, 8, 22, 22, 8, 22]"
424,14,"[8, 17]",2,0.11752588581293821,0.03157402481883764,1.4215755820041522,"[557878433, 210879324, 51417397, 113899481, 218572965, 220056791, 454824459, 162655892, 278728764, 49677047]","[8, 8, 8, 8, 8, 8, 17, 8, 8, 8]"
425,14,"[0, 1, 4, 5, 6, 14, 15, 18, 21, 23]",10,0.9025555560365319,0.18734225165098906,1.962005248852074,"[69022335, 199616068, 386838195, 446884236, 251105507, 142075410, 373960657, 523457820, 485585693, 392358263]","[5, 5, 5, 5, 14, 5, 23, 5, 21, 18]"
426,14,"[18, 20, 21]",3,0.21620759228244424,0.04162030713632703,1.1303694108501077,"[185679644, 258644311, 369713830, 202801575, 361339920, 236429858, 256300972, 461860680, 280506815, 580867730]","[18, 18, 18, 18, 18, 18, 18, 18, 18, 18]"
427,14,[0],1,0.08271984616294503,0.016891817096620798,1.4217056422494352,"[37526005, 588402422, 418645657, 393734360, 33417771, 567324398, 387987088, 574932039, 470383145, 393804412]","[0, 0, 0, 0, 0, 0, 0, 0, 0, 0]"
428,14,"[7, 8, 15, 23]",4,0.3374891746789217,0.06429522205144167,2.101386065245606,"[315588710, 81327474, 106352467, 106352466, 233810974, 233948599, 233799325, 328979558, 534422112, 534428790]","[8, 8, 8, 8, 23, 8, 23, 8, 8, 8]"
429,14,"[3, 12, 20]",3,0.14573058253154159,0.08144467324018478,0.8925847809296101,"[418468133, 431002794, 288071214, 228977595, 266964121, 227073636, 348273107, 170991222, 202365462, 456972715]","[20, 20, 20, 20, 12, 20, 12, 12, 12, 20]"
430,14,"[1, 4, 6, 9, 14, 16, 22]",7,0.6527793412096798,0.1607941691763699,1.964357566653884,"[314175095, 222956702, 212190984, 203025699, 4437641, 370061134, 202286739, 140838976, 540336597, 581560069]","[22, 22, 16, 22, 16, 4, 16, 22, 6, 22]"
431,14,"[12, 21]",2,0.10094616608694196,0.029926976654678583,1.024217052035965,"[118055614, 385448499, 367743840, 163478788, 353868886, 519080082, 552004808, 27643132, 54062828, 470920514]","[12, 12, 21, 21, 21, 21, 12, 12, 12, 12]"
432,14,"[5, 6, 23]",3,0.19817426661029458,0.05139375850558281,1.5573105670822163,"[206788263, 113432794, 113395491, 51649213, 106911166, 374727675, 207011379, 210367924, 191995177, 479658484]","[23, 23, 23, 23, 23, 23, 23, 23, 23, 23]"
433,14,"[1, 4, 8, 9, 15, 19]",6,0.5679466212168336,0.15101316757500172,2.167403901267486,"[183387762, 520752570, 434999243, 213902884, 516760816, 520754677, 573990019, 179571608, 154979126, 172236172]","[1, 19, 9, 19, 19, 19, 1, 9, 1, 9]"
434,14,"[1, 5, 12, 14, 15, 16, 21]",7,0.5938746710307896,0.1699447687715292,2.0443751686252654,"[225652102, 458691173, 565971705, 490241250, 312158489, 5649969, 5649968, 429115328, 359674580, 165335047]","[5, 5, 5, 5, 5, 5, 5, 5, 5, 5]"
435,14,"[2, 3, 14, 17]",4,0.2570801852270961,0.05911155231297016,1.2087534926831722,"[255794082, 506850432, 302766216, 181557532, 159361284, 381165460, 211598789, 94748954, 351850430, 580150348]","[17, 2, 2, 2, 2, 2, 2, 2, 2, 2]"
436,14,"[5, 7, 14, 16, 21, 23]",6,0.3893349361605942,0.08919139299541712,1.4339805718821783,"[541106747, 20069172, 78858363, 12691829, 548304356, 140863450, 437127887, 508225490, 25388469, 33532261]","[7, 23, 23, 5, 21, 23, 21, 5, 23, 5]"
437,14,"[8, 14, 16, 17, 19, 24]",6,0.4258789666928351,0.10796763701364398,1.9445898256575067,"[433340456, 57161118, 319813207, 574643368, 26448373, 80740447, 122987405, 124949268, 28063477, 214820705]","[8, 8, 16, 16, 8, 16, 16, 17, 16, 17]"
438,14,"[2, 21]",2,0.09446079330518842,0.08145580813288689,0.9394524790113792,"[497945962, 49283079, 35898600, 456559930, 314820472, 78071073, 301223922, 297436434, 536520740, 161050588]","[2, 21, 21, 21, 21, 21, 21, 21, 21, 21]"
439,14,"[18, 20]",2,0.10011048149317503,0.027489815838634968,1.1839226317824796,"[470639103, 360036417, 518436832, 542847765, 87730836, 116076904, 188731557, 591238378, 310170954, 100259567]","[18, 18, 18, 18, 18, 18, 18, 18, 18, 18]"
440,14,"[9, 17]",2,0.1151828677393496,0.027018229011446238,1.231627243803814,"[446034911, 326555173, 58263293, 559349650, 257020445, 494942197, 202266373, 436795706, 473763689, 520067260]","[9, 9, 9, 9, 9, 9, 9, 9, 9, 9]"
441,14,"[1, 8, 14, 15, 16, 17, 19]",7,0.6048847665078938,0.18839585687965155,2.0366459616592953,"[448390222, 448315383, 589061515, 448484914, 302650847, 1158459, 448347093, 239291786, 391563024, 29300182]","[14, 14, 15, 14, 14, 15, 14, 17, 8, 19]"
442,14,"[14, 16]",2,0.17920247232541442,0.041513459756970406,2.2265035090968013,"[283126902, 344263312, 27277348, 507585010, 483500865, 557093516, 125839494, 63723385, 364272230, 595441698]","[14, 14, 14, 14, 14, 14, 14, 14, 14, 14]"
443,14,"[6, 8, 21]",3,0.21889387676492333,0.11643599299713969,1.7382741942225646,"[524305985, 101644950, 596402741, 422416103, 241747163, 191945931, 519701173, 451574719, 447356604, 327049016]","[21, 21, 8, 21, 21, 6, 8, 8, 8, 8]"
444,14,"[0, 14, 19, 23]",4,0.2541191498748958,0.06038355873897672,1.2174994804081507,"[365229672, 376707067, 442989486, 303162944, 582960674, 478767602, 471213855, 591578456, 161391509, 94588812]","[0, 0, 23, 0, 0, 23, 23, 23, 23, 23]"
445,14,"[1, 12, 19, 21]",4,0.19292777916416526,0.0561989014968276,0.9613410136080347,"[495196780, 436086138, 469014680, 330128090, 162270075, 442489669, 526780422, 446278031, 524971307, 381469699]","[12, 12, 21, 12, 12, 12, 12, 12, 12, 12]"
446,14,"[5, 6, 16, 23]",4,0.30113800801336765,0.10433526756241918,1.7890454432344995,"[325408754, 385243883, 26490240, 419719519, 583416468, 325457744, 399794579, 22249358, 583342522, 535952032]","[23, 23, 23, 5, 23, 23, 23, 23, 23, 23]"
447,14,"[0, 3, 4, 11, 12, 14]",6,0.5296265198849142,0.1635544365271926,1.7106700562871993,"[569037009, 99287103, 204457733, 157220282, 252822624, 147501338, 81855859, 99356624, 568486625, 554775932]","[14, 14, 14, 14, 11, 11, 14, 0, 14, 14]"
448,14,"[9, 14, 15, 16, 21]",5,0.4633492077700794,0.09343333262950182,2.4215583327692003,"[318536243, 97030774, 461803644, 461433073, 318515758, 461433074, 496460057, 531572768, 38906152, 245436059]","[16, 16, 14, 14, 14, 14, 14, 14, 14, 14]"
449,14,"[0, 3, 4, 6, 14, 18, 20]",7,0.6450663483701646,0.1286567822098732,1.6921883376780897,"[447054911, 352040292, 393972249, 267990263, 351268747, 351982259, 51834142, 306591891, 358497620, 529936702]","[14, 14, 14, 14, 0, 14, 14, 14, 14, 14]"
450,14,"[6, 8, 12, 19, 20, 21]",6,0.3510119221173227,0.1325521902181208,1.2936323879597087,"[408884211, 207355559, 25671216, 31277728, 113060893, 207533350, 342216973, 475883545, 142941963, 358846103]","[19, 19, 19, 19, 19, 19, 19, 19, 19, 19]"
451,14,"[7, 9]",2,0.12838781950995326,0.025558607187122107,1.133672340074554,"[255457970, 11907548, 207976466, 392511486, 12021424, 339898836, 91781316, 103231276, 241396449, 312109283]","[9, 7, 7, 7, 7, 7, 7, 7, 7, 7]"
452,14,"[16, 19, 24]",3,0.2330639553256333,0.05192812904715538,2.2852102811448276,"[275408587, 118267505, 532988921, 193079880, 337381772, 299364175, 155594246, 124097705, 334004200, 536291201]","[16, 16, 16, 16, 16, 16, 16, 16, 19, 16]"
453,14,"[7, 15]",2,0.21280393097549677,0.09702899679541588,2.9813451007939875,"[107429106, 589287313, 578940299, 578940300, 579236846, 121087198, 269655772, 185142961, 246867785, 33216306]","[7, 7, 7, 7, 7, 7, 7, 7, 7, 7]"
454,14,"[5, 6, 23]",3,0.20140941673889756,0.04402675153687596,1.5573105670822163,"[394840734, 204763087, 349953936, 15101628, 84707877, 418617952, 213628432, 27236663, 346566205, 154405305]","[5, 5, 5, 5, 5, 5, 5, 5, 5, 5]"
455,14,"[4, 11, 17, 24]",4,0.37619177624583244,0.07863662950694561,2.328704785730224,"[272170118, 13789353, 120696219, 43600393, 549335784, 530838100, 419299178, 534085640, 39847515, 323486380]","[11, 24, 24, 24, 24, 11, 11, 24, 24, 11]"
456,14,"[6, 11, 19, 24]",4,0.31817613169550896,0.09826432866975665,2.204976648383308,"[365601969, 457555715, 320656730, 139721258, 577637429, 74228742, 334013790, 457916124, 168133418, 240197556]","[19, 11, 11, 11, 11, 11, 11, 11, 11, 6]"
457,14,"[6, 23]",2,0.12392165837809443,0.03239658894017339,1.469222082523629,"[162471685, 136874010, 231705738, 524464579, 113888790, 571179873, 119861582, 186491860, 106311894, 463699260]","[23, 23, 23, 23, 23, 23, 23, 23, 23, 23]"
458,14,"[4, 5, 6, 16, 24]",5,0.5222044391557574,0.12953233672305942,2.5552028476726263,"[187787262, 166420139, 212547914, 191295996, 115563401, 274449131, 231986448, 420588990, 354753072, 119587248]","[5, 5, 5, 5, 5, 5, 5, 5, 5, 5]"
459,14,"[0, 2, 3, 15, 17, 18, 19, 20, 21, 22, 23]",11,0.695866409689188,0.2016022177413106,1.4697838084221901,"[483178869, 88258506, 315889861, 174098819, 315914143, 489818873, 272080642, 151472558, 226086068, 35411718]","[17, 20, 21, 2, 21, 15, 21, 17, 15, 15]"
460,14,"[8, 19, 24]",3,0.20822083903476596,0.05555908940732479,2.073121841919298,"[479292604, 301933640, 535548284, 301902290, 318613265, 175490625, 161639518, 466535407, 482889741, 155220281]","[8, 8, 8, 8, 8, 8, 8, 8, 8, 8]"
461,14,"[1, 14, 19]",3,0.22619813168421388,0.04520499659702182,1.2552289656208206,"[400235162, 332873320, 129177492, 270544705, 594292472, 234273248, 317781559, 41028519, 594326342, 178658508]","[19, 1, 1, 19, 19, 19, 14, 14, 1, 14]"
462,14,"[1, 4, 6, 12, 13, 14]",6,0.49881646735593677,0.11140761896967888,1.666224942697833,"[383637803, 231054295, 144569808, 202755365, 53678820, 232274035, 198954823, 185811491, 220204330, 342210829]","[1, 1, 13, 1, 13, 14, 4, 4, 14, 4]"
463,14,"[6, 8, 20]",3,0.20478908065706491,0.06289790337905288,1.609564732061699,"[40280342, 81705327, 363770131, 484265681, 434870727, 14113010, 541770102, 260127737, 432930589, 592003099]","[8, 8, 8, 8, 8, 8, 8, 8, 8, 8]"
464,14,"[7, 13, 16, 19, 23, 24]",6,0.3694089278578758,0.08931875554844737,1.5448920861429845,"[302910979, 292312148, 435412727, 81024549, 507575881, 285616290, 285794450, 501834736, 507678586, 285539307]","[16, 16, 16, 19, 16, 16, 19, 19, 19, 16]"
465,14,"[5, 12, 14]",3,0.20911133801564574,0.1102767982520163,1.5758052059294034,"[176468700, 213315000, 346243434, 235771350, 148498246, 41816450, 66036315, 93467718, 360689364, 492897766]","[5, 5, 5, 5, 5, 5, 5, 12, 5, 5]"
466,14,"[6, 8, 14, 21, 22, 23]",6,0.39711801102384925,0.09878618782386184,1.6040051493716116,"[509991482, 277854528, 245809491, 177227322, 63252988, 25007565, 374165375, 213506514, 498112273, 320267901]","[21, 8, 8, 22, 22, 22, 6, 8, 23, 23]"
467,14,"[8, 14, 20]",3,0.18121332861483097,0.1081509324721992,1.4846254276732604,"[323627120, 18091477, 341299244, 306436514, 54728018, 18084019, 204994945, 474432847, 365102335, 512896117]","[14, 14, 14, 14, 14, 14, 14, 14, 14, 14]"
468,14,"[6, 12, 14, 16, 21]",5,0.38091054605320096,0.08871817821636796,1.7690031963866204,"[118178412, 165347730, 378131796, 298492231, 365150051, 10608035, 560058169, 204702968, 218852589, 336371913]","[12, 12, 12, 14, 12, 12, 12, 12, 12, 12]"
469,14,"[1, 4, 15, 16, 19, 20, 23]",7,0.5837233965285122,0.12312383065000176,1.9149435050785542,"[355252855, 417990004, 395200188, 443649785, 455541052, 469937462, 62527222, 450324266, 556508986, 443485022]","[1, 23, 19, 4, 16, 19, 4, 4, 16, 4]"
470,14,"[6, 12, 19, 21, 23]",5,0.2655689283274114,0.07042289851233363,1.1743088593240827,"[532997059, 176000049, 416502861, 417180042, 81115506, 178865239, 434798733, 273980664, 572770910, 18778545]","[6, 21, 12, 21, 21, 21, 19, 21, 21, 21]"
471,14,"[2, 8, 17]",3,0.17055833991616964,0.1005733641795814,1.232931051015233,"[139111471, 306886796, 229777518, 357272187, 251805477, 63994882, 220252179, 138900231, 283872124, 455625206]","[2, 8, 8, 8, 2, 8, 8, 2, 2, 8]"
472,14,"[7, 21]",2,0.07461792323738337,0.02307817991822958,0.9112597857601941,"[464201156, 493687953, 99275646, 223346411, 250763915, 357588963, 297833110, 233508947, 591774573, 56675729]","[21, 21, 21, 21, 21, 21, 21, 21, 21, 21]"
473,14,"[0, 3, 7, 12, 20, 23]",6,0.2861455297097564,0.08368237875401974,0.9155976488254964,"[112947996, 246119311, 408864800, 99877266, 365812706, 332730644, 104530316, 347892926, 276497222, 291831028]","[0, 0, 3, 0, 0, 0, 0, 0, 0, 20]"
474,14,"[3, 12]",2,0.11780572775751352,0.09823444252833724,1.0203098801430315,"[419399602, 419549737, 419425382, 357702048, 111279463, 267500020, 305610631, 331809858, 531818045, 351804448]","[3, 3, 3, 3, 3, 3, 3, 3, 3, 3]"
475,14,"[4, 14, 15, 16, 17, 22]",6,0.6387187051586807,0.1840494368225336,2.530862685913841,"[562404345, 142216812, 435554156, 55793947, 143640933, 367683341, 480679693, 381488091, 484010576, 142078996]","[22, 22, 22, 22, 22, 22, 22, 22, 22, 17]"
476,14,"[1, 4, 16, 19]",4,0.35056699300184846,0.08327546529471874,1.752291762153618,"[295878466, 101179090, 101303614, 593885909, 101275642, 101355320, 219048394, 52588656, 165364401, 58450946]","[4, 1, 1, 19, 4, 1, 1, 1, 4, 1]"
477,14,"[1, 4, 6, 11, 14]",5,0.4917639889754355,0.14743116730824113,2.01150674354285,"[515987773, 134023122, 134045765, 402584518, 362021062, 310819846, 584712167, 356558411, 333585733, 186013823]","[14, 14, 14, 14, 4, 14, 11, 4, 14, 11]"
478,14,"[11, 12, 14, 20, 21]",5,0.29244530014693737,0.09249915322288871,1.351855319039896,"[278583544, 451645279, 534325825, 186803377, 557099552, 141595512, 475843597, 65943481, 265290220, 326863420]","[11, 12, 12, 12, 12, 12, 12, 21, 14, 12]"
479,14,"[3, 6, 8, 15, 19, 21]",6,0.5006163781508803,0.159558130428195,2.0463951390702277,"[387276139, 206946850, 335107311, 35277925, 271075585, 566150586, 114846788, 298702158, 387292597, 594147739]","[3, 3, 3, 3, 3, 3, 3, 8, 3, 8]"
480,14,"[4, 12, 14, 18, 20]",5,0.4413870363496244,0.08247738238424063,1.6179520743433387,"[164567930, 76437166, 148730856, 289687404, 31389939, 399769744, 54371157, 76421893, 59100085, 583403024]","[4, 14, 20, 20, 20, 20, 20, 20, 20, 20]"
481,14,"[0, 1, 7, 9, 12, 15, 19, 21, 23]",9,0.6701205372810364,0.14146893238648772,1.4769685868070357,"[60269282, 313386754, 341732680, 313233339, 393366560, 134682753, 161482467, 260811580, 311983683, 157043851]","[1, 19, 19, 19, 1, 1, 1, 1, 1, 12]"
482,14,"[0, 1, 4, 12]",4,0.35067160008475184,0.0754179903306067,1.5217819316894747,"[512525686, 185414817, 443749071, 442983950, 144635416, 555867870, 486542584, 412352454, 412533088, 363079829]","[12, 0, 4, 0, 12, 4, 12, 0, 0, 0]"
483,14,"[4, 8, 9, 14, 15, 17]",6,0.5953201511874795,0.11396516673266888,2.3619028022900843,"[489828717, 310848652, 39414752, 489772051, 489812532, 166713165, 489585111, 489812529, 489585110, 489812530]","[9, 15, 9, 9, 15, 9, 9, 15, 9, 9]"
484,14,"[4, 12, 16]",3,0.3141803704202175,0.12488262169063091,2.0791360777802765,"[18606957, 454531142, 297497815, 104332912, 193436670, 86389394, 379833395, 27434076, 189420397, 77895589]","[12, 12, 12, 12, 12, 12, 12, 12, 12, 12]"
485,14,"[1, 2, 17, 18, 19, 21]",6,0.30853445921093225,0.08430622285231948,1.0669519999064505,"[200634062, 202646722, 21333472, 127095969, 338204614, 396463848, 292852348, 47062145, 2360277, 170606102]","[2, 19, 18, 2, 2, 18, 2, 2, 2, 2]"
486,14,"[1, 4, 6, 7, 19, 20, 21]",7,0.47784047247841954,0.10910859983414412,1.3325922843734068,"[56701149, 39076161, 568055858, 263768564, 58447535, 391336856, 417800668, 56763086, 56720614, 171637616]","[1, 6, 20, 1, 19, 20, 20, 20, 6, 6]"
487,14,"[1, 4, 6, 11, 13, 16, 19, 20]",8,0.6555497837252915,0.20877316128462553,1.6393029023020063,"[247713415, 350519092, 542594313, 593849168, 19261898, 537114744, 135846690, 274439126, 593975744, 179829303]","[4, 6, 13, 4, 4, 16, 4, 6, 4, 4]"
488,14,"[5, 6, 20, 22]",4,0.2749014161527157,0.06634774431586266,1.6399447600124404,"[116827493, 78982428, 172957762, 415782323, 194501316, 545725883, 78869526, 560078679, 398896965, 564481597]","[6, 6, 6, 6, 6, 5, 6, 6, 6, 6]"
489,14,"[18, 20]",2,0.09936695778742433,0.029832577798515558,1.1839226317824796,"[244730630, 583962548, 422582951, 591290990, 311550525, 190397391, 205670594, 3671082, 520987336, 395580749]","[18, 18, 18, 18, 18, 18, 18, 18, 18, 18]"
490,14,"[0, 1, 6, 12, 24]",5,0.45431656343862414,0.08661544695496559,1.8378860608208925,"[147860004, 549774917, 279548621, 283966976, 82761773, 253136900, 409233162, 44292805, 484392645, 439160149]","[1, 1, 1, 1, 1, 1, 1, 1, 1, 1]"
491,14,"[8, 14, 19, 21]",4,0.235746749676764,0.06859674584120512,1.4311676742509007,"[268678452, 453487855, 440347452, 403625282, 2456965, 354402042, 81435176, 550281212, 536225976, 490443456]","[21, 21, 21, 21, 21, 21, 21, 21, 21, 21]"
492,14,"[8, 15, 17, 19]",4,0.3368876692838967,0.0936038619838655,2.22281269764062,"[160760036, 174221182, 24335764, 393169956, 28528015, 18314610, 55836635, 345243402, 93996331, 192390787]","[8, 8, 8, 8, 8, 8, 8, 8, 8, 8]"
493,14,"[4, 14, 15, 16, 19]",5,0.6108248899690807,0.10441206954419613,2.6458187342621384,"[52895912, 381794118, 277272628, 420501350, 402856706, 350020328, 79991391, 277766670, 392994826, 151806371]","[4, 15, 16, 16, 16, 16, 16, 15, 14, 16]"
494,14,"[0, 3, 12]",3,0.20052592596039176,0.04867521906271577,1.1541084675118327,"[405705380, 205539569, 233429029, 526541966, 186295331, 186246386, 155115209, 428119303, 382854843, 301760601]","[0, 0, 0, 0, 0, 0, 0, 0, 0, 0]"
495,14,"[5, 7, 21, 23]",4,0.1725741564296186,0.05118553387001157,1.037719103274867,"[25871553, 86639618, 103452026, 9606063, 37237949, 293467789, 196184832, 371519373, 275562567, 103473813]","[23, 23, 23, 23, 23, 23, 23, 23, 23, 5]"
496,14,"[0, 1, 14, 15, 19, 21]",6,0.5383578231558204,0.10869103344157338,1.8956815178583686,"[236259714, 571862111, 34682763, 229252425, 135594955, 446634837, 160567613, 198474818, 294138131, 291748984]","[19, 19, 14, 0, 0, 19, 14, 1, 19, 19]"
497,14,[2],1,0.051814816892147064,0.016043908894062042,0.8556419890373945,"[299386406, 319058044, 494534355, 364834223, 364842068, 437804398, 308900473, 591029583, 50443737, 41614889]","[2, 2, 2, 2, 2, 2, 2, 2, 2, 2]"
498,14,"[0, 14, 19, 20, 21]",5,0.26920724799856544,0.13712098030373454,1.187105233548209,"[276146023, 576706550, 578940775, 311036971, 576706551, 35003847, 18787922, 579237344, 579237342, 314853636]","[14, 14, 14, 14, 14, 14, 14, 14, 14, 14]"
499,14,"[2, 6]",2,0.15071393502876163,0.03749344311654568,1.599608424352482,"[591551392, 131956001, 467193386, 391865967, 123524978, 243392874, 313563880, 266667197, 124019936, 457602712]","[2, 2, 2, 2, 2, 2, 2, 2, 2, 2]"
500,14,"[3, 12, 21]",3,0.16066792886704206,0.04419126221910119,1.0212942430904757,"[540664094, 425777108, 425777109, 236293030, 540664095, 479933293, 549363883, 425745683, 425845956, 217417000]","[12, 12, 12, 12, 12, 12, 12, 12, 12, 12]"
501,14,"[0, 3]",2,0.1439062561839819,0.037561539094895124,1.218577133724466,"[506606551, 29636583, 584524121, 317604999, 22593284, 199862179, 240298873, 62864624, 200570415, 164293397]","[0, 0, 0, 0, 0, 0, 0, 0, 0, 0]"
502,14,"[0, 14, 19, 21, 22, 23]",6,0.3403885164298117,0.12011306453496218,1.2898071587163333,"[249329727, 538523683, 243179825, 343165763, 559537613, 407800112, 375595151, 229394936, 553852001, 238057012]","[23, 23, 0, 23, 14, 0, 23, 23, 19, 23]"
503,14,"[14, 18, 21]",3,0.19236141024157405,0.05440935539081693,1.5742435321832697,"[67675597, 66775892, 145991549, 336506009, 122988501, 277869308, 346161102, 381972781, 307481867, 209401098]","[14, 14, 14, 14, 21, 14, 14, 14, 14, 14]"
504,14,"[8, 14, 15, 19, 24]",5,0.4782924107275903,0.12220619479194283,2.6703112142626195,"[448490378, 409326007, 427359616, 536913401, 549567211, 108048881, 567927322, 405072123, 258388843, 16291276]","[14, 14, 24, 24, 19, 19, 19, 15, 24, 14]"
505,14,"[4, 6, 8, 15, 21]",5,0.6314025176689029,0.10651418939232826,2.621248641656712,"[474871931, 329888215, 221755123, 153410927, 341233569, 251994508, 442082887, 310853951, 215015443, 27685332]","[8, 8, 8, 8, 8, 21, 8, 8, 15, 8]"
506,14,"[8, 14, 17, 19, 22]",5,0.3084026821888983,0.0814758101478219,1.5084312399383635,"[162695942, 95452710, 162731169, 251015534, 38187346, 129216516, 162727504, 570547811, 465117429, 112809579]","[17, 8, 17, 8, 17, 8, 17, 8, 8, 14]"
507,14,"[8, 17]",2,0.1256186249665916,0.09690339723601937,1.4215755820041522,"[426049066, 336438051, 422839851, 102289513, 500345096, 271830533, 422863222, 113902419, 244534552, 405155384]","[8, 8, 8, 8, 8, 8, 8, 8, 8, 8]"
508,14,[21],1,0.04320009192451835,0.012691766954958439,1.0232629689853638,"[88155495, 88155494, 133048366, 203558056, 335600884, 349761725, 529499156, 351513107, 453714421, 159299546]","[21, 21, 21, 21, 21, 21, 21, 21, 21, 21]"
509,14,"[1, 6, 12, 14, 21, 23]",6,0.3558893515728414,0.09560777572914958,1.3113165230800707,"[136975153, 319742880, 422347069, 106336730, 76102061, 541971134, 18384764, 377405330, 447365013, 58791574]","[1, 12, 12, 12, 12, 12, 1, 12, 1, 12]"
510,14,"[1, 4, 5, 6, 23]",5,0.4160972316749394,0.1514752167277038,1.6624365301337094,"[73624450, 75775109, 314113358, 425185866, 469196941, 289864068, 469172981, 469083543, 365057986, 469289361]","[5, 4, 5, 4, 4, 5, 4, 5, 4, 5]"
511,14,"[0, 2, 3]",3,0.19445511605590582,0.048448754008859396,1.097598752162109,"[354342484, 354982027, 539458146, 2893851, 588943316, 265818700, 2701816, 89993059, 401331535, 521253563]","[0, 0, 3, 0, 0, 0, 0, 3, 0, 3]"
512,14,"[1, 4, 17, 22]",4,0.3849851591512561,0.07405321579426527,1.6202498552738689,"[97093587, 382929741, 486066851, 60901442, 462017750, 557338816, 75252116, 253453552, 469164980, 325958056]","[22, 4, 4, 4, 22, 22, 22, 22, 22, 4]"
513,14,"[18, 20]",2,0.10138869704678655,0.02763931918889284,1.1839226317824796,"[9753040, 175920041, 442793169, 210970518, 198030279, 363023100, 161816983, 471476524, 344275419, 97533873]","[20, 18, 18, 18, 18, 20, 18, 20, 18, 18]"
514,14,"[12, 20, 21]",3,0.12870785454288125,0.04369900468736887,0.8951895621915659,"[259638967, 29539058, 226769638, 13234335, 103461123, 212467506, 375167620, 362969013, 77523374, 563910942]","[21, 21, 21, 12, 12, 12, 12, 12, 12, 21]"
515,14,"[4, 12, 16, 23]",4,0.36621560575440526,0.0838553411886096,1.7080693846801296,"[543922079, 354926197, 130933279, 543791991, 594762485, 422086086, 291501341, 104910465, 195792455, 130933280]","[4, 4, 4, 4, 23, 4, 4, 4, 4, 23]"
516,14,"[1, 12, 14, 19]",4,0.2279680618084967,0.056762422900646925,1.197714507987257,"[157350314, 369597083, 211384216, 389271069, 324700103, 25048268, 139187086, 472835488, 365680177, 211384218]","[1, 1, 1, 1, 1, 1, 1, 1, 1, 1]"
517,14,"[11, 14]",2,0.16260637063533068,0.037670754827558994,2.0368539543123916,"[116909789, 213916429, 454389511, 454348595, 180504935, 152709618, 597380804, 375642974, 517449535, 180504938]","[11, 11, 11, 11, 11, 11, 11, 11, 11, 11]"
518,14,"[3, 11, 12, 13]",4,0.31788470782339573,0.06686492869630456,1.291291621979326,"[339741272, 211228225, 208979114, 302190687, 519110891, 211333354, 355393691, 391274177, 102095545, 309679750]","[12, 12, 12, 3, 3, 12, 3, 12, 3, 12]"
519,14,"[2, 8, 14, 17, 19]",5,0.2832139660604298,0.08288544975221157,1.3104432254098355,"[464425538, 411391064, 411391048, 210728434, 411391046, 411391050, 511903954, 435401648, 468105198, 504335856]","[2, 2, 2, 2, 2, 2, 2, 2, 2, 2]"
520,14,"[2, 21, 24]",3,0.18795742373913527,0.048113584984093904,1.7885399007548888,"[25955538, 86731325, 504422431, 137001895, 230400934, 477811446, 10405125, 462531434, 284745640, 482766710]","[2, 2, 2, 2, 2, 2, 2, 2, 2, 2]"
521,14,"[4, 6, 15, 22]",4,0.5545021523721516,0.09693434042856097,3.020144386740867,"[553995910, 554255527, 299210752, 554247320, 299340964, 412723054, 98020671, 46214273, 324998943, 299335078]","[6, 6, 15, 6, 6, 15, 15, 6, 6, 6]"
522,14,"[8, 22]",2,0.1738889142870903,0.04302761098369956,1.846783407847397,"[130317406, 255648442, 432017163, 58185551, 2703194, 563593339, 475160783, 355317670, 8883729, 417584932]","[8, 8, 8, 8, 8, 8, 8, 8, 8, 8]"
523,14,[23],1,0.028363322839140892,0.06426744721829891,0.5948693053796887,"[293660001, 283438059, 226255915, 359159413, 148240321, 283438076, 441716235, 506653755, 410667348, 191406192]","[23, 23, 23, 23, 23, 23, 23, 23, 23, 23]"
524,14,"[1, 9, 12, 14, 19, 21]",6,0.3306124731898308,0.08641167124733329,1.2137015130914126,"[563895318, 570730176, 26854162, 160315320, 275142002, 528973679, 578245079, 526067676, 69172137, 274216131]","[9, 9, 9, 9, 9, 9, 9, 9, 9, 9]"
525,14,"[1, 4, 5, 6, 14, 15, 20, 21]",8,0.7132530165836215,0.19670175155624747,2.063737680291524,"[119671887, 486964607, 477101385, 309440188, 138296968, 491289391, 410780069, 421800907, 26949837, 111073023]","[4, 21, 20, 6, 4, 14, 4, 5, 4, 5]"
526,14,[23],1,0.024468683172017336,0.009608456864953041,0.5948693053796887,"[428022682, 427859512, 428022681, 84491517, 427455796, 553997351, 427960047, 554145425, 309886608, 17613869]","[23, 23, 23, 23, 23, 23, 23, 23, 23, 23]"
527,14,"[11, 13, 15, 16, 17, 19, 24]",7,0.6526347040198743,0.14156666211783886,2.3055396543017457,"[337770232, 117749401, 425475211, 146162777, 89574241, 503296390, 497364828, 298427025, 552111389, 486564024]","[17, 19, 24, 16, 19, 16, 24, 17, 16, 19]"
528,14,"[2, 6, 14, 15, 19, 21, 22, 23]",8,0.6173453996889293,0.1854699905961752,1.83497346972581,"[151560407, 519323868, 155391489, 366439712, 303464546, 491186959, 96285681, 413089858, 59000368, 221150388]","[19, 19, 19, 19, 23, 19, 19, 19, 15, 19]"
529,14,"[0, 3]",2,0.14291677996516228,0.03725932911038399,1.218577133724466,"[205692914, 48824457, 391242099, 109037586, 241830589, 403518541, 558218589, 567412056, 178355751, 141686781]","[0, 0, 0, 0, 0, 0, 0, 0, 0, 0]"
530,14,"[1, 4, 6, 15, 16, 21, 22, 23]",8,0.7760805543512106,0.15648173680528998,2.1369029769848567,"[560135005, 59765703, 320549545, 560173664, 33579243, 309824444, 279859774, 560170215, 201739554, 560196480]","[4, 22, 15, 4, 4, 1, 15, 4, 1, 22]"
531,14,"[1, 8, 11, 15, 19, 22, 23]",7,0.5883470023982227,0.14349438296630979,1.9076786618014532,"[20708183, 354191060, 429534339, 501382547, 401768964, 557908968, 502044240, 573040798, 545226018, 396473004]","[15, 22, 15, 15, 15, 15, 15, 15, 15, 15]"
532,14,"[6, 9, 11, 19, 21, 24]",6,0.47613589093089104,0.09929188480600715,1.88520960668878,"[380620637, 61993233, 277965556, 272578831, 70028885, 447424439, 502085193, 175153975, 487720156, 346248317]","[24, 11, 9, 9, 9, 9, 9, 19, 9, 9]"
533,14,"[1, 9, 22]",3,0.18927061278373003,0.047931280452758074,1.408644687384367,"[590164671, 520149710, 428304541, 552999872, 335233368, 531186748, 227153031, 38374470, 491192269, 550557809]","[9, 1, 9, 9, 1, 1, 9, 9, 1, 9]"
534,14,"[0, 1, 3, 4, 15, 20, 22, 23]",8,0.6769877388142049,0.17981326254084706,1.7898030956857838,"[427009267, 1332463, 330249683, 16387247, 377174133, 322669607, 51954795, 178299808, 405639373, 504781649]","[3, 3, 20, 20, 4, 0, 3, 1, 20, 20]"
535,14,"[1, 13, 14, 16, 17]",5,0.32951672561466694,0.1381410793401301,1.4760066233109683,"[135213883, 296608572, 348594901, 409569125, 58852724, 385436833, 391173564, 537511200, 557872642, 294221006]","[1, 16, 1, 16, 1, 1, 1, 1, 1, 17]"
536,14,"[0, 14]",2,0.1597107737325132,0.03718313667923212,1.6952312943758443,"[402493468, 65971972, 456402608, 131974822, 385738764, 564485727, 230534218, 577566495, 363409200, 553233970]","[0, 0, 0, 0, 0, 0, 0, 0, 0, 0]"
537,14,"[2, 8, 15, 19, 20, 21, 23]",7,0.4431094746105373,0.17357960157096386,1.5724276037820215,"[118696928, 204662725, 369727882, 122549331, 240924035, 239161889, 432255990, 414024632, 146777708, 118696929]","[19, 15, 15, 19, 19, 8, 21, 19, 15, 19]"
538,14,"[8, 15, 17, 19, 23]",5,0.3831629743799567,0.08460039971396327,1.897224019188434,"[165273779, 303820935, 320859813, 502516863, 134482581, 381833804, 534418664, 260695453, 42421416, 174091331]","[8, 8, 8, 8, 8, 8, 19, 8, 8, 8]"
539,14,"[8, 14, 19]",3,0.19224409805610776,0.06399467727169394,1.567135909339413,"[496986301, 123083666, 241713019, 493392983, 474528701, 5354004, 452525700, 31285918, 497005162, 39305778]","[8, 8, 8, 8, 8, 8, 8, 8, 8, 8]"
540,14,"[2, 8, 19]",3,0.16553278220817447,0.05391344986855984,1.1960975901844602,"[137357883, 189654009, 267334804, 63865312, 499928713, 500224551, 539799815, 198256727, 249065589, 300467437]","[8, 8, 8, 8, 19, 8, 8, 8, 8, 8]"
541,14,"[2, 8, 15, 16, 17, 19]",6,0.4941443861462176,0.18328444426879287,2.0385238085485375,"[143974679, 11790623, 368794346, 222598553, 143974680, 569457680, 399281845, 480940046, 162451809, 173538003]","[2, 2, 15, 17, 2, 16, 17, 2, 15, 2]"
542,14,"[5, 7, 12, 21]",4,0.20964078325778246,0.057226423639804125,1.1452945607015863,"[196948683, 384252313, 378222535, 396119654, 197506474, 542486797, 439818553, 542519853, 448408093, 312800860]","[5, 5, 5, 5, 5, 5, 5, 5, 5, 5]"
543,14,"[5, 6]",2,0.17691494477912784,0.03543340042233467,2.03853119793348,"[358210674, 522718490, 416260114, 259058018, 496181573, 160788017, 22039393, 426331662, 133869573, 41400402]","[5, 5, 5, 5, 6, 5, 5, 5, 5, 5]"
544,14,"[0, 11, 12, 14]",4,0.36349325720220804,0.07158539909869432,1.6301461714901961,"[379336593, 379301705, 379312487, 90026781, 379350332, 174112660, 264718859, 596057616, 405490897, 367832380]","[14, 14, 14, 14, 14, 14, 14, 14, 14, 14]"
545,14,"[6, 20, 21]",3,0.16904450859874487,0.044231008272618055,1.3346574703852336,"[145084398, 423763699, 189694457, 555148552, 387580617, 338072917, 344158863, 153822917, 464936886, 212161297]","[21, 6, 21, 6, 20, 6, 20, 20, 6, 21]"
546,14,"[8, 11, 14, 19]",4,0.316566557623446,0.07621873123571277,1.7015896725351922,"[28169039, 28098047, 196600927, 343177902, 35221743, 599884884, 373205941, 525217917, 230805367, 163145883]","[14, 19, 14, 14, 11, 14, 14, 11, 14, 14]"
547,14,"[4, 5]",2,0.22845484828576446,0.039644939824938774,2.2307372813811526,"[592182966, 592273675, 596623360, 240415233, 349892222, 74766187, 390424334, 471609244, 225248797, 106748058]","[5, 5, 5, 5, 5, 5, 5, 5, 4, 5]"
548,14,"[0, 9, 12]",3,0.20166327571496367,0.045856039971113205,1.3049882849833618,"[305235514, 416172459, 311121833, 583816488, 495811083, 496522439, 494016466, 27420085, 356627288, 517287593]","[0, 9, 9, 9, 0, 0, 9, 0, 0, 9]"
549,14,"[8, 17, 19]",3,0.18448080169036984,0.10632225358858705,1.2426057305031766,"[451205571, 97655870, 305268778, 413543884, 305268780, 305256519, 161716231, 50254066, 481020968, 515717579]","[17, 17, 17, 17, 8, 8, 8, 8, 17, 17]"
550,14,"[9, 14]",2,0.1375770135782659,0.03210253966972232,1.7184225120581686,"[110104781, 365956345, 405342348, 379784786, 405220095, 403931308, 405201139, 403972390, 596674800, 257063804]","[9, 9, 9, 9, 9, 9, 9, 9, 9, 9]"
551,14,"[0, 1, 8, 12, 14, 17]",6,0.38785118982195854,0.10039640404284,1.3618414684509237,"[253128968, 550995109, 22696722, 174785719, 408249199, 64346359, 224318947, 272789943, 279323403, 351061405]","[8, 8, 14, 17, 0, 8, 12, 8, 8, 0]"
552,14,"[7, 12, 16, 21]",4,0.23391308076679707,0.10812958888709545,1.3329851945745759,"[387430141, 430416570, 47763948, 199144504, 140760693, 182873893, 532291554, 471434271, 321212558, 505836682]","[12, 12, 12, 12, 12, 12, 12, 12, 12, 12]"
553,14,"[5, 14, 15, 16, 17, 19, 21, 23]",8,0.6484898268245161,0.13805365655571222,1.8559866081632208,"[285159161, 143587804, 461918618, 436301081, 583265869, 314632339, 184182755, 257804328, 15633309, 259075731]","[21, 23, 5, 15, 23, 15, 5, 19, 5, 16]"
554,14,"[14, 18, 20]",3,0.1808299059048295,0.04238962335512042,1.4455340700224042,"[563590081, 547363610, 347670648, 186317781, 441406741, 502768381, 393800161, 547363605, 502786899, 572103903]","[14, 20, 14, 14, 20, 20, 14, 20, 14, 14]"
555,14,"[9, 12, 15, 16, 19, 20, 24]",7,0.562637965194881,0.13925241399556398,2.1642083196701214,"[81834019, 428557457, 316225551, 209274715, 289474694, 340944129, 351984531, 325983672, 183636341, 341782620]","[9, 9, 9, 15, 9, 9, 15, 15, 9, 9]"
556,14,"[0, 7, 16, 23]",4,0.2645996743813157,0.059145794715732336,1.3250204054638743,"[201539799, 278732438, 586027926, 135281203, 239361347, 139451569, 340332462, 405000154, 80171971, 236136050]","[7, 0, 7, 0, 7, 7, 7, 0, 7, 0]"
557,14,"[0, 14, 19]",3,0.24842635868117213,0.04938808595761657,1.4250428720843047,"[302946939, 550848062, 520059973, 14569986, 29259430, 78657985, 145250360, 14581510, 411965760, 380424102]","[0, 14, 19, 14, 14, 0, 19, 14, 14, 14]"
558,14,"[9, 14, 15, 22]",4,0.3980239052325487,0.07891269354149699,2.6114651712123305,"[249431267, 313037491, 77737780, 185218872, 354714703, 359460564, 173027574, 573714606, 520013276, 272478025]","[15, 14, 15, 22, 22, 9, 9, 14, 9, 14]"
559,14,"[9, 17]",2,0.12338523985818028,0.026982036884874105,1.231627243803814,"[149011245, 149011244, 879383, 358962629, 301547627, 180913596, 180913602, 279158838, 244232859, 135997227]","[9, 9, 9, 9, 9, 9, 9, 9, 9, 9]"
560,14,"[4, 8, 14, 15, 16, 17, 19]",7,0.6687761205248535,0.17685033613815904,2.2960349764741426,"[479248961, 227952470, 505840292, 137410740, 493062940, 356735023, 505820636, 142364103, 293612120, 352879255]","[17, 17, 17, 17, 17, 17, 17, 17, 8, 8]"
561,14,"[2, 4, 14, 15, 18, 19, 21, 24]",8,0.729296094737947,0.14032268803566694,2.2301467478682753,"[212133469, 598475734, 473061910, 64232253, 89415714, 266862407, 498783143, 142678476, 436779314, 455644080]","[21, 18, 18, 18, 21, 21, 14, 2, 19, 21]"
562,14,"[0, 11, 13, 16, 23]",5,0.4192373431287706,0.09486953215673566,1.525074349390343,"[534956768, 186870557, 389685536, 97949771, 326059485, 498273563, 393607450, 493450800, 533875352, 132548062]","[16, 0, 0, 16, 0, 0, 11, 0, 0, 16]"
563,14,"[1, 7, 14, 16, 19]",5,0.30345229199156165,0.0756416404619813,1.409838714217767,"[447842928, 230938230, 371597128, 330165389, 571371173, 280007366, 223834768, 216360558, 306869074, 499446516]","[14, 14, 14, 14, 19, 19, 14, 14, 14, 14]"
564,14,"[0, 1, 6, 14, 19, 21, 23]",7,0.4204338267445564,0.14612050401046872,1.3070142390206456,"[266646792, 29194220, 119178726, 260940865, 355649991, 355824508, 446593623, 370419775, 370412560, 260154787]","[21, 21, 21, 21, 6, 21, 0, 21, 0, 21]"
565,14,"[2, 8, 17]",3,0.1828065854497254,0.04763508774340153,1.232931051015233,"[131094810, 351827035, 388422774, 19276295, 146564670, 497049636, 432347069, 451244349, 58388602, 525279319]","[2, 2, 8, 8, 8, 2, 8, 8, 2, 8]"
566,14,"[2, 12, 21]",3,0.15127400122582912,0.0969766448251903,0.9680253643697748,"[272436769, 541364278, 88083414, 336488074, 34475341, 13584524, 275635349, 95977264, 415377701, 151735447]","[21, 21, 21, 21, 21, 21, 21, 12, 12, 21]"
567,14,"[14, 18, 19]",3,0.18723204592242837,0.04792078351601958,1.5280445516885568,"[473929517, 538914775, 538925381, 140009310, 26346305, 286559593, 77980225, 291344535, 302749586, 77916249]","[19, 19, 19, 19, 19, 19, 19, 19, 19, 19]"
568,14,"[18, 20]",2,0.10964677995070815,0.02482855599373579,1.1839226317824796,"[450102184, 38475886, 567314320, 265937628, 38557328, 356000186, 42930795, 43217788, 292029508, 129944906]","[18, 20, 20, 20, 20, 20, 20, 20, 20, 20]"
569,14,"[0, 4, 7, 13, 14, 16, 19, 23]",8,0.5675968965515494,0.17872061673551798,1.4876359234913252,"[496850423, 42399778, 479823429, 384850063, 310092822, 515657031, 284431052, 592818229, 28681453, 219950485]","[0, 0, 7, 7, 16, 7, 0, 0, 7, 19]"
570,14,"[2, 8, 17, 21]",4,0.20927924383431673,0.056894422974437475,1.1805140305077657,"[352159117, 111281527, 513465414, 589469571, 14727417, 136221506, 375467088, 196776433, 222789409, 482118034]","[21, 17, 17, 17, 17, 17, 17, 17, 2, 17]"
571,14,"[4, 5, 7, 20, 21, 23]",6,0.3553026313893497,0.0860293647274375,1.2526663370275248,"[440077489, 364789004, 247218488, 460459013, 322463011, 163450937, 486302639, 315918906, 295748972, 315754944]","[5, 5, 5, 5, 5, 5, 5, 5, 5, 5]"
572,14,"[5, 15, 17, 22, 23]",5,0.40022327611222863,0.15387634793296456,2.0665077824611218,"[370449528, 220490382, 579993383, 569221911, 275145977, 430536765, 39802519, 186160019, 97264044, 241829360]","[15, 15, 15, 15, 5, 5, 15, 5, 15, 15]"
573,14,"[0, 9, 12, 23, 24]",5,0.3452820428647101,0.07720657531172037,1.5993097809143364,"[472042446, 472042443, 275520693, 213767531, 204516723, 202782288, 477485815, 82702990, 485258543, 203558264]","[0, 0, 9, 9, 9, 9, 12, 9, 9, 12]"
574,14,"[14, 16]",2,0.17717091459780931,0.039983564987778664,2.2265035090968013,"[329749426, 23495679, 327771246, 182762665, 197075458, 329780075, 217583994, 529181142, 66200712, 516182272]","[14, 14, 14, 14, 14, 14, 14, 14, 14, 14]"
575,14,"[4, 5, 6, 18, 23]",5,0.426631101872772,0.08567262860015035,1.826125881774351,"[771940, 771942, 429182572, 464559510, 167257391, 771941, 362577405, 34483015, 461600878, 413183299]","[6, 6, 6, 6, 6, 6, 6, 6, 6, 5]"
576,14,"[11, 16, 19, 24]",4,0.3220982947386801,0.15070174355059862,2.240145451389253,"[437210537, 215555962, 464257251, 336076249, 361200040, 221075996, 140009631, 336075144, 490033426, 80923322]","[11, 16, 11, 16, 16, 16, 16, 19, 19, 16]"
577,14,"[14, 15, 19, 21]",4,0.339633250143379,0.07568362401798368,2.2600298855104484,"[38037888, 248089762, 83333259, 232858603, 541759792, 276247, 349090450, 207897728, 488180259, 248940775]","[19, 19, 19, 19, 14, 19, 19, 19, 19, 19]"
578,14,"[16, 19, 20, 23]",4,0.2068537948653102,0.05822562985122204,1.1502299967687577,"[76031505, 203432599, 498698775, 273225628, 291604185, 136361427, 462772718, 462716777, 278758162, 136424441]","[16, 19, 16, 16, 16, 23, 16, 23, 16, 16]"
579,14,"[2, 8, 12, 21]",4,0.26619565207511187,0.06581935612484813,1.1880152117810212,"[273577208, 100927456, 550864144, 58132671, 451783471, 189467229, 380376454, 407817478, 451742210, 176166777]","[12, 12, 12, 12, 12, 2, 2, 12, 12, 12]"
580,14,"[0, 4, 9, 12, 14, 16]",6,0.6089273816905916,0.11054160119965672,1.8493264832844336,"[489394641, 194509153, 67393348, 470309177, 365720678, 122260749, 583650045, 501212221, 156256342, 232408237]","[14, 14, 14, 9, 14, 9, 9, 14, 9, 9]"
581,14,"[9, 11, 13, 19, 24]",5,0.3640694860368967,0.09631065838038921,1.7928031153976918,"[202355617, 248972689, 238045830, 349108730, 238036671, 229454520, 476362339, 428364306, 238201816, 42562283]","[11, 11, 11, 11, 13, 13, 11, 11, 11, 11]"
582,14,"[0, 5, 23]",3,0.1902516116388142,0.09920215792953968,1.2500208279428382,"[536835298, 338595158, 507160926, 551179478, 535353451, 452364771, 313890061, 573709207, 98404273, 61167579]","[5, 5, 5, 5, 5, 5, 5, 5, 5, 23]"
583,14,"[2, 16, 17, 18, 19, 21]",6,0.3464613459073007,0.09136298904195428,1.3289496913785115,"[366594023, 197982629, 538899556, 303558475, 28586845, 302932857, 531236717, 584665657, 523834544, 514426310]","[16, 21, 16, 21, 16, 21, 16, 21, 16, 21]"
584,14,"[8, 15, 18, 19]",4,0.37645674077793956,0.10082293394953012,2.406698765407782,"[365086743, 384524498, 386081585, 584012182, 264913044, 162287460, 15905723, 239518467, 274204087, 584996896]","[8, 8, 8, 8, 8, 8, 8, 8, 8, 8]"
585,14,"[6, 7, 8, 11, 15, 18, 19, 21]",8,0.6283333827741444,0.20492396457120776,1.987230056867702,"[456106798, 113493376, 158424658, 520195751, 229605502, 229588557, 121595827, 26032459, 500349241, 103108200]","[8, 21, 21, 8, 21, 21, 7, 8, 7, 21]"
586,14,[2],1,0.05147955100983381,0.014792801346629858,0.8556419890373945,"[477671044, 226950698, 199290506, 160217145, 390578956, 220582591, 319774700, 9901132, 406107231, 56384349]","[2, 2, 2, 2, 2, 2, 2, 2, 2, 2]"
587,14,"[9, 12, 14, 16]",4,0.29545933241024613,0.06858637742698193,1.7365665577235632,"[175818502, 474016655, 450346622, 398947805, 188896256, 93382711, 219341708, 36416778, 596843857, 442922431]","[9, 9, 14, 9, 9, 16, 9, 9, 9, 9]"
588,14,[2],1,0.051343646831810474,0.014597151894122362,0.8556419890373945,"[75423562, 482782637, 524051178, 112943153, 449240029, 447901314, 69395027, 263821027, 566866547, 233602428]","[2, 2, 2, 2, 2, 2, 2, 2, 2, 2]"
589,14,"[6, 11, 12, 21]",4,0.2894831784069538,0.1307026483118534,1.6242399814655073,"[51722543, 71189472, 544158612, 532401074, 317240786, 544158611, 500392072, 244648089, 523309132, 544506452]","[21, 21, 21, 21, 21, 21, 21, 21, 21, 21]"
590,14,[11],1,0.08645141590386629,0.017118186224251986,2.1049509621225297,"[540273745, 291758973, 191187373, 183341271, 117889920, 325993256, 570182881, 55508548, 481016194, 74833640]","[11, 11, 11, 11, 11, 11, 11, 11, 11, 11]"
591,14,"[8, 15, 17, 19, 21]",5,0.3919953345321119,0.09524012543261051,1.982902751909569,"[202504009, 136136243, 296697511, 91825157, 525960136, 247667785, 484265063, 583380530, 185502942, 297268578]","[19, 21, 21, 8, 8, 8, 8, 19, 8, 15]"
592,14,"[1, 14, 19, 21]",4,0.22249015187844634,0.08739644335582852,1.1972374664619565,"[161497776, 570734412, 437848111, 352279542, 418025008, 279266569, 34947156, 108878641, 503451317, 399929000]","[1, 1, 1, 1, 14, 1, 14, 1, 1, 1]"
593,14,"[0, 3, 6, 7, 13, 18, 20]",7,0.5211400864645839,0.10441043833270669,1.281060965532171,"[62564213, 62564212, 292362697, 475167337, 153448664, 45424356, 551927611, 552189324, 63543594, 273410682]","[20, 20, 20, 20, 20, 20, 20, 20, 20, 20]"
594,14,"[0, 6, 7, 11, 12, 13, 16, 17, 19, 21]",10,0.647283710539341,0.21464637201279402,1.4101600445341318,"[281784943, 168881132, 188497107, 353390479, 229202821, 263043432, 41316245, 168840713, 210370905, 256969739]","[21, 12, 21, 21, 21, 0, 21, 21, 21, 21]"
595,14,"[7, 16, 23]",3,0.16253552306443453,0.038242694456130266,1.2927919932020207,"[547046290, 106264746, 275560893, 104460633, 474417755, 367391428, 325554586, 182027597, 140931744, 89631235]","[7, 7, 7, 7, 7, 7, 7, 7, 7, 7]"
596,14,"[8, 14, 19]",3,0.19117241445928812,0.05522753577679396,1.567135909339413,"[123127955, 303041014, 395202347, 179716294, 188759256, 338469332, 163143152, 302881821, 400018106, 395180970]","[14, 14, 14, 14, 14, 14, 14, 14, 14, 14]"
597,14,"[18, 19, 24]",3,0.20568572683259845,0.11450833920389414,2.034030484268442,"[92206394, 65698452, 30933330, 545028152, 92104846, 502576435, 521676482, 209046495, 248946728, 394590971]","[18, 18, 18, 19, 24, 18, 18, 18, 18, 19]"
598,14,"[0, 20]",2,0.1108087063767016,0.02671419596299529,1.0294201123761013,"[421629912, 241271105, 132278938, 541584758, 263799811, 76505596, 20240455, 366369093, 300621365, 519467000]","[0, 0, 20, 20, 0, 20, 0, 0, 20, 20]"
599,14,"[0, 12, 20, 21]",4,0.23848314909264445,0.05353059992194176,1.0268185822060332,"[527020027, 102815399, 343008286, 175685298, 501330071, 528146187, 255818314, 197172078, 286064649, 27334687]","[12, 12, 12, 12, 12, 12, 12, 12, 12, 12]"
600,14,"[14, 18, 19, 20, 21]",5,0.2948858579620719,0.07651124289259315,1.2489062413107603,"[424952617, 384323025, 500607810, 199163839, 484609720, 107885682, 599300985, 119051487, 14502669, 396516428]","[14, 14, 14, 14, 14, 14, 14, 14, 14, 14]"
601,14,"[7, 18, 20, 21]",4,0.17345355357974768,0.052226466592401266,1.0475912087713368,"[406436395, 339749203, 165416542, 370229257, 75129625, 354676777, 205058866, 284043042, 596229903, 464651684]","[20, 18, 20, 20, 20, 20, 18, 18, 20, 20]"
602,14,"[4, 6, 8, 15, 17, 19, 24]",7,0.720448954962194,0.14291050843894482,2.4927896315764104,"[334476013, 207152477, 111337864, 182239198, 384197541, 253793192, 456652634, 357619060, 459993720, 288529500]","[8, 8, 8, 8, 8, 8, 8, 8, 8, 8]"
603,14,"[5, 7, 15, 17, 23]",5,0.3506837314926088,0.07768651051446795,1.8572426906321198,"[588878422, 427309145, 55541073, 553220401, 471025135, 369130037, 169822083, 167363499, 320293660, 167244620]","[5, 5, 5, 5, 5, 15, 5, 15, 15, 15]"
604,14,"[1, 4, 14, 19]",4,0.34433429595083,0.13371258042752743,1.623418480856344,"[336299223, 229471206, 481723434, 422487549, 110483703, 69759352, 481723432, 481723433, 386527738, 427311451]","[4, 4, 4, 4, 4, 4, 4, 4, 1, 1]"
605,14,"[1, 7]",2,0.08587922202423215,0.029661887791007757,0.8557602626970038,"[390687446, 225134385, 424621063, 44583711, 287036467, 467091109, 57928208, 401340397, 42536575, 394885914]","[7, 7, 7, 7, 7, 7, 7, 7, 7, 7]"
606,14,[21],1,0.04257612070068717,0.014036157168447971,1.0232629689853638,"[52685700, 436624064, 436624049, 69903041, 436624051, 436822737, 38712243, 215705799, 316890181, 499509758]","[21, 21, 21, 21, 21, 21, 21, 21, 21, 21]"
607,14,"[18, 20, 21]",3,0.14292199769988656,0.03858138294890523,1.1303694108501077,"[81381669, 569627681, 419304340, 247470802, 538996026, 309763558, 371611327, 72525570, 132771547, 554063361]","[18, 18, 20, 18, 18, 18, 18, 18, 18, 20]"
608,14,"[5, 6]",2,0.17353432206436992,0.06850317819043994,2.03853119793348,"[95463379, 567985689, 192945609, 120280881, 232253191, 297576433, 20785716, 298440582, 64716623, 241988467]","[6, 6, 6, 6, 6, 6, 6, 6, 6, 6]"
609,14,"[16, 19, 23]",3,0.19470046134665608,0.044427713844925165,1.3212618015240878,"[174570353, 276438660, 461278669, 385754724, 78238011, 345083729, 385530198, 516491186, 260916882, 74066002]","[19, 16, 19, 19, 16, 16, 19, 19, 16, 19]"
610,14,"[1, 6, 7, 18, 19, 20, 21, 23]",8,0.4510572557337582,0.10605262033641338,1.1157173688116018,"[2727716, 573703927, 560808089, 2737865, 386771216, 13610151, 105642113, 381455618, 322112568, 189747804]","[20, 20, 18, 1, 18, 21, 21, 21, 21, 21]"
611,14,"[2, 6, 8, 14, 15, 19, 21]",7,0.6332029141485691,0.1383534949272871,2.0124744492516453,"[332898321, 402436642, 40346389, 443497886, 482143889, 71669903, 7384382, 30635393, 392587440, 225455397]","[2, 8, 8, 21, 21, 15, 8, 8, 8, 8]"
612,14,"[2, 8, 9, 14, 15, 19]",6,0.5152507522143424,0.11592287244275212,2.0314285656204447,"[38567733, 564410849, 544164872, 263408385, 276854456, 8481394, 90141804, 444249025, 356097437, 442453543]","[2, 2, 2, 2, 2, 2, 2, 15, 2, 2]"
613,14,"[15, 16, 23]",3,0.3068061340600252,0.07858616579324007,2.7475176587079964,"[39115881, 551012222, 342645339, 259939626, 39115882, 63532455, 145974052, 39115904, 270086623, 39115889]","[23, 23, 23, 23, 23, 23, 23, 23, 23, 23]"
614,14,"[0, 1, 4, 6, 7, 16, 18, 20, 21]",9,0.6994469463825226,0.17135280882939696,1.5644607064572886,"[132901945, 487411551, 55672457, 231568068, 358316889, 1792793, 93634493, 508825644, 146561501, 358197384]","[4, 4, 4, 21, 4, 20, 18, 20, 20, 18]"
615,14,"[0, 6, 9, 12, 14, 17, 20, 21]",8,0.560497859492898,0.12177758617326617,1.360357577825198,"[431884419, 302687542, 302787586, 431936170, 302656394, 403170941, 302719345, 98967338, 289556263, 302521072]","[21, 21, 21, 0, 21, 0, 21, 0, 21, 21]"
616,14,"[8, 15, 16, 17, 22, 23]",6,0.5025088088586926,0.1075736521743238,2.155214366968721,"[523346240, 297171349, 598320548, 496268797, 114332889, 329124159, 335161070, 29124518, 341191594, 340491069]","[17, 17, 8, 17, 17, 17, 17, 17, 8, 17]"
617,14,"[1, 14, 23]",3,0.15639764023944736,0.10097941383719444,1.158630058246975,"[173320221, 352497176, 426401905, 290442632, 282335757, 204700295, 460315475, 400274367, 143344751, 555869126]","[14, 14, 14, 14, 14, 14, 14, 14, 14, 14]"
618,14,"[8, 11, 17, 24]",4,0.297149196267128,0.06930078007280827,2.1087042175931856,"[23467638, 565862738, 408880737, 383227627, 516369706, 84374302, 10238798, 368944510, 253832749, 237707832]","[11, 8, 11, 17, 8, 8, 11, 11, 17, 8]"
619,14,"[4, 5, 6, 14, 19, 21, 23]",7,0.5822489624843001,0.11704457271844149,1.6109435243997723,"[19660820, 771942, 375376982, 566818758, 419050400, 771941, 375237058, 369088283, 250865468, 156276811]","[6, 6, 23, 23, 6, 6, 23, 23, 4, 4]"
620,14,"[0, 4, 5, 15, 17, 20, 21, 22]",8,0.6816019397228956,0.14058781042695045,1.9434699784033,"[67416060, 11872086, 11872088, 12231062, 12211175, 586277425, 47493220, 319107977, 170823152, 94095013]","[22, 15, 15, 15, 15, 22, 15, 15, 5, 5]"
621,14,"[9, 16]",2,0.161816640291363,0.03431061375886202,1.9761690746527165,"[373693970, 263701942, 295635588, 303106971, 931778, 572461509, 573451396, 343313517, 221705125, 244505226]","[9, 9, 9, 9, 9, 9, 9, 9, 9, 9]"
622,14,"[3, 11]",2,0.1471434235572815,0.03400827571749687,1.5601997936610132,"[453512508, 223863815, 309928761, 374637179, 61582487, 401675343, 374637180, 224009426, 305313663, 348387857]","[3, 3, 3, 3, 3, 3, 3, 3, 3, 3]"
623,14,"[6, 18, 20, 21]",4,0.2634527301415801,0.08793078130111098,1.433670773054473,"[24694555, 92815327, 137885838, 117532381, 588443261, 327367659, 188152919, 385444398, 555820552, 115721671]","[20, 20, 20, 20, 20, 20, 20, 20, 20, 20]"
624,14,"[0, 3, 9, 14]",4,0.28131507942453027,0.06316641857847571,1.4684998228913173,"[257872925, 351480136, 181927349, 174003689, 565078059, 316305085, 269788052, 32610174, 194705925, 178805248]","[14, 0, 0, 14, 14, 14, 0, 0, 0, 14]"
625,14,"[11, 18, 19]",3,0.23839031625539064,0.05545272119343281,1.5734425568953156,"[186883248, 573087577, 464070189, 163579862, 291104768, 15193419, 325940158, 170606752, 207430, 50000124]","[19, 19, 19, 19, 19, 19, 19, 19, 19, 19]"
626,14,"[18, 20]",2,0.10075678862631321,0.02698216727003455,1.1839226317824796,"[142152439, 478132332, 520924175, 142460349, 70223328, 108474819, 518645705, 329464210, 276995012, 93504726]","[18, 18, 18, 18, 18, 18, 18, 18, 18, 18]"
627,14,"[8, 15, 16, 17, 22]",5,0.4726124214939773,0.09011962404474616,2.4672833792865276,"[18318956, 18340043, 159280392, 411558093, 86248052, 471099296, 333310803, 495400450, 308596174, 461870742]","[17, 17, 8, 8, 17, 8, 17, 17, 8, 8]"
628,14,"[8, 12, 14, 17, 19, 21]",6,0.3313500788062811,0.1220804350450635,1.2908347070139523,"[157271052, 314595336, 49047413, 194182794, 43788374, 293525320, 26284747, 424794905, 569871051, 60550872]","[8, 8, 8, 8, 8, 8, 8, 8, 8, 8]"
629,14,"[5, 20, 21, 23]",4,0.16841023648157716,0.04951247200369835,0.9971885982668027,"[482572563, 314588527, 315634196, 491471872, 514987768, 43721830, 214804145, 216230541, 328480307, 314848645]","[23, 23, 23, 23, 23, 5, 23, 23, 23, 23]"
630,14,"[8, 9, 12, 15, 17, 18, 19]",7,0.5259660282172263,0.18417164869606495,1.8736029549036175,"[298973970, 57429897, 318785263, 182831502, 158270926, 479633326, 236874882, 411815197, 12972342, 179991409]","[17, 17, 19, 17, 17, 19, 8, 9, 17, 17]"
631,14,"[14, 16]",2,0.18079701019451022,0.03861376829445362,2.2265035090968013,"[155123214, 114881779, 237816263, 508376055, 460263420, 477733551, 280739570, 259729575, 165250760, 149284006]","[14, 14, 16, 14, 16, 14, 14, 14, 14, 14]"
632,14,"[8, 9, 14, 15, 17]",5,0.4544645994901657,0.14881325466558337,2.2886859574355185,"[257268332, 566613268, 409454185, 146300108, 176141094, 98254733, 446824157, 235897757, 208587030, 176552932]","[9, 9, 9, 9, 9, 9, 9, 9, 9, 9]"
633,14,"[2, 8, 14, 17]",4,0.24301059311255813,0.07486871024593711,1.416887524886988,"[495992460, 160654867, 364758013, 325153572, 74388090, 495926802, 61461696, 498622424, 498926953, 218038940]","[17, 8, 17, 17, 17, 17, 17, 17, 17, 17]"
634,14,"[1, 5, 6, 20]",4,0.30387143371626735,0.06449916120618582,1.4066152253071778,"[111052982, 24303294, 172556875, 504226773, 234257212, 342163173, 241129105, 182287284, 495218298, 252827686]","[5, 20, 20, 20, 5, 5, 20, 5, 6, 5]"
635,14,"[2, 8, 20, 21]",4,0.19760850770398974,0.058327007573097944,1.0910060736350715,"[533541534, 578189724, 81392412, 525434594, 470960410, 81392396, 25812792, 578860500, 210130904, 61600306]","[21, 21, 21, 21, 21, 21, 21, 21, 21, 21]"
636,14,"[3, 7, 8, 15, 16, 21, 22]",7,0.5690620592795312,0.1597103583626449,2.025602669022711,"[469405551, 23419281, 23408459, 23415726, 243462517, 483125603, 525291840, 168562048, 391801689, 206251780]","[7, 16, 16, 16, 16, 7, 7, 8, 16, 16]"
637,14,"[1, 4, 6, 14, 15, 20, 21]",7,0.6620755516923964,0.16592958522960544,2.110916272304686,"[368743590, 43957939, 444279346, 590882958, 59241120, 549849968, 528989644, 548432040, 497215226, 513790326]","[6, 20, 20, 20, 6, 6, 6, 20, 6, 6]"
638,14,"[0, 1, 4, 13, 14, 16, 19]",7,0.6295176176354289,0.13731314148753881,1.6313179146964103,"[52619765, 437637319, 30241915, 381581941, 40412331, 43258519, 218706577, 480778693, 40252220, 481010923]","[19, 13, 19, 13, 19, 13, 13, 14, 19, 19]"
639,14,"[5, 6, 19, 23]",4,0.23547097528353333,0.05744898598641157,1.3891494321869686,"[84260518, 138298669, 384519103, 384374602, 536343437, 154164185, 527643448, 414152718, 40998165, 151066788]","[23, 23, 23, 23, 23, 23, 23, 23, 23, 23]"
640,14,"[4, 5, 6, 22]",4,0.40453775972127914,0.13318445114418864,2.162657871027477,"[214248553, 452546311, 452546306, 574185480, 86366237, 298577091, 350668882, 452546307, 412960841, 452538893]","[5, 5, 5, 4, 5, 5, 5, 6, 4, 5]"
641,14,"[3, 18, 20]",3,0.1604773378930986,0.04173125373199582,1.127764629588152,"[153219297, 577061003, 271819036, 318091797, 487497367, 192125337, 458866700, 188212692, 11274974, 108838721]","[3, 3, 3, 3, 3, 3, 3, 3, 3, 3]"
642,14,"[8, 15, 17, 19, 22]",5,0.4136995919980109,0.13239984028041363,2.147366570448503,"[147722034, 395340719, 320859813, 76057898, 397200787, 359634636, 567076222, 408680862, 231774083, 515135566]","[17, 22, 8, 22, 22, 15, 15, 22, 22, 15]"
643,14,[14],1,0.07638263702392578,0.018972177989780903,1.9687569465022534,"[250364638, 187284050, 56152969, 260063780, 500785055, 342712761, 230995532, 131701346, 500687498, 54409881]","[14, 14, 14, 14, 14, 14, 14, 14, 14, 14]"
644,14,"[2, 3]",2,0.11101709119975567,0.030540837440639734,0.9355453071184456,"[83346459, 111643240, 179407044, 83177308, 83346460, 78038498, 494057863, 20344137, 303859779, 253614455]","[2, 3, 2, 2, 2, 2, 3, 3, 3, 2]"
645,14,"[4, 5, 6, 15, 20, 23]",6,0.5701936171390116,0.11622437834739685,2.2000811515608802,"[556581636, 386944031, 383852200, 35420134, 282782695, 31901743, 141959737, 335675800, 589978449, 423586752]","[5, 5, 5, 5, 20, 20, 5, 6, 5, 5]"
646,14,"[2, 11, 18, 19, 24]",5,0.34202574426308274,0.09292469220235944,1.81253688079305,"[158194971, 469650990, 456725164, 120387136, 575284450, 575284452, 24285917, 478867652, 38486640, 456724261]","[11, 19, 18, 11, 2, 2, 11, 19, 11, 19]"
647,14,[14],1,0.08553320402279496,0.03652348695322871,1.9687569465022534,"[177732495, 452329595, 167974761, 306114045, 325021566, 310407228, 8954076, 185497228, 545377075, 34010644]","[14, 14, 14, 14, 14, 14, 14, 14, 14, 14]"
648,14,"[1, 4, 11, 14]",4,0.4015428670682013,0.08108342345803976,1.9284897145116702,"[232601211, 427788517, 282379282, 94324763, 428086382, 231643095, 232601212, 401847970, 543485315, 40740893]","[14, 14, 14, 14, 14, 14, 14, 14, 14, 14]"
649,14,"[6, 12, 18, 19, 20, 21]",6,0.41546344058588147,0.09008679259568453,1.2740867091342807,"[315300538, 533846640, 7858121, 246448485, 186572150, 392135103, 115108218, 71784470, 525579670, 246448488]","[20, 20, 20, 20, 20, 20, 20, 20, 20, 20]"
650,14,"[14, 16]",2,0.18527994165197015,0.042173176538199186,2.2265035090968013,"[40883192, 412515893, 280105499, 125796008, 521801370, 521801371, 40839322, 521801369, 167999373, 521801363]","[14, 14, 14, 14, 14, 14, 14, 14, 14, 14]"
651,14,"[8, 14, 18, 19, 20]",5,0.2937587182968855,0.1360400477424264,1.4138505983166396,"[80079967, 205549066, 139132979, 310552818, 585278916, 56669156, 476942735, 274732724, 323180119, 365483183]","[18, 18, 18, 18, 18, 18, 18, 18, 18, 18]"
652,14,"[8, 14]",2,0.159792376216501,0.038158918265253305,1.9083708502585068,"[186679495, 376494354, 48079131, 421481977, 49303580, 49317915, 299892042, 244982966, 316139193, 208813609]","[8, 8, 8, 8, 8, 8, 8, 8, 8, 8]"
653,14,"[0, 4, 14, 15, 16, 17, 22]",7,0.7872831053100526,0.1398847671225667,2.372411679676069,"[188820748, 467385104, 26385463, 334400966, 237898935, 359334427, 245953715, 85718521, 339328946, 16702065]","[14, 17, 0, 4, 0, 0, 4, 17, 15, 14]"
654,14,"[14, 15, 18, 20]",4,0.3597371163778007,0.06971889594569802,2.375008952280041,"[406395383, 439140323, 522216861, 60620382, 517493427, 60620381, 332321204, 129776897, 510805762, 181451141]","[20, 20, 20, 20, 20, 20, 20, 20, 20, 20]"
655,14,"[8, 9, 12, 18, 20]",5,0.2990121808834374,0.07621293934062123,1.341817846056074,"[277338290, 236243808, 340133467, 435736940, 205800773, 445320567, 40645648, 177926973, 99573468, 385377383]","[20, 20, 20, 20, 20, 20, 20, 20, 20, 20]"
656,14,"[2, 8, 9, 17, 19, 21]",6,0.3089751028455794,0.09064938500523567,1.1791350378577288,"[182733864, 449459800, 64732311, 367785867, 169268632, 401741747, 31371262, 532670018, 347369607, 208641729]","[8, 8, 17, 8, 8, 8, 19, 8, 8, 17]"
657,14,[6],1,0.09948574472218752,0.03533253679051995,2.3435748596675694,"[454801877, 299516535, 55959542, 223849806, 18863213, 492298826, 51408749, 129226826, 274541845, 454770638]","[6, 6, 6, 6, 6, 6, 6, 6, 6, 6]"
658,14,"[8, 14, 15, 20, 22, 23]",6,0.4830086943693459,0.10255929594859481,2.009626874855409,"[230662116, 1472967, 449551253, 554282561, 165034280, 61193101, 373492000, 545838887, 78372221, 52725401]","[15, 15, 15, 15, 8, 22, 8, 8, 15, 15]"
659,14,"[2, 8, 9, 14, 15, 17, 19]",7,0.5993371675722301,0.12453929474577308,1.8833911148166018,"[178802393, 134997220, 509200618, 195992938, 302147465, 83265132, 24135814, 326296555, 419896212, 354107853]","[14, 2, 14, 2, 17, 2, 2, 17, 2, 2]"
660,14,"[4, 6, 20]",3,0.2911987705156207,0.10781998885795474,1.9028988229110837,"[579581109, 244491188, 303769234, 540524910, 368802899, 191446547, 69128620, 15579704, 121957139, 50758979]","[6, 6, 6, 6, 6, 6, 6, 6, 6, 6]"
661,14,"[6, 20, 23]",3,0.16188812954351306,0.037656258791685104,1.1918595825166751,"[414274250, 93372006, 306157023, 107140968, 528038892, 302092540, 107140967, 322889659, 109501278, 107140947]","[23, 23, 23, 23, 23, 23, 23, 23, 23, 23]"
662,14,"[0, 1, 3, 12, 14, 16]",6,0.4348001629114151,0.10729035641998053,1.4712660572646807,"[8395004, 518325237, 533340165, 533312096, 407880108, 407880096, 407880086, 467167076, 117256612, 265691140]","[12, 12, 0, 0, 0, 0, 0, 12, 0, 12]"
663,14,[21],1,0.08401975827291608,0.01346652302891016,1.0232629689853638,"[144724728, 516759955, 98969662, 390526706, 364049095, 58283787, 98969660, 279485355, 440368018, 302741440]","[21, 21, 21, 21, 21, 21, 21, 21, 21, 21]"
664,14,"[8, 14, 15, 20, 22]",5,0.4353815745562315,0.0955675533041358,2.2925783887505533,"[172258964, 495980362, 333693866, 143187899, 366857602, 230433462, 179044188, 283886342, 254784650, 409326979]","[8, 8, 8, 8, 8, 8, 8, 8, 8, 8]"
665,14,"[0, 4, 15, 16, 17, 21, 22]",7,0.6788316261954606,0.16816354682669044,2.23734111145937,"[132680153, 90481524, 40486081, 132680157, 370317758, 271766386, 535178593, 93661985, 542501596, 198122321]","[0, 22, 22, 22, 22, 22, 22, 22, 22, 22]"
666,14,"[4, 12, 13, 14, 15, 17, 21, 22]",8,0.685382982250303,0.20121543668210506,1.9711194891715422,"[567086221, 240677032, 559271097, 59808994, 411798754, 47493220, 584519165, 371915684, 456835903, 265407055]","[15, 15, 15, 15, 15, 15, 15, 15, 15, 15]"
667,14,"[16, 17, 21]",3,0.22546853311359882,0.05658395681530237,1.500893150223419,"[411536170, 117187564, 367274880, 291770533, 119538258, 495356082, 45530720, 168995116, 273735192, 387605711]","[16, 21, 17, 21, 16, 21, 21, 17, 17, 16]"
668,14,"[0, 19, 20]",3,0.1489392714574933,0.0393740264698863,0.9811687507511427,"[363089804, 125663130, 465247128, 40534487, 231384928, 80377600, 146001667, 584110432, 456402917, 588329826]","[0, 0, 0, 0, 0, 19, 19, 0, 19, 19]"
669,14,"[4, 14, 15, 19, 20, 21]",6,0.5907341567799449,0.10527975391596556,2.0675401918512457,"[26176730, 351805219, 367949198, 261591344, 292856270, 274205060, 367908386, 323991737, 388973930, 147459119]","[14, 14, 19, 14, 14, 14, 19, 14, 14, 14]"
670,14,"[0, 2, 20, 21, 22]",5,0.2795280977152288,0.0757708246819675,1.1566654488909989,"[54709475, 132189171, 128710920, 202538093, 248757157, 432844723, 130086289, 510904223, 216207945, 248329491]","[0, 0, 0, 0, 0, 20, 0, 20, 20, 20]"
671,14,"[6, 8, 11, 17, 19]",5,0.3784571341238916,0.08963805437088013,1.635268602659926,"[330818522, 364835974, 407201795, 400749860, 560442238, 345034708, 154867234, 384975111, 139227699, 41379188]","[19, 8, 11, 8, 8, 19, 11, 6, 17, 19]"
672,14,"[6, 11, 14, 19, 21]",5,0.3446541400626302,0.08070787088945508,1.6650423529557883,"[67789440, 251028555, 21995703, 77149055, 164594341, 525061289, 230805367, 446337997, 459184861, 164594342]","[14, 14, 14, 19, 14, 14, 14, 19, 14, 11]"
673,14,"[8, 15, 20, 21, 22]",5,0.43555863155052066,0.10629188502207398,2.103479593247175,"[51051052, 174475769, 595594238, 400599182, 269290588, 370066582, 519672481, 576529219, 286157228, 510727293]","[21, 21, 21, 20, 21, 21, 22, 21, 20, 22]"
674,14,"[3, 11]",2,0.1465848940424621,0.03645113483071327,1.5601997936610132,"[479429810, 298036482, 593414564, 298259455, 298036483, 68220734, 299190240, 57198665, 459136936, 521606638]","[3, 3, 3, 3, 3, 3, 3, 3, 3, 3]"
675,14,"[7, 11, 16, 19, 24]",5,0.4256144925020635,0.08210173482075334,1.9519676816184073,"[297452036, 431511634, 316137471, 267699888, 267786525, 143523068, 492881089, 476823035, 131752404, 588659264]","[19, 19, 19, 19, 19, 19, 19, 19, 19, 19]"
676,14,"[1, 5, 20]",3,0.1554533801972866,0.047322414349764585,1.0942953471870471,"[16257992, 47675388, 309054857, 523952019, 105779695, 524016329, 105762078, 359725836, 368238367, 359643363]","[1, 1, 1, 5, 1, 1, 5, 1, 1, 1]"
677,14,"[7, 20]",2,0.058308286126703024,0.0227407393977046,0.7181955925188959,"[393879120, 120717022, 208414194, 99633754, 117226728, 292775917, 99586643, 394084662, 161939041, 394122925]","[7, 7, 7, 7, 7, 7, 7, 7, 7, 7]"
678,14,"[5, 15, 17, 22, 23]",5,0.39622322656214237,0.1272037853486836,2.0665077824611218,"[269256221, 359274305, 594206804, 179632193, 133542228, 471314564, 404171624, 407302630, 581957968, 269583525]","[5, 5, 15, 5, 5, 15, 15, 15, 5, 5]"
679,14,"[5, 14, 15, 22, 23]",5,0.4295527180656791,0.089816486928612,2.2612258897628634,"[251448571, 76520495, 172705295, 122955682, 271053136, 255456933, 317587101, 2784221, 467271521, 146700061]","[15, 5, 5, 23, 5, 5, 5, 5, 5, 15]"
680,14,"[6, 23]",2,0.12416550097987056,0.028703324031084776,1.469222082523629,"[6087041, 3093750, 574758959, 138948511, 139107335, 139111199, 139151666, 365263623, 139105244, 6187847]","[23, 23, 23, 23, 23, 23, 23, 23, 23, 23]"
681,14,"[4, 12, 13]",3,0.3674084162339568,0.055010159965604544,1.5909179757193972,"[238308228, 303412562, 114313048, 401612053, 189062219, 120446940, 138681031, 536322255, 385998885, 304097766]","[12, 12, 4, 4, 12, 12, 12, 12, 12, 4]"
682,14,"[0, 3, 11, 14, 15, 19]",6,0.5256392797455192,0.12747501907870173,2.0931603004379817,"[240043404, 515188434, 592443859, 535550830, 86854515, 356604914, 544015597, 426454059, 222916106, 288213671]","[19, 14, 11, 19, 19, 19, 14, 19, 11, 11]"
683,14,"[4, 6, 12, 14, 15, 17, 20, 21]",8,0.69715141877532,0.2060637124814093,1.9855609410442412,"[524736967, 372889687, 176120073, 544433926, 579289857, 475118083, 72251823, 57876847, 448338928, 9233579]","[12, 12, 21, 12, 12, 12, 12, 21, 21, 4]"
684,14,"[6, 12, 15, 16, 17, 18, 19, 21, 23]",9,0.6582281780429184,0.20981915527954698,1.8050116731578276,"[323331904, 562963258, 104851472, 149003370, 150893518, 348801017, 11192841, 323331937, 323331897, 323331800]","[19, 18, 19, 23, 19, 18, 23, 19, 19, 19]"
685,14,[2],1,0.05108422180637717,0.01487241592258215,0.8556419890373945,"[84891684, 398728662, 439390382, 431029798, 51780697, 330104749, 578036276, 404053353, 521224739, 507150705]","[2, 2, 2, 2, 2, 2, 2, 2, 2, 2]"
686,14,"[1, 6, 8, 19, 22]",5,0.34707373566925526,0.0913946065120399,1.5668143251445144,"[423940458, 279010404, 160820709, 300812139, 81795891, 78070424, 186929008, 291973799, 549712016, 91778853]","[1, 8, 1, 8, 8, 22, 6, 8, 22, 8]"
687,14,"[14, 18, 20]",3,0.20651459554210305,0.08211059775203466,1.4455340700224042,"[19360602, 63120069, 238908179, 504982273, 444248865, 62157101, 90868867, 431318285, 279242129, 143177142]","[14, 14, 14, 14, 14, 14, 14, 14, 14, 14]"
688,14,"[8, 18, 20, 21]",4,0.2214545621536672,0.06264443276450038,1.3097732466412708,"[318958202, 516751079, 235100348, 571583425, 16894732, 572672887, 233284312, 36636776, 572673091, 68375782]","[20, 20, 20, 20, 20, 20, 20, 20, 20, 20]"
689,14,"[8, 19]",2,0.11555938282981515,0.03557637892663479,1.3663253907579929,"[82593162, 538670213, 52575784, 306123612, 576491031, 401524808, 141544878, 306228373, 259400541, 491268822]","[8, 8, 8, 8, 8, 8, 8, 8, 8, 8]"
690,14,"[1, 4, 14, 15, 16, 20, 22, 23]",8,0.6953264484182,0.15169064467772841,2.0417846895288676,"[280096083, 36166762, 95044933, 36109231, 36241184, 280127546, 273529687, 257737352, 280097005, 273529694]","[20, 4, 4, 4, 4, 4, 4, 4, 4, 4]"
691,14,"[0, 3, 6, 20, 23]",5,0.31242459174245596,0.11022358434274793,1.2025466029997915,"[566160736, 520887986, 348891253, 114567788, 62289136, 467571338, 462908438, 114567826, 515564504, 38883366]","[0, 0, 0, 0, 0, 0, 0, 0, 23, 23]"
692,14,"[2, 8, 14, 19, 21]",5,0.28506943257525563,0.0834478517062962,1.3160625372081995,"[269368219, 137040379, 503667679, 122193393, 488891435, 520081398, 29875716, 214692733, 341872422, 312692760]","[14, 14, 14, 14, 14, 14, 14, 14, 14, 14]"
693,14,"[2, 8, 19, 21, 23]",5,0.2531619328074157,0.13272963371127844,1.0412850089836865,"[479287218, 116811297, 517450973, 230188672, 70334368, 529449169, 218946949, 121499907, 120548688, 94793305]","[2, 8, 19, 2, 2, 8, 2, 2, 21, 8]"
694,14,"[0, 2, 4, 6, 14, 16, 18]",7,0.6384615963324904,0.16438055410981178,1.9332324595390153,"[304739538, 305897665, 91508183, 64442664, 434869038, 305835203, 5174385, 490753476, 143726430, 391392412]","[4, 4, 6, 0, 0, 0, 0, 4, 4, 4]"
695,14,"[1, 7, 14, 16, 19, 23]",6,0.32714935950934887,0.09114554896950722,1.2740104794114206,"[543583528, 491684515, 597824063, 381679109, 295478704, 202195445, 395484314, 444084513, 334451584, 235169240]","[14, 14, 14, 14, 14, 14, 14, 1, 19, 19]"
696,14,"[18, 20, 21]",3,0.17358123743906617,0.10365414759144187,1.1303694108501077,"[236566880, 593127527, 584775693, 132606092, 138523568, 159551351, 56611648, 377182692, 329284485, 9429165]","[20, 20, 20, 20, 20, 20, 20, 20, 20, 20]"
697,14,"[12, 21]",2,0.10054363822564483,0.03316750517114997,1.024217052035965,"[420223579, 21934541, 41668771, 148492603, 163010922, 517149999, 206589361, 373140299, 313138102, 500464831]","[12, 12, 12, 12, 12, 12, 12, 12, 12, 12]"
698,14,"[8, 15, 17, 19]",4,0.3362915115430951,0.0709095885977149,2.22281269764062,"[320882602, 469746537, 41938765, 533365015, 20196862, 463863155, 586936329, 423356572, 581414985, 353123274]","[17, 8, 19, 19, 17, 17, 19, 15, 8, 17]"
699,14,"[1, 12, 14, 19]",4,0.2661599116399884,0.08825411135330796,1.197714507987257,"[223279442, 34407516, 165782050, 451084394, 321443040, 481824024, 155479000, 143827806, 223299903, 223313719]","[14, 14, 14, 12, 12, 12, 12, 12, 14, 14]"
700,14,"[0, 4, 14, 16, 23]",5,0.44065206311643124,0.08633570279926062,1.8395137984771281,"[15755585, 27506815, 588753166, 297452316, 31155007, 502997176, 541273729, 371104310, 107432089, 283578665]","[14, 14, 14, 14, 14, 14, 14, 14, 14, 14]"
701,14,"[1, 6, 20, 23]",4,0.22702121175825596,0.12445484474301338,1.1219606676022522,"[335205476, 580978771, 116276053, 285903853, 182399199, 290312855, 235542195, 95793971, 182244542, 175025757]","[20, 20, 20, 20, 20, 20, 20, 20, 20, 20]"
702,14,"[16, 24]",2,0.19507195288315415,0.039355691988021135,2.9854824079666287,"[356334669, 356118835, 463089125, 229520666, 32701164, 84443931, 567285168, 356263433, 563774376, 49390909]","[16, 16, 16, 24, 24, 24, 24, 24, 24, 24]"
703,14,"[12, 14, 18, 20, 21]",5,0.2936700154095888,0.0709327575750649,1.2770072628278286,"[303076252, 494944160, 188412807, 561475598, 117787662, 88102447, 103672702, 230365097, 555653630, 294085916]","[21, 21, 21, 21, 21, 21, 21, 21, 20, 21]"
704,14,"[8, 15, 17]",3,0.29738161573186517,0.09398632915690541,2.668861587687085,"[50797895, 531656131, 581259626, 156800920, 327187554, 341312319, 593534916, 560849002, 341690750, 297117766]","[17, 17, 17, 8, 17, 17, 17, 17, 8, 8]"
705,14,"[2, 8, 14, 18, 19, 21, 23]",7,0.41899459436535835,0.1537469387985766,1.2722703817832683,"[479264094, 125376724, 494441995, 74208356, 395259281, 4677901, 561935889, 69582267, 137966257, 220983176]","[21, 8, 19, 8, 8, 18, 8, 21, 21, 21]"
706,14,"[9, 12, 15, 17, 21, 22]",6,0.4560877764597535,0.1039118142798543,1.9201173754020904,"[166929302, 75376229, 444325161, 274217792, 385139050, 462371255, 526547697, 140407470, 544155425, 32041101]","[17, 9, 9, 21, 9, 21, 9, 21, 9, 17]"
707,14,"[4, 6, 14]",3,0.3305926392786205,0.08345917845144868,2.3467729442442455,"[290423263, 141521827, 290546975, 558769378, 366674039, 501888161, 160086921, 296590762, 262072973, 442043012]","[4, 4, 4, 4, 4, 4, 4, 4, 4, 4]"
708,14,"[0, 3, 4, 6, 7, 13, 14, 16, 22]",9,0.7594187618233263,0.21341216145083308,1.7362397335107542,"[21209791, 445624214, 214459992, 20831134, 582255751, 26580979, 578674690, 585889930, 517081156, 357310198]","[0, 0, 0, 13, 0, 7, 7, 4, 6, 0]"
709,14,"[0, 1, 13, 14, 16, 19, 23]",7,0.5062412773258984,0.11502872547134757,1.3265868116702353,"[514355034, 364123452, 243804062, 101738279, 326538456, 395818403, 364227009, 475450618, 509134941, 369773749]","[0, 16, 16, 23, 16, 13, 0, 23, 23, 13]"
710,14,"[1, 2]",2,0.1055903802625835,0.0336172659881413,0.8839529559481889,"[199872053, 333064862, 74402508, 511648763, 391907968, 204632143, 535203000, 548263377, 480336888, 162935154]","[2, 2, 2, 2, 2, 2, 2, 2, 2, 2]"
711,14,"[0, 1, 8, 11, 12, 19]",6,0.42495320923626423,0.12362949829548597,1.3661237406389166,"[532147618, 41366602, 532398561, 396381822, 581804298, 299154706, 447709396, 586712300, 357694103, 93694205]","[19, 12, 11, 11, 12, 19, 11, 11, 19, 19]"
712,14,"[6, 8, 11, 13, 17, 19, 21, 24]",8,0.5728809256106615,0.15286521054804325,1.7132395615044516,"[176759219, 558909271, 318552186, 68394679, 268853627, 170542660, 439594205, 466170201, 591746086, 546917862]","[11, 19, 13, 11, 19, 19, 19, 11, 6, 19]"
713,14,"[12, 21]",2,0.09989269077777863,0.029578241053968668,1.024217052035965,"[193985554, 203973167, 371709521, 277445547, 286601329, 75993523, 78652326, 580234576, 443083962, 598058553]","[21, 21, 21, 21, 21, 21, 21, 21, 21, 21]"
714,14,[2],1,0.05519575998187065,0.04724865406751633,0.8556419890373945,"[438904754, 62203889, 407019418, 417460514, 574225054, 406493921, 230750417, 580720797, 473194321, 448248914]","[2, 2, 2, 2, 2, 2, 2, 2, 2, 2]"
715,14,"[1, 11, 13, 16, 24]",5,0.39268654212355614,0.10942345345392823,2.001555093284696,"[139997905, 110075494, 259654997, 486859552, 306799320, 325045770, 306780319, 69018570, 241835127, 163568496]","[16, 1, 1, 11, 13, 1, 13, 24, 1, 1]"
716,14,"[0, 8, 14, 17, 21, 22]",6,0.39231892209500074,0.1718788268044591,1.5170764639042318,"[219247777, 14956816, 147402803, 119588118, 586987309, 404118624, 17511256, 582207001, 147402794, 542238967]","[21, 21, 8, 8, 8, 21, 21, 8, 8, 21]"
717,14,"[8, 14, 21]",3,0.19665426388382912,0.05148067278787494,1.6133348898341258,"[423150744, 56737034, 562933801, 421106636, 82776735, 440909851, 460712047, 404847255, 460386170, 171812725]","[14, 14, 21, 14, 14, 21, 14, 14, 14, 14]"
718,14,"[8, 14]",2,0.1572731640189886,0.03530761133879423,1.9083708502585068,"[66220792, 368182769, 513712977, 83160001, 338615824, 339075830, 378525513, 170311604, 408454256, 288486490]","[8, 8, 14, 8, 14, 8, 14, 8, 14, 8]"
719,14,"[6, 8, 14, 19, 21]",5,0.3363752872683108,0.16026917891576886,1.6136491113342344,"[213694925, 169601040, 200840420, 599905570, 335626940, 516114027, 131819241, 503450068, 503452741, 332887597]","[21, 19, 19, 6, 8, 21, 21, 21, 8, 21]"
720,14,"[14, 18]",2,0.1491591460071504,0.035572763066738844,1.8497338137822226,"[42388556, 130285807, 190069500, 55484204, 42266115, 111161273, 494050017, 24656633, 533106488, 242299904]","[14, 14, 14, 14, 14, 14, 14, 14, 14, 14]"
721,14,[7],1,0.049459222704172134,0.01054859021678567,0.7992566025350243,"[417891217, 76805798, 68427597, 569526539, 280913797, 547125696, 221095546, 597044073, 416051829, 124067658]","[7, 7, 7, 7, 7, 7, 7, 7, 7, 7]"
722,14,"[1, 14]",2,0.1332279397174716,0.0391282350756228,1.4405104346806183,"[77691294, 438932245, 393115337, 578938443, 191821827, 260549966, 371533472, 214415080, 315949825, 339900500]","[14, 1, 14, 14, 14, 14, 14, 14, 14, 14]"
723,14,"[5, 7, 23]",3,0.1644152426160872,0.037119618616998196,1.0425378147047013,"[9020838, 76774025, 386802956, 188269105, 200392849, 393822947, 398354679, 587095987, 356654390, 296306727]","[5, 5, 23, 23, 23, 23, 23, 5, 5, 23]"
724,14,"[18, 24]",2,0.16566392220556736,0.038906218484044075,2.60871271265205,"[458166727, 454207062, 451916269, 96944793, 72844089, 207932964, 364421544, 406355378, 532097811, 107621134]","[18, 18, 18, 18, 18, 18, 18, 18, 18, 18]"
725,14,"[2, 8, 15, 19, 21]",5,0.395008216612041,0.1554130599834025,1.954997867718339,"[123306930, 591041043, 351841418, 173561433, 263835484, 62639457, 494567852, 130475617, 337279339, 298953823]","[8, 21, 21, 21, 21, 19, 21, 21, 8, 15]"
726,14,"[5, 6, 7]",3,0.20690701203420758,0.04758814349770546,1.625439666133995,"[178802831, 319855764, 259717660, 174527220, 187540254, 16381369, 36782507, 208427386, 548495749, 208427387]","[5, 5, 5, 5, 5, 5, 5, 6, 5, 5]"
727,14,"[4, 5, 7, 15, 20, 21, 22]",7,0.5992089454084635,0.12481244560331106,1.9900206253597779,"[435768042, 342043115, 182855474, 22388379, 239426176, 573033301, 280469546, 280469543, 485205137, 479363319]","[4, 21, 20, 5, 21, 5, 5, 5, 5, 5]"
728,14,"[2, 8, 17, 19, 21]",5,0.25237613962963223,0.07384979259222746,1.1213444299064577,"[475954615, 494301129, 414079641, 347263570, 115489828, 482255584, 350504084, 69616124, 595501936, 99183468]","[8, 8, 8, 8, 8, 8, 8, 8, 8, 8]"
729,14,"[8, 14, 17, 19, 21]",5,0.3148301402106881,0.07603489002212882,1.3439674213994295,"[301893573, 292081751, 439587855, 241496664, 142253742, 164086875, 224748079, 28049539, 391607797, 44339416]","[8, 8, 21, 14, 14, 8, 8, 8, 8, 8]"
730,14,"[8, 14, 21]",3,0.1954164351336658,0.049988856073468924,1.6133348898341258,"[309653842, 272283737, 479751424, 575196920, 363920619, 49590174, 112407100, 349149698, 242861668, 459842102]","[8, 8, 14, 21, 14, 8, 8, 8, 8, 8]"
731,14,"[16, 19]",2,0.14016464166343212,0.033163311425596476,1.6844580495962873,"[271723947, 286784459, 31094755, 551857572, 310333591, 274064393, 190990167, 406387426, 87671807, 393167668]","[19, 19, 19, 16, 16, 19, 16, 19, 19, 16]"
732,14,"[11, 12, 19, 21]",4,0.2671867636963725,0.07179356040433049,1.2595127734239213,"[19132216, 224283437, 316276338, 547384795, 409121290, 242123266, 316217329, 206899382, 108568694, 483168469]","[11, 12, 11, 11, 11, 11, 12, 11, 12, 12]"
733,14,"[9, 14, 15, 17, 19, 20]",6,0.4473297889344394,0.09739885618910193,1.8528742738611375,"[185126942, 73453623, 81810707, 205759726, 438930667, 152636530, 358342134, 391151002, 265369140, 81610624]","[9, 9, 14, 9, 9, 9, 19, 20, 14, 9]"
734,14,"[9, 13, 17, 19, 24]",5,0.2910079234279692,0.12651805765926838,1.5708462049718945,"[222732639, 433092664, 295555361, 264311675, 69845528, 513371880, 492975775, 190103610, 377380634, 241963157]","[17, 17, 17, 17, 17, 17, 13, 24, 17, 17]"
735,14,"[17, 19, 21, 24]",4,0.22369627002626657,0.0570460413582623,1.5974525376805104,"[523442272, 469630837, 348413791, 89497066, 35190427, 393431202, 569028283, 238500784, 160125705, 382669929]","[19, 21, 19, 21, 19, 21, 19, 21, 19, 19]"
736,14,"[14, 20, 21]",3,0.14612018829211593,0.040149872191250324,1.2097181659967948,"[250495421, 532925761, 112828282, 203940805, 539889840, 91922461, 365822797, 435983546, 57556452, 37759442]","[20, 20, 20, 14, 14, 21, 14, 21, 14, 14]"
737,14,"[1, 12, 14, 19, 23]",5,0.25714895967394114,0.11696908622980118,1.0771454674657435,"[274967503, 197159784, 223354459, 325094629, 84008816, 569752094, 29507369, 76001378, 533138201, 76073665]","[1, 1, 1, 1, 1, 1, 1, 1, 1, 1]"
738,14,"[18, 20]",2,0.10035231010988355,0.026554258540272713,1.1839226317824796,"[490032805, 530482745, 144147272, 433394339, 100305852, 215237817, 138127504, 283048010, 530661354, 517280616]","[20, 20, 18, 20, 20, 18, 20, 20, 20, 20]"
739,14,"[8, 16, 17, 19, 21]",5,0.2978879199363291,0.14899386605247855,1.4470660464372487,"[169034073, 75519751, 58740187, 420560889, 4573991, 169030897, 322188794, 176796399, 68359383, 11795632]","[8, 8, 8, 8, 8, 17, 8, 8, 8, 8]"
740,14,"[1, 6, 11, 14, 19, 21, 22, 24]",8,0.5855540386401117,0.21127007249742746,1.8212215616949834,"[134034383, 211568616, 297458372, 14653669, 548468718, 277370827, 280318153, 528575565, 548449562, 42881514]","[1, 1, 1, 1, 1, 1, 1, 1, 1, 1]"
741,14,"[0, 1, 11, 12, 14]",5,0.381111322902143,0.11313127679750323,1.4865697217639535,"[265676713, 390073910, 403296399, 4227885, 196936640, 363947252, 281300524, 351254502, 416223390, 257734171]","[0, 0, 0, 0, 0, 0, 0, 0, 0, 0]"
742,14,"[7, 12, 19, 21]",4,0.17043085489422083,0.050791069865226746,0.933089183527045,"[328926690, 142841584, 366393788, 82961013, 192539996, 210699347, 37092921, 408813883, 527960810, 422015706]","[21, 21, 21, 21, 21, 21, 21, 21, 21, 21]"
743,14,"[2, 14, 18, 19, 21, 24]",6,0.42457256792113185,0.0944023635238409,1.6582922262217228,"[231721073, 470619063, 464199733, 470658626, 333928270, 204560378, 334065146, 70512822, 231721072, 55356397]","[18, 2, 18, 2, 18, 18, 24, 18, 18, 14]"
744,14,"[6, 18, 20, 21]",4,0.24902630131691694,0.12585863005369902,1.433670773054473,"[436863779, 69774209, 99713472, 179112281, 586714768, 259567035, 250149985, 597193909, 125030038, 96364514]","[18, 20, 18, 18, 18, 18, 18, 6, 18, 20]"
745,14,"[1, 7, 12, 21]",4,0.18641853984445333,0.0546706379391253,0.9399886573664844,"[305975296, 129221555, 361836702, 495070446, 207471102, 51090134, 30262928, 163884444, 297134022, 129013726]","[12, 12, 12, 12, 12, 7, 7, 12, 7, 12]"
746,14,"[6, 12, 18, 19, 20, 22]",6,0.37034494196996093,0.09195707086473703,1.411139891250059,"[232624377, 33312517, 146177913, 356326206, 484594305, 381308412, 289828106, 463278358, 356049878, 472638865]","[20, 20, 20, 20, 20, 20, 20, 20, 20, 20]"
747,14,"[9, 14, 15]",3,0.32044072449207306,0.08586322190240026,2.8667595410564295,"[575187413, 199454458, 564932550, 199462273, 444388261, 157370619, 330475937, 35532211, 107222643, 587392179]","[9, 9, 9, 14, 14, 9, 14, 9, 9, 9]"
748,14,"[2, 12, 16, 20, 21]",5,0.2931505241431296,0.07273471681401134,1.2050921494606883,"[127044680, 331992073, 394531784, 190151555, 256078915, 66637549, 436668879, 398841118, 514433967, 398912427]","[12, 12, 12, 21, 21, 12, 12, 21, 12, 12]"
749,14,"[0, 1, 4, 14, 16, 23]",6,0.5465487795881927,0.10897077899426222,1.6849721525407706,"[555807422, 588047940, 46045003, 74666318, 547712943, 555807416, 140457520, 343417206, 555807420, 549181239]","[14, 23, 14, 14, 14, 23, 1, 23, 14, 4]"
750,14,"[3, 4, 8, 14, 17, 19, 21]",7,0.4930751696228981,0.15149413514882326,1.4947532512513655,"[3948191, 94418452, 302611918, 134222644, 302659270, 109372265, 469786629, 79750627, 566169163, 71757227]","[21, 14, 14, 19, 19, 14, 19, 14, 14, 14]"
751,14,"[5, 6]",2,0.2128807040862739,0.03477621637284756,2.03853119793348,"[186250303, 27545485, 390290954, 60578090, 76431484, 247203506, 450346825, 234466048, 407663598, 126436668]","[5, 5, 5, 5, 5, 5, 5, 5, 5, 5]"
752,14,"[2, 22]",2,0.12490239879116416,0.033119920175522566,1.3506120253587142,"[188276849, 426027857, 446586320, 75409110, 321081448, 501628430, 289790944, 73261937, 511282565, 34268949]","[2, 2, 2, 2, 2, 2, 2, 2, 2, 2]"
753,14,"[2, 14, 15, 17, 18, 21]",6,0.5208386522717774,0.1081812703050673,1.9561620991056163,"[15269684, 477254712, 201963919, 68741689, 465257901, 244398823, 192206802, 121210942, 50436031, 66076885]","[21, 21, 21, 21, 21, 21, 21, 17, 21, 17]"
754,14,[14],1,0.07630580477416515,0.017358379438519478,1.9687569465022534,"[15635307, 312724952, 316922452, 15291053, 220189977, 216946039, 456888009, 179484769, 398032705, 15389557]","[14, 14, 14, 14, 14, 14, 14, 14, 14, 14]"
755,14,"[0, 1, 5, 6, 11, 19, 20, 21]",8,0.5260716364718974,0.1577186044305563,1.3826308127609082,"[554846630, 539696679, 223674121, 223680731, 223700058, 95700958, 223674897, 585205900, 40041957, 226689730]","[0, 0, 0, 19, 19, 0, 20, 0, 21, 0]"
756,14,"[1, 5, 7, 14, 15, 16, 17, 20, 21]",9,0.6382688279263675,0.15334345353767276,1.7463347378135141,"[143840965, 413826743, 507145613, 23358153, 498454879, 125223810, 596226604, 505764537, 208889889, 527260722]","[21, 21, 21, 21, 21, 21, 21, 21, 21, 21]"
757,14,"[8, 14, 15, 17, 19, 21]",6,0.45601494377478957,0.17109972331672907,1.9805451176750164,"[322719624, 370815650, 577072196, 470526803, 324403409, 27740414, 302274126, 273230502, 328603977, 156101226]","[21, 8, 15, 21, 15, 8, 14, 8, 15, 8]"
758,14,[9],1,0.06209911918267608,0.015147489961236715,1.4680880776140839,"[160416779, 813693, 323002308, 409250691, 414800427, 275472747, 172223973, 233627995, 287647708, 541085700]","[9, 9, 9, 9, 9, 9, 9, 9, 9, 9]"
759,14,[2],1,0.05116044729948044,0.013952796813100576,0.8556419890373945,"[581598743, 306077794, 204153808, 428247136, 33707675, 412322717, 472399417, 253949050, 175409411, 321251817]","[2, 2, 2, 2, 2, 2, 2, 2, 2, 2]"
760,14,"[1, 4, 14, 15, 16, 20, 22, 24]",8,0.7819641102105379,0.19954496575519443,2.403265369386645,"[495038674, 9050530, 354277872, 206230060, 183789871, 544258461, 217592047, 68105347, 289377311, 54600391]","[20, 4, 16, 20, 20, 4, 16, 20, 4, 4]"
761,14,[14],1,0.07659700466319919,0.016416232101619244,1.9687569465022534,"[203684967, 182749746, 144733671, 214839887, 214909000, 127517746, 22329715, 123746413, 10515147, 420808461]","[14, 14, 14, 14, 14, 14, 14, 14, 14, 14]"
762,14,"[18, 20]",2,0.10137797752395272,0.02540436713024974,1.1839226317824796,"[483929454, 281576046, 288465784, 284939827, 281576039, 426437149, 128685229, 352335645, 281576050, 416758914]","[18, 20, 20, 18, 20, 20, 18, 20, 20, 18]"
763,14,"[5, 6, 15, 23]",4,0.383995593059808,0.07931583328172565,2.4588413250749,"[327510496, 525529653, 147786727, 9337302, 158439522, 119244369, 254839511, 568282822, 358237011, 271537006]","[23, 5, 5, 23, 23, 5, 5, 5, 23, 5]"
764,14,"[8, 17, 19]",3,0.1728160809725523,0.04378326144069433,1.2426057305031766,"[470536358, 288475887, 154178925, 325147796, 525046357, 70495944, 294191025, 19182789, 76054023, 484460163]","[17, 17, 17, 8, 8, 17, 8, 8, 17, 8]"
765,14,"[2, 15, 17, 21, 22]",5,0.4586306386627257,0.09333554189652205,1.9766174057498573,"[141090441, 449849523, 82211827, 2312390, 450015810, 107564364, 507668000, 571211820, 87858039, 204742016]","[2, 2, 2, 2, 2, 2, 2, 15, 2, 15]"
766,14,"[1, 7, 11, 19]",4,0.23869505571201444,0.05800578882917762,1.1752843787544407,"[334710393, 46941624, 525776769, 477671369, 184019416, 587243906, 267276402, 206332309, 125111776, 101462947]","[19, 19, 19, 19, 1, 1, 1, 1, 1, 1]"
767,14,"[5, 20, 23]",3,0.12538813147693872,0.03457119129598141,0.9884971413606157,"[538730025, 546916548, 216105455, 126273253, 494551035, 440684662, 429719592, 487053834, 590412432, 79017602]","[5, 5, 5, 5, 5, 5, 5, 5, 20, 5]"
768,14,"[2, 18, 21, 24]",4,0.3195930076763034,0.06462879432365298,1.7740825958317146,"[3390687, 90128001, 22114232, 90061036, 394575987, 317157711, 144379617, 405139482, 1984326, 447911212]","[21, 21, 21, 21, 21, 21, 21, 21, 21, 21]"
769,14,"[6, 20, 23]",3,0.15153326746076345,0.038592231925576925,1.1918595825166751,"[469906838, 396702417, 439483464, 151244184, 65622397, 335714306, 255663517, 15813981, 597297607, 100886639]","[6, 23, 6, 6, 6, 6, 6, 6, 6, 23]"
770,14,"[1, 3, 4, 6]",4,0.43396941013634205,0.07200255431234837,1.749818608572241,"[145195018, 160871623, 309803570, 369284107, 264074098, 245536896, 372949320, 119994880, 197780391, 584567699]","[4, 3, 4, 3, 4, 4, 3, 4, 1, 3]"
771,14,"[2, 8, 14, 17, 19, 21]",6,0.32441856479272246,0.08668850688263774,1.2625798493390903,"[226999641, 416173179, 302932857, 303558475, 125555073, 69191403, 430068002, 197982629, 383480050, 519248949]","[21, 21, 21, 21, 8, 21, 8, 21, 19, 2]"
772,14,"[8, 14, 19, 21]",4,0.2343176295980811,0.1309806345961988,1.4311676742509007,"[404794810, 31058126, 368163645, 543943816, 87605363, 10021617, 289391580, 344616162, 542896498, 377729083]","[8, 19, 8, 19, 8, 8, 8, 8, 14, 8]"
773,14,"[17, 19, 21, 23, 24]",5,0.27424257108941674,0.07208802364766598,1.396935891220346,"[195173222, 492751080, 205233105, 457281331, 441811088, 546584453, 340541339, 181493268, 567329472, 288187214]","[19, 21, 21, 24, 19, 21, 21, 17, 24, 19]"
774,14,[14],1,0.07678276719525456,0.017621453385800123,1.9687569465022534,"[448226931, 309062199, 81832684, 123840197, 220335724, 389361889, 123840205, 556173834, 123840198, 288329360]","[14, 14, 14, 14, 14, 14, 14, 14, 14, 14]"
775,14,"[8, 14, 15, 17, 19, 20]",6,0.44109907327219844,0.10035195667296648,1.9161903865945835,"[330627045, 453801749, 422914810, 414352737, 338967500, 370292875, 109319028, 279874579, 265841295, 73826653]","[15, 8, 8, 14, 8, 8, 8, 17, 14, 8]"
776,14,"[3, 21]",2,0.104128357488662,0.027622391935437918,1.0193557970924303,"[231446595, 253762950, 168448379, 300484739, 519505046, 117280640, 560816635, 23805310, 236212957, 95492765]","[3, 3, 3, 3, 3, 3, 3, 3, 3, 3]"
777,14,"[3, 4, 6, 14, 18, 20]",6,0.4988673897460103,0.11757356813177466,1.737268786916199,"[59536897, 315366675, 271957382, 220611533, 59536898, 276386751, 244982098, 461574611, 47917621, 133962900]","[20, 20, 20, 20, 20, 6, 20, 20, 4, 6]"
778,14,"[18, 20]",2,0.11299047712236643,0.02460221853107214,1.1839226317824796,"[361527157, 68971592, 37715489, 134414390, 472060781, 319229323, 446901347, 223113900, 78162269, 581028629]","[20, 20, 20, 20, 20, 20, 20, 20, 20, 20]"
779,14,"[8, 18, 20]",3,0.1764637134037912,0.046514153480529785,1.405276672526573,"[73062366, 50402763, 513912888, 50429658, 41559533, 29858437, 448305655, 384486365, 50402761, 580441216]","[20, 20, 18, 20, 20, 20, 20, 20, 20, 20]"
780,14,"[8, 14, 16, 19, 23]",5,0.3177116564475,0.10046174889430404,1.5561054210178553,"[294009838, 330994717, 435849178, 388387883, 477879499, 478691689, 341638175, 405803203, 478545127, 311200971]","[19, 19, 8, 8, 8, 8, 23, 19, 16, 16]"
781,14,"[7, 9]",2,0.10813848720863461,0.02471818821504712,1.133672340074554,"[77482733, 198733262, 61417956, 46651786, 508566343, 112442356, 64881757, 394298191, 390092863, 394325961]","[7, 7, 9, 9, 9, 9, 9, 9, 7, 9]"
782,14,"[8, 9, 17]",3,0.17633081646636128,0.04550218116492033,1.4370797472074628,"[94564213, 534350521, 441905717, 338303698, 90969118, 170393771, 482155500, 240981454, 353093644, 877821]","[17, 8, 8, 8, 8, 17, 17, 8, 17, 17]"
783,14,"[0, 1, 3, 12, 20]",5,0.3183984439820051,0.08476702589541674,1.0023447815794497,"[590185192, 280384104, 248741750, 248733473, 117598454, 84329985, 196631016, 84329999, 374802457, 84329986]","[12, 12, 12, 12, 12, 12, 12, 12, 12, 12]"
784,14,"[12, 21]",2,0.1264483267441392,0.0322787007316947,1.024217052035965,"[199166211, 459227806, 415614426, 417355448, 337111750, 466184102, 328192286, 392927095, 265397071, 464121153]","[12, 12, 12, 12, 12, 12, 12, 12, 12, 12]"
785,14,[19],1,0.038297479040920734,0.013263674452900887,0.8846660275012255,"[156315290, 479594550, 120395787, 286274216, 132539877, 544418098, 197754825, 385546444, 39189654, 293081936]","[19, 19, 19, 19, 19, 19, 19, 19, 19, 19]"
786,14,[14],1,0.07653819024562836,0.018727792892605066,1.9687569465022534,"[551214505, 475566736, 234480471, 463874190, 423901142, 358464511, 432890679, 542646214, 498712020, 442806014]","[14, 14, 14, 14, 14, 14, 14, 14, 14, 14]"
787,14,"[6, 8, 12, 21]",4,0.2757978420704603,0.07019765069708228,1.559998429438565,"[221755123, 386086785, 212449983, 229540847, 438010534, 329888215, 359901671, 251994508, 299128860, 343763961]","[8, 8, 8, 21, 21, 8, 12, 21, 21, 21]"
788,14,"[5, 6, 8, 15, 20, 21]",6,0.5250588953495026,0.11305873235687613,2.124813050070467,"[135562875, 337019839, 74919655, 316793540, 278535879, 534085834, 487557268, 192508039, 254145330, 142137900]","[20, 15, 6, 6, 20, 6, 21, 15, 20, 15]"
789,14,"[0, 7, 15, 16, 17, 19, 23]",7,0.5007162312977016,0.17927265306934714,1.7633353797718883,"[389593471, 79828631, 538843180, 321018057, 236530606, 370983554, 532680771, 61417080, 468789836, 144615735]","[7, 7, 23, 0, 7, 7, 0, 0, 0, 0]"
790,14,"[1, 4, 6, 9, 15, 16, 24]",7,0.7494771219789982,0.196559673640877,2.6551874716699655,"[599221685, 380698481, 512991142, 262815169, 315444936, 177122931, 61356790, 247507137, 362171906, 247503072]","[9, 9, 9, 9, 9, 9, 9, 9, 9, 9]"
791,14,"[0, 14, 15, 16, 19, 23]",6,0.5193005669862032,0.11163523839786649,2.0862802653961503,"[515338290, 254771232, 386407030, 328543645, 21584194, 360256004, 219903309, 294246102, 404158653, 396495284]","[15, 0, 14, 16, 14, 0, 0, 0, 16, 15]"
792,14,"[0, 9, 12, 14, 21]",5,0.32356432313099504,0.07600631471723318,1.3813969540875406,"[84427599, 405761428, 9831061, 518940904, 122518687, 13377183, 269433434, 525393269, 406743992, 9938394]","[9, 9, 9, 9, 9, 9, 9, 9, 9, 9]"
793,14,"[4, 6, 12, 14, 20, 21]",6,0.4861366138793528,0.10208694078028202,1.6209812532179058,"[440358999, 88132546, 569026839, 359211126, 496448534, 510056176, 181890903, 229322265, 510057177, 260064345]","[6, 6, 6, 6, 20, 12, 12, 6, 12, 6]"
794,14,"[2, 8, 17, 19, 21]",5,0.25686806440353394,0.11887430772185326,1.1213444299064577,"[498308087, 297506843, 544140804, 218177474, 283199221, 7409874, 486149309, 164077483, 244391608, 122663595]","[2, 2, 2, 21, 21, 2, 17, 21, 2, 21]"
795,14,"[5, 6, 14]",3,0.2504548840224743,0.05798354931175709,2.015273114123071,"[357626915, 7668981, 228603212, 287942832, 108232611, 492746512, 377277065, 139212702, 76689036, 137885397]","[14, 14, 14, 14, 5, 14, 14, 14, 14, 5]"
796,14,"[9, 14]",2,0.1374905831180513,0.03152784984558821,1.7184225120581686,"[333331633, 461496564, 369104080, 143580053, 81566344, 422515946, 458830747, 343364802, 138351033, 7319301]","[14, 9, 9, 14, 9, 9, 9, 9, 9, 9]"
797,14,"[12, 20, 21, 23]",4,0.15164827601984143,0.048486899584531784,0.8201094979885966,"[282975484, 113313962, 439578988, 388865837, 526192199, 113313963, 48842498, 127950716, 483516645, 208133910]","[12, 12, 12, 12, 12, 12, 12, 12, 12, 12]"
798,14,"[0, 7, 13]",3,0.17150442814454436,0.08022294100373983,1.0801860034310569,"[433323913, 481175924, 168133538, 215456178, 463583639, 387115136, 466143566, 96347394, 415628246, 484251347]","[7, 7, 7, 7, 7, 7, 7, 7, 7, 7]"
799,14,"[7, 14, 23]",3,0.1503344140946865,0.037746597081422806,1.1209609514723222,"[351245664, 376513868, 20055048, 128344438, 430434285, 361801532, 392515992, 78398179, 345782426, 478066324]","[23, 23, 23, 23, 23, 23, 23, 23, 23, 23]"
800,14,"[9, 11, 12, 14, 16, 19]",6,0.42106193117797375,0.1449489868246019,1.6559805367530014,"[482762040, 342908927, 471471192, 208076775, 590667230, 561176458, 316818274, 561001039, 344758109, 492678241]","[9, 9, 14, 9, 9, 9, 14, 14, 9, 9]"
801,14,"[1, 9, 14, 15, 16, 19, 23]",7,0.5728175034746528,0.12451961636543274,1.925189707228648,"[434873979, 385576658, 74849049, 252551665, 165673250, 540392497, 455334205, 560115302, 238382615, 392853422]","[14, 14, 16, 14, 14, 14, 14, 19, 14, 23]"
802,14,"[14, 15, 18, 19, 20, 21, 23]",7,0.5058858529664576,0.10538900690153241,1.7146905872837774,"[171221271, 276874975, 218150909, 223842080, 159276580, 27514283, 74539230, 226045049, 86049469, 259050741]","[21, 20, 20, 20, 20, 20, 21, 21, 20, 21]"
803,14,"[8, 19, 21]",3,0.16053516510874033,0.10374691663309932,1.2519712501671165,"[288841758, 432090101, 568582888, 568673377, 287682677, 389639122, 250940003, 109638855, 432090100, 466962496]","[19, 21, 21, 21, 21, 21, 21, 21, 21, 21]"
804,14,"[2, 6, 8, 11, 17, 19]",6,0.3952733385376632,0.10093035874888301,1.5053308337228373,"[440242907, 394982529, 78528402, 171973685, 440354113, 151125495, 241278131, 205221623, 349995925, 76481086]","[11, 2, 11, 8, 11, 19, 11, 2, 6, 8]"
805,14,"[3, 11, 12, 15, 21]",5,0.43372937897220254,0.144796472042799,2.0664534580893816,"[327196729, 492617663, 306929603, 546332249, 579380135, 551047924, 21129175, 539240461, 203050617, 295071862]","[3, 12, 12, 12, 12, 12, 12, 21, 11, 3]"
806,14,"[8, 12, 14, 17, 19, 21]",6,0.3310768692754209,0.09376699943095446,1.2908347070139523,"[457758106, 525363080, 130857160, 11005921, 189485965, 412544761, 79439685, 121976774, 223020242, 455461316]","[8, 21, 17, 19, 21, 17, 21, 12, 21, 21]"
807,14,"[6, 8, 15, 17]",4,0.39640249451622367,0.10343849938362837,2.587539905682206,"[582174558, 24206729, 526280154, 545821299, 462955477, 411326112, 423700160, 253442550, 241796868, 84473634]","[8, 8, 8, 8, 8, 8, 8, 8, 8, 17]"
808,14,"[1, 14]",2,0.13099554600194097,0.0384292877279222,1.4405104346806183,"[471538335, 454252821, 561549556, 378813124, 377725690, 19795167, 385974109, 320167445, 407454810, 23156939]","[1, 1, 1, 1, 1, 1, 1, 1, 1, 1]"
809,14,"[4, 5, 6, 22, 23]",5,0.45569011522457004,0.14543705061078072,1.8491001578979194,"[423063866, 595781421, 400895659, 253478887, 30835860, 467319785, 14665769, 4919323, 366391536, 341461041]","[5, 5, 5, 4, 5, 5, 5, 5, 5, 5]"
810,14,[2],1,0.052270914893597364,0.015034944750368595,0.8556419890373945,"[569747888, 343843896, 397365936, 569747913, 7778957, 32747278, 127070054, 75369376, 581475779, 419761138]","[2, 2, 2, 2, 2, 2, 2, 2, 2, 2]"
811,14,"[2, 4, 9, 15, 16, 17, 23, 24]",8,0.7135555590502918,0.14723839983344078,2.222018902946729,"[83388439, 254249257, 482772616, 238910541, 222283007, 329488606, 274675334, 73150447, 585442522, 524360025]","[9, 15, 15, 9, 9, 16, 16, 17, 17, 4]"
812,14,"[0, 4, 5, 7, 20, 23]",6,0.42206366499885917,0.15565398894250393,1.3190734492382035,"[433487277, 411791788, 447995370, 415492035, 584409108, 383510698, 450072464, 539202498, 12961426, 450974137]","[5, 0, 0, 5, 5, 0, 5, 5, 5, 0]"
813,14,"[2, 18, 19]",3,0.16446542227640748,0.04248735215514898,1.157006232533604,"[325920311, 512099405, 452673403, 93108396, 190182926, 537890579, 305684177, 356231323, 228268366, 558402661]","[2, 2, 19, 2, 2, 2, 18, 2, 2, 2]"
814,14,"[1, 4, 6, 22]",4,0.3857981627807021,0.14309124602004886,1.9573519676923752,"[352600079, 135181324, 159193702, 72904289, 502655213, 339656355, 2270009, 226875592, 340599533, 339722334]","[4, 4, 4, 22, 4, 4, 4, 4, 22, 4]"
815,14,"[4, 6, 16, 22, 24]",5,0.5241414215415716,0.11055030766874552,2.577621752768755,"[302031604, 326813122, 390012618, 301544297, 164701156, 324619110, 474359876, 435329890, 500065295, 436657279]","[24, 24, 4, 4, 4, 4, 24, 4, 4, 4]"
816,14,"[7, 20, 23]",3,0.08369086077436805,0.03824915876612067,0.6770868301391602,"[456601074, 117369514, 499615542, 75653653, 48979196, 48975547, 190097047, 174666670, 79524326, 48986741]","[7, 7, 7, 7, 7, 7, 7, 7, 23, 7]"
817,14,[14],1,0.11482446873560548,0.01988357398658991,1.9687569465022534,"[189756710, 546620521, 141747554, 535394321, 78131193, 69964102, 297618934, 536687610, 501852105, 141747543]","[14, 14, 14, 14, 14, 14, 14, 14, 14, 14]"
818,14,"[4, 11, 14]",3,0.31925851199775934,0.06135197915136814,2.267231645062566,"[325937048, 71571922, 162773863, 245169167, 222803614, 160983765, 535325205, 345784330, 307655073, 382767075]","[11, 11, 14, 14, 14, 14, 14, 14, 14, 11]"
819,14,"[12, 20]",2,0.08489985903725028,0.02608033735305071,0.8311528587946668,"[363502546, 370309140, 43217211, 260118514, 169104147, 87392741, 436027833, 138697469, 274526481, 271702537]","[20, 20, 20, 20, 20, 20, 20, 20, 20, 20]"
820,14,"[12, 21]",2,0.10124978562816978,0.03258097358047962,1.024217052035965,"[184527710, 542218430, 542193105, 542193095, 265708503, 203932097, 204891568, 99900872, 105144253, 124735734]","[12, 12, 12, 12, 12, 12, 12, 12, 12, 12]"
821,14,"[0, 3, 4, 12, 16, 20, 23]",7,0.51810034038499,0.15362012526020408,1.4152237698103167,"[518903693, 239028560, 176533017, 350157917, 416319116, 401719245, 133608144, 443063391, 198903004, 193216966]","[12, 0, 3, 3, 20, 12, 3, 20, 3, 3]"
822,14,"[2, 8, 17]",3,0.16667263116687536,0.11144509445875883,1.232931051015233,"[435953124, 461552910, 133784506, 6711057, 204458540, 285290085, 239405223, 204484192, 7508107, 412583065]","[8, 8, 8, 8, 17, 8, 8, 8, 8, 8]"
823,14,[12],1,0.07703582383692265,0.013161113020032644,1.0251711350865662,"[122861129, 123211615, 122960842, 199144490, 159061239, 251115261, 388968961, 122861131, 123211614, 548933798]","[12, 12, 12, 12, 12, 12, 12, 12, 12, 12]"
824,14,"[0, 6, 9, 20, 22]",5,0.34561360254883766,0.08199856523424387,1.543217044742778,"[406116702, 469393381, 333280719, 19492396, 508876997, 392125912, 321232038, 155789864, 306471134, 392381230]","[20, 20, 20, 20, 9, 20, 20, 20, 20, 9]"
825,14,"[3, 7, 8, 15, 21]",5,0.44908416643738747,0.08302487432956696,1.969877309957519,"[373655150, 546767913, 91023937, 389585265, 191239138, 249506230, 198741429, 572202631, 500710698, 375374551]","[7, 21, 8, 3, 8, 7, 8, 21, 21, 8]"
826,14,"[8, 22]",2,0.14962513325735927,0.03604422137141228,1.846783407847397,"[489703938, 327507300, 54730020, 219219122, 399547913, 417561360, 340742549, 236646993, 187344130, 212691039]","[8, 8, 8, 8, 8, 8, 8, 8, 8, 8]"
827,14,"[7, 9, 19, 21, 22]",5,0.24784911423921585,0.06968526262789965,1.2041711476631463,"[249867224, 229673572, 151311741, 490398941, 304726556, 72253503, 229673571, 441560774, 389430182, 289582700]","[19, 7, 7, 7, 7, 7, 9, 7, 7, 7]"
828,14,"[7, 16]",2,0.13649093126878142,0.07965164352208376,1.6417533371131867,"[113927593, 216752100, 443458963, 216845487, 599937149, 27087399, 538193308, 27087371, 535506434, 350172041]","[7, 7, 7, 7, 7, 7, 7, 7, 7, 7]"
829,14,"[2, 7, 8, 16, 17, 19, 21, 23]",8,0.40572599368169904,0.11217210348695517,1.1856372661422938,"[276824263, 480784048, 223074803, 127939529, 508643876, 45248692, 584665657, 223049251, 296559762, 421815662]","[21, 21, 19, 19, 19, 17, 21, 19, 21, 21]"
830,14,"[8, 14, 17]",3,0.2231186367571354,0.11280929204076529,1.603969370170186,"[441647516, 367323591, 381829899, 438982471, 394992300, 412646774, 467448389, 200074547, 376998627, 399350441]","[8, 8, 8, 8, 8, 8, 8, 8, 8, 8]"
831,14,"[6, 8, 12, 15, 18, 21]",6,0.5338203455321491,0.15218184795230627,2.1890229996449,"[8491457, 380073970, 340618239, 124183150, 391680199, 90053451, 358509409, 126637181, 154365432, 160880787]","[21, 12, 21, 21, 21, 12, 8, 21, 21, 21]"
832,14,"[4, 9, 11, 16, 17, 18, 24]",7,0.6175916194915771,0.1315429089590907,2.142552567612646,"[227737429, 443250896, 143782070, 482782679, 142534199, 523319676, 290639501, 418897785, 114655057, 470333609]","[9, 9, 9, 11, 9, 9, 11, 9, 9, 11]"
833,14,"[9, 14, 16, 24]",4,0.33290849160403013,0.11142266122624278,2.3519524600123987,"[184550281, 330187591, 499907814, 364229217, 455690861, 489438597, 118719336, 431868302, 586721881, 52058820]","[9, 9, 9, 9, 9, 9, 9, 24, 9, 9]"
834,14,"[16, 18]",2,0.17819389794021845,0.040002734400331974,2.1074803763767704,"[434542501, 217125674, 286338671, 95975796, 571534275, 489000797, 230364669, 491729954, 71618190, 66595233]","[18, 18, 18, 18, 18, 18, 18, 18, 18, 18]"
835,14,"[2, 8, 17, 19, 21]",5,0.29301084391772747,0.08014671737328172,1.1213444299064577,"[259408569, 540749770, 21827134, 236055833, 345795358, 368893459, 280808789, 228982019, 236055832, 581076009]","[8, 2, 8, 8, 2, 2, 8, 2, 8, 8]"
836,14,"[2, 6, 14, 15, 20, 21, 23]",7,0.504472984932363,0.11525903083384037,1.7980963215897126,"[298789801, 258421174, 5280558, 320072106, 553396528, 422116678, 407456226, 114620244, 401769643, 429170665]","[20, 20, 20, 20, 20, 20, 20, 2, 15, 20]"
837,14,"[9, 14, 15, 16, 21]",5,0.4649780918844044,0.14507989631965756,2.4215583327692003,"[398947805, 332085164, 438120839, 365244165, 352183666, 470580410, 74696040, 74696041, 53959463, 517014268]","[9, 16, 15, 15, 16, 14, 14, 14, 9, 15]"
838,14,"[1, 7, 9, 21]",4,0.1900835814885795,0.0597331584431231,1.0507178929983638,"[590357826, 219437928, 24570460, 187123607, 187179861, 118783712, 367528210, 175462001, 527438754, 24570459]","[1, 1, 9, 9, 1, 1, 1, 1, 1, 1]"
839,14,"[8, 14, 15, 17]",4,0.4400998060591519,0.0722250840626657,2.493835427390877,"[138366709, 266734567, 313988359, 484722634, 561258797, 482250680, 297219429, 198235008, 47680120, 482254926]","[8, 8, 8, 8, 8, 8, 8, 8, 8, 8]"
840,14,[2],1,0.051164190750569105,0.01589626120403409,0.8556419890373945,"[261381281, 573127377, 92937991, 441340568, 138868983, 359977576, 144662308, 359972516, 456298196, 478786710]","[2, 2, 2, 2, 2, 2, 2, 2, 2, 2]"
841,14,"[8, 13, 16, 17, 19, 21, 22, 23]",8,0.4953325605019927,0.12766750063747168,1.3369221705943346,"[43171719, 528130805, 550587994, 266529464, 399728756, 514453858, 525458684, 514897301, 538584591, 590174017]","[8, 16, 22, 16, 8, 16, 16, 8, 8, 8]"
842,14,"[7, 15, 21]",3,0.26005681324750185,0.05121356900781393,2.3286510568577796,"[319561564, 144194592, 258887673, 60909584, 35313378, 35176189, 260364265, 421958143, 61757192, 168163685]","[7, 7, 7, 7, 7, 7, 15, 7, 7, 7]"
843,14,"[6, 8, 19, 23]",4,0.3039114070124924,0.062228623777627945,1.417773736640811,"[100058525, 430366583, 430489606, 42891670, 578026516, 533552145, 301447604, 320509271, 16580535, 482635667]","[19, 8, 23, 8, 8, 8, 23, 23, 8, 8]"
844,14,"[0, 3, 14, 20, 21]",5,0.2934369598515332,0.07295759813860059,1.2132617530878633,"[240275954, 69367354, 572004929, 240256613, 386763457, 204986736, 372667634, 520999896, 95514323, 410461663]","[3, 3, 0, 3, 3, 3, 3, 3, 0, 3]"
845,14,[8],1,0.07596365874633193,0.019610421732068062,1.8479847540147603,"[418460214, 210911512, 450105911, 151739648, 431430781, 532212276, 403088872, 476733758, 515245053, 583426662]","[8, 8, 8, 8, 8, 8, 8, 8, 8, 8]"
846,14,[5],1,0.07390470616519451,0.01776750199496746,1.7334875361993909,"[176896948, 378506052, 113103367, 428254010, 499747030, 131341583, 176835666, 91486397, 275719177, 64263]","[5, 5, 5, 5, 5, 5, 5, 5, 5, 5]"
847,14,"[2, 8, 15, 19, 21]",5,0.4397607990540564,0.09420290635898709,1.954997867718339,"[211478103, 5266807, 211464483, 395902506, 186844356, 436410532, 132540708, 432528360, 577844901, 65920622]","[8, 8, 8, 8, 8, 8, 8, 8, 8, 8]"
848,14,"[2, 14, 17, 21, 24]",5,0.3136568879708648,0.08316487539559603,1.665908611752093,"[19555780, 175512374, 199477483, 149086318, 19579651, 19582121, 45690194, 284388133, 19573617, 439081007]","[2, 2, 2, 2, 2, 2, 2, 2, 2, 2]"
849,14,"[8, 15, 17, 19]",4,0.3382409308105707,0.07687838422134519,2.22281269764062,"[329738769, 521262335, 269323863, 356377308, 278359722, 482724413, 338490120, 150604432, 320965521, 112406467]","[19, 8, 15, 15, 8, 8, 8, 19, 8, 8]"
850,14,"[2, 8, 14]",3,0.20498601393774152,0.05259184446185827,1.5574612298514694,"[352071651, 415740214, 113992217, 409480815, 421371089, 183599496, 350994816, 358085096, 276836020, 314692744]","[2, 2, 2, 2, 2, 2, 2, 2, 2, 2]"
851,14,[2],1,0.05147011298686266,0.016984201967716217,0.8556419890373945,"[87493762, 188328316, 505651515, 11248292, 92264420, 551622090, 593930927, 228651129, 150579725, 169026459]","[2, 2, 2, 2, 2, 2, 2, 2, 2, 2]"
852,14,"[3, 4]",2,0.26559210289269686,0.03951412392780185,1.8717178258812055,"[37811016, 473504460, 582813404, 215820939, 473482680, 285265932, 562100179, 562094452, 324368555, 206098601]","[3, 3, 3, 3, 3, 3, 3, 3, 3, 3]"
853,14,"[4, 15, 16, 17, 18, 19, 24]",7,0.7660371018573642,0.1428714063949883,2.4961326514437263,"[599170764, 209157692, 481581017, 30639405, 550623510, 167656863, 536650870, 37120910, 430690500, 429830540]","[16, 17, 16, 19, 19, 17, 19, 17, 17, 17]"
854,14,"[9, 14, 16]",3,0.24301856523379683,0.053083720151335,1.9736983652692288,"[298557429, 264837653, 346482625, 224958773, 366603740, 524325079, 271578965, 452451777, 296866940, 506713064]","[14, 9, 9, 14, 14, 16, 14, 9, 14, 16]"
855,14,"[1, 9, 12, 14, 15, 16, 21, 22]",8,0.706554857082665,0.1536941109225154,1.986351097933948,"[13500227, 558483892, 473190041, 243640497, 20101791, 238138424, 13415872, 20101788, 238474670, 282175107]","[14, 12, 14, 14, 14, 14, 14, 14, 14, 14]"
856,14,[2],1,0.051121662836521864,0.01423788582906127,0.8556419890373945,"[271924014, 43398037, 503788850, 260585669, 474652244, 455925797, 215918210, 146973603, 486569386, 395348698]","[2, 2, 2, 2, 2, 2, 2, 2, 2, 2]"
857,14,"[8, 15, 18, 19, 21, 23]",6,0.4663069942034781,0.10099167237058282,1.8741545559993635,"[327145261, 361198864, 229680037, 224056092, 97513876, 143067917, 350118152, 121380790, 220798813, 122609349]","[18, 19, 19, 18, 8, 19, 18, 19, 8, 19]"
858,14,"[1, 7, 14, 15, 16, 19, 23]",7,0.5771727240644395,0.1197881712578237,1.829642353645925,"[581331342, 517645098, 63204988, 429446346, 258776256, 321572892, 138985792, 258756457, 11087266, 284877871]","[14, 14, 1, 7, 16, 7, 14, 14, 14, 14]"
859,14,"[2, 8, 14]",3,0.2064178604632616,0.04891778156161308,1.5574612298514694,"[527568896, 396105967, 332602224, 527670657, 318367759, 564144967, 527568903, 68482796, 593165598, 172878912]","[2, 2, 2, 2, 2, 2, 2, 2, 2, 2]"
860,14,"[3, 6, 18, 19, 21]",5,0.31414767540991306,0.15139061212539673,1.3995326324831694,"[535675477, 355548424, 270006756, 301349402, 507596443, 313944357, 267260077, 83315250, 192245896, 460294119]","[18, 18, 18, 18, 18, 18, 18, 18, 18, 18]"
861,14,"[6, 20]",2,0.12622781470417976,0.03017824376001954,1.4903547210851684,"[541869874, 387580617, 512795844, 10625348, 425468283, 85862371, 101572055, 62124119, 439909254, 339259479]","[20, 20, 20, 6, 6, 6, 20, 6, 20, 6]"
862,14,"[6, 8, 14, 15, 19, 20]",6,0.5024301591329277,0.1712822513654828,2.1409251282069213,"[172670960, 153869902, 464755881, 83369202, 83051258, 576449556, 418769923, 538748481, 464684671, 418679561]","[20, 8, 8, 8, 8, 8, 8, 8, 8, 8]"
863,14,[5],1,0.07448736485093832,0.01811099098995328,1.7334875361993909,"[419712632, 165915394, 316566842, 147136187, 583929514, 224548655, 328080161, 181293187, 524619701, 193084922]","[5, 5, 5, 5, 5, 5, 5, 5, 5, 5]"
864,14,"[2, 8, 15, 17]",4,0.34760401071980596,0.07854504603892565,2.2155566880246624,"[103994370, 64154372, 265249519, 436371389, 348268592, 138290075, 330579822, 288393933, 592062875, 214087759]","[15, 15, 17, 15, 15, 15, 15, 15, 15, 17]"
865,14,"[0, 8, 9, 15, 16, 17]",6,0.5760007197968662,0.1826439006254077,2.2301047591026872,"[512035625, 188503112, 156749422, 366700818, 146102195, 383111135, 191788327, 76200921, 345010569, 261534080]","[8, 0, 0, 8, 17, 9, 17, 8, 0, 15]"
866,14,"[12, 14, 15, 21, 23]",5,0.4145624157972634,0.10409200750291348,1.9550987910013646,"[550000252, 289896117, 595905226, 260324608, 162598762, 263950507, 597616509, 370125796, 129581804, 305567628]","[12, 12, 12, 12, 12, 12, 12, 12, 12, 12]"
867,14,"[11, 19]",2,0.1253044819459319,0.032405325677245855,1.4948084948118776,"[161598115, 48574606, 165649862, 475649919, 196752454, 22918815, 131531957, 117989128, 70758564, 437006189]","[11, 11, 11, 11, 11, 11, 11, 11, 11, 11]"
868,14,"[0, 7, 19, 21]",4,0.19834316754713655,0.057738748379051685,1.0322228103177622,"[356500865, 489478009, 477060509, 477504394, 306310881, 402340401, 328054079, 375257844, 28284158, 70207319]","[7, 7, 7, 7, 7, 7, 7, 21, 0, 0]"
869,14,[19],1,0.066565603017807,0.01210798928514123,0.8846660275012255,"[262321495, 481457656, 291492315, 346847059, 501419107, 20292761, 439176866, 563902705, 20835328, 89001565]","[19, 19, 19, 19, 19, 19, 19, 19, 19, 19]"
870,14,"[7, 11, 12, 19]",4,0.22532728593796492,0.06543302070349455,1.2035111818113364,"[288861073, 112508320, 459659012, 207108803, 542011205, 572656932, 460394659, 127178052, 421203300, 571903749]","[12, 19, 7, 19, 11, 19, 19, 19, 19, 11]"
871,14,"[18, 20, 21]",3,0.14235325949266553,0.039397771935909986,1.1303694108501077,"[525197836, 148862207, 13098477, 285403932, 180888613, 41409768, 379452575, 191399531, 119423179, 424968097]","[20, 20, 20, 20, 20, 20, 20, 20, 20, 20]"
872,14,[14],1,0.07705716788768768,0.017407148145139217,1.9687569465022534,"[503266532, 323826808, 579038074, 153428687, 242533111, 293544847, 503042545, 70176803, 183129781, 123127955]","[14, 14, 14, 14, 14, 14, 14, 14, 14, 14]"
873,14,"[9, 14, 16]",3,0.2431050930172205,0.055649074260145426,1.9736983652692288,"[273977532, 298455624, 419061305, 176264525, 386174826, 4051731, 340258199, 561138415, 553283219, 145837704]","[14, 9, 9, 9, 9, 9, 14, 9, 9, 14]"
874,14,"[6, 18, 20, 21]",4,0.246147601865232,0.06447087228298187,1.433670773054473,"[212902331, 330540745, 58828972, 222591772, 145494845, 231852001, 552677393, 324647310, 305342426, 132432791]","[18, 6, 18, 18, 18, 18, 18, 6, 6, 20]"
875,14,"[2, 8, 15, 18, 19, 21]",6,0.46201254334300756,0.17810657108202577,1.9176166699423145,"[574593890, 302511946, 230069100, 17749590, 189220285, 538794706, 115173751, 533975613, 585227978, 115217588]","[8, 8, 8, 8, 8, 8, 8, 8, 8, 18]"
876,14,"[8, 9, 14, 15, 19]",5,0.43297878419980407,0.09540479956194758,2.266585880937055,"[205858235, 205858234, 205817011, 408203787, 128903282, 206144307, 26813258, 521497153, 205833512, 378493840]","[9, 14, 9, 9, 14, 14, 9, 9, 14, 9]"
877,14,"[4, 6, 8, 14, 17]",5,0.4460034486837685,0.160775198135525,1.9766939993482082,"[178872551, 419754496, 144399593, 54423710, 599668128, 505811844, 368660534, 559327687, 108818957, 305147460]","[8, 8, 8, 14, 8, 8, 14, 8, 14, 8]"
878,14,[14],1,0.07725217705592513,0.015776996966451406,1.9687569465022534,"[165387938, 89065231, 430039082, 400923749, 344236076, 531178403, 340118914, 366943865, 58992407, 191821831]","[14, 14, 14, 14, 14, 14, 14, 14, 14, 14]"
879,14,"[14, 23]",2,0.10108440928161144,0.026478324085474014,1.281813125940971,"[303703297, 328420, 221191152, 344622214, 426778940, 555807421, 488920870, 92739215, 274663530, 406923233]","[14, 14, 14, 14, 14, 14, 14, 14, 14, 14]"
880,14,"[1, 9, 16]",3,0.22470360528677702,0.10519556095823646,1.6215340240548055,"[96447137, 48791602, 88492235, 465953021, 352092256, 18510270, 196778869, 135183457, 392540250, 98400942]","[1, 9, 1, 1, 1, 1, 9, 9, 1, 9]"
881,14,"[8, 17, 19]",3,0.15376342367380857,0.04864802025258541,1.2426057305031766,"[277389016, 396026171, 240443054, 510801508, 579045419, 539811668, 598319225, 79050214, 483409512, 197603707]","[8, 8, 8, 8, 8, 8, 8, 8, 8, 8]"
882,14,"[2, 4, 6, 14, 18, 24]",6,0.6076064272783697,0.11926794331520796,2.185564374512372,"[159470493, 183012593, 303010821, 269067563, 216262394, 269128707, 5832120, 232451164, 216357031, 198572032]","[6, 6, 18, 6, 6, 6, 6, 6, 4, 6]"
883,14,"[6, 9, 12, 14, 15, 17]",6,0.5238627977669239,0.11024832027032971,2.160698504652828,"[450545184, 240566049, 285961191, 481356550, 380130755, 303332706, 318413067, 534974293, 188972473, 525425843]","[9, 9, 9, 9, 9, 9, 9, 9, 9, 9]"
884,14,"[2, 8, 14, 16, 19]",5,0.344710816629231,0.14605135610327125,1.6082599577493966,"[65327380, 425670491, 583864659, 65327381, 35334110, 368182769, 563539717, 233808705, 393376117, 588181319]","[19, 8, 8, 14, 8, 8, 14, 14, 14, 2]"
885,14,"[0, 3, 4, 14, 16, 23]",6,0.5026081753894687,0.13289165031164885,1.7021696029308562,"[68294369, 531887731, 587247123, 118170527, 168564634, 311192250, 565442313, 47874228, 249485541, 283965110]","[0, 0, 0, 0, 0, 0, 0, 0, 0, 0]"
886,14,"[0, 1, 7, 11, 12, 14, 16, 22]",8,0.5697386460378766,0.2083452600054443,1.5702421680907719,"[167712818, 142155274, 290925195, 418344272, 71479451, 119366487, 510341808, 586910753, 227360561, 151014877]","[7, 0, 12, 0, 7, 0, 0, 12, 12, 12]"
887,14,"[1, 6, 15, 17, 19, 21]",6,0.4580456465482712,0.10849653650075197,1.8870612980099395,"[177492402, 535919795, 180483235, 176813416, 176795095, 581172027, 82698148, 103716483, 180266204, 596935028]","[1, 1, 1, 1, 1, 6, 1, 6, 15, 19]"
888,14,"[0, 1, 5, 7, 20, 23]",6,0.296863853931427,0.08327396307140589,1.016452931954215,"[224795566, 323068915, 181075644, 402488336, 196748699, 398472432, 142838359, 175829416, 282171496, 372260048]","[0, 23, 0, 7, 0, 5, 0, 7, 0, 0]"
889,14,[14],1,0.07703060796484351,0.016369416378438473,1.9687569465022534,"[178338312, 449642969, 62444454, 332439531, 303703297, 287023832, 186315738, 167555446, 57675857, 62105058]","[14, 14, 14, 14, 14, 14, 14, 14, 14, 14]"
890,14,"[8, 12, 14, 15, 21]",5,0.4395408947020769,0.08650828199461102,2.2057218807283787,"[351600434, 375906280, 444044118, 27851391, 534625534, 322527861, 121727598, 195569237, 195851761, 588959626]","[21, 21, 21, 8, 21, 21, 21, 21, 21, 21]"
891,14,[9],1,0.061228394974023104,0.014931872952729464,1.4680880776140839,"[35506914, 35222598, 423611375, 422119093, 589832687, 497316237, 589900980, 3032838, 267666949, 421405297]","[9, 9, 9, 9, 9, 9, 9, 9, 9, 9]"
892,14,"[8, 14, 15, 17, 19]",5,0.4118867879733443,0.09350229566916823,2.172001547412947,"[337743007, 236286607, 238663603, 446101790, 278820173, 451330241, 362273248, 598074693, 259179880, 347002214]","[17, 8, 8, 15, 15, 8, 8, 8, 15, 14]"
893,14,"[8, 15]",2,0.2565639028325677,0.10186108388006687,3.5057091765338555,"[490817827, 577884183, 230598180, 70777269, 410586201, 94483386, 407198240, 281490368, 460101255, 289303918]","[8, 8, 8, 8, 8, 8, 8, 8, 8, 8]"
894,14,"[1, 4, 14, 15, 16, 20, 23]",7,0.6260882685892284,0.14757661195471883,2.0698136363644153,"[587102603, 170169858, 84270887, 183448195, 271857598, 556771621, 183448190, 236594534, 221096784, 265208096]","[4, 4, 4, 16, 4, 4, 4, 14, 4, 23]"
895,14,"[3, 8, 14, 15, 19]",5,0.4371383539400995,0.0996859073638916,2.1760579904541375,"[532859347, 217814354, 404880666, 52486269, 260810049, 383235976, 349668517, 391066255, 129270271, 187568889]","[8, 3, 3, 8, 8, 3, 3, 8, 8, 15]"
896,14,"[2, 8, 14, 21, 23]",5,0.27161900978535414,0.11477989377453923,1.2581031927838922,"[168041715, 233315855, 253258903, 219217186, 119979655, 219159946, 205471858, 244007687, 74333164, 75341525]","[2, 2, 8, 8, 21, 2, 2, 8, 8, 8]"
897,14,"[4, 5, 15, 16, 20, 23]",6,0.6022676196880639,0.1596303922124207,2.22352702023151,"[342961575, 342961572, 342961578, 108095035, 302173789, 453368057, 342961579, 315919069, 239858151, 108140504]","[15, 5, 5, 4, 4, 4, 5, 5, 4, 4]"
898,14,"[0, 3, 7]",3,0.17554495809599757,0.04245746601372957,1.0788036233279854,"[542290232, 402924785, 82308343, 344439239, 20882674, 21699115, 93638025, 546607074, 210189004, 5860841]","[3, 7, 7, 7, 7, 7, 3, 3, 7, 7]"
899,14,[9],1,0.06090554594993591,0.015981861390173435,1.4680880776140839,"[507029069, 426930287, 573628652, 371506867, 26691262, 371263752, 26632321, 105042186, 48992045, 371517341]","[9, 9, 9, 9, 9, 9, 9, 9, 9, 9]"
900,14,"[18, 20]",2,0.12824113527312875,0.02495070081204176,1.1839226317824796,"[124993178, 280463496, 174847220, 68166793, 204608596, 149715940, 378018282, 161294887, 539827010, 466214685]","[20, 18, 18, 18, 18, 20, 18, 18, 20, 18]"
901,14,"[16, 19, 23]",3,0.16602235566824675,0.10682766558602452,1.3212618015240878,"[19069592, 31708204, 7675266, 226905715, 422841084, 199429539, 488242255, 324054644, 47371500, 19080473]","[23, 23, 23, 16, 16, 16, 16, 16, 16, 23]"
902,14,"[16, 19]",2,0.13975673727691174,0.03211457189172506,1.6844580495962873,"[36995052, 560901483, 596304534, 159033101, 260089397, 20478478, 481450756, 448875963, 424349573, 225591463]","[19, 16, 19, 19, 19, 19, 19, 19, 19, 19]"
903,14,"[14, 19]",2,0.11579141672700644,0.03178119333460927,1.4267114870017394,"[37194084, 389395402, 235927474, 420027424, 150702021, 264227635, 392999512, 237249653, 205749659, 179105920]","[14, 14, 14, 14, 14, 14, 19, 14, 19, 14]"
904,14,"[6, 14, 15, 20, 22, 23]",6,0.48361996561288834,0.1735791559331119,2.0922252257975438,"[240803818, 52719661, 45503509, 358811120, 342402289, 556295457, 105233903, 565079248, 505170839, 314092832]","[23, 23, 20, 15, 22, 22, 20, 20, 22, 20]"
905,14,"[5, 6, 14, 15, 20, 22, 23]",7,0.5597533541731536,0.15993551583960652,2.040976984426379,"[10859384, 322999474, 10662551, 60949666, 394546169, 60949662, 60949667, 367802235, 10897999, 143778809]","[20, 15, 23, 15, 15, 23, 15, 15, 20, 20]"
906,14,"[5, 6]",2,0.17346721980720758,0.03485368890687823,2.03853119793348,"[21521293, 15242160, 21524797, 79259376, 34161187, 142632626, 467392706, 9044970, 513821363, 270367599]","[5, 5, 5, 6, 5, 5, 5, 5, 5, 5]"
907,14,"[0, 11, 13, 14, 19]",5,0.35200211219489574,0.084032301325351,1.4799350687768311,"[282577837, 324078893, 81156848, 74406527, 223682126, 252162270, 344032658, 275881934, 321768755, 65854561]","[11, 11, 11, 11, 11, 11, 19, 19, 14, 19]"
908,14,"[2, 8, 14, 15, 18, 19, 20, 23]",8,0.548891965765506,0.20398309640586376,1.710399735631654,"[335932326, 253275733, 396929416, 411194860, 247580177, 314624246, 4715158, 387745019, 291785698, 20563003]","[8, 20, 15, 18, 15, 15, 19, 15, 18, 18]"
909,14,"[12, 18, 20, 21]",4,0.2005248093046248,0.10215609474107623,1.1040698419092223,"[379047925, 502675992, 353234996, 404912622, 467078025, 372978629, 522349262, 158910972, 523494316, 10883006]","[18, 18, 18, 18, 18, 18, 18, 18, 18, 18]"
910,14,"[1, 6, 20, 22]",4,0.2556923795491457,0.06322561949491501,1.4346388566773385,"[160293513, 595991823, 475234853, 92536340, 432067395, 52710981, 209857674, 139175107, 76352908, 172528148]","[22, 22, 1, 22, 22, 22, 1, 22, 1, 22]"
911,14,"[6, 8, 20, 22, 23]",5,0.3190104472450912,0.11640351824462414,1.453829112648964,"[270743288, 189056268, 474628821, 339452822, 328260186, 588991114, 244260056, 310062305, 316906524, 429585525]","[22, 22, 22, 22, 22, 22, 22, 22, 22, 22]"
912,14,[14],1,0.07711419276893139,0.01755076413974166,1.9687569465022534,"[257320413, 238221088, 254845610, 499985513, 58428708, 251671955, 225067493, 354725364, 199519860, 230708928]","[14, 14, 14, 14, 14, 14, 14, 14, 14, 14]"
913,14,"[4, 6, 12, 16, 21]",5,0.4908396448008716,0.09266705857589841,1.9208492123987526,"[90623384, 189995717, 381118267, 1897498, 235377913, 281960837, 10269276, 436226372, 106954498, 531657239]","[6, 21, 21, 21, 6, 12, 21, 21, 21, 21]"
914,14,[14],1,0.07681943941861391,0.06780740013346076,1.9687569465022534,"[162962908, 525638406, 525316001, 425131888, 433383809, 234468600, 131666320, 341082387, 54046446, 338010519]","[14, 14, 14, 14, 14, 14, 14, 14, 14, 14]"
915,14,"[8, 14, 19, 21, 23]",5,0.2593986988067627,0.07215080875903368,1.2639080004766583,"[593048613, 299821846, 557970250, 157878787, 200192153, 53573984, 302263430, 297840958, 548547668, 304424372]","[21, 21, 21, 21, 21, 19, 21, 19, 19, 21]"
916,14,"[8, 14, 19]",3,0.2130463682115078,0.054879503324627876,1.567135909339413,"[421715711, 157209584, 270323935, 343015553, 303739993, 334807463, 334863139, 206178676, 560620404, 432928078]","[8, 8, 8, 8, 8, 8, 8, 8, 8, 8]"
917,14,"[5, 11, 12, 14, 15, 16, 20, 21]",8,0.7237042780034244,0.15372451161965728,2.0175559752678964,"[296734744, 522936240, 87184671, 174179901, 296739948, 551883517, 144131461, 341545966, 572712845, 168612832]","[15, 15, 15, 15, 15, 15, 5, 12, 15, 12]"
918,14,"[0, 1, 16, 23]",4,0.3130653672851622,0.0677425367757678,1.353272235544864,"[16948561, 374303621, 196200306, 94856218, 317889817, 550644186, 399822021, 43711734, 278927045, 432068826]","[23, 23, 23, 23, 1, 23, 23, 1, 1, 1]"
919,14,"[0, 13, 16, 20, 23, 24]",6,0.43108089081943035,0.10218255734071136,1.6073783519289766,"[483114413, 236407296, 47736879, 195054568, 375063750, 537942619, 416946652, 537944838, 252319554, 193278737]","[23, 23, 23, 23, 23, 23, 23, 23, 23, 23]"
920,14,"[15, 18, 20, 23]",4,0.33691289415583014,0.06412411946803331,2.0315370419993997,"[300511012, 345782426, 284951617, 441169254, 369337583, 517952943, 147298648, 534530430, 441338682, 41452773]","[18, 23, 23, 23, 23, 23, 23, 23, 23, 23]"
921,14,"[1, 4, 9, 14, 16, 17, 22]",7,0.598770325537771,0.183387394528836,1.7717277881290232,"[223746625, 106852876, 373356601, 106853396, 466233294, 37419231, 307010911, 400048809, 373496012, 37419230]","[9, 9, 9, 9, 9, 9, 16, 22, 9, 9]"
922,14,"[7, 13, 16, 19, 23, 24]",6,0.34695975482463837,0.08303488977253437,1.5448920861429845,"[89186141, 321444262, 536476892, 422850037, 64896600, 422841084, 555668591, 60697291, 289163089, 551680932]","[16, 16, 16, 23, 16, 16, 16, 16, 16, 13]"
923,14,"[8, 12, 16, 17, 19, 21]",6,0.3650162164121866,0.10901813954114914,1.3767502278788015,"[598133287, 586834165, 130316671, 447075630, 447224498, 27057187, 70777260, 460963105, 133964397, 414895066]","[21, 16, 16, 21, 16, 17, 16, 17, 16, 16]"
924,14,"[18, 19, 20, 21]",4,0.1807480533607304,0.05384509963914752,1.0689435650128871,"[286691641, 253815485, 417607676, 528303909, 11569327, 538818888, 426282158, 537606242, 442680379, 3280611]","[20, 20, 20, 20, 18, 20, 20, 20, 20, 20]"
925,14,"[9, 14]",2,0.13775346567854285,0.0702054905705154,1.7184225120581686,"[153098803, 51727572, 343615222, 453322014, 367318198, 158403731, 387817396, 409295738, 232941730, 167011911]","[14, 14, 14, 14, 14, 14, 14, 14, 14, 14]"
926,14,"[8, 16, 17, 19]",4,0.2599517912603915,0.06531932624056935,1.5530168158002198,"[128304126, 205784457, 82984003, 491261598, 57217459, 376515006, 111206490, 57832057, 284758612, 346140163]","[17, 16, 19, 8, 19, 8, 8, 8, 19, 19]"
927,14,"[0, 3, 7, 12, 20]",5,0.28239352256059647,0.07051614858210087,0.9797433175146579,"[513350880, 7133850, 455598870, 505981685, 290302881, 32696224, 324974677, 415367442, 588634441, 258276609]","[0, 0, 0, 0, 0, 0, 0, 0, 0, 0]"
928,14,"[18, 20, 21]",3,0.1438886276446283,0.08010399667546153,1.1303694108501077,"[24558843, 13164087, 453571296, 161548116, 335689399, 93297028, 161423600, 74856458, 74856457, 154507862]","[20, 20, 20, 20, 20, 20, 20, 20, 20, 20]"
929,14,"[18, 20]",2,0.10050600674003363,0.025861167814582586,1.1839226317824796,"[169786099, 38598848, 426045544, 425900501, 284719050, 475738096, 195594882, 223602781, 418328309, 561372987]","[18, 18, 18, 18, 18, 18, 18, 18, 18, 18]"
930,14,"[8, 12, 19, 21]",4,0.21509025245904922,0.059358305763453245,1.195271221396979,"[282176719, 212668435, 384804628, 39649103, 449119905, 124770770, 328072393, 142841536, 161655847, 175423790]","[21, 21, 21, 21, 12, 12, 21, 21, 21, 21]"
931,14,"[7, 20]",2,0.05879635317251086,0.0206569223664701,0.7181955925188959,"[71749202, 2259438, 10722663, 459858705, 184828688, 184832609, 49087434, 385530264, 266680373, 159960691]","[20, 7, 7, 7, 20, 7, 7, 7, 7, 20]"
932,14,"[18, 20, 21]",3,0.19007641403004527,0.04386607790365815,1.1303694108501077,"[532571149, 246956915, 297864560, 581374572, 570090174, 75494796, 441674312, 522683366, 361758327, 162370184]","[18, 20, 18, 18, 20, 18, 20, 20, 20, 20]"
933,14,"[3, 17, 18, 20]",4,0.22027417598292232,0.053394665475934744,1.0946150746895,"[32107476, 199258734, 199258733, 183523863, 166797438, 57167592, 514921027, 432375993, 449420161, 183311522]","[18, 18, 18, 18, 18, 18, 18, 18, 18, 18]"
934,14,"[6, 23]",2,0.1234792280010879,0.02749493531882763,1.469222082523629,"[336806766, 126092016, 77043506, 176901189, 567321026, 292631450, 67891518, 239275640, 98109329, 135110174]","[23, 23, 23, 23, 23, 23, 23, 23, 23, 23]"
935,14,"[3, 8, 19, 21]",4,0.221077891997993,0.12107214611023664,1.1928405939252116,"[150381764, 59564191, 477292038, 206245944, 59990123, 597383586, 160965448, 259275147, 48290207, 148623189]","[8, 8, 8, 8, 8, 8, 19, 8, 8, 8]"
936,14,"[8, 15, 17, 21]",4,0.34222002187743783,0.06906666932627559,2.2574619330116548,"[328933450, 597433447, 73577387, 399944700, 268893636, 333270079, 205814891, 98139944, 379260128, 216332422]","[15, 17, 17, 17, 17, 17, 17, 8, 8, 17]"
937,14,"[12, 14, 21]",3,0.1765744020231068,0.04613761091604829,1.3390636835247278,"[286843491, 47493207, 287748754, 168109238, 168181564, 82957769, 286843490, 459815782, 168106043, 47503236]","[21, 21, 21, 21, 12, 12, 21, 21, 21, 21]"
938,14,"[14, 18, 20, 21]",4,0.23230597283691168,0.06789117585867643,1.339966294763144,"[473259501, 479572269, 473243301, 130268339, 479669389, 116145144, 516287628, 28441402, 479668189, 410606241]","[14, 21, 14, 20, 21, 14, 20, 21, 21, 14]"
939,14,"[2, 8, 17]",3,0.16643058275803924,0.04283164395019412,1.232931051015233,"[472756032, 189799891, 488350547, 562101800, 83929226, 549019845, 476098076, 354294258, 279980622, 562605095]","[8, 17, 8, 8, 8, 17, 8, 8, 8, 8]"
940,14,"[2, 8, 17]",3,0.1692332192324102,0.04768056096509099,1.232931051015233,"[379572257, 362394529, 70408031, 440038589, 313239622, 77469376, 131433669, 175301439, 106191429, 321668046]","[2, 2, 2, 2, 2, 8, 2, 2, 2, 2]"
941,14,"[5, 6, 15, 23]",4,0.4156552227213979,0.08150742668658495,2.4588413250749,"[529096906, 529096909, 76627106, 374069618, 158781539, 274725155, 139731328, 533347647, 575774889, 493289140]","[23, 23, 23, 23, 23, 23, 23, 23, 23, 23]"
942,14,"[4, 6, 22]",3,0.33249588310718536,0.060156967025250196,2.3057146493035057,"[245077888, 244942417, 191948137, 293308947, 243290201, 244849042, 203724377, 530189036, 530189037, 461708516]","[4, 4, 4, 4, 4, 4, 4, 4, 4, 4]"
943,14,"[8, 20]",2,0.10355497989803553,0.08983872830867767,1.2425596682587638,"[398339748, 538554817, 156300773, 333550974, 413035631, 135421558, 279690833, 171077188, 398627797, 398368552]","[8, 8, 8, 8, 8, 8, 8, 8, 8, 8]"
944,14,"[8, 11, 17, 18, 19, 20]",6,0.3440503631718457,0.09464492462575436,1.3667689028661698,"[337096510, 71459355, 71077895, 136540086, 134078616, 133706000, 335355439, 250876778, 523630878, 99033847]","[18, 20, 18, 20, 17, 20, 11, 18, 18, 11]"
945,14,"[0, 1, 4, 5, 13, 14, 19, 20, 23]",9,0.622648574411869,0.14164366107434034,1.3222740839183744,"[433484461, 393797084, 205136420, 564463742, 325425320, 340057960, 468994683, 440694115, 221297849, 95922585]","[20, 5, 1, 20, 4, 5, 4, 20, 5, 20]"
946,14,"[3, 7, 9, 12, 21]",5,0.31508371187373996,0.06784240808337927,1.066245481884107,"[269880344, 243655702, 584781601, 553920816, 190796339, 116973015, 72253318, 168584005, 501225404, 553920805]","[9, 9, 9, 7, 9, 9, 9, 12, 9, 7]"
947,14,[2],1,0.05132819199934602,0.01488144090399146,0.8556419890373945,"[512099404, 338328924, 338333735, 213546905, 291098585, 130908743, 592172746, 147847053, 338331657, 95084631]","[2, 2, 2, 2, 2, 2, 2, 2, 2, 2]"
948,14,"[3, 4, 6, 13, 19]",5,0.41844176361337304,0.08831244939938188,1.5982544608879834,"[67655378, 67875739, 120449971, 24029575, 375110850, 160386111, 431108434, 88192951, 431035155, 418229583]","[19, 13, 13, 4, 4, 13, 4, 4, 4, 13]"
949,14,"[0, 3, 4, 15, 16, 20]",6,0.6111493562348187,0.1747938198968768,2.241659924543152,"[503991686, 112660080, 24683387, 282254746, 187798740, 123366473, 503991682, 98442583, 5738299, 535380190]","[16, 16, 16, 16, 16, 16, 0, 16, 16, 16]"
950,14,"[0, 3, 7, 19, 20]",5,0.295570089481771,0.07308121444657445,0.9516422959975899,"[161604743, 265072057, 227933218, 144763287, 14892924, 217416932, 327193435, 540157413, 504289243, 405273844]","[20, 20, 20, 20, 20, 20, 20, 20, 20, 20]"
951,14,"[2, 8, 14, 21]",4,0.24715426238253713,0.06227761693298817,1.423911664634943,"[189765582, 350826030, 349735722, 444991721, 363071730, 227671074, 451983882, 348304276, 113357008, 137693986]","[21, 8, 21, 21, 21, 21, 21, 21, 21, 8]"
952,14,"[2, 8, 14, 17, 19, 21]",6,0.32505127508193254,0.1610906245186925,1.2625798493390903,"[94368663, 263710590, 539201806, 378593732, 504078528, 318320678, 267925151, 282922214, 120201216, 504049850]","[8, 8, 8, 8, 8, 8, 8, 8, 8, 8]"
953,14,"[14, 16]",2,0.17794845718890429,0.03931454010307789,2.2265035090968013,"[178677656, 359469209, 239766524, 568046487, 455635073, 193062754, 294917327, 279675060, 220721224, 326303290]","[14, 14, 14, 14, 16, 16, 14, 16, 16, 14]"
954,14,"[6, 8, 14, 18, 19, 20, 21]",7,0.4336563269607723,0.18170431349426508,1.4908701171765901,"[445720949, 194444526, 174133472, 529148731, 356467377, 442474726, 12285893, 32322966, 270011399, 484984074]","[8, 8, 8, 8, 8, 8, 8, 8, 8, 8]"
955,14,"[0, 12, 20]",3,0.2030997988767922,0.041888726875185966,1.028003786612923,"[39607357, 55545073, 281002336, 290867963, 116534980, 320666469, 373131982, 385280962, 309788417, 495604288]","[0, 12, 12, 12, 0, 0, 12, 0, 0, 0]"
956,14,"[2, 18, 21]",3,0.16819167789071798,0.043947873171418905,1.2032052130283166,"[374405505, 186301925, 596391223, 11347056, 105677647, 445658878, 37553821, 447126079, 321268120, 60106460]","[21, 21, 21, 21, 18, 21, 21, 21, 21, 21]"
957,14,[14],1,0.0765389259904623,0.017779757734388113,1.9687569465022534,"[251419197, 545019486, 113610233, 257963252, 89873215, 3646852, 93968948, 186860152, 281931039, 431877806]","[14, 14, 14, 14, 14, 14, 14, 14, 14, 14]"
958,14,"[19, 21]",2,0.08207866223528981,0.027662744279950857,0.9539644982432947,"[57374779, 40730268, 93433777, 95336155, 263840227, 26705617, 434844098, 134239951, 298968146, 57333917]","[21, 21, 21, 21, 21, 21, 21, 21, 21, 21]"
959,14,"[2, 16, 17, 19]",4,0.25099271396175027,0.061215275432914495,1.3049311245558783,"[428358573, 130112358, 290366487, 401806842, 91216606, 289826231, 291759745, 413890636, 265998811, 97150180]","[17, 17, 16, 2, 17, 19, 17, 17, 2, 17]"
960,14,"[11, 19]",2,0.12462124787271023,0.030906759202480316,1.4948084948118776,"[331064875, 563009165, 343765839, 356685194, 110728491, 111356263, 181612375, 202434205, 387819056, 378226066]","[19, 11, 19, 11, 19, 19, 19, 19, 11, 19]"
961,14,"[14, 16, 19]",3,0.22276302007958293,0.05722066480666399,1.7792243485649426,"[212983171, 26069116, 203732087, 936065, 522830960, 375581681, 212750921, 334693208, 506869298, 224586720]","[16, 19, 16, 16, 16, 16, 16, 16, 16, 16]"
962,14,"[4, 6, 15, 20, 21, 22]",6,0.6327303806319833,0.11862851632758975,2.2901625164086,"[450230265, 157651431, 450136794, 415998911, 569022098, 85519819, 93708677, 176101728, 590193184, 82629002]","[4, 15, 4, 4, 4, 4, 4, 4, 4, 4]"
963,14,"[0, 3, 7, 9, 14, 19]",6,0.4010510314255953,0.09101351676508784,1.2596536536002532,"[501400145, 38470014, 319108812, 130729381, 351480139, 237618378, 181927352, 430719592, 507585579, 290023808]","[9, 0, 0, 9, 0, 9, 0, 3, 9, 9]"
964,14,"[5, 6]",2,0.17591657722368836,0.035174617543816566,2.03853119793348,"[123910996, 53693394, 547958369, 110989140, 297085320, 143271566, 385012868, 497975539, 496669159, 146008677]","[5, 5, 5, 5, 5, 5, 5, 5, 5, 5]"
965,14,"[8, 9, 11, 17, 19]",5,0.3724609548225999,0.08380811009556055,1.4601712462492287,"[14097898, 211717526, 426854414, 144798662, 22831332, 101944452, 484829961, 185978588, 152386756, 552612391]","[19, 8, 11, 17, 11, 11, 19, 11, 19, 19]"
966,14,"[2, 8, 15, 17, 18, 19]",6,0.46881001302972436,0.10448260186240077,1.9129339101103444,"[492105176, 338642629, 285614658, 558582012, 599050177, 407549494, 852498, 219001674, 142678476, 249310790]","[8, 8, 8, 8, 2, 2, 15, 8, 2, 8]"
967,14,"[1, 12, 21]",3,0.20994926895946264,0.04628205904737115,0.9868993423103044,"[279940198, 418886467, 410182562, 4629205, 118926535, 246753741, 582873513, 582852091, 156380532, 516456106]","[12, 12, 12, 12, 12, 12, 12, 12, 12, 12]"
968,14,[14],1,0.07659463910385966,0.0170434657484293,1.9687569465022534,"[435849709, 570230416, 458021675, 109822036, 69213676, 252072326, 223088102, 69213675, 475413246, 49546110]","[14, 14, 14, 14, 14, 14, 14, 14, 14, 14]"
969,14,"[0, 9, 14]",3,0.2246260684914887,0.05507928039878607,1.619516888788591,"[28531479, 594225560, 56447950, 473679417, 112747880, 541373424, 369937080, 471215727, 34609390, 473812347]","[9, 9, 9, 9, 9, 9, 9, 9, 9, 9]"
970,14,"[2, 8, 22]",3,0.20176520105451345,0.0859504877589643,1.5164029349107295,"[508423775, 538069382, 34039779, 363920153, 478208732, 346492382, 276780781, 267483812, 85111085, 187833686]","[8, 8, 8, 8, 8, 2, 2, 8, 8, 8]"
971,14,"[1, 6, 9, 12, 16, 17, 19, 21]",8,0.5051805065013468,0.13079522736370564,1.3920554341748357,"[37033597, 37033600, 412472338, 565401113, 462633518, 464687590, 264818625, 303212004, 503040446, 259577788]","[9, 9, 9, 9, 9, 9, 9, 9, 9, 9]"
972,14,"[7, 12, 20, 21]",4,0.15932271163910627,0.10350902797654271,0.8712063222774304,"[499454910, 37237880, 371497908, 117132734, 297680976, 458302834, 303119398, 302116745, 306763346, 390652011]","[12, 12, 12, 21, 21, 21, 12, 12, 7, 21]"
973,14,"[5, 7, 14, 15, 23]",5,0.4233488878235221,0.08307965891435742,2.0519607979338614,"[582013405, 524143196, 308786900, 364907291, 225501640, 397488901, 310177944, 99827554, 596455691, 150966856]","[14, 14, 5, 5, 14, 5, 5, 23, 23, 5]"
974,14,"[14, 19, 20, 21]",4,0.2269631684757769,0.05845190165564418,1.1284551313729025,"[482287425, 284236143, 305478118, 517251562, 437950446, 7877917, 412058938, 437950449, 412057140, 172193619]","[14, 14, 14, 14, 14, 14, 14, 14, 14, 14]"
975,14,"[2, 8, 19]",3,0.16589538101106882,0.046766604762524366,1.1960975901844602,"[7898875, 420218363, 285288142, 387963879, 443939937, 549801869, 566485902, 563947028, 563875358, 182165093]","[2, 2, 2, 2, 2, 2, 2, 2, 2, 2]"
976,14,"[0, 1, 3, 12, 21]",5,0.2980206306092441,0.07917641056701541,1.0795704588759691,"[345962197, 34883467, 54474267, 30044152, 312078729, 242659657, 341932781, 585738927, 270088517, 182652521]","[21, 21, 21, 21, 21, 21, 21, 21, 21, 21]"
977,14,"[1, 12, 14, 19, 21]",5,0.272194373421371,0.14294936088845134,1.1628242001868785,"[211384216, 412854441, 180466967, 137385076, 352288374, 420328388, 363725644, 369530324, 492654040, 219091417]","[1, 21, 1, 1, 21, 1, 1, 1, 1, 1]"
978,14,"[9, 12, 19, 21]",4,0.20136759895831347,0.05295047257095575,1.1002970522968099,"[526347810, 540466682, 409876773, 366679987, 546200518, 20836133, 482362100, 512101429, 504452152, 406824072]","[21, 21, 12, 12, 12, 21, 21, 12, 12, 12]"
979,14,"[0, 1, 3, 7, 12, 14, 23]",7,0.39373368537053466,0.1731227091513574,1.1053531685444926,"[457074564, 184196269, 184039972, 7224727, 156580227, 543238062, 476005866, 371941196, 263617897, 233115677]","[12, 0, 0, 12, 12, 12, 12, 12, 12, 12]"
980,14,"[4, 5, 6, 23]",4,0.35315488697960973,0.13701730174943805,1.8499796819523908,"[544720576, 156276809, 240341460, 130089583, 58218929, 187054014, 276938800, 450688090, 351660054, 450721179]","[6, 6, 6, 6, 6, 5, 5, 6, 6, 6]"
981,14,"[0, 14, 16, 19, 24]",5,0.4174448628909886,0.08389700716361403,2.0492186864372344,"[123549773, 326181512, 244546212, 309829661, 128994778, 494312354, 138050523, 392818306, 397491179, 434411421]","[16, 0, 16, 16, 14, 16, 16, 16, 16, 0]"
982,14,"[14, 18, 20, 21]",4,0.22137997671961784,0.12215211661532521,1.339966294763144,"[334039431, 227684386, 87620289, 233425025, 218495558, 29708823, 122132014, 441715265, 509234258, 124458580]","[20, 18, 18, 20, 18, 18, 18, 14, 18, 18]"
983,14,"[8, 15, 16, 17, 19, 22, 23]",7,0.5365491257980466,0.12701034732162952,1.9737074613305075,"[398365434, 166241275, 84372031, 78487839, 398511711, 166216786, 454023979, 172526538, 173912362, 300959495]","[15, 15, 8, 15, 22, 22, 8, 17, 8, 23]"
984,14,"[0, 20]",2,0.11023494601249695,0.02963462471961975,1.0294201123761013,"[69076315, 559760025, 485115648, 420321303, 551608996, 229220191, 126218840, 422620602, 247674826, 422685391]","[0, 0, 0, 0, 0, 0, 0, 0, 0, 0]"
985,14,"[8, 17, 21]",3,0.1773467273451388,0.04220018396154046,1.2888047109978895,"[543772921, 566532045, 335062502, 265357673, 326270743, 103703133, 275690019, 305991113, 588814931, 380001666]","[8, 21, 17, 8, 8, 8, 8, 21, 8, 8]"
986,14,[12],1,0.05708421813324094,0.014480542857199907,1.0251711350865662,"[579816906, 163323178, 121844363, 320264725, 521610075, 422038318, 212327325, 476695832, 274103964, 116987781]","[12, 12, 12, 12, 12, 12, 12, 12, 12, 12]"
987,14,"[0, 3]",2,0.14331950712949038,0.0390690341591835,1.218577133724466,"[217080306, 219681590, 332664426, 174881190, 247167050, 64533696, 504930645, 281060470, 144156760, 451946711]","[3, 3, 3, 3, 3, 3, 3, 3, 3, 3]"
988,14,"[8, 12, 14, 19, 21]",5,0.2917415942065418,0.1292981025762856,1.3499683664180337,"[308983601, 444744570, 309739603, 585865450, 418523317, 548688362, 541970719, 122713371, 208365606, 172093896]","[8, 8, 8, 8, 8, 8, 8, 8, 8, 8]"
989,14,"[1, 14, 15, 16, 17, 19, 22]",7,0.6537017347291112,0.13485514977946877,2.0363027198971912,"[114094918, 489720127, 279978376, 297479061, 126917989, 203503202, 533415754, 474367538, 371835460, 559227047]","[15, 1, 1, 15, 19, 19, 1, 1, 1, 16]"
990,14,"[6, 8]",2,0.17979988921433687,0.038827305659651756,2.095779806841165,"[245878646, 497645270, 557418205, 278654905, 259293836, 115876115, 491577899, 197316713, 457761762, 37468965]","[6, 8, 8, 8, 8, 8, 8, 8, 8, 8]"
991,14,"[11, 14, 19, 21]",4,0.24878076557070017,0.05828947015106678,1.4954092262778431,"[394299788, 321758034, 567371160, 64026675, 40804563, 116676548, 510352050, 162181477, 562809063, 295244764]","[21, 19, 14, 21, 21, 21, 21, 21, 21, 21]"
992,14,"[7, 23]",2,0.0560702932998538,0.021270941477268934,0.6970629539573565,"[360095660, 426536329, 489881311, 488319546, 365904162, 26150348, 525899566, 229736273, 52103270, 570790912]","[23, 23, 23, 7, 23, 7, 7, 7, 23, 7]"
993,14,"[6, 8, 14, 15]",4,0.4710251619108021,0.10988771263509989,2.8309375398093835,"[196411278, 74969690, 318628879, 599603776, 540347321, 319201158, 269130365, 106184505, 590879186, 587231999]","[14, 8, 6, 15, 6, 15, 15, 6, 8, 8]"
994,14,"[1, 11, 14, 15, 16, 17, 21, 24]",8,0.6792759904637933,0.1648521446622908,2.2673499531811103,"[156233468, 192480972, 531138396, 249390734, 30657354, 425498986, 567855707, 58145951, 112525703, 356096201]","[1, 1, 1, 1, 1, 1, 1, 15, 1, 1]"
995,14,"[8, 14, 19, 21]",4,0.2335518361069262,0.05911590438336134,1.4311676742509007,"[361663908, 201743269, 33952602, 517626343, 220349455, 322822117, 79848595, 577857220, 445926599, 188449543]","[19, 8, 8, 21, 8, 8, 8, 21, 21, 8]"
996,14,"[8, 18, 19, 20, 21]",5,0.2862350749783218,0.104815689381212,1.2247518028132618,"[124094738, 167939485, 25253716, 8432815, 317799382, 430780135, 182841204, 235218905, 568355912, 342356139]","[19, 18, 21, 21, 21, 21, 21, 21, 20, 8]"
997,14,"[0, 16, 23]",3,0.20905640115961432,0.0502689559943974,1.5002750064401578,"[180808244, 78674535, 131939515, 394338240, 512737160, 565563764, 369165104, 81185762, 403367554, 575767815]","[23, 0, 23, 0, 0, 0, 0, 23, 23, 23]"
998,14,"[4, 5, 12, 14, 16, 19]",6,0.5292342458851635,0.14814845472574234,1.80405312392395,"[363541081, 412532343, 363548232, 335111218, 106468707, 23292987, 427185132, 18035751, 528441276, 135611822]","[16, 4, 4, 16, 4, 4, 4, 4, 4, 4]"
999,14,"[14, 18, 20]",3,0.17677993886172771,0.04518922092393041,1.4455340700224042,"[29477732, 569962709, 417140494, 207502577, 265960396, 378615203, 262313882, 401779582, 465244381, 476893638]","[20, 20, 20, 20, 20, 20, 20, 20, 20, 20]"
