query,num_centroids,searched_shard_ids,num_searched_shards,gpu_transfer_time,gpu_search_time,warmup_time,best_retrieved_ids,top_doc_shards
0,3,"[2, 21, 23]",3,1.0213413020828739,0.0482437580358237,5.836763652351995,"[15710988, 15610988, 15410988, 15510988, 15110988, 15010988, 15810988, 15910988, 15210988, 15310988]","[21, 21, 21, 21, 21, 21, 21, 21, 21, 21]"
1,3,"[10, 11, 19]",3,1.2156293781008571,0.056138525949791074,6.452341938856989,"[15748229, 15648229, 15448229, 15548229, 15148229, 15048229, 15848229, 15948229, 15248229, 15348229]","[11, 11, 11, 11, 11, 11, 11, 11, 11, 11]"
2,3,"[4, 7, 23]",3,1.0618639350868762,0.04836031806189567,5.600644476517725,"[15107300, 15007300, 15707300, 15607300, 15507300, 15407300, 15907300, 15807300, 15307300, 15207300]","[4, 4, 4, 4, 4, 4, 4, 4, 4, 4]"
3,3,"[7, 14, 23]",3,1.0825122030219063,0.05260912899393588,7.259846270511237,"[15513321, 15413321, 15913321, 15813321, 15113321, 15013321, 15613321, 15713321, 15213321, 15313321]","[23, 23, 23, 23, 23, 23, 23, 23, 23, 23]"
4,3,"[9, 14, 20]",3,1.1196469080168754,0.07288684695959091,8.430151375204636,"[15795263, 15695263, 15495263, 15595263, 15195263, 15095263, 15895263, 15995263, 15295263, 15395263]","[14, 14, 14, 14, 14, 14, 14, 14, 14, 14]"
5,3,"[14, 18, 20]",3,1.0649481298169121,0.057302037021145225,7.398481234034989,"[15565816, 15465816, 15965816, 15865816, 15165816, 15065816, 15665816, 15765816, 15265816, 15365816]","[20, 20, 20, 20, 20, 20, 20, 20, 20, 20]"
6,3,"[1, 11, 23]",3,1.0914166630245745,0.05005404504481703,5.640567406682142,"[15564422, 15464422, 15964422, 15864422, 15164422, 15064422, 15264422, 15364422, 15764422, 15664422]","[23, 23, 23, 23, 23, 23, 23, 23, 23, 23]"
7,3,"[16, 22, 23]",3,1.1221526800654829,0.05736514402087778,6.1834529293313,"[15237592, 15337592, 15537592, 15437592, 15637592, 15737592, 15037592, 15137592, 15837592, 15937592]","[22, 22, 22, 22, 22, 22, 22, 22, 22, 22]"
8,3,"[8, 12, 20]",3,0.9886590269161388,0.06633955903816968,6.320803548015344,"[15621358, 15721358, 15421358, 15521358, 15321358, 15221358, 15021358, 15121358, 15821358, 15921358]","[8, 8, 8, 8, 8, 8, 8, 8, 8, 8]"
9,3,"[4, 19, 21]",3,1.086685440968722,0.04869094491004944,5.986794548361407,"[15438283, 15538283, 15738283, 15638283, 15238283, 15338283, 15138283, 15038283, 15938283, 15838283]","[19, 19, 19, 19, 19, 19, 19, 19, 19, 19]"
10,3,"[13, 15, 16]",3,1.0488721600268036,0.18316439201589674,6.439484371163417,"[15163004, 15063004, 15763004, 15663004, 15563004, 15463004, 15963004, 15863004, 15363004, 15263004]","[13, 13, 13, 13, 13, 13, 13, 13, 13, 13]"
11,3,"[2, 3, 5]",3,1.0236336200032383,0.052533864974975586,4.851607427350245,"[15477521, 15577521, 15277521, 15377521, 15677521, 15777521, 15177521, 15077521, 15977521, 15877521]","[3, 3, 3, 3, 3, 3, 3, 3, 3, 3]"
12,3,"[14, 16, 21]",3,1.062809286173433,0.07055326702538878,7.46854989118098,"[15195263, 15095263, 15795263, 15695263, 15595263, 15495263, 15995263, 15895263, 15395263, 15295263]","[14, 14, 14, 14, 14, 14, 14, 14, 14, 14]"
13,3,"[2, 12, 23]",3,1.0552994380705059,0.12661256093997508,5.602837354682076,"[15763674, 15663674, 15463674, 15563674, 15163674, 15063674, 15863674, 15963674, 15263674, 15363674]","[12, 12, 12, 12, 12, 12, 12, 12, 12, 12]"
14,3,"[6, 8, 23]",3,1.013822682085447,0.04880938678979874,6.254699650647429,"[15276883, 15376883, 15476883, 15576883, 15176883, 15076883, 15876883, 15976883, 15676883, 15776883]","[8, 8, 8, 8, 8, 8, 8, 8, 8, 8]"
15,3,"[14, 15, 20]",3,1.2323770020157099,0.052508480148389935,7.749405879507928,"[15207630, 15307630, 15407630, 15507630, 15107630, 15007630, 15807630, 15907630, 15607630, 15707630]","[15, 15, 15, 15, 15, 15, 15, 15, 15, 15]"
16,3,"[2, 13]",2,0.7001998210325837,0.048447720939293504,5.610102786566131,"[15616133, 15716133, 15416133, 15516133, 15316133, 15216133, 15016133, 15116133, 15816133, 15916133]","[2, 2, 2, 2, 2, 2, 2, 2, 2, 2]"
17,3,"[2, 7, 24]",3,1.0738890459761024,0.052213943912647665,5.812286703013039,"[15445795, 15545795, 15845795, 15945795, 15045795, 15145795, 15645795, 15745795, 15345795, 15245795]","[7, 7, 7, 7, 7, 7, 7, 7, 7, 7]"
18,3,"[10, 21, 23]",3,1.1799467930104584,0.05259692494291812,6.7920022968319245,"[15999916, 15899916, 15799916, 15699916, 15099916, 15199916, 15399916, 15299916, 15499916, 15599916]","[23, 23, 23, 23, 23, 23, 23, 23, 23, 23]"
19,3,"[14, 15, 21]",3,1.0788669179892167,0.04830528108868748,7.913349841663148,"[15195263, 15095263, 15795263, 15695263, 15595263, 15495263, 15995263, 15895263, 15395263, 15295263]","[14, 14, 14, 14, 14, 14, 14, 14, 14, 14]"
20,3,"[14, 16]",2,0.710394590976648,0.03073013201355934,7.749406215763884,"[15127403, 15027403, 15727403, 15627403, 15527403, 15427403, 15927403, 15827403, 15327403, 15227403]","[14, 14, 14, 14, 14, 14, 14, 14, 14, 14]"
21,3,"[5, 21, 23]",3,1.0064142028568313,0.048365226946771145,6.1187247041574055,"[15778711, 15678711, 15478711, 15578711, 15178711, 15078711, 15878711, 15978711, 15278711, 15378711]","[21, 21, 21, 21, 21, 21, 21, 21, 21, 21]"
22,3,"[3, 4, 21]",3,1.097823521005921,0.07762060291133821,5.440180622021823,"[15757735, 15657735, 15457735, 15557735, 15157735, 15057735, 15857735, 15957735, 15257735, 15357735]","[4, 4, 4, 4, 4, 4, 4, 4, 4, 4]"
23,3,"[3, 6, 17]",3,1.0378014309098944,0.05952083598822355,5.89071053249063,"[15788388, 15688388, 15488388, 15588388, 15188388, 15088388, 15888388, 15988388, 15288388, 15388388]","[6, 6, 6, 6, 6, 6, 6, 6, 6, 6]"
24,3,"[14, 17, 19]",3,1.0791655370267108,0.04878081998322159,7.583284347182295,"[15120164, 15020164, 15720164, 15620164, 15520164, 15420164, 15920164, 15820164, 15320164, 15220164]","[14, 14, 14, 14, 14, 14, 14, 14, 14, 14]"
25,3,"[0, 13, 14]",3,1.2436344919260591,0.05637265695258975,7.262685269874055,"[15595263, 15495263, 15995263, 15895263, 15195263, 15095263, 15295263, 15395263, 15795263, 15695263]","[14, 14, 14, 14, 14, 14, 14, 14, 14, 14]"
26,3,"[6, 17, 20]",3,1.0117454751161858,0.051211117999628186,6.508603997509151,"[15070099, 15170099, 15470099, 15570099, 15970099, 15870099, 15770099, 15670099, 15270099, 15370099]","[6, 6, 6, 6, 6, 6, 6, 6, 6, 6]"
27,3,"[0, 14]",2,0.7392027649329975,0.030466545023955405,7.570828659780091,"[15787537, 15687537, 15487537, 15587537, 15187537, 15087537, 15887537, 15987537, 15287537, 15387537]","[14, 14, 14, 14, 14, 14, 14, 14, 14, 14]"
28,3,"[6, 15, 24]",3,1.086659009102732,0.04764093807898462,6.779492836620193,"[15052238, 15152238, 15252238, 15352238, 15752238, 15652238, 15952238, 15852238, 15552238, 15452238]","[24, 24, 24, 24, 24, 24, 24, 24, 24, 24]"
29,3,"[3, 5, 23]",3,1.0094269489636645,0.04743428609799594,5.336887276983664,"[15780639, 15680639, 15480639, 15580639, 15180639, 15080639, 15880639, 15980639, 15280639, 15380639]","[5, 5, 5, 5, 5, 5, 5, 5, 5, 5]"
30,3,"[3, 6, 24]",3,1.065757781965658,0.055092439986765385,5.96552541097238,"[15727560, 15627560, 15427560, 15527560, 15127560, 15027560, 15827560, 15927560, 15227560, 15327560]","[6, 6, 6, 6, 6, 6, 6, 6, 6, 6]"
31,3,"[16, 17, 21]",3,0.9786594000179321,0.04727184399962425,6.43145529483445,"[15329028, 15229028, 15029028, 15129028, 15629028, 15729028, 15929028, 15829028, 15429028, 15529028]","[21, 21, 21, 21, 21, 21, 21, 21, 21, 21]"
32,3,"[0, 14, 15]",3,1.0985301040345803,0.0516121219843626,7.381628185665856,"[15402489, 15502489, 15202489, 15302489, 15602489, 15702489, 15102489, 15002489, 15902489, 15802489]","[14, 14, 14, 14, 14, 14, 14, 14, 14, 14]"
33,3,"[11, 14, 15]",3,1.090411185985431,0.0398995109135285,7.516516114507492,"[15220515, 15320515, 15420515, 15520515, 15120515, 15020515, 15820515, 15920515, 15620515, 15720515]","[14, 14, 14, 14, 14, 14, 14, 14, 14, 14]"
34,3,"[15, 20, 21]",3,1.0272850500186905,0.05103667196817696,6.7750232783340225,"[15243732, 15343732, 15443732, 15543732, 15143732, 15043732, 15843732, 15943732, 15643732, 15743732]","[20, 20, 20, 20, 20, 20, 20, 20, 20, 20]"
35,3,"[2, 13, 14]",3,1.0730600890237838,0.05152127705514431,7.016730206223049,"[15544122, 15444122, 15944122, 15844122, 15144122, 15044122, 15244122, 15344122, 15744122, 15644122]","[14, 14, 14, 14, 14, 14, 14, 14, 14, 14]"
36,3,"[14, 15, 18]",3,1.1860572070581838,0.06280293792951852,7.594555194664281,"[15777008, 15677008, 15477008, 15577008, 15177008, 15077008, 15877008, 15977008, 15277008, 15377008]","[15, 15, 15, 15, 15, 15, 15, 15, 15, 15]"
37,3,"[7, 16, 21]",3,1.0130217880941927,0.12233493709936738,6.165190587344114,"[15697394, 15797394, 15497394, 15597394, 15397394, 15297394, 15097394, 15197394, 15897394, 15997394]","[7, 7, 7, 7, 7, 7, 7, 7, 7, 7]"
38,3,"[2, 5, 11]",3,1.012315506930463,0.08712975378148258,5.23661112736833,"[15159474, 15059474, 15759474, 15659474, 15559474, 15459474, 15959474, 15859474, 15359474, 15259474]","[2, 2, 2, 2, 2, 2, 2, 2, 2, 2]"
39,3,"[0, 5, 21]",3,1.0165647660614923,0.057942057959735394,5.879399918174992,"[15899987, 15999987, 15299987, 15399987, 15499987, 15599987, 15699987, 15799987, 15099987, 15199987]","[0, 0, 0, 0, 0, 0, 0, 0, 0, 0]"
40,3,"[3, 5, 6]",3,1.0252993000904098,0.08416653703898191,5.457706859820367,"[15523534, 15423534, 15923534, 15823534, 15123534, 15023534, 15223534, 15323534, 15723534, 15623534]","[6, 6, 6, 6, 6, 6, 6, 6, 6, 6]"
41,3,"[4, 16, 23]",3,1.0189169250661507,0.05105867004022002,5.516951227172588,"[15123992, 15023992, 15723992, 15623992, 15523992, 15423992, 15923992, 15823992, 15323992, 15223992]","[4, 4, 4, 4, 4, 4, 4, 4, 4, 4]"
42,3,"[0, 2, 17]",3,1.0180907879257575,0.058967588818632066,5.534726871196956,"[15460654, 15560654, 15860654, 15960654, 15060654, 15160654, 15660654, 15760654, 15360654, 15260654]","[2, 2, 2, 2, 2, 2, 2, 2, 2, 2]"
43,3,"[2, 14, 19]",3,1.0833462009904906,0.09628712106496096,6.868319622706622,"[15726107, 15626107, 15426107, 15526107, 15126107, 15026107, 15826107, 15926107, 15226107, 15326107]","[14, 14, 14, 14, 14, 14, 14, 14, 14, 14]"
44,3,"[0, 2, 14]",3,1.0773062938824296,0.051414400921203196,6.5718214675434865,"[15773380, 15673380, 15473380, 15573380, 15173380, 15073380, 15873380, 15973380, 15273380, 15373380]","[2, 2, 2, 2, 2, 2, 2, 2, 2, 2]"
45,3,"[5, 20, 22]",3,1.0051007489673793,0.04754883190616965,6.228860121356168,"[15743732, 15643732, 15443732, 15543732, 15143732, 15043732, 15843732, 15943732, 15243732, 15343732]","[20, 20, 20, 20, 20, 20, 20, 20, 20, 20]"
46,3,"[0, 5, 22]",3,1.025751685956493,0.05515645002014935,5.861082427514096,"[15505146, 15405146, 15905146, 15805146, 15105146, 15005146, 15205146, 15305146, 15705146, 15605146]","[22, 22, 22, 22, 22, 22, 22, 22, 22, 22]"
47,3,"[0, 6, 15]",3,1.0733223770512268,0.05547026405110955,6.235668297313775,"[15369117, 15269117, 15869117, 15969117, 15769117, 15669117, 15469117, 15569117, 15169117, 15069117]","[6, 6, 6, 6, 6, 6, 6, 6, 6, 6]"
48,3,"[2, 4]",2,0.6958688599988818,0.034262376953847706,4.713093373313313,"[15218082, 15318082, 15418082, 15518082, 15118082, 15018082, 15818082, 15918082, 15618082, 15718082]","[4, 4, 4, 4, 4, 4, 4, 4, 4, 4]"
49,3,"[14, 19, 23]",3,1.0821832930669188,0.05148964491672814,7.353599472340041,"[15111100, 15011100, 15711100, 15611100, 15511100, 15411100, 15911100, 15811100, 15311100, 15211100]","[14, 14, 14, 14, 14, 14, 14, 14, 14, 14]"
50,3,"[1, 13, 16]",3,1.029108191956766,0.05129505810327828,5.830315134526852,"[15713829, 15613829, 15413829, 15513829, 15113829, 15013829, 15813829, 15913829, 15213829, 15313829]","[13, 13, 13, 13, 13, 13, 13, 13, 13, 13]"
51,3,"[5, 20, 21]",3,0.9890780040295795,0.05108872998971492,6.247177612017064,"[15037210, 15137210, 15237210, 15337210, 15737210, 15637210, 15937210, 15837210, 15537210, 15437210]","[21, 21, 21, 21, 21, 21, 21, 21, 21, 21]"
52,3,"[11, 14, 19]",3,1.0992924191523343,0.048206537030637264,7.249162615199263,"[15495263, 15595263, 15295263, 15395263, 15695263, 15795263, 15195263, 15095263, 15995263, 15895263]","[14, 14, 14, 14, 14, 14, 14, 14, 14, 14]"
53,3,"[2, 15, 16]",3,1.1598326048115268,0.044406417990103364,5.748620568832848,"[15368203, 15268203, 15068203, 15168203, 15668203, 15768203, 15968203, 15868203, 15468203, 15568203]","[16, 16, 16, 16, 16, 16, 16, 16, 16, 16]"
54,3,"[14, 20, 22]",3,1.069004430086352,0.044605717179365456,7.698958390372961,"[15426595, 15526595, 15226595, 15326595, 15626595, 15726595, 15126595, 15026595, 15926595, 15826595]","[20, 20, 20, 20, 20, 20, 20, 20, 20, 20]"
55,3,"[1, 2, 5]",3,1.022794145043008,0.04808369092643261,5.056405616361492,"[15069764, 15169764, 15469764, 15569764, 15969764, 15869764, 15769764, 15669764, 15269764, 15369764]","[1, 1, 1, 1, 1, 1, 1, 1, 1, 1]"
56,3,"[0, 12, 14]",3,1.0656597070628777,0.051520819892175496,7.115571889521864,"[15595263, 15495263, 15995263, 15895263, 15195263, 15095263, 15295263, 15395263, 15795263, 15695263]","[14, 14, 14, 14, 14, 14, 14, 14, 14, 14]"
57,3,"[16, 17, 23]",3,1.0866479019168764,0.1332162271719426,6.139058424819571,"[15608645, 15708645, 15408645, 15508645, 15308645, 15208645, 15008645, 15108645, 15808645, 15908645]","[16, 16, 16, 16, 16, 16, 16, 16, 16, 16]"
58,3,"[14, 20, 24]",3,1.0940779361408204,0.04836471797898412,7.729378764342982,"[15180505, 15080505, 15780505, 15680505, 15580505, 15480505, 15980505, 15880505, 15380505, 15280505]","[14, 14, 14, 14, 14, 14, 14, 14, 14, 14]"
59,3,"[9, 12, 14]",3,1.1926418211078271,0.048635844024829566,8.360169039689936,"[15743923, 15643923, 15443923, 15543923, 15143923, 15043923, 15843923, 15943923, 15243923, 15343923]","[12, 12, 12, 12, 12, 12, 12, 12, 12, 12]"
60,3,"[11, 13, 20]",3,1.0608450499130413,0.052380361943505704,6.259246635386565,"[15184339, 15084339, 15784339, 15684339, 15584339, 15484339, 15984339, 15884339, 15384339, 15284339]","[11, 11, 11, 11, 11, 11, 11, 11, 11, 11]"
61,3,"[4, 8, 16]",3,1.0151901460485533,0.052251918939873576,5.621184663012779,"[15164914, 15064914, 15264914, 15364914, 15564914, 15464914, 15964914, 15864914, 15764914, 15664914]","[4, 4, 4, 4, 4, 4, 4, 4, 4, 4]"
62,3,"[0, 22, 24]",3,1.2233854919904843,0.052299057017080486,6.368900978666109,"[16735621, 16635621, 17135621, 17035621, 16935621, 16835621, 17435621, 17535621, 17335621, 17235621]","[22, 22, 22, 22, 22, 22, 22, 22, 22, 22]"
63,3,"[9, 20, 21]",3,1.0364408389432356,0.04803796194028109,7.45576877403073,"[15058505, 15158505, 15458505, 15558505, 15958505, 15858505, 15758505, 15658505, 15258505, 15358505]","[9, 9, 9, 9, 9, 9, 9, 9, 9, 9]"
64,3,"[16, 17, 19]",3,1.0260806779842824,0.05223549297079444,6.196231794000293,"[15108645, 15008645, 15708645, 15608645, 15508645, 15408645, 15908645, 15808645, 15308645, 15208645]","[16, 16, 16, 16, 16, 16, 16, 16, 16, 16]"
65,3,"[12, 14, 23]",3,1.0544554988155141,0.06757446087431163,7.354896675504278,"[15143923, 15043923, 15743923, 15643923, 15543923, 15443923, 15943923, 15843923, 15343923, 15243923]","[12, 12, 12, 12, 12, 12, 12, 12, 12, 12]"
66,3,"[0, 2, 8]",3,1.1005026219645515,0.09001687401905656,5.409275432194893,"[15620173, 15720173, 15420173, 15520173, 15320173, 15220173, 15020173, 15120173, 15820173, 15920173]","[0, 0, 0, 0, 0, 0, 0, 0, 0, 0]"
67,3,"[8, 14, 24]",3,1.0620759410085157,0.047999536036513746,7.705159292323515,"[15574892, 15474892, 15174892, 15074892, 15374892, 15274892, 15774892, 15674892, 15874892, 15974892]","[24, 24, 24, 24, 24, 24, 24, 24, 24, 24]"
68,3,"[0, 8, 11]",3,1.0605940700042993,0.04452705488074571,5.790118424687535,"[15738198, 15638198, 15438198, 15538198, 15138198, 15038198, 15838198, 15938198, 15238198, 15338198]","[8, 8, 8, 8, 8, 8, 8, 8, 8, 8]"
69,3,"[2, 5, 20]",3,1.073233148897998,0.05349169101100415,5.4695008923687665,"[15179923, 15079923, 15779923, 15679923, 15579923, 15479923, 15979923, 15879923, 15379923, 15279923]","[2, 2, 2, 2, 2, 2, 2, 2, 2, 2]"
70,3,"[11, 14, 19]",3,1.112058563157916,0.056197175988927484,7.249162615199263,"[15775525, 15675525, 15475525, 15575525, 15175525, 15075525, 15875525, 15975525, 15275525, 15375525]","[14, 14, 14, 14, 14, 14, 14, 14, 14, 14]"
71,3,"[0, 2, 14]",3,1.1064306510379538,0.05249074101448059,6.5718214675434865,"[15595263, 15495263, 15995263, 15895263, 15195263, 15095263, 15295263, 15395263, 15795263, 15695263]","[14, 14, 14, 14, 14, 14, 14, 14, 14, 14]"
72,3,"[11, 14, 23]",3,1.082981166895479,0.16853151295799762,7.191989246018541,"[15513321, 15413321, 15913321, 15813321, 15113321, 15013321, 15213321, 15313321, 15713321, 15613321]","[23, 23, 23, 23, 23, 23, 23, 23, 23, 23]"
73,3,"[2, 11, 14]",3,1.0844374580774456,0.05751435097772628,6.706709396385122,"[15418064, 15518064, 15818064, 15918064, 15018064, 15118064, 15618064, 15718064, 15318064, 15218064]","[11, 11, 11, 11, 11, 11, 11, 11, 11, 11]"
74,3,"[14, 20, 24]",3,1.1937951211584732,0.0513697819551453,7.729378764342982,"[15061315, 15161315, 15461315, 15561315, 15961315, 15861315, 15761315, 15661315, 15261315, 15361315]","[14, 14, 14, 14, 14, 14, 14, 14, 14, 14]"
75,3,"[13, 15, 21]",3,1.0702488899696618,0.048272458952851593,6.852154323171514,"[15707630, 15607630, 15407630, 15507630, 15107630, 15007630, 15807630, 15907630, 15207630, 15307630]","[15, 15, 15, 15, 15, 15, 15, 15, 15, 15]"
76,3,"[7, 11, 14]",3,1.1807151570683345,0.05437898705713451,7.155409413370459,"[15254655, 15354655, 15454655, 15554655, 15154655, 15054655, 15854655, 15954655, 15654655, 15754655]","[11, 11, 11, 11, 11, 11, 11, 11, 11, 11]"
77,3,"[14, 20, 21]",3,1.0605761100305244,0.05267172399908304,7.717275881033856,"[15139391, 15039391, 15739391, 15639391, 15539391, 15439391, 15939391, 15839391, 15339391, 15239391]","[14, 14, 14, 14, 14, 14, 14, 14, 14, 14]"
78,3,"[0, 5, 12]",3,1.0208750379970297,0.048645608010701835,5.645473620505072,"[15305883, 15205883, 15005883, 15105883, 15605883, 15705883, 15905883, 15805883, 15405883, 15505883]","[12, 12, 12, 12, 12, 12, 12, 12, 12, 12]"
79,3,"[14, 15, 21]",3,1.1838014849927276,0.05674592196010053,7.913349841663148,"[15490901, 15590901, 15890901, 15990901, 15090901, 15190901, 15690901, 15790901, 15390901, 15290901]","[15, 15, 15, 15, 15, 15, 15, 15, 15, 15]"
80,3,"[2, 16, 24]",3,1.0418185360031202,0.0715641729766503,5.728593453667902,"[15061630, 15161630, 15261630, 15361630, 15761630, 15661630, 15961630, 15861630, 15561630, 15461630]","[24, 24, 24, 24, 24, 24, 24, 24, 24, 24]"
81,3,"[14, 15]",2,0.7451740860706195,0.03128350293263793,8.416606141487136,"[15023714, 15123714, 15423714, 15523714, 15923714, 15823714, 15723714, 15623714, 15223714, 15323714]","[14, 14, 14, 14, 14, 14, 14, 14, 14, 14]"
82,3,"[14, 15, 24]",3,1.1715454630320892,0.05675897991750389,7.925452724972274,"[15742197, 15642197, 15442197, 15542197, 15142197, 15042197, 15842197, 15942197, 15242197, 15342197]","[15, 15, 15, 15, 15, 15, 15, 15, 15, 15]"
83,3,"[9, 15, 16]",3,1.0546706930035725,0.044675097917206585,7.2391727826519245,"[15587355, 15487355, 15987355, 15887355, 15187355, 15087355, 15287355, 15387355, 15787355, 15687355]","[16, 16, 16, 16, 16, 16, 16, 16, 16, 16]"
84,3,"[2, 12, 21]",3,0.994483168120496,0.04947507311590016,5.895234224696954,"[15791152, 15691152, 15491152, 15591152, 15191152, 15091152, 15891152, 15991152, 15291152, 15391152]","[12, 12, 12, 12, 12, 12, 12, 12, 12, 12]"
85,3,"[3, 15, 21]",3,1.0551815619692206,0.04858625296037644,6.157129813315502,"[15510988, 15410988, 15910988, 15810988, 15110988, 15010988, 15210988, 15310988, 15710988, 15610988]","[21, 21, 21, 21, 21, 21, 21, 21, 21, 21]"
86,3,"[14, 17, 19]",3,1.2110943900188431,0.04869655892252922,7.583284347182295,"[15352576, 15252576, 15052576, 15152576, 15652576, 15752576, 15952576, 15852576, 15452576, 15552576]","[19, 19, 19, 19, 19, 19, 19, 19, 19, 19]"
87,3,"[5, 6, 11]",3,1.0388522578869015,0.05192705488298088,5.8427105598384514,"[15525878, 15425878, 15925878, 15825878, 15125878, 15025878, 15225878, 15325878, 15725878, 15625878]","[11, 11, 11, 11, 11, 11, 11, 11, 11, 11]"
88,3,"[7, 14, 16]",3,1.1751014610053971,0.05867986101657152,7.1395731885180185,"[15405198, 15505198, 15905198, 15805198, 15305198, 15205198, 15705198, 15605198, 15105198, 15005198]","[16, 16, 16, 16, 16, 16, 16, 16, 16, 16]"
89,3,"[0, 3]",2,0.719736211001873,0.03737178386654705,4.936498617258621,"[15775711, 15675711, 15475711, 15575711, 15175711, 15075711, 15875711, 15975711, 15275711, 15375711]","[3, 3, 3, 3, 3, 3, 3, 3, 3, 3]"
90,3,"[2, 14, 20]",3,1.0657878329511732,0.04826053511351347,6.9395991613855585,"[15721020, 15621020, 15421020, 15521020, 15121020, 15021020, 15821020, 15921020, 15221020, 15321020]","[14, 14, 14, 14, 14, 14, 14, 14, 14, 14]"
91,3,"[0, 23, 24]",3,1.2057579250540584,0.0484080909518525,6.094821599312127,"[15474892, 15574892, 15974892, 15874892, 15374892, 15274892, 15774892, 15674892, 15174892, 15074892]","[24, 24, 24, 24, 24, 24, 24, 24, 24, 24]"
92,3,"[6, 9, 16]",3,1.0435431419173256,0.05190999200567603,7.035465496999677,"[15465130, 15565130, 15865130, 15965130, 15065130, 15165130, 15665130, 15765130, 15365130, 15265130]","[9, 9, 9, 9, 9, 9, 9, 9, 9, 9]"
93,3,"[1, 14, 18]",3,1.059132050955668,0.05229085381142795,6.985385958027716,"[15084055, 15184055, 15484055, 15584055, 15984055, 15884055, 15784055, 15684055, 15284055, 15384055]","[1, 1, 1, 1, 1, 1, 1, 1, 1, 1]"
94,3,"[14, 15, 21]",3,1.20440230704844,0.05426113284192979,7.913349841663148,"[15548796, 15448796, 15948796, 15848796, 15148796, 15048796, 15248796, 15348796, 15748796, 15648796]","[21, 21, 21, 21, 21, 21, 21, 21, 21, 21]"
95,3,"[4, 18, 20]",3,1.023706323117949,0.04846190509852022,5.739279440041476,"[15550958, 15450958, 15950958, 15850958, 15150958, 15050958, 15250958, 15350958, 15750958, 15650958]","[20, 20, 20, 20, 20, 20, 20, 20, 20, 20]"
96,3,"[15, 18, 24]",3,1.0597268620040268,0.044702971004880965,6.632275476799502,"[15442643, 15542643, 15842643, 15942643, 15042643, 15142643, 15642643, 15742643, 15342643, 15242643]","[18, 18, 18, 18, 18, 18, 18, 18, 18, 18]"
97,3,"[3, 15, 16]",3,1.0613912559347227,0.06990193494129926,5.744459861307405,"[15266783, 15366783, 15466783, 15566783, 15166783, 15066783, 15866783, 15966783, 15666783, 15766783]","[15, 15, 15, 15, 15, 15, 15, 15, 15, 15]"
98,3,"[14, 18]",2,0.7684934741118923,0.03494778601452708,7.890219173277728,"[15120515, 15020515, 15720515, 15620515, 15520515, 15420515, 15920515, 15820515, 15320515, 15220515]","[14, 14, 14, 14, 14, 14, 14, 14, 14, 14]"
99,3,"[0, 2, 23]",3,1.0525167550658807,0.05591119185555726,5.305041996354703,"[15513321, 15413321, 15913321, 15813321, 15113321, 15013321, 15613321, 15713321, 15213321, 15313321]","[23, 23, 23, 23, 23, 23, 23, 23, 23, 23]"
100,3,"[3, 13, 23]",3,1.0565905700204894,0.04860219813417643,5.745790027508822,"[15740600, 15640600, 15440600, 15540600, 15140600, 15040600, 15840600, 15940600, 15240600, 15340600]","[13, 13, 13, 13, 13, 13, 13, 13, 13, 13]"
101,3,"[10, 14, 21]",3,1.2155424079392105,0.055525913019664586,8.058781768020708,"[17351066, 17251066, 17051066, 17151066, 16651066, 16751066, 16851066, 16951066, 17451066, 17551066]","[14, 14, 14, 14, 14, 14, 14, 14, 14, 14]"
102,3,"[14, 18, 23]",3,1.033238247036934,0.04731889290269464,7.270028326175331,"[15933953, 15833953, 15733953, 15633953, 15033953, 15133953, 15333953, 15233953, 15433953, 15533953]","[23, 23, 23, 23, 23, 23, 23, 23, 23, 23]"
103,3,"[2, 11, 15]",3,1.0532707549864426,0.04758253297768533,5.764456793685288,"[15622339, 15722339, 15422339, 15522339, 15322339, 15222339, 15022339, 15122339, 15822339, 15922339]","[2, 2, 2, 2, 2, 2, 2, 2, 2, 2]"
104,3,"[12, 16, 17]",3,0.9587490659905598,0.09836754214484245,6.19752899716453,"[15785346, 15685346, 15085346, 15185346, 15385346, 15285346, 15885346, 15985346, 15485346, 15585346]","[17, 17, 17, 17, 17, 17, 17, 17, 17, 17]"
105,3,"[0, 2, 6]",3,1.0504030629526824,0.05491906008683145,5.425861579191405,"[15759474, 15659474, 15459474, 15559474, 15159474, 15059474, 15859474, 15959474, 15259474, 15359474]","[2, 2, 2, 2, 2, 2, 2, 2, 2, 2]"
106,3,"[0, 14, 15]",3,1.098202649038285,0.04760742315556854,7.381628185665856,"[15737909, 15637909, 15437909, 15537909, 15137909, 15037909, 15837909, 15937909, 15237909, 15337909]","[14, 14, 14, 14, 14, 14, 14, 14, 14, 14]"
107,3,"[4, 10, 18]",3,1.0248037920100614,0.051499512046575546,6.080785327028328,"[15202169, 15302169, 15402169, 15502169, 15102169, 15002169, 15802169, 15902169, 15602169, 15702169]","[10, 10, 10, 10, 10, 10, 10, 10, 10, 10]"
108,3,"[1, 5, 14]",3,1.0468023129506037,0.055427912855520844,6.808464937183696,"[15539391, 15439391, 15939391, 15839391, 15139391, 15039391, 15239391, 15339391, 15739391, 15639391]","[14, 14, 14, 14, 14, 14, 14, 14, 14, 14]"
109,3,"[11, 14, 20]",3,1.0684150508604944,0.051537247956730425,7.3204421538782,"[15377266, 15277266, 15077266, 15177266, 15677266, 15777266, 15977266, 15877266, 15477266, 15577266]","[20, 20, 20, 20, 20, 20, 20, 20, 20, 20]"
110,3,"[3, 7, 17]",3,1.0224453309783712,0.05110110202804208,5.733311117005845,"[15763594, 15663594, 15463594, 15563594, 15163594, 15063594, 15863594, 15963594, 15263594, 15363594]","[7, 7, 7, 7, 7, 7, 7, 7, 7, 7]"
111,3,"[2, 8, 24]",3,1.0154807089129463,0.047230947064235806,5.953099971501312,"[15171697, 15071697, 15771697, 15671697, 15571697, 15471697, 15971697, 15871697, 15371697, 15271697]","[2, 2, 2, 2, 2, 2, 2, 2, 2, 2]"
112,3,"[2, 15, 16]",3,1.022001819103025,0.04358051379676908,5.748620568832848,"[15728563, 15628563, 15428563, 15528563, 15128563, 15028563, 15828563, 15928563, 15228563, 15328563]","[15, 15, 15, 15, 15, 15, 15, 15, 15, 15]"
113,3,"[7, 14, 23]",3,1.0665825171163306,0.05130909092258662,7.259846270511237,"[15444122, 15544122, 15244122, 15344122, 15644122, 15744122, 15144122, 15044122, 15944122, 15844122]","[14, 14, 14, 14, 14, 14, 14, 14, 14, 14]"
114,3,"[0, 15]",2,0.7199790889862925,0.03026772104203701,6.15744975573034,"[15755437, 15655437, 15455437, 15555437, 15155437, 15055437, 15855437, 15955437, 15255437, 15355437]","[15, 15, 15, 15, 15, 15, 15, 15, 15, 15]"
115,3,"[0, 14, 15]",3,1.0980311488965526,0.047687252052128315,7.381628185665856,"[15780349, 15680349, 15480349, 15580349, 15180349, 15080349, 15880349, 15980349, 15280349, 15380349]","[14, 14, 14, 14, 14, 14, 14, 14, 14, 14]"
116,3,"[4, 14, 21]",3,1.0732780629768968,0.07115182001143694,7.196400650369469,"[15719455, 15619455, 15419455, 15519455, 15119455, 15019455, 15819455, 15919455, 15219455, 15319455]","[14, 14, 14, 14, 14, 14, 14, 14, 14, 14]"
117,3,"[4, 19, 23]",3,1.1451063110725954,0.08958572114352137,5.694397678346529,"[15735134, 15635134, 15435134, 15535134, 15135134, 15035134, 15835134, 15935134, 15235134, 15335134]","[19, 19, 19, 19, 19, 19, 19, 19, 19, 19]"
118,3,"[0, 9]",2,0.7187976018758491,0.03446783602703363,7.178567999275401,"[15147572, 15047572, 15747572, 15647572, 15547572, 15447572, 15947572, 15847572, 15347572, 15247572]","[0, 0, 0, 0, 0, 0, 0, 0, 0, 0]"
119,3,"[2, 14, 15]",3,1.0752014679601416,0.047392601147294044,7.13567312201485,"[15795263, 15695263, 15495263, 15595263, 15195263, 15095263, 15895263, 15995263, 15295263, 15395263]","[14, 14, 14, 14, 14, 14, 14, 14, 14, 14]"
120,3,"[10, 16, 20]",3,1.0050311130471528,0.054829275934025645,6.507785252683486,"[15102169, 15002169, 15702169, 15602169, 15502169, 15402169, 15902169, 15802169, 15302169, 15202169]","[10, 10, 10, 10, 10, 10, 10, 10, 10, 10]"
121,3,"[19, 20]",2,0.7038129159482196,0.03827329690102488,6.308086047531106,"[15732844, 15632844, 15532844, 15432844, 15032844, 15132844, 15232844, 15332844, 15832844, 15932844]","[19, 19, 19, 19, 19, 19, 19, 19, 19, 19]"
122,3,"[2, 3, 23]",3,1.0265409429557621,0.0477633629925549,5.054926225178254,"[15102138, 15002138, 15202138, 15302138, 15502138, 15402138, 15902138, 15802138, 15702138, 15602138]","[2, 2, 2, 2, 2, 2, 2, 2, 2, 2]"
123,3,"[0, 14, 16]",3,1.063231501961127,0.05142339610029012,6.936828235183687,"[15463304, 15563304, 15963304, 15863304, 15363304, 15263304, 15763304, 15663304, 15163304, 15063304]","[16, 16, 16, 16, 16, 16, 16, 16, 16, 16]"
124,3,"[14, 15, 23]",3,1.07386258803308,0.0474819770315662,7.620952971648269,"[15977832, 15877832, 15777832, 15677832, 15077832, 15177832, 15377832, 15277832, 15477832, 15577832]","[23, 23, 23, 23, 23, 23, 23, 23, 23, 23]"
125,3,"[5, 6, 20]",3,1.0087080490775406,0.05485487508121878,6.075600324838888,"[15743279, 15643279, 15443279, 15543279, 15143279, 15043279, 15843279, 15943279, 15243279, 15343279]","[6, 6, 6, 6, 6, 6, 6, 6, 6, 6]"
126,3,"[0, 4, 14]",3,1.0947289288742468,0.05155040603131056,6.664678994372177,"[15723992, 15623992, 15423992, 15523992, 15123992, 15023992, 15823992, 15923992, 15223992, 15323992]","[4, 4, 4, 4, 4, 4, 4, 4, 4, 4]"
127,3,"[5, 8, 21]",3,0.9800046910531819,0.051124827936291695,6.222958139997597,"[15738198, 15638198, 15438198, 15538198, 15138198, 15038198, 15838198, 15938198, 15238198, 15338198]","[8, 8, 8, 8, 8, 8, 8, 8, 8, 8]"
128,3,"[0, 15, 21]",3,1.05066966090817,0.04739189811516553,6.4072455844919505,"[15134126, 15034126, 15534126, 15434126, 15334126, 15234126, 15834126, 15934126, 15734126, 15634126]","[15, 15, 15, 15, 15, 15, 15, 15, 15, 15]"
129,3,"[3, 16, 21]",3,1.0298304299358279,0.05165012809447944,5.712329862833333,"[15475067, 15575067, 15275067, 15375067, 15675067, 15775067, 15175067, 15075067, 15975067, 15875067]","[16, 16, 16, 16, 16, 16, 16, 16, 16, 16]"
130,3,"[9, 14, 15]",3,1.2473044249927625,0.04847858601715416,8.626225335833928,"[15059404, 15159404, 15259404, 15359404, 15759404, 15659404, 15959404, 15859404, 15559404, 15459404]","[15, 15, 15, 15, 15, 15, 15, 15, 15, 15]"
131,3,"[14, 21]",2,0.7206654549809173,0.03491252311505377,8.36841114377603,"[15320515, 15220515, 15820515, 15920515, 15520515, 15420515, 15120515, 15020515, 15620515, 15720515]","[14, 14, 14, 14, 14, 14, 14, 14, 14, 14]"
132,3,"[0, 9, 16]",3,1.0571475541219115,0.05639183009043336,6.675321128180561,"[15348064, 15248064, 15148064, 15048064, 15948064, 15848064, 15648064, 15748064, 15548064, 15448064]","[16, 16, 16, 16, 16, 16, 16, 16, 16, 16]"
133,3,"[6, 16, 24]",3,1.1213333498453721,0.055183553020469844,6.334692886138025,"[15974892, 15874892, 15774892, 15674892, 15074892, 15174892, 15374892, 15274892, 15474892, 15574892]","[24, 24, 24, 24, 24, 24, 24, 24, 24, 24]"
134,3,"[0, 9, 14]",3,1.1088955588638783,0.05448996799532324,8.062373681362564,"[17060442, 17160442, 17360442, 17260442, 17460442, 17560442, 16960442, 16860442, 16760442, 16660442]","[9, 9, 9, 9, 9, 9, 9, 9, 9, 9]"
135,3,"[5, 14, 15]",3,1.077222082996741,0.06358487601391971,7.417634173820261,"[15507705, 15407705, 15907705, 15807705, 15107705, 15007705, 15207705, 15307705, 15707705, 15607705]","[15, 15, 15, 15, 15, 15, 15, 15, 15, 15]"
136,3,"[3, 14, 19]",3,1.1671315830899402,0.04858515609521419,6.864158915181179,"[15146491, 15046491, 15246491, 15346491, 15546491, 15446491, 15946491, 15846491, 15746491, 15646491]","[3, 3, 3, 3, 3, 3, 3, 3, 3, 3]"
137,3,"[7, 11, 15]",3,1.0871675071539357,0.05204965698067099,6.213156810670625,"[15585400, 15485400, 15185400, 15085400, 15785400, 15685400, 15385400, 15285400, 15985400, 15885400]","[11, 11, 11, 11, 11, 11, 11, 11, 11, 11]"
138,3,"[14, 15, 23]",3,1.0871358549920842,0.17136073287110776,7.620952971648269,"[15513321, 15413321, 15913321, 15813321, 15113321, 15013321, 15213321, 15313321, 15713321, 15613321]","[23, 23, 23, 23, 23, 23, 23, 23, 23, 23]"
139,3,"[14, 15, 23]",3,1.0871582650579512,0.05230864591430873,7.620952971648269,"[15137986, 15037986, 15737986, 15637986, 15537986, 15437986, 15937986, 15837986, 15337986, 15237986]","[14, 14, 14, 14, 14, 14, 14, 14, 14, 14]"
140,3,"[5, 14, 20]",3,1.0549378929426894,0.05214874085504562,7.221560213190969,"[15414627, 15514627, 15214627, 15314627, 15614627, 15714627, 15114627, 15014627, 15914627, 15814627]","[14, 14, 14, 14, 14, 14, 14, 14, 14, 14]"
141,3,"[5, 15, 21]",3,1.1067247739993036,0.0551562070613727,6.443251572646356,"[15442197, 15542197, 15242197, 15342197, 15642197, 15742197, 15142197, 15042197, 15942197, 15842197]","[15, 15, 15, 15, 15, 15, 15, 15, 15, 15]"
142,3,"[6, 14, 19]",3,1.1115337959490716,0.0526050110347569,7.474419055176743,"[15295263, 15395263, 15495263, 15595263, 15195263, 15095263, 15895263, 15995263, 15695263, 15795263]","[14, 14, 14, 14, 14, 14, 14, 14, 14, 14]"
143,3,"[6, 14, 23]",3,1.0813875809544697,0.1774083781056106,7.417245685996022,"[15421020, 15521020, 15221020, 15321020, 15621020, 15721020, 15121020, 15021020, 15921020, 15821020]","[14, 14, 14, 14, 14, 14, 14, 14, 14, 14]"
144,3,"[2, 3, 12]",3,1.0107926009222865,0.047757842927239835,5.113396797523213,"[15148324, 15048324, 15748324, 15648324, 15548324, 15448324, 15948324, 15848324, 15348324, 15248324]","[2, 2, 2, 2, 2, 2, 2, 2, 2, 2]"
145,3,"[16, 20, 21]",3,1.0122256259201095,0.05225633014924824,6.330223327851854,"[15491621, 15591621, 15891621, 15991621, 15091621, 15191621, 15691621, 15791621, 15391621, 15291621]","[20, 20, 20, 20, 20, 20, 20, 20, 20, 20]"
146,3,"[2, 20, 24]",3,1.0553636569529772,0.04848502785898745,5.97731944352078,"[15771572, 15671572, 15471572, 15571572, 15171572, 15071572, 15871572, 15971572, 15271572, 15371572]","[20, 20, 20, 20, 20, 20, 20, 20, 20, 20]"
147,3,"[14, 21, 23]",3,1.1193058650242165,0.07348420692142099,7.5888229731741985,"[15795150, 15695150, 15495150, 15595150, 15195150, 15095150, 15895150, 15995150, 15295150, 15395150]","[21, 21, 21, 21, 21, 21, 21, 21, 21, 21]"
148,3,"[2, 15, 17]",3,1.032110897009261,0.052847219980321825,6.09857852566832,"[15589228, 15489228, 15989228, 15889228, 15189228, 15089228, 15289228, 15389228, 15789228, 15689228]","[17, 17, 17, 17, 17, 17, 17, 17, 17, 17]"
149,3,"[2, 3, 21]",3,1.0304846699582413,0.048353670979849994,5.347323095193133,"[15596588, 15496588, 15996588, 15896588, 15196588, 15096588, 15296588, 15396588, 15796588, 15696588]","[21, 21, 21, 21, 21, 21, 21, 21, 21, 21]"
150,3,"[9, 14, 20]",3,1.1001270880224183,0.05231370194815099,8.430151375204636,"[15066544, 15166544, 15466544, 15566544, 15966544, 15866544, 15766544, 15666544, 15266544, 15366544]","[9, 9, 9, 9, 9, 9, 9, 9, 9, 9]"
151,3,"[12, 13, 22]",3,1.1141179811675102,0.05837648315355182,6.567780536366627,"[15520157, 15420157, 15920157, 15820157, 15120157, 15020157, 15220157, 15320157, 15720157, 15620157]","[22, 22, 22, 22, 22, 22, 22, 22, 22, 22]"
152,3,"[0, 15, 23]",3,1.907648165943101,0.17044550098944455,6.1148487144770725,"[15107168, 15007168, 15207168, 15307168, 15507168, 15407168, 15907168, 15807168, 15707168, 15607168]","[0, 0, 0, 0, 0, 0, 0, 0, 0, 0]"
153,3,"[7, 20, 23]",3,1.7054648249177262,0.05248716508504003,6.121519707182112,"[15133161, 15033161, 15733161, 15633161, 15533161, 15433161, 15933161, 15833161, 15333161, 15233161]","[7, 7, 7, 7, 7, 7, 7, 7, 7, 7]"
154,3,"[5, 17]",2,0.6468978279735893,0.07052942703012377,6.069195747491904,"[15790827, 15690827, 15490827, 15590827, 15190827, 15090827, 15890827, 15990827, 15290827, 15390827]","[17, 17, 17, 17, 17, 17, 17, 17, 17, 17]"
155,3,"[1, 2, 17]",3,1.0203208869788796,0.05229017895180732,5.489409289031755,"[15790554, 15690554, 15490554, 15590554, 15190554, 15090554, 15890554, 15990554, 15290554, 15390554]","[2, 2, 2, 2, 2, 2, 2, 2, 2, 2]"
156,3,"[3, 15, 19]",3,1.0892656189389527,0.048872541869059205,5.921906312481345,"[15117585, 15017585, 15717585, 15617585, 15517585, 15417585, 15917585, 15817585, 15317585, 15217585]","[3, 3, 3, 3, 3, 3, 3, 3, 3, 3]"
157,3,"[14, 16, 20]",3,1.0906581518938765,0.050628659897483885,7.304605929025759,"[15572955, 15472955, 15172955, 15072955, 15772955, 15672955, 15372955, 15272955, 15972955, 15872955]","[16, 16, 16, 16, 16, 16, 16, 16, 16, 16]"
158,3,"[18, 20, 24]",3,1.0513828950934112,0.04893337399698794,6.43620151617021,"[15771186, 15671186, 15471186, 15571186, 15171186, 15071186, 15871186, 15971186, 15271186, 15371186]","[20, 20, 20, 20, 20, 20, 20, 20, 20, 20]"
159,3,"[14, 15, 20]",3,1.0861159849446267,0.04937797214370221,7.749405879507928,"[15130269, 15030269, 15730269, 15630269, 15530269, 15430269, 15930269, 15830269, 15330269, 15230269]","[14, 14, 14, 14, 14, 14, 14, 14, 14, 14]"
160,3,"[2, 6, 15]",3,1.0644495171727613,0.05291704402770847,5.989713233662769,"[15589978, 15489978, 15989978, 15889978, 15189978, 15089978, 15689978, 15789978, 15289978, 15389978]","[15, 15, 15, 15, 15, 15, 15, 15, 15, 15]"
161,3,"[5, 15, 19]",3,1.060249051079154,0.04825836594682187,6.2080280718121985,"[15784852, 15684852, 15484852, 15584852, 15184852, 15084852, 15884852, 15984852, 15284852, 15384852]","[15, 15, 15, 15, 15, 15, 15, 15, 15, 15]"
162,3,"[6, 14, 20]",3,1.0793070729123428,0.1774160780478269,7.54569859385568,"[15343732, 15243732, 15043732, 15143732, 15643732, 15743732, 15943732, 15843732, 15443732, 15543732]","[20, 20, 20, 20, 20, 20, 20, 20, 20, 20]"
163,3,"[4, 14, 23]",3,1.0831039970507845,0.05472526012454182,6.90400378035459,"[15420515, 15520515, 15220515, 15320515, 15620515, 15720515, 15120515, 15020515, 15920515, 15820515]","[14, 14, 14, 14, 14, 14, 14, 14, 14, 14]"
164,3,"[7, 14, 19]",3,1.2427127909613773,0.052476145909167826,7.317019639691959,"[15795617, 15695617, 15495617, 15595617, 15195617, 15095617, 15895617, 15995617, 15295617, 15395617]","[14, 14, 14, 14, 14, 14, 14, 14, 14, 14]"
165,3,"[14, 16, 17]",3,1.0300608611432835,0.0516318449517712,7.405837896008355,"[15104079, 15004079, 15704079, 15604079, 15504079, 15404079, 15904079, 15804079, 15304079, 15204079]","[14, 14, 14, 14, 14, 14, 14, 14, 14, 14]"
166,3,"[15, 17, 20]",3,1.0291980910114944,0.052118054940365255,6.712311283161398,"[15194248, 15094248, 15294248, 15394248, 15594248, 15494248, 15994248, 15894248, 15794248, 15694248]","[15, 15, 15, 15, 15, 15, 15, 15, 15, 15]"
167,3,"[4, 14, 15]",3,1.106046243919991,0.18879196175839752,7.228530648843541,"[15275525, 15375525, 15475525, 15575525, 15175525, 15075525, 15875525, 15975525, 15675525, 15775525]","[14, 14, 14, 14, 14, 14, 14, 14, 14, 14]"
168,3,"[0, 19]",2,0.7367067459272221,0.03513801598455757,5.7564195067679975,"[15166916, 15066916, 15766916, 15666916, 15566916, 15466916, 15966916, 15866916, 15366916, 15266916]","[0, 0, 0, 0, 0, 0, 0, 0, 0, 0]"
169,3,"[0, 9, 20]",3,1.082288802950643,0.06145863002166152,6.924047118033438,"[15567411, 15467411, 15167411, 15067411, 15767411, 15667411, 15367411, 15267411, 15967411, 15867411]","[9, 9, 9, 9, 9, 9, 9, 9, 9, 9]"
170,3,"[9, 17, 20]",3,1.0872841589152813,0.08675165113527328,7.393056778858106,"[15190896, 15090896, 15290896, 15390896, 15590896, 15490896, 15990896, 15890896, 15790896, 15690896]","[9, 9, 9, 9, 9, 9, 9, 9, 9, 9]"
171,3,"[7, 16]",2,0.6878416090039536,0.03264565905556083,5.794367260008585,"[15172955, 15072955, 15572955, 15472955, 15372955, 15272955, 15872955, 15972955, 15772955, 15672955]","[16, 16, 16, 16, 16, 16, 16, 16, 16, 16]"
172,3,"[5, 7, 16]",3,1.010992381023243,0.04819056496489793,5.669474919501226,"[15268424, 15368424, 15468424, 15568424, 15168424, 15068424, 15868424, 15968424, 15668424, 15768424]","[7, 7, 7, 7, 7, 7, 7, 7, 7, 7]"
173,3,"[2, 5, 23]",3,1.0121786670060828,0.05241581692826003,5.341047984509108,"[15180426, 15080426, 15780426, 15680426, 15580426, 15480426, 15980426, 15880426, 15380426, 15280426]","[2, 2, 2, 2, 2, 2, 2, 2, 2, 2]"
174,3,"[14, 15, 24]",3,1.125790952006355,0.1687370858853683,7.925452724972274,"[15620515, 15720515, 15420515, 15520515, 15320515, 15220515, 15020515, 15120515, 15820515, 15920515]","[14, 14, 14, 14, 14, 14, 14, 14, 14, 14]"
175,3,"[2, 15, 18]",3,1.032075250055641,0.0479266089387238,5.842495873842078,"[15755437, 15655437, 15455437, 15555437, 15155437, 15055437, 15855437, 15955437, 15255437, 15355437]","[15, 15, 15, 15, 15, 15, 15, 15, 15, 15]"
176,3,"[5, 14, 20]",3,1.0435324108693749,0.048389768810011446,7.221560213190969,"[15038875, 15138875, 15238875, 15338875, 15738875, 15638875, 15938875, 15838875, 15538875, 15438875]","[20, 20, 20, 20, 20, 20, 20, 20, 20, 20]"
177,3,"[4, 14]",2,0.7333550880430266,0.034443575073964894,7.341182354546618,"[15423773, 15523773, 15823773, 15923773, 15023773, 15123773, 15623773, 15723773, 15323773, 15223773]","[14, 14, 14, 14, 14, 14, 14, 14, 14, 14]"
178,3,"[2, 14, 16]",3,1.0396724570309743,0.05234156711958349,6.690873171532682,"[15431816, 15531816, 15231816, 15331816, 15631816, 15731816, 15131816, 15031816, 15931816, 15831816]","[14, 14, 14, 14, 14, 14, 14, 14, 14, 14]"
179,3,"[0, 2, 19]",3,1.0652122580213472,0.061303188907913864,5.362215365535424,"[15449744, 15549744, 15249744, 15349744, 15649744, 15749744, 15149744, 15049744, 15949744, 15849744]","[2, 2, 2, 2, 2, 2, 2, 2, 2, 2]"
180,3,"[2, 20, 21]",3,1.1397629929706454,0.15107473300304264,5.965216560211654,"[15510988, 15410988, 15910988, 15810988, 15110988, 15010988, 15210988, 15310988, 15710988, 15610988]","[21, 21, 21, 21, 21, 21, 21, 21, 21, 21]"
181,3,"[14, 15, 20]",3,1.0726509268861264,0.043790395953692496,7.749405879507928,"[15195263, 15095263, 15295263, 15395263, 15595263, 15495263, 15995263, 15895263, 15795263, 15695263]","[14, 14, 14, 14, 14, 14, 14, 14, 14, 14]"
182,3,"[1, 14, 17]",3,1.0444078070577234,0.047199558932334185,7.241468609853958,"[15103411, 15003411, 15203411, 15303411, 15503411, 15403411, 15903411, 15803411, 15703411, 15603411]","[1, 1, 1, 1, 1, 1, 1, 1, 1, 1]"
183,3,"[9, 14, 18]",3,1.051839804975316,0.04758021701127291,8.275300690360988,"[15739048, 15639048, 15439048, 15539048, 15139048, 15039048, 15839048, 15939048, 15239048, 15339048]","[14, 14, 14, 14, 14, 14, 14, 14, 14, 14]"
184,3,"[13, 15, 16]",3,1.0394974099472165,0.047419780981726944,6.439484371163417,"[15228563, 15328563, 15428563, 15528563, 15128563, 15028563, 15828563, 15928563, 15628563, 15728563]","[15, 15, 15, 15, 15, 15, 15, 15, 15, 15]"
185,3,"[3, 8, 16]",3,0.983532386017032,0.07589573389850557,5.524166428658646,"[15580546, 15480546, 15980546, 15880546, 15180546, 15080546, 15280546, 15380546, 15780546, 15680546]","[16, 16, 16, 16, 16, 16, 16, 16, 16, 16]"
186,3,"[7, 14, 18]",3,1.052842395962216,0.06729036394972354,7.2334484935272485,"[15566540, 15466540, 15966540, 15866540, 15166540, 15066540, 15266540, 15366540, 15766540, 15666540]","[18, 18, 18, 18, 18, 18, 18, 18, 18, 18]"
187,3,"[4, 8, 21]",3,0.9965029829181731,0.060330136911943555,6.033854615020876,"[15343206, 15243206, 15043206, 15143206, 15643206, 15743206, 15943206, 15843206, 15443206, 15543206]","[21, 21, 21, 21, 21, 21, 21, 21, 21, 21]"
188,3,"[14, 17, 21]",3,1.0311896870844066,0.05839393788482994,7.818507848016452,"[15398653, 15298653, 15098653, 15198653, 15698653, 15798653, 15998653, 15898653, 15498653, 15598653]","[21, 21, 21, 21, 21, 21, 21, 21, 21, 21]"
189,3,"[11, 14, 24]",3,1.0979186269687489,0.05125903990119696,7.496488999342546,"[15729922, 15629922, 15429922, 15529922, 15129922, 15029922, 15829922, 15929922, 15229922, 15329922]","[14, 14, 14, 14, 14, 14, 14, 14, 14, 14]"
190,3,"[5, 9, 14]",3,1.0554830901091918,0.04841445293277502,8.098379669516968,"[15492623, 15592623, 15992623, 15892623, 15392623, 15292623, 15792623, 15692623, 15192623, 15092623]","[14, 14, 14, 14, 14, 14, 14, 14, 14, 14]"
191,3,"[14, 15, 20]",3,1.0756065159803256,0.0475077040027827,7.749405879507928,"[15713278, 15613278, 15413278, 15513278, 15113278, 15013278, 15813278, 15913278, 15213278, 15313278]","[15, 15, 15, 15, 15, 15, 15, 15, 15, 15]"
192,3,"[2, 15, 19]",3,1.0614745150087401,0.04738024191465229,5.926067020006788,"[15941474, 15841474, 15741474, 15641474, 15041474, 15141474, 15341474, 15241474, 15441474, 15541474]","[19, 19, 19, 19, 19, 19, 19, 19, 19, 19]"
193,3,"[5, 11, 24]",3,1.0422998270951211,0.051327129011042416,6.026390730325754,"[15566313, 15466313, 15966313, 15866313, 15166313, 15066313, 15666313, 15766313, 15266313, 15366313]","[24, 24, 24, 24, 24, 24, 24, 24, 24, 24]"
194,3,"[2, 4, 15]",3,1.053707406972535,0.04733802005648613,5.476471328021337,"[15454668, 15554668, 15254668, 15354668, 15654668, 15754668, 15154668, 15054668, 15954668, 15854668]","[4, 4, 4, 4, 4, 4, 4, 4, 4, 4]"
195,3,"[14, 21, 23]",3,1.0482540709199384,0.051379204145632684,7.5888229731741985,"[15295263, 15395263, 15495263, 15595263, 15695263, 15795263, 15095263, 15195263, 15895263, 15995263]","[14, 14, 14, 14, 14, 14, 14, 14, 14, 14]"
196,3,"[9, 14, 21]",3,1.2000414989888668,0.0617245138855651,8.594095337359855,"[15134920, 15034920, 15234920, 15334920, 15534920, 15434920, 15934920, 15834920, 15734920, 15634920]","[9, 9, 9, 9, 9, 9, 9, 9, 9, 9]"
197,3,"[6, 14, 23]",3,1.0675188390305266,0.08443793805781752,7.417245685996022,"[15719455, 15619455, 15419455, 15519455, 15119455, 15019455, 15819455, 15919455, 15219455, 15319455]","[14, 14, 14, 14, 14, 14, 14, 14, 14, 14]"
198,3,"[9, 14, 20]",3,1.070603922009468,0.05127077514771372,8.430151375204636,"[15076504, 15176504, 15476504, 15576504, 15976504, 15876504, 15776504, 15676504, 15276504, 15376504]","[9, 9, 9, 9, 9, 9, 9, 9, 9, 9]"
199,3,"[7, 9, 14]",3,1.088930926984176,0.05137321003712714,8.265118634696895,"[15032184, 15132184, 15232184, 15332184, 15732184, 15632184, 15932184, 15832184, 15532184, 15432184]","[14, 14, 14, 14, 14, 14, 14, 14, 14, 14]"
200,3,"[3, 20, 21]",3,1.0155617169803008,0.05108720704447478,5.9610558526862105,"[15596588, 15496588, 15996588, 15896588, 15196588, 15096588, 15296588, 15396588, 15796588, 15696588]","[21, 21, 21, 21, 21, 21, 21, 21, 21, 21]"
201,3,"[3, 20, 24]",3,1.0520294789457694,0.047381860204041004,5.973158735995336,"[15672825, 15772825, 15472825, 15572825, 15372825, 15272825, 15072825, 15172825, 15872825, 15972825]","[3, 3, 3, 3, 3, 3, 3, 3, 3, 3]"
202,3,"[0, 8, 14]",3,1.0475609541172162,0.051837477018125355,7.161334753017097,"[15036408, 15136408, 15436408, 15536408, 15936408, 15836408, 15736408, 15636408, 15236408, 15336408]","[0, 0, 0, 0, 0, 0, 0, 0, 0, 0]"
203,3,"[4, 6, 11]",3,1.0739452501293272,0.056120619061402977,5.653607034861731,"[15926642, 15826642, 15726642, 15626642, 15026642, 15126642, 15326642, 15226642, 15426642, 15526642]","[11, 11, 11, 11, 11, 11, 11, 11, 11, 11]"
204,3,"[2, 14, 22]",3,1.2107978590065613,0.04838191089220345,7.085225632879883,"[15539424, 15439424, 15939424, 15839424, 15139424, 15039424, 15239424, 15339424, 15739424, 15639424]","[22, 22, 22, 22, 22, 22, 22, 22, 22, 22]"
205,3,"[0, 9, 24]",3,1.0940755669726059,0.047909179935231805,7.100093963497784,"[15138514, 15038514, 15738514, 15638514, 15538514, 15438514, 15938514, 15838514, 15338514, 15238514]","[0, 0, 0, 0, 0, 0, 0, 0, 0, 0]"
206,3,"[4, 14, 15]",3,1.104234383907169,0.04945638601202518,7.228530648843541,"[15620912, 15720912, 15420912, 15520912, 15320912, 15220912, 15020912, 15120912, 15820912, 15920912]","[4, 4, 4, 4, 4, 4, 4, 4, 4, 4]"
207,3,"[9, 14, 23]",3,1.1656655170954764,0.052680265973322093,8.301698467344977,"[15103427, 15003427, 15203427, 15303427, 15503427, 15403427, 15903427, 15803427, 15703427, 15603427]","[9, 9, 9, 9, 9, 9, 9, 9, 9, 9]"
208,3,"[0, 2, 14]",3,1.0914000009652227,0.052404860965907574,6.5718214675434865,"[15595263, 15495263, 15995263, 15895263, 15195263, 15095263, 15295263, 15395263, 15795263, 15695263]","[14, 14, 14, 14, 14, 14, 14, 14, 14, 14]"
209,3,"[0, 2, 15]",3,1.1291934971231967,0.06622656295076013,5.629568864843653,"[15934126, 15834126, 15734126, 15634126, 15034126, 15134126, 15334126, 15234126, 15434126, 15534126]","[15, 15, 15, 15, 15, 15, 15, 15, 15, 15]"
210,3,"[7, 21, 22]",3,1.048159622005187,0.056617257068865,6.559543048691315,"[15539424, 15439424, 15939424, 15839424, 15139424, 15039424, 15239424, 15339424, 15739424, 15639424]","[22, 22, 22, 22, 22, 22, 22, 22, 22, 22]"
211,3,"[2, 14, 23]",3,1.0615928509505466,0.04842347395606339,6.811146253525901,"[15483250, 15583250, 15283250, 15383250, 15683250, 15783250, 15183250, 15083250, 15983250, 15883250]","[14, 14, 14, 14, 14, 14, 14, 14, 14, 14]"
212,3,"[2, 17, 21]",3,1.0158919329987839,0.052077426109462976,6.066448527194249,"[15233022, 15333022, 15433022, 15533022, 15133022, 15033022, 15833022, 15933022, 15633022, 15733022]","[17, 17, 17, 17, 17, 17, 17, 17, 17, 17]"
213,3,"[7, 14, 15]",3,1.2037433558143675,0.05545095819979906,7.584373139000188,"[15307630, 15207630, 15007630, 15107630, 15607630, 15707630, 15907630, 15807630, 15407630, 15507630]","[15, 15, 15, 15, 15, 15, 15, 15, 15, 15]"
214,3,"[14, 21, 24]",3,1.0897327600978315,0.0479814310092479,7.893322726498202,"[15782391, 15682391, 15482391, 15582391, 15182391, 15082391, 15882391, 15982391, 15282391, 15382391]","[21, 21, 21, 21, 21, 21, 21, 21, 21, 21]"
215,3,"[5, 9, 14]",3,1.0690022110939026,0.07687680097296834,8.098379669516968,"[15779793, 15679793, 15479793, 15579793, 15179793, 15079793, 15879793, 15979793, 15279793, 15379793]","[9, 9, 9, 9, 9, 9, 9, 9, 9, 9]"
216,3,"[3, 17, 21]",3,1.0711554510053247,0.10133732703980058,6.062287819668806,"[15535601, 15435601, 15935601, 15835601, 15135601, 15035601, 15635601, 15735601, 15235601, 15335601]","[21, 21, 21, 21, 21, 21, 21, 21, 21, 21]"
217,3,"[14, 20, 21]",3,1.0550132290227339,0.052170395967550576,7.717275881033856,"[15743732, 15643732, 15443732, 15543732, 15143732, 15043732, 15843732, 15943732, 15243732, 15343732]","[20, 20, 20, 20, 20, 20, 20, 20, 20, 20]"
218,3,"[14, 15, 19]",3,1.2467142960522324,0.048545763245783746,7.6781263408289915,"[15762129, 15662129, 15462129, 15562129, 15162129, 15062129, 15862129, 15962129, 15262129, 15362129]","[15, 15, 15, 15, 15, 15, 15, 15, 15, 15]"
219,3,"[3, 14, 23]",3,1.0766601220238954,0.05229408585000783,6.806985546000457,"[15416673, 15516673, 15916673, 15816673, 15316673, 15216673, 15716673, 15616673, 15116673, 15016673]","[23, 23, 23, 23, 23, 23, 23, 23, 23, 23]"
220,3,"[2, 4, 13]",3,1.0671020619338378,0.052247288869693875,5.357528412229537,"[15185612, 15085612, 15785612, 15685612, 15585612, 15485612, 15985612, 15885612, 15385612, 15285612]","[2, 2, 2, 2, 2, 2, 2, 2, 2, 2]"
221,3,"[14, 16, 21]",3,1.09956508083269,0.06147572584450245,7.46854989118098,"[15471309, 15571309, 15971309, 15871309, 15371309, 15271309, 15771309, 15671309, 15171309, 15071309]","[21, 21, 21, 21, 21, 21, 21, 21, 21, 21]"
222,3,"[2, 9, 22]",3,1.0547867609420791,0.11798717605415732,6.823718525876757,"[15010089, 15110089, 15510089, 15410089, 15210089, 15310089, 15610089, 15710089, 15810089, 15910089]","[9, 9, 9, 9, 9, 9, 9, 9, 9, 9]"
223,3,"[5, 12, 14]",3,1.0243039120687172,0.048176333075389266,7.15157787767627,"[15202282, 15302282, 15402282, 15502282, 15102282, 15002282, 15802282, 15902282, 15602282, 15702282]","[12, 12, 12, 12, 12, 12, 12, 12, 12, 12]"
224,3,"[0, 24]",2,0.7505409701261669,0.03213475295342505,6.127409082982922,"[15464391, 15564391, 15264391, 15364391, 15664391, 15764391, 15164391, 15064391, 15964391, 15864391]","[24, 24, 24, 24, 24, 24, 24, 24, 24, 24]"
225,3,"[6, 15, 20]",3,1.0614668120397255,0.18169431702699512,6.603445991155847,"[15754371, 15654371, 15454371, 15554371, 15154371, 15054371, 15854371, 15954371, 15254371, 15354371]","[15, 15, 15, 15, 15, 15, 15, 15, 15, 15]"
226,3,"[3, 4, 20]",3,1.0545763400150463,0.048515707021579146,5.276236659866602,"[15372008, 15272008, 15072008, 15172008, 15672008, 15772008, 15972008, 15872008, 15472008, 15572008]","[20, 20, 20, 20, 20, 20, 20, 20, 20, 20]"
227,3,"[2, 11, 18]",3,1.1471623528050259,0.09920127294026315,5.41353214821235,"[15728660, 15628660, 15428660, 15528660, 15128660, 15028660, 15828660, 15928660, 15228660, 15328660]","[11, 11, 11, 11, 11, 11, 11, 11, 11, 11]"
228,3,"[2, 8, 12]",3,0.9744481011293828,0.04448381194379181,5.707070790522266,"[15036384, 15136384, 15436384, 15536384, 15936384, 15836384, 15736384, 15636384, 15236384, 15336384]","[2, 2, 2, 2, 2, 2, 2, 2, 2, 2]"
229,3,"[1, 15, 21]",3,1.0524616779293865,0.05226066312752664,6.361928002326749,"[15559248, 15459248, 15959248, 15859248, 15159248, 15059248, 15659248, 15759248, 15259248, 15359248]","[21, 21, 21, 21, 21, 21, 21, 21, 21, 21]"
230,3,"[5, 15, 16]",3,1.0172972630243748,0.044274653075262904,6.030581620638259,"[15434126, 15534126, 15834126, 15934126, 15034126, 15134126, 15634126, 15734126, 15334126, 15234126]","[15, 15, 15, 15, 15, 15, 15, 15, 15, 15]"
231,3,"[2, 11, 14]",3,1.212625392130576,0.04823092510923743,6.706709396385122,"[15196688, 15096688, 15796688, 15696688, 15596688, 15496688, 15996688, 15896688, 15396688, 15296688]","[2, 2, 2, 2, 2, 2, 2, 2, 2, 2]"
232,3,"[3, 10]",2,0.7045605619205162,0.050914261024445295,6.000423988502007,"[15623364, 15723364, 15423364, 15523364, 15323364, 15223364, 15023364, 15123364, 15823364, 15923364]","[3, 3, 3, 3, 3, 3, 3, 3, 3, 3]"
233,3,"[0, 14, 16]",3,1.074889566982165,0.05255117698106915,6.936828235183687,"[15295617, 15395617, 15495617, 15595617, 15195617, 15095617, 15895617, 15995617, 15695617, 15795617]","[14, 14, 14, 14, 14, 14, 14, 14, 14, 14]"
234,3,"[3, 7, 8]",3,1.0826394569594413,0.06612289790064096,5.6078596780037815,"[15347420, 15247420, 15047420, 15147420, 15647420, 15747420, 15947420, 15847420, 15447420, 15547420]","[8, 8, 8, 8, 8, 8, 8, 8, 8, 8]"
235,3,"[7, 12, 16]",3,1.0007680378621444,0.12898501695599407,5.931264289674194,"[15305883, 15205883, 15805883, 15905883, 15705883, 15605883, 15405883, 15505883, 15105883, 15005883]","[12, 12, 12, 12, 12, 12, 12, 12, 12, 12]"
236,3,"[12, 14, 18]",3,1.0241761220386252,0.04433059215079993,7.32849889852029,"[15107240, 15007240, 15707240, 15607240, 15507240, 15407240, 15907240, 15807240, 15307240, 15207240]","[12, 12, 12, 12, 12, 12, 12, 12, 12, 12]"
237,3,"[2, 4, 23]",3,1.04843323410023,0.06734518008306623,5.1519444595323876,"[15315419, 15215419, 15015419, 15115419, 15615419, 15715419, 15915419, 15815419, 15415419, 15515419]","[23, 23, 23, 23, 23, 23, 23, 23, 23, 23]"
238,3,"[0, 2, 5]",3,1.134640294010751,0.0700053860200569,5.101723198526694,"[15094136, 15194136, 15294136, 15394136, 15794136, 15694136, 15994136, 15894136, 15594136, 15494136]","[5, 5, 5, 5, 5, 5, 5, 5, 5, 5]"
239,3,"[17, 20, 23]",3,1.0029777591116726,0.13060991885140538,6.387784414672448,"[15146942, 15046942, 15746942, 15646942, 15546942, 15446942, 15946942, 15846942, 15346942, 15246942]","[17, 17, 17, 17, 17, 17, 17, 17, 17, 17]"
240,3,"[0, 1, 18]",3,1.0420133479638025,0.0601703820284456,5.479281700856518,"[15579136, 15479136, 15279136, 15379136, 15179136, 15079136, 15679136, 15779136, 15979136, 15879136]","[1, 1, 1, 1, 1, 1, 1, 1, 1, 1]"
241,3,"[2, 11, 14]",3,1.0901947718812153,0.05541217897552997,6.706709396385122,"[15757210, 15657210, 15457210, 15557210, 15157210, 15057210, 15857210, 15957210, 15257210, 15357210]","[11, 11, 11, 11, 11, 11, 11, 11, 11, 11]"
242,3,"[14, 15, 21]",3,1.0816440619528294,0.05227595195174217,7.913349841663148,"[15534126, 15434126, 15134126, 15034126, 15734126, 15634126, 15334126, 15234126, 15934126, 15834126]","[15, 15, 15, 15, 15, 15, 15, 15, 15, 15]"
243,3,"[2, 20, 23]",3,1.022312309127301,0.04809395095799118,5.672819690196775,"[15658164, 15758164, 15458164, 15558164, 15358164, 15258164, 15058164, 15158164, 15858164, 15958164]","[2, 2, 2, 2, 2, 2, 2, 2, 2, 2]"
244,3,"[14, 16, 23]",3,1.1170624127844349,0.07002432702574879,7.176153021166101,"[15695263, 15795263, 15495263, 15595263, 15395263, 15295263, 15095263, 15195263, 15895263, 15995263]","[14, 14, 14, 14, 14, 14, 14, 14, 14, 14]"
245,3,"[2, 15, 23]",3,1.0479397040326148,0.0727928860578686,5.868893650826067,"[15594264, 15494264, 15994264, 15894264, 15194264, 15094264, 15694264, 15794264, 15294264, 15394264]","[23, 23, 23, 23, 23, 23, 23, 23, 23, 23]"
246,3,"[0, 17, 24]",3,1.0605014859465882,0.04496541083790362,6.32450647415438,"[15474892, 15574892, 15974892, 15874892, 15374892, 15274892, 15774892, 15674892, 15174892, 15074892]","[24, 24, 24, 24, 24, 24, 24, 24, 24, 24]"
247,3,"[9, 14, 20]",3,1.099967913934961,0.04874762101098895,8.430151375204636,"[15192856, 15092856, 15792856, 15692856, 15592856, 15492856, 15992856, 15892856, 15392856, 15292856]","[9, 9, 9, 9, 9, 9, 9, 9, 9, 9]"
248,3,"[0, 15, 18]",3,1.053739293012768,0.16879066498950124,6.088450937493083,"[15727609, 15627609, 15427609, 15527609, 15127609, 15027609, 15827609, 15927609, 15227609, 15327609]","[15, 15, 15, 15, 15, 15, 15, 15, 15, 15]"
249,3,"[2, 5, 10]",3,1.0151081420481205,0.05234674806706607,5.811006779355618,"[15363696, 15263696, 15063696, 15163696, 15663696, 15763696, 15963696, 15863696, 15463696, 15563696]","[10, 10, 10, 10, 10, 10, 10, 10, 10, 10]"
250,3,"[14, 18, 20]",3,1.0473815790610388,0.05240602104458958,7.398481234034989,"[17104315, 17004315, 16704315, 16604315, 16804315, 16904315, 17504315, 17404315, 17204315, 17304315]","[20, 20, 20, 20, 20, 20, 20, 20, 20, 20]"
251,3,"[2, 5, 15]",3,1.1677809529937804,0.07994507497642189,5.665574852998058,"[15110003, 15010003, 15710003, 15610003, 15510003, 15410003, 15910003, 15810003, 15310003, 15210003]","[2, 2, 2, 2, 2, 2, 2, 2, 2, 2]"
252,3,"[4, 6, 21]",3,1.0425682058557868,0.051054209005087614,6.050440762017388,"[15138351, 15038351, 15738351, 15638351, 15538351, 15438351, 15938351, 15838351, 15338351, 15238351]","[4, 4, 4, 4, 4, 4, 4, 4, 4, 4]"
253,3,"[2, 3, 14]",3,1.0650381849845871,0.04765463504008949,6.3217056963670375,"[15595263, 15495263, 15995263, 15895263, 15195263, 15095263, 15695263, 15795263, 15295263, 15395263]","[14, 14, 14, 14, 14, 14, 14, 14, 14, 14]"
254,3,"[7, 18, 23]",3,1.0132330530323088,0.051317692967131734,5.966669022338465,"[15513321, 15413321, 15913321, 15813321, 15113321, 15013321, 15213321, 15313321, 15713321, 15613321]","[23, 23, 23, 23, 23, 23, 23, 23, 23, 23]"
255,3,"[14, 15, 21]",3,1.069034744054079,0.05138577404431999,7.913349841663148,"[15510988, 15410988, 15910988, 15810988, 15110988, 15010988, 15610988, 15710988, 15210988, 15310988]","[21, 21, 21, 21, 21, 21, 21, 21, 21, 21]"
256,3,"[3, 12, 15]",3,1.018498849007301,0.043589528067968786,5.923203515645582,"[15397120, 15297120, 15197120, 15097120, 15497120, 15597120, 15997120, 15897120, 15697120, 15797120]","[3, 3, 3, 3, 3, 3, 3, 3, 3, 3]"
257,3,"[14, 15, 17]",3,1.0579900740412995,0.043452500947751105,7.850637846490524,"[15776583, 15676583, 15476583, 15576583, 15176583, 15076583, 15876583, 15976583, 15276583, 15376583]","[15, 15, 15, 15, 15, 15, 15, 15, 15, 15]"
258,3,"[5, 20, 21]",3,0.9919436459895223,0.0528134839842096,6.247177612017064,"[15095150, 15195150, 15295150, 15395150, 15795150, 15695150, 15995150, 15895150, 15595150, 15495150]","[21, 21, 21, 21, 21, 21, 21, 21, 21, 21]"
259,3,"[12, 14, 20]",3,1.0259739508619532,0.057627020054496825,7.483349583363936,"[15383573, 15283573, 15183573, 15083573, 15483573, 15583573, 15983573, 15883573, 15683573, 15783573]","[12, 12, 12, 12, 12, 12, 12, 12, 12, 12]"
260,3,"[2, 9, 17]",3,1.0146975730312988,0.07832513295579702,6.779324021365028,"[15596057, 15496057, 15296057, 15396057, 15796057, 15696057, 15196057, 15096057, 15996057, 15896057]","[9, 9, 9, 9, 9, 9, 9, 9, 9, 9]"
261,3,"[16, 24]",2,0.6906864319462329,0.026503859902732074,6.305986638966715,"[15140115, 15040115, 15540115, 15440115, 15340115, 15240115, 15840115, 15940115, 15740115, 15640115]","[24, 24, 24, 24, 24, 24, 24, 24, 24, 24]"
262,3,"[0, 14, 17]",3,1.0589003310305998,0.043686843826435506,7.28678619201916,"[15399680, 15299680, 15099680, 15199680, 15699680, 15799680, 15999680, 15899680, 15499680, 15599680]","[17, 17, 17, 17, 17, 17, 17, 17, 17, 17]"
263,3,"[14, 15, 16]",3,1.0592592399334535,0.04363314888905734,7.500679889655051,"[15575067, 15475067, 15975067, 15875067, 15175067, 15075067, 15275067, 15375067, 15775067, 15675067]","[16, 16, 16, 16, 16, 16, 16, 16, 16, 16]"
264,3,"[16, 22, 24]",3,1.0340064531192183,0.05446234508417547,6.487952682655305,"[15402393, 15502393, 15802393, 15902393, 15002393, 15102393, 15602393, 15702393, 15302393, 15202393]","[22, 22, 22, 22, 22, 22, 22, 22, 22, 22]"
265,3,"[17, 19, 20]",3,1.0247614089166746,0.0629813380073756,6.4449577838531695,"[15441474, 15541474, 15841474, 15941474, 15041474, 15141474, 15641474, 15741474, 15341474, 15241474]","[19, 19, 19, 19, 19, 19, 19, 19, 19, 19]"
266,3,"[1, 11, 14]",3,1.0780328101245686,0.04731187387369573,6.907346877870926,"[15529922, 15429922, 15929922, 15829922, 15129922, 15029922, 15229922, 15329922, 15729922, 15629922]","[14, 14, 14, 14, 14, 14, 14, 14, 14, 14]"
267,3,"[0, 23]",2,0.6990094400243834,0.0378984430572018,5.670659452996915,"[15477832, 15577832, 15877832, 15977832, 15077832, 15177832, 15677832, 15777832, 15377832, 15277832]","[23, 23, 23, 23, 23, 23, 23, 23, 23, 23]"
268,3,"[0, 2, 23]",3,1.0340715938946232,0.05097302596550435,5.305041996354703,"[15513321, 15413321, 15913321, 15813321, 15113321, 15013321, 15613321, 15713321, 15213321, 15313321]","[23, 23, 23, 23, 23, 23, 23, 23, 23, 23]"
269,3,"[0, 14, 23]",3,1.0757012178655714,0.051555594080127776,7.0571013171769055,"[15739391, 15639391, 15439391, 15539391, 15139391, 15039391, 15839391, 15939391, 15239391, 15339391]","[14, 14, 14, 14, 14, 14, 14, 14, 14, 14]"
270,3,"[17, 19, 24]",3,1.0545751929748803,0.05145942198578268,6.6210046293175155,"[15795047, 15695047, 15495047, 15595047, 15195047, 15095047, 15895047, 15995047, 15295047, 15395047]","[19, 19, 19, 19, 19, 19, 19, 19, 19, 19]"
271,3,"[6, 12, 15]",3,1.0250044179847464,0.047477834043093026,6.533463655641147,"[15542336, 15442336, 15942336, 15842336, 15142336, 15042336, 15242336, 15342336, 15742336, 15642336]","[15, 15, 15, 15, 15, 15, 15, 15, 15, 15]"
272,3,"[5, 16, 20]",3,0.9801348190521821,0.0433242468861863,5.834507660008967,"[15228970, 15328970, 15428970, 15528970, 15128970, 15028970, 15828970, 15928970, 15628970, 15728970]","[16, 16, 16, 16, 16, 16, 16, 16, 16, 16]"
273,3,"[2, 13, 14]",3,1.07241822197102,0.05150918092112988,7.016730206223049,"[15595263, 15495263, 15995263, 15895263, 15195263, 15095263, 15295263, 15395263, 15795263, 15695263]","[14, 14, 14, 14, 14, 14, 14, 14, 14, 14]"
274,3,"[0, 14, 23]",3,1.0758322608890012,0.05118517891969532,7.0571013171769055,"[15513321, 15413321, 15913321, 15813321, 15113321, 15013321, 15213321, 15313321, 15713321, 15613321]","[23, 23, 23, 23, 23, 23, 23, 23, 23, 23]"
275,3,"[5, 11, 14]",3,1.049378089956008,0.051213987986557186,6.988670448190533,"[15241422, 15341422, 15441422, 15541422, 15141422, 15041422, 15841422, 15941422, 15641422, 15741422]","[11, 11, 11, 11, 11, 11, 11, 11, 11, 11]"
276,3,"[0, 23]",2,0.6986198490485549,0.0341453020228073,5.670659452996915,"[15438474, 15538474, 15238474, 15338474, 15638474, 15738474, 15138474, 15038474, 15938474, 15838474]","[23, 23, 23, 23, 23, 23, 23, 23, 23, 23]"
277,3,"[0, 2, 14]",3,1.0771044029388577,0.05504384194500744,6.5718214675434865,"[15663324, 15763324, 15463324, 15563324, 15363324, 15263324, 15063324, 15163324, 15863324, 15963324]","[0, 0, 0, 0, 0, 0, 0, 0, 0, 0]"
278,3,"[2, 3, 19]",3,1.0551613048883155,0.05142566410358995,5.112099594358976,"[15161164, 15061164, 15761164, 15661164, 15561164, 15461164, 15961164, 15861164, 15361164, 15261164]","[2, 2, 2, 2, 2, 2, 2, 2, 2, 2]"
279,3,"[1, 16, 17]",3,0.9984675149898976,0.051920303027145565,5.854416056671956,"[15440834, 15540834, 15240834, 15340834, 15640834, 15740834, 15140834, 15040834, 15940834, 15840834]","[16, 16, 16, 16, 16, 16, 16, 16, 16, 16]"
280,3,"[2, 14, 23]",3,1.1861579010728747,0.05727793800178915,6.811146253525901,"[15957538, 15857538, 15757538, 15657538, 15057538, 15157538, 15357538, 15257538, 15457538, 15557538]","[23, 23, 23, 23, 23, 23, 23, 23, 23, 23]"
281,3,"[1, 6, 11]",3,1.0641219508834183,0.07768765708897263,5.7613869895188445,"[15851527, 15951527, 15351527, 15251527, 15451527, 15551527, 15051527, 15151527, 15751527, 15651527]","[6, 6, 6, 6, 6, 6, 6, 6, 6, 6]"
282,3,"[17, 19, 24]",3,1.059203935903497,0.0517641210462898,6.6210046293175155,"[15735534, 15635534, 15435534, 15535534, 15135534, 15035534, 15835534, 15935534, 15235534, 15335534]","[19, 19, 19, 19, 19, 19, 19, 19, 19, 19]"
283,3,"[2, 6, 20]",3,1.0560584779595956,0.05633314698934555,5.793639273033477,"[15110003, 15010003, 15710003, 15610003, 15510003, 15410003, 15910003, 15810003, 15310003, 15210003]","[2, 2, 2, 2, 2, 2, 2, 2, 2, 2]"
284,3,"[2, 6, 20]",3,1.0974939459702,0.07819268899038434,5.793639273033477,"[15696688, 15796688, 15496688, 15596688, 15396688, 15296688, 15096688, 15196688, 15896688, 15996688]","[2, 2, 2, 2, 2, 2, 2, 2, 2, 2]"
285,3,"[5, 14, 23]",3,1.046149596106261,0.11491474788635969,7.093107305331311,"[15295263, 15395263, 15495263, 15595263, 15195263, 15095263, 15895263, 15995263, 15695263, 15795263]","[14, 14, 14, 14, 14, 14, 14, 14, 14, 14]"
286,3,"[0, 22, 23]",3,1.0573231120361015,0.05197490402497351,6.064401225342105,"[15739424, 15639424, 15439424, 15539424, 15139424, 15039424, 15839424, 15939424, 15239424, 15339424]","[22, 22, 22, 22, 22, 22, 22, 22, 22, 22]"
287,3,"[0, 15, 20]",3,1.0813393341377378,0.1749762869440019,6.24330162233673,"[15713278, 15613278, 15413278, 15513278, 15113278, 15013278, 15813278, 15913278, 15213278, 15313278]","[15, 15, 15, 15, 15, 15, 15, 15, 15, 15]"
288,3,"[1, 2, 23]",3,1.0370908650802448,0.04473055398557335,5.259724414189502,"[15758164, 15658164, 15458164, 15558164, 15158164, 15058164, 15858164, 15958164, 15258164, 15358164]","[2, 2, 2, 2, 2, 2, 2, 2, 2, 2]"
289,3,"[11, 14, 15]",3,1.1558089579921216,0.0695994779234752,7.516516114507492,"[15122546, 15022546, 15722546, 15622546, 15522546, 15422546, 15922546, 15822546, 15322546, 15222546]","[11, 11, 11, 11, 11, 11, 11, 11, 11, 11]"
290,3,"[6, 14, 23]",3,1.0753852620255202,0.05251742294058204,7.417245685996022,"[15518838, 15418838, 15918838, 15818838, 15118838, 15018838, 15218838, 15318838, 15718838, 15618838]","[23, 23, 23, 23, 23, 23, 23, 23, 23, 23]"
291,3,"[1, 6, 15]",3,1.071305503952317,0.05208873609080911,6.190350715148573,"[15713476, 15613476, 15413476, 15513476, 15113476, 15013476, 15813476, 15913476, 15213476, 15313476]","[6, 6, 6, 6, 6, 6, 6, 6, 6, 6]"
292,3,"[13, 14, 15]",3,1.233430119114928,0.04855501605197787,7.826536924345419,"[16873034, 16973034, 17073034, 17173034, 17273034, 17373034, 17473034, 17573034, 16773034, 16673034]","[13, 13, 13, 13, 13, 13, 13, 13, 13, 13]"
293,3,"[5, 16, 21]",3,0.987513821804896,0.04975167091470212,5.998451622164187,"[15596588, 15496588, 15996588, 15896588, 15196588, 15096588, 15296588, 15396588, 15796588, 15696588]","[21, 21, 21, 21, 21, 21, 21, 21, 21, 21]"
294,3,"[0, 2, 23]",3,1.0498113869689405,0.052443663007579744,5.305041996354703,"[15977832, 15877832, 15777832, 15677832, 15077832, 15177832, 15377832, 15277832, 15477832, 15577832]","[23, 23, 23, 23, 23, 23, 23, 23, 23, 23]"
295,3,"[2, 8, 13]",3,1.0173458649078384,0.05250470095779747,5.854184170874457,"[18269815, 18369815, 19169815, 19069815, 18669815, 18769815, 18569815, 18469815, 18869815, 18969815]","[13, 13, 13, 13, 13, 13, 13, 13, 13, 13]"
296,3,"[2, 3, 24]",3,1.073518821853213,0.05675236997194588,5.359425978502259,"[16930810, 16830810, 17330810, 17230810, 17130810, 17030810, 17530810, 17430810, 16730810, 16630810]","[2, 2, 2, 2, 2, 2, 2, 2, 2, 2]"
297,3,"[5, 16, 17]",3,0.9816179058980197,0.054042467032559216,5.9357396269915625,"[15142725, 15042725, 15742725, 15642725, 15542725, 15442725, 15942725, 15842725, 15342725, 15242725]","[5, 5, 5, 5, 5, 5, 5, 5, 5, 5]"
298,3,"[2, 14, 19]",3,1.0949281218927354,0.052441278006881475,6.868319622706622,"[17530810, 17430810, 17330810, 17230810, 17130810, 17030810, 16730810, 16630810, 16930810, 16830810]","[2, 2, 2, 2, 2, 2, 2, 2, 2, 2]"
299,3,"[2, 10, 14]",3,1.210546863032505,0.05256671493407339,7.28110504837241,"[15456044, 15556044, 15256044, 15356044, 15656044, 15756044, 15156044, 15056044, 15956044, 15856044]","[10, 10, 10, 10, 10, 10, 10, 10, 10, 10]"
300,3,"[0, 2, 17]",3,1.0337418330600485,0.05618424993008375,5.534726871196956,"[15518609, 15418609, 15918609, 15818609, 15118609, 15018609, 15218609, 15318609, 15718609, 15618609]","[17, 17, 17, 17, 17, 17, 17, 17, 17, 17]"
301,3,"[6, 14, 20]",3,1.078780688927509,0.05639871803577989,7.54569859385568,"[15783603, 15683603, 15483603, 15583603, 15183603, 15083603, 15883603, 15983603, 15283603, 15383603]","[14, 14, 14, 14, 14, 14, 14, 14, 14, 14]"
302,3,"[4, 9, 21]",3,1.0597123870393261,0.07392085890751332,6.934893543366343,"[15928111, 15828111, 15528111, 15428111, 15728111, 15628111, 15128111, 15028111, 15328111, 15228111]","[21, 21, 21, 21, 21, 21, 21, 21, 21, 21]"
303,3,"[9, 19, 20]",3,1.0700831969734281,0.04861896706279367,7.220545273196573,"[15365130, 15265130, 15165130, 15065130, 15465130, 15565130, 15965130, 15865130, 15665130, 15765130]","[9, 9, 9, 9, 9, 9, 9, 9, 9, 9]"
304,3,"[6, 15, 23]",3,1.2024026489816606,0.050917273038066924,6.474993083296188,"[15354086, 15254086, 15054086, 15154086, 15654086, 15754086, 15954086, 15854086, 15454086, 15554086]","[23, 23, 23, 23, 23, 23, 23, 23, 23, 23]"
305,3,"[5, 20, 21]",3,1.0039213141426444,0.04818696714937687,6.247177612017064,"[15446450, 15546450, 15946450, 15846450, 15346450, 15246450, 15746450, 15646450, 15146450, 15046450]","[21, 21, 21, 21, 21, 21, 21, 21, 21, 21]"
306,3,"[15, 20]",2,0.7035778620047495,0.03081326896790415,6.709116296493448,"[15107630, 15007630, 15707630, 15607630, 15507630, 15407630, 15907630, 15807630, 15307630, 15207630]","[15, 15, 15, 15, 15, 15, 15, 15, 15, 15]"
307,3,"[5, 10]",2,0.6722892399411649,0.039366745040751994,6.429606627498288,"[15146310, 15046310, 15746310, 15646310, 15546310, 15446310, 15946310, 15846310, 15346310, 15246310]","[5, 5, 5, 5, 5, 5, 5, 5, 5, 5]"
308,3,"[7, 16, 21]",3,1.1760204409947619,0.04830205696634948,6.165190587344114,"[15685017, 15785017, 15485017, 15585017, 15385017, 15285017, 15085017, 15185017, 15885017, 15985017]","[7, 7, 7, 7, 7, 7, 7, 7, 7, 7]"
309,3,"[3, 4, 23]",3,1.056060728034936,0.08724394103046507,5.147783752006944,"[15065879, 15165879, 15265879, 15365879, 15465879, 15565879, 15865879, 15965879, 15665879, 15765879]","[3, 3, 3, 3, 3, 3, 3, 3, 3, 3]"
310,3,"[3, 14, 15]",3,1.0963362151524052,0.048712647054344416,7.131512414489407,"[15007630, 15107630, 15207630, 15307630, 15707630, 15607630, 15907630, 15807630, 15507630, 15407630]","[15, 15, 15, 15, 15, 15, 15, 15, 15, 15]"
311,3,"[4, 12, 21]",3,1.0164862038800493,0.07051108393352479,5.988091751525644,"[15179110, 15079110, 15779110, 15679110, 15579110, 15479110, 15979110, 15879110, 15379110, 15279110]","[4, 4, 4, 4, 4, 4, 4, 4, 4, 4]"
312,3,"[17, 20, 23]",3,1.06529993400909,0.1281307329190895,6.387784414672448,"[15662060, 15762060, 15462060, 15562060, 15362060, 15262060, 15062060, 15162060, 15862060, 15962060]","[17, 17, 17, 17, 17, 17, 17, 17, 17, 17]"
313,3,"[14, 20, 23]",3,1.063823465956375,0.05223686993122101,7.4248790110189775,"[15745124, 15645124, 15445124, 15545124, 15145124, 15045124, 15845124, 15945124, 15245124, 15345124]","[20, 20, 20, 20, 20, 20, 20, 20, 20, 20]"
314,3,"[5, 14, 15]",3,1.215610753861256,0.0446888729929924,7.417634173820261,"[15795263, 15695263, 15495263, 15595263, 15195263, 15095263, 15895263, 15995263, 15295263, 15395263]","[14, 14, 14, 14, 14, 14, 14, 14, 14, 14]"
315,3,"[0, 1, 23]",3,1.0573934661224484,0.05257923703175038,5.5056794778405065,"[15028176, 15128176, 15428176, 15528176, 15928176, 15828176, 15728176, 15628176, 15228176, 15328176]","[0, 0, 0, 0, 0, 0, 0, 0, 0, 0]"
316,3,"[5, 14, 20]",3,1.048163325060159,0.049176734988577664,7.221560213190969,"[15377266, 15277266, 15077266, 15177266, 15677266, 15777266, 15977266, 15877266, 15477266, 15577266]","[20, 20, 20, 20, 20, 20, 20, 20, 20, 20]"
317,3,"[0, 3, 22]",3,1.0646569159580395,0.04846171592362225,5.574960668183242,"[15651920, 15751920, 15451920, 15551920, 15351920, 15251920, 15051920, 15151920, 15851920, 15951920]","[0, 0, 0, 0, 0, 0, 0, 0, 0, 0]"
318,3,"[9, 14, 17]",3,1.1244057280709967,0.0603397450176999,8.531383342187231,"[15758505, 15658505, 15558505, 15458505, 15058505, 15158505, 15258505, 15358505, 15858505, 15958505]","[9, 9, 9, 9, 9, 9, 9, 9, 9, 9]"
319,3,"[2, 5, 19]",3,1.0424295589327812,0.05706705595366657,5.39822135368983,"[17597205, 17497205, 17197205, 17097205, 16997205, 16897205, 16697205, 16797205, 17297205, 17397205]","[5, 5, 5, 5, 5, 5, 5, 5, 5, 5]"
320,3,"[0, 1, 24]",3,1.0826171091757715,0.05234050494618714,5.810179231164511,"[15553033, 15453033, 15953033, 15853033, 15153033, 15053033, 15653033, 15753033, 15253033, 15353033]","[24, 24, 24, 24, 24, 24, 24, 24, 24, 24]"
321,3,"[14, 16, 23]",3,1.0612585599301383,0.1856753919273615,7.176153021166101,"[15492809, 15592809, 15892809, 15992809, 15092809, 15192809, 15692809, 15792809, 15392809, 15292809]","[16, 16, 16, 16, 16, 16, 16, 16, 16, 16]"
322,3,"[0, 7, 14]",3,1.105776962125674,0.05639754899311811,7.020521484528824,"[15704089, 15604089, 15404089, 15504089, 15104089, 15004089, 15804089, 15904089, 15204089, 15304089]","[7, 7, 7, 7, 7, 7, 7, 7, 7, 7]"
323,3,"[0, 1, 15]",3,1.1305357629898936,0.06717470590956509,5.830206346329457,"[15163324, 15063324, 15763324, 15663324, 15563324, 15463324, 15963324, 15863324, 15363324, 15263324]","[0, 0, 0, 0, 0, 0, 0, 0, 0, 0]"
324,3,"[6, 16, 21]",3,1.0229061100399122,0.060010739834979177,6.322590002828899,"[15596588, 15496588, 15996588, 15896588, 15196588, 15096588, 15696588, 15796588, 15296588, 15396588]","[21, 21, 21, 21, 21, 21, 21, 21, 21, 21]"
325,3,"[8, 15, 23]",3,1.0179583550198004,0.04810789099428803,6.458406936299677,"[15313321, 15213321, 15013321, 15113321, 15613321, 15713321, 15913321, 15813321, 15413321, 15513321]","[23, 23, 23, 23, 23, 23, 23, 23, 23, 23]"
326,3,"[1, 10, 18]",3,1.023609897121787,0.05585737491492182,6.188565281685442,"[15594105, 15494105, 15994105, 15894105, 15194105, 15094105, 15694105, 15794105, 15294105, 15394105]","[18, 18, 18, 18, 18, 18, 18, 18, 18, 18]"
327,3,"[9, 14, 15]",3,1.125067770946771,0.048980648163706064,8.626225335833928,"[17560442, 17460442, 17160442, 17060442, 16960442, 16860442, 16760442, 16660442, 17360442, 17260442]","[9, 9, 9, 9, 9, 9, 9, 9, 9, 9]"
328,3,"[0, 22, 23]",3,1.0528128560399637,0.13885486603248864,6.064401225342105,"[15103213, 15003213, 15703213, 15603213, 15503213, 15403213, 15903213, 15803213, 15303213, 15203213]","[0, 0, 0, 0, 0, 0, 0, 0, 0, 0]"
329,3,"[6, 10, 18]",3,1.0208348940359429,0.05550024611875415,6.5940272326697595,"[15507043, 15407043, 15907043, 15807043, 15107043, 15007043, 15207043, 15307043, 15707043, 15607043]","[18, 18, 18, 18, 18, 18, 18, 18, 18, 18]"
330,3,"[14, 20]",2,0.7134230340598151,0.039418259053491056,8.122495200543199,"[15177197, 15077197, 15777197, 15677197, 15577197, 15477197, 15977197, 15877197, 15377197, 15277197]","[14, 14, 14, 14, 14, 14, 14, 14, 14, 14]"
331,3,"[2, 17, 18]",3,0.9774079240160063,0.08298964006826282,5.747653880195382,"[15228068, 15328068, 15428068, 15528068, 15128068, 15028068, 15828068, 15928068, 15628068, 15728068]","[17, 17, 17, 17, 17, 17, 17, 17, 17, 17]"
332,3,"[0, 2, 23]",3,1.0379069920163602,0.07391208305489272,5.305041996354703,"[15371280, 15271280, 15171280, 15071280, 15471280, 15571280, 15971280, 15871280, 15671280, 15771280]","[0, 0, 0, 0, 0, 0, 0, 0, 0, 0]"
333,3,"[7, 16, 23]",3,1.0164789970731363,0.06224919494707137,5.872793717329235,"[15464988, 15564988, 15264988, 15364988, 15664988, 15764988, 15164988, 15064988, 15964988, 15864988]","[16, 16, 16, 16, 16, 16, 16, 16, 16, 16]"
334,3,"[14, 15, 16]",3,1.0596185808535665,0.04749894212000072,7.500679889655051,"[15466783, 15566783, 15866783, 15966783, 15066783, 15166783, 15666783, 15766783, 15366783, 15266783]","[15, 15, 15, 15, 15, 15, 15, 15, 15, 15]"
335,3,"[7, 14, 15]",3,1.0881805598037317,0.04727728804573417,7.584373139000188,"[15197504, 15097504, 15297504, 15397504, 15597504, 15497504, 15997504, 15897504, 15797504, 15697504]","[7, 7, 7, 7, 7, 7, 7, 7, 7, 7]"
336,3,"[8, 14, 20]",3,1.023390029091388,0.0435643169330433,7.529112446859169,"[15795263, 15695263, 15495263, 15595263, 15195263, 15095263, 15895263, 15995263, 15295263, 15395263]","[14, 14, 14, 14, 14, 14, 14, 14, 14, 14]"
337,3,"[6, 10, 22]",3,1.0455231729429215,0.055235808016732335,6.894504389007731,"[15638792, 15738792, 15538792, 15438792, 15838792, 15938792, 15038792, 15138792, 15338792, 15238792]","[22, 22, 22, 22, 22, 22, 22, 22, 22, 22]"
338,3,"[2, 3, 23]",3,1.0215296449605376,0.04710673296358436,5.054926225178254,"[15513321, 15413321, 15913321, 15813321, 15113321, 15013321, 15213321, 15313321, 15713321, 15613321]","[23, 23, 23, 23, 23, 23, 23, 23, 23, 23]"
339,3,"[14, 23, 24]",3,1.081698548863642,0.04731660301331431,7.600925856483324,"[15070539, 15170539, 15370539, 15270539, 15770539, 15670539, 15870539, 15970539, 15570539, 15470539]","[23, 23, 23, 23, 23, 23, 23, 23, 23, 23]"
340,3,"[2, 3]",2,0.688270143000409,0.034252997022122145,4.567566021782113,"[15195319, 15095319, 15795319, 15695319, 15595319, 15495319, 15995319, 15895319, 15395319, 15295319]","[2, 2, 2, 2, 2, 2, 2, 2, 2, 2]"
341,3,"[20, 21]",2,0.6697275701444596,0.03415741596836597,6.660921298782341,"[15413011, 15513011, 15813011, 15913011, 15013011, 15113011, 15613011, 15713011, 15313011, 15213011]","[21, 21, 21, 21, 21, 21, 21, 21, 21, 21]"
342,3,"[4, 14, 20]",3,1.0699636850040406,0.04739212803542614,7.032456688214249,"[15109604, 15009604, 15709604, 15609604, 15509604, 15409604, 15909604, 15809604, 15309604, 15209604]","[4, 4, 4, 4, 4, 4, 4, 4, 4, 4]"
343,3,"[2, 16, 24]",3,1.0260275900363922,0.04736145795322955,5.728593453667902,"[15764433, 15664433, 15464433, 15564433, 15164433, 15064433, 15864433, 15964433, 15264433, 15364433]","[16, 16, 16, 16, 16, 16, 16, 16, 16, 16]"
344,3,"[3, 10, 15]",3,1.055139460018836,0.04748302896041423,6.334691738147133,"[15393468, 15293468, 15093468, 15193468, 15693468, 15793468, 15993468, 15893468, 15493468, 15593468]","[15, 15, 15, 15, 15, 15, 15, 15, 15, 15]"
345,3,"[0, 16, 19]",3,1.052933108061552,0.05514460487756878,5.7272221331756255,"[15061736, 15161736, 15461736, 15561736, 15961736, 15861736, 15761736, 15661736, 15261736, 15361736]","[0, 0, 0, 0, 0, 0, 0, 0, 0, 0]"
346,3,"[6, 14, 20]",3,1.0664034549845383,0.05143384402617812,7.54569859385568,"[15423714, 15523714, 15823714, 15923714, 15023714, 15123714, 15623714, 15723714, 15323714, 15223714]","[14, 14, 14, 14, 14, 14, 14, 14, 14, 14]"
347,3,"[10, 11, 21]",3,1.0345699060708284,0.051616517012007535,6.687565439691146,"[15474554, 15574554, 15874554, 15974554, 15074554, 15174554, 15674554, 15774554, 15374554, 15274554]","[11, 11, 11, 11, 11, 11, 11, 11, 11, 11]"
348,3,"[9, 14, 18]",3,1.0564028901280835,0.05127339402679354,8.275300690360988,"[15151555, 15051555, 15251555, 15351555, 15551555, 15451555, 15951555, 15851555, 15751555, 15651555]","[9, 9, 9, 9, 9, 9, 9, 9, 9, 9]"
349,3,"[14, 19, 20]",3,1.0768542621517554,0.05505398893728852,7.4820523801997,"[15121020, 15021020, 15721020, 15621020, 15521020, 15421020, 15921020, 15821020, 15321020, 15221020]","[14, 14, 14, 14, 14, 14, 14, 14, 14, 14]"
350,3,"[4, 16, 20]",3,1.016952825943008,0.047159276087768376,5.645404135032247,"[15543732, 15443732, 15943732, 15843732, 15143732, 15043732, 15643732, 15743732, 15243732, 15343732]","[20, 20, 20, 20, 20, 20, 20, 20, 20, 20]"
351,3,"[2, 3, 14]",3,1.0650097449542955,0.051281474996358156,6.3217056963670375,"[15576837, 15476837, 15976837, 15876837, 15176837, 15076837, 15676837, 15776837, 15276837, 15376837]","[14, 14, 14, 14, 14, 14, 14, 14, 14, 14]"
352,3,"[9, 14, 21]",3,1.0675270499195904,0.05140302691143006,8.594095337359855,"[15971309, 15871309, 15771309, 15671309, 15071309, 15171309, 15371309, 15271309, 15471309, 15571309]","[21, 21, 21, 21, 21, 21, 21, 21, 21, 21]"
353,3,"[12, 20, 24]",3,1.1469101998955011,0.13761499896645546,6.5210698654991575,"[15370114, 15270114, 15070114, 15170114, 15670114, 15770114, 15970114, 15870114, 15470114, 15570114]","[24, 24, 24, 24, 24, 24, 24, 24, 24, 24]"
354,3,[14],1,0.37322443490847945,0.017210594029165804,9.829985045536887,"[15141102, 15041102, 15241102, 15341102, 15541102, 15441102, 15941102, 15841102, 15741102, 15641102]","[14, 14, 14, 14, 14, 14, 14, 14, 14, 14]"
355,3,"[3, 20]",2,0.6854337690165266,0.03417458897456527,5.488165158021729,"[15288777, 15388777, 15488777, 15588777, 15188777, 15088777, 15888777, 15988777, 15688777, 15788777]","[20, 20, 20, 20, 20, 20, 20, 20, 20, 20]"
356,3,"[9, 16, 21]",3,1.0154343558242545,0.06213499803561717,7.207042784177854,"[15596588, 15496588, 15996588, 15896588, 15196588, 15096588, 15296588, 15396588, 15796588, 15696588]","[21, 21, 21, 21, 21, 21, 21, 21, 21, 21]"
357,3,"[5, 12, 21]",3,0.9819235530449077,0.044544005882926285,6.177195276502364,"[15492867, 15592867, 15292867, 15392867, 15692867, 15792867, 15192867, 15092867, 15992867, 15892867]","[12, 12, 12, 12, 12, 12, 12, 12, 12, 12]"
358,3,"[0, 3, 8]",3,1.0325006110360846,0.04820047598332167,5.40511472466945,"[15731382, 15631382, 15431382, 15531382, 15131382, 15031382, 15831382, 15931382, 15231382, 15331382]","[3, 3, 3, 3, 3, 3, 3, 3, 3, 3]"
359,3,"[2, 5, 16]",3,0.9936621279921383,0.044301010901108384,5.220774902515889,"[15594136, 15494136, 15194136, 15094136, 15794136, 15694136, 15394136, 15294136, 15994136, 15894136]","[5, 5, 5, 5, 5, 5, 5, 5, 5, 5]"
360,3,"[5, 14, 21]",3,1.0459095460828394,0.052346361917443573,7.385504175346189,"[15395802, 15295802, 15195802, 15095802, 15495802, 15595802, 15995802, 15895802, 15695802, 15795802]","[5, 5, 5, 5, 5, 5, 5, 5, 5, 5]"
361,3,"[14, 21]",2,0.718556344974786,0.03637863707263023,8.36841114377603,"[15438340, 15538340, 15238340, 15338340, 15638340, 15738340, 15138340, 15038340, 15938340, 15838340]","[21, 21, 21, 21, 21, 21, 21, 21, 21, 21]"
362,3,"[15, 17]",2,0.7497431229567155,0.027086427086032927,6.860964246967342,"[15731489, 15631489, 15431489, 15531489, 15131489, 15031489, 15831489, 15931489, 15231489, 15331489]","[17, 17, 17, 17, 17, 17, 17, 17, 17, 17]"
363,3,"[9, 14, 20]",3,1.0834583489922807,0.07213970192242414,8.430151375204636,"[16960442, 16860442, 17360442, 17260442, 17160442, 17060442, 16760442, 16660442, 17560442, 17460442]","[9, 9, 9, 9, 9, 9, 9, 9, 9, 9]"
364,3,"[4, 15, 23]",3,1.0641699271509424,0.04832358204293996,5.961751177654757,"[15977832, 15877832, 15777832, 15677832, 15077832, 15177832, 15377832, 15277832, 15477832, 15577832]","[23, 23, 23, 23, 23, 23, 23, 23, 23, 23]"
365,3,"[2, 15, 19]",3,1.0835840279469267,0.18735183193348348,5.926067020006788,"[15309904, 15209904, 15009904, 15109904, 15609904, 15709904, 15909904, 15809904, 15409904, 15509904]","[19, 19, 19, 19, 19, 19, 19, 19, 19, 19]"
366,3,"[2, 15, 23]",3,1.0482262609293684,0.04859972093254328,5.868893650826067,"[15313321, 15213321, 15013321, 15113321, 15613321, 15713321, 15913321, 15813321, 15413321, 15513321]","[23, 23, 23, 23, 23, 23, 23, 23, 23, 23]"
367,3,"[2, 14, 21]",3,1.2091893990291283,0.052659705048426986,7.103543123540779,"[15573145, 15473145, 15973145, 15873145, 15173145, 15073145, 15673145, 15773145, 15273145, 15373145]","[21, 21, 21, 21, 21, 21, 21, 21, 21, 21]"
368,3,"[13, 16]",2,0.6895856329938397,0.06303906382527202,6.157612938026432,"[15429941, 15529941, 15229941, 15329941, 15629941, 15729941, 15129941, 15029941, 15929941, 15829941]","[16, 16, 16, 16, 16, 16, 16, 16, 16, 16]"
369,3,"[11, 15, 16]",3,1.0511346448911354,0.05400654801633209,6.1294635613254895,"[15747113, 15647113, 15447113, 15547113, 15147113, 15047113, 15847113, 15947113, 15247113, 15347113]","[15, 15, 15, 15, 15, 15, 15, 15, 15, 15]"
370,3,"[17, 20, 21]",3,0.9989596900995821,0.047907351050525904,6.680181284687326,"[15443911, 15543911, 15843911, 15943911, 15043911, 15143911, 15643911, 15743911, 15343911, 15243911]","[20, 20, 20, 20, 20, 20, 20, 20, 20, 20]"
371,3,"[16, 21]",2,0.6664705170551315,0.030811146833002567,6.287832314003026,"[15149931, 15049931, 15749931, 15649931, 15549931, 15449931, 15949931, 15849931, 15349931, 15249931]","[16, 16, 16, 16, 16, 16, 16, 16, 16, 16]"
372,3,"[2, 14, 23]",3,1.0793980619637296,0.06043636205140501,6.811146253525901,"[15764311, 15664311, 15564311, 15464311, 15964311, 15864311, 15164311, 15064311, 15264311, 15364311]","[23, 23, 23, 23, 23, 23, 23, 23, 23, 23]"
373,3,"[11, 16, 22]",3,1.0994160750415176,0.07653264596592635,6.079016072190522,"[15339424, 15239424, 15039424, 15139424, 15639424, 15739424, 15939424, 15839424, 15439424, 15539424]","[22, 22, 22, 22, 22, 22, 22, 22, 22, 22]"
374,3,"[6, 19]",2,0.7235013499157503,0.03473371488507837,6.296636059996672,"[15147177, 15047177, 15747177, 15647177, 15547177, 15447177, 15947177, 15847177, 15347177, 15247177]","[6, 6, 6, 6, 6, 6, 6, 6, 6, 6]"
375,3,"[10, 14, 16]",3,1.062136154039763,0.05593717494048178,7.646111816012611,"[15737224, 15637224, 15537224, 15437224, 15337224, 15237224, 15937224, 15837224, 15137224, 15037224]","[10, 10, 10, 10, 10, 10, 10, 10, 10, 10]"
376,3,"[2, 11, 21]",3,1.1788124470040202,0.0736518339253962,5.732326795211217,"[15572056, 15472056, 15972056, 15872056, 15172056, 15072056, 15272056, 15372056, 15772056, 15672056]","[21, 21, 21, 21, 21, 21, 21, 21, 21, 21]"
377,3,"[14, 18, 19]",3,1.0780737219611183,0.052357397973537445,7.327201695356052,"[15470433, 15570433, 15270433, 15370433, 15670433, 15770433, 15170433, 15070433, 15970433, 15870433]","[18, 18, 18, 18, 18, 18, 18, 18, 18, 18]"
378,3,"[9, 17, 20]",3,1.1003288039937615,0.05193056003190577,7.393056778858106,"[15766544, 15666544, 15566544, 15466544, 15066544, 15166544, 15266544, 15366544, 15866544, 15966544]","[9, 9, 9, 9, 9, 9, 9, 9, 9, 9]"
379,3,"[8, 15, 17]",3,0.9983887368580326,0.1784145140554756,6.6880918111419305,"[15573610, 15473610, 15973610, 15873610, 15173610, 15073610, 15273610, 15373610, 15773610, 15673610]","[17, 17, 17, 17, 17, 17, 17, 17, 17, 17]"
380,3,"[7, 17, 23]",3,1.0290855040075257,0.05266715888865292,6.222751674164708,"[15199264, 15099264, 15799264, 15699264, 15599264, 15499264, 15999264, 15899264, 15399264, 15299264]","[7, 7, 7, 7, 7, 7, 7, 7, 7, 7]"
381,3,"[15, 19, 21]",3,1.0724686000030488,0.048736497992649674,6.703743739655086,"[15011168, 15111168, 15211168, 15311168, 15711168, 15611168, 15911168, 15811168, 15511168, 15411168]","[21, 21, 21, 21, 21, 21, 21, 21, 21, 21]"
382,3,"[15, 21, 23]",3,1.1660299529321492,0.05232019198592752,6.646570370474365,"[15533521, 15433521, 15933521, 15833521, 15133521, 15033521, 15233521, 15333521, 15733521, 15633521]","[23, 23, 23, 23, 23, 23, 23, 23, 23, 23]"
383,3,"[14, 21, 23]",3,1.0602008920395747,0.05248406692408025,7.5888229731741985,"[16713301, 16613301, 17313301, 17213301, 17113301, 17013301, 17513301, 17413301, 16913301, 16813301]","[14, 14, 14, 14, 14, 14, 14, 14, 14, 14]"
384,3,"[2, 10, 15]",3,1.0563357339706272,0.05234595004003495,6.338852445672576,"[15313278, 15213278, 15013278, 15113278, 15613278, 15713278, 15913278, 15813278, 15413278, 15513278]","[15, 15, 15, 15, 15, 15, 15, 15, 15, 15]"
385,3,"[3, 16]",2,0.6872058970620856,0.03420051792636514,5.115076173242414,"[15175544, 15075544, 15775544, 15675544, 15575544, 15475544, 15975544, 15875544, 15375544, 15275544]","[3, 3, 3, 3, 3, 3, 3, 3, 3, 3]"
386,3,"[19, 20]",2,0.8097821560222656,0.0429415840189904,6.308086047531106,"[15977945, 15877945, 15277945, 15377945, 15477945, 15577945, 15677945, 15777945, 15077945, 15177945]","[19, 19, 19, 19, 19, 19, 19, 19, 19, 19]"
387,3,"[3, 17, 23]",3,1.0196989469695836,0.09516626200638711,5.769890949653927,"[15513321, 15413321, 15913321, 15813321, 15113321, 15013321, 15213321, 15313321, 15713321, 15613321]","[23, 23, 23, 23, 23, 23, 23, 23, 23, 23]"
388,3,"[3, 6, 21]",3,1.0479289200156927,0.05601616413332522,5.953422527663254,"[15511168, 15411168, 15111168, 15011168, 15311168, 15211168, 15711168, 15611168, 15811168, 15911168]","[21, 21, 21, 21, 21, 21, 21, 21, 21, 21]"
389,3,"[13, 20, 21]",3,1.0384104771073908,0.05221054400317371,6.656080362542222,"[15552103, 15452103, 15252103, 15352103, 15952103, 15852103, 15052103, 15152103, 15652103, 15752103]","[20, 20, 20, 20, 20, 20, 20, 20, 20, 20]"
390,3,"[14, 19, 23]",3,2.4449848670046777,0.05860499199479818,7.353599472340041,"[15220692, 15320692, 15520692, 15420692, 15920692, 15820692, 15720692, 15620692, 15120692, 15020692]","[19, 19, 19, 19, 19, 19, 19, 19, 19, 19]"
391,3,"[2, 11, 14]",3,1.0790328650036827,0.07797892997041345,6.706709396385122,"[15612366, 15712366, 15412366, 15512366, 15312366, 15212366, 15012366, 15112366, 15812366, 15912366]","[2, 2, 2, 2, 2, 2, 2, 2, 2, 2]"
392,3,"[8, 16, 21]",3,0.98002657701727,0.04842771613039076,6.306003855832387,"[15787355, 15687355, 15487355, 15587355, 15187355, 15087355, 15887355, 15987355, 15287355, 15387355]","[16, 16, 16, 16, 16, 16, 16, 16, 16, 16]"
393,3,"[3, 14, 19]",3,1.1192028290824965,0.05232246499508619,6.864158915181179,"[15721020, 15621020, 15421020, 15521020, 15121020, 15021020, 15821020, 15921020, 15221020, 15321020]","[14, 14, 14, 14, 14, 14, 14, 14, 14, 14]"
394,3,"[0, 19, 23]",3,1.0783085089642555,0.18062528502196074,5.847495215168844,"[15513321, 15413321, 15913321, 15813321, 15113321, 15013321, 15213321, 15313321, 15713321, 15613321]","[23, 23, 23, 23, 23, 23, 23, 23, 23, 23]"
395,3,"[1, 11, 23]",3,1.0519306400092319,0.05246495897881687,5.640567406682142,"[15118064, 15018064, 15518064, 15418064, 15318064, 15218064, 15818064, 15918064, 15718064, 15618064]","[11, 11, 11, 11, 11, 11, 11, 11, 11, 11]"
396,3,"[3, 4, 16]",3,1.1771548819961026,0.07382133393548429,5.027510670013726,"[15395818, 15295818, 15095818, 15195818, 15695818, 15795818, 15995818, 15895818, 15495818, 15595818]","[16, 16, 16, 16, 16, 16, 16, 16, 16, 16]"
397,3,"[2, 10, 14]",3,1.0704675231827423,0.052422337932512164,7.28110504837241,"[15679923, 15779923, 15479923, 15579923, 15379923, 15279923, 15079923, 15179923, 15879923, 15979923]","[2, 2, 2, 2, 2, 2, 2, 2, 2, 2]"
398,3,"[9, 14, 19]",3,1.2142076910240576,0.06680444499943405,8.358871836525699,"[15178420, 15078420, 15778420, 15678420, 15578420, 15478420, 15978420, 15878420, 15378420, 15278420]","[9, 9, 9, 9, 9, 9, 9, 9, 9, 9]"
399,3,"[2, 11, 23]",3,1.0428728219121695,0.05209194298367947,5.4399299251963384,"[15977832, 15877832, 15777832, 15677832, 15077832, 15177832, 15377832, 15277832, 15477832, 15577832]","[23, 23, 23, 23, 23, 23, 23, 23, 23, 23]"
400,3,"[2, 4, 11]",3,1.0579950269311666,0.047920080833137035,5.047507602391609,"[15134803, 15034803, 15734803, 15634803, 15534803, 15434803, 15934803, 15834803, 15334803, 15234803]","[2, 2, 2, 2, 2, 2, 2, 2, 2, 2]"
401,3,"[3, 13, 23]",3,1.0702625878620893,0.05204887792933732,5.745790027508822,"[15648424, 15748424, 15448424, 15548424, 15348424, 15248424, 15048424, 15148424, 15848424, 15948424]","[3, 3, 3, 3, 3, 3, 3, 3, 3, 3]"
402,3,"[7, 14, 23]",3,1.0828850779216737,0.1914086900651455,7.259846270511237,"[15492623, 15592623, 15892623, 15992623, 15092623, 15192623, 15692623, 15792623, 15392623, 15292623]","[14, 14, 14, 14, 14, 14, 14, 14, 14, 14]"
403,3,"[14, 15, 23]",3,1.0875073031056672,0.07700977206695825,7.620952971648269,"[15977832, 15877832, 15777832, 15677832, 15077832, 15177832, 15377832, 15277832, 15477832, 15577832]","[23, 23, 23, 23, 23, 23, 23, 23, 23, 23]"
404,3,"[0, 14, 15]",3,1.1649121049558744,0.056123984046280384,7.381628185665856,"[15187233, 15087233, 15787233, 15687233, 15587233, 15487233, 15987233, 15887233, 15387233, 15287233]","[0, 0, 0, 0, 0, 0, 0, 0, 0, 0]"
405,3,"[5, 21]",2,0.6585971380118281,0.03410500811878592,6.163263740250841,"[15199814, 15099814, 15799814, 15699814, 15599814, 15499814, 15999814, 15899814, 15399814, 15299814]","[5, 5, 5, 5, 5, 5, 5, 5, 5, 5]"
406,3,"[14, 20, 21]",3,1.044028589152731,0.05097667395602912,7.717275881033856,"[15547431, 15447431, 15947431, 15847431, 15147431, 15047431, 15247431, 15347431, 15747431, 15647431]","[21, 21, 21, 21, 21, 21, 21, 21, 21, 21]"
407,3,"[2, 18, 21]",3,0.9946602591080591,0.05096302297897637,5.8103658753680065,"[15161164, 15061164, 15761164, 15661164, 15561164, 15461164, 15961164, 15861164, 15361164, 15261164]","[2, 2, 2, 2, 2, 2, 2, 2, 2, 2]"
408,3,"[2, 9, 21]",3,1.0293773580342531,0.05345425894483924,6.842036016537652,"[15374024, 15274024, 15174024, 15074024, 15474024, 15574024, 15974024, 15874024, 15674024, 15774024]","[2, 2, 2, 2, 2, 2, 2, 2, 2, 2]"
409,3,"[3, 16, 17]",3,0.9907980730058625,0.050345464958809316,5.649617867660709,"[15480546, 15580546, 15280546, 15380546, 15680546, 15780546, 15180546, 15080546, 15980546, 15880546]","[16, 16, 16, 16, 16, 16, 16, 16, 16, 16]"
410,3,"[9, 10, 20]",3,1.0405123069649562,0.11285114102065563,7.633330698862362,"[15396301, 15296301, 15196301, 15096301, 15496301, 15596301, 15996301, 15896301, 15696301, 15796301]","[9, 9, 9, 9, 9, 9, 9, 9, 9, 9]"
411,3,"[16, 17, 20]",3,0.97812869399786,0.0766001611482352,6.26751133267923,"[15577266, 15477266, 15977266, 15877266, 15177266, 15077266, 15677266, 15777266, 15277266, 15377266]","[20, 20, 20, 20, 20, 20, 20, 20, 20, 20]"
412,3,"[2, 8, 20]",3,0.9856326399603859,0.08404031209647655,5.777053126036965,"[15543732, 15443732, 15943732, 15843732, 15143732, 15043732, 15243732, 15343732, 15743732, 15643732]","[20, 20, 20, 20, 20, 20, 20, 20, 20, 20]"
413,3,"[7, 14, 15]",3,1.0903577188728377,0.10693915793672204,7.584373139000188,"[15739391, 15639391, 15439391, 15539391, 15139391, 15039391, 15839391, 15939391, 15239391, 15339391]","[14, 14, 14, 14, 14, 14, 14, 14, 14, 14]"
414,3,"[1, 14, 21]",3,1.0594129380770028,0.05117004900239408,7.304180605026583,"[15543206, 15443206, 15943206, 15843206, 15143206, 15043206, 15243206, 15343206, 15743206, 15643206]","[21, 21, 21, 21, 21, 21, 21, 21, 21, 21]"
415,3,"[3, 20]",2,0.6822782220551744,0.0341548549477011,5.488165158021729,"[15791042, 15691042, 15591042, 15491042, 15091042, 15191042, 15291042, 15391042, 15891042, 15991042]","[3, 3, 3, 3, 3, 3, 3, 3, 3, 3]"
416,3,"[0, 6, 10]",3,1.0610367089975625,0.05502660491038114,6.381100223671335,"[15170099, 15070099, 15570099, 15470099, 15370099, 15270099, 15870099, 15970099, 15770099, 15670099]","[6, 6, 6, 6, 6, 6, 6, 6, 6, 6]"
417,3,"[12, 20, 24]",3,1.0165966770146042,0.04352209100034088,6.5210698654991575,"[15015059, 15115059, 15215059, 15315059, 15715059, 15615059, 15915059, 15815059, 15515059, 15415059]","[24, 24, 24, 24, 24, 24, 24, 24, 24, 24]"
418,3,"[2, 3, 9]",3,1.0451845190254971,0.051469221943989396,6.060198589363911,"[15552843, 15452843, 15952843, 15852843, 15152843, 15052843, 15252843, 15352843, 15752843, 15652843]","[9, 9, 9, 9, 9, 9, 9, 9, 9, 9]"
419,3,"[2, 14, 17]",3,1.0361266459804028,0.04726059804670513,7.040831128368154,"[15198636, 15098636, 15298636, 15398636, 15598636, 15498636, 15998636, 15898636, 15798636, 15698636]","[2, 2, 2, 2, 2, 2, 2, 2, 2, 2]"
420,3,"[2, 8, 16]",3,0.9700673478655517,0.05754765204619616,5.528327136184089,"[15532756, 15432756, 15932756, 15832756, 15132756, 15032756, 15232756, 15332756, 15732756, 15632756]","[16, 16, 16, 16, 16, 16, 16, 16, 16, 16]"
421,3,"[5, 11, 14]",3,1.0534597620135173,0.09658411098644137,6.988670448190533,"[15477775, 15577775, 15777775, 15677775, 15277775, 15377775, 15177775, 15077775, 15977775, 15877775]","[11, 11, 11, 11, 11, 11, 11, 11, 11, 11]"
422,3,"[14, 15, 24]",3,1.1017651838483289,0.04379605106078088,7.925452724972274,"[15139391, 15039391, 15739391, 15639391, 15539391, 15439391, 15939391, 15839391, 15339391, 15239391]","[14, 14, 14, 14, 14, 14, 14, 14, 14, 14]"
423,3,"[4, 5, 14]",3,1.052851072861813,0.04765345109626651,6.700684982526582,"[15395617, 15295617, 15095617, 15195617, 15695617, 15795617, 15995617, 15895617, 15495617, 15595617]","[14, 14, 14, 14, 14, 14, 14, 14, 14, 14]"
424,3,"[0, 2, 15]",3,1.0594353841152042,0.05110311205498874,5.629568864843653,"[17030810, 17130810, 17330810, 17230810, 16830810, 16930810, 16730810, 16630810, 17530810, 17430810]","[2, 2, 2, 2, 2, 2, 2, 2, 2, 2]"
425,3,"[2, 14, 20]",3,1.052218733006157,0.051413625944405794,6.9395991613855585,"[15625275, 15725275, 15425275, 15525275, 15325275, 15225275, 15025275, 15125275, 15825275, 15925275]","[2, 2, 2, 2, 2, 2, 2, 2, 2, 2]"
426,3,"[14, 21]",2,0.7104237619787455,0.030407804995775223,8.36841114377603,"[16915462, 16815462, 17515462, 17415462, 17015462, 17115462, 16715462, 16615462, 17315462, 17215462]","[14, 14, 14, 14, 14, 14, 14, 14, 14, 14]"
427,3,"[0, 14, 16]",3,1.1931424760259688,0.05858397507108748,6.936828235183687,"[15521832, 15421832, 15921832, 15821832, 15121832, 15021832, 15621832, 15721832, 15221832, 15321832]","[16, 16, 16, 16, 16, 16, 16, 16, 16, 16]"
428,3,"[7, 12, 19]",3,1.0321618029847741,0.15640261000953615,6.108710740848134,"[15650402, 15750402, 15450402, 15550402, 15350402, 15250402, 15050402, 15150402, 15850402, 15950402]","[7, 7, 7, 7, 7, 7, 7, 7, 7, 7]"
429,3,"[8, 11, 15]",3,1.023142751888372,0.07779827911872417,6.353970079158898,"[15472416, 15572416, 15272416, 15372416, 15672416, 15772416, 15172416, 15072416, 15972416, 15872416]","[11, 11, 11, 11, 11, 11, 11, 11, 11, 11]"
430,3,"[3, 6, 14]",3,1.078674143878743,0.05152514390647411,6.92780512883716,"[15577197, 15477197, 15977197, 15877197, 15177197, 15077197, 15277197, 15377197, 15777197, 15677197]","[14, 14, 14, 14, 14, 14, 14, 14, 14, 14]"
431,3,"[7, 20, 23]",3,1.0292757749557495,0.04737456503789872,6.121519707182112,"[15457359, 15557359, 15857359, 15957359, 15057359, 15157359, 15657359, 15757359, 15357359, 15257359]","[20, 20, 20, 20, 20, 20, 20, 20, 20, 20]"
432,3,"[5, 14, 21]",3,1.0334061678731814,0.04822937899734825,7.385504175346189,"[15512033, 15412033, 15912033, 15812033, 15112033, 15012033, 15612033, 15712033, 15212033, 15312033]","[21, 21, 21, 21, 21, 21, 21, 21, 21, 21]"
433,3,"[5, 15, 23]",3,1.0312656820751727,0.04058424092363566,6.150854702631477,"[15067939, 15167939, 15467939, 15567939, 15967939, 15867939, 15767939, 15667939, 15267939, 15367939]","[5, 5, 5, 5, 5, 5, 5, 5, 5, 5]"
434,3,"[11, 14, 24]",3,1.1250795789528638,0.04492578899953514,7.496488999342546,"[15442469, 15542469, 15942469, 15842469, 15342469, 15242469, 15742469, 15642469, 15142469, 15042469]","[24, 24, 24, 24, 24, 24, 24, 24, 24, 24]"
435,3,"[0, 2, 9]",3,1.0715659440029413,0.1185650109546259,6.31031436054036,"[15722339, 15622339, 15422339, 15522339, 15122339, 15022339, 15822339, 15922339, 15222339, 15322339]","[2, 2, 2, 2, 2, 2, 2, 2, 2, 2]"
436,3,"[2, 14, 19]",3,1.0957994409836829,0.05254585400689393,6.868319622706622,"[15321020, 15221020, 15021020, 15121020, 15521020, 15421020, 15721020, 15621020, 15921020, 15821020]","[14, 14, 14, 14, 14, 14, 14, 14, 14, 14]"
437,3,"[6, 14, 15]",3,1.2279289771104231,0.05226860207039863,7.741772554484972,"[15220515, 15320515, 15420515, 15520515, 15120515, 15020515, 15820515, 15920515, 15620515, 15720515]","[14, 14, 14, 14, 14, 14, 14, 14, 14, 14]"
438,3,"[7, 17, 22]",3,1.0334503928897902,0.04853254905901849,6.49683105351869,"[15521470, 15421470, 15921470, 15821470, 15121470, 15021470, 15221470, 15321470, 15721470, 15621470]","[22, 22, 22, 22, 22, 22, 22, 22, 22, 22]"
439,3,"[0, 16, 21]",3,1.1743575552245602,0.0485373210394755,5.962445634009782,"[15648246, 15748246, 15448246, 15548246, 15348246, 15248246, 15048246, 15148246, 15848246, 15948246]","[0, 0, 0, 0, 0, 0, 0, 0, 0, 0]"
440,3,"[9, 21, 23]",3,1.0406409179558977,0.06673953984864056,7.327315866171072,"[15420997, 15520997, 15720997, 15620997, 15220997, 15320997, 15120997, 15020997, 15920997, 15820997]","[21, 21, 21, 21, 21, 21, 21, 21, 21, 21]"
441,3,"[15, 16, 19]",3,1.059328034054488,0.05198431701865047,6.291073787646989,"[15287355, 15387355, 15487355, 15587355, 15187355, 15087355, 15887355, 15987355, 15687355, 15787355]","[16, 16, 16, 16, 16, 16, 16, 16, 16, 16]"
442,3,"[5, 16, 19]",3,1.025810944964178,0.05212980101350695,5.76322812133003,"[15642725, 15742725, 15442725, 15542725, 15342725, 15242725, 15042725, 15142725, 15842725, 15942725]","[5, 5, 5, 5, 5, 5, 5, 5, 5, 5]"
443,3,"[14, 21, 23]",3,1.1119947698898613,0.07018786203116179,7.5888229731741985,"[15221020, 15321020, 15421020, 15521020, 15621020, 15721020, 15021020, 15121020, 15821020, 15921020]","[14, 14, 14, 14, 14, 14, 14, 14, 14, 14]"
444,3,"[2, 8, 23]",3,0.9978484138846397,0.09137247991748154,5.648600218177307,"[15776119, 15676119, 15476119, 15576119, 15176119, 15076119, 15876119, 15976119, 15276119, 15376119]","[8, 8, 8, 8, 8, 8, 8, 8, 8, 8]"
445,3,"[4, 8, 16]",3,0.9979203300317749,0.04808627988677472,5.621184663012779,"[15451824, 15551824, 15751824, 15651824, 15251824, 15351824, 15151824, 15051824, 15951824, 15851824]","[8, 8, 8, 8, 8, 8, 8, 8, 8, 8]"
446,3,"[7, 14, 21]",3,1.0782234149519354,0.05249058303888887,7.552243140526116,"[15138125, 15038125, 15738125, 15638125, 15538125, 15438125, 15938125, 15838125, 15338125, 15238125]","[7, 7, 7, 7, 7, 7, 7, 7, 7, 7]"
447,3,"[0, 2, 23]",3,1.0602023098617792,0.05722469394095242,5.305041996354703,"[15916098, 15816098, 15716098, 15616098, 15016098, 15116098, 15316098, 15216098, 15416098, 15516098]","[23, 23, 23, 23, 23, 23, 23, 23, 23, 23]"
448,3,"[4, 9, 10]",3,1.0748130780411884,0.05722478905227035,7.112455468197974,"[15157735, 15057735, 15257735, 15357735, 15557735, 15457735, 15957735, 15857735, 15757735, 15657735]","[4, 4, 4, 4, 4, 4, 4, 4, 4, 4]"
449,3,"[2, 14, 20]",3,1.0651180390268564,0.048857585061341524,6.9395991613855585,"[15719455, 15619455, 15419455, 15519455, 15119455, 15019455, 15819455, 15919455, 15219455, 15319455]","[14, 14, 14, 14, 14, 14, 14, 14, 14, 14]"
450,3,"[16, 24]",2,0.6988211940042675,0.03474448493216187,6.305986638966715,"[15301379, 15201379, 15101379, 15001379, 15401379, 15501379, 15901379, 15801379, 15601379, 15701379]","[16, 16, 16, 16, 16, 16, 16, 16, 16, 16]"
451,3,"[19, 21, 24]",3,1.2215934799751267,0.052404104033485055,6.683716624490141,"[15958421, 15858421, 15758421, 15658421, 15058421, 15158421, 15358421, 15258421, 15458421, 15558421]","[24, 24, 24, 24, 24, 24, 24, 24, 24, 24]"
452,3,"[2, 16, 21]",3,1.0042807230493054,0.05188472906593233,5.7164905703587765,"[15396588, 15296588, 15096588, 15196588, 15696588, 15796588, 15996588, 15896588, 15496588, 15596588]","[21, 21, 21, 21, 21, 21, 21, 21, 21, 21]"
453,3,"[0, 4, 6]",3,1.092288457090035,0.052147312089800835,5.518719106020096,"[15766646, 15666646, 15466646, 15566646, 15166646, 15066646, 15866646, 15966646, 15266646, 15366646]","[4, 4, 4, 4, 4, 4, 4, 4, 4, 4]"
454,3,"[0, 14, 18]",3,1.0719155510887504,0.173080854001455,7.030703540192917,"[15607043, 15707043, 15007043, 15107043, 15207043, 15307043, 15907043, 15807043, 15407043, 15507043]","[18, 18, 18, 18, 18, 18, 18, 18, 18, 18]"
455,3,"[11, 15, 17]",3,1.0464401880744845,0.04451290494762361,6.479421518160962,"[15106792, 15006792, 15706792, 15606792, 15506792, 15406792, 15906792, 15806792, 15306792, 15206792]","[11, 11, 11, 11, 11, 11, 11, 11, 11, 11]"
456,3,"[5, 11, 14]",3,1.0619769929908216,0.04829943599179387,6.988670448190533,"[15095617, 15195617, 15295617, 15395617, 15795617, 15695617, 15995617, 15895617, 15595617, 15495617]","[14, 14, 14, 14, 14, 14, 14, 14, 14, 14]"
457,3,"[14, 20, 21]",3,1.111057555070147,0.07023300405126065,7.717275881033856,"[15765816, 15665816, 15465816, 15565816, 15165816, 15065816, 15865816, 15965816, 15265816, 15365816]","[20, 20, 20, 20, 20, 20, 20, 20, 20, 20]"
458,3,"[2, 24]",2,0.7147855799412355,0.08153983310330659,5.758476487506414,"[15174892, 15074892, 15574892, 15474892, 15374892, 15274892, 15874892, 15974892, 15774892, 15674892]","[24, 24, 24, 24, 24, 24, 24, 24, 24, 24]"
459,3,"[7, 14, 23]",3,1.0823903328273445,0.05262545612640679,7.259846270511237,"[15464311, 15564311, 15664311, 15764311, 15964311, 15864311, 15164311, 15064311, 15264311, 15364311]","[23, 23, 23, 23, 23, 23, 23, 23, 23, 23]"
460,3,"[0, 16, 21]",3,1.0982244029873982,0.07332467299420387,5.962445634009782,"[15475067, 15575067, 15275067, 15375067, 15675067, 15775067, 15175067, 15075067, 15975067, 15875067]","[16, 16, 16, 16, 16, 16, 16, 16, 16, 16]"
461,3,"[1, 8, 19]",3,1.03607025987003,0.090986063121818,5.906411068843833,"[15132203, 15032203, 15732203, 15632203, 15532203, 15432203, 15932203, 15832203, 15332203, 15232203]","[1, 1, 1, 1, 1, 1, 1, 1, 1, 1]"
462,3,"[12, 13, 22]",3,1.0280586750013754,0.04633355210535228,6.567780536366627,"[15193983, 15093983, 15793983, 15693983, 15593983, 15493983, 15993983, 15893983, 15393983, 15293983]","[12, 12, 12, 12, 12, 12, 12, 12, 12, 12]"
463,3,"[9, 17, 21]",3,1.0192016907967627,0.05175381887238473,7.557000741013326,"[15092244, 15192244, 15492244, 15592244, 15992244, 15892244, 15792244, 15692244, 15292244, 15392244]","[9, 9, 9, 9, 9, 9, 9, 9, 9, 9]"
464,3,"[0, 3, 10]",3,1.0701223149662837,0.0590729279210791,5.770840083675769,"[15357356, 15257356, 15057356, 15157356, 15657356, 15757356, 15957356, 15857356, 15457356, 15557356]","[10, 10, 10, 10, 10, 10, 10, 10, 10, 10]"
465,3,"[10, 20, 24]",3,1.062968665966764,0.04826520103961229,6.932558088000708,"[15379786, 15279786, 15079786, 15179786, 15679786, 15779786, 15979786, 15879786, 15479786, 15579786]","[24, 24, 24, 24, 24, 24, 24, 24, 24, 24]"
466,3,"[0, 14, 23]",3,1.2127387521322817,0.05655640491750091,7.0571013171769055,"[15516673, 15416673, 15916673, 15816673, 15116673, 15016673, 15216673, 15316673, 15716673, 15616673]","[23, 23, 23, 23, 23, 23, 23, 23, 23, 23]"
467,3,"[2, 16, 21]",3,1.004102251958102,0.11519381706602871,5.7164905703587765,"[15722339, 15622339, 15522339, 15422339, 15022339, 15122339, 15222339, 15322339, 15822339, 15922339]","[2, 2, 2, 2, 2, 2, 2, 2, 2, 2]"
468,3,"[14, 15, 21]",3,1.0822229819605127,0.05253836093470454,7.913349841663148,"[15523467, 15423467, 15923467, 15823467, 15123467, 15023467, 15623467, 15723467, 15223467, 15323467]","[21, 21, 21, 21, 21, 21, 21, 21, 21, 21]"
469,3,"[13, 17, 20]",3,1.1525802799733356,0.04849227506201714,6.593368367369597,"[15160032, 15060032, 15760032, 15660032, 15560032, 15460032, 15960032, 15860032, 15360032, 15260032]","[13, 13, 13, 13, 13, 13, 13, 13, 13, 13]"
470,3,"[2, 13, 14]",3,1.0849366199690849,0.10119658499024808,7.016730206223049,"[15595263, 15495263, 15995263, 15895263, 15195263, 15095263, 15295263, 15395263, 15795263, 15695263]","[14, 14, 14, 14, 14, 14, 14, 14, 14, 14]"
471,3,"[16, 17, 18]",3,0.978246727026999,0.051858654944226146,6.1126606478355825,"[15437065, 15537065, 15837065, 15937065, 15037065, 15137065, 15637065, 15737065, 15337065, 15237065]","[17, 17, 17, 17, 17, 17, 17, 17, 17, 17]"
472,3,"[0, 3, 19]",3,1.0855924249626696,0.07840504893101752,5.358054658009981,"[15148978, 15048978, 15248978, 15348978, 15548978, 15448978, 15948978, 15848978, 15748978, 15648978]","[0, 0, 0, 0, 0, 0, 0, 0, 0, 0]"
473,3,"[4, 21, 23]",3,1.1310902769910172,0.06963538588024676,5.929621179180685,"[15410988, 15510988, 15210988, 15310988, 15610988, 15710988, 15110988, 15010988, 15910988, 15810988]","[21, 21, 21, 21, 21, 21, 21, 21, 21, 21]"
474,3,"[0, 15, 21]",3,1.0658041449496523,0.05241630191449076,6.4072455844919505,"[15116261, 15016261, 15516261, 15416261, 15316261, 15216261, 15816261, 15916261, 15716261, 15616261]","[15, 15, 15, 15, 15, 15, 15, 15, 15, 15]"
475,3,"[3, 9, 15]",3,1.2109120188979432,0.04899421404115856,6.870005307486281,"[15507630, 15407630, 15907630, 15807630, 15107630, 15007630, 15207630, 15307630, 15707630, 15607630]","[15, 15, 15, 15, 15, 15, 15, 15, 15, 15]"
476,3,"[22, 23, 24]",3,1.0624918770045042,0.053811776102520525,6.608225764648523,"[15268893, 15368893, 15468893, 15568893, 15168893, 15068893, 15868893, 15968893, 15668893, 15768893]","[23, 23, 23, 23, 23, 23, 23, 23, 23, 23]"
477,3,"[14, 17, 19]",3,1.0744562071049586,0.052327006007544696,7.583284347182295,"[15109106, 15009106, 15709106, 15609106, 15509106, 15409106, 15909106, 15809106, 15309106, 15209106]","[14, 14, 14, 14, 14, 14, 14, 14, 14, 14]"
478,3,"[2, 4, 5]",3,1.1729183490388095,0.048293266096152365,4.948625661704379,"[15564247, 15464247, 15164247, 15064247, 15764247, 15664247, 15364247, 15264247, 15964247, 15864247]","[4, 4, 4, 4, 4, 4, 4, 4, 4, 4]"
479,3,"[2, 14, 23]",3,1.0660498020006344,0.09243621188215911,6.811146253525901,"[15420515, 15520515, 15220515, 15320515, 15620515, 15720515, 15120515, 15020515, 15920515, 15820515]","[14, 14, 14, 14, 14, 14, 14, 14, 14, 14]"
480,3,"[14, 16]",2,0.709356753854081,0.031027305056340992,7.749406215763884,"[15418074, 15518074, 15218074, 15318074, 15618074, 15718074, 15118074, 15018074, 15918074, 15818074]","[16, 16, 16, 16, 16, 16, 16, 16, 16, 16]"
481,3,"[0, 4, 14]",3,1.2101991520030424,0.06402464106213301,6.664678994372177,"[15163324, 15063324, 15763324, 15663324, 15563324, 15463324, 15963324, 15863324, 15363324, 15263324]","[0, 0, 0, 0, 0, 0, 0, 0, 0, 0]"
482,3,"[9, 15, 22]",3,1.0620624050498009,0.056179126957431436,7.633525243999126,"[15713278, 15613278, 15413278, 15513278, 15113278, 15013278, 15813278, 15913278, 15213278, 15313278]","[15, 15, 15, 15, 15, 15, 15, 15, 15, 15]"
483,3,"[9, 14, 21]",3,1.0677404891466722,0.051366647938266397,8.594095337359855,"[15764081, 15664081, 15464081, 15564081, 15164081, 15064081, 15864081, 15964081, 15264081, 15364081]","[14, 14, 14, 14, 14, 14, 14, 14, 14, 14]"
484,3,"[0, 6, 12]",3,1.0245074089616537,0.05118299706373364,5.969612001169783,"[15423534, 15523534, 15223534, 15323534, 15623534, 15723534, 15123534, 15023534, 15923534, 15823534]","[6, 6, 6, 6, 6, 6, 6, 6, 6, 6]"
485,3,"[2, 14, 22]",3,1.062014758004807,0.051426941994577646,7.085225632879883,"[15783250, 15683250, 15483250, 15583250, 15183250, 15083250, 15883250, 15983250, 15283250, 15383250]","[14, 14, 14, 14, 14, 14, 14, 14, 14, 14]"
486,3,"[0, 2, 21]",3,1.033189138979651,0.05150348192546517,5.597438866369582,"[15402666, 15502666, 15202666, 15302666, 15602666, 15702666, 15102666, 15002666, 15902666, 15802666]","[2, 2, 2, 2, 2, 2, 2, 2, 2, 2]"
487,3,"[6, 14]",2,0.7297861609840766,0.034328744979575276,8.111045213008765,"[15795263, 15695263, 15495263, 15595263, 15195263, 15095263, 15895263, 15995263, 15295263, 15395263]","[14, 14, 14, 14, 14, 14, 14, 14, 14, 14]"
488,3,"[2, 12, 20]",3,0.9851527219871059,0.03965246200095862,5.731290262541734,"[15104635, 15004635, 15704635, 15604635, 15504635, 15404635, 15904635, 15804635, 15304635, 15204635]","[2, 2, 2, 2, 2, 2, 2, 2, 2, 2]"
489,3,"[4, 11, 21]",3,1.0448983089299873,0.047406458063051105,5.825184322039907,"[15573145, 15473145, 15973145, 15873145, 15173145, 15073145, 15673145, 15773145, 15273145, 15373145]","[21, 21, 21, 21, 21, 21, 21, 21, 21, 21]"
490,3,"[5, 19, 21]",3,1.0231018639169633,0.05504200397990644,6.175898073338128,"[15142725, 15042725, 15742725, 15642725, 15542725, 15442725, 15942725, 15842725, 15342725, 15242725]","[5, 5, 5, 5, 5, 5, 5, 5, 5, 5]"
491,3,"[11, 15, 21]",3,1.0464562291745096,0.0511185850482434,6.542133513333586,"[15793468, 15693468, 15493468, 15593468, 15193468, 15093468, 15893468, 15993468, 15293468, 15393468]","[15, 15, 15, 15, 15, 15, 15, 15, 15, 15]"
492,3,"[7, 14, 15]",3,1.0871833270648494,0.04756577510852367,7.584373139000188,"[15787730, 15687730, 15587730, 15487730, 15087730, 15187730, 15287730, 15387730, 15887730, 15987730]","[7, 7, 7, 7, 7, 7, 7, 7, 7, 7]"
493,3,"[4, 14, 17]",3,1.0544914179481566,0.05135667696595192,7.133688655196845,"[15729922, 15629922, 15429922, 15529922, 15129922, 15029922, 15829922, 15929922, 15229922, 15329922]","[14, 14, 14, 14, 14, 14, 14, 14, 14, 14]"
494,3,"[1, 11, 13]",3,1.0585318219382316,0.05123542807996273,5.8461513593792915,"[15224721, 15324721, 15424721, 15524721, 15124721, 15024721, 15824721, 15924721, 15624721, 15724721]","[11, 11, 11, 11, 11, 11, 11, 11, 11, 11]"
495,3,"[7, 14, 21]",3,1.0646566250361502,0.05126580793876201,7.552243140526116,"[15513254, 15413254, 15913254, 15813254, 15113254, 15013254, 15213254, 15313254, 15713254, 15613254]","[21, 21, 21, 21, 21, 21, 21, 21, 21, 21]"
496,3,"[2, 6, 23]",3,1.0258502829819918,0.05112193094100803,5.6651863651738195,"[15513321, 15413321, 15913321, 15813321, 15113321, 15013321, 15613321, 15713321, 15213321, 15313321]","[23, 23, 23, 23, 23, 23, 23, 23, 23, 23]"
497,3,"[9, 14, 18]",3,1.0694165660534054,0.05144408706109971,8.275300690360988,"[15776504, 15676504, 15076504, 15176504, 15276504, 15376504, 15976504, 15876504, 15476504, 15576504]","[9, 9, 9, 9, 9, 9, 9, 9, 9, 9]"
498,3,"[2, 14, 21]",3,1.0489548540208489,0.051539115025661886,7.103543123540779,"[15122339, 15022339, 15722339, 15622339, 15522339, 15422339, 15922339, 15822339, 15322339, 15222339]","[2, 2, 2, 2, 2, 2, 2, 2, 2, 2]"
499,3,"[0, 15, 16]",3,1.050743927131407,0.04754612501710653,5.994575632483854,"[15023682, 15123682, 15423682, 15523682, 15923682, 15823682, 15723682, 15623682, 15223682, 15323682]","[0, 0, 0, 0, 0, 0, 0, 0, 0, 0]"
500,3,"[15, 23, 24]",3,1.0653071649139747,0.05135584098752588,6.6586732537834905,"[15794771, 15694771, 15494771, 15594771, 15194771, 15094771, 15894771, 15994771, 15294771, 15394771]","[23, 23, 23, 23, 23, 23, 23, 23, 23, 23]"
501,3,"[0, 4, 15]",3,1.2114270338788629,0.05852300091646612,5.722426391672343,"[15415701, 15515701, 15215701, 15315701, 15615701, 15715701, 15115701, 15015701, 15915701, 15815701]","[4, 4, 4, 4, 4, 4, 4, 4, 4, 4]"
502,3,"[15, 20, 23]",3,1.0334116299636662,0.0866929420735687,6.4826264083191445,"[15625480, 15725480, 15425480, 15525480, 15125480, 15025480, 15925480, 15825480, 15325480, 15225480]","[20, 20, 20, 20, 20, 20, 20, 20, 20, 20]"
503,3,"[2, 20, 21]",3,1.0082351712044328,0.06935974711086601,5.965216560211654,"[15775099, 15675099, 15475099, 15575099, 15175099, 15075099, 15875099, 15975099, 15275099, 15375099]","[20, 20, 20, 20, 20, 20, 20, 20, 20, 20]"
504,3,"[5, 11, 14]",3,1.0493911809753627,0.09930620307568461,6.988670448190533,"[17051963, 17151963, 17351963, 17251963, 16651963, 16751963, 16951963, 16851963, 17551963, 17451963]","[11, 11, 11, 11, 11, 11, 11, 11, 11, 11]"
505,3,"[10, 14, 16]",3,1.047715725027956,0.047386790974996984,7.646111816012611,"[15901379, 15801379, 15701379, 15601379, 15001379, 15101379, 15301379, 15201379, 15401379, 15501379]","[16, 16, 16, 16, 16, 16, 16, 16, 16, 16]"
506,3,"[0, 3, 11]",3,1.0646854530787095,0.051230648066848516,5.196444431688481,"[15187233, 15087233, 15787233, 15687233, 15587233, 15487233, 15987233, 15887233, 15387233, 15287233]","[0, 0, 0, 0, 0, 0, 0, 0, 0, 0]"
507,3,"[2, 14, 15]",3,1.0748786128824577,0.043854273040778935,7.13567312201485,"[15538750, 15438750, 15938750, 15838750, 15138750, 15038750, 15638750, 15738750, 15238750, 15338750]","[15, 15, 15, 15, 15, 15, 15, 15, 15, 15]"
508,3,"[16, 23]",2,0.6678162310272455,0.03478855895809829,5.849237008980708,"[15005198, 15105198, 15405198, 15505198, 15905198, 15805198, 15705198, 15605198, 15205198, 15305198]","[16, 16, 16, 16, 16, 16, 16, 16, 16, 16]"
509,3,"[2, 9, 22]",3,1.0515834239777178,0.04834158404264599,6.823718525876757,"[15754230, 15654230, 15454230, 15554230, 15154230, 15054230, 15854230, 15954230, 15254230, 15354230]","[9, 9, 9, 9, 9, 9, 9, 9, 9, 9]"
510,3,"[0, 14, 21]",3,1.1919411490671337,0.05687330011278391,7.349498187191784,"[15777197, 15677197, 15477197, 15577197, 15177197, 15077197, 15877197, 15977197, 15277197, 15377197]","[14, 14, 14, 14, 14, 14, 14, 14, 14, 14]"
511,3,"[2, 13, 21]",3,1.0401267829583958,0.05251699697691947,6.0423476050491445,"[15196688, 15096688, 15796688, 15696688, 15596688, 15496688, 15996688, 15896688, 15396688, 15296688]","[2, 2, 2, 2, 2, 2, 2, 2, 2, 2]"
512,3,"[2, 21, 24]",3,1.0529063370777294,0.0522975669009611,6.141263405676,"[15529474, 15429474, 15929474, 15829474, 15129474, 15029474, 15629474, 15729474, 15229474, 15329474]","[24, 24, 24, 24, 24, 24, 24, 24, 24, 24]"
513,3,"[8, 11, 23]",3,1.010886565898545,0.04827260388992727,6.029443210669949,"[15119176, 15019176, 15719176, 15619176, 15519176, 15419176, 15919176, 15819176, 15319176, 15219176]","[8, 8, 8, 8, 8, 8, 8, 8, 8, 8]"
514,3,"[8, 12, 16]",3,1.1019017848884687,0.10691845999099314,6.072077558162467,"[15349879, 15249879, 15049879, 15149879, 15649879, 15749879, 15949879, 15849879, 15449879, 15549879]","[16, 16, 16, 16, 16, 16, 16, 16, 16, 16]"
515,3,"[4, 15, 18]",3,1.0474431329639629,0.04826130508445203,5.935353400670768,"[15398180, 15298180, 15098180, 15198180, 15598180, 15498180, 15798180, 15698180, 15998180, 15898180]","[15, 15, 15, 15, 15, 15, 15, 15, 15, 15]"
516,3,"[5, 17, 23]",3,0.9949804639909416,0.051855263067409396,6.056012708984781,"[15793055, 15693055, 15493055, 15593055, 15193055, 15093055, 15893055, 15993055, 15293055, 15393055]","[17, 17, 17, 17, 17, 17, 17, 17, 17, 17]"
517,3,"[2, 16, 23]",3,1.0103501360863447,0.04835101799108088,5.4240937003438985,"[15513321, 15413321, 15913321, 15813321, 15113321, 15013321, 15613321, 15713321, 15213321, 15313321]","[23, 23, 23, 23, 23, 23, 23, 23, 23, 23]"
518,3,"[15, 20, 23]",3,1.1882764428155497,0.04445768101140857,6.4826264083191445,"[15107630, 15007630, 15207630, 15307630, 15507630, 15407630, 15907630, 15807630, 15707630, 15607630]","[15, 15, 15, 15, 15, 15, 15, 15, 15, 15]"
519,3,"[2, 11, 23]",3,1.0442867120727897,0.06403357209637761,5.4399299251963384,"[15564422, 15464422, 15964422, 15864422, 15164422, 15064422, 15664422, 15764422, 15264422, 15364422]","[23, 23, 23, 23, 23, 23, 23, 23, 23, 23]"
520,3,"[2, 4, 20]",3,1.044824309879914,0.061486136983148754,5.2803973673920455,"[15709604, 15609604, 15409604, 15509604, 15109604, 15009604, 15809604, 15909604, 15209604, 15309604]","[4, 4, 4, 4, 4, 4, 4, 4, 4, 4]"
521,3,"[14, 21, 23]",3,1.080107954912819,0.0525272450176999,7.5888229731741985,"[15525990, 15425990, 15925990, 15825990, 15125990, 15025990, 15225990, 15325990, 15725990, 15625990]","[23, 23, 23, 23, 23, 23, 23, 23, 23, 23]"
522,3,"[14, 15, 21]",3,1.0835338790202513,0.18529284291435033,7.913349841663148,"[15021253, 15121253, 15221253, 15321253, 15721253, 15621253, 15921253, 15821253, 15521253, 15421253]","[21, 21, 21, 21, 21, 21, 21, 21, 21, 21]"
523,3,"[2, 20, 21]",3,1.020101290079765,0.05183794896584004,5.965216560211654,"[15074790, 15174790, 15474790, 15574790, 15974790, 15874790, 15774790, 15674790, 15274790, 15374790]","[2, 2, 2, 2, 2, 2, 2, 2, 2, 2]"
524,3,"[20, 21, 23]",3,1.0224521369673312,0.052349989069625735,6.450496409845073,"[15758676, 15658676, 15458676, 15558676, 15158676, 15058676, 15858676, 15958676, 15258676, 15358676]","[21, 21, 21, 21, 21, 21, 21, 21, 21, 21]"
525,3,"[14, 20, 21]",3,1.1981973969377577,0.052475706092081964,7.717275881033856,"[15663976, 15763976, 15463976, 15563976, 15363976, 15263976, 15063976, 15163976, 15863976, 15963976]","[14, 14, 14, 14, 14, 14, 14, 14, 14, 14]"
526,3,"[12, 16, 22]",3,0.9928497610380873,0.04426586301997304,6.241923501676259,"[15466700, 15566700, 15866700, 15966700, 15066700, 15166700, 15666700, 15766700, 15366700, 15266700]","[16, 16, 16, 16, 16, 16, 16, 16, 16, 16]"
527,3,"[3, 14]",2,0.7351970570161939,0.034887841902673244,7.195655003015418,"[15268769, 15368769, 15568769, 15468769, 15968769, 15868769, 15768769, 15668769, 15168769, 15068769]","[14, 14, 14, 14, 14, 14, 14, 14, 14, 14]"
528,3,"[14, 18, 20]",3,1.0641560181975365,0.05935089592821896,7.398481234034989,"[15526595, 15426595, 15926595, 15826595, 15126595, 15026595, 15226595, 15326595, 15726595, 15626595]","[20, 20, 20, 20, 20, 20, 20, 20, 20, 20]"
529,3,"[2, 17, 21]",3,1.0981539959320799,0.11012348101940006,6.066448527194249,"[15510988, 15410988, 15910988, 15810988, 15110988, 15010988, 15210988, 15310988, 15710988, 15610988]","[21, 21, 21, 21, 21, 21, 21, 21, 21, 21]"
530,3,"[14, 23, 24]",3,1.094443541020155,0.05263256188482046,7.600925856483324,"[15163976, 15063976, 15763976, 15663976, 15563976, 15463976, 15963976, 15863976, 15363976, 15263976]","[14, 14, 14, 14, 14, 14, 14, 14, 14, 14]"
531,3,"[3, 5, 7]",3,1.038892921875231,0.05207956093363464,5.300307444335583,"[16942347, 16842347, 17442347, 17542347, 17342347, 17242347, 17042347, 17142347, 16742347, 16642347]","[5, 5, 5, 5, 5, 5, 5, 5, 5, 5]"
532,3,"[2, 9, 20]",3,1.046889964141883,0.17342477687634528,6.678092054382432,"[15543732, 15443732, 15943732, 15843732, 15143732, 15043732, 15243732, 15343732, 15743732, 15643732]","[20, 20, 20, 20, 20, 20, 20, 20, 20, 20]"
533,3,"[3, 19, 23]",3,1.0674912580288947,0.048399187973700464,5.597379443992395,"[15664311, 15764311, 15064311, 15164311, 15264311, 15364311, 15964311, 15864311, 15464311, 15564311]","[23, 23, 23, 23, 23, 23, 23, 23, 23, 23]"
534,3,"[14, 23]",2,0.8389279310358688,0.04941432795021683,7.929815838753711,"[15768893, 15668893, 15468893, 15568893, 15168893, 15068893, 15868893, 15968893, 15268893, 15368893]","[23, 23, 23, 23, 23, 23, 23, 23, 23, 23]"
535,3,"[3, 15, 20]",3,1.0543170208111405,0.06089794507715851,5.993185851160281,"[15734274, 15634274, 15334274, 15234274, 15934274, 15834274, 15534274, 15434274, 15034274, 15134274]","[3, 3, 3, 3, 3, 3, 3, 3, 3, 3]"
536,3,"[2, 14, 21]",3,1.0650209090672433,0.05242188193369657,7.103543123540779,"[17351066, 17251066, 17051066, 17151066, 16951066, 16851066, 16651066, 16751066, 17451066, 17551066]","[14, 14, 14, 14, 14, 14, 14, 14, 14, 14]"
537,3,"[0, 5, 14]",3,1.2058955340180546,0.05200009292457253,6.853782519348897,"[15595263, 15495263, 15995263, 15895263, 15195263, 15095263, 15295263, 15395263, 15795263, 15695263]","[14, 14, 14, 14, 14, 14, 14, 14, 14, 14]"
538,3,"[7, 14, 23]",3,1.0851834521163255,0.05244538700208068,7.259846270511237,"[15138125, 15038125, 15238125, 15338125, 15538125, 15438125, 15938125, 15838125, 15738125, 15638125]","[7, 7, 7, 7, 7, 7, 7, 7, 7, 7]"
539,3,"[1, 18, 21]",3,1.014827097998932,0.05241064797155559,6.01100335685381,"[15512338, 15412338, 15912338, 15812338, 15112338, 15012338, 15212338, 15312338, 15712338, 15612338]","[21, 21, 21, 21, 21, 21, 21, 21, 21, 21]"
540,3,"[7, 10, 21]",3,1.0643040930153802,0.06719363993033767,6.755422464183842,"[15508989, 15408989, 15908989, 15808989, 15108989, 15008989, 15608989, 15708989, 15208989, 15308989]","[21, 21, 21, 21, 21, 21, 21, 21, 21, 21]"
541,3,"[9, 14, 15]",3,1.1079968368867412,0.048609805991873145,8.626225335833928,"[15766544, 15666544, 15566544, 15466544, 15066544, 15166544, 15266544, 15366544, 15866544, 15966544]","[9, 9, 9, 9, 9, 9, 9, 9, 9, 9]"
542,3,"[6, 14, 24]",3,1.1103391499491408,0.06425150181166828,7.721745439320027,"[15492213, 15592213, 15992213, 15892213, 15392213, 15292213, 15792213, 15692213, 15192213, 15092213]","[24, 24, 24, 24, 24, 24, 24, 24, 24, 24]"
543,3,"[2, 15, 24]",3,1.079173837089911,0.048601171118207276,6.1733934041500715,"[15130575, 15030575, 15530575, 15430575, 15330575, 15230575, 15830575, 15930575, 15730575, 15630575]","[15, 15, 15, 15, 15, 15, 15, 15, 15, 15]"
544,3,"[0, 15]",2,0.7958846689434722,0.039623463060706854,6.15744975573034,"[15207630, 15307630, 15407630, 15507630, 15107630, 15007630, 15807630, 15907630, 15607630, 15707630]","[15, 15, 15, 15, 15, 15, 15, 15, 15, 15]"
545,3,"[6, 17, 21]",3,1.017522081034258,0.07181172794662416,6.672547959664371,"[15718375, 15618375, 15418375, 15518375, 15118375, 15018375, 15818375, 15918375, 15218375, 15318375]","[17, 17, 17, 17, 17, 17, 17, 17, 17, 17]"
546,3,"[7, 14, 17]",3,1.0667754369787872,0.04500080191064626,7.489531145353491,"[15091982, 15191982, 15491982, 15591982, 15991982, 15891982, 15791982, 15691982, 15291982, 15391982]","[7, 7, 7, 7, 7, 7, 7, 7, 7, 7]"
547,3,"[3, 19, 23]",3,1.0919432749506086,0.05248714506160468,5.597379443992395,"[15346159, 15246159, 15046159, 15146159, 15646159, 15746159, 15946159, 15846159, 15446159, 15546159]","[23, 23, 23, 23, 23, 23, 23, 23, 23, 23]"
548,3,"[6, 14, 24]",3,1.1109906950732693,0.1834239021409303,7.721745439320027,"[15083462, 15183462, 15483462, 15583462, 15983462, 15883462, 15783462, 15683462, 15283462, 15383462]","[6, 6, 6, 6, 6, 6, 6, 6, 6, 6]"
549,3,"[2, 21, 23]",3,1.0312649589031935,0.05201047286391258,5.836763652351995,"[15104635, 15004635, 15704635, 15604635, 15504635, 15404635, 15904635, 15804635, 15304635, 15204635]","[2, 2, 2, 2, 2, 2, 2, 2, 2, 2]"
550,3,"[2, 19]",2,0.8483230270212516,0.03856493008788675,5.387486911291489,"[15161164, 15061164, 15261164, 15361164, 15561164, 15461164, 15961164, 15861164, 15761164, 15661164]","[2, 2, 2, 2, 2, 2, 2, 2, 2, 2]"
551,3,"[9, 18, 23]",3,1.0290361540392041,0.05250649095978588,7.008521219172205,"[16660442, 16760442, 16860442, 16960442, 17060442, 17160442, 17260442, 17360442, 17460442, 17560442]","[9, 9, 9, 9, 9, 9, 9, 9, 9, 9]"
552,3,"[5, 14, 20]",3,1.0450270141009241,0.044810047023929656,7.221560213190969,"[15721020, 15621020, 15421020, 15521020, 15121020, 15021020, 15821020, 15921020, 15221020, 15321020]","[14, 14, 14, 14, 14, 14, 14, 14, 14, 14]"
553,3,"[5, 14, 21]",3,1.050504629034549,0.07466617692261934,7.385504175346189,"[15783250, 15683250, 15483250, 15583250, 15183250, 15083250, 15883250, 15983250, 15283250, 15383250]","[14, 14, 14, 14, 14, 14, 14, 14, 14, 14]"
554,3,"[14, 16, 19]",3,1.0776548950234428,0.048652227967977524,7.233326390346822,"[15496346, 15596346, 15696346, 15796346, 15996346, 15896346, 15196346, 15096346, 15296346, 15396346]","[19, 19, 19, 19, 19, 19, 19, 19, 19, 19]"
555,3,"[5, 6, 16]",3,1.0246482029324397,0.04853163403458893,5.8268743349860115,"[15483462, 15583462, 15883462, 15983462, 15083462, 15183462, 15683462, 15783462, 15383462, 15283462]","[6, 6, 6, 6, 6, 6, 6, 6, 6, 6]"
556,3,"[3, 18, 19]",3,1.130470713134855,0.059166481951251626,5.5709816670084065,"[15581314, 15481314, 15181314, 15081314, 15781314, 15681314, 15381314, 15281314, 15981314, 15881314]","[18, 18, 18, 18, 18, 18, 18, 18, 18, 18]"
557,3,"[1, 21, 22]",3,1.0353647019946948,0.06127901095896959,6.311480513191782,"[15539424, 15439424, 15939424, 15839424, 15139424, 15039424, 15239424, 15339424, 15739424, 15639424]","[22, 22, 22, 22, 22, 22, 22, 22, 22, 22]"
558,3,"[2, 11, 14]",3,1.0746167479082942,0.0513021080987528,6.706709396385122,"[15992623, 15892623, 15792623, 15692623, 15092623, 15192623, 15392623, 15292623, 15492623, 15592623]","[14, 14, 14, 14, 14, 14, 14, 14, 14, 14]"
559,3,"[2, 17, 21]",3,0.993302189046517,0.04745878803078085,6.066448527194249,"[15497495, 15597495, 15897495, 15997495, 15097495, 15197495, 15697495, 15797495, 15397495, 15297495]","[17, 17, 17, 17, 17, 17, 17, 17, 17, 17]"
560,3,"[9, 14, 23]",3,1.072092246147804,0.051359102013520896,8.301698467344977,"[15192623, 15092623, 15592623, 15492623, 15392623, 15292623, 15892623, 15992623, 15792623, 15692623]","[14, 14, 14, 14, 14, 14, 14, 14, 14, 14]"
561,3,"[9, 14, 22]",3,1.0776295179966837,0.051431812113150954,8.57577784669896,"[15066544, 15166544, 15466544, 15566544, 15966544, 15866544, 15766544, 15666544, 15266544, 15366544]","[9, 9, 9, 9, 9, 9, 9, 9, 9, 9]"
562,3,"[7, 24]",2,0.7220852320315316,0.03437281213700771,6.431526512984419,"[15197891, 15097891, 15797891, 15697891, 15597891, 15497891, 15997891, 15897891, 15397891, 15297891]","[7, 7, 7, 7, 7, 7, 7, 7, 7, 7]"
563,3,"[4, 16, 19]",3,1.0614768628729507,0.0550097239902243,5.57412459635331,"[15941474, 15841474, 15741474, 15641474, 15041474, 15141474, 15341474, 15241474, 15441474, 15541474]","[19, 19, 19, 19, 19, 19, 19, 19, 19, 19]"
564,3,"[7, 14, 21]",3,1.159521232941188,0.057404230115935206,7.552243140526116,"[15411168, 15511168, 15911168, 15811168, 15311168, 15211168, 15711168, 15611168, 15111168, 15011168]","[21, 21, 21, 21, 21, 21, 21, 21, 21, 21]"
565,3,"[1, 2, 14]",3,1.0633359049679711,0.1314262601081282,6.526503885378285,"[15520515, 15420515, 15920515, 15820515, 15120515, 15020515, 15220515, 15320515, 15720515, 15620515]","[14, 14, 14, 14, 14, 14, 14, 14, 14, 14]"
566,3,"[3, 11, 14]",3,1.0789261739701033,0.044311598874628544,6.702548688859679,"[15320515, 15220515, 15020515, 15120515, 15620515, 15720515, 15920515, 15820515, 15420515, 15520515]","[14, 14, 14, 14, 14, 14, 14, 14, 14, 14]"
567,3,"[7, 14, 16]",3,1.0570159050403163,0.04764601215720177,7.1395731885180185,"[15739391, 15639391, 15439391, 15539391, 15139391, 15039391, 15839391, 15939391, 15239391, 15339391]","[14, 14, 14, 14, 14, 14, 14, 14, 14, 14]"
568,3,"[0, 2, 8]",3,1.0103052199119702,0.05134158895816654,5.409275432194893,"[15795319, 15695319, 15495319, 15595319, 15195319, 15095319, 15895319, 15995319, 15295319, 15395319]","[2, 2, 2, 2, 2, 2, 2, 2, 2, 2]"
569,3,"[14, 17, 23]",3,1.0353929379489273,0.047382757999002934,7.526110978001573,"[15177636, 15077636, 15777636, 15677636, 15577636, 15477636, 15977636, 15877636, 15377636, 15277636]","[14, 14, 14, 14, 14, 14, 14, 14, 14, 14]"
570,3,"[2, 14]",2,0.7131595669779927,0.03407091787084937,7.2018960643035825,"[15008549, 15108549, 15408549, 15508549, 15908549, 15808549, 15708549, 15608549, 15208549, 15308549]","[2, 2, 2, 2, 2, 2, 2, 2, 2, 2]"
571,3,"[2, 5, 6]",3,1.014248292078264,0.0511115089757368,5.46186756734581,"[15437443, 15537443, 15937443, 15837443, 15337443, 15237443, 15737443, 15637443, 15137443, 15037443]","[6, 6, 6, 6, 6, 6, 6, 6, 6, 6]"
572,3,"[4, 14, 21]",3,1.0676768220728263,0.051397050032392144,7.196400650369469,"[15783250, 15683250, 15483250, 15583250, 15183250, 15083250, 15883250, 15983250, 15283250, 15383250]","[14, 14, 14, 14, 14, 14, 14, 14, 14, 14]"
573,3,"[0, 5, 12]",3,0.9965822149533778,0.04742535296827555,5.645473620505072,"[15577564, 15477564, 15977564, 15877564, 15177564, 15077564, 15277564, 15377564, 15777564, 15677564]","[12, 12, 12, 12, 12, 12, 12, 12, 12, 12]"
574,3,"[1, 14, 23]",3,1.0592286000028253,0.047333853086456656,7.011783735011704,"[15569226, 15469226, 15969226, 15869226, 15169226, 15069226, 15269226, 15369226, 15769226, 15669226]","[23, 23, 23, 23, 23, 23, 23, 23, 23, 23]"
575,3,"[6, 14, 21]",3,1.0634507100330666,0.05160418909508735,7.709642556010901,"[15682391, 15782391, 15082391, 15182391, 15282391, 15382391, 15982391, 15882391, 15482391, 15582391]","[21, 21, 21, 21, 21, 21, 21, 21, 21, 21]"
576,3,"[0, 5, 21]",3,1.017127373139374,0.05520192196127027,5.879399918174992,"[15412498, 15512498, 15212498, 15312498, 15612498, 15712498, 15112498, 15012498, 15912498, 15812498]","[5, 5, 5, 5, 5, 5, 5, 5, 5, 5]"
577,3,"[2, 14, 21]",3,1.0495471219765022,0.051130892941728234,7.103543123540779,"[15402489, 15502489, 15202489, 15302489, 15602489, 15702489, 15102489, 15002489, 15902489, 15802489]","[14, 14, 14, 14, 14, 14, 14, 14, 14, 14]"
578,3,"[11, 15, 16]",3,1.0351291209226474,0.04701038892380893,6.1294635613254895,"[15492809, 15592809, 15992809, 15892809, 15392809, 15292809, 15792809, 15692809, 15192809, 15092809]","[16, 16, 16, 16, 16, 16, 16, 16, 16, 16]"
579,3,"[2, 9, 23]",3,1.0354892439208925,0.05143469898030162,6.549639146522774,"[15516673, 15416673, 15916673, 15816673, 15116673, 15016673, 15216673, 15316673, 15716673, 15616673]","[23, 23, 23, 23, 23, 23, 23, 23, 23, 23]"
580,3,"[6, 7, 15]",3,1.067131174961105,0.04771230695769191,6.438413250648106,"[15705427, 15605427, 15405427, 15505427, 15105427, 15005427, 15805427, 15905427, 15205427, 15305427]","[7, 7, 7, 7, 7, 7, 7, 7, 7, 7]"
581,3,"[2, 16, 24]",3,1.0301337949931622,0.051243692985735834,5.728593453667902,"[15503912, 15403912, 15303912, 15203912, 15103912, 15003912, 15603912, 15703912, 15803912, 15903912]","[2, 2, 2, 2, 2, 2, 2, 2, 2, 2]"
582,3,"[2, 14, 21]",3,1.0491162301041186,0.05151871603447944,7.103543123540779,"[15510988, 15410988, 15910988, 15810988, 15110988, 15010988, 15210988, 15310988, 15710988, 15610988]","[21, 21, 21, 21, 21, 21, 21, 21, 21, 21]"
583,3,"[9, 14, 16]",3,1.0570791600039229,0.05134931695647538,8.181425385351758,"[16760442, 16660442, 17360442, 17260442, 17160442, 17060442, 17560442, 17460442, 16960442, 16860442]","[9, 9, 9, 9, 9, 9, 9, 9, 9, 9]"
584,3,"[5, 7, 14]",3,1.0548790600150824,0.05180568795185536,7.0565274726832286,"[16642347, 16742347, 17142347, 17042347, 17242347, 17342347, 16842347, 16942347, 17442347, 17542347]","[5, 5, 5, 5, 5, 5, 5, 5, 5, 5]"
585,3,"[14, 15, 16]",3,1.1323823059210554,0.06170141708571464,7.500679889655051,"[15276583, 15376583, 15476583, 15576583, 15176583, 15076583, 15876583, 15976583, 15676583, 15776583]","[15, 15, 15, 15, 15, 15, 15, 15, 15, 15]"
586,3,"[20, 21, 23]",3,1.0206726910546422,0.10543014493305236,6.450496409845073,"[15408989, 15508989, 15208989, 15308989, 15608989, 15708989, 15108989, 15008989, 15908989, 15808989]","[21, 21, 21, 21, 21, 21, 21, 21, 21, 21]"
587,3,"[14, 21, 24]",3,1.087827285984531,0.051994648994877934,7.893322726498202,"[15684567, 15784567, 15484567, 15584567, 15384567, 15284567, 15084567, 15184567, 15884567, 15984567]","[14, 14, 14, 14, 14, 14, 14, 14, 14, 14]"
588,3,"[14, 21, 23]",3,1.1202636008383706,0.06849126180168241,7.5888229731741985,"[15321020, 15221020, 15121020, 15021020, 15421020, 15521020, 15921020, 15821020, 15621020, 15721020]","[14, 14, 14, 14, 14, 14, 14, 14, 14, 14]"
589,3,"[0, 3, 16]",3,1.0475838331039995,0.06062466592993587,5.180608206836041,"[15508645, 15408645, 15908645, 15808645, 15108645, 15008645, 15208645, 15308645, 15708645, 15608645]","[16, 16, 16, 16, 16, 16, 16, 16, 16, 16]"
590,3,"[0, 14, 18]",3,1.068421597010456,0.05191982118412852,7.030703540192917,"[15328553, 15228553, 15028553, 15128553, 15628553, 15728553, 15928553, 15828553, 15428553, 15528553]","[18, 18, 18, 18, 18, 18, 18, 18, 18, 18]"
591,3,"[11, 14, 23]",3,1.0844508758746088,0.187031704117544,7.191989246018541,"[15677775, 15777775, 15477775, 15577775, 15377775, 15277775, 15077775, 15177775, 15877775, 15977775]","[11, 11, 11, 11, 11, 11, 11, 11, 11, 11]"
592,3,"[14, 15, 23]",3,1.087281705928035,0.04856143204960972,7.620952971648269,"[15139391, 15039391, 15739391, 15639391, 15539391, 15439391, 15939391, 15839391, 15339391, 15239391]","[14, 14, 14, 14, 14, 14, 14, 14, 14, 14]"
593,3,"[8, 14]",2,0.6908577649155632,0.031119953957386315,8.086165992513997,"[15323714, 15223714, 15823714, 15923714, 15723714, 15623714, 15423714, 15523714, 15123714, 15023714]","[14, 14, 14, 14, 14, 14, 14, 14, 14, 14]"
594,3,"[13, 20, 22]",3,1.201398274046369,0.04819407488685101,6.637762871881326,"[15772008, 15672008, 15472008, 15572008, 15172008, 15072008, 15872008, 15972008, 15272008, 15372008]","[20, 20, 20, 20, 20, 20, 20, 20, 20, 20]"
595,3,"[3, 16, 20]",3,1.023794327978976,0.05239195504691452,5.548385900678113,"[15780546, 15680546, 15480546, 15580546, 15180546, 15080546, 15880546, 15980546, 15280546, 15380546]","[16, 16, 16, 16, 16, 16, 16, 16, 16, 16]"
596,3,"[0, 2, 23]",3,1.0472961900522932,0.051996043883264065,5.305041996354703,"[15578850, 15478850, 15978850, 15878850, 15178850, 15078850, 15278850, 15378850, 15778850, 15678850]","[23, 23, 23, 23, 23, 23, 23, 23, 23, 23]"
597,3,"[0, 4, 20]",3,1.0684864181093872,0.07027571590151638,5.526352431043051,"[16739461, 16639461, 17339461, 17239461, 17139461, 17039461, 17539461, 17439461, 16939461, 16839461]","[0, 0, 0, 0, 0, 0, 0, 0, 0, 0]"
598,3,"[3, 14, 20]",3,1.0766830549109727,0.052532066009007394,6.935438453860115,"[15565816, 15465816, 15965816, 15865816, 15165816, 15065816, 15265816, 15365816, 15765816, 15665816]","[20, 20, 20, 20, 20, 20, 20, 20, 20, 20]"
599,3,"[11, 17, 18]",3,1.140398930059746,0.048081682063639164,6.1284968726880225,"[15188254, 15088254, 15788254, 15688254, 15588254, 15488254, 15988254, 15888254, 15388254, 15288254]","[11, 11, 11, 11, 11, 11, 11, 11, 11, 11]"
600,3,"[3, 4, 21]",3,1.0532846529968083,0.13203688501380384,5.440180622021823,"[15558756, 15458756, 15958756, 15858756, 15158756, 15058756, 15658756, 15758756, 15258756, 15358756]","[21, 21, 21, 21, 21, 21, 21, 21, 21, 21]"
601,3,"[11, 15, 18]",3,1.0482397569576278,0.04848986293654889,6.223338866334719,"[15090535, 15190535, 15490535, 15590535, 15990535, 15890535, 15790535, 15690535, 15290535, 15390535]","[11, 11, 11, 11, 11, 11, 11, 11, 11, 11]"
602,3,"[1, 14, 23]",3,1.0838878320064396,0.1756163608515635,7.011783735011704,"[15593682, 15493682, 15993682, 15893682, 15193682, 15093682, 15293682, 15393682, 15793682, 15693682]","[23, 23, 23, 23, 23, 23, 23, 23, 23, 23]"
603,3,"[3, 5, 10]",3,1.0291065769270062,0.05582973500713706,5.806846071830175,"[15175751, 15075751, 15775751, 15675751, 15575751, 15475751, 15975751, 15875751, 15375751, 15275751]","[3, 3, 3, 3, 3, 3, 3, 3, 3, 3]"
604,3,"[0, 17, 21]",3,1.0289519320940599,0.048520791926421225,6.312403590845254,"[15513011, 15413011, 15913011, 15813011, 15113011, 15013011, 15613011, 15713011, 15213011, 15313011]","[21, 21, 21, 21, 21, 21, 21, 21, 21, 21]"
605,3,"[3, 17, 18]",3,1.0114044279325753,0.051776910200715065,5.743493172669939,"[15159771, 15059771, 15759771, 15659771, 15559771, 15459771, 15959771, 15859771, 15359771, 15259771]","[3, 3, 3, 3, 3, 3, 3, 3, 3, 3]"
606,3,"[7, 17, 22]",3,1.107383718015626,0.058254810981452465,6.49683105351869,"[15793055, 15693055, 15493055, 15593055, 15193055, 15093055, 15893055, 15993055, 15293055, 15393055]","[17, 17, 17, 17, 17, 17, 17, 17, 17, 17]"
607,3,"[19, 21]",2,0.7097924019908533,0.03615466505289078,6.554001990763936,"[15046513, 15146513, 15446513, 15546513, 15946513, 15846513, 15746513, 15646513, 15246513, 15346513]","[19, 19, 19, 19, 19, 19, 19, 19, 19, 19]"
608,3,"[6, 20]",2,0.6992696529487148,0.03475565603002906,6.403555368015077,"[15138704, 15038704, 15238704, 15338704, 15538704, 15438704, 15938704, 15838704, 15738704, 15638704]","[6, 6, 6, 6, 6, 6, 6, 6, 6, 6]"
609,3,"[9, 14, 21]",3,1.081370664993301,0.06599156686570495,8.594095337359855,"[15678147, 15778147, 15478147, 15578147, 15378147, 15278147, 15078147, 15178147, 15878147, 15978147]","[9, 9, 9, 9, 9, 9, 9, 9, 9, 9]"
610,3,"[8, 18, 23]",3,1.0711868280777708,0.14500609610695392,6.107482290826738,"[15147420, 15047420, 15247420, 15347420, 15547420, 15447420, 15947420, 15847420, 15747420, 15647420]","[8, 8, 8, 8, 8, 8, 8, 8, 8, 8]"
611,3,"[2, 9, 15]",3,1.0700638368725777,0.05250074598006904,6.874166015011724,"[15395355, 15295355, 15095355, 15195355, 15695355, 15795355, 15995355, 15895355, 15495355, 15595355]","[15, 15, 15, 15, 15, 15, 15, 15, 15, 15]"
612,3,"[6, 11, 14]",3,1.203594445134513,0.07016712904442102,7.3128088288552435,"[15520515, 15420515, 15920515, 15820515, 15120515, 15020515, 15220515, 15320515, 15720515, 15620515]","[14, 14, 14, 14, 14, 14, 14, 14, 14, 14]"
613,3,"[14, 15, 20]",3,1.0875420118682086,0.05191784515045583,7.749405879507928,"[15207630, 15307630, 15407630, 15507630, 15107630, 15007630, 15807630, 15907630, 15607630, 15707630]","[15, 15, 15, 15, 15, 15, 15, 15, 15, 15]"
614,3,"[4, 14, 19]",3,1.1214118590578437,0.05243512603919953,6.961177149535312,"[15203050, 15303050, 15403050, 15503050, 15103050, 15003050, 15803050, 15903050, 15603050, 15703050]","[14, 14, 14, 14, 14, 14, 14, 14, 14, 14]"
615,3,"[6, 14, 15]",3,1.103857952868566,0.1654838640242815,7.741772554484972,"[15439391, 15539391, 15239391, 15339391, 15639391, 15739391, 15139391, 15039391, 15939391, 15839391]","[14, 14, 14, 14, 14, 14, 14, 14, 14, 14]"
616,3,"[9, 14, 20]",3,1.101378130959347,0.05441945302300155,8.430151375204636,"[15162990, 15062990, 15762990, 15662990, 15562990, 15462990, 15962990, 15862990, 15362990, 15262990]","[9, 9, 9, 9, 9, 9, 9, 9, 9, 9]"
617,3,"[5, 20, 21]",3,1.0059189520543441,0.05211291101295501,6.247177612017064,"[15518905, 15418905, 15918905, 15818905, 15118905, 15018905, 15218905, 15318905, 15718905, 15618905]","[21, 21, 21, 21, 21, 21, 21, 21, 21, 21]"
618,3,"[14, 15, 17]",3,1.0666384919313714,0.04858938010875136,7.850637846490524,"[15352739, 15252739, 15052739, 15152739, 15552739, 15452739, 15752739, 15652739, 15952739, 15852739]","[15, 15, 15, 15, 15, 15, 15, 15, 15, 15]"
619,3,"[14, 21]",2,0.7194095798768103,0.05642701091710478,8.36841114377603,"[15103137, 15003137, 15703137, 15603137, 15503137, 15403137, 15903137, 15803137, 15303137, 15203137]","[14, 14, 14, 14, 14, 14, 14, 14, 14, 14]"
620,3,"[0, 9, 14]",3,1.1205571800237522,0.056538436096161604,8.062373681362564,"[15476504, 15576504, 15876504, 15976504, 15076504, 15176504, 15676504, 15776504, 15376504, 15276504]","[9, 9, 9, 9, 9, 9, 9, 9, 9, 9]"
621,3,"[2, 5, 14]",3,1.1167637939797714,0.06919583887793124,6.607827455697891,"[15375233, 15275233, 15875233, 15975233, 15775233, 15675233, 15475233, 15575233, 15175233, 15075233]","[5, 5, 5, 5, 5, 5, 5, 5, 5, 5]"
622,3,"[0, 10, 24]",3,1.0835713209817186,0.052651177044026554,6.564780394158636,"[15474892, 15574892, 15974892, 15874892, 15374892, 15274892, 15774892, 15674892, 15174892, 15074892]","[24, 24, 24, 24, 24, 24, 24, 24, 24, 24]"
623,3,"[2, 5, 6]",3,1.8714006540831178,0.17179909709375352,5.46186756734581,"[15056665, 15156665, 15256665, 15356665, 15756665, 15656665, 15956665, 15856665, 15556665, 15456665]","[6, 6, 6, 6, 6, 6, 6, 6, 6, 6]"
624,3,"[3, 17, 23]",3,1.653647675877437,0.048281805124133825,5.769890949653927,"[15425334, 15525334, 15225334, 15325334, 15625334, 15725334, 15125334, 15025334, 15925334, 15825334]","[17, 17, 17, 17, 17, 17, 17, 17, 17, 17]"
625,3,"[0, 10, 16]",3,1.0393705700989813,0.07592510804533958,6.140007558841414,"[15620173, 15720173, 15420173, 15520173, 15320173, 15220173, 15020173, 15120173, 15820173, 15920173]","[0, 0, 0, 0, 0, 0, 0, 0, 0, 0]"
626,3,"[1, 2, 14]",3,1.0736415430437773,0.05223430506885052,6.526503885378285,"[15537909, 15437909, 15937909, 15837909, 15137909, 15037909, 15237909, 15337909, 15737909, 15637909]","[14, 14, 14, 14, 14, 14, 14, 14, 14, 14]"
627,3,"[0, 15, 21]",3,1.064336682902649,0.06511111697182059,6.4072455844919505,"[15139627, 15039627, 15739627, 15639627, 15539627, 15439627, 15939627, 15839627, 15339627, 15239627]","[0, 0, 0, 0, 0, 0, 0, 0, 0, 0]"
628,3,"[14, 15, 23]",3,1.1836699229897931,0.0522947859717533,7.620952971648269,"[15195617, 15095617, 15795617, 15695617, 15595617, 15495617, 15995617, 15895617, 15395617, 15295617]","[14, 14, 14, 14, 14, 14, 14, 14, 14, 14]"
629,3,"[6, 18, 19]",3,1.0523015158250928,0.05228582094423473,6.181241807003971,"[16675946, 16775946, 17375946, 17275946, 16875946, 16975946, 17575946, 17475946, 17075946, 17175946]","[6, 6, 6, 6, 6, 6, 6, 6, 6, 6]"
630,3,"[2, 14, 15]",3,1.2196715540485457,0.04680562706198543,7.13567312201485,"[15161164, 15061164, 15761164, 15661164, 15561164, 15461164, 15961164, 15861164, 15361164, 15261164]","[2, 2, 2, 2, 2, 2, 2, 2, 2, 2]"
631,3,"[14, 15, 23]",3,1.0874632719205692,0.048399725928902626,7.620952971648269,"[15568893, 15468893, 15968893, 15868893, 15168893, 15068893, 15268893, 15368893, 15768893, 15668893]","[23, 23, 23, 23, 23, 23, 23, 23, 23, 23]"
632,3,"[14, 15, 16]",3,1.0695845150621608,0.051678205956704915,7.500679889655051,"[17371292, 17271292, 16971292, 16871292, 17571292, 17471292, 17171292, 17071292, 16671292, 16771292]","[14, 14, 14, 14, 14, 14, 14, 14, 14, 14]"
633,3,"[0, 14, 15]",3,1.2270882329903543,0.051815013168379664,7.381628185665856,"[15295263, 15395263, 15495263, 15595263, 15195263, 15095263, 15895263, 15995263, 15695263, 15795263]","[14, 14, 14, 14, 14, 14, 14, 14, 14, 14]"
634,3,"[12, 20, 23]",3,0.9924131999723613,0.09958321193698794,6.216570112175153,"[15177593, 15077593, 15277593, 15377593, 15577593, 15477593, 15977593, 15877593, 15777593, 15677593]","[12, 12, 12, 12, 12, 12, 12, 12, 12, 12]"
635,3,"[5, 16, 24]",3,1.0142212519422174,0.09036774199921638,6.010554505473313,"[15487355, 15587355, 15287355, 15387355, 15687355, 15787355, 15187355, 15087355, 15987355, 15887355]","[16, 16, 16, 16, 16, 16, 16, 16, 16, 16]"
636,3,"[5, 19, 23]",3,1.0237131369067356,0.08369183505419642,5.883501203323249,"[15515419, 15415419, 15915419, 15815419, 15115419, 15015419, 15215419, 15315419, 15715419, 15615419]","[23, 23, 23, 23, 23, 23, 23, 23, 23, 23]"
637,3,"[6, 13, 22]",3,1.055679687880911,0.05149655893910676,6.63012954685837,"[15339424, 15239424, 15039424, 15139424, 15639424, 15739424, 15939424, 15839424, 15439424, 15539424]","[22, 22, 22, 22, 22, 22, 22, 22, 22, 22]"
638,3,"[12, 19, 22]",3,1.026488046045415,0.05228726798668504,6.419369952850199,"[15593418, 15493418, 15993418, 15893418, 15193418, 15093418, 15293418, 15393418, 15793418, 15693418]","[22, 22, 22, 22, 22, 22, 22, 22, 22, 22]"
639,3,"[10, 12, 21]",3,0.9911102128680795,0.04736810701433569,6.850472869176883,"[15714897, 15614897, 15414897, 15514897, 15114897, 15014897, 15814897, 15914897, 15214897, 15314897]","[12, 12, 12, 12, 12, 12, 12, 12, 12, 12]"
640,3,"[14, 20]",2,0.7139638859080151,0.03476237610448152,8.122495200543199,"[15780518, 15680518, 15480518, 15580518, 15180518, 15080518, 15880518, 15980518, 15280518, 15380518]","[20, 20, 20, 20, 20, 20, 20, 20, 20, 20]"
641,3,"[13, 14, 15]",3,1.0928576642181724,0.051332198083400726,7.826536924345419,"[15423714, 15523714, 15223714, 15323714, 15623714, 15723714, 15123714, 15023714, 15923714, 15823714]","[14, 14, 14, 14, 14, 14, 14, 14, 14, 14]"
642,3,"[14, 18, 23]",3,1.0362747350009158,0.043639819021336734,7.270028326175331,"[15011100, 15111100, 15411100, 15511100, 15911100, 15811100, 15711100, 15611100, 15211100, 15311100]","[14, 14, 14, 14, 14, 14, 14, 14, 14, 14]"
643,3,"[10, 11, 21]",3,1.0315701520303264,0.048153079114854336,6.687565439691146,"[15742778, 15642778, 15342778, 15242778, 15942778, 15842778, 15542778, 15442778, 15042778, 15142778]","[10, 10, 10, 10, 10, 10, 10, 10, 10, 10]"
644,3,"[0, 14, 23]",3,1.076088174013421,0.04772908694576472,7.0571013171769055,"[15795617, 15695617, 15495617, 15595617, 15195617, 15095617, 15895617, 15995617, 15295617, 15395617]","[14, 14, 14, 14, 14, 14, 14, 14, 14, 14]"
645,3,"[6, 14, 20]",3,1.0666544950800017,0.051292421063408256,7.54569859385568,"[15795263, 15695263, 15495263, 15595263, 15195263, 15095263, 15895263, 15995263, 15295263, 15395263]","[14, 14, 14, 14, 14, 14, 14, 14, 14, 14]"
646,3,"[14, 15, 22]",3,1.081988255144097,0.04842285590711981,7.895032351002253,"[15195263, 15095263, 15795263, 15695263, 15595263, 15495263, 15995263, 15895263, 15395263, 15295263]","[14, 14, 14, 14, 14, 14, 14, 14, 14, 14]"
647,3,"[11, 14, 15]",3,1.090742886881344,0.05130203010048717,7.516516114507492,"[15042197, 15142197, 15242197, 15342197, 15742197, 15642197, 15942197, 15842197, 15542197, 15442197]","[15, 15, 15, 15, 15, 15, 15, 15, 15, 15]"
648,3,"[4, 14, 23]",3,1.1589400010416284,0.0648959749378264,6.90400378035459,"[15672558, 15772558, 15472558, 15572558, 15372558, 15272558, 15072558, 15172558, 15872558, 15972558]","[4, 4, 4, 4, 4, 4, 4, 4, 4, 4]"
649,3,"[4, 8]",2,0.6633672328898683,0.06819390191230923,5.597363301523728,"[15172558, 15072558, 15772558, 15672558, 15572558, 15472558, 15972558, 15872558, 15372558, 15272558]","[4, 4, 4, 4, 4, 4, 4, 4, 4, 4]"
650,3,"[0, 9, 23]",3,1.05633975204546,0.06851331400685012,6.795594210173779,"[15748978, 15648978, 15348978, 15248978, 15948978, 15848978, 15548978, 15448978, 15048978, 15148978]","[0, 0, 0, 0, 0, 0, 0, 0, 0, 0]"
651,3,"[16, 17, 20]",3,0.9821589729981497,0.09884409594815224,6.26751133267923,"[15517452, 15417452, 15917452, 15817452, 15117452, 15017452, 15217452, 15317452, 15717452, 15617452]","[20, 20, 20, 20, 20, 20, 20, 20, 20, 20]"
652,3,"[14, 21, 23]",3,1.0485238829860464,0.05134003609418869,7.5888229731741985,"[15442261, 15542261, 15242261, 15342261, 15642261, 15742261, 15142261, 15042261, 15942261, 15842261]","[21, 21, 21, 21, 21, 21, 21, 21, 21, 21]"
653,3,"[1, 10, 14]",3,1.0677593169966713,0.0643463769229129,7.481742529858214,"[15774002, 15674002, 15374002, 15274002, 15974002, 15874002, 15574002, 15474002, 15074002, 15174002]","[1, 1, 1, 1, 1, 1, 1, 1, 1, 1]"
654,3,"[2, 16, 20]",3,1.0007670901250094,0.04746393905952573,5.552546608203556,"[15126373, 15026373, 15226373, 15326373, 15526373, 15426373, 15926373, 15826373, 15726373, 15626373]","[2, 2, 2, 2, 2, 2, 2, 2, 2, 2]"
655,3,"[2, 7, 23]",3,1.0319878309965134,0.051285265013575554,5.507786949689034,"[15195319, 15095319, 15295319, 15395319, 15595319, 15495319, 15995319, 15895319, 15795319, 15695319]","[2, 2, 2, 2, 2, 2, 2, 2, 2, 2]"
656,3,"[2, 7, 14]",3,1.0677666738629341,0.047990303952246904,6.774566420877818,"[15944122, 15844122, 15744122, 15644122, 15044122, 15144122, 15344122, 15244122, 15444122, 15544122]","[14, 14, 14, 14, 14, 14, 14, 14, 14, 14]"
657,3,"[2, 14, 20]",3,1.0531364489579573,0.051248328178189695,6.9395991613855585,"[15565816, 15465816, 15965816, 15865816, 15165816, 15065816, 15265816, 15365816, 15765816, 15665816]","[20, 20, 20, 20, 20, 20, 20, 20, 20, 20]"
658,3,"[0, 2, 9]",3,1.0576409260975197,0.05524861207231879,6.31031436054036,"[15476504, 15576504, 15976504, 15876504, 15376504, 15276504, 15776504, 15676504, 15176504, 15076504]","[9, 9, 9, 9, 9, 9, 9, 9, 9, 9]"
659,3,"[2, 14, 24]",3,1.0961724270600826,0.05179556901566684,7.115646006849905,"[15517248, 15417248, 15917248, 15817248, 15117248, 15017248, 15217248, 15317248, 15717248, 15617248]","[24, 24, 24, 24, 24, 24, 24, 24, 24, 24]"
660,3,"[12, 14, 24]",3,1.0837583888787776,0.04827511485200375,7.659396428828283,"[15544777, 15444777, 15244777, 15344777, 15844777, 15944777, 15644777, 15744777, 15144777, 15044777]","[14, 14, 14, 14, 14, 14, 14, 14, 14, 14]"
661,3,"[8, 15, 23]",3,1.0163344369502738,0.17628465604502708,6.458406936299677,"[15136835, 15036835, 15536835, 15436835, 15336835, 15236835, 15836835, 15936835, 15736835, 15636835]","[15, 15, 15, 15, 15, 15, 15, 15, 15, 15]"
662,3,"[1, 14, 15]",3,1.096624802914448,0.07258213998284191,7.336310603500654,"[15721020, 15621020, 15421020, 15521020, 15121020, 15021020, 15821020, 15921020, 15221020, 15321020]","[14, 14, 14, 14, 14, 14, 14, 14, 14, 14]"
663,3,"[0, 2, 19]",3,1.13108813110739,0.05253327405080199,5.362215365535424,"[15151920, 15051920, 15751920, 15651920, 15551920, 15451920, 15951920, 15851920, 15351920, 15251920]","[0, 0, 0, 0, 0, 0, 0, 0, 0, 0]"
664,3,"[5, 10, 20]",3,1.0186689001275226,0.05554443190339953,6.424739536848695,"[15567156, 15467156, 15967156, 15867156, 15167156, 15067156, 15267156, 15367156, 15767156, 15667156]","[20, 20, 20, 20, 20, 20, 20, 20, 20, 20]"
665,3,"[5, 8, 9]",3,0.9978580048773438,0.05232411401811987,6.935833634168375,"[15476119, 15576119, 15276119, 15376119, 15676119, 15776119, 15176119, 15076119, 15976119, 15876119]","[8, 8, 8, 8, 8, 8, 8, 8, 8, 8]"
666,3,"[5, 14, 19]",3,1.2113197458675131,0.048967375070787966,7.150280674512032,"[15678054, 15778054, 15478054, 15578054, 15378054, 15278054, 15078054, 15178054, 15878054, 15978054]","[5, 5, 5, 5, 5, 5, 5, 5, 5, 5]"
667,3,"[5, 9, 15]",3,1.0518855610862374,0.05251588602550328,7.156127066817135,"[15567364, 15467364, 15967364, 15867364, 15167364, 15067364, 15667364, 15767364, 15267364, 15367364]","[15, 15, 15, 15, 15, 15, 15, 15, 15, 15]"
668,3,"[14, 16, 20]",3,1.0465826819417998,0.05236620991490781,7.304605929025759,"[15144122, 15044122, 15744122, 15644122, 15544122, 15444122, 15944122, 15844122, 15344122, 15244122]","[14, 14, 14, 14, 14, 14, 14, 14, 14, 14]"
669,3,"[6, 14]",2,0.7527189570246264,0.03512249200139195,8.111045213008765,"[15123534, 15023534, 15723534, 15623534, 15523534, 15423534, 15923534, 15823534, 15323534, 15223534]","[6, 6, 6, 6, 6, 6, 6, 6, 6, 6]"
670,3,"[2, 15, 20]",3,1.0474451970076188,0.17152616498060524,5.997346558685725,"[15943911, 15843911, 15743911, 15643911, 15043911, 15143911, 15343911, 15243911, 15443911, 15543911]","[20, 20, 20, 20, 20, 20, 20, 20, 20, 20]"
671,3,"[10, 16, 20]",3,1.0161999240517616,0.04845247301273048,6.507785252683486,"[15508207, 15408207, 15908207, 15808207, 15108207, 15008207, 15208207, 15308207, 15708207, 15608207]","[20, 20, 20, 20, 20, 20, 20, 20, 20, 20]"
672,3,"[6, 14, 23]",3,1.083069172105752,0.05202964798081666,7.417245685996022,"[15124763, 15024763, 15724763, 15624763, 15524763, 15424763, 15924763, 15824763, 15324763, 15224763]","[6, 6, 6, 6, 6, 6, 6, 6, 6, 6]"
673,3,"[3, 9, 24]",3,1.154240787960589,0.061029389034956694,6.849978192321335,"[15794145, 15694145, 15494145, 15594145, 15194145, 15094145, 15894145, 15994145, 15294145, 15394145]","[9, 9, 9, 9, 9, 9, 9, 9, 9, 9]"
674,3,"[5, 15, 23]",3,1.0317941448884085,0.05772244604304433,6.150854702631477,"[15513321, 15413321, 15913321, 15813321, 15113321, 15013321, 15613321, 15713321, 15213321, 15313321]","[23, 23, 23, 23, 23, 23, 23, 23, 23, 23]"
675,3,"[10, 14, 15]",3,1.0927658659638837,0.06921041093301028,8.090911766494779,"[15507630, 15407630, 15907630, 15807630, 15107630, 15007630, 15207630, 15307630, 15707630, 15607630]","[15, 15, 15, 15, 15, 15, 15, 15, 15, 15]"
676,3,"[14, 15]",2,0.8495116640115157,0.03497705690097064,8.416606141487136,"[15120515, 15020515, 15720515, 15620515, 15520515, 15420515, 15920515, 15820515, 15320515, 15220515]","[14, 14, 14, 14, 14, 14, 14, 14, 14, 14]"
677,3,"[3, 8, 15]",3,1.0311278060544282,0.048708127927966416,5.968966379140814,"[15452990, 15552990, 15852990, 15952990, 15052990, 15152990, 15652990, 15752990, 15352990, 15252990]","[8, 8, 8, 8, 8, 8, 8, 8, 8, 8]"
678,3,"[3, 5, 20]",3,1.0208767912117764,0.0485997759969905,5.465340184843323,"[15957359, 15857359, 15757359, 15657359, 15057359, 15157359, 15357359, 15257359, 15457359, 15557359]","[20, 20, 20, 20, 20, 20, 20, 20, 20, 20]"
679,3,"[3, 14, 20]",3,1.0755360558396205,0.06502290407661349,6.935438453860115,"[15795263, 15695263, 15495263, 15595263, 15195263, 15095263, 15895263, 15995263, 15295263, 15395263]","[14, 14, 14, 14, 14, 14, 14, 14, 14, 14]"
680,3,"[5, 14, 21]",3,1.0457424628548324,0.051368672982789576,7.385504175346189,"[15770645, 15670645, 15470645, 15570645, 15170645, 15070645, 15870645, 15970645, 15270645, 15370645]","[14, 14, 14, 14, 14, 14, 14, 14, 14, 14]"
681,3,"[5, 17, 24]",3,1.0180752170272171,0.048135173972696066,6.360512462308786,"[15530102, 15430102, 15930102, 15830102, 15130102, 15030102, 15630102, 15730102, 15230102, 15330102]","[24, 24, 24, 24, 24, 24, 24, 24, 24, 24]"
682,3,"[2, 14, 17]",3,1.0564097998430952,0.04842430702410638,7.040831128368154,"[15134803, 15034803, 15734803, 15634803, 15534803, 15434803, 15934803, 15834803, 15334803, 15234803]","[2, 2, 2, 2, 2, 2, 2, 2, 2, 2]"
683,3,"[14, 22]",2,0.7323436039732769,0.0321562479948625,8.340934907784685,"[15739424, 15639424, 15439424, 15539424, 15139424, 15039424, 15839424, 15939424, 15239424, 15339424]","[22, 22, 22, 22, 22, 22, 22, 22, 22, 22]"
684,3,"[2, 8, 14]",3,1.1166830249130726,0.08240758208557963,6.915379689366091,"[15595263, 15495263, 15995263, 15895263, 15195263, 15095263, 15295263, 15395263, 15795263, 15695263]","[14, 14, 14, 14, 14, 14, 14, 14, 14, 14]"
685,3,"[4, 15, 20]",3,1.062260975013487,0.04823169799055904,6.090204085514415,"[15157735, 15057735, 15757735, 15657735, 15557735, 15457735, 15957735, 15857735, 15357735, 15257735]","[4, 4, 4, 4, 4, 4, 4, 4, 4, 4]"
686,3,"[14, 16, 23]",3,1.1971064410172403,0.04857038287445903,7.176153021166101,"[15139391, 15039391, 15739391, 15639391, 15539391, 15439391, 15939391, 15839391, 15339391, 15239391]","[14, 14, 14, 14, 14, 14, 14, 14, 14, 14]"
687,3,"[2, 16, 21]",3,1.0104389808839187,0.09105515212286264,5.7164905703587765,"[15538340, 15438340, 15938340, 15838340, 15138340, 15038340, 15238340, 15338340, 15738340, 15638340]","[21, 21, 21, 21, 21, 21, 21, 21, 21, 21]"
688,3,"[2, 4, 21]",3,1.0420256569050252,0.052486652974039316,5.4443413295472665,"[15772558, 15672558, 15472558, 15572558, 15172558, 15072558, 15872558, 15972558, 15272558, 15372558]","[4, 4, 4, 4, 4, 4, 4, 4, 4, 4]"
689,3,"[0, 2, 14]",3,1.0969585998682305,0.05238531494978815,6.5718214675434865,"[15595263, 15495263, 15995263, 15895263, 15195263, 15095263, 15295263, 15395263, 15795263, 15695263]","[14, 14, 14, 14, 14, 14, 14, 14, 14, 14]"
690,3,"[0, 2, 4]",3,1.0699728620238602,0.18117972696200013,4.912619673549973,"[15907300, 15807300, 15707300, 15607300, 15007300, 15107300, 15307300, 15207300, 15407300, 15507300]","[4, 4, 4, 4, 4, 4, 4, 4, 4, 4]"
691,3,"[11, 13, 15]",3,1.0836781499674544,0.05218093388248235,6.455320596015857,"[15158487, 15058487, 15258487, 15358487, 15558487, 15458487, 15958487, 15858487, 15758487, 15658487]","[11, 11, 11, 11, 11, 11, 11, 11, 11, 11]"
692,3,"[2, 13, 14]",3,1.2035515999887139,0.05231469706632197,7.016730206223049,"[15755308, 15655308, 15455308, 15555308, 15155308, 15055308, 15855308, 15955308, 15255308, 15355308]","[13, 13, 13, 13, 13, 13, 13, 13, 13, 13]"
693,3,"[0, 14, 23]",3,1.0976192021043971,0.052690702956169844,7.0571013171769055,"[15057538, 15157538, 15257538, 15357538, 15757538, 15657538, 15957538, 15857538, 15557538, 15457538]","[23, 23, 23, 23, 23, 23, 23, 23, 23, 23]"
694,3,"[14, 15, 21]",3,1.084408683120273,0.16257841605693102,7.913349841663148,"[15207630, 15307630, 15407630, 15507630, 15107630, 15007630, 15807630, 15907630, 15607630, 15707630]","[15, 15, 15, 15, 15, 15, 15, 15, 15, 15]"
695,3,"[2, 4, 24]",3,1.0751783560262993,0.052240900113247335,5.456444212856392,"[15167388, 15067388, 15767388, 15667388, 15567388, 15467388, 15967388, 15867388, 15367388, 15267388]","[2, 2, 2, 2, 2, 2, 2, 2, 2, 2]"
696,3,"[4, 8, 19]",3,1.052793402923271,0.05601344385650009,5.798631114186719,"[15176182, 15076182, 15776182, 15676182, 15576182, 15476182, 15976182, 15876182, 15376182, 15276182]","[4, 4, 4, 4, 4, 4, 4, 4, 4, 4]"
697,3,"[2, 20, 23]",3,1.0907334211515263,0.05043805297464132,5.672819690196775,"[15160550, 15060550, 15760550, 15660550, 15560550, 15460550, 15960550, 15860550, 15360550, 15260550]","[2, 2, 2, 2, 2, 2, 2, 2, 2, 2]"
698,3,"[3, 7, 17]",3,1.0530057249125093,0.0538300930056721,5.733311117005845,"[15514861, 15414861, 15914861, 15814861, 15114861, 15014861, 15214861, 15314861, 15714861, 15614861]","[17, 17, 17, 17, 17, 17, 17, 17, 17, 17]"
699,3,"[0, 2, 22]",3,1.2127431558910757,0.05335848801769316,5.579121375708685,"[15704635, 15604635, 15404635, 15504635, 15104635, 15004635, 15804635, 15904635, 15204635, 15304635]","[2, 2, 2, 2, 2, 2, 2, 2, 2, 2]"
700,3,"[6, 10, 23]",3,1.1534743210067973,0.05719552794471383,6.620425009653748,"[15463696, 15563696, 15663696, 15763696, 15963696, 15863696, 15263696, 15363696, 15163696, 15063696]","[10, 10, 10, 10, 10, 10, 10, 10, 10, 10]"
701,3,"[2, 3, 6]",3,1.058701290981844,0.052060627029277384,5.175745808014956,"[15593343, 15493343, 15993343, 15893343, 15193343, 15093343, 15293343, 15393343, 15793343, 15693343]","[6, 6, 6, 6, 6, 6, 6, 6, 6, 6]"
702,3,"[2, 16, 21]",3,1.008641495835036,0.05246478400658816,5.7164905703587765,"[15596588, 15496588, 15996588, 15896588, 15196588, 15096588, 15696588, 15796588, 15296588, 15396588]","[21, 21, 21, 21, 21, 21, 21, 21, 21, 21]"
703,3,"[10, 19, 21]",3,1.0590001608943567,0.05226980510633439,6.849175666012646,"[15142778, 15042778, 15242778, 15342778, 15542778, 15442778, 15942778, 15842778, 15742778, 15642778]","[10, 10, 10, 10, 10, 10, 10, 10, 10, 10]"
704,3,"[2, 7, 15]",3,1.1231158468872309,0.06806351011618972,5.832313818177984,"[15562129, 15462129, 15962129, 15862129, 15162129, 15062129, 15262129, 15362129, 15762129, 15662129]","[15, 15, 15, 15, 15, 15, 15, 15, 15, 15]"
705,3,"[2, 14, 20]",3,1.0606986101483926,0.04826976906042546,6.9395991613855585,"[15592442, 15492442, 15992442, 15892442, 15192442, 15092442, 15292442, 15392442, 15792442, 15692442]","[20, 20, 20, 20, 20, 20, 20, 20, 20, 20]"
706,3,"[2, 14, 15]",3,1.087410947890021,0.06729671591892838,7.13567312201485,"[15420515, 15520515, 15220515, 15320515, 15620515, 15720515, 15120515, 15020515, 15920515, 15820515]","[14, 14, 14, 14, 14, 14, 14, 14, 14, 14]"
707,3,"[14, 21, 24]",3,1.19425320380833,0.05224221292883158,7.893322726498202,"[15551239, 15451239, 15951239, 15851239, 15151239, 15051239, 15651239, 15751239, 15251239, 15351239]","[24, 24, 24, 24, 24, 24, 24, 24, 24, 24]"
708,3,"[5, 10, 11]",3,1.0229412959888577,0.05528922285884619,6.191849771848259,"[15571407, 15471407, 15971407, 15871407, 15171407, 15071407, 15271407, 15371407, 15771407, 15671407]","[11, 11, 11, 11, 11, 11, 11, 11, 11, 11]"
709,3,"[3, 14]",2,0.725773744052276,0.03419278794899583,7.195655003015418,"[15475525, 15575525, 15275525, 15375525, 15675525, 15775525, 15175525, 15075525, 15975525, 15875525]","[14, 14, 14, 14, 14, 14, 14, 14, 14, 14]"
710,3,"[9, 12, 19]",3,1.03515399096068,0.04727161698974669,7.150562937681873,"[15786384, 15686384, 15486384, 15586384, 15186384, 15086384, 15886384, 15986384, 15286384, 15386384]","[12, 12, 12, 12, 12, 12, 12, 12, 12, 12]"
711,3,"[9, 15, 20]",3,1.0533693528268486,0.04756628104951233,7.487898772504802,"[15262129, 15362129, 15462129, 15562129, 15162129, 15062129, 15862129, 15962129, 15662129, 15762129]","[15, 15, 15, 15, 15, 15, 15, 15, 15, 15]"
712,3,"[17, 20]",2,0.6573771480470896,0.03417196706868708,6.566853306023404,"[15416772, 15516772, 15216772, 15316772, 15616772, 15716772, 15116772, 15016772, 15916772, 15816772]","[20, 20, 20, 20, 20, 20, 20, 20, 20, 20]"
713,3,"[5, 16, 18]",3,0.9635615511797369,0.06348506698850542,5.67965697516532,"[15283370, 15383370, 15483370, 15583370, 15683370, 15783370, 15083370, 15183370, 15883370, 15983370]","[5, 5, 5, 5, 5, 5, 5, 5, 5, 5]"
714,3,"[15, 21, 23]",3,1.0297669692663476,0.08624264388345182,6.646570370474365,"[15513321, 15413321, 15913321, 15813321, 15113321, 15013321, 15213321, 15313321, 15713321, 15613321]","[23, 23, 23, 23, 23, 23, 23, 23, 23, 23]"
715,3,"[9, 20, 21]",3,1.0281233279965818,0.060368182021193206,7.45576877403073,"[15745124, 15645124, 15445124, 15545124, 15145124, 15045124, 15845124, 15945124, 15245124, 15345124]","[20, 20, 20, 20, 20, 20, 20, 20, 20, 20]"
716,3,"[9, 13, 15]",3,1.0719999029533938,0.047454759129323065,7.5650298173422925,"[15756033, 15656033, 15456033, 15556033, 15156033, 15056033, 15856033, 15956033, 15256033, 15356033]","[13, 13, 13, 13, 13, 13, 13, 13, 13, 13]"
717,3,"[2, 3, 19]",3,1.051715256064199,0.05154672509524971,5.112099594358976,"[15122339, 15022339, 15722339, 15622339, 15522339, 15422339, 15922339, 15822339, 15322339, 15222339]","[2, 2, 2, 2, 2, 2, 2, 2, 2, 2]"
718,3,"[2, 15, 21]",3,1.0312004800653085,0.04752552800346166,6.161290520840946,"[15160550, 15060550, 15760550, 15660550, 15560550, 15460550, 15960550, 15860550, 15360550, 15260550]","[2, 2, 2, 2, 2, 2, 2, 2, 2, 2]"
719,3,"[2, 4, 14]",3,1.0720905138878152,0.05146389303263277,6.418723930721171,"[15117498, 15017498, 15217498, 15317498, 15517498, 15417498, 15917498, 15817498, 15717498, 15617498]","[2, 2, 2, 2, 2, 2, 2, 2, 2, 2]"
720,3,"[2, 14, 15]",3,1.074223239091225,0.05108152504544705,7.13567312201485,"[15202997, 15302997, 15402997, 15502997, 15102997, 15002997, 15802997, 15902997, 15602997, 15702997]","[14, 14, 14, 14, 14, 14, 14, 14, 14, 14]"
721,3,"[1, 3, 11]",3,1.04724775289651,0.051399604068137705,5.15112684952328,"[15189736, 15089736, 15789736, 15689736, 15589736, 15489736, 15989736, 15889736, 15389736, 15289736]","[1, 1, 1, 1, 1, 1, 1, 1, 1, 1]"
722,3,"[2, 7, 18]",3,1.0147310789907351,0.05115485703572631,5.481389172705046,"[15122339, 15022339, 15722339, 15622339, 15522339, 15422339, 15922339, 15822339, 15322339, 15222339]","[2, 2, 2, 2, 2, 2, 2, 2, 2, 2]"
723,3,"[14, 21, 23]",3,1.047421146184206,0.0512813440291211,7.5888229731741985,"[15195263, 15095263, 15795263, 15695263, 15595263, 15495263, 15995263, 15895263, 15395263, 15295263]","[14, 14, 14, 14, 14, 14, 14, 14, 14, 14]"
724,3,"[0, 9, 12]",3,1.031825028010644,0.04738484707195312,6.854064782518738,"[15762990, 15662990, 15462990, 15562990, 15162990, 15062990, 15862990, 15962990, 15262990, 15362990]","[9, 9, 9, 9, 9, 9, 9, 9, 9, 9]"
725,3,"[2, 15, 21]",3,1.0279716149671003,0.05109928909223527,6.161290520840946,"[15295355, 15395355, 15495355, 15595355, 15195355, 15095355, 15895355, 15995355, 15695355, 15795355]","[15, 15, 15, 15, 15, 15, 15, 15, 15, 15]"
726,3,"[6, 20, 23]",3,1.0270210349699482,0.04747406393289566,6.278919122666896,"[15126469, 15026469, 15726469, 15626469, 15526469, 15426469, 15926469, 15826469, 15326469, 15226469]","[6, 6, 6, 6, 6, 6, 6, 6, 6, 6]"
727,3,"[3, 4, 9]",3,1.063038736116141,0.051092171925120056,6.153056116192602,"[15976504, 15876504, 15776504, 15676504, 15076504, 15176504, 15376504, 15276504, 15476504, 15576504]","[9, 9, 9, 9, 9, 9, 9, 9, 9, 9]"
728,3,"[17, 20, 23]",3,0.9912467529065907,0.05083694204222411,6.387784414672448,"[15693055, 15793055, 15493055, 15593055, 15393055, 15293055, 15093055, 15193055, 15893055, 15993055]","[17, 17, 17, 17, 17, 17, 17, 17, 17, 17]"
729,3,"[2, 20]",2,0.6783087820513174,0.03398876800201833,5.494406219309894,"[15417452, 15517452, 15217452, 15317452, 15617452, 15717452, 15117452, 15017452, 15917452, 15817452]","[20, 20, 20, 20, 20, 20, 20, 20, 20, 20]"
730,3,"[12, 14, 23]",3,1.0283125770511106,0.0593213060637936,7.354896675504278,"[15143923, 15043923, 15243923, 15343923, 15543923, 15443923, 15943923, 15843923, 15743923, 15643923]","[12, 12, 12, 12, 12, 12, 12, 12, 12, 12]"
731,3,"[5, 14, 20]",3,1.0348291889531538,0.05410096002742648,7.221560213190969,"[15367939, 15267939, 15167939, 15067939, 15467939, 15567939, 15967939, 15867939, 15667939, 15767939]","[5, 5, 5, 5, 5, 5, 5, 5, 5, 5]"
732,3,"[2, 14, 19]",3,1.0793353030458093,0.05104570684488863,6.868319622706622,"[15744777, 15644777, 15544777, 15444777, 15944777, 15844777, 15144777, 15044777, 15344777, 15244777]","[14, 14, 14, 14, 14, 14, 14, 14, 14, 14]"
733,3,"[0, 14, 23]",3,1.075688188080676,0.05140961497090757,7.0571013171769055,"[17278512, 17378512, 17078512, 17178512, 16878512, 16978512, 17578512, 17478512, 16678512, 16778512]","[23, 23, 23, 23, 23, 23, 23, 23, 23, 23]"
734,3,"[2, 9, 15]",3,1.0552542608929798,0.04741467605344951,6.874166015011724,"[15538750, 15438750, 15938750, 15838750, 15138750, 15038750, 15638750, 15738750, 15238750, 15338750]","[15, 15, 15, 15, 15, 15, 15, 15, 15, 15]"
735,3,"[7, 14, 21]",3,1.085797723964788,0.04816677805501968,7.552243140526116,"[15510988, 15410988, 15910988, 15810988, 15110988, 15010988, 15210988, 15310988, 15710988, 15610988]","[21, 21, 21, 21, 21, 21, 21, 21, 21, 21]"
736,3,"[15, 17, 24]",3,1.1720013670856133,0.05140207812655717,6.888358128625744,"[15142197, 15042197, 15242197, 15342197, 15542197, 15442197, 15942197, 15842197, 15742197, 15642197]","[15, 15, 15, 15, 15, 15, 15, 15, 15, 15]"
737,3,"[2, 4]",2,0.7020301560405642,0.03537627903278917,4.713093373313313,"[15104635, 15004635, 15704635, 15604635, 15504635, 15404635, 15904635, 15804635, 15304635, 15204635]","[2, 2, 2, 2, 2, 2, 2, 2, 2, 2]"
738,3,"[3, 4, 15]",3,1.0749685721239075,0.05217211996205151,5.472310620495894,"[15033559, 15133559, 15233559, 15333559, 15733559, 15633559, 15933559, 15833559, 15533559, 15433559]","[15, 15, 15, 15, 15, 15, 15, 15, 15, 15]"
739,3,"[9, 14, 23]",3,1.1914664971409366,0.06521272100508213,8.301698467344977,"[15194145, 15094145, 15294145, 15394145, 15594145, 15494145, 15994145, 15894145, 15794145, 15694145]","[9, 9, 9, 9, 9, 9, 9, 9, 9, 9]"
740,3,"[9, 14, 23]",3,1.0839182250201702,0.04831860796548426,8.301698467344977,"[15977832, 15877832, 15777832, 15677832, 15077832, 15177832, 15377832, 15277832, 15477832, 15577832]","[23, 23, 23, 23, 23, 23, 23, 23, 23, 23]"
741,3,"[2, 15, 23]",3,1.0462047359906137,0.05211686692200601,5.868893650826067,"[15407630, 15507630, 15807630, 15907630, 15007630, 15107630, 15607630, 15707630, 15307630, 15207630]","[15, 15, 15, 15, 15, 15, 15, 15, 15, 15]"
742,3,"[2, 14, 23]",3,1.0808731969445944,0.05199673504102975,6.811146253525901,"[15196688, 15096688, 15796688, 15696688, 15596688, 15496688, 15996688, 15896688, 15396688, 15296688]","[2, 2, 2, 2, 2, 2, 2, 2, 2, 2]"
743,3,"[2, 9, 14]",3,1.086275684996508,0.18269948998931795,7.816418617711558,"[15595263, 15495263, 15995263, 15895263, 15195263, 15095263, 15295263, 15395263, 15795263, 15695263]","[14, 14, 14, 14, 14, 14, 14, 14, 14, 14]"
744,3,"[0, 15, 20]",3,1.069641195004806,0.0690990888979286,6.24330162233673,"[17464618, 17564618, 16964618, 16864618, 16764618, 16664618, 17364618, 17264618, 17164618, 17064618]","[15, 15, 15, 15, 15, 15, 15, 15, 15, 15]"
745,3,"[2, 3, 21]",3,1.0948420281056315,0.09368362906388938,5.347323095193133,"[15939582, 15839582, 15739582, 15639582, 15039582, 15139582, 15339582, 15239582, 15439582, 15539582]","[21, 21, 21, 21, 21, 21, 21, 21, 21, 21]"
746,3,"[2, 22]",2,0.6933838460827246,0.034687135950662196,5.712845926551381,"[15439424, 15539424, 15239424, 15339424, 15639424, 15739424, 15139424, 15039424, 15939424, 15839424]","[22, 22, 22, 22, 22, 22, 22, 22, 22, 22]"
747,3,"[14, 17, 23]",3,1.0476297391578555,0.048240589909255505,7.526110978001573,"[15155521, 15055521, 15755521, 15655521, 15555521, 15455521, 15955521, 15855521, 15355521, 15255521]","[14, 14, 14, 14, 14, 14, 14, 14, 14, 14]"
748,3,"[5, 14, 20]",3,1.057752616936341,0.07304517005104572,7.221560213190969,"[15123928, 15023928, 15723928, 15623928, 15523928, 15423928, 15923928, 15823928, 15323928, 15223928]","[5, 5, 5, 5, 5, 5, 5, 5, 5, 5]"
749,3,"[7, 11, 21]",3,1.1065119340782985,0.06468146608676761,6.181026812196554,"[15594839, 15494839, 15994839, 15894839, 15194839, 15094839, 15294839, 15394839, 15794839, 15694839]","[21, 21, 21, 21, 21, 21, 21, 21, 21, 21]"
750,3,"[2, 14, 15]",3,1.0880026600789279,0.04832522105425596,7.13567312201485,"[15952739, 15852739, 15552739, 15452739, 15752739, 15652739, 15152739, 15052739, 15352739, 15252739]","[15, 15, 15, 15, 15, 15, 15, 15, 15, 15]"
751,3,"[20, 23, 24]",3,1.2048038619104773,0.05227712797932327,6.462599293154199,"[15398138, 15298138, 15098138, 15198138, 15698138, 15798138, 15998138, 15898138, 15498138, 15598138]","[24, 24, 24, 24, 24, 24, 24, 24, 24, 24]"
752,3,"[9, 14, 23]",3,1.0846830339869484,0.05427241092547774,8.301698467344977,"[15720515, 15620515, 15420515, 15520515, 15120515, 15020515, 15820515, 15920515, 15220515, 15320515]","[14, 14, 14, 14, 14, 14, 14, 14, 14, 14]"
753,3,"[5, 14, 20]",3,1.0498541190754622,0.04847305116709322,7.221560213190969,"[15565816, 15465816, 15965816, 15865816, 15165816, 15065816, 15265816, 15365816, 15765816, 15665816]","[20, 20, 20, 20, 20, 20, 20, 20, 20, 20]"
754,3,"[6, 12, 16]",3,1.1296322230482474,0.048353773076087236,6.088663705158979,"[15380546, 15280546, 15080546, 15180546, 15680546, 15780546, 15980546, 15880546, 15480546, 15580546]","[16, 16, 16, 16, 16, 16, 16, 16, 16, 16]"
755,3,"[3, 5, 23]",3,1.0203326031332836,0.11224040400702506,5.336887276983664,"[15316673, 15216673, 15016673, 15116673, 15616673, 15716673, 15916673, 15816673, 15416673, 15516673]","[23, 23, 23, 23, 23, 23, 23, 23, 23, 23]"
756,3,"[3, 22, 23]",3,1.0405903799692169,0.04801551706623286,5.814285454165656,"[15672825, 15772825, 15472825, 15572825, 15372825, 15272825, 15072825, 15172825, 15872825, 15972825]","[3, 3, 3, 3, 3, 3, 3, 3, 3, 3]"
757,3,"[14, 15, 21]",3,1.0838454039767385,0.05690805206540972,7.913349841663148,"[15175525, 15075525, 15775525, 15675525, 15575525, 15475525, 15975525, 15875525, 15375525, 15275525]","[14, 14, 14, 14, 14, 14, 14, 14, 14, 14]"
758,3,"[2, 21, 24]",3,1.1589509319746867,0.05677161703351885,6.141263405676,"[15501756, 15401756, 15101756, 15001756, 15701756, 15601756, 15301756, 15201756, 15901756, 15801756]","[21, 21, 21, 21, 21, 21, 21, 21, 21, 21]"
759,3,"[10, 19, 23]",3,1.0635042729554698,0.05614998296368867,6.556778795997768,"[15057538, 15157538, 15257538, 15357538, 15757538, 15657538, 15957538, 15857538, 15557538, 15457538]","[23, 23, 23, 23, 23, 23, 23, 23, 23, 23]"
760,3,"[12, 14, 16]",3,1.0253674399573356,0.044321167981252074,7.23462359351106,"[15723042, 15623042, 15423042, 15523042, 15123042, 15023042, 15823042, 15923042, 15223042, 15323042]","[14, 14, 14, 14, 14, 14, 14, 14, 14, 14]"
761,3,"[0, 15, 21]",3,1.1219025020254776,0.06955908401869237,6.4072455844919505,"[15955068, 15855068, 15555068, 15455068, 15755068, 15655068, 15155068, 15055068, 15355068, 15255068]","[21, 21, 21, 21, 21, 21, 21, 21, 21, 21]"
762,3,"[0, 8, 18]",3,1.003982774913311,0.09236736490856856,5.868157504844324,"[15532176, 15432176, 15932176, 15832176, 15132176, 15032176, 15232176, 15332176, 15732176, 15632176]","[18, 18, 18, 18, 18, 18, 18, 18, 18, 18]"
763,3,"[0, 2, 20]",3,1.0482194159412757,0.057935587130486965,5.433494904214361,"[15571186, 15471186, 15971186, 15871186, 15171186, 15071186, 15271186, 15371186, 15771186, 15671186]","[20, 20, 20, 20, 20, 20, 20, 20, 20, 20]"
764,3,"[6, 9, 17]",3,1.0565748950466514,0.05243065010290593,7.385423453835149,"[15063762, 15163762, 15463762, 15563762, 15963762, 15863762, 15763762, 15663762, 15263762, 15363762]","[6, 6, 6, 6, 6, 6, 6, 6, 6, 6]"
765,3,"[2, 5, 18]",3,1.096479669911787,0.06732276605907828,5.314650207525119,"[15566540, 15466540, 15966540, 15866540, 15166540, 15066540, 15266540, 15366540, 15766540, 15666540]","[18, 18, 18, 18, 18, 18, 18, 18, 18, 18]"
766,3,"[14, 17, 23]",3,1.0478481450118124,0.07084503711666912,7.526110978001573,"[15502696, 15402696, 15902696, 15802696, 15102696, 15002696, 15202696, 15302696, 15702696, 15602696]","[23, 23, 23, 23, 23, 23, 23, 23, 23, 23]"
767,3,"[7, 12, 24]",3,1.0430342900799587,0.04431024205405265,6.356037124991417,"[15210248, 15310248, 15410248, 15510248, 15110248, 15010248, 15810248, 15910248, 15610248, 15710248]","[12, 12, 12, 12, 12, 12, 12, 12, 12, 12]"
768,3,"[2, 9, 14]",3,1.0861923459451646,0.059139005141332746,7.816418617711558,"[15949705, 15849705, 15549705, 15449705, 15749705, 15649705, 15149705, 15049705, 15349705, 15249705]","[14, 14, 14, 14, 14, 14, 14, 14, 14, 14]"
769,3,"[0, 4, 7]",3,1.1869004209293053,0.05248885916080326,5.361319690535311,"[15148978, 15048978, 15748978, 15648978, 15548978, 15448978, 15948978, 15848978, 15348978, 15248978]","[0, 0, 0, 0, 0, 0, 0, 0, 0, 0]"
770,3,"[10, 13, 24]",3,1.0820759559283033,0.04809690406545997,7.0096891328382,"[15928135, 15828135, 15728135, 15628135, 15028135, 15128135, 15328135, 15228135, 15428135, 15528135]","[24, 24, 24, 24, 24, 24, 24, 24, 24, 24]"
771,3,"[15, 16, 22]",3,1.1730839260853827,0.04796684894245118,6.5079797978202505,"[15510323, 15410323, 15910323, 15810323, 15110323, 15010323, 15210323, 15310323, 15710323, 15610323]","[22, 22, 22, 22, 22, 22, 22, 22, 22, 22]"
772,3,"[0, 2, 14]",3,1.0909934029914439,0.05531409312970936,6.5718214675434865,"[15439391, 15539391, 15939391, 15839391, 15339391, 15239391, 15739391, 15639391, 15139391, 15039391]","[14, 14, 14, 14, 14, 14, 14, 14, 14, 14]"
773,3,"[2, 6, 20]",3,1.0406811139546335,0.05634132691193372,5.793639273033477,"[15661164, 15761164, 15461164, 15561164, 15361164, 15261164, 15061164, 15161164, 15861164, 15961164]","[2, 2, 2, 2, 2, 2, 2, 2, 2, 2]"
774,3,"[2, 17, 20]",3,1.019926903070882,0.051921825972385705,5.902504565039028,"[15793055, 15693055, 15493055, 15593055, 15193055, 15093055, 15893055, 15993055, 15293055, 15393055]","[17, 17, 17, 17, 17, 17, 17, 17, 17, 17]"
775,3,"[1, 2, 14]",3,1.131488750106655,0.07515113009139895,6.526503885378285,"[15395319, 15295319, 15895319, 15995319, 15795319, 15695319, 15495319, 15595319, 15195319, 15095319]","[2, 2, 2, 2, 2, 2, 2, 2, 2, 2]"
776,3,"[2, 15, 21]",3,1.0450858799740672,0.050149859045632184,6.161290520840946,"[15929506, 15829506, 15729506, 15629506, 15029506, 15129506, 15329506, 15229506, 15429506, 15529506]","[21, 21, 21, 21, 21, 21, 21, 21, 21, 21]"
777,3,"[4, 17, 24]",3,1.0563019410474226,0.04835879581514746,6.171408937332065,"[15799680, 15699680, 15499680, 15599680, 15199680, 15099680, 15899680, 15999680, 15299680, 15399680]","[17, 17, 17, 17, 17, 17, 17, 17, 17, 17]"
778,3,"[0, 17, 22]",3,1.0450979910092428,0.06411397398915142,6.294086100184359,"[15517685, 15417685, 15917685, 15817685, 15117685, 15017685, 15217685, 15317685, 15717685, 15617685]","[22, 22, 22, 22, 22, 22, 22, 22, 22, 22]"
779,3,"[8, 21, 23]",3,1.041815345059149,0.12380657414905727,6.426276937825605,"[15421253, 15521253, 15821253, 15921253, 15021253, 15121253, 15621253, 15721253, 15321253, 15221253]","[21, 21, 21, 21, 21, 21, 21, 21, 21, 21]"
780,3,"[5, 14, 23]",3,1.0493197499308735,0.0523704249644652,7.093107305331311,"[15720515, 15620515, 15420515, 15520515, 15120515, 15020515, 15820515, 15920515, 15220515, 15320515]","[14, 14, 14, 14, 14, 14, 14, 14, 14, 14]"
781,3,"[0, 19, 23]",3,1.2031366549199447,0.05611803708598018,5.847495215168844,"[15540138, 15440138, 15940138, 15840138, 15140138, 15040138, 15240138, 15340138, 15740138, 15640138]","[23, 23, 23, 23, 23, 23, 23, 23, 23, 23]"
782,3,"[14, 21, 23]",3,1.0555520679336041,0.052131050964817405,7.5888229731741985,"[15712338, 15612338, 15412338, 15512338, 15112338, 15012338, 15812338, 15912338, 15212338, 15312338]","[21, 21, 21, 21, 21, 21, 21, 21, 21, 21]"
783,3,"[5, 12]",2,0.6436001779511571,0.0329787889495492,5.812374293745961,"[15763674, 15663674, 15463674, 15563674, 15163674, 15063674, 15863674, 15963674, 15263674, 15363674]","[12, 12, 12, 12, 12, 12, 12, 12, 12, 12]"
784,3,"[4, 14, 23]",3,1.0837837010622025,0.05263434106018394,6.90400378035459,"[15172558, 15072558, 15772558, 15672558, 15572558, 15472558, 15972558, 15872558, 15372558, 15272558]","[4, 4, 4, 4, 4, 4, 4, 4, 4, 4]"
785,3,"[14, 21, 24]",3,1.079903217148967,0.05181742401327938,7.893322726498202,"[17351066, 17251066, 16651066, 16751066, 16851066, 16951066, 17551066, 17451066, 17051066, 17151066]","[14, 14, 14, 14, 14, 14, 14, 14, 14, 14]"
786,3,"[0, 4, 11]",3,1.1634989000158384,0.07420225697569549,5.293462666042615,"[15757735, 15657735, 15457735, 15557735, 15157735, 15057735, 15857735, 15957735, 15257735, 15357735]","[4, 4, 4, 4, 4, 4, 4, 4, 4, 4]"
787,3,"[14, 16]",2,0.6979728549486026,0.08607502107042819,7.749406215763884,"[15120515, 15020515, 15720515, 15620515, 15520515, 15420515, 15920515, 15820515, 15320515, 15220515]","[14, 14, 14, 14, 14, 14, 14, 14, 14, 14]"
788,3,"[2, 16, 23]",3,1.0011947540333495,0.08503576298244298,5.4240937003438985,"[15587452, 15487452, 15987452, 15887452, 15187452, 15087452, 15287452, 15387452, 15787452, 15687452]","[23, 23, 23, 23, 23, 23, 23, 23, 23, 23]"
789,3,"[2, 14, 15]",3,1.07476030907128,0.04718743509147316,7.13567312201485,"[15122339, 15022339, 15722339, 15622339, 15522339, 15422339, 15922339, 15822339, 15322339, 15222339]","[2, 2, 2, 2, 2, 2, 2, 2, 2, 2]"
790,3,"[14, 16, 23]",3,1.0386668519349769,0.051181957009248435,7.176153021166101,"[15799813, 15699813, 15499813, 15599813, 15199813, 15099813, 15899813, 15999813, 15299813, 15399813]","[16, 16, 16, 16, 16, 16, 16, 16, 16, 16]"
791,3,"[6, 15, 17]",3,1.0289729359792545,0.047141727060079575,6.704677958138443,"[15558321, 15458321, 15958321, 15858321, 15158321, 15058321, 15258321, 15358321, 15758321, 15658321]","[17, 17, 17, 17, 17, 17, 17, 17, 17, 17]"
792,3,"[12, 22]",2,0.6595074679935351,0.030323570012114942,6.528471559518948,"[15110248, 15010248, 15710248, 15610248, 15510248, 15410248, 15910248, 15810248, 15310248, 15210248]","[12, 12, 12, 12, 12, 12, 12, 12, 12, 12]"
793,3,"[2, 9, 24]",3,1.062086143065244,0.07482578395865858,6.854138899846778,"[15466544, 15566544, 15866544, 15966544, 15066544, 15166544, 15666544, 15766544, 15366544, 15266544]","[9, 9, 9, 9, 9, 9, 9, 9, 9, 9]"
794,3,"[3, 14, 15]",3,1.0809546129312366,0.04741255019325763,7.131512414489407,"[15720515, 15620515, 15420515, 15520515, 15120515, 15020515, 15820515, 15920515, 15220515, 15320515]","[14, 14, 14, 14, 14, 14, 14, 14, 14, 14]"
795,3,"[1, 14]",2,0.7245335709303617,0.03414292214438319,7.502852286532288,"[15344522, 15244522, 15744522, 15644522, 15544522, 15444522, 15044522, 15144522, 15944522, 15844522]","[14, 14, 14, 14, 14, 14, 14, 14, 14, 14]"
796,3,"[0, 23]",2,0.6994771470781416,0.038170224986970425,5.670659452996915,"[15163324, 15063324, 15763324, 15663324, 15563324, 15463324, 15963324, 15863324, 15363324, 15263324]","[0, 0, 0, 0, 0, 0, 0, 0, 0, 0]"
797,3,"[4, 5, 11]",3,1.0331101099727675,0.0672599250683561,5.3294686541970195,"[15996003, 15896003, 15796003, 15696003, 15096003, 15196003, 15396003, 15296003, 15496003, 15596003]","[11, 11, 11, 11, 11, 11, 11, 11, 11, 11]"
798,3,"[4, 19, 22]",3,1.0698791720205918,0.05499621096532792,5.968477057700511,"[15503681, 15403681, 15903681, 15803681, 15103681, 15003681, 15203681, 15303681, 15703681, 15603681]","[22, 22, 22, 22, 22, 22, 22, 22, 22, 22]"
799,3,"[6, 20, 24]",3,1.0554182779742405,0.04740962397772819,6.583418875990901,"[15623534, 15723534, 15423534, 15523534, 15323534, 15223534, 15023534, 15123534, 15823534, 15923534]","[6, 6, 6, 6, 6, 6, 6, 6, 6, 6]"
800,3,"[6, 11, 16]",3,1.172901887097396,0.061143749044276774,5.925756275673241,"[15544355, 15444355, 15144355, 15044355, 15744355, 15644355, 15344355, 15244355, 15944355, 15844355]","[11, 11, 11, 11, 11, 11, 11, 11, 11, 11]"
801,3,"[2, 12, 16]",3,0.9769556259270757,0.17783279006835073,5.482564272688857,"[15498475, 15598475, 15898475, 15998475, 15098475, 15198475, 15698475, 15798475, 15398475, 15298475]","[12, 12, 12, 12, 12, 12, 12, 12, 12, 12]"
802,3,"[16, 20, 24]",3,1.0229274128796533,0.09959035587962717,6.34232621116098,"[15648064, 15748064, 15448064, 15548064, 15348064, 15248064, 15048064, 15148064, 15848064, 15948064]","[16, 16, 16, 16, 16, 16, 16, 16, 16, 16]"
803,3,"[2, 4, 20]",3,1.0319425381021574,0.05090182879939675,5.2803973673920455,"[15567156, 15467156, 15967156, 15867156, 15167156, 15067156, 15267156, 15367156, 15767156, 15667156]","[20, 20, 20, 20, 20, 20, 20, 20, 20, 20]"
804,3,"[2, 11, 14]",3,1.070500366971828,0.05392498499713838,6.706709396385122,"[15595617, 15495617, 15995617, 15895617, 15195617, 15095617, 15695617, 15795617, 15295617, 15395617]","[14, 14, 14, 14, 14, 14, 14, 14, 14, 14]"
805,3,"[15, 16, 23]",3,1.0211878709960729,0.05123919399920851,6.233900418466267,"[15775067, 15675067, 15475067, 15575067, 15175067, 15075067, 15875067, 15975067, 15275067, 15375067]","[16, 16, 16, 16, 16, 16, 16, 16, 16, 16]"
806,3,"[8, 14, 19]",3,1.0501394741004333,0.04747404297813773,7.457832908180232,"[15255521, 15355521, 15555521, 15455521, 15955521, 15855521, 15755521, 15655521, 15155521, 15055521]","[14, 14, 14, 14, 14, 14, 14, 14, 14, 14]"
807,3,"[7, 8, 21]",3,0.997866490855813,0.05024794093333185,6.389697105177523,"[15565147, 15465147, 15965147, 15865147, 15165147, 15065147, 15265147, 15365147, 15765147, 15665147]","[21, 21, 21, 21, 21, 21, 21, 21, 21, 21]"
808,3,"[0, 23]",2,0.698392546037212,0.043951562023721635,5.670659452996915,"[15196535, 15096535, 15796535, 15696535, 15596535, 15496535, 15996535, 15896535, 15396535, 15296535]","[0, 0, 0, 0, 0, 0, 0, 0, 0, 0]"
809,3,"[5, 7, 17]",3,0.9952799550956115,0.10350740910507739,6.019432876336698,"[15750402, 15650402, 15450402, 15550402, 15150402, 15050402, 15850402, 15950402, 15250402, 15350402]","[7, 7, 7, 7, 7, 7, 7, 7, 7, 7]"
810,3,"[3, 17, 19]",3,1.0367666099919006,0.05587697902228683,5.8270643188346485,"[15146491, 15046491, 15746491, 15646491, 15546491, 15446491, 15946491, 15846491, 15346491, 15246491]","[3, 3, 3, 3, 3, 3, 3, 3, 3, 3]"
811,3,"[4, 17]",2,0.6772524659754708,0.030382993048988283,5.785540460026823,"[15609604, 15709604, 15409604, 15509604, 15309604, 15209604, 15009604, 15109604, 15809604, 15909604]","[4, 4, 4, 4, 4, 4, 4, 4, 4, 4]"
812,3,"[0, 14, 16]",3,1.0617903150850907,0.06198876490816474,6.936828235183687,"[15520179, 15420179, 15920179, 15820179, 15120179, 15020179, 15620179, 15720179, 15220179, 15320179]","[16, 16, 16, 16, 16, 16, 16, 16, 16, 16]"
813,3,"[14, 15, 20]",3,1.0813168621389195,0.048609132994897664,7.749405879507928,"[15903050, 15803050, 15203050, 15303050, 15403050, 15503050, 15603050, 15703050, 15003050, 15103050]","[14, 14, 14, 14, 14, 14, 14, 14, 14, 14]"
814,3,"[2, 15, 23]",3,1.0591635059099644,0.05583672097418457,5.868893650826067,"[15430575, 15530575, 15830575, 15930575, 15030575, 15130575, 15630575, 15730575, 15330575, 15230575]","[15, 15, 15, 15, 15, 15, 15, 15, 15, 15]"
815,3,"[15, 18, 21]",3,1.1336858021095395,0.09109738899860531,6.620172593490376,"[15107630, 15007630, 15707630, 15607630, 15507630, 15407630, 15907630, 15807630, 15307630, 15207630]","[15, 15, 15, 15, 15, 15, 15, 15, 15, 15]"
816,3,"[1, 3, 15]",3,1.067630765028298,0.056537470081821084,5.580090575153008,"[15722122, 15622122, 15422122, 15522122, 15122122, 15022122, 15822122, 15922122, 15222122, 15322122]","[3, 3, 3, 3, 3, 3, 3, 3, 3, 3]"
817,3,"[10, 14, 17]",3,1.1094536499585956,0.07489655108656734,7.996069772848084,"[15073544, 15173544, 15473544, 15573544, 15973544, 15873544, 15773544, 15673544, 15273544, 15373544]","[10, 10, 10, 10, 10, 10, 10, 10, 10, 10]"
818,3,"[0, 14, 23]",3,1.0898193109314889,0.05637062096502632,7.0571013171769055,"[15513321, 15413321, 15913321, 15813321, 15113321, 15013321, 15213321, 15313321, 15713321, 15613321]","[23, 23, 23, 23, 23, 23, 23, 23, 23, 23]"
819,3,"[8, 12, 18]",3,0.9565707308938727,0.04471146012656391,6.165952863171697,"[15502171, 15402171, 15902171, 15802171, 15102171, 15002171, 15202171, 15302171, 15702171, 15602171]","[18, 18, 18, 18, 18, 18, 18, 18, 18, 18]"
820,3,"[3, 4, 6]",3,1.0668243211694062,0.05579558899626136,5.268603334843647,"[15796358, 15696358, 15496358, 15596358, 15196358, 15096358, 15896358, 15996358, 15296358, 15396358]","[4, 4, 4, 4, 4, 4, 4, 4, 4, 4]"
821,3,"[8, 17, 23]",3,0.9801630439469591,0.04843405995052308,6.363564942652981,"[15485374, 15585374, 15885374, 15985374, 15085374, 15185374, 15685374, 15785374, 15385374, 15285374]","[17, 17, 17, 17, 17, 17, 17, 17, 17, 17]"
822,3,"[2, 21, 23]",3,1.0408047790406272,0.05217092507518828,5.836763652351995,"[15057538, 15157538, 15257538, 15357538, 15757538, 15657538, 15957538, 15857538, 15557538, 15457538]","[23, 23, 23, 23, 23, 23, 23, 23, 23, 23]"
823,3,"[0, 15, 23]",3,1.1234379090601578,0.06179506506305188,6.1148487144770725,"[15707630, 15607630, 15407630, 15507630, 15107630, 15007630, 15807630, 15907630, 15207630, 15307630]","[15, 15, 15, 15, 15, 15, 15, 15, 15, 15]"
824,3,"[14, 18, 19]",3,1.0865086009725928,0.06011995498556644,7.327201695356052,"[15776678, 15676678, 15476678, 15576678, 15176678, 15076678, 15876678, 15976678, 15276678, 15376678]","[18, 18, 18, 18, 18, 18, 18, 18, 18, 18]"
825,3,"[6, 11, 15]",3,1.0796187600353733,0.04446070396807045,6.3705562261554105,"[16705568, 16605568, 17305568, 17205568, 17105568, 17005568, 17505568, 17405568, 16905568, 16805568]","[6, 6, 6, 6, 6, 6, 6, 6, 6, 6]"
826,3,"[7, 19, 23]",3,1.2122067200252786,0.05252620787359774,6.0502401685031755,"[15441474, 15541474, 15841474, 15941474, 15041474, 15141474, 15641474, 15741474, 15341474, 15241474]","[19, 19, 19, 19, 19, 19, 19, 19, 19, 19]"
827,3,"[16, 19, 21]",3,1.0322835290571675,0.051941456040367484,6.258943789172918,"[15153230, 15053230, 15753230, 15653230, 15553230, 15453230, 15953230, 15853230, 15353230, 15253230]","[16, 16, 16, 16, 16, 16, 16, 16, 16, 16]"
828,3,"[16, 19, 22]",3,1.055927659966983,0.04837152408435941,6.240626298512022,"[15133348, 15033348, 15233348, 15333348, 15533348, 15433348, 15933348, 15833348, 15733348, 15633348]","[16, 16, 16, 16, 16, 16, 16, 16, 16, 16]"
829,3,"[16, 17, 22]",3,1.1497761679347605,0.04852461605332792,6.413137804173554,"[15339424, 15239424, 15039424, 15139424, 15639424, 15739424, 15939424, 15839424, 15439424, 15539424]","[22, 22, 22, 22, 22, 22, 22, 22, 22, 22]"
830,3,"[2, 14, 18]",3,1.0497045549564064,0.04480441578198224,6.784748476541911,"[15198636, 15098636, 15798636, 15698636, 15598636, 15498636, 15998636, 15898636, 15398636, 15298636]","[2, 2, 2, 2, 2, 2, 2, 2, 2, 2]"
831,3,"[14, 19, 24]",3,1.1216497900895774,0.054604625911451876,7.658099225664046,"[15477945, 15577945, 15277945, 15377945, 15677945, 15777945, 15177945, 15077945, 15977945, 15877945]","[19, 19, 19, 19, 19, 19, 19, 19, 19, 19]"
832,3,"[6, 9, 14]",3,1.204421095084399,0.05900203203782439,8.42251805018168,"[15576564, 15476564, 15976564, 15876564, 15176564, 15076564, 15276564, 15376564, 15776564, 15676564]","[14, 14, 14, 14, 14, 14, 14, 14, 14, 14]"
833,3,"[2, 21, 24]",3,1.0464071390451863,0.051926923100836575,6.141263405676,"[15474892, 15574892, 15974892, 15874892, 15374892, 15274892, 15774892, 15674892, 15174892, 15074892]","[24, 24, 24, 24, 24, 24, 24, 24, 24, 24]"
834,3,"[15, 22, 24]",3,1.0842267640400678,0.040787548990920186,6.932752633137473,"[15240453, 15340453, 15440453, 15540453, 15140453, 15040453, 15840453, 15940453, 15640453, 15740453]","[22, 22, 22, 22, 22, 22, 22, 22, 22, 22]"
835,3,"[2, 9, 12]",3,1.161241199937649,0.08063061302527785,6.608109718867733,"[17360442, 17260442, 17060442, 17160442, 16760442, 16660442, 17460442, 17560442, 16860442, 16960442]","[9, 9, 9, 9, 9, 9, 9, 9, 9, 9]"
836,3,"[2, 8, 20]",3,0.9924642550759017,0.04811022395733744,5.777053126036965,"[15365816, 15265816, 15065816, 15165816, 15665816, 15765816, 15965816, 15865816, 15465816, 15565816]","[20, 20, 20, 20, 20, 20, 20, 20, 20, 20]"
837,3,"[2, 19, 24]",3,1.0853262488963082,0.052308827987872064,5.906039904841843,"[15720135, 15620135, 15420135, 15520135, 15120135, 15020135, 15820135, 15920135, 15220135, 15320135]","[19, 19, 19, 19, 19, 19, 19, 19, 19, 19]"
838,3,"[0, 9, 22]",3,1.133586110896431,0.06888200901448727,7.0696735895277625,"[15547461, 15447461, 15947461, 15847461, 15147461, 15047461, 15247461, 15347461, 15747461, 15647461]","[22, 22, 22, 22, 22, 22, 22, 22, 22, 22]"
839,3,"[9, 14]",2,0.7427735009696335,0.03507747303228825,9.437724385032197,"[15799018, 15699018, 15499018, 15599018, 15199018, 15099018, 15899018, 15999018, 15299018, 15399018]","[14, 14, 14, 14, 14, 14, 14, 14, 14, 14]"
840,3,"[8, 15, 16]",3,1.0051323380321264,0.04447272710967809,6.3381338543064585,"[15793468, 15693468, 15493468, 15593468, 15193468, 15093468, 15893468, 15993468, 15293468, 15393468]","[15, 15, 15, 15, 15, 15, 15, 15, 15, 15]"
841,3,"[14, 16, 20]",3,1.055092282127589,0.052166454144753516,7.304605929025759,"[15465909, 15565909, 15265909, 15365909, 15665909, 15765909, 15165909, 15065909, 15965909, 15865909]","[16, 16, 16, 16, 16, 16, 16, 16, 16, 16]"
842,3,"[6, 9, 11]",3,1.1388673720648512,0.07891886704601347,7.051301721852117,"[15632003, 15732003, 15432003, 15532003, 15332003, 15232003, 15032003, 15132003, 15832003, 15932003]","[6, 6, 6, 6, 6, 6, 6, 6, 6, 6]"
843,3,"[14, 21, 23]",3,1.060529524111189,0.0486708510434255,7.5888229731741985,"[15139391, 15039391, 15739391, 15639391, 15539391, 15439391, 15939391, 15839391, 15339391, 15239391]","[14, 14, 14, 14, 14, 14, 14, 14, 14, 14]"
844,3,"[11, 14, 15]",3,1.1036507949465886,0.052611203980632126,7.516516114507492,"[15597127, 15497127, 15997127, 15897127, 15197127, 15097127, 15297127, 15397127, 15797127, 15697127]","[15, 15, 15, 15, 15, 15, 15, 15, 15, 15]"
845,3,"[9, 13, 15]",3,1.140357590164058,0.06657461007125676,7.5650298173422925,"[15934126, 15834126, 15734126, 15634126, 15034126, 15134126, 15334126, 15234126, 15434126, 15534126]","[15, 15, 15, 15, 15, 15, 15, 15, 15, 15]"
846,3,"[1, 11, 15]",3,1.0732850519707426,0.052315332111902535,5.965094275171093,"[15722546, 15622546, 15422546, 15522546, 15122546, 15022546, 15822546, 15922546, 15222546, 15322546]","[11, 11, 11, 11, 11, 11, 11, 11, 11, 11]"
847,3,"[2, 14, 15]",3,1.0833084130426869,0.05994358495809138,7.13567312201485,"[15695319, 15795319, 15495319, 15595319, 15395319, 15295319, 15095319, 15195319, 15895319, 15995319]","[2, 2, 2, 2, 2, 2, 2, 2, 2, 2]"
848,3,"[4, 21, 23]",3,1.1043460587970912,0.07643622509203851,5.929621179180685,"[15109604, 15009604, 15709604, 15609604, 15509604, 15409604, 15909604, 15809604, 15309604, 15209604]","[4, 4, 4, 4, 4, 4, 4, 4, 4, 4]"
849,3,"[2, 5, 15]",3,1.0314363000215963,0.05397131200879812,5.665574852998058,"[15718495, 15618495, 15418495, 15518495, 15118495, 15018495, 15818495, 15918495, 15218495, 15318495]","[5, 5, 5, 5, 5, 5, 5, 5, 5, 5]"
850,3,"[6, 15]",2,0.720808538957499,0.03136153507512063,6.697666308959015,"[15163762, 15063762, 15763762, 15663762, 15563762, 15463762, 15963762, 15863762, 15363762, 15263762]","[6, 6, 6, 6, 6, 6, 6, 6, 6, 6]"
851,3,"[7, 9, 14]",3,1.1177062990609556,0.15517641208134592,8.265118634696895,"[17460442, 17560442, 16960442, 16860442, 16760442, 16660442, 17360442, 17260442, 17160442, 17060442]","[9, 9, 9, 9, 9, 9, 9, 9, 9, 9]"
852,3,"[5, 22, 23]",3,1.0180495121749118,0.05195590911898762,6.10040721349651,"[15662094, 15762094, 15462094, 15562094, 15362094, 15262094, 15062094, 15162094, 15862094, 15962094]","[5, 5, 5, 5, 5, 5, 5, 5, 5, 5]"
853,3,"[7, 21, 23]",3,1.0345785089302808,0.051936578121967614,6.285463669337332,"[15284668, 15384668, 15484668, 15584668, 15684668, 15784668, 15084668, 15184668, 15884668, 15984668]","[7, 7, 7, 7, 7, 7, 7, 7, 7, 7]"
854,3,"[3, 4, 16]",3,1.1716842859750614,0.04859362402930856,5.027510670013726,"[15961605, 15861605, 15761605, 15661605, 15061605, 15161605, 15361605, 15261605, 15461605, 15561605]","[16, 16, 16, 16, 16, 16, 16, 16, 16, 16]"
855,3,"[15, 23]",2,0.7046237830072641,0.0690832738764584,6.516436934703961,"[15113278, 15013278, 15713278, 15613278, 15513278, 15413278, 15913278, 15813278, 15313278, 15213278]","[15, 15, 15, 15, 15, 15, 15, 15, 15, 15]"
856,3,"[15, 17, 20]",3,1.0244554110104218,0.04844749299809337,6.712311283161398,"[15655437, 15755437, 15455437, 15555437, 15355437, 15255437, 15055437, 15155437, 15855437, 15955437]","[15, 15, 15, 15, 15, 15, 15, 15, 15, 15]"
857,3,"[2, 21]",2,0.6803390569984913,0.03479274292476475,5.740322162542725,"[15447224, 15547224, 15747224, 15647224, 15247224, 15347224, 15147224, 15047224, 15947224, 15847224]","[21, 21, 21, 21, 21, 21, 21, 21, 21, 21]"
858,3,"[2, 19, 23]",3,1.0561542100040242,0.048743827966973186,5.601540151517838,"[15102432, 15002432, 15702432, 15602432, 15502432, 15402432, 15902432, 15802432, 15302432, 15202432]","[2, 2, 2, 2, 2, 2, 2, 2, 2, 2]"
859,3,"[14, 15, 18]",3,2.573873542016372,0.19239892100449651,7.594555194664281,"[15129922, 15029922, 15729922, 15629922, 15529922, 15429922, 15929922, 15829922, 15329922, 15229922]","[14, 14, 14, 14, 14, 14, 14, 14, 14, 14]"
860,3,"[0, 19, 23]",3,1.217215440934524,0.08097122784238309,5.847495215168844,"[15441474, 15541474, 15841474, 15941474, 15041474, 15141474, 15641474, 15741474, 15341474, 15241474]","[19, 19, 19, 19, 19, 19, 19, 19, 19, 19]"
861,3,"[2, 6, 21]",3,1.0246817989973351,0.06137129187118262,5.9575832351886975,"[15723534, 15623534, 15423534, 15523534, 15123534, 15023534, 15823534, 15923534, 15223534, 15323534]","[6, 6, 6, 6, 6, 6, 6, 6, 6, 6]"
862,3,"[4, 14, 23]",3,1.0723536809673533,0.05144200602080673,6.90400378035459,"[15795263, 15695263, 15495263, 15595263, 15195263, 15095263, 15895263, 15995263, 15295263, 15395263]","[14, 14, 14, 14, 14, 14, 14, 14, 14, 14]"
863,3,"[14, 19, 23]",3,1.077657722053118,0.05139928497374058,7.353599472340041,"[15640412, 15740412, 15040412, 15140412, 15240412, 15340412, 15940412, 15840412, 15440412, 15540412]","[23, 23, 23, 23, 23, 23, 23, 23, 23, 23]"
864,3,"[2, 7, 14]",3,1.0705740089761093,0.047668587882071733,6.774566420877818,"[15175985, 15075985, 15275985, 15375985, 15575985, 15475985, 15975985, 15875985, 15775985, 15675985]","[2, 2, 2, 2, 2, 2, 2, 2, 2, 2]"
865,3,"[6, 14]",2,0.7294120138976723,0.03834458696655929,8.111045213008765,"[15432184, 15532184, 15832184, 15932184, 15032184, 15132184, 15632184, 15732184, 15332184, 15232184]","[14, 14, 14, 14, 14, 14, 14, 14, 14, 14]"
866,3,"[2, 4, 19]",3,1.0651616549585015,0.05137114902026951,5.209117828713109,"[15776182, 15676182, 15476182, 15576182, 15176182, 15076182, 15876182, 15976182, 15276182, 15376182]","[4, 4, 4, 4, 4, 4, 4, 4, 4, 4]"
867,3,"[14, 15, 16]",3,1.0701271370053291,0.06399782106745988,7.500679889655051,"[15645304, 15745304, 15445304, 15545304, 15345304, 15245304, 15045304, 15145304, 15845304, 15945304]","[14, 14, 14, 14, 14, 14, 14, 14, 14, 14]"
868,3,"[3, 4, 16]",3,1.127190479892306,0.12578195706009865,5.027510670013726,"[15105332, 15005332, 15705332, 15605332, 15505332, 15405332, 15905332, 15805332, 15305332, 15205332]","[3, 3, 3, 3, 3, 3, 3, 3, 3, 3]"
869,3,"[0, 15, 16]",3,1.0519774950807914,0.050926981144584715,5.994575632483854,"[15575067, 15475067, 15975067, 15875067, 15175067, 15075067, 15275067, 15375067, 15775067, 15675067]","[16, 16, 16, 16, 16, 16, 16, 16, 16, 16]"
870,3,"[11, 17, 20]",3,1.0115412309532985,0.05096593301277608,6.28334755753167,"[15154655, 15054655, 15754655, 15654655, 15554655, 15454655, 15954655, 15854655, 15354655, 15254655]","[11, 11, 11, 11, 11, 11, 11, 11, 11, 11]"
871,3,"[8, 16, 18]",3,0.9517081019002944,0.043339986936189234,5.987209208833519,"[15480546, 15580546, 15280546, 15380546, 15680546, 15780546, 15180546, 15080546, 15980546, 15880546]","[16, 16, 16, 16, 16, 16, 16, 16, 16, 16]"
872,3,"[7, 9, 22]",3,1.0581006649881601,0.07075464213266969,7.272418542862094,"[15593418, 15493418, 15993418, 15893418, 15193418, 15093418, 15693418, 15793418, 15293418, 15393418]","[22, 22, 22, 22, 22, 22, 22, 22, 22, 22]"
873,3,"[2, 12, 23]",3,0.9863452970748767,0.043603864032775164,5.602837354682076,"[15642081, 15742081, 15442081, 15542081, 15342081, 15242081, 15042081, 15142081, 15842081, 15942081]","[2, 2, 2, 2, 2, 2, 2, 2, 2, 2]"
874,3,"[2, 15, 21]",3,1.031106235110201,0.043546884902752936,6.161290520840946,"[15597127, 15497127, 15197127, 15097127, 15797127, 15697127, 15397127, 15297127, 15997127, 15897127]","[15, 15, 15, 15, 15, 15, 15, 15, 15, 15]"
875,3,"[2, 19, 20]",3,1.066181016038172,0.05149979016277939,5.729993059377496,"[15541474, 15441474, 15141474, 15041474, 15741474, 15641474, 15341474, 15241474, 15941474, 15841474]","[19, 19, 19, 19, 19, 19, 19, 19, 19, 19]"
876,3,"[9, 14, 23]",3,1.0719604060286656,0.05142118502408266,8.301698467344977,"[16760442, 16660442, 17260442, 17360442, 17160442, 17060442, 17460442, 17560442, 16860442, 16960442]","[9, 9, 9, 9, 9, 9, 9, 9, 9, 9]"
877,3,"[7, 15, 17]",3,1.0344420861219987,0.05648213007953018,6.5472785426536575,"[15138125, 15038125, 15238125, 15338125, 15538125, 15438125, 15938125, 15838125, 15738125, 15638125]","[7, 7, 7, 7, 7, 7, 7, 7, 7, 7]"
878,3,"[17, 20, 23]",3,0.9921596189960837,0.051013063988648355,6.387784414672448,"[15295017, 15395017, 15495017, 15595017, 15695017, 15795017, 15095017, 15195017, 15895017, 15995017]","[17, 17, 17, 17, 17, 17, 17, 17, 17, 17]"
879,3,"[8, 17, 21]",3,0.9639203930273652,0.043600367032922804,6.655961812667859,"[15582813, 15482813, 15982813, 15882813, 15182813, 15082813, 15682813, 15782813, 15282813, 15382813]","[21, 21, 21, 21, 21, 21, 21, 21, 21, 21]"
880,3,"[5, 24]",2,0.6875476010609418,0.026558625977486372,6.18141806521453,"[15428116, 15528116, 15828116, 15928116, 15028116, 15128116, 15628116, 15728116, 15328116, 15228116]","[24, 24, 24, 24, 24, 24, 24, 24, 24, 24]"
881,3,"[7, 11, 15]",3,1.064654833986424,0.047268779133446515,6.213156810670625,"[15987730, 15887730, 15587730, 15487730, 15387730, 15287730, 15187730, 15087730, 15787730, 15687730]","[7, 7, 7, 7, 7, 7, 7, 7, 7, 7]"
882,3,"[4, 8, 18]",3,0.9874208819819614,0.04712897795252502,5.715059968022008,"[15759561, 15659561, 15459561, 15559561, 15159561, 15059561, 15859561, 15959561, 15259561, 15359561]","[8, 8, 8, 8, 8, 8, 8, 8, 8, 8]"
883,3,"[12, 14, 20]",3,1.0276788159972057,0.04746046208310872,7.483349583363936,"[15543732, 15443732, 15943732, 15843732, 15143732, 15043732, 15643732, 15743732, 15243732, 15343732]","[20, 20, 20, 20, 20, 20, 20, 20, 20, 20]"
884,3,"[2, 16, 22]",3,1.0074505500961095,0.04722504899837077,5.698173079697881,"[15658164, 15758164, 15458164, 15558164, 15358164, 15258164, 15058164, 15158164, 15858164, 15958164]","[2, 2, 2, 2, 2, 2, 2, 2, 2, 2]"
885,3,"[3, 15, 23]",3,1.0457422719337046,0.04762218694668263,5.8647329433006234,"[15419254, 15519254, 15219254, 15319254, 15619254, 15719254, 15119254, 15019254, 15919254, 15819254]","[15, 15, 15, 15, 15, 15, 15, 15, 15, 15]"
886,3,"[14, 17, 23]",3,1.035245196078904,0.05143794510513544,7.526110978001573,"[15032184, 15132184, 15432184, 15532184, 15932184, 15832184, 15732184, 15632184, 15232184, 15332184]","[14, 14, 14, 14, 14, 14, 14, 14, 14, 14]"
887,3,"[3, 14]",2,0.7264098710147664,0.03875443106517196,7.195655003015418,"[15466482, 15566482, 15866482, 15966482, 15066482, 15166482, 15666482, 15766482, 15366482, 15266482]","[14, 14, 14, 14, 14, 14, 14, 14, 14, 14]"
888,3,"[0, 14, 15]",3,1.1102922321297228,0.048695100005716085,7.381628185665856,"[15307630, 15207630, 15007630, 15107630, 15607630, 15707630, 15907630, 15807630, 15407630, 15507630]","[15, 15, 15, 15, 15, 15, 15, 15, 15, 15]"
889,3,"[11, 13, 14]",3,1.097427854896523,0.04838261299300939,7.3975731987156905,"[15575525, 15475525, 15975525, 15875525, 15175525, 15075525, 15275525, 15375525, 15775525, 15675525]","[14, 14, 14, 14, 14, 14, 14, 14, 14, 14]"
890,3,"[4, 5, 14]",3,1.0879623129731044,0.05243638809770346,6.700684982526582,"[15007300, 15107300, 15407300, 15507300, 15907300, 15807300, 15707300, 15607300, 15207300, 15307300]","[4, 4, 4, 4, 4, 4, 4, 4, 4, 4]"
891,3,"[0, 6, 21]",3,1.060445172013715,0.06772478297352791,6.203538298839703,"[15585460, 15485460, 15985460, 15885460, 15185460, 15085460, 15285460, 15385460, 15785460, 15685460]","[21, 21, 21, 21, 21, 21, 21, 21, 21, 21]"
892,3,"[2, 14, 23]",3,1.065943015855737,0.052602828945964575,6.811146253525901,"[15977832, 15877832, 15777832, 15677832, 15077832, 15177832, 15377832, 15277832, 15477832, 15577832]","[23, 23, 23, 23, 23, 23, 23, 23, 23, 23]"
893,3,"[2, 15, 21]",3,1.0438900919398293,0.057487228070385754,6.161290520840946,"[15535601, 15435601, 15935601, 15835601, 15135601, 15035601, 15235601, 15335601, 15735601, 15635601]","[21, 21, 21, 21, 21, 21, 21, 21, 21, 21]"
894,3,"[11, 15, 23]",3,1.062989637022838,0.048837171168997884,6.249736643318708,"[15484852, 15584852, 15284852, 15384852, 15684852, 15784852, 15184852, 15084852, 15984852, 15884852]","[15, 15, 15, 15, 15, 15, 15, 15, 15, 15]"
895,3,"[2, 14, 18]",3,1.048714547068812,0.048003857024013996,6.784748476541911,"[15348005, 15248005, 15048005, 15148005, 15648005, 15748005, 15948005, 15848005, 15448005, 15548005]","[18, 18, 18, 18, 18, 18, 18, 18, 18, 18]"
896,3,"[14, 20, 22]",3,1.068292296025902,0.04818843281827867,7.698958390372961,"[15539424, 15439424, 15939424, 15839424, 15139424, 15039424, 15239424, 15339424, 15739424, 15639424]","[22, 22, 22, 22, 22, 22, 22, 22, 22, 22]"
897,3,"[1, 14, 20]",3,1.0734430168522522,0.055673589929938316,7.140236642871362,"[15538639, 15438639, 15938639, 15838639, 15138639, 15038639, 15638639, 15738639, 15238639, 15338639]","[20, 20, 20, 20, 20, 20, 20, 20, 20, 20]"
898,3,"[14, 15, 24]",3,1.1154601131565869,0.05203287291806191,7.925452724972274,"[15266783, 15366783, 15466783, 15566783, 15166783, 15066783, 15866783, 15966783, 15666783, 15766783]","[15, 15, 15, 15, 15, 15, 15, 15, 15, 15]"
899,3,"[6, 20, 21]",3,1.037577707087621,0.05637577280867845,6.571315992681775,"[15543206, 15443206, 15943206, 15843206, 15143206, 15043206, 15243206, 15343206, 15743206, 15643206]","[21, 21, 21, 21, 21, 21, 21, 21, 21, 21]"
900,3,"[2, 11, 14]",3,1.083374526933767,0.052576718968339264,6.706709396385122,"[15474554, 15574554, 15274554, 15374554, 15674554, 15774554, 15174554, 15074554, 15974554, 15874554]","[11, 11, 11, 11, 11, 11, 11, 11, 11, 11]"
901,3,"[0, 13]",2,0.7249434919795021,0.03875944809988141,5.979035382042639,"[15577874, 15477874, 15177874, 15077874, 15777874, 15677874, 15377874, 15277874, 15977874, 15877874]","[13, 13, 13, 13, 13, 13, 13, 13, 13, 13]"
902,3,"[15, 16, 21]",3,1.0243344369810075,0.048102802131325006,6.526297288481146,"[15113278, 15013278, 15213278, 15313278, 15513278, 15413278, 15913278, 15813278, 15713278, 15613278]","[15, 15, 15, 15, 15, 15, 15, 15, 15, 15]"
903,3,"[2, 17, 20]",3,1.0087191259954125,0.051777535933069885,5.902504565039028,"[15452103, 15552103, 15652103, 15752103, 15952103, 15852103, 15152103, 15052103, 15252103, 15352103]","[20, 20, 20, 20, 20, 20, 20, 20, 20, 20]"
904,3,"[6, 7, 20]",3,1.055992302019149,0.07365055696573108,6.242339290018815,"[15123534, 15023534, 15723534, 15623534, 15523534, 15423534, 15923534, 15823534, 15323534, 15223534]","[6, 6, 6, 6, 6, 6, 6, 6, 6, 6]"
905,3,"[2, 9, 24]",3,1.0727691629435867,0.0530471159145236,6.854138899846778,"[15074024, 15174024, 15474024, 15574024, 15974024, 15874024, 15774024, 15674024, 15274024, 15374024]","[2, 2, 2, 2, 2, 2, 2, 2, 2, 2]"
906,3,"[0, 20, 21]",3,1.043567798100412,0.05241859098896384,6.211171623862659,"[15582391, 15482391, 15982391, 15882391, 15182391, 15082391, 15282391, 15382391, 15782391, 15682391]","[21, 21, 21, 21, 21, 21, 21, 21, 21, 21]"
907,3,"[0, 9, 23]",3,1.0685258569428697,0.05232945107854903,6.795594210173779,"[15513321, 15413321, 15913321, 15813321, 15113321, 15013321, 15213321, 15313321, 15713321, 15613321]","[23, 23, 23, 23, 23, 23, 23, 23, 23, 23]"
908,3,"[8, 14, 19]",3,1.0661377939395607,0.04833548190072179,7.457832908180232,"[15795263, 15695263, 15495263, 15595263, 15195263, 15095263, 15895263, 15995263, 15295263, 15395263]","[14, 14, 14, 14, 14, 14, 14, 14, 14, 14]"
909,3,"[3, 14, 20]",3,1.0752522421535105,0.04846436996012926,6.935438453860115,"[15795263, 15695263, 15495263, 15595263, 15195263, 15095263, 15895263, 15995263, 15295263, 15395263]","[14, 14, 14, 14, 14, 14, 14, 14, 14, 14]"
910,3,"[4, 17, 20]",3,1.0281703639775515,0.04607334197498858,5.995362091867719,"[17204315, 17304315, 16604315, 16704315, 16804315, 16904315, 17504315, 17404315, 17004315, 17104315]","[20, 20, 20, 20, 20, 20, 20, 20, 20, 20]"
911,3,"[7, 9, 19]",3,1.087509123957716,0.05230810504872352,7.055512532688833,"[15583443, 15483443, 15983443, 15883443, 15183443, 15083443, 15683443, 15783443, 15283443, 15383443]","[19, 19, 19, 19, 19, 19, 19, 19, 19, 19]"
912,3,"[5, 14, 22]",3,1.0570666010025889,0.04460907506290823,7.367186684685294,"[15625750, 15725750, 15525750, 15425750, 15825750, 15925750, 15125750, 15025750, 15325750, 15225750]","[14, 14, 14, 14, 14, 14, 14, 14, 14, 14]"
913,3,"[0, 2, 9]",3,1.0691543240100145,0.05621084594167769,6.31031436054036,"[15628176, 15728176, 15428176, 15528176, 15328176, 15228176, 15028176, 15128176, 15828176, 15928176]","[0, 0, 0, 0, 0, 0, 0, 0, 0, 0]"
914,3,"[14, 16, 23]",3,1.0462663719663396,0.06609734916128218,7.176153021166101,"[15477832, 15577832, 15977832, 15877832, 15377832, 15277832, 15777832, 15677832, 15177832, 15077832]","[23, 23, 23, 23, 23, 23, 23, 23, 23, 23]"
915,3,"[5, 11, 14]",3,1.065884113078937,0.052334778010845184,6.988670448190533,"[15180639, 15080639, 15780639, 15680639, 15580639, 15480639, 15980639, 15880639, 15380639, 15280639]","[5, 5, 5, 5, 5, 5, 5, 5, 5, 5]"
916,3,"[13, 20, 23]",3,1.043496362050064,0.06778253801167011,6.363683492527343,"[15513321, 15413321, 15913321, 15813321, 15113321, 15013321, 15613321, 15713321, 15213321, 15313321]","[23, 23, 23, 23, 23, 23, 23, 23, 23, 23]"
917,3,"[5, 14, 17]",3,1.0313866919605061,0.05265388009138405,7.322792180173565,"[15483250, 15583250, 15283250, 15383250, 15683250, 15783250, 15183250, 15083250, 15983250, 15883250]","[14, 14, 14, 14, 14, 14, 14, 14, 14, 14]"
918,3,"[3, 13, 16]",3,1.037542775971815,0.06615570280700922,5.625516945515604,"[15512927, 15412927, 15112927, 15012927, 15712927, 15612927, 15312927, 15212927, 15912927, 15812927]","[13, 13, 13, 13, 13, 13, 13, 13, 13, 13]"
919,3,"[3, 6, 20]",3,1.0511214400175959,0.06436333595775068,5.789478565508034,"[15772178, 15672178, 15472178, 15572178, 15172178, 15072178, 15872178, 15972178, 15272178, 15372178]","[6, 6, 6, 6, 6, 6, 6, 6, 6, 6]"
920,3,"[16, 20, 24]",3,1.0395777928642929,0.04839842696674168,6.34232621116098,"[15265816, 15365816, 15465816, 15565816, 15165816, 15065816, 15865816, 15965816, 15665816, 15765816]","[20, 20, 20, 20, 20, 20, 20, 20, 20, 20]"
921,3,"[19, 22]",2,0.7213127730647102,0.03255457803606987,6.526525754772592,"[15462380, 15562380, 15862380, 15962380, 15062380, 15162380, 15662380, 15762380, 15362380, 15262380]","[22, 22, 22, 22, 22, 22, 22, 22, 22, 22]"
922,3,"[3, 7, 16]",3,1.0406201400328428,0.052115465980023146,5.383353160170373,"[15485017, 15585017, 15885017, 15985017, 15085017, 15185017, 15685017, 15785017, 15385017, 15285017]","[7, 7, 7, 7, 7, 7, 7, 7, 7, 7]"
923,3,"[4, 6, 20]",3,1.0586130380397663,0.056023015873506665,5.886496799862168,"[15543732, 15443732, 15943732, 15843732, 15143732, 15043732, 15243732, 15343732, 15743732, 15643732]","[20, 20, 20, 20, 20, 20, 20, 20, 20, 20]"
924,3,"[2, 21, 24]",3,1.0469230759190395,0.05211144394706935,6.141263405676,"[15712033, 15612033, 15412033, 15512033, 15112033, 15012033, 15812033, 15912033, 15212033, 15312033]","[21, 21, 21, 21, 21, 21, 21, 21, 21, 21]"
925,3,"[2, 10, 21]",3,1.0325940659968182,0.05213100789114833,6.3067224471985055,"[15547455, 15447455, 15947455, 15847455, 15147455, 15047455, 15647455, 15747455, 15247455, 15347455]","[21, 21, 21, 21, 21, 21, 21, 21, 21, 21]"
926,3,"[2, 14, 15]",3,1.0863849670859054,0.05046599707566202,7.13567312201485,"[15313278, 15213278, 15013278, 15113278, 15613278, 15713278, 15913278, 15813278, 15413278, 15513278]","[15, 15, 15, 15, 15, 15, 15, 15, 15, 15]"
927,3,"[0, 14, 15]",3,1.1144939669175074,0.05285596288740635,7.381628185665856,"[15307630, 15207630, 15007630, 15107630, 15607630, 15707630, 15907630, 15807630, 15407630, 15507630]","[15, 15, 15, 15, 15, 15, 15, 15, 15, 15]"
928,3,"[8, 16, 23]",3,0.9833859270438552,0.04822991194669157,6.013606985817508,"[15462128, 15562128, 15262128, 15362128, 15662128, 15762128, 15162128, 15062128, 15962128, 15862128]","[16, 16, 16, 16, 16, 16, 16, 16, 16, 16]"
929,3,"[2, 6, 16]",3,1.0243881240021437,0.05198912601917982,5.544913283180601,"[15095319, 15195319, 15495319, 15595319, 15995319, 15895319, 15795319, 15695319, 15295319, 15395319]","[2, 2, 2, 2, 2, 2, 2, 2, 2, 2]"
930,3,"[14, 16, 24]",3,1.0804074049228802,0.04478230618406087,7.480652774490106,"[15503534, 15403534, 15903534, 15803534, 15103534, 15003534, 15203534, 15303534, 15703534, 15603534]","[24, 24, 24, 24, 24, 24, 24, 24, 24, 24]"
931,3,"[4, 11, 16]",3,1.0498010480077937,0.04636993492022157,5.41251437003181,"[15553413, 15453413, 15953413, 15853413, 15153413, 15053413, 15253413, 15353413, 15753413, 15653413]","[16, 16, 16, 16, 16, 16, 16, 16, 16, 16]"
932,3,"[0, 1, 8]",3,1.038853928912431,0.04834162106271833,5.609912913680698,"[15987871, 15887871, 15787871, 15687871, 15087871, 15187871, 15387871, 15287871, 15487871, 15587871]","[8, 8, 8, 8, 8, 8, 8, 8, 8, 8]"
933,3,"[0, 7, 12]",3,1.042207935010083,0.04859758401289582,5.812212585684999,"[15534476, 15434476, 15934476, 15834476, 15134476, 15034476, 15234476, 15334476, 15734476, 15634476]","[12, 12, 12, 12, 12, 12, 12, 12, 12, 12]"
934,3,"[11, 14, 16]",3,1.0761553380871192,0.04871027800254524,7.0717161640253225,"[15739391, 15639391, 15439391, 15539391, 15139391, 15039391, 15839391, 15939391, 15239391, 15339391]","[14, 14, 14, 14, 14, 14, 14, 14, 14, 14]"
935,3,"[0, 14, 15]",3,1.1096842619590461,0.06428718008100986,7.381628185665856,"[15693468, 15793468, 15093468, 15193468, 15293468, 15393468, 15993468, 15893468, 15493468, 15593468]","[15, 15, 15, 15, 15, 15, 15, 15, 15, 15]"
936,3,"[1, 2, 9]",3,1.055786023964174,0.05250583600718528,6.264996778375159,"[15165343, 15065343, 15765343, 15665343, 15565343, 15465343, 15965343, 15865343, 15365343, 15265343]","[1, 1, 1, 1, 1, 1, 1, 1, 1, 1]"
937,3,"[14, 21, 24]",3,1.0888545350171626,0.05245807906612754,7.893322726498202,"[17351066, 17251066, 16951066, 16851066, 17551066, 17451066, 17151066, 17051066, 16651066, 16751066]","[14, 14, 14, 14, 14, 14, 14, 14, 14, 14]"
938,3,"[14, 20, 21]",3,1.0670449209865183,0.05241736408788711,7.717275881033856,"[15552103, 15452103, 15252103, 15352103, 15952103, 15852103, 15052103, 15152103, 15652103, 15752103]","[20, 20, 20, 20, 20, 20, 20, 20, 20, 20]"
939,3,"[2, 7, 10]",3,1.0444231319706887,0.05138016177807003,5.977745744535544,"[15158164, 15058164, 15258164, 15358164, 15558164, 15458164, 15958164, 15858164, 15758164, 15658164]","[2, 2, 2, 2, 2, 2, 2, 2, 2, 2]"
940,3,"[14, 17, 19]",3,1.0641510779969394,0.06508593703620136,7.583284347182295,"[15620515, 15720515, 15420515, 15520515, 15320515, 15220515, 15020515, 15120515, 15820515, 15920515]","[14, 14, 14, 14, 14, 14, 14, 14, 14, 14]"
941,3,"[6, 20, 21]",3,1.0225122530246153,0.052148552145808935,6.571315992681775,"[15697079, 15797079, 15497079, 15597079, 15397079, 15297079, 15097079, 15197079, 15897079, 15997079]","[6, 6, 6, 6, 6, 6, 6, 6, 6, 6]"
942,3,"[12, 14, 21]",3,1.0208787370938808,0.04718188080005348,7.647293545519157,"[17051066, 17151066, 16851066, 16951066, 17251066, 17351066, 17551066, 17451066, 16751066, 16651066]","[14, 14, 14, 14, 14, 14, 14, 14, 14, 14]"
943,3,"[9, 15, 16]",3,1.040102752042003,0.05022973008453846,7.2391727826519245,"[15901379, 15801379, 15701379, 15601379, 15001379, 15101379, 15301379, 15201379, 15401379, 15501379]","[16, 16, 16, 16, 16, 16, 16, 16, 16, 16]"
944,3,"[2, 15, 20]",3,1.0342546020401642,0.04740908625535667,5.997346558685725,"[15122339, 15022339, 15222339, 15322339, 15522339, 15422339, 15922339, 15822339, 15722339, 15622339]","[2, 2, 2, 2, 2, 2, 2, 2, 2, 2]"
945,3,"[0, 14, 20]",3,1.0708034419221804,0.05503589811269194,7.185554225036564,"[15757135, 15657135, 15457135, 15557135, 15157135, 15057135, 15857135, 15957135, 15257135, 15357135]","[14, 14, 14, 14, 14, 14, 14, 14, 14, 14]"
946,3,"[0, 2, 4]",3,1.0565464859828353,0.060729385004378855,4.912619673549973,"[15523283, 15423283, 15923283, 15823283, 15123283, 15023283, 15223283, 15323283, 15723283, 15623283]","[4, 4, 4, 4, 4, 4, 4, 4, 4, 4]"
947,3,"[14, 20, 21]",3,1.0469092290150002,0.05120651901233941,7.717275881033856,"[15752103, 15652103, 15452103, 15552103, 15352103, 15252103, 15852103, 15952103, 15052103, 15152103]","[20, 20, 20, 20, 20, 20, 20, 20, 20, 20]"
948,3,"[2, 5, 14]",3,1.0482689290074632,0.05124210298527032,6.607827455697891,"[15122339, 15022339, 15722339, 15622339, 15522339, 15422339, 15922339, 15822339, 15322339, 15222339]","[2, 2, 2, 2, 2, 2, 2, 2, 2, 2]"
949,3,"[14, 15, 21]",3,1.0653745780000463,0.047403378994204104,7.913349841663148,"[15564035, 15464035, 15964035, 15864035, 15164035, 15064035, 15664035, 15764035, 15264035, 15364035]","[21, 21, 21, 21, 21, 21, 21, 21, 21, 21]"
950,3,"[3, 15, 16]",3,1.032614194904454,0.058756622951477766,5.744459861307405,"[15213278, 15313278, 15413278, 15513278, 15113278, 15013278, 15813278, 15913278, 15613278, 15713278]","[15, 15, 15, 15, 15, 15, 15, 15, 15, 15]"
951,3,"[2, 12, 23]",3,0.9904965590685606,0.043395039974711835,5.602837354682076,"[15957538, 15857538, 15757538, 15657538, 15057538, 15157538, 15357538, 15257538, 15457538, 15557538]","[23, 23, 23, 23, 23, 23, 23, 23, 23, 23]"
952,3,"[2, 23]",2,0.6728227700805292,0.034068051958456635,5.301726857520407,"[15157538, 15057538, 15557538, 15457538, 15357538, 15257538, 15857538, 15957538, 15757538, 15657538]","[23, 23, 23, 23, 23, 23, 23, 23, 23, 23]"
953,3,"[2, 3, 6]",3,1.0407148890662938,0.05143855500500649,5.175745808014956,"[15551527, 15451527, 15151527, 15051527, 15251527, 15351527, 15951527, 15851527, 15651527, 15751527]","[6, 6, 6, 6, 6, 6, 6, 6, 6, 6]"
954,3,"[2, 12, 21]",3,0.9858171329833567,0.05355952982790768,5.895234224696954,"[15510988, 15410988, 15910988, 15810988, 15110988, 15010988, 15210988, 15310988, 15710988, 15610988]","[21, 21, 21, 21, 21, 21, 21, 21, 21, 21]"
955,3,"[11, 15]",2,0.7130127699347213,0.034291495103389025,6.359781648992794,"[15724352, 15624352, 15424352, 15524352, 15124352, 15024352, 15824352, 15924352, 15224352, 15324352]","[15, 15, 15, 15, 15, 15, 15, 15, 15, 15]"
956,3,"[3, 14, 20]",3,1.063303083064966,0.0475765549344942,6.935438453860115,"[15739391, 15639391, 15439391, 15539391, 15139391, 15039391, 15839391, 15939391, 15239391, 15339391]","[14, 14, 14, 14, 14, 14, 14, 14, 14, 14]"
957,3,"[13, 14, 23]",3,1.0675509528955445,0.05083132395520806,7.502010055856469,"[15513321, 15413321, 15913321, 15813321, 15113321, 15013321, 15213321, 15313321, 15713321, 15613321]","[23, 23, 23, 23, 23, 23, 23, 23, 23, 23]"
958,3,"[5, 18, 20]",3,0.9796726381173357,0.05129440885502845,5.928382965018197,"[15509728, 15409728, 15909728, 15809728, 15109728, 15009728, 15209728, 15309728, 15709728, 15609728]","[20, 20, 20, 20, 20, 20, 20, 20, 20, 20]"
959,3,"[14, 20, 21]",3,1.0464859920321032,0.05123158416245133,7.717275881033856,"[15971309, 15871309, 15771309, 15671309, 15071309, 15171309, 15371309, 15271309, 15471309, 15571309]","[21, 21, 21, 21, 21, 21, 21, 21, 21, 21]"
960,3,"[2, 8, 22]",3,0.990722042042762,0.052021985058672726,5.92267959753129,"[15195319, 15095319, 15795319, 15695319, 15595319, 15495319, 15995319, 15895319, 15395319, 15295319]","[2, 2, 2, 2, 2, 2, 2, 2, 2, 2]"
961,3,"[5, 14, 21]",3,1.032472430029884,0.051192230894230306,7.385504175346189,"[15483250, 15583250, 15283250, 15383250, 15683250, 15783250, 15183250, 15083250, 15983250, 15883250]","[14, 14, 14, 14, 14, 14, 14, 14, 14, 14]"
962,3,"[3, 9, 23]",3,1.044481407967396,0.059803796117194,6.545478438997331,"[15209797, 15309797, 15409797, 15509797, 15109797, 15009797, 15809797, 15909797, 15609797, 15709797]","[9, 9, 9, 9, 9, 9, 9, 9, 9, 9]"
963,3,"[0, 1, 14]",3,1.0849501099437475,0.05119090585503727,6.77245894902929,"[15566787, 15466787, 15966787, 15866787, 15166787, 15066787, 15266787, 15366787, 15766787, 15666787]","[14, 14, 14, 14, 14, 14, 14, 14, 14, 14]"
964,3,"[11, 15]",2,0.7095463019795716,0.030342531041242182,6.359781648992794,"[15174554, 15074554, 15774554, 15674554, 15574554, 15474554, 15974554, 15874554, 15374554, 15274554]","[11, 11, 11, 11, 11, 11, 11, 11, 11, 11]"
965,3,"[7, 16, 21]",3,1.0245144329965115,0.05092598497867584,6.165190587344114,"[15002593, 15102593, 15402593, 15502593, 15902593, 15802593, 15702593, 15602593, 15202593, 15302593]","[7, 7, 7, 7, 7, 7, 7, 7, 7, 7]"
966,3,"[2, 20, 23]",3,1.0164931319886819,0.055407767998985946,5.672819690196775,"[15717452, 15617452, 15417452, 15517452, 15117452, 15017452, 15817452, 15917452, 15217452, 15317452]","[20, 20, 20, 20, 20, 20, 20, 20, 20, 20]"
967,3,"[5, 15, 23]",3,1.0282571749994531,0.06230942194815725,6.150854702631477,"[15513321, 15413321, 15913321, 15813321, 15113321, 15013321, 15213321, 15313321, 15713321, 15613321]","[23, 23, 23, 23, 23, 23, 23, 23, 23, 23]"
968,3,"[5, 11, 15]",3,1.040606519090943,0.051900852005928755,6.046417845490699,"[15583482, 15483482, 15983482, 15883482, 15183482, 15083482, 15683482, 15783482, 15283482, 15383482]","[15, 15, 15, 15, 15, 15, 15, 15, 15, 15]"
969,3,"[0, 6, 8]",3,1.0355077841086313,0.050736731151118875,6.015374864665016,"[15963102, 15863102, 15263102, 15363102, 15463102, 15563102, 15663102, 15763102, 15063102, 15163102]","[0, 0, 0, 0, 0, 0, 0, 0, 0, 0]"
970,3,"[5, 6, 14]",3,1.0653144670650363,0.0822340699378401,7.213926888168014,"[15743115, 15643115, 15443115, 15543115, 15143115, 15043115, 15843115, 15943115, 15243115, 15343115]","[6, 6, 6, 6, 6, 6, 6, 6, 6, 6]"
971,3,"[14, 18, 23]",3,1.0477084429003298,0.04840254888404161,7.270028326175331,"[15145304, 15045304, 15745304, 15645304, 15545304, 15445304, 15945304, 15845304, 15345304, 15245304]","[14, 14, 14, 14, 14, 14, 14, 14, 14, 14]"
972,3,"[10, 21, 24]",3,1.0544467861764133,0.06677149597089738,7.096502050155929,"[16680848, 16780848, 17380848, 17280848, 16880848, 16980848, 17580848, 17480848, 17080848, 17180848]","[10, 10, 10, 10, 10, 10, 10, 10, 10, 10]"
973,3,"[9, 14, 22]",3,1.0928539100568742,0.04879879497457296,8.57577784669896,"[15900440, 15800440, 15700440, 15600440, 15000440, 15100440, 15300440, 15200440, 15400440, 15500440]","[22, 22, 22, 22, 22, 22, 22, 22, 22, 22]"
974,3,"[2, 5, 14]",3,1.0502247109543532,0.048455788171850145,6.607827455697891,"[15195319, 15095319, 15295319, 15395319, 15595319, 15495319, 15995319, 15895319, 15795319, 15695319]","[2, 2, 2, 2, 2, 2, 2, 2, 2, 2]"
975,3,"[9, 14]",2,0.7429585249628872,0.035155788995325565,9.437724385032197,"[15766544, 15666544, 15566544, 15466544, 15066544, 15166544, 15266544, 15366544, 15866544, 15966544]","[9, 9, 9, 9, 9, 9, 9, 9, 9, 9]"
976,3,"[0, 5, 14]",3,1.071527706924826,0.05246611393522471,6.853782519348897,"[15537909, 15437909, 15937909, 15837909, 15137909, 15037909, 15237909, 15337909, 15737909, 15637909]","[14, 14, 14, 14, 14, 14, 14, 14, 14, 14]"
977,3,"[14, 17, 23]",3,1.0499258978525177,0.052385585149750113,7.526110978001573,"[15401905, 15501905, 15801905, 15901905, 15001905, 15101905, 15701905, 15601905, 15201905, 15301905]","[23, 23, 23, 23, 23, 23, 23, 23, 23, 23]"
978,3,"[11, 16, 22]",3,1.0396994961192831,0.044064881978556514,6.079016072190522,"[15787355, 15687355, 15487355, 15587355, 15187355, 15087355, 15887355, 15987355, 15287355, 15387355]","[16, 16, 16, 16, 16, 16, 16, 16, 16, 16]"
979,3,"[3, 14, 21]",3,1.0720619249623269,0.053268634947016835,7.099382416015335,"[15784567, 15684567, 15484567, 15584567, 15184567, 15084567, 15884567, 15984567, 15284567, 15384567]","[14, 14, 14, 14, 14, 14, 14, 14, 14, 14]"
980,3,"[14, 21, 23]",3,1.0562178399413824,0.0551513530081138,7.5888229731741985,"[15103137, 15003137, 15703137, 15603137, 15503137, 15403137, 15903137, 15803137, 15303137, 15203137]","[14, 14, 14, 14, 14, 14, 14, 14, 14, 14]"
981,3,"[0, 3, 24]",3,1.089867786038667,0.05612548184581101,5.605381042153264,"[15699987, 15799987, 15499987, 15599987, 15399987, 15299987, 15099987, 15199987, 15899987, 15999987]","[0, 0, 0, 0, 0, 0, 0, 0, 0, 0]"
982,3,"[14, 16, 24]",3,1.0800054678693414,0.04842036799527705,7.480652774490106,"[15139391, 15039391, 15739391, 15639391, 15539391, 15439391, 15939391, 15839391, 15339391, 15239391]","[14, 14, 14, 14, 14, 14, 14, 14, 14, 14]"
983,3,"[0, 15, 22]",3,1.0735695660114288,0.04831450304482132,6.388928093831055,"[15339424, 15239424, 15039424, 15139424, 15639424, 15739424, 15939424, 15839424, 15439424, 15539424]","[22, 22, 22, 22, 22, 22, 22, 22, 22, 22]"
984,3,"[1, 11]",2,0.7195944999111816,0.03480725805275142,5.446027794037946,"[15689736, 15789736, 15489736, 15589736, 15389736, 15289736, 15089736, 15189736, 15889736, 15989736]","[1, 1, 1, 1, 1, 1, 1, 1, 1, 1]"
985,3,"[0, 19, 21]",3,1.0735439328709617,0.05640669900458306,6.139892085183722,"[15396588, 15296588, 15096588, 15196588, 15696588, 15796588, 15996588, 15896588, 15496588, 15596588]","[21, 21, 21, 21, 21, 21, 21, 21, 21, 21]"
986,3,"[2, 5, 12]",3,0.98655385884922,0.044244456104934216,5.3995185568540665,"[15454322, 15554322, 15254322, 15354322, 15654322, 15754322, 15154322, 15054322, 15954322, 15854322]","[5, 5, 5, 5, 5, 5, 5, 5, 5, 5]"
987,3,"[5, 15, 23]",3,1.027478217962198,0.04789383104071021,6.150854702631477,"[15213278, 15313278, 15413278, 15513278, 15113278, 15013278, 15813278, 15913278, 15613278, 15713278]","[15, 15, 15, 15, 15, 15, 15, 15, 15, 15]"
988,3,"[6, 9, 14]",3,1.0999470780370757,0.05260468798223883,8.42251805018168,"[16605568, 16705568, 17005568, 17105568, 17505568, 17405568, 17305568, 17205568, 16805568, 16905568]","[6, 6, 6, 6, 6, 6, 6, 6, 6, 6]"
989,3,"[14, 19, 23]",3,1.0947121969657019,0.07131846609991044,7.353599472340041,"[15960717, 15860717, 15760717, 15660717, 15060717, 15160717, 15360717, 15260717, 15460717, 15560717]","[23, 23, 23, 23, 23, 23, 23, 23, 23, 23]"
990,3,"[2, 21, 23]",3,1.0227583619998768,0.05225581198465079,5.836763652351995,"[15173380, 15073380, 15773380, 15673380, 15573380, 15473380, 15973380, 15873380, 15373380, 15273380]","[2, 2, 2, 2, 2, 2, 2, 2, 2, 2]"
991,3,"[8, 9, 15]",3,1.0345447800355032,0.06900065194349736,7.463679300485334,"[15617037, 15717037, 15417037, 15517037, 15317037, 15217037, 15017037, 15117037, 15817037, 15917037]","[8, 8, 8, 8, 8, 8, 8, 8, 8, 8]"
992,3,"[3, 8, 20]",3,1.0079850719776005,0.05581254092976451,5.772892418511522,"[15414241, 15514241, 15814241, 15914241, 15014241, 15114241, 15614241, 15714241, 15314241, 15214241]","[8, 8, 8, 8, 8, 8, 8, 8, 8, 8]"
993,3,"[14, 15, 23]",3,1.086532280081883,0.044650257914327085,7.620952971648269,"[15513321, 15413321, 15913321, 15813321, 15113321, 15013321, 15213321, 15313321, 15713321, 15613321]","[23, 23, 23, 23, 23, 23, 23, 23, 23, 23]"
994,3,"[0, 5, 14]",3,1.0729474179679528,0.052827570121735334,6.853782519348897,"[15189562, 15089562, 15789562, 15689562, 15589562, 15489562, 15989562, 15889562, 15389562, 15289562]","[0, 0, 0, 0, 0, 0, 0, 0, 0, 0]"
995,3,"[4, 14, 16]",3,1.084996246965602,0.05216554785147309,6.783730698361372,"[16851066, 16951066, 17051066, 17151066, 16751066, 16651066, 17451066, 17551066, 17251066, 17351066]","[14, 14, 14, 14, 14, 14, 14, 14, 14, 14]"
996,3,"[2, 16, 23]",3,1.008351670927368,0.05236040893942118,5.4240937003438985,"[15161164, 15061164, 15761164, 15661164, 15561164, 15461164, 15961164, 15861164, 15361164, 15261164]","[2, 2, 2, 2, 2, 2, 2, 2, 2, 2]"
997,3,"[6, 19, 23]",3,1.0699435248970985,0.048341676010750234,6.20763958398796,"[15057323, 15157323, 15257323, 15357323, 15757323, 15657323, 15957323, 15857323, 15557323, 15457323]","[23, 23, 23, 23, 23, 23, 23, 23, 23, 23]"
998,3,"[9, 17, 23]",3,1.0281735920580104,0.048386914073489606,7.264603870998447,"[17323926, 17223926, 17023926, 17123926, 16723926, 16623926, 17423926, 17523926, 16823926, 16923926]","[17, 17, 17, 17, 17, 17, 17, 17, 17, 17]"
999,3,"[2, 16, 17]",3,0.9957615820458159,0.044460972072556615,5.653778575186152,"[15179923, 15079923, 15779923, 15679923, 15579923, 15479923, 15979923, 15879923, 15379923, 15279923]","[2, 2, 2, 2, 2, 2, 2, 2, 2, 2]"
