query,num_centroids,searched_shard_ids,num_searched_shards,gpu_transfer_time,gpu_search_time,warmup_time,best_retrieved_ids,top_doc_shards
0,100,"[109, 112, 175, 209, 227, 240, 241, 263, 267, 382, 422, 446, 468, 528, 627, 645, 651, 734, 821, 825, 846, 880, 941, 1092, 1106, 1113, 1116, 1125, 1129, 1143, 1176, 1179, 1262, 1408, 1415, 1495, 1505, 1515, 1557, 1618, 1682, 1686, 1696, 1697, 1705, 1812, 1954, 2015, 2027, 2065, 2154, 2260, 2273, 2325, 2385, 2421]",56,1.85565499169752,0.16625949926674366,0.08228304933956158,"[350323743, 22367475, 350285757, 22359499, 22352964, 583617007, 596090569, 40490076, 596064850, 347651857]","[1125, 1125, 1125, 1125, 1125, 1125, 1125, 1125, 1125, 1125]"
1,100,"[80, 109, 252, 385, 455, 672, 686, 707, 717, 734, 754, 766, 772, 824, 846, 880, 941, 1019, 1093, 1113, 1152, 1155, 1169, 1186, 1225, 1257, 1262, 1319, 1326, 1391, 1408, 1415, 1478, 1532, 1686, 1693, 1696, 1705, 1763, 1911, 1961, 2027, 2039, 2090, 2154]",45,1.565548874437809,0.12289870623499155,0.07921604343379537,"[598688458, 96761309, 317778513, 462536204, 128100141, 512290626, 467725477, 336524624, 544732844, 80310487]","[2154, 1961, 707, 1186, 2154, 686, 1186, 707, 1186, 1532]"
2,100,"[5, 10, 175, 199, 210, 241, 255, 286, 352, 382, 407, 413, 428, 468, 528, 550, 564, 673, 746, 786, 821, 892, 917, 1092, 1106, 1143, 1202, 1226, 1262, 1419, 1429, 1495, 1524, 1559, 1644, 1686, 1692, 1696, 1730, 1744, 1809, 1812, 1985, 1996, 2071, 2125, 2175, 2279, 2301, 2387, 2421, 2426]",52,1.6166937686502934,0.15344667388126254,0.08034855748365562,"[97139517, 294043795, 8432815, 184706508, 422118279, 184228786, 522340063, 58511679, 284206801, 284206802]","[2301, 255, 382, 468, 382, 1202, 2301, 1812, 1202, 5]"
3,100,"[63, 70, 105, 201, 595, 625, 674, 758, 811, 822, 875, 968, 1017, 1031, 1123, 1194, 1219, 1291, 1293, 1456, 1505, 1520, 1544, 1551, 1580, 1660, 1730, 1783, 1807, 1848, 1891, 2024, 2029, 2102, 2140, 2153, 2180, 2253]",38,1.2881121635437012,0.11981971515342593,0.08724725479260087,"[319976312, 473871456, 416180093, 533106488, 185862896, 409812650, 534845823, 3563663, 493543761, 545925259]","[822, 63, 63, 63, 2024, 1891, 822, 822, 1730, 63]"
4,100,"[10, 26, 93, 134, 175, 279, 280, 286, 382, 407, 550, 564, 618, 672, 678, 786, 821, 892, 898, 901, 904, 917, 961, 1032, 1081, 1099, 1113, 1129, 1178, 1179, 1262, 1278, 1287, 1296, 1415, 1514, 1532, 1618, 1692, 1696, 1713, 1926, 1990, 2027, 2088, 2105, 2188, 2279, 2377, 2421, 2440]",51,1.5648036929778755,0.13960988027974963,0.08049103319097091,"[492485126, 241046875, 74580447, 364526066, 196412165, 197645372, 345397440, 197750504, 6680367, 555283757]","[93, 93, 93, 93, 93, 93, 93, 93, 382, 93]"
5,100,"[109, 112, 187, 227, 337, 340, 352, 459, 468, 484, 560, 571, 645, 673, 692, 777, 821, 825, 846, 880, 885, 1010, 1106, 1143, 1145, 1155, 1167, 1169, 1218, 1225, 1262, 1292, 1408, 1478, 1495, 1505, 1686, 1696, 1749, 1825, 1954, 1961, 1982, 1996, 2000, 2027, 2065, 2090, 2124, 2130, 2273, 2389, 2421]",53,2.0107703749090433,0.1771905585192144,0.11662073535756823,"[516745818, 379513051, 379513049, 40647836, 98187521, 98341154, 147282989, 98187524, 268589670, 178798345]","[187, 227, 187, 227, 1143, 227, 1143, 227, 227, 227]"
6,100,"[20, 96, 164, 250, 258, 381, 470, 544, 550, 604, 745, 746, 834, 908, 968, 1025, 1027, 1053, 1106, 1114, 1183, 1209, 1262, 1346, 1543, 1556, 1692, 1694, 1744, 1749, 1772, 1780, 1946, 2095, 2175, 2194, 2226, 2329, 2425, 2426]",40,1.2209217008203268,0.11851081578060985,0.08269908126094379,"[223359640, 134921891, 306289225, 571246815, 473056010, 163594463, 578112746, 184462764, 400692308, 538022211]","[250, 1694, 1744, 1749, 1027, 250, 1744, 250, 2426, 2175]"
7,100,"[68, 111, 112, 201, 283, 316, 373, 428, 484, 512, 523, 525, 636, 678, 694, 700, 729, 758, 769, 852, 876, 898, 901, 915, 961, 979, 1003, 1053, 1059, 1065, 1068, 1099, 1192, 1281, 1355, 1444, 1513, 1552, 1565, 1618, 1701, 1916, 1933, 2052, 2140, 2156, 2194, 2279, 2306, 2321, 2337, 2346, 2378]",53,2.13179563684389,0.17138262512162328,0.10135155006417267,"[422770906, 67019337, 159171799, 412000426, 66952640, 534620895, 152048176, 311568376, 272006514, 66961688]","[979, 1565, 2378, 523, 1565, 915, 1701, 2378, 1701, 1565]"
8,100,"[174, 186, 200, 263, 267, 275, 362, 382, 431, 442, 619, 627, 645, 663, 664, 824, 888, 982, 1063, 1116, 1125, 1176, 1179, 1257, 1410, 1478, 1505, 1506, 1682, 1697, 1705, 1763, 1915, 1923, 1961, 2065, 2078, 2135, 2260, 2338, 2380]",41,1.2385681453160942,0.09711277252063155,0.06405117510954236,"[327654649, 459540312, 67520733, 575997322, 180283059, 562193291, 305388418, 41178123, 30515188, 339438330]","[2065, 2065, 2065, 2065, 2065, 2065, 2065, 2065, 2065, 2065]"
9,100,"[6, 56, 59, 61, 70, 84, 86, 112, 131, 268, 275, 382, 396, 407, 487, 543, 554, 557, 570, 628, 674, 682, 740, 775, 839, 888, 1085, 1194, 1219, 1227, 1262, 1327, 1349, 1356, 1379, 1419, 1492, 1505, 1544, 1600, 1645, 1709, 1777, 1793, 1824, 1852, 2015, 2024, 2145, 2267, 2377]",51,1.6813644501380622,0.1491495738737285,0.08341558790290911,"[244047149, 407497946, 372337157, 244049389, 244048645, 372313030, 99048836, 237900005, 406973178, 191955329]","[1852, 1852, 1852, 682, 1852, 682, 1852, 682, 682, 1852]"
10,100,"[32, 76, 80, 109, 112, 170, 263, 267, 275, 277, 295, 384, 402, 525, 560, 645, 664, 678, 717, 741, 810, 824, 844, 846, 880, 899, 997, 1010, 1139, 1143, 1155, 1225, 1257, 1262, 1349, 1356, 1379, 1415, 1505, 1528, 1539, 1647, 1666, 1696, 1705, 1707, 1708, 1742, 1915, 1923, 1955, 1982, 2000, 2027, 2065, 2238, 2260, 2286, 2288, 2311, 2421]",61,2.1819949857890606,0.19008772959932685,0.09273335863988785,"[596989224, 177718168, 301410691, 361359114, 219357708, 372868532, 95481281, 109100480, 45889684, 550289027]","[810, 810, 384, 2286, 2286, 2286, 76, 810, 2286, 76]"
11,100,"[10, 26, 126, 255, 280, 286, 382, 443, 475, 566, 602, 618, 704, 751, 754, 769, 786, 804, 831, 898, 901, 1003, 1032, 1065, 1068, 1281, 1296, 1329, 1353, 1434, 1483, 1506, 1514, 1618, 1660, 1701, 1713, 1786, 1833, 1838, 2029, 2072, 2156, 2171, 2279, 2337, 2377, 2440]",48,1.764425601810217,0.14270336367189884,0.08714185598849629,"[316195675, 347961149, 127689114, 316205222, 402475987, 505372613, 335612984, 316205221, 505439277, 402151260]","[1434, 2072, 1434, 1434, 1713, 1713, 2072, 1434, 2337, 2337]"
12,100,"[20, 96, 109, 112, 164, 234, 258, 270, 368, 381, 446, 459, 470, 550, 573, 604, 746, 821, 852, 917, 968, 1027, 1106, 1355, 1419, 1556, 1573, 1618, 1692, 1694, 1700, 1744, 1772, 1803, 1835, 1996, 2017, 2125, 2140, 2214, 2226, 2248, 2253, 2271, 2301, 2425]",46,1.2505167378112674,0.14695794694125652,0.08560717638845192,"[143285814, 398227840, 150775094, 520909276, 533066813, 416989615, 559059925, 478916319, 583463400, 255704802]","[2214, 234, 2214, 1027, 234, 234, 2226, 1027, 2226, 234]"
13,100,"[5, 10, 26, 56, 63, 70, 164, 175, 241, 255, 263, 268, 293, 382, 537, 588, 618, 647, 673, 682, 746, 758, 761, 786, 811, 813, 821, 871, 892, 917, 968, 986, 1025, 1042, 1194, 1196, 1262, 1276, 1288, 1296, 1360, 1419, 1434, 1469, 1514, 1520, 1544, 1573, 1600, 1608, 1618, 1644, 1645, 1675, 1730, 1886, 1925, 2017, 2029, 2082, 2098, 2180, 2301, 2426]",64,1.926548505667597,0.1713777664117515,0.06886530902556842,"[42569015, 270017264, 53616989, 219464520, 553483903, 107532941, 439849310, 53616990, 441733403, 295166854]","[2098, 892, 892, 892, 1042, 892, 892, 892, 892, 892]"
14,100,"[56, 63, 70, 84, 164, 192, 257, 263, 268, 273, 577, 588, 595, 625, 758, 811, 892, 941, 1085, 1111, 1194, 1262, 1327, 1329, 1544, 1551, 1645, 1730, 1848, 2015, 2029, 2082, 2180, 2258, 2260]",35,1.1341573232784867,0.09722098708152771,0.0669332463892975,"[2930195, 304291211, 5479281, 298156409, 435890273, 300724316, 214405047, 504375842, 531276114, 133995960]","[2258, 192, 1730, 192, 257, 192, 2258, 2258, 84, 2258]"
15,100,"[25, 59, 178, 249, 297, 524, 591, 639, 647, 658, 673, 711, 712, 1026, 1129, 1162, 1165, 1177, 1190, 1198, 1338, 1529, 1554, 1791, 1856, 1895, 1985, 2176]",28,0.7396050710231066,0.06709635490551591,0.05860353010107896,"[540834996, 425755668, 346415404, 400155932, 347682406, 548796299, 583527657, 236059986, 540791896, 318230608]","[1895, 1895, 1895, 1895, 1895, 1895, 1895, 1895, 1895, 1529]"
16,100,"[196, 271, 340, 528, 564, 766, 825, 1010, 1024, 1078, 1092, 1116, 1129, 1167, 1196, 1308, 1489, 1495, 1558, 1608, 1669, 1717, 1786, 1839, 1902, 2098, 2166, 2273]",28,0.7181478887796402,0.07999858306720853,0.07175606476708449,"[388372331, 477914499, 94283698, 313295416, 417756224, 81047150, 287698740, 413998749, 388567738, 84783145]","[1078, 1489, 1489, 564, 564, 1196, 564, 196, 1078, 1308]"
17,100,"[27, 32, 76, 187, 267, 277, 295, 337, 421, 508, 664, 729, 741, 844, 899, 997, 1028, 1097, 1139, 1143, 1155, 1225, 1415, 1504, 1539, 1635, 1647, 1707, 1777, 1797, 1801, 1885, 1915, 1923, 1955, 1982, 2000, 2027, 2065, 2119, 2130, 2155, 2288, 2389, 2400, 2421]",46,1.4764281096868217,0.13390144240111113,0.09145824040245751,"[196567304, 37592602, 119007154, 529191060, 136475651, 138777038, 119958834, 125572012, 596950633, 551787285]","[1097, 741, 187, 1539, 844, 1097, 1097, 1097, 1097, 1097]"
18,100,"[14, 47, 57, 92, 93, 174, 227, 315, 340, 346, 368, 382, 446, 459, 468, 528, 543, 550, 564, 619, 627, 651, 692, 744, 781, 825, 846, 941, 1078, 1106, 1116, 1129, 1224, 1257, 1262, 1287, 1495, 1557, 1602, 1618, 1682, 1686, 1738, 1763, 1839, 1954, 1985, 2071, 2154, 2178, 2206, 2260, 2273, 2385]",54,1.8681697282008827,0.1566642881371081,0.08294586455708162,"[265372681, 560067270, 278479542, 395074565, 251637110, 211326331, 34614699, 587245452, 174444878, 34620824]","[1287, 2206, 2206, 2206, 2206, 1287, 2206, 2206, 2206, 2206]"
19,100,"[6, 10, 84, 100, 112, 164, 175, 255, 352, 382, 446, 550, 564, 602, 625, 670, 746, 758, 786, 892, 908, 917, 941, 968, 1143, 1194, 1226, 1262, 1419, 1425, 1450, 1514, 1524, 1544, 1608, 1618, 1696, 1730, 1786, 1809, 1872, 1996, 2029, 2082, 2102, 2279, 2301, 2387, 2421]",49,1.7932466873899102,0.16410614177584648,0.09799773381471787,"[596197374, 227781415, 342147203, 441232341, 543565046, 598858826, 576495810, 334192618, 419574595, 511012465]","[1524, 1524, 1524, 352, 564, 1524, 1419, 1419, 1262, 1524]"
20,100,"[170, 212, 302, 315, 364, 382, 439, 601, 711, 734, 778, 811, 987, 1000, 1069, 1213, 1283, 1284, 1326, 1354, 1379, 1392, 1515, 1540, 1610, 1856, 1867, 1966, 2138, 2206, 2208, 2255, 2271, 2299, 2409]",35,1.1326498975977302,0.09741392079740763,0.06878537590881544,"[248237919, 53457392, 161684376, 495988709, 529213090, 340338888, 565144556, 56535161, 369015536, 336166371]","[1284, 2138, 1284, 1284, 1540, 1540, 1284, 1326, 1540, 364]"
21,100,"[32, 80, 109, 168, 194, 337, 381, 619, 645, 686, 734, 755, 777, 793, 810, 824, 1149, 1169, 1179, 1391, 1408, 1495, 1532, 1686, 1693, 1696, 1707, 1729, 1801, 1861, 1926, 1954, 1961, 1982, 2027, 2090, 2124, 2137, 2168, 2188]",40,1.365348779130727,0.11053100880235434,0.09274806118337438,"[386500007, 553675511, 151614128, 342086583, 475316064, 432094449, 418459871, 397264316, 400925125, 515335694]","[2188, 1982, 1532, 2090, 1532, 1532, 1532, 1149, 1982, 1532]"
22,100,"[14, 68, 112, 164, 174, 241, 368, 381, 382, 446, 459, 470, 528, 550, 560, 573, 672, 711, 777, 821, 846, 897, 941, 1004, 1068, 1092, 1106, 1145, 1169, 1251, 1257, 1262, 1284, 1326, 1355, 1498, 1511, 1557, 1602, 1618, 1686, 1696, 1763, 1872, 1985, 2071, 2125, 2174]",48,1.657256308477372,0.14720520237460732,0.09889086336382509,"[379643780, 554217595, 296777012, 132324921, 212577525, 402167117, 327957272, 479960759, 189421384, 244250010]","[1602, 1602, 1602, 1602, 1602, 1602, 1602, 1602, 1602, 1602]"
23,100,"[20, 68, 184, 194, 215, 267, 293, 342, 523, 555, 562, 636, 700, 729, 791, 815, 919, 1000, 1018, 1091, 1305, 1418, 1470, 1493, 1516, 1536, 1574, 1582, 1723, 1800, 1929, 2245, 2256, 2282]",34,0.8539205682463944,0.07698628911748528,0.05556113793350318,"[393766925, 19968356, 99327655, 596615355, 352440645, 554747697, 304593819, 438096438, 583417332, 116967304]","[2256, 2256, 2256, 1305, 2256, 2256, 2256, 2256, 2256, 2256]"
24,100,"[32, 80, 109, 112, 240, 295, 382, 385, 411, 513, 525, 560, 655, 686, 711, 734, 793, 824, 844, 880, 1028, 1092, 1113, 1139, 1149, 1155, 1166, 1262, 1401, 1408, 1504, 1505, 1532, 1633, 1693, 1707, 1777, 1867, 1954, 1961, 1982, 2027, 2090, 2109, 2119, 2151, 2311, 2389]",48,1.8056270652450621,0.1410339497961104,0.09419017667823937,"[438347522, 524160961, 474967492, 37716934, 191429128, 131316433, 166583047, 392904598, 139290262, 555671028]","[2090, 1139, 1139, 1139, 793, 1139, 1982, 1139, 1139, 1139]"
25,100,"[1, 6, 112, 227, 252, 352, 382, 413, 431, 459, 564, 672, 686, 734, 772, 824, 846, 941, 1019, 1093, 1157, 1169, 1181, 1186, 1262, 1265, 1408, 1558, 1602, 1608, 1686, 1696, 1726, 1763, 1786, 1839, 2039, 2154, 2168]",39,1.292760919779539,0.12267793901264668,0.08695909093754987,"[275996305, 574080995, 39550384, 575850420, 422125669, 345012085, 268603873, 39822135, 476136084, 65428933]","[1186, 1186, 1186, 1186, 1186, 686, 1186, 1186, 1186, 686]"
26,100,"[77, 93, 112, 175, 211, 293, 315, 368, 382, 385, 428, 446, 711, 781, 810, 897, 935, 941, 1091, 1178, 1257, 1262, 1276, 1284, 1326, 1415, 1429, 1503, 1557, 1601, 1602, 1618, 1667, 1686, 1730, 1763, 1812, 1839, 1926, 1985, 1987, 2039, 2071, 2174, 2212, 2271, 2325, 2437]",48,1.2953144628554583,0.13078367337584496,0.07497812499544428,"[9260592, 255137588, 53821041, 171602438, 128351388, 418888803, 40935707, 439693144, 350535457, 74505530]","[1091, 1601, 781, 781, 1667, 1503, 781, 781, 1601, 1601]"
27,100,"[39, 96, 164, 201, 250, 381, 382, 389, 484, 786, 834, 968, 979, 1025, 1027, 1192, 1226, 1496, 1530, 1563, 1618, 1692, 1744, 1880, 1886, 1912, 1916, 1922, 1933, 2175, 2214, 2226, 2329, 2333, 2425]",35,1.0985714420676231,0.11522855656221509,0.09224636564031244,"[342833232, 239066460, 168468834, 364949379, 76823179, 464209192, 173230971, 452350578, 539475952, 406818359]","[1912, 834, 382, 484, 1886, 834, 1912, 1912, 382, 2175]"
28,100,"[19, 40, 68, 192, 275, 329, 364, 382, 396, 431, 645, 647, 731, 811, 833, 839, 924, 935, 987, 1031, 1085, 1190, 1235, 1276, 1283, 1284, 1297, 1326, 1353, 1354, 1389, 1401, 1484, 1501, 1505, 1509, 1515, 1601, 1607, 1610, 1682, 1713, 1762, 1768, 1848, 1867, 1966, 2206, 2208, 2212, 2267, 2271]",52,1.6443553264252841,0.145211823284626,0.07306035076572488,"[486542584, 61133533, 194090070, 245111306, 3363907, 274739120, 386380398, 558431897, 61091245, 366522616]","[364, 2212, 1682, 1354, 1501, 364, 1085, 1484, 2212, 1601]"
29,100,"[10, 100, 112, 164, 241, 288, 352, 373, 381, 382, 384, 446, 484, 550, 564, 602, 618, 627, 672, 678, 737, 746, 786, 834, 892, 898, 901, 917, 968, 993, 1025, 1027, 1032, 1068, 1099, 1178, 1181, 1262, 1278, 1314, 1559, 1608, 1618, 1649, 1677, 1692, 1696, 1726, 1744, 1780, 1809, 1880, 1916, 1922, 1933, 1996, 2175, 2216, 2264, 2279, 2301, 2377, 2421]",63,2.3841633345000446,0.2091904697008431,0.09716761827335826,"[176037102, 164759875, 281743200, 220058368, 571201178, 207043861, 344036839, 544604186, 185069916, 249249826]","[381, 381, 1692, 381, 1181, 381, 381, 381, 381, 381]"
30,100,"[57, 112, 241, 252, 267, 277, 283, 295, 382, 396, 397, 413, 484, 525, 543, 566, 619, 645, 664, 672, 678, 686, 734, 772, 781, 807, 863, 876, 898, 1068, 1093, 1139, 1169, 1178, 1179, 1186, 1192, 1257, 1262, 1303, 1310, 1355, 1391, 1408, 1415, 1505, 1552, 1633, 1641, 1693, 1696, 1729, 1763, 1768, 1830, 1872, 1982, 2027, 2125, 2134, 2154, 2195, 2385]",63,2.396848475560546,0.18359269062057137,0.08589493294823028,"[201111705, 514685550, 588877957, 112700980, 498178212, 237860493, 495877099, 237959841, 81345349, 174822083]","[1186, 1693, 2027, 2027, 1192, 295, 295, 295, 1830, 2027]"
31,100,"[10, 21, 26, 42, 112, 131, 286, 382, 395, 525, 557, 566, 625, 628, 645, 664, 705, 754, 824, 828, 839, 862, 876, 901, 961, 1003, 1044, 1081, 1088, 1156, 1262, 1281, 1303, 1349, 1356, 1360, 1379, 1389, 1397, 1408, 1492, 1505, 1666, 1695, 1713, 1777, 1782, 1802, 1824, 1838, 2031, 2065, 2088, 2155, 2191, 2209, 2257, 2279, 2306, 2318, 2338, 2396, 2440]",63,2.391571755055338,0.1971331057138741,0.09895421633319486,"[154718683, 79169640, 263282819, 381006524, 365713645, 365713646, 115921841, 424881179, 247154773, 365725693]","[2065, 2065, 2065, 2065, 1088, 10, 628, 2065, 42, 42]"
32,100,"[20, 39, 96, 109, 112, 164, 250, 258, 352, 381, 470, 550, 560, 604, 673, 678, 745, 746, 786, 852, 1022, 1027, 1106, 1346, 1499, 1556, 1573, 1618, 1692, 1694, 1700, 1732, 1744, 1772, 1780, 1860, 1946, 1996, 2095, 2214, 2226, 2264, 2329, 2421, 2425]",45,1.37024409417063,0.15256866300478578,0.0980457649876674,"[94973826, 305101499, 598687402, 266557487, 275034196, 49713139, 390525573, 138602395, 27436766, 483823371]","[1744, 258, 2425, 1744, 470, 1744, 470, 1744, 258, 1027]"
33,100,"[20, 63, 70, 84, 112, 164, 192, 201, 484, 537, 550, 595, 625, 674, 682, 746, 758, 811, 876, 892, 908, 941, 968, 1130, 1194, 1249, 1291, 1346, 1425, 1505, 1536, 1544, 1551, 1618, 1645, 1686, 1694, 1700, 1730, 1749, 1780, 1783, 1848, 1872, 1946, 2017, 2082, 2095, 2140, 2321, 2343, 2426]",52,2.0081317625008523,0.16825739201158285,0.09223986250939421,"[226643905, 226643912, 559487576, 37286001, 78302557, 300324652, 52810236, 45224550, 394820965, 260683464]","[2140, 2140, 2140, 2140, 2140, 2140, 84, 1783, 164, 2140]"
34,100,"[47, 81, 129, 175, 325, 368, 382, 428, 454, 457, 459, 476, 550, 744, 843, 846, 1129, 1145, 1169, 1262, 1369, 1481, 1557, 1662, 1748, 1812, 1872, 1985, 2017, 2071, 2125, 2421, 2430]",33,1.1035025650635362,0.09288830077275634,0.0829960297807261,"[338458298, 336062552, 45896088, 522761063, 572877895, 354553936, 94114406, 99665505, 430200580, 52805236]","[2430, 2430, 1481, 1481, 81, 476, 1481, 1481, 1812, 2430]"
35,100,"[112, 170, 242, 262, 401, 536, 560, 571, 601, 645, 665, 672, 673, 678, 746, 747, 859, 891, 917, 946, 970, 980, 993, 1017, 1106, 1123, 1234, 1278, 1617, 1649, 1677, 1692, 1924, 2011, 2046, 2083, 2105, 2139, 2207, 2330, 2335, 2421, 2425]",43,1.3835529242642224,0.1349519998766482,0.09365598078232346,"[46371624, 572946019, 262952323, 278189217, 303017606, 138432939, 573745672, 115222581, 374653008, 392510615]","[2335, 980, 980, 970, 2335, 1234, 993, 1234, 2335, 665]"
36,100,"[20, 39, 112, 164, 199, 227, 241, 242, 258, 323, 352, 373, 381, 432, 446, 484, 507, 544, 560, 657, 777, 786, 834, 846, 885, 892, 968, 979, 1130, 1150, 1157, 1218, 1226, 1419, 1434, 1450, 1496, 1499, 1530, 1608, 1618, 1677, 1692, 1696, 1700, 1742, 1749, 1886, 1890, 1933, 1946, 1996, 2027, 2102, 2175, 2186, 2298, 2301, 2321, 2329, 2421]",61,2.042518659029156,0.22731255553662777,0.12011808937904044,"[446742083, 252971150, 375300950, 492534000, 487544577, 310471342, 214075551, 194011947, 42401472, 560440858]","[846, 979, 199, 1886, 199, 1742, 1419, 560, 199, 242]"
37,100,"[6, 80, 94, 227, 262, 275, 382, 431, 454, 457, 560, 672, 686, 717, 734, 744, 846, 941, 1010, 1019, 1093, 1145, 1169, 1186, 1319, 1391, 1408, 1415, 1481, 1505, 1602, 1693, 1696, 1763, 1872, 1911, 1944, 1982, 2027, 2090, 2154, 2168, 2302, 2430]",44,1.6102570910006762,0.1381773967295885,0.09127482878763905,"[403016532, 281872547, 320010234, 239518483, 510970601, 434260091, 389554411, 322235737, 82778227, 403795418]","[2430, 1391, 1186, 2430, 1186, 2430, 1696, 2430, 1169, 686]"
38,100,"[39, 164, 194, 250, 258, 352, 381, 382, 446, 470, 544, 550, 602, 604, 618, 673, 737, 746, 786, 834, 852, 892, 917, 968, 1025, 1027, 1032, 1278, 1434, 1618, 1692, 1694, 1744, 1772, 1835, 1886, 1922, 1996, 2011, 2095, 2175, 2214, 2226, 2279, 2377, 2425]",46,1.5937971863895655,0.15793450083583593,0.09441012817272998,"[171909558, 517198530, 498409469, 188339158, 239972575, 100751935, 205361704, 504100258, 581394278, 389531874]","[2095, 2095, 2095, 1027, 1744, 2095, 2175, 2095, 544, 2175]"
39,100,"[10, 29, 51, 239, 279, 286, 298, 300, 338, 382, 395, 431, 443, 525, 566, 678, 694, 704, 737, 831, 852, 898, 919, 961, 1003, 1044, 1053, 1068, 1071, 1123, 1281, 1309, 1403, 1439, 1460, 1587, 1618, 1713, 1838, 1898, 1926, 2044, 2072, 2081, 2156, 2171, 2279, 2306, 2337, 2378, 2440]",51,1.6441809213720262,0.15400507813319564,0.08439466473189931,"[167139573, 22796377, 353472243, 564356343, 380659614, 325105354, 536810984, 69873730, 311564209, 69814243]","[1460, 1123, 1460, 1460, 1460, 2171, 1460, 2171, 1460, 1123]"
40,100,"[10, 241, 252, 283, 382, 431, 443, 566, 602, 672, 686, 751, 754, 766, 772, 786, 876, 941, 1003, 1068, 1093, 1169, 1179, 1186, 1257, 1265, 1296, 1324, 1353, 1408, 1513, 1558, 1608, 1686, 1696, 1726, 1763, 1786, 1911, 1916, 2039, 2102, 2134, 2154, 2216, 2279, 2378]",47,1.7078463463112712,0.13419087743386626,0.08124668451343128,"[97126278, 463357697, 54598498, 144472542, 399174922, 581987029, 593909787, 47863419, 363183345, 550170954]","[1911, 766, 1408, 1911, 1186, 1186, 1186, 2154, 2154, 2154]"
41,100,"[10, 26, 39, 72, 112, 164, 192, 194, 255, 295, 352, 381, 407, 443, 564, 595, 602, 673, 678, 737, 746, 747, 786, 852, 892, 917, 968, 1017, 1025, 1103, 1106, 1194, 1249, 1291, 1403, 1419, 1425, 1691, 1692, 1696, 1700, 1744, 1809, 1860, 1996, 2082, 2119, 2124, 2139, 2175, 2238, 2279, 2301, 2387, 2421]",55,2.1892659151926637,0.18801911128684878,0.10389601860449395,"[552438868, 198985429, 372495158, 138965989, 34506581, 377426780, 268623665, 517738559, 24487825, 259982882]","[747, 194, 747, 2082, 194, 892, 747, 673, 2082, 10]"
42,100,"[112, 122, 227, 275, 340, 382, 409, 553, 627, 642, 651, 815, 824, 846, 856, 880, 884, 907, 1010, 1092, 1116, 1143, 1145, 1262, 1272, 1292, 1305, 1422, 1515, 1552, 1557, 1682, 1686, 1689, 1825, 1915, 1943, 2027, 2033, 2052, 2065, 2124, 2130, 2260, 2389, 2421]",46,1.4041329114697874,0.1399095319211483,0.09073497485571905,"[521012684, 489342896, 433868714, 16684904, 227461382, 524579792, 141163106, 87635642, 254389701, 48499195]","[651, 651, 651, 651, 651, 651, 651, 651, 1915, 651]"
43,100,"[68, 215, 267, 316, 401, 523, 553, 555, 603, 700, 786, 884, 915, 921, 968, 970, 1018, 1059, 1222, 1234, 1332, 1343, 1418, 1493, 1516, 1536, 1574, 1582, 1618, 1638, 1677, 1699, 1758, 1859, 1916, 1927, 2207, 2256, 2282, 2400]",40,1.2775970450602472,0.106745645403862,0.0766079104912933,"[194928968, 276066170, 229424584, 187616394, 157719374, 493402860, 345153317, 422547137, 598788742, 178580027]","[2282, 2282, 2282, 2282, 2282, 2282, 2282, 2282, 1018, 2282]"
44,100,"[93, 97, 112, 186, 209, 267, 275, 277, 382, 442, 560, 627, 642, 645, 651, 664, 678, 734, 821, 846, 856, 880, 888, 907, 1000, 1025, 1109, 1116, 1125, 1143, 1176, 1179, 1257, 1303, 1349, 1356, 1379, 1505, 1515, 1608, 1666, 1682, 1697, 1713, 1749, 1768, 1915, 1923, 2065, 2130, 2138, 2260, 2311, 2380, 2389, 2421]",56,2.0003226730041206,0.1700692125596106,0.09263325503811107,"[19804762, 125079188, 291445081, 544637200, 580321217, 82643689, 92491002, 383442912, 246109782, 348568156]","[1915, 651, 1116, 651, 1682, 880, 2389, 1923, 1682, 1682]"
45,100,"[112, 175, 201, 216, 241, 263, 381, 382, 389, 412, 422, 446, 457, 484, 502, 556, 560, 564, 602, 744, 746, 846, 898, 908, 979, 1053, 1063, 1068, 1081, 1099, 1125, 1145, 1179, 1226, 1257, 1262, 1353, 1391, 1415, 1506, 1530, 1552, 1600, 1618, 1644, 1682, 1686, 1692, 1696, 1730, 1836, 1916, 1954, 1988, 2027, 2029, 2214, 2226, 2264, 2273, 2302, 2378, 2421, 2425]",64,2.2757514072582126,0.20199111197143793,0.09223029782879166,"[403072175, 224653700, 527864603, 124237376, 88685161, 152566833, 236427025, 262227711, 311017817, 108780314]","[556, 556, 381, 502, 2302, 1068, 556, 556, 382, 382]"
46,100,"[20, 70, 164, 270, 293, 562, 588, 595, 674, 682, 702, 712, 746, 822, 892, 908, 968, 973, 1018, 1091, 1194, 1249, 1346, 1467, 1520, 1536, 1544, 1545, 1551, 1598, 1618, 1645, 1723, 1783, 1807, 1890, 1947, 1978, 2024, 2140, 2239, 2426]",42,1.3688215585425496,0.11493751825764775,0.07294076576917655,"[321883357, 517409731, 320790454, 253543390, 14436664, 88223668, 286970084, 517409728, 492436548, 467283941]","[1723, 1723, 1723, 1723, 1723, 1723, 1723, 1723, 1723, 1723]"
47,100,"[10, 26, 202, 263, 338, 404, 442, 475, 566, 602, 618, 645, 654, 663, 678, 683, 696, 704, 754, 769, 776, 786, 831, 859, 865, 901, 1003, 1032, 1068, 1071, 1081, 1123, 1176, 1278, 1281, 1332, 1403, 1410, 1505, 1511, 1565, 1666, 1733, 1911, 1923, 2065, 2072, 2081, 2088, 2139, 2171, 2242, 2279, 2318, 2338, 2377, 2440]",57,2.009308634791523,0.17280262988060713,0.08873102311943576,"[507222371, 116982774, 252057638, 322258847, 323045826, 561525029, 206935546, 356588498, 3616373, 12984827]","[663, 2318, 859, 754, 1410, 859, 645, 1666, 442, 645]"
48,100,"[5, 6, 10, 26, 29, 199, 344, 352, 407, 468, 521, 528, 550, 564, 604, 618, 673, 737, 740, 821, 856, 892, 917, 968, 1025, 1092, 1106, 1143, 1167, 1202, 1218, 1225, 1262, 1419, 1429, 1450, 1481, 1514, 1544, 1608, 1744, 1749, 1812, 1825, 1996, 2105, 2125, 2130, 2175, 2270, 2301, 2409, 2421]",53,1.7240211996249855,0.16552308341488242,0.09088153944719794,"[6137078, 506863082, 200196231, 578538318, 555255276, 193962431, 506957619, 506885984, 359471757, 132735540]","[1825, 2301, 1812, 1825, 821, 1262, 1202, 1419, 673, 1218]"
49,100,"[6, 10, 40, 63, 112, 164, 216, 262, 353, 382, 533, 550, 560, 564, 673, 678, 692, 711, 712, 734, 737, 743, 786, 821, 892, 915, 917, 931, 980, 1017, 1022, 1025, 1031, 1106, 1123, 1145, 1219, 1262, 1326, 1360, 1403, 1419, 1450, 1505, 1559, 1573, 1608, 1618, 1649, 1677, 1692, 1700, 1996, 2031, 2105, 2207, 2253, 2264, 2273, 2311, 2421]",61,2.487203293479979,0.20900470437482,0.10368444796529461,"[190554704, 420025078, 141293941, 229821189, 561468444, 87380864, 90182390, 453109743, 340487273, 447854121]","[1573, 1106, 712, 6, 1573, 931, 1649, 931, 10, 1649]"
50,100,"[1, 5, 63, 70, 84, 164, 175, 255, 268, 315, 338, 564, 588, 625, 821, 892, 941, 968, 1091, 1092, 1143, 1167, 1194, 1202, 1262, 1419, 1425, 1544, 1645, 1665, 1667, 1730, 1812, 1844, 2017, 2029, 2082, 2102, 2180, 2279, 2301, 2426, 2447]",43,1.2348587117157876,0.12140663526952267,0.06922495832969976,"[272531263, 260063780, 187284049, 90785206, 573791930, 519974609, 166494940, 54391408, 54376108, 132733566]","[268, 268, 268, 268, 268, 268, 268, 625, 1544, 268]"
51,100,"[83, 86, 92, 175, 185, 245, 278, 331, 353, 359, 374, 382, 407, 454, 487, 607, 656, 669, 682, 744, 848, 863, 917, 1047, 1129, 1262, 1273, 1296, 1355, 1395, 1514, 1528, 1557, 1565, 1696, 1727, 1730, 1799, 2154, 2178, 2231, 2279, 2287, 2382, 2385, 2387, 2447]",47,1.2933029946871102,0.11625102581456304,0.06102465274446505,"[543998307, 27899657, 46612672, 366146685, 297068784, 371221547, 288338597, 273579698, 14556083, 337694949]","[863, 1047, 331, 863, 863, 863, 2447, 2447, 863, 2447]"
52,100,"[6, 59, 210, 241, 315, 352, 364, 537, 591, 604, 658, 673, 711, 734, 746, 785, 1202, 1218, 1219, 1278, 1284, 1467, 1529, 1544, 1600, 1610, 1677, 1856, 1895, 1950, 1996, 2176, 2255, 2271, 2330, 2377, 2409]",37,1.1534396102651954,0.09692995669320226,0.07048846316851072,"[493163657, 115745328, 420836435, 159999328, 241568515, 420568680, 53560322, 366096616, 298246847, 543600790]","[673, 1856, 1529, 1856, 1856, 1856, 1856, 1856, 673, 1856]"
53,100,"[6, 10, 109, 112, 211, 227, 275, 340, 352, 382, 407, 459, 528, 550, 560, 564, 571, 620, 642, 651, 678, 737, 786, 821, 846, 880, 892, 917, 1010, 1092, 1106, 1143, 1145, 1157, 1167, 1202, 1225, 1226, 1262, 1292, 1297, 1419, 1425, 1429, 1450, 1495, 1559, 1677, 1686, 1692, 1726, 1742, 1825, 1996, 2027, 2105, 2238, 2279, 2301, 2311, 2389, 2421]",62,1.9368639709427953,0.18933578627184033,0.08777654475923027,"[47768807, 430079126, 217559975, 16806341, 450030792, 305047031, 338764605, 157315489, 212866632, 72447548]","[6, 275, 1167, 1010, 6, 407, 1010, 382, 1010, 1010]"
54,100,"[175, 196, 201, 241, 249, 293, 301, 353, 373, 382, 459, 484, 537, 544, 562, 564, 673, 682, 758, 825, 908, 979, 1053, 1145, 1219, 1226, 1262, 1265, 1284, 1287, 1520, 1530, 1544, 1552, 1586, 1600, 1608, 1610, 1611, 1686, 1691, 1717, 1719, 1726, 1730, 1839, 1852, 1916, 1966, 2038, 2082, 2102, 2125, 2189, 2253, 2271, 2378, 2397]",58,1.8156320876441896,0.16703322902321815,0.07968944371758221,"[340538846, 578698651, 89654179, 206755175, 462966013, 272099125, 542238241, 597489403, 581036453, 581071217]","[1287, 1287, 564, 1287, 1287, 1287, 1287, 1287, 1287, 1287]"
55,100,"[168, 194, 196, 233, 301, 340, 528, 564, 766, 905, 1024, 1078, 1173, 1196, 1489, 1495, 1608, 1717, 2098]",19,0.3960634605027735,0.06253584893420339,0.0762003721350706,"[458070540, 513243661, 130382454, 594712541, 175195938, 194939389, 183829504, 432589461, 174017977, 175800336]","[2098, 1078, 340, 2098, 1078, 340, 2098, 1489, 1078, 2098]"
56,100,"[130, 186, 200, 209, 227, 442, 627, 645, 686, 734, 824, 880, 904, 1037, 1116, 1125, 1176, 1218, 1682, 1697, 1915, 2065, 2135, 2260, 2338, 2362, 2380, 2409]",28,1.0106279249303043,0.07389129186049104,0.07868640374259225,"[385113286, 315279017, 375332831, 294871918, 555713159, 76701081, 448092594, 237920535, 369433639, 529403480]","[1037, 1125, 1037, 1125, 1125, 1125, 1125, 1125, 1125, 1125]"
57,100,"[6, 80, 97, 186, 209, 227, 252, 275, 362, 455, 645, 663, 664, 686, 734, 824, 880, 1152, 1186, 1225, 1262, 1401, 1408, 1693, 1706, 1738, 1763, 1785, 1830, 1915, 1944, 1972, 1982, 2027, 2065, 2135, 2154, 2260, 2380]",39,1.4184510819613934,0.10814049374312162,0.0831038537972535,"[76378574, 76484817, 509049685, 380720916, 23656741, 191970143, 190191648, 365085081, 9105535, 217333369]","[362, 362, 362, 362, 362, 2135, 362, 362, 362, 1915]"
58,100,"[68, 84, 192, 268, 283, 382, 588, 595, 602, 625, 636, 700, 729, 758, 811, 892, 908, 941, 973, 1018, 1059, 1085, 1194, 1291, 1305, 1327, 1329, 1536, 1551, 1598, 1645, 1701, 1723, 1730, 2017, 2029, 2052, 2082, 2140, 2180, 2188, 2239, 2256, 2258, 2279, 2282, 2300, 2426]",48,1.602902177721262,0.12627904023975134,0.072548990152427,"[111790819, 41980406, 185042547, 178362289, 185004784, 216094193, 46002466, 381452513, 6575303, 147021458]","[1723, 892, 1723, 1723, 892, 1723, 1723, 1723, 1723, 1723]"
59,100,"[39, 72, 86, 96, 112, 164, 258, 381, 477, 550, 570, 673, 678, 737, 746, 747, 852, 917, 963, 968, 1017, 1025, 1027, 1099, 1103, 1106, 1183, 1249, 1286, 1331, 1346, 1360, 1403, 1419, 1556, 1559, 1692, 1694, 1700, 1744, 1747, 1749, 1777, 1780, 1809, 1860, 2124, 2270, 2279]",49,1.7946762889623642,0.16894776606932282,0.10448943303745924,"[204059607, 512336242, 171456872, 489442966, 118454427, 160319876, 173569021, 53653208, 571257961, 597493856]","[1556, 1419, 1286, 550, 2124, 963, 852, 852, 673, 963]"
60,100,"[5, 9, 10, 93, 175, 202, 255, 300, 407, 413, 461, 542, 548, 564, 600, 618, 626, 628, 828, 850, 891, 898, 917, 961, 1032, 1107, 1123, 1258, 1262, 1278, 1296, 1316, 1380, 1429, 1444, 1514, 1644, 1713, 1926, 1974, 2061, 2072, 2081, 2088, 2097, 2279, 2387, 2447]",48,1.2279132413677871,0.11747951712459326,0.06098455265358401,"[244841950, 334864192, 36085481, 430666173, 132249408, 319354255, 285556910, 364661104, 354973368, 9331354]","[1974, 5, 5, 5, 407, 5, 5, 1974, 828, 1974]"
61,100,"[14, 109, 196, 262, 325, 382, 422, 468, 528, 573, 627, 651, 673, 746, 821, 1091, 1092, 1106, 1116, 1129, 1143, 1196, 1202, 1262, 1272, 1292, 1296, 1450, 1451, 1469, 1478, 1495, 1618, 1667, 1685, 1730, 1769, 1812, 1879, 1902, 1990, 2071, 2098, 2194, 2273, 2421, 2426, 2437]",48,1.3413672978058457,0.1309585478156805,0.0720922790884894,"[88413698, 152291662, 87177381, 159637364, 30327201, 298353658, 284097329, 120467136, 305976241, 494487482]","[468, 468, 468, 468, 468, 468, 468, 468, 468, 468]"
62,100,"[109, 168, 174, 194, 196, 227, 241, 263, 340, 381, 382, 422, 459, 468, 528, 630, 746, 755, 1042, 1078, 1092, 1129, 1146, 1167, 1169, 1179, 1196, 1226, 1262, 1273, 1308, 1425, 1478, 1489, 1495, 1618, 1631, 1825, 1839, 1954, 1988, 1990, 2027, 2071, 2098, 2273, 2421, 2437]",48,1.4010376906953752,0.12664879905059934,0.07050883327610791,"[241629397, 494241502, 51434528, 12634834, 233619684, 8827094, 224387811, 456165206, 386719219, 207962499]","[468, 1495, 1478, 1495, 1495, 468, 1495, 1495, 468, 468]"
63,100,"[6, 25, 86, 107, 112, 122, 275, 382, 505, 524, 528, 543, 560, 642, 647, 658, 673, 711, 815, 846, 856, 884, 1004, 1010, 1026, 1052, 1064, 1100, 1177, 1272, 1422, 1501, 1505, 1515, 1544, 1554, 1610, 1618, 1696, 1735, 1836, 1895, 2033, 2124, 2130, 2212, 2253, 2256, 2302, 2311, 2321, 2389]",52,1.611641292925924,0.16442985460162163,0.09666345787431616,"[270401378, 361827055, 52986331, 563690315, 484863943, 384131335, 445199962, 240595101, 184515490, 391016431]","[642, 884, 642, 642, 884, 275, 505, 505, 884, 642]"
64,100,"[6, 26, 97, 209, 240, 275, 277, 385, 396, 442, 601, 628, 645, 651, 664, 734, 740, 821, 824, 828, 839, 880, 1022, 1063, 1113, 1116, 1143, 1179, 1218, 1225, 1262, 1283, 1356, 1401, 1544, 1666, 1682, 1705, 1749, 1915, 1923, 2065, 2088, 2130, 2138, 2260, 2311, 2338, 2389, 2421]",50,1.8640185296535492,0.14690844248980284,0.09246450471691788,"[217185418, 84066849, 548226198, 19059244, 90439601, 589417302, 263706156, 542243239, 118496477, 179532987]","[2065, 2065, 2065, 664, 2065, 2065, 645, 2065, 2065, 2065]"
65,100,"[63, 70, 105, 110, 111, 112, 131, 216, 295, 303, 337, 385, 392, 523, 525, 537, 560, 674, 692, 758, 825, 876, 915, 926, 965, 1003, 1004, 1031, 1166, 1266, 1288, 1346, 1353, 1360, 1379, 1415, 1505, 1551, 1559, 1565, 1584, 1645, 1649, 1662, 1872, 2003, 2029, 2130, 2212, 2306, 2329, 2415]",52,1.8907682187855244,0.16993964603170753,0.10092282809245472,"[27189761, 278383145, 454217180, 71384431, 581020388, 309629502, 476017269, 25126619, 597180189, 410761523]","[1649, 1649, 1166, 1649, 1649, 876, 2329, 1649, 1649, 1649]"
66,100,"[5, 10, 26, 93, 255, 279, 286, 407, 417, 442, 443, 456, 550, 564, 618, 693, 821, 828, 834, 859, 892, 901, 917, 970, 993, 1025, 1123, 1231, 1262, 1278, 1543, 1618, 1677, 2061, 2139, 2175, 2191, 2207, 2253, 2279, 2377, 2387]",42,1.3795845829881728,0.11622446915134788,0.07569530143934701,"[336735408, 508445146, 326899109, 202536818, 576003819, 323331822, 261213950, 64707598, 212970604, 513033189]","[417, 1278, 1543, 5, 2061, 2191, 5, 1543, 5, 417]"
67,100,"[10, 112, 164, 175, 240, 286, 295, 352, 368, 382, 525, 528, 550, 564, 618, 673, 734, 737, 786, 821, 880, 892, 917, 968, 1092, 1106, 1129, 1143, 1145, 1167, 1225, 1262, 1283, 1353, 1419, 1450, 1481, 1489, 1558, 1559, 1608, 1618, 1700, 1839, 1841, 1872, 1996, 2017, 2082, 2102, 2119, 2264, 2279, 2301, 2421, 2426]",56,1.9584583342075348,0.18084848718717694,0.09212832691264339,"[386180863, 29988430, 89146024, 564020406, 563385914, 404410578, 160685693, 101976635, 343943364, 177073537]","[2301, 2301, 892, 2082, 1489, 2421, 1262, 2421, 1092, 528]"
68,100,"[12, 26, 92, 131, 202, 245, 313, 331, 374, 540, 554, 607, 656, 695, 726, 744, 773, 801, 825, 848, 927, 1129, 1164, 1219, 1258, 1293, 1296, 1395, 1444, 1460, 1537, 1581, 1586, 1609, 1745, 1799, 1974, 2061, 2083, 2097, 2231, 2263, 2382, 2447]",44,1.3309307401068509,0.11414986336603761,0.0688566225369207,"[265582474, 143670194, 22282360, 561844575, 248190137, 97780755, 153603521, 440305694, 491097584, 145913315]","[656, 656, 1258, 656, 656, 848, 656, 656, 1258, 726]"
69,100,"[20, 36, 164, 201, 373, 389, 484, 746, 834, 892, 908, 973, 979, 1130, 1159, 1178, 1219, 1226, 1320, 1393, 1530, 1698, 1744, 1886, 1912, 1914, 1916, 2043, 2140, 2175, 2183, 2333, 2426]",33,1.0228436873294413,0.09591778879985213,0.08207671736564601,"[299503718, 547526819, 494503005, 223881798, 40933157, 501034303, 276175577, 452879361, 94993425, 32863356]","[1886, 1912, 1886, 1912, 484, 1886, 1886, 1886, 1886, 1886]"
70,100,"[47, 57, 118, 174, 175, 185, 211, 216, 237, 241, 263, 283, 325, 346, 353, 382, 431, 443, 459, 537, 602, 619, 734, 744, 751, 761, 821, 846, 871, 892, 928, 1063, 1064, 1068, 1179, 1203, 1224, 1276, 1288, 1326, 1355, 1511, 1557, 1584, 1601, 1602, 1608, 1649, 1730, 1821, 1954, 1961, 2029, 2036, 2039, 2065, 2097, 2103, 2154, 2271, 2319]",61,2.08087786892429,0.1652869856916368,0.07482518680149415,"[552822517, 14700988, 243132285, 162408577, 258532458, 87187338, 481086447, 472693134, 22166047, 570387538]","[871, 1821, 1821, 1821, 1511, 1511, 47, 174, 1821, 1557]"
71,100,"[14, 63, 81, 84, 164, 174, 175, 210, 255, 263, 268, 315, 352, 368, 382, 428, 470, 528, 537, 550, 573, 604, 647, 746, 871, 876, 917, 941, 1091, 1092, 1106, 1143, 1167, 1202, 1262, 1419, 1425, 1524, 1602, 1608, 1618, 1644, 1667, 1686, 1730, 1809, 1812, 1839, 2017, 2071, 2082, 2271, 2301, 2325, 2421, 2426, 2437]",57,1.7594085508026183,0.15964266937226057,0.07485970472426791,"[573260542, 136021710, 546025776, 432821244, 271834051, 477922653, 493843594, 44392480, 478024384, 222781568]","[1091, 1091, 1091, 2071, 1091, 255, 382, 1812, 1091, 382]"
72,100,"[20, 36, 164, 201, 373, 382, 389, 484, 544, 618, 746, 786, 834, 892, 908, 968, 979, 993, 1025, 1027, 1130, 1178, 1192, 1226, 1434, 1530, 1552, 1618, 1692, 1696, 1744, 1880, 1886, 1912, 1916, 1922, 1933, 2095, 2175, 2214, 2226, 2333]",42,1.4249830758199096,0.14138307189568877,0.09195691948046997,"[446588711, 168468834, 539475952, 461876235, 444772633, 324629215, 363624009, 584665657, 376470060, 529203276]","[1912, 382, 382, 1912, 1912, 484, 2175, 382, 834, 1933]"
73,100,"[26, 57, 112, 216, 237, 241, 278, 303, 353, 382, 385, 399, 446, 459, 528, 537, 544, 644, 645, 692, 744, 821, 825, 850, 1063, 1116, 1129, 1169, 1189, 1245, 1296, 1310, 1369, 1376, 1444, 1505, 1515, 1568, 1618, 1649, 1662, 1763, 1821, 1925, 2038, 2097, 2103, 2212, 2271, 2319, 2419, 2421]",52,1.7317425338551402,0.1518967179581523,0.08585117547325073,"[540778935, 241972422, 319120328, 419519921, 569812062, 319494432, 225385585, 133699417, 207428026, 373696886]","[1376, 303, 1376, 303, 1376, 1568, 1376, 1376, 1376, 1376]"
74,100,"[51, 109, 174, 211, 241, 255, 263, 381, 382, 397, 422, 446, 468, 543, 619, 678, 755, 846, 898, 928, 1068, 1099, 1129, 1169, 1178, 1179, 1262, 1296, 1310, 1355, 1391, 1410, 1415, 1478, 1495, 1532, 1552, 1631, 1633, 1641, 1682, 1686, 1696, 1729, 1763, 1765, 1836, 1954, 1961, 1988, 1990, 2027, 2137, 2178, 2188, 2253, 2273, 2385]",58,1.6025912957265973,0.14197532972320914,0.06594992818005768,"[517378138, 265396003, 210976861, 43947376, 517211417, 341032742, 344750993, 72428980, 410446824, 2383163]","[1478, 1391, 1954, 1954, 1478, 1954, 2027, 1954, 1478, 1478]"
75,100,"[5, 57, 59, 67, 178, 207, 222, 351, 374, 407, 413, 442, 639, 656, 726, 743, 825, 850, 859, 927, 1080, 1098, 1119, 1129, 1219, 1224, 1245, 1297, 1395, 1467, 1468, 1529, 1537, 1573, 1608, 1650, 1685, 1713, 1719, 1728, 1738, 1922, 1957, 2085, 2148, 2165, 2206, 2330, 2423]",49,1.2984315580688417,0.11334871128201485,0.059765366647316485,"[549589445, 155620539, 263452461, 597410261, 271612684, 17100209, 468348092, 31811495, 367349867, 567665902]","[726, 726, 726, 726, 726, 726, 726, 726, 726, 726]"
76,100,"[109, 112, 174, 211, 240, 255, 263, 283, 381, 382, 454, 470, 619, 746, 755, 1004, 1106, 1169, 1179, 1262, 1296, 1429, 1478, 1499, 1532, 1552, 1601, 1631, 1667, 1686, 1696, 1707, 1809, 1812, 1839, 1954, 1961, 1985, 2027, 2137, 2173, 2188, 2271, 2325, 2437]",45,1.3287772508338094,0.11845945566892624,0.07630347248891162,"[329213839, 47074484, 409696869, 575044943, 574911367, 251901307, 421951907, 421905981, 331859210, 421981218]","[1954, 1954, 1954, 1954, 1954, 1954, 1954, 1954, 1954, 1954]"
77,100,"[10, 26, 100, 194, 199, 242, 262, 352, 428, 443, 550, 560, 564, 670, 737, 746, 786, 821, 828, 834, 892, 917, 931, 1124, 1218, 1226, 1262, 1324, 1419, 1434, 1450, 1608, 1649, 1677, 1696, 1700, 1717, 1749, 1951, 1996, 2105, 2139, 2175, 2207, 2264, 2273, 2279, 2301, 2421]",49,1.9789583482779562,0.16268582129850984,0.10148788872174919,"[29392618, 100806695, 555371788, 499569667, 288761517, 59728990, 29149633, 110999700, 199844193, 369492547]","[550, 352, 352, 352, 352, 2301, 352, 352, 352, 352]"
78,100,"[63, 68, 164, 174, 184, 216, 241, 263, 267, 315, 344, 353, 428, 459, 468, 523, 537, 544, 550, 562, 588, 647, 729, 746, 761, 791, 821, 902, 941, 1053, 1068, 1276, 1284, 1288, 1326, 1514, 1565, 1601, 1602, 1607, 1610, 1618, 1619, 1645, 1662, 1705, 1821, 1985, 2027, 2029, 2071, 2156, 2174, 2245, 2425]",55,1.9739643395878375,0.1569951707497239,0.07715189468369565,"[171772927, 368786729, 190868400, 258703635, 491655597, 268183460, 247783290, 400632256, 272302614, 480807276]","[1821, 791, 1610, 2029, 1645, 184, 164, 791, 791, 1705]"
79,100,"[20, 39, 100, 164, 194, 213, 258, 323, 381, 382, 428, 432, 446, 470, 537, 544, 618, 672, 729, 745, 746, 786, 834, 892, 901, 915, 968, 1025, 1027, 1068, 1114, 1150, 1181, 1346, 1434, 1499, 1602, 1618, 1677, 1692, 1694, 1696, 1744, 1774, 1780, 1783, 1946, 2006, 2053, 2095, 2140, 2175, 2264, 2426]",54,1.8029016903601587,0.17282083723694086,0.09045207738462421,"[198788363, 547035905, 261792617, 356719285, 66005742, 574548553, 156198037, 431362334, 434237666, 190418808]","[164, 2175, 1434, 2175, 1677, 1780, 2175, 1780, 258, 2175]"
80,100,"[10, 72, 112, 262, 322, 381, 382, 550, 618, 636, 657, 678, 693, 729, 747, 769, 786, 834, 846, 852, 887, 892, 901, 917, 931, 968, 993, 1017, 1025, 1123, 1262, 1278, 1314, 1403, 1434, 1496, 1559, 1618, 1649, 1671, 1677, 1692, 1699, 1701, 1744, 1857, 1890, 1922, 2031, 2105, 2139, 2141, 2156, 2175, 2209, 2253, 2279, 2301, 2377]",59,1.902010628953576,0.18331199046224356,0.08775689425657235,"[181721375, 35502141, 307159838, 89952573, 192160680, 312845800, 195811642, 367684103, 415792015, 485579401]","[2377, 1699, 1699, 1699, 1699, 1699, 1699, 1671, 1699, 1699]"
81,100,"[10, 36, 201, 286, 300, 373, 389, 443, 484, 533, 550, 564, 618, 772, 786, 834, 892, 898, 917, 931, 961, 968, 979, 1025, 1099, 1130, 1178, 1192, 1262, 1408, 1450, 1530, 1559, 1608, 1618, 1686, 1692, 1696, 1717, 1730, 1744, 1749, 1880, 1912, 1916, 1933, 1996, 2102, 2105, 2134, 2139, 2175, 2279, 2301, 2378]",55,1.871278973761946,0.1757756257429719,0.08768634725446728,"[84848979, 55342692, 20668750, 216612568, 582333068, 418881242, 567432210, 121812233, 253221377, 154531861]","[834, 834, 834, 834, 834, 834, 834, 834, 1408, 10]"
82,100,"[1, 5, 63, 72, 84, 164, 175, 192, 201, 255, 268, 273, 407, 564, 678, 682, 712, 743, 758, 772, 892, 917, 1091, 1123, 1194, 1202, 1249, 1262, 1346, 1419, 1425, 1429, 1514, 1544, 1611, 1618, 1660, 1730, 1807, 1812, 1821, 1844, 1872, 1978, 1996, 2015, 2029, 2082, 2102, 2180, 2387, 2426]",52,1.6989310989156365,0.15431435778737068,0.07751641178037971,"[426060089, 201612617, 426058119, 285544667, 1753283, 6857360, 558819142, 472224338, 280120899, 259187425]","[175, 1091, 2082, 1091, 1091, 1730, 1730, 1091, 1425, 1425]"
83,100,"[20, 111, 164, 201, 286, 381, 382, 412, 428, 484, 544, 602, 754, 758, 777, 786, 852, 884, 898, 908, 941, 979, 1053, 1068, 1130, 1145, 1165, 1194, 1226, 1262, 1265, 1346, 1353, 1552, 1565, 1618, 1686, 1783, 1786, 1880, 1916, 1933, 2095, 2102, 2140, 2175, 2378, 2426]",48,1.8126365449279547,0.15218464471399784,0.10370576394780073,"[208290461, 304706368, 579712493, 295744348, 27699303, 520458616, 123093567, 301807532, 464562719, 171420093]","[2378, 2095, 1346, 381, 2095, 2095, 412, 2095, 1053, 2426]"
84,100,"[10, 39, 100, 164, 194, 199, 352, 382, 422, 463, 550, 564, 602, 670, 737, 746, 786, 852, 892, 917, 932, 963, 968, 1106, 1124, 1226, 1262, 1324, 1419, 1481, 1524, 1608, 1696, 1700, 1730, 1809, 1835, 1860, 1996, 2175, 2264, 2301, 2377, 2421, 2426]",45,1.5203678030520678,0.1431625671684742,0.09246790040698316,"[374495231, 508578037, 303765303, 303894170, 303777852, 303777853, 442539628, 303777856, 443561584, 403869029]","[1419, 1419, 670, 1996, 670, 670, 746, 670, 1124, 1419]"
85,100,"[10, 126, 174, 280, 283, 286, 338, 395, 428, 566, 602, 693, 694, 786, 852, 876, 898, 1032, 1065, 1068, 1081, 1088, 1281, 1360, 1434, 1506, 1511, 1514, 1641, 1701, 1821, 1833, 2029, 2072, 2156, 2279, 2306, 2337, 2378, 2391, 2440]",41,1.5114794136025012,0.13045866787433624,0.0986232351477644,"[135859681, 487529913, 61872542, 390082707, 242283427, 253724408, 177270856, 142041489, 310574017, 162218567]","[1281, 1833, 2378, 2337, 286, 286, 2378, 283, 283, 1434]"
86,100,"[6, 112, 211, 262, 286, 344, 428, 470, 602, 672, 754, 772, 884, 941, 1064, 1145, 1178, 1186, 1202, 1276, 1326, 1353, 1354, 1355, 1360, 1415, 1429, 1601, 1602, 1667, 1686, 1762, 1812, 1985, 2039, 2174, 2189, 2216, 2271, 2325, 2358]",41,1.3211311078630388,0.11660936614498496,0.0829493083888892,"[590481425, 465696629, 267826711, 235910197, 303065933, 519676012, 6294739, 415423834, 288272199, 147797489]","[2271, 2039, 2039, 1667, 2039, 1601, 1186, 2271, 2271, 1202]"
87,100,"[57, 86, 112, 174, 211, 241, 252, 278, 353, 368, 382, 385, 446, 459, 528, 543, 686, 691, 744, 755, 781, 807, 810, 824, 846, 897, 1106, 1129, 1145, 1169, 1186, 1189, 1224, 1257, 1262, 1273, 1284, 1296, 1326, 1376, 1401, 1415, 1478, 1557, 1568, 1573, 1602, 1686, 1705, 1763, 1985, 2027, 2036, 2154, 2206, 2271, 2325, 2385]",58,1.787590267136693,0.16555344825610518,0.07711325182001395,"[505650686, 491044044, 66599930, 220173209, 571636931, 226991267, 498922512, 332663055, 498922511, 347402911]","[1224, 1224, 781, 1224, 1224, 1224, 1224, 1224, 1224, 1557]"
88,100,"[10, 39, 100, 112, 164, 194, 352, 368, 382, 428, 432, 484, 537, 550, 602, 670, 729, 746, 777, 786, 834, 846, 876, 917, 926, 1106, 1143, 1150, 1226, 1249, 1262, 1419, 1481, 1559, 1573, 1608, 1686, 1692, 1700, 1742, 1809, 1812, 1839, 1841, 1946, 1971, 1996, 2006, 2105, 2124, 2174, 2175, 2264, 2301, 2343, 2421]",56,2.032878704369068,0.19394813245162368,0.1102486067850675,"[272691094, 18516590, 167407740, 354292520, 283463728, 254672467, 523517352, 361223017, 51677329, 165066249]","[352, 670, 2343, 10, 1150, 1971, 1971, 2301, 2343, 1419]"
89,100,"[5, 47, 93, 118, 174, 211, 255, 346, 378, 413, 419, 444, 477, 544, 619, 851, 871, 1202, 1203, 1258, 1296, 1310, 1355, 1414, 1558, 1812, 1970, 2097, 2103, 2125, 2191, 2354]",32,0.9028928340412676,0.07319983188062906,0.06143865382182412,"[581116780, 388898852, 162226153, 93028096, 370799589, 112065139, 431801735, 316809578, 96753724, 312077492]","[1414, 1414, 1414, 1414, 413, 1414, 1414, 1414, 1414, 1414]"
90,100,"[27, 32, 70, 86, 105, 112, 148, 187, 231, 295, 347, 382, 392, 453, 455, 525, 560, 686, 734, 741, 793, 844, 846, 876, 880, 899, 1028, 1097, 1113, 1139, 1155, 1169, 1353, 1369, 1379, 1444, 1492, 1504, 1633, 1647, 1707, 1777, 1797, 1799, 1915, 1954, 1982, 2000, 2027, 2090, 2119, 2151, 2188, 2389, 2421]",55,1.8960589901544154,0.16502009611576796,0.09044534915380857,"[383639438, 160144202, 522129904, 482672322, 411802593, 131364422, 411802613, 599542561, 165739048, 441837004]","[1707, 793, 2119, 1707, 793, 741, 793, 793, 1139, 1139]"
91,100,"[51, 68, 112, 141, 224, 247, 277, 316, 395, 475, 543, 566, 674, 758, 835, 894, 897, 898, 915, 939, 1003, 1178, 1276, 1303, 1326, 1355, 1359, 1415, 1505, 1633, 1641, 1645, 1746, 1858, 1911, 1932, 1987, 2109, 2196, 2212, 2216]",41,1.1017439286224544,0.11117865098640323,0.07153677762054451,"[71233195, 315106232, 15931559, 531063675, 60055223, 587563381, 225392258, 397904159, 263154245, 399941080]","[1932, 1932, 1932, 1932, 2196, 1932, 1932, 1746, 1932, 2196]"
92,100,"[112, 146, 168, 194, 196, 227, 241, 263, 271, 340, 352, 422, 446, 459, 468, 528, 564, 672, 678, 766, 846, 898, 905, 933, 968, 1078, 1092, 1099, 1116, 1129, 1169, 1176, 1178, 1226, 1262, 1308, 1408, 1415, 1425, 1450, 1489, 1495, 1557, 1608, 1686, 1692, 1696, 1703, 1763, 1839, 1978, 2027, 2098, 2216, 2273, 2321]",56,1.5970600037835538,0.16459865495562553,0.08108069338985453,"[186913484, 186913483, 308965505, 408493343, 453058695, 489583657, 96335462, 116054388, 292722037, 444394351]","[2098, 2098, 468, 1116, 468, 1308, 468, 468, 468, 468]"
93,100,"[21, 38, 63, 131, 175, 186, 216, 222, 278, 554, 570, 628, 645, 662, 692, 744, 751, 850, 875, 892, 904, 927, 957, 965, 1063, 1081, 1106, 1164, 1219, 1258, 1288, 1303, 1356, 1360, 1369, 1379, 1505, 1514, 1528, 1584, 1586, 1611, 1900, 1961, 1978, 2024, 2028, 2036, 2065, 2077, 2097, 2191, 2231, 2293, 2423, 2447]",56,1.885849212296307,0.1544774346984923,0.07563368075144743,"[377891207, 160632588, 160632589, 160632606, 472766947, 477426557, 160632619, 300751783, 18201100, 465442862]","[38, 1219, 175, 175, 38, 2293, 175, 2024, 554, 628]"
94,100,"[10, 26, 39, 51, 72, 194, 262, 393, 443, 618, 673, 678, 746, 747, 786, 852, 901, 917, 968, 993, 1017, 1025, 1065, 1103, 1123, 1249, 1360, 1403, 1496, 1691, 1692, 1744, 1926, 1978, 2006, 2105, 2139, 2242, 2279, 2298]",40,1.5248007834888995,0.13193864608183503,0.09868841676507145,"[382136867, 224559782, 59486559, 353902440, 267224959, 245470336, 135660561, 353517623, 226300732, 353811955]","[72, 72, 72, 72, 1103, 72, 72, 72, 72, 72]"
95,100,"[5, 112, 227, 262, 301, 340, 352, 560, 564, 571, 627, 651, 673, 746, 828, 859, 892, 905, 993, 1078, 1106, 1123, 1143, 1167, 1202, 1218, 1225, 1226, 1278, 1292, 1419, 1450, 1495, 1558, 1608, 1611, 1677, 1692, 1700, 1749, 1825, 1902, 1996, 2011, 2102, 2124, 2139, 2273, 2301, 2421]",50,1.5990181295201182,0.16640414111316204,0.09468001408502459,"[18146884, 544083532, 29468341, 549976233, 463787733, 493145077, 8123432, 228112640, 196792996, 475908622]","[2301, 2273, 993, 2301, 2421, 627, 828, 828, 2273, 828]"
96,100,"[61, 68, 227, 275, 368, 382, 385, 428, 431, 543, 550, 588, 604, 645, 651, 692, 729, 734, 758, 781, 791, 811, 846, 897, 1003, 1019, 1093, 1099, 1145, 1257, 1283, 1284, 1326, 1353, 1401, 1434, 1459, 1481, 1505, 1515, 1602, 1618, 1645, 1662, 1763, 1768, 1867, 1872, 1985, 2033, 2174, 2208, 2232, 2253, 2302, 2419, 2421]",57,2.1079306825995445,0.16589673841372132,0.08629713636381846,"[260555165, 319468212, 467082314, 66717321, 309365349, 587776524, 438416572, 26985469, 515183225, 155207585]","[791, 791, 791, 791, 791, 791, 791, 651, 791, 846]"
97,100,"[52, 97, 174, 239, 263, 283, 346, 351, 396, 413, 431, 442, 444, 477, 619, 645, 694, 754, 898, 924, 945, 1000, 1068, 1081, 1099, 1103, 1107, 1176, 1178, 1179, 1262, 1276, 1337, 1355, 1410, 1414, 1415, 1459, 1506, 1511, 1618, 1631, 1641, 1686, 1696, 1705, 1729, 1923, 1954, 1961, 2015, 2027, 2029, 2036, 2065, 2103, 2362]",57,1.824585978873074,0.14973340136930346,0.07274217808847888,"[522478978, 115689543, 474323315, 313248135, 259914297, 390912880, 537760475, 585989401, 214100017, 44248151]","[52, 52, 52, 52, 52, 52, 52, 52, 52, 52]"
98,100,"[47, 86, 112, 164, 262, 278, 353, 368, 446, 470, 544, 550, 560, 562, 604, 639, 647, 673, 678, 692, 711, 743, 775, 786, 791, 846, 979, 1026, 1106, 1169, 1202, 1455, 1505, 1528, 1536, 1545, 1573, 1607, 1618, 1645, 1677, 1691, 1701, 1744, 1808, 1872, 2052, 2083, 2271, 2273, 2321, 2421]",52,1.9889617539010942,0.17970957048237324,0.10424063145183027,"[465034186, 436051257, 221883577, 421810546, 161392632, 296967809, 436051261, 43341350, 460185500, 467449884]","[1545, 1545, 1545, 1545, 1545, 2271, 1545, 1545, 1545, 1808]"
99,100,"[209, 227, 275, 382, 431, 442, 627, 645, 651, 734, 880, 900, 1037, 1116, 1125, 1176, 1410, 1505, 1515, 1682, 1697, 1705, 1915, 2065, 2135, 2260, 2273, 2362, 2380, 2409, 2421]",31,1.0834206519648433,0.08779601939022541,0.07720753787115457,"[425207392, 277529667, 433505913, 400813724, 253407975, 302092542, 456915022, 519964394, 290312855, 411858689]","[1697, 1697, 1125, 1697, 1125, 1697, 1125, 1125, 1697, 1697]"
100,100,"[45, 47, 307, 322, 373, 562, 693, 700, 973, 1019, 1059, 1178, 1194, 1355, 1446, 1470, 1480, 1536, 1545, 1598, 1625, 1701, 1808, 1886, 2052, 2140, 2141, 2156, 2239, 2246]",30,0.8534170994535089,0.06828429317101836,0.06363857748607794,"[189226163, 402269380, 477677333, 223659315, 231583392, 132459321, 460146893, 231761919, 455867147, 477744659]","[973, 973, 973, 973, 973, 973, 973, 973, 973, 973]"
101,100,"[10, 100, 109, 194, 344, 352, 382, 422, 428, 446, 470, 528, 537, 544, 550, 591, 673, 737, 746, 786, 821, 846, 852, 892, 917, 1092, 1106, 1202, 1226, 1262, 1419, 1429, 1481, 1514, 1602, 1608, 1618, 1677, 1686, 1692, 1700, 1809, 1812, 1971, 1985, 1996, 2071, 2125, 2174, 2175, 2264, 2271, 2301, 2421, 2426]",55,1.8625517315231264,0.16627233335748315,0.08410320921208371,"[451505880, 253814188, 261514809, 307405293, 547765493, 448534146, 397641229, 156840648, 560850266, 236230256]","[1202, 1812, 1202, 2426, 1812, 1812, 1202, 470, 1812, 1202]"
102,100,"[109, 112, 227, 237, 241, 263, 331, 352, 368, 382, 422, 446, 454, 457, 468, 528, 550, 602, 607, 669, 692, 744, 825, 846, 848, 917, 979, 1053, 1063, 1106, 1116, 1129, 1130, 1145, 1146, 1169, 1192, 1262, 1273, 1288, 1296, 1369, 1481, 1505, 1528, 1557, 1618, 1662, 1686, 1705, 1763, 1821, 1872, 1954, 1985, 2027, 2154, 2188, 2231, 2263, 2273, 2311, 2421]",63,2.287817812990397,0.1924803121946752,0.08897351301349109,"[192006529, 545815969, 218483559, 457271210, 321173119, 140382556, 594503539, 466518132, 344348550, 467991551]","[1369, 848, 2027, 1985, 2263, 237, 1369, 1369, 2263, 109]"
103,100,"[20, 39, 63, 70, 84, 100, 105, 164, 213, 258, 268, 293, 323, 378, 422, 537, 595, 674, 745, 746, 786, 813, 846, 892, 908, 926, 968, 1150, 1194, 1249, 1291, 1346, 1419, 1499, 1544, 1551, 1573, 1618, 1694, 1700, 1730, 1783, 1807, 1872, 1890, 1946, 2102, 2140, 2172, 2194, 2329, 2343, 2425, 2426]",54,1.8394291391596198,0.17742415703833103,0.09186708670178498,"[539756851, 317490910, 518603062, 7220652, 240456867, 539756890, 134163922, 317588956, 363901500, 115640578]","[2426, 20, 323, 1946, 1946, 293, 813, 813, 258, 100]"
104,100,"[1, 19, 47, 68, 170, 175, 237, 270, 301, 351, 353, 382, 442, 444, 562, 635, 645, 651, 692, 734, 791, 815, 839, 850, 892, 908, 911, 924, 945, 966, 1063, 1129, 1164, 1178, 1283, 1297, 1305, 1376, 1401, 1480, 1511, 1515, 1516, 1537, 1544, 1600, 1608, 1609, 1679, 1685, 1713, 1723, 1768, 1808, 1821, 1902, 2097, 2231, 2256, 2287, 2330, 2409, 2423, 2447]",64,1.7951540383510292,0.15447448566555977,0.06447699385898886,"[478609168, 75989660, 580163753, 446026929, 94075061, 565127133, 403954187, 30766971, 359151986, 237766370]","[270, 270, 1723, 1723, 1723, 1723, 1723, 1723, 1723, 1723]"
105,100,"[19, 47, 59, 67, 159, 175, 325, 442, 457, 645, 675, 803, 825, 839, 943, 1026, 1063, 1177, 1190, 1227, 1258, 1278, 1319, 1469, 1481, 1537, 1600, 1748, 1895, 1922, 1923, 2245, 2287, 2304, 2330, 2377, 2423, 2430]",38,0.985345063265413,0.08935398422181606,0.0667331283421893,"[217785503, 159600953, 579902028, 323935748, 573709832, 28875190, 497452100, 227360900, 377034966, 431523638]","[2430, 1895, 2287, 2430, 1922, 1600, 2287, 2287, 1895, 1895]"
106,100,"[5, 10, 26, 67, 93, 262, 279, 382, 384, 407, 420, 443, 475, 533, 537, 557, 618, 670, 678, 754, 769, 786, 821, 859, 901, 917, 980, 1003, 1032, 1068, 1123, 1129, 1191, 1265, 1278, 1296, 1429, 1434, 1444, 1469, 1511, 1558, 1559, 1608, 1610, 1665, 1677, 1696, 1713, 1717, 1726, 1841, 2011, 2072, 2088, 2103, 2139, 2171, 2207, 2209, 2279, 2330, 2338, 2377, 2387]",65,2.2069206056185067,0.19298290321603417,0.08149120781140831,"[354863233, 596411782, 488736926, 167418361, 517538865, 591925910, 166627376, 58848946, 474313732, 400563478]","[2072, 1429, 382, 382, 1665, 1469, 1123, 1278, 2088, 1665]"
107,100,"[10, 26, 109, 112, 164, 175, 210, 241, 263, 267, 352, 382, 446, 459, 468, 523, 550, 591, 604, 618, 651, 673, 678, 729, 745, 746, 786, 791, 821, 846, 892, 902, 917, 968, 993, 1025, 1092, 1106, 1143, 1226, 1262, 1278, 1292, 1314, 1419, 1434, 1524, 1552, 1618, 1619, 1671, 1677, 1686, 1692, 1696, 1744, 1749, 1809, 1825, 1946, 1996, 2105, 2175, 2279, 2301, 2400, 2421]",67,2.26462968531996,0.2029817346483469,0.08587494791388067,"[247104839, 191784785, 357995125, 239148187, 190732530, 293766889, 66375012, 578375153, 398562952, 300744844]","[1825, 1619, 1619, 1619, 1619, 1619, 1619, 1419, 1619, 1619]"
108,100,"[10, 70, 112, 164, 175, 201, 241, 263, 267, 301, 325, 353, 381, 382, 446, 454, 468, 484, 550, 564, 673, 678, 682, 744, 746, 755, 775, 834, 876, 892, 908, 917, 1025, 1106, 1129, 1169, 1178, 1262, 1296, 1369, 1376, 1505, 1552, 1568, 1573, 1608, 1618, 1645, 1686, 1692, 1696, 1744, 2027, 2088, 2105, 2175, 2214, 2248, 2279, 2329, 2377, 2421]",62,2.0929314102977514,0.1888150149025023,0.08511352127478007,"[531803371, 303715459, 408016726, 592700654, 454860629, 573727816, 11354954, 137426596, 137426586, 351960046]","[892, 164, 2279, 10, 2279, 892, 755, 550, 164, 892]"
109,100,"[21, 42, 70, 112, 131, 161, 262, 278, 302, 303, 349, 382, 385, 525, 557, 560, 692, 734, 740, 797, 839, 846, 876, 901, 930, 931, 1022, 1145, 1262, 1283, 1297, 1349, 1353, 1356, 1360, 1379, 1397, 1492, 1505, 1566, 1750, 1777, 1802, 1821, 1824, 2000, 2024, 2130, 2145, 2209, 2257, 2267, 2389]",53,2.045781576540321,0.1755091967061162,0.10395273133532477,"[339155718, 148334984, 136102942, 478206656, 165469929, 137930305, 85347169, 63179632, 452616940, 477407489]","[1492, 1492, 1492, 1492, 1492, 2389, 1492, 1492, 1492, 302]"
110,100,"[201, 382, 484, 544, 602, 673, 834, 898, 908, 979, 1053, 1130, 1145, 1192, 1226, 1530, 1552, 1698, 1744, 1880, 1886, 1912, 1914, 1916, 1933, 1946, 2038, 2095, 2125, 2175, 2333, 2378]",32,1.2360491123981774,0.10442483378574252,0.09695297876169207,"[385769113, 203104715, 40283770, 154270230, 30729626, 575804413, 368671839, 74921318, 278682383, 448785531]","[2333, 484, 2378, 484, 1053, 2175, 484, 2175, 834, 2378]"
111,100,"[168, 196, 227, 340, 442, 459, 468, 528, 825, 846, 1037, 1042, 1078, 1092, 1116, 1125, 1129, 1146, 1167, 1173, 1176, 1196, 1226, 1296, 1308, 1396, 1489, 1495, 1618, 1825, 1839, 2098, 2273, 2421, 2437]",35,0.9948537079617381,0.09363444382324815,0.07094048004863518,"[161416661, 9980046, 563384146, 268291633, 555749580, 385787014, 83072068, 83072044, 294435903, 405546040]","[468, 468, 468, 468, 468, 468, 468, 468, 1146, 468]"
112,100,"[6, 10, 39, 100, 112, 164, 194, 211, 213, 241, 352, 382, 422, 537, 550, 560, 670, 746, 777, 786, 846, 892, 917, 932, 1106, 1124, 1150, 1202, 1249, 1262, 1353, 1419, 1481, 1499, 1514, 1573, 1608, 1686, 1700, 1742, 1809, 1812, 1860, 1996, 2053, 2105, 2253, 2264, 2271, 2298, 2302, 2343, 2421]",53,1.7549356892704964,0.18266369309276342,0.10906170404358011,"[377446304, 591528875, 33406776, 17506965, 322581294, 171597223, 109714533, 523196822, 487064859, 588132377]","[1202, 746, 1419, 1202, 39, 382, 917, 382, 164, 1686]"
113,100,"[63, 112, 131, 164, 262, 278, 484, 554, 560, 571, 591, 601, 645, 673, 678, 692, 712, 743, 822, 927, 993, 1017, 1022, 1031, 1106, 1123, 1198, 1202, 1219, 1234, 1249, 1338, 1360, 1505, 1520, 1537, 1544, 1611, 1677, 1692, 1848, 1872, 1895, 2005, 2024, 2085, 2105, 2139, 2343, 2421]",50,2.0087899318896234,0.17113788379356265,0.09930257660336793,"[449302526, 33285225, 592718174, 440082159, 44646774, 148968466, 583638774, 446868315, 97507231, 592718172]","[712, 712, 712, 1338, 712, 822, 712, 712, 164, 712]"
114,100,"[40, 57, 68, 86, 112, 122, 382, 424, 431, 560, 620, 628, 645, 678, 690, 731, 734, 778, 812, 833, 846, 1003, 1012, 1026, 1069, 1100, 1177, 1190, 1233, 1283, 1322, 1353, 1356, 1379, 1462, 1484, 1501, 1505, 1515, 1618, 1632, 1682, 1713, 1736, 1768, 1867, 1916, 1923, 2033, 2072, 2107, 2208, 2212, 2253, 2311, 2338, 2401, 2419]",58,1.8934044749476016,0.1739147654734552,0.09069323583891423,"[289481900, 304146423, 84488124, 84488125, 242859885, 276840775, 93863393, 401562638, 579413241, 225379045]","[40, 731, 40, 731, 731, 731, 1484, 40, 40, 424]"
115,100,"[252, 275, 382, 385, 413, 664, 672, 686, 766, 807, 824, 941, 956, 1003, 1019, 1093, 1099, 1152, 1186, 1226, 1257, 1303, 1319, 1391, 1408, 1415, 1532, 1557, 1696, 1703, 1706, 1763, 1769, 1911, 2027, 2154, 2279, 2385]",38,1.4071312178857625,0.10712282592430711,0.08394696106398969,"[49959631, 512224738, 68025475, 44640260, 75037765, 323500315, 44688408, 252094346, 75037766, 88914243]","[2154, 2154, 2154, 2154, 686, 252, 2154, 252, 1186, 1408]"
116,100,"[61, 109, 112, 174, 209, 240, 252, 255, 346, 382, 385, 601, 627, 686, 692, 711, 734, 740, 821, 824, 825, 880, 1092, 1106, 1129, 1143, 1145, 1167, 1202, 1225, 1262, 1292, 1355, 1401, 1408, 1415, 1429, 1544, 1557, 1602, 1686, 1696, 1705, 1769, 1812, 1839, 1954, 1961, 1985, 2027, 2039, 2065, 2105, 2154, 2301, 2325, 2385, 2421]",58,1.9727857755497098,0.16627203859388828,0.08398059703377557,"[10791807, 166823767, 499220450, 587255650, 72710750, 331590051, 387997237, 219452106, 587239301, 448218257]","[2154, 1415, 1415, 2154, 2154, 1769, 824, 824, 2154, 1602]"
117,100,"[40, 93, 130, 163, 384, 397, 409, 442, 502, 560, 566, 627, 651, 666, 833, 880, 897, 931, 1004, 1025, 1093, 1100, 1138, 1145, 1178, 1262, 1303, 1314, 1326, 1469, 1484, 1505, 1552, 1633, 1641, 1645, 1685, 1692, 1736, 1784, 1836, 1845, 1857, 1858, 1924, 1932, 1963, 2109, 2212, 2216, 2242, 2284, 2311, 2362, 2421]",55,1.6693583335727453,0.1538863186724484,0.07233839652670378,"[252015351, 107765794, 64921798, 310338841, 428193560, 328472039, 364912556, 102240323, 380796894, 306842771]","[163, 163, 163, 163, 163, 1858, 163, 163, 163, 163]"
118,100,"[10, 39, 279, 292, 305, 338, 393, 602, 618, 694, 898, 901, 917, 961, 1003, 1032, 1065, 1071, 1081, 1107, 1176, 1179, 1281, 1296, 1324, 1403, 1506, 1514, 1587, 1653, 1696, 1926, 2072, 2081, 2088, 2209, 2279, 2318, 2387, 2440]",40,1.2898489544168115,0.1122728930786252,0.08373757298686542,"[221811232, 161855888, 482814534, 122131117, 107089852, 566660059, 562737399, 5630875, 331163446, 203502555]","[2279, 2081, 2072, 1032, 2318, 2279, 2088, 1032, 2081, 2318]"
119,100,"[6, 20, 96, 109, 112, 241, 242, 250, 258, 352, 378, 382, 470, 537, 550, 560, 604, 673, 678, 746, 747, 786, 821, 917, 1027, 1106, 1150, 1218, 1262, 1346, 1499, 1556, 1573, 1618, 1692, 1700, 1744, 1772, 1835, 1860, 1946, 2011, 2095, 2125, 2214, 2226, 2253, 2264, 2421, 2425, 2426]",51,1.3683061297051609,0.17518916679546237,0.09659700409290106,"[555158006, 497606658, 239869551, 157881196, 7848153, 494235158, 428479524, 560512106, 131148045, 244236527]","[1744, 2095, 2426, 1346, 258, 2426, 2426, 258, 2426, 258]"
120,100,"[10, 26, 283, 286, 322, 395, 428, 523, 555, 566, 602, 618, 636, 693, 700, 704, 729, 737, 831, 876, 898, 901, 959, 961, 968, 1025, 1053, 1059, 1068, 1071, 1088, 1349, 1460, 1502, 1552, 1618, 1665, 1671, 1699, 1701, 1729, 1786, 2156, 2171, 2209, 2279, 2282, 2338, 2346]",49,1.7921994919888675,0.13819294283166528,0.08083268657459744,"[432278520, 374950273, 61307981, 476045260, 337860279, 193575861, 263411408, 38610481, 33841849, 63300477]","[1502, 636, 1502, 1502, 1502, 1502, 1088, 636, 1502, 1502]"
121,100,"[267, 275, 277, 362, 396, 409, 515, 601, 627, 628, 642, 645, 651, 664, 863, 880, 888, 1025, 1178, 1187, 1225, 1268, 1297, 1356, 1505, 1515, 1682, 1697, 1705, 1749, 1915, 1932, 1955, 2065, 2138, 2260, 2311, 2380, 2389]",39,1.41982497042045,0.10516758635640144,0.07839174692232448,"[259071515, 437317368, 44402102, 260956334, 144942406, 302150947, 144832277, 453704331, 49842008, 554918483]","[664, 1915, 1915, 1915, 1915, 1915, 1915, 1915, 1915, 1915]"
122,100,"[63, 68, 70, 112, 192, 216, 278, 302, 434, 543, 554, 570, 588, 625, 674, 682, 692, 711, 729, 744, 758, 815, 850, 892, 1000, 1030, 1106, 1189, 1219, 1249, 1266, 1288, 1293, 1326, 1327, 1353, 1360, 1392, 1492, 1514, 1515, 1536, 1544, 1584, 1598, 1618, 1660, 1723, 1730, 1786, 1821, 1848, 1966, 1997, 2024, 2028, 2029, 2052, 2077, 2102, 2130, 2239]",62,2.028455386403948,0.19662906927987933,0.08704927306426989,"[151534257, 516252519, 555103126, 554943677, 163988011, 151362101, 163988086, 516068926, 104732148, 474583342]","[2052, 1723, 1723, 2052, 1723, 1723, 1723, 1723, 2052, 2052]"
123,100,"[26, 112, 159, 262, 263, 283, 428, 533, 550, 670, 678, 737, 746, 747, 754, 786, 821, 831, 859, 876, 898, 915, 931, 968, 970, 980, 993, 1032, 1044, 1068, 1123, 1262, 1288, 1314, 1434, 1559, 1607, 1618, 1649, 1677, 1686, 1692, 1700, 1705, 1726, 1772, 1780, 1783, 1852, 1916, 1926, 1990, 1996, 2011, 2031, 2053, 2088, 2207, 2212, 2264, 2306, 2338, 2377]",63,2.2546526794321835,0.19344271812587976,0.0951740464291698,"[300487777, 125950689, 421310323, 40487140, 328858424, 422689440, 229073607, 40435091, 279238362, 363906278]","[550, 1262, 1916, 1649, 747, 1649, 1649, 1649, 1916, 670]"
124,100,"[20, 96, 112, 164, 241, 288, 381, 382, 484, 533, 560, 595, 604, 672, 678, 746, 758, 786, 811, 846, 852, 880, 884, 892, 917, 968, 1025, 1027, 1031, 1032, 1099, 1194, 1249, 1262, 1434, 1505, 1559, 1618, 1645, 1686, 1692, 1696, 1700, 1744, 1749, 1780, 1783, 1784, 1848, 1872, 1933, 1990, 2027, 2029, 2124, 2140, 2175, 2216, 2279, 2302, 2321, 2378, 2426]",63,2.324247191194445,0.20026633143424988,0.09652524004276428,"[103660910, 329184696, 481986621, 282465296, 130448488, 361491848, 126779615, 85154416, 101375676, 203345266]","[382, 1692, 1744, 1780, 164, 2140, 1696, 381, 381, 382]"
125,100,"[14, 25, 47, 68, 174, 210, 241, 263, 315, 382, 413, 422, 431, 524, 544, 619, 647, 669, 673, 744, 761, 785, 825, 871, 935, 1032, 1116, 1125, 1129, 1176, 1202, 1262, 1284, 1326, 1509, 1515, 1552, 1600, 1601, 1607, 1610, 1618, 1631, 1696, 1705, 1730, 1841, 1923, 1954, 2038, 2065, 2088, 2125, 2177, 2221, 2279, 2409, 2437]",58,1.7864320767112076,0.14137322176247835,0.06589266645384888,"[34453432, 336266842, 302401344, 57728762, 281040931, 280987203, 281027890, 388909153, 366064393, 379931463]","[315, 315, 315, 315, 315, 1610, 1515, 315, 315, 315]"
126,100,"[6, 19, 109, 112, 244, 275, 277, 382, 385, 554, 557, 560, 601, 678, 692, 734, 740, 821, 824, 839, 846, 880, 907, 1010, 1022, 1031, 1106, 1143, 1145, 1167, 1172, 1187, 1219, 1262, 1292, 1297, 1349, 1353, 1355, 1356, 1379, 1401, 1492, 1505, 1784, 2083, 2102, 2105, 2130, 2138, 2191, 2311, 2389, 2421]",54,2.0777400750666857,0.17579358629882336,0.10552488483005652,"[330341623, 204061776, 1083858, 254193306, 430444918, 105410561, 81449818, 350146969, 553997511, 405371876]","[382, 275, 2083, 554, 554, 1106, 1106, 2191, 1106, 2389]"
127,100,"[159, 263, 288, 338, 406, 431, 533, 618, 751, 1003, 1032, 1068, 1081, 1185, 1252, 1281, 1296, 1360, 1506, 1509, 1514, 1660, 1666, 1705, 1794, 1916, 1923, 2029, 2065, 2088, 2097, 2318, 2320, 2419]",34,1.0440839058719575,0.09468997363001108,0.08036214842543225,"[311001270, 20746912, 560340263, 560393293, 20746911, 273059429, 550733200, 311001269, 201358112, 20746913]","[751, 159, 751, 159, 751, 159, 751, 159, 159, 751]"
128,100,"[14, 47, 105, 107, 112, 118, 164, 174, 211, 459, 537, 645, 672, 734, 871, 902, 911, 941, 1186, 1190, 1262, 1276, 1283, 1284, 1317, 1326, 1355, 1401, 1408, 1505, 1515, 1580, 1601, 1602, 1607, 1610, 1618, 1848, 1966, 2039, 2090, 2107, 2154, 2177, 2208, 2212, 2271]",47,1.7511655539274216,0.14017148362472653,0.08690662755868694,"[290366674, 41302095, 156219573, 434502349, 400160216, 330445947, 143893549, 576349399, 146982768, 338027635]","[1602, 1602, 1186, 1186, 2107, 1602, 1602, 1186, 2177, 2271]"
129,100,"[57, 68, 107, 249, 297, 315, 382, 459, 468, 537, 549, 588, 604, 630, 647, 744, 819, 821, 839, 850, 902, 935, 1026, 1129, 1190, 1224, 1273, 1276, 1283, 1284, 1326, 1401, 1515, 1537, 1554, 1601, 1607, 1682, 1757, 1806, 1902, 1981, 1985, 2180, 2206, 2271, 2409]",47,1.399293421767652,0.11643643351271749,0.06455989907238077,"[448137091, 448392286, 472945285, 103233960, 112127662, 581710544, 508761575, 73854731, 81163651, 573135295]","[107, 107, 249, 107, 107, 107, 249, 107, 107, 249]"
130,100,"[10, 40, 51, 61, 96, 201, 286, 288, 381, 389, 397, 484, 502, 512, 533, 560, 564, 602, 746, 786, 846, 908, 931, 968, 979, 1025, 1027, 1044, 1068, 1099, 1130, 1262, 1281, 1303, 1346, 1450, 1505, 1559, 1618, 1692, 1696, 1700, 1742, 1744, 1780, 1783, 1836, 1916, 1933, 1990, 2029, 2053, 2175, 2253, 2311, 2321, 2378, 2421]",58,2.1071799169294536,0.18829526146873832,0.09713051913723607,"[21237069, 73294531, 492891160, 534267918, 74450929, 78819548, 592798190, 569160048, 54471019, 408686134]","[1780, 381, 1692, 381, 1916, 1027, 1780, 1099, 533, 484]"
131,100,"[92, 97, 112, 186, 209, 212, 277, 316, 382, 385, 395, 475, 543, 566, 664, 692, 711, 734, 751, 824, 835, 841, 846, 941, 1019, 1025, 1093, 1178, 1189, 1235, 1257, 1284, 1303, 1319, 1326, 1337, 1355, 1356, 1408, 1484, 1505, 1532, 1645, 1657, 1763, 1768, 1799, 1848, 1858, 1932, 2036, 2107, 2109, 2154, 2212, 2231, 2260, 2396, 2430]",59,2.042942522559315,0.1738437176682055,0.08789707194634919,"[144843049, 381645569, 311725998, 302492227, 408493675, 101491833, 159006861, 347325080, 394239299, 585427734]","[664, 1284, 1284, 1257, 1932, 475, 475, 1356, 2107, 186]"
132,100,"[96, 100, 112, 250, 258, 262, 344, 368, 381, 428, 432, 484, 512, 550, 560, 678, 737, 746, 786, 852, 915, 931, 968, 980, 1017, 1027, 1068, 1123, 1124, 1176, 1183, 1209, 1346, 1556, 1618, 1649, 1692, 1700, 1742, 1744, 1774, 1780, 1836, 1890, 1916, 1926, 2095, 2194, 2226, 2264, 2425]",51,1.5564136137254536,0.18013936607167125,0.09940943062104576,"[467942678, 119184862, 420150266, 407503550, 394600789, 466358760, 460645518, 66305844, 480058543, 193942025]","[1183, 746, 2425, 1209, 1027, 1780, 1744, 1774, 1346, 1346]"
133,100,"[10, 89, 96, 242, 262, 316, 322, 381, 382, 384, 432, 484, 512, 523, 533, 555, 560, 618, 636, 678, 693, 700, 729, 786, 815, 884, 901, 915, 921, 968, 979, 993, 1017, 1025, 1059, 1068, 1123, 1178, 1418, 1470, 1493, 1499, 1536, 1618, 1641, 1692, 1696, 1699, 1701, 1726, 1742, 1744, 1780, 1836, 2175, 2256, 2276, 2302, 2335, 2377]",60,1.802578707691282,0.18113552452996373,0.0811333294181774,"[27638381, 587063191, 108769008, 108837498, 278367015, 592511447, 267911998, 108837499, 548699003, 210299071]","[1493, 533, 993, 993, 1493, 1744, 2256, 993, 636, 1059]"
134,100,"[96, 112, 194, 201, 227, 250, 258, 295, 352, 368, 381, 422, 428, 446, 484, 512, 544, 550, 737, 746, 786, 846, 892, 908, 931, 968, 1025, 1027, 1053, 1106, 1130, 1169, 1183, 1192, 1218, 1262, 1346, 1450, 1481, 1505, 1530, 1552, 1559, 1618, 1692, 1700, 1744, 1749, 1780, 1783, 1809, 1836, 1872, 1890, 1933, 1996, 2095, 2140, 2238, 2273, 2311, 2378, 2421, 2426]",64,2.432432441972196,0.2294537820853293,0.10125410063847085,"[135549895, 143589485, 307960537, 4270688, 272760053, 107046204, 64887395, 55406213, 563820449, 385745949]","[352, 352, 352, 352, 352, 352, 352, 250, 352, 352]"
135,100,"[39, 51, 72, 86, 106, 112, 161, 192, 262, 393, 618, 673, 678, 743, 769, 786, 852, 901, 1065, 1099, 1103, 1123, 1249, 1355, 1360, 1392, 1403, 1496, 1660, 1691, 1745, 1955, 1978, 2006, 2083, 2242, 2270, 2298, 2377]",39,1.5912891835905612,0.1252556787803769,0.10481806460003822,"[67472639, 332916842, 366376880, 585545534, 17262987, 60621647, 353502752, 550299376, 268125021, 570277472]","[161, 1103, 1103, 72, 1103, 161, 72, 161, 678, 1103]"
136,100,"[6, 201, 250, 258, 345, 382, 422, 428, 459, 468, 470, 484, 528, 537, 544, 729, 737, 746, 777, 786, 821, 834, 876, 902, 908, 1025, 1053, 1130, 1165, 1226, 1262, 1346, 1530, 1552, 1558, 1602, 1608, 1618, 1677, 1744, 1825, 1839, 1880, 1916, 1933, 1946, 1996, 2095, 2125, 2175, 2279, 2421, 2426]",53,1.830277738161385,0.16561085311695933,0.09502906054434068,"[115678467, 138660787, 206547408, 322208855, 103505158, 534529739, 575231737, 549748325, 473893320, 231814885]","[908, 908, 382, 908, 908, 908, 908, 908, 382, 908]"
137,100,"[57, 112, 118, 174, 211, 255, 263, 275, 382, 413, 431, 549, 554, 619, 656, 669, 726, 744, 848, 871, 1032, 1063, 1068, 1081, 1107, 1116, 1125, 1129, 1179, 1203, 1224, 1262, 1276, 1296, 1355, 1515, 1601, 1650, 1705, 1954, 2065, 2088, 2154, 2188, 2221, 2325, 2437]",47,1.3277785573154688,0.11789468303322792,0.06762201537655547,"[120768413, 130690256, 567764785, 460885708, 574450670, 567693048, 134764221, 567700714, 583042124, 18580703]","[619, 669, 1224, 1224, 1224, 1224, 2221, 1224, 1224, 871]"
138,100,"[20, 70, 112, 131, 164, 293, 484, 571, 601, 673, 682, 712, 746, 822, 859, 892, 993, 1031, 1091, 1219, 1249, 1419, 1421, 1456, 1467, 1505, 1520, 1529, 1544, 1573, 1600, 1608, 1627, 1645, 1685, 1769, 1783, 1848, 1872, 1886, 1978, 2024, 2082, 2426]",44,1.538959660101682,0.12410251842811704,0.0797346852275289,"[116889780, 315408916, 382484035, 177901450, 478663591, 267907949, 309213842, 357571673, 116892332, 119641932]","[822, 822, 822, 822, 822, 822, 822, 822, 822, 822]"
139,100,"[47, 118, 192, 263, 283, 364, 396, 477, 505, 557, 562, 645, 647, 761, 871, 935, 1081, 1235, 1276, 1284, 1326, 1354, 1509, 1511, 1537, 1551, 1601, 1607, 1610, 1705, 1821, 1848, 1961, 1966, 2015, 2036, 2097, 2177, 2206, 2208, 2221, 2271, 2325, 2447]",44,1.498513178434223,0.11964691523462534,0.0734683702043681,"[181851759, 379011445, 558091414, 429357841, 555205646, 556446121, 555205647, 537076483, 166091208, 103833844]","[935, 935, 935, 2036, 935, 935, 761, 935, 935, 396]"
140,100,"[60, 109, 241, 263, 381, 382, 454, 487, 746, 755, 848, 928, 1113, 1169, 1179, 1226, 1288, 1296, 1391, 1408, 1478, 1532, 1552, 1584, 1631, 1644, 1662, 1686, 1696, 1707, 1954, 1961, 1990, 2027, 2029, 2137, 2154, 2188, 2293]",39,1.0885524414479733,0.09383121784776449,0.0627494323043487,"[582402075, 172668992, 151201873, 535504318, 454047548, 204333902, 43870016, 417872236, 542298378, 55472578]","[1954, 1954, 1954, 1954, 1954, 1954, 1954, 1954, 1954, 1954]"
141,100,"[109, 174, 237, 240, 252, 382, 455, 619, 635, 669, 686, 707, 734, 744, 755, 848, 928, 957, 1063, 1113, 1129, 1152, 1169, 1179, 1262, 1296, 1369, 1376, 1401, 1478, 1532, 1631, 1644, 1705, 1821, 1826, 1900, 1954, 1961, 1995, 2013, 2027, 2090, 2154, 2188, 2263, 2319]",47,1.1810316508635879,0.11051199911162257,0.056827418704299214,"[537721664, 301553447, 256343955, 413477262, 115983765, 272254294, 574874608, 416729267, 211422803, 490321520]","[1954, 1954, 1954, 2319, 1954, 1478, 1954, 1954, 1954, 635]"
142,100,"[10, 39, 100, 112, 164, 175, 194, 199, 352, 422, 550, 618, 670, 746, 786, 852, 892, 917, 968, 1099, 1106, 1202, 1226, 1249, 1262, 1419, 1425, 1434, 1524, 1600, 1677, 1686, 1692, 1696, 1700, 1744, 1809, 1812, 1922, 1951, 1988, 1996, 2175, 2279, 2301, 2377, 2387, 2421, 2426]",49,1.687376260291785,0.16423826944082975,0.09901693935639092,"[371828666, 371880725, 371883663, 195213819, 285267748, 195276034, 401566150, 132094197, 109876089, 144147132]","[1419, 1419, 1419, 1419, 1419, 1419, 1419, 1419, 1419, 1419]"
143,100,"[6, 10, 109, 175, 194, 196, 211, 227, 241, 263, 352, 353, 381, 382, 422, 459, 528, 537, 550, 560, 564, 670, 673, 692, 746, 786, 821, 834, 846, 852, 892, 917, 1106, 1143, 1169, 1202, 1226, 1262, 1419, 1450, 1481, 1495, 1505, 1568, 1573, 1608, 1618, 1649, 1686, 1692, 1696, 1700, 1809, 1872, 1985, 1988, 1996, 2027, 2125, 2175, 2264, 2271, 2273, 2301, 2421]",65,2.4296746612526476,0.19889153959229589,0.08764093723506308,"[568603293, 438474876, 108137780, 193237893, 324003770, 101591507, 568595552, 581712249, 369049065, 564456264]","[1809, 1809, 1419, 1809, 1419, 109, 746, 1686, 1809, 382]"
144,100,"[168, 196, 263, 340, 564, 630, 766, 905, 956, 1078, 1092, 1129, 1167, 1173, 1196, 1226, 1298, 1396, 1451, 1489, 1495, 1608, 1650, 1675, 2098, 2166]",26,0.603386553004384,0.06821200763806701,0.06493249454965386,"[311197008, 28542321, 94886358, 470289830, 404809611, 61988430, 200639384, 467036186, 429555236, 106618145]","[2098, 2098, 2098, 2098, 2098, 2098, 2098, 2098, 2098, 2098]"
145,100,"[19, 68, 109, 110, 161, 267, 283, 382, 385, 523, 543, 554, 560, 600, 645, 678, 692, 729, 734, 758, 791, 825, 839, 850, 876, 897, 907, 926, 945, 1064, 1068, 1169, 1172, 1234, 1252, 1262, 1283, 1297, 1326, 1355, 1379, 1401, 1415, 1444, 1505, 1511, 1537, 1551, 1565, 1631, 1645, 1713, 1765, 1872, 2083, 2146, 2212, 2245, 2329]",59,1.9159121150150895,0.16173967067152262,0.07656005257740617,"[466844055, 158241344, 262786726, 570321692, 466939927, 313084790, 523351586, 467090244, 466864528, 497892071]","[1631, 850, 791, 791, 1631, 791, 791, 1631, 1631, 791]"
146,100,"[112, 186, 196, 211, 227, 275, 382, 454, 459, 468, 528, 564, 627, 642, 651, 664, 734, 821, 825, 880, 902, 1010, 1092, 1116, 1125, 1143, 1167, 1176, 1262, 1293, 1308, 1489, 1505, 1515, 1557, 1669, 1682, 1686, 1697, 1791, 1825, 1839, 1915, 2027, 2065, 2260, 2380]",47,1.5136635154485703,0.13337887404486537,0.07663106759811969,"[282835417, 576824951, 94479661, 198383382, 469531690, 415237356, 320993321, 557146566, 187314933, 80184097]","[651, 651, 651, 651, 651, 651, 1915, 651, 651, 651]"
147,100,"[32, 61, 109, 110, 112, 209, 275, 382, 385, 392, 455, 459, 525, 528, 537, 557, 560, 711, 729, 734, 740, 821, 839, 846, 880, 897, 1022, 1092, 1106, 1113, 1139, 1143, 1145, 1225, 1262, 1326, 1349, 1355, 1408, 1492, 1505, 1544, 1602, 1633, 1749, 1777, 1872, 1966, 2027, 2041, 2130, 2311, 2389, 2409, 2421]",55,1.9970448464155197,0.17277264641597867,0.09904472499831833,"[325077166, 95892057, 395590594, 28121729, 87742785, 296064038, 80319033, 533360462, 159071605, 485725779]","[734, 385, 455, 382, 109, 1139, 2041, 2041, 382, 2041]"
148,100,"[10, 86, 94, 112, 126, 275, 277, 382, 396, 409, 424, 462, 566, 645, 651, 664, 781, 888, 898, 941, 1010, 1025, 1172, 1178, 1187, 1257, 1262, 1303, 1322, 1353, 1356, 1415, 1500, 1501, 1505, 1515, 1632, 1645, 1682, 1686, 1762, 1768, 1782, 1795, 1915, 2033, 2065, 2216, 2260, 2267, 2279]",51,1.7463567657396197,0.15170560544356704,0.08473605710520025,"[71280009, 546455453, 95635881, 400278764, 509200431, 163424852, 507441751, 163464817, 503261427, 510645792]","[664, 664, 1257, 664, 1257, 1257, 664, 664, 1257, 1257]"
149,100,"[5, 10, 26, 279, 286, 298, 300, 338, 343, 407, 468, 618, 626, 658, 678, 682, 683, 704, 769, 828, 917, 961, 1032, 1278, 1296, 1439, 1460, 1592, 1600, 1610, 1666, 1852, 1922, 1926, 2015, 2061, 2072, 2127, 2139, 2156, 2279, 2377, 2387]",43,1.3686964875087142,0.11930844932794571,0.07087588079576922,"[541511178, 541511182, 194085273, 43236799, 541511183, 245424510, 194125449, 270684300, 23781916, 250027846]","[2387, 2387, 2387, 2387, 2387, 2387, 2387, 2387, 2387, 2387]"
150,100,"[36, 201, 373, 389, 446, 457, 484, 560, 979, 1053, 1130, 1159, 1192, 1393, 1530, 1552, 1568, 1618, 1698, 1836, 1916, 1933, 2038, 2183, 2273, 2378, 2421]",27,0.9515088154003024,0.08971046330407262,0.09488362917262647,"[132817667, 59680335, 564097636, 195097925, 37010459, 294937515, 318963254, 244794993, 85163744, 409419718]","[2183, 2183, 2183, 2038, 484, 201, 1530, 484, 979, 1530]"
151,100,"[68, 174, 184, 267, 382, 428, 459, 523, 562, 636, 645, 647, 700, 729, 737, 786, 791, 846, 897, 902, 915, 926, 1099, 1150, 1179, 1233, 1415, 1418, 1463, 1516, 1565, 1618, 1619, 1671, 1962, 2052, 2194, 2245, 2256]",39,1.2545249317772686,0.11210700869560242,0.07804089743429078,"[579272775, 198792342, 119054950, 428817812, 122498423, 348551822, 140935518, 343321797, 71588031, 122476015]","[1962, 1962, 1962, 1962, 1962, 1962, 1962, 1962, 1962, 1962]"
152,100,"[20, 39, 72, 96, 164, 250, 258, 323, 352, 378, 382, 428, 446, 470, 537, 550, 604, 673, 745, 746, 786, 852, 968, 1027, 1114, 1150, 1183, 1262, 1346, 1355, 1434, 1556, 1559, 1573, 1618, 1662, 1692, 1694, 1700, 1744, 1772, 1971, 2095, 2194, 2214, 2226, 2253, 2264, 2425, 2426]",50,1.4793654442764819,0.16391910193488002,0.08915746824350208,"[105570492, 435767109, 599941963, 276670669, 262073926, 559609191, 574376076, 538238323, 313044219, 255887951]","[1744, 1183, 2425, 1744, 2214, 1744, 2214, 1027, 20, 258]"
153,100,"[40, 201, 352, 368, 381, 382, 389, 428, 432, 446, 457, 484, 512, 550, 560, 678, 737, 746, 786, 843, 846, 852, 897, 898, 915, 931, 968, 979, 1032, 1053, 1068, 1130, 1169, 1192, 1262, 1481, 1505, 1552, 1618, 1662, 1692, 1696, 1742, 1809, 1836, 1872, 1916, 1933, 2017, 2031, 2038, 2156, 2311, 2378]",54,2.068959236610681,0.17672712728381157,0.09689630985829151,"[580125627, 77621675, 486877138, 25465135, 60120932, 13266161, 359574809, 74689141, 98244772, 390449550]","[843, 843, 843, 843, 843, 843, 843, 1692, 381, 1662]"
154,100,"[57, 63, 84, 164, 192, 201, 263, 268, 338, 382, 566, 595, 602, 625, 744, 761, 772, 810, 813, 892, 941, 1085, 1194, 1276, 1291, 1324, 1329, 1645, 1686, 1696, 1730, 1848, 1872, 2017, 2029, 2082, 2140, 2180, 2188, 2279, 2343]",41,1.5107213542796671,0.1194851822219789,0.07901244838267746,"[115100181, 262783279, 356919727, 223545910, 552611349, 228977617, 67552775, 25488434, 565728022, 85002289]","[2082, 1730, 595, 1329, 595, 1329, 595, 1329, 625, 1329]"
155,100,"[20, 68, 184, 194, 213, 249, 258, 267, 368, 382, 412, 428, 446, 507, 537, 562, 636, 700, 729, 746, 791, 846, 968, 1018, 1026, 1150, 1169, 1226, 1499, 1536, 1545, 1582, 1604, 1742, 1808, 1812, 1916, 1946, 1965, 1985, 2038, 2052, 2174, 2256, 2271, 2282, 2298, 2343, 2397]",49,1.604105596896261,0.14566065650433302,0.08406545944055732,"[227716460, 437534632, 563016460, 595899684, 528585632, 519476207, 401045029, 345423960, 242093159, 181561685]","[2256, 2256, 2256, 2256, 2256, 2256, 2256, 2256, 2256, 2256]"
156,100,"[97, 130, 186, 199, 209, 227, 442, 627, 645, 663, 734, 824, 880, 1037, 1116, 1125, 1176, 1505, 1682, 1697, 1726, 1763, 1915, 1961, 2065, 2135, 2184, 2260, 2338, 2362, 2380, 2409]",32,1.1731840367428958,0.09193965885788202,0.08482232716778526,"[561574493, 538941863, 461504633, 2155163, 348526226, 304166265, 446030645, 194953949, 194960142, 215311216]","[1125, 1125, 1125, 1125, 1125, 1125, 1125, 1125, 1125, 1125]"
157,100,"[10, 26, 40, 61, 86, 109, 112, 209, 227, 241, 294, 295, 382, 397, 442, 525, 537, 550, 560, 618, 627, 673, 734, 737, 746, 786, 876, 880, 892, 898, 924, 931, 968, 1003, 1022, 1025, 1044, 1099, 1125, 1178, 1218, 1262, 1283, 1288, 1303, 1326, 1434, 1484, 1505, 1559, 1618, 1649, 1696, 1768, 1996, 2119, 2156, 2306, 2311, 2338, 2377, 2421]",62,2.343135545961559,0.18767872685566545,0.09092113963373366,"[477806359, 315167901, 217514137, 523159681, 22404047, 221715805, 519269859, 135075794, 502238607, 340048858]","[1025, 2377, 40, 2338, 1025, 382, 627, 382, 1025, 442]"
158,100,"[109, 112, 187, 227, 241, 262, 275, 337, 459, 484, 560, 571, 645, 673, 678, 692, 746, 821, 846, 852, 880, 885, 997, 1106, 1143, 1145, 1155, 1167, 1202, 1218, 1225, 1262, 1292, 1505, 1686, 1708, 1763, 1825, 1841, 1872, 1895, 1982, 2000, 2027, 2105, 2124, 2260, 2273, 2421]",49,1.8284540479071438,0.15294049819931388,0.09671009445030775,"[538157273, 519835655, 388304270, 388304272, 232479446, 538157274, 98895669, 318363603, 538157278, 102816328]","[187, 187, 187, 187, 187, 187, 2124, 2421, 337, 187]"
159,100,"[14, 47, 68, 107, 174, 249, 278, 311, 315, 382, 413, 428, 431, 446, 459, 647, 693, 744, 761, 848, 898, 902, 941, 957, 961, 999, 1003, 1019, 1053, 1056, 1129, 1145, 1179, 1194, 1224, 1273, 1276, 1326, 1354, 1355, 1511, 1515, 1552, 1610, 1618, 1650, 1667, 1701, 1748, 1838, 1954, 1981, 2156, 2188, 2221, 2231, 2279, 2306, 2378, 2391, 2430]",61,2.0099003263749182,0.1642918768338859,0.07878109209666975,"[238638162, 536122103, 355775384, 55088653, 292680052, 55032120, 206028040, 443901149, 318878112, 547774955]","[382, 999, 1748, 1748, 382, 1748, 382, 2430, 1056, 1954]"
160,100,"[6, 47, 57, 109, 112, 211, 241, 275, 311, 325, 349, 353, 382, 454, 455, 528, 692, 731, 734, 743, 821, 839, 850, 935, 957, 1010, 1063, 1064, 1092, 1129, 1169, 1196, 1225, 1245, 1262, 1297, 1369, 1429, 1478, 1489, 1505, 1515, 1537, 1573, 1575, 1608, 1610, 1738, 2027, 2097, 2098, 2148, 2271, 2311, 2421]",55,1.7331017940305173,0.15921136876568198,0.07934864404695956,"[108932684, 256200678, 30829057, 339874296, 222750403, 588889555, 75577939, 75522853, 588817807, 16998124]","[2271, 957, 6, 211, 2271, 211, 6, 6, 6, 528]"
161,100,"[20, 39, 96, 112, 125, 164, 250, 258, 368, 378, 381, 446, 470, 550, 604, 746, 852, 1027, 1346, 1556, 1573, 1618, 1667, 1744, 1772, 1835, 1836, 1985, 2095, 2189, 2194, 2214, 2226, 2253, 2271, 2425]",36,0.9869118123315275,0.11733807250857353,0.09091372044187868,"[44065614, 179348278, 196227061, 43290414, 398670924, 406460569, 495915116, 556150387, 207472696, 569693425]","[258, 1027, 1744, 470, 1744, 1744, 2425, 2425, 1027, 2214]"
162,100,"[5, 10, 201, 267, 286, 352, 381, 382, 472, 484, 544, 550, 564, 627, 693, 777, 786, 834, 892, 908, 917, 1025, 1032, 1053, 1099, 1130, 1178, 1226, 1530, 1552, 1692, 1696, 1744, 1886, 1912, 1933, 1996, 2095, 2139, 2175, 2279, 2301, 2377, 2378, 2421]",45,1.701024984009564,0.14158946741372347,0.10276180104766455,"[372189215, 242686067, 460893713, 154230949, 509750085, 531825344, 156802197, 112683953, 462645119, 246948448]","[1025, 1025, 627, 627, 544, 1025, 627, 1226, 1886, 2279]"
163,100,"[40, 61, 109, 111, 164, 213, 368, 385, 428, 446, 484, 523, 537, 550, 560, 604, 672, 746, 781, 786, 810, 897, 915, 931, 941, 1106, 1130, 1145, 1150, 1178, 1257, 1262, 1276, 1284, 1303, 1355, 1503, 1505, 1559, 1580, 1602, 1645, 1686, 1749, 1765, 1812, 1848, 1872, 1946, 1985, 2017, 2174, 2175, 2194, 2212, 2271, 2311, 2329]",58,2.0799872847273946,0.18040528520941734,0.09012126207656773,"[377887185, 471856179, 86523242, 40695529, 446655610, 593763692, 283805603, 360153751, 105029832, 567794742]","[2174, 2174, 2174, 2174, 2174, 2174, 2174, 1946, 2174, 2329]"
164,100,"[20, 36, 164, 201, 373, 389, 484, 544, 786, 834, 979, 1025, 1027, 1130, 1226, 1530, 1552, 1568, 1692, 1698, 1744, 1880, 1886, 1912, 1914, 1916, 1933, 2095, 2140, 2175, 2333, 2378]",32,1.0460621775127947,0.10374159878119826,0.09170143403025577,"[382825464, 382791356, 139798550, 139661159, 241518463, 197307204, 197122395, 177822160, 172313904, 256633614]","[1912, 1912, 1912, 1912, 834, 1912, 1912, 484, 1912, 1912]"
165,100,"[97, 130, 186, 209, 275, 362, 409, 645, 651, 662, 734, 824, 904, 1025, 1125, 1176, 1283, 1319, 1469, 1505, 1515, 1557, 1693, 1704, 1705, 1743, 1763, 1768, 1785, 1915, 1972, 2065, 2107, 2135, 2260, 2338, 2380, 2409]",38,1.1388269602321088,0.09378084819763899,0.0689151558510371,"[225308057, 236165849, 551637064, 271202674, 343508960, 225294851, 378929497, 414598141, 216633273, 141525903]","[2135, 2135, 2135, 2135, 2135, 2135, 2135, 2135, 2135, 186]"
166,100,"[6, 112, 168, 194, 196, 199, 227, 301, 340, 352, 382, 443, 446, 544, 564, 618, 632, 649, 746, 777, 786, 905, 1010, 1078, 1116, 1131, 1143, 1157, 1196, 1226, 1450, 1489, 1495, 1524, 1558, 1608, 1686, 1696, 1717, 1839, 1860, 1988, 1996, 2027, 2071, 2102, 2186, 2273, 2421]",49,1.4373611961491406,0.17788687767460942,0.11327101748759802,"[469502761, 449429478, 408767841, 449228667, 91063653, 87664472, 188483153, 436119478, 85401590, 423521800]","[340, 340, 1489, 1839, 340, 340, 340, 340, 632, 340]"
167,100,"[39, 63, 84, 100, 164, 192, 194, 268, 357, 381, 422, 463, 588, 595, 602, 625, 746, 758, 772, 813, 892, 933, 937, 941, 1031, 1099, 1124, 1194, 1239, 1249, 1262, 1291, 1329, 1425, 1645, 1686, 1783, 1809, 1860, 1872, 2029, 2082, 2140, 2343, 2426]",45,1.5986067838966846,0.13002212531864643,0.08151594113765491,"[224559852, 559322207, 541176579, 460707266, 362387758, 290855427, 160614502, 72907774, 495271632, 365464132]","[1239, 1239, 1239, 1239, 1239, 1239, 1239, 1239, 1239, 746]"
168,100,"[201, 273, 382, 413, 431, 564, 602, 664, 672, 686, 751, 754, 766, 772, 941, 1018, 1186, 1194, 1257, 1408, 1415, 1602, 1686, 1693, 1696, 1730, 1769, 1786, 1807, 2039, 2154, 2180]",32,1.2362269926816225,0.09364417940378189,0.08307346587389475,"[244510764, 397488901, 306509257, 66921421, 133988263, 546401277, 136010040, 119908493, 101468890, 434780604]","[1186, 1186, 1730, 1186, 1807, 1186, 1186, 1186, 1186, 1186]"
169,100,"[36, 201, 373, 389, 446, 484, 595, 834, 908, 979, 1159, 1192, 1393, 1505, 1530, 1536, 1568, 1618, 1698, 1886, 1914, 1916, 2038, 2140, 2183, 2378]",26,0.8860583244822919,0.08177523221820593,0.08536550296972004,"[496007121, 125640005, 14409541, 146605441, 375462570, 347580490, 508260488, 15457791, 140065711, 588342549]","[373, 373, 373, 373, 373, 484, 373, 484, 484, 1159]"
170,100,"[6, 20, 39, 111, 129, 194, 201, 258, 352, 368, 381, 382, 412, 428, 432, 446, 457, 470, 484, 544, 550, 602, 604, 673, 746, 761, 777, 786, 834, 852, 908, 926, 979, 1053, 1130, 1145, 1165, 1226, 1346, 1360, 1481, 1552, 1686, 1700, 1812, 1860, 1872, 1985, 1996, 2038, 2095, 2140, 2175, 2194, 2253, 2264, 2378, 2421, 2426]",59,2.0840880069881678,0.19712000992149115,0.10381434662504342,"[419460675, 479731829, 464268983, 290422391, 424787647, 298811605, 350911126, 351017656, 337207486, 256587053]","[2095, 2426, 2095, 852, 673, 2426, 2095, 2095, 2095, 2095]"
171,100,"[6, 20, 96, 164, 368, 382, 432, 484, 537, 550, 560, 604, 657, 670, 678, 746, 754, 758, 786, 846, 908, 968, 979, 1053, 1068, 1249, 1262, 1346, 1360, 1505, 1559, 1618, 1645, 1662, 1692, 1700, 1742, 1744, 1780, 1783, 1872, 1890, 1916, 1933, 2095, 2140, 2194, 2238, 2264, 2302, 2311, 2343, 2378, 2421, 2426]",55,1.9271358740516007,0.18183607421815395,0.09620917618952014,"[276967714, 238030946, 574034175, 468349161, 264597840, 363692378, 113580006, 497890514, 544968739, 166921826]","[164, 2140, 2140, 1890, 1346, 2140, 1780, 678, 2140, 2095]"
172,100,"[112, 164, 174, 268, 283, 286, 315, 346, 382, 428, 447, 459, 470, 544, 550, 693, 751, 754, 935, 941, 1129, 1178, 1185, 1203, 1276, 1326, 1360, 1362, 1429, 1434, 1439, 1511, 1600, 1601, 1610, 1645, 1650, 1667, 1686, 1730, 1812, 1839, 1985, 2039, 2071, 2174, 2189, 2221, 2271, 2279, 2325, 2391]",52,1.6413820781745017,0.1317991241812706,0.07250365039082961,"[436963377, 41425998, 573923195, 200860855, 432120631, 234428732, 39364833, 353743490, 310392450, 303611741]","[1667, 1667, 1667, 1667, 1667, 1667, 1667, 1667, 1667, 1667]"
173,100,"[63, 70, 105, 112, 241, 263, 267, 382, 543, 602, 672, 702, 729, 734, 751, 758, 876, 928, 941, 1113, 1169, 1178, 1179, 1194, 1266, 1288, 1332, 1350, 1408, 1532, 1565, 1580, 1584, 1631, 1641, 1645, 1686, 1696, 1705, 1707, 1730, 1746, 1787, 1821, 1848, 1954, 2017, 2027, 2029, 2156, 2188, 2400, 2415, 2425]",54,1.6056562876328826,0.14259276539087296,0.07316325382864172,"[421516192, 123334203, 334586467, 396249398, 420097424, 123334202, 508078072, 432729141, 357285491, 432729142]","[1707, 1707, 1707, 1707, 1707, 1707, 1707, 1707, 1707, 1707]"
174,100,"[1, 164, 174, 227, 252, 283, 295, 382, 413, 431, 533, 586, 602, 672, 678, 686, 754, 766, 772, 898, 941, 1068, 1093, 1156, 1186, 1194, 1262, 1353, 1355, 1513, 1552, 1558, 1587, 1602, 1660, 1686, 1696, 1730, 1763, 1786, 1807, 1830, 1944, 2039, 2105, 2154, 2168, 2279]",48,1.8218686669133604,0.13796890899538994,0.08198762742783099,"[335251301, 66236774, 110095053, 171769894, 66243966, 240563277, 346573541, 247553257, 479688324, 456570413]","[772, 772, 772, 772, 772, 772, 772, 772, 2039, 772]"
175,100,"[1, 63, 70, 84, 164, 175, 201, 241, 268, 273, 382, 459, 537, 588, 595, 758, 761, 772, 813, 821, 876, 892, 935, 1066, 1091, 1194, 1262, 1288, 1360, 1425, 1514, 1520, 1544, 1644, 1660, 1686, 1730, 1786, 1807, 1811, 1841, 1872, 2029, 2082, 2088, 2180]",46,1.3831153698265553,0.1219553342089057,0.06644655300972416,"[117436995, 529364040, 493597761, 548840527, 549319923, 405522861, 594085667, 207151906, 549325063, 118266554]","[1730, 1730, 1730, 1730, 1730, 1730, 2180, 1730, 1730, 1730]"
176,100,"[129, 164, 201, 373, 389, 446, 484, 544, 550, 560, 777, 821, 834, 846, 908, 968, 979, 1025, 1053, 1106, 1130, 1145, 1169, 1192, 1284, 1450, 1552, 1568, 1608, 1618, 1692, 1916, 1933, 2038, 2125, 2311, 2378, 2421]",38,1.3855045633390546,0.12797789135947824,0.10794759226815873,"[505163271, 401411118, 125805490, 564320947, 507347585, 150867596, 343791582, 578366134, 189479449, 225892869]","[834, 544, 201, 834, 544, 201, 201, 201, 968, 834]"
177,100,"[1, 6, 70, 84, 112, 267, 382, 385, 462, 557, 564, 588, 602, 625, 636, 729, 742, 746, 758, 781, 810, 814, 821, 856, 892, 897, 908, 941, 1143, 1194, 1257, 1262, 1327, 1415, 1492, 1544, 1551, 1552, 1656, 1686, 1730, 1786, 1848, 1872, 2017, 2029, 2052, 2082, 2102, 2385]",50,1.770788743160665,0.15440738247707486,0.08574043012224138,"[445737795, 583864537, 208676328, 493591620, 502994434, 152121484, 548504950, 150813866, 109083023, 450062982]","[625, 625, 781, 625, 625, 1327, 781, 557, 557, 625]"
178,100,"[6, 10, 112, 194, 211, 213, 227, 241, 258, 275, 293, 323, 344, 352, 382, 432, 443, 468, 528, 537, 550, 618, 620, 673, 729, 746, 786, 821, 846, 876, 892, 901, 931, 1010, 1106, 1150, 1226, 1262, 1286, 1353, 1419, 1481, 1499, 1505, 1558, 1559, 1573, 1608, 1618, 1649, 1682, 1686, 1700, 1742, 1749, 1839, 1841, 1946, 1971, 1996, 2006, 2125, 2253, 2264, 2271, 2273, 2343, 2358, 2421]",69,2.407091627828777,0.22082155663520098,0.09421380630869797,"[308670354, 492913202, 592022775, 267011792, 475784296, 172532783, 323250630, 551569304, 95806496, 180969083]","[293, 729, 293, 293, 293, 293, 293, 293, 293, 1286]"
179,100,"[10, 26, 93, 112, 175, 227, 267, 275, 286, 293, 340, 382, 422, 446, 543, 550, 564, 642, 651, 664, 744, 781, 821, 825, 846, 892, 898, 917, 941, 1010, 1081, 1116, 1129, 1143, 1178, 1257, 1262, 1287, 1296, 1415, 1506, 1514, 1557, 1618, 1682, 1686, 1696, 1705, 1713, 1730, 1988, 2017, 2027, 2029, 2033, 2065, 2088, 2178, 2258, 2260, 2279, 2385, 2421]",63,1.9534412319771945,0.17865781672298908,0.07691404720517023,"[482489709, 482513369, 190953394, 218790679, 306209950, 23390111, 475524205, 382878550, 288204887, 281989583]","[1010, 93, 1686, 1262, 1262, 93, 382, 1262, 93, 382]"
180,100,"[63, 84, 164, 227, 268, 352, 368, 382, 428, 468, 550, 588, 595, 642, 651, 746, 846, 892, 908, 1106, 1129, 1145, 1178, 1194, 1226, 1257, 1262, 1419, 1425, 1524, 1552, 1557, 1600, 1645, 1686, 1730, 1812, 1848, 1872, 1985, 2017, 2033, 2071, 2082, 2301, 2421, 2426]",47,1.80935316439718,0.14482887694612145,0.08605767538810664,"[550905159, 246634158, 476949661, 311952454, 222413070, 157783429, 320641167, 496177960, 94727527, 28150409]","[550, 550, 550, 1645, 550, 2017, 550, 468, 550, 1730]"
181,100,"[10, 174, 201, 286, 382, 407, 413, 428, 443, 544, 564, 618, 673, 678, 682, 747, 754, 769, 775, 786, 834, 898, 917, 979, 1003, 1032, 1053, 1068, 1130, 1145, 1176, 1226, 1287, 1296, 1355, 1552, 1587, 1600, 1608, 1618, 1691, 1719, 1786, 1852, 1916, 1922, 2072, 2125, 2253, 2279, 2377, 2378, 2387]",53,2.1665240973234177,0.17133644921705127,0.09439051556313094,"[460349990, 164775229, 545020148, 450265851, 253605116, 556688818, 451282112, 207422151, 545301961, 511608339]","[1852, 1852, 1852, 564, 1852, 1922, 1852, 1852, 1852, 1852]"
182,100,"[10, 63, 84, 164, 175, 192, 241, 268, 273, 373, 382, 566, 577, 595, 602, 625, 682, 751, 758, 772, 813, 892, 898, 941, 1032, 1099, 1178, 1194, 1262, 1291, 1329, 1415, 1425, 1580, 1611, 1618, 1645, 1686, 1696, 1730, 1807, 1848, 1872, 2029, 2039, 2082, 2140, 2279, 2377]",49,1.732239839155227,0.14300304744392633,0.0776938446844947,"[254509575, 130564082, 273043630, 127662267, 552817184, 553072338, 137902141, 269396313, 34127478, 526098036]","[595, 2082, 892, 1425, 84, 595, 2279, 941, 1329, 84]"
183,100,"[20, 63, 112, 484, 543, 555, 562, 682, 729, 791, 815, 892, 968, 973, 1018, 1025, 1194, 1446, 1480, 1493, 1536, 1545, 1551, 1582, 1598, 1701, 1723, 1808, 1821, 1859, 2052, 2239]",32,0.9614712870679796,0.08871241519227624,0.07441862355335616,"[103572512, 218500680, 69235722, 227639106, 326841520, 23055104, 366728558, 86445881, 363464748, 353530693]","[1598, 562, 973, 973, 1723, 1480, 1545, 973, 1598, 973]"
184,100,"[10, 39, 51, 72, 194, 268, 300, 602, 618, 678, 682, 737, 747, 769, 786, 834, 892, 898, 917, 968, 1017, 1025, 1032, 1099, 1103, 1123, 1124, 1226, 1278, 1296, 1403, 1496, 1692, 1744, 1751, 1996, 2105, 2139, 2175, 2279, 2301, 2377, 2387]",43,1.52248128131032,0.1288095386698842,0.08675921674774484,"[202398807, 573977570, 140199749, 285291463, 49493021, 285208869, 467778939, 49429263, 125756428, 466627293]","[917, 747, 1296, 300, 917, 747, 1744, 917, 1692, 747]"
185,100,"[10, 26, 39, 185, 194, 239, 241, 258, 263, 279, 325, 353, 359, 382, 428, 443, 454, 537, 602, 618, 694, 737, 744, 786, 831, 834, 846, 852, 876, 892, 901, 912, 915, 1025, 1068, 1114, 1288, 1324, 1355, 1360, 1434, 1444, 1514, 1568, 1573, 1618, 1649, 1662, 1684, 1696, 1715, 1751, 1926, 1996, 2006, 2029, 2119, 2139, 2279, 2377]",60,2.277394272852689,0.17940351739525795,0.08606234251055866,"[511745332, 48954299, 487167005, 276382473, 465429198, 146461299, 548233081, 105507382, 248530841, 41935314]","[2377, 618, 912, 1662, 1649, 618, 241, 1114, 618, 1025]"
186,100,"[26, 40, 76, 86, 109, 186, 201, 209, 263, 267, 277, 286, 382, 397, 409, 442, 487, 544, 550, 557, 604, 645, 664, 673, 734, 888, 898, 924, 1025, 1053, 1081, 1125, 1129, 1145, 1176, 1178, 1179, 1257, 1262, 1278, 1283, 1303, 1326, 1410, 1415, 1505, 1552, 1600, 1633, 1682, 1696, 1705, 1768, 1772, 1782, 1856, 1908, 1915, 1954, 1961, 2027, 2065, 2175, 2188, 2248, 2260, 2279, 2311, 2338, 2409]",70,2.6298739230260253,0.1980477012693882,0.08260074412516717,"[250181636, 95901209, 250214702, 188091529, 512314806, 28348846, 330634046, 466863412, 181101373, 270447319]","[409, 1025, 409, 1025, 1326, 1025, 1025, 1908, 1025, 1326]"
187,100,"[1, 5, 118, 174, 175, 207, 255, 263, 268, 300, 325, 338, 346, 407, 413, 656, 682, 828, 871, 892, 917, 1091, 1143, 1202, 1219, 1262, 1296, 1380, 1425, 1520, 1544, 1600, 1611, 1644, 1730, 1769, 1812, 1895, 2015, 2065, 2088, 2097, 2279, 2330, 2387, 2437, 2447]",47,1.3295740829780698,0.12295502051711082,0.06245834331840594,"[441212914, 199342980, 84693467, 175992831, 394989135, 84867293, 365170347, 414785531, 352397999, 250757343]","[828, 2447, 2447, 118, 118, 2447, 255, 1520, 2447, 1812]"
188,100,"[5, 81, 84, 175, 210, 240, 255, 268, 293, 315, 364, 382, 407, 446, 544, 564, 673, 682, 761, 892, 917, 935, 1091, 1092, 1162, 1167, 1187, 1202, 1262, 1297, 1425, 1529, 1554, 1600, 1610, 1645, 1667, 1769, 1812, 1839, 1844, 1856, 1895, 1950, 2082, 2097, 2144, 2177, 2358, 2377, 2387, 2426, 2437, 2447]",54,1.4474700056016445,0.13175109261646867,0.060901124564999784,"[334562342, 334598495, 334598493, 168176079, 334501887, 375110893, 116216281, 117751874, 115872543, 168295608]","[2177, 2177, 2177, 2177, 2177, 2177, 2177, 1895, 2177, 2177]"
189,100,"[20, 39, 70, 89, 96, 112, 164, 194, 250, 258, 267, 293, 323, 382, 446, 484, 537, 618, 729, 745, 746, 786, 834, 846, 852, 892, 901, 915, 926, 968, 979, 1025, 1027, 1068, 1114, 1150, 1249, 1346, 1434, 1556, 1559, 1573, 1618, 1694, 1744, 1933, 1946, 1996, 2017, 2029, 2095, 2175, 2194, 2298, 2329, 2426]",56,1.73973603034392,0.18397154798731208,0.09011436193083812,"[6355308, 412575020, 194819497, 509506255, 61692006, 273536667, 509015108, 273340585, 531853675, 119941381]","[1946, 1027, 250, 1027, 892, 2175, 382, 834, 382, 382]"
190,100,"[6, 109, 227, 252, 382, 385, 446, 453, 454, 459, 528, 560, 672, 686, 744, 781, 824, 825, 846, 848, 957, 1003, 1019, 1093, 1116, 1129, 1145, 1169, 1179, 1186, 1273, 1296, 1353, 1355, 1369, 1408, 1415, 1481, 1505, 1532, 1557, 1602, 1618, 1696, 1763, 1926, 1954, 2027, 2154, 2188, 2231, 2263, 2430]",53,1.8479115306399763,0.15871207742020488,0.08732373264776368,"[344564768, 191845909, 35045917, 344703644, 301643958, 130554732, 394112207, 492702621, 578354095, 231678489]","[1186, 1532, 686, 2154, 382, 2154, 686, 1408, 1186, 2154]"
191,100,"[92, 245, 278, 313, 331, 374, 453, 554, 607, 656, 692, 743, 744, 825, 848, 927, 1129, 1146, 1155, 1169, 1226, 1293, 1369, 1395, 1505, 1528, 1727, 1738, 1799, 1984, 2035, 2154, 2231, 2263, 2382]",35,1.087718163151294,0.0887627825140953,0.0677165758330375,"[171442642, 32631619, 335520897, 501602611, 432581730, 539090239, 546251617, 361241062, 352322111, 494548963]","[2263, 2263, 2263, 2263, 2263, 656, 2263, 2263, 2263, 2263]"
192,100,"[10, 29, 72, 106, 242, 262, 393, 404, 443, 481, 570, 600, 658, 678, 743, 747, 786, 821, 859, 876, 917, 968, 980, 993, 1017, 1027, 1123, 1177, 1213, 1234, 1278, 1403, 1432, 1496, 1559, 1617, 1713, 1744, 1978, 2031, 2083, 2105, 2124, 2139, 2175, 2207, 2330, 2335]",48,1.6354338838718832,0.14424013905227184,0.0891867880660963,"[318392068, 320139952, 117568705, 2916007, 457005169, 66118274, 389366056, 98581984, 289795814, 42207456]","[106, 570, 106, 859, 481, 2207, 2207, 2207, 2207, 2207]"
193,100,"[60, 109, 240, 263, 267, 381, 382, 454, 707, 746, 755, 928, 1032, 1063, 1113, 1179, 1226, 1296, 1478, 1506, 1532, 1552, 1618, 1631, 1644, 1682, 1686, 1696, 1707, 1954, 1961, 1990, 1995, 2027, 2154, 2188]",36,1.0661330157890916,0.0856382236815989,0.0649171688580989,"[538484149, 226255915, 538512593, 260666, 485981084, 266275898, 153495727, 300018527, 478586406, 511293266]","[1954, 1954, 1954, 1954, 1954, 1954, 1954, 1954, 1954, 1954]"
194,100,"[26, 29, 112, 148, 209, 452, 521, 557, 711, 734, 737, 740, 761, 821, 901, 907, 930, 961, 1026, 1044, 1061, 1349, 1397, 1460, 1505, 1544, 1610, 1650, 1709, 1734, 2119, 2177, 2209, 2257, 2311, 2318, 2338, 2428]",38,1.419874660205096,0.10922402003780007,0.08993899865737676,"[176112770, 313600579, 10172977, 572186396, 548240362, 462480922, 478226485, 470251629, 572678835, 11734662]","[557, 930, 740, 740, 740, 209, 740, 740, 740, 740]"
195,100,"[39, 84, 100, 112, 164, 194, 199, 241, 352, 381, 422, 463, 595, 602, 649, 670, 746, 786, 892, 917, 963, 968, 1124, 1226, 1249, 1262, 1291, 1419, 1425, 1499, 1524, 1686, 1692, 1696, 1742, 1809, 1860, 1872, 1890, 1951, 1996, 2017, 2027, 2082, 2301, 2321, 2421, 2426]",48,1.6335956417024136,0.16458041593432426,0.1028167574161974,"[362343117, 284531044, 340689957, 329153369, 390289754, 143120312, 222551320, 19060061, 4870671, 260877789]","[1419, 1419, 1419, 1419, 39, 1419, 39, 1419, 649, 199]"
196,100,"[112, 174, 240, 241, 263, 283, 382, 422, 446, 602, 686, 744, 758, 772, 786, 846, 892, 904, 928, 1032, 1113, 1169, 1176, 1179, 1186, 1194, 1257, 1288, 1324, 1353, 1355, 1408, 1515, 1552, 1557, 1602, 1618, 1686, 1696, 1705, 1763, 1954, 1961, 1990, 1995, 2027, 2039, 2065, 2154, 2188, 2325]",51,1.729081868659705,0.14190204488113523,0.0806067937291136,"[306931078, 405845132, 597686959, 82312785, 168998111, 597636209, 432681985, 120938282, 511250089, 327950004]","[1557, 1557, 1557, 1557, 1995, 1557, 1557, 1557, 1954, 1995]"
197,100,"[47, 97, 118, 174, 185, 212, 252, 325, 346, 364, 382, 413, 619, 645, 663, 669, 686, 692, 734, 743, 824, 846, 871, 928, 957, 1063, 1084, 1129, 1186, 1202, 1245, 1262, 1265, 1284, 1319, 1401, 1408, 1414, 1469, 1705, 1748, 1769, 1794, 1821, 1911, 1961, 1995, 2039, 2103, 2107, 2134, 2154, 2177, 2208, 2287, 2293, 2319, 2330, 2338, 2419]",60,2.049301992636174,0.16233362210914493,0.07830828273824106,"[434719975, 472032412, 547329297, 270471031, 547553899, 480557183, 324237631, 520654767, 442910672, 396281211]","[2107, 364, 686, 686, 686, 686, 2107, 1319, 1319, 346]"
198,100,"[201, 373, 389, 484, 544, 618, 834, 892, 908, 979, 1025, 1053, 1130, 1192, 1226, 1530, 1552, 1698, 1880, 1886, 1912, 1916, 1933, 2102, 2140, 2378]",26,1.0049362066201866,0.0861166906543076,0.09807908778580335,"[117765081, 373308842, 190182926, 207357695, 57539513, 144646103, 329067235, 150867596, 359502231, 276658477]","[201, 834, 834, 201, 834, 1886, 201, 201, 484, 1933]"
199,100,"[129, 167, 201, 382, 446, 528, 537, 543, 544, 607, 729, 761, 777, 834, 908, 979, 1053, 1130, 1145, 1192, 1284, 1530, 1552, 1568, 1608, 1880, 1916, 1946, 2038, 2102, 2125, 2378]",32,1.0148578858934343,0.10268027661368251,0.10179799378965981,"[39345817, 161356029, 54506849, 586706085, 44487264, 387032307, 161446401, 129685551, 6822141, 132931482]","[1053, 908, 544, 1053, 544, 544, 201, 544, 544, 1552]"
200,100,"[5, 10, 26, 202, 255, 279, 286, 298, 300, 338, 395, 407, 420, 443, 471, 533, 542, 566, 602, 618, 636, 678, 704, 754, 804, 831, 837, 898, 917, 961, 1003, 1032, 1053, 1059, 1061, 1065, 1123, 1129, 1176, 1281, 1296, 1403, 1439, 1511, 1713, 1786, 1838, 1923, 1926, 2061, 2072, 2081, 2088, 2156, 2171, 2209, 2279, 2306, 2318, 2387, 2440]",61,1.9459807225503027,0.17967711575329304,0.08474440160818154,"[175096196, 260860729, 381846485, 296481143, 100710622, 515305740, 397088663, 175919348, 199360428, 120517343]","[1061, 1061, 2072, 2072, 2072, 2072, 2072, 2072, 2072, 2072]"
201,100,"[63, 109, 168, 194, 201, 216, 227, 240, 241, 263, 381, 382, 422, 446, 459, 468, 602, 649, 746, 772, 824, 825, 846, 928, 1063, 1099, 1169, 1179, 1288, 1296, 1391, 1425, 1495, 1506, 1514, 1532, 1557, 1618, 1631, 1686, 1696, 1705, 1730, 1821, 1872, 1954, 1961, 1988, 1990, 2027, 2029, 2065, 2154, 2188, 2264, 2273, 2385]",57,1.9101241542957723,0.1560493423603475,0.07177424899776254,"[192395646, 90855074, 37233593, 37233594, 90855069, 90855073, 90855072, 397185503, 205513516, 171362839]","[1730, 1730, 1730, 1730, 1730, 1686, 2027, 1730, 1730, 2027]"
202,100,"[1, 10, 174, 175, 216, 239, 240, 255, 263, 283, 382, 396, 407, 413, 428, 442, 459, 468, 550, 627, 821, 871, 898, 1063, 1092, 1106, 1107, 1116, 1129, 1176, 1179, 1262, 1288, 1296, 1355, 1410, 1429, 1495, 1509, 1543, 1557, 1608, 1644, 1682, 1686, 1705, 1812, 1954, 1990, 1996, 2015, 2028, 2029, 2065, 2077, 2088, 2097, 2273, 2362, 2421]",60,1.6448663426563144,0.14665214531123638,0.06191157526724662,"[97447570, 377330137, 30899884, 464460003, 171581726, 243250532, 189127591, 231977139, 410312031, 377795053]","[1644, 1644, 1644, 2097, 1644, 1644, 1644, 1644, 1644, 1644]"
203,100,"[56, 63, 70, 84, 164, 175, 185, 216, 237, 241, 263, 268, 283, 382, 484, 502, 537, 588, 589, 595, 625, 682, 746, 751, 761, 848, 876, 892, 917, 928, 941, 1085, 1178, 1179, 1224, 1262, 1276, 1288, 1376, 1434, 1516, 1600, 1607, 1644, 1645, 1705, 1730, 1783, 1821, 1848, 1872, 1961, 1990, 1996, 2027, 2029, 2082, 2097, 2447]",59,1.8542614728212357,0.15581333823502064,0.06761735727442271,"[583040551, 557307240, 205637431, 304503096, 484396091, 578949748, 39186597, 122910414, 240826567, 120891446]","[268, 589, 1821, 1376, 1821, 751, 84, 1179, 589, 751]"
204,100,"[5, 10, 175, 286, 352, 368, 382, 407, 428, 544, 550, 564, 602, 678, 737, 746, 786, 852, 892, 917, 1053, 1099, 1106, 1202, 1226, 1262, 1429, 1434, 1514, 1677, 1686, 1692, 1696, 1700, 1744, 1809, 1812, 1985, 1996, 2017, 2071, 2095, 2105, 2125, 2139, 2175, 2279, 2301, 2377, 2421]",50,1.8377027832902968,0.15440744161605835,0.0890738566732034,"[575735573, 458857627, 111196413, 205813791, 385545486, 458945783, 541713224, 119116526, 320037205, 356767655]","[550, 1809, 1809, 917, 1809, 1809, 1809, 1812, 1809, 1809]"
205,100,"[10, 39, 72, 112, 164, 179, 194, 258, 443, 573, 599, 602, 618, 672, 673, 678, 747, 786, 892, 917, 968, 1017, 1025, 1099, 1103, 1123, 1156, 1249, 1278, 1331, 1403, 1692, 1744, 1745, 1996, 2006, 2095, 2105, 2139, 2175, 2242, 2270, 2279, 2298]",44,1.678291697986424,0.14918704004958272,0.0996264758604494,"[245250692, 284661888, 321331342, 239518695, 73491323, 64990351, 262741634, 220129541, 377067390, 428522198]","[599, 599, 747, 747, 747, 1278, 747, 1278, 747, 72]"
206,100,"[26, 267, 316, 523, 553, 555, 571, 636, 700, 729, 737, 781, 786, 815, 887, 921, 968, 1018, 1193, 1349, 1392, 1404, 1463, 1502, 1516, 1574, 1582, 1596, 1638, 1665, 1671, 1686, 1699, 1701, 2256, 2282, 2400]",37,1.0495464843697846,0.09467135230079293,0.06656696692083937,"[190700844, 136395417, 488840874, 488773708, 481299369, 267748222, 263187519, 75870846, 190684424, 304627095]","[2282, 2282, 555, 636, 2282, 2282, 2282, 2282, 2282, 2282]"
207,100,"[111, 112, 164, 201, 288, 373, 382, 389, 484, 564, 595, 746, 758, 786, 834, 846, 931, 968, 979, 1003, 1025, 1053, 1068, 1099, 1130, 1192, 1194, 1262, 1346, 1353, 1360, 1505, 1530, 1552, 1559, 1618, 1662, 1692, 1696, 1698, 1700, 1742, 1783, 1786, 1880, 1916, 1933, 1990, 2029, 2053, 2102, 2140, 2253, 2302, 2329, 2378]",56,2.109566960018128,0.18450616160407662,0.10060842311941087,"[80352651, 258132591, 599103989, 269933265, 172759973, 279711769, 492165791, 547297128, 421141090, 87612113]","[484, 373, 484, 484, 484, 484, 484, 1916, 484, 1696]"
208,100,"[5, 10, 112, 175, 210, 240, 255, 263, 382, 407, 446, 470, 537, 550, 564, 602, 670, 746, 786, 821, 892, 917, 968, 1092, 1106, 1202, 1262, 1419, 1429, 1514, 1601, 1608, 1618, 1644, 1686, 1705, 1730, 1809, 1812, 1841, 1985, 1996, 2088, 2125, 2175, 2271, 2301, 2325, 2377, 2421]",50,1.363083920441568,0.13528957217931747,0.07114770584739745,"[191219637, 335134646, 274196408, 572823003, 249925343, 237006714, 150856497, 369261323, 471514565, 431304777]","[1202, 1429, 1202, 1812, 746, 1429, 1514, 746, 1429, 1429]"
209,100,"[20, 39, 72, 96, 164, 250, 258, 323, 345, 371, 432, 470, 537, 550, 729, 746, 786, 901, 915, 1025, 1027, 1068, 1181, 1183, 1346, 1556, 1573, 1608, 1618, 1692, 1694, 1744, 1774, 1780, 1817, 1922, 1946, 2095, 2175, 2194, 2214, 2264, 2271, 2425, 2426]",45,1.2725195959210396,0.12438805541023612,0.07607512895742224,"[457932028, 429509656, 424620168, 270001057, 126485989, 494806968, 411217520, 192111966, 74788566, 474884568]","[1774, 72, 258, 2425, 250, 1774, 250, 250, 470, 1774]"
210,100,"[60, 109, 240, 263, 347, 619, 707, 755, 1092, 1113, 1179, 1225, 1262, 1296, 1391, 1401, 1478, 1532, 1618, 1631, 1686, 1696, 1705, 1797, 1826, 1954, 1961, 1990, 1995, 2013, 2027, 2065, 2090, 2173, 2188, 2437]",36,0.7816765373572707,0.07070187013596296,0.04976297964134978,"[282181337, 178507622, 228138065, 250579398, 15306275, 250574266, 209004159, 442590983, 318470684, 283438076]","[1954, 1954, 1954, 1954, 1954, 1478, 60, 1954, 1954, 1954]"
211,100,"[39, 100, 112, 194, 199, 227, 241, 352, 381, 422, 446, 463, 468, 503, 528, 564, 670, 746, 777, 786, 821, 842, 852, 917, 1068, 1106, 1124, 1143, 1169, 1181, 1226, 1353, 1419, 1450, 1481, 1495, 1499, 1608, 1677, 1686, 1696, 1700, 1726, 1742, 1809, 1860, 1872, 1988, 1996, 2006, 2027, 2253, 2264, 2273, 2421]",55,1.80952672008425,0.1921084807254374,0.11194126387973401,"[518976739, 421614196, 191842553, 705389, 20298494, 238211637, 425881387, 201239098, 182046946, 477256244]","[670, 1419, 746, 1686, 352, 746, 1495, 746, 199, 746]"
212,100,"[56, 59, 84, 175, 210, 255, 263, 268, 315, 382, 396, 407, 645, 673, 682, 751, 761, 864, 892, 917, 1091, 1262, 1278, 1425, 1505, 1509, 1514, 1543, 1565, 1600, 1610, 1644, 1666, 1691, 1705, 1719, 1730, 1812, 1856, 1895, 2015, 2029, 2065, 2088, 2177, 2279, 2330, 2377, 2387, 2437, 2447]",51,1.4883464970625937,0.12586816074326634,0.062373459302619394,"[427804312, 358787744, 519149511, 291297814, 519010642, 513653417, 543821520, 519699142, 44796746, 519810406]","[682, 2177, 2177, 2177, 2177, 1895, 2177, 2177, 2177, 1895]"
213,100,"[20, 63, 70, 105, 112, 131, 192, 222, 278, 554, 560, 595, 625, 674, 712, 749, 811, 822, 968, 1017, 1031, 1106, 1123, 1219, 1234, 1249, 1291, 1349, 1379, 1456, 1505, 1520, 1544, 1551, 1617, 1618, 1660, 1677, 1700, 1848, 1891, 1978, 2024, 2044, 2140, 2153, 2343]",47,1.7223042715340853,0.1493524215184152,0.0961204656508771,"[204398649, 300328709, 558467379, 371938691, 544707789, 206269197, 558590194, 294209137, 558590247, 95669075]","[822, 822, 822, 822, 822, 822, 822, 822, 822, 822]"
214,100,"[97, 112, 186, 209, 263, 275, 294, 409, 431, 627, 645, 651, 664, 734, 880, 965, 1000, 1063, 1081, 1125, 1152, 1176, 1179, 1257, 1262, 1283, 1478, 1515, 1666, 1682, 1697, 1705, 1748, 1768, 1915, 1923, 1972, 1990, 2027, 2065, 2260, 2338, 2380, 2389, 2421, 2430]",46,1.544411859009415,0.13239745795726776,0.08878407137893626,"[267139604, 504362065, 314766071, 503767635, 240944350, 587386477, 200675898, 98637538, 346695252, 269399973]","[1923, 1923, 1923, 1923, 1923, 1923, 1923, 1923, 1923, 1923]"
215,100,"[39, 84, 86, 100, 112, 164, 194, 267, 381, 382, 397, 422, 446, 512, 602, 672, 673, 682, 746, 777, 786, 852, 892, 917, 1032, 1099, 1169, 1194, 1226, 1249, 1291, 1419, 1425, 1499, 1532, 1600, 1686, 1692, 1696, 1707, 1742, 1809, 1860, 1890, 1954, 1988, 2006, 2027, 2124, 2321, 2343, 2426]",52,1.8625612882897258,0.18378005689010024,0.1137601564763687,"[393240007, 476534121, 186621488, 101264138, 78231511, 376103890, 337600592, 6324193, 88350989, 227699365]","[1419, 1419, 1419, 1707, 1419, 1419, 1419, 39, 1419, 39]"
216,100,"[186, 283, 382, 602, 672, 686, 758, 772, 824, 941, 1093, 1186, 1194, 1257, 1288, 1408, 1499, 1527, 1557, 1602, 1686, 1693, 1696, 1763, 1830, 2039, 2154, 2184, 2321]",29,1.128961440641433,0.08750009583309293,0.09280964279354646,"[545738633, 131520801, 22256055, 209620308, 342089625, 478804827, 412804426, 460533547, 182740574, 504022969]","[686, 2039, 2154, 686, 1186, 686, 2039, 686, 686, 1186]"
217,100,"[39, 100, 109, 112, 164, 194, 199, 227, 241, 344, 352, 381, 422, 503, 550, 560, 645, 670, 678, 746, 786, 880, 917, 968, 1031, 1032, 1106, 1169, 1218, 1226, 1419, 1425, 1481, 1649, 1677, 1686, 1692, 1696, 1700, 1744, 1809, 1835, 1860, 1890, 1996, 2011, 2027, 2105, 2264, 2273, 2301, 2421, 2425]",53,1.9057161286473274,0.18499913113191724,0.10752665613039906,"[210041285, 181530598, 342643440, 283438531, 74957088, 564695535, 413157942, 87897254, 330618031, 299742533]","[2011, 1835, 746, 1809, 746, 2027, 1692, 199, 670, 1996]"
218,100,"[10, 39, 72, 81, 86, 168, 194, 227, 241, 340, 381, 382, 422, 446, 512, 528, 550, 564, 602, 618, 645, 649, 658, 673, 678, 746, 761, 777, 786, 846, 852, 892, 917, 1099, 1103, 1145, 1169, 1179, 1181, 1196, 1226, 1296, 1410, 1450, 1495, 1499, 1604, 1686, 1696, 1809, 1860, 1890, 1926, 1988, 1996, 2027, 2098, 2264, 2273, 2279, 2298, 2421]",62,2.3550901827402413,0.20590654900297523,0.10345889488235116,"[277331506, 524474363, 212001876, 260505673, 515146148, 465222397, 98852285, 62118408, 137043841, 300495394]","[2098, 1988, 194, 2027, 10, 194, 1196, 72, 777, 81]"
219,100,"[27, 80, 109, 112, 209, 295, 385, 513, 646, 655, 686, 707, 734, 793, 824, 844, 1112, 1113, 1149, 1152, 1186, 1262, 1408, 1504, 1505, 1532, 1693, 1763, 1777, 1830, 1944, 1961, 1982, 2090, 2134, 2135, 2151, 2154, 2168, 2380]",40,1.4434500187635422,0.1153255170211196,0.08807719595497474,"[8696237, 112356361, 152426640, 371110076, 152569041, 287037603, 18920992, 359534568, 189708846, 558990484]","[1693, 1693, 1693, 1693, 1693, 1693, 1693, 1693, 1693, 1693]"
220,100,"[20, 61, 63, 70, 84, 105, 164, 293, 595, 625, 657, 674, 682, 711, 746, 758, 811, 813, 822, 892, 908, 968, 1219, 1249, 1291, 1293, 1329, 1346, 1505, 1520, 1544, 1551, 1586, 1645, 1660, 1783, 1807, 1824, 1852, 1978, 2024, 2082, 2102, 2253]",44,1.5170345986261964,0.1398197361268103,0.08315099358812651,"[225365826, 215754056, 430759733, 280571589, 10298824, 150427883, 31452712, 223818139, 540102773, 225365827]","[1249, 822, 1249, 1293, 1249, 674, 1249, 1249, 1249, 1249]"
221,100,"[10, 39, 175, 194, 211, 241, 352, 382, 428, 443, 564, 602, 618, 672, 678, 746, 786, 821, 831, 852, 892, 898, 917, 993, 1032, 1068, 1099, 1124, 1226, 1278, 1324, 1408, 1434, 1511, 1558, 1608, 1610, 1667, 1677, 1692, 1696, 1786, 1812, 1916, 1926, 1996, 2039, 2072, 2264, 2279, 2377, 2421]",52,1.9545451677404344,0.15425026277080178,0.0878897377406247,"[138022694, 549189925, 377283979, 486320206, 485704480, 72330407, 38336853, 278282486, 71705776, 429384938]","[852, 1696, 852, 2377, 1434, 352, 1434, 1124, 917, 1068]"
222,100,"[10, 201, 283, 286, 322, 381, 428, 523, 636, 672, 693, 729, 786, 834, 884, 887, 897, 968, 979, 1025, 1027, 1032, 1053, 1059, 1068, 1099, 1346, 1470, 1493, 1552, 1565, 1618, 1671, 1692, 1696, 1699, 1701, 1720, 1744, 1780, 1912, 1922, 1933, 2095, 2141, 2156, 2175, 2194, 2216, 2279, 2346, 2377, 2378]",53,1.8437316725030541,0.15623443108052015,0.0880993490045855,"[75657568, 499399679, 500920022, 530989305, 427708890, 121838834, 75728776, 370266957, 409790152, 337671548]","[1692, 1699, 2175, 1059, 2175, 2175, 2175, 1780, 1699, 1699]"
223,100,"[93, 112, 186, 283, 293, 382, 396, 428, 459, 468, 484, 544, 550, 772, 777, 781, 821, 846, 897, 924, 941, 1025, 1053, 1106, 1145, 1178, 1194, 1257, 1262, 1276, 1284, 1326, 1355, 1362, 1415, 1505, 1552, 1557, 1601, 1667, 1686, 1696, 1746, 1763, 1812, 1985, 1987, 2039, 2154, 2174, 2175, 2279, 2325, 2421]",54,1.8041661912575364,0.15634319419041276,0.09245333250146359,"[499165963, 244806872, 39179679, 62184164, 387930108, 515925033, 336165488, 388217715, 23305869, 190090106]","[2039, 2039, 2039, 2039, 2039, 2039, 2039, 2039, 2039, 2039]"
224,100,"[10, 72, 164, 175, 179, 262, 278, 351, 353, 407, 560, 564, 625, 645, 658, 673, 678, 682, 692, 743, 769, 786, 892, 917, 1003, 1068, 1080, 1103, 1106, 1123, 1129, 1176, 1219, 1245, 1288, 1296, 1425, 1505, 1529, 1537, 1608, 1618, 1677, 1691, 1696, 1713, 1719, 1841, 1872, 1996, 2044, 2083, 2085, 2105, 2139, 2214, 2226, 2273, 2279, 2387, 2421, 2425]",62,2.390392475761473,0.18823706218972802,0.09217460716383592,"[154837546, 399263082, 142742184, 262616471, 365575534, 142742154, 142742176, 301028781, 116430779, 76460396]","[564, 564, 1296, 678, 678, 2387, 2387, 743, 1106, 1537]"
225,100,"[10, 26, 40, 61, 109, 263, 381, 397, 428, 442, 502, 550, 560, 571, 627, 645, 666, 693, 746, 786, 834, 876, 892, 898, 931, 968, 1025, 1027, 1032, 1068, 1099, 1125, 1178, 1179, 1262, 1278, 1303, 1314, 1434, 1505, 1559, 1618, 1692, 1696, 1744, 1857, 1990, 1996, 2027, 2156, 2175, 2216, 2279, 2284, 2306, 2311, 2338, 2362, 2377, 2378, 2421]",61,2.091084766201675,0.17953747091814876,0.08503222638038826,"[500500670, 204872419, 261717024, 448708491, 319837230, 116112760, 271182393, 108034951, 316048887, 316260945]","[627, 627, 627, 627, 1278, 1278, 1278, 627, 2279, 627]"
226,100,"[19, 47, 93, 118, 170, 329, 346, 350, 364, 382, 613, 645, 825, 902, 911, 935, 987, 1026, 1063, 1064, 1119, 1177, 1190, 1202, 1284, 1319, 1326, 1354, 1401, 1414, 1469, 1515, 1537, 1540, 1580, 1682, 1713, 1806, 1834, 1966, 1970, 2019, 2023, 2103, 2107, 2189, 2206, 2208, 2271, 2287, 2365]",51,1.546953184530139,0.12778832344338298,0.06688461039105759,"[278009245, 326881909, 354220824, 200689784, 338557570, 278009243, 435322483, 277984274, 213097581, 578033863]","[1540, 364, 1540, 1540, 1966, 364, 118, 1966, 364, 118]"
227,100,"[63, 70, 84, 164, 174, 175, 194, 255, 268, 273, 293, 422, 503, 595, 682, 746, 813, 892, 917, 933, 1091, 1092, 1167, 1194, 1262, 1291, 1419, 1425, 1524, 1544, 1686, 1730, 1783, 1807, 1844, 1872, 2017, 2082, 2102, 2180, 2426]",41,1.3313125558197498,0.1160357897169888,0.07379982517691465,"[70718408, 185309778, 234748239, 169715958, 190064966, 408452482, 449549112, 190011432, 485474420, 1012876]","[1091, 1091, 1091, 1091, 1091, 1091, 813, 1091, 1091, 1091]"
228,100,"[5, 10, 161, 174, 221, 255, 286, 300, 305, 382, 407, 413, 419, 477, 542, 564, 618, 626, 628, 678, 694, 747, 775, 828, 898, 917, 1032, 1068, 1081, 1106, 1107, 1202, 1292, 1296, 1316, 1355, 1380, 1403, 1414, 1444, 1653, 1691, 1751, 1974, 2011, 2061, 2081, 2088, 2146, 2191, 2279, 2330, 2387]",53,1.7052444852888584,0.14390407595783472,0.07298149959676249,"[461672923, 469749072, 23241304, 432341210, 591050149, 297472075, 6267407, 23439075, 419969441, 443494384]","[413, 413, 542, 898, 413, 542, 413, 413, 413, 413]"
229,100,"[10, 51, 84, 126, 283, 286, 305, 338, 395, 428, 566, 602, 618, 694, 827, 831, 898, 901, 915, 961, 1003, 1032, 1068, 1071, 1081, 1176, 1281, 1324, 1403, 1506, 1587, 1618, 1660, 1682, 1729, 1926, 2006, 2109, 2156, 2279, 2318, 2337, 2346, 2391, 2440]",45,1.5652134520933032,0.13873765105381608,0.0907157772168931,"[165110528, 67586582, 224393251, 99217799, 86922233, 210985184, 466738673, 512128119, 586084807, 214535763]","[1587, 2440, 1176, 1587, 1682, 1032, 2440, 1403, 1032, 84]"
230,100,"[6, 112, 211, 241, 252, 283, 295, 352, 382, 446, 459, 484, 525, 537, 560, 602, 672, 686, 734, 772, 781, 786, 821, 846, 897, 915, 941, 1010, 1019, 1068, 1106, 1169, 1186, 1194, 1262, 1284, 1353, 1450, 1505, 1552, 1602, 1608, 1618, 1686, 1692, 1693, 1696, 1763, 1830, 2039, 2154, 2168, 2302, 2329, 2421]",55,1.9108240557834506,0.1672175512649119,0.08723549055866897,"[474953049, 332889903, 80636957, 3530994, 111052390, 73800392, 443331686, 443255431, 1847177, 477937311]","[2039, 2039, 672, 2039, 2039, 686, 686, 686, 686, 2039]"
231,100,"[107, 112, 211, 249, 297, 315, 382, 428, 459, 468, 470, 528, 537, 604, 630, 647, 658, 673, 729, 744, 786, 791, 819, 821, 846, 902, 1026, 1106, 1129, 1131, 1150, 1169, 1262, 1273, 1276, 1284, 1326, 1348, 1505, 1529, 1573, 1602, 1618, 1649, 1650, 1757, 1791, 1806, 1812, 1839, 1841, 1895, 1946, 1985, 2174, 2206, 2271, 2273, 2421]",59,1.9224378019571304,0.16498205298557878,0.08198037939304012,"[89991653, 140059817, 580530365, 168182756, 104853591, 419975735, 428699298, 584630012, 143005337, 80501965]","[297, 249, 1839, 902, 468, 1839, 1839, 1839, 819, 537]"
232,100,"[19, 21, 112, 131, 161, 170, 196, 202, 230, 275, 302, 382, 423, 461, 515, 521, 554, 570, 678, 695, 734, 740, 773, 825, 850, 977, 1065, 1102, 1106, 1172, 1187, 1249, 1262, 1283, 1297, 1304, 1331, 1349, 1353, 1355, 1389, 1397, 1713, 1745, 1762, 1882, 2083, 2146, 2191, 2242, 2389, 2421]",52,1.8684294428676367,0.1523109949193895,0.09224631887180014,"[98713409, 177909277, 147394442, 16811723, 91107562, 549726742, 147394445, 546114314, 214941217, 490019212]","[2389, 1102, 554, 825, 554, 2191, 2146, 554, 1297, 554]"
233,100,"[10, 26, 194, 262, 407, 442, 550, 618, 670, 678, 737, 746, 747, 769, 786, 821, 834, 859, 892, 901, 917, 924, 931, 993, 1025, 1123, 1178, 1226, 1262, 1278, 1434, 1600, 1608, 1618, 1649, 1677, 1692, 1744, 1852, 1912, 1922, 1996, 2011, 2095, 2105, 2139, 2175, 2264, 2279, 2301, 2377, 2387, 2421, 2425]",54,1.8860161709599197,0.1604770696721971,0.08489707862975558,"[504984856, 242431554, 239327738, 144211494, 126373020, 396066068, 212705817, 100333149, 111084544, 288421610]","[1996, 859, 859, 834, 2279, 1996, 1996, 834, 1996, 1996]"
234,100,"[5, 10, 26, 255, 286, 407, 417, 550, 564, 626, 627, 754, 821, 828, 859, 892, 917, 970, 993, 1088, 1123, 1129, 1202, 1262, 1278, 1287, 1296, 1429, 1444, 1543, 1592, 1677, 1812, 2061, 2098, 2105, 2139, 2175, 2191, 2207, 2279, 2301, 2387]",43,1.3127011442556977,0.11640207190066576,0.07179790295032394,"[159770241, 344713989, 576938714, 112874534, 267320803, 584767076, 98413529, 591298840, 551654143, 187169498]","[828, 828, 5, 5, 5, 5, 5, 5, 5, 5]"
235,100,"[39, 194, 263, 352, 381, 382, 412, 422, 453, 459, 468, 470, 527, 556, 630, 746, 777, 825, 902, 908, 1053, 1150, 1157, 1165, 1169, 1226, 1286, 1419, 1425, 1495, 1499, 1602, 1604, 1618, 1686, 1825, 1835, 1860, 1954, 1988, 2027, 2071, 2095, 2124, 2273, 2426]",46,1.479220480658114,0.1371269840747118,0.09827225530803528,"[207287074, 581377569, 487295500, 315719430, 581364594, 241399605, 260869230, 76527956, 263214848, 207347433]","[468, 468, 468, 468, 468, 468, 468, 468, 468, 468]"
236,100,"[70, 86, 105, 109, 112, 148, 187, 227, 295, 337, 352, 392, 537, 560, 673, 686, 692, 734, 741, 844, 846, 880, 885, 899, 1106, 1139, 1143, 1145, 1155, 1157, 1169, 1218, 1292, 1492, 1505, 1647, 1708, 1749, 1830, 1954, 1982, 2000, 2027, 2124, 2130, 2311, 2389, 2421]",48,1.909268946852535,0.16372757824137807,0.11558327126840595,"[72613487, 252807156, 173678311, 513130372, 71337707, 413571677, 185251042, 327254144, 387443201, 327484327]","[686, 741, 1830, 1647, 880, 187, 741, 187, 227, 187]"
237,100,"[19, 59, 67, 131, 175, 212, 230, 329, 364, 645, 682, 734, 761, 821, 825, 839, 850, 935, 987, 1077, 1080, 1129, 1189, 1202, 1219, 1262, 1283, 1297, 1326, 1401, 1469, 1478, 1505, 1515, 1520, 1537, 1544, 1580, 1600, 1618, 1713, 1762, 1966, 2036, 2123, 2208, 2271, 2358, 2380, 2447]",50,1.5948393745347857,0.13264159113168716,0.06639208858367056,"[146209864, 207416052, 443569561, 19206867, 192562765, 244611117, 308277021, 199106263, 200513652, 308914882]","[364, 364, 364, 761, 364, 364, 364, 364, 329, 364]"
238,100,"[10, 39, 63, 84, 164, 201, 241, 268, 286, 338, 382, 422, 428, 503, 550, 595, 602, 737, 746, 758, 786, 821, 852, 892, 917, 941, 1068, 1106, 1124, 1262, 1291, 1346, 1360, 1419, 1425, 1506, 1514, 1544, 1665, 1686, 1730, 1809, 1812, 1872, 2095, 2140, 2175, 2180, 2264, 2279, 2421, 2426]",52,2.0282515636645257,0.16623274749144912,0.08962912892009346,"[111866789, 389621074, 459518741, 258697845, 30828443, 420000791, 190378584, 278139817, 241714159, 466260774]","[2426, 2426, 2426, 2426, 2426, 2426, 2426, 2426, 2426, 2426]"
239,100,"[20, 164, 201, 373, 389, 484, 625, 682, 746, 834, 876, 892, 908, 973, 979, 1025, 1130, 1159, 1178, 1219, 1226, 1530, 1600, 1645, 1698, 1744, 1783, 1886, 1912, 1914, 1916, 1933, 2043, 2140, 2175, 2333, 2378, 2426]",38,1.2769553237594664,0.11251325067132711,0.08700277884858415,"[576170942, 471806674, 540790931, 576845681, 471806675, 341138726, 47270806, 497348389, 437624085, 593293856]","[484, 484, 484, 484, 484, 484, 484, 484, 834, 484]"
240,100,"[166, 196, 227, 352, 382, 422, 459, 468, 528, 544, 630, 746, 777, 821, 902, 908, 1053, 1092, 1106, 1116, 1129, 1130, 1167, 1202, 1225, 1226, 1262, 1308, 1425, 1495, 1602, 1618, 1686, 1749, 1825, 1839, 1996, 2071, 2098, 2125, 2273, 2316, 2421, 2426]",44,1.4285536077804863,0.12523177079856396,0.09241122839739546,"[465379783, 533899989, 570130124, 470519715, 311758170, 592727661, 476286188, 585443139, 161715035, 384752977]","[468, 468, 468, 468, 1825, 1825, 1825, 1825, 1825, 1825]"
241,100,"[10, 201, 262, 283, 286, 316, 484, 502, 523, 566, 595, 602, 618, 672, 693, 754, 772, 786, 789, 876, 894, 897, 898, 915, 941, 951, 1003, 1025, 1032, 1044, 1068, 1093, 1099, 1178, 1194, 1303, 1353, 1408, 1511, 1587, 1618, 1641, 1645, 1692, 1696, 1701, 1726, 1729, 1744, 1916, 2029, 2156, 2212, 2216, 2279, 2377, 2378]",57,2.103135280776769,0.16225576354190707,0.08605326064290446,"[387494349, 418437896, 142854679, 5729768, 441430417, 466042600, 435016144, 220021585, 177368619, 278381767]","[754, 2216, 672, 754, 672, 1645, 672, 1511, 1511, 1068]"
242,100,"[14, 68, 72, 112, 164, 211, 242, 345, 378, 443, 446, 470, 484, 544, 550, 573, 604, 672, 673, 678, 711, 746, 754, 777, 786, 941, 968, 1027, 1068, 1092, 1103, 1106, 1194, 1249, 1251, 1326, 1346, 1355, 1403, 1434, 1498, 1602, 1618, 1692, 1742, 1744, 1780, 1812, 1902, 1933, 1971, 2039, 2125, 2174, 2194, 2246, 2273]",57,1.9651487697847188,0.18089120695367455,0.10044612902576071,"[61204959, 761823, 555866732, 299371034, 351830174, 499356352, 5598323, 577712007, 530384155, 454956159]","[1027, 1602, 1602, 1602, 1602, 573, 573, 573, 573, 1744]"
243,100,"[56, 59, 67, 84, 105, 109, 131, 164, 175, 192, 262, 385, 588, 601, 645, 673, 682, 686, 692, 712, 717, 822, 850, 892, 972, 1031, 1106, 1202, 1219, 1278, 1292, 1330, 1390, 1408, 1415, 1456, 1467, 1469, 1520, 1544, 1600, 1645, 1693, 1769, 1783, 1848, 1856, 1967, 1996, 1997, 2029, 2082, 2090, 2260, 2271, 2293, 2330, 2423, 2430, 2436, 2447]",61,1.9376740888692439,0.16174920974299312,0.0738655324475687,"[277112741, 412518062, 412187181, 197684119, 93936348, 93936342, 243063315, 197802243, 93936349, 10632284]","[1600, 67, 1219, 686, 67, 1769, 1467, 1769, 1856, 1769]"
244,100,"[112, 175, 211, 227, 241, 263, 368, 382, 422, 443, 446, 454, 457, 537, 543, 550, 560, 602, 672, 686, 734, 744, 786, 825, 846, 941, 1019, 1053, 1068, 1113, 1169, 1178, 1179, 1186, 1257, 1262, 1324, 1353, 1355, 1369, 1408, 1481, 1505, 1515, 1618, 1686, 1696, 1763, 1872, 1916, 2027, 2154, 2253, 2273, 2302, 2421]",56,2.10026278719306,0.17816456826403737,0.09135887467917721,"[313444692, 588249407, 476325483, 222662854, 142206264, 435256884, 420042020, 35624740, 561255511, 588230694]","[382, 686, 686, 382, 382, 382, 382, 382, 1186, 1186]"
245,100,"[57, 222, 278, 353, 468, 639, 644, 673, 691, 743, 744, 957, 1039, 1080, 1098, 1129, 1214, 1224, 1245, 1495, 1528, 1537, 1568, 1573, 1618, 1650, 1728, 1738, 1957, 1978, 2059, 2085, 2098, 2148, 2206, 2447]",36,1.1185935926623642,0.09424043586477637,0.06988945233428644,"[256759132, 99533321, 256964906, 92583006, 184019389, 256556031, 299765828, 493483566, 572516081, 55115253]","[691, 691, 691, 691, 691, 691, 691, 691, 691, 691]"
246,100,"[40, 59, 68, 84, 112, 164, 192, 247, 268, 277, 382, 396, 397, 446, 487, 543, 595, 674, 682, 758, 863, 888, 892, 908, 972, 1025, 1085, 1178, 1194, 1257, 1262, 1329, 1505, 1516, 1552, 1600, 1641, 1686, 1746, 1768, 1769, 1783, 1848, 1858, 1987, 2015, 2178, 2196, 2258]",49,1.3631636933423579,0.1236613905057311,0.06536493143446896,"[1251765, 267429588, 586105672, 224696016, 350919020, 459914452, 454666523, 93685992, 401097672, 475758851]","[487, 487, 487, 247, 487, 487, 487, 487, 487, 487]"
247,100,"[10, 39, 92, 112, 164, 175, 241, 245, 263, 267, 381, 382, 446, 543, 560, 602, 607, 744, 746, 777, 786, 846, 848, 892, 917, 941, 1025, 1032, 1068, 1099, 1150, 1169, 1178, 1179, 1226, 1353, 1434, 1494, 1499, 1515, 1528, 1573, 1618, 1625, 1641, 1686, 1692, 1696, 1707, 1744, 1839, 1860, 1954, 1984, 1988, 2015, 2027, 2042, 2175, 2214, 2231, 2279, 2302, 2421]",64,2.0895394110120833,0.20760418707504869,0.09980033532701782,"[590359249, 263920439, 60052471, 110667555, 489818873, 60052463, 32238832, 106514885, 166871090, 151809483]","[1692, 381, 2214, 746, 2027, 39, 2214, 607, 848, 2214]"
248,100,"[112, 122, 126, 164, 186, 192, 227, 241, 263, 275, 280, 315, 382, 396, 397, 409, 431, 454, 627, 651, 767, 846, 904, 917, 1004, 1116, 1125, 1176, 1257, 1303, 1434, 1459, 1505, 1515, 1557, 1610, 1645, 1682, 1697, 1705, 1713, 1763, 1768, 1867, 1872, 1915, 2027, 2032, 2033, 2065, 2170, 2260]",52,1.7650414817035198,0.14585175598040223,0.0791348318497722,"[417626872, 417719329, 136047029, 432668821, 515175143, 388113716, 116519538, 466821590, 349897224, 271450105]","[1645, 767, 315, 1645, 192, 409, 1176, 767, 1645, 2032]"
249,100,"[20, 63, 70, 89, 112, 164, 213, 258, 273, 293, 323, 446, 537, 543, 562, 618, 729, 745, 746, 754, 758, 769, 786, 846, 892, 915, 968, 973, 1150, 1194, 1446, 1455, 1499, 1536, 1545, 1551, 1598, 1618, 1671, 1701, 1730, 1807, 1822, 1859, 1916, 1946, 2006, 2029, 2153, 2172, 2174, 2194, 2253, 2329, 2343]",55,1.8181371642276645,0.17137932870537043,0.08942489509724758,"[349775003, 515826092, 14830073, 277428547, 339887798, 187344339, 81588480, 385121512, 171432387, 106007664]","[1598, 1446, 1446, 973, 1598, 1946, 1446, 1598, 1446, 1446]"
250,100,"[26, 109, 240, 275, 347, 382, 459, 560, 601, 707, 734, 746, 838, 846, 880, 1010, 1092, 1106, 1113, 1143, 1152, 1169, 1179, 1225, 1226, 1262, 1288, 1391, 1408, 1478, 1495, 1532, 1633, 1686, 1696, 1926, 1954, 1961, 1988, 1990, 1995, 2027, 2090, 2154, 2173, 2188, 2260, 2273, 2421]",49,1.4731675549410284,0.1295553743839264,0.07673241065967144,"[69230666, 478950957, 336633819, 287498137, 555327371, 580140457, 54105543, 66945193, 69233970, 174806554]","[1532, 1954, 1532, 1961, 1532, 1532, 2027, 2027, 1961, 1532]"
251,100,"[57, 86, 222, 278, 528, 554, 639, 656, 673, 691, 726, 743, 1026, 1039, 1080, 1098, 1106, 1129, 1169, 1226, 1468, 1495, 1528, 1568, 1573, 1608, 1618, 1650, 1691, 1728, 1738, 1791, 1978, 1985, 2085, 2148, 2206]",37,1.351874458603561,0.10573811456561089,0.08276454261755822,"[130600393, 296953335, 339453212, 182597693, 16753632, 450069847, 450547638, 472006806, 67926576, 181223926]","[639, 1738, 1738, 1650, 743, 1738, 1978, 691, 691, 1738]"
252,100,"[10, 72, 100, 164, 199, 286, 352, 368, 382, 463, 512, 550, 560, 670, 678, 737, 746, 786, 829, 852, 892, 917, 932, 963, 968, 1025, 1124, 1145, 1262, 1286, 1419, 1481, 1514, 1618, 1649, 1686, 1692, 1700, 1809, 1836, 1860, 1971, 1996, 2105, 2125, 2175, 2264, 2279, 2301, 2311, 2377, 2421]",52,1.8588399635627866,0.16737335873767734,0.09327247974355347,"[556708913, 142114823, 367074455, 565558185, 158353305, 347110418, 147560058, 429330083, 373637995, 123943242]","[100, 100, 1692, 463, 100, 100, 100, 670, 199, 670]"
253,100,"[6, 39, 100, 112, 164, 194, 352, 381, 412, 422, 463, 670, 746, 786, 917, 926, 932, 1124, 1150, 1226, 1262, 1419, 1481, 1499, 1524, 1686, 1700, 1749, 1809, 1835, 1860, 1951, 1971, 1996, 2175, 2264, 2301, 2421, 2426]",39,1.1930700023658574,0.12652230262756348,0.09656963225764532,"[302744492, 333148443, 436608571, 393663660, 300917590, 262104474, 119623098, 429844938, 187265929, 264070712]","[1419, 1419, 1419, 1419, 1419, 1419, 1419, 1419, 1419, 1419]"
254,100,"[20, 63, 70, 84, 164, 201, 288, 484, 537, 550, 595, 657, 674, 682, 746, 786, 892, 908, 917, 968, 1031, 1130, 1194, 1249, 1262, 1291, 1346, 1360, 1419, 1505, 1514, 1544, 1580, 1618, 1645, 1662, 1694, 1700, 1730, 1744, 1749, 1780, 1783, 1872, 2017, 2029, 2095, 2140, 2175, 2426]",50,1.9542241119779646,0.1625335579738021,0.09132286050356925,"[118146128, 48794137, 151510097, 318836595, 589768549, 496864727, 266668750, 338114455, 145870661, 516570766]","[746, 1694, 2426, 164, 2017, 1419, 2426, 1730, 20, 674]"
255,100,"[47, 159, 174, 216, 237, 239, 263, 278, 283, 359, 382, 420, 431, 446, 619, 744, 751, 957, 1019, 1063, 1084, 1179, 1258, 1296, 1322, 1355, 1360, 1376, 1379, 1444, 1506, 1511, 1565, 1961, 2028, 2029, 2077, 2097, 2103, 2319, 2419]",41,1.285560930147767,0.116269008256495,0.07735356531764676,"[292534411, 328159846, 30202463, 131355395, 359212294, 357597443, 298166651, 131350912, 71636407, 85039568]","[216, 216, 216, 216, 216, 216, 216, 216, 216, 216]"
256,100,"[39, 51, 72, 170, 174, 200, 241, 263, 275, 382, 431, 471, 560, 604, 645, 663, 678, 694, 734, 746, 786, 831, 846, 852, 880, 898, 915, 917, 1003, 1032, 1068, 1081, 1116, 1176, 1179, 1257, 1353, 1403, 1505, 1515, 1587, 1618, 1653, 1705, 1713, 1729, 1742, 1872, 1926, 2088, 2188, 2226, 2253, 2338, 2421, 2425, 2440]",57,1.9973095492459834,0.17196022113785148,0.09151061830976814,"[277913083, 252591723, 234806344, 244780871, 416954526, 258167317, 357861873, 125246433, 16986123, 19114631]","[471, 917, 382, 382, 382, 382, 852, 2338, 1003, 1653]"
257,100,"[109, 130, 186, 209, 275, 362, 627, 645, 646, 651, 686, 707, 734, 824, 880, 904, 1116, 1125, 1152, 1176, 1319, 1478, 1515, 1557, 1682, 1693, 1697, 1763, 1785, 1915, 1961, 1972, 2065, 2135, 2260, 2338, 2380]",37,1.2263040309771895,0.1007004976272583,0.07512830124186301,"[434153040, 529403482, 120493665, 529403479, 134269616, 529403503, 522449877, 327915963, 152912651, 188758845]","[2135, 2135, 2135, 2135, 2135, 2135, 2135, 2135, 2135, 2135]"
258,100,"[32, 76, 80, 109, 112, 168, 227, 241, 275, 337, 347, 381, 382, 384, 455, 560, 649, 686, 734, 746, 755, 781, 810, 824, 846, 880, 899, 1139, 1145, 1169, 1186, 1257, 1262, 1408, 1415, 1532, 1686, 1693, 1696, 1707, 1711, 1763, 1860, 1861, 1954, 1982, 2027, 2041, 2154, 2349, 2359, 2421]",52,1.7184241297654808,0.15267258416861296,0.08515534206974106,"[490342025, 88701253, 69535511, 123830971, 134522396, 18282864, 123830953, 591348524, 219917206, 597691292]","[686, 76, 1532, 80, 76, 76, 2027, 76, 899, 76]"
259,100,"[80, 112, 186, 209, 252, 295, 586, 646, 664, 672, 686, 734, 772, 810, 824, 1093, 1112, 1140, 1152, 1155, 1186, 1262, 1326, 1527, 1532, 1686, 1693, 1763, 1768, 1777, 1785, 1830, 1944, 1972, 1982, 2027, 2090, 2107, 2134, 2135, 2154, 2184, 2212, 2380]",44,1.3921820572577417,0.1232710862532258,0.0812236213453368,"[154732199, 154732197, 572262770, 347563760, 288178730, 239702580, 144061373, 288178726, 239702579, 453588215]","[1944, 1830, 2135, 2135, 1140, 2135, 2135, 1944, 2135, 1944]"
260,100,"[10, 29, 51, 61, 112, 230, 245, 382, 385, 395, 462, 540, 550, 554, 558, 560, 600, 740, 786, 810, 846, 884, 885, 977, 1028, 1053, 1106, 1126, 1145, 1187, 1262, 1265, 1292, 1331, 1349, 1355, 1356, 1392, 1397, 1419, 1492, 1738, 1749, 1769, 1777, 1822, 2004, 2083, 2093, 2102, 2105, 2132, 2145, 2191, 2270]",55,1.845309758093208,0.16727966163307428,0.0901470126118511,"[100286525, 155553042, 10122994, 135317774, 176003473, 155553079, 100286527, 155553047, 200916617, 155883553]","[1822, 885, 1822, 1822, 1738, 1822, 1822, 1822, 1822, 1822]"
261,100,"[10, 27, 42, 109, 148, 209, 240, 288, 295, 347, 392, 455, 495, 601, 627, 651, 655, 673, 707, 734, 793, 821, 880, 892, 899, 1025, 1113, 1129, 1139, 1143, 1152, 1202, 1218, 1225, 1262, 1478, 1504, 1633, 1693, 1705, 1708, 1777, 1950, 1961, 2000, 2090, 2119, 2151, 2168, 2380, 2409, 2421]",52,1.604335191193968,0.13705613696947694,0.07682484280443393,"[4524895, 74550604, 445787907, 88456256, 295186495, 558808179, 207826055, 133329912, 316764553, 586794254]","[734, 793, 734, 734, 734, 793, 1152, 734, 734, 1152]"
262,100,"[6, 40, 109, 112, 267, 275, 352, 528, 543, 560, 588, 642, 651, 657, 815, 821, 846, 880, 884, 907, 1010, 1022, 1092, 1106, 1143, 1145, 1187, 1218, 1225, 1257, 1262, 1272, 1292, 1305, 1392, 1419, 1492, 1686, 1700, 1730, 1749, 1784, 1825, 2027, 2124, 2130, 2301, 2311, 2389, 2421]",50,1.5666330768726766,0.15837063128128648,0.09705442716833204,"[95720623, 53701756, 503153203, 466037083, 484857871, 175107495, 71433789, 379825590, 301139874, 484505856]","[642, 642, 884, 642, 884, 642, 884, 642, 815, 884]"
263,100,"[10, 26, 72, 241, 255, 382, 537, 550, 602, 618, 673, 678, 729, 743, 746, 786, 846, 892, 917, 968, 1106, 1169, 1226, 1419, 1434, 1450, 1481, 1495, 1514, 1543, 1558, 1573, 1608, 1618, 1677, 1696, 1744, 1839, 1978, 1996, 2006, 2139, 2175, 2279, 2301, 2377, 2387, 2421]",48,1.752826482988894,0.14709147345274687,0.08645140018779784,"[557928172, 347969678, 222915391, 278161760, 433835864, 123740052, 140390112, 278093455, 122787582, 460470154]","[1543, 917, 1543, 1543, 1543, 1543, 892, 1543, 1543, 917]"
264,100,"[109, 174, 381, 413, 477, 619, 663, 751, 755, 898, 1081, 1113, 1179, 1296, 1332, 1391, 1408, 1464, 1478, 1532, 1631, 1696, 1707, 1729, 1926, 1954, 1961, 1982, 1990, 1995, 2027, 2090, 2137, 2173, 2188]",35,0.9839643724262714,0.08357927156612277,0.06641737015784852,"[233407006, 435570483, 480249928, 291933944, 322897174, 563613627, 185204568, 484928148, 269699980, 165684051]","[1954, 1954, 1954, 2188, 1954, 1954, 2188, 1995, 1954, 2188]"
265,100,"[10, 26, 40, 61, 209, 262, 295, 385, 442, 550, 557, 560, 566, 618, 627, 734, 737, 786, 831, 876, 898, 915, 924, 931, 1000, 1003, 1022, 1025, 1044, 1068, 1178, 1262, 1283, 1303, 1326, 1337, 1484, 1505, 1559, 1633, 1641, 1645, 1692, 1838, 1856, 1867, 2023, 2109, 2212, 2216, 2257, 2279, 2284, 2306, 2311, 2318, 2377]",57,2.020001612138003,0.1709081856533885,0.08743551839959987,"[523497108, 527786466, 325126919, 557678687, 5017229, 451363458, 117516005, 339036093, 528044045, 35046230]","[1025, 2306, 442, 566, 1283, 1025, 40, 566, 442, 10]"
266,100,"[10, 20, 63, 70, 164, 250, 258, 286, 382, 470, 484, 550, 595, 602, 618, 682, 746, 786, 834, 852, 892, 898, 901, 908, 917, 968, 1025, 1027, 1099, 1194, 1434, 1618, 1692, 1694, 1730, 1732, 1744, 1772, 1872, 2017, 2029, 2082, 2175, 2214, 2248, 2279, 2377, 2426]",48,1.6347834444604814,0.15792400436475873,0.08561828722789262,"[552280843, 329747043, 49049533, 137424482, 511570617, 350067893, 312855171, 295999056, 191456297, 518363085]","[2175, 1434, 1744, 164, 1434, 1692, 550, 382, 2175, 382]"
267,100,"[20, 70, 82, 84, 164, 258, 484, 550, 595, 625, 746, 786, 876, 892, 908, 963, 1025, 1031, 1183, 1219, 1249, 1262, 1291, 1419, 1425, 1505, 1544, 1573, 1600, 1618, 1645, 1686, 1692, 1694, 1744, 1749, 1783, 1809, 1872, 1990, 1996, 2029, 2082, 2175, 2421, 2426]",46,1.692327218130231,0.1394111616536975,0.08629318786299099,"[78764858, 371787682, 408203775, 156049288, 510702858, 111762927, 525953634, 141530784, 262088274, 412843900]","[1783, 2426, 746, 2426, 2175, 1783, 2082, 1783, 1783, 20]"
268,100,"[47, 68, 215, 307, 562, 595, 693, 791, 966, 973, 995, 1178, 1194, 1446, 1470, 1480, 1493, 1536, 1545, 1582, 1598, 1625, 1645, 1671, 1701, 1720, 1808, 1886, 2052, 2141]",30,0.8359446399845183,0.06825984409078956,0.061338164020950596,"[74747535, 93361313, 394235956, 171012032, 242572753, 273894787, 471474406, 567164578, 90293096, 267827370]","[1598, 973, 1545, 973, 973, 973, 973, 973, 973, 973]"
269,100,"[20, 39, 63, 70, 84, 105, 164, 241, 268, 352, 382, 443, 537, 588, 595, 625, 746, 758, 786, 811, 813, 821, 876, 892, 908, 941, 1124, 1194, 1262, 1291, 1327, 1419, 1544, 1573, 1600, 1608, 1645, 1730, 1807, 1848, 2082, 2102, 2140, 2180, 2343, 2426]",46,1.65769654372707,0.13767501898109913,0.08254866869411552,"[403834415, 39792019, 212352928, 209676733, 39751463, 41842618, 267393903, 150243399, 141734008, 85041956]","[588, 811, 811, 811, 811, 1600, 876, 746, 1573, 746]"
270,100,"[6, 10, 196, 227, 241, 267, 275, 291, 352, 368, 382, 422, 454, 528, 544, 550, 554, 564, 642, 651, 734, 737, 746, 821, 834, 846, 932, 1010, 1022, 1053, 1092, 1106, 1143, 1145, 1202, 1225, 1226, 1262, 1292, 1419, 1481, 1489, 1505, 1515, 1524, 1552, 1608, 1686, 1700, 1749, 1825, 1872, 1985, 1996, 2125, 2130, 2253, 2389, 2421]",59,2.133185838814825,0.19033035449683666,0.09367461654483893,"[502140063, 250722537, 405150403, 71652752, 572451043, 119499054, 291357335, 444628632, 441571600, 364471701]","[1010, 1010, 1010, 1010, 1010, 1481, 1010, 352, 1010, 1010]"
271,100,"[39, 96, 201, 250, 258, 381, 382, 389, 446, 457, 470, 484, 502, 556, 607, 746, 786, 979, 1027, 1178, 1434, 1505, 1528, 1568, 1618, 1694, 1742, 1744, 1780, 1835, 1836, 1916, 1922, 1946, 2095, 2175, 2194, 2214, 2226, 2264, 2273, 2302, 2333, 2421, 2425]",45,1.3981113312765956,0.14573160000145435,0.08742264703226586,"[91195341, 138546516, 566487614, 485591702, 360930416, 81687041, 77469376, 60367323, 424990887, 269969415]","[2302, 556, 2302, 2302, 556, 1027, 2226, 1744, 556, 2302]"
272,100,"[10, 93, 134, 170, 175, 262, 280, 286, 382, 407, 475, 550, 560, 564, 566, 618, 754, 786, 831, 833, 835, 876, 892, 898, 915, 1000, 1025, 1044, 1068, 1093, 1178, 1262, 1278, 1281, 1284, 1303, 1326, 1353, 1484, 1505, 1559, 1618, 1645, 1677, 1692, 1713, 1784, 1867, 2023, 2029, 2031, 2212, 2216, 2253, 2276, 2279, 2377, 2395, 2421, 2440]",60,2.053082717116922,0.1753422818146646,0.08881529253752281,"[96228366, 336577159, 451951829, 256593643, 491439662, 509772699, 7131706, 437331133, 436212736, 142619170]","[175, 1484, 175, 1326, 1713, 1713, 2276, 1713, 1713, 1484]"
273,100,"[6, 109, 112, 164, 241, 242, 262, 344, 550, 558, 560, 570, 571, 600, 665, 673, 678, 734, 746, 786, 821, 846, 880, 917, 931, 946, 970, 980, 993, 1010, 1017, 1106, 1123, 1143, 1234, 1360, 1505, 1559, 1649, 1677, 1692, 1700, 1742, 1872, 2011, 2031, 2046, 2083, 2124, 2207, 2264, 2290, 2311, 2330, 2421]",55,1.9426690856926143,0.18814851948991418,0.10144676342606544,"[64111972, 323016300, 412946388, 38554838, 56080863, 192523111, 419973672, 56080895, 338179057, 443251926]","[262, 1017, 946, 1649, 1677, 970, 970, 970, 946, 2011]"
274,100,"[86, 112, 263, 267, 442, 444, 446, 484, 487, 502, 543, 888, 924, 1004, 1085, 1099, 1125, 1176, 1178, 1278, 1354, 1410, 1505, 1506, 1600, 1607, 1618, 1641, 1682, 1686, 1692, 1705, 1744, 1746, 1772, 1852, 1916, 1954, 2015, 2212, 2362, 2431]",42,1.2709968676790595,0.11555377300828695,0.08057816414206866,"[26248581, 387166986, 278457651, 336161745, 408259553, 328554913, 31417085, 274727017, 439845467, 584980869]","[2431, 487, 1085, 487, 442, 442, 924, 487, 924, 487]"
275,100,"[10, 39, 100, 164, 194, 199, 241, 263, 352, 381, 382, 422, 463, 670, 737, 746, 786, 892, 917, 963, 1068, 1124, 1202, 1226, 1262, 1353, 1419, 1425, 1481, 1499, 1514, 1573, 1677, 1686, 1692, 1696, 1700, 1742, 1809, 1860, 1996, 2264, 2273, 2421, 2426]",45,1.6540127503685653,0.14564686454832554,0.09728573858737946,"[9783334, 408762294, 495212845, 284531044, 247032399, 437489512, 338284993, 495426882, 62715298, 564394163]","[746, 1419, 1419, 1419, 1419, 1419, 1419, 1419, 746, 382]"
276,100,"[59, 67, 262, 325, 385, 442, 487, 543, 570, 601, 604, 645, 658, 673, 682, 712, 746, 791, 850, 859, 863, 917, 1063, 1080, 1106, 1177, 1202, 1219, 1227, 1278, 1296, 1297, 1319, 1390, 1410, 1467, 1529, 1544, 1600, 1685, 1705, 1856, 1895, 1922, 1966, 2011, 2271, 2287, 2330, 2377, 2423, 2430, 2445, 2447]",54,1.4544124007225037,0.14003768749535084,0.06797127055297433,"[436029570, 329168428, 321753880, 63366943, 525951911, 207872475, 233499756, 371060307, 93308388, 433422438]","[67, 59, 59, 67, 1467, 1895, 59, 59, 59, 59]"
277,100,"[63, 67, 70, 131, 175, 262, 278, 293, 353, 442, 570, 645, 665, 673, 682, 702, 712, 743, 786, 822, 850, 859, 875, 892, 993, 1017, 1106, 1123, 1177, 1213, 1219, 1249, 1278, 1293, 1456, 1467, 1520, 1537, 1544, 1573, 1611, 1677, 1688, 1730, 1848, 1852, 1895, 1978, 2015, 2024, 2031, 2046, 2153, 2271, 2330, 2377, 2415, 2423, 2447]",59,1.8595332787372172,0.16462918184697628,0.07382791973966157,"[31946965, 32028002, 327591504, 31946964, 32028005, 3732107, 269001050, 41456240, 32028003, 373177213]","[1219, 822, 822, 822, 822, 1219, 822, 1219, 2024, 822]"
278,100,"[10, 48, 93, 175, 215, 255, 262, 315, 325, 382, 407, 564, 566, 601, 651, 734, 750, 772, 821, 828, 876, 884, 897, 1025, 1091, 1092, 1129, 1178, 1202, 1219, 1262, 1276, 1278, 1305, 1326, 1330, 1429, 1470, 1493, 1502, 1515, 1543, 1557, 1565, 1600, 1618, 1645, 1667, 1720, 1738, 1769, 1812, 1879, 1911, 1966, 2071, 2177, 2178, 2216, 2279, 2301, 2377, 2421, 2437]",64,1.7332574022002518,0.1523321089334786,0.059343280947359744,"[439466226, 352621923, 352621907, 529409137, 352621916, 20351559, 423643659, 570471915, 331805645, 431657851]","[1502, 1502, 1502, 1720, 1502, 1502, 1502, 1720, 1720, 1720]"
279,100,"[38, 57, 92, 174, 178, 237, 263, 374, 385, 528, 554, 607, 619, 635, 656, 660, 669, 726, 744, 824, 848, 928, 1063, 1113, 1129, 1164, 1224, 1395, 1401, 1478, 1609, 1705, 1799, 1981, 2036, 2050, 2065, 2081, 2088, 2154, 2231, 2263, 2287, 2382, 2447]",45,1.1024888781830668,0.09966791700571775,0.056614470067951415,"[567262646, 426251557, 169248418, 455673218, 229299783, 162829623, 332339887, 229299782, 418125855, 473109885]","[848, 669, 669, 848, 669, 848, 848, 848, 848, 2382]"
280,100,"[20, 39, 96, 125, 164, 250, 258, 286, 381, 382, 470, 547, 556, 746, 786, 1025, 1027, 1068, 1114, 1148, 1181, 1183, 1346, 1556, 1573, 1618, 1692, 1694, 1744, 1772, 1922, 1946, 1996, 2095, 2175, 2194, 2214, 2226, 2425, 2426]",40,1.0822295947000384,0.11438394105061889,0.0732081973052118,"[396548653, 309202531, 234819638, 300725854, 285929706, 540915380, 348090363, 432588080, 230152569, 267221799]","[1181, 1744, 1744, 2425, 2095, 547, 1346, 556, 2175, 547]"
281,100,"[20, 39, 63, 70, 84, 100, 164, 201, 258, 537, 550, 588, 595, 604, 746, 758, 811, 813, 892, 908, 941, 963, 968, 1183, 1194, 1249, 1291, 1346, 1544, 1573, 1618, 1645, 1662, 1694, 1700, 1730, 1744, 1749, 1783, 1809, 1872, 1890, 2095, 2140, 2180, 2343, 2426]",47,1.6251694806851447,0.14707864867523313,0.08536247754509145,"[540673869, 350376678, 217346705, 540747418, 69426985, 497906646, 93762365, 374645979, 145059604, 554024593]","[20, 1783, 2140, 20, 1783, 2426, 20, 1783, 1783, 164]"
282,100,"[1, 14, 63, 84, 118, 174, 201, 211, 241, 263, 268, 273, 283, 382, 422, 431, 566, 744, 751, 813, 867, 871, 941, 1066, 1203, 1580, 1601, 1602, 1611, 1686, 1730, 1807, 1954, 2039, 2065, 2082, 2153, 2221, 2437]",39,1.1360579789616168,0.10044363373890519,0.06214475471120423,"[237467098, 394836151, 331258768, 570891779, 233516283, 348749289, 432906528, 128599997, 469465863, 107087306]","[273, 273, 273, 273, 273, 273, 273, 273, 273, 273]"
283,100,"[10, 26, 112, 129, 262, 325, 352, 368, 428, 446, 454, 457, 476, 528, 550, 560, 627, 647, 673, 692, 737, 744, 786, 815, 821, 1019, 1053, 1106, 1129, 1145, 1169, 1218, 1262, 1369, 1450, 1481, 1505, 1618, 1662, 1677, 1684, 1700, 1812, 1872, 1996, 2017, 2071, 2273, 2304, 2311, 2421, 2430]",52,1.9160424717701972,0.16617825161665678,0.09820464019251701,"[14160279, 240923643, 124464333, 18049756, 252664233, 322446158, 317465019, 596311698, 546175938, 581347274]","[2430, 457, 1481, 627, 325, 1481, 1481, 2430, 1481, 1481]"
284,100,"[6, 69, 86, 112, 170, 184, 275, 382, 401, 523, 543, 553, 562, 647, 651, 664, 729, 815, 846, 856, 884, 887, 907, 943, 977, 1000, 1004, 1018, 1116, 1305, 1392, 1492, 1515, 1595, 1633, 1647, 1749, 1762, 1915, 2052, 2093, 2130, 2138, 2389, 2400]",45,1.344820701982826,0.13112222962081432,0.0870625939944552,"[431831254, 155854511, 408143312, 408143314, 431831252, 107602992, 406208072, 83280226, 431831258, 362856087]","[815, 815, 815, 815, 815, 815, 815, 815, 815, 815]"
285,100,"[112, 164, 174, 211, 241, 262, 263, 382, 396, 413, 431, 446, 459, 528, 602, 672, 682, 754, 772, 786, 821, 825, 846, 876, 941, 1068, 1093, 1106, 1179, 1186, 1194, 1203, 1257, 1262, 1353, 1355, 1408, 1415, 1429, 1511, 1601, 1602, 1610, 1618, 1686, 1696, 1786, 1872, 2039, 2156, 2216, 2253, 2279, 2325]",54,1.7885722983628511,0.16544649749994278,0.0846611519852929,"[598190198, 532143385, 86506156, 275996308, 157048494, 422003407, 300201559, 526597483, 299904349, 306595370]","[2039, 672, 672, 1186, 1786, 382, 682, 672, 1186, 1186]"
286,100,"[61, 63, 70, 84, 126, 164, 192, 268, 273, 288, 352, 382, 428, 447, 550, 564, 588, 595, 625, 674, 746, 811, 892, 908, 941, 1091, 1185, 1262, 1288, 1329, 1425, 1434, 1544, 1645, 1662, 1667, 1730, 1812, 1872, 1985, 2017, 2029, 2082, 2102, 2180, 2279, 2301, 2338, 2426]",49,1.765215819235891,0.14248697739094496,0.07905672971463325,"[115478596, 237320852, 276458099, 501324429, 475940014, 186992543, 265900715, 503664932, 276582619, 324463676]","[1645, 1645, 1645, 1544, 273, 1262, 1645, 1645, 1645, 1645]"
287,100,"[10, 26, 202, 239, 241, 382, 384, 533, 542, 555, 620, 678, 704, 737, 754, 769, 821, 831, 898, 901, 917, 961, 970, 1003, 1032, 1053, 1068, 1071, 1123, 1176, 1234, 1296, 1309, 1332, 1403, 1460, 1587, 1649, 1665, 1713, 1833, 1841, 1926, 2011, 2044, 2072, 2081, 2088, 2171, 2207, 2209, 2279, 2318, 2377, 2387]",55,1.9029298131354153,0.16580157354474068,0.08623626711355015,"[112823909, 471365001, 302991610, 77084173, 333874711, 559222040, 591885078, 172839233, 229436305, 452131875]","[202, 2088, 1296, 1309, 2318, 542, 1032, 2088, 542, 1309]"
288,100,"[70, 263, 293, 434, 442, 484, 487, 537, 678, 702, 746, 801, 892, 928, 965, 1063, 1219, 1266, 1276, 1288, 1297, 1354, 1419, 1467, 1505, 1544, 1573, 1584, 1600, 1644, 1662, 1705, 1719, 1730, 1841, 1996, 2024, 2028, 2029, 2293, 2415, 2425, 2426, 2447]",44,1.1773925265297294,0.10295032896101475,0.06134414277039468,"[95079664, 6995034, 94192487, 382751863, 54040974, 94218543, 82557147, 274729266, 302296427, 103575768]","[1584, 1584, 293, 293, 1584, 1584, 293, 1584, 293, 293]"
289,100,"[32, 76, 347, 382, 392, 508, 734, 810, 844, 846, 899, 1028, 1097, 1139, 1225, 1257, 1262, 1408, 1504, 1539, 1552, 1557, 1682, 1686, 1768, 1797, 1861, 1885, 1908, 1915, 1954, 1982, 2027, 2041, 2065, 2119, 2151, 2184, 2288, 2359, 2385]",41,1.2598051656968892,0.10204484919086099,0.06695182410227817,"[380973569, 271812242, 477320796, 537280464, 348833724, 154506859, 446038035, 265680106, 380973568, 565356010]","[347, 347, 347, 347, 1797, 347, 2151, 347, 347, 347]"
290,100,"[1, 63, 70, 84, 105, 192, 196, 273, 293, 350, 382, 431, 564, 625, 645, 758, 811, 825, 892, 1066, 1078, 1092, 1116, 1181, 1194, 1203, 1249, 1262, 1265, 1291, 1293, 1353, 1425, 1456, 1495, 1505, 1520, 1544, 1557, 1558, 1580, 1611, 1645, 1682, 1686, 1717, 1726, 1730, 1786, 1807, 1839, 1872, 2065, 2082, 2097, 2102, 2180, 2273]",58,1.8666377835907042,0.16710557788610458,0.0725667472398872,"[388853099, 26542497, 74220946, 335026136, 388836128, 196866050, 74220947, 482047181, 435157765, 196442594]","[1839, 1520, 1807, 1807, 825, 1807, 1520, 564, 1807, 1807]"
291,100,"[24, 63, 84, 164, 174, 192, 268, 273, 338, 568, 595, 602, 625, 645, 758, 772, 813, 822, 871, 941, 1081, 1281, 1288, 1291, 1329, 1332, 1425, 1506, 1544, 1551, 1601, 1643, 1730, 1807, 1872, 2029, 2092, 2140, 2180, 2188, 2221, 2258, 2260]",43,1.5645763012580574,0.11808248935267329,0.0746915627400889,"[55180270, 103121914, 118339017, 262222674, 99301987, 99291397, 236103545, 486978041, 566763224, 99848174]","[813, 813, 813, 813, 813, 813, 813, 813, 813, 813]"
292,100,"[37, 61, 63, 70, 105, 112, 164, 213, 331, 382, 537, 550, 560, 595, 657, 672, 674, 711, 746, 786, 811, 876, 892, 915, 931, 941, 1178, 1194, 1249, 1262, 1266, 1276, 1288, 1291, 1303, 1329, 1360, 1505, 1544, 1551, 1559, 1645, 1783, 1848, 1872, 2017, 2029, 2102, 2174, 2253, 2257, 2343]",52,1.8679007925093174,0.166577800642699,0.0906262459511009,"[8127326, 318687032, 206135421, 24993123, 476017675, 373880418, 543692718, 22675562, 389185006, 311980908]","[70, 70, 1645, 674, 70, 674, 1645, 331, 1645, 1645]"
293,100,"[10, 39, 298, 338, 382, 395, 475, 533, 542, 566, 636, 704, 754, 769, 831, 901, 915, 961, 1003, 1032, 1065, 1068, 1176, 1281, 1403, 1439, 1511, 1618, 1666, 1713, 1786, 1838, 1898, 1916, 1923, 2072, 2156, 2171, 2279, 2306, 2378, 2440]",42,1.5469896951690316,0.12870318070054054,0.09242578833142207,"[522144825, 427752155, 135433315, 516705024, 529288445, 66014884, 198395389, 501176436, 14137287, 294417441]","[338, 338, 382, 338, 338, 338, 338, 338, 475, 338]"
294,100,"[6, 72, 109, 112, 194, 199, 241, 301, 344, 352, 382, 407, 422, 470, 550, 560, 604, 645, 670, 673, 678, 746, 747, 821, 846, 852, 880, 892, 917, 1027, 1106, 1143, 1202, 1218, 1226, 1262, 1278, 1419, 1481, 1573, 1600, 1700, 1744, 1772, 1809, 1812, 1835, 1856, 1996, 2011, 2105, 2175, 2214, 2226, 2264, 2273, 2301, 2421, 2425]",59,1.9949154458008707,0.2044355901889503,0.10158180808095987,"[76718141, 563886477, 392924510, 213001197, 238448094, 31985819, 465010500, 321712525, 54140497, 302995590]","[1600, 199, 1856, 199, 670, 199, 1419, 2011, 1419, 382]"
295,100,"[39, 96, 112, 125, 234, 250, 258, 381, 382, 446, 550, 604, 678, 746, 747, 794, 852, 1027, 1068, 1286, 1346, 1505, 1556, 1618, 1700, 1744, 1772, 1835, 1836, 1946, 2095, 2194, 2214, 2226, 2253, 2264, 2425]",37,1.1706476295366883,0.12432363349944353,0.09698234285806885,"[114969831, 115587342, 244816907, 81162601, 491732537, 261569981, 593270778, 99561046, 295186079, 101588859]","[1027, 2226, 2226, 2226, 2226, 2226, 2226, 2226, 1744, 125]"
296,100,"[1, 6, 19, 32, 112, 118, 161, 174, 175, 196, 211, 275, 340, 382, 424, 459, 528, 573, 651, 678, 692, 821, 846, 871, 880, 1010, 1064, 1092, 1106, 1139, 1143, 1145, 1167, 1187, 1202, 1225, 1257, 1262, 1292, 1297, 1331, 1355, 1444, 1495, 1505, 1558, 1602, 1618, 1686, 1825, 1839, 1902, 1923, 1982, 2027, 2083, 2125, 2221, 2270, 2301, 2389, 2421]",62,2.129717151634395,0.1881040083244443,0.09076141588570129,"[49592205, 221277948, 91376011, 583958907, 346710300, 471280807, 75869336, 469776017, 216141826, 249866452]","[1292, 1825, 211, 1010, 211, 1010, 211, 1092, 1010, 1825]"
297,100,"[59, 159, 178, 241, 487, 524, 591, 639, 647, 658, 669, 678, 744, 999, 1026, 1063, 1064, 1129, 1165, 1177, 1190, 1227, 1281, 1293, 1296, 1509, 1631, 1675, 1682, 1697, 1705, 1794, 1895, 1985, 2065]",35,0.9782470371574163,0.08590661315247416,0.06329613446391054,"[107707630, 251702169, 349422183, 258577381, 293295108, 3886142, 310056089, 112748181, 85933121, 416647347]","[647, 1026, 647, 647, 647, 647, 647, 647, 647, 647]"
298,100,"[6, 10, 112, 164, 175, 201, 241, 267, 337, 352, 381, 382, 446, 484, 560, 564, 602, 678, 742, 746, 777, 786, 834, 846, 892, 908, 917, 941, 979, 1010, 1025, 1027, 1068, 1130, 1145, 1157, 1194, 1226, 1434, 1505, 1530, 1552, 1565, 1608, 1618, 1686, 1696, 1742, 1744, 1872, 1916, 1922, 1933, 1988, 1996, 2027, 2105, 2321, 2421]",59,2.202988115604967,0.21651125978678465,0.11657710844982352,"[244741781, 590280384, 259061008, 361386152, 190277138, 417630863, 401074696, 235663289, 506590550, 584665657]","[382, 1157, 1530, 382, 382, 979, 6, 6, 382, 382]"
299,100,"[10, 72, 89, 164, 194, 242, 258, 293, 323, 382, 428, 484, 537, 544, 550, 558, 618, 670, 678, 745, 746, 786, 834, 846, 885, 892, 917, 926, 1114, 1150, 1249, 1419, 1434, 1450, 1499, 1559, 1573, 1608, 1677, 1700, 1702, 1742, 1841, 1872, 1880, 1886, 1946, 1971, 1996, 2004, 2006, 2105, 2139, 2175, 2186, 2264, 2298, 2343, 2421, 2426]",60,2.2757962979376316,0.19026599451899529,0.09306766325607896,"[128986416, 187345598, 323592530, 89989777, 128986421, 128986418, 451978116, 102556579, 289799620, 550730162]","[1886, 1886, 1886, 1886, 1886, 1886, 1886, 1886, 1886, 1886]"
300,100,"[14, 39, 47, 63, 164, 174, 211, 268, 286, 352, 378, 382, 428, 459, 468, 470, 544, 550, 573, 604, 746, 821, 852, 871, 898, 902, 908, 917, 1053, 1092, 1106, 1143, 1202, 1251, 1262, 1326, 1346, 1419, 1429, 1498, 1511, 1524, 1602, 1667, 1686, 1812, 1902, 1985, 1996, 2071, 2095, 2125, 2175, 2180, 2221, 2271, 2279, 2325, 2426, 2437]",60,1.9497352284379303,0.1712301066145301,0.07567911196189622,"[5216647, 509310598, 377754002, 212973792, 495077904, 253702497, 214806816, 480882189, 49895144, 442373188]","[2426, 2426, 2426, 2426, 2426, 2426, 2426, 2426, 2426, 2426]"
301,100,"[109, 122, 381, 382, 560, 619, 686, 734, 755, 846, 1113, 1169, 1179, 1186, 1391, 1499, 1532, 1686, 1696, 1707, 1954, 1961, 1995, 2013, 2027, 2090, 2137, 2154, 2173, 2188, 2302]",31,0.9098953823558986,0.08264409564435482,0.07452647698171917,"[497578005, 349264836, 497578006, 81124550, 349264835, 81124549, 81124548, 500290248, 347801903, 145364578]","[1995, 1954, 1995, 1954, 1995, 1954, 1954, 1961, 2154, 1954]"
302,100,"[14, 68, 174, 201, 210, 315, 378, 382, 446, 544, 550, 573, 673, 746, 761, 777, 908, 1053, 1092, 1165, 1226, 1251, 1262, 1284, 1425, 1498, 1552, 1602, 1618, 1686, 1696, 1812, 2071, 2125, 2301, 2426]",36,1.1799077047035098,0.10389580624178052,0.08939081950423618,"[506029373, 445623010, 429980722, 430081626, 513194856, 286861706, 293035612, 49633225, 270230003, 398127814]","[544, 544, 544, 1552, 544, 544, 1552, 382, 1165, 544]"
303,100,"[57, 196, 528, 564, 639, 743, 766, 823, 825, 956, 1078, 1129, 1196, 1265, 1293, 1353, 1396, 1450, 1489, 1495, 1558, 1573, 1588, 1608, 1650, 1675, 1726, 1738, 1839, 2085, 2098, 2102, 2148, 2154, 2166, 2186, 2273]",37,1.2646366483531892,0.10800839588046074,0.08404949562296875,"[598671264, 509956869, 500365692, 265121756, 97553281, 352027178, 203257239, 44434902, 208667523, 440711441]","[2166, 766, 766, 2166, 766, 2166, 2166, 2166, 2098, 2166]"
304,100,"[56, 57, 59, 186, 263, 267, 277, 283, 329, 338, 340, 362, 396, 407, 443, 487, 557, 647, 664, 761, 791, 864, 888, 928, 945, 989, 1063, 1081, 1209, 1257, 1262, 1276, 1288, 1326, 1415, 1459, 1506, 1511, 1514, 1551, 1600, 1644, 1686, 1705, 1729, 1768, 1821, 1852, 1915, 1961, 1988, 2015, 2027, 2029, 2036, 2065, 2135, 2385, 2393, 2396]",60,1.7238308330997825,0.15299535123631358,0.06489229147555306,"[577762919, 255007978, 60443879, 577608766, 514573485, 299531063, 255023888, 581111003, 580928674, 576785035]","[1415, 396, 396, 396, 487, 396, 396, 396, 396, 396]"
305,100,"[6, 112, 227, 267, 275, 382, 409, 446, 543, 544, 553, 642, 651, 781, 815, 846, 856, 884, 907, 1010, 1053, 1129, 1145, 1178, 1186, 1257, 1262, 1305, 1422, 1515, 1552, 1557, 1682, 1686, 1768, 1858, 1915, 1943, 1954, 1987, 2027, 2033, 2130, 2138, 2178, 2311, 2385]",47,1.4104812052100897,0.12878560833632946,0.07763448780640325,"[139267695, 145939144, 5992337, 96066774, 381690692, 145936449, 381407749, 224293438, 104133120, 304284504]","[815, 815, 815, 815, 815, 815, 815, 815, 815, 815]"
306,100,"[174, 262, 263, 267, 382, 442, 487, 645, 859, 876, 924, 1037, 1116, 1125, 1129, 1176, 1179, 1209, 1278, 1288, 1296, 1410, 1505, 1506, 1543, 1600, 1608, 1644, 1682, 1685, 1692, 1697, 1705, 1852, 1922, 1923, 2015, 2139, 2273, 2279, 2362, 2431]",42,1.2989668077789247,0.10770049272105098,0.0663902365735599,"[525591755, 245352853, 477671370, 335749123, 311773372, 537628334, 467431416, 239218509, 269115772, 54178310]","[442, 442, 442, 1543, 442, 442, 442, 442, 1697, 442]"
307,100,"[1, 6, 80, 112, 175, 227, 241, 252, 275, 352, 382, 413, 446, 459, 528, 564, 672, 686, 772, 824, 825, 846, 941, 1010, 1019, 1093, 1106, 1143, 1167, 1169, 1186, 1194, 1262, 1408, 1450, 1495, 1505, 1557, 1558, 1608, 1686, 1693, 1696, 1763, 1769, 1839, 2027, 2154, 2184, 2421, 2430]",51,1.6301539884880185,0.14934857562184334,0.08626235589184159,"[29670877, 75212121, 450094956, 319234280, 55398033, 204078119, 79418598, 79306088, 271948929, 456825237]","[1186, 686, 686, 686, 2154, 1186, 1186, 2154, 686, 1186]"
308,100,"[10, 26, 112, 126, 382, 471, 533, 566, 636, 737, 754, 781, 876, 898, 901, 915, 931, 961, 980, 1003, 1025, 1032, 1044, 1053, 1061, 1068, 1071, 1176, 1287, 1296, 1322, 1349, 1353, 1505, 1552, 1585, 1686, 1701, 1713, 1729, 1774, 1780, 1782, 1784, 1786, 1916, 1926, 2031, 2109, 2156, 2188, 2209, 2216, 2253, 2279, 2346]",56,1.9242962077260017,0.15695795230567455,0.08515371050452814,"[437276629, 40391899, 176968180, 380825642, 219098741, 599176839, 328644929, 318181396, 332416979, 153586794]","[533, 1287, 1322, 533, 382, 382, 533, 1025, 961, 382]"
309,100,"[37, 40, 86, 108, 111, 214, 397, 484, 502, 560, 627, 666, 714, 778, 833, 876, 897, 915, 931, 1000, 1025, 1060, 1093, 1138, 1178, 1188, 1314, 1322, 1484, 1505, 1632, 1633, 1636, 1641, 1645, 1736, 1784, 1845, 1857, 1884, 1894, 1924, 1963, 2023, 2109, 2216, 2253, 2284, 2306, 2311]",50,1.208756695035845,0.12192506203427911,0.06515057774726302,"[250002006, 507623102, 364536939, 283040642, 289056465, 549644117, 56252653, 320349076, 56252656, 62358601]","[666, 666, 666, 1857, 1138, 1138, 1138, 666, 1138, 1138]"
310,100,"[57, 67, 185, 212, 241, 278, 325, 359, 382, 431, 443, 454, 455, 744, 912, 935, 952, 957, 1019, 1063, 1084, 1129, 1224, 1355, 1505, 1662, 1715, 1748, 2079, 2271, 2287, 2319, 2325, 2354]",34,1.0738561814650893,0.08573374198749661,0.06704270684927263,"[340466601, 343078558, 9052792, 397794235, 524707455, 1235958, 397640572, 108990028, 285345700, 221377139]","[912, 912, 912, 912, 912, 912, 912, 912, 912, 912]"
311,100,"[201, 210, 352, 382, 428, 544, 550, 564, 746, 777, 786, 834, 892, 908, 1053, 1130, 1165, 1226, 1262, 1284, 1434, 1498, 1552, 1618, 1686, 1696, 1812, 1916, 1996, 2095, 2125, 2175, 2279, 2378, 2421, 2426]",36,1.4231021273881197,0.11416170559823513,0.10828327214888607,"[472898258, 38976580, 38793200, 411477906, 274007832, 59068555, 38661789, 233421355, 468982041, 38725191]","[544, 544, 544, 1226, 544, 544, 544, 544, 544, 544]"
312,100,"[196, 340, 528, 564, 601, 604, 639, 658, 673, 691, 692, 712, 743, 766, 823, 892, 956, 1080, 1106, 1129, 1196, 1219, 1278, 1396, 1469, 1495, 1537, 1573, 1588, 1600, 1608, 1675, 1856, 1895, 2085, 2098, 2166, 2421]",38,1.1187801114283502,0.1075253551825881,0.07419871039517027,"[522755097, 42882853, 104879620, 315508756, 134808188, 547013967, 66300891, 148963986, 31382543, 306691597]","[956, 2085, 956, 1080, 2085, 956, 1080, 2085, 2085, 2085]"
313,100,"[45, 63, 68, 201, 307, 562, 595, 625, 636, 729, 758, 772, 973, 1018, 1194, 1355, 1360, 1446, 1470, 1536, 1544, 1545, 1598, 1618, 1701, 1730, 1807, 1808, 1811, 2029, 2052, 2082, 2140, 2156, 2180, 2239]",36,1.317809802480042,0.1008068616501987,0.07820709416409954,"[95450006, 18131858, 368361321, 51649025, 242472231, 212280112, 184956394, 469312614, 5733679, 267401067]","[1598, 1598, 1598, 1598, 2180, 1730, 1598, 1598, 1598, 1598]"
314,100,"[10, 39, 84, 100, 164, 194, 241, 268, 293, 352, 381, 382, 412, 446, 463, 560, 602, 618, 670, 737, 746, 786, 852, 892, 917, 941, 968, 1124, 1226, 1262, 1296, 1324, 1353, 1419, 1429, 1434, 1686, 1696, 1809, 1812, 1835, 1860, 1951, 2006, 2082, 2171, 2279, 2301, 2421]",49,1.6941248192451894,0.15202915761619806,0.08637217724486729,"[457131305, 60335653, 396419128, 396405833, 10567406, 328642351, 77785246, 599727782, 77785252, 73842371]","[1419, 1419, 1419, 1419, 1419, 1419, 1419, 39, 1419, 1419]"
315,100,"[27, 32, 76, 80, 109, 209, 295, 347, 384, 392, 495, 508, 532, 646, 655, 664, 686, 734, 793, 810, 824, 899, 1112, 1113, 1139, 1149, 1152, 1437, 1504, 1532, 1544, 1633, 1693, 1741, 1797, 1961, 1982, 2027, 2041, 2119, 2135, 2151, 2359]",43,1.4278356819413602,0.11588106770068407,0.07464526301293178,"[121994479, 294990698, 9686834, 194219986, 465824620, 358078894, 133438173, 474592803, 121994492, 592479638]","[1797, 1112, 646, 646, 646, 646, 1797, 646, 1112, 1797]"
316,100,"[10, 109, 112, 164, 170, 194, 199, 241, 262, 267, 381, 384, 484, 550, 560, 564, 672, 673, 678, 737, 742, 746, 786, 846, 852, 876, 880, 885, 892, 901, 1010, 1025, 1106, 1145, 1157, 1169, 1178, 1181, 1225, 1262, 1265, 1278, 1408, 1505, 1559, 1600, 1618, 1686, 1692, 1696, 1699, 1742, 1744, 1749, 1809, 1860, 1990, 1996, 2027, 2041, 2124, 2214, 2253, 2279, 2297, 2301, 2349, 2377, 2421]",69,2.275200329720974,0.23056041169911623,0.0960957481748546,"[138398492, 101027280, 110756647, 95179376, 94188709, 384357497, 299207006, 295110340, 194450453, 250051484]","[170, 1692, 199, 786, 1692, 109, 560, 1699, 742, 1157]"
317,100,"[5, 10, 56, 175, 240, 255, 263, 267, 385, 396, 407, 468, 557, 564, 627, 746, 828, 892, 917, 945, 968, 1025, 1063, 1081, 1088, 1091, 1092, 1106, 1179, 1262, 1278, 1391, 1415, 1429, 1506, 1509, 1514, 1551, 1557, 1600, 1608, 1631, 1644, 1682, 1686, 1705, 1729, 1730, 1769, 1852, 2015, 2029, 2082, 2178, 2260, 2301, 2421]",57,1.5437882831320167,0.14583995519205928,0.06387753493005507,"[70318687, 58447535, 550317659, 572513295, 258863647, 22016492, 10970730, 209411845, 143491125, 22069964]","[1025, 1262, 255, 1262, 1644, 255, 1025, 2082, 396, 255]"
318,100,"[6, 20, 37, 61, 68, 70, 112, 214, 267, 275, 385, 523, 533, 553, 657, 674, 729, 786, 791, 821, 846, 887, 921, 931, 968, 977, 1018, 1031, 1106, 1194, 1218, 1262, 1288, 1303, 1322, 1331, 1349, 1392, 1397, 1415, 1492, 1544, 1551, 1559, 1565, 1574, 1645, 1647, 1649, 1671, 1700, 1729, 1749, 1777, 1782, 1916, 2029, 2031, 2083, 2130, 2253, 2256, 2282, 2389, 2400]",65,2.201682381797582,0.2093143411912024,0.10065885487442407,"[160082892, 575235169, 12570383, 21795038, 84159298, 575039607, 575039606, 514049798, 503733855, 323604396]","[1671, 1106, 1671, 20, 523, 1671, 1916, 1322, 1647, 1322]"
319,100,"[1, 70, 84, 105, 112, 164, 175, 268, 293, 315, 382, 478, 537, 554, 558, 625, 674, 682, 702, 712, 746, 758, 786, 885, 892, 917, 926, 933, 941, 968, 1028, 1091, 1150, 1194, 1249, 1262, 1397, 1419, 1425, 1544, 1551, 1686, 1730, 1807, 1812, 1841, 1844, 1971, 2004, 2029, 2082, 2105, 2172, 2271, 2343, 2426]",56,1.5445508039556444,0.1549985813908279,0.07099161258000615,"[404430696, 478209292, 255281848, 124742263, 434579361, 70192081, 95208796, 93719088, 31421830, 8267672]","[1091, 1091, 1091, 1091, 1091, 1091, 1091, 1091, 1091, 1091]"
320,100,"[26, 148, 260, 267, 402, 523, 525, 555, 636, 700, 729, 737, 786, 856, 901, 915, 921, 968, 1059, 1404, 1463, 1502, 1582, 1596, 1665, 1671, 1859, 1946, 2052, 2128, 2194, 2209, 2257, 2298, 2346, 2440]",36,1.1718857851810753,0.09722041757777333,0.08230060327332467,"[52618152, 555619238, 232770354, 199290394, 43187242, 221596449, 303678495, 290253010, 74336512, 343785151]","[1671, 1671, 1463, 1671, 636, 1404, 523, 1671, 1404, 1404]"
321,100,"[164, 196, 199, 242, 262, 278, 301, 340, 443, 484, 564, 570, 673, 692, 743, 746, 766, 786, 822, 892, 905, 917, 979, 980, 993, 1024, 1106, 1167, 1218, 1219, 1249, 1262, 1278, 1293, 1419, 1450, 1467, 1489, 1520, 1544, 1558, 1568, 1573, 1608, 1618, 1677, 1694, 1730, 1744, 1749, 1839, 1856, 1902, 1978, 1996, 2024, 2102, 2139, 2207, 2273, 2383, 2421]",62,2.28611464984715,0.2117151776328683,0.09816794077520288,"[443194988, 564137913, 514168124, 326173960, 115160297, 488975574, 587293941, 496877116, 500891690, 213916521]","[1450, 1450, 564, 1450, 1450, 1856, 822, 1262, 2102, 822]"
322,100,"[77, 112, 211, 283, 288, 382, 385, 428, 446, 470, 537, 550, 604, 734, 754, 781, 897, 915, 935, 941, 1053, 1150, 1276, 1284, 1326, 1360, 1429, 1543, 1601, 1602, 1607, 1645, 1662, 1667, 1765, 1812, 1946, 1985, 1987, 2038, 2039, 2125, 2174, 2212, 2271, 2325, 2358, 2419]",48,1.4115498512983322,0.13393535744398832,0.08222726793125427,"[582146151, 270088517, 201988538, 262195009, 97510527, 71834092, 582163762, 520338230, 348415935, 189287492]","[1812, 2174, 1543, 2174, 2174, 1284, 2174, 2174, 2174, 2174]"
323,100,"[6, 10, 26, 47, 109, 211, 241, 255, 263, 344, 352, 378, 407, 413, 428, 444, 537, 550, 564, 619, 670, 673, 692, 729, 734, 737, 746, 766, 786, 821, 834, 846, 852, 871, 892, 898, 901, 1064, 1068, 1106, 1129, 1202, 1218, 1262, 1296, 1310, 1355, 1450, 1481, 1559, 1608, 1649, 1700, 1744, 1996, 2103, 2105, 2125, 2175, 2264, 2301, 2421]",62,2.186732908245176,0.18476424738764763,0.08557200158059958,"[250227701, 240150965, 573000340, 443189876, 223674422, 214691156, 540246192, 337826098, 578753768, 266404996]","[413, 2125, 2103, 2125, 2103, 413, 2103, 2125, 2103, 2103]"
324,100,"[5, 10, 26, 51, 61, 63, 234, 382, 443, 533, 544, 564, 566, 570, 602, 618, 620, 645, 678, 682, 737, 746, 754, 769, 775, 778, 786, 892, 901, 961, 968, 993, 1000, 1003, 1025, 1032, 1044, 1053, 1123, 1213, 1278, 1281, 1293, 1360, 1552, 1559, 1618, 1686, 1852, 1996, 2088, 2095, 2156, 2253, 2257, 2279, 2377, 2378, 2387]",59,2.3189674713648856,0.1879713572561741,0.09032830595180898,"[85417606, 295622573, 79120277, 129075217, 548796090, 491329140, 80040657, 310260921, 173815382, 209912267]","[1852, 1852, 1852, 682, 682, 682, 1852, 1278, 1852, 1852]"
325,100,"[14, 68, 72, 86, 112, 164, 242, 262, 297, 378, 393, 407, 470, 528, 570, 573, 673, 678, 711, 743, 746, 747, 924, 957, 1017, 1026, 1065, 1103, 1202, 1251, 1326, 1338, 1355, 1468, 1498, 1600, 1602, 1610, 1618, 1691, 1744, 1856, 1895, 1902, 1978, 2085, 2124, 2148, 2189, 2206, 2246, 2271, 2330, 2437]",54,2.0472034853883088,0.15938388044014573,0.09127820516867494,"[376544986, 422034686, 27172278, 369991730, 279344354, 279344348, 295894959, 499148572, 342077845, 61039767]","[573, 573, 573, 573, 573, 573, 573, 573, 573, 573]"
326,100,"[10, 26, 84, 164, 174, 192, 263, 268, 286, 338, 396, 422, 428, 468, 550, 588, 602, 625, 704, 711, 737, 744, 746, 821, 876, 892, 901, 930, 941, 1053, 1088, 1111, 1129, 1194, 1257, 1262, 1327, 1349, 1425, 1434, 1460, 1506, 1514, 1544, 1645, 1665, 1686, 1730, 1925, 2029, 2077, 2082, 2180, 2209, 2258, 2279]",56,2.0787134715355933,0.15404017688706517,0.07618210284687978,"[163720348, 178744323, 303363349, 540420683, 420048160, 203465133, 598019073, 586327506, 75062176, 201721442]","[1111, 1111, 1111, 1111, 1111, 1111, 1665, 1111, 1544, 1544]"
327,100,"[10, 164, 201, 286, 389, 484, 544, 550, 618, 672, 786, 834, 892, 898, 908, 917, 979, 1025, 1053, 1130, 1192, 1530, 1552, 1568, 1618, 1692, 1696, 1744, 1886, 1912, 1916, 1933, 1996, 2076, 2095, 2125, 2175, 2216, 2279, 2377, 2378, 2421]",42,1.6230130572803319,0.13752890238538384,0.09466024992122714,"[38808316, 307546577, 391326468, 99375541, 261009372, 391785252, 231719413, 324748583, 582697220, 388988728]","[834, 550, 1692, 1912, 834, 834, 2175, 834, 1886, 1692]"
328,100,"[10, 51, 72, 112, 262, 277, 280, 316, 382, 395, 487, 515, 543, 550, 566, 602, 618, 628, 678, 693, 694, 769, 786, 892, 898, 901, 924, 939, 961, 1025, 1032, 1068, 1099, 1103, 1178, 1179, 1278, 1281, 1296, 1303, 1410, 1587, 1641, 1692, 1744, 1746, 1911, 1926, 1955, 2015, 2105, 2156, 2196, 2279, 2337, 2377]",56,1.9942632229067385,0.1722329556941986,0.08730281953467056,"[389698482, 529341033, 596668526, 278049718, 529137787, 303838005, 506328360, 210118703, 547669178, 159159732]","[1178, 1692, 1746, 1178, 1178, 1641, 1178, 487, 1178, 1178]"
329,100,"[20, 105, 112, 131, 164, 213, 533, 560, 645, 657, 674, 711, 746, 811, 822, 968, 1031, 1106, 1150, 1183, 1218, 1219, 1249, 1346, 1456, 1505, 1520, 1536, 1544, 1551, 1573, 1645, 1700, 1749, 1780, 1783, 1848, 1872, 1890, 1978, 2024, 2095, 2102, 2140, 2253, 2260, 2343, 2426]",48,1.8102477169595659,0.16734644398093224,0.10509303706445887,"[561552294, 523052135, 125005289, 272524316, 372093244, 168415727, 63028551, 555325823, 439618392, 570907051]","[20, 20, 20, 20, 1783, 20, 2024, 20, 20, 20]"
330,100,"[130, 186, 209, 275, 347, 362, 409, 601, 627, 651, 664, 880, 1025, 1152, 1176, 1515, 1682, 1697, 1768, 1915, 1972, 2027, 2065, 2135, 2260, 2338, 2380, 2389]",28,0.9996472839266062,0.07513785501942039,0.0829458683646018,"[73456656, 340992822, 161731028, 444706990, 30464257, 21010602, 34874051, 331779429, 527769665, 150252288]","[409, 409, 409, 664, 409, 409, 409, 409, 1915, 409]"
331,100,"[6, 112, 196, 211, 227, 249, 275, 382, 454, 459, 468, 524, 528, 564, 630, 642, 647, 651, 734, 746, 821, 825, 902, 1010, 1026, 1064, 1092, 1116, 1129, 1167, 1196, 1262, 1273, 1293, 1308, 1326, 1353, 1489, 1505, 1515, 1608, 1618, 1669, 1711, 1791, 1825, 1839, 1872, 2273, 2421]",50,1.6732437093742192,0.14393962221220136,0.08135285289492458,"[232624377, 33312517, 472638865, 240079707, 483107596, 487422558, 84536342, 122995399, 350658106, 140634095]","[528, 528, 651, 528, 275, 528, 528, 528, 528, 528]"
332,100,"[57, 59, 67, 385, 442, 528, 557, 570, 644, 645, 691, 692, 711, 712, 754, 825, 839, 850, 876, 1030, 1064, 1080, 1106, 1143, 1177, 1219, 1245, 1278, 1297, 1326, 1401, 1410, 1439, 1537, 1544, 1586, 1600, 1601, 1608, 1679, 1783, 1848, 1966, 1997, 2206, 2260, 2271, 2330, 2409, 2423, 2447]",51,1.6065011187456548,0.12920695263892412,0.07123628836216442,"[50829515, 548338818, 297373147, 156881617, 583971860, 15786981, 68767785, 598937358, 588877634, 102125686]","[1401, 1401, 1401, 1401, 1401, 1401, 850, 1401, 1401, 850]"
333,100,"[40, 61, 68, 112, 130, 201, 209, 247, 277, 397, 409, 543, 566, 666, 674, 835, 897, 1025, 1178, 1235, 1276, 1284, 1303, 1326, 1484, 1505, 1552, 1618, 1641, 1645, 1736, 1746, 1768, 1795, 1848, 1858, 1872, 1932, 1987, 2109, 2196, 2212, 2362]",43,1.384274854324758,0.11983337858691812,0.07865841153922469,"[21887721, 318607203, 531088696, 71946271, 90982543, 447832480, 507939321, 547793894, 564375602, 334399215]","[1858, 1284, 1641, 1746, 1641, 2362, 40, 1552, 247, 1736]"
334,100,"[47, 67, 185, 195, 249, 262, 278, 325, 346, 353, 378, 444, 477, 530, 554, 571, 644, 645, 675, 692, 712, 828, 859, 891, 917, 957, 974, 1106, 1143, 1198, 1202, 1218, 1234, 1278, 1310, 1338, 1414, 1529, 1769, 1821, 1856, 1895, 1970, 2011, 2103, 2139, 2176, 2191, 2271, 2287, 2330, 2354, 2363]",53,1.5427669840864837,0.1351719074882567,0.06950566634307352,"[270925514, 270865632, 242068515, 270275797, 228027150, 9440026, 232203974, 298397353, 144506678, 228212695]","[47, 477, 47, 1856, 2330, 67, 47, 47, 47, 1856]"
335,100,"[20, 39, 100, 112, 164, 194, 201, 211, 213, 258, 368, 381, 382, 422, 428, 446, 470, 537, 550, 602, 604, 673, 746, 786, 852, 908, 926, 968, 1053, 1150, 1202, 1226, 1346, 1573, 1618, 1662, 1686, 1694, 1696, 1700, 1742, 1744, 1749, 1812, 1946, 1985, 2006, 2017, 2038, 2095, 2174, 2175, 2271, 2343, 2421, 2425, 2426]",57,1.984365387354046,0.19138335017487407,0.10109403683281128,"[411780743, 411780746, 411780744, 460545696, 411780742, 1177445, 411780747, 380934255, 464914490, 269439474]","[1694, 1694, 470, 2095, 1694, 470, 1694, 1694, 1744, 470]"
336,100,"[164, 201, 373, 381, 382, 389, 484, 746, 786, 834, 908, 979, 1025, 1053, 1130, 1159, 1194, 1226, 1375, 1393, 1530, 1552, 1618, 1686, 1692, 1696, 1698, 1886, 1916, 1933, 1996, 2038, 2140, 2183, 2273, 2378]",36,1.3123637633398175,0.11084997793659568,0.08939378122643878,"[37021387, 32247138, 230219770, 37021385, 456505601, 211701126, 145497854, 299963746, 553699472, 538192582]","[1159, 1159, 1159, 1159, 1159, 1159, 1159, 1159, 1159, 1159]"
337,100,"[68, 184, 267, 316, 342, 446, 523, 543, 636, 700, 729, 758, 791, 895, 926, 1003, 1018, 1139, 1233, 1305, 1353, 1515, 1516, 1539, 1565, 1618, 1647, 1742, 1836, 1861, 2052, 2130, 2245, 2256, 2282, 2400]",36,1.1244429596699774,0.10625360812991858,0.08146539052379215,"[95368777, 203473006, 564303123, 468460632, 277178435, 529337852, 193696745, 584147459, 277377922, 165704899]","[791, 791, 791, 791, 791, 791, 791, 791, 791, 791]"
338,100,"[39, 96, 109, 112, 164, 175, 241, 323, 352, 368, 381, 382, 385, 422, 432, 446, 459, 484, 537, 544, 550, 560, 604, 627, 645, 657, 673, 737, 746, 786, 821, 825, 846, 880, 892, 968, 1068, 1106, 1150, 1169, 1226, 1262, 1408, 1419, 1499, 1505, 1573, 1600, 1618, 1649, 1677, 1686, 1696, 1726, 1742, 1809, 1812, 1872, 1922, 2038, 2226, 2253, 2273, 2311, 2329, 2421]",66,2.461168233770877,0.2212037295103073,0.10091111753982576,"[409683914, 556234577, 239813570, 597290452, 362369840, 135165715, 446170297, 266946917, 564848881, 59358875]","[673, 2421, 432, 1677, 2273, 627, 746, 2273, 382, 382]"
339,100,"[112, 186, 209, 252, 278, 313, 331, 382, 396, 602, 619, 635, 645, 656, 663, 664, 686, 734, 744, 824, 848, 1063, 1081, 1103, 1113, 1129, 1169, 1194, 1249, 1257, 1262, 1288, 1337, 1355, 1356, 1401, 1408, 1505, 1528, 1532, 1660, 1693, 1696, 1763, 1768, 1799, 1848, 1872, 1982, 1995, 2029, 2036, 2090, 2154, 2231, 2260, 2310, 2380, 2382]",59,2.311472865752876,0.1772364405915141,0.09001847206993754,"[320861935, 320707800, 172479299, 193478910, 538813565, 392701744, 533184112, 490153215, 172407953, 275373898]","[1799, 656, 1799, 1799, 331, 331, 656, 1799, 2382, 1799]"
340,100,"[6, 10, 112, 170, 196, 275, 382, 431, 454, 525, 564, 642, 645, 746, 758, 825, 846, 865, 936, 1003, 1068, 1116, 1169, 1265, 1353, 1425, 1455, 1499, 1515, 1543, 1557, 1558, 1618, 1677, 1686, 1696, 1726, 1742, 1786, 1872, 2226, 2253, 2273, 2297, 2302]",45,1.5901136216707528,0.14007193502038717,0.09006158853363659,"[566077754, 110245053, 6262598, 110245051, 205334998, 110245054, 205334999, 594313346, 278180273, 568330560]","[1557, 2297, 1557, 1557, 1557, 1557, 865, 1557, 1557, 1557]"
341,100,"[63, 84, 164, 192, 268, 273, 595, 602, 625, 758, 813, 892, 1091, 1111, 1262, 1291, 1329, 1425, 1514, 1551, 1730, 1844, 1848, 2029, 2082, 2140, 2180, 2188, 2258, 2260, 2279]",31,1.039760319981724,0.08501323079690337,0.0708571950409321,"[154769397, 14327567, 505277148, 597756374, 362975021, 333711429, 73146961, 155733062, 201779799, 272740960]","[84, 84, 84, 84, 84, 84, 84, 84, 84, 84]"
342,100,"[201, 315, 382, 470, 544, 564, 651, 761, 777, 834, 908, 979, 1053, 1130, 1145, 1165, 1226, 1284, 1498, 1552, 1686, 1696, 1943, 2038, 2125, 2204, 2378]",27,0.9744844897650182,0.0819324147887528,0.10474777540743903,"[544529226, 178126547, 434004728, 364333490, 124219897, 295274232, 546813437, 487292630, 137599263, 80328316]","[544, 544, 544, 544, 544, 544, 544, 544, 544, 544]"
343,100,"[112, 175, 241, 250, 255, 258, 344, 346, 353, 368, 378, 382, 428, 477, 537, 550, 558, 560, 604, 673, 678, 692, 729, 734, 737, 743, 746, 786, 821, 846, 850, 876, 931, 1064, 1106, 1202, 1310, 1355, 1360, 1444, 1505, 1573, 1608, 1618, 1649, 1677, 1684, 1700, 1812, 1872, 1946, 1985, 1996, 2004, 2103, 2105, 2125, 2175, 2212, 2264, 2271, 2273, 2362, 2377, 2421, 2425]",66,2.2743417555466294,0.20208179345354438,0.08956017229833048,"[436797442, 276814764, 55574759, 97774481, 74599469, 184576798, 395513711, 121073826, 396184890, 436791146]","[346, 346, 346, 346, 673, 346, 346, 250, 346, 346]"
344,100,"[36, 201, 286, 382, 389, 428, 446, 484, 544, 550, 604, 746, 786, 834, 852, 876, 898, 908, 968, 979, 1027, 1053, 1130, 1192, 1314, 1434, 1530, 1552, 1692, 1698, 1700, 1744, 1772, 1880, 1886, 1916, 1933, 2095, 2194, 2279, 2333, 2378]",42,1.446824237704277,0.14244627812877297,0.09345666293631352,"[324570433, 429380287, 232114775, 499501922, 14509374, 322419595, 159206067, 31434972, 243527012, 323327970]","[1130, 1744, 1027, 1933, 36, 1530, 1130, 382, 852, 382]"
345,100,"[10, 56, 72, 84, 164, 175, 192, 194, 255, 263, 381, 512, 602, 625, 645, 658, 673, 678, 712, 746, 758, 786, 852, 892, 917, 933, 1099, 1169, 1179, 1210, 1249, 1291, 1296, 1419, 1425, 1499, 1514, 1573, 1618, 1645, 1686, 1692, 1696, 1809, 1872, 1996, 2029, 2082, 2273, 2279, 2301, 2421]",52,1.9721090141683817,0.15363093046471477,0.08624132620081162,"[247018026, 411741082, 225625059, 502463944, 86262583, 268623661, 264515711, 401105112, 96923747, 38214044]","[1809, 1419, 1645, 2082, 164, 746, 164, 1809, 1419, 2279]"
346,100,"[30, 37, 40, 108, 122, 130, 262, 282, 382, 384, 385, 397, 560, 666, 778, 846, 880, 931, 1000, 1003, 1004, 1100, 1178, 1303, 1314, 1322, 1410, 1415, 1484, 1501, 1505, 1559, 1632, 1633, 1641, 1736, 1784, 1852, 1857, 1867, 1924, 1932, 1963, 2023, 2031, 2109, 2212, 2216, 2253, 2311, 2318, 2421, 2430]",53,1.5573114366270602,0.16579609410837293,0.08791027067422445,"[469885381, 322296349, 528473605, 270259749, 242203901, 202729390, 528328358, 528553760, 321245463, 311216220]","[130, 130, 130, 130, 130, 130, 130, 130, 1484, 130]"
347,100,"[5, 10, 26, 72, 164, 175, 255, 279, 393, 407, 443, 550, 564, 618, 678, 737, 747, 834, 892, 917, 968, 1017, 1025, 1103, 1106, 1123, 1194, 1249, 1262, 1278, 1296, 1403, 1419, 1514, 1559, 1608, 1618, 1644, 1692, 1730, 1744, 1978, 1996, 2015, 2017, 2082, 2105, 2139, 2175, 2279, 2301, 2377, 2387]",53,1.8680419833399355,0.1644685766659677,0.08598832445623318,"[150965396, 408040541, 105712961, 443720079, 141603146, 31356448, 317439346, 144030917, 219300585, 11823159]","[255, 2279, 5, 2139, 564, 5, 5, 2139, 5, 5]"
348,100,"[20, 39, 63, 96, 164, 250, 258, 286, 381, 382, 470, 556, 745, 746, 834, 892, 908, 917, 1027, 1114, 1183, 1262, 1346, 1419, 1556, 1662, 1692, 1694, 1744, 1772, 1783, 2095, 2175, 2194, 2301, 2425, 2426]",37,1.0244593620300293,0.10425967397168279,0.07149911264108645,"[480510619, 424876607, 264874268, 313713527, 593463706, 334800092, 449428822, 369690790, 551281035, 360667303]","[2426, 556, 556, 2426, 2426, 2426, 556, 556, 20, 2175]"
349,100,"[47, 174, 179, 346, 364, 378, 413, 477, 619, 645, 911, 1245, 1310, 1355, 1414, 1541, 1545, 1902, 1954, 1961, 2097, 2103, 2125, 2208, 2287]",25,0.906141095329076,0.07170958630740643,0.0782489277701825,"[205075779, 518082191, 303948200, 535525097, 515410196, 3473498, 505982366, 163597338, 94140642, 50411599]","[346, 346, 346, 346, 911, 346, 346, 346, 346, 346]"
350,100,"[10, 26, 109, 209, 240, 294, 344, 352, 428, 442, 544, 550, 591, 618, 627, 645, 651, 734, 737, 746, 747, 834, 880, 892, 917, 968, 1025, 1106, 1125, 1176, 1218, 1262, 1278, 1314, 1450, 1505, 1608, 1682, 1697, 1856, 1915, 1996, 2175, 2210, 2279, 2301, 2311, 2338, 2362, 2377, 2380, 2409, 2421]",53,2.063918403815478,0.15966103691607714,0.0881807375040327,"[552557021, 434403656, 206104064, 212967491, 57354181, 506655783, 394576362, 446723605, 496925341, 83078451]","[627, 627, 627, 627, 627, 627, 627, 627, 627, 627]"
351,100,"[72, 164, 179, 192, 241, 382, 393, 443, 599, 618, 658, 673, 678, 694, 746, 758, 786, 846, 852, 892, 1065, 1103, 1130, 1249, 1278, 1291, 1360, 1403, 1425, 1434, 1496, 1660, 1677, 1691, 1744, 1807, 1872, 1886, 1955, 1978, 2006, 2279, 2378]",43,1.742105855140835,0.13730321312323213,0.09659080173235474,"[314469731, 316518887, 231750567, 158881460, 214212717, 312859666, 396387350, 553650189, 293676101, 56423796]","[1886, 1886, 1886, 1886, 1886, 1886, 1886, 1886, 1886, 1886]"
352,100,"[10, 164, 175, 201, 267, 352, 368, 382, 428, 544, 550, 602, 746, 786, 821, 834, 892, 898, 908, 917, 968, 1025, 1053, 1099, 1106, 1130, 1145, 1194, 1257, 1262, 1481, 1514, 1557, 1662, 1686, 1692, 1696, 1812, 1872, 1985, 1996, 2017, 2071, 2082, 2125, 2175, 2248, 2279, 2377, 2421]",50,1.8582928832620382,0.15286525897681713,0.08810826174449175,"[180175964, 104653458, 156838138, 42263526, 357557057, 466434926, 551772129, 276760384, 390331844, 373974222]","[368, 550, 550, 550, 550, 550, 550, 550, 550, 550]"
353,100,"[97, 186, 209, 275, 329, 362, 409, 421, 645, 664, 740, 824, 880, 1143, 1152, 1225, 1356, 1401, 1500, 1693, 1785, 1915, 1972, 1982, 2027, 2065, 2135, 2260, 2338, 2380, 2389]",31,1.170322956983,0.08277683658525348,0.09132905582326555,"[25674236, 326988573, 372292721, 330083391, 25134399, 493906171, 576733558, 384103588, 64349747, 590583996]","[1915, 1915, 2135, 1915, 824, 1915, 1915, 186, 1915, 2135]"
354,100,"[68, 112, 247, 263, 267, 283, 316, 523, 566, 636, 693, 700, 729, 758, 791, 831, 915, 924, 926, 1003, 1018, 1068, 1099, 1169, 1209, 1332, 1353, 1511, 1516, 1551, 1565, 1641, 1701, 1746, 1786, 1807, 1872, 1916, 2156, 2196, 2282, 2400]",42,1.5329117458313704,0.12332212831825018,0.08721391390454733,"[233253797, 474393003, 231312021, 233623476, 372044653, 565645539, 433467104, 30060169, 51507903, 22594512]","[267, 316, 316, 316, 791, 1916, 267, 316, 316, 316]"
355,100,"[47, 118, 174, 175, 240, 255, 263, 346, 413, 419, 444, 477, 619, 871, 898, 1063, 1107, 1296, 1310, 1355, 1414, 1444, 1541, 1644, 1902, 1923, 1954, 2036, 2065, 2088, 2097, 2103, 2125, 2287, 2330]",35,0.9392173918895423,0.07901128754019737,0.06015710390305945,"[87021594, 274901251, 396054179, 256915759, 20412225, 20412227, 211761613, 402913985, 323296596, 261382052]","[346, 346, 346, 346, 619, 346, 346, 346, 619, 619]"
356,100,"[10, 39, 164, 194, 201, 258, 263, 267, 288, 370, 382, 602, 618, 745, 747, 786, 834, 892, 898, 901, 917, 968, 1025, 1027, 1032, 1068, 1099, 1178, 1183, 1262, 1296, 1506, 1514, 1552, 1618, 1692, 1696, 1729, 1744, 1780, 1912, 1922, 1990, 1996, 2029, 2095, 2175, 2214, 2279, 2301, 2377, 2387]",52,1.713988073170185,0.1544560194015503,0.08353319796375357,"[170590119, 566590608, 535465729, 585089075, 500772338, 2475738, 552465458, 220715901, 41285817, 181258307]","[1744, 2175, 1744, 1744, 1744, 1744, 1744, 1744, 834, 1744]"
357,100,"[241, 263, 267, 277, 396, 523, 602, 631, 645, 664, 751, 755, 781, 824, 825, 846, 856, 876, 941, 1032, 1068, 1081, 1179, 1181, 1257, 1262, 1287, 1327, 1331, 1349, 1356, 1415, 1459, 1470, 1500, 1505, 1509, 1514, 1552, 1565, 1653, 1666, 1682, 1686, 1696, 1705, 1726, 1729, 1730, 1763, 1911, 2052, 2065, 2154, 2177, 2188, 2260, 2267, 2413]",59,2.0167423565872014,0.15923210605978966,0.07816552093363036,"[145303728, 345072956, 152752488, 486964958, 450996993, 215582082, 226256161, 23744700, 20289167, 538632057]","[277, 1705, 755, 277, 1565, 2260, 396, 263, 2065, 1349]"
358,100,"[6, 68, 112, 175, 201, 249, 315, 325, 382, 446, 459, 523, 537, 544, 562, 591, 644, 647, 651, 673, 729, 745, 746, 791, 815, 834, 846, 1018, 1025, 1026, 1053, 1106, 1129, 1165, 1169, 1369, 1418, 1515, 1536, 1543, 1552, 1568, 1602, 1618, 1677, 1749, 1765, 1791, 1812, 1872, 1895, 1946, 2038, 2174, 2273, 2397, 2421, 2437]",58,1.876768829766661,0.1771790310740471,0.07921465285571999,"[115445650, 528307780, 495285446, 544200146, 272371036, 512415721, 66503026, 587499404, 346765951, 53513602]","[815, 815, 1812, 815, 1543, 815, 815, 815, 815, 815]"
359,100,"[39, 72, 112, 161, 262, 301, 340, 344, 382, 401, 423, 443, 560, 600, 678, 737, 786, 846, 852, 880, 885, 917, 919, 949, 980, 1010, 1031, 1065, 1103, 1106, 1143, 1157, 1223, 1225, 1226, 1234, 1265, 1292, 1346, 1392, 1397, 1617, 1677, 1691, 1713, 1726, 1745, 1782, 2000, 2004, 2027, 2031, 2083, 2102, 2124, 2130, 2146, 2191, 2242, 2253, 2421]",61,2.048784226179123,0.2016391004435718,0.10493554812321654,"[492808589, 84370205, 150624716, 279607242, 171116708, 98481624, 254680342, 576887731, 299057857, 188123443]","[678, 1346, 1010, 2027, 919, 1713, 919, 1010, 2191, 2146]"
360,100,"[6, 10, 63, 70, 93, 105, 112, 164, 175, 213, 286, 364, 382, 521, 537, 550, 564, 588, 601, 674, 734, 737, 821, 892, 917, 968, 977, 987, 1106, 1218, 1219, 1262, 1283, 1419, 1450, 1469, 1505, 1520, 1540, 1544, 1573, 1618, 1645, 1686, 1700, 1730, 1848, 2009, 2017, 2024, 2082, 2102, 2207, 2301, 2421]",55,2.0420580520294607,0.1799792069941759,0.09295984774997289,"[83615098, 560097478, 116130435, 82007844, 285059303, 108729357, 238382316, 130547941, 130547940, 93471630]","[674, 674, 1520, 674, 674, 674, 674, 674, 674, 674]"
361,100,"[1, 10, 63, 70, 164, 201, 268, 273, 288, 382, 443, 537, 564, 595, 618, 673, 682, 692, 712, 746, 758, 786, 834, 876, 892, 908, 917, 968, 1123, 1194, 1219, 1249, 1291, 1293, 1360, 1419, 1425, 1434, 1450, 1544, 1558, 1608, 1611, 1618, 1686, 1692, 1730, 1807, 1839, 1872, 1996, 2029, 2082, 2102, 2153, 2175, 2180, 2279, 2301]",59,2.1575131341814995,0.18141060369089246,0.08311746891398551,"[596391226, 463781484, 515084687, 436692252, 448391032, 278141538, 539789, 17484659, 285358626, 365412974]","[1611, 273, 273, 1611, 273, 1611, 1611, 1608, 2153, 1730]"
362,100,"[36, 164, 201, 373, 382, 389, 484, 544, 746, 834, 908, 979, 1025, 1053, 1130, 1178, 1192, 1226, 1530, 1552, 1568, 1618, 1880, 1886, 1912, 1916, 1933, 2038, 2095, 2125, 2175, 2333, 2378]",33,1.2442579022608697,0.10396837908774614,0.08971343598695415,"[181186798, 260871767, 337262410, 421965958, 434886402, 485661198, 366632790, 586569143, 225971949, 402789619]","[201, 834, 201, 484, 544, 834, 1886, 1530, 834, 834]"
363,100,"[10, 196, 201, 262, 382, 389, 484, 533, 560, 564, 618, 678, 786, 834, 846, 901, 931, 979, 993, 1025, 1053, 1068, 1157, 1226, 1303, 1499, 1505, 1530, 1558, 1608, 1618, 1686, 1692, 1696, 1701, 1726, 1742, 1780, 1786, 1880, 1886, 1912, 1933, 1996, 2175, 2216, 2273, 2279, 2302, 2333, 2377, 2378, 2421]",53,1.9671660172753036,0.17495745094493032,0.09841134084634623,"[404152756, 135637909, 492797066, 369378202, 156966002, 587248600, 392644045, 141525826, 88409674, 198456938]","[484, 484, 1886, 484, 484, 196, 484, 484, 678, 484]"
364,100,"[10, 81, 174, 210, 255, 263, 315, 382, 396, 446, 550, 566, 602, 647, 673, 744, 761, 824, 935, 1032, 1063, 1065, 1081, 1088, 1179, 1257, 1281, 1326, 1355, 1434, 1506, 1514, 1610, 1696, 1705, 1730, 1821, 1856, 1872, 1985, 2029, 2088, 2279, 2325, 2391, 2409, 2447]",47,1.6855307375080884,0.12883613631129265,0.08010392880285198,"[91045656, 204742224, 372753153, 385141856, 66350734, 146153024, 339210615, 522588484, 436131303, 564093826]","[761, 761, 761, 761, 761, 761, 761, 761, 761, 761]"
365,100,"[5, 39, 96, 125, 164, 234, 241, 250, 258, 263, 352, 381, 382, 422, 470, 550, 556, 746, 786, 846, 852, 917, 1027, 1068, 1181, 1183, 1286, 1419, 1434, 1556, 1618, 1692, 1694, 1742, 1744, 1772, 1835, 1996, 2095, 2175, 2214, 2226, 2273, 2421, 2425, 2426]",46,1.4430000348947942,0.14292214810848236,0.08637968466981598,"[306207211, 197331121, 203175694, 316696373, 330572212, 313969716, 456267931, 10900861, 224727886, 301709126]","[234, 1694, 2226, 1694, 1694, 1694, 1744, 1694, 1027, 1694]"
366,100,"[20, 39, 63, 70, 84, 100, 164, 194, 213, 258, 293, 323, 470, 537, 550, 674, 729, 746, 786, 892, 908, 917, 968, 1150, 1291, 1346, 1419, 1551, 1662, 1694, 1744, 1749, 1783, 1946, 2017, 2095, 2140, 2153, 2175, 2194, 2343, 2425, 2426]",43,1.380503532011062,0.1393464901484549,0.08743429340985279,"[455362795, 547837044, 264135115, 149546661, 199669026, 246851835, 583648455, 5952161, 123763385, 530958717]","[20, 2426, 20, 2426, 20, 20, 20, 258, 20, 20]"
367,100,"[6, 20, 39, 70, 100, 194, 211, 213, 227, 241, 258, 263, 293, 323, 352, 382, 422, 537, 620, 632, 670, 674, 729, 746, 758, 786, 813, 846, 876, 892, 1150, 1226, 1249, 1262, 1327, 1419, 1425, 1499, 1559, 1573, 1608, 1686, 1700, 1730, 1742, 1839, 1841, 1946, 1971, 1996, 2006, 2102, 2172, 2253, 2264, 2271, 2273, 2343, 2421]",59,1.8851773482747376,0.188307651784271,0.0894076141441967,"[592022775, 308670354, 422186634, 323250630, 200648154, 95806496, 172532783, 308295994, 200798961, 323250633]","[293, 293, 293, 293, 293, 293, 293, 293, 293, 293]"
368,100,"[1, 20, 63, 70, 84, 164, 175, 222, 268, 273, 293, 315, 422, 625, 674, 682, 758, 813, 822, 892, 1091, 1092, 1194, 1202, 1249, 1292, 1293, 1425, 1520, 1544, 1557, 1601, 1667, 1728, 1730, 1769, 1807, 1812, 1844, 2082, 2172, 2325, 2426, 2437, 2447]",45,1.3088396163657308,0.12062442302703857,0.062012611391643685,"[489056790, 395322761, 121118877, 179716299, 179716297, 187531467, 189125274, 303104865, 395180970, 208215792]","[293, 1091, 293, 293, 293, 293, 1091, 293, 293, 1091]"
369,100,"[10, 26, 70, 84, 109, 164, 240, 286, 352, 381, 428, 470, 550, 595, 602, 737, 745, 746, 786, 821, 892, 908, 917, 968, 1025, 1027, 1106, 1179, 1262, 1288, 1291, 1419, 1429, 1434, 1514, 1544, 1618, 1662, 1692, 1694, 1744, 1772, 1780, 1812, 1821, 1990, 1996, 2017, 2027, 2029, 2082, 2175, 2188, 2194, 2279, 2301, 2426]",57,2.010316628962755,0.17162739112973213,0.08561804005467709,"[61703972, 61743325, 456804392, 61662302, 386172645, 386016302, 141600336, 385852294, 148089197, 61701416]","[550, 1812, 550, 2188, 892, 2188, 746, 2017, 240, 164]"
370,100,"[26, 109, 112, 194, 240, 241, 263, 267, 368, 381, 382, 619, 734, 755, 781, 824, 846, 1063, 1081, 1113, 1169, 1179, 1186, 1257, 1262, 1296, 1391, 1408, 1478, 1505, 1506, 1557, 1602, 1631, 1633, 1686, 1696, 1705, 1707, 1729, 1730, 1763, 1911, 1954, 1961, 1988, 2027, 2134, 2154, 2188, 2385]",51,1.578826664481312,0.13146375818178058,0.07405610998873324,"[552262509, 531906113, 156798773, 386370629, 546441264, 138894530, 138912973, 222372382, 196731743, 26824776]","[1707, 1707, 1707, 1707, 1707, 1707, 1707, 1707, 1707, 1707]"
371,100,"[109, 174, 209, 240, 255, 263, 267, 381, 382, 602, 619, 645, 755, 917, 1032, 1081, 1099, 1113, 1125, 1176, 1178, 1179, 1262, 1296, 1332, 1478, 1506, 1532, 1552, 1631, 1696, 1707, 1729, 1787, 1926, 1954, 1961, 1990, 1995, 2027, 2173, 2188, 2338]",43,1.3116332674399018,0.10427817609161139,0.07259632271259676,"[347438014, 358566633, 153495727, 530484371, 541941753, 33031887, 360459976, 124305236, 588247534, 468824808]","[755, 755, 1954, 755, 1954, 1954, 755, 1954, 755, 1954]"
372,100,"[10, 39, 72, 89, 112, 194, 267, 279, 280, 550, 602, 618, 673, 678, 682, 747, 769, 786, 846, 892, 901, 917, 924, 968, 1017, 1032, 1099, 1103, 1226, 1278, 1296, 1403, 1691, 1692, 1696, 1744, 1922, 1988, 1996, 2006, 2139, 2175, 2214, 2279, 2377, 2387, 2421]",47,1.7634873888455331,0.1500502428971231,0.09826678193194117,"[176321989, 26724660, 401719682, 489230763, 462821411, 576811218, 155680535, 458637425, 412255781, 547937212]","[618, 2377, 72, 72, 279, 72, 72, 1032, 786, 924]"
373,100,"[6, 32, 109, 112, 175, 211, 240, 275, 344, 382, 446, 470, 528, 558, 711, 734, 821, 846, 884, 885, 941, 1010, 1064, 1091, 1092, 1106, 1143, 1157, 1178, 1202, 1225, 1262, 1292, 1297, 1326, 1429, 1601, 1618, 1667, 1686, 1696, 1762, 1763, 1812, 1839, 1966, 1985, 2027, 2039, 2041, 2189, 2271, 2301, 2325, 2421]",55,1.4446852542459965,0.15315438760444522,0.07549469247037037,"[66945228, 164493174, 465968946, 300146070, 360026906, 465968945, 300321682, 229418332, 164493173, 444098041]","[2271, 884, 2271, 1202, 2271, 2271, 884, 2271, 2271, 2271]"
374,100,"[10, 56, 63, 84, 131, 164, 175, 230, 588, 595, 682, 712, 758, 814, 828, 892, 933, 973, 1091, 1156, 1167, 1202, 1219, 1249, 1262, 1285, 1291, 1305, 1329, 1425, 1427, 1456, 1465, 1536, 1544, 1598, 1645, 1723, 1769, 1783, 1844, 2052, 2082, 2247, 2412, 2447]",46,1.295287938322872,0.11103049106895924,0.059983339621280524,"[79589330, 79534942, 27694960, 239266185, 474215774, 79534940, 233569263, 188660258, 79589341, 558861992]","[1598, 1598, 973, 1598, 1598, 1598, 2052, 1598, 2052, 1598]"
375,100,"[5, 63, 129, 175, 201, 382, 484, 544, 682, 746, 834, 892, 908, 917, 968, 979, 1025, 1053, 1130, 1194, 1226, 1530, 1552, 1568, 1600, 1644, 1691, 1698, 1730, 1783, 1812, 1886, 1916, 1933, 2038, 2082, 2140, 2378, 2387]",39,1.3994991113431752,0.12648585066199303,0.08657382253724603,"[134388981, 413546328, 65981923, 545448893, 245501608, 28665082, 542001850, 117736302, 341926663, 585481006]","[201, 1812, 1053, 1812, 834, 382, 5, 682, 908, 1812]"
376,100,"[112, 211, 241, 252, 262, 275, 278, 353, 382, 431, 513, 528, 533, 560, 612, 678, 691, 692, 734, 743, 821, 839, 931, 980, 1022, 1031, 1064, 1106, 1129, 1145, 1202, 1225, 1262, 1283, 1319, 1322, 1338, 1355, 1403, 1489, 1505, 1515, 1540, 1568, 1573, 1608, 1649, 1650, 1677, 1967, 2024, 2085, 2111, 2125, 2207, 2271, 2311, 2421]",58,1.9965806105174124,0.17058796295896173,0.0869231579086647,"[355012035, 430108804, 430108798, 549658907, 397402306, 44699920, 44818539, 44759941, 464372173, 584967995]","[1403, 980, 1403, 2085, 1403, 980, 1403, 1403, 691, 2024]"
377,100,"[14, 68, 107, 118, 159, 174, 192, 255, 263, 396, 431, 459, 468, 549, 630, 645, 647, 686, 734, 744, 761, 871, 902, 1063, 1129, 1179, 1224, 1276, 1326, 1401, 1498, 1506, 1511, 1600, 1602, 1631, 1686, 1705, 1954, 1961, 2015, 2029, 2065, 2071, 2078, 2103, 2166, 2206, 2208, 2221, 2325, 2437]",52,1.5290802074596286,0.12900003558024764,0.06375391768793073,"[56178028, 83860641, 310057238, 36342745, 505853689, 308122527, 495216563, 212178667, 100307694, 308340879]","[2206, 107, 107, 107, 107, 2206, 107, 14, 1063, 549]"
378,100,"[36, 201, 275, 337, 409, 484, 533, 544, 642, 651, 765, 777, 834, 908, 979, 1010, 1053, 1130, 1145, 1226, 1327, 1515, 1552, 1749, 1768, 1908, 1915, 1943, 2070, 2102, 2378]",31,1.125124464277178,0.09707817528396845,0.10630287568745835,"[300327905, 341826571, 342019526, 543287896, 273445499, 294973938, 353521206, 353521205, 369165837, 53559895]","[1943, 651, 1943, 1552, 1943, 1552, 1552, 1943, 1552, 651]"
379,100,"[47, 174, 211, 278, 346, 353, 378, 413, 419, 444, 477, 619, 639, 644, 692, 727, 743, 871, 1106, 1202, 1224, 1245, 1310, 1338, 1355, 1376, 1414, 1444, 1573, 1691, 1728, 1821, 1878, 1970, 2103, 2125, 2206, 2271, 2354]",39,1.1894638142548501,0.10246510989964008,0.07041346728324126,"[12089838, 409308153, 279173090, 200819316, 510955809, 18158405, 409344194, 18099339, 409553179, 205849980]","[1414, 1310, 477, 1310, 477, 346, 1310, 1414, 1310, 1414]"
380,100,"[68, 112, 307, 373, 428, 446, 543, 562, 590, 711, 758, 973, 1019, 1039, 1194, 1470, 1480, 1505, 1536, 1545, 1582, 1598, 1618, 1645, 1701, 1808, 1836, 2052, 2141, 2156, 2208, 2239, 2246]",33,0.9425133452750742,0.08404650446027517,0.0702152117508266,"[304497584, 17612596, 40392331, 458293671, 219542869, 489730225, 435728385, 489018548, 583709029, 292070009]","[973, 2052, 973, 973, 973, 1545, 2246, 973, 1598, 1545]"
381,100,"[6, 10, 26, 29, 39, 61, 70, 72, 112, 164, 250, 262, 382, 404, 407, 428, 521, 550, 618, 678, 737, 746, 786, 821, 852, 892, 901, 917, 1010, 1025, 1044, 1099, 1106, 1143, 1297, 1331, 1360, 1397, 1450, 1492, 1559, 1649, 1665, 1671, 1691, 1744, 1749, 1922, 2004, 2029, 2053, 2083, 2105, 2124, 2130, 2175, 2209, 2257, 2270, 2279, 2301, 2377, 2421]",63,2.324831291567534,0.20382195804268122,0.09925605073600771,"[424030314, 227089945, 346197319, 321860061, 474407507, 86367605, 503805396, 355528961, 223543858, 161567707]","[2175, 2175, 2175, 2175, 2175, 1744, 2175, 2175, 2175, 1744]"
382,100,"[39, 96, 111, 112, 194, 201, 213, 258, 293, 323, 382, 443, 446, 484, 564, 602, 618, 758, 777, 786, 846, 852, 915, 979, 1004, 1053, 1068, 1124, 1130, 1145, 1150, 1157, 1169, 1265, 1346, 1353, 1450, 1499, 1505, 1530, 1552, 1559, 1608, 1618, 1649, 1742, 1807, 1872, 1916, 2006, 2053, 2095, 2102, 2253, 2264, 2273, 2298, 2302, 2343, 2378]",60,2.2509178845211864,0.21747731743380427,0.12075826755026356,"[237070538, 124012280, 465859512, 383570211, 570915567, 125834934, 417013043, 216536288, 367520154, 105219740]","[1150, 443, 258, 258, 111, 258, 1916, 1916, 777, 1916]"
383,100,"[10, 26, 109, 112, 199, 262, 295, 352, 528, 550, 560, 564, 571, 657, 670, 673, 734, 737, 746, 786, 821, 828, 834, 846, 880, 892, 917, 1022, 1092, 1106, 1143, 1167, 1202, 1218, 1225, 1262, 1419, 1450, 1481, 1505, 1559, 1608, 1649, 1677, 1692, 1700, 1708, 1749, 1809, 1872, 1950, 1996, 2000, 2011, 2102, 2175, 2264, 2273, 2301, 2311, 2421]",61,2.192573376465589,0.20766437845304608,0.09951719184421369,"[428836726, 153251771, 362624711, 529137040, 173223910, 446946485, 374561262, 473620036, 77100495, 240318630]","[352, 1950, 352, 1218, 352, 1419, 199, 2421, 199, 199]"
384,100,"[57, 118, 196, 340, 528, 639, 691, 743, 956, 1080, 1119, 1129, 1196, 1224, 1245, 1273, 1495, 1573, 1608, 1650, 1675, 1728, 1738, 1806, 2071, 2085, 2098, 2148, 2166, 2206, 2437]",31,0.9681964619085193,0.09180077770724893,0.07738953353386492,"[329782683, 116156864, 94138854, 144925963, 115939265, 382332341, 586296893, 276716142, 410430661, 439824435]","[57, 57, 57, 1224, 57, 1224, 57, 57, 1738, 57]"
385,100,"[222, 325, 422, 468, 528, 564, 591, 607, 647, 669, 673, 743, 766, 892, 917, 1026, 1042, 1092, 1106, 1129, 1146, 1169, 1196, 1226, 1273, 1369, 1450, 1489, 1495, 1528, 1573, 1618, 1650, 1669, 1738, 1791, 1806, 1825, 1839, 1895, 2071, 2098, 2148, 2437]",44,1.436194695532322,0.12790281884372234,0.0744188870462081,"[153416261, 267733351, 182528717, 153235230, 366128040, 101839990, 469428921, 153255604, 590517362, 424861807]","[1129, 1129, 1129, 1129, 1129, 1129, 1129, 1129, 1129, 1129]"
386,100,"[5, 52, 159, 174, 175, 255, 263, 283, 338, 407, 413, 548, 557, 618, 619, 663, 683, 751, 804, 917, 1066, 1081, 1179, 1258, 1262, 1276, 1296, 1360, 1429, 1434, 1506, 1511, 1514, 1600, 1644, 1660, 1686, 1705, 1729, 1730, 1852, 1926, 1954, 2015, 2029, 2065, 2088, 2097, 2103, 2279, 2318, 2337, 2387, 2431, 2447]",55,1.5193342445418239,0.14724917523562908,0.06957030805166473,"[390481342, 143710637, 487570025, 141191209, 101339458, 258284679, 310509952, 510506717, 526569700, 499349427]","[2097, 1506, 255, 255, 2097, 2065, 1506, 2065, 255, 1258]"
387,100,"[57, 222, 278, 346, 353, 519, 528, 612, 639, 691, 692, 710, 743, 926, 1080, 1106, 1129, 1214, 1224, 1245, 1273, 1293, 1414, 1468, 1505, 1537, 1573, 1650, 1728, 1738, 2085, 2103, 2206, 2232, 2271]",35,1.1487030908465385,0.09323006076738238,0.07579544277063438,"[518043865, 232349010, 598859102, 365583741, 192108533, 271493485, 202937140, 155960153, 257927566, 479160814]","[1728, 639, 639, 2271, 639, 639, 1080, 639, 1414, 743]"
388,100,"[6, 112, 127, 159, 196, 241, 255, 263, 275, 288, 315, 340, 364, 382, 422, 431, 570, 627, 645, 669, 744, 751, 761, 825, 846, 865, 935, 950, 1063, 1116, 1181, 1258, 1262, 1296, 1360, 1410, 1425, 1495, 1506, 1509, 1514, 1515, 1586, 1608, 1611, 1618, 1631, 1660, 1682, 1686, 1705, 1713, 1730, 1769, 1794, 2065, 2097, 2118, 2177, 2253, 2271, 2273, 2419, 2421]",64,1.7887083920650184,0.17964547174051404,0.0756462595963967,"[483114413, 236407296, 195054568, 47736879, 176951052, 300515993, 180470618, 456942255, 443874132, 437918922]","[1509, 1509, 1509, 1509, 1509, 1509, 1509, 1509, 1509, 1509]"
389,100,"[5, 10, 175, 255, 279, 338, 407, 413, 564, 626, 649, 682, 704, 769, 789, 804, 828, 917, 1032, 1091, 1107, 1287, 1296, 1324, 1429, 1506, 1514, 1592, 2061, 2072, 2081, 2088, 2098, 2279, 2387, 2447]",36,0.7883430193178356,0.08022523811087012,0.05095339453934381,"[538601779, 496882961, 377914647, 119245446, 538608985, 121767006, 197017447, 538608983, 485954746, 503161128]","[5, 5, 5, 5, 5, 5, 5, 5, 5, 5]"
390,100,"[25, 57, 107, 263, 468, 528, 554, 639, 656, 669, 726, 744, 848, 1063, 1080, 1081, 1129, 1214, 1224, 1245, 1273, 1276, 1332, 1495, 1573, 1650, 1728, 1738, 1791, 1806, 1957, 2036, 2098, 2154, 2165, 2166, 2258, 2437]",38,1.0316192279569805,0.09458786249160767,0.06329634908807318,"[528194204, 220353823, 589055484, 11924552, 216833046, 7074431, 216763606, 11947346, 144938751, 12059246]","[669, 639, 1224, 1224, 1224, 1224, 57, 1224, 1224, 1224]"
391,100,"[6, 131, 164, 175, 242, 262, 442, 554, 570, 571, 600, 601, 658, 673, 682, 702, 712, 734, 743, 746, 821, 822, 846, 850, 859, 993, 1017, 1022, 1031, 1106, 1202, 1218, 1219, 1249, 1262, 1278, 1292, 1419, 1421, 1450, 1467, 1520, 1544, 1573, 1700, 1848, 1971, 1978, 1996, 2024, 2082, 2189, 2207, 2271, 2301, 2311, 2330, 2350, 2421, 2447]",60,2.0987261021509767,0.1729634590446949,0.08028045687048385,"[77610982, 91840173, 38397014, 440724473, 116093015, 63403778, 512283178, 440888346, 210618059, 102702268]","[1219, 1249, 822, 822, 570, 570, 164, 570, 570, 822]"
392,100,"[6, 10, 84, 100, 164, 175, 194, 352, 382, 550, 564, 588, 595, 674, 746, 758, 786, 821, 892, 917, 968, 1091, 1092, 1106, 1143, 1167, 1194, 1262, 1291, 1419, 1425, 1450, 1489, 1524, 1544, 1608, 1677, 1700, 1717, 1730, 1742, 1749, 1996, 2017, 2082, 2102, 2273, 2279, 2301, 2421, 2426]",51,1.696524155791849,0.17100515309721231,0.0940778304585347,"[63560910, 25678541, 63560911, 523105272, 150585862, 556048684, 227352658, 178226630, 24745301, 63546005]","[1262, 1262, 1262, 2082, 2082, 1262, 1262, 1262, 1262, 1262]"
393,100,"[86, 186, 209, 347, 362, 396, 409, 627, 646, 651, 664, 824, 880, 904, 1025, 1152, 1176, 1257, 1500, 1504, 1505, 1557, 1632, 1682, 1697, 1705, 1763, 1768, 1778, 1858, 1908, 1915, 1972, 2027, 2036, 2065, 2135, 2260, 2338, 2380]",40,1.3202284630388021,0.10081633785739541,0.07199999882141128,"[221315009, 500189727, 161643426, 452735068, 199372791, 526113540, 199372793, 526118203, 500239406, 120105951]","[409, 186, 1915, 1972, 2135, 1972, 1915, 1915, 186, 1152]"
394,100,"[39, 96, 109, 199, 234, 242, 250, 258, 378, 381, 422, 470, 512, 550, 573, 604, 659, 673, 746, 852, 917, 1027, 1183, 1218, 1286, 1556, 1573, 1686, 1692, 1694, 1732, 1744, 1809, 1836, 1922, 1996, 2027, 2095, 2124, 2175, 2214, 2226, 2425]",43,1.304232528898865,0.12924566818401217,0.08398715117513093,"[536304997, 304811753, 562827166, 379475313, 91732236, 428733981, 304545226, 89899767, 553946102, 89885435]","[1744, 1027, 1027, 1027, 1744, 1027, 1027, 1027, 1027, 1027]"
395,100,"[70, 84, 216, 263, 283, 382, 406, 431, 434, 618, 625, 751, 761, 813, 892, 928, 941, 965, 1011, 1194, 1224, 1276, 1281, 1288, 1291, 1360, 1506, 1511, 1514, 1551, 1584, 1644, 1660, 1662, 2028, 2029, 2077, 2293, 2415]",39,1.1360615659505129,0.10159595403820276,0.0674185457233435,"[206505535, 408097720, 80318860, 8975195, 184007788, 35645259, 183991249, 211297727, 48136618, 293315390]","[928, 1288, 928, 928, 928, 928, 928, 928, 928, 1288]"
396,100,"[5, 10, 26, 81, 175, 210, 240, 286, 344, 352, 368, 382, 407, 428, 443, 446, 537, 544, 550, 564, 604, 673, 737, 761, 821, 843, 892, 935, 993, 1053, 1106, 1202, 1262, 1278, 1284, 1434, 1505, 1544, 1559, 1610, 1618, 1677, 1692, 1812, 1985, 1996, 2175, 2279, 2301, 2358, 2377, 2409, 2421, 2426, 2447]",55,1.926909591536969,0.16017383942380548,0.08255662741986187,"[307202530, 589343868, 182880755, 330674736, 579415807, 289714586, 591959983, 192972135, 592052919, 37336964]","[935, 935, 935, 604, 604, 2447, 2447, 761, 761, 935]"
397,100,"[14, 47, 57, 68, 174, 237, 239, 263, 283, 359, 385, 395, 396, 431, 457, 459, 502, 557, 647, 744, 957, 1003, 1019, 1063, 1081, 1084, 1088, 1179, 1227, 1276, 1354, 1481, 1511, 1602, 1682, 1715, 1748, 1821, 1838, 1922, 2015, 2029, 2077, 2103, 2245, 2287, 2306, 2337, 2391, 2430]",50,1.5938061797060072,0.13964121229946613,0.07770296813454479,"[145714234, 55169815, 539503050, 94145145, 59835821, 85170985, 438584464, 297268490, 571193531, 562647759]","[2430, 2430, 2430, 2430, 2430, 2430, 2430, 2430, 2430, 2430]"
398,100,"[201, 373, 389, 484, 834, 979, 1053, 1159, 1192, 1496, 1530, 1618, 1698, 1780, 1880, 1886, 1912, 1916, 1933, 1946, 1965, 2038, 2076, 2095, 2175, 2183, 2333, 2378]",28,1.022453621495515,0.08869436103850603,0.09080093625068132,"[178701094, 169241695, 312892472, 203131002, 411693942, 119479044, 131983821, 144741612, 355084342, 527800121]","[2333, 484, 2333, 979, 2333, 2333, 1192, 2333, 2333, 834]"
399,100,"[20, 39, 63, 96, 164, 194, 201, 241, 250, 258, 293, 323, 381, 382, 470, 537, 673, 745, 746, 786, 846, 892, 917, 1027, 1150, 1183, 1226, 1346, 1419, 1434, 1556, 1662, 1686, 1694, 1730, 1742, 1744, 1749, 1783, 1946, 1996, 2095, 2175, 2214, 2226, 2343, 2425, 2426]",48,1.3713572639971972,0.14600561698898673,0.08213358775052863,"[569775401, 251771382, 121998018, 272889916, 509145135, 422282892, 40897021, 451592938, 280740270, 281123654]","[1694, 1694, 1694, 1694, 846, 1556, 2426, 2426, 1694, 1694]"
400,100,"[56, 84, 105, 131, 175, 197, 293, 407, 560, 625, 628, 658, 682, 699, 712, 729, 750, 775, 863, 892, 917, 1172, 1178, 1219, 1249, 1262, 1278, 1287, 1316, 1379, 1390, 1456, 1544, 1557, 1584, 1600, 1709, 1719, 1769, 1824, 1852, 1872, 2015, 2029, 2082, 2088, 2377, 2387, 2447]",49,1.280876844190061,0.11827787989750504,0.05846050663433057,"[472712101, 256119635, 131074138, 310805445, 243220401, 436231812, 229663079, 527967879, 374119799, 205923408]","[682, 682, 682, 682, 682, 682, 1600, 682, 682, 682]"
401,100,"[32, 86, 112, 267, 277, 392, 395, 396, 566, 642, 664, 729, 740, 781, 810, 897, 1025, 1139, 1145, 1178, 1257, 1262, 1331, 1391, 1415, 1505, 1539, 1552, 1557, 1565, 1633, 1641, 1647, 1686, 1729, 1763, 1768, 1861, 1872, 1908, 1911, 1955, 2027, 2124, 2359, 2385, 2400]",47,1.6692580836825073,0.14111647428944707,0.08582520583505801,"[124536510, 295204706, 571863056, 571814085, 246314100, 415120729, 159442566, 412501211, 281126567, 191635082]","[1539, 1539, 781, 781, 781, 1539, 781, 1539, 781, 781]"
402,100,"[20, 63, 70, 164, 175, 262, 268, 288, 293, 601, 674, 682, 702, 712, 746, 822, 875, 892, 917, 1031, 1219, 1249, 1360, 1419, 1425, 1456, 1467, 1469, 1505, 1514, 1520, 1544, 1584, 1600, 1611, 1644, 1660, 1730, 1783, 1794, 1848, 1996, 2024, 2028, 2029, 2082, 2102, 2247, 2301, 2447]",50,1.5438442048616707,0.14254320366308093,0.07048156378325075,"[298908210, 298794916, 416738091, 597064447, 544244507, 298912298, 298794913, 298815754, 298976203, 508976102]","[712, 712, 712, 712, 712, 712, 2082, 712, 712, 712]"
403,100,"[20, 63, 70, 84, 112, 164, 175, 241, 268, 293, 382, 571, 588, 673, 682, 712, 746, 821, 822, 892, 917, 1031, 1091, 1106, 1143, 1194, 1202, 1219, 1249, 1262, 1291, 1419, 1425, 1467, 1520, 1524, 1544, 1573, 1600, 1611, 1686, 1692, 1730, 1872, 1996, 2027, 2029, 2082, 2180, 2301, 2421]",51,1.6084200073964894,0.1503473985940218,0.0765548502323309,"[261927670, 318808977, 214501488, 4778370, 174888889, 521408726, 596202121, 220261913, 98350042, 152732378]","[682, 1419, 1611, 822, 712, 712, 1520, 2301, 1600, 1600]"
404,100,"[10, 26, 29, 201, 267, 283, 316, 523, 550, 553, 555, 618, 693, 700, 786, 815, 834, 884, 892, 901, 968, 993, 1018, 1025, 1178, 1222, 1278, 1434, 1493, 1511, 1516, 1543, 1574, 1699, 1744, 1818, 2095, 2175, 2209, 2256, 2279, 2282, 2338, 2377]",44,1.3506029951386154,0.11655796458944678,0.07063881681956859,"[97886077, 583801759, 473294217, 379341816, 454048482, 454060526, 563371271, 177085785, 351094633, 246830600]","[2282, 2282, 2282, 2282, 2282, 2282, 2282, 2282, 1222, 2282]"
405,100,"[1, 57, 63, 93, 175, 201, 273, 293, 303, 346, 353, 382, 528, 537, 543, 644, 692, 702, 761, 781, 825, 846, 867, 898, 911, 941, 1063, 1129, 1189, 1245, 1257, 1262, 1287, 1310, 1376, 1505, 1520, 1544, 1552, 1557, 1580, 1584, 1611, 1686, 1730, 1763, 1807, 1821, 1954, 2065, 2082, 2097, 2154, 2180, 2260, 2271, 2385, 2447]",58,1.7790468400344253,0.15795890986919403,0.06745966661978385,"[405627185, 484727722, 550324246, 57846362, 413149586, 552689637, 218422746, 517036859, 19245188, 419462750]","[1287, 1287, 1821, 1287, 1287, 1189, 1287, 1287, 1611, 1287]"
406,100,"[10, 25, 63, 84, 174, 175, 273, 278, 303, 338, 566, 595, 602, 625, 682, 744, 758, 761, 813, 892, 961, 1032, 1081, 1194, 1281, 1288, 1291, 1296, 1329, 1506, 1514, 1610, 1618, 1645, 1730, 1821, 2029, 2072, 2081, 2082, 2140, 2156, 2171, 2180, 2258, 2279, 2325, 2440]",48,1.7440340220928192,0.144168583676219,0.0823781848642587,"[150222919, 371593979, 150222911, 351926731, 190314871, 484440631, 158620640, 150222912, 287430052, 308812346]","[2258, 2258, 2258, 84, 2258, 813, 2258, 84, 84, 2258]"
407,100,"[6, 10, 175, 194, 352, 382, 459, 528, 537, 550, 564, 670, 673, 737, 746, 786, 821, 892, 917, 968, 1092, 1106, 1129, 1143, 1167, 1202, 1226, 1262, 1419, 1429, 1450, 1481, 1495, 1524, 1608, 1686, 1692, 1700, 1730, 1809, 1812, 1825, 1839, 1996, 2071, 2098, 2175, 2264, 2279, 2301, 2421, 2426]",52,1.6323407753370702,0.1570774456486106,0.07962771531086989,"[108058360, 103119539, 344481742, 5090347, 126781683, 18353541, 173171432, 469461102, 142338895, 535239572]","[917, 1419, 1812, 917, 1809, 1262, 1524, 917, 2426, 1202]"
408,100,"[112, 194, 196, 227, 340, 382, 446, 459, 554, 558, 586, 672, 678, 729, 766, 772, 810, 824, 825, 846, 876, 884, 885, 926, 977, 1010, 1078, 1092, 1106, 1145, 1157, 1169, 1181, 1186, 1187, 1257, 1262, 1296, 1353, 1355, 1356, 1392, 1415, 1489, 1495, 1546, 1552, 1557, 1558, 1686, 1696, 1726, 1738, 1786, 1801, 1822, 2000, 2027, 2041, 2057, 2083, 2102, 2154, 2216, 2329, 2421]",66,2.038414803799242,0.20635180082172155,0.08966813427325564,"[585436888, 543246526, 169884658, 521940133, 533729561, 69224251, 77200660, 565442186, 565084974, 577749165]","[2154, 382, 1557, 1822, 1415, 1822, 1557, 825, 2102, 1078]"
409,100,"[10, 26, 40, 68, 70, 84, 164, 175, 255, 262, 283, 316, 382, 424, 442, 523, 550, 588, 625, 636, 693, 729, 786, 815, 821, 876, 884, 892, 898, 1018, 1059, 1178, 1179, 1262, 1296, 1305, 1341, 1478, 1505, 1516, 1544, 1551, 1565, 1618, 1638, 1641, 1692, 1696, 1699, 1723, 1729, 1730, 1765, 1836, 1990, 2003, 2029, 2097, 2141, 2210, 2256, 2279, 2282, 2311, 2379, 2421, 2447]",67,2.0977152162231505,0.17449498735368252,0.07140864752955846,"[414719453, 295325048, 192003580, 478080813, 96343823, 450529364, 311792907, 190577166, 484890846, 258060263]","[884, 26, 164, 523, 884, 1692, 1696, 255, 815, 786]"
410,100,"[19, 21, 72, 86, 112, 122, 131, 161, 262, 302, 424, 477, 540, 554, 560, 586, 621, 678, 692, 783, 814, 949, 977, 987, 1010, 1012, 1017, 1031, 1072, 1090, 1100, 1106, 1172, 1187, 1249, 1297, 1331, 1356, 1392, 1518, 1566, 1745, 2000, 2083, 2093, 2124, 2155, 2191, 2389]",49,1.5096430024132133,0.14338855212554336,0.09069337813677836,"[517576628, 64814605, 517576629, 517524722, 41558682, 337244320, 193872855, 517576630, 201440502, 154912482]","[2083, 2083, 2083, 2083, 1745, 2083, 2083, 2083, 2083, 1518]"
411,100,"[36, 112, 201, 275, 337, 382, 533, 543, 544, 564, 740, 777, 834, 846, 907, 908, 979, 1010, 1025, 1053, 1130, 1145, 1226, 1327, 1331, 1349, 1392, 1415, 1492, 1505, 1552, 1686, 1749, 1768, 1782, 1916, 2070, 2102, 2130, 2378, 2389]",41,1.5189392333850265,0.1428714906796813,0.12089194128539686,"[262220611, 297057802, 15027899, 578682394, 250298433, 67765886, 507953064, 227011375, 179081506, 5802902]","[1010, 1053, 1552, 1145, 1145, 1145, 1145, 1145, 1552, 544]"
412,100,"[40, 109, 200, 227, 241, 255, 263, 267, 397, 428, 440, 442, 550, 627, 645, 647, 651, 673, 747, 892, 924, 1025, 1026, 1096, 1116, 1125, 1129, 1176, 1178, 1179, 1218, 1262, 1278, 1296, 1410, 1478, 1505, 1633, 1644, 1682, 1692, 1697, 1705, 1744, 1988, 1990, 2226, 2273, 2311, 2362, 2377, 2421]",52,1.6351875052787364,0.13063111482188106,0.06964330358627754,"[122123242, 56124422, 583483191, 557347182, 584562653, 154005246, 32377145, 1077062, 17342547, 542098962]","[442, 442, 442, 442, 442, 442, 442, 442, 442, 442]"
413,100,"[20, 63, 68, 70, 84, 96, 112, 164, 192, 211, 241, 250, 258, 263, 267, 268, 316, 382, 446, 543, 595, 602, 674, 746, 758, 781, 908, 915, 941, 968, 1025, 1085, 1099, 1150, 1178, 1194, 1276, 1332, 1516, 1551, 1556, 1565, 1580, 1618, 1641, 1645, 1686, 1694, 1744, 1746, 1783, 1872, 1890, 1933, 1990, 2017, 2029, 2095, 2156, 2194, 2378, 2400]",62,1.8214736473746598,0.17933519883081317,0.07768302582084172,"[357060457, 322710338, 322710337, 322710341, 364486474, 90927391, 144668274, 394886739, 320173452, 416697767]","[20, 1746, 1516, 1641, 1516, 1641, 382, 258, 1641, 1516]"
414,100,"[10, 51, 72, 194, 267, 279, 280, 286, 305, 602, 618, 678, 682, 747, 892, 898, 917, 968, 1017, 1032, 1099, 1103, 1360, 1403, 1514, 1660, 1729, 1730, 1744, 1955, 2029, 2072, 2119, 2279, 2377, 2387, 2440]",37,1.372762095183134,0.12041040603071451,0.0990768348974352,"[373735043, 373577252, 373735037, 373577246, 373735032, 161564275, 451554459, 373577251, 373577253, 395935600]","[10, 10, 10, 10, 10, 10, 72, 72, 747, 279]"
415,100,"[39, 100, 109, 164, 168, 194, 227, 240, 241, 263, 352, 381, 382, 397, 412, 422, 454, 468, 503, 560, 670, 746, 777, 846, 933, 1106, 1124, 1145, 1169, 1179, 1226, 1239, 1262, 1296, 1341, 1419, 1425, 1495, 1499, 1524, 1532, 1686, 1696, 1809, 1860, 1872, 1954, 1988, 1990, 2027, 2137, 2154, 2188, 2273, 2421]",55,1.7630192530341446,0.16928686713799834,0.09048240626315501,"[222743300, 526875218, 26571077, 51606008, 256299, 229908291, 187279006, 29950755, 573959948, 388904014]","[1239, 1239, 1239, 1239, 1239, 1239, 1239, 1239, 1809, 1239]"
416,100,"[5, 109, 175, 211, 227, 240, 255, 301, 315, 325, 459, 468, 528, 591, 604, 627, 645, 651, 673, 821, 1092, 1106, 1116, 1125, 1129, 1143, 1167, 1196, 1202, 1218, 1262, 1308, 1478, 1495, 1544, 1644, 1677, 1682, 1738, 1812, 1825, 1902, 2098, 2301, 2409, 2421, 2437]",47,1.3731597024016082,0.1285443902015686,0.07292340478879657,"[470108319, 187476453, 551649071, 184621484, 352144327, 410316380, 471364122, 420011298, 274522518, 590226482]","[627, 627, 315, 627, 627, 627, 627, 627, 315, 627]"
417,100,"[186, 209, 275, 362, 409, 627, 645, 651, 664, 734, 824, 880, 1029, 1125, 1176, 1257, 1283, 1462, 1469, 1478, 1505, 1515, 1682, 1697, 1705, 1763, 1915, 1961, 1972, 2065, 2135, 2260, 2338, 2380, 2409]",35,1.253129136748612,0.09373595006763935,0.07724418067373336,"[91742405, 141160630, 372893354, 527014441, 335349252, 184214797, 372910013, 372715502, 571732185, 422614519]","[1915, 1915, 1915, 1915, 1915, 1915, 1915, 1915, 1915, 1915]"
418,100,"[267, 275, 396, 431, 442, 645, 651, 664, 825, 888, 900, 1037, 1116, 1125, 1176, 1396, 1505, 1515, 1666, 1682, 1697, 1705, 1915, 2065, 2260, 2362]",26,0.8277411116287112,0.06686124484986067,0.06644720146253419,"[290312855, 116276053, 235542195, 470314327, 564320836, 589267683, 335205476, 544729345, 29510027, 5637958]","[1697, 1697, 1176, 1697, 1697, 2065, 1037, 2065, 1697, 2065]"
419,100,"[6, 105, 112, 131, 161, 164, 262, 278, 554, 560, 571, 601, 657, 673, 682, 692, 702, 712, 734, 822, 875, 1017, 1031, 1106, 1143, 1219, 1249, 1327, 1330, 1360, 1419, 1456, 1467, 1469, 1505, 1520, 1544, 1573, 1580, 1584, 1677, 1848, 1872, 1978, 2024, 2031, 2083, 2102, 2301, 2415, 2421]",51,1.831223423127085,0.17278378549963236,0.09843409703770543,"[441789470, 293909992, 23954440, 77828849, 251174153, 257403790, 308309764, 253484640, 523674958, 441789486]","[2024, 822, 822, 822, 822, 822, 601, 822, 822, 2024]"
420,100,"[20, 63, 68, 125, 164, 211, 263, 267, 278, 293, 316, 382, 446, 604, 674, 682, 729, 746, 758, 772, 791, 908, 968, 973, 1018, 1150, 1418, 1419, 1516, 1536, 1545, 1551, 1565, 1618, 1686, 1689, 1707, 1723, 1749, 1807, 1848, 2140, 2194, 2333, 2343, 2400, 2426]",47,1.492643509991467,0.13490844890475273,0.07717334303232108,"[355486941, 318333310, 398291135, 285141226, 344404566, 355486940, 444205536, 285141225, 100064731, 134128179]","[1807, 267, 316, 772, 1807, 1807, 1807, 772, 772, 772]"
421,100,"[6, 10, 39, 49, 72, 86, 100, 112, 164, 194, 262, 344, 352, 381, 397, 422, 521, 544, 550, 560, 604, 673, 678, 737, 746, 786, 846, 852, 892, 917, 931, 1010, 1099, 1106, 1202, 1218, 1226, 1262, 1346, 1419, 1481, 1559, 1573, 1677, 1686, 1691, 1692, 1700, 1744, 1749, 1809, 1812, 1860, 1996, 2124, 2130, 2175, 2253, 2264, 2270, 2279, 2298, 2301, 2321, 2409, 2421, 2426]",67,2.451613850425929,0.23086262121796608,0.10623053862685476,"[272994238, 545800074, 557086401, 53513120, 217202170, 51922869, 290663967, 507281989, 310697913, 197622387]","[1996, 678, 49, 1996, 1996, 6, 352, 352, 673, 1809]"
422,100,"[39, 57, 96, 109, 112, 250, 258, 352, 353, 368, 382, 422, 446, 470, 528, 550, 573, 604, 673, 678, 743, 745, 746, 846, 852, 1027, 1106, 1129, 1143, 1183, 1218, 1355, 1450, 1495, 1528, 1556, 1568, 1573, 1602, 1618, 1650, 1675, 1677, 1700, 1744, 1772, 1872, 1978, 1985, 2125, 2207, 2214, 2226, 2253, 2270, 2271, 2421]",57,1.9570950963534415,0.1920273182913661,0.09816674830947529,"[519622179, 221771305, 227396417, 78170859, 449199702, 227396424, 332673539, 316499514, 398689986, 520719918]","[743, 1573, 1573, 1027, 1573, 1573, 1744, 2271, 1573, 1573]"
423,100,"[40, 112, 122, 163, 275, 344, 381, 397, 432, 446, 484, 560, 642, 678, 746, 786, 836, 846, 852, 884, 979, 1010, 1027, 1145, 1157, 1178, 1202, 1272, 1392, 1505, 1530, 1552, 1618, 1641, 1692, 1696, 1742, 1744, 1801, 1836, 1860, 2027, 2124, 2210, 2214, 2226, 2302, 2311, 2321, 2389, 2421, 2425]",52,1.5304368841461837,0.18593477737158537,0.10919542127521709,"[41331909, 142599350, 177114757, 102007025, 316537661, 539793931, 247373154, 29082008, 305851356, 560042636]","[1692, 2321, 884, 163, 163, 2214, 163, 560, 163, 2321]"
424,100,"[20, 39, 96, 164, 250, 258, 352, 368, 381, 382, 422, 446, 470, 484, 550, 556, 604, 673, 746, 852, 1027, 1183, 1262, 1346, 1556, 1618, 1694, 1744, 1772, 1803, 1809, 1835, 1836, 1996, 2095, 2175, 2214, 2226, 2273, 2425, 2426]",41,1.2949942760169506,0.12970446096733212,0.08819590403880107,"[557878433, 210879324, 51417397, 113899481, 218572965, 220056791, 454824459, 162655892, 278728764, 222990388]","[250, 1744, 2426, 2426, 2426, 2426, 1346, 2426, 1744, 2426]"
425,100,"[1, 80, 112, 186, 196, 227, 252, 283, 301, 340, 352, 385, 413, 459, 564, 664, 672, 686, 734, 772, 824, 846, 941, 1019, 1093, 1169, 1186, 1262, 1408, 1415, 1450, 1495, 1557, 1602, 1608, 1686, 1693, 1696, 1763, 1830, 1839, 2027, 2039, 2102, 2154, 2421]",46,1.7041638675145805,0.14932211255654693,0.09577951173338553,"[69022335, 199616068, 251105507, 142075410, 373960657, 523457820, 598807271, 392358263, 346457589, 189098516]","[686, 1186, 772, 1186, 2154, 686, 686, 301, 686, 686]"
426,100,"[1, 301, 315, 340, 352, 443, 468, 528, 564, 571, 627, 692, 743, 828, 1024, 1091, 1092, 1106, 1143, 1167, 1196, 1262, 1292, 1293, 1312, 1419, 1450, 1489, 1495, 1544, 1558, 1608, 1669, 1679, 1717, 1825, 1839, 1902, 1920, 1996, 2082, 2102, 2273, 2301, 2421]",45,1.3920693802647293,0.14242698112502694,0.0838057507088201,"[185679644, 258644311, 369713830, 202801575, 256300972, 236429858, 461860680, 280506815, 467833590, 343724129]","[1167, 1167, 1167, 1167, 1167, 1167, 1167, 1167, 1167, 1167]"
427,100,"[67, 185, 241, 278, 331, 353, 359, 374, 385, 443, 454, 537, 669, 692, 744, 825, 850, 876, 912, 957, 1019, 1129, 1214, 1245, 1355, 1360, 1369, 1444, 1505, 1537, 1586, 1608, 1649, 1715, 1981, 1996, 2079, 2097, 2271, 2287, 2354]",41,1.326949545647949,0.10293851746246219,0.06982177558991058,"[37526005, 588402422, 418645657, 33417771, 593046928, 393734360, 567324398, 387987088, 574932039, 470383145]","[185, 185, 185, 185, 744, 185, 185, 185, 185, 185]"
428,100,"[109, 174, 199, 227, 241, 258, 263, 368, 381, 397, 422, 459, 468, 512, 523, 560, 645, 734, 744, 824, 1063, 1099, 1143, 1169, 1176, 1179, 1218, 1226, 1262, 1286, 1296, 1391, 1415, 1478, 1506, 1565, 1604, 1631, 1682, 1686, 1696, 1697, 1705, 1763, 1836, 1954, 1961, 1988, 2015, 2027, 2029, 2065, 2125, 2273, 2362, 2421]",56,1.9160925871692598,0.16905099246650934,0.08679168976959772,"[47765917, 315588710, 81327474, 595972156, 106352467, 106352466, 233810974, 144388658, 233799325, 328979558]","[422, 1286, 1286, 422, 1286, 1286, 2027, 422, 2027, 1286]"
429,100,"[14, 47, 57, 107, 174, 263, 315, 382, 459, 468, 528, 550, 630, 744, 821, 848, 871, 902, 1129, 1196, 1224, 1273, 1276, 1395, 1494, 1495, 1498, 1511, 1557, 1650, 1662, 1675, 1738, 1757, 1806, 1985, 2071, 2098, 2125, 2325]",40,1.0942827914841473,0.09815702773630619,0.06128280463744886,"[418468133, 431002794, 288071214, 228977595, 266964121, 170991222, 227073636, 348273107, 202365462, 456972715]","[1806, 1806, 1806, 1806, 1806, 1806, 1806, 1806, 1806, 1806]"
430,100,"[68, 86, 112, 170, 227, 267, 275, 283, 302, 316, 382, 409, 454, 523, 543, 553, 625, 642, 651, 678, 700, 729, 734, 758, 791, 815, 856, 863, 884, 887, 908, 977, 1018, 1031, 1116, 1178, 1222, 1257, 1305, 1353, 1379, 1415, 1501, 1505, 1515, 1551, 1565, 1618, 1632, 1638, 1686, 1707, 1762, 1768, 1987, 2033, 2052, 2253, 2282, 2385]",60,1.9464018023572862,0.17218755837529898,0.07755846485185126,"[314175095, 222956702, 212190984, 4437641, 203025699, 370061134, 202286739, 140838976, 540336597, 544638549]","[1515, 1515, 1565, 1565, 275, 553, 1565, 1515, 651, 1515]"
431,100,"[25, 109, 210, 368, 459, 484, 524, 528, 544, 550, 591, 604, 627, 647, 658, 673, 711, 734, 746, 821, 852, 892, 1025, 1026, 1052, 1092, 1106, 1165, 1198, 1218, 1225, 1262, 1284, 1326, 1481, 1505, 1544, 1631, 1677, 1686, 1692, 1705, 1895, 1950, 1985, 1996, 2270, 2279, 2311, 2409, 2421]",51,1.5910876761190593,0.13782359939068556,0.07181780604992573,"[118055614, 385448499, 367743840, 353868886, 163478788, 552004808, 27643132, 54062828, 470920514, 335305976]","[647, 1895, 1198, 1198, 1950, 647, 1895, 1895, 1895, 1198]"
432,100,"[10, 26, 97, 109, 174, 186, 280, 619, 645, 663, 686, 755, 824, 880, 917, 1032, 1081, 1099, 1113, 1176, 1179, 1186, 1303, 1324, 1332, 1391, 1408, 1410, 1532, 1696, 1697, 1729, 1769, 1865, 1911, 1926, 1954, 1961, 2027, 2065, 2081, 2088, 2154, 2188, 2279, 2338]",46,1.647530856076628,0.11948032304644585,0.08074509708777718,"[113432794, 113395491, 51649213, 106911166, 374727675, 207011379, 398082577, 479658484, 191995177, 67339571]","[1532, 1532, 1532, 2188, 1532, 1532, 1532, 1532, 1532, 1532]"
433,100,"[10, 59, 68, 112, 164, 175, 192, 241, 262, 263, 267, 283, 285, 316, 382, 396, 442, 484, 487, 543, 602, 618, 673, 678, 682, 693, 729, 746, 769, 786, 791, 846, 863, 892, 898, 901, 917, 924, 968, 1025, 1068, 1099, 1176, 1178, 1194, 1278, 1516, 1552, 1600, 1608, 1618, 1641, 1691, 1692, 1744, 1746, 1852, 1922, 2015, 2029, 2156, 2214, 2279, 2377, 2421]",65,2.167252668645233,0.19392956607043743,0.08112616219844382,"[183387762, 533916397, 520752570, 434999243, 520754677, 573990019, 179571608, 154979126, 165863631, 153226511]","[1178, 2156, 263, 316, 263, 1178, 316, 1178, 1516, 1178]"
434,100,"[6, 112, 211, 262, 283, 382, 413, 431, 459, 672, 686, 754, 772, 824, 846, 941, 1093, 1186, 1257, 1262, 1284, 1408, 1415, 1499, 1557, 1601, 1602, 1667, 1686, 1696, 1763, 1812, 1872, 2039, 2154, 2174, 2271, 2325]",38,1.353313151281327,0.11673989659175277,0.09219296170570153,"[225652102, 458691173, 565971705, 490241250, 352274841, 312158489, 5649969, 5649968, 429115328, 359674580]","[1186, 1186, 1186, 1186, 6, 1186, 1186, 1186, 1186, 1186]"
435,100,"[20, 70, 89, 164, 201, 258, 293, 323, 373, 382, 484, 537, 544, 550, 745, 746, 786, 834, 846, 892, 908, 979, 1053, 1130, 1150, 1249, 1291, 1434, 1496, 1499, 1530, 1551, 1573, 1686, 1694, 1698, 1783, 1886, 1933, 1946, 2102, 2140, 2174, 2175, 2194, 2256, 2333, 2343, 2378, 2426]",50,1.6414220007136464,0.16071649733930826,0.09087542640045285,"[255794082, 506850432, 302766216, 181557532, 159361284, 381165460, 211598789, 94748954, 534816421, 351850430]","[1946, 1886, 1886, 484, 1886, 1886, 1886, 1886, 1886, 1886]"
436,100,"[1, 57, 112, 174, 175, 211, 252, 283, 382, 428, 602, 686, 711, 734, 772, 824, 846, 941, 1063, 1092, 1106, 1113, 1169, 1178, 1186, 1194, 1203, 1257, 1262, 1326, 1355, 1408, 1429, 1557, 1602, 1608, 1618, 1686, 1696, 1763, 1812, 1926, 1954, 1995, 2039, 2097, 2134, 2154, 2271, 2279, 2325]",51,1.7467208220623434,0.1450913385488093,0.08533483336898773,"[541106747, 20069172, 78858363, 12691829, 548304356, 140863450, 437127887, 508225490, 25388469, 33532261]","[1186, 2154, 2154, 2154, 2039, 2154, 2039, 2154, 2154, 2154]"
437,100,"[10, 39, 96, 112, 164, 241, 250, 382, 484, 523, 537, 550, 560, 602, 672, 673, 678, 729, 745, 746, 786, 821, 852, 876, 892, 901, 915, 968, 1025, 1027, 1044, 1068, 1178, 1194, 1249, 1303, 1346, 1360, 1434, 1505, 1602, 1618, 1641, 1662, 1692, 1694, 1700, 1744, 1780, 2029, 2083, 2194, 2214, 2216, 2257, 2279, 2377, 2425]",58,1.9500767579302192,0.18140266556292772,0.08989384233678595,"[433340456, 57161118, 319813207, 454507049, 160165905, 574643368, 190784435, 26448373, 28063477, 80740447]","[1744, 1694, 382, 678, 678, 382, 1602, 1744, 382, 382]"
438,100,"[14, 85, 174, 175, 194, 201, 255, 315, 352, 382, 422, 446, 470, 528, 544, 550, 564, 602, 673, 746, 777, 892, 908, 917, 1053, 1092, 1106, 1130, 1165, 1226, 1251, 1262, 1346, 1425, 1495, 1498, 1552, 1602, 1618, 1667, 1686, 1812, 1839, 2015, 2071, 2095, 2125, 2273, 2421, 2426, 2437]",51,1.7346736304461956,0.15008457517251372,0.09093459277852055,"[497945962, 49283079, 456559930, 35898600, 222478441, 314820472, 78071073, 301223922, 297436434, 536520740]","[544, 544, 1165, 382, 2426, 1498, 1165, 1165, 1165, 1165]"
439,100,"[168, 196, 271, 301, 340, 528, 564, 642, 766, 905, 1078, 1092, 1167, 1173, 1196, 1292, 1489, 1495, 1608, 1717, 1839, 1854, 2098]",23,0.5079882265999913,0.07065492682158947,0.07295064606865787,"[470639103, 360036417, 518436832, 542847765, 87730836, 116076904, 188731557, 591238378, 310170954, 100259567]","[1078, 766, 766, 1078, 766, 1078, 1078, 2098, 766, 766]"
440,100,"[26, 96, 112, 234, 250, 258, 260, 267, 307, 323, 402, 523, 533, 555, 700, 769, 887, 901, 921, 968, 980, 1027, 1099, 1123, 1183, 1286, 1322, 1404, 1458, 1470, 1556, 1582, 1665, 1671, 1701, 1774, 1780, 1800, 1852, 1859, 1916, 1964, 2044, 2128, 2141, 2156, 2194, 2346]",48,1.3892707475461066,0.13030423549935222,0.08003182920704906,"[446034911, 326555173, 257020445, 559349650, 494942197, 202266373, 136800017, 436795706, 520067260, 118376918]","[1859, 1404, 1859, 267, 2141, 1859, 1859, 1859, 1859, 1859]"
441,100,"[10, 39, 51, 72, 112, 148, 194, 381, 382, 462, 533, 566, 602, 672, 737, 754, 777, 786, 797, 846, 852, 892, 898, 901, 915, 917, 941, 1025, 1068, 1099, 1103, 1157, 1194, 1303, 1346, 1353, 1415, 1419, 1434, 1453, 1618, 1686, 1692, 1707, 1769, 1780, 1783, 1786, 1860, 1933, 2006, 2017, 2053, 2115, 2152, 2216, 2279, 2302, 2421]",59,2.1185009996406734,0.1845779111608863,0.10026195186774357,"[448390222, 448315383, 448484914, 1158459, 302650847, 448347093, 239291786, 391563024, 448315384, 29300182]","[941, 941, 941, 194, 941, 1419, 1780, 39, 941, 786]"
442,100,"[84, 126, 164, 192, 257, 268, 280, 447, 516, 566, 588, 595, 602, 625, 744, 758, 767, 811, 908, 941, 1065, 1085, 1088, 1111, 1185, 1194, 1288, 1291, 1327, 1329, 1434, 1544, 1645, 1667, 2029, 2032, 2082, 2140, 2180, 2239, 2258, 2393]",42,1.3025605510920286,0.10455257352441549,0.06572211345857275,"[283126902, 344263312, 27277348, 507585010, 483500865, 557093516, 63723385, 364272230, 125839494, 595441698]","[257, 257, 257, 257, 595, 257, 257, 257, 257, 595]"
443,100,"[6, 39, 100, 109, 112, 194, 199, 241, 267, 352, 353, 382, 422, 446, 463, 503, 537, 550, 591, 670, 673, 682, 737, 746, 786, 846, 892, 917, 932, 968, 1106, 1169, 1202, 1226, 1262, 1419, 1481, 1524, 1544, 1559, 1573, 1608, 1618, 1677, 1686, 1692, 1700, 1730, 1809, 1890, 1985, 1996, 2027, 2125, 2264, 2301, 2377, 2421]",58,1.902762574609369,0.1877544056624174,0.08908284924410541,"[520100317, 101644950, 422416103, 241747163, 519701173, 191945931, 451574719, 447356604, 327049016, 575743328]","[382, 382, 1524, 1524, 422, 1700, 746, 746, 746, 1700]"
444,100,"[63, 159, 174, 216, 237, 239, 263, 283, 359, 406, 431, 434, 487, 554, 619, 656, 744, 751, 848, 892, 928, 965, 1063, 1081, 1084, 1179, 1224, 1258, 1288, 1296, 1394, 1506, 1514, 1584, 1631, 1644, 1660, 1666, 1705, 1821, 1954, 1961, 2015, 2027, 2028, 2029, 2036, 2065, 2077, 2097, 2258, 2287, 2293, 2319, 2415]",55,1.4568038969300687,0.13967455178499222,0.06022215805185789,"[365229672, 376707067, 442989486, 582960674, 471213855, 478767602, 591578456, 161391509, 455426397, 94588812]","[1063, 1288, 434, 1288, 434, 1705, 1705, 434, 1705, 434]"
445,100,"[59, 67, 175, 210, 315, 352, 364, 368, 407, 446, 524, 537, 544, 591, 601, 627, 647, 673, 761, 864, 1178, 1202, 1262, 1278, 1284, 1326, 1467, 1469, 1509, 1600, 1610, 1812, 1841, 1856, 1895, 1985, 2015, 2176, 2177, 2255, 2271, 2279, 2330, 2358, 2409, 2437]",46,1.3284707739949226,0.11671582655981183,0.0656704384803205,"[495196780, 436086138, 469014680, 330128090, 162270075, 442489669, 526780422, 446278031, 381469699, 524971307]","[1856, 1856, 2409, 1856, 1856, 1856, 1856, 1856, 1856, 1856]"
446,100,"[109, 112, 209, 385, 396, 462, 645, 664, 734, 824, 1004, 1100, 1113, 1139, 1152, 1179, 1257, 1303, 1391, 1408, 1415, 1532, 1666, 1686, 1696, 1707, 1729, 1769, 1911, 1926, 1954, 1961, 1982, 2027, 2090, 2154, 2188, 2260, 2279]",39,1.5625510392710567,0.12200906733050942,0.10346640069754078,"[325408754, 385243883, 26490240, 583416468, 325457744, 22249358, 399794579, 446595954, 583342522, 535952032]","[1532, 1954, 1532, 1532, 1532, 1532, 1532, 1961, 1532, 1961]"
447,100,"[57, 63, 70, 105, 112, 222, 230, 241, 278, 288, 293, 303, 331, 353, 364, 382, 530, 537, 601, 702, 711, 742, 822, 846, 1031, 1106, 1150, 1169, 1189, 1245, 1249, 1266, 1353, 1379, 1397, 1444, 1456, 1505, 1520, 1544, 1568, 1573, 1580, 1584, 1618, 1649, 1728, 1848, 1872, 2024, 2172, 2189, 2206, 2208, 2271, 2287, 2297, 2343, 2354, 2415]",60,2.0864158957265317,0.1842412711121142,0.08383728985597069,"[99287103, 252822624, 147501338, 99356624, 81855859, 568486625, 299841255, 499122820, 471263154, 471080393]","[2172, 822, 822, 2287, 822, 293, 1520, 822, 822, 1728]"
448,100,"[20, 68, 84, 164, 192, 257, 263, 267, 268, 293, 316, 588, 595, 625, 674, 729, 758, 772, 813, 908, 941, 1018, 1085, 1194, 1329, 1425, 1516, 1551, 1565, 1645, 1686, 1707, 1730, 1807, 1848, 2082, 2140, 2180, 2258, 2300]",40,1.2043229439295828,0.09839661791920662,0.0628856873838231,"[318536243, 97030774, 461803644, 461433073, 318515758, 461433074, 496460057, 531572768, 38906152, 245436059]","[316, 316, 1807, 1807, 1807, 1807, 1807, 1807, 1807, 1807]"
449,100,"[19, 70, 105, 131, 230, 293, 302, 554, 560, 571, 588, 601, 674, 692, 702, 729, 740, 742, 822, 839, 926, 987, 1031, 1091, 1106, 1219, 1249, 1292, 1293, 1327, 1379, 1386, 1397, 1419, 1456, 1492, 1520, 1586, 1738, 1769, 1777, 1801, 1831, 2024, 2172, 2267, 2297, 2329, 2343]",49,1.5831067464314401,0.1403820440173149,0.08045387303228585,"[447054911, 352040292, 393972249, 267990263, 351982259, 306591891, 351268747, 51834142, 358497620, 529936702]","[1520, 1091, 293, 293, 293, 293, 702, 293, 293, 293]"
450,100,"[5, 67, 109, 175, 210, 255, 301, 344, 352, 417, 442, 444, 524, 591, 627, 645, 673, 712, 734, 746, 747, 828, 859, 892, 917, 1017, 1026, 1106, 1143, 1177, 1198, 1202, 1218, 1278, 1419, 1467, 1469, 1529, 1686, 1744, 1812, 1856, 1895, 1996, 2175, 2207, 2271, 2279, 2301, 2330, 2358, 2377, 2409, 2421, 2447]",55,1.5585764274001122,0.15163959888741374,0.07479617827656594,"[408884211, 207355559, 25671216, 440986306, 31277728, 113060893, 207533350, 113001490, 342216973, 475883545]","[1278, 1278, 1278, 417, 1278, 1278, 1278, 417, 1278, 1278]"
451,100,"[47, 68, 118, 174, 211, 322, 346, 413, 446, 562, 711, 871, 973, 1039, 1203, 1305, 1355, 1444, 1480, 1536, 1545, 1598, 1618, 1701, 1808, 1954, 1970, 2052, 2125, 2221, 2246]",31,0.9065806781873107,0.07499100873246789,0.06562022336067692,"[255457970, 11907548, 207976466, 392511486, 12021424, 339898836, 91781316, 103231276, 312109283, 241396449]","[1545, 1545, 1545, 1545, 1545, 1545, 1545, 1545, 1545, 1808]"
452,100,"[10, 12, 26, 279, 286, 298, 338, 382, 384, 407, 428, 443, 550, 566, 602, 618, 704, 786, 804, 831, 898, 901, 917, 961, 1044, 1065, 1068, 1088, 1176, 1281, 1296, 1324, 1439, 1460, 1558, 1665, 1713, 1786, 1833, 1838, 2072, 2156, 2171, 2279, 2318, 2387, 2440]",47,1.606008858885616,0.1451317179016769,0.08462887273189869,"[118267505, 532988921, 275408587, 193079880, 337381772, 299364175, 155594246, 124097705, 334004200, 536291201]","[566, 566, 566, 566, 566, 566, 566, 566, 2279, 2072]"
453,100,"[47, 68, 112, 118, 174, 211, 255, 346, 368, 378, 444, 446, 459, 484, 517, 525, 657, 734, 871, 898, 968, 1025, 1064, 1068, 1106, 1262, 1355, 1480, 1536, 1545, 1602, 1618, 1699, 1808, 2103, 2125, 2221, 2378, 2395]",39,1.1596191739663482,0.11624084832146764,0.08375999187596907,"[107429106, 589287313, 578940299, 578940300, 579236846, 121087198, 269655772, 185142961, 224310224, 301514347]","[47, 1808, 1808, 1808, 1808, 1808, 1808, 47, 1545, 1545]"
454,100,"[32, 76, 80, 105, 109, 112, 187, 244, 295, 347, 392, 421, 508, 525, 560, 645, 655, 664, 678, 692, 717, 734, 810, 821, 824, 844, 880, 1028, 1106, 1139, 1149, 1155, 1218, 1262, 1379, 1478, 1539, 1647, 1705, 1777, 1797, 1801, 1861, 1923, 1954, 1955, 1961, 1982, 2000, 2027, 2031, 2041, 2065, 2090, 2119, 2151, 2288, 2359, 2389, 2421]",60,1.9968642564490438,0.1692843083292246,0.08696428416296839,"[204763087, 349953936, 15101628, 84707877, 27236663, 418617952, 213628432, 346566205, 144087091, 154405305]","[2151, 1861, 1797, 1797, 1982, 1149, 76, 1982, 1149, 1149]"
455,100,"[10, 29, 39, 70, 72, 112, 262, 395, 404, 521, 659, 678, 747, 786, 852, 915, 931, 968, 980, 1017, 1025, 1027, 1044, 1099, 1123, 1126, 1303, 1331, 1346, 1397, 1496, 1556, 1559, 1588, 1617, 1649, 1691, 1692, 1700, 1744, 1780, 1933, 2004, 2031, 2053, 2083, 2194, 2253, 2270, 2279, 2298]",51,1.7187651148997247,0.16175573831424117,0.09600414946109202,"[387470010, 13789353, 549335784, 403406346, 487050817, 419299178, 596655532, 79066778, 534085640, 39847515]","[1027, 678, 29, 395, 404, 2031, 395, 404, 29, 29]"
456,100,"[10, 26, 112, 170, 242, 262, 325, 521, 550, 560, 571, 601, 673, 678, 692, 712, 734, 737, 821, 828, 856, 880, 892, 907, 917, 931, 980, 993, 1022, 1106, 1123, 1143, 1202, 1213, 1218, 1225, 1278, 1283, 1330, 1338, 1469, 1505, 1649, 1677, 1692, 1708, 1713, 1825, 1997, 2011, 2105, 2139, 2207, 2264, 2279, 2301, 2311, 2330, 2421]",59,1.9740937617607415,0.17371866386383772,0.08581240705640639,"[365601969, 457555715, 320656730, 139721258, 577637429, 74228742, 334013790, 457916124, 365633226, 168133418]","[1278, 601, 1213, 601, 601, 601, 601, 1649, 1330, 601]"
457,100,"[109, 240, 262, 381, 382, 645, 686, 755, 928, 1113, 1169, 1176, 1179, 1391, 1408, 1410, 1415, 1478, 1532, 1552, 1686, 1696, 1729, 1872, 1926, 1954, 1961, 1990, 1995, 2013, 2015, 2027, 2090, 2137, 2173, 2188]",36,1.0249816924333572,0.09141757851466537,0.06800598655697992,"[162471685, 136874010, 231705738, 524464579, 113888790, 571179873, 119861582, 186491860, 106311894, 463699260]","[1961, 1961, 1961, 1954, 1954, 1954, 1532, 1954, 1954, 1995]"
458,100,"[27, 32, 42, 112, 148, 295, 392, 411, 455, 494, 495, 513, 525, 560, 686, 717, 728, 734, 793, 844, 862, 876, 880, 1113, 1139, 1149, 1155, 1166, 1169, 1353, 1379, 1504, 1532, 1693, 1777, 1867, 1961, 1982, 2031, 2090, 2119, 2151, 2419]",43,1.4688828592188656,0.12269658921286464,0.08968887010286021,"[187787262, 166420139, 215726149, 212547914, 115563401, 191295996, 274449131, 517111948, 378081030, 231986448]","[1982, 513, 1532, 793, 513, 295, 513, 2090, 1961, 2151]"
459,100,"[6, 39, 112, 128, 201, 227, 241, 352, 359, 381, 382, 432, 446, 454, 537, 560, 564, 607, 672, 744, 746, 786, 834, 846, 917, 979, 1027, 1068, 1145, 1157, 1169, 1192, 1194, 1226, 1353, 1481, 1499, 1505, 1528, 1552, 1608, 1618, 1649, 1686, 1692, 1696, 1742, 1744, 1872, 1916, 1996, 2027, 2038, 2175, 2214, 2253, 2264, 2273, 2302, 2321, 2421, 2425]",62,2.137247383594513,0.21888842480257154,0.1060567036413798,"[315889861, 88258506, 174098819, 315914143, 489818873, 272080642, 226086068, 151472558, 315949387, 35411718]","[382, 454, 1192, 382, 2027, 382, 382, 2302, 382, 382]"
460,100,"[10, 72, 250, 263, 351, 353, 370, 470, 550, 604, 618, 645, 673, 678, 746, 747, 769, 786, 859, 892, 901, 993, 1025, 1027, 1032, 1068, 1178, 1262, 1278, 1556, 1608, 1618, 1677, 1692, 1694, 1744, 1772, 1922, 1990, 1996, 2175, 2214, 2226, 2264, 2377, 2421, 2425, 2447]",48,1.5171442506834865,0.13795082736760378,0.07936622069003836,"[479292604, 301933640, 535548284, 301902290, 318613265, 161639518, 175490625, 490392327, 482889741, 417578861]","[1744, 1744, 1744, 1744, 1027, 1744, 1744, 645, 1744, 1744]"
461,100,"[10, 56, 59, 63, 175, 263, 396, 407, 487, 543, 557, 627, 664, 682, 863, 864, 892, 945, 968, 972, 1025, 1178, 1179, 1227, 1262, 1276, 1278, 1288, 1415, 1506, 1514, 1551, 1600, 1633, 1644, 1682, 1686, 1705, 1729, 1730, 1848, 1852, 2015, 2027, 2029, 2032, 2036, 2260, 2377]",49,1.3407626934349537,0.12442872719839215,0.0617797280832821,"[400235162, 332873320, 129177492, 270544705, 594292472, 234273248, 317781559, 41028519, 594326342, 594341343]","[2015, 1178, 1178, 407, 407, 2015, 2015, 2015, 59, 2015]"
462,100,"[68, 86, 112, 174, 185, 192, 203, 214, 224, 238, 267, 277, 315, 316, 382, 385, 396, 424, 554, 595, 628, 664, 758, 761, 767, 939, 977, 1031, 1169, 1178, 1187, 1257, 1326, 1331, 1332, 1356, 1415, 1434, 1514, 1551, 1565, 1610, 1632, 1641, 1768, 1832, 1848, 1872, 1911, 1955, 1966, 2078, 2212, 2400]",54,1.8896961188875139,0.16048788838088512,0.08759752460496707,"[383637803, 231054295, 144569808, 202755365, 53678820, 232274035, 198954823, 185811491, 220204330, 383663435]","[1565, 1565, 1911, 1565, 1911, 1565, 1955, 1955, 192, 1565]"
463,100,"[96, 146, 168, 194, 227, 234, 241, 258, 352, 381, 382, 422, 468, 512, 550, 560, 564, 642, 746, 829, 846, 968, 1004, 1025, 1143, 1183, 1262, 1286, 1450, 1495, 1618, 1686, 1692, 1696, 1700, 1742, 1809, 1817, 1836, 1946, 1979, 2027, 2194, 2253, 2273, 2302, 2311, 2321, 2421]",49,1.7027748385444283,0.1584181166253984,0.09062545279478085,"[40280342, 81705327, 363770131, 484265681, 14113010, 434870727, 360341785, 541770102, 432930589, 260127737]","[829, 829, 829, 829, 1286, 829, 382, 1286, 829, 1286]"
464,100,"[10, 26, 159, 174, 382, 384, 413, 443, 471, 475, 542, 566, 618, 663, 694, 754, 837, 898, 917, 1003, 1025, 1032, 1068, 1081, 1179, 1296, 1332, 1403, 1511, 1581, 1587, 1713, 1838, 1923, 1926, 2072, 2088, 2156, 2171, 2188, 2279, 2306, 2318, 2327, 2337, 2377, 2391, 2401, 2440]",49,1.664091567043215,0.14754975400865078,0.09081608092184273,"[302910979, 292312148, 435412727, 507575881, 81024549, 285616290, 285794450, 507678586, 501834736, 285539307]","[1032, 1032, 1032, 1032, 2072, 1032, 2072, 2072, 2088, 384]"
465,100,"[97, 112, 186, 209, 211, 275, 329, 645, 651, 664, 711, 734, 824, 1025, 1064, 1143, 1176, 1178, 1202, 1262, 1284, 1326, 1401, 1429, 1478, 1557, 1601, 1686, 1693, 1705, 1763, 1769, 1812, 1932, 1972, 2027, 2039, 2065, 2135, 2154, 2184, 2189, 2260, 2271, 2325, 2380]",46,1.4550526547245681,0.12228628573939204,0.07588412911307228,"[176468700, 213315000, 346243434, 235771350, 148498246, 41816450, 66036315, 93467718, 492897766, 360689364]","[2135, 2135, 2380, 2380, 2135, 2380, 2135, 1601, 2380, 2380]"
466,100,"[40, 70, 96, 109, 164, 201, 240, 241, 347, 381, 397, 446, 484, 537, 550, 560, 734, 746, 880, 892, 899, 908, 1025, 1096, 1113, 1125, 1169, 1179, 1218, 1262, 1288, 1346, 1478, 1505, 1544, 1552, 1618, 1633, 1685, 1686, 1692, 1696, 1730, 1783, 1809, 1836, 1872, 1954, 1985, 1990, 2017, 2027, 2140, 2273, 2311, 2421, 2426]",57,2.0023408895358443,0.15821878891438246,0.07946206683603425,"[277854528, 177227322, 245809491, 352042136, 25007565, 374165375, 498112273, 213506514, 320267901, 409177016]","[1692, 40, 1692, 1783, 560, 347, 2027, 1809, 2027, 2027]"
467,100,"[84, 164, 175, 268, 293, 323, 468, 537, 674, 682, 702, 712, 729, 746, 758, 813, 892, 933, 1091, 1150, 1194, 1219, 1249, 1262, 1291, 1419, 1425, 1467, 1520, 1544, 1557, 1573, 1600, 1644, 1730, 1769, 1812, 1841, 1844, 1996, 2015, 2082, 2172, 2343, 2358, 2426, 2437, 2447]",48,1.3457634514197707,0.12412606086581945,0.06485623754269909,"[323627120, 18091477, 341299244, 306436514, 54728018, 204994945, 18084019, 474432847, 365102335, 512896117]","[293, 1091, 1091, 1091, 1091, 293, 1091, 293, 293, 1091]"
468,100,"[10, 63, 72, 86, 107, 112, 174, 192, 210, 211, 241, 273, 315, 364, 382, 446, 537, 573, 602, 604, 658, 673, 678, 694, 744, 761, 898, 935, 950, 1026, 1068, 1103, 1106, 1235, 1284, 1291, 1326, 1355, 1403, 1429, 1509, 1565, 1601, 1610, 1618, 1660, 1691, 1730, 1807, 1872, 1985, 2006, 2029, 2177, 2221, 2242, 2325, 2377]",58,2.2038445654325187,0.18327067093923688,0.09186682233121246,"[542191767, 118178412, 165347730, 298492231, 378131796, 365150051, 560058169, 218852589, 172680608, 336371913]","[2221, 1610, 1610, 1807, 658, 658, 315, 2177, 2177, 761]"
469,100,"[10, 126, 267, 338, 368, 382, 396, 428, 443, 550, 602, 642, 664, 746, 754, 781, 786, 824, 917, 941, 961, 1010, 1032, 1068, 1081, 1099, 1178, 1194, 1257, 1262, 1278, 1287, 1296, 1303, 1324, 1327, 1332, 1415, 1434, 1506, 1552, 1686, 1696, 1729, 1769, 1911, 1954, 2072, 2088, 2154, 2279, 2385]",52,1.852424405515194,0.14919769717380404,0.0805091263162187,"[355252855, 417990004, 443649785, 395200188, 455541052, 469937462, 62527222, 450324266, 556508986, 443485022]","[1178, 1954, 1257, 754, 1415, 754, 1257, 1257, 1032, 1257]"
470,100,"[6, 10, 26, 109, 112, 175, 209, 210, 240, 294, 315, 344, 352, 368, 528, 537, 544, 550, 564, 591, 604, 627, 645, 651, 673, 711, 734, 746, 821, 880, 892, 917, 968, 1025, 1106, 1129, 1143, 1202, 1218, 1262, 1284, 1419, 1450, 1469, 1505, 1544, 1600, 1610, 1644, 1686, 1705, 1730, 1856, 1961, 1996, 2175, 2271, 2301, 2377, 2380, 2409, 2421]",62,2.1311747524887323,0.190338219050318,0.08595770930180387,"[532997059, 176000049, 416502861, 417180042, 434798733, 81115506, 178865239, 273980664, 572770910, 503028256]","[734, 2409, 2409, 2409, 1856, 2409, 2409, 2409, 2409, 734]"
471,100,"[96, 164, 250, 258, 288, 373, 381, 382, 389, 446, 484, 544, 602, 618, 672, 746, 786, 834, 968, 979, 1025, 1027, 1032, 1130, 1178, 1194, 1226, 1434, 1530, 1552, 1618, 1692, 1694, 1696, 1698, 1744, 1780, 1783, 1803, 1880, 1886, 1912, 1916, 1933, 2095, 2175, 2194, 2214, 2226, 2378]",50,1.7148995585739613,0.16747490037232637,0.09305837019812316,"[139111471, 306886796, 229777518, 296559762, 251805477, 357272187, 63994882, 120371769, 138900231, 504344624]","[834, 1027, 1692, 382, 1530, 2095, 1744, 382, 2175, 382]"
472,100,"[14, 47, 118, 174, 211, 283, 382, 459, 468, 573, 619, 630, 734, 744, 871, 902, 941, 1203, 1224, 1251, 1262, 1326, 1355, 1429, 1498, 1511, 1601, 1602, 1618, 1902, 1970, 1985, 2071, 2097, 2125, 2208, 2221, 2246, 2271, 2325, 2437]",41,1.2211973844096065,0.11018757289275527,0.06592759065239168,"[464201156, 493687953, 99275646, 223346411, 250763915, 357588963, 297833110, 233508947, 591774573, 56675729]","[14, 14, 2437, 14, 14, 14, 14, 14, 14, 14]"
473,100,"[47, 57, 255, 275, 303, 346, 362, 385, 399, 528, 619, 645, 660, 691, 692, 734, 743, 755, 824, 825, 839, 871, 1063, 1116, 1125, 1129, 1143, 1189, 1224, 1245, 1262, 1296, 1355, 1376, 1401, 1478, 1544, 1682, 1697, 1705, 1821, 1961, 1966, 2027, 2065, 2097, 2103, 2107, 2154, 2260, 2380]",51,1.7951631685718894,0.1405504234135151,0.07871135203259103,"[112947996, 246119311, 408864800, 99877266, 365812706, 332730644, 347892926, 276497222, 291831028, 104530316]","[660, 660, 1224, 692, 692, 692, 692, 692, 2065, 692]"
474,100,"[25, 57, 107, 159, 178, 249, 297, 382, 524, 549, 639, 647, 669, 673, 726, 744, 848, 1026, 1129, 1165, 1177, 1190, 1273, 1509, 1631, 1650, 1704, 1748, 1791, 1806, 1895]",31,0.9347366667352617,0.07909922022372484,0.06665702718460272,"[419399602, 419549737, 419425382, 357702048, 111279463, 267500020, 305610631, 331809858, 531818045, 351804448]","[178, 178, 178, 178, 178, 178, 178, 178, 178, 178]"
475,100,"[10, 51, 86, 93, 94, 112, 164, 170, 192, 275, 283, 382, 446, 454, 566, 602, 642, 672, 678, 754, 786, 846, 876, 884, 887, 941, 977, 1010, 1025, 1031, 1068, 1103, 1178, 1194, 1281, 1303, 1346, 1349, 1353, 1355, 1379, 1392, 1415, 1434, 1515, 1552, 1565, 1618, 1638, 1645, 1686, 1692, 1696, 1707, 1713, 1786, 2216, 2253, 2279, 2302]",60,2.177029512822628,0.19064270332455635,0.09196450158876056,"[562404345, 142216812, 435554156, 55793947, 143640933, 480679693, 367683341, 381488091, 484010576, 408058382]","[884, 884, 884, 884, 884, 884, 884, 884, 884, 884]"
476,100,"[10, 56, 86, 112, 161, 192, 275, 277, 280, 382, 395, 462, 540, 566, 628, 678, 695, 786, 898, 1010, 1025, 1068, 1099, 1103, 1178, 1187, 1281, 1303, 1331, 1349, 1353, 1356, 1392, 1415, 1514, 1566, 1618, 1641, 1692, 1713, 1729, 1745, 1750, 1762, 1777, 1782, 1911, 1955, 2083, 2093, 2161, 2212, 2216, 2279, 2421]",55,2.0429108827374876,0.17764882650226355,0.09636083997955376,"[295878466, 101179090, 101303614, 101275642, 219048394, 52588656, 165364401, 58450946, 172334369, 319053680]","[277, 1178, 1178, 277, 1178, 1178, 277, 1178, 277, 277]"
477,100,"[6, 70, 84, 105, 131, 170, 230, 364, 382, 554, 571, 601, 674, 702, 712, 734, 811, 822, 977, 987, 1031, 1091, 1106, 1202, 1218, 1219, 1249, 1262, 1283, 1297, 1330, 1373, 1425, 1456, 1467, 1469, 1520, 1540, 1544, 1580, 1611, 1645, 1730, 1769, 1848, 1872, 2024, 2080, 2082, 2083, 2138, 2260, 2267, 2301, 2421]",55,1.8455014014616609,0.16039617313072085,0.08019560415467078,"[515987773, 134023122, 134045765, 402584518, 362021062, 310819846, 356558411, 333585733, 277369238, 134045767]","[2024, 2024, 674, 2024, 230, 1091, 230, 1091, 2024, 230]"
478,100,"[25, 93, 118, 241, 249, 293, 325, 350, 364, 382, 401, 487, 505, 524, 544, 562, 571, 591, 645, 647, 781, 825, 846, 911, 943, 946, 947, 1026, 1030, 1116, 1129, 1177, 1190, 1202, 1227, 1262, 1284, 1287, 1509, 1529, 1601, 1610, 1705, 1730, 1895, 1954, 1985, 2038, 2065, 2125, 2177, 2189, 2253, 2271, 2273, 2413]",56,1.6154919648543,0.13793038530275226,0.064699356618803,"[278583544, 451645279, 534325825, 557099552, 186803377, 141595512, 475843597, 65943481, 265290220, 326863420]","[1287, 364, 911, 364, 911, 364, 364, 1202, 1287, 911]"
479,100,"[20, 92, 112, 164, 241, 250, 258, 270, 278, 301, 331, 353, 368, 381, 470, 476, 537, 604, 607, 673, 678, 692, 743, 745, 746, 917, 1027, 1106, 1114, 1226, 1369, 1481, 1505, 1528, 1556, 1568, 1573, 1608, 1618, 1625, 1691, 1694, 1727, 1744, 1772, 1821, 1946, 1978, 1985, 2105, 2175, 2214, 2226, 2425, 2426]",55,1.6372674815356731,0.16817207634449005,0.08512158731252632,"[387276139, 206946850, 335107311, 35277925, 566150586, 271075585, 114846788, 387292597, 298702158, 46170794]","[1727, 1727, 607, 1727, 1727, 1727, 1727, 1727, 1744, 1727]"
480,100,"[10, 63, 70, 84, 131, 175, 230, 268, 273, 315, 422, 468, 564, 625, 702, 712, 828, 892, 933, 1091, 1092, 1106, 1111, 1143, 1167, 1202, 1219, 1225, 1249, 1262, 1291, 1292, 1293, 1297, 1419, 1425, 1427, 1520, 1544, 1557, 1584, 1586, 1645, 1669, 1717, 1730, 1769, 1783, 1831, 1844, 2082, 2102, 2301, 2426, 2437]",55,1.4721773439086974,0.14914537174627185,0.06666121509942141,"[164567930, 76437166, 148730856, 289687404, 31389939, 54371157, 399769744, 76421893, 583403024, 59100085]","[1249, 2082, 1769, 1091, 1769, 1769, 1769, 1769, 1769, 1091]"
481,100,"[10, 68, 93, 170, 175, 241, 263, 267, 283, 316, 382, 396, 407, 428, 442, 443, 444, 487, 543, 602, 618, 682, 693, 729, 758, 761, 786, 791, 864, 888, 892, 917, 924, 1068, 1085, 1176, 1178, 1219, 1226, 1278, 1332, 1505, 1506, 1511, 1516, 1536, 1551, 1552, 1557, 1600, 1618, 1644, 1686, 1691, 1692, 1696, 1705, 1729, 1730, 1916, 2015, 2029, 2175, 2279, 2362, 2377, 2387, 2421]",68,2.295064923353493,0.18461343040689826,0.07271050601540242,"[60269282, 313386754, 341732680, 313233339, 393366560, 134682753, 161482467, 260811580, 311983683, 157043851]","[1516, 1178, 1178, 1178, 1178, 1178, 487, 487, 487, 68]"
482,100,"[19, 86, 112, 247, 277, 329, 364, 382, 396, 424, 515, 690, 731, 839, 911, 950, 1041, 1064, 1172, 1178, 1190, 1235, 1262, 1284, 1326, 1331, 1354, 1356, 1379, 1389, 1444, 1462, 1484, 1501, 1505, 1509, 1515, 1762, 1768, 1848, 1932, 1966, 2107, 2161, 2177, 2196, 2212, 2267]",48,1.4092063796706498,0.13232652144506574,0.07398030729382299,"[512525686, 443749071, 185414817, 486542584, 412352454, 555867870, 144635416, 412533088, 270942898, 278271929]","[911, 515, 1389, 364, 911, 1356, 364, 911, 364, 364]"
483,100,"[20, 70, 112, 164, 192, 267, 302, 484, 523, 533, 543, 553, 562, 595, 625, 657, 674, 678, 758, 786, 815, 822, 846, 876, 884, 897, 908, 921, 968, 973, 1018, 1025, 1031, 1099, 1130, 1150, 1194, 1249, 1291, 1493, 1505, 1536, 1551, 1574, 1618, 1638, 1700, 1723, 1777, 1783, 1824, 1859, 1978, 2024, 2124, 2130, 2140, 2253, 2256, 2282, 2378, 2400]",62,2.14981940574944,0.19834776455536485,0.0959307903521544,"[489828717, 310848652, 39414752, 489772051, 489812532, 166713165, 489585111, 489812529, 489585110, 489812530]","[1018, 1018, 1018, 1018, 1018, 1018, 1018, 1018, 1018, 1018]"
484,100,"[25, 47, 174, 263, 315, 338, 364, 382, 395, 431, 554, 566, 602, 645, 669, 744, 751, 761, 1003, 1019, 1032, 1065, 1068, 1081, 1281, 1284, 1326, 1332, 1355, 1360, 1401, 1429, 1470, 1505, 1506, 1514, 1515, 1565, 1601, 1610, 1618, 1660, 1705, 1729, 1730, 2029, 2079, 2171, 2180, 2258, 2279, 2325, 2419]",53,1.989739743527025,0.15944704599678516,0.08696288261386864,"[18606957, 454531142, 297497815, 104332912, 193436670, 86389394, 379833395, 27434076, 189420397, 77895589]","[1601, 1601, 1601, 1601, 1601, 1601, 1601, 1601, 315, 1601]"
485,100,"[10, 39, 164, 175, 201, 241, 255, 262, 263, 283, 373, 382, 443, 484, 564, 618, 678, 746, 758, 769, 786, 825, 834, 892, 898, 901, 908, 979, 1025, 1053, 1068, 1130, 1178, 1226, 1434, 1450, 1530, 1552, 1558, 1608, 1618, 1641, 1686, 1692, 1696, 1701, 1744, 1786, 1880, 1912, 1914, 1916, 1996, 2015, 2102, 2140, 2175, 2333, 2377, 2378, 2387, 2421]",62,2.1053282069042325,0.18735334649682045,0.0850827316603353,"[200634062, 21333472, 338204614, 254730189, 292852348, 396463848, 47062145, 2360277, 313575331, 347985536]","[834, 1608, 484, 1692, 1880, 564, 484, 484, 484, 241]"
486,100,"[1, 175, 240, 255, 267, 275, 315, 382, 396, 407, 442, 468, 528, 601, 627, 645, 651, 664, 707, 1025, 1063, 1092, 1116, 1125, 1129, 1176, 1179, 1202, 1262, 1278, 1410, 1429, 1478, 1489, 1509, 1557, 1644, 1682, 1697, 1705, 1825, 1915, 1987, 2015, 2065, 2088, 2260, 2362, 2437]",49,1.27171487826854,0.11758415214717388,0.05746793219040395,"[56701149, 39076161, 568055858, 263768564, 58447535, 391336856, 417800668, 56763086, 56720614, 227969021]","[1682, 1682, 1697, 1682, 1262, 1262, 1697, 1116, 1682, 1682]"
487,100,"[10, 40, 51, 93, 112, 170, 230, 262, 277, 382, 385, 395, 407, 462, 560, 566, 601, 628, 678, 692, 734, 786, 884, 897, 931, 977, 1000, 1025, 1088, 1106, 1145, 1172, 1178, 1187, 1188, 1244, 1249, 1262, 1281, 1303, 1326, 1353, 1392, 1397, 1415, 1469, 1505, 1641, 1645, 1691, 1692, 1762, 1769, 1782, 1784, 2023, 2083, 2093, 2105, 2111, 2124, 2130, 2138, 2216, 2276, 2279, 2421]",67,2.2057427815161645,0.20574181387200952,0.09003640396812403,"[247713415, 350519092, 179936272, 57091603, 593849168, 542594313, 274439126, 135846690, 537114744, 593975744]","[1784, 1106, 1769, 560, 1784, 628, 1769, 1784, 382, 1784]"
488,100,"[26, 112, 130, 186, 209, 275, 382, 409, 442, 557, 601, 627, 642, 651, 734, 846, 856, 880, 907, 1010, 1022, 1125, 1143, 1225, 1283, 1505, 1515, 1697, 1915, 1972, 2009, 2033, 2135, 2311, 2338, 2380, 2389, 2409, 2421]",39,1.402215183712542,0.11477034399285913,0.09016596676948933,"[399005212, 87256967, 87256965, 116827493, 202144811, 6340035, 78982428, 12995121, 586727256, 443949941]","[627, 627, 627, 1915, 627, 627, 1915, 627, 627, 627]"
489,100,"[1, 196, 271, 301, 303, 340, 443, 528, 564, 766, 905, 1024, 1078, 1092, 1167, 1196, 1293, 1312, 1489, 1495, 1608, 1717, 1786, 1839, 1854, 2098, 2166]",27,0.6492063291370869,0.0820112619549036,0.07277353151908351,"[244730630, 583962548, 422582951, 591290990, 311550525, 190397391, 205670594, 520987336, 395580749, 3671082]","[1489, 1489, 1489, 1489, 1489, 1489, 1489, 1489, 1489, 1489]"
490,100,"[26, 47, 92, 130, 186, 209, 212, 294, 303, 382, 431, 442, 455, 475, 524, 645, 647, 663, 744, 754, 823, 956, 1003, 1019, 1037, 1044, 1116, 1125, 1176, 1283, 1284, 1303, 1326, 1401, 1410, 1434, 1505, 1515, 1610, 1675, 1682, 1697, 1768, 1858, 1923, 2109, 2156, 2177, 2257, 2306, 2311, 2338, 2362, 2409, 2430]",55,1.8225413039326668,0.14975017355754972,0.07898502712645991,"[147860004, 549774917, 279548621, 82761773, 283966976, 44292805, 253136900, 409233162, 484392645, 439160149]","[130, 130, 130, 130, 130, 130, 130, 130, 130, 130]"
491,100,"[61, 63, 70, 84, 164, 201, 368, 428, 550, 588, 595, 602, 674, 737, 746, 786, 892, 908, 931, 941, 1130, 1145, 1257, 1262, 1291, 1346, 1481, 1498, 1505, 1544, 1580, 1602, 1645, 1662, 1700, 1783, 1812, 1872, 1985, 2017, 2071, 2125, 2174, 2253]",44,1.7429538248106837,0.1401024223305285,0.09048012242948805,"[268678452, 453487855, 440347452, 403625282, 354402042, 2456965, 550281212, 81435176, 490443456, 536225976]","[550, 550, 164, 2017, 164, 2017, 368, 2017, 164, 550]"
492,100,"[10, 39, 72, 89, 106, 164, 194, 258, 323, 382, 428, 470, 537, 550, 618, 729, 737, 745, 746, 786, 876, 892, 915, 917, 1025, 1150, 1166, 1434, 1558, 1559, 1602, 1608, 1618, 1692, 1742, 1744, 1841, 1922, 1946, 1996, 2004, 2006, 2095, 2139, 2175, 2214, 2253, 2264, 2279, 2298, 2377, 2421, 2425]",53,1.7990441471338272,0.16283349599689245,0.09141397502115171,"[160760036, 174221182, 24335764, 393169956, 18314610, 28528015, 55836635, 345243402, 93996331, 531665825]","[2175, 2175, 2175, 2175, 2175, 2175, 1744, 2175, 1744, 2175]"
493,100,"[10, 111, 112, 277, 283, 316, 338, 382, 385, 395, 396, 428, 462, 566, 602, 672, 781, 876, 884, 897, 898, 941, 961, 977, 1068, 1257, 1276, 1281, 1288, 1303, 1326, 1349, 1353, 1355, 1391, 1392, 1415, 1506, 1511, 1565, 1645, 1729, 1786, 1916, 2029, 2093, 2130, 2216, 2279, 2306]",50,1.877100380603224,0.1652271100319922,0.09834541656076908,"[44295541, 52895912, 381794118, 277272628, 396248751, 402856706, 350020328, 79991391, 277766670, 151806371]","[884, 1257, 1415, 1281, 1391, 672, 283, 1511, 1415, 1511]"
494,100,"[57, 67, 252, 278, 303, 349, 353, 399, 644, 660, 691, 692, 743, 850, 1080, 1129, 1189, 1214, 1224, 1245, 1283, 1296, 1376, 1401, 1529, 1537, 1808, 1821, 1878, 2059, 2206, 2271, 2447]",33,0.9020548039115965,0.07739239372313023,0.05936329722912474,"[405705380, 205539569, 233429029, 526541966, 186295331, 186246386, 155115209, 428119303, 382854843, 301760601]","[1245, 1245, 644, 1245, 644, 644, 1245, 644, 1245, 644]"
495,100,"[47, 174, 201, 211, 237, 241, 252, 346, 353, 359, 382, 413, 446, 537, 602, 619, 672, 686, 692, 744, 825, 846, 941, 1063, 1064, 1068, 1113, 1169, 1179, 1186, 1189, 1203, 1262, 1355, 1376, 1408, 1444, 1505, 1607, 1608, 1618, 1649, 1696, 1763, 1821, 1954, 1961, 1995, 2027, 2039, 2090, 2103, 2125, 2154]",54,2.023533873260021,0.15068893041461706,0.08344175686404386,"[25871553, 86639618, 103452026, 9606063, 37237949, 293467789, 196184832, 371519373, 275562567, 166385616]","[1995, 1995, 1995, 1995, 2154, 2154, 2154, 1995, 2154, 1995]"
496,100,"[5, 10, 63, 93, 175, 255, 263, 267, 268, 283, 293, 338, 382, 396, 407, 422, 446, 468, 543, 550, 588, 602, 772, 791, 864, 892, 898, 908, 917, 941, 945, 968, 1178, 1194, 1257, 1262, 1276, 1415, 1425, 1511, 1514, 1551, 1557, 1644, 1667, 1686, 1730, 1987, 2015, 2017, 2029, 2082, 2180, 2258, 2279, 2301, 2385]",57,1.5194254168309271,0.14972163503989577,0.06035269031366497,"[236259714, 571862111, 34682763, 229252425, 446634837, 135594955, 160567613, 198474818, 291748984, 220215407]","[407, 2015, 2015, 1511, 2015, 1511, 1551, 2385, 407, 255]"
497,100,"[201, 373, 389, 446, 484, 544, 746, 834, 979, 1027, 1130, 1159, 1226, 1530, 1698, 1880, 1886, 1912, 1916, 1933, 2038, 2183, 2295, 2333, 2378]",25,0.8721991246566176,0.08552052453160286,0.09576162996701897,"[299386406, 319058044, 494534355, 364834223, 364842068, 437804398, 308900473, 591029583, 50443737, 41614889]","[484, 1886, 484, 1530, 1530, 389, 1886, 1530, 1886, 1886]"
498,100,"[20, 105, 112, 164, 175, 222, 258, 268, 293, 382, 537, 674, 692, 702, 712, 746, 758, 786, 822, 892, 917, 1091, 1106, 1143, 1150, 1194, 1219, 1249, 1262, 1276, 1292, 1327, 1419, 1425, 1467, 1520, 1544, 1557, 1573, 1584, 1600, 1686, 1730, 1769, 1812, 1841, 1844, 1971, 2015, 2017, 2082, 2105, 2172, 2271, 2343, 2358, 2421, 2437, 2447]",59,1.6053485972806811,0.16729722823947668,0.07394682988919066,"[276146023, 576706550, 578940775, 311036971, 576706551, 35003847, 18787922, 579237344, 579237342, 314853636]","[293, 293, 293, 293, 293, 293, 293, 293, 293, 1091]"
499,100,"[10, 36, 199, 201, 373, 389, 446, 484, 537, 544, 560, 564, 746, 786, 834, 846, 979, 1053, 1124, 1130, 1192, 1499, 1505, 1530, 1559, 1568, 1608, 1618, 1698, 1700, 1742, 1886, 1916, 1933, 1996, 2038, 2253, 2264, 2333, 2378, 2421]",41,1.4712248533032835,0.14972902461886406,0.10413220279463907,"[591551392, 131956001, 467193386, 391865967, 123524978, 243392874, 313563880, 266667197, 200658135, 124019936]","[1530, 1530, 1886, 484, 979, 484, 1886, 1530, 1192, 979]"
500,100,"[164, 249, 262, 537, 571, 591, 639, 647, 658, 673, 678, 692, 712, 743, 746, 825, 850, 999, 1026, 1106, 1129, 1177, 1190, 1198, 1202, 1338, 1529, 1677, 1685, 1705, 1726, 1791, 1856, 1895, 1985, 2011, 2038, 2085, 2176, 2235, 2271, 2273, 2415, 2421]",44,1.4288118407130241,0.12620236445218325,0.0783396964596415,"[540664094, 425777108, 425777109, 236293030, 540664095, 479933293, 549363883, 425745683, 425845956, 217417000]","[999, 999, 1529, 1895, 1190, 1895, 1895, 1529, 1895, 1190]"
501,100,"[57, 185, 216, 237, 252, 278, 325, 353, 359, 374, 385, 608, 644, 678, 692, 726, 744, 825, 850, 911, 912, 935, 957, 1056, 1063, 1080, 1084, 1189, 1202, 1227, 1245, 1256, 1258, 1319, 1369, 1376, 1444, 1537, 1586, 1608, 1728, 1748, 1821, 1957, 2085, 2097, 2206, 2208, 2287, 2293, 2319, 2423, 2430, 2447]",54,1.5615745591931045,0.13886817498132586,0.06996469534243699,"[506606551, 29636583, 584524121, 317604999, 199862179, 22593284, 240298873, 62864624, 200570415, 164293397]","[957, 957, 957, 957, 957, 957, 957, 957, 957, 957]"
502,100,"[26, 63, 70, 109, 164, 201, 216, 241, 263, 268, 286, 293, 382, 434, 550, 588, 602, 618, 678, 682, 702, 746, 751, 852, 892, 908, 928, 1053, 1125, 1169, 1179, 1194, 1262, 1288, 1296, 1360, 1478, 1514, 1557, 1584, 1618, 1644, 1660, 1662, 1686, 1696, 1700, 1705, 1730, 1821, 1872, 1954, 1961, 1990, 2017, 2027, 2028, 2029, 2415, 2425]",60,2.086647229734808,0.17331277299672365,0.08002821213255326,"[325515382, 249329727, 538523683, 243179825, 343165763, 559537613, 407800112, 375595151, 229394936, 553852001]","[1584, 928, 1990, 434, 928, 1288, 1662, 1990, 1990, 892]"
503,100,"[1, 70, 84, 175, 210, 268, 273, 293, 315, 382, 407, 564, 588, 674, 712, 746, 892, 908, 917, 941, 968, 1091, 1092, 1106, 1167, 1194, 1202, 1219, 1262, 1293, 1419, 1425, 1429, 1450, 1544, 1610, 1645, 1669, 1717, 1730, 1769, 1812, 1839, 1844, 2017, 2024, 2082, 2177, 2301, 2426]",50,1.501271770335734,0.1388471839018166,0.06872332222294063,"[67675597, 66775892, 145991549, 336506009, 122988501, 277869308, 346161102, 381972781, 307481867, 209401098]","[1091, 1091, 1544, 1544, 1202, 1091, 1091, 1091, 1091, 1091]"
504,100,"[6, 10, 20, 26, 39, 70, 84, 100, 148, 164, 194, 268, 293, 323, 428, 443, 537, 550, 588, 602, 670, 737, 746, 786, 797, 821, 856, 876, 901, 915, 917, 941, 1106, 1124, 1202, 1291, 1327, 1419, 1434, 1544, 1573, 1608, 1649, 1665, 1686, 1812, 1946, 2006, 2017, 2175, 2264, 2279, 2343]",53,2.0689563723281026,0.1662807739339769,0.09095837030436774,"[448490378, 409326007, 427359616, 567927322, 536913401, 549567211, 108048881, 405072123, 258388843, 105174944]","[588, 84, 901, 737, 1665, 1434, 26, 6, 1665, 20]"
505,100,"[39, 112, 164, 194, 211, 381, 382, 397, 422, 446, 468, 470, 512, 543, 673, 678, 711, 746, 775, 777, 786, 892, 917, 941, 963, 968, 1099, 1106, 1169, 1178, 1187, 1202, 1218, 1226, 1249, 1350, 1419, 1492, 1602, 1604, 1618, 1686, 1692, 1707, 1742, 1744, 1809, 1812, 1835, 1860, 1988, 2027, 2124, 2214, 2325, 2421]",56,1.812944367993623,0.18064841674640775,0.10134396445937455,"[153410927, 251994508, 27685332, 215015443, 70556567, 168058283, 323453715, 23324626, 497102141, 338282422]","[963, 1686, 1744, 2124, 963, 1686, 963, 381, 1744, 1744]"
506,100,"[39, 63, 72, 84, 100, 164, 201, 216, 241, 255, 263, 268, 286, 288, 381, 382, 422, 428, 533, 537, 670, 746, 786, 821, 852, 892, 915, 1025, 1032, 1068, 1124, 1181, 1183, 1209, 1288, 1291, 1322, 1360, 1434, 1514, 1618, 1685, 1692, 1730, 1744, 1749, 1774, 1783, 1809, 1916, 1990, 2006, 2029, 2053, 2095, 2343, 2378, 2425, 2426]",59,2.1398080023936927,0.1810769299045205,0.087608289297165,"[162695942, 95452710, 162731169, 251015534, 129216516, 38187346, 162727504, 112809579, 22885840, 382313075]","[1774, 1183, 1783, 263, 1181, 2095, 1774, 1730, 746, 2426]"
507,100,"[20, 39, 72, 96, 125, 164, 234, 250, 258, 273, 323, 371, 381, 470, 659, 746, 747, 794, 852, 892, 968, 1025, 1027, 1123, 1183, 1346, 1556, 1573, 1692, 1694, 1744, 1774, 1803, 1807, 1809, 1922, 2095, 2153, 2175, 2214, 2226, 2425, 2426]",43,1.0979398963972926,0.11727154348045588,0.07444629644390283,"[426049066, 336438051, 422839851, 102289513, 500345096, 279358314, 271830533, 422863222, 113902419, 244534552]","[1803, 1803, 1556, 2153, 1803, 1573, 1694, 2153, 1027, 250]"
508,100,"[14, 77, 81, 211, 315, 368, 378, 382, 428, 446, 470, 544, 550, 573, 746, 843, 871, 942, 1092, 1106, 1202, 1251, 1262, 1498, 1557, 1602, 1618, 1686, 1812, 1872, 1971, 1985, 2017, 2071, 2125, 2174, 2325, 2426, 2437]",39,1.0863279146142304,0.10792760131880641,0.0671898102781807,"[88155495, 88155494, 133048366, 203558056, 335600884, 349761725, 529499156, 453714421, 351513107, 159299546]","[1251, 2071, 1251, 1251, 2071, 1251, 1251, 1251, 2071, 1812]"
509,100,"[10, 97, 112, 175, 210, 224, 267, 277, 315, 364, 382, 396, 446, 487, 566, 627, 645, 664, 711, 761, 824, 876, 888, 950, 1025, 1178, 1187, 1235, 1262, 1284, 1326, 1331, 1415, 1500, 1504, 1505, 1509, 1633, 1645, 1705, 1730, 1763, 1768, 1799, 1848, 1856, 1872, 2015, 2036, 2177, 2260, 2377]",52,1.838300603441894,0.1544408518821001,0.08442721265153243,"[136975153, 319742880, 422347069, 106336730, 76102061, 598322048, 541971134, 18384764, 377405330, 447365013]","[1025, 364, 1509, 2177, 2177, 824, 2177, 1025, 1509, 487]"
510,100,"[93, 186, 209, 263, 275, 362, 384, 459, 468, 627, 645, 651, 734, 824, 846, 880, 904, 1032, 1109, 1116, 1125, 1176, 1186, 1189, 1218, 1319, 1408, 1515, 1557, 1682, 1693, 1697, 1705, 1763, 1778, 1872, 1915, 1972, 2027, 2036, 2065, 2135, 2154, 2260, 2338, 2380]",46,1.6212686332874,0.12719136150553823,0.07972282022440239,"[73624450, 75775109, 425185866, 314113358, 469196941, 289864068, 469172981, 469083543, 365057986, 469289361]","[186, 904, 904, 186, 904, 186, 904, 186, 904, 186]"
511,100,"[57, 278, 303, 349, 353, 399, 528, 644, 691, 761, 926, 1189, 1224, 1245, 1376, 1568, 1821, 1878, 1925, 2059, 2097, 2271, 2444]",23,0.6417369544506073,0.06057078717276454,0.06560463021995257,"[354342484, 354982027, 539458146, 2893851, 588943316, 265818700, 2701816, 89993059, 401331535, 521253563]","[349, 644, 353, 644, 644, 349, 644, 278, 644, 353]"
512,100,"[68, 112, 161, 170, 267, 275, 283, 302, 382, 462, 523, 543, 651, 675, 758, 786, 839, 846, 856, 884, 887, 945, 977, 1000, 1018, 1081, 1244, 1257, 1349, 1353, 1360, 1379, 1392, 1415, 1459, 1505, 1515, 1536, 1540, 1638, 1713, 1749, 1762, 1782, 1784, 1867, 2033, 2080, 2083, 2093, 2138, 2212, 2256, 2282, 2389]",55,1.9840948223136365,0.17351156007498503,0.09488068385557695,"[97093587, 382929741, 486066851, 60901442, 557338816, 462017750, 75252116, 253453552, 469164980, 325958056]","[884, 884, 2138, 2138, 884, 1638, 884, 884, 884, 2138]"
513,100,"[109, 168, 196, 227, 271, 301, 340, 422, 468, 503, 528, 846, 905, 906, 1024, 1042, 1078, 1092, 1116, 1129, 1143, 1146, 1167, 1173, 1196, 1273, 1296, 1489, 1495, 1608, 1738, 1825, 2071, 2098, 2273, 2421]",36,0.9340313207358122,0.09954593377187848,0.07353377446351159,"[9753040, 175920041, 442793169, 210970518, 198030279, 161816983, 471476524, 363023100, 344275419, 97533873]","[1495, 1078, 2098, 2098, 2098, 2098, 2098, 2098, 1078, 2098]"
514,100,"[39, 86, 196, 249, 340, 382, 459, 524, 528, 560, 591, 640, 647, 658, 673, 712, 746, 777, 786, 846, 1026, 1052, 1129, 1131, 1143, 1165, 1169, 1177, 1190, 1202, 1308, 1353, 1499, 1505, 1529, 1600, 1618, 1631, 1677, 1742, 1791, 1839, 1872, 1895, 1985, 2253, 2273, 2421]",48,1.491148749832064,0.15123917162418365,0.09425312934035901,"[259638967, 29539058, 226769638, 103461123, 13234335, 212467506, 362969013, 375167620, 77523374, 563910942]","[591, 1026, 1026, 1895, 1895, 1895, 1895, 1895, 1895, 591]"
515,100,"[10, 61, 97, 126, 275, 277, 286, 382, 395, 396, 443, 462, 566, 602, 645, 647, 664, 705, 824, 888, 941, 1032, 1081, 1135, 1257, 1262, 1281, 1326, 1356, 1415, 1500, 1501, 1505, 1532, 1915, 2029, 2065, 2154, 2155, 2258, 2260, 2279]",42,1.6981642548926175,0.1306964596733451,0.08888783152326055,"[543922079, 354926197, 130933279, 543791991, 594762485, 422086086, 104910465, 291501341, 195792455, 130933280]","[1257, 664, 1257, 664, 824, 1257, 664, 1257, 1257, 824]"
516,100,"[61, 68, 107, 112, 175, 224, 247, 315, 325, 382, 544, 550, 566, 627, 673, 924, 939, 1025, 1143, 1167, 1178, 1202, 1262, 1276, 1284, 1326, 1354, 1359, 1429, 1443, 1503, 1516, 1552, 1584, 1600, 1602, 1610, 1641, 1645, 1730, 1746, 1769, 1848, 1856, 1911, 1932, 1966, 2177, 2196, 2212, 2279]",51,1.5118409655988216,0.1384777119383216,0.07478347463606327,"[157350314, 369597083, 211384216, 389271069, 324700103, 25048268, 472835488, 139187086, 211384218, 365680177]","[1284, 1284, 1284, 247, 1284, 1284, 1284, 247, 1284, 1284]"
517,100,"[20, 70, 112, 170, 262, 401, 554, 571, 601, 625, 645, 702, 712, 822, 825, 859, 927, 1017, 1031, 1106, 1123, 1219, 1234, 1249, 1338, 1456, 1467, 1520, 1544, 1573, 1580, 1660, 1677, 1783, 1848, 1891, 1966, 1978, 2024, 2031, 2044, 2153, 2207]",43,1.4702861937694252,0.12861801916733384,0.08965493494449833,"[116909789, 213916429, 454389511, 454348595, 152709618, 180504935, 597380804, 517449535, 375642974, 180504938]","[822, 822, 822, 822, 822, 822, 822, 822, 822, 822]"
518,100,"[57, 67, 262, 297, 351, 353, 442, 639, 658, 673, 691, 712, 726, 743, 850, 859, 911, 924, 1080, 1098, 1106, 1119, 1177, 1214, 1224, 1245, 1319, 1410, 1468, 1529, 1537, 1608, 1650, 1713, 1728, 1895, 2046, 2085, 2098, 2148, 2165, 2206, 2271, 2330, 2423]",45,1.142340467311442,0.10993355931714177,0.06502508752358456,"[339741272, 10724956, 140399022, 211228225, 208979114, 302190687, 519110891, 211333354, 355393691, 391274177]","[1529, 911, 911, 1529, 1529, 1080, 1728, 1529, 1537, 1529]"
519,100,"[10, 26, 89, 164, 175, 194, 373, 382, 443, 484, 564, 618, 682, 745, 746, 786, 834, 876, 892, 901, 917, 968, 1025, 1130, 1178, 1226, 1303, 1434, 1450, 1543, 1559, 1608, 1618, 1691, 1692, 1696, 1744, 1886, 1912, 1914, 1922, 1933, 2029, 2102, 2139, 2175, 2279, 2377, 2378, 2387, 2421]",51,1.8689727950841188,0.1685208845883608,0.08962182097100452,"[464425538, 411391064, 411391048, 210728434, 411391050, 411391046, 468105198, 511903954, 435401648, 60332441]","[1886, 1886, 1886, 1886, 1886, 1886, 1886, 1886, 1886, 1886]"
520,100,"[129, 201, 389, 428, 484, 544, 765, 777, 786, 834, 908, 1025, 1053, 1130, 1145, 1192, 1284, 1346, 1505, 1530, 1552, 1916, 1933, 2125, 2175, 2378]",26,1.021289681084454,0.08471853891387582,0.1138137092616839,"[25955538, 86731325, 504422431, 137001895, 230400934, 477811446, 10405125, 462531434, 284745640, 482766710]","[201, 201, 201, 201, 201, 201, 201, 201, 201, 201]"
521,100,"[30, 112, 122, 382, 446, 560, 601, 642, 696, 742, 758, 786, 846, 880, 884, 885, 907, 977, 1010, 1028, 1031, 1106, 1145, 1157, 1188, 1272, 1292, 1349, 1392, 1408, 1415, 1492, 1505, 1686, 1696, 1742, 1801, 1836, 2000, 2031, 2052, 2093, 2124, 2130, 2253, 2306, 2321, 2389, 2400, 2421]",50,1.504849256016314,0.19006100250408053,0.12234977297950536,"[553995910, 554255527, 299210752, 554247320, 299340964, 324998943, 299335078, 127648928, 129010431, 299208442]","[742, 742, 1696, 742, 742, 1028, 742, 884, 696, 742]"
522,100,"[96, 109, 199, 234, 250, 258, 368, 381, 397, 422, 457, 468, 476, 512, 547, 550, 746, 829, 968, 1027, 1183, 1272, 1286, 1410, 1556, 1604, 1618, 1692, 1744, 1803, 1809, 1835, 1836, 1890, 2067, 2214, 2226, 2273, 2302, 2321, 2421, 2425]",42,1.1578439651057124,0.13761632982641459,0.09010770008899271,"[130317406, 255648442, 432017163, 2703194, 563593339, 355317670, 475160783, 8883729, 417584932, 112061204]","[381, 234, 381, 512, 1027, 381, 234, 1286, 381, 1286]"
523,100,"[1, 60, 109, 168, 174, 240, 382, 564, 619, 707, 755, 928, 1092, 1113, 1167, 1179, 1262, 1265, 1296, 1408, 1478, 1495, 1532, 1558, 1608, 1631, 1686, 1696, 1839, 1900, 1954, 1961, 1995, 2013, 2027, 2065, 2097, 2102, 2154, 2173, 2188, 2279]",42,1.0445899101905525,0.09419643180444837,0.05889255742520271,"[293660001, 283438059, 226255915, 359159413, 148240321, 283438076, 441716235, 506653755, 191406192, 410667348]","[1954, 1954, 1954, 1954, 1954, 1954, 1954, 1954, 1954, 1954]"
524,100,"[20, 68, 112, 164, 201, 210, 211, 247, 263, 267, 315, 316, 444, 446, 468, 470, 484, 550, 604, 627, 682, 693, 711, 729, 746, 791, 834, 908, 968, 973, 1025, 1027, 1032, 1178, 1202, 1276, 1326, 1516, 1536, 1545, 1565, 1602, 1618, 1619, 1641, 1645, 1705, 1744, 1746, 1807, 1812, 1933, 2029, 2174, 2246, 2271, 2325, 2358]",58,1.8696598717942834,0.16838427120819688,0.07909223017812675,"[563895318, 570730176, 26854162, 160315320, 275142002, 528973679, 578245079, 526067676, 69172137, 274216131]","[68, 68, 68, 68, 68, 68, 68, 68, 68, 68]"
525,100,"[1, 61, 105, 109, 112, 275, 382, 385, 560, 672, 686, 734, 754, 824, 846, 876, 880, 897, 941, 1003, 1010, 1064, 1092, 1093, 1106, 1113, 1143, 1145, 1186, 1257, 1262, 1326, 1353, 1355, 1401, 1408, 1415, 1492, 1505, 1558, 1602, 1608, 1693, 1696, 1707, 1717, 1777, 1839, 1911, 2027, 2090, 2093, 2102, 2154, 2253, 2311, 2389, 2421]",58,2.209583374671638,0.19309727055951953,0.1079483724094863,"[486964607, 477101385, 421800907, 569776617, 412015059, 323862633, 358096082, 36180897, 50226098, 17275234]","[1602, 1262, 1186, 1415, 1602, 1186, 1186, 1602, 2154, 941]"
526,100,"[109, 174, 237, 255, 346, 477, 619, 755, 824, 838, 928, 1063, 1068, 1113, 1169, 1179, 1186, 1262, 1296, 1355, 1376, 1391, 1506, 1631, 1696, 1707, 1729, 1954, 1961, 2027, 2090, 2137, 2154, 2173, 2188]",35,1.0400519664399326,0.08458868274465203,0.0704585088350411,"[428022682, 427859512, 428022681, 84491517, 427455796, 553997351, 427960047, 554145425, 309886608, 17613869]","[1954, 1954, 1961, 1961, 1961, 1961, 619, 1961, 1954, 1631]"
527,100,"[10, 39, 111, 239, 262, 382, 428, 525, 533, 602, 645, 678, 737, 742, 754, 769, 786, 821, 831, 852, 876, 898, 901, 915, 917, 961, 1003, 1032, 1053, 1068, 1124, 1281, 1296, 1353, 1355, 1434, 1649, 1677, 1726, 1772, 1786, 1802, 1916, 1926, 1996, 2103, 2194, 2209, 2253, 2279, 2306, 2377]",52,2.0414637764915824,0.15988109773024917,0.09400748989383619,"[337770232, 425475211, 592620220, 315271558, 146162777, 89574241, 298427025, 552111389, 439929411, 572342237]","[915, 1649, 645, 239, 239, 917, 852, 239, 1068, 1926]"
528,100,"[112, 164, 201, 227, 241, 352, 373, 381, 382, 432, 446, 484, 533, 560, 672, 678, 742, 772, 777, 786, 834, 846, 979, 1010, 1130, 1145, 1157, 1192, 1194, 1226, 1265, 1434, 1530, 1552, 1559, 1600, 1618, 1686, 1691, 1692, 1696, 1726, 1742, 1880, 1886, 1916, 1922, 1996, 2011, 2027, 2038, 2140, 2175, 2253, 2302, 2321, 2377, 2378, 2421]",59,2.008729547727853,0.2048303480260074,0.11131356900036966,"[151560407, 519323868, 155391489, 366439712, 303464546, 491186959, 96285681, 413089858, 59000368, 221150388]","[1600, 1600, 1600, 1600, 1600, 1922, 1600, 1600, 382, 1600]"
529,100,"[278, 303, 349, 353, 399, 644, 692, 761, 770, 850, 926, 1063, 1189, 1224, 1245, 1376, 1568, 1821, 1878, 1925, 2059, 2097, 2271]",23,0.622857351321727,0.058290521148592234,0.06381962631586129,"[205692914, 48824457, 391242099, 241830589, 109037586, 403518541, 558218589, 178355751, 567412056, 141686781]","[1376, 399, 1376, 399, 399, 399, 399, 1376, 1376, 1376]"
530,100,"[112, 211, 263, 267, 277, 283, 381, 382, 397, 446, 543, 560, 602, 672, 758, 781, 786, 846, 876, 897, 1010, 1068, 1099, 1145, 1169, 1178, 1179, 1257, 1262, 1303, 1353, 1391, 1415, 1505, 1552, 1565, 1601, 1607, 1641, 1686, 1692, 1696, 1729, 1872, 1916, 2027, 2216, 2253, 2302, 2325, 2400]",51,1.7031537853181362,0.1521080737002194,0.08607948584226417,"[320549545, 319725303, 560178507, 560307609, 62190354, 260241454, 560202702, 530641319, 64563042, 560150858]","[382, 1607, 1686, 2325, 1415, 672, 1178, 672, 382, 382]"
531,100,"[10, 93, 100, 111, 112, 122, 227, 352, 381, 382, 432, 446, 463, 543, 557, 560, 602, 642, 672, 686, 742, 746, 781, 786, 846, 884, 897, 907, 968, 1068, 1093, 1099, 1169, 1178, 1186, 1257, 1349, 1353, 1408, 1415, 1552, 1557, 1559, 1618, 1641, 1645, 1686, 1692, 1696, 1763, 1809, 1860, 1954, 1996, 2031, 2212, 2216, 2264, 2302, 2321]",60,2.0819051321595907,0.19504431914538145,0.09547780855791643,"[20708183, 429534339, 501382547, 401768964, 557908968, 401751653, 502044240, 573040798, 545226018, 197916966]","[111, 111, 111, 111, 111, 557, 111, 111, 111, 672]"
532,100,"[10, 26, 40, 109, 112, 201, 241, 262, 322, 382, 402, 407, 442, 523, 525, 550, 555, 560, 627, 678, 729, 734, 737, 747, 786, 876, 880, 887, 892, 899, 931, 968, 993, 1025, 1053, 1106, 1143, 1218, 1262, 1349, 1360, 1410, 1470, 1492, 1493, 1505, 1536, 1552, 1559, 1618, 1649, 1671, 1677, 1692, 1699, 1701, 1708, 1777, 1852, 1859, 2031, 2105, 2188, 2279, 2311, 2330, 2377, 2421]",68,2.4437219169922173,0.20892684115096927,0.09314784199095276,"[61993233, 277965556, 272578831, 70028885, 447424439, 502085193, 487720156, 242700425, 123838096, 331898618]","[1852, 1699, 1470, 887, 1493, 1699, 1470, 1470, 1699, 109]"
533,100,"[68, 96, 112, 192, 247, 250, 258, 267, 316, 323, 693, 729, 758, 786, 791, 846, 915, 926, 968, 1027, 1099, 1178, 1183, 1209, 1284, 1332, 1443, 1516, 1536, 1565, 1641, 1744, 1746, 1872, 1916, 1964, 2156, 2194, 2196, 2226, 2400, 2425]",42,1.1513876104727387,0.12076643947511911,0.08145730577719708,"[590164671, 520149710, 428304541, 335233368, 552999872, 531186748, 227153031, 38374470, 544785162, 550557809]","[1516, 1516, 1516, 1516, 1516, 1516, 1516, 1516, 1744, 267]"
534,100,"[57, 92, 112, 252, 267, 277, 283, 382, 396, 454, 462, 528, 664, 672, 686, 744, 766, 781, 824, 876, 888, 924, 941, 1116, 1129, 1169, 1186, 1224, 1257, 1273, 1276, 1296, 1353, 1355, 1391, 1415, 1495, 1505, 1539, 1565, 1573, 1647, 1650, 1686, 1696, 1707, 1738, 2154, 2311, 2385]",50,1.8243405418470502,0.148421177174896,0.08750865732319653,"[378379284, 1332463, 330249683, 16387247, 377174133, 322669607, 51954795, 178299808, 214461142, 405639373]","[1686, 1738, 1129, 1573, 824, 252, 1224, 888, 1686, 1129]"
535,100,"[10, 111, 126, 164, 262, 382, 443, 475, 566, 602, 672, 678, 695, 754, 772, 781, 786, 846, 876, 897, 898, 915, 941, 951, 979, 1000, 1044, 1068, 1093, 1178, 1276, 1303, 1353, 1415, 1434, 1505, 1511, 1602, 1641, 1645, 1692, 1726, 1763, 1784, 1789, 1848, 1867, 1911, 1916, 2023, 2031, 2039, 2053, 2093, 2212, 2216, 2253, 2276, 2377, 2378]",60,2.024625492747873,0.1758350906893611,0.0861624112430339,"[135213883, 296608572, 348594901, 409569125, 58852724, 385436833, 391173564, 537511200, 224743290, 294221006]","[672, 2216, 672, 672, 672, 1789, 672, 1093, 672, 672]"
536,100,"[70, 185, 216, 275, 278, 303, 353, 374, 382, 399, 431, 471, 549, 554, 619, 625, 644, 669, 744, 758, 761, 848, 850, 926, 1189, 1288, 1348, 1369, 1376, 1568, 1682, 1723, 1821, 1841, 1878, 1898, 1981, 2029, 2050, 2077, 2180, 2231]",42,1.1253121076151729,0.10135019989684224,0.060464876083036266,"[402493468, 65971972, 456402608, 385738764, 131974822, 564485727, 230534218, 577566495, 363409200, 274330010]","[1376, 1376, 1376, 1376, 1376, 1376, 1376, 1376, 1376, 1376]"
537,100,"[39, 92, 112, 175, 194, 227, 241, 352, 353, 381, 382, 422, 446, 454, 564, 602, 607, 645, 672, 673, 682, 744, 746, 772, 775, 917, 968, 1031, 1106, 1169, 1186, 1194, 1226, 1419, 1505, 1528, 1573, 1600, 1618, 1686, 1691, 1696, 1744, 1763, 1809, 1988, 1996, 2027, 2214, 2301, 2321, 2421, 2425, 2426]",54,1.9605324217118323,0.17640258185565472,0.09818340214055583,"[118696928, 204662725, 369727882, 122549331, 240924035, 239161889, 432255990, 118696929, 414024632, 406975392]","[917, 194, 194, 917, 917, 746, 382, 917, 917, 917]"
538,100,"[10, 40, 96, 100, 112, 164, 194, 286, 352, 381, 382, 446, 457, 463, 484, 512, 550, 560, 672, 678, 746, 786, 829, 852, 876, 892, 917, 931, 968, 1025, 1032, 1099, 1169, 1226, 1262, 1415, 1481, 1552, 1559, 1618, 1686, 1692, 1696, 1700, 1742, 1780, 1809, 1836, 1860, 1890, 1922, 1990, 1996, 2017, 2027, 2105, 2175, 2253, 2264, 2279, 2377, 2421]",62,2.1247691526077688,0.20364506915211678,0.09648173594576938,"[165273779, 303820935, 320859813, 502516863, 134482581, 260695453, 534418664, 381833804, 42421416, 441462598]","[1692, 1809, 1692, 1692, 1692, 1692, 786, 1692, 1692, 1809]"
539,100,"[20, 96, 164, 201, 250, 258, 345, 381, 470, 484, 556, 604, 659, 673, 746, 786, 834, 892, 917, 993, 1025, 1027, 1450, 1543, 1573, 1618, 1692, 1694, 1732, 1744, 1772, 1835, 1886, 1922, 2095, 2175, 2194, 2214, 2226, 2425, 2426]",41,1.1722145220264792,0.11631006235256791,0.07543191406875849,"[123083666, 496986301, 241713019, 493392983, 5354004, 474528701, 39305778, 497005162, 452525700, 31285918]","[1744, 1692, 556, 1692, 1744, 470, 1835, 1692, 2095, 1027]"
540,100,"[10, 40, 96, 164, 250, 258, 262, 381, 484, 550, 560, 618, 659, 678, 746, 786, 852, 897, 898, 915, 993, 1025, 1027, 1044, 1068, 1099, 1303, 1346, 1556, 1563, 1618, 1685, 1692, 1744, 1772, 1774, 1780, 1922, 1996, 2095, 2105, 2175, 2194, 2214, 2216, 2226, 2279, 2377, 2425]",49,1.4995264830067754,0.145327755715698,0.08111310391021627,"[189654009, 267334804, 500010538, 63865312, 499928713, 398571746, 500224551, 539799815, 141016056, 198256727]","[1744, 1744, 1346, 1744, 1025, 852, 1744, 1772, 1692, 1744]"
541,100,"[10, 39, 72, 194, 286, 382, 432, 446, 484, 507, 602, 618, 672, 678, 777, 786, 834, 846, 852, 898, 901, 915, 979, 1027, 1032, 1068, 1099, 1103, 1124, 1157, 1178, 1181, 1226, 1353, 1453, 1499, 1587, 1618, 1641, 1692, 1696, 1742, 1744, 1786, 1916, 1933, 2175, 2214, 2216, 2264, 2279, 2302, 2321, 2378]",54,1.9713947772979736,0.18979620514437556,0.11569918320014107,"[11790623, 143974679, 368794346, 222598553, 143974680, 569457680, 399281845, 162451809, 251457724, 22277429]","[834, 834, 1099, 852, 834, 1032, 979, 39, 1099, 484]"
542,100,"[6, 80, 112, 240, 295, 315, 352, 364, 392, 421, 537, 544, 645, 673, 686, 707, 734, 1139, 1149, 1155, 1202, 1262, 1284, 1326, 1504, 1532, 1610, 1693, 1705, 1797, 1856, 1861, 1867, 1982, 2090, 2119, 2151, 2154, 2409]",39,1.4490330498665571,0.11625502677634358,0.0893180321316975,"[196948683, 384252313, 378222535, 318779862, 396119654, 197506474, 542486797, 439818553, 396160649, 542519853]","[1982, 1982, 2090, 707, 2090, 2090, 1982, 1982, 2090, 2090]"
543,100,"[27, 42, 76, 86, 109, 112, 186, 209, 275, 347, 368, 382, 392, 409, 455, 508, 560, 586, 734, 777, 793, 824, 844, 846, 880, 899, 1028, 1113, 1139, 1143, 1145, 1152, 1218, 1262, 1410, 1478, 1501, 1504, 1505, 1557, 1633, 1682, 1705, 1777, 1908, 1915, 1954, 1972, 2000, 2027, 2041, 2065, 2135, 2151, 2184, 2260, 2311, 2389, 2421]",59,1.891489111352712,0.17661041719838977,0.09736618636791611,"[358210674, 522718490, 416260114, 259058018, 496181573, 160788017, 133869573, 22039393, 426331662, 325753021]","[1504, 793, 1504, 1504, 1633, 1504, 1504, 1028, 793, 1504]"
544,100,"[1, 63, 112, 164, 262, 273, 278, 353, 401, 537, 571, 678, 743, 822, 867, 875, 1017, 1106, 1123, 1219, 1234, 1249, 1293, 1360, 1505, 1520, 1544, 1573, 1580, 1611, 1613, 1618, 1677, 1730, 1807, 1848, 1978, 2024, 2083, 2102, 2148, 2153, 2189, 2207, 2330]",45,1.658006712794304,0.14642001455649734,0.0965841356302715,"[379336593, 379312487, 379301705, 90026781, 379350332, 174112660, 264718859, 596057616, 379306138, 277515520]","[2153, 2153, 2153, 1580, 2153, 1611, 1580, 1580, 1580, 1580]"
545,100,"[209, 315, 409, 442, 524, 627, 651, 734, 740, 880, 1025, 1125, 1143, 1218, 1225, 1268, 1283, 1292, 1352, 1544, 1682, 1738, 1825, 1915, 2135, 2210, 2301, 2311, 2380, 2389, 2409]",31,1.0074652382172644,0.08286281814798713,0.07748214252323153,"[145084398, 423763699, 189694457, 387580617, 555148552, 338072917, 153822917, 344158863, 464936886, 284734160]","[627, 651, 627, 651, 651, 1915, 651, 651, 2380, 651]"
546,100,"[20, 63, 70, 84, 164, 192, 268, 288, 293, 447, 484, 550, 588, 595, 601, 625, 674, 682, 702, 712, 746, 811, 822, 875, 892, 908, 1091, 1219, 1249, 1276, 1329, 1419, 1425, 1434, 1456, 1467, 1505, 1516, 1520, 1544, 1573, 1600, 1611, 1618, 1645, 1730, 1783, 1872, 1886, 1978, 2024, 2029, 2082, 2426]",54,2.023359986487776,0.15661910036578774,0.07737318241830778,"[28169039, 28098047, 196600927, 343177902, 35221743, 599884884, 373205941, 525217917, 230805367, 163145883]","[1467, 1467, 1467, 712, 822, 712, 1467, 822, 712, 293]"
547,100,"[80, 97, 186, 209, 295, 329, 362, 385, 421, 645, 664, 686, 734, 810, 824, 1102, 1140, 1152, 1262, 1326, 1337, 1356, 1401, 1408, 1500, 1532, 1693, 1763, 1785, 1830, 1915, 1944, 1972, 1982, 2027, 2135, 2154, 2184, 2266, 2380]",40,1.3947978387586772,0.09956480795517564,0.0751866610138677,"[592182966, 592273675, 596623360, 240415233, 349892222, 74766187, 471609244, 390424334, 225248797, 31474832]","[824, 2135, 80, 2135, 2135, 1693, 824, 824, 824, 80]"
548,100,"[68, 98, 129, 184, 185, 241, 267, 331, 353, 359, 364, 374, 385, 523, 537, 554, 635, 645, 692, 700, 729, 791, 846, 850, 926, 957, 1053, 1106, 1189, 1233, 1245, 1276, 1283, 1319, 1326, 1355, 1369, 1401, 1505, 1511, 1565, 1573, 1608, 1609, 1618, 1649, 1662, 1705, 1821, 1916, 1946, 1981, 2052, 2231, 2245, 2256, 2287]",57,1.957962806802243,0.15917076356709003,0.0795522166268998,"[305235514, 416172459, 311121833, 583816488, 495811083, 496522439, 494016466, 462078825, 27420085, 356627288]","[791, 791, 791, 791, 791, 791, 791, 2231, 791, 791]"
549,100,"[39, 96, 112, 164, 241, 258, 263, 352, 381, 428, 446, 457, 463, 470, 484, 512, 537, 550, 737, 746, 786, 852, 876, 880, 931, 1027, 1183, 1209, 1346, 1556, 1618, 1662, 1692, 1696, 1700, 1742, 1744, 1772, 1774, 1780, 1783, 1809, 1836, 2053, 2095, 2175, 2214, 2226, 2264, 2425]",50,1.7043238948099315,0.16377629060298204,0.094767479095608,"[451205571, 97655870, 305268778, 413543884, 105421046, 305268780, 305256519, 161716231, 50254066, 515717579]","[1774, 1780, 1780, 1692, 1209, 512, 1027, 1027, 1774, 1774]"
550,100,"[20, 68, 164, 184, 213, 242, 267, 288, 293, 315, 344, 352, 368, 382, 428, 537, 544, 550, 600, 636, 670, 700, 729, 745, 746, 786, 791, 815, 834, 846, 908, 926, 968, 979, 1018, 1055, 1150, 1305, 1434, 1453, 1516, 1536, 1559, 1573, 1618, 1665, 1667, 1700, 1704, 1812, 1880, 1946, 1965, 1971, 1996, 2006, 2175, 2256, 2270, 2282, 2333, 2343, 2358, 2426]",64,2.1430526580661535,0.19533929880708456,0.08337430107712862,"[110104781, 365956345, 405342348, 379784786, 405220095, 403931308, 405201139, 403972390, 257063804, 596674800]","[2256, 2256, 2256, 2256, 2256, 1305, 2256, 2256, 2256, 2256]"
551,100,"[20, 63, 70, 96, 105, 112, 164, 213, 288, 385, 533, 537, 588, 595, 604, 674, 711, 746, 754, 758, 811, 876, 908, 931, 1004, 1106, 1183, 1266, 1322, 1346, 1360, 1505, 1544, 1551, 1559, 1608, 1618, 1645, 1649, 1662, 1700, 1749, 1783, 1848, 1916, 1978, 2024, 2095, 2102, 2140, 2253, 2311, 2343, 2426]",54,2.053537812549621,0.16759361419826746,0.09598181270821779,"[253128968, 550995109, 22696722, 64346359, 170092290, 272789943, 279323403, 289324148, 435520325, 378280007]","[1783, 1783, 758, 1783, 533, 20, 20, 20, 20, 1322]"
552,100,"[47, 107, 118, 174, 175, 241, 297, 315, 364, 382, 443, 459, 537, 647, 734, 758, 761, 821, 839, 850, 935, 1064, 1202, 1262, 1273, 1276, 1283, 1284, 1326, 1355, 1401, 1429, 1505, 1511, 1515, 1601, 1602, 1607, 1610, 1618, 1667, 1713, 1856, 1966, 1985, 2208, 2212, 2221, 2271, 2325, 2409, 2437]",52,1.7212759079411626,0.13940686453133821,0.07305149939538051,"[387430141, 430416570, 199144504, 47763948, 140760693, 471434271, 532291554, 505836682, 115008368, 199144482]","[935, 935, 935, 297, 935, 1601, 935, 1966, 1326, 935]"
553,100,"[10, 108, 112, 213, 241, 352, 382, 537, 560, 602, 618, 620, 672, 686, 734, 746, 786, 821, 846, 880, 892, 915, 917, 931, 941, 1010, 1068, 1092, 1145, 1150, 1157, 1169, 1186, 1262, 1296, 1324, 1353, 1408, 1415, 1434, 1450, 1499, 1558, 1559, 1602, 1608, 1618, 1686, 1696, 1700, 1726, 1742, 1841, 2006, 2053, 2154, 2253, 2264, 2273, 2421]",60,2.118323522154242,0.19111854350194335,0.09796179230324924,"[285159161, 461918618, 436301081, 314632339, 184182755, 257804328, 15633309, 259075731, 172932936, 385912748]","[382, 734, 672, 1186, 686, 1262, 686, 382, 686, 2154]"
554,100,"[70, 78, 84, 164, 175, 268, 273, 293, 301, 340, 422, 503, 682, 712, 746, 822, 892, 933, 1042, 1091, 1092, 1167, 1196, 1219, 1262, 1292, 1419, 1425, 1489, 1520, 1524, 1544, 1618, 1686, 1730, 1769, 1783, 1844, 2082, 2172, 2426, 2437, 2447]",43,1.1802194202318788,0.11634718673303723,0.06608806090797623,"[563590081, 547363610, 347670650, 347670648, 186317781, 571785563, 441406741, 502768381, 393800161, 282575724]","[1091, 1091, 1091, 1091, 1091, 1091, 1091, 1091, 1091, 1091]"
555,100,"[10, 60, 129, 263, 267, 286, 382, 442, 523, 550, 602, 618, 636, 645, 678, 729, 754, 786, 791, 821, 825, 831, 852, 898, 901, 915, 961, 1003, 1025, 1032, 1053, 1068, 1116, 1176, 1179, 1278, 1353, 1360, 1434, 1505, 1506, 1511, 1552, 1565, 1610, 1618, 1666, 1696, 1701, 1705, 1726, 1729, 1733, 1838, 1916, 2029, 2156, 2188, 2209, 2279, 2306, 2377, 2378]",63,2.2967836470343173,0.1793804788030684,0.08400994900702721,"[81834019, 428557457, 316225551, 209274715, 289474694, 340944129, 183636341, 201913935, 319105194, 52529459]","[1565, 1565, 1565, 729, 1565, 791, 791, 1565, 1726, 1565]"
556,100,"[47, 174, 237, 239, 255, 283, 346, 413, 431, 619, 683, 734, 744, 871, 911, 957, 1063, 1081, 1084, 1085, 1179, 1203, 1245, 1258, 1310, 1355, 1511, 1541, 1748, 1954, 2029, 2065, 2079, 2097, 2103, 2125, 2319, 2337]",38,1.1436227797530591,0.0968306208960712,0.06772114349357587,"[201539799, 278732438, 586027926, 135281203, 139451569, 239361347, 442181009, 405000154, 340332462, 236136050]","[2097, 2097, 2097, 2097, 2097, 2097, 346, 2097, 619, 2097]"
557,100,"[63, 70, 164, 201, 216, 263, 273, 288, 382, 550, 602, 618, 682, 702, 744, 758, 761, 892, 928, 965, 1053, 1185, 1288, 1293, 1360, 1434, 1514, 1544, 1584, 1610, 1644, 1662, 1719, 1730, 1807, 1841, 2017, 2028, 2029, 2077, 2082, 2180, 2279, 2415]",44,1.5253224303014576,0.12572139920666814,0.07523263558025726,"[302946939, 550848062, 520059973, 14569986, 29259430, 78657985, 145250360, 14581510, 380424102, 411965760]","[928, 1662, 892, 1662, 1584, 1662, 892, 1662, 1288, 2415]"
558,100,"[70, 72, 112, 131, 164, 170, 175, 192, 267, 382, 446, 523, 543, 555, 595, 602, 625, 657, 682, 700, 729, 745, 758, 786, 815, 856, 884, 892, 901, 917, 921, 968, 973, 977, 1025, 1031, 1099, 1103, 1169, 1178, 1194, 1219, 1249, 1291, 1327, 1360, 1392, 1505, 1515, 1516, 1536, 1551, 1618, 1686, 1744, 1749, 1783, 1872, 1990, 2029, 2302, 2400, 2425]",63,2.293263342231512,0.19661530246958137,0.09134252720867239,"[339775718, 249431267, 313037491, 354714703, 185218872, 359460564, 543882963, 127310136, 173027574, 356599999]","[1516, 72, 892, 1515, 1515, 973, 786, 884, 729, 856]"
559,100,"[72, 106, 184, 215, 242, 258, 267, 323, 378, 382, 428, 463, 600, 636, 693, 700, 729, 745, 786, 791, 884, 924, 979, 1017, 1018, 1305, 1343, 1346, 1404, 1418, 1434, 1493, 1582, 1649, 1744, 1780, 1880, 1916, 1946, 1962, 1974, 2006, 2052, 2095, 2125, 2194, 2226, 2256, 2282, 2333]",50,1.5241831000894308,0.14014815399423242,0.07696298959665,"[149011245, 149011244, 879383, 358962629, 301547627, 180913596, 180913602, 279158838, 244232859, 135997227]","[2256, 2256, 2256, 2256, 2256, 2256, 2256, 2256, 2256, 2256]"
560,100,"[6, 96, 109, 112, 164, 241, 250, 267, 288, 323, 353, 381, 382, 446, 523, 560, 602, 604, 620, 678, 729, 745, 746, 747, 769, 786, 846, 892, 908, 917, 968, 1025, 1027, 1106, 1130, 1150, 1346, 1434, 1505, 1559, 1598, 1618, 1662, 1692, 1696, 1700, 1744, 1749, 1780, 1783, 1852, 1916, 1946, 2095, 2175, 2194, 2226, 2253, 2329, 2377, 2378, 2425, 2426]",63,2.0406170138157904,0.20107321394607425,0.0949232881622655,"[479248961, 227952470, 505840292, 137410740, 356735023, 493062940, 505820636, 142364103, 293612120, 352879255]","[250, 250, 250, 2194, 250, 250, 250, 250, 1744, 250]"
561,100,"[63, 164, 196, 199, 201, 373, 382, 446, 459, 544, 564, 602, 618, 758, 825, 856, 908, 1053, 1068, 1130, 1145, 1181, 1194, 1226, 1265, 1327, 1353, 1425, 1489, 1552, 1558, 1686, 1696, 1726, 1783, 1786, 1839, 1880, 1886, 2082, 2095, 2102, 2140, 2378]",44,1.616940780542791,0.13981381803750992,0.09065235379702327,"[212133469, 598475734, 473061910, 64232253, 89415714, 352021386, 266862407, 498783143, 142678476, 455644080]","[908, 825, 564, 564, 544, 1726, 544, 2140, 1226, 382]"
562,100,"[288, 618, 751, 758, 825, 865, 875, 1003, 1185, 1252, 1265, 1354, 1360, 1379, 1429, 1470, 1506, 1514, 1584, 1660, 1726, 1750, 1794, 1807, 2104, 2419]",26,0.7530562784522772,0.07136964937672019,0.07506949129478577,"[60324652, 88325508, 240494730, 153654459, 486581686, 143361805, 483911632, 534956768, 544430370, 544430371]","[1726, 1726, 1726, 1726, 1726, 1726, 1726, 1660, 1726, 1726]"
563,100,"[5, 10, 56, 174, 175, 255, 262, 263, 267, 338, 382, 396, 407, 413, 422, 446, 468, 487, 543, 564, 602, 645, 682, 746, 828, 864, 917, 924, 968, 1068, 1091, 1178, 1194, 1262, 1276, 1278, 1296, 1415, 1425, 1429, 1444, 1459, 1495, 1506, 1511, 1618, 1644, 1686, 1696, 1812, 2015, 2061, 2097, 2253, 2279, 2301, 2387, 2447]",58,1.7131609683856368,0.16132481954991817,0.06950794552565263,"[447842928, 230938230, 371597128, 571371173, 330165389, 280007366, 223834768, 216360558, 306869074, 499446516]","[2015, 2015, 2015, 1644, 2015, 255, 2015, 2015, 2015, 2015]"
564,100,"[10, 26, 109, 175, 209, 210, 216, 240, 263, 344, 440, 442, 550, 627, 645, 651, 673, 734, 880, 892, 968, 1025, 1113, 1125, 1176, 1179, 1218, 1262, 1288, 1514, 1584, 1608, 1644, 1697, 1705, 1730, 1821, 1961, 1990, 2015, 2028, 2065, 2077, 2279, 2301, 2338, 2376, 2380, 2409, 2415, 2421]",51,1.5413739578798413,0.1356698633171618,0.07137573586192493,"[266646792, 29194220, 119178726, 260940865, 355649991, 355824508, 446593623, 370419775, 370412560, 260154787]","[2409, 2409, 2409, 2409, 627, 2409, 2077, 627, 2077, 627]"
565,100,"[20, 39, 96, 164, 194, 250, 258, 323, 352, 368, 382, 446, 470, 484, 544, 550, 746, 777, 786, 834, 846, 852, 908, 926, 979, 1027, 1053, 1130, 1226, 1346, 1530, 1700, 1744, 1749, 1946, 1996, 2038, 2095, 2175, 2194, 2214, 2253, 2264, 2298, 2421, 2425, 2426]",47,1.5708618853241205,0.17921020789071918,0.11416260976879362,"[131094810, 351827035, 256961745, 388422774, 19276295, 146564670, 432347069, 497049636, 451244349, 58388602]","[484, 1530, 926, 1027, 2175, 258, 926, 834, 1744, 1946]"
566,100,"[107, 201, 210, 297, 315, 382, 505, 528, 544, 550, 604, 607, 647, 658, 673, 711, 761, 777, 834, 902, 908, 1026, 1053, 1130, 1145, 1165, 1192, 1226, 1262, 1284, 1452, 1529, 1544, 1554, 1841, 1895, 1985, 1996, 2038, 2378, 2426]",41,1.441864823922515,0.1152807199396193,0.09026650896454912,"[272436769, 541364278, 88083414, 336488074, 34475341, 13584524, 415377701, 95977264, 275635349, 597857893]","[1165, 1165, 1165, 1165, 1165, 1165, 1554, 1554, 1165, 1165]"
567,100,"[1, 5, 10, 26, 175, 255, 379, 407, 443, 564, 595, 804, 917, 968, 1024, 1053, 1088, 1091, 1123, 1167, 1230, 1262, 1293, 1296, 1429, 1450, 1544, 1558, 1608, 1644, 1669, 1717, 1844, 1996, 2082, 2102, 2139, 2273, 2279, 2301, 2387]",41,1.2401989055797458,0.11838092608377337,0.07627130333879371,"[473929517, 538914775, 538925381, 140009310, 26346305, 286559593, 77980225, 302749586, 291344535, 77916249]","[255, 255, 255, 255, 255, 255, 255, 255, 255, 255]"
568,100,"[196, 227, 382, 422, 459, 468, 528, 630, 645, 821, 825, 902, 1078, 1092, 1106, 1116, 1129, 1146, 1167, 1169, 1196, 1224, 1262, 1273, 1296, 1308, 1355, 1408, 1425, 1495, 1557, 1608, 1696, 1769, 1825, 1839, 2027, 2098, 2105, 2273, 2421, 2437]",42,1.3044312805868685,0.10934568243101239,0.07447551623807244,"[98489561, 450102184, 38475886, 374999993, 567314320, 265937628, 38557328, 356000186, 42930795, 43217788]","[1408, 825, 468, 1408, 468, 1129, 468, 468, 468, 468]"
569,100,"[26, 47, 57, 97, 174, 175, 241, 255, 305, 315, 338, 346, 382, 407, 413, 431, 554, 619, 635, 645, 663, 669, 751, 821, 824, 825, 871, 1063, 1081, 1129, 1179, 1186, 1224, 1257, 1288, 1319, 1332, 1355, 1401, 1478, 1506, 1514, 1601, 1696, 1729, 1730, 1911, 1954, 1961, 2065, 2081, 2088, 2097, 2103, 2154, 2258, 2279, 2287, 2338, 2382]",60,1.8981233797967434,0.15355098340660334,0.07015958429547027,"[496850423, 42399778, 479823429, 384850063, 310092822, 515657031, 284431052, 592818229, 28681453, 27320890]","[669, 669, 619, 619, 1081, 619, 669, 669, 619, 1081]"
570,100,"[36, 201, 286, 373, 382, 446, 463, 484, 544, 550, 602, 737, 746, 754, 786, 834, 852, 908, 979, 1027, 1053, 1068, 1130, 1226, 1262, 1346, 1530, 1552, 1618, 1696, 1700, 1744, 1880, 1916, 1933, 1996, 2095, 2175, 2253, 2264, 2378, 2426]",42,1.6101091615855694,0.15025431010872126,0.1044651666112865,"[352159117, 111281527, 513465414, 540353667, 589469571, 540420201, 14727417, 136221506, 196776433, 375467088]","[908, 2095, 2095, 2175, 2095, 2175, 2095, 2378, 2095, 2095]"
571,100,"[26, 57, 109, 112, 174, 209, 240, 252, 255, 368, 382, 385, 396, 446, 462, 602, 686, 744, 781, 824, 846, 897, 1025, 1063, 1106, 1113, 1116, 1152, 1186, 1257, 1262, 1324, 1326, 1355, 1408, 1505, 1532, 1557, 1602, 1686, 1696, 1705, 1730, 1763, 1768, 1769, 1954, 1985, 1995, 2027, 2036, 2154, 2212, 2279, 2385]",55,1.8775780475698411,0.16359519539400935,0.08738457397981124,"[440077489, 364789004, 247218488, 460459013, 322463011, 315918906, 163450937, 486302639, 295748972, 315754944]","[781, 781, 781, 781, 781, 781, 781, 781, 781, 781]"
572,100,"[112, 227, 241, 252, 352, 382, 431, 446, 463, 560, 672, 686, 772, 781, 786, 846, 941, 977, 1010, 1093, 1099, 1145, 1157, 1181, 1186, 1257, 1353, 1408, 1415, 1499, 1557, 1686, 1692, 1696, 1763, 1809, 1860, 2027, 2102, 2130, 2154, 2292, 2302, 2321]",44,1.2962134536355734,0.15438536601141095,0.10196330028437925,"[187832962, 370449528, 579993383, 220490382, 275145977, 569221911, 39802519, 241829360, 430536765, 186160019]","[382, 672, 672, 672, 1186, 1186, 1186, 1415, 1186, 1186]"
573,100,"[26, 68, 170, 184, 263, 267, 364, 471, 475, 523, 557, 620, 645, 700, 729, 791, 856, 901, 907, 926, 999, 1003, 1068, 1233, 1319, 1469, 1505, 1509, 1511, 1565, 1607, 1666, 1682, 1705, 1734, 1794, 1867, 1916, 1962, 2065, 2072, 2107, 2177, 2208, 2212, 2245, 2287, 2338, 2365, 2419]",50,1.5209883619099855,0.1347875534556806,0.07482575905509294,"[472042446, 472042443, 275520693, 213767531, 204516723, 202782288, 477485815, 82702990, 122975044, 203558264]","[184, 184, 2245, 2245, 2245, 2245, 364, 2245, 184, 364]"
574,100,"[10, 63, 84, 192, 273, 382, 566, 595, 602, 625, 636, 758, 786, 813, 831, 892, 941, 1068, 1194, 1291, 1324, 1329, 1425, 1514, 1551, 1580, 1611, 1618, 1645, 1660, 1696, 1730, 1786, 1807, 1848, 1872, 2029, 2082, 2140, 2279]",40,1.4874702389352024,0.12243171827867627,0.08185968567267991,"[329749426, 23495679, 327771246, 182762665, 197075458, 329780075, 529181142, 66200712, 399898664, 516182272]","[192, 1329, 2082, 84, 2082, 1291, 84, 625, 941, 84]"
575,100,"[70, 76, 80, 109, 209, 240, 275, 288, 347, 392, 455, 508, 627, 734, 740, 793, 824, 880, 899, 1092, 1097, 1113, 1116, 1129, 1139, 1143, 1145, 1155, 1167, 1225, 1262, 1288, 1297, 1326, 1478, 1504, 1544, 1557, 1633, 1705, 1707, 1777, 1797, 1825, 1961, 2000, 2027, 2041, 2065, 2119, 2173, 2409]",52,1.599511323031038,0.14044537208974361,0.07603234025793007,"[771940, 771942, 429182572, 464559510, 167257391, 771941, 362577405, 34483015, 461600878, 774951]","[209, 1633, 347, 347, 347, 1633, 347, 347, 347, 1633]"
576,100,"[5, 10, 12, 26, 202, 255, 279, 286, 338, 382, 407, 443, 496, 540, 618, 620, 663, 678, 683, 704, 769, 821, 917, 919, 1123, 1241, 1258, 1296, 1307, 1434, 1439, 1460, 1506, 1514, 1592, 1665, 1713, 1833, 1838, 1841, 1955, 2072, 2088, 2097, 2209, 2279, 2318, 2337, 2377, 2387, 2440]",51,1.3809148375876248,0.12935313349589705,0.06942228791669157,"[437210537, 215555962, 464257251, 336076249, 361200040, 221075996, 140009631, 336075144, 80923322, 490033426]","[12, 12, 12, 12, 12, 12, 12, 5, 12, 1592]"
577,100,"[6, 10, 26, 72, 112, 164, 175, 213, 258, 262, 286, 382, 537, 550, 560, 618, 620, 670, 678, 729, 737, 746, 786, 821, 834, 876, 892, 898, 901, 917, 931, 968, 1025, 1106, 1262, 1360, 1419, 1505, 1514, 1559, 1608, 1618, 1700, 1742, 1744, 1839, 1841, 1946, 1996, 2105, 2175, 2253, 2264, 2279, 2421]",55,1.966656417120248,0.1809355285950005,0.09785120286978781,"[526997720, 471932470, 38037888, 83333259, 232858603, 594640809, 541759792, 349090450, 207897728, 248940775]","[72, 2175, 10, 2175, 670, 1419, 892, 1841, 560, 10]"
578,100,"[10, 26, 51, 174, 263, 267, 292, 338, 382, 431, 566, 602, 618, 694, 751, 892, 898, 1003, 1032, 1068, 1081, 1125, 1176, 1179, 1194, 1281, 1288, 1296, 1324, 1434, 1506, 1514, 1587, 1618, 1653, 1660, 1696, 1923, 1954, 2029, 2065, 2072, 2088, 2188, 2279, 2440]",46,1.645563904196024,0.13235429488122463,0.08387596223948766,"[76031505, 203432599, 498698775, 273225628, 291604185, 136361427, 462772718, 462716777, 278758162, 48309235]","[1032, 1032, 566, 1032, 1032, 1653, 1032, 1653, 1032, 382]"
579,100,"[20, 63, 164, 201, 241, 373, 382, 389, 484, 544, 564, 604, 746, 758, 834, 908, 979, 1031, 1130, 1159, 1192, 1226, 1346, 1425, 1530, 1645, 1698, 1700, 1726, 1730, 1783, 1872, 1886, 1916, 1946, 2038, 2095, 2140, 2333, 2378, 2397, 2425, 2426]",43,1.5475988145917654,0.1312418137677014,0.08633402471842114,"[273577208, 100927456, 550864144, 451783471, 58132671, 407817478, 380376454, 451742210, 176166777, 263991857]","[2397, 2397, 2397, 2397, 2397, 2397, 1192, 2397, 2397, 2397]"
580,100,"[20, 68, 70, 84, 112, 164, 268, 283, 293, 342, 553, 562, 588, 625, 729, 758, 815, 908, 941, 968, 1018, 1085, 1091, 1194, 1222, 1262, 1305, 1425, 1466, 1516, 1536, 1551, 1565, 1574, 1601, 1645, 1667, 1709, 1807, 1848, 1872, 2039, 2082, 2140, 2256, 2282]",46,1.1850648107938468,0.10898917214944959,0.06324169454772187,"[489394641, 194509153, 67393348, 365720678, 470309177, 122260749, 583650045, 501212221, 232408237, 156256342]","[1018, 1018, 1018, 1018, 1018, 1018, 1018, 1018, 1018, 1018]"
581,100,"[10, 26, 72, 239, 242, 258, 262, 428, 484, 537, 550, 560, 600, 618, 670, 678, 729, 737, 786, 821, 834, 876, 898, 901, 915, 917, 926, 980, 993, 1003, 1025, 1123, 1234, 1296, 1303, 1450, 1543, 1608, 1684, 1780, 1946, 1996, 2006, 2105, 2139, 2175, 2209, 2264, 2279, 2377]",50,1.849493894726038,0.15461880806833506,0.08591837201267481,"[202355617, 248972689, 238045830, 349108730, 238036671, 229454520, 476362339, 428364306, 238201816, 152918264]","[600, 926, 600, 926, 600, 600, 600, 600, 600, 600]"
582,100,"[131, 186, 252, 385, 413, 586, 686, 734, 807, 824, 941, 1019, 1063, 1093, 1113, 1152, 1186, 1257, 1262, 1408, 1527, 1532, 1693, 1696, 1763, 1785, 1944, 1995, 2027, 2036, 2090, 2134, 2135, 2154, 2184, 2380]",36,1.2642739214934409,0.09269272163510323,0.0779932448705141,"[536835298, 338595158, 507160926, 551179478, 535353451, 452364771, 313890061, 98404273, 90660656, 573709207]","[2154, 2154, 2154, 2154, 2154, 2154, 2154, 2154, 2154, 2154]"
583,100,"[10, 201, 288, 352, 381, 382, 443, 484, 533, 537, 544, 550, 560, 564, 618, 746, 786, 834, 846, 876, 892, 901, 908, 917, 968, 1010, 1025, 1053, 1125, 1130, 1157, 1226, 1434, 1450, 1505, 1552, 1558, 1559, 1608, 1618, 1686, 1692, 1696, 1780, 1783, 1839, 1916, 1996, 2102, 2175, 2264, 2279, 2377, 2421, 2426]",55,2.1524657467380166,0.17925405409187078,0.09529814788733017,"[366594023, 197982629, 538899556, 186327201, 28586845, 303558475, 381071098, 302932857, 531236717, 584665657]","[382, 382, 382, 382, 382, 382, 382, 382, 382, 382]"
584,100,"[39, 100, 112, 194, 352, 381, 397, 412, 432, 446, 560, 602, 618, 672, 737, 746, 777, 786, 852, 968, 1032, 1068, 1099, 1124, 1150, 1181, 1226, 1419, 1499, 1692, 1696, 1700, 1726, 1742, 1809, 1860, 1890, 1933, 1996, 2006, 2027, 2102, 2273, 2292, 2298, 2321]",46,1.605555412825197,0.17046431358903646,0.1252801827630838,"[365086743, 384524498, 386081585, 584012182, 264913044, 15905723, 162287460, 274204087, 239518467, 418460283]","[1181, 1181, 1419, 1181, 1692, 1181, 39, 1181, 1419, 1181]"
585,100,"[10, 109, 194, 199, 211, 241, 255, 352, 378, 382, 422, 463, 528, 537, 550, 564, 573, 673, 743, 746, 786, 846, 871, 892, 917, 1092, 1106, 1202, 1226, 1262, 1419, 1450, 1481, 1495, 1558, 1573, 1608, 1618, 1677, 1686, 1692, 1700, 1809, 1812, 1839, 1985, 1996, 2071, 2105, 2125, 2264, 2273, 2279, 2301, 2421]",55,1.924967277329415,0.16528333397582173,0.08213328897783702,"[113493376, 158424658, 229605502, 229588557, 103108200, 261207769, 113411848, 545495268, 301361761, 367443761]","[199, 1419, 2125, 2071, 2125, 382, 194, 2125, 2071, 1202]"
586,100,"[164, 201, 241, 373, 381, 382, 389, 484, 544, 564, 746, 786, 834, 908, 979, 1130, 1159, 1178, 1194, 1226, 1530, 1552, 1696, 1698, 1880, 1886, 1912, 1914, 1916, 1933, 2038, 2140, 2183, 2295, 2378]",35,1.2386426767334342,0.1070562987588346,0.08694541678497834,"[477671044, 226950698, 199290506, 160217145, 390578956, 57226806, 220582591, 319774700, 9901132, 56384349]","[484, 2295, 2295, 1226, 484, 382, 2295, 484, 2295, 2295]"
587,100,"[68, 112, 184, 267, 283, 316, 428, 523, 543, 562, 636, 700, 729, 758, 791, 908, 926, 1003, 1018, 1053, 1068, 1194, 1305, 1349, 1355, 1415, 1551, 1552, 1565, 1701, 1729, 1916, 1929, 2052, 2156, 2245, 2256, 2282, 2400]",39,1.3318859259597957,0.11319309333339334,0.08604730028085984,"[175818502, 474016655, 450346622, 398947805, 188896256, 443107323, 93382711, 219341708, 13335766, 574663448]","[791, 791, 1305, 791, 267, 1565, 2282, 523, 523, 1415]"
588,100,"[164, 201, 373, 389, 484, 544, 693, 746, 786, 834, 908, 979, 1025, 1053, 1130, 1159, 1178, 1192, 1530, 1552, 1692, 1698, 1886, 1912, 1914, 1916, 1933, 2140, 2175, 2183, 2333, 2378]",32,1.0776071706786752,0.09580975444987416,0.08564465041854419,"[75423562, 482782637, 524051178, 112943153, 449240029, 447901314, 69395027, 263821027, 274236965, 566866547]","[484, 1886, 484, 1886, 484, 1912, 484, 484, 1886, 1886]"
589,100,"[109, 199, 211, 344, 352, 470, 537, 544, 604, 627, 644, 673, 711, 734, 737, 743, 746, 1064, 1106, 1143, 1202, 1218, 1225, 1292, 1297, 1419, 1429, 1537, 1573, 1583, 1601, 1667, 1677, 1686, 1812, 1828, 1985, 1996, 2039, 2189, 2206, 2207, 2271, 2301, 2325, 2354, 2421, 2447]",48,1.4341851752251387,0.13158526690676808,0.07640542573547766,"[51722543, 544158612, 71189472, 532401074, 317240786, 544158611, 500392072, 244648089, 523309132, 544506452]","[1202, 1218, 1202, 1202, 1202, 1202, 1202, 1202, 1202, 1202]"
590,100,"[97, 102, 170, 199, 262, 401, 571, 572, 601, 628, 665, 678, 828, 862, 907, 946, 970, 980, 1017, 1106, 1123, 1213, 1234, 1338, 1442, 1540, 1677, 1924, 1967, 1997, 2011, 2031, 2044, 2061, 2191, 2207, 2421]",37,1.1066998983733356,0.11195731395855546,0.08823743023330698,"[540273745, 291758973, 191187373, 183341271, 117889920, 325993256, 570182881, 55508548, 481016194, 74833640]","[1234, 970, 970, 946, 862, 862, 970, 970, 970, 665]"
591,100,"[20, 39, 96, 112, 164, 250, 258, 262, 352, 381, 470, 521, 550, 571, 604, 657, 673, 737, 746, 747, 786, 892, 901, 907, 917, 1010, 1027, 1106, 1183, 1218, 1346, 1419, 1492, 1499, 1556, 1665, 1700, 1744, 1749, 1860, 1890, 1996, 2095, 2124, 2175, 2214, 2421, 2425, 2426]",49,1.4451940194703639,0.16816971125081182,0.09575930858810185,"[296697511, 136136243, 151897408, 194563699, 91825157, 186857299, 428646027, 88106722, 525960136, 484265063]","[470, 604, 1106, 1744, 746, 2426, 1010, 1744, 746, 20]"
592,100,"[10, 40, 61, 68, 70, 92, 112, 175, 201, 247, 316, 331, 442, 484, 537, 550, 566, 601, 627, 645, 673, 693, 711, 734, 821, 876, 892, 931, 968, 1019, 1025, 1044, 1178, 1276, 1283, 1284, 1303, 1326, 1484, 1505, 1516, 1544, 1559, 1602, 1618, 1641, 1645, 1692, 1746, 1858, 1932, 1985, 2174, 2212, 2257, 2301, 2311, 2338, 2377, 2421, 2430]",61,2.024605614133179,0.17651301249861717,0.0833376458059752,"[161497776, 570734412, 437848111, 352279542, 418025008, 279266569, 503451317, 34947156, 108878641, 399929000]","[1932, 1516, 1516, 247, 1516, 1178, 247, 1516, 1178, 1178]"
593,100,"[1, 26, 109, 216, 227, 241, 301, 303, 325, 331, 340, 374, 413, 434, 528, 619, 692, 743, 744, 766, 803, 825, 905, 957, 1084, 1129, 1143, 1155, 1169, 1226, 1230, 1296, 1312, 1355, 1369, 1410, 1444, 1450, 1481, 1568, 1608, 1717, 1738, 1794, 1839, 2077, 2098, 2105, 2124, 2263, 2354, 2430]",52,1.510418752208352,0.14773174142464995,0.07659596413409767,"[62564213, 62564212, 292362697, 475167337, 153448664, 45424356, 551927611, 552189324, 63543594, 273410682]","[2430, 2430, 2430, 2430, 2430, 2430, 2430, 2430, 2430, 2430]"
594,100,"[10, 118, 174, 175, 241, 255, 346, 382, 395, 413, 428, 431, 443, 475, 477, 533, 550, 619, 645, 647, 678, 744, 754, 786, 825, 846, 850, 898, 935, 1003, 1065, 1068, 1116, 1203, 1264, 1265, 1326, 1355, 1434, 1439, 1511, 1515, 1601, 1602, 1667, 1682, 1748, 1794, 1839, 1841, 1916, 1923, 2072, 2103, 2221, 2271, 2279, 2287, 2306, 2325, 2378, 2419]",62,2.2055690842680633,0.17798479506745934,0.08347825699996564,"[168881132, 263043432, 168840713, 588274932, 578693503, 212521151, 191546062, 517951150, 266620919, 164428144]","[1601, 2287, 1667, 1065, 647, 1794, 1794, 2287, 647, 1794]"
595,100,"[47, 174, 263, 315, 346, 413, 431, 619, 645, 663, 694, 744, 751, 871, 898, 1003, 1032, 1063, 1068, 1081, 1107, 1179, 1257, 1288, 1355, 1506, 1509, 1511, 1601, 1653, 1660, 1696, 1705, 1730, 1911, 1923, 1954, 1961, 2065, 2088, 2103, 2154, 2338]",43,1.5473985872231424,0.1174375880509615,0.07958812976992408,"[547046290, 275560893, 106264746, 104460633, 474417755, 367391428, 325554586, 182027597, 140931744, 459634385]","[619, 619, 619, 619, 619, 619, 619, 619, 619, 619]"
596,100,"[20, 63, 70, 84, 105, 164, 268, 293, 537, 588, 625, 674, 682, 702, 729, 746, 758, 772, 791, 822, 892, 926, 1091, 1150, 1194, 1249, 1291, 1327, 1346, 1419, 1425, 1520, 1544, 1551, 1557, 1600, 1730, 1769, 1801, 1807, 1841, 1844, 1971, 2015, 2017, 2029, 2082, 2172, 2343, 2426, 2447]",51,1.580995208118111,0.1444658380933106,0.0716181749514505,"[123127955, 303041014, 179716294, 395202347, 188759256, 338469332, 163143152, 302881821, 395180970, 400018106]","[293, 293, 293, 293, 1091, 293, 2172, 293, 293, 293]"
597,100,"[1, 5, 10, 255, 262, 300, 301, 340, 379, 443, 483, 564, 618, 692, 876, 917, 1167, 1230, 1296, 1312, 1450, 1489, 1558, 1608, 1691, 1717, 1786, 1839, 1996, 2102, 2105, 2273, 2279, 2421]",34,1.1092296089045703,0.10768317943438888,0.08817073358359802,"[92206394, 65698452, 30933330, 545028152, 92104846, 502576435, 521676482, 209046495, 394590971, 248946728]","[1717, 1717, 1717, 917, 443, 1717, 443, 1717, 255, 564]"
598,100,"[6, 129, 185, 212, 241, 311, 325, 454, 455, 619, 669, 744, 825, 912, 1019, 1114, 1129, 1169, 1186, 1319, 1369, 1715, 1748, 1954, 2027, 2079, 2154, 2287, 2385, 2430]",30,0.777049976401031,0.0792243704199791,0.07088857005971173,"[421629912, 241271105, 484100820, 132278938, 541584758, 263799811, 76505596, 20240455, 366369093, 540686024]","[1748, 669, 2154, 1748, 325, 1748, 1748, 1748, 325, 669]"
599,100,"[25, 59, 67, 175, 212, 286, 315, 325, 351, 468, 550, 601, 604, 645, 647, 658, 673, 682, 734, 761, 785, 791, 850, 1129, 1178, 1202, 1262, 1273, 1284, 1326, 1401, 1478, 1505, 1537, 1600, 1610, 1650, 1675, 1719, 1748, 1856, 1895, 1923, 1985, 2065, 2306, 2409, 2437]",48,1.4105374268256128,0.1167071913369,0.06581981251656543,"[527020027, 102815399, 343008286, 175685298, 501330071, 528146187, 197172078, 255818314, 286064649, 27334687]","[1856, 1856, 1856, 1856, 1856, 1856, 1856, 1856, 1856, 1856]"
600,100,"[1, 6, 10, 26, 70, 84, 164, 175, 211, 268, 286, 315, 443, 528, 564, 588, 627, 711, 821, 867, 892, 908, 917, 1022, 1092, 1106, 1129, 1143, 1167, 1202, 1262, 1327, 1489, 1544, 1610, 1665, 1717, 1730, 1769, 1902, 1925, 2082, 2301, 2311, 2409, 2421]",46,1.4700419656001031,0.13860612781718373,0.08014145387721289,"[424952617, 384323025, 500607810, 199163839, 484609720, 107885682, 599300985, 119051487, 396516428, 14502669]","[1544, 1544, 1544, 1544, 1544, 1544, 1544, 1544, 1544, 1544]"
601,100,"[14, 109, 174, 196, 240, 255, 315, 422, 459, 468, 528, 573, 630, 673, 734, 746, 821, 1092, 1106, 1116, 1129, 1143, 1167, 1196, 1262, 1296, 1308, 1425, 1478, 1489, 1495, 1557, 1618, 1669, 1825, 1839, 1902, 2071, 2098, 2173, 2273, 2421, 2437]",43,1.1647754763253033,0.11268208222463727,0.07080038017485031,"[406436395, 339749203, 165416542, 370229257, 75129625, 354676777, 205058866, 284043042, 464651684, 596229903]","[468, 468, 468, 468, 468, 468, 468, 1495, 468, 468]"
602,100,"[72, 86, 96, 112, 164, 262, 440, 446, 470, 484, 560, 570, 573, 604, 673, 678, 743, 746, 747, 786, 852, 880, 917, 968, 1027, 1106, 1209, 1249, 1286, 1331, 1505, 1537, 1556, 1600, 1618, 1691, 1692, 1694, 1744, 1772, 1783, 1803, 1809, 1922, 1971, 2124, 2214, 2226, 2264, 2377, 2421, 2425]",52,1.6570562440901995,0.16576950624585152,0.09345830985918067,"[334476013, 207152477, 182239198, 253793192, 384197541, 456652634, 357619060, 98869341, 288529500, 459993720]","[1744, 604, 2226, 1744, 2214, 1744, 2226, 604, 1286, 1744]"
603,100,"[112, 262, 352, 368, 381, 382, 413, 431, 446, 560, 602, 672, 686, 754, 786, 824, 846, 941, 1010, 1019, 1068, 1099, 1157, 1169, 1179, 1186, 1257, 1324, 1408, 1415, 1453, 1499, 1602, 1686, 1692, 1696, 1703, 1729, 1763, 1786, 1872, 1926, 2027, 2154, 2292, 2302]",46,1.4970598137006164,0.14956745319068432,0.09499996195992698,"[588878422, 427309145, 55541073, 553220401, 471025135, 369130037, 169822083, 167363499, 320293660, 167244620]","[1186, 1186, 1186, 1186, 1186, 1186, 1186, 1186, 1186, 1186]"
604,100,"[175, 186, 247, 267, 277, 362, 396, 409, 444, 487, 515, 550, 647, 651, 664, 693, 863, 888, 941, 945, 1025, 1178, 1257, 1326, 1415, 1462, 1505, 1516, 1552, 1746, 1768, 1769, 1848, 1858, 1908, 1915, 1932, 1943, 2015, 2036, 2135, 2196, 2212, 2260, 2279, 2332]",46,1.388610034249723,0.12067417707294226,0.06811063988235495,"[229471206, 336299223, 481723434, 422487549, 110483703, 69759352, 481723432, 481723433, 386527738, 427311451]","[664, 664, 664, 664, 664, 664, 664, 664, 277, 277]"
605,100,"[52, 118, 174, 211, 255, 283, 346, 378, 413, 419, 444, 477, 542, 619, 754, 871, 1032, 1063, 1081, 1084, 1085, 1107, 1179, 1203, 1258, 1310, 1326, 1355, 1506, 1511, 1602, 1729, 2015, 2065, 2078, 2085, 2097, 2103, 2125, 2212, 2221, 2431]",42,1.201855035033077,0.10173460934311152,0.06669130200143195,"[390687446, 476178581, 225134385, 424621063, 44583711, 287036467, 401340397, 57928208, 467091109, 42536575]","[477, 2065, 2103, 477, 419, 477, 2103, 2103, 2103, 2103]"
606,100,"[77, 85, 112, 211, 344, 382, 422, 428, 446, 470, 544, 550, 908, 1053, 1091, 1106, 1130, 1143, 1165, 1178, 1202, 1262, 1284, 1429, 1498, 1601, 1602, 1618, 1667, 1686, 1812, 1985, 2039, 2125, 2174, 2271, 2325, 2426]",38,1.1457086503505707,0.10984885273501277,0.08289302427836351,"[52685700, 436624064, 436624049, 69903041, 436624051, 436822737, 38712243, 215705799, 316890181, 499509758]","[1165, 544, 1165, 1165, 544, 1053, 1165, 1165, 544, 1165]"
607,100,"[168, 196, 303, 315, 340, 468, 528, 564, 639, 647, 658, 1024, 1026, 1078, 1092, 1129, 1131, 1167, 1196, 1203, 1273, 1293, 1308, 1396, 1450, 1489, 1495, 1529, 1608, 1650, 1669, 1806, 1839, 1895, 1902, 2098, 2273, 2383]",38,1.0333280032500625,0.10505446186289191,0.06954370787073123,"[569627681, 81381669, 419304340, 247470802, 538996026, 309763558, 371611327, 72525570, 132771547, 554063361]","[2383, 1196, 1806, 1196, 1308, 2383, 1196, 1308, 1308, 1273]"
608,100,"[16, 109, 187, 337, 740, 741, 844, 885, 899, 926, 1010, 1036, 1143, 1157, 1218, 1225, 1292, 1335, 1708, 1885, 1950, 1996, 2000, 2105, 2130, 2389, 2421]",27,0.6938714128918946,0.0752098266966641,0.0923361375031096,"[95463379, 567985689, 192945609, 120280881, 232253191, 297576433, 20785716, 298440582, 64716623, 241988467]","[187, 187, 187, 187, 187, 187, 187, 187, 187, 187]"
609,100,"[10, 39, 51, 194, 286, 370, 381, 462, 533, 550, 566, 602, 618, 672, 737, 786, 834, 852, 892, 898, 901, 917, 968, 977, 1025, 1032, 1044, 1068, 1099, 1103, 1178, 1194, 1303, 1434, 1618, 1641, 1692, 1696, 1729, 1744, 1933, 2006, 2029, 2053, 2105, 2156, 2175, 2216, 2279]",49,1.9070331510156393,0.14961916720494628,0.09083680142838584,"[154902085, 588498671, 472270857, 296244183, 276438660, 461278669, 385754724, 414459931, 401702631, 433786123]","[1692, 834, 2175, 2175, 2216, 1099, 1099, 852, 381, 1099]"
610,100,"[1, 5, 10, 109, 175, 209, 210, 240, 255, 294, 315, 344, 382, 407, 442, 524, 544, 550, 564, 591, 627, 651, 673, 734, 871, 892, 1025, 1092, 1106, 1125, 1129, 1178, 1202, 1218, 1219, 1262, 1278, 1296, 1429, 1478, 1505, 1644, 1677, 1705, 1749, 1769, 1812, 1961, 2071, 2098, 2175, 2177, 2279, 2301, 2362, 2377, 2380, 2409, 2421, 2437]",60,1.7623420367017388,0.15650230227038264,0.06950752043630928,"[2727716, 573703927, 560808089, 2737865, 386771216, 13610151, 105642113, 381455618, 322112568, 189747804]","[651, 1092, 627, 1025, 627, 627, 627, 627, 1262, 1262]"
611,100,"[6, 112, 194, 196, 199, 275, 301, 340, 352, 407, 468, 528, 564, 746, 786, 821, 880, 917, 1010, 1092, 1106, 1143, 1167, 1225, 1226, 1262, 1285, 1292, 1346, 1419, 1425, 1450, 1489, 1495, 1524, 1686, 1730, 1825, 1996, 2027, 2082, 2095, 2175, 2279, 2301, 2387, 2421, 2426]",48,1.373309946153313,0.15740301040932536,0.08821346456049166,"[332898321, 402436642, 40346389, 443497886, 482143889, 71669903, 7384382, 30635393, 225455397, 392587440]","[1226, 2426, 2426, 1524, 1262, 352, 2426, 2426, 2426, 2426]"
612,100,"[20, 112, 164, 194, 201, 241, 373, 381, 389, 446, 484, 672, 682, 742, 746, 781, 786, 834, 852, 876, 892, 908, 917, 979, 1025, 1031, 1130, 1159, 1178, 1194, 1219, 1249, 1375, 1415, 1516, 1530, 1552, 1686, 1691, 1692, 1694, 1696, 1698, 1744, 1783, 1860, 1872, 1886, 1890, 1914, 1933, 2124, 2140, 2175, 2214, 2321, 2329, 2378]",58,1.8268168084323406,0.19370892690494657,0.0943884518768253,"[38567733, 564410849, 544164872, 263408385, 276854456, 8481394, 90141804, 444249025, 356097437, 442453543]","[484, 484, 484, 484, 484, 484, 484, 781, 484, 484]"
613,100,"[10, 159, 174, 239, 241, 255, 262, 263, 283, 286, 382, 395, 602, 672, 683, 786, 852, 876, 898, 1032, 1065, 1068, 1081, 1099, 1179, 1257, 1262, 1281, 1296, 1324, 1391, 1434, 1506, 1511, 1514, 1552, 1618, 1631, 1644, 1696, 1729, 1786, 1926, 1954, 1961, 2015, 2027, 2029, 2097, 2188, 2279, 2318, 2337, 2440]",54,1.760524716693908,0.16118855914101005,0.08807192119786998,"[39115881, 551012222, 342645339, 259939626, 39115882, 63532455, 134097358, 145974052, 39115904, 270086623]","[1954, 1954, 2027, 1631, 1391, 2027, 672, 1391, 1954, 1391]"
614,100,"[1, 6, 14, 32, 112, 174, 196, 211, 275, 337, 382, 424, 446, 453, 459, 525, 528, 537, 544, 564, 573, 686, 692, 711, 734, 821, 846, 876, 902, 941, 1010, 1026, 1064, 1092, 1106, 1143, 1145, 1167, 1169, 1262, 1326, 1353, 1355, 1369, 1444, 1450, 1501, 1505, 1558, 1602, 1608, 1618, 1649, 1686, 1839, 2027, 2130, 2154, 2246, 2271, 2273, 2421]",62,2.2276834528893232,0.1890617380850017,0.09329137146743315,"[225776091, 132901945, 487411551, 55672457, 239908167, 358316889, 508825644, 361411950, 358197384, 146561501]","[382, 1501, 1501, 1501, 2154, 424, 1092, 2154, 196, 6]"
615,100,"[47, 57, 68, 118, 185, 212, 303, 315, 316, 353, 385, 428, 454, 502, 528, 537, 550, 604, 645, 692, 754, 825, 839, 850, 894, 898, 935, 1019, 1085, 1189, 1203, 1224, 1276, 1283, 1284, 1326, 1346, 1354, 1376, 1401, 1434, 1505, 1537, 1601, 1602, 1607, 1618, 1645, 1662, 1667, 1748, 1821, 1872, 1966, 1985, 2050, 2208, 2221, 2232, 2271, 2306]",61,2.067789267282933,0.16706020198762417,0.0753625984089907,"[431884419, 302787586, 302687542, 431936170, 302656394, 302719345, 98967338, 289556263, 302521072, 302646221]","[1985, 1985, 1985, 1748, 1985, 1985, 1748, 1985, 1985, 1985]"
616,100,"[72, 96, 112, 194, 280, 368, 381, 397, 432, 446, 484, 502, 512, 525, 560, 602, 618, 657, 678, 746, 777, 846, 852, 880, 968, 979, 1032, 1065, 1068, 1099, 1103, 1124, 1130, 1169, 1179, 1281, 1455, 1556, 1618, 1692, 1696, 1742, 1780, 1809, 1836, 1860, 1890, 1926, 1933, 2027, 2124, 2253, 2321, 2329, 2378]",55,2.098984212614596,0.20142124872654676,0.12264788284559142,"[523346240, 297171349, 598320548, 492642286, 496268797, 114332889, 329124159, 29124518, 335161070, 340491069]","[381, 381, 381, 678, 381, 381, 381, 381, 381, 381]"
617,100,"[63, 84, 164, 192, 268, 382, 487, 566, 577, 595, 602, 625, 682, 729, 758, 813, 876, 908, 924, 941, 1003, 1004, 1053, 1068, 1085, 1111, 1194, 1291, 1329, 1360, 1410, 1509, 1551, 1552, 1600, 1618, 1641, 1645, 1686, 1848, 1852, 1872, 1926, 2029, 2140, 2156, 2180, 2188, 2343]",49,1.9037520815618336,0.145707662217319,0.08624013320409826,"[173320221, 352497176, 426401905, 290442632, 282335757, 204700295, 460315475, 400274367, 143344751, 555869126]","[84, 625, 682, 682, 682, 682, 595, 1085, 1641, 682]"
618,100,"[72, 96, 112, 250, 258, 262, 323, 344, 525, 533, 657, 678, 747, 846, 852, 880, 931, 968, 980, 1017, 1025, 1027, 1068, 1103, 1123, 1183, 1346, 1403, 1556, 1649, 1677, 1692, 1744, 1749, 1774, 1780, 1852, 1916, 1926, 2004, 2031, 2044, 2083, 2124, 2194, 2238, 2253, 2377]",48,1.5139425052329898,0.15793178649619222,0.09939997021865565,"[23467638, 565862738, 383227627, 84374302, 473460460, 253832749, 282374215, 237707832, 10238798, 227034512]","[1649, 1692, 1774, 1774, 1068, 250, 1916, 1183, 747, 1183]"
619,100,"[10, 26, 32, 86, 109, 112, 209, 240, 255, 275, 286, 295, 382, 385, 392, 455, 528, 550, 604, 627, 734, 821, 824, 852, 876, 880, 1025, 1031, 1092, 1106, 1113, 1129, 1143, 1145, 1155, 1179, 1225, 1262, 1288, 1297, 1356, 1397, 1410, 1478, 1504, 1505, 1557, 1608, 1633, 1682, 1705, 1707, 1777, 1961, 1990, 2102, 2119, 2173, 2188, 2311, 2421]",61,1.9472259343601763,0.1728619267232716,0.08440378915946015,"[19660820, 771942, 375376982, 566818758, 419050400, 771941, 250865468, 147302685, 531525467, 156276811]","[1777, 1633, 2173, 1478, 1777, 1633, 1777, 824, 1478, 1777]"
620,100,"[6, 93, 111, 112, 129, 185, 186, 212, 227, 293, 325, 368, 382, 385, 428, 454, 459, 537, 744, 772, 810, 821, 825, 846, 876, 885, 897, 898, 941, 977, 1019, 1053, 1068, 1097, 1143, 1145, 1155, 1169, 1257, 1262, 1265, 1276, 1349, 1353, 1355, 1369, 1415, 1481, 1540, 1546, 1557, 1558, 1726, 1748, 1763, 1807, 1822, 1872, 2039, 2057, 2242, 2273, 2358, 2430]",64,1.980223450344056,0.18047242145985365,0.08077365206190734,"[67416060, 11872086, 11872088, 12231062, 531526174, 12211175, 586277425, 47493220, 319107977, 170823152]","[382, 1822, 1822, 1546, 93, 1546, 382, 1822, 1415, 186]"
621,100,"[26, 68, 170, 201, 263, 267, 283, 316, 523, 533, 553, 555, 636, 693, 700, 729, 786, 815, 901, 915, 921, 968, 980, 993, 1000, 1018, 1025, 1053, 1068, 1222, 1332, 1418, 1434, 1470, 1493, 1516, 1536, 1552, 1574, 1618, 1701, 1729, 1749, 1929, 2141, 2194, 2207, 2209, 2256, 2282, 2335, 2338, 2377]",53,1.652725340332836,0.13768401741981506,0.07114200862036701,"[373693970, 263701942, 303106971, 295635588, 221705125, 572461509, 573451396, 931778, 343313517, 244505226]","[1018, 2282, 2282, 2282, 2282, 2282, 2282, 2282, 2282, 2282]"
622,100,"[57, 222, 262, 278, 349, 351, 639, 645, 673, 678, 691, 726, 743, 745, 766, 859, 970, 1039, 1080, 1098, 1245, 1293, 1495, 1528, 1537, 1543, 1573, 1608, 1618, 1650, 1677, 1728, 1738, 1902, 1957, 1978, 2046, 2085, 2139, 2206, 2207, 2273]",42,1.4809778262861073,0.1136583131738007,0.07875380080769814,"[42132947, 273538545, 26314024, 395559839, 453512508, 144880356, 288179101, 223863815, 309928761, 61582487]","[1543, 1543, 745, 745, 1738, 1543, 1543, 1738, 1738, 1738]"
623,100,"[40, 109, 210, 240, 344, 524, 528, 544, 550, 604, 627, 642, 651, 734, 880, 1025, 1053, 1092, 1096, 1106, 1125, 1129, 1143, 1167, 1202, 1218, 1225, 1262, 1284, 1352, 1505, 1557, 1601, 1667, 1686, 1705, 1738, 1812, 1825, 1985, 2071, 2271, 2301, 2311, 2409, 2421]",46,1.3893151604570448,0.1205234918743372,0.07295007765819521,"[24694555, 92815327, 137885838, 117532381, 588443261, 327367659, 188152919, 385444398, 555820552, 115721671]","[651, 651, 651, 651, 651, 651, 651, 651, 651, 651]"
624,100,"[70, 82, 84, 109, 164, 175, 255, 268, 273, 484, 588, 682, 702, 712, 892, 908, 917, 928, 973, 1091, 1160, 1249, 1262, 1266, 1288, 1305, 1419, 1544, 1584, 1598, 1600, 1611, 1644, 1645, 1662, 1719, 1723, 1730, 1821, 2015, 2028, 2029, 2082, 2239, 2415, 2426, 2447]",47,1.31372549245134,0.11827049171552062,0.06370266162334605,"[257872925, 351480136, 181927349, 174003689, 565078059, 316305085, 269788052, 32610174, 194705925, 178805248]","[892, 1723, 1723, 892, 892, 892, 1723, 1723, 1723, 892]"
625,100,"[5, 10, 26, 93, 175, 255, 279, 286, 407, 417, 456, 564, 618, 626, 828, 859, 892, 917, 968, 993, 1123, 1230, 1234, 1262, 1278, 1296, 1469, 1495, 1769, 1812, 2061, 2088, 2098, 2139, 2191, 2207, 2279, 2301, 2354, 2387]",40,1.1480121770873666,0.10511334845796227,0.0700063026510179,"[186883248, 573087577, 464070189, 291104768, 163579862, 15193419, 325940158, 170606752, 207430, 50000124]","[2061, 2061, 2061, 2061, 2061, 2061, 5, 2061, 2061, 2061]"
626,100,"[168, 196, 227, 271, 301, 340, 528, 564, 766, 905, 1024, 1078, 1092, 1129, 1167, 1196, 1450, 1489, 1495, 1588, 1608, 1717, 1738, 1839, 1854, 2098, 2273]",27,0.766465871129185,0.0868092686869204,0.08232294597352545,"[478132332, 142152439, 520924175, 142460349, 70223328, 108474819, 518645705, 329464210, 276995012, 80044224]","[2098, 2098, 766, 2098, 766, 2098, 1489, 766, 1489, 1196]"
627,100,"[10, 39, 194, 263, 267, 381, 397, 412, 446, 502, 512, 556, 602, 649, 672, 777, 786, 852, 884, 968, 1025, 1032, 1068, 1099, 1178, 1179, 1181, 1278, 1341, 1499, 1532, 1552, 1618, 1686, 1692, 1696, 1699, 1707, 1742, 1744, 1747, 1787, 1809, 1860, 1926, 1954, 2006, 2027, 2175, 2279, 2321]",51,1.5865213791839778,0.1616119253449142,0.09990538050895374,"[18318956, 18340043, 159280392, 411558093, 86248052, 471099296, 333310803, 461870742, 308596174, 495400450]","[1692, 1692, 381, 1692, 1692, 381, 1692, 381, 381, 1692]"
628,100,"[10, 39, 72, 86, 96, 164, 241, 250, 258, 262, 381, 442, 470, 550, 604, 618, 658, 673, 678, 743, 786, 834, 892, 901, 993, 1017, 1025, 1027, 1103, 1106, 1129, 1249, 1544, 1573, 1608, 1618, 1677, 1691, 1692, 1694, 1744, 1749, 1772, 1783, 1886, 1922, 1978, 1996, 2027, 2085, 2105, 2139, 2175, 2214, 2279, 2377, 2421, 2425, 2426]",59,2.1296782651916146,0.18784918542951345,0.09190863287628834,"[314595336, 49047413, 43788374, 293525320, 26284747, 424794905, 60550872, 584015375, 279216505, 337158297]","[1783, 1692, 1744, 2175, 1783, 1744, 1027, 1783, 258, 1694]"
629,100,"[1, 14, 26, 168, 196, 227, 240, 263, 382, 459, 468, 528, 550, 564, 686, 744, 746, 821, 824, 825, 846, 1092, 1113, 1116, 1129, 1167, 1169, 1186, 1196, 1226, 1262, 1293, 1308, 1324, 1408, 1495, 1532, 1557, 1608, 1686, 1696, 1763, 1769, 1839, 1902, 1954, 1961, 1995, 2027, 2071, 2090, 2098, 2154, 2188]",54,1.8451188118197024,0.14240591833367944,0.0761131042511099,"[482572563, 314588527, 315634196, 491471872, 514987768, 43721830, 214804145, 216230541, 328480307, 314848645]","[1995, 1995, 1995, 1995, 1995, 1186, 2154, 2154, 2154, 1995]"
630,100,"[6, 10, 72, 89, 100, 194, 213, 242, 250, 258, 323, 368, 382, 428, 432, 537, 550, 618, 670, 729, 737, 745, 746, 786, 834, 846, 876, 901, 915, 917, 931, 968, 980, 1025, 1053, 1123, 1130, 1150, 1183, 1346, 1434, 1499, 1559, 1573, 1608, 1618, 1700, 1742, 1744, 1780, 1839, 1916, 1946, 1996, 2006, 2105, 2175, 2194, 2253, 2264, 2377, 2426]",62,2.0842675087042153,0.19975679041817784,0.0930270821967673,"[298973970, 57429897, 479633326, 158270926, 182831502, 236874882, 233421363, 12972342, 411815197, 179991409]","[258, 258, 618, 250, 1150, 2175, 382, 250, 729, 1780]"
631,100,"[63, 84, 105, 112, 164, 192, 201, 373, 382, 595, 602, 672, 674, 751, 754, 758, 772, 781, 811, 876, 908, 915, 941, 1093, 1099, 1178, 1194, 1276, 1329, 1346, 1353, 1360, 1505, 1551, 1610, 1645, 1686, 1696, 1763, 1783, 1848, 1872, 2017, 2039, 2140, 2180, 2216, 2279, 2378]",49,1.8121681399643421,0.14463096065446734,0.08430119638559314,"[193439524, 155123214, 114881779, 508376055, 237816263, 460263420, 477733551, 259729575, 280739570, 450452282]","[1610, 772, 772, 941, 772, 772, 941, 772, 595, 941]"
632,100,"[20, 112, 164, 192, 278, 373, 446, 484, 533, 588, 595, 674, 711, 758, 811, 941, 968, 973, 1192, 1194, 1346, 1493, 1536, 1544, 1545, 1551, 1568, 1598, 1618, 1645, 1701, 1749, 1780, 1783, 1872, 1933, 2140, 2156, 2306, 2343, 2378]",41,1.534997065551579,0.127678785007447,0.09359797674640105,"[257268332, 566613268, 409454185, 146300108, 176141094, 98254733, 446824157, 235897757, 208587030, 176552932]","[1536, 973, 973, 973, 973, 973, 973, 973, 973, 973]"
633,100,"[20, 96, 112, 164, 201, 241, 288, 381, 432, 446, 484, 533, 560, 602, 672, 746, 754, 786, 811, 846, 908, 931, 968, 979, 1027, 1053, 1130, 1183, 1192, 1194, 1346, 1360, 1552, 1556, 1559, 1618, 1649, 1662, 1692, 1700, 1742, 1744, 1749, 1780, 1783, 1886, 1916, 1933, 2053, 2095, 2140, 2302, 2378, 2426]",54,1.8852048991248012,0.17616411484777927,0.09643293607600585,"[495992460, 160654867, 364758013, 325153572, 509012710, 74388090, 495926802, 61461696, 498622424, 498926953]","[381, 381, 381, 381, 1692, 381, 381, 381, 381, 381]"
634,100,"[109, 130, 186, 209, 275, 442, 459, 468, 524, 528, 627, 645, 651, 734, 880, 1025, 1116, 1125, 1152, 1176, 1218, 1262, 1283, 1410, 1682, 1686, 1693, 1697, 1763, 1825, 1858, 1915, 1944, 1972, 2027, 2065, 2135, 2260, 2311, 2338, 2380, 2409, 2421]",43,1.4212153530679643,0.10923765040934086,0.07462692801667334,"[111052982, 24303294, 172556875, 504226773, 234257212, 342163173, 241129105, 182287284, 495218298, 252827686]","[2135, 2135, 2135, 2135, 2135, 2135, 2135, 2135, 1915, 2135]"
635,100,"[109, 199, 210, 344, 352, 368, 382, 446, 544, 550, 591, 627, 647, 651, 673, 711, 737, 746, 777, 834, 908, 968, 1026, 1053, 1099, 1106, 1165, 1177, 1202, 1218, 1226, 1262, 1419, 1450, 1618, 1677, 1692, 1700, 1812, 1835, 1890, 1895, 1985, 1996, 2071, 2095, 2238, 2301, 2311, 2421, 2426]",51,1.8048785016871989,0.1679731053300202,0.1029317305359405,"[533541534, 578189724, 470960410, 81392412, 525434594, 81392396, 25812792, 578860500, 81392410, 81392408]","[647, 1165, 544, 544, 1165, 544, 591, 1165, 1165, 544]"
636,100,"[39, 47, 112, 118, 174, 211, 345, 368, 378, 382, 428, 446, 470, 544, 550, 573, 602, 604, 673, 746, 777, 786, 852, 898, 908, 941, 1053, 1145, 1194, 1284, 1310, 1326, 1346, 1355, 1511, 1573, 1602, 1607, 1618, 1686, 1812, 1872, 1985, 2038, 2095, 2125, 2140, 2221, 2271, 2321, 2421, 2425, 2426]",53,1.8461078340187669,0.16414256067946553,0.10155823286007738,"[469405551, 23419281, 23415726, 23408459, 525291840, 483125603, 122133702, 391801689, 168562048, 206251780]","[2125, 382, 382, 382, 378, 2125, 2271, 382, 2425, 382]"
637,100,"[76, 112, 227, 263, 267, 275, 382, 396, 397, 409, 422, 428, 564, 601, 642, 645, 649, 651, 664, 746, 824, 825, 846, 933, 941, 1010, 1025, 1092, 1106, 1116, 1143, 1145, 1176, 1226, 1257, 1262, 1303, 1415, 1495, 1505, 1515, 1552, 1557, 1682, 1686, 1696, 1768, 1872, 1908, 1915, 1954, 1987, 1988, 2027, 2065, 2130, 2260, 2279, 2385, 2421]",60,2.1191688985563815,0.18082958133891225,0.08841745872050524,"[368743590, 43957939, 444279346, 368898117, 590882958, 59241120, 528989644, 549849968, 548432040, 42767633]","[2260, 1116, 1116, 2027, 1116, 642, 1682, 642, 2065, 1954]"
638,100,"[26, 56, 57, 59, 112, 255, 263, 267, 283, 338, 396, 407, 420, 443, 523, 557, 570, 618, 682, 775, 791, 864, 1081, 1123, 1227, 1276, 1278, 1279, 1287, 1307, 1349, 1415, 1419, 1459, 1506, 1511, 1544, 1551, 1557, 1600, 1682, 1686, 1729, 1852, 1915, 2015, 2029, 2097, 2209, 2245, 2318, 2321, 2337, 2377, 2431]",55,1.5496226586401463,0.14994758367538452,0.0761228536721319,"[52619765, 437637319, 30241915, 40412331, 381581941, 43258519, 218706577, 480778693, 481010923, 40252220]","[407, 1852, 407, 407, 1852, 1852, 1852, 682, 407, 407]"
639,100,"[26, 109, 168, 240, 275, 619, 707, 734, 746, 755, 824, 880, 1113, 1152, 1179, 1257, 1262, 1391, 1401, 1415, 1478, 1532, 1686, 1696, 1705, 1729, 1954, 1961, 1995, 2013, 2027, 2065, 2090, 2154, 2173, 2188, 2421]",37,1.0914531163871288,0.09481525560840964,0.07191996740781374,"[84260518, 384519103, 138298669, 384374602, 536343437, 527643448, 154164185, 414152718, 40998165, 151066788]","[1995, 1954, 1954, 1995, 1995, 1995, 1954, 1995, 1961, 1995]"
640,100,"[6, 27, 32, 86, 112, 187, 275, 295, 337, 392, 525, 543, 560, 678, 741, 742, 844, 863, 899, 997, 1022, 1097, 1139, 1143, 1155, 1188, 1218, 1331, 1349, 1353, 1356, 1379, 1415, 1492, 1504, 1565, 1647, 1693, 1777, 1852, 1885, 1982, 2000, 2119, 2130, 2253, 2267, 2311, 2389]",49,1.7610209034755826,0.17216042382642627,0.11448458093218505,"[214248553, 452546311, 452546306, 574185480, 86366237, 350668882, 452546307, 452538893, 412960841, 103560942]","[27, 1647, 1647, 86, 1504, 1139, 2130, 1647, 86, 2130]"
641,100,"[72, 86, 112, 168, 196, 340, 443, 528, 554, 564, 678, 743, 766, 777, 846, 905, 977, 1078, 1103, 1157, 1169, 1226, 1249, 1292, 1353, 1450, 1489, 1495, 1528, 1573, 1618, 1650, 1691, 1726, 1728, 1738, 1978, 2085, 2098, 2102, 2124, 2186, 2273]",43,1.714275718666613,0.15421800641342998,0.12513567733600042,"[153219297, 577061003, 271819036, 318091797, 487497367, 188212692, 192125337, 458866700, 11274974, 108838721]","[1738, 1738, 1738, 1738, 1738, 1738, 1738, 1738, 1738, 1738]"
642,100,"[6, 10, 40, 96, 109, 112, 164, 241, 344, 381, 382, 397, 432, 446, 457, 512, 560, 672, 678, 746, 786, 846, 968, 1010, 1025, 1169, 1178, 1505, 1515, 1528, 1559, 1618, 1685, 1692, 1696, 1700, 1742, 1780, 1783, 1809, 1836, 1860, 1890, 2027, 2033, 2175, 2238, 2302, 2311, 2321, 2421]",51,1.6715838885866106,0.17061948031187057,0.09408001087642476,"[147722034, 395340719, 320859813, 76057898, 397200787, 359634636, 567076222, 231774083, 408680862, 76068049]","[241, 560, 1692, 382, 382, 382, 1860, 382, 382, 382]"
643,100,"[63, 70, 84, 164, 192, 268, 382, 577, 588, 595, 625, 682, 758, 811, 813, 821, 892, 908, 941, 1111, 1194, 1291, 1327, 1329, 1544, 1551, 1641, 1645, 1730, 1848, 1925, 2082, 2140, 2180, 2343]",35,1.1537307584658265,0.09507129061967134,0.06845802441904587,"[250364638, 187284050, 56152969, 260063780, 500785055, 342712761, 230995532, 131701346, 500687498, 54409881]","[84, 268, 84, 268, 268, 268, 625, 268, 625, 84]"
644,100,"[164, 201, 373, 382, 389, 428, 484, 544, 564, 673, 746, 766, 786, 834, 908, 979, 1025, 1027, 1159, 1178, 1192, 1226, 1495, 1530, 1568, 1573, 1608, 1675, 1692, 1886, 1912, 1914, 1916, 1996, 2038, 2043, 2085, 2095, 2140, 2175, 2214, 2302, 2333, 2378, 2421]",45,1.4425680935382843,0.1362337372265756,0.08319914691253669,"[83346459, 111643240, 83177308, 83346460, 78038498, 494057863, 20344137, 188793172, 525466255, 579436070]","[2175, 2085, 2038, 2038, 2038, 1675, 2085, 1675, 2085, 1530]"
645,100,"[93, 130, 186, 209, 227, 275, 382, 564, 601, 627, 642, 651, 686, 821, 824, 846, 880, 904, 1025, 1109, 1116, 1125, 1143, 1145, 1152, 1167, 1176, 1218, 1257, 1262, 1408, 1450, 1544, 1557, 1682, 1686, 1697, 1730, 1769, 1825, 1872, 1915, 1972, 2036, 2065, 2135, 2208, 2260, 2273, 2301, 2380, 2421]",52,1.8628031695261598,0.14387401938438416,0.08033287864124689,"[556581636, 386944031, 383852200, 282782695, 90077601, 35420134, 335675800, 141959737, 31901743, 589978449]","[2135, 2135, 186, 2135, 186, 2135, 642, 186, 1262, 186]"
646,100,"[5, 10, 175, 241, 301, 407, 443, 564, 618, 673, 682, 692, 747, 769, 786, 821, 828, 834, 859, 876, 892, 905, 917, 1053, 1078, 1106, 1143, 1226, 1265, 1278, 1287, 1296, 1552, 1584, 1600, 1608, 1611, 1618, 1644, 1686, 1691, 1696, 1726, 1730, 1916, 2011, 2102, 2105, 2209, 2253, 2279, 2377, 2387, 2421]",54,1.6671221032738686,0.1633441518060863,0.08528426568955183,"[158194971, 469650990, 456725164, 120387136, 575284450, 38486640, 478867652, 24285917, 575284452, 456724261]","[1287, 407, 564, 1287, 1226, 1287, 1287, 1287, 1226, 1287]"
647,100,"[63, 84, 164, 192, 257, 268, 360, 382, 550, 588, 595, 602, 625, 746, 751, 754, 758, 811, 813, 846, 876, 908, 941, 1003, 1053, 1085, 1185, 1194, 1249, 1262, 1288, 1291, 1329, 1346, 1360, 1434, 1645, 1783, 1848, 1872, 2029, 2082, 2140, 2180, 2300, 2343, 2378, 2426]",48,1.854218521155417,0.14081817353144288,0.08347383874934167,"[177732495, 452329595, 167974761, 325021566, 306114045, 8954076, 310407228, 185497228, 545377075, 395815487]","[941, 941, 941, 941, 1645, 192, 164, 941, 941, 192]"
648,100,"[20, 26, 63, 70, 105, 112, 131, 262, 487, 554, 557, 570, 625, 628, 645, 657, 674, 682, 811, 822, 850, 875, 1017, 1031, 1106, 1123, 1219, 1349, 1360, 1379, 1432, 1456, 1492, 1505, 1520, 1544, 1559, 1848, 1852, 2024, 2031, 2044, 2102, 2207, 2253, 2257, 2260, 2267, 2330, 2336]",50,2.0501997089013457,0.17881781654432416,0.11185488021001219,"[232601211, 427788517, 282379282, 94324763, 428086382, 232601212, 231643095, 401847970, 543485315, 94324753]","[2024, 1852, 2024, 2024, 2024, 105, 1852, 2024, 1852, 2024]"
649,100,"[146, 325, 340, 459, 468, 524, 528, 550, 564, 591, 627, 647, 651, 673, 746, 821, 892, 1026, 1042, 1092, 1106, 1129, 1143, 1165, 1167, 1225, 1262, 1293, 1308, 1369, 1450, 1481, 1489, 1495, 1544, 1608, 1669, 1717, 1738, 1825, 1895, 2098, 2301, 2421]",44,1.256764996331185,0.13014676794409752,0.07489228531697088,"[315300538, 533846640, 7858121, 246448485, 186572150, 392135103, 115108218, 71784470, 525579670, 246448488]","[468, 468, 468, 468, 468, 1825, 1825, 468, 468, 1825]"
650,100,"[63, 70, 105, 112, 164, 192, 554, 588, 595, 625, 674, 758, 811, 813, 822, 831, 1003, 1068, 1106, 1123, 1194, 1234, 1249, 1281, 1288, 1291, 1326, 1346, 1353, 1401, 1456, 1505, 1520, 1544, 1610, 1618, 1645, 1660, 1677, 1807, 1872, 2024, 2029, 2044, 2102, 2140, 2180, 2255]",48,1.9476725831627846,0.16278373636305332,0.10022701672278345,"[40883192, 412515893, 280105499, 125796007, 125796008, 521801370, 521801371, 40839322, 521801369, 167999373]","[822, 822, 822, 822, 822, 822, 822, 822, 822, 822]"
651,100,"[168, 194, 227, 241, 301, 340, 352, 381, 382, 422, 446, 459, 468, 503, 512, 528, 645, 673, 678, 746, 846, 892, 1025, 1092, 1106, 1167, 1169, 1181, 1203, 1262, 1293, 1308, 1425, 1450, 1495, 1558, 1568, 1608, 1618, 1686, 1692, 1696, 1726, 1744, 1809, 1839, 1860, 1988, 1996, 2027, 2102, 2173, 2175, 2235, 2273, 2421]",56,1.754658383782953,0.1668988298624754,0.08132267364167742,"[80079967, 205549066, 139132979, 310552818, 585278916, 56669156, 476942735, 274732724, 323180119, 365483183]","[1495, 1495, 1495, 1495, 1495, 1495, 1495, 1495, 1495, 1495]"
652,100,"[39, 63, 84, 100, 164, 199, 201, 255, 263, 268, 352, 382, 422, 588, 670, 746, 813, 892, 917, 932, 963, 1124, 1262, 1291, 1419, 1425, 1524, 1544, 1686, 1700, 1730, 1809, 1860, 1872, 1996, 2140, 2180, 2426]",38,1.3573081120848656,0.12061347346752882,0.08886797500063519,"[186679495, 376494354, 48079131, 421481977, 49317915, 49303580, 299892042, 541968100, 597259699, 244982966]","[1419, 1419, 164, 1809, 1809, 1419, 1809, 1524, 1524, 963]"
653,100,"[93, 112, 175, 262, 278, 293, 303, 353, 382, 431, 446, 457, 587, 602, 618, 625, 645, 754, 758, 786, 821, 825, 876, 898, 901, 961, 1003, 1007, 1053, 1068, 1169, 1176, 1257, 1265, 1349, 1353, 1360, 1505, 1515, 1552, 1557, 1608, 1618, 1649, 1696, 1726, 1742, 1786, 1872, 1916, 2253, 2302, 2419]",53,1.8947020890191197,0.16138881398364902,0.09266838642223826,"[410785755, 188820748, 334400966, 359334427, 245953715, 339328946, 111168127, 16702065, 284087357, 486620662]","[93, 293, 1515, 278, 1515, 382, 93, 293, 1557, 1557]"
654,100,"[109, 168, 194, 196, 227, 340, 352, 381, 382, 412, 422, 459, 468, 527, 632, 649, 746, 755, 777, 825, 902, 1042, 1169, 1176, 1179, 1196, 1226, 1308, 1410, 1425, 1478, 1495, 1499, 1557, 1604, 1618, 1631, 1686, 1696, 1825, 1860, 1872, 1954, 1988, 2027, 2098, 2273, 2329]",48,1.4134997390210629,0.13963743206113577,0.0859025513685386,"[406395383, 439140323, 522216861, 60620382, 517493427, 60620381, 332321204, 129776897, 510805762, 181451141]","[468, 468, 468, 468, 468, 468, 468, 468, 468, 468]"
655,100,"[39, 194, 196, 267, 340, 352, 382, 422, 453, 459, 468, 630, 729, 746, 786, 791, 902, 926, 1092, 1106, 1150, 1169, 1196, 1226, 1308, 1419, 1425, 1489, 1495, 1499, 1602, 1604, 1608, 1618, 1686, 1812, 1825, 1839, 1872, 1988, 1996, 2027, 2071, 2105, 2273, 2421, 2426]",47,1.5316444085910916,0.1483289529569447,0.08961174319537872,"[277338290, 236243808, 340133467, 205800773, 435736940, 40645648, 445320567, 177926973, 99573468, 393775012]","[468, 468, 468, 468, 468, 468, 468, 468, 468, 468]"
656,100,"[10, 85, 96, 112, 194, 258, 337, 382, 432, 446, 484, 550, 556, 618, 670, 672, 673, 678, 729, 737, 745, 786, 815, 834, 846, 892, 901, 917, 926, 993, 1025, 1068, 1114, 1150, 1278, 1434, 1481, 1499, 1543, 1565, 1618, 1677, 1686, 1692, 1708, 1744, 1749, 1780, 1812, 1946, 1996, 2027, 2105, 2174, 2175, 2194, 2279, 2329, 2421, 2426]",60,1.9348149951547384,0.18258369341492653,0.08659582102360824,"[182733864, 449459800, 169268632, 367785867, 401741747, 31371262, 532670018, 347369607, 208641729, 165709190]","[2175, 2175, 2175, 2175, 2175, 1543, 2175, 2175, 1946, 2175]"
657,100,"[61, 109, 275, 337, 347, 385, 564, 571, 601, 651, 692, 712, 734, 740, 824, 880, 1012, 1106, 1143, 1145, 1167, 1225, 1262, 1288, 1292, 1297, 1450, 1492, 1544, 1633, 1749, 1769, 1784, 1825, 1961, 2027, 2083, 2105, 2138, 2161, 2301, 2311, 2389, 2421]",44,1.641942894551903,0.13308028085157275,0.09244763178073546,"[454801877, 299516535, 55959542, 223849806, 18863213, 492298826, 51408749, 129226826, 274541845, 454770638]","[2301, 2301, 2301, 2301, 2301, 2301, 2301, 2301, 2301, 2301]"
658,100,"[39, 112, 164, 168, 194, 199, 227, 267, 381, 382, 384, 397, 412, 422, 446, 560, 602, 649, 742, 746, 777, 786, 846, 884, 917, 1010, 1032, 1068, 1150, 1169, 1179, 1226, 1353, 1415, 1419, 1425, 1495, 1499, 1532, 1618, 1686, 1692, 1696, 1707, 1726, 1742, 1809, 1860, 1890, 1951, 1954, 1988, 2027, 2302, 2321, 2426]",56,1.7960610934533179,0.19956226414069533,0.10844055114180914,"[1472967, 449551253, 554282561, 165034280, 373492000, 61193101, 545838887, 78372221, 340075876, 52725401]","[649, 649, 2027, 1692, 2426, 2302, 381, 2027, 382, 199]"
659,100,"[20, 39, 70, 111, 164, 201, 213, 241, 258, 263, 323, 359, 382, 432, 446, 484, 537, 560, 729, 746, 786, 834, 876, 892, 908, 915, 917, 926, 968, 979, 1130, 1150, 1226, 1346, 1499, 1505, 1536, 1552, 1568, 1573, 1618, 1742, 1744, 1780, 1916, 1946, 2105, 2140, 2174, 2175, 2194, 2264, 2302, 2321, 2343, 2421]",56,1.8047797908075154,0.18724597804248333,0.09293708243058063,"[178802393, 134997220, 509200618, 195992938, 302147465, 24135814, 326296555, 354107853, 419896212, 180137038]","[2140, 484, 2140, 484, 1946, 484, 1946, 484, 484, 1946]"
660,100,"[19, 186, 209, 275, 347, 362, 409, 442, 601, 627, 651, 664, 734, 740, 880, 888, 1012, 1025, 1143, 1225, 1273, 1352, 1356, 1544, 1633, 1682, 1697, 1749, 1769, 1915, 1972, 1991, 2065, 2135, 2311, 2338, 2380, 2389]",38,1.2122921589761972,0.10182910645380616,0.07500602754053513,"[579581109, 244491188, 303769234, 540524910, 368802899, 191446547, 69128620, 15579704, 121957139, 288631240]","[275, 1915, 1915, 1915, 1915, 275, 1915, 1915, 1915, 1915]"
661,100,"[26, 109, 240, 263, 275, 325, 362, 385, 528, 530, 601, 619, 645, 663, 669, 692, 743, 824, 839, 880, 928, 1063, 1081, 1113, 1129, 1143, 1176, 1202, 1262, 1296, 1355, 1401, 1478, 1631, 1697, 1705, 1769, 1794, 1821, 1961, 2050, 2065, 2088, 2098, 2154, 2188, 2260, 2287, 2293, 2338, 2380, 2409, 2421]",53,1.6033607139252126,0.13439974607899785,0.07036431801048512,"[414274250, 93372006, 306157023, 107140968, 528038892, 302092540, 107140967, 322889659, 109501278, 511360915]","[1705, 1478, 1705, 1401, 2065, 1478, 1401, 1705, 2065, 1961]"
662,100,"[47, 57, 68, 174, 185, 315, 364, 382, 385, 396, 431, 537, 744, 758, 839, 888, 902, 911, 924, 935, 1019, 1085, 1169, 1276, 1283, 1284, 1326, 1353, 1354, 1401, 1505, 1509, 1511, 1515, 1537, 1601, 1607, 1610, 1618, 1705, 1748, 1838, 1848, 1966, 2208, 2212, 2221, 2246, 2271, 2325, 2358]",51,1.6369297518394887,0.13375395070761442,0.07102090788676459,"[8395004, 518325237, 533340165, 407880102, 407880108, 533312096, 533422628, 407880096, 407880086, 467167076]","[1607, 1601, 911, 911, 911, 1354, 911, 911, 1354, 1601]"
663,100,"[112, 378, 428, 446, 470, 544, 550, 573, 746, 871, 902, 908, 1053, 1091, 1092, 1106, 1143, 1165, 1167, 1202, 1226, 1251, 1262, 1284, 1346, 1429, 1498, 1601, 1602, 1618, 1667, 1686, 1812, 1985, 2039, 2071, 2095, 2125, 2271, 2325, 2426, 2437]",42,1.3192950822412968,0.11963177751749754,0.08116463315673172,"[144724728, 516759955, 98969662, 364049095, 390526706, 58283787, 98969660, 279485355, 440368018, 302741440]","[544, 1812, 1498, 1812, 2426, 2437, 544, 544, 544, 908]"
664,100,"[39, 112, 194, 227, 241, 263, 352, 381, 382, 397, 422, 446, 457, 468, 503, 512, 550, 560, 744, 746, 786, 829, 846, 1169, 1179, 1262, 1286, 1353, 1425, 1495, 1604, 1618, 1686, 1692, 1696, 1742, 1744, 1809, 1836, 1860, 1954, 1988, 1990, 2027, 2273, 2302, 2321, 2421]",48,1.662850053049624,0.1555000264197588,0.09676639616858058,"[172258964, 429384237, 495980362, 333693866, 143187899, 230433462, 366857602, 179044188, 254784650, 283886342]","[829, 382, 829, 829, 1692, 829, 1286, 381, 503, 1286]"
665,100,"[93, 111, 112, 122, 164, 275, 283, 382, 446, 543, 602, 651, 672, 678, 781, 852, 856, 884, 897, 977, 1004, 1068, 1099, 1103, 1145, 1178, 1185, 1189, 1194, 1257, 1287, 1303, 1349, 1353, 1392, 1415, 1505, 1515, 1618, 1641, 1645, 1686, 1692, 1696, 1701, 1763, 1795, 1836, 1848, 1872, 2031, 2033, 2124, 2156, 2212, 2302, 2400]",57,2.186631496064365,0.19087821943685412,0.10228940387452512,"[132680153, 90481524, 40486081, 370317758, 132680157, 271766386, 535178593, 93661985, 542501596, 198122321]","[1189, 884, 543, 884, 884, 884, 1763, 884, 1763, 1763]"
666,100,"[0, 6, 32, 170, 263, 283, 293, 337, 382, 428, 431, 446, 459, 502, 554, 558, 645, 647, 758, 777, 825, 846, 885, 902, 941, 977, 1003, 1026, 1068, 1150, 1176, 1181, 1189, 1265, 1276, 1349, 1353, 1355, 1397, 1415, 1506, 1509, 1515, 1543, 1546, 1557, 1581, 1684, 1726, 1742, 1786, 1807, 1822, 1872, 2242, 2297, 2329, 2358]",58,1.8694732752628624,0.1728189503774047,0.0888075751597704,"[567086221, 240677032, 559271097, 59808994, 411798754, 47493220, 584519165, 573296356, 456835903, 8509252]","[1822, 382, 382, 382, 382, 1822, 382, 825, 1822, 382]"
667,100,"[51, 72, 111, 164, 258, 283, 368, 428, 432, 470, 484, 550, 573, 672, 678, 786, 846, 852, 915, 941, 968, 979, 1065, 1068, 1103, 1130, 1150, 1192, 1434, 1496, 1511, 1543, 1573, 1618, 1691, 1700, 1780, 1890, 1933, 1946, 1978, 2004, 2156, 2174, 2175, 2194, 2248, 2279, 2306, 2337, 2378]",51,1.8752493020147085,0.16880100732669234,0.0992469846353154,"[411536170, 117187564, 367274880, 291770533, 119538258, 495356082, 45530720, 168995116, 273735192, 387605711]","[1434, 573, 2174, 2174, 2337, 573, 2174, 2194, 2194, 1511]"
668,100,"[67, 185, 207, 236, 278, 325, 353, 454, 543, 644, 682, 744, 859, 912, 924, 1080, 1106, 1214, 1245, 1319, 1478, 1537, 1600, 1748, 1922, 2011, 2079, 2206, 2271, 2287, 2330, 2377, 2431, 2445, 2447]",35,0.882919006049633,0.08667333470657468,0.06502491739977684,"[363089804, 125663130, 465247128, 40534487, 231384928, 80377600, 146001667, 584110432, 456402917, 588329826]","[67, 67, 67, 67, 67, 67, 67, 912, 67, 67]"
669,100,"[6, 40, 70, 84, 93, 164, 170, 175, 241, 267, 275, 382, 384, 560, 595, 642, 651, 674, 682, 746, 758, 781, 786, 884, 892, 904, 1031, 1092, 1116, 1129, 1178, 1194, 1219, 1249, 1262, 1283, 1291, 1415, 1425, 1456, 1505, 1515, 1540, 1544, 1557, 1584, 1600, 1611, 1618, 1644, 1645, 1686, 1692, 1696, 1719, 1730, 1769, 1850, 1872, 1990, 2029, 2082, 2273, 2311, 2421]",65,2.076059860177338,0.18996179942041636,0.07675374346212126,"[26176730, 351805219, 367949198, 292856270, 366183237, 274205060, 235105761, 74545302, 218949950, 367908386]","[1219, 674, 93, 674, 1540, 674, 93, 93, 1540, 93]"
670,100,"[129, 201, 227, 325, 446, 454, 457, 476, 528, 543, 544, 744, 815, 846, 908, 979, 1053, 1145, 1169, 1284, 1422, 1481, 1498, 1552, 1763, 1858, 1872, 2125, 2178, 2304, 2378, 2385, 2430]",33,1.0059186033904552,0.0898458887822926,0.07871221847634649,"[54709475, 132189171, 128710920, 248757157, 202538093, 432844723, 130086289, 510904223, 216207945, 248329491]","[2430, 2430, 2430, 2430, 2430, 2430, 2430, 2430, 2430, 2430]"
671,100,"[10, 72, 109, 112, 164, 241, 242, 262, 352, 550, 560, 645, 670, 678, 737, 746, 747, 786, 821, 880, 917, 931, 968, 993, 1025, 1027, 1106, 1218, 1234, 1262, 1278, 1314, 1505, 1543, 1559, 1618, 1649, 1677, 1684, 1692, 1696, 1700, 1744, 1809, 1860, 1946, 1971, 1996, 2011, 2027, 2105, 2139, 2175, 2207, 2226, 2264, 2279, 2311, 2421, 2425]",60,2.2770946719683707,0.19964533438906074,0.10407308212015778,"[476891747, 330818522, 364835974, 407201795, 400749860, 560442238, 154867234, 384975111, 345034708, 41379188]","[1262, 917, 1692, 1649, 1744, 1692, 2207, 109, 2105, 1262]"
672,100,"[20, 70, 164, 268, 288, 293, 550, 588, 601, 682, 702, 712, 746, 822, 875, 892, 908, 927, 1091, 1219, 1249, 1262, 1278, 1419, 1425, 1467, 1469, 1514, 1516, 1520, 1544, 1573, 1600, 1611, 1627, 1645, 1730, 1769, 1783, 1971, 1978, 1996, 2024, 2029, 2082, 2102, 2153, 2172, 2175, 2301, 2426, 2447]",52,1.5637033912353218,0.13571856450289488,0.06600880824351826,"[67789440, 251028555, 21995703, 77149055, 164594341, 525061289, 230805367, 459184861, 446337997, 164594342]","[1467, 1467, 1467, 1467, 712, 1467, 712, 1467, 1467, 822]"
673,100,"[92, 112, 194, 227, 241, 263, 352, 368, 381, 382, 397, 422, 446, 457, 459, 468, 512, 528, 543, 550, 602, 744, 746, 846, 917, 1042, 1092, 1106, 1129, 1145, 1146, 1169, 1178, 1226, 1262, 1273, 1296, 1369, 1425, 1450, 1481, 1495, 1557, 1573, 1618, 1686, 1696, 1812, 1836, 1988, 2027, 2098, 2178, 2273, 2421, 2430]",56,1.8812511581927538,0.16856647981330752,0.08850331214489415,"[51051052, 174475769, 595594238, 269290588, 370066582, 519672481, 286157228, 576529219, 510727293, 147307825]","[382, 382, 382, 382, 382, 382, 422, 382, 382, 422]"
674,100,"[222, 262, 278, 639, 673, 691, 712, 727, 743, 744, 859, 1080, 1098, 1106, 1119, 1129, 1214, 1224, 1245, 1273, 1338, 1468, 1537, 1573, 1650, 1691, 1728, 1738, 1978, 2046, 2059, 2085, 2206, 2330]",34,0.99490768276155,0.08413088694214821,0.06765091669855311,"[479429810, 298036482, 593414564, 298259455, 298036483, 68220734, 299190240, 57198665, 459136936, 521606638]","[639, 639, 639, 639, 639, 639, 639, 639, 639, 639]"
675,100,"[5, 10, 112, 164, 175, 241, 255, 262, 285, 286, 338, 407, 413, 564, 602, 678, 712, 751, 769, 772, 898, 917, 993, 1003, 1068, 1081, 1088, 1106, 1123, 1194, 1202, 1258, 1281, 1296, 1360, 1425, 1429, 1434, 1444, 1506, 1511, 1514, 1618, 1660, 1666, 1677, 1686, 1691, 1696, 1726, 1729, 1744, 2105, 2279, 2306, 2387]",56,1.7315704799257219,0.1673955675214529,0.08254273769229517,"[297452036, 431511634, 316137471, 267699888, 267786525, 143523068, 492881089, 476823035, 188625824, 131752404]","[1088, 1088, 1088, 1088, 1088, 1088, 1088, 1088, 1088, 1088]"
676,100,"[86, 130, 186, 209, 347, 362, 380, 409, 645, 664, 686, 824, 880, 1025, 1125, 1152, 1500, 1504, 1557, 1682, 1693, 1697, 1763, 1768, 1778, 1851, 1858, 1872, 1915, 1944, 1972, 2027, 2065, 2135, 2154, 2184, 2260, 2338, 2380]",39,1.3481086776591837,0.10103441448882222,0.07522438963851294,"[16257992, 47675388, 309054857, 523952019, 105779695, 524016329, 105762078, 368238367, 359725836, 359643363]","[186, 186, 186, 2135, 186, 186, 2135, 186, 186, 186]"
677,100,"[47, 118, 174, 211, 255, 300, 346, 378, 413, 444, 477, 478, 544, 734, 871, 1202, 1203, 1258, 1296, 1310, 1355, 1414, 1444, 1516, 1558, 1618, 1769, 1812, 1970, 2039, 2097, 2103, 2125, 2221, 2363, 2437]",36,1.008672475349158,0.08250838611274958,0.06128468515170324,"[393879120, 120717022, 208414194, 99633754, 117226728, 292775917, 99586643, 394084662, 161939041, 394122925]","[118, 1970, 118, 1970, 118, 118, 1970, 118, 1970, 118]"
678,100,"[111, 227, 381, 382, 431, 432, 446, 459, 560, 602, 672, 686, 754, 786, 824, 897, 915, 1000, 1068, 1093, 1099, 1145, 1181, 1186, 1257, 1303, 1353, 1408, 1415, 1453, 1696, 1763, 1786, 1860, 1911, 1916, 1926, 2006, 2027, 2031, 2039, 2154, 2216, 2276, 2302, 2321]",46,1.5742618730291724,0.1461863243021071,0.09260197697996932,"[359274305, 269256221, 594206804, 133542228, 179632193, 471314564, 404171624, 407302630, 269583525, 581957968]","[1186, 1186, 686, 1186, 1186, 1186, 672, 672, 1186, 1186]"
679,100,"[112, 194, 241, 263, 283, 382, 431, 459, 602, 649, 672, 686, 758, 772, 824, 825, 846, 941, 1068, 1099, 1113, 1169, 1179, 1186, 1194, 1257, 1317, 1324, 1353, 1391, 1408, 1415, 1532, 1557, 1602, 1686, 1696, 1730, 1763, 1786, 1872, 2027, 2039, 2154, 2188]",45,1.5487298918887973,0.12486136518418789,0.08172028807716238,"[251448571, 76520495, 172705295, 122955682, 271053136, 255456933, 317587101, 467271521, 2784221, 146700061]","[1696, 1186, 1532, 2154, 2154, 1186, 1186, 1186, 2154, 1186]"
680,100,"[109, 168, 194, 347, 382, 560, 619, 686, 734, 755, 824, 838, 1113, 1169, 1179, 1296, 1376, 1391, 1401, 1408, 1415, 1478, 1499, 1532, 1631, 1686, 1696, 1707, 1763, 1801, 1954, 1961, 1995, 2027, 2041, 2090, 2105, 2137, 2154, 2173, 2188]",41,1.0869153691455722,0.10349451703950763,0.06766751569286897,"[6087041, 3093750, 574758959, 139107335, 139111199, 138948511, 139151666, 365263623, 139105244, 6187847]","[755, 1954, 1954, 755, 1954, 1954, 1954, 755, 1631, 1954]"
681,100,"[19, 21, 72, 86, 112, 131, 161, 179, 424, 477, 554, 570, 573, 586, 617, 628, 678, 855, 885, 949, 1010, 1064, 1065, 1090, 1103, 1106, 1297, 1331, 1356, 1392, 1537, 1566, 1691, 1745, 1782, 1843, 2083, 2105, 2124, 2146, 2155, 2191, 2242]",43,1.4490954792127013,0.12252250639721751,0.08538002514843504,"[238308228, 210566360, 303412562, 114313048, 401612053, 189062219, 120446940, 138681031, 536322255, 385998885]","[573, 1103, 573, 1356, 1331, 573, 573, 573, 573, 573]"
682,100,"[70, 105, 131, 164, 258, 293, 537, 550, 571, 625, 670, 682, 712, 729, 746, 749, 758, 786, 791, 822, 850, 892, 926, 1123, 1219, 1249, 1291, 1346, 1360, 1425, 1456, 1467, 1499, 1520, 1544, 1551, 1573, 1600, 1611, 1807, 1831, 1841, 1844, 1872, 1891, 1946, 1966, 1971, 1996, 2015, 2024, 2029, 2105, 2139, 2153, 2343]",56,1.8049733224324882,0.16146664507687092,0.07716994256562819,"[515188434, 592443859, 544015597, 222916106, 288213671, 577787135, 466815141, 578504649, 507276213, 245769430]","[1219, 822, 1219, 822, 822, 1219, 822, 712, 822, 822]"
683,100,"[6, 61, 112, 175, 211, 368, 382, 396, 446, 462, 604, 711, 758, 781, 821, 876, 897, 941, 1004, 1010, 1106, 1143, 1145, 1178, 1187, 1194, 1202, 1257, 1262, 1276, 1326, 1397, 1415, 1429, 1492, 1505, 1601, 1645, 1686, 1730, 1762, 1812, 1848, 1872, 1985, 2017, 2039, 2130, 2253, 2271, 2325, 2385, 2389, 2421]",54,1.595592463389039,0.16548422304913402,0.09074828352054788,"[524736967, 116635495, 372889687, 544433926, 475118083, 579289857, 72251823, 57876847, 448338928, 207273363]","[2271, 2385, 2271, 1601, 1601, 1601, 1601, 1601, 1686, 2271]"
684,100,"[10, 26, 109, 175, 210, 241, 250, 255, 325, 331, 353, 382, 459, 468, 537, 544, 564, 591, 604, 627, 645, 647, 673, 692, 711, 746, 786, 821, 825, 892, 901, 902, 917, 968, 1025, 1106, 1129, 1143, 1262, 1284, 1296, 1450, 1478, 1505, 1544, 1559, 1568, 1573, 1608, 1618, 1644, 1649, 1675, 1677, 1696, 1705, 1730, 1744, 1821, 1841, 1895, 1961, 1985, 2175, 2226, 2253, 2271, 2301, 2377, 2409, 2421, 2425]",72,2.388640130404383,0.20564897079020739,0.079707898377415,"[323331904, 562963258, 104851472, 149003370, 11192841, 323331898, 567822060, 323331909, 404403507, 73205568]","[821, 1608, 2175, 1478, 1478, 821, 1025, 564, 1821, 1608]"
685,100,"[201, 373, 389, 446, 484, 834, 979, 1025, 1159, 1178, 1192, 1530, 1618, 1692, 1698, 1886, 1912, 1914, 1916, 1933, 2038, 2076, 2140, 2183, 2333, 2378]",26,0.817300264723599,0.07797041069716215,0.08259127813821229,"[84891684, 398728662, 431029798, 439390382, 51780697, 330104749, 578036276, 404053353, 394906382, 521224739]","[2183, 484, 484, 484, 484, 484, 484, 484, 484, 484]"
686,100,"[40, 51, 86, 109, 112, 209, 227, 241, 295, 381, 397, 428, 442, 512, 560, 627, 645, 666, 696, 734, 746, 793, 846, 880, 1004, 1025, 1109, 1116, 1125, 1176, 1178, 1218, 1262, 1303, 1410, 1504, 1505, 1618, 1633, 1682, 1692, 1697, 1705, 1777, 1783, 1836, 1961, 1987, 1990, 2027, 2273, 2306, 2311, 2362, 2421]",55,1.975397503003478,0.16358333127573133,0.08998492485843598,"[423940458, 566510859, 160820709, 300812139, 545779598, 81795891, 78070424, 186929008, 549712016, 91778853]","[1176, 1697, 2362, 512, 442, 2362, 397, 1218, 397, 512]"
687,100,"[84, 164, 175, 192, 268, 273, 564, 595, 625, 682, 746, 749, 758, 822, 917, 933, 1091, 1092, 1106, 1167, 1196, 1219, 1262, 1291, 1292, 1293, 1425, 1495, 1520, 1524, 1543, 1544, 1600, 1611, 1686, 1730, 1769, 1844, 1872, 1978, 2082, 2387, 2426, 2437]",44,1.4569310671649873,0.12121702404692769,0.07323574181116949,"[19360602, 63120069, 238908179, 444248865, 504982273, 62157101, 431318285, 90868867, 279242129, 143177142]","[1091, 1091, 1091, 1091, 1091, 1091, 1091, 1091, 1091, 1091]"
688,100,"[14, 26, 72, 106, 196, 242, 258, 315, 340, 378, 459, 468, 470, 528, 573, 673, 678, 729, 746, 786, 821, 902, 917, 1078, 1092, 1106, 1129, 1167, 1187, 1196, 1251, 1262, 1308, 1355, 1419, 1425, 1495, 1602, 1619, 1669, 1677, 1812, 1825, 1839, 1902, 1971, 2004, 2071, 2083, 2105, 2175, 2421, 2426, 2437]",54,1.6593161816708744,0.14736776147037745,0.07524392265757476,"[318958202, 516751079, 235100348, 571583425, 16894732, 572672887, 233284312, 36636776, 572673091, 68375782]","[468, 468, 468, 468, 468, 468, 468, 468, 468, 468]"
689,100,"[20, 39, 96, 109, 112, 164, 241, 250, 258, 286, 381, 382, 442, 470, 544, 550, 604, 672, 678, 737, 746, 747, 786, 852, 968, 1025, 1027, 1053, 1125, 1346, 1556, 1618, 1677, 1692, 1694, 1696, 1744, 1749, 1772, 1780, 1835, 1996, 2095, 2175, 2214, 2226, 2238, 2311, 2377, 2421, 2425, 2426]",52,1.6166056673973799,0.16032568039372563,0.08766687943044907,"[82593162, 538670213, 306123612, 52575784, 576491031, 507209325, 306228373, 141544878, 259400541, 491268822]","[1694, 1744, 2226, 96, 1744, 382, 2425, 1027, 2095, 1744]"
690,100,"[86, 112, 175, 255, 263, 267, 277, 283, 396, 407, 446, 468, 487, 523, 557, 602, 664, 761, 781, 791, 864, 888, 945, 1010, 1025, 1081, 1179, 1194, 1235, 1257, 1262, 1287, 1391, 1415, 1506, 1511, 1551, 1552, 1565, 1631, 1633, 1644, 1686, 1696, 1729, 1915, 1954, 1988, 2015, 2027, 2029, 2245, 2385]",53,1.4854799592867494,0.13712909631431103,0.06917750223030178,"[280096083, 36166762, 95044933, 36109231, 514554229, 280127546, 273529687, 36241184, 257737352, 280097005]","[2385, 1415, 1415, 1415, 781, 396, 1415, 1415, 396, 396]"
691,100,"[26, 109, 174, 216, 263, 278, 303, 325, 353, 434, 619, 644, 645, 692, 743, 755, 770, 838, 839, 850, 957, 1129, 1169, 1245, 1296, 1355, 1369, 1376, 1401, 1478, 1568, 1631, 1717, 1821, 1878, 1954, 1961, 2027, 2090, 2098, 2103, 2287, 2319, 2354, 2430]",45,1.4602731899358332,0.12434267671778798,0.07890163796126015,"[566160736, 520887986, 348891253, 114567788, 62289136, 467571338, 462908438, 114567826, 38883366, 515564504]","[1376, 1376, 644, 1376, 1376, 1376, 1376, 1376, 1376, 1954]"
692,100,"[10, 164, 175, 194, 210, 241, 267, 352, 382, 407, 537, 550, 564, 602, 618, 670, 673, 682, 746, 786, 834, 864, 892, 917, 968, 1106, 1226, 1262, 1324, 1419, 1434, 1481, 1514, 1524, 1600, 1608, 1611, 1618, 1644, 1686, 1692, 1696, 1700, 1730, 1744, 1809, 1812, 1996, 2015, 2029, 2175, 2279, 2301, 2377, 2387, 2421]",56,1.8969056149944663,0.16685458086431026,0.0803511418510295,"[269368219, 137040379, 503667679, 122193393, 488891435, 520081398, 312692760, 341872422, 109071636, 162322284]","[1730, 1730, 1730, 1730, 1730, 1730, 1730, 1730, 1730, 1730]"
693,100,"[10, 201, 381, 382, 428, 446, 484, 544, 550, 556, 602, 746, 777, 786, 834, 846, 898, 908, 979, 1027, 1053, 1068, 1130, 1145, 1165, 1181, 1226, 1346, 1434, 1530, 1552, 1618, 1692, 1696, 1744, 1880, 1912, 1916, 1996, 2038, 2095, 2175, 2214, 2226, 2279, 2378, 2421, 2425]",48,1.8068055850453675,0.17179609276354313,0.11114285401223849,"[479287218, 116811297, 517450973, 230188672, 70334368, 529449169, 218946949, 121499907, 94793305, 120548688]","[2175, 2095, 2175, 2175, 2175, 2095, 2175, 484, 2095, 382]"
694,100,"[6, 10, 32, 57, 86, 112, 241, 275, 283, 302, 382, 396, 462, 525, 537, 566, 625, 678, 682, 692, 758, 781, 786, 846, 856, 876, 892, 901, 1003, 1010, 1053, 1157, 1169, 1249, 1327, 1349, 1353, 1356, 1379, 1392, 1397, 1415, 1492, 1505, 1552, 1608, 1618, 1649, 1686, 1786, 1852, 2029, 2083, 2102, 2242, 2253, 2267, 2377, 2385, 2389]",60,2.2646975577808917,0.19853585679084063,0.10263585349700104,"[372308928, 304739538, 305897665, 477007964, 91508183, 591226917, 450681041, 71950382, 160007020, 420838997]","[2377, 2083, 1852, 781, 6, 876, 2242, 1010, 1852, 1492]"
695,100,"[10, 56, 59, 175, 255, 263, 269, 279, 283, 382, 396, 407, 443, 478, 487, 543, 557, 602, 618, 682, 761, 864, 892, 917, 924, 945, 968, 1081, 1178, 1179, 1194, 1262, 1276, 1278, 1380, 1415, 1459, 1506, 1511, 1514, 1551, 1558, 1600, 1618, 1644, 1686, 1705, 1730, 1839, 1922, 2015, 2029, 2377, 2387]",54,1.519238404929638,0.13926062732934952,0.06316260852057624,"[543583528, 491684515, 597824063, 381679109, 295478704, 202195445, 395484314, 444084513, 334451584, 235169240]","[864, 864, 864, 864, 864, 864, 864, 59, 59, 2015]"
696,100,"[255, 315, 325, 340, 422, 468, 627, 651, 673, 821, 1091, 1092, 1106, 1129, 1143, 1167, 1196, 1202, 1225, 1251, 1262, 1272, 1292, 1296, 1478, 1489, 1495, 1593, 1650, 1669, 1730, 1769, 1812, 1825, 1879, 1902, 1990, 2071, 2098, 2421, 2426, 2437]",42,0.9943501041270792,0.11260860739275813,0.07023742964069936,"[236566880, 593127527, 584775693, 132606092, 159551351, 138523568, 56611648, 377182692, 329284485, 9429165]","[468, 468, 468, 468, 468, 468, 468, 468, 468, 468]"
697,100,"[6, 25, 59, 210, 315, 364, 446, 537, 544, 604, 645, 647, 673, 744, 761, 772, 785, 935, 950, 999, 1063, 1262, 1284, 1326, 1509, 1515, 1600, 1610, 1705, 1841, 1856, 2015, 2036, 2144, 2177, 2258, 2409]",37,1.1245651287026703,0.09685680270195007,0.06918067273029403,"[420223579, 21934541, 41668771, 148492603, 163010922, 517149999, 206589361, 313138102, 373140299, 249732621]","[315, 1610, 315, 315, 315, 1610, 315, 315, 315, 315]"
698,100,"[39, 72, 96, 164, 194, 250, 258, 381, 446, 512, 602, 618, 678, 737, 746, 747, 786, 834, 852, 892, 898, 901, 915, 917, 968, 993, 1017, 1025, 1027, 1032, 1068, 1099, 1103, 1123, 1278, 1296, 1403, 1434, 1496, 1499, 1618, 1692, 1744, 1996, 2006, 2095, 2175, 2214, 2377]",49,1.7193713579326868,0.16580918990075588,0.09584983900588538,"[469746537, 320882602, 41938765, 533365015, 586936329, 581414985, 423356572, 353123274, 216708216, 93588993]","[1027, 2006, 1278, 618, 618, 1692, 72, 72, 2175, 852]"
699,100,"[56, 59, 67, 84, 112, 175, 396, 407, 442, 487, 543, 557, 588, 628, 658, 673, 678, 682, 696, 734, 769, 775, 863, 876, 892, 917, 1219, 1227, 1278, 1287, 1316, 1379, 1390, 1415, 1467, 1505, 1544, 1600, 1604, 1610, 1618, 1691, 1852, 1856, 1922, 2015, 2029, 2178, 2267, 2330, 2377, 2431]",52,1.5647256034426391,0.14361623022705317,0.07574546971143438,"[223279442, 34407516, 165782050, 451084394, 481824024, 155479000, 143827806, 223313719, 223299903, 70542772]","[1600, 682, 682, 673, 673, 673, 673, 1600, 1600, 682]"
700,100,"[63, 70, 84, 94, 175, 192, 263, 267, 268, 278, 362, 382, 431, 554, 595, 602, 625, 645, 669, 682, 751, 758, 824, 892, 1063, 1081, 1179, 1194, 1224, 1257, 1281, 1288, 1291, 1329, 1332, 1401, 1425, 1506, 1514, 1544, 1551, 1600, 1643, 1645, 1686, 1713, 1729, 1730, 1848, 1872, 1961, 1988, 2015, 2029, 2079, 2180, 2258]",57,1.8675755406729877,0.14948903117328882,0.06884970158959429,"[15755585, 27506815, 588753166, 297452316, 31155007, 502997176, 541273729, 371104310, 107432089, 283578665]","[2258, 2258, 2258, 2258, 2258, 2258, 2258, 2258, 2258, 2258]"
701,100,"[209, 227, 275, 382, 396, 431, 442, 627, 645, 651, 825, 888, 900, 1037, 1116, 1125, 1176, 1505, 1515, 1682, 1697, 1705, 1915, 2065, 2135, 2260, 2362]",27,0.8587139779701829,0.06971146631985903,0.06757136351532406,"[335205476, 580978771, 116276053, 285903853, 182399199, 290312855, 235542195, 95793971, 182244542, 504321353]","[1037, 1125, 1697, 1697, 1125, 1697, 1176, 1125, 1697, 1125]"
702,100,"[10, 26, 148, 159, 239, 279, 286, 338, 382, 384, 395, 406, 443, 471, 525, 533, 566, 602, 618, 683, 704, 754, 804, 827, 831, 901, 961, 1003, 1032, 1044, 1065, 1068, 1071, 1176, 1281, 1296, 1360, 1460, 1506, 1514, 1660, 1665, 1838, 1926, 2072, 2081, 2156, 2171, 2209, 2279, 2318, 2440]",52,1.769702932331711,0.16128270281478763,0.08776082908018278,"[356334669, 356118835, 463089125, 229520666, 32701164, 84443931, 567285168, 356263433, 563774376, 49390909]","[338, 338, 2081, 2081, 2081, 2081, 2081, 2081, 2081, 2081]"
703,100,"[1, 14, 77, 112, 174, 186, 211, 268, 315, 340, 459, 468, 544, 682, 933, 935, 1091, 1092, 1167, 1196, 1202, 1203, 1262, 1326, 1360, 1362, 1425, 1429, 1601, 1667, 1669, 1812, 1839, 1844, 1902, 1985, 2039, 2071, 2082, 2189, 2271, 2325, 2437]",43,1.2029840550385416,0.11172085953876376,0.07000052671186453,"[303076252, 494944160, 188412807, 561475598, 117787662, 103672702, 88102447, 555653630, 71963599, 230365097]","[1091, 1091, 1091, 1091, 1091, 1091, 1091, 2437, 1091, 1091]"
704,100,"[20, 39, 96, 213, 250, 258, 323, 381, 432, 470, 604, 678, 745, 846, 852, 926, 979, 1027, 1068, 1114, 1150, 1157, 1169, 1183, 1434, 1499, 1556, 1573, 1744, 1749, 1774, 1780, 1922, 1946, 2095, 2174, 2175, 2194, 2214, 2226, 2253, 2298, 2329, 2425, 2426]",45,1.2913945522159338,0.14859286230057478,0.10002828868002528,"[50797895, 531656131, 581259626, 327187554, 156800920, 593534916, 341312319, 560849002, 341690750, 297117766]","[258, 258, 258, 258, 1744, 258, 258, 1946, 1744, 258]"
705,100,"[10, 109, 112, 175, 194, 196, 227, 241, 340, 352, 381, 382, 407, 422, 468, 528, 550, 564, 746, 758, 786, 821, 846, 876, 892, 917, 1010, 1092, 1106, 1143, 1226, 1262, 1296, 1419, 1450, 1489, 1495, 1552, 1608, 1618, 1686, 1692, 1696, 1730, 1744, 1809, 1996, 2027, 2253, 2273, 2279, 2301, 2387, 2421, 2426]",55,1.8840686734765768,0.17895414354279637,0.0936085768297992,"[479264094, 125376724, 97172013, 494441995, 75941668, 395259281, 4677901, 378521473, 561935889, 69582267]","[382, 2426, 846, 917, 382, 2426, 1608, 1106, 2426, 382]"
706,100,"[110, 111, 112, 164, 213, 214, 241, 258, 323, 368, 382, 385, 428, 432, 446, 484, 523, 537, 543, 550, 560, 636, 700, 729, 781, 786, 791, 810, 821, 897, 901, 968, 1053, 1145, 1150, 1355, 1505, 1536, 1551, 1552, 1568, 1618, 1645, 1649, 1671, 1686, 1701, 1742, 1765, 1872, 1946, 2052, 2174, 2194, 2212, 2302, 2321, 2343, 2400, 2421]",60,2.0255086654797196,0.1924248244613409,0.09468191944373151,"[166929302, 75376229, 274217792, 385139050, 462371255, 526547697, 140407470, 597326609, 145519240, 248311566]","[1946, 1671, 550, 1671, 2174, 1671, 550, 1649, 1946, 2212]"
707,100,"[19, 21, 105, 131, 161, 230, 302, 385, 554, 595, 674, 712, 773, 811, 833, 839, 987, 1031, 1172, 1187, 1219, 1249, 1297, 1327, 1331, 1356, 1379, 1397, 1456, 1492, 1500, 1566, 1762, 1777, 1824, 2080, 2083, 2145, 2155, 2267, 2336, 2351, 2389]",43,1.4289340795949101,0.1169470907188952,0.08163063727362557,"[290423263, 290546975, 141521827, 558769378, 366674039, 296590762, 160086921, 501888161, 442043012, 262072973]","[131, 2336, 131, 131, 131, 131, 131, 131, 131, 131]"
708,100,"[21, 47, 57, 86, 112, 185, 202, 222, 230, 237, 241, 262, 263, 278, 283, 293, 303, 353, 359, 382, 431, 528, 554, 570, 692, 702, 734, 744, 825, 876, 911, 1019, 1063, 1064, 1106, 1169, 1189, 1224, 1249, 1258, 1276, 1322, 1353, 1355, 1434, 1444, 1501, 1505, 1618, 1649, 1660, 1713, 1769, 2036, 2097, 2103, 2145, 2212, 2231, 2253, 2271, 2302, 2358, 2419]",64,2.033586206380278,0.1872334717772901,0.08374902134528384,"[445624214, 21209791, 214459992, 20831134, 582255751, 26580979, 517081156, 585889930, 357310198, 578674690]","[911, 2097, 2097, 1713, 2097, 911, 1106, 1501, 1505, 2097]"
709,100,"[10, 51, 56, 57, 63, 159, 175, 255, 263, 283, 338, 396, 406, 407, 413, 431, 443, 557, 566, 663, 744, 754, 761, 898, 1044, 1066, 1068, 1081, 1179, 1258, 1262, 1276, 1360, 1415, 1434, 1506, 1509, 1511, 1514, 1557, 1602, 1644, 1660, 1686, 1705, 1729, 1730, 1848, 1852, 2015, 2029, 2036, 2072, 2097, 2103, 2156, 2212, 2279, 2318, 2337, 2431]",61,1.8617229075171053,0.17563333176076412,0.07594629156510116,"[364123452, 243804062, 326538456, 101738279, 364227009, 369773749, 364232242, 594255946, 238645495, 271083209]","[1081, 1511, 1511, 159, 2097, 557, 2097, 2337, 2072, 1511]"
710,100,"[39, 201, 344, 373, 389, 484, 672, 693, 786, 834, 852, 968, 979, 1027, 1099, 1130, 1178, 1181, 1530, 1618, 1641, 1677, 1692, 1698, 1726, 1742, 1746, 1880, 1886, 1912, 1916, 1933, 2175, 2216, 2333, 2378]",36,1.106889505404979,0.115706417709589,0.0915547692630854,"[199872053, 333064862, 429254318, 74402508, 511648763, 391907968, 204632143, 535203000, 548263377, 480336888]","[1880, 1880, 1181, 1880, 1880, 2333, 1880, 484, 484, 2333]"
711,100,"[59, 67, 170, 301, 325, 393, 401, 407, 442, 487, 570, 645, 673, 678, 743, 746, 747, 754, 850, 859, 865, 924, 993, 1080, 1106, 1177, 1278, 1316, 1319, 1330, 1410, 1467, 1468, 1529, 1543, 1600, 1636, 1649, 1677, 1685, 1726, 1856, 1922, 1923, 2011, 2046, 2085, 2226, 2287, 2330, 2377, 2387, 2423, 2425, 2430, 2445]",56,1.596443923190236,0.14723010314628482,0.0734236403576298,"[532147618, 41366602, 532398561, 396381822, 581804298, 447709396, 357694103, 586712300, 299154706, 93694205]","[1922, 59, 67, 67, 59, 67, 1922, 67, 1922, 1922]"
712,100,"[10, 112, 262, 407, 484, 533, 550, 560, 564, 672, 678, 786, 821, 880, 892, 898, 907, 917, 931, 961, 970, 980, 993, 1010, 1017, 1025, 1106, 1118, 1123, 1219, 1234, 1262, 1278, 1403, 1505, 1618, 1649, 1665, 1691, 1692, 1744, 1782, 1996, 2011, 2031, 2083, 2105, 2124, 2139, 2146, 2175, 2279, 2377, 2421]",54,1.9061637069098651,0.17356912698596716,0.09512862856758551,"[176759219, 558909271, 318552186, 68394679, 268853627, 170542660, 264289482, 591746086, 433161442, 546917862]","[2011, 1025, 1782, 2011, 1025, 2279, 407, 2124, 1782, 407]"
713,100,"[77, 112, 164, 211, 368, 378, 382, 428, 446, 470, 537, 544, 550, 604, 746, 941, 1053, 1106, 1145, 1150, 1202, 1284, 1326, 1429, 1568, 1573, 1601, 1618, 1667, 1686, 1700, 1744, 1812, 1872, 1946, 1985, 2038, 2125, 2174, 2189, 2253, 2271, 2325]",43,1.4723496977239847,0.13865300454199314,0.09586346879883041,"[193985554, 371709521, 286601329, 75993523, 277445547, 78652326, 443083963, 336565197, 580234576, 598058553]","[1812, 1812, 2271, 2271, 2271, 470, 368, 2271, 470, 2271]"
714,100,"[20, 36, 164, 201, 373, 381, 389, 484, 834, 979, 1027, 1159, 1192, 1286, 1530, 1618, 1692, 1698, 1744, 1880, 1886, 1912, 1916, 1933, 2038, 2043, 2076, 2095, 2175, 2183, 2214, 2226, 2302, 2333, 2378]",35,1.150274746119976,0.11362554272636771,0.09334698705268758,"[438904754, 407019418, 406493921, 417460514, 574225054, 473194321, 580720797, 230750417, 375737537, 46452780]","[2183, 2333, 1530, 484, 1530, 1886, 484, 484, 484, 484]"
715,100,"[51, 72, 112, 262, 280, 305, 393, 395, 487, 566, 570, 628, 678, 694, 754, 769, 825, 852, 898, 1003, 1065, 1068, 1103, 1123, 1181, 1281, 1349, 1356, 1389, 1403, 1410, 1432, 1726, 1733, 1852, 1923, 2207, 2253, 2298, 2318, 2328, 2330, 2337, 2338, 2377, 2431, 2440]",47,1.7566404775716364,0.15322820795699954,0.10541693669585313,"[139997905, 110075494, 486859552, 259654997, 329458047, 306799320, 325045770, 35693852, 306780319, 69018570]","[2253, 1410, 570, 1410, 1181, 1852, 1410, 1726, 1852, 754]"
716,100,"[20, 61, 63, 164, 201, 368, 381, 382, 385, 428, 446, 484, 537, 550, 746, 781, 897, 908, 915, 941, 1053, 1096, 1150, 1262, 1276, 1284, 1346, 1645, 1662, 1686, 1692, 1694, 1732, 1749, 1812, 1848, 1872, 1946, 1985, 2017, 2174, 2175, 2271, 2425, 2426]",45,1.532235097605735,0.1335490825586021,0.08299796451400551,"[219247777, 14956816, 147402803, 119588118, 207087174, 586987309, 404118624, 317683705, 17511256, 147402794]","[2174, 2174, 1732, 1732, 484, 20, 550, 484, 2174, 1732]"
717,100,"[20, 39, 100, 164, 175, 194, 258, 268, 293, 323, 412, 422, 537, 674, 702, 746, 876, 892, 917, 933, 968, 1091, 1150, 1167, 1194, 1202, 1276, 1291, 1419, 1425, 1544, 1557, 1667, 1694, 1730, 1769, 1812, 1841, 1844, 1946, 1971, 2082, 2172, 2271, 2343, 2358, 2426, 2437]",48,1.3399815107695758,0.13070209650322795,0.07121123728575185,"[423150744, 56737034, 562933801, 421106636, 82776735, 440909851, 460712047, 404847255, 460386170, 171812725]","[2172, 1091, 1091, 1091, 293, 1091, 1091, 1091, 293, 1091]"
718,100,"[20, 39, 63, 70, 84, 100, 164, 192, 201, 258, 273, 323, 382, 537, 595, 602, 620, 625, 746, 758, 786, 876, 892, 908, 968, 1150, 1194, 1249, 1291, 1346, 1419, 1425, 1544, 1551, 1645, 1686, 1730, 1749, 1783, 1807, 1841, 1872, 1946, 2029, 2082, 2140, 2180, 2321, 2343, 2426]",50,1.67508140578866,0.1603854219429195,0.087226114817895,"[66220792, 368182769, 103960464, 83160001, 338615824, 339075830, 378525513, 170311604, 408454256, 319706407]","[20, 20, 323, 20, 620, 1419, 273, 258, 1730, 1419]"
719,100,"[6, 10, 26, 109, 199, 255, 275, 352, 428, 528, 550, 564, 651, 737, 746, 786, 821, 892, 917, 931, 1022, 1092, 1106, 1143, 1167, 1202, 1225, 1262, 1419, 1450, 1481, 1524, 1544, 1677, 1692, 1700, 1744, 1749, 1825, 1860, 1996, 2082, 2125, 2264, 2301, 2311, 2421, 2426]",48,1.636906873434782,0.15432213293388486,0.09201064545292563,"[213694925, 200840420, 516114027, 131819241, 503450068, 594599479, 503452741, 332887597, 498525728, 212186887]","[1524, 2301, 1524, 1419, 1524, 1825, 2426, 1202, 737, 1524]"
720,100,"[20, 63, 70, 105, 131, 175, 201, 268, 273, 537, 674, 758, 772, 822, 850, 892, 1219, 1249, 1293, 1349, 1360, 1450, 1520, 1544, 1551, 1559, 1580, 1611, 1717, 1730, 1807, 1848, 2024, 2028, 2082, 2102, 2119, 2153, 2180, 2447]",40,1.386689418926835,0.12069766968488693,0.08045098099973984,"[42388556, 130285807, 196005135, 190069500, 55484204, 111161273, 42266115, 494050017, 533106488, 24656633]","[2024, 1293, 1520, 63, 63, 1520, 63, 63, 63, 1520]"
721,100,"[47, 118, 174, 211, 255, 263, 346, 378, 413, 444, 477, 542, 619, 871, 898, 911, 1068, 1107, 1179, 1203, 1296, 1310, 1355, 1414, 1954, 2103, 2125, 2221]",28,0.8135228715837002,0.06814387300983071,0.06310012908319809,"[417891217, 76805798, 68427597, 569526539, 547125696, 280913797, 221095546, 597044073, 416051829, 124067658]","[174, 619, 619, 619, 619, 619, 619, 619, 619, 619]"
722,100,"[63, 70, 84, 105, 164, 192, 382, 577, 588, 595, 625, 674, 758, 811, 813, 1085, 1194, 1249, 1291, 1329, 1456, 1505, 1520, 1544, 1551, 1645, 1848, 1872, 2029, 2140, 2180, 2343]",32,1.1874667475931346,0.09774413332343102,0.0772655589171336,"[77691294, 438932245, 578938443, 393115337, 191821827, 260549966, 371533472, 214415080, 339900500, 315949825]","[595, 811, 588, 105, 84, 595, 1520, 84, 1520, 595]"
723,100,"[6, 10, 26, 109, 112, 241, 252, 352, 382, 385, 446, 455, 588, 602, 672, 686, 707, 711, 734, 772, 786, 821, 846, 880, 941, 1019, 1093, 1113, 1152, 1169, 1186, 1194, 1257, 1262, 1324, 1408, 1415, 1450, 1481, 1505, 1559, 1608, 1686, 1696, 1763, 1809, 1995, 2006, 2027, 2039, 2134, 2154, 2421, 2430]",54,1.8938549156300724,0.1642161882482469,0.09175585601823749,"[9020838, 76774025, 386802956, 200392849, 188269105, 393822947, 398354679, 587095987, 356654390, 296306727]","[2154, 2154, 707, 1408, 2154, 1995, 707, 2154, 2154, 2154]"
724,100,"[168, 196, 271, 301, 340, 443, 483, 490, 560, 564, 743, 905, 1167, 1196, 1230, 1293, 1296, 1297, 1312, 1450, 1489, 1608, 1717, 1786, 1839, 2098, 2102, 2105, 2124, 2273]",30,0.8354269941337407,0.09819932887330651,0.08693392265122384,"[458166727, 454207062, 451916269, 96944793, 72844089, 207932964, 364421544, 406355378, 532097811, 468586585]","[1230, 1230, 1230, 1230, 1230, 1230, 1230, 1230, 1717, 1717]"
725,100,"[112, 164, 194, 241, 262, 286, 352, 368, 381, 382, 428, 484, 550, 560, 737, 746, 777, 786, 834, 917, 1027, 1053, 1130, 1226, 1285, 1346, 1434, 1552, 1662, 1677, 1686, 1692, 1696, 1700, 1744, 1809, 1812, 1872, 1946, 1996, 2017, 2027, 2095, 2105, 2139, 2175, 2253, 2279, 2377, 2421, 2425]",51,1.8625767431221902,0.1716640628874302,0.10966328947403121,"[433549076, 123306930, 591041043, 351841418, 173561433, 263835484, 349778014, 62639457, 130475617, 24851015]","[1677, 352, 428, 550, 550, 550, 428, 1692, 550, 428]"
726,100,"[27, 76, 80, 109, 112, 168, 209, 295, 347, 455, 508, 586, 646, 655, 664, 686, 734, 741, 755, 793, 824, 899, 1092, 1112, 1113, 1129, 1152, 1262, 1401, 1408, 1478, 1504, 1633, 1647, 1693, 1738, 1777, 1797, 1830, 1961, 1982, 2027, 2090, 2135, 2154]",45,1.585214430000633,0.13213682221248746,0.08621077791063322,"[178802831, 127773390, 319855764, 174527220, 259717660, 187540254, 548495749, 36782507, 16381369, 208427386]","[1112, 793, 1112, 1112, 1112, 1112, 1112, 1112, 1112, 899]"
727,100,"[186, 368, 382, 385, 392, 454, 550, 602, 642, 664, 686, 744, 781, 810, 824, 846, 897, 1025, 1139, 1143, 1145, 1169, 1257, 1262, 1285, 1415, 1444, 1504, 1505, 1557, 1686, 1696, 1763, 1768, 1872, 1908, 1972, 1985, 2017, 2027, 2154, 2184, 2260, 2359, 2385]",45,1.688622325193137,0.1306344480253756,0.08640975659299228,"[435768042, 342043115, 182855474, 22388379, 573033301, 280469546, 280469543, 485205137, 479363319, 31482913]","[1908, 368, 1557, 1908, 1908, 1908, 1972, 1972, 1972, 1972]"
728,100,"[10, 129, 164, 201, 286, 352, 368, 373, 382, 428, 484, 544, 550, 602, 737, 746, 777, 786, 834, 852, 892, 898, 908, 1025, 1053, 1068, 1130, 1181, 1202, 1226, 1346, 1434, 1481, 1618, 1692, 1696, 1700, 1809, 1916, 1933, 1985, 1996, 2095, 2175, 2264, 2273, 2279, 2301, 2378, 2421, 2426]",51,2.0708153233863413,0.1724490593187511,0.10647245113938755,"[475954615, 494301129, 414079641, 347263570, 482255584, 350504084, 69616124, 595501936, 99183468, 115428631]","[2095, 2095, 2095, 2095, 2095, 2095, 2095, 2095, 2095, 2095]"
729,100,"[20, 63, 164, 201, 286, 345, 381, 382, 412, 470, 544, 550, 556, 602, 746, 786, 834, 892, 908, 917, 1053, 1165, 1194, 1226, 1262, 1346, 1425, 1552, 1618, 1662, 1686, 1692, 1696, 1744, 1809, 1835, 1996, 2095, 2140, 2175, 2214, 2279, 2421, 2425, 2426]",45,1.5591056826524436,0.1356962607242167,0.08452409503257109,"[301893573, 292081751, 241496664, 142253742, 164086875, 224748079, 28049539, 391607797, 44339416, 60572819]","[2426, 2426, 2426, 2426, 2426, 2426, 2095, 2426, 2095, 2426]"
730,100,"[20, 40, 96, 112, 164, 201, 382, 422, 446, 470, 484, 537, 550, 560, 604, 746, 758, 786, 821, 846, 908, 979, 1025, 1027, 1053, 1096, 1178, 1194, 1346, 1505, 1515, 1556, 1573, 1600, 1618, 1686, 1692, 1694, 1744, 1749, 1783, 1872, 1996, 2140, 2175, 2214, 2226, 2273, 2302, 2421, 2425, 2426]",52,1.6441936301998794,0.16396383754909039,0.09031663646097653,"[309653842, 439325336, 32566260, 479751424, 575196920, 363920619, 49590174, 349149698, 112407100, 242861668]","[2425, 1783, 484, 164, 550, 164, 2226, 1744, 1744, 2226]"
731,100,"[0, 10, 21, 93, 175, 202, 255, 279, 300, 407, 423, 443, 478, 542, 564, 618, 626, 678, 769, 776, 828, 898, 917, 961, 1032, 1053, 1068, 1107, 1123, 1176, 1219, 1296, 1380, 1506, 1543, 1581, 1618, 1713, 1717, 1786, 1923, 1926, 1974, 2015, 2044, 2072, 2081, 2088, 2139, 2209, 2279, 2318, 2387, 2440]",54,1.5848202486522496,0.1576217021793127,0.07971133216266969,"[91554181, 341426383, 494588430, 117033705, 38312370, 571913361, 144654610, 286784459, 176127713, 31094755]","[202, 542, 542, 542, 542, 1123, 542, 2387, 542, 10]"
732,100,"[57, 112, 164, 211, 242, 344, 382, 428, 459, 470, 537, 544, 604, 673, 711, 734, 743, 746, 821, 846, 902, 1026, 1106, 1150, 1202, 1262, 1276, 1284, 1326, 1429, 1568, 1573, 1583, 1601, 1618, 1650, 1667, 1677, 1686, 1757, 1812, 1841, 1872, 1946, 1971, 1985, 2174, 2189, 2206, 2207, 2271]",51,1.7452636258676648,0.1532200751826167,0.0871302237843766,"[19132216, 224283437, 316276338, 547384795, 409121290, 242123266, 206899382, 316217329, 108568694, 483168469]","[2189, 2189, 2189, 2189, 2189, 2189, 2189, 2189, 2189, 1583]"
733,100,"[20, 112, 164, 175, 241, 263, 267, 316, 382, 468, 602, 618, 625, 682, 729, 745, 746, 786, 834, 887, 892, 908, 917, 968, 1025, 1099, 1106, 1194, 1249, 1262, 1419, 1434, 1516, 1536, 1598, 1618, 1644, 1671, 1686, 1694, 1696, 1699, 1723, 1730, 1744, 1749, 1807, 1996, 2017, 2029, 2082, 2175, 2194, 2279, 2301, 2377, 2426]",57,1.8934986302629113,0.16978142596781254,0.08287161729592633,"[185126942, 73453623, 438930667, 205759726, 81810707, 152636530, 391151002, 265369140, 527763265, 101163698]","[1723, 1723, 1723, 1723, 892, 1723, 468, 892, 1699, 1807]"
734,100,"[39, 72, 89, 96, 111, 148, 213, 242, 250, 258, 293, 323, 368, 382, 525, 537, 558, 564, 618, 729, 737, 745, 786, 846, 876, 901, 915, 968, 1044, 1053, 1114, 1123, 1150, 1183, 1346, 1360, 1434, 1499, 1559, 1573, 1608, 1649, 1671, 1742, 1774, 1780, 1822, 1946, 2004, 2006, 2053, 2194, 2207, 2253, 2264, 2329, 2377]",57,1.8172650206834078,0.16757274884730577,0.08702601247728524,"[222732639, 433092664, 295555361, 375982531, 69845528, 513371880, 190103610, 492975775, 377380634, 330783269]","[1946, 1946, 1946, 2207, 618, 2207, 737, 558, 1053, 558]"
735,100,"[10, 61, 81, 126, 273, 286, 368, 382, 428, 447, 459, 544, 550, 737, 746, 821, 843, 852, 871, 898, 1053, 1065, 1129, 1262, 1434, 1481, 1498, 1662, 1667, 1812, 1985, 2017, 2071, 2125, 2174, 2175, 2279, 2391]",38,1.1447951346635818,0.10186408320441842,0.06985207520866472,"[523442272, 469630837, 348413791, 89497066, 35190427, 393431202, 569028283, 160125705, 238500784, 382669929]","[2279, 550, 2279, 550, 2279, 843, 2279, 2279, 550, 2279]"
736,100,"[1, 14, 63, 84, 164, 174, 192, 268, 315, 382, 468, 550, 564, 577, 588, 595, 758, 813, 821, 892, 908, 941, 1092, 1129, 1194, 1262, 1288, 1293, 1329, 1495, 1544, 1608, 1645, 1686, 1730, 1786, 1839, 1872, 1902, 2017, 2029, 2071, 2082, 2102, 2180, 2279, 2426]",47,1.632262113969773,0.13430739333853126,0.07670326357053474,"[250495421, 532925761, 112828282, 203940805, 539889840, 294617011, 91922461, 435983546, 57556452, 37759442]","[468, 468, 468, 268, 595, 468, 2071, 2071, 595, 1544]"
737,100,"[59, 175, 210, 263, 315, 382, 396, 407, 446, 487, 537, 543, 645, 658, 673, 682, 746, 761, 863, 864, 924, 1178, 1227, 1235, 1262, 1276, 1278, 1284, 1326, 1354, 1410, 1415, 1509, 1600, 1610, 1705, 1763, 1852, 1856, 1922, 2015, 2036, 2177, 2330, 2409]",45,1.27255347231403,0.11746693914756179,0.06510078029500113,"[274967503, 197159784, 223354459, 325094629, 84008816, 569752094, 29507369, 533138201, 76001378, 558958062]","[59, 59, 59, 59, 59, 59, 59, 59, 59, 59]"
738,100,"[168, 196, 340, 468, 528, 564, 766, 956, 1042, 1078, 1080, 1129, 1167, 1173, 1196, 1224, 1298, 1451, 1489, 1494, 1495, 1573, 1608, 1650, 1675, 1738, 2098, 2166, 2232]",29,0.7497780555859208,0.07545421132817864,0.06529591232538223,"[490032805, 530482745, 144147272, 433394339, 100305852, 215237817, 138127504, 530661354, 283048010, 517280616]","[2098, 2098, 2098, 1495, 2098, 2098, 2098, 2166, 2098, 2098]"
739,100,"[26, 201, 258, 263, 286, 368, 370, 381, 382, 428, 446, 470, 550, 602, 604, 737, 744, 746, 786, 852, 898, 917, 1003, 1025, 1027, 1032, 1053, 1068, 1081, 1099, 1176, 1179, 1262, 1346, 1353, 1360, 1481, 1505, 1506, 1514, 1528, 1556, 1559, 1573, 1608, 1618, 1662, 1700, 1729, 1744, 1772, 1872, 1985, 1996, 2029, 2214, 2226, 2253, 2279, 2378, 2425]",61,2.2646116269752383,0.19731802446767688,0.0956120441102835,"[169034073, 75519751, 58740187, 420560889, 4573991, 322188794, 68359383, 176796399, 140257916, 211061395]","[258, 1744, 1744, 852, 1744, 1744, 2226, 1744, 2378, 2425]"
740,100,"[10, 26, 40, 61, 112, 262, 277, 353, 368, 382, 396, 442, 444, 484, 487, 537, 550, 566, 604, 627, 645, 673, 711, 734, 746, 761, 786, 876, 892, 898, 924, 968, 1004, 1025, 1096, 1106, 1178, 1219, 1262, 1278, 1284, 1288, 1303, 1314, 1326, 1355, 1505, 1544, 1559, 1600, 1618, 1633, 1645, 1692, 1696, 1705, 1856, 1872, 1985, 2212, 2248, 2279, 2311, 2377, 2409, 2421]",66,2.440035850275308,0.20400720834732056,0.09093163281001827,"[134034383, 211568616, 297458372, 548468718, 14653669, 277370827, 280318153, 548449562, 42881514, 38741440]","[1178, 1025, 1178, 1025, 1025, 1025, 1178, 1025, 1178, 1178]"
741,100,"[47, 57, 86, 170, 185, 212, 262, 278, 351, 396, 431, 487, 543, 675, 678, 811, 833, 888, 924, 987, 1000, 1004, 1019, 1063, 1068, 1085, 1125, 1169, 1176, 1177, 1178, 1276, 1278, 1281, 1319, 1337, 1354, 1355, 1389, 1410, 1505, 1511, 1554, 1607, 1618, 1641, 1705, 1838, 1867, 2015, 2080, 2085, 2212, 2253, 2431]",55,1.6853291927836835,0.14870873419567943,0.07614277054725045,"[265676713, 390073910, 4227885, 196936640, 403296399, 363947252, 281300524, 351254502, 416223390, 449179114]","[1063, 1063, 1063, 1063, 1063, 1063, 1063, 1063, 1063, 1063]"
742,100,"[14, 112, 164, 174, 175, 255, 286, 315, 396, 407, 564, 658, 682, 712, 828, 871, 917, 935, 1091, 1106, 1129, 1143, 1178, 1187, 1202, 1203, 1249, 1262, 1297, 1326, 1360, 1415, 1425, 1429, 1495, 1514, 1537, 1557, 1601, 1667, 1686, 1691, 1748, 1769, 1812, 1839, 1902, 1985, 2015, 2071, 2189, 2191, 2271, 2279, 2325, 2437]",56,1.599057528655976,0.15683871787041426,0.07397616786017482,"[328926690, 142841584, 366393788, 82961013, 192539996, 37092921, 210699347, 408813883, 527960810, 422015706]","[1202, 1202, 1202, 1202, 1202, 1202, 1202, 682, 1202, 1601]"
743,100,"[1, 10, 201, 303, 373, 382, 443, 484, 544, 564, 618, 758, 786, 834, 892, 908, 917, 979, 1053, 1130, 1194, 1226, 1265, 1293, 1327, 1450, 1530, 1552, 1558, 1608, 1618, 1686, 1696, 1717, 1730, 1786, 1839, 1880, 1916, 1996, 2082, 2102, 2140, 2253, 2273, 2378, 2387]",47,1.7477049147710204,0.15825721947476268,0.09591675638914743,"[231721073, 470619063, 464199733, 470658626, 333928270, 204560378, 334065146, 28586845, 70512822, 231721072]","[564, 1226, 564, 1226, 564, 564, 443, 382, 564, 564]"
744,100,"[109, 112, 194, 196, 227, 271, 275, 301, 340, 352, 528, 560, 564, 601, 627, 692, 786, 821, 880, 892, 905, 917, 1010, 1092, 1106, 1143, 1167, 1218, 1225, 1226, 1262, 1292, 1419, 1450, 1489, 1495, 1505, 1608, 1717, 1825, 1996, 2130, 2273, 2301, 2389, 2421]",46,1.4483501357026398,0.15840867161750793,0.10111108683454602,"[436863779, 99713472, 69774209, 586714768, 179112281, 259567035, 250149985, 597193909, 125030038, 96364514]","[1450, 1292, 1825, 1450, 1292, 1292, 1489, 2421, 1292, 1825]"
745,100,"[47, 107, 118, 174, 192, 249, 297, 315, 350, 364, 431, 645, 647, 839, 871, 911, 935, 947, 1190, 1202, 1276, 1284, 1326, 1401, 1505, 1515, 1537, 1601, 1607, 1610, 1682, 1966, 2177, 2206, 2208, 2212, 2221, 2271, 2325, 2358, 2437]",41,1.3809031532146037,0.11347283609211445,0.0735925505187635,"[305975296, 129221555, 361836702, 207471102, 495070446, 51090134, 30262928, 297134022, 163884444, 207045293]","[911, 364, 647, 118, 364, 2221, 871, 871, 364, 364]"
746,100,"[6, 10, 112, 196, 211, 227, 275, 382, 454, 459, 468, 528, 564, 620, 630, 642, 647, 651, 821, 825, 902, 1010, 1026, 1064, 1092, 1106, 1116, 1129, 1167, 1196, 1262, 1293, 1308, 1489, 1505, 1515, 1544, 1618, 1669, 1682, 1686, 1791, 1825, 1839, 1841, 2033, 2209, 2273, 2421]",49,1.5674748974852264,0.15144314337521791,0.08099570454630468,"[232624377, 33312517, 146177913, 356326206, 484594305, 381308412, 289828106, 463278358, 36035856, 356049878]","[528, 528, 528, 1010, 1010, 528, 528, 528, 1682, 528]"
747,100,"[20, 63, 70, 84, 164, 175, 192, 255, 263, 268, 293, 550, 595, 625, 674, 682, 746, 758, 892, 908, 968, 973, 1018, 1085, 1194, 1249, 1276, 1291, 1327, 1329, 1425, 1536, 1544, 1551, 1573, 1645, 1723, 1730, 1783, 1807, 1844, 1848, 2017, 2029, 2082, 2343, 2426]",47,1.6104771960526705,0.13589923456311226,0.07509532717472696,"[575187413, 199454458, 564932550, 199462273, 444388261, 157370619, 330475937, 107222643, 35532211, 587392179]","[1723, 1723, 1723, 892, 1723, 1723, 1723, 1723, 1723, 1723]"
748,100,"[25, 107, 129, 174, 241, 249, 315, 382, 395, 428, 446, 454, 502, 544, 550, 602, 604, 647, 669, 672, 673, 744, 754, 761, 772, 789, 825, 852, 898, 935, 941, 961, 1032, 1053, 1068, 1169, 1203, 1284, 1326, 1346, 1353, 1355, 1376, 1425, 1511, 1554, 1601, 1602, 1607, 1610, 1618, 1786, 1856, 1916, 1985, 2038, 2140, 2302, 2378]",59,2.0272568366490304,0.16414489829912782,0.07834926804417144,"[127044680, 331992073, 394531784, 190151555, 256078915, 66637549, 436668879, 398841118, 514433967, 398912427]","[315, 1610, 315, 1610, 1610, 1610, 1610, 1610, 315, 1610]"
749,100,"[56, 63, 84, 255, 263, 273, 283, 382, 396, 431, 557, 645, 647, 663, 682, 751, 811, 813, 945, 1063, 1066, 1081, 1085, 1179, 1262, 1276, 1291, 1329, 1360, 1415, 1505, 1506, 1509, 1511, 1544, 1551, 1580, 1600, 1611, 1631, 1644, 1660, 1666, 1682, 1686, 1705, 1730, 1783, 1848, 1852, 1961, 2015, 2029, 2036, 2065, 2097, 2180, 2206, 2258, 2260]",60,1.843386607710272,0.1684748944826424,0.07071947085593516,"[555807422, 588047940, 46045003, 74666318, 547712943, 140457520, 555807416, 343417206, 555807420, 549181239]","[63, 1705, 1066, 63, 84, 1682, 2065, 263, 2015, 396]"
750,100,"[6, 10, 26, 70, 112, 164, 213, 275, 293, 323, 352, 382, 478, 537, 550, 560, 564, 618, 620, 729, 746, 786, 846, 876, 892, 917, 926, 968, 1010, 1106, 1194, 1226, 1249, 1262, 1291, 1397, 1419, 1434, 1505, 1559, 1573, 1608, 1618, 1686, 1738, 1762, 1841, 1844, 1946, 1996, 2004, 2057, 2082, 2253, 2264, 2279, 2421]",57,2.0097529790364206,0.18281268933787942,0.09277046712834322,"[94418452, 302611918, 134222644, 302659270, 109372265, 85101691, 197966881, 469786629, 566169163, 79750627]","[620, 620, 1844, 478, 620, 478, 6, 478, 892, 620]"
751,100,"[80, 109, 186, 209, 347, 385, 409, 455, 586, 646, 655, 664, 686, 734, 810, 824, 880, 899, 1112, 1113, 1152, 1225, 1401, 1408, 1504, 1532, 1633, 1693, 1707, 1763, 1830, 1858, 1915, 1944, 1961, 1972, 2027, 2134, 2135, 2154, 2184, 2260, 2380]",43,1.5019790627993643,0.11164729716256261,0.0776645419685993,"[186250303, 390290954, 27545485, 60578090, 247203506, 76431484, 450346825, 234466048, 407663598, 126436668]","[1112, 1152, 1112, 1152, 1693, 2135, 1112, 1112, 2135, 1152]"
752,100,"[36, 201, 262, 373, 385, 389, 428, 484, 537, 560, 564, 673, 692, 743, 746, 834, 979, 1022, 1053, 1130, 1192, 1505, 1530, 1568, 1608, 1618, 1677, 1698, 1872, 1916, 1946, 2038, 2076, 2183, 2253, 2273, 2333, 2378, 2421]",39,1.5717255123890936,0.12969652516767383,0.09961031515819904,"[188276849, 426027857, 75409110, 446586320, 321081448, 289790944, 501628430, 511282565, 73261937, 34268949]","[1530, 1530, 1192, 1530, 1530, 2183, 1530, 1530, 1530, 1192]"
753,100,"[36, 112, 174, 201, 263, 337, 382, 428, 543, 544, 602, 772, 777, 781, 825, 846, 884, 908, 979, 1053, 1068, 1130, 1145, 1165, 1226, 1257, 1284, 1353, 1552, 1565, 1601, 1618, 1686, 1696, 1726, 1768, 1880, 1916, 2027, 2038, 2102, 2125, 2378]",43,1.692673864774406,0.13838004739955068,0.11160287257760416,"[15269684, 477254712, 201963919, 68741689, 465257901, 244398823, 192206802, 121210942, 50436031, 66076885]","[544, 544, 544, 1165, 544, 544, 544, 1565, 544, 1565]"
754,100,"[63, 70, 84, 164, 192, 257, 263, 516, 577, 595, 625, 758, 811, 892, 1111, 1257, 1288, 1291, 1329, 1425, 1544, 1551, 1645, 1730, 1848, 2029, 2082, 2180, 2188, 2258]",30,0.9791513863019645,0.08039848739281297,0.06788500232311587,"[15635307, 312724952, 316922452, 15291053, 216946039, 220189977, 456888009, 179484769, 398032705, 15389557]","[516, 516, 516, 516, 516, 516, 516, 516, 516, 516]"
755,100,"[10, 26, 70, 109, 129, 175, 209, 240, 255, 286, 325, 382, 407, 413, 442, 443, 444, 454, 455, 521, 550, 564, 627, 645, 651, 673, 692, 734, 744, 746, 786, 793, 821, 876, 892, 917, 1019, 1025, 1106, 1125, 1129, 1178, 1262, 1278, 1283, 1288, 1369, 1410, 1444, 1478, 1505, 1544, 1600, 1608, 1618, 1644, 1662, 1684, 1696, 1769, 1996, 2105, 2175, 2279, 2301, 2311, 2338, 2377, 2409, 2421, 2430]",71,2.306516624055803,0.19181885942816734,0.07703363572076803,"[539696679, 223674121, 223680731, 95700958, 223700058, 223674897, 40041957, 226689730, 585279058, 469179213]","[455, 455, 2377, 455, 175, 744, 550, 455, 10, 455]"
756,100,"[1, 14, 112, 164, 174, 252, 352, 382, 413, 431, 459, 528, 573, 672, 686, 734, 754, 810, 897, 915, 941, 1019, 1092, 1093, 1145, 1169, 1186, 1251, 1257, 1262, 1284, 1326, 1355, 1408, 1415, 1498, 1557, 1558, 1602, 1618, 1696, 1763, 1786, 1839, 1911, 2039, 2071, 2090, 2154, 2208, 2325]",51,1.7733757412061095,0.14597524842247367,0.08190357828896273,"[143840965, 413826743, 507145613, 23358153, 498454879, 125223810, 505764537, 596226604, 208889889, 527260722]","[1602, 1602, 1602, 1602, 1602, 1602, 1602, 1602, 1602, 1602]"
757,100,"[6, 10, 20, 72, 89, 112, 164, 241, 250, 258, 352, 381, 382, 470, 484, 544, 550, 560, 618, 672, 673, 737, 746, 772, 786, 821, 834, 846, 892, 917, 968, 993, 1025, 1027, 1106, 1123, 1194, 1226, 1262, 1419, 1434, 1450, 1618, 1677, 1692, 1694, 1696, 1700, 1742, 1744, 1922, 1996, 2175, 2194, 2214, 2226, 2238, 2301, 2329, 2377, 2421, 2425, 2426]",63,2.141283461358398,0.21034499164670706,0.09537125888857104,"[322719624, 370815650, 470526803, 324403409, 27740414, 302274126, 273230502, 328603977, 157511370, 158853418]","[1419, 1744, 1419, 772, 2175, 772, 352, 352, 382, 2175]"
758,100,"[26, 260, 322, 402, 523, 533, 555, 636, 693, 700, 729, 901, 921, 968, 1053, 1059, 1068, 1322, 1404, 1458, 1470, 1493, 1665, 1671, 1699, 1701, 1859, 1927, 1929, 2052, 2141, 2156, 2338, 2346]",34,1.186045621521771,0.08905190089717507,0.08139400603249669,"[160416779, 323002308, 813693, 409250691, 414800427, 275472747, 172223973, 233627995, 541085700, 300838529]","[2141, 2141, 2141, 2141, 2141, 2141, 2141, 2141, 1458, 2141]"
759,100,"[54, 164, 201, 373, 389, 484, 544, 746, 834, 876, 908, 979, 1025, 1053, 1128, 1130, 1159, 1178, 1320, 1530, 1698, 1886, 1912, 1914, 1916, 1933, 2038, 2043, 2140, 2175, 2183, 2333, 2378, 2427]",34,1.0392213417217135,0.08984351996332407,0.07555905900731244,"[581598743, 204153808, 306077794, 428247136, 33707675, 412322717, 472399417, 253949050, 175409411, 321251817]","[1886, 1886, 1886, 1886, 1886, 1886, 1886, 1886, 1886, 1886]"
760,100,"[30, 40, 51, 57, 111, 112, 122, 295, 382, 385, 395, 396, 424, 459, 462, 525, 528, 560, 566, 781, 810, 846, 876, 897, 902, 915, 941, 1003, 1064, 1068, 1178, 1303, 1326, 1331, 1353, 1354, 1355, 1356, 1415, 1484, 1492, 1505, 1607, 1633, 1641, 1645, 1649, 1713, 1777, 2053, 2093, 2102, 2109, 2130, 2212, 2216, 2231, 2267]",58,1.9235875853337348,0.18824294907972217,0.09649781380972729,"[495038674, 9050530, 354277872, 479991039, 544258461, 94100475, 217592047, 113296450, 331740458, 351519897]","[459, 396, 382, 915, 846, 902, 382, 1415, 382, 902]"
761,100,"[1, 63, 201, 241, 263, 268, 273, 382, 431, 443, 537, 566, 751, 754, 758, 772, 813, 867, 892, 935, 1066, 1425, 1509, 1544, 1580, 1611, 1613, 1660, 1686, 1730, 1807, 1848, 2029, 2082, 2153, 2177, 2180, 2378, 2419]",39,1.1298652160912752,0.10634976765140891,0.06835688722845262,"[182749746, 203684967, 144733671, 214839887, 214909000, 127517746, 22329715, 123746413, 10515147, 136619422]","[1611, 273, 1611, 273, 1611, 273, 1730, 273, 273, 273]"
762,100,"[196, 315, 340, 459, 468, 528, 564, 627, 630, 746, 821, 1092, 1106, 1116, 1129, 1143, 1167, 1196, 1225, 1262, 1308, 1425, 1489, 1495, 1558, 1608, 1669, 1679, 1825, 1839, 1902, 1996, 2071, 2098, 2102, 2273, 2421, 2437]",38,0.960659890435636,0.10784410452470183,0.07470993933537484,"[483929454, 281576046, 288465784, 284939827, 281576039, 426437149, 128685229, 352335645, 281576050, 416758914]","[2098, 1092, 468, 468, 1825, 468, 1839, 1092, 468, 468]"
763,100,"[6, 26, 109, 112, 209, 240, 382, 602, 686, 746, 755, 824, 825, 846, 880, 1113, 1152, 1186, 1257, 1262, 1324, 1401, 1408, 1415, 1429, 1532, 1557, 1686, 1696, 1705, 1730, 1763, 1769, 1872, 1911, 1954, 1961, 1995, 2027, 2039, 2135, 2154, 2188, 2260]",44,1.5126046701334417,0.1271710153669119,0.0864018228550611,"[333632260, 327510496, 525529653, 163197865, 147786727, 9337302, 158439522, 119244369, 568282822, 254839511]","[1262, 2154, 1532, 1686, 2135, 2154, 1408, 1763, 2154, 2135]"
764,100,"[125, 164, 258, 263, 428, 440, 533, 550, 645, 678, 737, 746, 754, 786, 821, 852, 880, 908, 931, 968, 980, 1027, 1053, 1068, 1176, 1183, 1209, 1262, 1322, 1346, 1434, 1556, 1559, 1618, 1649, 1662, 1692, 1700, 1744, 1772, 1774, 1780, 1783, 1916, 1996, 2095, 2175, 2194, 2207, 2264, 2362, 2378, 2421, 2425, 2426]",55,2.039145715534687,0.17619713954627514,0.09411864115179262,"[470536358, 154178925, 288475887, 325147796, 525046357, 75074402, 70495944, 19182789, 76054023, 484460163]","[1774, 1346, 1774, 1183, 1183, 2426, 1692, 1772, 1780, 1209]"
765,100,"[39, 112, 241, 275, 352, 382, 432, 446, 484, 507, 560, 678, 777, 786, 834, 846, 970, 979, 1010, 1027, 1068, 1150, 1157, 1192, 1226, 1455, 1496, 1499, 1530, 1618, 1677, 1696, 1742, 1744, 1872, 1880, 1916, 1946, 1965, 1988, 2226, 2253, 2264, 2273, 2302, 2321, 2329, 2333]",48,1.5407584649510682,0.19560387870296836,0.12376846597180702,"[141090441, 449849523, 107564364, 82211827, 450015810, 507668000, 571211820, 87858039, 450279078, 528710297]","[1946, 979, 1880, 2333, 2333, 1880, 1742, 979, 979, 979]"
766,100,"[59, 96, 175, 263, 267, 353, 382, 442, 444, 484, 487, 543, 618, 627, 746, 859, 888, 892, 924, 1085, 1099, 1125, 1176, 1178, 1278, 1405, 1410, 1506, 1552, 1600, 1607, 1618, 1682, 1685, 1692, 1705, 1744, 1852, 1916, 1922, 2015, 2226, 2279, 2330, 2362, 2377, 2431]",47,1.3935856488533318,0.11896514380350709,0.06551112261838576,"[334710393, 525776769, 477671369, 184019416, 587243906, 267276402, 206332309, 125111776, 101462947, 268834311]","[1278, 1278, 442, 487, 487, 487, 1852, 924, 487, 1600]"
767,100,"[75, 130, 186, 209, 275, 362, 409, 528, 627, 639, 651, 734, 824, 880, 904, 1025, 1129, 1176, 1224, 1225, 1495, 1557, 1682, 1693, 1697, 1738, 1785, 1825, 1858, 1915, 1944, 1972, 2027, 2065, 2135, 2154, 2311, 2338, 2380]",39,1.1294642183929682,0.09403842221945524,0.06632581442737809,"[538730025, 546916548, 126273253, 216105455, 494551035, 440684662, 429719592, 469196941, 587476054, 487053834]","[186, 2135, 2135, 2135, 2135, 2135, 186, 904, 904, 186]"
768,100,"[36, 129, 201, 409, 528, 544, 651, 740, 761, 765, 834, 908, 1053, 1130, 1145, 1165, 1284, 1327, 1498, 1552, 1660, 1908, 1933, 1943, 2102, 2125, 2378]",27,0.9508527722209692,0.07570502953603864,0.08376155882487418,"[3390687, 90128001, 22114232, 90061036, 394575987, 317157711, 144379617, 405139482, 1984326, 190781472]","[544, 544, 1552, 1552, 1552, 1552, 544, 1552, 544, 1552]"
769,100,"[26, 109, 209, 240, 275, 347, 601, 627, 645, 651, 692, 712, 734, 740, 821, 824, 880, 1106, 1143, 1145, 1202, 1218, 1225, 1260, 1262, 1297, 1401, 1450, 1478, 1544, 1633, 1705, 1749, 1777, 1825, 1961, 1991, 2000, 2027, 2065, 2311, 2389, 2421]",43,1.4941070955246687,0.12221706472337246,0.0905563178374757,"[469906838, 396702417, 439483464, 151244184, 65622397, 335714306, 255663517, 100886639, 15813981, 317363390]","[109, 1961, 209, 109, 109, 880, 109, 2027, 1143, 109]"
770,100,"[19, 57, 86, 112, 230, 247, 275, 277, 382, 396, 424, 487, 515, 528, 543, 639, 664, 690, 734, 839, 841, 863, 888, 1041, 1064, 1129, 1172, 1178, 1187, 1227, 1262, 1326, 1331, 1354, 1356, 1389, 1462, 1501, 1505, 1515, 1537, 1610, 1645, 1762, 1768, 1932, 2161, 2196, 2212, 2267, 2311]",51,1.4531025309115648,0.13879134971648455,0.07330300024820163,"[145195018, 160871623, 309803570, 369284107, 264074098, 245536896, 372949320, 119994880, 197780391, 460426951]","[515, 639, 515, 57, 515, 2161, 57, 515, 2196, 839]"
771,100,"[10, 20, 63, 164, 194, 201, 373, 381, 382, 389, 446, 484, 533, 602, 618, 672, 746, 786, 834, 876, 892, 901, 908, 979, 1025, 1027, 1130, 1178, 1181, 1194, 1226, 1265, 1353, 1434, 1499, 1530, 1552, 1618, 1692, 1696, 1726, 1742, 1744, 1780, 1783, 1786, 1880, 1886, 1912, 1916, 1933, 2006, 2029, 2095, 2140, 2175, 2279, 2302, 2378, 2426]",60,2.103215075097978,0.19498627679422498,0.09169845601621394,"[303952386, 226999641, 416173179, 302932857, 125555073, 303558475, 69191403, 120371769, 401364673, 430068002]","[382, 382, 382, 382, 1027, 382, 382, 382, 382, 1692]"
772,100,"[10, 84, 100, 164, 175, 194, 199, 210, 241, 255, 263, 352, 382, 503, 537, 550, 564, 602, 670, 673, 746, 786, 892, 917, 963, 968, 1106, 1124, 1202, 1226, 1262, 1291, 1419, 1425, 1429, 1514, 1524, 1608, 1644, 1686, 1696, 1700, 1730, 1809, 1812, 1835, 1872, 1996, 2017, 2082, 2102, 2264, 2301, 2325, 2421]",55,1.7449275935068727,0.1632576328702271,0.08347623376175761,"[404794810, 31058126, 368163645, 159317649, 543943816, 87605363, 10021617, 289391580, 377729083, 542896498]","[1419, 175, 1419, 352, 1996, 1835, 670, 1419, 1835, 1730]"
773,100,"[10, 26, 194, 286, 368, 382, 428, 550, 602, 618, 670, 737, 786, 834, 898, 915, 917, 1032, 1053, 1068, 1130, 1179, 1296, 1324, 1434, 1662, 1692, 1696, 1812, 1933, 1996, 2006, 2017, 2105, 2125, 2175, 2264, 2279, 2377]",39,1.540693184826523,0.11692517064511776,0.08848957725179692,"[195173222, 492751080, 457281331, 567329472, 441811088, 181493268, 288187214, 588766771, 546832322, 427496776]","[1296, 550, 428, 428, 1434, 428, 550, 428, 550, 550]"
774,100,"[63, 84, 192, 263, 268, 273, 422, 595, 602, 625, 751, 758, 761, 813, 892, 941, 1018, 1066, 1085, 1194, 1262, 1276, 1288, 1291, 1329, 1425, 1506, 1509, 1514, 1551, 1644, 1645, 1686, 1705, 1730, 1848, 1872, 1961, 2029, 2082, 2140, 2180, 2188, 2258, 2260]",45,1.4779282077215612,0.11936601251363754,0.06938678160206312,"[448226931, 309062199, 81832684, 123840197, 220335724, 556173834, 123840205, 389361889, 288329360, 123840198]","[1730, 84, 1066, 2258, 2258, 2258, 625, 263, 84, 2258]"
775,100,"[5, 39, 72, 96, 112, 164, 175, 194, 262, 267, 293, 381, 382, 393, 463, 591, 618, 657, 678, 682, 743, 745, 746, 747, 769, 786, 846, 852, 884, 892, 917, 968, 977, 993, 1025, 1099, 1103, 1194, 1219, 1249, 1278, 1303, 1314, 1392, 1406, 1419, 1434, 1528, 1559, 1604, 1618, 1691, 1692, 1694, 1744, 1749, 1852, 1922, 1978, 2083, 2124, 2194, 2301, 2377, 2387]",65,2.248819863423705,0.19955086568370461,0.08476715981602095,"[330627045, 414352737, 279874579, 265841295, 199407146, 573434301, 405632910, 375079372, 344448244, 395936086]","[657, 164, 72, 1249, 657, 1852, 1744, 682, 164, 1852]"
776,100,"[57, 222, 241, 242, 262, 278, 353, 477, 570, 571, 639, 673, 691, 692, 726, 743, 775, 786, 846, 926, 1026, 1080, 1098, 1106, 1169, 1245, 1444, 1495, 1505, 1528, 1568, 1573, 1608, 1618, 1650, 1677, 1691, 1728, 1738, 1791, 1806, 1978, 2085, 2148, 2207, 2253, 2273, 2310]",48,1.6872181301005185,0.14407127117738128,0.08565382664770975,"[231446595, 253762950, 168448379, 300484739, 519505046, 117280640, 23805310, 560816635, 95492765, 43075240]","[1728, 1728, 639, 1650, 1245, 691, 1738, 1728, 691, 691]"
777,100,"[1, 6, 10, 109, 112, 196, 211, 227, 275, 315, 340, 382, 528, 564, 642, 651, 734, 744, 821, 892, 1010, 1025, 1092, 1106, 1116, 1129, 1167, 1169, 1187, 1225, 1262, 1297, 1408, 1450, 1489, 1495, 1505, 1515, 1557, 1608, 1610, 1618, 1686, 1696, 1738, 1839, 2027, 2098, 2154, 2271, 2311, 2325, 2385, 2409, 2421]",55,1.767996842507273,0.16573142912238836,0.08520737364041535,"[271957382, 59536898, 276386751, 244982098, 133962900, 85342590, 236008048, 35817665, 45318251, 333885212]","[528, 528, 642, 211, 642, 275, 528, 1129, 528, 1010]"
778,100,"[196, 227, 340, 422, 459, 468, 528, 630, 825, 902, 1042, 1092, 1116, 1129, 1167, 1173, 1176, 1196, 1225, 1226, 1262, 1308, 1425, 1489, 1495, 1608, 1618, 1669, 1825, 1839, 1902, 2071, 2098, 2273, 2316, 2421, 2437]",37,1.0123023493215442,0.09832550724968314,0.07143272661503304,"[361527157, 68971592, 37715489, 134414390, 472060781, 319229323, 446901347, 78162269, 223113900, 361548506]","[468, 2316, 468, 468, 468, 468, 1825, 468, 468, 468]"
779,100,"[194, 196, 271, 340, 422, 446, 459, 468, 528, 564, 673, 746, 808, 846, 1024, 1026, 1042, 1078, 1091, 1092, 1106, 1129, 1136, 1173, 1196, 1262, 1308, 1425, 1450, 1451, 1489, 1495, 1618, 1669, 1677, 1825, 2098, 2253, 2273, 2437]",40,1.0867534196004272,0.11174501851201057,0.07441998904105276,"[73062366, 50402763, 513912888, 50429658, 41559533, 29858437, 448305655, 384486365, 580441216, 50402761]","[468, 468, 2098, 468, 468, 468, 468, 468, 468, 468]"
780,100,"[10, 39, 112, 164, 201, 241, 263, 267, 283, 382, 396, 446, 484, 602, 604, 618, 682, 746, 758, 769, 786, 834, 852, 876, 892, 898, 917, 1003, 1025, 1032, 1068, 1099, 1178, 1194, 1353, 1355, 1499, 1552, 1618, 1686, 1692, 1696, 1729, 1744, 1872, 1916, 1922, 1996, 2029, 2095, 2140, 2175, 2214, 2279, 2377, 2378, 2421, 2425]",58,2.181117035448551,0.1839606584981084,0.09749281764480061,"[382139223, 294009838, 330994717, 388387883, 435849178, 426186555, 492174214, 555684026, 86556513, 135702770]","[1916, 2377, 917, 1744, 2214, 604, 1178, 382, 2175, 834]"
781,100,"[47, 68, 118, 174, 211, 307, 446, 562, 590, 711, 871, 973, 1039, 1194, 1284, 1326, 1355, 1446, 1480, 1516, 1536, 1545, 1582, 1598, 1618, 1808, 1970, 2125, 2221, 2246, 2397]",31,0.86155543057248,0.07197743048891425,0.0618113026834063,"[77482733, 198733262, 61417956, 508566343, 46651786, 112442356, 64881757, 394298191, 284569134, 393481200]","[1480, 1545, 973, 1545, 1545, 1598, 973, 1545, 1545, 1545]"
782,100,"[20, 39, 51, 72, 96, 164, 194, 250, 258, 323, 484, 602, 618, 678, 745, 769, 786, 834, 898, 901, 915, 917, 968, 1025, 1027, 1053, 1099, 1130, 1150, 1183, 1346, 1496, 1556, 1618, 1662, 1692, 1744, 1774, 1780, 1783, 1859, 1916, 1926, 1933, 1946, 2029, 2095, 2175, 2194, 2378, 2425]",51,1.74779541650787,0.15639352751895785,0.0940088061113641,"[534350521, 94564213, 441905717, 90969118, 338303698, 170393771, 482155500, 240981454, 353093644, 877821]","[250, 1780, 1744, 250, 1027, 1774, 250, 1556, 1946, 323]"
783,100,"[57, 92, 93, 118, 131, 170, 249, 275, 297, 346, 359, 364, 382, 454, 459, 528, 554, 601, 612, 647, 651, 691, 726, 734, 819, 902, 904, 911, 987, 1063, 1064, 1129, 1189, 1224, 1245, 1319, 1348, 1401, 1515, 1537, 1540, 1557, 1682, 1704, 1735, 1738, 1791, 1834, 1867, 1966, 2036, 2148, 2206, 2208, 2232, 2311]",56,1.7492656903341413,0.15121952025219798,0.0702047340455465,"[590185192, 280384104, 248741750, 248733473, 117598454, 84329985, 196631016, 374802457, 84329999, 84329986]","[819, 819, 819, 819, 819, 819, 819, 819, 819, 819]"
784,100,"[211, 249, 382, 524, 528, 537, 560, 591, 604, 647, 658, 673, 678, 743, 746, 846, 1026, 1052, 1064, 1106, 1165, 1169, 1177, 1190, 1481, 1505, 1573, 1600, 1618, 1675, 1677, 1700, 1791, 1856, 1872, 1895, 1985, 1996, 2311, 2421]",40,1.456639860291034,0.11564647685736418,0.08307943345862441,"[199166211, 415614426, 417355448, 459227806, 337111750, 466184102, 328192286, 392927095, 265397071, 201825296]","[1177, 647, 1026, 1026, 1026, 1026, 1026, 1895, 1026, 1177]"
785,100,"[5, 10, 22, 39, 175, 194, 262, 267, 279, 407, 417, 468, 564, 602, 618, 678, 682, 747, 769, 786, 859, 892, 917, 961, 968, 993, 1032, 1278, 1296, 1425, 1495, 1514, 1600, 1744, 1895, 1922, 2011, 2061, 2072, 2081, 2088, 2139, 2279, 2377, 2387]",45,1.373971992637962,0.12932781782001257,0.07281347775521378,"[156315290, 479594550, 120395787, 286274216, 132539877, 197754825, 385546444, 544418098, 39189654, 293081936]","[1278, 1278, 1278, 1278, 2387, 1278, 1278, 2387, 1278, 1278]"
786,100,"[63, 68, 70, 84, 164, 192, 268, 316, 382, 588, 595, 602, 625, 636, 674, 693, 729, 751, 758, 811, 892, 941, 973, 1018, 1085, 1185, 1194, 1288, 1327, 1329, 1360, 1536, 1544, 1551, 1598, 1641, 1645, 1701, 1723, 1730, 1848, 2029, 2052, 2082, 2140, 2180, 2282]",47,1.76365279359743,0.13707789266481996,0.07843573232419154,"[551214505, 475566736, 234480471, 463874190, 423901142, 358464511, 432890679, 542646214, 498712020, 442806014]","[268, 1598, 1598, 1598, 192, 268, 1598, 84, 1645, 1018]"
787,100,"[39, 109, 112, 164, 211, 234, 258, 368, 381, 382, 422, 428, 446, 457, 468, 470, 512, 550, 573, 591, 604, 673, 711, 746, 846, 917, 963, 968, 1010, 1027, 1106, 1202, 1218, 1326, 1419, 1429, 1481, 1573, 1601, 1602, 1618, 1667, 1686, 1692, 1744, 1809, 1812, 1835, 1985, 2027, 2039, 2124, 2174, 2189, 2214, 2271, 2325, 2329, 2421]",59,2.0336709055118263,0.18872634368017316,0.09069476984204504,"[221755123, 386086785, 212449983, 229540847, 438010534, 329888215, 251994508, 359901671, 299128860, 343763961]","[234, 381, 1744, 2271, 1686, 234, 1686, 1601, 1812, 1202]"
788,100,"[39, 109, 112, 194, 196, 227, 301, 340, 352, 422, 468, 528, 537, 560, 564, 673, 692, 746, 777, 786, 846, 880, 885, 905, 1106, 1109, 1143, 1145, 1157, 1167, 1226, 1262, 1292, 1419, 1450, 1495, 1499, 1686, 1702, 1742, 1749, 1825, 1835, 1954, 1996, 2027, 2105, 2124, 2186, 2273, 2389, 2421]",52,1.8213648744858801,0.17859638389199972,0.11471456097653852,"[135562875, 247401213, 337019839, 74919655, 316793540, 278535879, 534085834, 476615865, 254145330, 142137900]","[1825, 905, 1157, 2421, 1143, 468, 1143, 1292, 1825, 1157]"
789,100,"[112, 174, 175, 241, 255, 263, 267, 283, 288, 353, 382, 428, 477, 537, 602, 645, 649, 678, 729, 751, 758, 786, 821, 884, 945, 1063, 1064, 1065, 1068, 1099, 1169, 1179, 1257, 1262, 1276, 1355, 1360, 1415, 1434, 1499, 1505, 1511, 1541, 1551, 1559, 1565, 1601, 1618, 1631, 1649, 1686, 1696, 1705, 1729, 1730, 1742, 1872, 1954, 2015, 2027, 2029, 2053, 2097, 2103, 2156, 2253, 2271, 2302, 2325]",69,2.4234711108729243,0.21214183466508985,0.0877052085791323,"[538843180, 79828631, 321018057, 236530606, 408116495, 370983554, 532680771, 61417080, 468789836, 144615735]","[1631, 174, 2097, 1601, 382, 2097, 2097, 1063, 1063, 2097]"
790,100,"[51, 112, 267, 277, 283, 316, 392, 446, 523, 525, 533, 566, 618, 672, 729, 772, 786, 876, 887, 898, 915, 921, 968, 977, 1018, 1025, 1059, 1099, 1139, 1178, 1303, 1331, 1349, 1391, 1392, 1415, 1493, 1565, 1641, 1647, 1671, 1692, 1699, 1707, 1729, 1777, 1859, 1872, 1927, 1955, 2000, 2029, 2041, 2130, 2346, 2400]",56,1.8749128193594515,0.1756260972470045,0.09626540977374784,"[599221685, 380698481, 512991142, 262815169, 315444936, 177122931, 72612251, 61356790, 247507137, 362171906]","[887, 887, 887, 887, 1699, 887, 1647, 1699, 887, 887]"
791,100,"[57, 63, 159, 164, 201, 216, 241, 255, 263, 273, 283, 382, 396, 475, 537, 566, 595, 754, 772, 781, 786, 810, 842, 908, 911, 941, 945, 1018, 1066, 1099, 1179, 1257, 1262, 1276, 1291, 1329, 1346, 1415, 1434, 1506, 1511, 1541, 1551, 1580, 1584, 1602, 1644, 1660, 1662, 1686, 1696, 1729, 1730, 1848, 1872, 2015, 2017, 2029, 2097, 2132, 2153, 2212, 2260, 2279, 2318, 2377, 2378, 2385]",68,2.056458840612322,0.20867811376228929,0.07878018801292296,"[515338290, 420319802, 254771232, 386407030, 21584194, 360256004, 373547993, 294246102, 219903309, 396495284]","[781, 781, 911, 1580, 1066, 911, 781, 911, 2097, 1686]"
792,100,"[68, 109, 118, 174, 184, 211, 249, 263, 267, 315, 316, 523, 543, 562, 647, 700, 729, 734, 758, 791, 1169, 1202, 1209, 1284, 1326, 1332, 1415, 1515, 1516, 1565, 1601, 1618, 1619, 1641, 1705, 1807, 1832, 1872, 2245, 2400]",40,1.2851938158273697,0.10696800937876105,0.0697941844817251,"[84427599, 405761428, 9831061, 518940904, 122518687, 13377183, 525393269, 406743992, 10757516, 9938394]","[68, 68, 68, 68, 68, 68, 68, 68, 68, 68]"
793,100,"[6, 19, 21, 40, 112, 175, 196, 211, 275, 382, 424, 470, 528, 642, 695, 711, 731, 734, 740, 821, 1010, 1064, 1092, 1106, 1143, 1172, 1187, 1202, 1262, 1326, 1356, 1397, 1429, 1501, 1505, 1601, 1667, 1686, 1713, 1762, 1812, 1839, 1985, 1991, 2033, 2189, 2267, 2271, 2325, 2389, 2421]",51,1.4822858953848481,0.14380762679502368,0.08053568847404391,"[440358999, 88132546, 569026839, 359211126, 496448534, 510056176, 181890903, 307508149, 229322265, 510057177]","[6, 6, 6, 6, 1010, 2271, 2271, 382, 1010, 2271]"
794,100,"[39, 96, 164, 201, 250, 258, 323, 373, 382, 446, 484, 537, 544, 564, 678, 729, 745, 746, 786, 834, 846, 979, 1025, 1027, 1053, 1130, 1150, 1192, 1194, 1226, 1346, 1434, 1499, 1530, 1552, 1559, 1608, 1618, 1692, 1696, 1742, 1744, 1780, 1880, 1916, 1933, 1946, 2038, 2095, 2175, 2194, 2302, 2378, 2426]",54,1.7976384409703314,0.18486917670816183,0.09626720254568176,"[498308087, 297506843, 544140804, 283199221, 218177474, 7409874, 164077483, 486149309, 244391608, 122663595]","[1880, 484, 1226, 382, 382, 834, 382, 2194, 1192, 382]"
795,100,"[32, 56, 63, 70, 84, 105, 148, 164, 268, 382, 392, 443, 525, 550, 577, 588, 595, 625, 734, 758, 811, 876, 892, 1065, 1085, 1139, 1194, 1249, 1291, 1327, 1329, 1544, 1551, 1645, 1777, 1841, 1848, 2029, 2082, 2119, 2343]",41,1.517453691456467,0.1227541258558631,0.08080665867707533,"[357626915, 7668981, 228603212, 287942832, 492746512, 377277065, 139212702, 76689036, 228617234, 181428961]","[1544, 1544, 1551, 1551, 1551, 1544, 1551, 595, 1544, 1551]"
796,100,"[45, 57, 63, 68, 70, 112, 307, 562, 588, 595, 625, 636, 711, 729, 758, 973, 1018, 1194, 1379, 1446, 1470, 1505, 1536, 1544, 1545, 1582, 1598, 1618, 1625, 1701, 1730, 1807, 1808, 1811, 1848, 2029, 2052, 2140, 2156, 2180, 2239]",41,1.3992014429531991,0.11499019153416157,0.07746614063181347,"[333331633, 461496564, 369104080, 143580053, 81566344, 422515946, 458830747, 343364802, 7319301, 138351033]","[973, 973, 973, 973, 1446, 973, 973, 973, 973, 973]"
797,100,"[14, 25, 107, 159, 174, 184, 249, 263, 315, 362, 431, 459, 468, 505, 524, 528, 549, 630, 645, 647, 658, 669, 673, 744, 871, 902, 947, 1026, 1063, 1129, 1177, 1190, 1224, 1326, 1401, 1435, 1478, 1506, 1509, 1511, 1554, 1601, 1607, 1631, 1675, 1705, 1729, 1763, 1806, 1954, 1961, 1985, 2065, 2166, 2177, 2437]",56,1.5129770673811436,0.12761219404637814,0.057419963097865026,"[282975484, 113313962, 439578988, 388865837, 526192199, 113313963, 48842498, 127950716, 483516645, 208133910]","[249, 249, 249, 249, 249, 249, 249, 249, 249, 249]"
798,100,"[47, 118, 174, 211, 255, 346, 413, 444, 477, 619, 734, 754, 871, 898, 957, 1063, 1064, 1179, 1203, 1258, 1310, 1355, 1602, 1902, 1954, 1970, 2097, 2103, 2125, 2221]",30,0.923455276992172,0.07405222114175558,0.06986762081893781,"[433323913, 481175924, 168133538, 215456178, 463583639, 387115136, 466143566, 96347394, 415628246, 484251347]","[174, 174, 174, 174, 174, 174, 174, 174, 174, 174]"
799,100,"[26, 168, 227, 240, 241, 263, 283, 382, 422, 446, 602, 620, 645, 686, 707, 746, 755, 772, 824, 825, 846, 1113, 1169, 1179, 1186, 1226, 1262, 1324, 1408, 1425, 1495, 1532, 1552, 1557, 1686, 1696, 1729, 1839, 1911, 1954, 1961, 1988, 1995, 2027, 2039, 2090, 2154, 2173, 2188]",49,1.5994544900022447,0.12450142949819565,0.07055782672607017,"[351245664, 376513868, 20055048, 430434285, 128344438, 361801532, 392515992, 78398179, 345782426, 478066324]","[707, 1995, 707, 2188, 707, 2154, 1995, 2154, 1995, 2188]"
800,100,"[68, 70, 89, 105, 164, 184, 263, 267, 293, 523, 537, 550, 618, 625, 682, 702, 729, 786, 791, 876, 892, 901, 908, 926, 928, 941, 968, 1025, 1130, 1150, 1249, 1266, 1288, 1360, 1516, 1544, 1551, 1584, 1618, 1662, 1807, 1841, 1996, 2024, 2028, 2029, 2245, 2256, 2343, 2415]",50,1.5729334824718535,0.1462061358615756,0.07907576697412878,"[482762040, 342908927, 471471192, 208076775, 590667230, 452179715, 561001039, 316818274, 561176458, 344758109]","[791, 791, 1288, 267, 791, 523, 729, 892, 791, 2256]"
801,100,"[56, 59, 63, 70, 72, 89, 164, 175, 192, 216, 241, 255, 262, 263, 267, 273, 283, 396, 407, 431, 446, 537, 595, 682, 729, 786, 791, 864, 892, 924, 941, 945, 968, 1066, 1068, 1081, 1085, 1178, 1179, 1194, 1249, 1262, 1276, 1360, 1415, 1425, 1434, 1499, 1505, 1506, 1509, 1511, 1536, 1551, 1600, 1618, 1631, 1644, 1677, 1686, 1705, 1729, 1763, 1872, 1954, 1996, 2015, 2027, 2029, 2206, 2244]",71,2.0630061384290457,0.19383763102814555,0.06928882936776525,"[434873979, 385576658, 74849049, 252551665, 165673250, 540392497, 560115302, 238382615, 455334205, 30711889]","[2015, 1425, 2015, 2015, 1551, 192, 1434, 2015, 1066, 2015]"
802,100,"[14, 112, 174, 175, 227, 255, 263, 267, 382, 396, 422, 446, 459, 468, 528, 543, 630, 682, 746, 821, 902, 917, 968, 1042, 1092, 1106, 1116, 1129, 1169, 1194, 1196, 1226, 1262, 1273, 1308, 1495, 1552, 1557, 1602, 1618, 1644, 1667, 1686, 1696, 1730, 1812, 1839, 1902, 1988, 2015, 2027, 2071, 2178, 2273, 2325, 2385, 2421, 2437]",58,1.661383390892297,0.1537527833133936,0.07283847741702379,"[171221271, 276874975, 223842080, 218150909, 159276580, 74539230, 226045049, 86049469, 259050741, 365859647]","[1812, 468, 468, 468, 468, 1812, 1812, 468, 1812, 1812]"
803,100,"[10, 26, 84, 164, 175, 201, 262, 286, 368, 382, 407, 428, 484, 544, 550, 564, 746, 786, 821, 834, 892, 908, 917, 968, 1053, 1106, 1129, 1130, 1145, 1262, 1419, 1450, 1544, 1608, 1645, 1692, 1744, 1872, 1996, 2017, 2082, 2105, 2139, 2175, 2279, 2301, 2377, 2378, 2387, 2421]",50,1.9741401253268123,0.16414412623271346,0.09365840498823673,"[288841758, 568582888, 389639122, 287682677, 568673377, 250940003, 109638855, 585638962, 591554237, 215369858]","[550, 1262, 1262, 1262, 368, 2017, 2017, 550, 550, 550]"
804,100,"[112, 164, 241, 242, 262, 352, 381, 446, 484, 560, 672, 678, 746, 747, 786, 834, 846, 859, 892, 917, 968, 993, 1010, 1017, 1025, 1027, 1032, 1157, 1226, 1278, 1314, 1419, 1434, 1530, 1552, 1618, 1691, 1692, 1694, 1696, 1744, 1780, 1886, 1922, 2027, 2095, 2124, 2175, 2194, 2207, 2214, 2279, 2377, 2421, 2425, 2426]",56,1.946733444929123,0.18702111952006817,0.10278764005384541,"[440242907, 394982529, 78528402, 203165726, 440354113, 241278131, 151125495, 111845118, 76481086, 426880420]","[993, 834, 993, 1696, 993, 993, 1692, 164, 381, 1692]"
805,100,"[47, 72, 210, 262, 278, 297, 353, 359, 446, 470, 477, 537, 604, 673, 678, 711, 743, 746, 761, 786, 846, 850, 935, 950, 957, 968, 1026, 1030, 1106, 1235, 1256, 1284, 1326, 1444, 1453, 1468, 1469, 1528, 1537, 1610, 1618, 1677, 1691, 1758, 1856, 1872, 1966, 1978, 1985, 2085, 2177, 2206, 2255, 2330]",54,1.9625283950008452,0.15606636460870504,0.08382212816461644,"[492617663, 306929603, 546332249, 579380135, 539240461, 21129175, 551047924, 203050617, 52641810, 295071862]","[950, 2177, 1610, 950, 1610, 1856, 2177, 1677, 470, 1468]"
806,100,"[6, 20, 56, 63, 70, 112, 164, 175, 211, 241, 263, 273, 288, 293, 344, 382, 537, 550, 604, 672, 674, 682, 729, 746, 758, 876, 892, 908, 941, 968, 1106, 1194, 1202, 1219, 1249, 1262, 1276, 1288, 1346, 1360, 1419, 1425, 1505, 1544, 1573, 1600, 1608, 1611, 1618, 1644, 1645, 1700, 1730, 1783, 1807, 1812, 1839, 1844, 1872, 1996, 2015, 2029, 2039, 2082, 2102, 2153, 2174, 2271, 2343, 2421, 2426]",71,2.343631624709815,0.21342535456642509,0.08313847060354662,"[457758106, 525363080, 130857160, 412544761, 79439685, 223020241, 455461316, 135591107, 470316812, 63318695]","[1700, 1812, 672, 672, 2039, 2039, 2039, 2039, 672, 876]"
807,100,"[72, 100, 112, 164, 258, 263, 352, 382, 440, 463, 537, 550, 604, 670, 678, 746, 786, 852, 880, 932, 963, 968, 1025, 1106, 1124, 1183, 1202, 1262, 1419, 1514, 1559, 1618, 1692, 1700, 1730, 1744, 1749, 1772, 1774, 1780, 1783, 1809, 1860, 1890, 1990, 1996, 2017, 2124, 2125, 2264, 2301, 2311, 2421]",53,1.658140561543405,0.1676997565664351,0.09166602754772131,"[582174558, 24206729, 526280154, 545821299, 462955477, 560605950, 423700160, 241796868, 253442550, 416302602]","[1183, 1183, 963, 963, 963, 670, 963, 746, 746, 1774]"
808,100,"[40, 70, 112, 164, 192, 194, 201, 224, 247, 277, 316, 484, 543, 595, 674, 678, 693, 781, 876, 897, 979, 1025, 1178, 1219, 1262, 1392, 1505, 1516, 1552, 1641, 1645, 1686, 1746, 1848, 1872, 1932, 1987, 2196, 2421]",39,1.3227047636173666,0.11146703502163291,0.08497812803715277,"[471538335, 454252821, 561549556, 378813124, 377725690, 19795167, 407454810, 320167445, 385974109, 23156939]","[247, 1178, 1178, 247, 1178, 1178, 1178, 247, 1178, 1178]"
809,100,"[6, 76, 97, 109, 186, 187, 209, 275, 337, 347, 362, 409, 533, 557, 567, 586, 645, 651, 663, 664, 686, 741, 742, 810, 824, 846, 899, 1010, 1139, 1143, 1145, 1218, 1262, 1504, 1552, 1682, 1693, 1697, 1763, 1768, 1830, 1908, 1915, 1982, 2027, 2065, 2130, 2134, 2135, 2154, 2168, 2184, 2260, 2380]",54,2.153244116343558,0.1613395377062261,0.09399102206117715,"[423063866, 414841139, 595781421, 400895659, 253478887, 30835860, 467319785, 48483834, 4919323, 14665769]","[663, 1010, 645, 2135, 664, 2135, 2135, 1010, 1139, 663]"
810,100,"[201, 373, 389, 484, 544, 834, 979, 1053, 1130, 1145, 1192, 1226, 1499, 1530, 1552, 1780, 1880, 1886, 1912, 1914, 1916, 1933, 1946, 2038, 2175, 2264, 2333, 2378]",28,1.0623674844391644,0.09059626096859574,0.09896556391946174,"[569747888, 343843896, 397365936, 569747913, 32747278, 7778957, 127070054, 75369376, 581475779, 419761138]","[1912, 484, 1912, 484, 1530, 834, 1530, 544, 1530, 1912]"
811,100,"[10, 112, 267, 283, 382, 396, 446, 523, 543, 557, 560, 566, 636, 672, 678, 729, 781, 786, 846, 876, 887, 897, 915, 1068, 1099, 1139, 1257, 1296, 1332, 1349, 1353, 1391, 1392, 1408, 1415, 1502, 1505, 1552, 1565, 1633, 1647, 1692, 1696, 1729, 1742, 1872, 1916, 2027, 2031, 2052, 2282, 2385, 2400, 2421]",54,2.0152610070072114,0.16963111702352762,0.09507268316250432,"[95674350, 254249257, 83388439, 482772616, 238910541, 222283007, 274675334, 329488606, 73150447, 33453582]","[781, 1565, 2052, 2400, 523, 1565, 636, 1565, 1565, 1391]"
812,100,"[92, 112, 227, 252, 382, 385, 413, 453, 454, 455, 459, 672, 686, 744, 772, 824, 825, 846, 848, 941, 1019, 1129, 1169, 1186, 1257, 1262, 1319, 1369, 1408, 1505, 1557, 1686, 1693, 1696, 1763, 1768, 1769, 1799, 2036, 2107, 2134, 2154, 2231, 2263, 2311, 2385]",46,1.5591481388546526,0.12926426297053695,0.08141370200673523,"[433487277, 447995370, 415492035, 584409108, 383510698, 450072464, 12961426, 527474121, 539202498, 168502178]","[2154, 2154, 2154, 2154, 2154, 2154, 2154, 1186, 2154, 1186]"
813,100,"[10, 201, 373, 382, 389, 443, 484, 544, 550, 564, 618, 786, 834, 892, 901, 961, 979, 1025, 1032, 1053, 1130, 1226, 1450, 1530, 1552, 1608, 1618, 1692, 1696, 1880, 1886, 1912, 1916, 1933, 1996, 2038, 2253, 2279, 2378]",39,1.5511329709552228,0.1307682073675096,0.09793556593239117,"[325920311, 512099405, 305684181, 93108396, 452673403, 537890579, 190182926, 305684177, 228268366, 356231323]","[484, 1530, 382, 834, 10, 1886, 834, 564, 2378, 834]"
814,100,"[30, 40, 94, 122, 230, 275, 384, 385, 397, 409, 424, 560, 601, 657, 664, 666, 734, 839, 846, 880, 1012, 1025, 1100, 1145, 1172, 1187, 1188, 1218, 1219, 1225, 1249, 1262, 1397, 1456, 1501, 1505, 1552, 1645, 1762, 1834, 2033, 2057, 2093, 2130, 2161, 2267, 2311, 2389, 2421]",49,1.600879163481295,0.16076203249394894,0.09341296996465143,"[352600079, 135181324, 159193702, 72904289, 226875592, 2270009, 339656355, 502655213, 340599533, 191501297]","[1501, 1501, 1501, 1501, 1501, 1501, 1501, 424, 1501, 1501]"
815,100,"[10, 86, 94, 112, 262, 275, 277, 283, 382, 395, 396, 424, 462, 543, 560, 566, 617, 664, 678, 742, 786, 824, 846, 876, 949, 1010, 1032, 1081, 1103, 1145, 1257, 1281, 1303, 1331, 1349, 1353, 1356, 1391, 1392, 1415, 1506, 1566, 1660, 1691, 1713, 1729, 1745, 2000, 2004, 2083, 2093, 2105, 2130, 2242, 2270, 2279, 2318, 2389]",58,2.2400815156288445,0.20291610155254602,0.11066352313480757,"[302031604, 326813122, 390012618, 301544297, 164701156, 474359876, 436657279, 216636105, 435329890, 420258864]","[949, 949, 2000, 462, 1415, 949, 824, 2000, 1356, 1356]"
816,100,"[14, 26, 47, 118, 174, 211, 255, 263, 413, 459, 619, 663, 734, 871, 898, 1032, 1063, 1068, 1081, 1107, 1129, 1176, 1179, 1203, 1224, 1257, 1296, 1310, 1355, 1478, 1506, 1514, 1557, 1696, 1954, 1961, 1990, 2065, 2103, 2125, 2154, 2188]",42,1.3082657884806395,0.1018785503692925,0.06939993844744527,"[456601074, 117369514, 499615542, 75653653, 48979196, 48975547, 190097047, 174666670, 79524326, 48986741]","[413, 413, 413, 413, 413, 413, 413, 413, 1176, 413]"
817,100,"[56, 63, 84, 164, 192, 257, 268, 447, 550, 566, 577, 588, 595, 602, 625, 682, 746, 751, 758, 811, 846, 892, 908, 941, 1065, 1085, 1185, 1194, 1249, 1262, 1288, 1291, 1329, 1425, 1514, 1645, 1783, 1848, 2017, 2029, 2082, 2140, 2180, 2426]",44,1.5342957805842161,0.12333502108231187,0.07238055777799507,"[189756710, 546620521, 141747554, 535394321, 78131193, 69964102, 297618934, 501852105, 536687610, 246019297]","[1645, 192, 84, 84, 1645, 84, 941, 192, 1645, 1645]"
818,100,"[20, 105, 131, 170, 230, 554, 560, 601, 665, 674, 786, 822, 859, 875, 977, 987, 1017, 1031, 1106, 1219, 1234, 1249, 1330, 1379, 1456, 1505, 1520, 1544, 1580, 1848, 1891, 2024, 2031, 2336]",34,1.2631816896609962,0.10678577143698931,0.09081370223943583,"[325937048, 71571922, 162773863, 245169167, 160983765, 222803614, 535325205, 345784330, 382767075, 307655073]","[822, 822, 822, 2024, 822, 1520, 822, 674, 1520, 1520]"
819,100,"[196, 227, 263, 268, 422, 459, 468, 528, 549, 630, 808, 821, 902, 933, 1042, 1092, 1129, 1145, 1167, 1196, 1224, 1226, 1262, 1273, 1308, 1451, 1489, 1495, 1557, 1608, 1650, 1686, 1696, 1806, 1825, 1990, 2071, 2098, 2273]",39,1.0438948976807296,0.0930827958509326,0.0637682375844377,"[363502546, 370309140, 43217211, 260118514, 169104147, 87392741, 436027833, 274526481, 138697469, 271702537]","[468, 468, 468, 468, 630, 468, 468, 468, 630, 630]"
820,100,"[25, 59, 210, 315, 352, 446, 505, 537, 544, 604, 618, 627, 647, 658, 673, 744, 785, 892, 1129, 1202, 1278, 1284, 1296, 1326, 1469, 1515, 1529, 1600, 1610, 1839, 1841, 1856, 1895, 1922, 2271, 2358, 2377, 2409, 2437]",39,1.187383865006268,0.09781789546832442,0.0677014623517887,"[184527710, 542218430, 542193105, 542193095, 265708503, 203932097, 204891568, 99900872, 105144253, 124735734]","[1856, 2358, 1856, 1856, 1856, 1856, 1856, 1856, 2358, 1856]"
821,100,"[25, 57, 92, 107, 245, 263, 278, 313, 382, 459, 549, 554, 647, 656, 669, 726, 744, 761, 824, 848, 1032, 1063, 1081, 1129, 1169, 1224, 1257, 1273, 1281, 1288, 1355, 1395, 1401, 1505, 1506, 1509, 1514, 1565, 1610, 1618, 1631, 1650, 1730, 1791, 1806, 1984, 2036, 2079, 2081, 2154, 2231, 2258, 2279, 2311, 2382]",55,1.7755029271356761,0.1419361848384142,0.07068852422420274,"[518903693, 239028560, 350157917, 176533017, 416319116, 401719245, 443063391, 198903004, 133608144, 193216966]","[1806, 848, 848, 1273, 1984, 1806, 1273, 2382, 1806, 848]"
822,100,"[20, 39, 96, 250, 258, 381, 382, 428, 446, 470, 484, 556, 602, 604, 746, 834, 852, 908, 979, 1027, 1068, 1181, 1346, 1556, 1618, 1694, 1744, 1772, 1835, 1916, 2095, 2175, 2194, 2214, 2226, 2253, 2378, 2425, 2426]",39,1.2008086256682873,0.12756169540807605,0.09210819403569286,"[435953124, 461552910, 133784506, 288291345, 6711057, 204458540, 285290085, 239405223, 7508107, 204484192]","[2425, 1744, 2095, 470, 2095, 2095, 2095, 20, 1027, 2095]"
823,100,"[59, 67, 241, 262, 364, 537, 645, 673, 712, 734, 746, 785, 839, 850, 935, 947, 1202, 1262, 1283, 1284, 1297, 1326, 1354, 1401, 1410, 1467, 1515, 1520, 1529, 1537, 1600, 1601, 1607, 1610, 1856, 1966, 2038, 2085, 2189, 2206, 2208, 2271, 2330, 2409]",44,1.3000026503577828,0.11040018312633038,0.06299736482535744,"[122861129, 123211615, 122960842, 199144490, 159061239, 251115261, 388968961, 122861131, 123211614, 548933798]","[1856, 2271, 2271, 935, 364, 2271, 364, 364, 2271, 364]"
824,100,"[26, 68, 129, 184, 227, 311, 325, 382, 454, 457, 523, 543, 562, 729, 744, 791, 815, 846, 884, 887, 930, 1018, 1053, 1145, 1169, 1233, 1353, 1369, 1418, 1422, 1481, 1492, 1552, 1565, 1763, 1765, 1836, 2052, 2130, 2256, 2282, 2304, 2400, 2430]",44,1.3071470968425274,0.11656830599531531,0.07766187104756352,"[406116702, 469393381, 333280719, 19492396, 508876997, 392125912, 321232038, 155789864, 306471134, 392381230]","[815, 815, 815, 815, 2304, 815, 815, 815, 815, 2304]"
825,100,"[20, 164, 211, 258, 368, 378, 382, 446, 470, 550, 573, 604, 673, 745, 746, 851, 917, 1027, 1106, 1150, 1310, 1355, 1573, 1602, 1618, 1686, 1694, 1744, 1772, 1774, 1946, 2125, 2175, 2214, 2226, 2271, 2421, 2425]",38,1.1196026117540896,0.12162004224956036,0.0930305592605452,"[373655150, 546767913, 91023937, 389585265, 191239138, 249506230, 198741429, 572202631, 500710698, 375374551]","[378, 470, 2175, 1573, 1744, 2125, 470, 470, 2125, 2175]"
826,100,"[39, 96, 112, 170, 250, 258, 381, 397, 442, 446, 470, 484, 512, 547, 560, 604, 673, 746, 786, 852, 968, 1027, 1099, 1183, 1346, 1499, 1505, 1573, 1618, 1641, 1692, 1742, 1744, 1749, 1780, 1836, 1890, 1916, 1922, 2038, 2095, 2124, 2156, 2194, 2214, 2226, 2264, 2329, 2362, 2421, 2425]",51,1.5744552770629525,0.16828260943293571,0.09641329627758001,"[489703938, 327507300, 219219122, 399547913, 417561360, 340742549, 236646993, 593282366, 187344130, 585822304]","[1922, 1027, 547, 2226, 1744, 1744, 2425, 560, 1027, 2226]"
827,100,"[10, 14, 47, 112, 174, 211, 346, 378, 382, 444, 446, 459, 477, 550, 562, 573, 711, 734, 834, 871, 892, 898, 901, 968, 973, 1106, 1123, 1262, 1326, 1355, 1444, 1505, 1536, 1545, 1558, 1602, 1618, 1677, 1701, 1808, 2031, 2052, 2103, 2125, 2141, 2156, 2221, 2246, 2279, 2325, 2346]",51,1.7383128455840051,0.149771966971457,0.08489542948903844,"[229673572, 151311741, 490398941, 304726556, 72253503, 229673571, 441560774, 299186712, 389430182, 289582700]","[1808, 1545, 1545, 1545, 1545, 1545, 1545, 562, 1545, 1545]"
828,100,"[47, 52, 91, 174, 255, 346, 413, 477, 542, 619, 645, 751, 871, 898, 1032, 1081, 1107, 1179, 1203, 1296, 1310, 1355, 1414, 1506, 1511, 1525, 1541, 1729, 1954, 1961, 2036, 2065, 2081, 2097, 2103, 2125, 2354]",37,1.0707929702475667,0.08508071349933743,0.06374466567728165,"[113927593, 216752100, 443458963, 599937149, 27087399, 216845487, 538193308, 27087371, 350172041, 535506434]","[346, 346, 346, 346, 346, 619, 346, 346, 346, 346]"
829,100,"[10, 39, 201, 211, 286, 382, 428, 446, 484, 544, 550, 602, 672, 746, 777, 786, 834, 898, 908, 979, 1027, 1053, 1068, 1130, 1145, 1194, 1226, 1346, 1355, 1434, 1530, 1552, 1618, 1686, 1692, 1696, 1744, 1880, 1916, 1933, 1996, 2038, 2095, 2125, 2140, 2175, 2279, 2377, 2378, 2426]",50,1.954358795657754,0.17018523393198848,0.10976653771009297,"[276824263, 480784048, 223074803, 127939529, 508643876, 45248692, 584665657, 223049251, 296559762, 421815662]","[382, 382, 2175, 2175, 2175, 2378, 382, 2175, 382, 382]"
830,100,"[10, 20, 70, 96, 109, 164, 250, 258, 286, 288, 294, 295, 323, 381, 382, 470, 537, 544, 550, 588, 604, 627, 737, 746, 892, 908, 1025, 1027, 1125, 1183, 1218, 1262, 1346, 1360, 1410, 1450, 1478, 1505, 1544, 1556, 1608, 1618, 1685, 1692, 1694, 1744, 1749, 1780, 1783, 2095, 2175, 2238, 2311, 2421, 2426]",55,1.8696952294558287,0.15716422302648425,0.08079805241643705,"[441647516, 381829899, 367323591, 438982471, 394992300, 412646774, 467448389, 200074547, 376998627, 399350441]","[1685, 1685, 1685, 1685, 1685, 1694, 1685, 1685, 1685, 1685]"
831,100,"[6, 39, 100, 194, 211, 241, 352, 368, 378, 422, 470, 528, 537, 604, 658, 670, 673, 742, 746, 777, 786, 917, 1106, 1124, 1143, 1150, 1169, 1202, 1218, 1226, 1284, 1419, 1450, 1481, 1499, 1559, 1568, 1573, 1602, 1608, 1618, 1649, 1686, 1700, 1742, 1809, 1812, 1839, 1860, 1872, 1971, 1985, 1996, 2006, 2071, 2264, 2271, 2321, 2421]",59,2.0319241425022483,0.20011740503832698,0.10634582977884023,"[8491457, 340618239, 124183150, 391680199, 126637181, 154365432, 160880787, 293991738, 317663040, 379528431]","[673, 1284, 1284, 6, 1284, 6, 1284, 6, 746, 6]"
832,100,"[20, 26, 29, 68, 70, 112, 267, 307, 316, 390, 402, 423, 443, 521, 523, 533, 555, 562, 564, 600, 674, 678, 700, 729, 737, 786, 821, 887, 901, 921, 931, 968, 980, 1000, 1003, 1018, 1053, 1059, 1123, 1293, 1322, 1349, 1360, 1397, 1403, 1418, 1516, 1536, 1544, 1559, 1574, 1582, 1618, 1717, 1730, 1786, 1807, 1927, 2024, 2031, 2044, 2102, 2207, 2253, 2256, 2257, 2270, 2346]",68,2.427782643586397,0.21136048808693886,0.09284587819403146,"[227737429, 443250896, 143782070, 482782679, 142534199, 523319676, 418897785, 114655057, 333304113, 230978568]","[1582, 1018, 1418, 2207, 1418, 1927, 390, 1418, 1418, 2207]"
833,100,"[0, 68, 112, 184, 283, 390, 428, 523, 537, 555, 636, 700, 704, 729, 758, 791, 901, 926, 1003, 1018, 1053, 1059, 1068, 1265, 1305, 1353, 1360, 1404, 1470, 1511, 1551, 1552, 1665, 1671, 1786, 1808, 2052, 2245, 2256, 2419]",40,1.394250572193414,0.11464039050042629,0.08917343144421466,"[330187591, 184550281, 499907814, 364229217, 455690861, 489438597, 118719336, 431868302, 586721881, 329996138]","[1808, 636, 184, 700, 700, 2245, 1671, 1665, 523, 700]"
834,100,"[1, 196, 271, 301, 340, 443, 564, 618, 825, 1078, 1092, 1167, 1196, 1265, 1293, 1308, 1489, 1558, 1608, 1669, 1679, 1717, 1786, 1839, 1902, 2102, 2273]",27,0.7782478085719049,0.08617166662588716,0.08325102146611446,"[434542501, 217125674, 286338671, 95975796, 571534275, 489000797, 230364669, 491729954, 71618190, 66595233]","[564, 1839, 196, 196, 196, 196, 196, 1839, 1839, 564]"
835,100,"[10, 39, 125, 201, 258, 286, 373, 381, 382, 470, 484, 502, 544, 556, 564, 602, 618, 673, 786, 794, 834, 892, 1027, 1068, 1130, 1181, 1226, 1346, 1530, 1552, 1563, 1618, 1692, 1696, 1744, 1880, 1886, 1912, 1916, 1996, 2095, 2175, 2214, 2226, 2333, 2378, 2425, 2446]",48,1.6345462910830975,0.14578593987971544,0.08756458571103092,"[259408569, 540749770, 21827134, 236055833, 345795358, 368893459, 280808789, 228982019, 581076009, 236055832]","[2095, 2175, 1744, 1744, 1912, 2175, 1181, 2175, 1563, 1563]"
836,100,"[174, 194, 227, 241, 263, 352, 381, 382, 422, 446, 459, 468, 560, 602, 645, 649, 744, 746, 755, 825, 846, 905, 1032, 1116, 1125, 1169, 1176, 1179, 1203, 1226, 1257, 1410, 1425, 1495, 1499, 1532, 1552, 1618, 1682, 1686, 1696, 1697, 1726, 1763, 1872, 1954, 1961, 1988, 2027, 2065, 2154, 2188, 2260, 2273]",54,1.9527515517547727,0.15361294383183122,0.08343854062345431,"[298789801, 258421174, 5280558, 575879101, 320072106, 553396528, 422116678, 407456226, 401769643, 114620244]","[1988, 422, 1696, 381, 1696, 422, 1696, 1696, 1696, 1226]"
837,100,"[68, 112, 267, 277, 283, 315, 316, 396, 428, 431, 523, 554, 693, 700, 729, 758, 791, 926, 1178, 1332, 1415, 1511, 1516, 1551, 1565, 1641, 1647, 1705, 1707, 1729, 1746, 1807, 1872, 1911, 1915, 1916, 2078, 2400]",38,1.2165642171166837,0.11026744870468974,0.08370779357899569,"[350013298, 398947805, 134561125, 365244165, 438120839, 332085164, 470580410, 216670285, 352183666, 74696040]","[68, 791, 68, 267, 267, 316, 729, 68, 316, 729]"
838,100,"[68, 112, 247, 267, 315, 316, 352, 446, 537, 544, 562, 573, 604, 673, 693, 791, 966, 968, 1178, 1284, 1498, 1505, 1516, 1545, 1602, 1610, 1618, 1641, 1746, 1856, 2038, 2246, 2409]",33,1.0490652569569647,0.09084893018007278,0.07957801179762816,"[590357826, 219437928, 24570460, 187123607, 118783712, 187179861, 175462001, 367528210, 527438754, 24570459]","[1516, 1516, 1516, 1516, 1516, 1516, 1516, 1516, 1516, 1516]"
839,100,"[20, 63, 96, 112, 164, 213, 241, 258, 288, 352, 428, 446, 533, 537, 604, 745, 746, 821, 846, 880, 908, 931, 968, 980, 1027, 1130, 1183, 1194, 1218, 1322, 1346, 1360, 1544, 1556, 1559, 1573, 1618, 1649, 1662, 1692, 1694, 1700, 1744, 1749, 1772, 1780, 1783, 1916, 1933, 1990, 2024, 2095, 2124, 2140, 2175, 2194, 2253, 2311, 2421, 2425, 2426]",61,2.2148485826328397,0.19722638046368957,0.09854674656096785,"[138366709, 266734567, 313988359, 484722634, 561258797, 482250680, 297219429, 198235008, 47680120, 482254926]","[20, 20, 20, 20, 20, 1783, 1783, 20, 20, 20]"
840,100,"[201, 373, 389, 446, 484, 544, 834, 898, 979, 1025, 1027, 1053, 1130, 1192, 1530, 1552, 1618, 1692, 1780, 1880, 1886, 1912, 1916, 1933, 1946, 2038, 2125, 2175, 2253, 2378]",30,1.0671855225227773,0.10315685905516148,0.09839230243427058,"[261381281, 573127377, 92937991, 441340568, 138868983, 359977576, 144662308, 359972516, 456298196, 478786710]","[1886, 484, 484, 834, 201, 834, 834, 1933, 834, 834]"
841,100,"[10, 51, 112, 241, 286, 381, 382, 446, 525, 550, 560, 566, 602, 618, 672, 678, 777, 781, 786, 846, 852, 892, 898, 924, 931, 968, 1003, 1025, 1032, 1068, 1099, 1169, 1178, 1179, 1303, 1353, 1415, 1481, 1559, 1618, 1686, 1692, 1696, 1707, 1713, 1787, 1809, 1860, 1872, 2006, 2027, 2031, 2188, 2212, 2216, 2253, 2264, 2279, 2302, 2377]",60,2.099292659200728,0.21393809746950865,0.10420811102570345,"[43171719, 400647324, 400631453, 582753172, 316035513, 528130805, 509134987, 514453858, 315213827, 550587994]","[1692, 1099, 1099, 1099, 2027, 1707, 1099, 382, 777, 560]"
842,100,"[118, 174, 211, 255, 368, 378, 413, 477, 619, 649, 734, 871, 898, 1064, 1068, 1107, 1186, 1203, 1262, 1296, 1310, 1355, 1444, 1618, 1970, 2039, 2103, 2125, 2154, 2221, 2329]",31,0.9194479044526815,0.07868052879348397,0.0672114411999862,"[319561564, 144194592, 78827321, 60909584, 258887673, 35313378, 421958143, 35176189, 61757192, 269026244]","[211, 211, 1296, 118, 2103, 174, 255, 871, 174, 413]"
843,100,"[5, 10, 26, 109, 241, 255, 262, 344, 352, 407, 440, 550, 564, 627, 645, 670, 737, 746, 747, 786, 821, 828, 834, 892, 917, 993, 1032, 1262, 1278, 1296, 1419, 1434, 1506, 1568, 1608, 1618, 1644, 1649, 1653, 1692, 1744, 1772, 1809, 1996, 2011, 2027, 2105, 2139, 2175, 2264, 2279, 2301, 2377, 2421]",54,1.9024129076860845,0.16382736153900623,0.08438078140736455,"[430366583, 430489606, 578026516, 42891670, 533552145, 320509271, 301447604, 482635667, 16580535, 57817423]","[1692, 2027, 1692, 440, 1996, 2027, 2027, 1692, 1996, 1996]"
844,100,"[47, 57, 92, 174, 185, 237, 263, 311, 331, 359, 374, 413, 446, 454, 459, 550, 607, 619, 669, 744, 848, 941, 1019, 1063, 1084, 1129, 1224, 1276, 1293, 1355, 1369, 1376, 1395, 1434, 1444, 1511, 1528, 1573, 1662, 1715, 1727, 1748, 1821, 1981, 1985, 2050, 2154, 2231, 2319]",49,1.503645467106253,0.13222537096589804,0.07078912737779319,"[240275954, 69367354, 226376954, 240256613, 572004929, 386763457, 204986736, 372667634, 520999896, 95514323]","[1395, 1395, 619, 1395, 1748, 1395, 1395, 1395, 1395, 1748]"
845,100,"[20, 39, 72, 96, 125, 164, 199, 234, 250, 258, 378, 381, 382, 470, 476, 537, 604, 673, 678, 745, 746, 846, 917, 968, 1027, 1114, 1249, 1346, 1528, 1556, 1573, 1618, 1694, 1742, 1744, 1772, 1803, 1922, 1946, 2095, 2194, 2214, 2226, 2329, 2421, 2425, 2426]",47,1.3918729927390814,0.14255513669922948,0.08443094163320641,"[210911512, 450105911, 151739648, 532212276, 431430781, 403088872, 476733758, 515245053, 83649011, 321503904]","[1027, 604, 1027, 96, 1027, 1744, 1744, 1027, 382, 2226]"
846,100,"[32, 76, 80, 347, 384, 392, 508, 525, 741, 810, 1010, 1097, 1139, 1225, 1296, 1478, 1539, 1647, 1797, 1861, 1915, 1982, 2119, 2151, 2184, 2288, 2359]",27,0.7352632735855877,0.06921447068452835,0.06313529163943948,"[176896948, 378506052, 113103367, 428254010, 499747030, 131341583, 91486397, 176835666, 275719177, 64263]","[2359, 2359, 347, 2359, 2359, 347, 2359, 2359, 32, 2359]"
847,100,"[39, 100, 164, 194, 199, 258, 293, 352, 381, 382, 412, 537, 618, 670, 746, 777, 786, 892, 917, 1124, 1150, 1226, 1419, 1425, 1499, 1573, 1686, 1730, 1742, 1809, 1835, 1839, 1841, 1971, 1996, 2006, 2105, 2186, 2264, 2273, 2279, 2298, 2343, 2421, 2426]",45,1.5415191347710788,0.1554819429293275,0.10860253973967499,"[211478103, 5266807, 211464483, 395902506, 186844356, 436410532, 132540708, 432528360, 132475661, 577844901]","[1419, 1419, 1419, 1419, 1419, 1419, 412, 1419, 1419, 1419]"
848,100,"[201, 389, 484, 544, 618, 693, 786, 834, 908, 1025, 1027, 1053, 1130, 1530, 1552, 1618, 1692, 1744, 1880, 1886, 1912, 1933, 2095, 2125, 2175, 2378]",26,0.9454922052100301,0.08499107975512743,0.09475287024934705,"[175512374, 19555780, 199477483, 19579651, 149086318, 19582121, 45690194, 284388133, 19573617, 456774837]","[201, 201, 201, 834, 1912, 201, 834, 834, 201, 201]"
849,100,"[39, 111, 194, 213, 258, 293, 323, 378, 382, 414, 422, 446, 457, 507, 537, 558, 618, 632, 742, 745, 746, 777, 786, 842, 846, 885, 968, 1026, 1028, 1103, 1124, 1150, 1226, 1444, 1495, 1499, 1568, 1604, 1702, 1742, 1749, 1822, 1946, 1985, 2004, 2006, 2186, 2214, 2226, 2242, 2264, 2297, 2298, 2343]",54,1.716057007201016,0.17214585794135928,0.09725724582784567,"[92842058, 269323863, 356377308, 482724413, 320965521, 93043162, 112406467, 564218028, 464775287, 523371696]","[558, 323, 1150, 422, 1604, 558, 1604, 1150, 382, 537]"
850,100,"[20, 164, 201, 258, 373, 382, 389, 484, 544, 746, 786, 834, 892, 908, 979, 1025, 1027, 1130, 1159, 1178, 1226, 1393, 1434, 1516, 1530, 1618, 1692, 1694, 1698, 1744, 1886, 1912, 1914, 1916, 1933, 2043, 2095, 2140, 2175, 2214, 2333, 2378, 2426]",43,1.3092973404563963,0.13397996686398983,0.08621310134050111,"[352071651, 113992217, 415740214, 409480815, 421371089, 183599496, 350994816, 358085096, 276836020, 314692744]","[484, 484, 484, 484, 979, 1698, 484, 484, 2333, 2333]"
851,100,"[201, 373, 389, 484, 533, 765, 786, 834, 908, 968, 979, 1025, 1053, 1130, 1192, 1530, 1552, 1698, 1783, 1880, 1912, 1916, 1933, 1946, 2140, 2253, 2378]",27,0.8452079654671252,0.08674725098535419,0.08773323566721822,"[87493762, 188328316, 11248292, 505651515, 92264420, 230403360, 593930927, 551622090, 228651129, 275818250]","[201, 1130, 201, 1933, 201, 2378, 1933, 1530, 201, 1698]"
852,100,"[57, 68, 112, 131, 222, 252, 278, 359, 382, 431, 528, 554, 639, 734, 743, 744, 833, 839, 850, 924, 1000, 1019, 1085, 1129, 1224, 1245, 1249, 1283, 1353, 1354, 1379, 1459, 1468, 1505, 1515, 1537, 1573, 1608, 1650, 1713, 1728, 1867, 1957, 2019, 2020, 2097, 2103, 2231, 2232]",49,1.5351291936822236,0.14009394822642207,0.07625014292152256,"[37811016, 473504460, 582813404, 215820939, 473482680, 285265932, 324368555, 562094452, 562100179, 206098601]","[57, 57, 57, 57, 57, 57, 57, 1728, 57, 57]"
853,100,"[10, 89, 111, 112, 194, 213, 279, 323, 382, 432, 443, 446, 525, 537, 557, 564, 618, 678, 729, 777, 786, 876, 892, 901, 915, 917, 931, 968, 1068, 1150, 1303, 1353, 1379, 1499, 1505, 1558, 1559, 1608, 1618, 1649, 1696, 1726, 1742, 1780, 1786, 1839, 1841, 1946, 2006, 2053, 2105, 2156, 2212, 2264, 2298, 2346]",56,2.006518921814859,0.18501774640753865,0.1047681196983571,"[209157692, 481581017, 30639405, 550623510, 536650870, 167656863, 430690500, 429830540, 579563702, 550716189]","[618, 618, 917, 279, 618, 618, 618, 915, 618, 279]"
854,100,"[63, 201, 373, 382, 446, 533, 555, 562, 595, 602, 625, 636, 693, 700, 729, 758, 772, 908, 968, 973, 1018, 1053, 1059, 1194, 1355, 1446, 1470, 1536, 1544, 1545, 1552, 1598, 1618, 1671, 1701, 1730, 1807, 2029, 2052, 2082, 2140, 2156, 2180, 2239]",44,1.6520549724809825,0.13335945177823305,0.0817092958657833,"[298557429, 264837653, 346482625, 224958773, 366603740, 524325079, 271578965, 452451777, 296866940, 506713064]","[1598, 1598, 1598, 1598, 1598, 382, 1730, 1671, 1598, 382]"
855,100,"[14, 47, 68, 107, 112, 174, 183, 192, 249, 267, 277, 283, 316, 382, 385, 395, 428, 431, 502, 523, 647, 693, 729, 758, 791, 902, 941, 1003, 1068, 1145, 1179, 1233, 1257, 1281, 1326, 1349, 1360, 1415, 1516, 1565, 1610, 1633, 1641, 1645, 1647, 1667, 1701, 1807, 1872, 1916, 1955, 1985, 2156, 2256, 2306, 2325, 2378, 2400]",58,2.25367290340364,0.18077840795740485,0.09583821849785103,"[13500227, 558483892, 243640497, 20101791, 238138424, 473190041, 13415872, 20101788, 238474670, 282175107]","[1565, 68, 1565, 1565, 1565, 1565, 1565, 1565, 1565, 1565]"
856,100,"[20, 36, 164, 201, 373, 389, 484, 746, 834, 878, 979, 1025, 1159, 1178, 1192, 1393, 1530, 1698, 1886, 1912, 1914, 1916, 1933, 2038, 2140, 2183, 2333, 2378]",28,0.8648800831288099,0.07966869277879596,0.07769762194116733,"[271924014, 43398037, 260585669, 503788850, 455925797, 474652244, 215918210, 146973603, 395348698, 486569386]","[484, 484, 484, 484, 834, 1159, 1159, 1393, 484, 484]"
857,100,"[6, 10, 39, 100, 194, 241, 262, 352, 382, 443, 463, 550, 564, 618, 670, 737, 746, 786, 821, 852, 892, 917, 1022, 1068, 1124, 1181, 1226, 1262, 1324, 1450, 1499, 1514, 1558, 1608, 1618, 1692, 1696, 1700, 1717, 1726, 1744, 1809, 1996, 2053, 2175, 2264, 2273, 2279, 2301, 2377, 2421]",51,1.844980594702065,0.16578957717865705,0.09316108543791023,"[327145261, 229680037, 361198864, 224056092, 568457767, 97513876, 143067917, 350118152, 220798813, 284881445]","[1181, 2377, 1514, 1181, 670, 1181, 786, 564, 1809, 1608]"
858,100,"[56, 59, 241, 263, 283, 396, 446, 502, 543, 557, 602, 761, 791, 864, 876, 924, 935, 972, 1066, 1068, 1081, 1085, 1099, 1178, 1179, 1194, 1262, 1276, 1278, 1326, 1332, 1360, 1415, 1459, 1499, 1506, 1509, 1511, 1514, 1551, 1600, 1607, 1618, 1666, 1686, 1696, 1705, 1729, 1763, 1821, 1848, 1852, 1872, 1916, 1922, 2015, 2027, 2029, 2036, 2097, 2206]",61,1.9168972284533083,0.16629594657570124,0.07550840993930936,"[581331342, 517645098, 63204988, 429446346, 258776256, 321572892, 138985792, 258756457, 11087266, 284877871]","[2015, 2015, 2036, 2015, 2015, 2015, 2015, 1551, 2015, 2015]"
859,100,"[20, 164, 201, 373, 389, 446, 484, 544, 625, 746, 786, 834, 876, 892, 908, 979, 1025, 1130, 1159, 1178, 1192, 1194, 1226, 1530, 1552, 1618, 1692, 1696, 1744, 1783, 1880, 1886, 1912, 1914, 1916, 1933, 2095, 2125, 2140, 2175, 2333, 2378, 2426]",43,1.4703517947345972,0.1335117667913437,0.08943264994791947,"[527568896, 396105967, 332602224, 527670657, 318367759, 564144967, 68482796, 527568903, 172878912, 593165598]","[484, 484, 484, 484, 484, 484, 484, 484, 484, 484]"
860,100,"[1, 26, 109, 227, 262, 301, 340, 379, 443, 528, 564, 571, 692, 743, 821, 834, 905, 907, 917, 1022, 1106, 1129, 1143, 1167, 1225, 1230, 1262, 1292, 1312, 1338, 1450, 1489, 1505, 1568, 1573, 1608, 1665, 1717, 1738, 1996, 2102, 2105, 2124, 2139, 2209, 2273, 2301, 2421]",48,1.572577034123242,0.15446245577186346,0.08733849204630435,"[535675477, 355548424, 270006756, 301349402, 507596443, 313944357, 267260077, 460294119, 192245896, 357961509]","[1489, 1489, 1717, 1489, 1489, 1489, 1608, 1608, 1489, 1489]"
861,100,"[6, 275, 524, 528, 627, 642, 651, 734, 856, 880, 907, 1010, 1022, 1025, 1092, 1143, 1172, 1218, 1225, 1292, 1352, 1515, 1825, 1915, 2033, 2099, 2130, 2210, 2301, 2311, 2380, 2389, 2421]",33,0.8849035589955747,0.0869019073434174,0.07676172121710172,"[541869874, 387580617, 512795844, 10625348, 425468283, 85862371, 101572055, 62124119, 439909254, 584974950]","[651, 651, 651, 651, 651, 651, 651, 651, 651, 651]"
862,100,"[39, 109, 112, 174, 175, 194, 211, 227, 241, 255, 263, 267, 352, 381, 382, 397, 422, 446, 468, 512, 591, 602, 645, 649, 746, 777, 786, 898, 917, 1032, 1099, 1106, 1124, 1169, 1179, 1226, 1262, 1296, 1419, 1481, 1495, 1499, 1524, 1552, 1644, 1686, 1692, 1696, 1705, 1742, 1809, 1836, 1954, 1988, 1990, 2006, 2027, 2088, 2214, 2253, 2264, 2273, 2279, 2301, 2421]",65,2.1565432720817626,0.21037283865734935,0.09652548633300914,"[172670960, 153869902, 384615804, 363362129, 464755881, 83369202, 226483912, 462875104, 576449556, 418552322]","[422, 422, 1524, 1524, 422, 422, 1524, 1524, 1809, 1524]"
863,100,"[27, 80, 112, 186, 209, 295, 453, 586, 686, 734, 741, 810, 824, 1112, 1140, 1152, 1155, 1186, 1262, 1408, 1437, 1504, 1505, 1527, 1532, 1647, 1693, 1763, 1768, 1777, 1785, 1830, 1944, 1972, 1982, 2027, 2031, 2090, 2134, 2135, 2151, 2154, 2184, 2380]",44,1.5325481556355953,0.1213574786670506,0.08568400382170115,"[419712632, 165915394, 316566842, 224548655, 147136187, 583929514, 328080161, 181293187, 524619701, 193084922]","[1830, 686, 1830, 1830, 686, 2135, 686, 686, 686, 686]"
864,100,"[39, 72, 89, 96, 199, 242, 258, 323, 381, 432, 446, 507, 512, 560, 678, 745, 777, 786, 852, 915, 979, 1017, 1027, 1068, 1099, 1150, 1157, 1453, 1455, 1499, 1618, 1700, 1701, 1742, 1780, 1890, 1933, 1946, 2194, 2242, 2298, 2302, 2321, 2329]",44,1.3118892963975668,0.16786887496709824,0.12201603899963877,"[103994370, 64154372, 360681156, 265249519, 436371389, 348268592, 138290075, 330579822, 288393933, 592062875]","[199, 1499, 2329, 323, 1455, 777, 1455, 432, 1499, 199]"
865,100,"[39, 96, 111, 112, 250, 258, 263, 283, 323, 381, 446, 543, 602, 657, 700, 729, 769, 786, 852, 915, 931, 968, 979, 1025, 1027, 1032, 1068, 1099, 1114, 1130, 1303, 1353, 1552, 1556, 1565, 1618, 1686, 1729, 1744, 1749, 1780, 1890, 1933, 2006, 2029, 2053, 2156, 2194, 2226, 2253, 2329, 2377, 2378]",53,1.6054266090504825,0.1685547698289156,0.09308116294373318,"[188503112, 156749422, 366700818, 202541021, 330189816, 567731440, 476184840, 76200921, 345010569, 261534080]","[2329, 2329, 2226, 2329, 2329, 2156, 2329, 1027, 2329, 2329]"
866,100,"[175, 210, 241, 293, 329, 352, 364, 446, 470, 537, 645, 673, 682, 711, 744, 750, 761, 892, 935, 950, 999, 1091, 1219, 1235, 1326, 1349, 1467, 1509, 1514, 1529, 1600, 1610, 1611, 1618, 1705, 1769, 1856, 1985, 2177, 2208, 2271, 2358, 2409]",43,1.2991486336104572,0.10943144327029586,0.06678904023909465,"[550000252, 289896117, 595905226, 260324608, 162598762, 597616509, 263950507, 370125796, 305567628, 129581804]","[1509, 2358, 2358, 950, 1509, 2358, 950, 1509, 1509, 2358]"
867,100,"[72, 170, 262, 417, 479, 570, 571, 600, 618, 645, 665, 678, 743, 747, 859, 917, 924, 946, 970, 980, 993, 1017, 1123, 1213, 1234, 1278, 1281, 1330, 1410, 1468, 1540, 1543, 1666, 1677, 1922, 1938, 1978, 2044, 2046, 2139, 2207, 2330, 2335, 2377]",44,1.5290632811374962,0.12229553423821926,0.07872746849369089,"[161598115, 165649862, 475649919, 196752454, 22918815, 117989128, 131531957, 70758564, 437006189, 267286042]","[262, 946, 859, 1543, 946, 993, 859, 946, 859, 946]"
868,100,"[1, 5, 47, 118, 174, 175, 249, 255, 286, 315, 346, 382, 407, 413, 444, 468, 544, 682, 761, 871, 935, 957, 1106, 1129, 1202, 1203, 1262, 1326, 1355, 1429, 1444, 1601, 1667, 1748, 1812, 1839, 1902, 1926, 1985, 2097, 2125, 2221, 2271, 2279, 2325, 2437, 2447]",47,1.4939212086610496,0.1251452686265111,0.0753344891919814,"[356500865, 489478009, 477060509, 477504394, 306310881, 402340401, 375257844, 328054079, 28284158, 70207319]","[47, 47, 47, 47, 47, 47, 1812, 47, 2447, 1748]"
869,100,"[10, 175, 279, 280, 300, 370, 407, 413, 443, 564, 602, 618, 678, 682, 892, 898, 917, 961, 1003, 1032, 1068, 1103, 1176, 1278, 1281, 1296, 1514, 1618, 1696, 1726, 1786, 1852, 1916, 1922, 1923, 2015, 2072, 2088, 2156, 2279, 2377, 2387, 2391]",43,1.670129330828786,0.12634597579017282,0.08315820070958241,"[262321495, 481457656, 291492315, 346847059, 501419107, 20292761, 439176866, 563902705, 20835328, 487069966]","[2387, 1296, 2387, 407, 2387, 2088, 2377, 2387, 2387, 2387]"
870,100,"[10, 59, 67, 175, 300, 325, 407, 413, 543, 564, 645, 682, 694, 828, 859, 892, 917, 1032, 1106, 1129, 1202, 1278, 1292, 1296, 1330, 1390, 1514, 1529, 1543, 1600, 1618, 1719, 1769, 1812, 1879, 1895, 1922, 1923, 2011, 2088, 2279, 2287, 2330, 2377, 2387, 2421, 2445]",47,1.310679271351546,0.11874005617573857,0.06536369424987029,"[288861073, 112508320, 587371681, 207108803, 542011205, 572656932, 460394659, 421203300, 127178052, 130514793]","[1529, 1600, 1600, 1543, 67, 407, 407, 2387, 1543, 859]"
871,100,"[5, 175, 196, 255, 315, 325, 340, 459, 468, 564, 627, 651, 821, 946, 1091, 1092, 1106, 1116, 1129, 1143, 1167, 1196, 1202, 1262, 1278, 1296, 1308, 1469, 1478, 1489, 1495, 1544, 1593, 1634, 1669, 1679, 1769, 1812, 1825, 1839, 1856, 1879, 1902, 2071, 2098, 2409, 2437, 2447]",48,1.1828210889361799,0.13166795764118433,0.06587557911310189,"[525197836, 148862207, 13098477, 285403932, 180888613, 41409768, 379452575, 191399531, 424968097, 119423179]","[468, 468, 468, 468, 468, 468, 468, 468, 468, 468]"
872,100,"[19, 63, 70, 105, 112, 175, 201, 230, 263, 268, 293, 625, 674, 682, 683, 758, 772, 822, 876, 892, 1018, 1066, 1091, 1194, 1249, 1327, 1397, 1419, 1425, 1492, 1509, 1520, 1544, 1557, 1586, 1645, 1660, 1686, 1717, 1730, 1769, 1807, 1811, 1824, 1844, 1895, 2024, 2029, 2082, 2172, 2180]",51,1.4070884208194911,0.14297212846577168,0.06905940679522853,"[503266532, 579038074, 323826808, 153428687, 242533111, 293544847, 503042545, 70176803, 183129781, 123127955]","[1091, 268, 293, 293, 1730, 1091, 1091, 293, 293, 293]"
873,100,"[45, 57, 68, 84, 112, 322, 338, 533, 562, 595, 625, 636, 700, 711, 729, 758, 973, 1053, 1059, 1194, 1291, 1327, 1329, 1404, 1470, 1536, 1545, 1551, 1582, 1598, 1625, 1641, 1665, 1701, 1783, 1807, 1808, 1848, 2052, 2140, 2156, 2239, 2346]",43,1.5066754361614585,0.11976454313844442,0.0808290961404266,"[273977532, 298455624, 419061305, 176264525, 386174826, 340258199, 4051731, 561138415, 553283219, 145837704]","[973, 1598, 1625, 973, 973, 1598, 973, 1701, 973, 1598]"
874,100,"[109, 112, 168, 196, 227, 241, 271, 275, 301, 340, 352, 382, 422, 528, 560, 564, 571, 642, 692, 743, 746, 821, 880, 905, 1010, 1022, 1078, 1092, 1106, 1129, 1143, 1167, 1202, 1262, 1292, 1312, 1419, 1450, 1489, 1495, 1608, 1717, 1825, 2098, 2273, 2301, 2389, 2421]",48,1.4573904275894165,0.15738003607839346,0.09162252602982335,"[212902331, 330540745, 145494845, 417865350, 231852001, 324647310, 552677393, 526024193, 305342426, 465616428]","[1292, 642, 1292, 382, 905, 2421, 1489, 382, 1022, 382]"
875,100,"[6, 10, 39, 100, 112, 194, 196, 199, 241, 352, 381, 382, 422, 550, 560, 564, 649, 670, 672, 737, 746, 786, 846, 892, 917, 1010, 1202, 1226, 1262, 1419, 1450, 1481, 1489, 1495, 1499, 1608, 1618, 1686, 1692, 1696, 1700, 1742, 1744, 1809, 1860, 1951, 1996, 2027, 2175, 2253, 2264, 2273, 2279, 2301, 2421, 2426]",56,1.9577376549132168,0.19518115697428584,0.10306801339278795,"[574593890, 302511946, 230069100, 17749590, 189220285, 533975613, 538794706, 115173751, 585227978, 307496636]","[1996, 1996, 1809, 1951, 1951, 1996, 1951, 1996, 1692, 917]"
876,100,"[20, 63, 112, 164, 262, 381, 484, 595, 673, 682, 712, 746, 786, 834, 892, 917, 968, 973, 993, 1025, 1027, 1031, 1194, 1210, 1219, 1249, 1346, 1419, 1536, 1544, 1573, 1598, 1611, 1618, 1645, 1671, 1692, 1694, 1701, 1730, 1744, 1783, 1872, 1886, 1890, 1933, 2105, 2124, 2140, 2175, 2197, 2214, 2279, 2421, 2425, 2426]",56,1.98236681567505,0.1804470680654049,0.0930169238875221,"[205858235, 205858234, 205817011, 408203787, 128903282, 206144307, 26813258, 521497153, 205833512, 288633262]","[1536, 1598, 973, 973, 1598, 1598, 973, 1598, 1598, 1598]"
877,100,"[20, 63, 70, 72, 86, 96, 105, 112, 164, 179, 192, 258, 368, 477, 554, 573, 604, 657, 674, 744, 746, 811, 846, 852, 880, 963, 968, 1027, 1031, 1106, 1183, 1194, 1249, 1262, 1288, 1291, 1331, 1346, 1355, 1397, 1544, 1556, 1559, 1618, 1694, 1700, 1749, 1774, 1777, 1783, 1803, 1809, 1978, 1990, 2017, 2024, 2044, 2124, 2125, 2140, 2253, 2270, 2311]",63,2.130338652525097,0.20234820013865829,0.09280942877503259,"[178872551, 419754496, 144399593, 599668128, 505811844, 559327687, 108818957, 305147460, 200940517, 136520793]","[1183, 20, 1183, 1183, 1183, 1183, 1291, 963, 1291, 258]"
878,100,"[63, 70, 84, 164, 192, 273, 288, 382, 588, 595, 674, 746, 758, 772, 811, 813, 867, 892, 941, 1031, 1219, 1249, 1262, 1288, 1291, 1329, 1346, 1360, 1505, 1514, 1520, 1541, 1544, 1573, 1584, 1600, 1608, 1611, 1645, 1730, 1783, 1807, 1872, 2029, 2082, 2140, 2153, 2180, 2415]",49,1.7691909265704453,0.1445578970015049,0.07898387714878333,"[165387938, 89065231, 369650236, 531178403, 400923749, 344236076, 340118914, 353633245, 58992407, 366943865]","[84, 1783, 1262, 1730, 758, 867, 1730, 1730, 84, 84]"
879,100,"[63, 84, 94, 164, 175, 192, 255, 263, 268, 273, 566, 595, 625, 682, 758, 813, 892, 1066, 1111, 1194, 1288, 1291, 1329, 1425, 1456, 1506, 1551, 1686, 1705, 1730, 1841, 1844, 1848, 1872, 1961, 2029, 2082, 2097, 2140, 2188, 2258, 2440]",42,1.3254547892138362,0.1157334535382688,0.07408876617306046,"[303703297, 328420, 221191152, 344622214, 426778940, 488920870, 92739215, 274663530, 555807421, 406923233]","[84, 84, 1066, 84, 1066, 84, 84, 84, 2029, 84]"
880,100,"[48, 68, 112, 215, 247, 277, 283, 316, 322, 523, 557, 562, 664, 693, 729, 758, 791, 887, 1059, 1178, 1284, 1332, 1415, 1470, 1492, 1493, 1502, 1516, 1565, 1641, 1647, 1657, 1701, 1720, 1746, 1872, 1911, 1932, 2052, 2196, 2212]",41,1.248176862951368,0.11855186428874731,0.0799371834003889,"[96447137, 88492235, 465953021, 352092256, 18510270, 196778869, 135183457, 255944491, 98400942, 392540250]","[1516, 247, 1332, 68, 247, 1701, 1720, 247, 1516, 1516]"
881,100,"[10, 20, 39, 72, 112, 125, 164, 194, 258, 382, 470, 550, 673, 678, 729, 737, 745, 746, 786, 846, 898, 917, 993, 1027, 1068, 1099, 1226, 1278, 1419, 1434, 1543, 1557, 1573, 1677, 1692, 1694, 1744, 1749, 1922, 1946, 1996, 2095, 2105, 2139, 2175, 2194, 2214, 2226, 2264, 2279, 2421, 2425, 2426]",53,1.8474554233253002,0.16902811639010906,0.09250648018798598,"[277389016, 396026171, 240443054, 579045419, 510801508, 539811668, 79050214, 598319225, 483409512, 253215752]","[1744, 2175, 1744, 1744, 2175, 2175, 1744, 2175, 39, 2175]"
882,100,"[1, 55, 112, 275, 301, 302, 379, 385, 459, 560, 571, 692, 821, 828, 839, 846, 850, 876, 1010, 1106, 1143, 1145, 1167, 1225, 1262, 1292, 1296, 1297, 1338, 1349, 1444, 1450, 1492, 1505, 1586, 1686, 1717, 1749, 1802, 1997, 2102, 2105, 2130, 2145, 2209, 2389, 2421]",47,1.3030182123184204,0.13909042160958052,0.08981110219487008,"[159470493, 303010821, 269067563, 269128707, 216262394, 5832120, 232451164, 198572032, 185739334, 130731577]","[1143, 379, 1143, 1143, 1143, 2105, 1143, 1143, 1, 1143]"
883,100,"[63, 68, 70, 164, 184, 213, 216, 241, 263, 267, 446, 523, 537, 543, 550, 729, 758, 791, 876, 895, 908, 915, 968, 1031, 1053, 1099, 1150, 1169, 1194, 1266, 1288, 1346, 1360, 1544, 1551, 1559, 1565, 1568, 1618, 1645, 1662, 1742, 1841, 1872, 2003, 2028, 2029, 2052, 2156, 2343, 2400, 2415, 2425]",53,1.8193119410425425,0.15489887027069926,0.08450663294028139,"[450545184, 240566049, 448192784, 481356550, 303332706, 380130755, 534974293, 188972473, 282247598, 18663708]","[729, 729, 2415, 791, 68, 791, 791, 791, 2415, 184]"
884,100,"[10, 39, 96, 112, 164, 194, 201, 241, 250, 267, 381, 382, 484, 602, 618, 620, 673, 678, 745, 746, 786, 834, 852, 876, 892, 901, 908, 917, 968, 977, 1025, 1027, 1099, 1106, 1130, 1178, 1225, 1226, 1262, 1286, 1434, 1515, 1552, 1618, 1645, 1686, 1692, 1694, 1696, 1744, 1749, 1783, 1809, 1933, 1996, 2029, 2105, 2124, 2175, 2214, 2216, 2279, 2377, 2421]",64,2.1443669968284667,0.1981235989369452,0.091622266711056,"[65327380, 65327381, 233808705, 35334110, 563539717, 182781121, 393376117, 588181319, 26642272, 492169731]","[1025, 164, 164, 1286, 164, 1027, 164, 834, 382, 382]"
885,100,"[47, 175, 237, 245, 255, 263, 278, 283, 362, 374, 382, 431, 554, 619, 635, 656, 669, 699, 726, 744, 848, 1063, 1081, 1084, 1129, 1179, 1224, 1276, 1288, 1332, 1355, 1376, 1395, 1401, 1459, 1506, 1511, 1514, 1565, 1644, 1666, 1705, 1729, 1730, 1915, 1954, 1961, 1984, 2015, 2029, 2036, 2065, 2079, 2088, 2097, 2231, 2258, 2287, 2382, 2447]",60,1.535262601915747,0.13829483417794108,0.05776773802159975,"[68294369, 531887731, 587247123, 118170527, 168564634, 311192250, 565442313, 47874228, 249485541, 283965110]","[669, 669, 669, 669, 669, 669, 669, 669, 669, 669]"
886,100,"[47, 57, 68, 92, 112, 118, 297, 346, 353, 364, 382, 431, 533, 604, 644, 692, 711, 731, 778, 839, 931, 935, 1041, 1064, 1106, 1188, 1189, 1190, 1284, 1288, 1322, 1326, 1354, 1360, 1379, 1484, 1505, 1515, 1537, 1618, 1632, 1649, 1682, 1713, 1768, 1782, 1783, 1795, 1867, 2097, 2103, 2107, 2109, 2208, 2231, 2271, 2419]",57,2.0628965944051743,0.1737215113826096,0.09390795042150114,"[167712818, 142155274, 418344272, 71479451, 119366487, 510341808, 227360561, 586910753, 213862546, 100781065]","[118, 1322, 2419, 118, 2107, 1322, 1284, 935, 118, 118]"
887,100,"[6, 10, 112, 164, 199, 262, 267, 277, 352, 382, 384, 484, 564, 591, 601, 618, 627, 672, 673, 678, 693, 786, 834, 846, 892, 917, 968, 993, 1010, 1025, 1099, 1106, 1123, 1143, 1178, 1187, 1219, 1225, 1226, 1249, 1278, 1292, 1419, 1641, 1686, 1691, 1692, 1744, 1763, 1996, 2027, 2083, 2105, 2139, 2175, 2279, 2301, 2377, 2421]",59,2.010962264612317,0.19233717443421483,0.0937986291068906,"[175679688, 177492402, 535919795, 180483235, 176813416, 176795095, 338721161, 103716483, 39290628, 180266204]","[1763, 1178, 1178, 1178, 1178, 1178, 1763, 1292, 164, 846]"
888,100,"[57, 118, 174, 211, 252, 255, 346, 413, 459, 528, 564, 619, 672, 686, 692, 754, 772, 824, 846, 941, 1064, 1093, 1129, 1186, 1224, 1262, 1296, 1310, 1355, 1408, 1525, 1601, 1602, 1607, 1608, 1696, 1769, 2039, 2097, 2103, 2125, 2154, 2271, 2419]",44,1.5651729959063232,0.11480602715164423,0.08214149690783498,"[224795566, 323068915, 181075644, 402488336, 196748699, 398472432, 142838359, 175829416, 282171496, 489624031]","[252, 2154, 252, 413, 252, 2154, 252, 1186, 252, 252]"
889,100,"[63, 70, 84, 174, 192, 263, 268, 273, 382, 566, 595, 602, 625, 758, 761, 813, 892, 941, 1018, 1066, 1194, 1276, 1288, 1291, 1329, 1425, 1514, 1544, 1551, 1645, 1730, 1807, 1872, 2029, 2082, 2180, 2258, 2260]",38,1.3794044931419194,0.11142943985760212,0.07591519380404957,"[178338312, 449642969, 62444454, 332439531, 303703297, 287023832, 167555446, 186315738, 57675857, 62105058]","[1066, 1730, 1730, 1730, 84, 1730, 1730, 1730, 63, 1730]"
890,100,"[6, 10, 39, 77, 112, 164, 211, 241, 250, 268, 382, 428, 459, 470, 537, 544, 550, 604, 673, 746, 786, 821, 846, 852, 892, 902, 1025, 1106, 1150, 1202, 1284, 1425, 1429, 1434, 1543, 1573, 1601, 1607, 1618, 1667, 1677, 1686, 1694, 1700, 1812, 1844, 1872, 1946, 1985, 1996, 2125, 2174, 2175, 2189, 2271, 2279, 2325, 2343, 2377, 2421, 2426]",61,1.9069172171875834,0.17759151058271527,0.08160202771226768,"[403007861, 351600434, 444044118, 27851391, 534625534, 270612392, 121727598, 322527861, 346761697, 195569237]","[2189, 1202, 1812, 604, 550, 1543, 1812, 2174, 382, 1543]"
891,100,"[215, 260, 267, 390, 402, 523, 533, 555, 636, 700, 856, 887, 921, 1053, 1059, 1068, 1322, 1404, 1458, 1582, 1671, 1701, 1859, 1927, 2052, 2141, 2209, 2346]",28,0.9963546339422464,0.07321999548003078,0.08010643274090919,"[35506914, 35222598, 423611375, 422119093, 589832687, 497316237, 3032838, 589900980, 267666949, 421405297]","[260, 402, 402, 1859, 402, 260, 402, 402, 1859, 1859]"
892,100,"[20, 39, 70, 84, 100, 164, 194, 258, 293, 381, 484, 595, 602, 625, 657, 746, 758, 786, 876, 892, 968, 1031, 1099, 1181, 1249, 1291, 1419, 1425, 1499, 1618, 1686, 1692, 1694, 1696, 1700, 1742, 1744, 1749, 1780, 1783, 1809, 1860, 1872, 1990, 2006, 2029, 2053, 2102, 2140, 2175, 2214, 2302, 2321, 2343, 2421, 2426]",56,1.8575065764598548,0.18383591761812568,0.09763219366764783,"[236286607, 337743007, 238663603, 446101790, 278820173, 451330241, 362273248, 259179880, 347002214, 598074693]","[1783, 381, 20, 2343, 2343, 1783, 746, 2343, 164, 20]"
893,100,"[6, 39, 100, 194, 199, 323, 352, 382, 422, 463, 670, 746, 777, 786, 917, 926, 1124, 1143, 1150, 1226, 1419, 1499, 1700, 1730, 1742, 1809, 1860, 1971, 1996, 2006, 2264, 2343, 2421]",33,1.0629185317084193,0.12971303099766374,0.12559109788642012,"[577884183, 230598180, 70777269, 410586201, 94483386, 407198240, 281490368, 460101255, 289303918, 117989967]","[100, 746, 199, 746, 1419, 746, 1419, 926, 670, 100]"
894,100,"[10, 126, 192, 263, 267, 268, 275, 277, 286, 382, 396, 422, 443, 462, 550, 566, 602, 625, 642, 647, 664, 761, 824, 892, 941, 1010, 1032, 1081, 1135, 1185, 1194, 1257, 1262, 1288, 1327, 1415, 1434, 1506, 1514, 1557, 1645, 1686, 1696, 1717, 1730, 1768, 1872, 1915, 1988, 2029, 2082, 2154, 2180, 2258, 2279, 2385]",56,2.057826210744679,0.16747015388682485,0.08099641324536476,"[587102603, 170169858, 84270887, 183448195, 556771621, 236594534, 265208096, 221096784, 183448190, 21626722]","[1257, 1257, 1257, 382, 1257, 192, 824, 1257, 1257, 824]"
895,100,"[20, 70, 72, 96, 112, 164, 192, 258, 293, 381, 604, 673, 674, 678, 682, 692, 743, 746, 786, 822, 892, 917, 963, 968, 1027, 1031, 1106, 1183, 1219, 1249, 1291, 1346, 1419, 1520, 1544, 1556, 1573, 1618, 1686, 1691, 1694, 1700, 1744, 1749, 1772, 1783, 1803, 1821, 1872, 1890, 1978, 2024, 2124, 2343, 2426]",55,2.002982937730849,0.17917910311371088,0.09697795187292452,"[251959696, 532859347, 217814354, 52486269, 404880666, 260810049, 349668517, 107270677, 383235976, 391066255]","[822, 1700, 1978, 20, 1978, 1783, 1978, 822, 1978, 1744]"
896,100,"[100, 164, 194, 201, 241, 263, 352, 368, 373, 381, 382, 428, 446, 463, 484, 544, 550, 564, 602, 670, 746, 786, 834, 908, 968, 979, 1025, 1032, 1053, 1068, 1130, 1169, 1226, 1262, 1324, 1481, 1499, 1530, 1552, 1686, 1692, 1696, 1700, 1730, 1783, 1809, 1880, 1916, 1933, 1985, 1996, 2027, 2029, 2038, 2140, 2188, 2253, 2264, 2301, 2378]",60,2.1686922484077513,0.19837502809241414,0.09318775901338086,"[233315855, 253258903, 219217186, 119979655, 205471858, 244007687, 74333164, 75341525, 463839280, 79663679]","[979, 1809, 1809, 382, 1226, 1809, 1809, 1809, 1809, 382]"
897,100,"[112, 186, 277, 382, 385, 396, 413, 664, 672, 686, 807, 810, 824, 1019, 1186, 1257, 1356, 1391, 1408, 1415, 1505, 1532, 1557, 1584, 1693, 1696, 1763, 1768, 1769, 1908, 1911, 1982, 2027, 2065, 2107, 2135, 2154, 2184, 2385]",39,1.4613553062081337,0.1178943244740367,0.08914213536235575,"[342961575, 342961572, 342961578, 108095035, 302173789, 453368057, 302363278, 342961579, 108140504, 315919069]","[1257, 1257, 1257, 664, 664, 664, 664, 824, 664, 186]"
898,100,"[47, 57, 241, 262, 278, 303, 311, 325, 346, 351, 353, 413, 444, 477, 537, 619, 639, 644, 645, 692, 743, 850, 912, 926, 1106, 1169, 1177, 1202, 1214, 1245, 1310, 1355, 1376, 1414, 1468, 1505, 1573, 1608, 1649, 1677, 1728, 1957, 1970, 2011, 2046, 2097, 2103, 2271, 2287, 2354, 2430]",51,1.5621189032681286,0.1403942913748324,0.07864908722923229,"[434287321, 285400705, 332335132, 402924785, 82308343, 20882674, 344439239, 21699115, 210189004, 479649759]","[1468, 1177, 1468, 1414, 1414, 1414, 1414, 1414, 1970, 1468]"
899,100,"[68, 164, 170, 215, 307, 322, 342, 390, 523, 562, 636, 700, 729, 791, 822, 968, 973, 1018, 1169, 1305, 1455, 1463, 1470, 1493, 1516, 1536, 1545, 1574, 1582, 1723, 1848, 1859, 1927, 2256, 2282]",35,1.2038446026854217,0.09070745948702097,0.07614098962263337,"[507029069, 426930287, 573628652, 371506867, 26691262, 371263752, 26632321, 105042186, 48992045, 371517341]","[2256, 2256, 2256, 2256, 2256, 2256, 2256, 2256, 2256, 2256]"
900,100,"[196, 340, 352, 422, 459, 468, 528, 537, 564, 630, 746, 766, 825, 902, 1078, 1092, 1129, 1167, 1196, 1226, 1262, 1293, 1308, 1425, 1450, 1489, 1495, 1558, 1608, 1669, 1825, 1839, 1902, 2098, 2186, 2273]",36,1.2024223245680332,0.10658788308501244,0.08173301843150209,"[280463496, 124993178, 174847220, 68166793, 204608596, 149715940, 378018282, 161294887, 539827010, 466214685]","[1092, 468, 468, 1308, 1839, 468, 1196, 1308, 468, 1308]"
901,100,"[26, 159, 174, 263, 280, 286, 338, 382, 542, 694, 751, 789, 804, 898, 917, 1032, 1065, 1068, 1081, 1107, 1113, 1176, 1179, 1296, 1394, 1432, 1434, 1478, 1506, 1511, 1514, 1653, 1696, 1911, 1923, 2065, 2072, 2081, 2088, 2188, 2279, 2318, 2338]",43,1.2192951026372612,0.10513651696965098,0.06555844730762549,"[19069592, 31708204, 7675266, 226905715, 422841084, 488242255, 199429539, 324054644, 47371500, 19080473]","[1653, 1653, 1653, 1032, 1032, 1032, 1032, 159, 1032, 1653]"
902,100,"[5, 10, 174, 263, 283, 286, 338, 382, 443, 566, 602, 618, 751, 754, 786, 827, 917, 961, 1032, 1065, 1068, 1081, 1088, 1176, 1179, 1265, 1278, 1296, 1324, 1332, 1434, 1506, 1511, 1653, 1665, 1696, 1911, 1923, 2072, 2081, 2088, 2171, 2279, 2391]",44,1.4695327477529645,0.11999034089967608,0.07234223077962683,"[36995052, 560901483, 596304534, 159033101, 260089397, 20478478, 481450756, 448875963, 424349573, 225591463]","[1032, 2081, 1032, 1278, 1032, 1032, 1032, 1032, 1032, 1032]"
903,100,"[5, 84, 164, 175, 192, 255, 268, 273, 564, 595, 625, 682, 746, 758, 892, 917, 1091, 1194, 1196, 1262, 1291, 1419, 1425, 1524, 1544, 1600, 1611, 1645, 1686, 1730, 1807, 1844, 1872, 1996, 2029, 2082, 2258, 2387, 2426]",39,1.382625272963196,0.11063349898904562,0.07662740716925608,"[37194084, 389395402, 235927474, 420027424, 150702021, 236799511, 392999512, 264227635, 237249653, 205749659]","[1425, 1425, 1425, 1425, 1425, 1524, 2387, 2082, 1425, 5]"
904,100,"[109, 112, 168, 194, 227, 241, 263, 381, 382, 397, 412, 422, 446, 503, 560, 564, 602, 645, 649, 746, 786, 846, 928, 1068, 1145, 1169, 1179, 1262, 1296, 1353, 1410, 1425, 1478, 1495, 1499, 1532, 1552, 1618, 1686, 1692, 1696, 1763, 1809, 1836, 1860, 1872, 1954, 1961, 1988, 1990, 2027, 2188, 2253, 2264, 2273, 2421]",56,1.8518106383271515,0.16822357010096312,0.08588646341481113,"[52719661, 45503509, 342402289, 556295457, 105233903, 565079248, 314092832, 377313073, 45404558, 291581080]","[1961, 227, 381, 381, 1495, 227, 1495, 1296, 227, 227]"
905,100,"[6, 32, 76, 109, 112, 168, 227, 263, 267, 275, 277, 337, 381, 382, 412, 454, 642, 649, 651, 664, 686, 755, 777, 824, 825, 846, 880, 904, 1116, 1152, 1169, 1186, 1209, 1296, 1341, 1391, 1408, 1415, 1515, 1532, 1557, 1631, 1682, 1686, 1696, 1707, 1749, 1836, 1954, 1988, 2027, 2041, 2154, 2253, 2260]",55,1.7954581785015762,0.16214280622079968,0.09063517207025805,"[10859384, 322999474, 10662551, 60949666, 60949667, 60949662, 367802235, 10897999, 143778809, 10875757]","[454, 2027, 2027, 2027, 2027, 2027, 2027, 227, 227, 2027]"
906,100,"[32, 76, 86, 109, 112, 187, 244, 295, 347, 384, 392, 402, 421, 508, 525, 560, 729, 734, 741, 755, 793, 844, 846, 880, 899, 1028, 1097, 1139, 1149, 1155, 1169, 1225, 1408, 1415, 1492, 1504, 1539, 1565, 1633, 1647, 1705, 1707, 1777, 1861, 1872, 1885, 1915, 1955, 1982, 2000, 2027, 2090, 2119, 2151, 2173, 2288, 2389, 2409]",58,1.7777165970765054,0.16753933345898986,0.08434536120982776,"[21521293, 15242160, 21524797, 79259376, 34161187, 142632626, 467392706, 270367599, 9044970, 513821363]","[2288, 508, 2288, 1155, 1539, 76, 1139, 76, 793, 1539]"
907,100,"[70, 164, 262, 288, 293, 484, 487, 601, 682, 702, 712, 746, 801, 822, 859, 875, 892, 965, 993, 1017, 1123, 1219, 1234, 1249, 1266, 1278, 1288, 1520, 1544, 1584, 1644, 1660, 1662, 1841, 2024, 2028, 2029, 2415, 2425, 2426]",40,1.268014543224126,0.11663538543507457,0.07862167643033899,"[282577837, 324078893, 74406527, 81156848, 223682126, 275881934, 252162270, 321768755, 65854561, 162004373]","[702, 702, 702, 702, 702, 892, 702, 712, 892, 702]"
908,100,"[10, 39, 112, 168, 194, 196, 227, 241, 263, 267, 340, 352, 381, 412, 564, 602, 649, 742, 746, 777, 786, 846, 884, 892, 905, 917, 1032, 1143, 1145, 1157, 1169, 1181, 1196, 1226, 1265, 1292, 1296, 1324, 1360, 1450, 1481, 1489, 1495, 1506, 1568, 1608, 1686, 1696, 1730, 1809, 1839, 1860, 1988, 1996, 2027, 2105, 2139, 2279, 2421]",59,2.0462468690238893,0.1905474062077701,0.10231569496977885,"[335932326, 253275733, 411194860, 396929416, 247580177, 314624246, 4715158, 387745019, 20563003, 291785698]","[1809, 227, 168, 2027, 194, 194, 1296, 194, 1489, 1495]"
909,100,"[6, 81, 168, 196, 210, 271, 315, 340, 382, 443, 528, 544, 564, 658, 673, 766, 825, 1024, 1078, 1092, 1129, 1167, 1196, 1450, 1489, 1495, 1558, 1610, 1669, 1717, 1839, 1902, 2098, 2144, 2273]",35,1.0086218169890344,0.1036670352332294,0.0748003812772887,"[379047925, 502675992, 353234996, 404912622, 467078025, 372978629, 522349262, 158910972, 523494316, 10883006]","[1167, 1167, 1167, 1167, 1167, 1167, 1167, 1167, 1167, 1167]"
910,100,"[37, 40, 86, 112, 122, 130, 163, 382, 397, 409, 524, 560, 604, 627, 642, 666, 711, 734, 880, 931, 1004, 1025, 1092, 1100, 1125, 1138, 1178, 1218, 1262, 1440, 1462, 1484, 1501, 1504, 1505, 1552, 1559, 1618, 1632, 1736, 1768, 1795, 1836, 1857, 1858, 1963, 2033, 2109, 2210, 2284, 2311]",51,1.6579158627428114,0.14104390004649758,0.07830157912993695,"[160293513, 595991823, 475234853, 92536340, 432067395, 52710981, 209857674, 139175107, 18552663, 172528148]","[1858, 40, 1025, 1138, 40, 1858, 1025, 1858, 1025, 1138]"
911,100,"[39, 109, 163, 174, 381, 397, 422, 446, 454, 457, 468, 512, 543, 547, 638, 645, 649, 694, 755, 777, 836, 846, 884, 1004, 1068, 1099, 1169, 1179, 1272, 1286, 1296, 1353, 1410, 1532, 1604, 1692, 1696, 1784, 1836, 1860, 1916, 1961, 2027, 2124, 2214, 2226, 2283, 2302, 2321]",49,1.8236892432905734,0.15642399434000254,0.10483858770956951,"[270743288, 189056268, 474628821, 339452822, 328260186, 588991114, 244260056, 316906524, 541343973, 310062305]","[638, 163, 163, 163, 163, 163, 163, 163, 163, 163]"
912,100,"[10, 63, 70, 84, 164, 175, 201, 263, 268, 273, 293, 537, 595, 602, 625, 682, 758, 813, 892, 908, 941, 1194, 1291, 1329, 1425, 1499, 1544, 1551, 1645, 1686, 1730, 1783, 1807, 1848, 1872, 2015, 2029, 2082, 2140, 2180, 2279, 2343]",42,1.4549310854636133,0.12230794504284859,0.0756253067548165,"[238221088, 257320413, 254845610, 499985513, 58428708, 251671955, 225067493, 354725364, 199519860, 230708928]","[2082, 84, 84, 84, 84, 2082, 1730, 892, 84, 625]"
913,100,"[68, 112, 118, 174, 211, 283, 368, 385, 428, 454, 502, 550, 557, 604, 729, 734, 761, 791, 821, 871, 884, 898, 901, 935, 941, 1053, 1064, 1068, 1106, 1129, 1143, 1145, 1189, 1203, 1224, 1262, 1276, 1284, 1326, 1353, 1355, 1360, 1379, 1544, 1573, 1601, 1602, 1667, 1762, 1807, 1812, 1872, 1985, 2039, 2125, 2221, 2271, 2325, 2358]",59,2.1712734177708626,0.1731867310591042,0.08756260783806191,"[99480924, 189995717, 381118267, 1897498, 15823498, 230237115, 22262551, 281960837, 10269276, 436226372]","[2039, 604, 1601, 604, 604, 604, 2039, 1326, 1667, 428]"
914,100,"[68, 70, 84, 164, 192, 268, 577, 588, 595, 625, 682, 729, 758, 811, 908, 941, 973, 1018, 1085, 1194, 1249, 1262, 1291, 1329, 1536, 1544, 1551, 1598, 1641, 1645, 1723, 1848, 2052, 2082, 2140, 2258, 2343]",37,1.3154892744496465,0.10205746022984385,0.07569875882787479,"[162962908, 525638406, 525316001, 425131888, 450523639, 433383809, 234468600, 131666320, 341082387, 54046446]","[1723, 1723, 1723, 1723, 1723, 595, 1723, 1723, 1723, 84]"
915,100,"[10, 26, 63, 84, 164, 175, 194, 286, 368, 382, 428, 443, 550, 602, 618, 746, 786, 821, 892, 898, 917, 941, 942, 968, 1032, 1226, 1262, 1324, 1419, 1434, 1514, 1662, 1686, 1696, 1730, 1744, 1809, 1812, 1996, 2017, 2029, 2082, 2175, 2248, 2279, 2377, 2387]",47,1.7251431867480278,0.14534356351941824,0.08573749624787176,"[593048613, 299821846, 557970250, 157878787, 478000068, 200192153, 53573984, 302263430, 521446420, 297840958]","[382, 382, 382, 550, 382, 1812, 917, 382, 917, 550]"
916,100,"[39, 72, 96, 164, 194, 242, 250, 258, 352, 381, 470, 512, 550, 659, 673, 678, 746, 829, 846, 852, 963, 968, 1017, 1025, 1027, 1183, 1286, 1450, 1556, 1618, 1692, 1694, 1744, 1772, 1774, 1780, 1803, 1809, 1835, 1890, 1996, 2124, 2175, 2194, 2214, 2226, 2425]",47,1.5091160549782217,0.14655627496540546,0.08865466540520812,"[421715711, 157209584, 270323935, 303739993, 343015553, 334807463, 334863139, 206178676, 560620404, 361610486]","[2214, 2214, 2214, 1835, 2214, 1286, 1692, 1286, 1286, 250]"
917,100,"[241, 252, 382, 413, 459, 524, 647, 672, 686, 754, 766, 772, 824, 941, 1019, 1026, 1064, 1093, 1177, 1186, 1190, 1310, 1326, 1338, 1355, 1415, 1509, 1686, 1696, 1763, 1768, 1830, 1895, 1985, 2039, 2135, 2154, 2184]",38,1.3175270780920982,0.10345503175631166,0.07843821790485986,"[296734744, 522936240, 87184671, 174179901, 296739948, 551883517, 144131461, 341545966, 572712845, 168612832]","[772, 772, 772, 772, 772, 772, 2154, 1177, 772, 1190]"
918,100,"[52, 159, 174, 263, 283, 305, 396, 431, 477, 557, 619, 645, 663, 824, 1063, 1081, 1179, 1224, 1227, 1262, 1276, 1332, 1391, 1394, 1415, 1506, 1511, 1602, 1631, 1682, 1686, 1697, 1705, 1729, 1763, 1852, 1923, 1954, 1961, 2015, 2027, 2029, 2065, 2097, 2103, 2287, 2337, 2338, 2431]",49,1.501965339295566,0.1288424078375101,0.06906457254853175,"[16948561, 374303621, 196200306, 94856218, 317889817, 550644186, 399822021, 43711734, 278927045, 432068826]","[2065, 2065, 2065, 2065, 52, 2065, 2065, 52, 52, 52]"
919,100,"[19, 159, 241, 263, 278, 288, 315, 364, 382, 431, 570, 645, 669, 744, 751, 761, 804, 825, 875, 935, 945, 957, 1063, 1080, 1116, 1215, 1219, 1252, 1258, 1262, 1296, 1297, 1360, 1429, 1506, 1509, 1514, 1515, 1586, 1611, 1631, 1660, 1682, 1705, 1713, 1750, 1794, 2065, 2097, 2177, 2232, 2293, 2318, 2319, 2419]",55,1.4435546873137355,0.14065164932981133,0.06466906573623418,"[483114413, 47736879, 236407296, 195054568, 375063750, 537942619, 537944838, 416946652, 193278737, 252319554]","[1509, 1509, 1509, 1509, 1509, 1509, 1509, 1509, 1509, 1509]"
920,100,"[1, 26, 174, 196, 240, 382, 431, 459, 468, 550, 564, 602, 686, 707, 744, 755, 758, 824, 825, 846, 1092, 1113, 1116, 1169, 1179, 1203, 1226, 1262, 1265, 1308, 1353, 1408, 1425, 1495, 1532, 1686, 1696, 1726, 1839, 1954, 1961, 1995, 2027, 2090, 2154, 2188, 2260, 2273]",48,1.7189985811710358,0.12441480811685324,0.07759267135891908,"[300511012, 345782426, 284951617, 517952943, 441169254, 369337583, 441338682, 534530430, 147298648, 41452773]","[825, 1995, 2154, 1995, 1995, 2154, 1995, 2154, 2154, 1995]"
921,100,"[0, 68, 112, 161, 247, 267, 275, 277, 283, 316, 382, 396, 402, 523, 543, 553, 636, 642, 651, 664, 700, 722, 729, 758, 815, 856, 884, 887, 888, 907, 977, 1000, 1004, 1018, 1054, 1099, 1305, 1353, 1392, 1492, 1515, 1516, 1565, 1595, 1638, 1647, 1726, 1768, 1908, 1915, 2052, 2256, 2282, 2400]",54,1.640905128326267,0.1459456579759717,0.0743995332935204,"[223746625, 106852876, 373356601, 106853396, 466233294, 307010911, 400048809, 373496012, 37419230, 373496019]","[887, 887, 887, 887, 887, 1565, 543, 887, 1018, 887]"
922,100,"[26, 174, 292, 298, 338, 382, 395, 431, 475, 542, 566, 620, 663, 694, 754, 898, 1003, 1032, 1068, 1081, 1113, 1179, 1264, 1296, 1324, 1505, 1506, 1511, 1587, 1653, 1666, 1733, 1838, 1923, 2065, 2072, 2081, 2088, 2171, 2188, 2279, 2306, 2327, 2338, 2391]",45,1.3425439205020666,0.11578827211633325,0.06945086586185628,"[353738205, 89186141, 321444262, 536476892, 422850037, 64896600, 422841084, 555668591, 60697291, 289163089]","[1505, 2327, 1653, 1511, 1653, 2327, 1032, 2081, 2081, 2327]"
923,100,"[40, 68, 96, 262, 315, 381, 382, 428, 502, 550, 556, 604, 716, 734, 751, 761, 850, 876, 935, 1068, 1178, 1202, 1276, 1284, 1326, 1354, 1362, 1401, 1434, 1459, 1505, 1511, 1543, 1601, 1607, 1618, 1645, 1667, 1685, 1686, 1692, 1705, 1812, 1872, 1916, 2039, 2095, 2271, 2325, 2358]",50,1.4807002265006304,0.12183133093640208,0.06322119198739529,"[598133287, 586834165, 130316671, 447075630, 447224498, 27057187, 70777260, 460963105, 133964397, 414895066]","[1667, 502, 502, 1667, 502, 502, 502, 502, 502, 502]"
924,100,"[14, 84, 174, 196, 255, 268, 273, 315, 422, 446, 459, 468, 527, 682, 808, 871, 902, 1042, 1091, 1092, 1129, 1143, 1167, 1196, 1251, 1262, 1272, 1273, 1308, 1425, 1451, 1495, 1593, 1600, 1618, 1669, 1686, 1730, 1738, 1769, 1825, 1902, 1990, 2071, 2082, 2098, 2437]",47,1.147767405025661,0.11601345334202051,0.06323573251373749,"[253815485, 286691641, 417607676, 528303909, 538818888, 11569327, 426282158, 537606242, 3280611, 442680379]","[2437, 2437, 2437, 2437, 2437, 1092, 2437, 2437, 2437, 468]"
925,100,"[63, 68, 70, 84, 164, 192, 263, 267, 268, 283, 316, 523, 588, 595, 625, 636, 700, 729, 758, 791, 821, 892, 901, 908, 941, 1018, 1194, 1327, 1415, 1425, 1544, 1551, 1565, 1665, 1686, 1730, 1807, 2017, 2029, 2077, 2082, 2140, 2180, 2258, 2282]",45,1.5270162001252174,0.13503519352525473,0.07233716327076158,"[153098803, 51727572, 343615222, 453322014, 367318198, 158403731, 387817396, 409295738, 232941730, 167011911]","[729, 729, 1551, 1551, 1551, 1551, 2258, 1551, 1551, 192]"
926,100,"[10, 39, 164, 194, 201, 286, 381, 544, 550, 564, 602, 618, 672, 678, 693, 737, 747, 786, 834, 892, 898, 901, 917, 968, 1025, 1027, 1032, 1099, 1178, 1226, 1278, 1296, 1429, 1434, 1552, 1618, 1692, 1696, 1744, 1780, 1922, 1996, 2095, 2105, 2139, 2175, 2214, 2216, 2279, 2301, 2377, 2425]",52,1.9641737774945796,0.1632760283537209,0.09071169161381057,"[128304126, 347577476, 82984003, 376515006, 57217459, 346140163, 111206490, 575260875, 57832057, 294061877]","[2175, 672, 1692, 1692, 10, 1692, 2095, 2175, 1692, 1692]"
927,100,"[47, 164, 262, 325, 346, 351, 353, 359, 459, 468, 528, 604, 639, 673, 678, 691, 692, 743, 744, 754, 791, 821, 825, 850, 902, 957, 1026, 1080, 1106, 1129, 1202, 1245, 1273, 1319, 1401, 1444, 1537, 1573, 1650, 1675, 1685, 1719, 1748, 1758, 1902, 1985, 2085, 2189, 2232, 2271, 2287, 2306, 2330]",53,1.74204070167616,0.14711377769708633,0.07907517754279499,"[513350880, 7133850, 455598870, 290302881, 505981685, 32696224, 415367442, 588634441, 324974677, 258276609]","[325, 325, 325, 325, 325, 325, 325, 325, 325, 325]"
928,100,"[14, 196, 315, 340, 468, 528, 627, 673, 746, 821, 1024, 1042, 1091, 1092, 1129, 1143, 1167, 1196, 1202, 1251, 1262, 1308, 1489, 1495, 1593, 1634, 1669, 1679, 1812, 1825, 1839, 1856, 1902, 2071, 2098, 2409, 2426, 2437]",38,0.9372512740083039,0.09906096709892154,0.06501164096162508,"[24558843, 13164087, 453571296, 161548116, 93297028, 335689399, 74856458, 161423600, 93461105, 154507862]","[468, 468, 468, 468, 468, 468, 468, 468, 468, 468]"
929,100,"[1, 168, 196, 271, 315, 340, 459, 468, 564, 746, 1078, 1092, 1167, 1196, 1308, 1489, 1495, 1558, 1669, 1679, 1839, 1856, 1902, 2098, 2273, 2437]",26,0.7546494663693011,0.07760398183017969,0.07433291555991253,"[169786099, 38598848, 426045544, 425900501, 284719050, 195594882, 475738096, 418328309, 223602781, 561372987]","[1092, 1196, 468, 468, 1092, 468, 1092, 1092, 1196, 1196]"
930,100,"[6, 112, 164, 175, 196, 199, 211, 352, 459, 470, 544, 550, 673, 682, 746, 786, 821, 859, 892, 917, 1010, 1106, 1143, 1202, 1218, 1226, 1262, 1278, 1362, 1419, 1429, 1505, 1514, 1573, 1600, 1667, 1677, 1686, 1692, 1700, 1812, 1985, 1996, 2105, 2189, 2271, 2301, 2325, 2354, 2387, 2421]",51,1.684819467831403,0.15716851316392422,0.08761753746326648,"[282176719, 212668435, 384804628, 39649103, 449119905, 124770770, 142841536, 161655847, 175423790, 397661211]","[1202, 1812, 1202, 1812, 2189, 2189, 1202, 1202, 1812, 1202]"
931,100,"[88, 118, 174, 211, 255, 300, 317, 346, 378, 413, 419, 444, 477, 619, 851, 871, 898, 1107, 1203, 1296, 1310, 1355, 1414, 1970, 2103, 2125, 2221, 2437]",28,0.6128594521433115,0.05456931982189417,0.047719383953205706,"[2259438, 71749202, 10722663, 459858705, 184828688, 184832609, 49087434, 266680373, 385530264, 2259439]","[413, 1296, 413, 255, 1296, 255, 255, 413, 255, 413]"
932,100,"[1, 196, 211, 301, 315, 340, 459, 468, 528, 544, 564, 627, 821, 905, 1024, 1092, 1106, 1143, 1167, 1196, 1226, 1262, 1308, 1450, 1489, 1495, 1558, 1608, 1669, 1679, 1717, 1825, 1839, 1902, 1996, 2071, 2098, 2102, 2273, 2421]",40,1.0666897483170033,0.12458638614043593,0.08161946702748538,"[532571149, 246956915, 297864560, 581374572, 570090174, 441674312, 522683366, 75494796, 162370184, 361758327]","[1489, 1092, 1825, 1167, 1092, 1092, 1092, 1167, 1092, 1092]"
933,100,"[129, 196, 528, 564, 672, 673, 692, 744, 758, 766, 821, 823, 825, 848, 898, 956, 1053, 1068, 1078, 1080, 1129, 1145, 1169, 1181, 1196, 1265, 1353, 1369, 1450, 1495, 1505, 1558, 1588, 1608, 1650, 1675, 1696, 1717, 1726, 1738, 1807, 1839, 1985, 2085, 2098, 2102, 2166, 2263, 2273, 2378]",50,1.7881050850264728,0.14296883856877685,0.08481501723174006,"[32107476, 199258734, 199258733, 183523863, 166797438, 57167592, 514921027, 432375993, 449420161, 183311522]","[2166, 1078, 2166, 2166, 2166, 2166, 2166, 2166, 2166, 2166]"
934,100,"[26, 70, 109, 209, 240, 275, 392, 396, 459, 645, 692, 734, 740, 821, 824, 880, 1106, 1113, 1129, 1143, 1145, 1179, 1225, 1262, 1288, 1296, 1297, 1401, 1408, 1410, 1478, 1544, 1557, 1584, 1633, 1662, 1705, 1777, 1821, 1900, 1954, 1961, 1990, 2027, 2065, 2173, 2188, 2421]",48,1.479558874387294,0.13051956798881292,0.07685394890722819,"[336806766, 126092016, 77043506, 176901189, 567321026, 292631450, 67891518, 239275640, 98109329, 135110174]","[2188, 1954, 2188, 2188, 2188, 1478, 1954, 2188, 1954, 2188]"
935,100,"[10, 26, 112, 262, 263, 286, 353, 368, 370, 428, 446, 550, 604, 618, 673, 678, 737, 746, 747, 852, 892, 917, 931, 968, 993, 1025, 1027, 1099, 1123, 1262, 1278, 1303, 1355, 1360, 1514, 1556, 1559, 1573, 1618, 1649, 1692, 1744, 1772, 1838, 1990, 1996, 2017, 2031, 2095, 2105, 2139, 2175, 2207, 2248, 2264, 2279, 2301, 2318]",58,2.037408682052046,0.18364613922312856,0.09563738410361111,"[150381764, 477292038, 206245944, 59990123, 597383586, 551304088, 259275147, 148623189, 48290207, 316355598]","[2175, 1744, 1744, 1744, 852, 368, 2175, 1772, 1744, 1772]"
936,100,"[20, 39, 72, 89, 96, 111, 194, 199, 213, 250, 258, 293, 323, 368, 382, 446, 463, 484, 558, 564, 618, 745, 786, 834, 846, 915, 926, 968, 979, 1027, 1114, 1150, 1183, 1346, 1434, 1496, 1499, 1530, 1556, 1559, 1573, 1744, 1822, 1880, 1890, 1933, 1946, 2006, 2053, 2095, 2175, 2194, 2264, 2298, 2329]",55,1.5564763192087412,0.180984768550843,0.08881150003607301,"[328933450, 73577387, 597433447, 399944700, 268893636, 333270079, 454075910, 379260128, 98139944, 22220461]","[199, 1027, 1946, 1027, 1499, 745, 1946, 250, 258, 1946]"
937,100,"[77, 112, 286, 315, 364, 644, 662, 682, 711, 734, 935, 1064, 1091, 1123, 1129, 1178, 1202, 1203, 1284, 1326, 1360, 1362, 1401, 1429, 1515, 1545, 1601, 1667, 1812, 1902, 1926, 1985, 2039, 2174, 2189, 2271, 2325, 2437]",38,1.0600118329748511,0.10285266768187284,0.0740083739847729,"[286843491, 47493207, 287748754, 168109238, 168181564, 82957769, 286843490, 459815782, 168106043, 47503236]","[1601, 1601, 1601, 1601, 1601, 1601, 1601, 1601, 1601, 1091]"
938,100,"[1, 84, 164, 175, 268, 273, 293, 315, 422, 682, 729, 746, 758, 933, 941, 1091, 1092, 1143, 1167, 1194, 1196, 1262, 1305, 1351, 1425, 1495, 1524, 1544, 1601, 1686, 1730, 1769, 1807, 1812, 1844, 1872, 2082, 2258, 2426, 2437]",40,1.1231151698157191,0.09950884291902184,0.06202329457737506,"[473259501, 479572269, 473243301, 130268339, 479669389, 116145144, 516287628, 28441402, 410606241, 479668189]","[1091, 1091, 1091, 1091, 1091, 1091, 1091, 1091, 1091, 1091]"
939,100,"[39, 96, 125, 164, 250, 258, 263, 323, 371, 381, 382, 446, 602, 729, 746, 786, 834, 901, 915, 968, 1025, 1027, 1032, 1068, 1181, 1183, 1346, 1552, 1556, 1618, 1662, 1692, 1742, 1744, 1774, 1780, 1946, 2029, 2095, 2175, 2194, 2214, 2264, 2425]",44,1.3074586130678654,0.1346381097100675,0.08252907323714515,"[472756032, 189799891, 488350547, 562101800, 83929226, 549019845, 476098076, 354294258, 279980622, 502254252]","[1744, 250, 1744, 1744, 1744, 1774, 250, 1744, 1744, 1744]"
940,100,"[20, 36, 39, 164, 199, 201, 258, 373, 381, 382, 389, 446, 470, 484, 544, 786, 834, 979, 1027, 1150, 1192, 1226, 1499, 1530, 1552, 1618, 1692, 1742, 1744, 1780, 1880, 1912, 1916, 1933, 1946, 2038, 2095, 2175, 2214, 2226, 2302, 2321, 2333, 2378, 2425]",45,1.4133089589886367,0.17159474920481443,0.10573115335880882,"[70408031, 362394529, 379572257, 440038589, 95787380, 539475952, 313239622, 77469376, 131433669, 106191429]","[979, 979, 2333, 834, 199, 382, 979, 2226, 2333, 199]"
941,100,"[6, 32, 76, 109, 168, 186, 209, 240, 347, 381, 397, 645, 664, 734, 755, 824, 880, 1025, 1113, 1125, 1152, 1178, 1179, 1262, 1391, 1410, 1478, 1495, 1515, 1532, 1633, 1707, 1741, 1768, 1797, 1908, 1926, 1954, 1961, 1982, 1995, 2027, 2041, 2090, 2137, 2173, 2188, 2260]",48,1.3823702945373952,0.11840581567957997,0.06909048728994094,"[529096906, 529096909, 76627106, 374069618, 158781539, 274725155, 139731328, 533347647, 493289140, 575774889]","[1532, 1532, 1532, 1532, 1532, 2173, 1532, 1532, 1995, 1532]"
942,100,"[6, 10, 40, 94, 112, 122, 213, 275, 382, 424, 528, 560, 617, 731, 734, 740, 839, 846, 880, 931, 1010, 1012, 1022, 1064, 1145, 1172, 1188, 1262, 1283, 1356, 1501, 1505, 1618, 1713, 1749, 1795, 2009, 2033, 2057, 2109, 2111, 2130, 2161, 2253, 2267, 2311, 2318, 2389]",48,1.521509489044547,0.16149694193154573,0.10277839853370097,"[245077888, 244942417, 293308947, 191948137, 244849042, 243290201, 203724377, 461708516, 530189037, 293308951]","[1501, 1501, 1501, 1501, 1501, 1501, 1501, 1501, 1501, 1501]"
943,100,"[39, 100, 164, 194, 216, 241, 263, 352, 381, 397, 412, 422, 446, 468, 503, 550, 746, 777, 908, 917, 963, 1106, 1124, 1143, 1145, 1226, 1419, 1425, 1524, 1604, 1618, 1686, 1692, 1694, 1730, 1744, 1783, 1809, 1825, 1835, 1836, 1860, 1951, 1988, 1990, 1996, 2027, 2273, 2421, 2425, 2426]",51,1.6686507849954069,0.15696335909888148,0.09615681414017636,"[398339748, 538554817, 487325838, 156300773, 333550974, 413035631, 135421558, 279690833, 171077188, 398627797]","[963, 963, 1990, 963, 963, 963, 963, 963, 963, 963]"
944,100,"[10, 175, 196, 262, 382, 443, 484, 550, 560, 564, 678, 746, 786, 821, 825, 859, 993, 1068, 1092, 1129, 1167, 1202, 1262, 1265, 1293, 1308, 1450, 1505, 1543, 1558, 1608, 1618, 1677, 1679, 1685, 1692, 1725, 1726, 1744, 1839, 1902, 1996, 2102, 2273, 2421, 2425]",46,1.5795270074158907,0.13831093348562717,0.08356962100420472,"[71459355, 337096510, 71077895, 136540086, 134078616, 456063679, 133706000, 335355439, 250876778, 99033847]","[825, 1558, 1839, 2273, 1726, 550, 825, 1677, 1558, 1677]"
945,100,"[83, 93, 130, 175, 186, 227, 422, 446, 459, 468, 528, 642, 651, 846, 884, 898, 904, 1025, 1092, 1125, 1129, 1145, 1146, 1176, 1189, 1262, 1319, 1469, 1478, 1540, 1557, 1604, 1618, 1682, 1697, 1730, 1763, 1825, 1834, 1860, 2036, 2065, 2135, 2178, 2273, 2437]",46,1.3673193827271461,0.12346112867817283,0.06815836497116834,"[433484461, 393797084, 205136420, 325425320, 340057960, 468994683, 440694115, 221297849, 95922585, 309963373]","[468, 186, 93, 904, 186, 904, 468, 186, 1129, 186]"
946,100,"[47, 57, 68, 118, 174, 278, 316, 350, 446, 562, 588, 590, 711, 758, 791, 850, 902, 935, 973, 1039, 1085, 1194, 1224, 1326, 1355, 1401, 1480, 1515, 1516, 1536, 1537, 1545, 1573, 1582, 1598, 1602, 1618, 1645, 1701, 1808, 2052, 2140, 2206, 2208, 2246, 2256, 2397]",47,1.4166203942149878,0.11704015638679266,0.06663165863682614,"[269880344, 243655702, 584781601, 553920816, 190796339, 168584005, 72253318, 116973015, 501225404, 553920805]","[1545, 562, 562, 1480, 1545, 562, 1545, 562, 562, 1480]"
947,100,"[10, 36, 201, 373, 389, 443, 484, 533, 786, 834, 876, 979, 1025, 1053, 1130, 1145, 1192, 1530, 1552, 1692, 1698, 1786, 1880, 1886, 1912, 1916, 2038, 2140, 2175, 2216, 2279, 2333, 2378]",33,1.1260232799686491,0.10180347645655274,0.08568069308459984,"[512099404, 338328924, 338333735, 213546905, 130908743, 147847053, 592172746, 338331657, 95084631, 178718297]","[834, 484, 1916, 1912, 1916, 484, 1912, 1916, 1912, 484]"
948,100,"[10, 21, 86, 112, 131, 161, 175, 202, 262, 278, 295, 382, 407, 443, 461, 554, 560, 564, 628, 673, 678, 682, 692, 750, 786, 850, 862, 876, 892, 917, 1106, 1139, 1187, 1219, 1297, 1316, 1327, 1349, 1353, 1379, 1380, 1492, 1505, 1537, 1608, 1618, 1691, 1713, 1745, 1777, 1799, 1997, 2000, 2083, 2105, 2155, 2191, 2318, 2377, 2421]",60,2.1347147282212973,0.18824209133163095,0.0961963882126535,"[67655378, 67875739, 120449971, 24029575, 431108434, 160386111, 88192951, 431035155, 418229583, 125541950]","[175, 461, 1713, 175, 175, 1713, 1219, 131, 2191, 131]"
949,100,"[112, 174, 185, 227, 237, 239, 241, 263, 267, 283, 359, 382, 422, 446, 454, 553, 602, 649, 669, 672, 700, 744, 751, 848, 941, 1018, 1032, 1068, 1081, 1099, 1224, 1257, 1332, 1353, 1415, 1434, 1505, 1509, 1511, 1565, 1607, 1696, 1821, 1872, 1911, 1916, 2156, 2212, 2282, 2327, 2400]",51,1.837769815698266,0.15900890016928315,0.08884068104602835,"[503991686, 112660080, 24683387, 282254746, 187798740, 123366473, 5738299, 98442583, 497536542, 535380190]","[553, 553, 553, 553, 283, 1032, 553, 553, 553, 553]"
950,100,"[10, 26, 47, 57, 118, 174, 185, 241, 255, 263, 325, 382, 413, 428, 459, 468, 528, 537, 619, 630, 645, 647, 669, 744, 821, 846, 852, 871, 898, 902, 935, 1068, 1113, 1116, 1129, 1176, 1179, 1224, 1262, 1273, 1296, 1355, 1478, 1509, 1511, 1601, 1631, 1650, 1662, 1705, 1730, 1806, 1990, 2039, 2065, 2271, 2273, 2325]",58,1.8788450979627669,0.15277217514812946,0.07087684607390186,"[161604743, 265072057, 227933218, 381424405, 520761413, 144763287, 14892924, 217416932, 52119284, 327193435]","[744, 468, 468, 1806, 1806, 1129, 1806, 468, 1806, 468]"
951,100,"[164, 175, 201, 286, 345, 352, 382, 484, 544, 550, 746, 777, 834, 892, 908, 917, 1053, 1092, 1106, 1130, 1165, 1202, 1226, 1262, 1284, 1346, 1419, 1498, 1602, 1618, 1677, 1692, 1744, 1812, 1996, 2071, 2095, 2125, 2175, 2279, 2378, 2421, 2426]",43,1.6104132528416812,0.13656762521713972,0.10283056365022826,"[189765582, 350826030, 349735722, 363071730, 444991721, 451983882, 113357008, 227671074, 348304276, 137693986]","[544, 2426, 908, 544, 544, 908, 1165, 908, 544, 2426]"
952,100,"[1, 10, 20, 39, 63, 111, 194, 250, 258, 268, 323, 381, 382, 412, 428, 459, 468, 556, 618, 737, 746, 786, 821, 852, 892, 901, 917, 1025, 1053, 1106, 1124, 1150, 1226, 1262, 1346, 1419, 1425, 1429, 1524, 1552, 1602, 1618, 1665, 1686, 1692, 1730, 1744, 1749, 1809, 1812, 1860, 1996, 2006, 2095, 2175, 2214, 2279, 2377, 2421, 2426]",60,1.9349850486032665,0.1841282108798623,0.08527604888270919,"[94368663, 263710590, 539201806, 378593732, 504078528, 318320678, 267925151, 282922214, 120201216, 504049850]","[2426, 2426, 2426, 2426, 2426, 2426, 2426, 2426, 2426, 2426]"
953,100,"[126, 174, 192, 263, 267, 280, 283, 338, 382, 396, 422, 502, 566, 602, 694, 751, 767, 827, 1032, 1063, 1065, 1068, 1081, 1185, 1194, 1257, 1281, 1288, 1303, 1332, 1355, 1360, 1434, 1506, 1514, 1618, 1660, 1701, 1717, 1729, 1730, 1833, 1838, 2029, 2078, 2156, 2258, 2260, 2279]",49,1.7927227104082704,0.14422812964767218,0.0836711620427288,"[359469209, 239766524, 568046487, 455635073, 193062754, 279675060, 294917327, 220721224, 319970853, 326303290]","[192, 192, 192, 1660, 1660, 1506, 192, 751, 192, 192]"
954,100,"[1, 6, 39, 112, 196, 241, 255, 340, 352, 378, 382, 459, 468, 470, 528, 550, 564, 573, 588, 746, 821, 908, 917, 1092, 1106, 1143, 1145, 1167, 1194, 1202, 1226, 1251, 1262, 1346, 1355, 1419, 1450, 1481, 1495, 1524, 1602, 1608, 1618, 1686, 1692, 1700, 1730, 1809, 1825, 1902, 2071, 2095, 2102, 2125, 2301, 2421, 2426]",57,1.8291973653249443,0.17024808935821056,0.08554187784657667,"[445720949, 194444526, 174133472, 529148731, 356467377, 442474726, 32322966, 12285893, 270011399, 86068753]","[2426, 2426, 2426, 2426, 2426, 2426, 2426, 2426, 2426, 2426]"
955,100,"[92, 97, 164, 185, 212, 216, 237, 325, 331, 353, 362, 364, 607, 635, 644, 645, 647, 656, 669, 692, 743, 770, 850, 912, 957, 999, 1063, 1129, 1189, 1190, 1245, 1284, 1319, 1376, 1401, 1414, 1537, 1601, 1748, 1794, 1821, 2097, 2107, 2208, 2271, 2287, 2293, 2425, 2430]",49,1.5299526550807059,0.13638730719685555,0.07662146480050774,"[39607357, 55545073, 281002336, 290867963, 116534980, 320666469, 373131982, 309788417, 385280962, 495604288]","[2107, 364, 2208, 364, 2107, 2430, 647, 2107, 2287, 92]"
956,100,"[5, 10, 175, 201, 352, 382, 428, 484, 544, 550, 564, 618, 777, 786, 834, 892, 908, 917, 979, 1053, 1092, 1130, 1226, 1524, 1530, 1552, 1608, 1618, 1696, 1886, 1916, 1933, 1996, 2071, 2095, 2175, 2279, 2301, 2387, 2421]",40,1.6114383446983993,0.1380957909859717,0.11238215740886517,"[374405505, 186301925, 596391223, 121001022, 11347056, 445658878, 37553821, 105677647, 321268120, 447126079]","[544, 544, 544, 2175, 544, 908, 544, 564, 544, 908]"
957,100,"[61, 63, 70, 84, 192, 257, 382, 396, 566, 595, 602, 625, 682, 758, 811, 846, 941, 1085, 1194, 1249, 1291, 1327, 1329, 1353, 1459, 1551, 1641, 1645, 1848, 1872, 2029, 2082, 2140, 2258]",34,1.2722927061840892,0.10391365876421332,0.07751033645506729,"[251419197, 545019486, 113610233, 89873215, 257963252, 3646852, 93968948, 186860152, 281931039, 431877806]","[2258, 2258, 625, 192, 2258, 2258, 1329, 2258, 1329, 2258]"
958,100,"[10, 26, 77, 129, 164, 201, 210, 286, 368, 382, 428, 459, 484, 544, 550, 604, 673, 678, 737, 761, 786, 821, 852, 898, 1053, 1068, 1106, 1129, 1262, 1284, 1326, 1552, 1610, 1662, 1696, 1812, 1872, 1916, 1985, 2017, 2038, 2279, 2377, 2421]",44,1.6726527903228998,0.1321593141183257,0.09143127823798833,"[57374779, 40730268, 93433777, 95336155, 263840227, 26705617, 134239951, 434844098, 298968146, 57333917]","[1812, 550, 210, 77, 1812, 1284, 1284, 77, 77, 550]"
959,100,"[164, 201, 283, 286, 428, 446, 484, 602, 672, 678, 693, 754, 786, 834, 852, 876, 894, 898, 915, 941, 979, 1025, 1053, 1068, 1145, 1192, 1194, 1346, 1434, 1511, 1552, 1565, 1587, 1692, 1744, 1780, 1916, 1933, 2095, 2105, 2125, 2140, 2156, 2175, 2194, 2216, 2279, 2378]",48,1.7318653613328934,0.1465206271968782,0.0881076392737062,"[428358573, 130112358, 290366487, 401806842, 91216606, 289826231, 291759745, 413890636, 203531615, 265998811]","[1565, 1565, 898, 484, 1565, 2279, 2194, 1565, 164, 1192]"
960,100,"[5, 10, 26, 175, 279, 286, 382, 407, 417, 442, 443, 550, 564, 618, 627, 682, 693, 786, 821, 834, 859, 892, 901, 917, 968, 970, 993, 1025, 1123, 1178, 1278, 1330, 1543, 1558, 1618, 1677, 1726, 2105, 2139, 2175, 2279, 2377, 2387, 2421, 2447]",45,1.43725312827155,0.12666585436090827,0.07225045138556097,"[331064875, 563009165, 356685194, 343765839, 110728491, 111356263, 181612375, 202434205, 387819056, 378226066]","[1278, 1543, 859, 1543, 1543, 1278, 1278, 1278, 859, 1278]"
961,100,"[10, 84, 164, 268, 283, 286, 298, 338, 382, 395, 566, 602, 618, 704, 786, 831, 898, 941, 961, 1003, 1032, 1068, 1179, 1281, 1434, 1447, 1506, 1511, 1587, 1618, 1729, 1730, 1786, 1926, 2029, 2072, 2156, 2171, 2279, 2318, 2325, 2337, 2387, 2391, 2440]",45,1.5175263588316739,0.14276025723665953,0.089960566142367,"[212109658, 212983171, 203732087, 936065, 522830960, 591706133, 334693208, 212750921, 375581681, 506869298]","[1434, 602, 283, 602, 283, 1434, 2440, 2072, 2440, 2440]"
962,100,"[70, 109, 112, 175, 209, 267, 271, 275, 382, 396, 402, 543, 564, 588, 601, 636, 729, 734, 740, 791, 821, 824, 825, 846, 880, 1010, 1031, 1092, 1106, 1143, 1167, 1187, 1219, 1257, 1262, 1292, 1297, 1327, 1349, 1391, 1392, 1397, 1408, 1415, 1492, 1544, 1551, 1598, 1647, 1665, 1686, 1723, 1730, 1769, 1777, 1961, 2052, 2082, 2083, 2102, 2130, 2301, 2389, 2400, 2421]",65,2.0976644018664956,0.1989149353466928,0.09062825153366877,"[515715581, 312091948, 594842539, 137705085, 235631809, 532829546, 594238443, 324401593, 82466251, 432160123]","[2052, 2052, 2052, 2052, 2052, 2052, 1723, 2052, 2052, 2052]"
963,100,"[56, 59, 84, 164, 175, 237, 255, 262, 270, 283, 322, 353, 407, 484, 487, 562, 625, 678, 682, 702, 761, 892, 908, 911, 917, 966, 973, 1039, 1059, 1063, 1178, 1194, 1219, 1262, 1444, 1536, 1541, 1544, 1545, 1551, 1584, 1600, 1644, 1691, 1723, 1744, 1821, 1886, 1890, 1922, 1978, 2015, 2097, 2239, 2330, 2447]",56,1.7133834594860673,0.15122240781784058,0.07224147796763905,"[501400145, 38470014, 319108812, 130729381, 237618378, 351480139, 181927352, 430719592, 507585579, 290023808]","[1723, 1723, 1723, 1723, 1723, 1723, 1723, 1723, 1723, 1723]"
964,100,"[27, 32, 76, 80, 89, 105, 148, 187, 244, 295, 384, 392, 421, 525, 560, 655, 686, 734, 741, 786, 844, 899, 1028, 1139, 1149, 1155, 1169, 1262, 1499, 1504, 1539, 1647, 1693, 1707, 1711, 1797, 1801, 1861, 1982, 2000, 2027, 2090, 2119, 2151, 2288, 2419, 2421]",47,1.469370512291789,0.1370963305234909,0.08540074362300654,"[123910996, 53693394, 547958369, 297085320, 110989140, 143271566, 385012868, 497975539, 496669159, 146008677]","[421, 421, 421, 421, 27, 80, 421, 187, 2151, 76]"
965,100,"[10, 26, 72, 89, 164, 242, 262, 351, 533, 618, 672, 673, 678, 743, 747, 786, 834, 859, 892, 901, 917, 968, 993, 1017, 1025, 1103, 1123, 1278, 1403, 1493, 1496, 1543, 1618, 1677, 1684, 1691, 1692, 1696, 1699, 1701, 1744, 1922, 1955, 1978, 2083, 2105, 2139, 2175, 2194, 2207, 2279, 2377]",52,1.8406769926659763,0.15433822525665164,0.08726078241418761,"[14097898, 211717526, 144798662, 22831332, 484829961, 101944452, 185978588, 152386756, 552612391, 481389328]","[678, 2175, 1496, 1543, 1543, 993, 2139, 747, 1543, 1543]"
966,100,"[10, 20, 39, 111, 194, 286, 373, 382, 412, 446, 484, 544, 564, 602, 672, 746, 777, 786, 834, 908, 1027, 1032, 1053, 1068, 1130, 1145, 1181, 1194, 1226, 1265, 1346, 1425, 1530, 1552, 1618, 1692, 1696, 1726, 1786, 1880, 1916, 2095, 2140, 2175, 2279, 2378, 2426]",47,1.776089132297784,0.1513873697258532,0.10351554439105887,"[492105176, 338642629, 285614658, 558582012, 599050177, 276824263, 852498, 407549494, 219001674, 142678476]","[2095, 1181, 1181, 1181, 834, 382, 1181, 2175, 1181, 1226]"
967,100,"[39, 59, 241, 267, 315, 364, 382, 396, 446, 543, 602, 604, 618, 645, 673, 682, 746, 761, 786, 888, 901, 924, 1068, 1085, 1103, 1169, 1177, 1178, 1278, 1284, 1326, 1354, 1410, 1499, 1505, 1509, 1573, 1600, 1607, 1610, 1618, 1677, 1686, 1691, 1696, 1705, 1763, 1852, 1856, 1872, 2015, 2038, 2226, 2273, 2377, 2409]",56,2.0960336392745376,0.16539709828794003,0.08508221388910897,"[279940198, 410182562, 4629205, 118926535, 582873513, 582852091, 156380532, 516464156, 137222426, 283679341]","[1856, 673, 673, 1856, 1177, 673, 673, 1177, 1600, 1177]"
968,100,"[10, 63, 84, 164, 192, 201, 268, 273, 443, 595, 602, 618, 625, 751, 758, 761, 772, 811, 813, 892, 941, 1066, 1185, 1194, 1288, 1327, 1329, 1360, 1425, 1514, 1544, 1645, 1660, 1686, 1730, 1786, 1807, 1848, 1872, 2029, 2082, 2180, 2279]",43,1.6850658962503076,0.13196808332577348,0.08496304179628401,"[435849709, 570230416, 458021675, 109822036, 69213676, 252072326, 223088102, 69213675, 475413246, 49546110]","[2180, 2180, 2180, 2180, 2180, 2180, 63, 2180, 2180, 2180]"
969,100,"[68, 170, 267, 270, 322, 625, 729, 786, 791, 887, 892, 908, 968, 1000, 1018, 1025, 1059, 1222, 1303, 1470, 1493, 1515, 1536, 1582, 1618, 1699, 1723, 1859, 1890, 1927, 2256, 2282, 2352]",33,1.0369036002084613,0.09102297946810722,0.0787711327641525,"[28531479, 594225560, 56447950, 473679417, 112747880, 541373424, 369937080, 473812347, 471215727, 34609390]","[1723, 1723, 1723, 1723, 1723, 1723, 1723, 1723, 1723, 270]"
970,100,"[39, 96, 164, 194, 258, 352, 381, 382, 412, 446, 484, 512, 556, 602, 786, 834, 968, 1025, 1027, 1032, 1099, 1181, 1226, 1286, 1552, 1618, 1692, 1694, 1696, 1744, 1780, 1809, 1835, 1836, 1860, 1933, 2027, 2095, 2175, 2214, 2226, 2321, 2425, 2426]",44,1.5746111809276044,0.15086020110175014,0.10329090245068073,"[508423775, 538069382, 363920153, 478208732, 34039779, 346492382, 276780781, 389075443, 267483812, 85111085]","[381, 381, 1027, 1692, 1692, 2175, 2175, 164, 556, 381]"
971,100,"[25, 26, 68, 112, 209, 210, 295, 446, 505, 523, 524, 528, 533, 537, 544, 550, 604, 636, 658, 673, 678, 711, 729, 734, 743, 786, 791, 821, 846, 907, 968, 1025, 1026, 1053, 1068, 1106, 1218, 1235, 1262, 1284, 1326, 1349, 1355, 1360, 1470, 1505, 1544, 1559, 1565, 1573, 1600, 1602, 1610, 1618, 1699, 1705, 1872, 1985, 2006, 2177, 2256, 2270, 2311, 2409]",64,2.628953873179853,0.19967141188681126,0.09974227101338329,"[37033597, 37033600, 412472338, 462633518, 565401113, 464687590, 264818625, 303212004, 259577788, 538292472]","[1470, 1470, 636, 1470, 1470, 1470, 1470, 1470, 2256, 523]"
972,100,"[19, 118, 185, 186, 192, 255, 263, 275, 283, 315, 329, 364, 682, 734, 751, 871, 886, 935, 1063, 1077, 1091, 1202, 1258, 1284, 1326, 1354, 1401, 1429, 1506, 1601, 1607, 1667, 1682, 1794, 1812, 1966, 1970, 2039, 2065, 2088, 2097, 2189, 2208, 2221, 2271, 2325, 2358, 2437]",48,1.2501754304394126,0.11227612243965268,0.056589727721681506,"[499454910, 37237880, 371497908, 117132734, 297680976, 458302834, 306763346, 302116745, 390652011, 303119398]","[2271, 2271, 2271, 1601, 1601, 1601, 2097, 2271, 1601, 118]"
973,100,"[112, 194, 201, 241, 263, 352, 381, 382, 446, 602, 672, 686, 746, 751, 772, 824, 941, 1068, 1093, 1099, 1169, 1186, 1194, 1288, 1296, 1324, 1353, 1391, 1408, 1415, 1506, 1552, 1686, 1693, 1696, 1729, 1730, 1763, 1786, 1926, 2006, 2027, 2029, 2039, 2090, 2154]",46,1.7659918433055282,0.1441809693351388,0.09450402562304036,"[582013405, 524143196, 308786900, 225501640, 364907291, 397488901, 310177944, 150966856, 99827554, 596455691]","[1730, 1730, 1186, 1730, 1186, 1186, 1186, 1186, 1408, 1391]"
974,100,"[70, 109, 112, 175, 255, 268, 288, 293, 301, 325, 382, 537, 588, 682, 692, 702, 712, 821, 846, 864, 892, 917, 941, 968, 1011, 1031, 1091, 1106, 1143, 1178, 1202, 1219, 1262, 1296, 1419, 1444, 1459, 1467, 1520, 1544, 1557, 1584, 1586, 1600, 1644, 1645, 1730, 1769, 1812, 1821, 1841, 1996, 2015, 2028, 2029, 2082, 2088, 2172, 2271, 2301, 2421, 2447]",62,1.5168906734324992,0.1619699727743864,0.06394546678770453,"[482287425, 284236143, 517251562, 305478118, 437950446, 60283839, 7877917, 437950449, 412058938, 236628007]","[293, 293, 293, 293, 293, 2447, 293, 293, 293, 293]"
975,100,"[164, 201, 241, 373, 381, 382, 389, 446, 484, 544, 550, 560, 564, 673, 746, 786, 834, 892, 917, 968, 979, 1027, 1130, 1148, 1159, 1226, 1425, 1530, 1552, 1600, 1618, 1677, 1691, 1692, 1696, 1732, 1744, 1809, 1812, 1886, 1916, 1922, 1933, 1996, 2095, 2140, 2175, 2214, 2226, 2273, 2378, 2421, 2425]",53,1.810620702803135,0.17072847299277782,0.09473812627114074,"[7898875, 420218363, 285288142, 387963879, 443939937, 566485902, 549801869, 563875358, 563947028, 564036570]","[1886, 1886, 1886, 1886, 1886, 1886, 1886, 1886, 1886, 1886]"
976,100,"[10, 57, 112, 175, 211, 288, 293, 331, 344, 382, 428, 443, 470, 537, 550, 618, 670, 711, 729, 734, 821, 876, 897, 941, 1026, 1053, 1106, 1178, 1202, 1276, 1284, 1429, 1434, 1543, 1558, 1573, 1601, 1618, 1650, 1667, 1677, 1686, 1812, 1946, 1985, 2039, 2174, 2175, 2189, 2212, 2271, 2325, 2354, 2358, 2377, 2419]",56,1.7548472206108272,0.16002901224419475,0.08121345713984088,"[345962197, 34883467, 54474267, 30044152, 312078729, 242659657, 341932781, 585738927, 270088517, 182652521]","[2174, 1812, 1812, 2174, 1812, 1812, 2174, 2174, 2174, 1812]"
977,100,"[47, 107, 175, 186, 247, 315, 364, 544, 550, 601, 627, 673, 682, 785, 863, 924, 935, 1025, 1092, 1129, 1178, 1202, 1262, 1276, 1283, 1284, 1354, 1429, 1478, 1515, 1529, 1552, 1554, 1557, 1601, 1602, 1607, 1610, 1705, 1730, 1769, 1856, 1908, 1932, 2071, 2107, 2177, 2271, 2409]",49,1.5309800542891026,0.12350302515551448,0.06520534624649706,"[211384216, 412854441, 180466967, 137385076, 352288374, 420328388, 363725644, 492654040, 219091417, 236094805]","[1284, 1202, 247, 247, 1202, 1284, 1178, 1284, 1284, 247]"
978,100,"[10, 14, 25, 68, 77, 164, 175, 249, 315, 428, 459, 468, 544, 550, 673, 693, 729, 761, 791, 821, 876, 898, 902, 935, 1068, 1129, 1202, 1251, 1262, 1284, 1326, 1498, 1600, 1601, 1602, 1610, 1618, 1645, 1667, 1812, 1841, 1856, 1985, 2029, 2071, 2125, 2174, 2279, 2325, 2391]",50,1.7293236241675913,0.12894928501918912,0.07416349834296852,"[526347810, 540466682, 409876773, 366679987, 546200518, 20836133, 482362100, 512101429, 504452152, 406824072]","[315, 315, 315, 791, 791, 315, 1610, 1856, 1856, 315]"
979,100,"[47, 68, 112, 118, 174, 241, 255, 263, 283, 315, 364, 382, 396, 431, 446, 537, 645, 754, 758, 761, 839, 924, 935, 1003, 1064, 1068, 1085, 1276, 1284, 1326, 1354, 1505, 1509, 1511, 1515, 1544, 1601, 1602, 1607, 1610, 1618, 1667, 1705, 1848, 1902, 1916, 1966, 2097, 2177, 2212, 2221, 2271, 2325]",53,1.928048466797918,0.15846147434785962,0.08670661399000378,"[457074564, 184196269, 184039972, 7224727, 156580227, 543238062, 476005866, 371941196, 263617897, 233115677]","[315, 1354, 1354, 1284, 1601, 1284, 1284, 1284, 1284, 1284]"
980,100,"[26, 32, 42, 70, 76, 105, 109, 112, 148, 209, 240, 288, 295, 385, 392, 455, 525, 734, 740, 793, 824, 880, 1113, 1139, 1152, 1155, 1202, 1218, 1225, 1262, 1288, 1326, 1401, 1478, 1504, 1532, 1544, 1633, 1705, 1777, 1799, 1954, 1961, 2000, 2027, 2119, 2173, 2188]",48,1.7397326258942485,0.13845957396551967,0.08927054788121798,"[544720576, 156276809, 240341460, 130089583, 58218929, 450688090, 276938800, 187054014, 351660054, 450721179]","[209, 209, 209, 209, 209, 209, 824, 1504, 209, 209]"
981,100,"[288, 360, 533, 662, 751, 875, 1003, 1185, 1252, 1293, 1360, 1429, 1470, 1506, 1514, 1660, 1750, 1794, 2104, 2245, 2419]",21,0.54640918597579,0.05323299765586853,0.06941845931024068,"[123549773, 326181512, 244546212, 309829661, 128994778, 494312354, 138050523, 392818306, 397491179, 434411421]","[1185, 288, 751, 1185, 1185, 1185, 751, 1185, 1185, 288]"
982,100,"[1, 84, 169, 196, 301, 315, 468, 528, 564, 746, 892, 1091, 1092, 1143, 1167, 1194, 1196, 1262, 1293, 1308, 1419, 1429, 1450, 1489, 1495, 1524, 1544, 1558, 1608, 1669, 1679, 1717, 1786, 1839, 1902, 1996, 2082, 2102, 2273, 2437]",40,1.1976102786138654,0.12128864601254463,0.07735530287609435,"[334039431, 227684386, 87620289, 233425025, 218495558, 29708823, 122132014, 441715265, 124565145, 124458580]","[1091, 1092, 1092, 1092, 1092, 1092, 1, 2082, 1489, 1]"
983,100,"[10, 39, 381, 397, 446, 457, 560, 602, 672, 678, 746, 777, 786, 852, 884, 968, 1032, 1068, 1099, 1169, 1178, 1179, 1181, 1278, 1296, 1353, 1408, 1415, 1499, 1532, 1618, 1641, 1686, 1692, 1696, 1707, 1742, 1744, 1747, 1780, 1809, 1836, 1860, 1926, 1954, 1990, 2006, 2027, 2188, 2253, 2279, 2302, 2321]",53,1.7718963157385588,0.1826666104607284,0.10906352642660011,"[84372031, 398511711, 166216786, 454023979, 172526538, 173912362, 300959495, 454023980, 115256772, 302129156]","[39, 381, 381, 1692, 381, 1692, 1696, 1696, 381, 1692]"
984,100,"[47, 212, 325, 454, 455, 554, 619, 669, 744, 825, 912, 1019, 1063, 1114, 1129, 1227, 1319, 1369, 1401, 1478, 1631, 1715, 1748, 1758, 1766, 1954, 2065, 2079, 2287, 2430]",30,0.7272278117015958,0.07089476892724633,0.06374930654031535,"[69076315, 559760025, 485115648, 420321303, 551608996, 126218840, 229220191, 247674826, 422620602, 405735177]","[669, 669, 669, 669, 669, 1748, 669, 1748, 1319, 669]"
985,100,"[20, 194, 201, 258, 286, 315, 345, 382, 412, 470, 544, 550, 556, 602, 673, 746, 761, 834, 876, 908, 941, 1053, 1165, 1202, 1226, 1262, 1346, 1498, 1667, 1686, 1812, 1886, 2095, 2175, 2426]",35,1.2381395413540304,0.09709334326907992,0.07860507345093148,"[543772921, 566532045, 335062502, 265357673, 326270743, 103703133, 275690019, 588814931, 305991113, 567324298]","[2095, 908, 1346, 2095, 2095, 258, 2095, 2095, 544, 2426]"
986,100,"[93, 161, 175, 407, 524, 554, 591, 647, 658, 675, 678, 682, 791, 828, 1026, 1129, 1177, 1190, 1198, 1202, 1219, 1281, 1297, 1330, 1338, 1380, 1469, 1529, 1543, 1584, 1600, 1631, 1713, 1769, 1812, 1841, 1856, 1895, 1997, 2176, 2191, 2208]",42,1.1802179450169206,0.1042553591541946,0.06298300726450093,"[579816906, 163323178, 121844363, 521610075, 320264725, 422038318, 212327325, 476695832, 274103964, 116987781]","[1895, 1895, 1895, 1895, 1895, 1190, 1895, 1895, 1895, 1895]"
987,100,"[57, 222, 278, 303, 349, 353, 519, 639, 644, 691, 692, 726, 727, 743, 850, 957, 1080, 1129, 1245, 1376, 1468, 1505, 1568, 1573, 1650, 1691, 1728, 1738, 1925, 1978, 2059, 2206, 2232]",33,1.1040427051484585,0.08858114527538419,0.07154809416864406,"[217080306, 219681590, 332664426, 174881190, 247167050, 64533696, 504930645, 281060470, 144156760, 451946711]","[727, 727, 727, 727, 727, 727, 727, 727, 727, 727]"
988,100,"[20, 39, 70, 89, 96, 164, 250, 258, 295, 352, 381, 382, 470, 537, 550, 560, 618, 734, 737, 746, 786, 876, 892, 915, 1025, 1027, 1068, 1096, 1179, 1249, 1346, 1434, 1499, 1505, 1573, 1608, 1618, 1686, 1692, 1694, 1696, 1700, 1742, 1744, 1749, 1809, 1839, 1841, 1860, 1872, 1996, 2027, 2175, 2214, 2226, 2343, 2377, 2425, 2426]",59,1.9482615543529391,0.1821975796483457,0.08928079594131876,"[308983601, 444744570, 309739603, 585865450, 418523317, 548688362, 541970719, 122713371, 208365606, 172093896]","[258, 258, 2175, 1027, 258, 258, 1744, 2175, 1744, 258]"
989,100,"[10, 30, 111, 112, 213, 295, 352, 382, 385, 484, 525, 560, 566, 586, 657, 672, 686, 734, 781, 786, 810, 876, 880, 897, 915, 931, 941, 1025, 1068, 1093, 1099, 1139, 1178, 1186, 1276, 1303, 1326, 1353, 1408, 1505, 1559, 1608, 1618, 1641, 1645, 1686, 1692, 1696, 1763, 1801, 2041, 2130, 2174, 2212, 2216, 2321, 2421]",57,2.0969154671765864,0.18256765976548195,0.09795289521367011,"[114094918, 489720127, 279978376, 297479061, 460842745, 533415754, 474367538, 371835460, 548861433, 559227047]","[672, 2212, 2212, 657, 1186, 1505, 2212, 1025, 2212, 672]"
990,100,"[6, 40, 96, 109, 112, 227, 241, 258, 381, 397, 422, 440, 442, 446, 457, 470, 537, 547, 560, 564, 645, 673, 692, 746, 836, 880, 1022, 1125, 1176, 1183, 1209, 1218, 1410, 1505, 1528, 1608, 1618, 1685, 1692, 1694, 1697, 1744, 1772, 1809, 1836, 1860, 1922, 2214, 2226, 2273, 2311, 2362, 2421, 2425]",54,1.6857374520041049,0.16674538515508175,0.08450139505374762,"[245878646, 497645270, 557418205, 278654905, 259293836, 115876115, 491577899, 197316713, 457761762, 259175734]","[1218, 547, 547, 547, 547, 547, 1209, 1209, 547, 547]"
991,100,"[10, 26, 81, 164, 175, 210, 240, 255, 262, 286, 351, 368, 382, 428, 459, 544, 550, 618, 645, 737, 746, 786, 821, 843, 892, 942, 968, 1053, 1129, 1262, 1425, 1481, 1514, 1559, 1618, 1677, 1700, 1744, 1812, 1872, 1985, 1990, 1996, 2017, 2082, 2175, 2207, 2248, 2279, 2301, 2377, 2421]",52,1.7986100930720568,0.14816360408440232,0.08222802050519161,"[394299788, 321758034, 567371160, 64026675, 510352050, 40804563, 116676548, 162181477, 562809063, 44560319]","[550, 550, 2082, 1262, 2017, 1262, 550, 81, 1262, 550]"
992,100,"[47, 159, 174, 175, 255, 263, 346, 382, 413, 431, 619, 645, 663, 669, 734, 744, 751, 761, 871, 1032, 1063, 1068, 1081, 1084, 1113, 1125, 1179, 1203, 1224, 1257, 1355, 1478, 1506, 1509, 1644, 1705, 1821, 1923, 1954, 1961, 2029, 2065, 2088, 2097, 2154, 2221]",46,1.4394626040011644,0.11573885846883059,0.06818937213646005,"[552381598, 450784425, 169065536, 31682500, 360095660, 426536329, 110713648, 450925914, 488319546, 117318209]","[2065, 1821, 1821, 1821, 1705, 1705, 761, 1821, 174, 263]"
993,100,"[6, 20, 70, 105, 112, 122, 131, 164, 241, 262, 352, 533, 537, 560, 571, 601, 657, 674, 678, 746, 811, 846, 876, 880, 884, 977, 1031, 1106, 1194, 1218, 1219, 1249, 1303, 1346, 1419, 1469, 1505, 1544, 1559, 1573, 1608, 1618, 1645, 1692, 1700, 1749, 1783, 1809, 1860, 1872, 1978, 2024, 2124, 2253, 2301, 2311, 2421]",57,2.0973429935984313,0.19331234693527222,0.09960500715431153,"[318628879, 540347321, 269130365, 106184505, 288326790, 590879186, 587231999, 460084004, 165798282, 256708128]","[1106, 1106, 1860, 880, 122, 1783, 20, 2024, 1700, 560]"
994,100,"[174, 283, 286, 428, 431, 446, 602, 672, 686, 696, 754, 758, 772, 825, 846, 852, 876, 894, 898, 941, 1003, 1053, 1068, 1145, 1157, 1181, 1186, 1194, 1265, 1353, 1355, 1415, 1506, 1511, 1552, 1565, 1587, 1696, 1726, 1786, 1807, 1822, 1916, 2039, 2378]",45,1.6593313561752439,0.1397067727521062,0.09252389673040146,"[156233468, 192480972, 30657354, 249390734, 531138396, 425498986, 567855707, 356096201, 58145951, 112525703]","[2039, 2039, 2039, 2039, 2039, 2039, 2039, 2039, 1415, 2039]"
995,100,"[20, 63, 72, 100, 112, 164, 258, 352, 382, 550, 560, 595, 657, 670, 673, 678, 682, 746, 786, 880, 892, 917, 963, 968, 1106, 1202, 1219, 1249, 1262, 1291, 1419, 1573, 1686, 1692, 1694, 1700, 1730, 1744, 1749, 1783, 1809, 1860, 1890, 1996, 2124, 2175, 2264, 2301, 2311, 2421, 2425, 2426]",52,1.7709245323203504,0.18265191605314612,0.09957908363475536,"[361663908, 201743269, 33952602, 517626343, 220349455, 322822117, 79848595, 557660869, 188449543, 445926599]","[1996, 963, 963, 1419, 1419, 963, 963, 963, 1419, 1419]"
996,100,"[10, 164, 175, 199, 210, 352, 382, 468, 528, 544, 550, 564, 737, 746, 786, 821, 834, 892, 908, 917, 968, 1053, 1092, 1106, 1167, 1226, 1262, 1346, 1419, 1524, 1618, 1692, 1696, 1744, 1809, 1812, 1835, 1996, 2071, 2095, 2125, 2175, 2279, 2301, 2421, 2426]",46,1.6541841933503747,0.14978655613958836,0.09140625831407859,"[124094738, 167939485, 25253716, 8432815, 430780135, 480688547, 182841204, 235218905, 18996927, 568355912]","[2175, 564, 908, 382, 210, 892, 1262, 1262, 1835, 1092]"
997,100,"[174, 216, 263, 288, 325, 364, 406, 619, 662, 751, 875, 945, 1179, 1252, 1354, 1360, 1429, 1506, 1509, 1511, 1514, 1541, 1601, 1607, 1631, 1644, 1660, 1662, 1682, 1705, 1794, 1916, 1961, 2065, 2078, 2097, 2103, 2208, 2212, 2419]",40,1.002422086428851,0.10083131352439523,0.06604918070370332,"[180808244, 78674535, 131939515, 394338240, 512737160, 369165104, 565563764, 81185762, 403367554, 465459894]","[751, 1794, 751, 1794, 1794, 1794, 1794, 751, 751, 751]"
998,100,"[21, 72, 86, 93, 112, 131, 164, 170, 175, 179, 192, 197, 230, 262, 364, 393, 396, 477, 554, 560, 586, 605, 674, 678, 712, 884, 904, 950, 977, 987, 1031, 1090, 1100, 1103, 1106, 1145, 1244, 1249, 1262, 1291, 1297, 1331, 1356, 1360, 1415, 1456, 1505, 1520, 1540, 1557, 1584, 1636, 1645, 1660, 1745, 1783, 1848, 1961, 2031, 2083, 2124]",61,2.2247408470138907,0.18975712824612856,0.09255427355710112,"[363541081, 412532343, 335111218, 106468707, 23292987, 427185132, 18035751, 528441276, 487876260, 358741494]","[678, 197, 678, 977, 197, 197, 197, 197, 197, 1745]"
999,100,"[1, 70, 78, 84, 164, 194, 196, 268, 293, 315, 340, 422, 446, 503, 564, 595, 813, 892, 933, 968, 1042, 1091, 1092, 1173, 1194, 1196, 1226, 1262, 1425, 1450, 1489, 1495, 1524, 1544, 1618, 1686, 1730, 1769, 1783, 1844, 2082, 2098, 2102, 2273, 2426, 2437]",46,1.3067902927286923,0.13074782537296414,0.07386205829781196,"[29477732, 569962709, 417140494, 378615203, 207502577, 265960396, 401779582, 262313882, 465244381, 382157004]","[1091, 1091, 1091, 1091, 1091, 1091, 1091, 1091, 1091, 1091]"
