query,num_centroids,searched_shard_ids,num_searched_shards,gpu_transfer_time,gpu_search_time,warmup_time,best_retrieved_ids,top_doc_shards
0,5,"[1, 2]",2,0.1294043678790331,0.027899608947336674,1.5723591494606808,"[350323743, 22367475, 350285757, 22359499, 22352964, 583617007, 596090569, 40490076, 347651857, 596064850]","[1, 1, 1, 1, 1, 1, 1, 1, 1, 1]"
1,5,"[6, 7]",2,0.2904555294662714,0.04893224500119686,3.469508559559472,"[96761309, 317778513, 462536204, 128100141, 512290626, 544732844, 467725477, 80310487, 336524624, 106752731]","[6, 6, 6, 6, 6, 6, 6, 6, 6, 6]"
2,5,"[2, 4, 9, 10]",4,0.2158225355669856,0.056700213346630335,1.3137093615951017,"[97139517, 294043795, 8432815, 522340063, 184228786, 284206801, 58511679, 284206802, 574610836, 357388844]","[4, 10, 10, 4, 9, 9, 10, 10, 4, 10]"
3,5,[18],1,0.08162134559825063,0.019852245692163706,2.0212896917946637,"[319976312, 473871456, 416180093, 533106488, 185862896, 409812650, 534845823, 3563663, 545925259, 232092470]","[18, 18, 18, 18, 18, 18, 18, 18, 18, 18]"
4,5,"[9, 10]",2,0.09184849355369806,0.03055901313200593,1.1157985985046253,"[492485126, 241046875, 74580447, 364526066, 196412165, 197645372, 197750504, 6680367, 11876884, 251314455]","[10, 10, 10, 10, 10, 10, 10, 10, 10, 10]"
5,5,"[3, 6, 7, 9]",4,0.5315451822243631,0.09145293897017837,3.9070363325299695,"[516745818, 379513049, 98187521, 147282989, 500339455, 379513041, 178768696, 186078600, 574719018, 426172710]","[3, 7, 3, 7, 7, 6, 3, 6, 3, 6]"
6,5,[8],1,0.06218340480700135,0.015498788096010685,1.5253760810010135,"[223359640, 306289225, 134921891, 473056010, 163594463, 578112746, 184462764, 538022211, 98659306, 306328842]","[8, 8, 8, 8, 8, 8, 8, 8, 8, 8]"
7,5,"[15, 16, 19]",3,0.302400765940547,0.054175914730876684,2.493351690315952,"[422770906, 67019337, 159171799, 412000426, 66952640, 63753766, 534620895, 152048176, 311568376, 368354619]","[19, 15, 19, 15, 15, 15, 15, 16, 19, 15]"
8,5,[1],1,0.04765095794573426,0.013694843742996454,1.1562415396329015,"[327654649, 459540312, 67520733, 575997322, 180283059, 562193291, 305388418, 41178123, 30515188, 339438330]","[1, 1, 1, 1, 1, 1, 1, 1, 1, 1]"
9,5,"[1, 3, 10, 18]",4,0.37845748011022806,0.0709394752047956,2.928611054609064,"[244047149, 407497946, 372337157, 244049389, 244048645, 372313030, 99048836, 237900005, 406973178, 191955329]","[18, 18, 18, 10, 18, 10, 18, 10, 18, 18]"
10,5,"[3, 6, 7]",3,0.48318353528156877,0.07835166715085506,4.81207970653971,"[162571401, 582265968, 156350339, 596989224, 177718168, 156842470, 162631938, 162631950, 361359114, 301410691]","[6, 6, 6, 6, 6, 6, 6, 6, 6, 6]"
11,5,"[10, 15]",2,0.22628725320100784,0.038340967148542404,2.8415429975138977,"[316195675, 347961149, 246469994, 425646496, 127689114, 316205222, 335612984, 316205221, 505439277, 402151260]","[15, 15, 15, 15, 15, 15, 15, 15, 15, 15]"
12,5,[8],1,0.06263329600915313,0.015555363148450851,1.5253760810010135,"[143285814, 398227840, 150775094, 520909276, 533066813, 416989615, 478916319, 559059925, 583463400, 255704802]","[8, 8, 8, 8, 8, 8, 8, 8, 8, 8]"
13,5,"[10, 18]",2,0.12330850306898355,0.033977555111050606,1.5304903391515836,"[269953808, 270017264, 53616989, 219464520, 269932498, 264374402, 21302424, 107532941, 53616990, 439849310]","[10, 10, 10, 18, 10, 10, 10, 10, 10, 10]"
14,5,[18],1,0.08169878600165248,0.019079857971519232,2.0212896917946637,"[2930195, 304291211, 5479281, 298156409, 435890273, 300724316, 214405047, 231200670, 504375842, 531276114]","[18, 18, 18, 18, 18, 18, 18, 18, 18, 18]"
15,5,[0],1,0.06976689398288727,0.016687560826539993,1.7377481411676854,"[540834996, 425755668, 346415404, 400155932, 347682406, 548796299, 583527657, 236059986, 540791896, 318230608]","[0, 0, 0, 0, 0, 0, 0, 0, 0, 0]"
16,5,[2],1,0.08155216136947274,0.01829031901434064,1.98847675928846,"[388372331, 477914499, 94283698, 313295416, 417756224, 81047150, 287698740, 413998749, 388567738, 84783145]","[2, 2, 2, 2, 2, 2, 2, 2, 2, 2]"
17,5,"[3, 6]",2,0.28838940989226103,0.04432496102526784,4.7456659459276125,"[196567304, 37592602, 119007154, 529191060, 136475651, 138777038, 596950633, 519952557, 271030616, 297127865]","[6, 6, 6, 6, 6, 6, 6, 6, 6, 6]"
18,5,"[2, 10, 11]",3,0.24022507248446345,0.0509710693731904,1.9616911630922307,"[265372681, 211326331, 414008444, 433847464, 251637127, 20375487, 484727721, 484727704, 251637111, 149272454]","[11, 11, 11, 11, 11, 11, 11, 10, 11, 11]"
19,5,"[4, 10]",2,0.08449220703914762,0.029687071684747934,1.0372272382955998,"[596197374, 227781415, 342147203, 36042600, 441232341, 543565046, 9720048, 576495810, 598858826, 334192618]","[4, 4, 4, 4, 4, 10, 4, 4, 4, 4]"
20,5,[12],1,0.1301936525851488,0.022359232883900404,3.2397337595466524,"[248237919, 161684376, 495988709, 565144556, 56535161, 336166371, 591258100, 367339701, 29705405, 229777769]","[12, 12, 12, 12, 12, 12, 12, 12, 12, 12]"
21,5,[6],1,0.0806713248603046,0.01810702309012413,1.9941098913550377,"[386500007, 553675511, 151614128, 342086583, 475316064, 432094449, 418459871, 397264316, 400925125, 515335694]","[6, 6, 6, 6, 6, 6, 6, 6, 6, 6]"
22,5,"[9, 10]",2,0.09130925964564085,0.028064281214028597,1.1157985985046253,"[379643780, 554217595, 296777012, 132324921, 212577525, 402167117, 327957272, 479960759, 189421384, 244250010]","[10, 10, 10, 10, 10, 10, 10, 10, 10, 10]"
23,5,[16],1,0.06481624906882644,0.017386604100465775,1.562462056055665,"[393766925, 19968356, 99327655, 596615355, 352440645, 554747697, 304593819, 438096438, 583417332, 526692998]","[16, 16, 16, 16, 16, 16, 16, 16, 16, 16]"
24,5,"[6, 10]",2,0.12336207134649158,0.031395464204251766,1.5169004389317706,"[438347522, 474967492, 524160961, 37716934, 191429128, 166583047, 131316433, 139290262, 392904598, 555671028]","[6, 6, 6, 6, 6, 6, 6, 6, 6, 6]"
25,5,"[6, 7]",2,0.27436698181554675,0.04759713402017951,3.469508559559472,"[275996305, 574080995, 39550384, 422125669, 575850420, 194468745, 345012085, 268603873, 39822135, 476136084]","[6, 6, 6, 6, 6, 6, 6, 6, 6, 6]"
26,5,"[3, 6, 10]",3,0.33310755575075746,0.05805692309513688,3.510340959454576,"[9260592, 53821041, 171602438, 40935707, 439693144, 350535457, 74505530, 75050458, 505470785, 573132214]","[10, 6, 6, 6, 6, 10, 10, 10, 10, 6]"
27,5,"[8, 19]",2,0.11444926494732499,0.030582884326577187,1.3997870436869562,"[342833232, 239066460, 364949379, 76823179, 464209192, 173230971, 452350578, 192881082, 349966218, 406818359]","[19, 19, 19, 19, 19, 19, 19, 19, 8, 8]"
28,5,"[1, 12]",2,0.1778058921918273,0.03755139419808984,2.197987649589777,"[580293607, 436703496, 195995390, 486542584, 410907401, 214907984, 245111306, 61133533, 3363907, 194090070]","[12, 12, 12, 12, 12, 12, 12, 12, 1, 1]"
29,5,"[4, 8, 10, 15]",4,0.3304558014497161,0.07252476224675775,2.0608063915278763,"[176037102, 164759875, 281743200, 220058368, 571201178, 207043861, 344036839, 544604186, 249249826, 185069916]","[8, 8, 8, 8, 8, 8, 8, 8, 8, 8]"
30,5,"[10, 12]",2,0.17166784778237343,0.034262132830917835,2.139712373027578,"[174822083, 574193317, 362893216, 110621841, 297045682, 559740833, 179420810, 171059226, 115420678, 44316711]","[12, 12, 12, 12, 12, 10, 10, 12, 12, 12]"
31,5,"[1, 13, 15]",3,0.3049165843985975,0.059477795381098986,2.5419441723885634,"[154718683, 79169640, 263282819, 381006524, 365713645, 365713646, 115921841, 424881179, 428344569, 406174997]","[1, 1, 1, 1, 15, 15, 13, 1, 15, 1]"
32,5,[8],1,0.06264852778986096,0.016613255720585585,1.5253760810010135,"[94973826, 305101499, 598687402, 266557487, 275034196, 390525573, 138602395, 49713139, 27436766, 483823371]","[8, 8, 8, 8, 8, 8, 8, 8, 8, 8]"
33,5,"[4, 18]",2,0.12372991256415844,0.03357873810455203,1.5280265909386799,"[226643905, 226643912, 559487576, 37286001, 78302557, 300324652, 52810236, 45224550, 394820965, 260683464]","[18, 18, 18, 18, 18, 18, 18, 18, 18, 18]"
34,5,"[9, 12]",2,0.1794509538449347,0.04064420936629176,2.2158199850236997,"[338458298, 336062552, 45896088, 522761063, 354553936, 572877895, 94114406, 99665505, 430200580, 52805236]","[12, 12, 9, 9, 9, 9, 9, 9, 9, 12]"
35,5,[11],1,0.11724063707515597,0.02228121692314744,2.8569057434797287,"[46371624, 572946019, 278189217, 573745672, 138432939, 303017606, 115222581, 392510615, 374653008, 9584071]","[11, 11, 11, 11, 11, 11, 11, 11, 11, 11]"
36,5,"[4, 7]",2,0.23504962818697095,0.04530128510668874,2.989835358923301,"[446742083, 310471342, 291262936, 208939125, 214075551, 46011837, 460339859, 408342474, 439961344, 509627286]","[7, 7, 7, 7, 4, 7, 7, 7, 7, 4]"
37,5,"[6, 7, 12, 14]",4,0.49802884878590703,0.10023828968405724,3.086342708207667,"[403016532, 281872547, 239518483, 320010234, 434260091, 510970601, 389554411, 322235737, 82778227, 346409730]","[12, 6, 12, 12, 12, 12, 7, 12, 14, 12]"
38,5,[8],1,0.06250011129304767,0.015664196107536554,1.5253760810010135,"[171909558, 517198530, 498409469, 188339158, 239972575, 100751935, 205361704, 504100258, 367602114, 389531874]","[8, 8, 8, 8, 8, 8, 8, 8, 8, 8]"
39,5,[15],1,0.18377030175179243,0.02778908098116517,4.643395008519292,"[167139573, 22796377, 353472243, 564356343, 380659614, 325105354, 536810984, 69873730, 311564209, 69814243]","[15, 15, 15, 15, 15, 15, 15, 15, 15, 15]"
40,5,"[6, 7, 12, 15]",4,0.5884091458283365,0.09765859926119447,3.705536471796222,"[54598498, 593909787, 399174922, 581987029, 550170954, 316554409, 47863419, 363183345, 527104338, 359317355]","[6, 6, 6, 12, 6, 15, 15, 15, 6, 6]"
41,5,"[4, 10, 18]",3,0.1658471841365099,0.04535654932260513,1.365248056128621,"[198985429, 138965989, 34506581, 377426780, 448875282, 259982882, 24487825, 389590141, 468192883, 198068590]","[4, 10, 4, 10, 4, 10, 10, 18, 10, 4]"
42,5,"[1, 3]",2,0.25675647519528866,0.04336578818038106,4.326731770066544,"[521012684, 489342896, 433868714, 16684904, 227461382, 524579792, 141163106, 87635642, 254389701, 48499195]","[1, 1, 1, 1, 1, 1, 1, 1, 1, 1]"
43,5,[16],1,0.06480808882042766,0.014986369293183088,1.562462056055665,"[194928968, 276066170, 229424584, 187616394, 157719374, 493402860, 178580027, 422547137, 345153317, 261971127]","[16, 16, 16, 16, 16, 16, 16, 16, 16, 16]"
44,5,"[1, 3]",2,0.2554371408186853,0.03864903189241886,4.326731770066544,"[19804762, 125079188, 544637200, 580321217, 82643689, 92491002, 19700867, 246109782, 348568156, 511501683]","[1, 1, 1, 1, 1, 3, 1, 1, 1, 1]"
45,5,"[4, 10, 19]",3,0.13722760323435068,0.0431319628842175,1.116217494321366,"[2193316, 134836813, 589152374, 163257263, 499309685, 398803253, 573490278, 120781470, 338972409, 489838239]","[10, 10, 10, 10, 19, 10, 19, 19, 4, 4]"
46,5,"[16, 18]",2,0.1461652428843081,0.03141661686822772,1.7918758739251643,"[321883357, 517409731, 320790454, 253543390, 14436664, 286970084, 88223668, 517409728, 467283941, 492436548]","[16, 16, 16, 16, 16, 16, 16, 16, 16, 16]"
47,5,"[11, 15]",2,0.300779867451638,0.04675108287483454,3.7501503759995103,"[54265130, 507222371, 116982774, 252057638, 322258847, 402571241, 240684525, 561525029, 543252372, 356588498]","[15, 15, 15, 11, 15, 11, 15, 11, 15, 15]"
48,5,"[4, 9, 15]",3,0.27713704388588667,0.055552080273628235,2.2900215697009116,"[349685072, 506863082, 200196231, 555255276, 359471757, 506957619, 506885984, 132735540, 27650573, 252270696]","[4, 4, 9, 9, 9, 9, 4, 9, 15, 9]"
49,5,"[0, 3, 11, 12]",4,0.523685219231993,0.08403518097475171,3.8329024111735635,"[90462928, 128098396, 190554704, 420025078, 232912616, 141293941, 89466144, 561335906, 93180137, 561468444]","[11, 11, 0, 11, 0, 0, 11, 11, 0, 0]"
50,5,"[2, 10, 18]",3,0.20488943438977003,0.04931003786623478,1.683152479197209,"[272531263, 260063780, 187284049, 90785206, 573791930, 519974609, 166494940, 54391408, 54376108, 132733566]","[18, 18, 18, 18, 18, 18, 18, 18, 10, 18]"
51,5,"[10, 12]",2,0.17191306734457612,0.0352011127397418,2.139712373027578,"[34036621, 27899657, 46612672, 288338597, 273579698, 7880224, 337694949, 254395414, 231315071, 392125423]","[12, 10, 12, 10, 10, 12, 10, 12, 10, 12]"
52,5,[0],1,0.06969940662384033,0.014093213714659214,1.7377481411676854,"[493163657, 115745328, 420836435, 420568680, 159999328, 241568515, 53560322, 366096616, 298246847, 25215631]","[0, 0, 0, 0, 0, 0, 0, 0, 0, 0]"
53,5,"[2, 3, 4, 7]",4,0.5258886208757758,0.08791836677119136,3.8663423694088124,"[31677245, 47768807, 430079126, 217559975, 16806341, 450030792, 82187818, 338764605, 72447548, 81695499]","[4, 3, 3, 2, 7, 4, 4, 7, 7, 4]"
54,5,"[2, 4, 11, 19]",4,0.293167513795197,0.06813392881304026,1.788585999805946,"[340538846, 578698651, 89654179, 206755175, 462966013, 272099125, 597489403, 542238241, 581071217, 581036453]","[11, 11, 19, 11, 11, 11, 11, 11, 11, 11]"
55,5,[2],1,0.08143437001854181,0.017205098643898964,1.98847675928846,"[458070540, 513243661, 130382454, 594712541, 175195938, 183829504, 432589461, 194939389, 175800336, 309536584]","[2, 2, 2, 2, 2, 2, 2, 2, 2, 2]"
56,5,[1],1,0.048132368829101324,0.013479321729391813,1.1562415396329015,"[385113286, 315279017, 375332831, 294871918, 76701081, 555713159, 448092594, 237920535, 369433639, 529403480]","[1, 1, 1, 1, 1, 1, 1, 1, 1, 1]"
57,5,"[1, 3, 6]",3,0.3368312558159232,0.05714495200663805,3.5491911438293755,"[76378574, 76484817, 380720916, 509049685, 23656741, 191970143, 190191648, 365085081, 9105535, 118289048]","[1, 1, 1, 1, 1, 1, 1, 1, 1, 1]"
58,5,[18],1,0.0812073927372694,0.018565807957202196,2.0212896917946637,"[41980406, 111790819, 185042547, 185004784, 46002466, 216094193, 381452513, 147021458, 399812406, 53992965]","[18, 18, 18, 18, 18, 18, 18, 18, 18, 18]"
59,5,"[4, 7, 15]",3,0.4192121266387403,0.0671855709515512,3.541021908788631,"[243075382, 396834165, 512336242, 118454427, 160319876, 536945312, 173569021, 74068784, 321999975, 571257961]","[4, 7, 4, 7, 4, 4, 7, 15, 4, 7]"
60,5,"[10, 11]",2,0.15886692982167006,0.0359976920299232,1.9482983649941161,"[334864192, 36085481, 430666173, 319354255, 132249408, 285556910, 9331376, 354973368, 482618356, 211888402]","[10, 10, 10, 11, 10, 10, 10, 10, 10, 10]"
61,5,[10],1,0.041747348848730326,0.012330294121056795,1.0396909865085036,"[88413698, 152291662, 87177381, 159637364, 30327201, 298353658, 284097329, 120467136, 305976241, 494487482]","[10, 10, 10, 10, 10, 10, 10, 10, 10, 10]"
62,5,[2],1,0.0815370581112802,0.015972709748893976,1.98847675928846,"[241629397, 494241502, 12634834, 233619684, 8827094, 224387811, 456165206, 386719219, 207962499, 490674449]","[2, 2, 2, 2, 2, 2, 2, 2, 2, 2]"
63,5,"[3, 9, 12]",3,0.3887473866343498,0.07071153866127133,3.9762873235158622,"[445199962, 384131335, 240595101, 520207702, 595479541, 450112037, 219152444, 304945662, 159909174, 116259743]","[12, 3, 12, 12, 12, 12, 12, 3, 3, 12]"
64,5,"[1, 3]",2,0.255948921199888,0.039464492816478014,4.326731770066544,"[217185418, 84066849, 548226198, 19059244, 589417302, 90439601, 263706156, 542243239, 118496477, 179532987]","[1, 1, 1, 1, 1, 1, 1, 1, 1, 1]"
65,5,"[12, 15, 18]",3,0.39492245158180594,0.07128098281100392,3.301472819953536,"[381782764, 202778162, 451087032, 72664631, 86460908, 551363329, 439477692, 324725963, 465523812, 198506296]","[18, 12, 18, 12, 15, 15, 12, 18, 15, 18]"
66,5,"[8, 10, 11]",3,0.22151891514658928,0.05248739663511515,1.8073242703297485,"[336735408, 70473340, 194244468, 508445146, 562942223, 127446584, 326899109, 202536818, 236646413, 12445948]","[11, 11, 11, 11, 11, 11, 11, 11, 11, 11]"
67,5,"[2, 9, 10]",3,0.17488642502576113,0.04515715688467026,1.4066913187659036,"[89146024, 563385914, 564020406, 404410578, 160685693, 101976635, 343943364, 524727929, 29367947, 271081031]","[10, 2, 10, 9, 10, 9, 2, 9, 10, 10]"
68,5,"[10, 12]",2,0.17177975457161665,0.03444354189559817,2.139712373027578,"[265582474, 143670194, 22282360, 561844575, 248190137, 97780755, 153603521, 440305694, 491097584, 423316495]","[12, 12, 12, 12, 12, 12, 12, 12, 12, 12]"
69,5,[19],1,0.05237213196232915,0.016172998119145632,1.2741980063728988,"[299503718, 547526819, 494503005, 223881798, 40933157, 501034303, 32863356, 276175577, 452879361, 94993425]","[19, 19, 19, 19, 19, 19, 19, 19, 19, 19]"
70,5,"[10, 12, 15]",3,0.35564877931028605,0.06226235115900636,2.974273251524816,"[552822517, 243132285, 14700988, 162408577, 258532458, 481086447, 87187338, 472693134, 279383232, 22166047]","[12, 12, 12, 12, 10, 12, 10, 12, 12, 12]"
71,5,"[4, 9, 10]",3,0.1342207109555602,0.04094104142859578,1.0887868956973155,"[573260542, 333682070, 136021710, 432821244, 546025776, 271834051, 493843594, 477922653, 44392480, 478024384]","[10, 10, 10, 9, 10, 10, 10, 10, 10, 10]"
72,5,"[8, 19]",2,0.1149779399856925,0.0320494519546628,1.3997870436869562,"[446588711, 461876235, 444772633, 554055183, 324629215, 363624009, 376470060, 257401844, 529203276, 132831639]","[19, 19, 19, 19, 19, 8, 19, 19, 19, 19]"
73,5,"[12, 15]",2,0.31376334792003036,0.04527565371245146,3.941564384032972,"[540778935, 241972422, 419519921, 319120328, 569812062, 319494432, 133699417, 225385585, 207428026, 373696886]","[12, 12, 12, 12, 12, 12, 12, 12, 12, 12]"
74,5,"[6, 7, 12, 14, 15]",5,0.681043186224997,0.1231394475325942,3.397753168269992,"[265396003, 210976861, 43947376, 341032742, 344750993, 183709613, 72428980, 558944408, 114718829, 599373587]","[6, 6, 6, 6, 6, 6, 6, 6, 12, 7]"
75,5,"[0, 12]",2,0.20003626309335232,0.040464305318892,2.488740950357169,"[549589445, 155620539, 263452461, 597410261, 271612684, 17100209, 367349867, 31811495, 468348092, 567665902]","[12, 12, 0, 0, 0, 0, 0, 12, 0, 0]"
76,5,"[6, 10, 15]",3,0.30782626708969474,0.05303197493776679,2.5590652954609445,"[329213839, 47074484, 574911367, 409696869, 575044943, 251901307, 421951907, 421905981, 331859210, 452727150]","[6, 6, 6, 6, 6, 6, 6, 6, 6, 6]"
77,5,[4],1,0.042471352964639664,0.01449724705889821,1.034763490082696,"[100806695, 492991573, 499569667, 555371788, 288761517, 59728990, 22580755, 29149633, 110999700, 199844193]","[4, 4, 4, 4, 4, 4, 4, 4, 4, 4]"
78,5,"[9, 12, 16]",3,0.2451906013302505,0.05075926147401333,1.9980340087010215,"[256994594, 368786729, 190868400, 268183460, 400632256, 85641173, 272302614, 102844778, 355014684, 425331799]","[16, 16, 9, 16, 16, 16, 16, 16, 16, 16]"
79,5,"[7, 8]",2,0.25603593001142144,0.04522938095033169,3.23514165438246,"[547035905, 356719285, 4463986, 574548553, 156198037, 434237666, 431362334, 190418808, 237419536, 145502417]","[8, 8, 8, 8, 8, 8, 8, 8, 8, 8]"
80,5,"[4, 7, 11, 16]",4,0.4227045588195324,0.08105542603880167,2.599759629345499,"[181721375, 35502141, 307159838, 383361456, 89952573, 195811642, 192160680, 312845800, 58729868, 367684103]","[11, 16, 16, 11, 16, 16, 16, 16, 16, 16]"
81,5,[19],1,0.052257570903748274,0.014767648186534643,1.2741980063728988,"[84848979, 55342692, 216612568, 20668750, 582333068, 418881242, 271669109, 567432210, 121812233, 570656850]","[19, 19, 19, 19, 19, 19, 19, 19, 19, 19]"
82,5,[10],1,0.04172549396753311,0.013093017041683197,1.0396909865085036,"[426060089, 201612617, 165409987, 285544667, 426058119, 1753283, 6857360, 558819142, 472224338, 280120899]","[10, 10, 10, 10, 10, 10, 10, 10, 10, 10]"
83,5,"[8, 15]",2,0.24684446677565575,0.04242792818695307,3.0843855447601527,"[304706368, 579712493, 27699303, 520458616, 301807532, 123093567, 415774410, 235716562, 416014811, 251093097]","[8, 8, 8, 8, 8, 8, 8, 15, 8, 8]"
84,5,[4],1,0.0427005379460752,0.013532666955143213,1.034763490082696,"[374495231, 508578037, 303765303, 303777852, 303894170, 303777853, 442539628, 303777856, 443561584, 403869029]","[4, 4, 4, 4, 4, 4, 4, 4, 4, 4]"
85,5,[15],1,0.1834920309484005,0.02339779818430543,4.643395008519292,"[135859681, 487529913, 390082707, 253724408, 242283427, 142041489, 310574017, 162218567, 141018895, 336910204]","[15, 15, 15, 15, 15, 15, 15, 15, 15, 15]"
86,5,"[9, 10, 12]",3,0.2222946328110993,0.0503922188654542,1.8237769855186343,"[590481425, 324507421, 465696629, 267826711, 235910197, 303065933, 519676012, 415423834, 288272199, 147797489]","[12, 10, 9, 9, 10, 9, 12, 12, 12, 10]"
87,5,"[0, 10, 12, 14]",4,0.328429589048028,0.06920110108330846,2.045948210346978,"[505650686, 491044044, 220173209, 571636931, 226991267, 498922512, 332663055, 498922511, 127347809, 347402911]","[0, 0, 0, 0, 0, 0, 0, 0, 0, 10]"
88,5,"[4, 7, 9]",3,0.2866291203536093,0.05917341075837612,2.3905256427824497,"[272691094, 167407740, 283463728, 254672467, 523517352, 361223017, 51677329, 165066249, 359020492, 530690536]","[4, 7, 7, 4, 4, 4, 7, 4, 4, 4]"
89,5,"[0, 11, 12]",3,0.3176784412935376,0.05881395097821951,2.6114625480646887,"[581116780, 388898852, 93028096, 162226153, 112065139, 431801735, 316809578, 96753724, 312077492, 98261118]","[11, 0, 0, 0, 0, 0, 0, 0, 0, 0]"
90,5,"[3, 6, 15]",3,0.47337895911186934,0.06963972700759768,4.711575633458172,"[383639438, 160144202, 522129904, 482672322, 411802593, 131364422, 411802613, 599542561, 165739048, 441837004]","[6, 6, 6, 6, 6, 6, 6, 6, 6, 6]"
91,5,"[10, 14, 15]",3,0.31155847664922476,0.05499377567321062,2.6165686497309557,"[315106232, 71233195, 15931559, 531063675, 60055223, 587563381, 225392258, 263154245, 83027568, 399941080]","[14, 14, 14, 14, 14, 14, 14, 14, 14, 14]"
92,5,"[2, 7]",2,0.2744626668281853,0.047048780135810375,3.466691993526183,"[186913484, 186913483, 308965505, 453058695, 96335462, 489583657, 116054388, 391555290, 444394351, 96730893]","[2, 2, 2, 2, 2, 2, 2, 2, 2, 2]"
93,5,"[3, 12, 13, 18]",4,0.49512698873877525,0.09336735215038061,3.64611035521375,"[377891207, 160632588, 160632589, 472766947, 160632606, 477426557, 160632619, 466485235, 199734920, 18201100]","[12, 13, 13, 12, 13, 12, 13, 12, 18, 13]"
94,5,"[4, 15]",2,0.22615605825558305,0.043551293667405844,2.839079249300994,"[382136867, 224559782, 59486559, 245470336, 353902440, 267224959, 135660561, 353517623, 226300732, 72141586]","[4, 15, 15, 15, 15, 15, 4, 15, 15, 15]"
95,5,"[2, 11]",2,0.1984127047471702,0.03784618107602,2.4226912513840944,"[544083532, 29468341, 463787733, 8123432, 228112640, 103144279, 196792996, 475908622, 238299490, 274798024]","[2, 11, 2, 11, 11, 2, 2, 11, 2, 11]"
96,5,"[1, 12, 14, 16]",4,0.3291995143517852,0.06994494376704097,2.0312643273500726,"[260555165, 319468212, 467082314, 587677770, 66717321, 439330040, 309365349, 587776524, 438416572, 515183225]","[12, 16, 12, 12, 12, 1, 12, 12, 12, 12]"
97,5,"[1, 15]",2,0.23285861499607563,0.04092907439917326,2.8998182740760967,"[115689543, 474323315, 259914297, 390912880, 537760475, 585989401, 214100017, 42978861, 595159903, 202354548]","[15, 15, 1, 1, 15, 15, 1, 1, 1, 1]"
98,5,"[0, 7, 9, 16]",4,0.37733908416703343,0.07544010458514094,2.359255908872001,"[293850217, 465034186, 436051257, 221883577, 421810546, 161392632, 296967809, 9859358, 385296377, 436051261]","[16, 16, 16, 16, 16, 16, 0, 16, 16, 16]"
99,5,[1],1,0.04965368891134858,0.013377049937844276,1.1562415396329015,"[425207392, 433505913, 277529667, 400813724, 253407975, 302092542, 456915022, 411858689, 519964394, 290312855]","[1, 1, 1, 1, 1, 1, 1, 1, 1, 1]"
100,5,"[16, 18]",2,0.14669939083978534,0.03222490753978491,1.7918758739251643,"[189226163, 402269380, 477677333, 223659315, 231583392, 132459321, 460146893, 455867147, 231761919, 477744659]","[16, 16, 16, 16, 16, 16, 16, 16, 16, 16]"
101,5,"[4, 9, 10]",3,0.13485418818891048,0.044653793796896935,1.0887868956973155,"[451505880, 253814188, 261514809, 307405293, 547765493, 448534146, 397641229, 560850266, 156840648, 236230256]","[9, 4, 9, 9, 4, 4, 10, 10, 9, 9]"
102,5,"[2, 9, 12]",3,0.2613697163760662,0.05294010415673256,2.1400389097786197,"[192006529, 545815969, 457271210, 321173119, 140382556, 594503539, 466518132, 587927733, 344348550, 161419984]","[2, 12, 9, 2, 12, 2, 2, 12, 2, 9]"
103,5,"[9, 18]",2,0.13215718464925885,0.03222292475402355,1.6065979511477053,"[539756890, 134163922, 317588956, 280183732, 134163928, 447010537, 517535486, 539756918, 442312471, 40081468]","[18, 18, 18, 18, 18, 18, 18, 18, 18, 18]"
104,5,"[12, 16]",2,0.1940598855726421,0.03376139560714364,2.4010979078011587,"[478609168, 75989660, 580163753, 446026929, 565127133, 94075061, 403954187, 359151986, 30766971, 237766370]","[12, 12, 12, 12, 16, 16, 12, 16, 16, 12]"
105,5,"[0, 10, 12]",3,0.2409679302945733,0.05077164527028799,2.005724295740947,"[217785503, 159600953, 579902028, 323935748, 573709832, 28875190, 497452100, 227360900, 377034966, 183296170]","[12, 10, 12, 10, 10, 12, 12, 12, 10, 12]"
106,5,"[9, 10, 15]",3,0.2776451790705323,0.05629128636792302,2.291664068509514,"[354863233, 596411782, 488736926, 167418361, 497828607, 517538865, 166627376, 474313732, 517615866, 490033426]","[15, 10, 15, 15, 10, 15, 15, 10, 15, 10]"
107,5,"[2, 7, 8, 9, 16]",5,0.4519215552136302,0.08586927177384496,2.2426256669219584,"[247104839, 191784785, 357995125, 239148187, 190732530, 293766889, 66375012, 238251818, 300744844, 398562952]","[2, 8, 8, 8, 8, 8, 8, 8, 8, 8]"
108,5,"[4, 8, 10, 14]",4,0.2326755104586482,0.061700559221208096,1.441612627939321,"[531803371, 303715459, 408016726, 592700654, 188559814, 454860629, 573727816, 137426596, 137426586, 351960046]","[10, 4, 10, 10, 4, 10, 10, 10, 4, 10]"
109,5,"[3, 12]",2,0.3378354902379215,0.04801515303552151,5.36847788002342,"[339155718, 148334984, 136102942, 478206656, 165469929, 137930305, 85347169, 63179632, 107110404, 452616940]","[3, 3, 3, 3, 3, 3, 3, 3, 12, 3]"
110,5,"[15, 19]",2,0.23582234093919396,0.04381171055138111,2.9587965074460953,"[385769113, 203104715, 40283770, 154270230, 30729626, 575804413, 368671839, 535765400, 278682383, 448785531]","[19, 19, 19, 19, 15, 19, 19, 19, 19, 19]"
111,5,[2],1,0.08149008266627789,0.016226407140493393,1.98847675928846,"[161416661, 9980046, 563384146, 268291633, 555749580, 385787014, 83072068, 83072044, 294435903, 405546040]","[2, 2, 2, 2, 2, 2, 2, 2, 2, 2]"
112,5,[4],1,0.04227644111961126,0.013868891634047031,1.034763490082696,"[591528875, 33406776, 25131839, 322581294, 109714533, 183483528, 588132377, 532541207, 74877858, 122220727]","[4, 4, 4, 4, 4, 4, 4, 4, 4, 4]"
113,5,"[0, 18]",2,0.15090984292328358,0.03912529069930315,1.8795189164811745,"[449302526, 33285225, 440082159, 44646774, 583638774, 148968466, 446868315, 97507231, 592718172, 88836019]","[0, 0, 0, 0, 0, 18, 0, 18, 0, 0]"
114,5,"[12, 13, 14]",3,0.2897179373539984,0.05704088928177953,2.4108498942417405,"[289481900, 304146423, 84488124, 84488125, 242859885, 276840775, 401562638, 579413241, 112846834, 543538970]","[14, 12, 14, 12, 12, 12, 14, 14, 12, 12]"
115,5,"[6, 12]",2,0.2102539730258286,0.04147278890013695,2.616921825450845,"[512224738, 49959631, 68025475, 44640260, 75037765, 93209870, 323500315, 44688408, 252094346, 75037766]","[6, 6, 6, 6, 6, 6, 12, 6, 12, 12]"
116,5,"[6, 9, 10]",3,0.17217076662927866,0.04995416942983866,1.4085690294547628,"[10791807, 587255650, 72710750, 331590051, 387997237, 219452106, 587239301, 448218257, 119156000, 487457771]","[6, 6, 6, 10, 6, 6, 6, 10, 6, 6]"
117,5,"[1, 14]",2,0.1342961392365396,0.0331812328658998,1.6614307468989864,"[252015351, 107765794, 64921798, 310338841, 428193560, 328472039, 364912556, 102240323, 380796894, 306842771]","[14, 14, 14, 14, 14, 14, 14, 14, 14, 14]"
118,5,[15],1,0.18362470623105764,0.023879784159362316,4.643395008519292,"[221811232, 482814534, 122131117, 161855888, 566660059, 107089852, 5630875, 331163446, 203502555, 461501744]","[15, 15, 15, 15, 15, 15, 15, 15, 15, 15]"
119,5,[8],1,0.06242987187579274,0.016459335573017597,1.5253760810010135,"[555158006, 497606658, 157881196, 7848153, 131148045, 560512106, 125075691, 244236527, 42764338, 447520123]","[8, 8, 8, 8, 8, 8, 8, 8, 8, 8]"
120,5,"[15, 16]",2,0.24781141802668571,0.04057537764310837,3.1029285322874784,"[432278520, 374950273, 61307981, 476045260, 337860279, 193575861, 263411408, 38610481, 33841849, 520818354]","[16, 16, 16, 16, 16, 16, 15, 16, 16, 16]"
121,5,[1],1,0.048001041170209646,0.013442426919937134,1.1562415396329015,"[259071515, 437317368, 44402102, 260956334, 144942406, 302150947, 453704331, 144832277, 49842008, 554918483]","[1, 1, 1, 1, 1, 1, 1, 1, 1, 1]"
122,5,"[3, 16, 18]",3,0.3615440083667636,0.06245825532823801,3.693657916116839,"[151534257, 516252519, 555103126, 163988011, 554943677, 151362101, 163988086, 474583342, 516068926, 104732148]","[16, 16, 16, 16, 16, 16, 16, 16, 16, 16]"
123,5,"[9, 11, 15]",3,0.3499695588834584,0.06847933679819107,2.897402320833256,"[300487777, 328858424, 40487140, 422689440, 229073607, 40435091, 210955187, 556682288, 568476124, 82405622]","[9, 11, 11, 11, 11, 11, 11, 11, 11, 11]"
124,5,"[4, 8]",2,0.10470269760116935,0.031726793851703405,1.2800697855418548,"[329184696, 481986621, 21483673, 282465296, 292221422, 85154416, 101375676, 482898224, 263523991, 4467894]","[8, 8, 8, 8, 8, 8, 8, 8, 4, 4]"
125,5,[10],1,0.04141506087034941,0.012710679322481155,1.0396909865085036,"[336266842, 366064393, 287778844, 387750845, 17940914, 281015131, 129801298, 380909152, 180161916, 388909154]","[10, 10, 10, 10, 10, 10, 10, 10, 10, 10]"
126,5,"[2, 3, 12]",3,0.41827373020350933,0.06766090216115117,4.2418108397784335,"[204061776, 105410561, 553997511, 405371876, 487568800, 292703334, 342987249, 464685324, 85182022, 489335641]","[3, 3, 3, 3, 3, 3, 3, 2, 3, 2]"
127,5,"[10, 15]",2,0.2247959258966148,0.03984231688082218,2.8415429975138977,"[311001270, 20746912, 560340263, 560393293, 20746911, 20746913, 273059429, 311001269, 550733200, 201358112]","[15, 10, 15, 10, 15, 15, 10, 10, 15, 10]"
128,5,"[9, 10, 12]",3,0.22131795808672905,0.05177241796627641,1.8237769855186343,"[290366674, 41302095, 400160216, 330445947, 143893549, 338027635, 146982768, 125433616, 217739754, 361198657]","[10, 10, 12, 10, 10, 12, 10, 10, 12, 10]"
129,5,"[0, 12]",2,0.19846749072894454,0.03977966122329235,2.488740950357169,"[448137091, 448392286, 472945285, 103233960, 112127662, 581710544, 508761575, 73854731, 573135295, 81163651]","[0, 0, 0, 0, 0, 0, 0, 0, 0, 0]"
130,5,"[8, 18]",2,0.1435946743004024,0.03567942092195153,1.7733328863978386,"[21237069, 485774954, 571425930, 73294531, 492891160, 74450929, 534267918, 78819548, 592798190, 534216887]","[8, 8, 8, 8, 8, 8, 8, 8, 8, 8]"
131,5,"[1, 3, 6, 12]",4,0.4669531430117786,0.07880290318280458,3.4718267977586947,"[146529876, 144843049, 311725998, 381645569, 302492227, 347325080, 271296477, 394239299, 415464700, 585427734]","[12, 1, 12, 12, 3, 3, 6, 12, 12, 1]"
132,5,[8],1,0.06243208097293973,0.01729751517996192,1.5253760810010135,"[467942678, 420150266, 394600789, 407503550, 460645518, 66305844, 466358760, 480058543, 7020747, 193942025]","[8, 8, 8, 8, 8, 8, 8, 8, 8, 8]"
133,5,"[7, 15, 16]",3,0.4404343073256314,0.06497193081304431,3.716921430779621,"[27638381, 587063191, 278367015, 267911998, 210299071, 548699003, 59965538, 99250661, 70726562, 96656617]","[16, 15, 16, 16, 16, 16, 16, 16, 16, 16]"
134,5,"[4, 8, 19]",3,0.15696852561086416,0.048455572221428156,1.2781125258188695,"[135549895, 143589485, 307960537, 4270688, 272760053, 107046204, 64887395, 55406213, 563820449, 385745949]","[4, 4, 4, 4, 4, 4, 4, 8, 4, 4]"
135,5,[15],1,0.1850181519985199,0.027710265014320612,4.643395008519292,"[332916842, 17262987, 585545534, 366376880, 353502752, 570277472, 416254892, 205309529, 569262416, 466439483]","[15, 15, 15, 15, 15, 15, 15, 15, 15, 15]"
136,5,"[8, 9, 19]",3,0.16393342101946473,0.048731219954788685,1.3304934326248865,"[115678467, 138660787, 322208855, 103505158, 575231737, 534529739, 549748325, 231814885, 204315853, 585315452]","[9, 9, 9, 9, 19, 9, 9, 9, 9, 19]"
137,5,"[1, 9, 10, 12]",4,0.26903282199054956,0.06441423390060663,1.6568931240472011,"[120768413, 130690256, 567764785, 567693048, 460885708, 574450670, 134764221, 567700714, 583042124, 18580703]","[12, 1, 12, 12, 12, 12, 9, 12, 12, 12]"
138,5,"[11, 18]",2,0.19973444053903222,0.03971326258033514,2.439097717637196,"[116889780, 315408916, 382484035, 177901450, 478663591, 267907949, 309213842, 357571673, 116892332, 119641932]","[18, 18, 18, 18, 18, 18, 18, 18, 18, 18]"
139,5,"[10, 12]",2,0.17223342508077621,0.03367598680779338,2.139712373027578,"[181851759, 379011445, 558091414, 555205646, 556446121, 555205647, 537076483, 166091208, 356562303, 449291749]","[12, 12, 12, 12, 12, 10, 12, 12, 12, 12]"
140,5,"[6, 12, 15]",3,0.39526054402813315,0.06396879209205508,3.292412886473661,"[582402075, 172668992, 151201873, 535504318, 454047548, 204333902, 542298378, 417872236, 43870016, 314321643]","[6, 6, 6, 6, 6, 6, 6, 6, 6, 6]"
141,5,"[10, 12]",2,0.17145745316520333,0.0370739228092134,2.139712373027578,"[537721664, 301553447, 256343955, 115983765, 413477262, 416729267, 211422803, 574874608, 241895279, 581468752]","[12, 12, 12, 12, 12, 12, 12, 12, 10, 12]"
142,5,[4],1,0.042147000320255756,0.01402428513392806,1.034763490082696,"[371880725, 371828666, 371883663, 195213819, 285267748, 195276034, 401566150, 132094197, 109876089, 144147132]","[4, 4, 4, 4, 4, 4, 4, 4, 4, 4]"
143,5,"[2, 4, 9]",3,0.17433269741013646,0.04655527463182807,1.405048819957301,"[568603293, 438474876, 108137780, 193237893, 324003770, 568595552, 581712249, 369049065, 55729924, 518618910]","[4, 4, 4, 4, 4, 4, 4, 4, 4, 4]"
144,5,[2],1,0.08153574913740158,0.016206822358071804,1.98847675928846,"[311197008, 28542321, 94886358, 470289830, 404809611, 61988430, 200639384, 467036186, 429555236, 491695155]","[2, 2, 2, 2, 2, 2, 2, 2, 2, 2]"
145,5,"[11, 12, 16]",3,0.31229256512597203,0.05787791544571519,2.553033853027349,"[466844055, 564334797, 262786726, 142018225, 570321692, 466939927, 313084790, 467090244, 523351586, 35506465]","[11, 16, 16, 11, 12, 11, 16, 11, 12, 16]"
146,5,"[1, 2, 3]",3,0.3373040007427335,0.05506222555413842,3.5473134331405163,"[282835417, 576824951, 94479661, 198383382, 469531690, 415237356, 320993321, 557146566, 187314933, 547914671]","[1, 1, 1, 1, 1, 1, 1, 1, 1, 1]"
147,5,"[3, 6, 9, 10]",4,0.37898725690320134,0.07335430569946766,2.930732272216119,"[325077166, 325077150, 95892057, 395590594, 458270749, 258982781, 87742785, 454406652, 296064038, 80319033]","[6, 6, 3, 6, 6, 6, 6, 6, 6, 6]"
148,5,"[1, 3, 15]",3,0.4394257920794189,0.07054785965010524,4.432286182884127,"[71280009, 546455453, 95635881, 400278764, 509200431, 163464817, 163424852, 507441751, 503261427, 510645792]","[3, 3, 3, 3, 3, 3, 3, 3, 3, 3]"
149,5,"[10, 15]",2,0.2247123750858009,0.03847760800272226,2.8415429975138977,"[541511178, 541511182, 194085273, 43236799, 541511183, 245424510, 194125449, 270684300, 23781916, 250027846]","[10, 10, 10, 10, 10, 10, 10, 10, 10, 10]"
150,5,[19],1,0.05223114090040326,0.016034630127251148,1.2741980063728988,"[132817667, 564097636, 59680335, 37010459, 195097925, 294937515, 318963254, 409419718, 244794993, 85163744]","[19, 19, 19, 19, 19, 19, 19, 19, 19, 19]"
151,5,[16],1,0.06445247400552034,0.016715593170374632,1.562462056055665,"[579272775, 198792342, 119054950, 428817812, 122498423, 348551822, 140935518, 71588031, 343321797, 334775338]","[16, 16, 16, 16, 16, 16, 16, 16, 16, 16]"
152,5,[8],1,0.062065679114311934,0.015793605241924524,1.5253760810010135,"[105570492, 435767109, 599941963, 276670669, 262073926, 559609191, 43820742, 466590980, 313044219, 483285136]","[8, 8, 8, 8, 8, 8, 8, 8, 8, 8]"
153,5,"[4, 9, 14]",3,0.17915031965821981,0.045753960497677326,1.4644298849161714,"[90922693, 580125627, 77621675, 486877138, 25465135, 14364632, 60120932, 13266161, 359574809, 579459104]","[9, 9, 9, 9, 9, 9, 9, 9, 9, 9]"
154,5,[18],1,0.08106950717046857,0.017680780962109566,2.0212896917946637,"[115100181, 356919727, 223545910, 552611349, 228977617, 67552775, 25488434, 85002289, 565728022, 282021675]","[18, 18, 18, 18, 18, 18, 18, 18, 18, 18]"
155,5,[16],1,0.0644732741639018,0.015541859902441502,1.562462056055665,"[227716460, 437534632, 563016460, 595899684, 528585632, 519476207, 401045029, 242093159, 345423960, 181561685]","[16, 16, 16, 16, 16, 16, 16, 16, 16, 16]"
156,5,[1],1,0.04768257588148117,0.01271835993975401,1.1562415396329015,"[561574493, 538941863, 461504633, 2155163, 348526226, 304166265, 446030645, 194953949, 194960142, 215311216]","[1, 1, 1, 1, 1, 1, 1, 1, 1, 1]"
157,5,"[1, 3, 14]",3,0.34099490055814385,0.05687720840796828,3.6066944980993867,"[477806359, 217514137, 523159681, 22404047, 519269859, 340048858, 502238607, 38899035, 186351142, 575206129]","[1, 14, 1, 1, 1, 1, 1, 1, 1, 1]"
158,5,"[1, 3, 7, 9]",4,0.4971265261992812,0.0865137530490756,3.6975692445994355,"[98895669, 538157276, 538157278, 214770367, 187802081, 512430086, 595877096, 297563233, 274226586, 20638752]","[7, 3, 3, 7, 7, 7, 7, 7, 7, 3]"
159,5,"[9, 12, 15]",3,0.3626017142087221,0.05913276970386505,3.0250116595222303,"[238638162, 536122103, 355775384, 55088653, 55032120, 443901149, 318878112, 239898045, 50819161, 423985729]","[15, 12, 12, 12, 12, 12, 12, 12, 12, 12]"
160,5,"[0, 4, 6, 9, 10]",5,0.2835230967029929,0.08232525596395135,1.399643743922934,"[108932684, 339874296, 222750403, 588889555, 75577939, 16998124, 256084857, 594864224, 539182317, 9400555]","[10, 9, 10, 9, 10, 0, 9, 9, 0, 9]"
161,5,"[8, 9]",2,0.11457592621445656,0.030820101499557495,1.3586411457508802,"[44065614, 179348278, 196227061, 43290414, 398670924, 406460569, 364911082, 495915116, 556150387, 207472696]","[8, 8, 8, 9, 8, 8, 8, 8, 8, 8]"
162,5,"[1, 9, 10, 19]",4,0.19133917521685362,0.05801094230264425,1.1655091857537627,"[409133787, 51541569, 372189215, 242686067, 460893713, 154230949, 389747812, 562714171, 509750085, 531825344]","[10, 10, 1, 1, 1, 1, 10, 10, 9, 1]"
163,5,"[3, 8, 9]",3,0.3207981390878558,0.05927065899595618,3.404834764000649,"[377887185, 471856179, 86523242, 40695529, 446655610, 593763692, 283805603, 494931706, 105029832, 320493243]","[9, 8, 9, 9, 9, 9, 9, 9, 9, 9]"
164,5,"[8, 19]",2,0.11465797387063503,0.03338209819048643,1.3997870436869562,"[382825464, 382791356, 139798550, 241518463, 139661159, 197122395, 197307204, 172313904, 177822160, 256633614]","[19, 19, 19, 19, 19, 19, 19, 19, 19, 19]"
165,5,[1],1,0.04758049687370658,0.013778876047581434,1.1562415396329015,"[225308057, 236165849, 551637064, 271202674, 343508960, 225294851, 378929497, 414598141, 216633273, 229001909]","[1, 1, 1, 1, 1, 1, 1, 1, 1, 1]"
166,5,"[2, 4]",2,0.12456822535023093,0.03337771398946643,1.511620124685578,"[469502761, 449429478, 408767841, 449228667, 91063653, 87664472, 188483153, 423521800, 436119478, 85401590]","[2, 2, 2, 2, 2, 2, 2, 2, 2, 2]"
167,5,"[4, 18]",2,0.1231213379651308,0.034494966734200716,1.5280265909386799,"[224559852, 559322207, 541176579, 460707266, 362387758, 290855427, 160614502, 495271632, 72907774, 365464132]","[4, 4, 4, 4, 4, 4, 4, 4, 4, 4]"
168,5,"[6, 18]",2,0.16266291914507747,0.03799754334613681,2.0076997915748507,"[244510764, 397488901, 306509257, 66921421, 133988263, 546401277, 136010040, 119908493, 459311214, 434780604]","[6, 6, 18, 6, 18, 6, 6, 6, 6, 6]"
169,5,[19],1,0.05247290199622512,0.016146278008818626,1.2741980063728988,"[496007121, 125640005, 14409541, 146605441, 375462570, 347580490, 508260488, 15457791, 140065711, 588342549]","[19, 19, 19, 19, 19, 19, 19, 19, 19, 19]"
170,5,"[4, 8, 9]",3,0.15386825520545244,0.04763419320806861,1.2506819271948189,"[419460675, 479731829, 424787647, 464268983, 298811605, 350911126, 351017656, 337207486, 256587053, 538880204]","[8, 9, 4, 8, 9, 8, 8, 8, 8, 8]"
171,5,"[4, 7, 18]",3,0.31726497132331133,0.0583964791148901,2.666986803213755,"[276967714, 238030946, 574034175, 468349161, 264597840, 363692378, 243061326, 479351147, 48774525, 493302196]","[4, 18, 18, 7, 18, 18, 4, 7, 7, 18]"
172,5,"[9, 10]",2,0.09188408311456442,0.026103857439011335,1.1157985985046253,"[436963377, 41425998, 573923195, 200860855, 432120631, 234428732, 39364833, 353743490, 303611741, 463138820]","[10, 10, 10, 10, 10, 10, 10, 10, 10, 10]"
173,5,"[6, 12, 14, 18]",4,0.37734209885820746,0.0779685340821743,2.3554383242153563,"[421516192, 123334203, 334586467, 123334202, 420097424, 396249398, 508078072, 432729141, 357285491, 338106395]","[6, 6, 6, 6, 6, 6, 6, 14, 6, 6]"
174,5,"[7, 9, 11, 15, 18]",5,0.6263559903018177,0.11503224866464734,3.1316807764116676,"[66236774, 335251301, 110095053, 171769894, 240563277, 66243966, 346573541, 479688324, 247553257, 456570413]","[18, 7, 7, 7, 18, 18, 7, 9, 7, 7]"
175,5,"[10, 18]",2,0.12300332169979811,0.029274495784193277,1.5304903391515836,"[117436995, 529364040, 493597761, 548840527, 549319923, 405522861, 594085667, 207151906, 549325063, 589583790]","[10, 10, 10, 10, 10, 10, 18, 10, 10, 10]"
176,5,[19],1,0.05219923611730337,0.016017286106944084,1.2741980063728988,"[505163271, 125805490, 564320947, 150867596, 441812457, 343791582, 225892869, 583837932, 323300926, 157309807]","[19, 19, 19, 19, 19, 19, 19, 19, 19, 19]"
177,5,"[3, 6, 7, 10, 18]",5,0.603891892824322,0.11057440284639597,3.4994439595844598,"[445737795, 583864537, 208676328, 493591620, 502994434, 152121484, 11749472, 150813866, 548504950, 450062982]","[18, 18, 7, 18, 18, 18, 18, 3, 7, 18]"
178,5,"[2, 9, 10, 18]",4,0.2565996521152556,0.06244670553132892,1.5603409120230936,"[308670354, 267011792, 592022775, 475784296, 551569304, 323250630, 172532783, 95806496, 579008438, 291520019]","[18, 18, 18, 18, 18, 18, 18, 18, 10, 18]"
179,5,[10],1,0.041686709970235825,0.014153406955301762,1.0396909865085036,"[482513369, 190953394, 218790679, 306209950, 23390111, 482472573, 382878550, 281989583, 288204887, 482472580]","[10, 10, 10, 10, 10, 10, 10, 10, 10, 10]"
180,5,"[9, 10]",2,0.0911827040836215,0.028302266728132963,1.1157985985046253,"[550905159, 246634158, 476949661, 157783429, 222413070, 320641167, 94727527, 28150409, 417339932, 112656607]","[9, 9, 9, 9, 9, 9, 9, 10, 9, 9]"
181,5,"[11, 15, 19]",3,0.352122085634619,0.06691654911264777,2.9248329194573066,"[460349990, 164775229, 545020148, 450265851, 253605116, 451282112, 489718353, 545301961, 511608339, 59388290]","[11, 11, 11, 19, 11, 11, 11, 11, 11, 11]"
182,5,"[10, 18]",2,0.12257122481241822,0.03272878425195813,1.5304903391515836,"[254509575, 130564082, 273043630, 127662267, 552817184, 553072338, 34127478, 269396313, 526098036, 586588591]","[18, 10, 10, 10, 10, 18, 18, 18, 18, 18]"
183,5,[16],1,0.06452181888744235,0.014367358759045601,1.562462056055665,"[103572512, 218500680, 69235722, 227639106, 326841520, 23055104, 366728558, 86445881, 353530693, 363464748]","[16, 16, 16, 16, 16, 16, 16, 16, 16, 16]"
184,5,"[4, 8, 10, 11]",4,0.263037056196481,0.06364251906052232,1.6141840752679855,"[202398807, 573977570, 285291463, 285208869, 49493021, 467778939, 125756428, 466627293, 49429263, 234142149]","[11, 11, 10, 11, 11, 8, 4, 11, 11, 11]"
185,5,"[8, 9, 12, 15]",4,0.42453721910715103,0.0831565554253757,2.650102764891926,"[150729893, 48954299, 487167005, 276382473, 465429198, 146461299, 105507382, 248530841, 282144585, 236721360]","[12, 15, 12, 9, 12, 15, 8, 15, 15, 15]"
186,5,"[1, 10]",2,0.08913805382326245,0.025352750439196825,1.0979662630707026,"[250181636, 95901209, 250214702, 188091529, 28348846, 512314806, 330634046, 181101373, 103465531, 270447319]","[1, 1, 1, 1, 1, 1, 10, 10, 1, 1]"
187,5,[10],1,0.04150222893804312,0.013829051982611418,1.0396909865085036,"[199342980, 84693467, 84867293, 365170347, 250757343, 352397999, 122938586, 134842675, 526629069, 376479274]","[10, 10, 10, 10, 10, 10, 10, 10, 10, 10]"
188,5,[10],1,0.04123227717354894,0.013426330406218767,1.0396909865085036,"[334562342, 334598495, 334598493, 168176079, 334501887, 375110893, 116216281, 117751874, 115872543, 168295608]","[10, 10, 10, 10, 10, 10, 10, 10, 10, 10]"
189,5,"[4, 7, 8, 18]",4,0.3797333436086774,0.07740177819505334,2.38158412266057,"[6355308, 412575020, 194819497, 61692006, 273536667, 76539414, 285653238, 96633217, 72834924, 177399658]","[8, 8, 8, 18, 8, 7, 8, 8, 8, 8]"
190,5,"[6, 12, 14]",3,0.29610913759097457,0.06091360980644822,2.4668212016889206,"[344564768, 191845909, 35045917, 168166141, 301643958, 344703644, 130554732, 492702621, 231678489, 578354095]","[6, 6, 6, 12, 6, 6, 12, 6, 6, 6]"
191,5,"[2, 12, 13]",3,0.28505865717306733,0.05939376400783658,2.35146882928287,"[171442642, 32631619, 335520897, 501602611, 432581730, 539090239, 546251617, 361241062, 494548963, 352322111]","[2, 2, 2, 2, 2, 12, 2, 2, 2, 2]"
192,5,[11],1,0.11722118500620127,0.02044930588454008,2.8569057434797287,"[318392068, 117568705, 320139952, 549951739, 2916007, 457005169, 66118274, 389366056, 98581984, 289795814]","[11, 11, 11, 11, 11, 11, 11, 11, 11, 11]"
193,5,"[6, 15]",2,0.26688779331743717,0.041810423135757446,3.318752449937165,"[538484149, 226255915, 538512593, 260666, 485981084, 153495727, 266275898, 478586406, 300018527, 511293266]","[6, 6, 6, 6, 6, 6, 6, 6, 6, 6]"
194,5,"[3, 13, 15]",3,0.4636049112305045,0.07449943013489246,4.655604326010992,"[313600579, 10172977, 572186396, 548240362, 462480922, 478226485, 470251629, 572678835, 235126155, 176079291]","[13, 3, 3, 3, 3, 3, 3, 3, 3, 15]"
195,5,[4],1,0.042208793107420206,0.014611423946917057,1.034763490082696,"[362343117, 284531044, 340689957, 329153369, 390289754, 143120312, 222551320, 19060061, 585852409, 260877789]","[4, 4, 4, 4, 4, 4, 4, 4, 4, 4]"
196,5,"[6, 7, 10]",3,0.31481162179261446,0.053932588547468185,2.6595693685424826,"[306931078, 405845132, 82312785, 168998111, 120938282, 432681985, 511250089, 327950004, 352312163, 235087676]","[6, 6, 6, 6, 6, 6, 6, 6, 6, 6]"
197,5,[12],1,0.12926943134516478,0.02179168025031686,3.2397337595466524,"[434719975, 472032412, 324237631, 520654767, 442910672, 396281211, 519747256, 520708963, 3086313, 520654769]","[12, 12, 12, 12, 12, 12, 12, 12, 12, 12]"
198,5,[19],1,0.05200131610035896,0.017512492835521698,1.2741980063728988,"[117765081, 373308842, 190182926, 207357695, 150867596, 329067235, 57539513, 144646103, 359502231, 523309804]","[19, 19, 19, 19, 19, 19, 19, 19, 19, 19]"
199,5,"[9, 19]",2,0.10192409437149763,0.030189923476427794,1.233052108436823,"[161356029, 54506849, 44487264, 387032307, 161446401, 6822141, 129685551, 64708726, 132931482, 196552966]","[9, 9, 9, 9, 19, 9, 9, 9, 9, 9]"
200,5,"[10, 15]",2,0.22490354627370834,0.03646144038066268,2.8415429975138977,"[175096196, 260860729, 381846485, 296481143, 100710622, 397088663, 175919348, 199360428, 120517343, 515305740]","[15, 15, 15, 15, 15, 15, 15, 15, 15, 15]"
201,5,"[7, 10, 18]",3,0.31601716112345457,0.06141098961234093,2.668629302022358,"[192395646, 90855074, 37233593, 37233594, 90855069, 90855073, 90855072, 397185503, 205513516, 171362839]","[18, 18, 18, 18, 18, 10, 7, 18, 18, 7]"
202,5,[10],1,0.04148664604872465,0.013558074831962585,1.0396909865085036,"[377330137, 97447570, 30899884, 171581726, 189127591, 243250532, 231977139, 410312031, 377795053, 505238245]","[10, 10, 10, 10, 10, 10, 10, 10, 10, 10]"
203,5,"[10, 12, 14, 18]",4,0.33878510259091854,0.07554900273680687,2.1168335980037227,"[583040551, 557307240, 205637431, 304503096, 135118508, 484396091, 39186597, 370398741, 240826567, 379758349]","[18, 18, 12, 12, 18, 12, 10, 12, 18, 18]"
204,5,"[4, 9, 10]",3,0.1338438829407096,0.04596285708248615,1.0887868956973155,"[575735573, 458857627, 111196413, 205813791, 458945783, 385545486, 541713224, 119116526, 320037205, 513330716]","[9, 4, 4, 4, 4, 4, 4, 10, 4, 9]"
205,5,"[4, 11, 15]",3,0.34200684493407607,0.059338211081922054,2.8450214140272387,"[321331342, 239518695, 262741634, 73491323, 64990351, 220129541, 532511756, 428522198, 377067390, 245250693]","[11, 11, 11, 11, 11, 11, 11, 15, 11, 11]"
206,5,[16],1,0.06515954993665218,0.01635242300108075,1.562462056055665,"[190700844, 136395417, 488840874, 481299369, 488773708, 267748222, 263187519, 75870846, 190684424, 304627095]","[16, 16, 16, 16, 16, 16, 16, 16, 16, 16]"
207,5,"[16, 18, 19]",3,0.19808282144367695,0.050053754821419716,1.6193165847410758,"[80352651, 258132591, 599103989, 269933265, 172759973, 279711769, 278797888, 492165791, 157303392, 547297128]","[19, 19, 19, 19, 19, 19, 19, 19, 19, 19]"
208,5,"[4, 9, 10]",3,0.13392397947609425,0.0464944439008832,1.0887868956973155,"[191219637, 561236930, 335134646, 572823003, 274196408, 249925343, 336144356, 237006714, 150856497, 369261323]","[9, 10, 10, 10, 9, 4, 10, 10, 9, 4]"
209,5,[8],1,0.06341928569599986,0.015059106051921844,1.5253760810010135,"[457932028, 424620168, 270001057, 126485989, 494806968, 74788566, 192111966, 411217520, 474884568, 499019896]","[8, 8, 8, 8, 8, 8, 8, 8, 8, 8]"
210,5,"[1, 6]",2,0.12846373207867146,0.03168701892718673,1.5751757154939696,"[282181337, 178507622, 228138065, 250579398, 250574266, 209004159, 15306275, 442590983, 318470684, 283438076]","[6, 6, 6, 6, 1, 1, 6, 6, 6, 6]"
211,5,"[2, 4]",2,0.12383788777515292,0.0336384829133749,1.511620124685578,"[421614196, 421687499, 191842553, 20298494, 238211637, 369160946, 425881387, 201239098, 5867019, 63479802]","[4, 2, 4, 4, 4, 2, 2, 4, 4, 4]"
212,5,"[1, 10]",2,0.08903760695829988,0.02771064918488264,1.0979662630707026,"[427804312, 358787744, 519149511, 291297814, 456252842, 519010642, 543821520, 513653417, 44796746, 519699142]","[10, 10, 10, 10, 10, 10, 10, 10, 10, 10]"
213,5,[18],1,0.0843477938324213,0.018652914091944695,2.0212896917946637,"[204398649, 300328709, 558467379, 544707789, 558590194, 371938691, 206269197, 294209137, 558590247, 95669075]","[18, 18, 18, 18, 18, 18, 18, 18, 18, 18]"
214,5,"[1, 15]",2,0.23269884381443262,0.03669734578579664,2.8998182740760967,"[267139604, 504362065, 314766071, 503767635, 240944350, 587386477, 200675898, 98637538, 346695252, 84617931]","[1, 1, 1, 1, 1, 1, 15, 1, 1, 15]"
215,5,"[4, 7, 8]",3,0.2974299783818424,0.05941514018923044,2.5016822662825384,"[393240007, 186621488, 476534121, 78231511, 376103890, 337600592, 6324193, 88350989, 227699365, 348414417]","[4, 4, 4, 4, 4, 4, 4, 4, 4, 4]"
216,5,"[6, 10, 18]",3,0.20673239463940263,0.059175010304898024,1.6850301898860682,"[545738633, 131520801, 22256055, 209620308, 342089625, 478804827, 412804426, 460533547, 182740574, 504022969]","[6, 10, 6, 6, 6, 6, 10, 6, 6, 6]"
217,5,[4],1,0.0422674180008471,0.013895933050662279,1.034763490082696,"[181530598, 342643440, 283438531, 74957088, 402439230, 87897254, 299742533, 423282609, 121885518, 504243297]","[4, 4, 4, 4, 4, 4, 4, 4, 4, 4]"
218,5,"[4, 7, 15]",3,0.4191123666241765,0.0703821973875165,3.541021908788631,"[280640095, 259608549, 536676136, 212001876, 515146148, 311527520, 465222397, 62118408, 588522823, 137043841]","[15, 15, 7, 4, 15, 4, 7, 15, 15, 7]"
219,5,[6],1,0.08071126695722342,0.02012360794469714,1.9941098913550377,"[8696237, 112356361, 152426640, 371110076, 152569041, 287037603, 18920992, 359534568, 189708846, 558990484]","[6, 6, 6, 6, 6, 6, 6, 6, 6, 6]"
220,5,[18],1,0.08282407466322184,0.018473968841135502,2.0212896917946637,"[215754056, 280571589, 150427883, 513647318, 503339302, 559843314, 360877241, 406213581, 139067753, 318304110]","[18, 18, 18, 18, 18, 18, 18, 18, 18, 18]"
221,5,"[7, 10, 15]",3,0.418596142437309,0.06570495991036296,3.542664407597234,"[549189925, 138022694, 486320206, 43702799, 433911307, 55619757, 446883112, 429384938, 359949891, 451661731]","[7, 7, 10, 7, 10, 15, 15, 15, 15, 7]"
222,5,"[4, 8, 16]",3,0.16881520487368107,0.046812333166599274,1.3742005423797916,"[75657568, 499399679, 500920022, 530989305, 427708890, 121838834, 75728776, 370266957, 409790152, 337671548]","[8, 16, 8, 16, 8, 8, 8, 8, 16, 16]"
223,5,"[6, 7, 9, 10, 15]",5,0.5488121998496354,0.10244809789583087,2.7628018649294974,"[499165963, 244806872, 39179679, 62184164, 515925033, 387930108, 336165488, 388217715, 23305869, 190090106]","[6, 6, 6, 6, 9, 6, 6, 6, 6, 6]"
224,5,"[10, 15]",2,0.22709149261936545,0.039929966907948256,2.8415429975138977,"[142742184, 365575534, 142742154, 142742176, 301057788, 300763913, 151510096, 176081801, 215296272, 325171190]","[15, 15, 10, 10, 10, 10, 15, 10, 15, 10]"
225,5,"[1, 4, 8, 14]",4,0.24027273571118712,0.06479337112978101,1.4707502662204206,"[500500670, 204872419, 261717024, 448708491, 108034951, 316260945, 308059852, 271403247, 283243693, 208734272]","[1, 1, 1, 1, 1, 1, 1, 1, 1, 1]"
226,5,"[1, 3, 12]",3,0.38549420423805714,0.06247253203764558,3.9643990998932472,"[278009245, 326881909, 200689784, 435322483, 338557570, 278009243, 213097581, 578033863, 277984274, 384325897]","[1, 12, 1, 12, 3, 12, 12, 12, 3, 12]"
227,5,"[4, 10, 18]",3,0.1654320857487619,0.047272464726120234,1.365248056128621,"[70718408, 185309778, 234748239, 169715958, 190064966, 408452482, 449549112, 190011432, 485474420, 1012876]","[10, 10, 10, 10, 10, 10, 18, 10, 10, 10]"
228,5,"[10, 11]",2,0.15822754194959998,0.03617644589394331,1.9482983649941161,"[461672923, 469749072, 591050149, 6267407, 23439075, 419969441, 443494384, 463037353, 219607106, 432341206]","[10, 10, 10, 10, 10, 10, 10, 10, 11, 10]"
229,5,[15],1,0.18333574896678329,0.02871516579762101,4.643395008519292,"[165110528, 67586582, 99217799, 224393251, 134889273, 210985184, 466738673, 512128119, 594482286, 586084807]","[15, 15, 15, 15, 15, 15, 15, 15, 15, 15]"
230,5,"[3, 7, 9, 10, 15]",5,0.6752033792436123,0.11366427596658468,3.8634242867585273,"[474953049, 332889903, 80636957, 3530994, 111052390, 477937311, 59000368, 342339335, 314003587, 193545189]","[10, 9, 7, 10, 10, 9, 7, 10, 10, 9]"
231,5,"[2, 9, 12]",3,0.26098713045939803,0.056218968238681555,2.1400389097786197,"[89991653, 580530365, 168182756, 104853591, 419975735, 428699298, 584630012, 80501965, 579739999, 216926879]","[9, 2, 9, 2, 2, 2, 2, 9, 2, 9]"
232,5,"[3, 13]",2,0.280361392069608,0.045358406845480204,4.661708984756842,"[98713409, 177909277, 147394442, 91107562, 147394445, 546114314, 214941217, 5025601, 490019212, 299818871]","[3, 13, 13, 13, 13, 13, 13, 3, 13, 13]"
233,5,"[4, 10, 11]",3,0.20114744314923882,0.05774278147146106,1.6437867400236428,"[15599098, 504984856, 277688060, 242431554, 239327738, 396066068, 126373020, 194968599, 212705817, 111084544]","[11, 4, 10, 11, 11, 4, 10, 4, 4, 4]"
234,5,"[10, 11]",2,0.15824751229956746,0.03443951066583395,1.9482983649941161,"[159770241, 344713989, 576938714, 267320803, 112874534, 584767076, 98413529, 591298840, 551654143, 187169498]","[11, 11, 11, 10, 11, 11, 11, 11, 10, 10]"
235,5,[2],1,0.08162115793675184,0.017683118116110563,1.98847675928846,"[207287074, 581377569, 487295500, 315719430, 581364594, 241399605, 260869230, 76527956, 263214848, 72293122]","[2, 2, 2, 2, 2, 2, 2, 2, 2, 2]"
236,5,"[2, 3, 9]",3,0.33977026073262095,0.06098711537197232,3.5592016567631313,"[413571677, 71337707, 387443201, 74285056, 436032610, 300511196, 313587589, 352634651, 284487473, 207428566]","[3, 3, 2, 2, 3, 3, 3, 2, 9, 3]"
237,5,"[10, 12]",2,0.17132206493988633,0.03795879101380706,2.139712373027578,"[146209864, 207416052, 443569561, 19206867, 192562765, 308277021, 244611117, 199106263, 308914882, 63646436]","[12, 12, 12, 10, 12, 12, 12, 12, 12, 12]"
238,5,"[4, 8]",2,0.10446788184344769,0.031985645182430744,1.2800697855418548,"[111866789, 389621074, 459518741, 258697845, 30828443, 420000791, 241714159, 278139817, 190378584, 466260774]","[4, 4, 4, 4, 4, 4, 4, 4, 4, 4]"
239,5,[19],1,0.0522367088124156,0.015897606033831835,1.2741980063728988,"[576170942, 471806674, 540790931, 576845681, 471806675, 341138726, 497348389, 47270806, 437624085, 593293856]","[19, 19, 19, 19, 19, 19, 19, 19, 19, 19]"
240,5,[2],1,0.08162407111376524,0.017527949064970016,1.98847675928846,"[465379783, 533899989, 570130124, 470519715, 311758170, 592727661, 476286188, 585443139, 384752977, 161715035]","[2, 2, 2, 2, 2, 2, 2, 2, 2, 2]"
241,5,"[10, 15]",2,0.22660896414890885,0.03963431902229786,2.8415429975138977,"[387494349, 418437896, 142854679, 441430417, 220021585, 177368619, 435016144, 278381767, 143084785, 128269911]","[15, 15, 10, 10, 15, 15, 10, 15, 10, 15]"
242,5,"[8, 9]",2,0.11196218803524971,0.030523141846060753,1.3586411457508802,"[61204959, 761823, 555866732, 299371034, 351830174, 5598323, 89250462, 577712007, 454956159, 530384155]","[8, 9, 9, 9, 9, 9, 9, 9, 8, 9]"
243,5,"[1, 10, 18]",3,0.1706555662676692,0.046679629012942314,1.405740739312023,"[277112741, 412187181, 93936342, 197802243, 312754310, 10632284, 93936350, 412324312, 93936343, 159130502]","[10, 18, 10, 10, 10, 10, 18, 10, 18, 10]"
244,5,"[7, 10, 14, 15]",4,0.5039735417813063,0.09015777381137013,3.198653294239193,"[313444692, 222662854, 435256884, 142206264, 420042020, 186926046, 35624740, 538738585, 480611876, 320549545]","[10, 15, 14, 10, 10, 14, 7, 10, 15, 7]"
245,5,"[0, 10]",2,0.11090874252840877,0.030258596409112215,1.3887195638380945,"[256759132, 99533321, 256964906, 92583006, 299765828, 184019389, 256556031, 493483566, 572516081, 55115253]","[0, 0, 0, 0, 0, 0, 0, 0, 0, 0]"
246,5,"[1, 10, 18]",3,0.17169602075591683,0.04491763608530164,1.405740739312023,"[1251765, 224696016, 267429588, 586105672, 350919020, 459914452, 454666523, 93685992, 401097672, 475758851]","[1, 1, 1, 1, 1, 1, 1, 1, 1, 1]"
247,5,"[4, 10, 12]",3,0.21344519406557083,0.04598503513261676,1.7713960787126173,"[110667555, 106514885, 166871090, 403273476, 448625263, 431696917, 500607342, 135020684, 511711649, 15388158]","[4, 12, 12, 10, 10, 12, 12, 12, 12, 12]"
248,5,"[1, 15, 18]",3,0.31243388494476676,0.054739825427532196,2.606975413315619,"[417626872, 417719329, 432668821, 515175143, 388113716, 116519538, 466821590, 532062416, 349897224, 32834108]","[18, 15, 18, 18, 1, 1, 15, 18, 18, 18]"
249,5,"[7, 8, 16, 18]",4,0.40074268775060773,0.0769619382917881,2.513508764153812,"[349775003, 515826092, 14830073, 277428547, 339887798, 187344339, 385121512, 81588480, 171432387, 106007664]","[16, 18, 16, 16, 16, 8, 16, 18, 16, 16]"
250,5,"[1, 6, 10]",3,0.17029239609837532,0.04449312435463071,1.3966808058321476,"[69230666, 478950957, 336633819, 144197282, 287498137, 555327371, 580140457, 54105543, 66945193, 174806554]","[6, 6, 6, 6, 6, 6, 6, 6, 6, 6]"
251,5,[0],1,0.06983713898807764,0.016424584202468395,1.7377481411676854,"[130600393, 296953335, 550154939, 182597693, 16753632, 472006806, 450547638, 107550758, 67926576, 181223926]","[0, 0, 0, 0, 0, 0, 0, 0, 0, 0]"
252,5,"[4, 9]",2,0.0922629339620471,0.028984479140490294,1.1133348502917215,"[556708913, 142114823, 367074455, 158353305, 565558185, 347110418, 147560058, 429330083, 477208341, 123943242]","[4, 4, 4, 4, 4, 4, 4, 4, 4, 4]"
253,5,[4],1,0.04202360939234495,0.016178630758076906,1.034763490082696,"[302744492, 333148443, 436608571, 393663660, 300917590, 262104474, 119623098, 429844938, 187265929, 264070712]","[4, 4, 4, 4, 4, 4, 4, 4, 4, 4]"
254,5,"[4, 8, 18]",3,0.18561092903837562,0.051230400800704956,1.5271430876261245,"[118146128, 48794137, 151510097, 62343332, 598481862, 266668750, 496864727, 145870661, 516570766, 298409541]","[4, 8, 4, 8, 8, 4, 4, 4, 18, 4]"
255,5,"[12, 15]",2,0.31469837483018637,0.04906511213630438,3.941564384032972,"[292534411, 328159846, 30202463, 131355395, 359212294, 357597443, 298166651, 131350912, 455746047, 71636407]","[12, 12, 12, 12, 12, 12, 12, 12, 12, 12]"
256,5,"[14, 15]",2,0.26936185639351606,0.044843012932688,3.4050074813421816,"[277913083, 416954526, 258167317, 19114631, 275902250, 500365760, 22375707, 229754875, 313685055, 515852069]","[15, 14, 15, 15, 15, 15, 15, 15, 15, 15]"
257,5,[1],1,0.04786670720204711,0.014188798144459724,1.1562415396329015,"[434153040, 529403482, 120493665, 529403479, 134269616, 529403503, 522449877, 327915963, 152912651, 188758845]","[1, 1, 1, 1, 1, 1, 1, 1, 1, 1]"
258,5,"[3, 6, 7, 14]",4,0.5671103028580546,0.09470207989215851,4.150714768446051,"[88701253, 490342025, 69535511, 123830971, 134522396, 18282864, 123830953, 591348524, 219917206, 597691292]","[6, 6, 6, 6, 6, 6, 6, 6, 6, 6]"
259,5,"[1, 6]",2,0.12844238802790642,0.034177623223513365,1.5751757154939696,"[154732199, 154732197, 572262770, 347563760, 288178730, 239702580, 144061373, 288178726, 239702579, 453588215]","[6, 6, 6, 6, 6, 6, 6, 6, 6, 6]"
260,5,"[3, 7, 11, 13]",4,0.5915382164530456,0.09376997873187065,4.28130773518933,"[100286525, 10122994, 135317774, 100286527, 155553047, 155553079, 155883553, 88261564, 200916617, 100286529]","[7, 7, 7, 7, 7, 7, 7, 13, 7, 11]"
261,5,"[6, 9, 10]",3,0.17203147523105145,0.04529991140589118,1.4085690294547628,"[74550604, 74550609, 558808179, 207826055, 133329912, 126446586, 586794254, 256605464, 257515729, 507620559]","[6, 6, 6, 6, 6, 6, 6, 6, 6, 6]"
262,5,"[3, 9, 14]",3,0.34314310923218727,0.06619997229427099,3.6185827217220017,"[95720623, 503153203, 53701756, 466037083, 484857871, 175107495, 71433789, 301139874, 484505856, 379825590]","[14, 14, 14, 14, 14, 14, 14, 3, 14, 14]"
263,5,"[2, 4, 10, 15]",4,0.3494257633574307,0.06884606275707483,2.176581561099738,"[557928172, 347969678, 278161760, 257069672, 278093455, 140390112, 122787582, 460470154, 589976649, 159536883]","[10, 4, 10, 4, 10, 10, 10, 4, 15, 4]"
264,5,"[6, 15]",2,0.2676660739816725,0.04664554772898555,3.318752449937165,"[233407006, 435570483, 480249928, 291933944, 322897174, 563613627, 185204568, 484928148, 269699980, 36961042]","[6, 6, 6, 15, 6, 6, 15, 6, 6, 6]"
265,5,"[1, 15]",2,0.2316617239266634,0.0400358228944242,2.8998182740760967,"[523497108, 527786466, 325126919, 557678687, 451363458, 339036093, 5017229, 528044045, 35046230, 411534122]","[1, 15, 1, 15, 1, 15, 1, 1, 15, 1]"
266,5,"[4, 8]",2,0.1042629862204194,0.029171807691454887,1.2800697855418548,"[50386072, 552280843, 329747043, 49049533, 137424482, 27657960, 511570617, 350067893, 175885679, 191456297]","[8, 4, 8, 8, 4, 8, 8, 8, 8, 8]"
267,5,[4],1,0.042167321778833866,0.013699771836400032,1.034763490082696,"[78764858, 371787682, 408203775, 156049288, 111762927, 262088274, 141530784, 371787683, 187389584, 141987363]","[4, 4, 4, 4, 4, 4, 4, 4, 4, 4]"
268,5,[16],1,0.0655348808504641,0.014691231772303581,1.562462056055665,"[74747535, 93361313, 394235956, 171012032, 242572753, 273894787, 471474406, 567164578, 267827370, 90293096]","[16, 16, 16, 16, 16, 16, 16, 16, 16, 16]"
269,5,"[4, 10, 18]",3,0.16534367203712463,0.04312076698988676,1.365248056128621,"[403834415, 39792019, 212352928, 209676733, 39751463, 164593737, 355470976, 267393903, 112690799, 150243399]","[18, 18, 18, 18, 18, 4, 4, 18, 4, 4]"
270,5,"[2, 3, 7, 10]",4,0.5244997818954289,0.08493441995233297,3.8675742435152642,"[502140063, 250722537, 405150403, 71652752, 572451043, 291357335, 441571600, 61032687, 364471701, 436688245]","[2, 2, 2, 2, 2, 2, 2, 2, 2, 2]"
271,5,[8],1,0.06239425903186202,0.0151364179328084,1.5253760810010135,"[91195341, 138546516, 566487614, 485591702, 360930416, 411266584, 81687041, 77469376, 60367323, 424990887]","[8, 8, 8, 8, 8, 8, 8, 8, 8, 8]"
272,5,"[13, 15]",2,0.2578835990279913,0.04470090102404356,3.2347954887663946,"[491439662, 509772699, 7131706, 437331133, 436212736, 9981591, 229911210, 314118588, 334709881, 141531942]","[13, 13, 15, 13, 13, 13, 13, 15, 13, 13]"
273,5,"[2, 7, 11]",3,0.39105388103052974,0.07810210436582565,3.263429910177365,"[64111972, 323016300, 412946388, 38554838, 56080863, 192523111, 337468002, 323926096, 63758061, 419973672]","[11, 11, 11, 11, 11, 11, 7, 7, 11, 11]"
274,5,"[1, 8]",2,0.11035239091143012,0.030211043544113636,1.3408088103169575,"[26248581, 241734167, 387166986, 336161745, 408259553, 328554913, 31417085, 274727017, 439845467, 340559727]","[1, 1, 1, 1, 1, 1, 1, 1, 1, 1]"
275,5,[4],1,0.042003161273896694,0.015193379018455744,1.034763490082696,"[9783334, 408762294, 495212845, 284531044, 247032399, 437489512, 338284993, 495426882, 62715298, 448893192]","[4, 4, 4, 4, 4, 4, 4, 4, 4, 4]"
276,5,"[0, 1, 10]",3,0.15911839762702584,0.04067419609054923,1.31122688910303,"[436029570, 329168428, 321753880, 63366943, 525951911, 207872475, 233499756, 371060307, 93308388, 433422438]","[0, 0, 0, 0, 0, 0, 0, 0, 0, 0]"
277,5,"[10, 11, 18]",3,0.240118816960603,0.05113270506262779,1.9726288072609652,"[31946965, 32028002, 327591504, 31946964, 32028005, 269001050, 3732107, 41456240, 32028003, 373177213]","[18, 18, 18, 18, 11, 18, 18, 18, 18, 11]"
278,5,"[10, 16]",2,0.10632165195420384,0.03324600262567401,1.3010765212820843,"[439466226, 352621923, 352621907, 529409137, 352621916, 20351559, 423643659, 570471915, 331805645, 510207290]","[16, 16, 16, 16, 16, 16, 16, 16, 16, 16]"
279,5,[12],1,0.1293613058514893,0.020874076057225466,3.2397337595466524,"[567262646, 169248418, 426251557, 455673218, 229299783, 332339887, 162829623, 229299782, 418125855, 473109885]","[12, 12, 12, 12, 12, 12, 12, 12, 12, 12]"
280,5,[8],1,0.06238667527213693,0.014837345108389854,1.5253760810010135,"[396548653, 309202531, 234819638, 300725854, 285929706, 540915380, 267221799, 348090363, 230152569, 432588080]","[8, 8, 8, 8, 8, 8, 8, 8, 8, 8]"
281,5,"[4, 8, 18]",3,0.18627653317525983,0.047828754875808954,1.5271430876261245,"[20923670, 540673869, 350376678, 69426985, 453014098, 217346705, 540747418, 497906646, 93762365, 374645979]","[4, 8, 8, 18, 4, 18, 4, 4, 8, 8]"
282,5,"[10, 18]",2,0.12351539172232151,0.032280717976391315,1.5304903391515836,"[237467098, 394836151, 331258768, 570891779, 233516283, 348749289, 432906528, 128599997, 469465863, 107087306]","[18, 18, 18, 18, 18, 18, 18, 18, 10, 18]"
283,5,"[9, 14]",2,0.13632204057648778,0.03750250209122896,1.679263082332909,"[14160279, 240923643, 124464333, 18049756, 252664233, 322446158, 317465019, 596311698, 546175938, 160450665]","[9, 14, 9, 9, 9, 9, 9, 9, 9, 9]"
284,5,"[3, 14, 16]",3,0.35841831378638744,0.06582905817776918,3.7421013369069747,"[431831254, 155854511, 431831252, 408143314, 408143312, 107602992, 83280226, 406208072, 431831258, 362856087]","[3, 14, 14, 3, 14, 14, 14, 14, 14, 14]"
285,5,"[6, 7, 10, 18]",4,0.3981441529467702,0.07370794052258134,2.4999994493555278,"[532143385, 86506156, 422003407, 275996308, 576584029, 300201559, 299904349, 526597483, 560426422, 306595370]","[7, 7, 10, 6, 6, 10, 6, 7, 10, 6]"
286,5,"[9, 10, 18]",3,0.17257378483191133,0.04831662913784385,1.4176289629346381,"[115478596, 276582602, 276458099, 237320852, 501324429, 475940014, 186992543, 265900715, 503664932, 276582619]","[18, 10, 18, 18, 10, 10, 10, 18, 18, 18]"
287,5,"[13, 15]",2,0.25671735452488065,0.04218367347493768,3.2347954887663946,"[112823909, 77084173, 333874711, 591885078, 559222040, 229436305, 452131875, 196272608, 292806210, 452030864]","[15, 15, 15, 15, 15, 15, 15, 15, 15, 13]"
288,5,"[9, 10, 18]",3,0.17289755959063768,0.04776283446699381,1.4176289629346381,"[95079664, 94192487, 6995034, 500337589, 382751863, 54040974, 94218543, 82557147, 274729266, 302296427]","[10, 18, 10, 10, 18, 10, 10, 18, 10, 18]"
289,5,[6],1,0.08060121908783913,0.018198608420789242,1.9941098913550377,"[380973569, 271812242, 477320796, 537280464, 348833724, 154506859, 446038035, 265680106, 565356010, 380973568]","[6, 6, 6, 6, 6, 6, 6, 6, 6, 6]"
290,5,"[2, 4, 18]",3,0.20495834155008197,0.04828152433037758,1.6815099803886067,"[388853099, 388767160, 26542497, 74220946, 335026136, 388836128, 196866050, 74220947, 482047181, 435157765]","[2, 2, 18, 18, 18, 2, 18, 18, 2, 18]"
291,5,[18],1,0.08215604210272431,0.0162041038274765,2.0212896917946637,"[55180270, 103121914, 118339017, 262222674, 99301987, 99291397, 236103545, 486978041, 566763224, 99848174]","[18, 18, 18, 18, 18, 18, 18, 18, 18, 18]"
292,5,[18],1,0.08125501405447721,0.02009784895926714,2.0212896917946637,"[318687032, 8127326, 206135421, 24993123, 476017675, 389185006, 543692718, 373880418, 107836378, 311980908]","[18, 18, 18, 18, 18, 18, 18, 18, 18, 18]"
293,5,[15],1,0.1831479431129992,0.023602951783686876,4.643395008519292,"[522144825, 427752155, 516705024, 135433315, 529288445, 66014884, 198395389, 501176436, 14137287, 466767167]","[15, 15, 15, 15, 15, 15, 15, 15, 15, 15]"
294,5,"[4, 7, 8]",3,0.298685219604522,0.05962554179131985,2.5016822662825384,"[563886477, 213001197, 465010500, 31985819, 54140497, 204607525, 578880790, 7807694, 346102759, 96348791]","[8, 4, 4, 7, 4, 4, 4, 8, 4, 4]"
295,5,[8],1,0.062392243184149265,0.016895561944693327,1.5253760810010135,"[114969831, 115587342, 244816907, 81162601, 491732537, 261569981, 593270778, 99561046, 295186079, 386894806]","[8, 8, 8, 8, 8, 8, 8, 8, 8, 8]"
296,5,"[2, 7, 9, 10]",4,0.3669252321124077,0.07235820684581995,2.291245296015404,"[221277948, 91376011, 583958907, 471280807, 346710300, 75869336, 469776017, 431566857, 216141826, 249866452]","[2, 2, 2, 7, 2, 2, 2, 9, 7, 2]"
297,5,"[9, 10, 12]",3,0.2217373945750296,0.05045878188684583,1.8237769855186343,"[107707630, 349422183, 258577381, 293295108, 3886142, 112748181, 310056089, 85933121, 416647347, 530963308]","[12, 12, 12, 12, 12, 12, 12, 12, 12, 12]"
298,5,"[4, 7, 19]",3,0.28750024270266294,0.06244660960510373,2.4179562414065003,"[590280384, 259061008, 417630863, 368329676, 201034767, 408986900, 549801869, 511931116, 111647559, 178291269]","[7, 19, 19, 19, 4, 19, 19, 19, 19, 19]"
299,5,"[7, 9, 11, 18, 19]",5,0.4949135738424957,0.10149801382794976,2.457841375982389,"[128986416, 187345598, 323592530, 89989777, 128986421, 128986418, 102556579, 451978116, 550730162, 289799620]","[19, 19, 19, 19, 19, 19, 19, 19, 19, 19]"
300,5,"[4, 8, 9]",3,0.15498426603153348,0.04581616958603263,1.2506819271948189,"[5216647, 509310598, 377754002, 212973792, 253702497, 495077904, 214806816, 480882189, 49895144, 442373188]","[8, 8, 8, 8, 8, 8, 8, 8, 8, 8]"
301,5,[6],1,0.0808327398262918,0.018115696031600237,1.9941098913550377,"[497578005, 349264836, 497578006, 81124550, 349264835, 81124549, 81124548, 500290248, 347801903, 145364578]","[6, 6, 6, 6, 6, 6, 6, 6, 6, 6]"
302,5,[9],1,0.049722683150321245,0.014729760587215424,1.191906210500747,"[445623010, 506029373, 429980722, 430081626, 513194856, 286861706, 293035612, 398127814, 270230003, 349471252]","[9, 9, 9, 9, 9, 9, 9, 9, 9, 9]"
303,5,[2],1,0.08136195782572031,0.01640666415914893,1.98847675928846,"[598671264, 509956869, 500365692, 265121756, 352027178, 97553281, 203257239, 44434902, 440711441, 208667523]","[2, 2, 2, 2, 2, 2, 2, 2, 2, 2]"
304,5,"[1, 3, 10, 14]",4,0.38379810797050595,0.07515838043764234,2.964943620201666,"[577762919, 255007978, 60443879, 577608766, 514573485, 299531063, 255023888, 581111003, 580928674, 576785035]","[3, 10, 10, 10, 1, 10, 10, 10, 10, 10]"
305,5,"[1, 3, 14, 16]",4,0.40772333508357406,0.0779001209884882,3.0956363875884563,"[139267695, 145939144, 5992337, 96066774, 381690692, 145936449, 224293438, 381407749, 304284504, 104133120]","[14, 14, 14, 14, 14, 14, 14, 14, 14, 14]"
306,5,[1],1,0.04767768317833543,0.014097054023295641,1.1562415396329015,"[525591755, 245352853, 477671370, 311773372, 537628334, 467431416, 239218509, 269115772, 547675010, 54178310]","[1, 1, 1, 1, 1, 1, 1, 1, 1, 1]"
307,5,"[2, 6, 7]",3,0.3562919716350734,0.06895768037065864,2.975831292802468,"[29670877, 75212121, 181121209, 450094956, 319234280, 55398033, 204078119, 79306088, 79418598, 456825237]","[6, 6, 6, 6, 6, 6, 6, 6, 6, 6]"
308,5,"[11, 15]",2,0.29976391419768333,0.04572429787367582,3.7501503759995103,"[437276629, 572946020, 40391899, 219098741, 380825642, 599176839, 328644929, 198727508, 332416979, 153586794]","[11, 15, 11, 15, 15, 15, 11, 15, 15, 15]"
309,5,[14],1,0.08623705292120576,0.023397478740662336,2.1666199541650712,"[250002006, 507623102, 364536939, 283040642, 289056465, 549644117, 56252653, 320349076, 56252656, 62358601]","[14, 14, 14, 14, 14, 14, 14, 14, 14, 14]"
310,5,[12],1,0.1306904647499323,0.019954072311520576,3.2397337595466524,"[340466601, 343078558, 9052792, 397794235, 524707455, 1235958, 397640572, 285345700, 108990028, 586288111]","[12, 12, 12, 12, 12, 12, 12, 12, 12, 12]"
311,5,[9],1,0.05030726222321391,0.015354723669588566,1.191906210500747,"[472898258, 38976580, 38793200, 274007832, 38661789, 59068555, 233421355, 38725191, 468982041, 481010949]","[9, 9, 9, 9, 9, 9, 9, 9, 9, 9]"
312,5,"[0, 2]",2,0.1507457848638296,0.03462376864627004,1.8631124502280727,"[42882853, 522755097, 104879620, 315508756, 134808188, 547013967, 66300891, 31382543, 148963986, 306691597]","[0, 0, 0, 0, 0, 0, 0, 0, 0, 0]"
313,5,"[16, 18]",2,0.14602157194167376,0.033062577713280916,1.7918758739251643,"[95450006, 18131858, 368361321, 51649025, 242472231, 184956394, 469312614, 5733679, 267401067, 236834601]","[18, 18, 18, 18, 18, 18, 18, 18, 18, 18]"
314,5,[4],1,0.04202024871483445,0.014009214006364346,1.034763490082696,"[457131305, 60335653, 396419128, 396405833, 10567406, 328642351, 77785246, 77785252, 599727782, 333148443]","[4, 4, 4, 4, 4, 4, 4, 4, 4, 4]"
315,5,[6],1,0.0804874268360436,0.018833746667951345,1.9941098913550377,"[121994479, 294990698, 133438173, 9686834, 194219986, 465824620, 474592803, 358078894, 121994492, 592479638]","[6, 6, 6, 6, 6, 6, 6, 6, 6, 6]"
316,5,"[1, 4, 7, 15]",4,0.4661278468556702,0.08134202193468809,2.944826816499699,"[101027280, 110756647, 126808357, 95179376, 94188709, 194450453, 250051484, 320867033, 328548760, 384431566]","[4, 7, 4, 4, 4, 7, 7, 7, 7, 7]"
317,5,"[1, 10]",2,0.08932432997971773,0.026747989933937788,1.0979662630707026,"[58447535, 70318687, 550317659, 572513295, 258863647, 22016492, 10970730, 209411845, 143491125, 22069964]","[10, 1, 10, 10, 10, 10, 1, 10, 1, 10]"
318,5,"[3, 16, 18]",3,0.35463007679209113,0.06471007829532027,3.693657916116839,"[160082892, 575235169, 12570383, 21795038, 84159298, 575039607, 514049798, 503733855, 575215736, 496374460]","[16, 3, 16, 18, 3, 16, 16, 3, 16, 3]"
319,5,"[4, 10, 18]",3,0.1647745817899704,0.04603012278676033,1.365248056128621,"[404430696, 478209292, 255281848, 124742263, 434579361, 70192081, 93719088, 95208796, 31421830, 8267672]","[10, 10, 10, 10, 10, 10, 4, 4, 10, 10]"
320,5,[16],1,0.06457078130915761,0.01547251595184207,1.562462056055665,"[52618152, 555619238, 232770354, 199290394, 221596449, 43187242, 290253010, 74336512, 343785151, 587835539]","[16, 16, 16, 16, 16, 16, 16, 16, 16, 16]"
321,5,"[0, 2, 18]",3,0.23218758404254913,0.051374881993979216,1.9158381974169363,"[443194988, 564137913, 326173960, 488975574, 587293941, 313045269, 495545030, 500891690, 86663814, 544515426]","[2, 2, 2, 0, 18, 2, 18, 18, 18, 18]"
322,5,"[8, 9, 12]",3,0.24156941659748554,0.05024690879508853,1.9856720170161377,"[582146151, 270088517, 201988538, 262195009, 97510527, 71834092, 582163762, 520338230, 348415935, 189287492]","[9, 9, 9, 9, 9, 9, 9, 9, 9, 9]"
323,5,"[2, 4, 9]",3,0.17313871625810862,0.04844770301133394,1.405048819957301,"[240150965, 443189876, 223674422, 337826098, 266404996, 30630437, 76281, 19748457, 375200764, 582191746]","[9, 9, 9, 9, 9, 9, 9, 9, 9, 9]"
324,5,"[1, 11]",2,0.16469688713550568,0.036687553860247135,2.006573641556315,"[362463911, 173815382, 209912267, 555322445, 209451760, 491333210, 237710955, 134499092, 92052315, 184689749]","[11, 11, 11, 11, 11, 11, 11, 11, 11, 11]"
325,5,"[0, 9]",2,0.11923691025003791,0.03194615663960576,1.4648271758342162,"[376544986, 422034686, 27172278, 369991730, 279344354, 279344348, 342077845, 295894959, 499148572, 61039767]","[0, 9, 0, 9, 0, 0, 0, 0, 0, 9]"
326,5,"[9, 15, 18]",3,0.3150860629975796,0.06456607626751065,2.6188636369382343,"[163720348, 178744323, 540420683, 303363349, 203465133, 420048160, 598019073, 586327506, 75062176, 282757273]","[18, 18, 18, 18, 18, 18, 15, 18, 18, 18]"
327,5,"[4, 19]",2,0.096764812245965,0.030549318995326757,1.1544807482277974,"[38808316, 391326468, 99375541, 261009372, 391785252, 324748583, 582697220, 388988728, 587229183, 564945539]","[19, 4, 19, 19, 19, 19, 19, 4, 19, 19]"
328,5,"[10, 14, 15]",3,0.3117848625406623,0.06103591853752732,2.6165686497309557,"[389698482, 278049718, 529137787, 303838005, 547669178, 506328360, 159159732, 84501835, 565009514, 564939248]","[15, 15, 15, 14, 10, 10, 15, 10, 15, 10]"
329,5,"[3, 4, 18]",3,0.3313227416947484,0.061248525977134705,3.517758394125849,"[561552294, 523052135, 125005289, 272524316, 372093244, 63028551, 168415727, 555325823, 439618392, 570907051]","[18, 18, 18, 18, 4, 18, 18, 18, 18, 18]"
330,5,[1],1,0.04758632183074951,0.01398262195289135,1.1562415396329015,"[73456656, 340992822, 161731028, 444706990, 30464257, 21010602, 34874051, 527769665, 331779429, 195826612]","[1, 1, 1, 1, 1, 1, 1, 1, 1, 1]"
331,5,"[2, 12]",2,0.2109927712008357,0.037484421860426664,2.6141052594175562,"[232624377, 33312517, 240079707, 487422558, 84536342, 122995399, 350658106, 140634095, 140634106, 356049878]","[2, 2, 2, 2, 2, 2, 2, 2, 2, 2]"
332,5,"[0, 1, 12]",3,0.2466961620375514,0.050668607000261545,2.0445744801157466,"[50829515, 548338818, 297373147, 156881617, 583971860, 15786981, 68767785, 598937358, 588877634, 102125686]","[1, 1, 1, 1, 12, 1, 0, 1, 1, 0]"
333,5,"[1, 10, 14]",3,0.17569671105593443,0.04507607128471136,1.4541841601021588,"[21887721, 21887722, 90982543, 71946271, 405173455, 582192735, 447832480, 507939321, 547793894, 21963044]","[14, 14, 14, 1, 1, 1, 1, 14, 1, 14]"
334,5,"[0, 12]",2,0.19903447991237044,0.03662694478407502,2.488740950357169,"[270925514, 270865632, 242068515, 228027150, 9440026, 270275797, 232203974, 144506678, 298397353, 228212695]","[12, 0, 12, 0, 0, 0, 12, 12, 12, 0]"
335,5,"[4, 9, 10]",3,0.13357447693124413,0.04266498750075698,1.0887868956973155,"[411780743, 411780744, 411780742, 1177445, 269439474, 446006994, 224942480, 155196349, 411780745, 143476404]","[4, 9, 4, 9, 9, 10, 10, 9, 9, 10]"
336,5,[19],1,0.05193418078124523,0.018314288929104805,1.2741980063728988,"[37021387, 32247138, 230219770, 37021385, 456505601, 211701126, 145497854, 299963746, 553699472, 538192582]","[19, 19, 19, 19, 19, 19, 19, 19, 19, 19]"
337,5,"[16, 18]",2,0.14613552624359727,0.03658899385482073,1.7918758739251643,"[95368777, 203473006, 564303123, 468460632, 277178435, 529337852, 193696745, 584147459, 277377922, 273207161]","[16, 16, 16, 16, 16, 16, 16, 16, 16, 16]"
338,5,"[1, 4, 7]",3,0.28333789110183716,0.05657538631930947,2.3786374191598347,"[356632527, 239813570, 597290452, 135165715, 446170297, 204511269, 284565337, 194266796, 346506431, 155162420]","[4, 7, 4, 1, 4, 7, 4, 4, 4, 1]"
339,5,"[10, 12]",2,0.17162968590855598,0.03307880274951458,2.139712373027578,"[320861935, 320707800, 490859056, 172479299, 538813565, 193478910, 533184112, 392701744, 598098150, 490153215]","[12, 12, 12, 12, 12, 12, 12, 12, 12, 12]"
340,5,"[2, 3, 10, 11]",4,0.44808223471045494,0.08114912733435631,3.34557387244422,"[110245053, 205334999, 96153935, 580511173, 407849165, 407849164, 152630950, 118493766, 110051409, 335447982]","[11, 11, 2, 11, 2, 2, 10, 10, 2, 2]"
341,5,"[10, 18]",2,0.12264422047883272,0.029947332106530666,1.5304903391515836,"[154769397, 14327567, 505277148, 597756374, 362975021, 333711429, 73146961, 155733062, 201779799, 272740960]","[18, 18, 18, 18, 18, 18, 18, 18, 18, 18]"
342,5,[9],1,0.04989228397607803,0.014217214658856392,1.191906210500747,"[544529226, 178126547, 434004728, 364333490, 124219897, 295274232, 546813437, 487292630, 137599263, 80328316]","[9, 9, 9, 9, 9, 9, 9, 9, 9, 9]"
343,5,"[4, 8, 9]",3,0.1571434778161347,0.04720465559512377,1.2506819271948189,"[74599469, 121073826, 19046699, 275095638, 19032231, 494339092, 121004037, 320443488, 399238522, 237470646]","[4, 8, 8, 8, 8, 9, 9, 8, 9, 8]"
344,5,[19],1,0.052371750585734844,0.013944604899734259,1.2741980063728988,"[324570433, 499501922, 14509374, 322419595, 159206067, 201968293, 581916054, 257600161, 178207983, 119106195]","[19, 19, 19, 19, 19, 19, 19, 19, 19, 19]"
345,5,"[4, 10, 18]",3,0.16497240914031863,0.045474983751773834,1.365248056128621,"[247018026, 411741082, 225625059, 502463944, 86262583, 268623661, 401105112, 264515711, 96923747, 38214044]","[4, 4, 18, 10, 18, 4, 4, 4, 4, 10]"
346,5,"[3, 14]",2,0.2944345804862678,0.04757576296105981,4.831920977332629,"[469885381, 322296349, 345771787, 528473605, 270259749, 242203901, 202729390, 528328358, 528553760, 321245463]","[14, 14, 14, 14, 14, 14, 14, 14, 14, 14]"
347,5,"[10, 11]",2,0.15866463677957654,0.03521909937262535,1.9482983649941161,"[150965396, 408040541, 443720079, 105712961, 141603146, 31356448, 317439346, 131836456, 144030917, 219300585]","[10, 10, 10, 10, 10, 10, 10, 10, 10, 10]"
348,5,"[4, 8]",2,0.10443057306110859,0.02922284882515669,1.2800697855418548,"[480510619, 264874268, 424876607, 313713527, 593463706, 334800092, 449428822, 551281035, 341745243, 360667303]","[4, 8, 8, 4, 4, 4, 8, 8, 8, 8]"
349,5,[12],1,0.12959260493516922,0.022001280914992094,3.2397337595466524,"[205075779, 518082191, 303948200, 515410196, 535525097, 3473498, 505982366, 163597338, 94140642, 50411599]","[12, 12, 12, 12, 12, 12, 12, 12, 12, 12]"
350,5,"[1, 4, 9]",3,0.1397632728330791,0.04342323262244463,1.127637080072115,"[552557021, 434403656, 212967491, 206104064, 57354181, 506655783, 394576362, 446723605, 496925341, 91815736]","[1, 9, 9, 1, 9, 9, 9, 9, 1, 9]"
351,5,"[4, 15]",2,0.22581674065440893,0.038217066321522,2.839079249300994,"[414918447, 302407789, 202543560, 345593860, 134196766, 555485137, 201800312, 120913126, 405530788, 382104732]","[4, 15, 15, 4, 15, 15, 4, 15, 15, 15]"
352,5,[9],1,0.05016140593215823,0.015995909925550222,1.191906210500747,"[159288444, 417466966, 56516313, 180175964, 104653458, 156838138, 42263526, 357557057, 387408181, 466434926]","[9, 9, 9, 9, 9, 9, 9, 9, 9, 9]"
353,5,"[1, 6]",2,0.12868149718269706,0.030902152881026268,1.5751757154939696,"[25674236, 326988573, 372292721, 330083391, 25134399, 576733558, 493906171, 384103588, 64349747, 591849587]","[1, 1, 1, 1, 1, 1, 1, 1, 1, 1]"
354,5,"[7, 15, 16]",3,0.4429566781036556,0.07238012691959739,3.716921430779621,"[42421737, 233253797, 474393003, 231312021, 233623476, 372044653, 565645539, 433467104, 30060169, 22594512]","[15, 15, 16, 16, 16, 16, 15, 15, 16, 16]"
355,5,"[0, 12]",2,0.19953681761398911,0.03892756346613169,2.488740950357169,"[87021594, 274901251, 396054179, 256915759, 20412225, 20412227, 211761613, 323296596, 402913985, 261382052]","[12, 12, 12, 12, 12, 12, 12, 12, 12, 12]"
356,5,[8],1,0.06232200376689434,0.015251874923706055,1.5253760810010135,"[170590119, 566590608, 535465729, 585089075, 500772338, 2475738, 220715901, 552465458, 181258307, 505272518]","[8, 8, 8, 8, 8, 8, 8, 8, 8, 8]"
357,5,"[1, 3, 11, 15]",4,0.5558926002122462,0.09051361633464694,4.038441073033027,"[145303728, 345072956, 486964958, 596220805, 215582082, 269280226, 226256161, 20289167, 365824066, 133281158]","[3, 1, 3, 15, 1, 1, 1, 3, 11, 3]"
358,5,"[0, 3, 8, 16]",4,0.40545577509328723,0.07700917311012745,3.080702069681138,"[115445650, 528307780, 544200146, 272371036, 512415721, 587499404, 66503026, 346765951, 191777500, 368373573]","[16, 16, 16, 8, 16, 16, 16, 16, 16, 8]"
359,5,"[3, 9, 11, 13]",4,0.44838870223611593,0.08383262623101473,3.34305748087354,"[492808589, 98481624, 299057857, 576887731, 188123443, 85572175, 134952102, 252778166, 574858727, 30469252]","[11, 13, 11, 3, 13, 11, 13, 11, 3, 11]"
360,5,"[10, 18]",2,0.12297731311991811,0.03404856566339731,1.5304903391515836,"[83615098, 560097478, 116130435, 285059303, 82007844, 108729357, 238382316, 130547941, 130547940, 93471630]","[18, 18, 18, 18, 18, 18, 18, 18, 18, 18]"
361,5,"[10, 18]",2,0.12283548573032022,0.03142580296844244,1.5304903391515836,"[596391226, 463781484, 515084687, 436692252, 278141538, 448391032, 539789, 285358626, 365412974, 33657821]","[10, 10, 10, 10, 10, 10, 10, 18, 10, 18]"
362,5,[19],1,0.05209088604897261,0.017395308706909418,1.2741980063728988,"[181186798, 260871767, 337262410, 421965958, 485661198, 366632790, 225971949, 586569143, 496826717, 402789619]","[19, 19, 19, 19, 19, 19, 19, 19, 19, 19]"
363,5,"[4, 15, 19]",3,0.2786779999732971,0.054420209024101496,2.3174521683249623,"[404152756, 135637909, 492797066, 369378202, 392644045, 156966002, 141525826, 198456938, 394211358, 556055042]","[19, 19, 19, 19, 19, 19, 19, 19, 19, 19]"
364,5,"[9, 10]",2,0.0915181958116591,0.029014081228524446,1.1157985985046253,"[91045656, 486626085, 204742224, 372753153, 385141856, 51508468, 66350734, 146153024, 339210615, 522588484]","[10, 9, 10, 10, 9, 9, 10, 10, 10, 10]"
365,5,[8],1,0.06273240596055984,0.015457731671631336,1.5253760810010135,"[306207211, 197331121, 203175694, 316696373, 313969716, 330572212, 456267931, 438299625, 10900861, 301709126]","[8, 8, 8, 8, 8, 8, 8, 8, 8, 8]"
366,5,"[4, 8]",2,0.10566622670739889,0.03021686989814043,1.2800697855418548,"[455362795, 547837044, 264135115, 199669026, 149546661, 246851835, 583648455, 123763385, 5952161, 530958717]","[8, 4, 8, 4, 4, 4, 8, 8, 8, 8]"
367,5,"[4, 9, 18]",3,0.173448926769197,0.049096728675067425,1.4159864641260356,"[592022775, 308670354, 422186634, 323250630, 200648154, 95806496, 172532783, 308295994, 200798961, 323250633]","[18, 18, 18, 18, 18, 18, 18, 18, 18, 18]"
368,5,"[10, 18]",2,0.12345209810882807,0.03238775860518217,1.5304903391515836,"[489056790, 395322761, 121118877, 179716299, 179716297, 187531467, 189125274, 303104865, 208215792, 395180970]","[18, 10, 18, 18, 18, 18, 10, 18, 10, 18]"
369,5,"[4, 8, 9]",3,0.1540329372510314,0.045777034014463425,1.2506819271948189,"[61703972, 61743325, 456804392, 61752470, 148089195, 141600336, 385852294, 61701416, 394788145, 397660759]","[9, 9, 9, 4, 9, 4, 9, 4, 4, 4]"
370,5,"[1, 6, 7, 12, 14]",5,0.5376901221461594,0.09844267321750522,2.700322474492714,"[552262509, 531906113, 156798773, 386370629, 546441264, 138894530, 138912973, 222372382, 196731743, 26824776]","[6, 6, 6, 6, 6, 6, 6, 6, 6, 6]"
371,5,"[6, 15]",2,0.26429153652861714,0.043078782968223095,3.318752449937165,"[347438014, 358566633, 153495727, 530484371, 541941753, 33031887, 360459976, 124305236, 588247534, 468824808]","[6, 6, 6, 6, 6, 6, 6, 6, 6, 6]"
372,5,"[4, 10, 15]",3,0.2684790100902319,0.058013664558529854,2.239283161703497,"[176321989, 26724660, 401719682, 489230763, 462821411, 155680535, 576811218, 51806742, 412255781, 458637425]","[15, 10, 15, 15, 10, 15, 15, 10, 4, 15]"
373,5,"[4, 10, 12]",3,0.2170196152292192,0.05084048118442297,1.7713960787126173,"[66945228, 465968946, 300146070, 360026906, 465968945, 164493173, 229418332, 444098041, 164488032, 164493172]","[12, 12, 10, 12, 12, 10, 12, 10, 12, 12]"
374,5,"[10, 18]",2,0.12269340688362718,0.031307690776884556,1.5304903391515836,"[79589330, 79534942, 239266185, 79534940, 188660258, 558861992, 79534945, 33889460, 79589332, 79589340]","[18, 18, 18, 18, 18, 18, 18, 10, 10, 18]"
375,5,"[18, 19]",2,0.13382420828565955,0.03411339921876788,1.6477438490837812,"[134388981, 245501608, 341926663, 19460929, 411893873, 142161118, 273275512, 417593582, 391471009, 151715458]","[18, 19, 18, 18, 19, 18, 19, 18, 19, 19]"
376,5,"[0, 3, 12]",3,0.4063721979036927,0.060810540802776814,4.158234633738175,"[29860004, 224687115, 430108805, 549658907, 363253381, 224687114, 331387184, 44868288, 464372173, 355006663]","[12, 12, 12, 0, 12, 12, 12, 12, 0, 12]"
377,5,"[0, 1, 12]",3,0.24726202292367816,0.050225821789354086,2.0445744801157466,"[56178028, 83860641, 310057238, 36342745, 505853689, 308122527, 495216563, 100307694, 265575123, 83770436]","[0, 12, 12, 12, 12, 0, 12, 1, 12, 12]"
378,5,"[1, 9, 15, 19]",4,0.33416448812931776,0.07359984423965216,2.06643519125646,"[300327905, 341826571, 543287896, 273445499, 342019526, 294973938, 353521206, 353521205, 53559895, 269836647]","[19, 1, 9, 19, 19, 9, 9, 19, 1, 1]"
379,5,"[0, 12]",2,0.19934731302782893,0.040815893560647964,2.488740950357169,"[12089838, 409308153, 279173090, 200819316, 510955809, 18158405, 409344194, 18099339, 409553179, 205849980]","[0, 0, 0, 0, 0, 12, 0, 0, 0, 0]"
380,5,[16],1,0.06453158101066947,0.01617690408602357,1.562462056055665,"[304497584, 17612596, 40392331, 458293671, 219542869, 489730225, 489018548, 435728385, 411997921, 292070009]","[16, 16, 16, 16, 16, 16, 16, 16, 16, 16]"
381,5,"[8, 9, 11, 15]",4,0.41326733212918043,0.08818855183199048,2.5543957608751953,"[424030314, 227089945, 346197319, 321860061, 279535364, 474407507, 86367605, 285411526, 116966270, 38291544]","[8, 8, 8, 8, 8, 8, 8, 8, 8, 8]"
382,5,"[7, 8]",2,0.25563658820465207,0.045512041077017784,3.23514165438246,"[237070538, 250863806, 465859512, 383570211, 570915567, 125834934, 367520154, 241452672, 218013835, 271777426]","[7, 8, 8, 8, 7, 8, 7, 8, 8, 7]"
383,5,"[4, 9]",2,0.09205259894952178,0.029754979070276022,1.1133348502917215,"[428836726, 362624711, 153251771, 529137040, 173223910, 446946485, 374561262, 473620036, 315465772, 437952011]","[4, 4, 9, 9, 4, 4, 4, 9, 4, 4]"
384,5,"[0, 2, 10]",3,0.1937407930381596,0.04808421293273568,1.5886386289882164,"[329782683, 116156864, 94138854, 144925963, 115939265, 382332341, 586296893, 276716142, 410430661, 439824435]","[0, 0, 0, 0, 0, 0, 0, 0, 2, 0]"
385,5,"[0, 2, 10]",3,0.1939248889684677,0.04438064433634281,1.5886386289882164,"[153416261, 267733351, 182528717, 153235230, 366128040, 469428921, 101839990, 590517362, 424861807, 162522802]","[0, 0, 0, 0, 0, 0, 0, 0, 0, 0]"
386,5,"[10, 12, 15]",3,0.35638346476480365,0.058293409645557404,2.974273251524816,"[390481342, 143710637, 487570025, 141191209, 101339458, 270904263, 331629482, 310509952, 526569700, 506188529]","[10, 15, 10, 10, 10, 12, 15, 15, 10, 10]"
387,5,"[0, 12]",2,0.1993407867848873,0.04087867680937052,2.488740950357169,"[518043865, 232349010, 598859102, 365583741, 192108533, 202937140, 271493485, 155960153, 479160814, 257927566]","[0, 0, 0, 0, 0, 0, 0, 0, 0, 0]"
388,5,"[2, 7, 10, 12]",4,0.44738841196522117,0.08147152839228511,2.8032021832768805,"[483114413, 236407296, 195054568, 47736879, 176951052, 300515993, 180470618, 456942255, 443874132, 437918922]","[12, 12, 12, 12, 12, 12, 12, 12, 12, 12]"
389,5,[10],1,0.04157122503966093,0.012095573358237743,1.0396909865085036,"[538601779, 496882961, 377914647, 119245446, 538608985, 121767006, 538608983, 197017447, 485954746, 503161128]","[10, 10, 10, 10, 10, 10, 10, 10, 10, 10]"
390,5,"[0, 10, 12]",3,0.240671721752733,0.054063281044363976,2.005724295740947,"[528194204, 220353823, 589055484, 11924552, 216833046, 7074431, 216763606, 144938751, 11947346, 12059246]","[12, 0, 0, 0, 0, 0, 0, 0, 0, 0]"
391,5,[18],1,0.0813410640694201,0.0186251699924469,2.0212896917946637,"[77610982, 91840173, 38397014, 440724473, 102702268, 180900085, 386629208, 6741054, 315503236, 235551706]","[18, 18, 18, 18, 18, 18, 18, 18, 18, 18]"
392,5,"[2, 4, 10, 18]",4,0.24657194130122662,0.06754055293276906,1.5210552319185808,"[63560910, 25678541, 63560911, 523105272, 150585862, 556048684, 227352658, 178226630, 24745301, 63546005]","[18, 10, 10, 10, 10, 10, 18, 18, 10, 10]"
393,5,[1],1,0.04812779696658254,0.014900226145982742,1.1562415396329015,"[500189727, 221315009, 452735068, 161643426, 526113540, 199372791, 199372793, 500239406, 526118203, 120105951]","[1, 1, 1, 1, 1, 1, 1, 1, 1, 1]"
394,5,"[4, 8]",2,0.10476622404530644,0.031218890100717545,1.2800697855418548,"[536304997, 304811753, 85874049, 379475313, 562827166, 91732236, 428733981, 304545226, 89899767, 553946102]","[8, 8, 8, 8, 8, 8, 8, 8, 8, 8]"
395,5,"[15, 18]",2,0.2649225490167737,0.04319689469411969,3.3323423501569778,"[206505535, 408097720, 80318860, 8975195, 184007788, 35645259, 183991249, 211297727, 48136618, 293315390]","[18, 18, 18, 18, 18, 18, 18, 18, 18, 18]"
396,5,"[9, 10]",2,0.09195887017995119,0.028750911820679903,1.1157985985046253,"[330674736, 579415807, 289714586, 591959983, 192972135, 215444390, 592052919, 361794036, 6133675, 373616646]","[9, 9, 10, 10, 10, 9, 10, 9, 10, 10]"
397,5,"[10, 12]",2,0.17347439983859658,0.03464700095355511,2.139712373027578,"[145714234, 55169815, 539503050, 94145145, 59835821, 85170985, 438584464, 297268490, 571193531, 562647759]","[12, 12, 12, 12, 12, 12, 12, 12, 12, 12]"
398,5,[19],1,0.05223415093496442,0.015727334190160036,1.2741980063728988,"[178701094, 312892472, 169241695, 203131002, 411693942, 119479044, 144741612, 131983821, 355084342, 566728152]","[19, 19, 19, 19, 19, 19, 19, 19, 19, 19]"
399,5,"[4, 8]",2,0.10475150356069207,0.02943632146343589,1.2800697855418548,"[569775401, 251771382, 121998018, 272889916, 40897021, 280740270, 422282892, 281123654, 273884177, 451592938]","[8, 8, 8, 8, 4, 8, 8, 8, 8, 4]"
400,5,"[10, 18]",2,0.12270803097635508,0.03128685895353556,1.5304903391515836,"[472712101, 256119635, 131074138, 310805445, 243220401, 527967879, 436231812, 205923408, 229663079, 374119799]","[10, 10, 10, 10, 18, 10, 10, 10, 10, 10]"
401,5,"[3, 6, 16]",3,0.3530074506998062,0.06046385131776333,3.6845979826369635,"[295204706, 124536510, 571863056, 571814085, 246314100, 415120729, 159442566, 412501211, 281126567, 191635082]","[6, 6, 6, 6, 6, 6, 6, 6, 16, 6]"
402,5,"[10, 18]",2,0.12289718491956592,0.030687878839671612,1.5304903391515836,"[298908210, 298794916, 416738091, 597064447, 544244507, 298912298, 298976203, 298794913, 298815754, 508976102]","[10, 10, 10, 10, 10, 10, 10, 10, 10, 10]"
403,5,"[4, 10, 18]",3,0.16637014457955956,0.04287475114688277,1.365248056128621,"[261927670, 318808977, 214501488, 174888889, 4778370, 521408726, 596202121, 220261913, 98350042, 152732378]","[10, 4, 10, 10, 18, 10, 18, 4, 10, 10]"
404,5,[16],1,0.06457180576398969,0.015416515991091728,1.562462056055665,"[97886077, 583801759, 473294217, 379341816, 454048482, 454060526, 177085785, 351094633, 563371271, 246830600]","[16, 16, 16, 16, 16, 16, 16, 16, 16, 16]"
405,5,"[10, 11, 12]",3,0.2884322218596935,0.058311617001891136,2.3787768298449614,"[405627185, 122718284, 484727722, 57846362, 413149586, 19245188, 218422746, 552689637, 517036859, 419462750]","[11, 12, 10, 10, 10, 10, 11, 12, 10, 11]"
406,5,"[10, 15, 18]",3,0.30650087678804994,0.058334659319370985,2.56812522894082,"[150222919, 371593979, 150222911, 351926731, 190314871, 484440631, 150222912, 158620640, 287430052, 254110013]","[10, 18, 18, 18, 18, 18, 18, 18, 10, 18]"
407,5,"[4, 9, 10]",3,0.1334933596663177,0.04451933316886425,1.0887868956973155,"[108058360, 103119539, 344481742, 17603410, 5090347, 153235153, 18353541, 126781683, 173171432, 142338895]","[4, 4, 10, 10, 4, 10, 10, 4, 4, 4]"
408,5,"[3, 7, 10, 14]",4,0.5277657932601869,0.09145592572167516,3.912110042234417,"[543246526, 169884658, 521940133, 533729561, 77200660, 69224251, 506160660, 275337916, 144637842, 482998963]","[14, 3, 7, 7, 10, 7, 7, 7, 7, 7]"
409,5,"[10, 14, 15, 18]",4,0.39240749925374985,0.07002623099833727,2.4677489102468826,"[414719453, 96343823, 168660390, 190577166, 423782118, 445649374, 136595308, 145906907, 308912251, 409418457]","[14, 14, 10, 10, 10, 14, 15, 18, 10, 18]"
410,5,"[3, 13]",2,0.28014476178213954,0.05030435090884566,4.661708984756842,"[517576628, 64814605, 517576629, 517524722, 41558682, 337244320, 193872855, 517576630, 201440502, 154912482]","[13, 13, 13, 13, 13, 13, 13, 13, 13, 3]"
411,5,"[3, 15, 19]",3,0.44440612895414233,0.07831622054800391,4.471605005130793,"[297057802, 10410030, 578682394, 250298433, 67765886, 227011375, 507953064, 179081506, 412501490, 78231110]","[15, 3, 3, 3, 3, 3, 3, 19, 3, 3]"
412,5,[1],1,0.047742131631821394,0.012268405873328447,1.1562415396329015,"[122123242, 56124422, 583483191, 557347182, 32377145, 154005246, 584562653, 1077062, 542098962, 17342547]","[1, 1, 1, 1, 1, 1, 1, 1, 1, 1]"
413,5,"[3, 7, 8, 14]",4,0.5487275854684412,0.09073521848767996,4.0335313158575445,"[357060457, 322710338, 205162234, 224374198, 322710341, 90927391, 394886739, 320173452, 532431041, 599318449]","[8, 14, 14, 14, 7, 14, 8, 14, 8, 14]"
414,5,"[10, 11, 15]",3,0.34283038415014744,0.0639951634220779,2.8466639128358415,"[373735043, 373577252, 373735037, 373577246, 373735032, 161564275, 451554459, 373577251, 373577253, 271058268]","[10, 10, 10, 10, 10, 10, 15, 15, 11, 15]"
415,5,"[4, 7, 14, 18]",4,0.4022942646406591,0.07706325361505151,2.5418950909515843,"[222743300, 526875218, 26571077, 51606008, 256299, 229908291, 29950755, 573959948, 187279006, 388904014]","[4, 4, 4, 4, 4, 4, 4, 4, 4, 4]"
416,5,"[1, 2]",2,0.12918428424745798,0.028110781218856573,1.5723591494606808,"[470108319, 187476453, 352144327, 184621484, 410316380, 471364122, 420011298, 590226482, 481673020, 301145101]","[2, 2, 2, 2, 2, 2, 2, 2, 2, 2]"
417,5,[1],1,0.04779726779088378,0.013264283072203398,1.1562415396329015,"[91742405, 372893354, 141160630, 527014441, 335349252, 184214797, 372910013, 372715502, 571732185, 490910889]","[1, 1, 1, 1, 1, 1, 1, 1, 1, 1]"
418,5,[1],1,0.04769486840814352,0.014230079017579556,1.1562415396329015,"[290312855, 116276053, 235542195, 470314327, 589267683, 564320836, 335205476, 544729345, 29510027, 5637958]","[1, 1, 1, 1, 1, 1, 1, 1, 1, 1]"
419,5,[18],1,0.08125914400443435,0.019815384410321712,2.0212896917946637,"[441789470, 293909992, 23954440, 251174153, 257403790, 253484640, 523674958, 441789486, 441789478, 21129678]","[18, 18, 18, 18, 18, 18, 18, 18, 18, 18]"
420,5,"[16, 18]",2,0.14577818242833018,0.03183924546465278,1.7918758739251643,"[355486941, 318333310, 398291135, 285141226, 344404566, 355486940, 444205536, 285141225, 100064731, 134128179]","[18, 16, 16, 18, 18, 18, 18, 18, 18, 18]"
421,5,"[4, 9]",2,0.09223516192287207,0.03240702347829938,1.1133348502917215,"[272994238, 465793811, 346140721, 557086401, 53513120, 248624134, 217202170, 51922869, 290663967, 507281989]","[4, 9, 4, 4, 4, 4, 4, 9, 4, 4]"
422,5,"[0, 8]",2,0.13174951216205955,0.03194046067073941,1.6315621110843495,"[519622179, 221771305, 227396417, 78170859, 227396424, 449199702, 590450624, 332673539, 398689986, 520719918]","[0, 0, 0, 8, 0, 0, 0, 8, 8, 0]"
423,5,"[4, 7, 14]",3,0.3222034755162895,0.06329052150249481,2.715430224003891,"[311977664, 41331909, 142599350, 177114757, 102007025, 316537661, 247373154, 305851356, 560042636, 427337179]","[4, 4, 14, 14, 14, 14, 14, 14, 7, 14]"
424,5,"[4, 8]",2,0.10472811246290803,0.030764968134462833,1.2800697855418548,"[557878433, 210879324, 51417397, 113899481, 218572965, 220056791, 454824459, 162655892, 278728764, 222990388]","[8, 8, 4, 4, 4, 4, 8, 4, 8, 4]"
425,5,"[2, 3, 6, 7, 12]",5,0.694033254403621,0.11477714963257313,3.932889927690849,"[69022335, 199616068, 446884236, 142075410, 373960657, 392358263, 523457820, 598807271, 346457589, 189098516]","[6, 6, 6, 6, 6, 2, 6, 6, 6, 6]"
426,5,"[2, 10]",2,0.12325670709833503,0.02868867153301835,1.5140838728984818,"[185679644, 258644311, 369713830, 202801575, 361339920, 236429858, 461860680, 280506815, 256300972, 580867730]","[2, 2, 2, 2, 2, 2, 2, 2, 2, 2]"
427,5,"[0, 12]",2,0.19925678940489888,0.041003732942044735,2.488740950357169,"[37526005, 588402422, 418645657, 593046928, 393734360, 33417771, 567324398, 574932039, 387987088, 470383145]","[0, 12, 0, 12, 0, 12, 12, 12, 12, 12]"
428,5,"[1, 4, 6, 7]",4,0.36490920186042786,0.07850751793012023,2.2825055372086354,"[47765917, 595972156, 233810974, 144388658, 233799325, 230406672, 274424133, 230281270, 556752365, 230381729]","[4, 4, 7, 4, 7, 6, 7, 6, 4, 6]"
429,5,"[10, 12]",2,0.17127282358705997,0.03206100547686219,2.139712373027578,"[418468133, 431002794, 228977595, 288071214, 227073636, 266964121, 348273107, 170991222, 202365462, 456972715]","[12, 12, 12, 12, 12, 12, 12, 12, 12, 12]"
430,5,"[1, 3, 16]",3,0.32127525098621845,0.05702095618471503,3.405308532062918,"[314175095, 222956702, 212190984, 4437641, 203025699, 370061134, 202286739, 140838976, 540336597, 581560069]","[1, 1, 16, 16, 3, 3, 16, 1, 1, 1]"
431,5,"[0, 9]",2,0.11921358481049538,0.03066672943532467,1.4648271758342162,"[118055614, 385448499, 367743840, 180191463, 163478788, 353868886, 519080082, 552004808, 27643132, 470920514]","[9, 0, 0, 0, 9, 0, 9, 9, 0, 0]"
432,5,"[1, 6, 7]",3,0.32226459914818406,0.0573240933008492,2.6984195529172816,"[206788263, 113432794, 113395491, 51649213, 374727675, 207011379, 210367924, 398082577, 479658484, 191995177]","[6, 6, 6, 6, 6, 6, 6, 6, 6, 6]"
433,5,"[7, 10, 15, 16]",4,0.4830042556859553,0.08038086676970124,3.0476138197118416,"[183387762, 213902884, 516760816, 434999243, 154979126, 179571608, 172236172, 439390030, 525240675, 117952759]","[15, 10, 10, 16, 15, 16, 16, 7, 15, 10]"
434,5,"[6, 7, 9]",3,0.32444291235879064,0.06224203621968627,2.710307776539897,"[225652102, 458691173, 565971705, 490241250, 352274841, 312158489, 5649969, 5649968, 429115328, 359674580]","[6, 6, 6, 6, 9, 6, 6, 6, 6, 6]"
435,5,"[4, 8, 18, 19]",4,0.2391788214445114,0.06348399445414543,1.463906817312818,"[255794082, 302766216, 506850432, 181557532, 159361284, 381165460, 211598789, 94748954, 351850430, 534816421]","[19, 19, 19, 19, 19, 19, 19, 19, 19, 19]"
436,5,"[6, 10]",2,0.12266959995031357,0.03480073111131787,1.5169004389317706,"[20069172, 78858363, 12691829, 140863450, 548304356, 437127887, 508225490, 25388469, 33532261, 336991795]","[6, 6, 6, 6, 10, 10, 6, 6, 6, 6]"
437,5,"[4, 8]",2,0.10478603420779109,0.031957709696143866,1.2800697855418548,"[433340456, 57161118, 26448373, 451497625, 214820705, 322602552, 124949268, 40377756, 95138337, 440025973]","[8, 8, 8, 8, 8, 8, 8, 4, 8, 8]"
438,5,"[4, 9, 10]",3,0.1344001474790275,0.042445083148777485,1.0887868956973155,"[49283079, 456559930, 35898600, 314820472, 78071073, 301223922, 297436434, 536520740, 499980533, 371396550]","[9, 9, 10, 9, 9, 9, 9, 9, 10, 9]"
439,5,[2],1,0.08179799513891339,0.01598279131576419,1.98847675928846,"[470639103, 360036417, 518436832, 542847765, 87730836, 116076904, 310170954, 188731557, 591238378, 100259567]","[2, 2, 2, 2, 2, 2, 2, 2, 2, 2]"
440,5,[16],1,0.06553376326337457,0.01565751014277339,1.562462056055665,"[446034911, 58263293, 326555173, 257020445, 559349650, 202266373, 494942197, 436795706, 136800017, 473763689]","[16, 16, 16, 16, 16, 16, 16, 16, 16, 16]"
441,5,"[4, 7, 15]",3,0.4231819100677967,0.06597158964723349,3.541021908788631,"[589061515, 1158459, 391563024, 29300182, 436198169, 568651335, 581863400, 221347291, 326909175, 154101191]","[7, 4, 4, 4, 7, 4, 7, 7, 7, 7]"
442,5,[18],1,0.08220324479043484,0.018138383980840445,2.0212896917946637,"[283126902, 344263312, 27277348, 507585010, 483500865, 557093516, 125839494, 63723385, 364272230, 595441698]","[18, 18, 18, 18, 18, 18, 18, 18, 18, 18]"
443,5,[4],1,0.04252150095999241,0.015509285032749176,1.034763490082696,"[519701173, 451574719, 447356604, 327049016, 9875326, 575743328, 517876917, 314787772, 246462648, 447370669]","[4, 4, 4, 4, 4, 4, 4, 4, 4, 4]"
444,5,"[12, 15, 18]",3,0.39530700258910656,0.06256373459473252,3.301472819953536,"[365229672, 376707067, 582960674, 578795228, 226409735, 354757113, 187776872, 364224531, 444452683, 260134044]","[12, 18, 18, 18, 12, 12, 18, 18, 12, 12]"
445,5,"[1, 9, 10]",3,0.1392647777684033,0.041795514058321714,1.1292795788807173,"[495196780, 436086138, 469014680, 330128090, 162270075, 442489669, 526780422, 446278031, 524971307, 381469699]","[10, 10, 9, 10, 10, 10, 10, 10, 10, 10]"
446,5,"[6, 7]",2,0.2743974104523659,0.04991209274157882,3.469508559559472,"[325408754, 385243883, 26490240, 419719519, 583416468, 325457744, 399794579, 22249358, 535952032, 583342522]","[6, 6, 6, 6, 6, 6, 6, 6, 6, 6]"
447,5,"[0, 9, 18]",3,0.20096537191420794,0.05089436983689666,1.6503146811543654,"[99287103, 81855859, 568486625, 299841255, 499122820, 471263154, 177374318, 471080393, 143253066, 252492197]","[18, 18, 18, 18, 18, 18, 18, 0, 18, 18]"
448,5,"[15, 16, 18]",3,0.3311253096908331,0.0597387608140707,2.742382252123207,"[318536243, 97030774, 461803644, 461433073, 318515758, 461433074, 496460057, 531572768, 38906152, 245436059]","[15, 15, 18, 18, 18, 18, 18, 18, 18, 18]"
449,5,"[10, 13, 18]",3,0.19653440918773413,0.054913779720664024,1.629058882438888,"[447054911, 352040292, 393972249, 267990263, 351982259, 51834142, 351268747, 306591891, 358497620, 456547897]","[18, 10, 18, 18, 18, 18, 18, 18, 18, 18]"
450,5,"[10, 11]",2,0.15912893088534474,0.03508521104231477,1.9482983649941161,"[408884211, 207355559, 25671216, 440986306, 31277728, 113060893, 207533350, 113001490, 342216973, 475883545]","[11, 10, 11, 11, 11, 11, 10, 11, 10, 11]"
451,5,"[9, 16]",2,0.11465030023828149,0.03138666693121195,1.377184133278206,"[255457970, 11907548, 207976466, 392511486, 12021424, 339898836, 91781316, 103231276, 241396449, 312109283]","[16, 16, 16, 16, 16, 16, 16, 16, 16, 16]"
452,5,"[10, 15]",2,0.22623770916834474,0.03710633981972933,2.8415429975138977,"[275408587, 118267505, 532988921, 193079880, 337381772, 299364175, 155594246, 124097705, 334004200, 536291201]","[15, 15, 15, 15, 15, 15, 15, 15, 10, 15]"
453,5,"[9, 12]",2,0.17956143664196134,0.03898698976263404,2.2158199850236997,"[107429106, 185142961, 246867785, 33216306, 584842923, 367344017, 589287312, 185142962, 496337434, 359908947]","[12, 9, 12, 12, 12, 12, 12, 9, 12, 12]"
454,5,[6],1,0.08104480803012848,0.016413801349699497,1.9941098913550377,"[394840734, 204763087, 349953936, 15101628, 84707877, 418617952, 27236663, 213628432, 346566205, 154405305]","[6, 6, 6, 6, 6, 6, 6, 6, 6, 6]"
455,5,"[3, 15]",2,0.3916450347751379,0.055447541642934084,6.07030850450974,"[13789353, 120696219, 403406346, 549335784, 596655532, 534085640, 39847515, 596578636, 598645519, 369462854]","[15, 15, 15, 15, 15, 15, 15, 15, 15, 15]"
456,5,"[3, 11]",2,0.3292406937107444,0.04670395189896226,5.177063871989958,"[365601969, 457555715, 320656730, 139721258, 577637429, 74228742, 334013790, 457916124, 365633226, 168133418]","[11, 11, 11, 11, 11, 11, 11, 11, 11, 11]"
457,5,"[6, 15]",2,0.2647585207596421,0.04941045865416527,3.318752449937165,"[162471685, 136874010, 231705738, 524464579, 571179873, 113888790, 119861582, 186491860, 463699260, 106311894]","[6, 6, 6, 6, 6, 6, 6, 6, 6, 6]"
458,5,"[3, 6]",2,0.290082473307848,0.04588404297828674,4.7456659459276125,"[187787262, 166420139, 215726149, 212547914, 191295996, 115563401, 274449131, 517111948, 378081030, 420588990]","[6, 6, 6, 6, 6, 6, 6, 6, 6, 6]"
459,5,"[4, 7, 10, 19]",4,0.3302888278849423,0.06986392522230744,2.073389927682001,"[483178869, 315889861, 174098819, 315914143, 489818873, 272080642, 151472558, 226086068, 315949387, 35411718]","[7, 10, 19, 10, 7, 10, 7, 7, 10, 7]"
460,5,"[8, 10, 15]",3,0.28802796686068177,0.05898698279634118,2.402820692009603,"[479292604, 301933640, 535548284, 301902290, 318613265, 175490625, 161639518, 466535407, 482889741, 417578861]","[8, 8, 8, 8, 8, 8, 8, 8, 8, 8]"
461,5,"[1, 10]",2,0.08982193656265736,0.026647670194506645,1.0979662630707026,"[400235162, 332873320, 129177492, 270544705, 594292472, 234273248, 317781559, 41028519, 594326342, 178658508]","[1, 10, 10, 10, 10, 1, 10, 10, 1, 10]"
462,5,"[3, 15, 18]",3,0.47396399499848485,0.07352986326441169,4.720635566938047,"[383637803, 231054295, 144569808, 202755365, 53678820, 232274035, 198954823, 185811491, 220204330, 413886969]","[3, 3, 15, 3, 15, 18, 3, 3, 18, 15]"
463,5,[8],1,0.06359023507684469,0.01537472428753972,1.5253760810010135,"[40280342, 81705327, 363770131, 484265681, 14113010, 434870727, 541770102, 432930589, 592003099, 260127737]","[8, 8, 8, 8, 8, 8, 8, 8, 8, 8]"
464,5,"[10, 15]",2,0.22527568927034736,0.036483874544501305,2.8415429975138977,"[302910979, 292312148, 435412727, 81024549, 507575881, 285794450, 285616290, 507678586, 501834736, 285539307]","[15, 15, 15, 15, 15, 15, 15, 15, 10, 15]"
465,5,"[1, 10, 12]",3,0.2198801776394248,0.05047456081956625,1.811888761896019,"[176468700, 213315000, 346243434, 235771350, 148498246, 41816450, 66036315, 93467718, 360689364, 492897766]","[1, 1, 1, 1, 1, 1, 1, 12, 1, 1]"
466,5,"[4, 6, 9, 14]",4,0.26086880592629313,0.06404581991955638,1.596849886525888,"[509991482, 177227322, 352042136, 130287596, 63252988, 25007565, 374165375, 213506514, 498112273, 320267901]","[9, 14, 4, 6, 14, 14, 6, 4, 6, 6]"
467,5,"[10, 18]",2,0.12432224815711379,0.030909161549061537,1.5304903391515836,"[323627120, 18091477, 341299244, 306436514, 54728018, 204994945, 18084019, 474432847, 365102335, 511187086]","[10, 10, 10, 10, 10, 10, 10, 10, 10, 10]"
468,5,"[0, 7, 10]",3,0.30501521145924926,0.05663577048107982,2.574115451813365,"[118178412, 378131796, 365150051, 124297582, 298348149, 319715311, 19581558, 173936900, 341062763, 573528082]","[0, 0, 0, 0, 0, 0, 10, 10, 0, 0]"
469,5,"[3, 10, 15]",3,0.43685653479769826,0.07200687984004617,4.393435998509328,"[355252855, 395200188, 443649785, 455541052, 469937462, 62527222, 450324266, 443485022, 469543999, 556508986]","[10, 15, 3, 3, 15, 3, 3, 3, 3, 15]"
470,5,"[1, 9, 11]",3,0.21568236825987697,0.05106240278109908,1.735017831204459,"[532997059, 176000049, 416502861, 417180042, 81115506, 273980664, 434798733, 178865239, 572770910, 503028256]","[1, 9, 1, 9, 9, 9, 11, 9, 9, 1]"
471,5,"[8, 19]",2,0.11490182252600789,0.03348360490053892,1.3997870436869562,"[139111471, 306886796, 229777518, 63994882, 251805477, 53812755, 138900231, 455625206, 220252179, 283872124]","[19, 8, 8, 8, 19, 8, 8, 8, 8, 19]"
472,5,"[9, 10]",2,0.09163791220635176,0.027480953838676214,1.1157985985046253,"[464201156, 493687953, 99275646, 223346411, 250763915, 357588963, 297833110, 233508947, 591774573, 56675729]","[10, 10, 10, 10, 10, 10, 10, 10, 10, 10]"
473,5,[12],1,0.12997897760942578,0.019625847693532705,3.2397337595466524,"[112947996, 246119311, 99877266, 365812706, 332730644, 104530316, 347892926, 276497222, 302299097, 571956600]","[12, 12, 12, 12, 12, 12, 12, 12, 12, 12]"
474,5,"[0, 9, 12]",3,0.2503771777264774,0.0556052066385746,2.0564627037383616,"[419399602, 419549737, 419425382, 357702048, 111279463, 267500020, 331809858, 305610631, 531818045, 351804448]","[0, 0, 0, 0, 0, 0, 0, 0, 0, 0]"
475,5,"[7, 10, 14, 15]",4,0.5052848695777357,0.08982574380934238,3.198653294239193,"[562404345, 142216812, 435554156, 55793947, 367683341, 143640933, 480679693, 484010576, 381488091, 408058382]","[14, 14, 14, 14, 14, 14, 14, 14, 14, 14]"
476,5,"[10, 13, 15]",3,0.29967672377824783,0.05928762210533023,2.5030939880137644,"[101179090, 101303614, 593885909, 101275642, 219048394, 52588656, 58450946, 172334369, 319053680, 68105347]","[10, 10, 10, 13, 10, 10, 10, 13, 13, 10]"
477,5,"[3, 4, 18]",3,0.33292403956875205,0.06293307896703482,3.517758394125849,"[515987773, 134023122, 134045765, 402584518, 277369238, 461713186, 342526040, 76853389, 450223295, 391252430]","[18, 18, 18, 18, 18, 18, 18, 3, 3, 18]"
478,5,"[0, 9, 10, 11]",4,0.2788993534632027,0.06884817965328693,1.7065627704141662,"[278583544, 65943481, 265290220, 17011777, 151677497, 185132949, 445720643, 326110723, 17103338, 446078741]","[11, 10, 10, 0, 0, 10, 11, 0, 0, 11]"
479,5,"[4, 8]",2,0.10523950913920999,0.030774952843785286,1.2800697855418548,"[298702158, 594147739, 472968727, 297030204, 214642820, 219194969, 711325, 487549793, 547702197, 126991585]","[8, 8, 8, 8, 8, 8, 8, 8, 8, 4]"
480,5,"[2, 10]",2,0.1237027570605278,0.028244030196219683,1.5140838728984818,"[76437166, 148730856, 289687404, 31389939, 54371157, 399769744, 76421893, 583403024, 59100085, 76434255]","[10, 10, 10, 10, 10, 10, 10, 10, 10, 10]"
481,5,"[1, 7, 10]",3,0.28380727861076593,0.05547554325312376,2.380279917968437,"[313386754, 341732680, 393366560, 313233339, 134682753, 161482467, 260811580, 311983683, 264534411, 59130015]","[10, 10, 10, 10, 10, 1, 1, 1, 10, 10]"
482,5,"[3, 12, 13]",3,0.4114601342007518,0.06415986968204379,4.187717243020113,"[512525686, 185414817, 443749071, 442983950, 486542584, 555867870, 144635416, 412352454, 412533088, 270942898]","[12, 12, 13, 12, 12, 3, 12, 12, 12, 12]"
483,5,"[7, 16, 18]",3,0.3396681994199753,0.06317829620093107,2.842886325204745,"[489828717, 310848652, 39414752, 489772051, 489812532, 166713165, 489585111, 489812529, 489585110, 489812530]","[16, 16, 16, 16, 16, 16, 16, 16, 16, 16]"
484,5,"[10, 12, 15]",3,0.3567377799190581,0.059675849974155426,2.974273251524816,"[18606957, 454531142, 297497815, 104332912, 193436670, 86389394, 379833395, 27434076, 77895589, 404521195]","[10, 10, 10, 10, 10, 10, 10, 10, 10, 10]"
485,5,"[2, 4, 10, 19]",4,0.21918107010424137,0.061313232872635126,1.3342823105631396,"[200634062, 202646722, 21333472, 127095969, 338204614, 47062145, 292852348, 396463848, 2360277, 170606102]","[19, 10, 2, 19, 19, 19, 19, 2, 19, 19]"
486,5,"[1, 10]",2,0.08934026909992099,0.0256604659371078,1.0979662630707026,"[56701149, 39076161, 568055858, 263768564, 58447535, 391336856, 417800668, 56763086, 171637616, 56720614]","[1, 1, 1, 1, 10, 10, 1, 1, 1, 1]"
487,5,"[1, 3, 13, 15]",4,0.5133957252837718,0.09107390930876136,3.7807636294164695,"[247713415, 350519092, 57091603, 542594313, 593849168, 19261898, 135846690, 537114744, 593975744, 179829303]","[3, 3, 3, 13, 3, 1, 3, 15, 3, 3]"
488,5,"[1, 3]",2,0.2551927510648966,0.03882417315617204,4.326731770066544,"[399005212, 87256967, 87256965, 116827493, 202144811, 6340035, 78982428, 12995121, 586727256, 255761134]","[1, 1, 1, 1, 1, 1, 1, 1, 1, 1]"
489,5,[2],1,0.08151185093447566,0.017953616101294756,1.98847675928846,"[244730630, 583962548, 422582951, 591290990, 311550525, 190397391, 205670594, 3671082, 520987336, 395580749]","[2, 2, 2, 2, 2, 2, 2, 2, 2, 2]"
490,5,[1],1,0.04777826135978103,0.012931129895150661,1.1562415396329015,"[147860004, 549774917, 279548621, 82761773, 283966976, 253136900, 44292805, 409233162, 484392645, 439160149]","[1, 1, 1, 1, 1, 1, 1, 1, 1, 1]"
491,5,[9],1,0.04992319829761982,0.01830094587057829,1.191906210500747,"[268678452, 453487855, 440347452, 403625282, 2456965, 354402042, 550281212, 81435176, 490443456, 536225976]","[9, 9, 9, 9, 9, 9, 9, 9, 9, 9]"
492,5,"[4, 7, 8, 15]",4,0.48160284757614136,0.08309825789183378,3.037110451841727,"[160760036, 174221182, 24335764, 393169956, 18314610, 28528015, 55836635, 345243402, 192390787, 93996331]","[8, 8, 8, 8, 8, 8, 8, 8, 8, 8]"
493,5,"[7, 15]",2,0.37695319717749953,0.05241152876988053,4.794151118141599,"[47288857, 277272628, 420501350, 402856706, 350020328, 79991391, 277766670, 151806371, 68940733, 400869449]","[15, 15, 15, 15, 15, 15, 7, 15, 15, 15]"
494,5,"[0, 12]",2,0.19907854963093996,0.036642628256231546,2.488740950357169,"[405705380, 205539569, 233429029, 526541966, 186295331, 186246386, 155115209, 428119303, 382854843, 301760601]","[12, 12, 12, 12, 12, 12, 12, 12, 12, 12]"
495,5,"[6, 10, 12]",3,0.2521575391292572,0.04904044233262539,2.0911782124700644,"[25871553, 86639618, 103452026, 9606063, 37237949, 293467789, 196184832, 371519373, 275562567, 103473813]","[6, 6, 6, 6, 6, 6, 6, 6, 6, 6]"
496,5,[10],1,0.04171756189316511,0.014040159061551094,1.0396909865085036,"[236259714, 571862111, 34682763, 229252425, 135594955, 446634837, 291748984, 223787483, 294138131, 238303764]","[10, 10, 10, 10, 10, 10, 10, 10, 10, 10]"
497,5,[19],1,0.052142759785056114,0.017892399802803993,1.2741980063728988,"[299386406, 319058044, 494534355, 364834223, 364842068, 437804398, 308900473, 591029583, 50443737, 41614889]","[19, 19, 19, 19, 19, 19, 19, 19, 19, 19]"
498,5,"[10, 18]",2,0.12310419604182243,0.03438108041882515,1.5304903391515836,"[276146023, 576706550, 578940775, 311036971, 576706551, 35003847, 18787922, 579237344, 570847380, 579237342]","[10, 10, 10, 18, 10, 10, 10, 10, 10, 10]"
499,5,[19],1,0.05208384804427624,0.01519661070778966,1.2741980063728988,"[591551392, 131956001, 467193386, 391865967, 123524978, 313563880, 200658135, 124019936, 457602712, 28805091]","[19, 19, 19, 19, 19, 19, 19, 19, 19, 19]"
500,5,[0],1,0.06926661264151335,0.016660042107105255,1.7377481411676854,"[425777109, 236293030, 479933293, 549363883, 425745683, 425845956, 577488482, 425845955, 540793091, 486638147]","[0, 0, 0, 0, 0, 0, 0, 0, 0, 0]"
501,5,[12],1,0.12942832009866834,0.024867631029337645,3.2397337595466524,"[506606551, 29636583, 317604999, 584524121, 22593284, 240298873, 199862179, 62864624, 200570415, 164293397]","[12, 12, 12, 12, 12, 12, 12, 12, 12, 12]"
502,5,"[1, 9, 10, 18]",4,0.22098959190770984,0.058221923653036356,1.352282107109204,"[538523683, 243179825, 343165763, 559537613, 407800112, 375595151, 229394936, 553852001, 238057012, 192814861]","[1, 10, 10, 18, 9, 1, 1, 10, 1, 1]"
503,5,[10],1,0.04189740214496851,0.012250870931893587,1.0396909865085036,"[66775892, 67675597, 145991549, 336506009, 122988501, 277869308, 346161102, 381972781, 307481867, 506517980]","[10, 10, 10, 10, 10, 10, 10, 10, 10, 10]"
504,5,"[4, 7, 18]",3,0.31629008101299405,0.059045286383479834,2.666986803213755,"[448490378, 409326007, 567927322, 549567211, 405072123, 16291276, 105174944, 495504598, 392446082, 484647602]","[18, 18, 4, 4, 7, 18, 4, 4, 7, 4]"
505,5,"[4, 7, 8]",3,0.297422987408936,0.05854595825076103,2.5016822662825384,"[474871931, 329888215, 221755123, 153410927, 341233569, 251994508, 442082887, 215015443, 310853951, 27685332]","[8, 8, 8, 4, 8, 4, 8, 7, 8, 8]"
506,5,"[4, 15, 18]",3,0.30827279668301344,0.05568370223045349,2.566482730132217,"[570547811, 465117429, 112809579, 22885840, 382313075, 18740924, 95736731, 475097166, 563075895, 543868650]","[4, 4, 4, 4, 4, 4, 4, 4, 4, 4]"
507,5,[8],1,0.06246459810063243,0.01529005216434598,1.5253760810010135,"[426049066, 336438051, 422839851, 102289513, 500345096, 279358314, 271830533, 422863222, 244534552, 113902419]","[8, 8, 8, 8, 8, 8, 8, 8, 8, 8]"
508,5,[9],1,0.049619420897215605,0.01390700601041317,1.191906210500747,"[88155495, 88155494, 203558056, 133048366, 335600884, 349761725, 529499156, 351513107, 453714421, 159299546]","[9, 9, 9, 9, 9, 9, 9, 9, 9, 9]"
509,5,"[1, 10, 14, 18]",4,0.25648078927770257,0.06433619046583772,1.595960543025285,"[136975153, 76102061, 18384764, 447365013, 406168773, 576089588, 406299903, 411642109, 122149532, 505106373]","[1, 10, 1, 1, 1, 1, 1, 1, 1, 1]"
510,5,"[1, 6]",2,0.12974691530689597,0.03156730765476823,1.5751757154939696,"[73624450, 75775109, 425185866, 314113358, 469196941, 289864068, 469172981, 469083543, 365057986, 469289361]","[1, 1, 1, 1, 1, 6, 1, 1, 1, 1]"
511,5,[12],1,0.1296914890408516,0.021937825717031956,3.2397337595466524,"[354342484, 354982027, 539458146, 2893851, 588943316, 265818700, 2701816, 89993059, 100270462, 521253563]","[12, 12, 12, 12, 12, 12, 12, 12, 12, 12]"
512,5,"[3, 13]",2,0.2811347250826657,0.04440781380981207,4.661708984756842,"[60901442, 486066851, 325958056, 291914464, 252892403, 325693456, 488606824, 476162905, 557256049, 400814606]","[3, 3, 3, 13, 13, 13, 13, 13, 13, 3]"
513,5,[2],1,0.0818034689873457,0.016628489829599857,1.98847675928846,"[9753040, 175920041, 442793169, 210970518, 198030279, 161816983, 471476524, 363023100, 344275419, 97533873]","[2, 2, 2, 2, 2, 2, 2, 2, 2, 2]"
514,5,"[0, 9]",2,0.11917205108329654,0.032987442798912525,1.4648271758342162,"[13234335, 103461123, 212467506, 375167620, 77523374, 361330901, 552162288, 77623089, 90504017, 447425545]","[0, 0, 0, 0, 0, 9, 0, 0, 0, 0]"
515,5,"[1, 3]",2,0.2552506090141833,0.042140315286815166,4.326731770066544,"[543922079, 354926197, 130933279, 543791991, 594762485, 422086086, 104910465, 291501341, 195792455, 130933280]","[3, 3, 3, 3, 1, 3, 3, 3, 3, 1]"
516,5,"[10, 12, 14]",3,0.25771263567730784,0.056112026795744896,2.1486815667400756,"[157350314, 369597083, 211384216, 389271069, 324700103, 25048268, 139187086, 472835488, 211384218, 365680177]","[12, 12, 12, 14, 12, 12, 14, 12, 12, 12]"
517,5,[18],1,0.08125021727755666,0.017419437412172556,2.0212896917946637,"[116909789, 213916429, 454389511, 454348595, 180504935, 152709618, 597380804, 375642974, 517449535, 180504938]","[18, 18, 18, 18, 18, 18, 18, 18, 18, 18]"
518,5,[0],1,0.0694162449799478,0.01567335007712245,1.7377481411676854,"[339741272, 208979114, 211228225, 302190687, 519110891, 211333354, 355393691, 391274177, 102095545, 309679750]","[0, 0, 0, 0, 0, 0, 0, 0, 0, 0]"
519,5,"[10, 18, 19]",3,0.1748192752711475,0.04820050159469247,1.4450595615586888,"[464425538, 411391048, 411391064, 210728434, 411391046, 411391050, 511903954, 468105198, 435401648, 60332441]","[19, 19, 19, 19, 19, 19, 19, 19, 19, 19]"
520,5,"[9, 19]",2,0.1019032378681004,0.028595358598977327,1.233052108436823,"[25955538, 86731325, 504422431, 137001895, 230400934, 477811446, 10405125, 462531434, 284745640, 482766710]","[19, 19, 19, 19, 19, 19, 19, 19, 19, 19]"
521,5,"[7, 13, 14]",3,0.35483527602627873,0.06854452937841415,2.979241050314158,"[299210752, 412723054, 98020671, 567546523, 127648928, 299208442, 349839111, 299335092, 299364182, 46869749]","[7, 7, 7, 7, 14, 7, 14, 7, 7, 7]"
522,5,[8],1,0.06229077419266105,0.016153544187545776,1.5253760810010135,"[130317406, 255648442, 58185551, 432017163, 2703194, 563593339, 475160783, 355317670, 8883729, 417584932]","[8, 8, 8, 8, 8, 8, 8, 8, 8, 8]"
523,5,"[6, 15]",2,0.2643411769531667,0.04637006297707558,3.318752449937165,"[293660001, 283438059, 226255915, 359159413, 148240321, 283438076, 441716235, 410667348, 506653755, 191406192]","[6, 6, 6, 6, 6, 6, 6, 6, 6, 6]"
524,5,"[9, 16]",2,0.11472355108708143,0.030144101940095425,1.377184133278206,"[563895318, 570730176, 26854162, 160315320, 275142002, 528973679, 578245079, 526067676, 69172137, 274216131]","[16, 16, 16, 16, 16, 16, 16, 16, 16, 16]"
525,5,"[3, 6, 10]",3,0.3298155181109905,0.06175989005714655,3.510340959454576,"[486964607, 477101385, 138296968, 309440188, 491289391, 410780069, 421800907, 26949837, 111073023, 412015059]","[10, 10, 3, 3, 10, 3, 6, 3, 6, 10]"
526,5,"[6, 10, 12]",3,0.2522807721979916,0.05237588146701455,2.0911782124700644,"[428022682, 427859512, 428022681, 84491517, 427455796, 553997351, 427960047, 554145425, 309886608, 17613869]","[6, 10, 6, 6, 6, 6, 12, 6, 6, 6]"
527,5,"[10, 11, 15]",3,0.3426241506822407,0.058846501633524895,2.8466639128358415,"[337770232, 117749401, 425475211, 315271558, 146162777, 503296390, 497364828, 298427025, 486564024, 191188830]","[15, 10, 11, 15, 15, 15, 11, 15, 10, 15]"
528,5,"[4, 7, 10, 19]",4,0.33336519775912166,0.07104271650314331,2.073389927682001,"[491186959, 59000368, 512454539, 346048853, 323340983, 151504009, 503313179, 281215709, 164834463, 380144610]","[10, 7, 10, 7, 7, 19, 19, 19, 4, 7]"
529,5,[12],1,0.1296704658307135,0.024400621186941862,3.2397337595466524,"[48824457, 391242099, 241830589, 109037586, 403518541, 178355751, 558218589, 141686781, 567412056, 349201361]","[12, 12, 12, 12, 12, 12, 12, 12, 12, 12]"
530,5,"[3, 7, 10, 14]",4,0.5298388726077974,0.09108555782586336,3.912110042234417,"[59765703, 320549545, 261551264, 33579243, 309824444, 560307609, 279859774, 560196480, 260241454, 560202702]","[3, 7, 3, 3, 14, 10, 14, 14, 7, 10]"
531,5,"[7, 8, 11, 14]",4,0.4600718109868467,0.08635955397039652,2.87345225160243,"[20708183, 354191060, 429534339, 501382547, 557908968, 502044240, 573040798, 545226018, 396473004, 46235902]","[7, 14, 7, 7, 7, 7, 7, 7, 7, 7]"
532,5,"[1, 9, 11, 15, 16]",5,0.4644851749762893,0.08995051449164748,2.282182111637667,"[380620637, 61993233, 277965556, 272578831, 70028885, 447424439, 502085193, 487720156, 344124914, 346248317]","[15, 11, 16, 16, 16, 16, 16, 16, 1, 16]"
533,5,"[14, 16]",2,0.15117529826238751,0.032899025827646255,1.8645410051103681,"[590164671, 520149710, 428304541, 552999872, 335233368, 531186748, 227153031, 38374470, 550557809, 491192269]","[16, 16, 16, 16, 16, 16, 16, 16, 16, 16]"
534,5,"[7, 10, 12]",3,0.36437404062598944,0.06514662550762296,3.074777324606354,"[322669607, 51954795, 127179466, 287305208, 71858681, 326973067, 124809037, 127095418, 324740582, 517661407]","[12, 12, 12, 12, 12, 12, 12, 12, 12, 10]"
535,5,"[7, 15, 18]",3,0.45822902023792267,0.07966915564611554,3.869863976025954,"[296608572, 409569125, 537511200, 294221006, 224743290, 557872642, 50040164, 275642693, 55308399, 441924248]","[15, 7, 15, 15, 15, 15, 15, 15, 15, 15]"
536,5,[12],1,0.1295267529785633,0.022859269753098488,3.2397337595466524,"[402493468, 65971972, 456402608, 564485727, 131974822, 385738764, 230534218, 577566495, 363409200, 553233970]","[12, 12, 12, 12, 12, 12, 12, 12, 12, 12]"
537,5,"[4, 10]",2,0.08380341297015548,0.028352766297757626,1.0372272382955998,"[118696928, 204662725, 369727882, 122549331, 240924035, 239161889, 432255990, 118696929, 414024632, 406975392]","[4, 4, 4, 4, 4, 4, 10, 4, 4, 4]"
538,5,"[4, 8, 15]",3,0.29185647005215287,0.059358663856983185,2.4011781932010003,"[165273779, 303820935, 320859813, 502516863, 134482581, 534418664, 381833804, 260695453, 42421416, 441462598]","[8, 4, 4, 8, 4, 15, 8, 4, 8, 4]"
539,5,[8],1,0.0623101657256484,0.015271299984306097,1.5253760810010135,"[123083666, 496986301, 241713019, 493392983, 5354004, 474528701, 452525700, 497005162, 31285918, 39305778]","[8, 8, 8, 8, 8, 8, 8, 8, 8, 8]"
540,5,[8],1,0.06238504592329264,0.01655508205294609,1.5253760810010135,"[189654009, 137357883, 500010538, 267334804, 63865312, 500224551, 539799815, 141016056, 198256727, 300467437]","[8, 8, 8, 8, 8, 8, 8, 8, 8, 8]"
541,5,"[4, 7, 8, 19]",4,0.35013695573434234,0.07876767870038748,2.1948112013051286,"[143974679, 11790623, 368794346, 222598553, 143974680, 399281845, 480940046, 162451809, 45518353, 251457724]","[19, 19, 7, 8, 19, 19, 19, 7, 8, 7]"
542,5,"[3, 6]",2,0.28946045972406864,0.041119702626019716,4.7456659459276125,"[196948683, 384252313, 378222535, 318779862, 396119654, 197506474, 439818553, 542486797, 448408093, 312800860]","[6, 6, 6, 6, 6, 6, 6, 6, 6, 6]"
543,5,"[3, 6]",2,0.28863367158919573,0.04415802098810673,4.7456659459276125,"[358210674, 416260114, 259058018, 160788017, 496181573, 22039393, 133869573, 426331662, 325753021, 484481479]","[6, 6, 6, 6, 3, 6, 6, 6, 6, 6]"
544,5,"[10, 18]",2,0.12327629374340177,0.03149418905377388,1.5304903391515836,"[379336593, 379312487, 379301705, 90026781, 379350332, 174112660, 264718859, 596057616, 379306138, 405490897]","[18, 18, 18, 18, 18, 10, 18, 18, 18, 18]"
545,5,[1],1,0.04778648493811488,0.013276922982186079,1.1562415396329015,"[145084398, 423763699, 189694457, 555148552, 387580617, 338072917, 344158863, 153822917, 464936886, 244863190]","[1, 1, 1, 1, 1, 1, 1, 1, 1, 1]"
546,5,"[4, 18]",2,0.1239224742166698,0.031248460058122873,1.5280265909386799,"[28169039, 196600927, 35221743, 525217917, 373205941, 163145883, 348729257, 164594342, 295212390, 333503790]","[18, 18, 18, 18, 18, 18, 18, 18, 18, 18]"
547,5,"[1, 6]",2,0.12852809252217412,0.031569644808769226,1.5751757154939696,"[592182966, 592273675, 596623360, 240415233, 349892222, 74766187, 390424334, 471609244, 31474832, 106748058]","[6, 1, 6, 6, 6, 6, 6, 6, 6, 6]"
548,5,"[12, 16]",2,0.19588698726147413,0.037666695192456245,2.4010979078011587,"[305235514, 416172459, 311121833, 583816488, 495811083, 496522439, 494016466, 27420085, 356627288, 462078825]","[12, 16, 16, 16, 12, 12, 16, 12, 12, 12]"
549,5,"[4, 8]",2,0.10473150666803122,0.03124653873965144,1.2800697855418548,"[451205571, 97655870, 305268778, 413543884, 105421046, 305268780, 305256519, 161716231, 50254066, 481020968]","[8, 8, 8, 8, 8, 8, 8, 8, 8, 8]"
550,5,[16],1,0.0647845771163702,0.016258152201771736,1.562462056055665,"[110104781, 365956345, 405342348, 379784786, 405220095, 403931308, 405201139, 403972390, 257063804, 1660903]","[16, 16, 16, 16, 16, 16, 16, 16, 16, 16]"
551,5,"[3, 4, 12, 18]",4,0.4611403294838965,0.0840941988863051,3.44825223548105,"[253128968, 550995109, 22696722, 408249199, 64346359, 224318947, 272789943, 279323403, 351061405, 224324075]","[4, 4, 18, 12, 4, 12, 18, 18, 12, 12]"
552,5,"[3, 9, 12, 15]",4,0.5711159883067012,0.09311347408220172,4.14306424476672,"[387430141, 430416570, 199144504, 47763948, 49927206, 140760693, 182873893, 505836682, 532291554, 321212558]","[12, 12, 12, 12, 3, 12, 12, 3, 12, 12]"
553,5,"[7, 10, 15]",3,0.42111253552138805,0.06980712758377194,3.542664407597234,"[285159161, 143587804, 436301081, 314632339, 257804328, 259075731, 389026728, 304169687, 182587240, 568593594]","[10, 10, 7, 7, 10, 15, 10, 7, 7, 10]"
554,5,"[4, 10]",2,0.08383471053093672,0.0255150250159204,1.0372272382955998,"[563590081, 547363610, 347670650, 347670648, 186317781, 441406741, 571785563, 502768381, 393800161, 282575724]","[10, 10, 10, 10, 10, 10, 10, 10, 10, 10]"
555,5,"[2, 9, 15, 16]",4,0.38181405514478683,0.07308141374960542,2.346560008591041,"[428557457, 81834019, 316225551, 340944129, 289474694, 183636341, 341782620, 201913935, 52529459, 319105194]","[16, 16, 16, 16, 16, 16, 16, 16, 16, 15]"
556,5,"[10, 12]",2,0.17231292929500341,0.03367835842072964,2.139712373027578,"[201539799, 278732438, 586027926, 135281203, 239361347, 405000154, 139451569, 80171971, 340332462, 442181009]","[12, 12, 12, 10, 12, 10, 10, 12, 12, 12]"
557,5,"[9, 10, 18]",3,0.17365024704486132,0.046401679050177336,1.4176289629346381,"[302946939, 550848062, 520059973, 29259430, 78657985, 145250360, 14581510, 380424102, 550489217, 411965760]","[18, 9, 10, 10, 9, 10, 9, 18, 18, 18]"
558,5,"[4, 16, 18]",3,0.19005924835801125,0.04764923686161637,1.5395050793110083,"[339775718, 313037491, 359460564, 543882963, 173027574, 520013276, 573714606, 539136162, 466122403, 272660810]","[16, 18, 16, 4, 16, 16, 18, 18, 4, 16]"
559,5,[16],1,0.0646814089268446,0.015312005300074816,1.562462056055665,"[149011245, 149011244, 879383, 358962629, 301547627, 180913596, 279158838, 180913602, 244232859, 135997227]","[16, 16, 16, 16, 16, 16, 16, 16, 16, 16]"
560,5,"[4, 8]",2,0.10501720383763313,0.029224418569356203,1.2800697855418548,"[479248961, 227952470, 505840292, 137410740, 493062940, 356735023, 505820636, 142364103, 293612120, 352879255]","[8, 8, 8, 8, 8, 8, 8, 8, 8, 8]"
561,5,"[2, 4, 9, 19]",4,0.22639934718608856,0.058912294916808605,1.3723361165612005,"[212133469, 598475734, 473061910, 64232253, 89415714, 266862407, 142678476, 255463445, 123279207, 51951737]","[9, 2, 2, 2, 9, 9, 4, 9, 2, 9]"
562,5,"[0, 10, 12]",3,0.24172719195485115,0.05113261193037033,2.005724295740947,"[186870557, 389685536, 313442214, 326059485, 498273563, 533875352, 493450800, 324023695, 169780967, 231906160]","[12, 12, 10, 12, 12, 12, 12, 10, 12, 12]"
563,5,"[1, 10]",2,0.08964584022760391,0.027267832774668932,1.0979662630707026,"[447842928, 230938230, 371597128, 571371173, 330165389, 280007366, 223834768, 216360558, 306869074, 499446516]","[10, 10, 10, 10, 10, 10, 10, 10, 10, 10]"
564,5,"[1, 9, 10, 12]",4,0.2686747359111905,0.06886069243773818,1.6568931240472011,"[266646792, 29194220, 48092810, 190646178, 119178726, 260940865, 355824508, 446593623, 370419775, 370412560]","[9, 9, 1, 1, 9, 9, 9, 12, 9, 12]"
565,5,[8],1,0.06255010282620788,0.017614862881600857,1.5253760810010135,"[19276295, 388422774, 146564670, 432347069, 451244349, 246235813, 525279319, 256860069, 585951782, 319981143]","[8, 8, 8, 8, 8, 8, 8, 8, 8, 8]"
566,5,[9],1,0.04995145509019494,0.01565827801823616,1.191906210500747,"[272436769, 541364278, 88083414, 336488074, 34475341, 13584524, 275635349, 415377701, 95977264, 597857893]","[9, 9, 9, 9, 9, 9, 9, 9, 9, 9]"
567,5,[10],1,0.041709113866090775,0.01349270110949874,1.0396909865085036,"[473929517, 538914775, 538925381, 140009310, 26346305, 286559593, 77980225, 302749586, 291344535, 401486074]","[10, 10, 10, 10, 10, 10, 10, 10, 10, 10]"
568,5,"[2, 10]",2,0.12344272853806615,0.027529914397746325,1.5140838728984818,"[450102184, 38475886, 567314320, 356000186, 265937628, 38557328, 42930795, 43217788, 292029508, 129944906]","[2, 2, 2, 10, 10, 2, 2, 2, 2, 2]"
569,5,"[12, 15]",2,0.31362892035394907,0.051224709022790194,3.941564384032972,"[496850423, 42399778, 479823429, 384850063, 310092822, 515657031, 284431052, 592818229, 28681453, 27320890]","[12, 12, 12, 12, 15, 12, 12, 12, 12, 15]"
570,5,"[8, 9]",2,0.11334069818258286,0.030902794562280178,1.3586411457508802,"[352159117, 111281527, 513465414, 589469571, 14727417, 196776433, 375467088, 482118034, 6711057, 204261675]","[9, 8, 8, 8, 8, 8, 8, 8, 8, 8]"
571,5,"[6, 10, 12]",3,0.2521994300186634,0.05364424083381891,2.0911782124700644,"[440077489, 364789004, 247218488, 322463011, 460459013, 163450937, 486302639, 315918906, 315754944, 295748972]","[6, 6, 6, 6, 6, 6, 6, 6, 6, 6]"
572,5,"[6, 7]",2,0.27422778494656086,0.04669716814532876,3.469508559559472,"[370449528, 220490382, 579993383, 569221911, 275145977, 39802519, 430536765, 186160019, 416962908, 97264044]","[7, 7, 7, 7, 6, 7, 6, 6, 7, 7]"
573,5,"[12, 16]",2,0.19470227789133787,0.03938968013972044,2.4010979078011587,"[472042446, 472042443, 275520693, 213767531, 204516723, 202782288, 477485815, 122975044, 82702990, 485258543]","[12, 12, 16, 16, 16, 16, 12, 16, 16, 16]"
574,5,"[10, 18]",2,0.12350106332451105,0.03303307667374611,1.5304903391515836,"[329749426, 23495679, 327771246, 182762665, 197075458, 495090783, 329780075, 529181142, 66200712, 399898664]","[18, 18, 18, 18, 18, 10, 18, 18, 18, 18]"
575,5,"[3, 6]",2,0.28855152800679207,0.04966601310297847,4.7456659459276125,"[771940, 771942, 429182572, 464559510, 167257391, 771941, 362577405, 34483015, 461600878, 73485938]","[3, 3, 6, 6, 6, 3, 6, 6, 6, 6]"
576,5,"[10, 11, 15]",3,0.3455617353320122,0.057899169623851776,2.8466639128358415,"[437210537, 336076249, 464257251, 215555962, 361200040, 221075996, 336075144, 140009631, 80923322, 490033426]","[11, 15, 11, 15, 15, 15, 10, 15, 15, 10]"
577,5,"[4, 7, 9, 10]",4,0.3272528862580657,0.07474030088633299,2.052816978713963,"[38037888, 248089762, 83333259, 594640809, 541759792, 276247, 349090450, 488180259, 248940775, 477140071]","[10, 10, 4, 4, 10, 4, 10, 10, 10, 10]"
578,5,[15],1,0.1836809809319675,0.02320410404354334,4.643395008519292,"[76031505, 203432599, 498698775, 273225628, 291604185, 136361427, 462716777, 462772718, 473536997, 278758162]","[15, 15, 15, 15, 15, 15, 15, 15, 15, 15]"
579,5,"[4, 19]",2,0.09453792590647936,0.03056452004238963,1.1544807482277974,"[273577208, 100927456, 550864144, 58132671, 451783471, 189467229, 380376454, 407817478, 451742210, 176166777]","[19, 19, 19, 19, 19, 19, 19, 19, 19, 19]"
580,5,"[16, 18]",2,0.14611428510397673,0.03397586429491639,1.7918758739251643,"[489394641, 194509153, 67393348, 470309177, 365720678, 122260749, 583650045, 501212221, 156256342, 254612706]","[18, 18, 18, 16, 18, 16, 16, 18, 16, 16]"
581,5,"[7, 11]",2,0.3111223503947258,0.050835778936743736,3.9009064856218174,"[202355617, 248972689, 238045830, 349108730, 238036671, 229454520, 428364306, 476362339, 238201816, 42562283]","[11, 11, 11, 11, 11, 11, 11, 11, 11, 11]"
582,5,[6],1,0.08203015802428126,0.018148880917578936,1.9941098913550377,"[536835298, 338595158, 507160926, 551179478, 535353451, 452364771, 98404273, 313890061, 573709207, 61167579]","[6, 6, 6, 6, 6, 6, 6, 6, 6, 6]"
583,5,"[2, 4, 8, 19]",4,0.23969783866778016,0.05924442457035184,1.455703584186267,"[445368645, 535815783, 337297259, 99287187, 476663299, 452913750, 402518957, 441815724, 321500408, 50901644]","[19, 4, 4, 4, 19, 2, 8, 4, 19, 19]"
584,5,"[2, 7, 8]",3,0.3388105076737702,0.06566518964245915,2.8195866893511266,"[365086743, 384524498, 584012182, 264913044, 15905723, 274204087, 584996896, 418460283, 581359820, 46509329]","[8, 8, 8, 8, 8, 8, 8, 8, 8, 8]"
585,5,"[4, 9]",2,0.09188556298613548,0.028169149067252874,1.1133348502917215,"[113493376, 158424658, 229605502, 229588557, 26032459, 103108200, 545495268, 456113403, 301361761, 471411610]","[4, 4, 9, 9, 4, 9, 9, 4, 9, 4]"
586,5,[19],1,0.05205719219520688,0.016163241118192673,1.2741980063728988,"[477671044, 226950698, 199290506, 390578956, 220582591, 319774700, 56384349, 515278551, 9901132, 406107231]","[19, 19, 19, 19, 19, 19, 19, 19, 19, 19]"
587,5,"[16, 18]",2,0.147157680708915,0.034656123258173466,1.7918758739251643,"[175818502, 474016655, 398947805, 188896256, 443107323, 219341708, 36416778, 596843857, 442922431, 244263483]","[16, 16, 16, 16, 16, 16, 16, 16, 16, 16]"
588,5,[19],1,0.05199591303244233,0.014862722251564264,1.2741980063728988,"[75423562, 482782637, 524051178, 112943153, 449240029, 69395027, 447901314, 233602428, 263821027, 566866547]","[19, 19, 19, 19, 19, 19, 19, 19, 19, 19]"
589,5,"[0, 9]",2,0.11909240484237671,0.029837924987077713,1.4648271758342162,"[51722543, 544158612, 317240786, 544158611, 500392072, 244648089, 523309132, 167981898, 467741926, 557201667]","[9, 9, 9, 9, 9, 9, 9, 0, 0, 9]"
590,5,[11],1,0.11686711385846138,0.02510545589029789,2.8569057434797287,"[540273745, 291758973, 191187373, 183341271, 117889920, 325993256, 570182881, 55508548, 481016194, 74833640]","[11, 11, 11, 11, 11, 11, 11, 11, 11, 11]"
591,5,"[4, 8]",2,0.10510555794462562,0.031588525511324406,1.2800697855418548,"[91825157, 247667785, 525960136, 484265063, 315602088, 583380530, 185502942, 222935689, 297816571, 361735695]","[4, 8, 4, 8, 4, 4, 8, 8, 8, 4]"
592,5,"[10, 14, 16, 18]",4,0.27559022372588515,0.06402527680620551,1.6975156721309759,"[161497776, 570734412, 437848111, 418025008, 34947156, 503451317, 108982290, 566659681, 79359781, 8357766]","[14, 14, 14, 18, 18, 14, 14, 16, 18, 14]"
593,5,"[2, 12]",2,0.21101268660277128,0.04100808734074235,2.6141052594175562,"[62564213, 62564212, 292362697, 475167337, 153448664, 45424356, 551927611, 552189324, 63543594, 273410682]","[2, 2, 2, 2, 2, 2, 2, 2, 2, 2]"
594,5,"[1, 12, 15]",3,0.3645402849651873,0.06815006397664547,3.0131234358996153,"[168881132, 263043432, 588274932, 212521151, 578693503, 191546062, 517951150, 266620919, 164428144, 273950200]","[12, 12, 15, 12, 12, 12, 12, 12, 12, 12]"
595,5,"[1, 12]",2,0.17744639329612255,0.03651881916448474,2.197987649589777,"[547046290, 106264746, 275560893, 104460633, 474417755, 367391428, 325554586, 182027597, 140931744, 459634385]","[12, 12, 12, 12, 12, 12, 12, 12, 12, 12]"
596,5,"[4, 18]",2,0.12309639109298587,0.031159755308181047,1.5280265909386799,"[123127955, 303041014, 179716294, 395202347, 338469332, 163143152, 302881821, 395180970, 400018106, 199097529]","[18, 18, 18, 18, 18, 18, 18, 18, 18, 18]"
597,5,"[2, 10]",2,0.12328467890620232,0.03133546840399504,1.5140838728984818,"[65698452, 30933330, 521676482, 209046495, 248946728, 394590971, 390217570, 29675834, 60535722, 136798197]","[2, 2, 2, 2, 10, 10, 2, 2, 2, 10]"
598,5,"[10, 12]",2,0.17106105387210846,0.03621401684358716,2.139712373027578,"[421629912, 241271105, 484100820, 132278938, 541584758, 263799811, 76505596, 20240455, 366369093, 540686024]","[12, 12, 12, 10, 12, 12, 10, 12, 12, 12]"
599,5,"[0, 9, 10, 12]",4,0.29067761823534966,0.06413126364350319,1.802269774430897,"[527020027, 102815399, 343008286, 175685298, 501330071, 528146187, 255818314, 286064649, 197172078, 27334687]","[0, 0, 0, 0, 0, 0, 0, 0, 0, 0]"
600,5,"[10, 18]",2,0.12279613269492984,0.033234484028071165,1.5304903391515836,"[424952617, 384323025, 500607810, 199163839, 484609720, 107885682, 599300985, 119051487, 396516428, 14502669]","[10, 10, 10, 10, 10, 10, 10, 10, 10, 10]"
601,5,"[2, 10]",2,0.1238278173841536,0.027639963198453188,1.5140838728984818,"[406436395, 339749203, 165416542, 370229257, 75129625, 354676777, 205058866, 284043042, 596229903, 464651684]","[2, 2, 2, 2, 2, 2, 2, 2, 2, 2]"
602,5,[8],1,0.06427433621138334,0.01697722775861621,1.5253760810010135,"[334476013, 207152477, 182239198, 111337864, 253793192, 384197541, 456652634, 357619060, 459993720, 288529500]","[8, 8, 8, 8, 8, 8, 8, 8, 8, 8]"
603,5,"[6, 7]",2,0.27453764295205474,0.042520062532275915,3.469508559559472,"[588878422, 427309145, 55541073, 553220401, 471025135, 369130037, 169822083, 167363499, 320293660, 167244620]","[6, 6, 6, 6, 6, 7, 6, 7, 7, 7]"
604,5,"[1, 3, 10]",3,0.296649775467813,0.05509842233732343,3.231051508880531,"[229471206, 336299223, 481723434, 422487549, 110483703, 69759352, 481723432, 481723433, 386527738, 427311451]","[1, 1, 1, 1, 1, 1, 1, 1, 3, 3]"
605,5,"[12, 15]",2,0.3127759578637779,0.0467582568526268,3.941564384032972,"[225134385, 467091109, 401340397, 57928208, 42536575, 394885914, 278908196, 43050397, 480908185, 593559148]","[12, 12, 12, 12, 12, 12, 15, 12, 12, 12]"
606,5,"[9, 10]",2,0.09123298339545727,0.027277274057269096,1.1157985985046253,"[52685700, 436624064, 436624049, 69903041, 436624051, 436822737, 38712243, 215705799, 316890181, 499509758]","[9, 9, 9, 9, 9, 9, 9, 9, 9, 9]"
607,5,[2],1,0.08185553411021829,0.016548809595406055,1.98847675928846,"[569627681, 81381669, 247470802, 371611327, 538996026, 309763558, 72525570, 132771547, 296228447, 230355275]","[2, 2, 2, 2, 2, 2, 2, 2, 2, 2]"
608,5,"[3, 6, 7, 9]",4,0.5315697360783815,0.09515569033101201,3.9070363325299695,"[95463379, 567985689, 192945609, 120280881, 232253191, 297576433, 20785716, 298440582, 64716623, 451780050]","[6, 6, 6, 6, 6, 6, 3, 6, 6, 7]"
609,5,"[4, 7, 15]",3,0.41855364851653576,0.07048207381740212,3.541021908788631,"[276438660, 461278669, 433786123, 385754724, 414459931, 78238011, 345083729, 385530198, 516491186, 260916882]","[15, 7, 7, 7, 15, 15, 15, 4, 7, 15]"
610,5,"[1, 2, 9]",3,0.17935833800584078,0.04345337860286236,1.4455415031407028,"[2727716, 573703927, 560808089, 2737865, 386771216, 13610151, 105642113, 381455618, 72307577, 27044855]","[1, 2, 2, 1, 2, 1, 9, 9, 1, 1]"
611,5,"[4, 8]",2,0.10496475687250495,0.031947983894497156,1.2800697855418548,"[332898321, 402436642, 40346389, 443497886, 482143889, 71669903, 7384382, 30635393, 225455397, 392587440]","[4, 4, 4, 4, 4, 4, 4, 4, 4, 4]"
612,5,"[4, 19]",2,0.09392841951921582,0.03078394616022706,1.1544807482277974,"[38567733, 564410849, 544164872, 263408385, 276854456, 8481394, 90141804, 356097437, 442453543, 327633170]","[19, 19, 19, 19, 19, 19, 19, 19, 19, 19]"
613,5,"[7, 15]",2,0.37661202112212777,0.04729102784767747,4.794151118141599,"[342645339, 63532455, 134097358, 156177867, 529489420, 225331125, 379882413, 431825326, 149065091, 200408531]","[7, 7, 7, 7, 15, 7, 15, 15, 15, 15]"
614,5,"[2, 9, 10]",3,0.17283670930191875,0.04515901766717434,1.4066913187659036,"[231568068, 508825644, 93634493, 1792793, 146561501, 358197384, 377101835, 581947937, 287906821, 5875617]","[9, 2, 2, 2, 9, 2, 2, 2, 9, 10]"
615,5,"[9, 12]",2,0.1803890634328127,0.0376625694334507,2.2158199850236997,"[431884419, 302687542, 302787586, 431936170, 302656394, 98967338, 302719345, 403170941, 289556263, 302521072]","[9, 9, 9, 12, 9, 12, 9, 12, 9, 9]"
616,5,"[7, 8, 11, 14, 15]",5,0.6422809213399887,0.11383606120944023,3.2274408029858024,"[523346240, 297171349, 598320548, 492642286, 496268797, 114332889, 329124159, 29124518, 335161070, 341191594]","[8, 8, 8, 15, 8, 8, 8, 8, 8, 8]"
617,5,[18],1,0.08166004531085491,0.017410093918442726,2.0212896917946637,"[173320221, 352497176, 426401905, 290442632, 282335757, 204700295, 460315475, 400274367, 143344751, 568694346]","[18, 18, 18, 18, 18, 18, 18, 18, 18, 18]"
618,5,"[7, 8]",2,0.2554560215212405,0.04459220077842474,3.23514165438246,"[383227627, 516369706, 84374302, 227034512, 282374215, 253832749, 237707832, 205811622, 330515571, 509496485]","[8, 8, 8, 8, 8, 8, 8, 7, 8, 8]"
619,5,"[3, 10]",2,0.24863039189949632,0.041101495269685984,4.268456493504345,"[19660820, 771942, 419050400, 771941, 147302685, 250865468, 156276811, 240213926, 71977354, 123358644]","[3, 3, 3, 3, 3, 3, 3, 3, 10, 10]"
620,5,"[3, 7, 10]",3,0.4415108086541295,0.07284925365820527,4.493940071590866,"[11872086, 11872088, 12231062, 531526174, 12211175, 319107977, 47493220, 171019132, 182846756, 201072895]","[7, 7, 7, 10, 7, 7, 7, 3, 3, 7]"
621,5,[16],1,0.06460416177287698,0.015647942200303078,1.562462056055665,"[373693970, 263701942, 303106971, 295635588, 572461509, 573451396, 343313517, 931778, 221705125, 231130414]","[16, 16, 16, 16, 16, 16, 16, 16, 16, 16]"
622,5,"[0, 2]",2,0.15140189370140433,0.030912042129784822,1.8631124502280727,"[453512508, 223863815, 309928761, 61582487, 374637179, 401675343, 374637180, 210509350, 224009426, 305313663]","[2, 2, 2, 2, 2, 2, 0, 0, 2, 0]"
623,5,"[1, 2, 9]",3,0.17957133147865534,0.045401899609714746,1.4455415031407028,"[24694555, 92815327, 137885838, 117532381, 588443261, 327367659, 188152919, 385444398, 555820552, 115721671]","[1, 1, 1, 1, 1, 1, 1, 1, 1, 1]"
624,5,"[10, 16, 18]",3,0.18807697063311934,0.045039753429591656,1.5411475781196107,"[257872925, 174003689, 565078059, 316305085, 178805248, 336378618, 585749813, 501394357, 585749806, 593000837]","[18, 18, 18, 18, 18, 16, 18, 18, 16, 18]"
625,5,"[2, 10]",2,0.12305811932310462,0.029334019869565964,1.5140838728984818,"[186883248, 573087577, 464070189, 163579862, 291104768, 15193419, 325940158, 170606752, 207430, 50000124]","[10, 10, 10, 10, 10, 10, 10, 10, 10, 10]"
626,5,"[2, 9]",2,0.13140340289101005,0.0343759935349226,1.5901914848946035,"[478132332, 142152439, 142460349, 520924175, 70223328, 108474819, 518645705, 276995012, 329464210, 93504726]","[2, 2, 2, 2, 2, 2, 2, 2, 2, 2]"
627,5,"[4, 8, 14]",3,0.190331956371665,0.04838738450780511,1.5755865084162604,"[18318956, 18340043, 159280392, 411558093, 86248052, 471099296, 495400450, 333310803, 86491966, 461870742]","[8, 8, 8, 8, 8, 8, 8, 8, 8, 8]"
628,5,"[4, 8, 15]",3,0.2878669514320791,0.05592047609388828,2.4011781932010003,"[157271052, 314595336, 49047413, 194182794, 43788374, 26284747, 293525320, 569871051, 424794905, 60550872]","[8, 4, 8, 8, 8, 4, 8, 8, 8, 8]"
629,5,"[6, 10]",2,0.12425185181200504,0.03012624615803361,1.5169004389317706,"[482572563, 314588527, 315634196, 491471872, 514987768, 43721830, 214804145, 328480307, 216230541, 314848645]","[6, 6, 6, 6, 6, 6, 6, 6, 6, 6]"
630,5,"[7, 8, 9, 16]",4,0.36995711270719767,0.07950006797909737,2.306162893830333,"[298973970, 57429897, 318785263, 182831502, 158270926, 236874882, 303428083, 12972342, 179991409, 411815197]","[8, 8, 8, 7, 8, 8, 9, 8, 8, 16]"
631,5,"[10, 15, 18]",3,0.30682854214683175,0.06385010993108153,2.56812522894082,"[155123214, 114881779, 237816263, 508376055, 460263420, 477733551, 280739570, 259729575, 450452282, 165250760]","[10, 10, 15, 18, 15, 18, 18, 18, 18, 18]"
632,5,"[7, 16, 18]",3,0.3384825708344579,0.05938954744488001,2.842886325204745,"[257268332, 277269490, 566613268, 409454185, 146300108, 98254733, 176141094, 446824157, 208587030, 176552932]","[16, 18, 16, 16, 16, 16, 16, 16, 16, 16]"
633,5,"[7, 8, 15]",3,0.43825908191502094,0.06918165320530534,3.704559439094737,"[495992460, 160654867, 364758013, 325153572, 74388090, 495926802, 509012710, 61461696, 498926953, 498622424]","[8, 8, 8, 8, 8, 8, 8, 8, 8, 8]"
634,5,[1],1,0.04808306321501732,0.012313046958297491,1.1562415396329015,"[111052982, 504226773, 172556875, 24303294, 234257212, 241129105, 342163173, 182287284, 495218298, 124714234]","[1, 1, 1, 1, 1, 1, 1, 1, 1, 1]"
635,5,"[0, 4, 9]",3,0.1616388037800789,0.047681686002761126,1.3214726139170427,"[533541534, 578189724, 470960410, 81392412, 525434594, 81392396, 25812792, 578860500, 210130904, 81392410]","[9, 9, 9, 9, 9, 9, 4, 9, 0, 9]"
636,5,"[8, 9, 15]",3,0.29532788321375847,0.05847114184871316,2.4535591000070176,"[469405551, 23419281, 23415726, 23408459, 243462517, 483125603, 106610442, 525291840, 391801689, 168562048]","[9, 15, 15, 15, 15, 9, 8, 8, 15, 8]"
637,5,"[1, 2, 10]",3,0.17118492489680648,0.043632036074995995,1.3948030951432884,"[368743590, 43957939, 444279346, 590882958, 528989644, 548432040, 497215226, 513790326, 149497159, 528989649]","[1, 1, 2, 1, 1, 1, 1, 1, 2, 1]"
638,5,"[10, 11, 13]",3,0.23216564860194921,0.05261284299194813,1.9075975663339098,"[52619765, 437637319, 30241915, 381581941, 40412331, 43258519, 480778693, 218706577, 40252220, 481010923]","[10, 11, 10, 11, 10, 11, 10, 11, 10, 10]"
639,5,"[1, 6, 10]",3,0.16993679339066148,0.04392870794981718,1.3966808058321476,"[84260518, 138298669, 384519103, 384374602, 536343437, 527643448, 154164185, 414152718, 40998165, 151066788]","[6, 6, 6, 6, 6, 6, 6, 6, 6, 6]"
640,5,"[3, 6]",2,0.28905975818634033,0.047968119382858276,4.7456659459276125,"[214248553, 452546311, 452546306, 574185480, 86366237, 350668882, 452546307, 298577091, 412960841, 452538893]","[6, 6, 6, 3, 6, 6, 3, 6, 3, 6]"
641,5,"[0, 2, 6]",3,0.23315826058387756,0.05445096408948302,1.906778263937061,"[153219297, 577061003, 271819036, 318091797, 487497367, 188212692, 11274974, 108838721, 435849358, 568369710]","[2, 2, 2, 2, 2, 2, 2, 2, 2, 2]"
642,5,"[4, 7, 8, 14]",4,0.3842788734473288,0.07599003706127405,2.4179166882531717,"[147722034, 395340719, 76057898, 320859813, 397200787, 359634636, 567076222, 231774083, 408680862, 515135566]","[8, 14, 14, 4, 14, 7, 7, 14, 14, 7]"
643,5,"[10, 18]",2,0.1226297658868134,0.03271422674879432,1.5304903391515836,"[250364638, 187284050, 260063780, 56152969, 500785055, 342712761, 230995532, 131701346, 500687498, 54409881]","[18, 18, 18, 10, 18, 18, 18, 18, 18, 18]"
644,5,"[8, 19]",2,0.11641210597008467,0.030292711686342955,1.3997870436869562,"[83346459, 179407044, 83346460, 83177308, 78038498, 253614455, 31066102, 579436070, 83307920, 469441974]","[8, 19, 19, 19, 19, 19, 19, 19, 19, 19]"
645,5,"[1, 10]",2,0.08946155151352286,0.025384016800671816,1.0979662630707026,"[556581636, 386944031, 383852200, 282782695, 35420134, 141959737, 90077601, 31901743, 589978449, 287828930]","[1, 1, 1, 1, 1, 1, 1, 10, 1, 1]"
646,5,"[2, 4, 11, 19]",4,0.2938297321088612,0.06998639414086938,1.788585999805946,"[158194971, 456725164, 120387136, 575284450, 24285917, 38486640, 575284452, 48302283, 578403796, 326119660]","[11, 19, 11, 4, 11, 11, 4, 11, 11, 4]"
647,5,[18],1,0.0813514688052237,0.021138815209269524,2.0212896917946637,"[177732495, 452329595, 167974761, 325021566, 306114045, 310407228, 8954076, 545377075, 185497228, 34010644]","[18, 18, 18, 18, 18, 18, 18, 18, 18, 18]"
648,5,"[11, 18]",2,0.1982695604674518,0.040418996941298246,2.439097717637196,"[232601211, 427788517, 282379282, 94324763, 428086382, 231643095, 232601212, 401847970, 543485315, 246964444]","[18, 18, 18, 18, 18, 18, 18, 18, 18, 18]"
649,5,[2],1,0.0816495823673904,0.016792010981589556,1.98847675928846,"[392135103, 115108218, 246448488, 124928572, 335256699, 464359611, 358915475, 464356778, 24570679, 538766810]","[2, 2, 2, 2, 2, 2, 2, 2, 2, 2]"
650,5,[18],1,0.08114705234766006,0.021341055165976286,2.0212896917946637,"[40883192, 412515893, 280105499, 125796007, 125796008, 521801370, 521801371, 40839322, 521801369, 167999373]","[18, 18, 18, 18, 18, 18, 18, 18, 18, 18]"
651,5,"[2, 4, 10]",3,0.16542224492877722,0.04375546099618077,1.3543104119598866,"[80079967, 205549066, 139132979, 310552818, 585278916, 56669156, 476942735, 274732724, 323180119, 365483183]","[2, 2, 2, 2, 2, 2, 2, 2, 2, 2]"
652,5,"[4, 10]",2,0.08386712893843651,0.0304805519990623,1.0372272382955998,"[186679495, 376494354, 48079131, 421481977, 49303580, 49317915, 299892042, 541968100, 597259699, 244982966]","[4, 4, 4, 4, 4, 4, 4, 4, 4, 4]"
653,5,"[7, 12, 15]",3,0.5062308758497238,0.07735868357121944,4.27601199860995,"[26385463, 237898935, 359334427, 339328946, 372176402, 59375997, 450370137, 486046321, 73203531, 598298286]","[12, 12, 12, 7, 15, 12, 15, 15, 12, 12]"
654,5,"[2, 7, 9]",3,0.3247145442292094,0.05793385859578848,2.708430065851038,"[406395383, 439140323, 522216861, 60620382, 517493427, 60620381, 332321204, 129776897, 510805762, 181451141]","[2, 2, 2, 2, 2, 2, 2, 2, 2, 2]"
655,5,[2],1,0.08279566699638963,0.01594077469781041,1.98847675928846,"[277338290, 236243808, 340133467, 435736940, 205800773, 445320567, 177926973, 99573468, 385377383, 288962219]","[2, 2, 2, 2, 2, 2, 2, 2, 2, 2]"
656,5,"[4, 8]",2,0.10470587713643909,0.030309448018670082,1.2800697855418548,"[182733864, 449459800, 367785867, 169268632, 401741747, 532670018, 347369607, 208641729, 165709190, 493221273]","[8, 8, 8, 8, 8, 8, 8, 8, 8, 8]"
657,5,"[3, 4]",2,0.2509744055569172,0.04044069303199649,4.265992745291442,"[454801877, 299516535, 55959542, 223849806, 18863213, 492298826, 51408749, 129226826, 274541845, 454770638]","[4, 4, 4, 4, 4, 4, 4, 4, 4, 4]"
658,5,"[4, 7, 14, 18]",4,0.40252260537818074,0.07936915569007397,2.5418950909515843,"[230662116, 1472967, 449551253, 554282561, 61193101, 545838887, 373492000, 78372221, 544176594, 52725401]","[7, 7, 7, 7, 14, 4, 4, 7, 7, 7]"
659,5,"[4, 8, 19]",3,0.1574802896939218,0.04568967595696449,1.2781125258188695,"[134997220, 195992938, 302147465, 83265132, 326296555, 24135814, 354107853, 419896212, 180137038, 56950130]","[19, 19, 8, 19, 19, 19, 19, 19, 8, 19]"
660,5,[1],1,0.0474986769258976,0.014017086941748857,1.1562415396329015,"[244491188, 303769234, 540524910, 368802899, 69128620, 15579704, 121957139, 288631240, 50758979, 162740344]","[1, 1, 1, 1, 1, 1, 1, 1, 1, 1]"
661,5,"[1, 3, 6]",3,0.3362232022918761,0.059357674326747656,3.5491911438293755,"[414274250, 93372006, 306157023, 107140968, 302092540, 528038892, 107140967, 322889659, 109501278, 511360915]","[1, 1, 1, 3, 1, 1, 3, 1, 1, 6]"
662,5,"[12, 18]",2,0.21098088193684816,0.041269785258919,2.630511725670658,"[8395004, 407880102, 533340165, 407880108, 533312096, 533422628, 407880096, 407880086, 424806698, 117256612]","[12, 12, 12, 12, 12, 12, 12, 12, 12, 12]"
663,5,"[9, 10]",2,0.09134392905980349,0.027549083810299635,1.1157985985046253,"[144724728, 516759955, 98969662, 364049095, 98969660, 58283787, 440368018, 279485355, 302741440, 98969663]","[9, 9, 9, 9, 9, 10, 9, 9, 9, 9]"
664,5,"[2, 4, 14]",3,0.2098394688218832,0.054052593652158976,1.7299534011787425,"[143187899, 254784650, 168747721, 571690337, 164725428, 340478478, 142118178, 81905028, 439814207, 228760874]","[4, 4, 4, 4, 14, 14, 4, 14, 14, 2]"
665,5,"[7, 12, 14]",3,0.40836627734825015,0.0687322779558599,3.45042031382521,"[132680153, 90481524, 40486081, 132680157, 370317758, 271766386, 535178593, 93661985, 542501596, 198122321]","[12, 14, 14, 14, 14, 14, 14, 14, 14, 14]"
666,5,"[7, 12, 15, 18]",4,0.58930878713727,0.09128184895962477,3.7123314219061285,"[567086221, 240677032, 559271097, 59808994, 411798754, 47493220, 573296356, 367127990, 584519165, 371915684]","[7, 7, 7, 7, 7, 7, 12, 7, 7, 7]"
667,5,"[7, 8, 9]",3,0.3060808274894953,0.058552101254463196,2.5540631730885557,"[117187564, 367274880, 291770533, 495356082, 45530720, 168995116, 273735192, 599544244, 523253364, 225263667]","[9, 8, 9, 9, 9, 8, 8, 8, 8, 8]"
668,5,"[0, 12]",2,0.19906572392210364,0.036080066580325365,2.488740950357169,"[363089804, 125663130, 465247128, 40534487, 231384928, 80377600, 146001667, 584110432, 456402917, 588329826]","[0, 0, 0, 0, 0, 0, 0, 12, 0, 0]"
669,5,[10],1,0.041467961855232716,0.01339177181944251,1.0396909865085036,"[261591344, 367949198, 367908386, 323991737, 147459119, 113759339, 87072451, 504232684, 176548524, 206019521]","[10, 10, 10, 10, 10, 10, 10, 10, 10, 10]"
670,5,"[9, 12, 19]",3,0.23522255895659328,0.05437438702210784,1.9019459921400994,"[54709475, 132189171, 128710920, 202538093, 248757157, 432844723, 130086289, 216207945, 428145893, 216177718]","[12, 12, 12, 12, 12, 12, 12, 12, 9, 12]"
671,5,"[4, 8, 11]",3,0.22203606693074107,0.0536797302775085,1.8056817715211462,"[330818522, 364835974, 407201795, 400749860, 560442238, 345034708, 154867234, 80694078, 444757611, 312835934]","[4, 8, 11, 8, 8, 11, 11, 11, 11, 11]"
672,5,"[10, 18]",2,0.12334250612184405,0.030740745831280947,1.5304903391515836,"[67789440, 251028555, 21995703, 164594341, 230805367, 525061289, 459184861, 164594342, 65509244, 360841064]","[18, 18, 18, 10, 10, 18, 18, 18, 10, 18]"
673,5,"[2, 10, 12]",3,0.2626168904826045,0.05120506230741739,2.089300501781205,"[51051052, 174475769, 595594238, 269290588, 370066582, 286157228, 576529219, 147307825, 380998116, 574634984]","[10, 10, 10, 10, 10, 2, 10, 2, 2, 10]"
674,5,[0],1,0.06965061742812395,0.017597167287021875,1.7377481411676854,"[479429810, 298036482, 593414564, 298259455, 298036483, 68220734, 299190240, 57198665, 521606638, 459136936]","[0, 0, 0, 0, 0, 0, 0, 0, 0, 0]"
675,5,"[10, 11, 15]",3,0.3427893128246069,0.059512458741664886,2.8466639128358415,"[297452036, 431511634, 267699888, 316137471, 267786525, 143523068, 492881089, 476823035, 588659264, 188625824]","[10, 10, 10, 10, 10, 10, 10, 10, 10, 10]"
676,5,[1],1,0.04791186284273863,0.014685985632240772,1.1562415396329015,"[16257992, 47675388, 309054857, 523952019, 105779695, 524016329, 105762078, 359725836, 368238367, 359643363]","[1, 1, 1, 1, 1, 1, 1, 1, 1, 1]"
677,5,"[0, 9, 10, 12]",4,0.29211078118532896,0.06476630549877882,1.802269774430897,"[393879120, 120717022, 208414194, 99633754, 117226728, 292775917, 99586643, 394084662, 161939041, 394122925]","[0, 0, 0, 0, 0, 0, 0, 0, 0, 0]"
678,5,"[6, 7]",2,0.27477604942396283,0.04952214192599058,3.469508559559472,"[359274305, 269256221, 594206804, 179632193, 133542228, 471314564, 404171624, 269583525, 407302630, 581957968]","[6, 6, 7, 6, 6, 7, 7, 6, 7, 6]"
679,5,"[6, 7]",2,0.27343053789809346,0.04581697378307581,3.469508559559472,"[251448571, 76520495, 122955682, 172705295, 271053136, 317587101, 255456933, 467271521, 2784221, 146700061]","[7, 6, 6, 6, 6, 6, 6, 6, 6, 7]"
680,5,"[6, 7]",2,0.27405313262715936,0.04777423106133938,3.469508559559472,"[6087041, 3093750, 574758959, 139111199, 138948511, 139107335, 139151666, 365263623, 139105244, 6187847]","[6, 6, 6, 6, 6, 6, 6, 6, 6, 6]"
681,5,"[0, 3, 11, 13]",4,0.46770088328048587,0.08919947408139706,3.4795179635402746,"[238308228, 303412562, 114313048, 599021385, 401612053, 189062219, 120446940, 138681031, 385998885, 536322255]","[0, 0, 3, 11, 3, 0, 0, 0, 0, 0]"
682,5,[18],1,0.0826719868928194,0.02033266704529524,2.0212896917946637,"[515188434, 592443859, 544015597, 222916106, 288213671, 577787135, 466815141, 507276213, 245769430, 14794061]","[18, 18, 18, 18, 18, 18, 18, 18, 18, 18]"
683,5,"[3, 10]",2,0.25191732309758663,0.040108594577759504,4.268456493504345,"[544433926, 475118083, 72251823, 57876847, 9233579, 66268596, 351337989, 334606043, 160159285, 249885454]","[10, 10, 10, 10, 3, 10, 10, 10, 10, 10]"
684,5,"[9, 10]",2,0.09196997992694378,0.026742009446024895,1.1157985985046253,"[323331904, 150893518, 323331937, 323331898, 323331897, 323331800, 436535327, 590199614, 521050186, 323331942]","[9, 10, 10, 9, 10, 10, 9, 9, 9, 10]"
685,5,[19],1,0.053215342573821545,0.01475773099809885,1.2741980063728988,"[84891684, 398728662, 439390382, 431029798, 51780697, 330104749, 578036276, 521224739, 404053353, 507150705]","[19, 19, 19, 19, 19, 19, 19, 19, 19, 19]"
686,5,"[1, 14]",2,0.13495251024141908,0.02988928696140647,1.6614307468989864,"[423940458, 566510859, 160820709, 545779598, 81795891, 78070424, 348696054, 186929008, 222909049, 549712016]","[1, 1, 1, 1, 1, 14, 1, 1, 1, 14]"
687,5,"[2, 4, 10]",3,0.16539146145805717,0.0431800652295351,1.3543104119598866,"[19360602, 63120069, 238908179, 444248865, 504982273, 62157101, 431318285, 90868867, 143177142, 279242129]","[10, 10, 10, 10, 10, 10, 10, 4, 10, 10]"
688,5,"[2, 10]",2,0.12322116084396839,0.03082189802080393,1.5140838728984818,"[318958202, 516751079, 235100348, 571583425, 16894732, 572672887, 233284312, 36636776, 68375782, 572673091]","[2, 2, 2, 2, 2, 2, 10, 2, 2, 2]"
689,5,"[4, 8]",2,0.10465998854488134,0.029002114664763212,1.2800697855418548,"[82593162, 306123612, 52575784, 576491031, 401524808, 306228373, 141544878, 259400541, 491268822, 80518319]","[4, 8, 8, 8, 8, 8, 8, 8, 8, 4]"
690,5,"[1, 3, 7, 10]",4,0.49118646094575524,0.08319298224523664,3.6595154386013746,"[280096083, 36166762, 95044933, 36109231, 280127546, 273529687, 36241184, 257737352, 95292611, 280097005]","[10, 3, 3, 3, 10, 3, 3, 10, 10, 10]"
691,5,"[2, 12]",2,0.2115754783153534,0.037130693439394236,2.6141052594175562,"[566160736, 520887986, 348891253, 114567788, 62289136, 467571338, 462908438, 114567826, 38883366, 239529649]","[12, 12, 12, 12, 12, 12, 12, 12, 12, 12]"
692,5,"[4, 10]",2,0.08420175407081842,0.027641245629638433,1.0372272382955998,"[269368219, 137040379, 503667679, 488891435, 122193393, 520081398, 312692760, 341872422, 109071636, 162322284]","[10, 10, 10, 10, 10, 10, 10, 10, 10, 10]"
693,5,"[4, 8, 9, 19]",4,0.2066933116875589,0.06261244090273976,1.2565609469893388,"[479287218, 116811297, 517450973, 230188672, 70334368, 529449169, 94793305, 218946949, 121499907, 190757734]","[8, 4, 19, 8, 8, 4, 8, 8, 19, 19]"
694,5,"[3, 6, 12, 19]",4,0.4705659206956625,0.0846577868796885,3.501315914443694,"[90150958, 305897665, 91508183, 64442664, 434869038, 305835203, 5174385, 372452676, 490753476, 105676927]","[6, 3, 3, 12, 12, 12, 12, 6, 3, 6]"
695,5,"[1, 10]",2,0.09049842320382595,0.02747897058725357,1.0979662630707026,"[543583528, 491684515, 597824063, 381679109, 295478704, 202195445, 395484314, 444084513, 334451584, 127709350]","[10, 10, 10, 10, 10, 10, 10, 1, 10, 10]"
696,5,"[2, 10]",2,0.12350023491308093,0.029223810881376266,1.5140838728984818,"[236566880, 593127527, 584775693, 132606092, 138523568, 159551351, 56611648, 329284485, 377182692, 9429165]","[10, 10, 10, 10, 10, 10, 10, 10, 10, 10]"
697,5,"[10, 12, 15]",3,0.3559339828789234,0.06859813304618001,2.974273251524816,"[420223579, 21934541, 41668771, 163010922, 517149999, 148492603, 206589361, 313138102, 373140299, 249732621]","[10, 12, 10, 10, 10, 10, 10, 10, 10, 10]"
698,5,"[8, 15]",2,0.24821637943387032,0.045788622461259365,3.0843855447601527,"[469746537, 533365015, 463863155, 586936329, 581414985, 353123274, 216708216, 216590526, 216755589, 93588993]","[8, 15, 8, 15, 8, 15, 8, 8, 8, 8]"
699,5,"[1, 10, 18]",3,0.17126470524817705,0.04269580729305744,1.405740739312023,"[223279442, 34407516, 165782050, 451084394, 481824024, 155479000, 143827806, 223313719, 223299903, 70542772]","[10, 10, 18, 10, 10, 10, 10, 10, 10, 18]"
700,5,"[10, 12, 15, 18]",4,0.4364624726586044,0.08277797186747193,2.736027361592278,"[15755585, 27506815, 588753166, 297452316, 31155007, 541273729, 502997176, 371104310, 107432089, 283578665]","[10, 10, 18, 10, 10, 10, 10, 18, 10, 10]"
701,5,[1],1,0.047991672065109015,0.013149083126336336,1.1562415396329015,"[335205476, 580978771, 116276053, 285903853, 182399199, 290312855, 235542195, 95793971, 182244542, 504321353]","[1, 1, 1, 1, 1, 1, 1, 1, 1, 1]"
702,5,[15],1,0.18356120819225907,0.025589811149984598,4.643395008519292,"[356118835, 356334669, 463089125, 229520666, 32701164, 84443931, 567285168, 563774376, 356263433, 49390909]","[15, 15, 15, 15, 15, 15, 15, 15, 15, 15]"
703,5,[10],1,0.041500603314489126,0.012125045992434025,1.0396909865085036,"[303076252, 494944160, 188412807, 561475598, 103672702, 117787662, 88102447, 555653630, 71963599, 294085916]","[10, 10, 10, 10, 10, 10, 10, 10, 10, 10]"
704,5,"[7, 8]",2,0.25532767502591014,0.04318614583462477,3.23514165438246,"[50797895, 531656131, 581259626, 156800920, 341312319, 593534916, 327187554, 560849002, 341690750, 297117766]","[8, 8, 8, 8, 8, 8, 8, 8, 8, 8]"
705,5,"[2, 4, 9, 10]",4,0.21528733568266034,0.05758797097951174,1.3137093615951017,"[479264094, 125376724, 494441995, 395259281, 4677901, 378521473, 561935889, 69582267, 137966257, 220983176]","[10, 4, 4, 4, 2, 9, 4, 10, 10, 10]"
706,5,"[7, 8, 9, 16]",4,0.3702886067330837,0.0747028635814786,2.306162893830333,"[166929302, 75376229, 444325161, 274217792, 385139050, 462371255, 526547697, 140407470, 544155425, 32041101]","[8, 16, 16, 9, 16, 9, 16, 9, 16, 8]"
707,5,"[3, 13]",2,0.28104782197624445,0.04758990975096822,4.661708984756842,"[290423263, 290546975, 141521827, 558769378, 366674039, 296590762, 160086921, 262072973, 442043012, 269632928]","[13, 13, 13, 13, 13, 13, 13, 13, 13, 13]"
708,5,"[12, 14, 15]",3,0.4011991461738944,0.06462422478944063,3.349916240743672,"[445624214, 21209791, 214459992, 582255751, 26580979, 357310198, 244267496, 186070011, 261023680, 210057603]","[12, 12, 12, 12, 12, 12, 12, 12, 12, 12]"
709,5,"[4, 12, 13, 15]",4,0.430852176155895,0.08020352805033326,2.6860220567905344,"[514355034, 91023278, 364123452, 243804062, 326538456, 395818403, 364227009, 509134941, 369773749, 540067352]","[12, 12, 15, 15, 15, 13, 12, 12, 13, 15]"
710,5,"[14, 19]",2,0.1382978050969541,0.035002043936401606,1.720408980268985,"[199872053, 333064862, 74402508, 511648763, 391907968, 204632143, 535203000, 548263377, 480336888, 162935154]","[19, 19, 19, 19, 19, 19, 19, 19, 19, 19]"
711,5,"[0, 1, 10, 11]",4,0.2791656688787043,0.06592922331765294,1.6976466026972048,"[532147618, 41366602, 532398561, 396381822, 581804298, 447709396, 586712300, 357694103, 299154706, 93694205]","[10, 0, 0, 0, 0, 0, 0, 10, 10, 10]"
712,5,"[4, 11, 13, 15]",4,0.4162106062285602,0.08366815326735377,2.5903150527738035,"[176759219, 318552186, 68394679, 439594205, 367534742, 466170201, 433161442, 439494746, 92751049, 80758389]","[11, 13, 11, 4, 13, 11, 13, 13, 13, 13]"
713,5,"[9, 10]",2,0.09158841194584966,0.025302032940089703,1.1157985985046253,"[203973167, 193985554, 286601329, 371709521, 277445547, 75993523, 78652326, 443083963, 443083962, 580234576]","[9, 10, 9, 10, 9, 9, 9, 9, 9, 9]"
714,5,[19],1,0.05197962559759617,0.01510582771152258,1.2741980063728988,"[438904754, 407019418, 62203889, 417460514, 406493921, 574225054, 230750417, 473194321, 580720797, 46452780]","[19, 19, 19, 19, 19, 19, 19, 19, 19, 19]"
715,5,"[1, 11, 15]",3,0.34886044822633266,0.06200466165319085,2.8855140972106406,"[139997905, 110075494, 259654997, 486859552, 306799320, 325045770, 35693852, 306780319, 69018570, 241835127]","[15, 1, 1, 11, 11, 1, 11, 11, 15, 1]"
716,5,"[9, 18]",2,0.13117335829883814,0.02940886840224266,1.6065979511477053,"[219247777, 14956816, 404118624, 17511256, 542238967, 84777825, 271481665, 403891598, 529173650, 535588342]","[9, 9, 9, 9, 9, 18, 9, 9, 9, 9]"
717,5,"[4, 10, 18]",3,0.165374088101089,0.045433676801621914,1.365248056128621,"[423150744, 56737034, 562933801, 421106636, 82776735, 440909851, 460712047, 404847255, 460386170, 171812725]","[18, 10, 10, 10, 18, 10, 10, 10, 18, 10]"
718,5,"[4, 8, 10, 18]",4,0.22878701286390424,0.06024535791948438,1.4052800623467192,"[66220792, 368182769, 513712977, 83160001, 339075830, 338615824, 378525513, 170311604, 408454256, 288486490]","[8, 8, 10, 8, 4, 10, 10, 8, 10, 4]"
719,5,"[4, 9]",2,0.09230358200147748,0.031161803752183914,1.1133348502917215,"[213694925, 200840420, 335626940, 516114027, 131819241, 503450068, 503452741, 332887597, 498525728, 172043876]","[4, 4, 4, 4, 4, 4, 4, 9, 9, 4]"
720,5,"[10, 18]",2,0.12291434314101934,0.03188078198581934,1.5304903391515836,"[42388556, 130285807, 196005135, 190069500, 55484204, 111161273, 42266115, 494050017, 24656633, 302786698]","[18, 18, 18, 18, 18, 18, 18, 18, 18, 18]"
721,5,"[1, 12]",2,0.17769718263298273,0.03410184849053621,2.197987649589777,"[417891217, 76805798, 68427597, 569526539, 280913797, 547125696, 221095546, 597044073, 416051829, 124067658]","[12, 12, 12, 12, 12, 12, 12, 12, 12, 12]"
722,5,[18],1,0.08147585391998291,0.019264213740825653,2.0212896917946637,"[77691294, 438932245, 578938443, 393115337, 191821827, 260549966, 371533472, 214415080, 339900500, 210827489]","[18, 18, 18, 18, 18, 18, 18, 18, 18, 18]"
723,5,"[6, 7]",2,0.2736459020525217,0.045278667006641626,3.469508559559472,"[9020838, 76774025, 386802956, 200392849, 188269105, 393822947, 398354679, 587095987, 356654390, 296306727]","[6, 6, 6, 6, 6, 6, 6, 6, 6, 6]"
724,5,"[2, 11]",2,0.19930892810225487,0.03905175952240825,2.4226912513840944,"[458166727, 454207062, 451916269, 96944793, 72844089, 207932964, 364421544, 406355378, 532097811, 107621134]","[2, 2, 2, 2, 2, 2, 2, 2, 2, 2]"
725,5,"[4, 8, 9]",3,0.15488834399729967,0.04888978926464915,1.2506819271948189,"[123306930, 591041043, 351841418, 173561433, 263835484, 349778014, 62639457, 494567852, 130475617, 24851015]","[4, 9, 9, 9, 9, 9, 4, 9, 9, 9]"
726,5,"[6, 10]",2,0.12271175114437938,0.030562186148017645,1.5169004389317706,"[178802831, 319855764, 174527220, 259717660, 187540254, 548495749, 208427386, 16381369, 36782507, 473491543]","[6, 6, 6, 6, 6, 6, 6, 6, 6, 6]"
727,5,"[3, 9, 10]",3,0.30154260341078043,0.05474219797179103,3.242939732503146,"[435768042, 342043115, 182855474, 22388379, 239426176, 573033301, 280469546, 540276234, 566487774, 389740581]","[3, 9, 10, 3, 9, 3, 3, 3, 10, 9]"
728,5,"[8, 9, 19]",3,0.165030756033957,0.04971046419814229,1.3304934326248865,"[475954615, 494301129, 414079641, 347263570, 482255584, 350504084, 69616124, 595501936, 99183468, 148945582]","[8, 8, 8, 8, 8, 8, 8, 8, 8, 8]"
729,5,"[4, 8, 9]",3,0.15565759595483541,0.04316656291484833,1.2506819271948189,"[301893573, 292081751, 439587855, 241496664, 142253742, 164086875, 224748079, 28049539, 391607797, 44339416]","[4, 4, 9, 4, 4, 4, 4, 8, 8, 8]"
730,5,"[4, 8, 18]",3,0.18616992514580488,0.0482247294858098,1.5271430876261245,"[309653842, 272283737, 439325336, 479751424, 363920619, 49590174, 349149698, 112407100, 242861668, 459842102]","[8, 8, 8, 18, 4, 8, 8, 8, 8, 8]"
731,5,"[10, 15]",2,0.22524926904588938,0.03728442406281829,2.8415429975138977,"[91554181, 341426383, 494588430, 117033705, 38312370, 571913361, 271723947, 176127713, 144654610, 286784459]","[15, 15, 15, 15, 15, 15, 10, 15, 15, 10]"
732,5,"[0, 9, 10]",3,0.16102174809202552,0.045126219280064106,1.3231151127256453,"[19132216, 224283437, 316276338, 547384795, 409121290, 242123266, 316217329, 206899382, 108568694, 483168469]","[0, 0, 0, 0, 0, 0, 0, 0, 0, 0]"
733,5,"[7, 10, 16, 18]",4,0.3812344498001039,0.07551541225984693,2.3920874905306846,"[185126942, 73453623, 205759726, 438930667, 81810707, 358342134, 152636530, 177523159, 265369140, 81610624]","[16, 16, 16, 16, 18, 10, 16, 18, 18, 16]"
734,5,"[8, 11, 16]",3,0.24419479351490736,0.06394243100658059,1.9815812935121357,"[222732639, 433092664, 295555361, 375982531, 513371880, 492975775, 241963157, 330783269, 4018879, 5853120]","[8, 8, 8, 11, 11, 11, 8, 11, 8, 8]"
735,5,"[8, 9, 10]",3,0.15405522100627422,0.0427340492606163,1.2523244260034214,"[523442272, 469630837, 348413791, 89497066, 393431202, 35190427, 569028283, 160125705, 238500784, 382669929]","[9, 9, 9, 9, 9, 9, 9, 9, 9, 9]"
736,5,"[2, 10, 18]",3,0.20562166115269065,0.049332540947943926,1.683152479197209,"[250495421, 532925761, 112828282, 203940805, 539889840, 294617011, 91922461, 365822797, 435983546, 57556452]","[10, 10, 10, 18, 18, 2, 10, 10, 10, 18]"
737,5,"[1, 10]",2,0.09054655116051435,0.027550010476261377,1.0979662630707026,"[274967503, 197159784, 223354459, 325094629, 84008816, 569752094, 29507369, 533138201, 76001378, 76073665]","[1, 1, 1, 1, 1, 1, 1, 1, 1, 1]"
738,5,"[2, 10]",2,0.12337431497871876,0.02990179928019643,1.5140838728984818,"[490032805, 530482745, 144147272, 433394339, 100305852, 215237817, 138127504, 517280616, 530661354, 283048010]","[2, 2, 2, 2, 2, 2, 2, 2, 2, 2]"
739,5,"[7, 8, 9]",3,0.30614739237353206,0.05595030030235648,2.5540631730885557,"[169034073, 75519751, 420560889, 169030897, 58740187, 4573991, 322188794, 176796399, 11795632, 68359383]","[8, 8, 8, 8, 8, 8, 8, 8, 8, 8]"
740,5,"[1, 10, 14]",3,0.17620543204247952,0.04350483696907759,1.4541841601021588,"[134034383, 211568616, 297458372, 14653669, 548468718, 277370827, 280318153, 548449562, 42881514, 38741440]","[10, 1, 10, 1, 1, 1, 10, 1, 10, 10]"
741,5,"[1, 12, 15]",3,0.36205977108329535,0.06229189597070217,3.0131234358996153,"[265676713, 390073910, 4227885, 403296399, 196936640, 363947252, 281300524, 351254502, 416223390, 257734171]","[12, 12, 12, 12, 12, 12, 12, 12, 12, 12]"
742,5,[10],1,0.041742172092199326,0.014875074848532677,1.0396909865085036,"[328926690, 142841584, 366393788, 82961013, 192539996, 37092921, 210699347, 408813883, 527960810, 422015706]","[10, 10, 10, 10, 10, 10, 10, 10, 10, 10]"
743,5,"[2, 4, 9, 18, 19]",5,0.3106842115521431,0.08071709983050823,1.502126831607893,"[231721073, 470619063, 464199733, 470658626, 333928270, 204560378, 70512822, 231721072, 55356397, 281954983]","[19, 4, 19, 4, 19, 19, 19, 19, 18, 9]"
744,5,"[2, 9]",2,0.13142977468669415,0.03518630191683769,1.5901914848946035,"[436863779, 99713472, 69774209, 179112281, 586714768, 259567035, 250149985, 597193909, 125030038, 96364514]","[2, 2, 2, 2, 2, 2, 2, 2, 2, 2]"
745,5,"[0, 1, 10, 12]",4,0.28975496673956513,0.06868434185162187,1.7933536067139357,"[305975296, 129221555, 361836702, 495070446, 207471102, 142799753, 30262928, 163884444, 297134022, 207045293]","[12, 0, 1, 12, 12, 12, 12, 12, 12, 12]"
746,5,"[2, 3, 10]",3,0.33117044856771827,0.054048947524279356,3.508463248765717,"[232624377, 33312517, 146177913, 356326206, 484594305, 381308412, 289828106, 463278358, 356049878, 484594304]","[2, 2, 2, 2, 2, 2, 2, 2, 2, 2]"
747,5,"[4, 16, 18]",3,0.18882984202355146,0.04687771527096629,1.5395050793110083,"[575187413, 199454458, 564932550, 199462273, 444388261, 157370619, 330475937, 107222643, 35532211, 587392179]","[16, 16, 16, 18, 18, 16, 18, 16, 16, 16]"
748,5,"[9, 10, 12, 15]",4,0.4069236875511706,0.07989965518936515,2.5286814912687987,"[127044680, 331992073, 394531784, 190151555, 256078915, 66637549, 436668879, 398841118, 514433967, 398912427]","[10, 12, 10, 9, 9, 12, 12, 9, 10, 12]"
749,5,"[1, 4, 15, 18]",4,0.3549731192179024,0.06780760083347559,2.2139224325073883,"[555807422, 46045003, 588047940, 74666318, 547712943, 140457520, 343417206, 555807416, 549181239, 555807419]","[18, 18, 1, 18, 18, 1, 4, 1, 1, 1]"
750,5,"[10, 13, 18]",3,0.1964133633300662,0.05197332287207246,1.629058882438888,"[94418452, 302611918, 134222644, 302659270, 109372265, 469786629, 79750627, 566169163, 51085809, 71757227]","[10, 10, 10, 10, 10, 10, 10, 10, 10, 18]"
751,5,"[1, 6]",2,0.1285541788674891,0.031358348205685616,1.5751757154939696,"[186250303, 390290954, 27545485, 76431484, 60578090, 247203506, 450346825, 234466048, 407663598, 548876211]","[6, 6, 6, 1, 6, 6, 6, 6, 6, 6]"
752,5,[19],1,0.052089034114032984,0.016039943788200617,1.2741980063728988,"[188276849, 426027857, 321081448, 446586320, 75409110, 501628430, 289790944, 511282565, 73261937, 203027863]","[19, 19, 19, 19, 19, 19, 19, 19, 19, 19]"
753,5,"[9, 19]",2,0.10203518019989133,0.03358655050396919,1.233052108436823,"[15269684, 477254712, 201963919, 68741689, 465257901, 244398823, 192206802, 50436031, 400060721, 159061534]","[9, 9, 9, 9, 9, 9, 9, 9, 9, 9]"
754,5,"[10, 18]",2,0.1254630610346794,0.032526001799851656,1.5304903391515836,"[15635307, 312724952, 316922452, 15291053, 216946039, 220189977, 456888009, 179484769, 398032705, 15389557]","[18, 18, 18, 18, 18, 18, 18, 18, 18, 18]"
755,5,"[1, 9, 10, 12]",4,0.26974380714818835,0.062139383517205715,1.6568931240472011,"[554846630, 539696679, 223674121, 223680731, 95700958, 223700058, 223674897, 585205900, 40041957, 226689730]","[12, 12, 12, 10, 12, 10, 12, 12, 9, 12]"
756,5,"[6, 9, 10]",3,0.17200352530926466,0.045117771718651056,1.4085690294547628,"[143840965, 507145613, 413826743, 23358153, 498454879, 125223810, 208889889, 596226604, 505764537, 527260722]","[10, 10, 9, 10, 9, 9, 10, 9, 10, 10]"
757,5,"[4, 8]",2,0.10500508127734065,0.029370787553489208,1.2800697855418548,"[370815650, 322719624, 470526803, 27740414, 273230502, 328603977, 156101226, 158853418, 506024414, 555358027]","[8, 4, 4, 8, 4, 4, 8, 8, 4, 8]"
758,5,[16],1,0.06472793966531754,0.015813639387488365,1.562462056055665,"[160416779, 813693, 323002308, 409250691, 414800427, 275472747, 172223973, 541085700, 233627995, 287647708]","[16, 16, 16, 16, 16, 16, 16, 16, 16, 16]"
759,5,[19],1,0.052216267213225365,0.01451232098042965,1.2741980063728988,"[581598743, 306077794, 204153808, 428247136, 33707675, 412322717, 472399417, 253949050, 321251817, 175409411]","[19, 19, 19, 19, 19, 19, 19, 19, 19, 19]"
760,5,"[1, 2, 15]",3,0.3135726423934102,0.06034407950937748,2.5960377691468843,"[495038674, 354277872, 206230060, 479991039, 183789871, 228997020, 217592047, 331740458, 403651498, 230938517]","[2, 15, 2, 15, 2, 1, 15, 15, 1, 15]"
761,5,"[10, 18]",2,0.12631397601217031,0.03068653866648674,1.5304903391515836,"[182749746, 203684967, 144733671, 214839887, 214909000, 127517746, 22329715, 123746413, 10515147, 420808461]","[10, 18, 10, 18, 10, 18, 10, 18, 18, 10]"
762,5,[2],1,0.08139476599171758,0.018063248600810766,1.98847675928846,"[483929454, 281576046, 288465784, 284939827, 426437149, 281576039, 128685229, 352335645, 281576050, 416758914]","[2, 2, 2, 2, 2, 2, 2, 2, 2, 2]"
763,5,"[1, 6]",2,0.12864493113011122,0.03153569530695677,1.5751757154939696,"[327510496, 525529653, 9337302, 147786727, 158439522, 119244369, 254839511, 568282822, 358237011, 271537006]","[6, 6, 6, 1, 6, 6, 1, 6, 6, 6]"
764,5,"[4, 8]",2,0.1044841818511486,0.030295976903289557,1.2800697855418548,"[470536358, 288475887, 325147796, 525046357, 75074402, 294191025, 70495944, 19182789, 76054023, 484460163]","[8, 8, 8, 8, 4, 4, 8, 8, 8, 8]"
765,5,"[4, 7, 19]",3,0.28728580474853516,0.06052561663091183,2.4179562414065003,"[141090441, 449849523, 82211827, 2312390, 450015810, 107564364, 507668000, 571211820, 87858039, 40119595]","[19, 19, 19, 19, 19, 19, 19, 7, 19, 4]"
766,5,"[1, 10]",2,0.09532484505325556,0.02695183316245675,1.0979662630707026,"[334710393, 46941624, 525776769, 477671369, 184019416, 587243906, 267276402, 206332309, 125111776, 101462947]","[10, 10, 10, 1, 1, 1, 1, 1, 1, 1]"
767,5,"[1, 2]",2,0.12940058205276728,0.029084003064781427,1.5723591494606808,"[538730025, 546916548, 126273253, 216105455, 494551035, 440684662, 429719592, 469196941, 587476054, 487053834]","[1, 1, 1, 1, 1, 1, 1, 1, 1, 1]"
768,5,"[9, 15, 19]",3,0.28538966877385974,0.05637724744156003,2.369833075130979,"[3390687, 90128001, 22114232, 90061036, 394575987, 317157711, 144379617, 1984326, 405139482, 190781472]","[9, 9, 9, 9, 9, 9, 9, 9, 9, 9]"
769,5,"[3, 6, 10]",3,0.3295722999610007,0.05772265885025263,3.510340959454576,"[396702417, 439483464, 151244184, 65622397, 255663517, 335714306, 100886639, 15813981, 106985993, 494167423]","[6, 3, 3, 3, 3, 3, 6, 3, 3, 6]"
770,5,"[0, 12, 13]",3,0.27215380081906915,0.055087415501475334,2.2678926232426115,"[145195018, 160871623, 369284107, 309803570, 264074098, 372949320, 119994880, 584567699, 196903356, 9789192]","[13, 0, 0, 13, 13, 12, 13, 0, 13, 12]"
771,5,"[4, 8, 19]",3,0.157746693585068,0.04541841195896268,1.2781125258188695,"[125555073, 430068002, 519248949, 82630639, 394514393, 432564336, 493032124, 91264966, 5802309, 270856419]","[8, 8, 8, 8, 4, 8, 8, 19, 4, 19]"
772,5,"[4, 10]",2,0.08358088880777359,0.027418778743594885,1.0372272382955998,"[404794810, 175731954, 31058126, 159317649, 368163645, 543943816, 10021617, 87605363, 289391580, 542896498]","[4, 4, 10, 4, 4, 4, 4, 4, 4, 10]"
773,5,"[7, 9]",2,0.242789797950536,0.041255929972976446,3.0684067191323265,"[492751080, 205233105, 457281331, 340541339, 546584453, 181493268, 567329472, 288187214, 588766771, 546832322]","[9, 9, 9, 9, 9, 9, 9, 9, 9, 9]"
774,5,[18],1,0.08125835005193949,0.019455704372376204,2.0212896917946637,"[448226931, 309062199, 81832684, 123840197, 220335724, 556173834, 123840205, 389361889, 288329360, 123840198]","[18, 18, 18, 18, 18, 18, 18, 18, 18, 18]"
775,5,"[4, 7, 10, 11, 18]",5,0.47594873514026403,0.09541905438527465,2.3795114279258995,"[330627045, 453801749, 422914810, 414352737, 338967500, 109319028, 370292875, 265841295, 73826653, 252775500]","[7, 18, 18, 4, 4, 18, 18, 18, 18, 11]"
776,5,"[0, 7]",2,0.2623009569942951,0.04371459688991308,3.3413276844657958,"[231446595, 253762950, 168448379, 300484739, 519505046, 560816635, 117280640, 30789346, 95492765, 236212957]","[0, 0, 0, 0, 0, 0, 0, 0, 0, 0]"
777,5,"[2, 3, 14]",3,0.37481138529255986,0.05888967262580991,3.884106237984573,"[59536897, 315366675, 271957382, 220611533, 59536898, 276386751, 461574611, 244982098, 133962900, 85342590]","[2, 14, 2, 14, 2, 14, 2, 2, 14, 14]"
778,5,[2],1,0.08143898984417319,0.017332271207123995,1.98847675928846,"[361527157, 68971592, 37715489, 134414390, 472060781, 319229323, 446901347, 78162269, 581028629, 361548506]","[2, 2, 2, 2, 2, 2, 2, 2, 2, 2]"
779,5,"[2, 10]",2,0.12291991291567683,0.029356868006289005,1.5140838728984818,"[73062366, 50402763, 513912888, 50429658, 41559533, 29858437, 448305655, 384486365, 50402761, 580441216]","[2, 2, 2, 2, 2, 2, 2, 2, 2, 2]"
780,5,"[4, 8, 15]",3,0.287787024397403,0.05634399829432368,2.4011781932010003,"[330994717, 388387883, 435849178, 426186555, 86556513, 477879499, 478691689, 405803203, 341638175, 478545127]","[4, 8, 8, 8, 8, 8, 8, 4, 4, 15]"
781,5,[16],1,0.06461568409577012,0.014229023829102516,1.562462056055665,"[77482733, 198733262, 61417956, 508566343, 46651786, 112442356, 64881757, 394298191, 284569134, 390092863]","[16, 16, 16, 16, 16, 16, 16, 16, 16, 16]"
782,5,[8],1,0.062222776003181934,0.015681703109294176,1.5253760810010135,"[94564213, 534350521, 90969118, 441905717, 338303698, 170393771, 482155500, 240981454, 353093644, 877821]","[8, 8, 8, 8, 8, 8, 8, 8, 8, 8]"
783,5,"[0, 12]",2,0.20051504578441381,0.042255901731550694,2.488740950357169,"[590185192, 280384104, 248741750, 248733473, 117598454, 84329985, 196631016, 84329999, 374802457, 84329986]","[0, 0, 0, 12, 0, 12, 12, 0, 0, 0]"
784,5,[0],1,0.06942620081827044,0.014199967961758375,1.7377481411676854,"[199166211, 417355448, 459227806, 466184102, 337111750, 328192286, 392927095, 265397071, 464121153, 337111761]","[0, 0, 0, 0, 0, 0, 0, 0, 0, 0]"
785,5,"[10, 11, 15]",3,0.3418399393558502,0.06167339812964201,2.8466639128358415,"[156315290, 120395787, 479594550, 286274216, 132539877, 544418098, 197754825, 385546444, 39189654, 293081936]","[11, 11, 11, 11, 10, 10, 11, 11, 10, 10]"
786,5,[18],1,0.0810075649060309,0.018408915027976036,2.0212896917946637,"[551214505, 475566736, 234480471, 463874190, 423901142, 358464511, 432890679, 542646214, 498712020, 442806014]","[18, 18, 18, 18, 18, 18, 18, 18, 18, 18]"
787,5,"[4, 9]",2,0.0937375109642744,0.02967824600636959,1.1133348502917215,"[229540847, 438010534, 359901671, 251994508, 343763961, 95676860, 70556567, 185774710, 388016414, 121761180]","[9, 4, 9, 4, 9, 4, 4, 4, 4, 4]"
788,5,"[2, 3, 4, 9]",4,0.3810281162150204,0.07591298222541809,2.9280921150930226,"[135562875, 247401213, 74919655, 316793540, 278535879, 534085834, 487557268, 476615865, 254145330, 598267480]","[2, 2, 2, 3, 2, 3, 9, 2, 2, 3]"
789,5,"[1, 4, 7, 10]",4,0.3250004081055522,0.070285948459059,2.043900810997002,"[236530606, 408116495, 316854552, 95449726, 306000602, 585480619, 324105093, 11538798, 289018475, 3925206]","[10, 10, 10, 7, 10, 4, 10, 10, 4, 4]"
790,5,"[3, 16]",2,0.27203997783362865,0.04186607711017132,4.529842028277926,"[599221685, 380698481, 512991142, 262815169, 315444936, 177122931, 61356790, 247507137, 362171906, 247503072]","[16, 16, 16, 16, 16, 16, 16, 16, 16, 16]"
791,5,"[7, 10]",2,0.23709585331380367,0.042158301919698715,2.992299107136205,"[515338290, 396495284, 14249969, 41155208, 396530260, 86350482, 377072925, 566550535, 411639281, 455560432]","[7, 7, 7, 7, 7, 10, 7, 7, 10, 10]"
792,5,"[16, 18]",2,0.14675698103383183,0.034124954137951136,1.7918758739251643,"[84427599, 405761428, 9831061, 518940904, 122518687, 13377183, 269433434, 406743992, 525393269, 9938394]","[16, 16, 16, 16, 16, 16, 16, 16, 16, 16]"
793,5,"[3, 9, 10]",3,0.2985988180153072,0.05019619269296527,3.242939732503146,"[440358999, 88132546, 569026839, 359211126, 181890903, 510056176, 510057177, 260064345, 404157037, 318945516]","[3, 9, 9, 3, 10, 10, 10, 3, 9, 10]"
794,5,"[8, 19]",2,0.11438349075615406,0.029855303466320038,1.3997870436869562,"[498308087, 297506843, 486149309, 7409874, 244391608, 322895314, 105550276, 61642155, 535635154, 96219582]","[19, 19, 8, 19, 19, 19, 8, 19, 19, 19]"
795,5,[18],1,0.0815583523362875,0.01799857709556818,2.0212896917946637,"[357626915, 7668981, 228603212, 287942832, 492746512, 377277065, 139212702, 76689036, 228617234, 181428961]","[18, 18, 18, 18, 18, 18, 18, 18, 18, 18]"
796,5,"[16, 18]",2,0.1461439854465425,0.03275080444291234,1.7918758739251643,"[333331633, 461496564, 369104080, 143580053, 81566344, 422515946, 458830747, 343364802, 138351033, 7319301]","[18, 16, 16, 18, 16, 16, 16, 16, 18, 16]"
797,5,"[0, 1, 12]",3,0.24640277307480574,0.05228887731209397,2.0445744801157466,"[282975484, 113313962, 439578988, 388865837, 526192199, 113313963, 48842498, 127950716, 483516645, 208133910]","[12, 12, 12, 12, 12, 12, 12, 12, 12, 12]"
798,5,"[10, 12, 13]",3,0.245639537461102,0.05335409566760063,2.0352069050228843,"[433323913, 481175924, 168133538, 215456178, 463583639, 387115136, 466143566, 96347394, 415628246, 484251347]","[12, 12, 12, 12, 12, 12, 12, 12, 12, 12]"
799,5,"[6, 7, 10]",3,0.3152850051410496,0.05854138359427452,2.6595693685424826,"[351245664, 376513868, 20055048, 128344438, 361801532, 392515992, 78398179, 345782426, 378225002, 191593345]","[6, 6, 6, 6, 10, 6, 6, 6, 6, 6]"
800,5,"[16, 18]",2,0.14579582586884499,0.032430514227598906,1.7918758739251643,"[482762040, 342908927, 471471192, 208076775, 590667230, 561001039, 452179715, 316818274, 561176458, 344758109]","[16, 16, 18, 16, 16, 18, 16, 18, 16, 16]"
801,5,"[1, 4, 10, 15, 18]",5,0.39867481915280223,0.08536243299022317,1.9790761433076114,"[434873979, 385576658, 74849049, 252551665, 165673250, 540392497, 455334205, 238382615, 560115302, 30711889]","[10, 10, 15, 10, 18, 18, 18, 10, 4, 15]"
802,5,"[2, 10, 18]",3,0.20432991348206997,0.049411040265113115,1.683152479197209,"[171221271, 276874975, 223842080, 218150909, 74539230, 159276580, 27514283, 226045049, 86049469, 259050741]","[10, 2, 2, 2, 10, 2, 2, 10, 2, 10]"
803,5,[9],1,0.049922497011721134,0.013298811856657267,1.191906210500747,"[288841758, 432090101, 568673377, 250940003, 109638855, 585638962, 466962496, 215369858, 591554237, 332506833]","[9, 9, 9, 9, 9, 9, 9, 9, 9, 9]"
804,5,"[4, 8, 11]",3,0.22149917436763644,0.0516569996252656,1.8056817715211462,"[440242907, 78528402, 171973685, 440354113, 241278131, 151125495, 111845118, 76481086, 495700025, 426880420]","[11, 11, 8, 11, 11, 4, 4, 8, 8, 8]"
805,5,"[0, 3, 7]",3,0.4694970608688891,0.06759959971532226,4.726625789810593,"[546332249, 21129175, 295071862, 395839506, 266610220, 231654730, 283348021, 556621040, 577743024, 310191352]","[0, 0, 0, 0, 0, 0, 7, 0, 0, 0]"
806,5,"[4, 9, 10, 18]",4,0.2169873141683638,0.059747084975242615,1.3219125947216526,"[457758106, 525363080, 189485965, 79439685, 223020242, 223020241, 455461316, 135591107, 63318695, 480015794]","[4, 10, 9, 9, 10, 9, 9, 9, 18, 9]"
807,5,"[4, 7]",2,0.2351033636368811,0.04427267983555794,2.989835358923301,"[526280154, 545821299, 462955477, 411326112, 423700160, 241796868, 253442550, 84473634, 509457206, 377202087]","[4, 4, 4, 4, 4, 4, 4, 7, 4, 4]"
808,5,"[1, 10, 15]",3,0.2732439851388335,0.05707888072356582,2.279775844886899,"[471538335, 454252821, 561549556, 378813124, 377725690, 19795167, 385974109, 320167445, 407454810, 23156939]","[1, 1, 1, 1, 1, 1, 1, 1, 1, 1]"
809,5,"[1, 3, 6]",3,0.33593469858169556,0.06310783699154854,3.5491911438293755,"[423063866, 414841139, 595781421, 253478887, 400895659, 30835860, 467319785, 14665769, 4919323, 366391536]","[6, 1, 1, 3, 1, 1, 1, 6, 6, 1]"
810,5,[19],1,0.05236119590699673,0.015138148795813322,1.2741980063728988,"[569747888, 343843896, 397365936, 569747913, 7778957, 32747278, 127070054, 75369376, 581475779, 419761138]","[19, 19, 19, 19, 19, 19, 19, 19, 19, 19]"
811,5,"[7, 15, 16]",3,0.4414221500046551,0.07766220485791564,3.716921430779621,"[95674350, 83388439, 254249257, 482772616, 238910541, 222283007, 274675334, 329488606, 73150447, 585442522]","[16, 16, 7, 7, 16, 16, 16, 15, 7, 15]"
812,5,"[6, 12]",2,0.21145055396482348,0.03950568241998553,2.616921825450845,"[433487277, 411791788, 447995370, 415492035, 584409108, 383510698, 527474121, 168502178, 12961426, 450072464]","[6, 12, 12, 6, 6, 12, 12, 12, 6, 6]"
813,5,"[15, 19]",2,0.23815000243484974,0.04025534866377711,2.9587965074460953,"[325920311, 512099405, 93108396, 452673403, 305684181, 217374187, 537890579, 305684177, 190182926, 228268366]","[19, 19, 19, 15, 15, 15, 19, 19, 19, 19]"
814,5,"[3, 14]",2,0.29419879941269755,0.048404666129499674,4.831920977332629,"[72904289, 502655213, 340599533, 169184272, 354551477, 199308255, 378118468, 404614755, 375737111, 302848840]","[14, 3, 14, 3, 3, 14, 14, 14, 14, 3]"
815,5,"[3, 13, 15]",3,0.46458769403398037,0.0806809701025486,4.655604326010992,"[302031604, 326813122, 390012618, 301544297, 164701156, 324619110, 568035754, 474359876, 436657279, 435329890]","[13, 13, 3, 3, 3, 3, 13, 13, 3, 13]"
816,5,"[10, 12]",2,0.1717239418067038,0.03422457166016102,2.139712373027578,"[456601074, 117369514, 499615542, 75653653, 48979196, 48975547, 190097047, 174666670, 48986741, 188109299]","[10, 10, 10, 10, 10, 10, 10, 10, 10, 12]"
817,5,[18],1,0.08141499105840921,0.01773448009043932,2.0212896917946637,"[189756710, 546620521, 141747554, 535394321, 78131193, 69964102, 501852105, 297618934, 141747543, 536687610]","[18, 18, 18, 18, 18, 18, 18, 18, 18, 18]"
818,5,[18],1,0.0814775200560689,0.019409175030887127,2.0212896917946637,"[325937048, 71571922, 245169167, 160983765, 162773863, 222803614, 535325205, 307655073, 345784330, 269633147]","[18, 18, 18, 18, 18, 18, 18, 18, 18, 18]"
819,5,"[2, 9, 10]",3,0.1734239193610847,0.040932088159024715,1.4066913187659036,"[363502546, 370309140, 43217211, 260118514, 169104147, 87392741, 436027833, 274526481, 363508053, 138697469]","[10, 10, 10, 10, 10, 10, 10, 10, 10, 10]"
820,5,"[0, 15]",2,0.2532502948306501,0.04249695874750614,3.1905715748434886,"[265708503, 204891568, 99900872, 124735734, 423985848, 460459031, 184416773, 542111364, 502208069, 323596152]","[0, 0, 0, 0, 0, 0, 0, 0, 0, 0]"
821,5,[12],1,0.13105163117870688,0.02010428300127387,3.2397337595466524,"[518903693, 239028560, 350157917, 176533017, 416319116, 401719245, 443063391, 198903004, 193216966, 350541807]","[12, 12, 12, 12, 12, 12, 12, 12, 12, 12]"
822,5,[8],1,0.06276460271328688,0.016167241148650646,1.5253760810010135,"[435953124, 461552910, 133784506, 204458540, 6711057, 285290085, 239405223, 7508107, 204484192, 412583065]","[8, 8, 8, 8, 8, 8, 8, 8, 8, 8]"
823,5,"[0, 10, 12]",3,0.24131020810455084,0.04902735771611333,2.005724295740947,"[122861129, 123211615, 122960842, 199144490, 159061239, 251115261, 388968961, 122861131, 123211614, 548933798]","[0, 0, 0, 12, 0, 0, 0, 0, 0, 0]"
824,5,"[9, 12, 14, 16]",4,0.3311828998848796,0.07223869441077113,2.040180495067034,"[406116702, 469393381, 333280719, 19492396, 508876997, 392125912, 321232038, 155789864, 306471134, 392381230]","[9, 9, 12, 9, 16, 9, 9, 9, 12, 16]"
825,5,"[8, 9]",2,0.11205618595704436,0.03084337105974555,1.3586411457508802,"[373655150, 546767913, 91023937, 389585265, 191239138, 249506230, 198741429, 375374551, 572202631, 119324248]","[8, 9, 8, 8, 8, 9, 8, 8, 9, 8]"
826,5,"[4, 8]",2,0.10480488929897547,0.030190887860953808,1.2800697855418548,"[489703938, 327507300, 399547913, 219219122, 54730020, 195738853, 417561360, 340742549, 236646993, 187344130]","[8, 8, 8, 8, 8, 8, 8, 8, 8, 8]"
827,5,"[9, 10, 14, 16]",4,0.24440020695328712,0.0631553246639669,1.4901698018074967,"[249867224, 229673572, 151311741, 490398941, 304726556, 72253503, 229673571, 441560774, 299186712, 389430182]","[10, 16, 16, 16, 16, 16, 16, 16, 16, 16]"
828,5,"[10, 12]",2,0.17584543488919735,0.036635205149650574,2.139712373027578,"[113927593, 216752100, 443458963, 599937149, 216845487, 27087399, 27087371, 538193308, 535506434, 350172041]","[12, 12, 12, 12, 12, 12, 12, 12, 12, 12]"
829,5,"[4, 8, 10, 19]",4,0.19888435304164886,0.06190005503594875,1.218507140991278,"[276824263, 480784048, 127939529, 508643876, 45248692, 223074803, 584665657, 296559762, 223049251, 421815662]","[10, 10, 19, 19, 19, 19, 10, 10, 19, 10]"
830,5,"[4, 8]",2,0.10475244000554085,0.027902303263545036,1.2800697855418548,"[441647516, 367323591, 381829899, 438982471, 412646774, 394992300, 467448389, 200074547, 376998627, 399350441]","[8, 8, 8, 8, 8, 8, 8, 8, 8, 8]"
831,5,"[4, 9]",2,0.09270259365439415,0.029276899993419647,1.1133348502917215,"[8491457, 340618239, 124183150, 391680199, 126637181, 154365432, 160880787, 293991738, 317663040, 379528431]","[4, 9, 9, 9, 9, 9, 9, 9, 4, 9]"
832,5,"[3, 15, 16]",3,0.45632768981158733,0.07634184788912535,4.567693021691714,"[227737429, 443250896, 143782070, 523319676, 142534199, 418897785, 333304113, 114655057, 30780723, 9538672]","[16, 16, 16, 16, 16, 16, 16, 16, 16, 16]"
833,5,"[16, 18]",2,0.1462069321423769,0.03507647896185517,1.7918758739251643,"[184550281, 330187591, 499907814, 364229217, 489438597, 455690861, 118719336, 586721881, 52058820, 356597521]","[16, 16, 16, 16, 16, 16, 16, 16, 16, 16]"
834,5,[2],1,0.08177256118506193,0.017883601132780313,1.98847675928846,"[434542501, 217125674, 286338671, 95975796, 571534275, 489000797, 230364669, 491729954, 71618190, 66595233]","[2, 2, 2, 2, 2, 2, 2, 2, 2, 2]"
835,5,"[4, 8]",2,0.10484223207458854,0.03106951480731368,1.2800697855418548,"[259408569, 540749770, 21827134, 236055833, 368893459, 280808789, 228982019, 236055832, 581076009, 580940482]","[4, 8, 8, 8, 8, 8, 8, 8, 8, 8]"
836,5,"[1, 2, 6, 7, 14]",5,0.4917510529048741,0.09306470770388842,2.4500710744410754,"[298789801, 258421174, 5280558, 320072106, 553396528, 422116678, 407456226, 401769643, 429170665, 351625395]","[2, 2, 2, 2, 2, 2, 2, 7, 2, 2]"
837,5,"[7, 15, 16]",3,0.4429015200585127,0.07333549810573459,3.716921430779621,"[350013298, 398947805, 134561125, 332085164, 438120839, 365244165, 216670285, 352183666, 519038739, 517014268]","[16, 16, 16, 16, 7, 7, 16, 15, 16, 7]"
838,5,"[1, 16]",2,0.11285686166957021,0.028275999706238508,1.3593517978442833,"[590357826, 219437928, 24570460, 187123607, 118783712, 187179861, 175462001, 367528210, 527438754, 24570459]","[16, 16, 16, 16, 16, 16, 16, 16, 16, 16]"
839,5,"[4, 8, 18]",3,0.1874370714649558,0.04942988697439432,1.5271430876261245,"[138366709, 266734567, 313988359, 484722634, 561258797, 482250680, 297219429, 198235008, 47680120, 482254926]","[18, 18, 18, 18, 18, 4, 4, 18, 18, 18]"
840,5,[19],1,0.05224506789818406,0.01399011118337512,1.2741980063728988,"[261381281, 573127377, 92937991, 441340568, 359977576, 138868983, 144662308, 456298196, 359972516, 478786710]","[19, 19, 19, 19, 19, 19, 19, 19, 19, 19]"
841,5,"[4, 11, 13, 15]",4,0.4321123184636235,0.08494588686153293,2.5903150527738035,"[43171719, 528130805, 514453858, 525458684, 538584591, 514897301, 100921820, 246305164, 253703487, 260149564]","[4, 15, 15, 15, 4, 4, 15, 15, 15, 4]"
842,5,"[0, 9, 10, 19]",4,0.2135344366542995,0.05613222066313028,1.3108858361374587,"[78827321, 60909584, 35313378, 421958143, 61757192, 269026244, 400861317, 168163685, 136647997, 542616185]","[10, 0, 10, 10, 10, 10, 10, 10, 9, 10]"
843,5,"[4, 8]",2,0.10426565492525697,0.03019850281998515,1.2800697855418548,"[100058525, 430366583, 42891670, 578026516, 533552145, 16580535, 482635667, 57817423, 215371814, 333788738]","[4, 8, 4, 8, 4, 4, 8, 4, 8, 8]"
844,5,"[10, 12]",2,0.17119011608883739,0.0342001561075449,2.139712373027578,"[240275954, 69367354, 240256613, 572004929, 386763457, 372667634, 204986736, 520999896, 30007965, 95514323]","[10, 10, 10, 12, 12, 10, 10, 10, 10, 12]"
845,5,[8],1,0.062278233002871275,0.016425481997430325,1.5253760810010135,"[210911512, 450105911, 151739648, 532212276, 431430781, 403088872, 476733758, 515245053, 321503904, 583426662]","[8, 8, 8, 8, 8, 8, 8, 8, 8, 8]"
846,5,[6],1,0.08056983631104231,0.01959589682519436,1.9941098913550377,"[176896948, 113103367, 378506052, 428254010, 499747030, 131341583, 91486397, 176835666, 275719177, 64263]","[6, 6, 6, 6, 6, 6, 6, 6, 6, 6]"
847,5,[4],1,0.04200614197179675,0.012796569149941206,1.034763490082696,"[211478103, 5266807, 211464483, 395902506, 186844356, 436410532, 132540708, 432528360, 132475661, 577844901]","[4, 4, 4, 4, 4, 4, 4, 4, 4, 4]"
848,5,"[8, 9, 19]",3,0.16397264320403337,0.04732424579560757,1.3304934326248865,"[19555780, 175512374, 199477483, 19579651, 149086318, 19582121, 45690194, 284388133, 19573617, 456774837]","[19, 19, 19, 19, 19, 19, 19, 19, 19, 19]"
849,5,"[7, 8]",2,0.2551018870435655,0.04255395196378231,3.23514165438246,"[269323863, 521262335, 356377308, 278359722, 338490120, 112406467, 320965521, 564218028, 498412961, 440638890]","[7, 8, 7, 8, 8, 7, 7, 7, 8, 8]"
850,5,"[4, 19]",2,0.09423495410010219,0.030841386877000332,1.1544807482277974,"[352071651, 113992217, 415740214, 409480815, 421371089, 183599496, 350994816, 358085096, 276836020, 314692744]","[19, 19, 19, 19, 19, 19, 19, 19, 19, 19]"
851,5,[19],1,0.05209300387650728,0.01604973617941141,1.2741980063728988,"[87493762, 188328316, 11248292, 505651515, 92264420, 230403360, 593930927, 551622090, 228651129, 150579725]","[19, 19, 19, 19, 19, 19, 19, 19, 19, 19]"
852,5,"[0, 12]",2,0.199488774407655,0.03758615301921964,2.488740950357169,"[37811016, 473504460, 582813404, 215820939, 473482680, 285265932, 324368555, 562094452, 562100179, 217631526]","[12, 12, 12, 12, 12, 12, 12, 0, 12, 12]"
853,5,"[7, 15]",2,0.3762609623372555,0.05427346006035805,4.794151118141599,"[599170764, 209157692, 481581017, 167656863, 536650870, 430690500, 429830540, 579563702, 502865049, 47244420]","[15, 15, 15, 15, 15, 15, 15, 15, 15, 15]"
854,5,"[10, 16, 18]",3,0.18836510693654418,0.0469879237934947,1.5411475781196107,"[298557429, 264837653, 346482625, 224958773, 366603740, 271578965, 296866940, 452451777, 21597522, 496570570]","[18, 16, 16, 18, 18, 18, 18, 16, 18, 16]"
855,5,"[9, 12, 16, 18]",4,0.3269278439693153,0.07102576131001115,2.003847929474432,"[13500227, 558483892, 243640497, 473190041, 20101791, 238138424, 13415872, 20101788, 238474670, 282175107]","[18, 16, 18, 18, 18, 18, 18, 18, 18, 18]"
856,5,[19],1,0.05198957910761237,0.01316540315747261,1.2741980063728988,"[271924014, 43398037, 503788850, 260585669, 474652244, 455925797, 215918210, 146973603, 486569386, 395348698]","[19, 19, 19, 19, 19, 19, 19, 19, 19, 19]"
857,5,"[2, 4, 15]",3,0.30725396564230323,0.06194053590297699,2.5555450859634825,"[486560079, 327145261, 361198864, 224056092, 350118152, 143067917, 220798813, 284881445, 157855667, 579818435]","[15, 2, 4, 2, 2, 4, 4, 2, 4, 15]"
858,5,"[1, 10, 15]",3,0.27341550635173917,0.052035211119800806,2.279775844886899,"[581331342, 517645098, 63204988, 429446346, 258776256, 321572892, 11087266, 284877871, 287624253, 11087268]","[10, 10, 1, 1, 15, 1, 10, 10, 15, 10]"
859,5,"[4, 19]",2,0.10014506010338664,0.029909894801676273,1.1544807482277974,"[527568896, 396105967, 332602224, 527670657, 318367759, 564144967, 527568903, 68482796, 593165598, 172878912]","[19, 19, 19, 19, 19, 19, 19, 19, 19, 19]"
860,5,"[2, 9, 12]",3,0.26096082804724574,0.05492245638743043,2.1400389097786197,"[535675477, 355548424, 270006756, 301349402, 507596443, 313944357, 267260077, 83315250, 357961509, 192245896]","[2, 2, 2, 2, 2, 2, 2, 2, 2, 2]"
861,5,"[1, 3]",2,0.25472105387598276,0.04038725607097149,4.326731770066544,"[541869874, 387580617, 512795844, 10625348, 425468283, 85862371, 101572055, 62124119, 339259479, 584974950]","[1, 1, 1, 3, 3, 3, 1, 3, 3, 3]"
862,5,"[4, 7]",2,0.23533789534121752,0.04408483952283859,2.989835358923301,"[153869902, 384615804, 363362129, 464755881, 226483912, 83369202, 462875104, 576449556, 83051258, 418552322]","[4, 4, 4, 4, 4, 4, 4, 4, 4, 4]"
863,5,[6],1,0.0805425401777029,0.021543456707149744,1.9941098913550377,"[419712632, 165915394, 316566842, 147136187, 224548655, 583929514, 328080161, 181293187, 524619701, 193084922]","[6, 6, 6, 6, 6, 6, 6, 6, 6, 6]"
864,5,"[7, 8]",2,0.2550956797786057,0.04396512685343623,3.23514165438246,"[103994370, 64154372, 265249519, 436371389, 348268592, 138290075, 330579822, 288393933, 592062875, 214087759]","[7, 7, 7, 7, 7, 7, 7, 7, 7, 8]"
865,5,"[7, 8, 15]",3,0.4384236130863428,0.07227293541654944,3.704559439094737,"[512035625, 366700818, 202541021, 330189816, 146102195, 476184840, 191788327, 76200921, 261534080, 232353326]","[8, 8, 7, 7, 8, 7, 8, 8, 7, 15]"
866,5,"[9, 10, 12]",3,0.22147152852267027,0.05007264204323292,1.8237769855186343,"[550000252, 289896117, 595905226, 260324608, 162598762, 597616509, 263950507, 370125796, 129581804, 305567628]","[12, 10, 10, 12, 12, 10, 12, 12, 10, 12]"
867,5,[11],1,0.11681156838312745,0.021509121172130108,2.8569057434797287,"[161598115, 48574606, 475649919, 196752454, 22918815, 117989128, 131531957, 70758564, 437006189, 267286042]","[11, 11, 11, 11, 11, 11, 11, 11, 11, 11]"
868,5,"[9, 10, 12]",3,0.22098503122106194,0.04853119468316436,1.8237769855186343,"[356500865, 489478009, 477060509, 306310881, 477504394, 402340401, 328054079, 375257844, 28284158, 70207319]","[12, 12, 12, 12, 12, 12, 12, 10, 10, 12]"
869,5,[10],1,0.04229017486795783,0.01344876503571868,1.0396909865085036,"[262321495, 481457656, 291492315, 346847059, 501419107, 439176866, 20292761, 563902705, 20835328, 89001565]","[10, 10, 10, 10, 10, 10, 10, 10, 10, 10]"
870,5,[10],1,0.041603739839047194,0.012223798781633377,1.0396909865085036,"[112508320, 459659012, 587371681, 207108803, 460394659, 572656932, 127178052, 421203300, 155034990, 197424528]","[10, 10, 10, 10, 10, 10, 10, 10, 10, 10]"
871,5,"[2, 10]",2,0.12330231722444296,0.030407498124986887,1.5140838728984818,"[525197836, 148862207, 13098477, 285403932, 180888613, 41409768, 379452575, 191399531, 119423179, 79997630]","[2, 2, 2, 10, 2, 2, 2, 2, 2, 2]"
872,5,"[10, 18]",2,0.12263549910858274,0.031119180377572775,1.5304903391515836,"[503266532, 323826808, 579038074, 153428687, 242533111, 293544847, 503042545, 183129781, 70176803, 123127955]","[10, 18, 10, 18, 10, 10, 10, 18, 18, 18]"
873,5,"[16, 18]",2,0.14614366833120584,0.033202933613210917,1.7918758739251643,"[273977532, 298455624, 419061305, 176264525, 386174826, 4051731, 340258199, 553283219, 561138415, 145837704]","[18, 16, 16, 16, 16, 16, 18, 16, 16, 18]"
874,5,"[2, 9]",2,0.1313621299341321,0.03481014119461179,1.5901914848946035,"[212902331, 222591772, 58828972, 145494845, 231852001, 324647310, 552677393, 305342426, 311464989, 132432791]","[2, 2, 2, 2, 2, 2, 2, 9, 2, 2]"
875,5,[4],1,0.04207660583779216,0.013032859191298485,1.034763490082696,"[574593890, 302511946, 230069100, 17749590, 189220285, 538794706, 115173751, 533975613, 254320658, 307496636]","[4, 4, 4, 4, 4, 4, 4, 4, 4, 4]"
876,5,"[4, 16, 18]",3,0.1894119931384921,0.04502701945602894,1.5395050793110083,"[205858234, 205858235, 205817011, 408203787, 128903282, 206144307, 26813258, 521497153, 205833512, 288633262]","[18, 16, 16, 16, 18, 18, 16, 16, 18, 16]"
877,5,"[4, 7, 8, 18]",4,0.37910443264991045,0.07913107657805085,2.38158412266057,"[178872551, 419754496, 54423710, 144399593, 599668128, 505811844, 368660534, 559327687, 108818957, 305147460]","[8, 18, 4, 8, 8, 8, 18, 8, 18, 4]"
878,5,"[10, 18]",2,0.12267799396067858,0.030545128975063562,1.5304903391515836,"[165387938, 89065231, 430039082, 33690114, 400923749, 531178403, 344236076, 340118914, 353633245, 58992407]","[18, 18, 18, 10, 18, 10, 18, 10, 10, 18]"
879,5,"[10, 18]",2,0.12323854118585587,0.03059703391045332,1.5304903391515836,"[303703297, 328420, 344622214, 221191152, 426778940, 555807421, 488920870, 274663530, 92739215, 406923233]","[18, 18, 18, 18, 18, 18, 18, 18, 18, 18]"
880,5,"[14, 16]",2,0.1520039509050548,0.035085407085716724,1.8645410051103681,"[96447137, 48791602, 88492235, 465953021, 352092256, 18510270, 196778869, 135183457, 392540250, 98400942]","[16, 16, 14, 16, 16, 14, 16, 16, 14, 16]"
881,5,[8],1,0.06480541313067079,0.014884963165968657,1.5253760810010135,"[277389016, 396026171, 240443054, 510801508, 579045419, 539811668, 598319225, 79050214, 285433142, 483409512]","[8, 8, 8, 8, 8, 8, 8, 8, 8, 8]"
882,5,"[3, 10, 11, 12]",4,0.49530527740716934,0.08880753675475717,3.658388122508768,"[159470493, 183012593, 269067563, 269128707, 216262394, 5832120, 232451164, 216357031, 198572032, 185739334]","[3, 3, 3, 3, 3, 3, 3, 3, 3, 10]"
883,5,"[16, 18]",2,0.14625067729502916,0.035739360842853785,1.7918758739251643,"[450545184, 240566049, 448192784, 285961191, 481356550, 534974293, 380130755, 303332706, 188972473, 318413067]","[16, 16, 18, 16, 16, 16, 16, 16, 16, 16]"
884,5,"[4, 8, 15]",3,0.2893985575065017,0.05930308438837528,2.4011781932010003,"[65327380, 425670491, 583864659, 65327381, 368182769, 35334110, 233808705, 563539717, 393376117, 182781121]","[15, 4, 8, 4, 8, 8, 4, 4, 4, 8]"
885,5,[12],1,0.12993159471079707,0.020039130933582783,3.2397337595466524,"[68294369, 531887731, 587247123, 118170527, 168564634, 311192250, 565442313, 47874228, 249485541, 283965110]","[12, 12, 12, 12, 12, 12, 12, 12, 12, 12]"
886,5,"[3, 12, 14]",3,0.4241395811550319,0.0700790686532855,4.301191904737304,"[167712818, 142155274, 418344272, 71479451, 119366487, 510341808, 227360561, 151014877, 586910753, 227107143]","[12, 12, 12, 12, 12, 12, 12, 12, 12, 12]"
887,5,"[4, 7, 9, 10, 15]",5,0.5109489331953228,0.10153473308309913,2.570932584675029,"[177492402, 535919795, 176813416, 180483235, 176795095, 180266204, 596935028, 241861460, 180263495, 348128252]","[15, 15, 15, 10, 15, 7, 7, 15, 15, 15]"
888,5,"[6, 12]",2,0.2103162151761353,0.03992376383394003,2.616921825450845,"[224795566, 323068915, 181075644, 402488336, 196748699, 398472432, 142838359, 175829416, 282171496, 372260048]","[12, 6, 12, 12, 12, 6, 12, 12, 12, 12]"
889,5,"[10, 18]",2,0.12366158328950405,0.032468626741319895,1.5304903391515836,"[178338312, 449642969, 62444454, 332439531, 303703297, 287023832, 186315738, 167555446, 57675857, 527578010]","[18, 18, 18, 18, 18, 18, 18, 18, 18, 18]"
890,5,"[4, 9, 10]",3,0.13364825304597616,0.043062593787908554,1.0887868956973155,"[351600434, 375906280, 444044118, 534625534, 322527861, 121727598, 195569237, 195851761, 588959626, 376820710]","[9, 4, 10, 9, 9, 10, 9, 9, 4, 9]"
891,5,[16],1,0.06463248375803232,0.015737542882561684,1.562462056055665,"[35506914, 35222598, 423611375, 422119093, 589832687, 497316237, 589900980, 3032838, 267666949, 421405297]","[16, 16, 16, 16, 16, 16, 16, 16, 16, 16]"
892,5,"[4, 15, 18]",3,0.30677812406793237,0.05852275853976607,2.566482730132217,"[236286607, 451330241, 362273248, 347002214, 102832888, 278872837, 330500808, 207879620, 227289098, 70633051]","[4, 4, 4, 4, 4, 4, 4, 4, 4, 4]"
893,5,[4],1,0.04236284736543894,0.013964127749204636,1.034763490082696,"[577884183, 230598180, 70777269, 410586201, 94483386, 407198240, 281490368, 460101255, 289303918, 117989967]","[4, 4, 4, 4, 4, 4, 4, 4, 4, 4]"
894,5,"[3, 10, 18]",3,0.33032815204933286,0.06610935414209962,3.5194008929344514,"[587102603, 170169858, 84270887, 556771621, 183448190, 236594534, 584225859, 221096784, 462621303, 177546331]","[3, 3, 3, 3, 3, 18, 18, 3, 3, 3]"
895,5,"[0, 4, 8, 18]",4,0.2549107847735286,0.06723310239613056,1.5797943510115147,"[337433489, 532859347, 217814354, 404880666, 52486269, 260810049, 383235976, 349668517, 391066255, 129270271]","[4, 4, 0, 0, 8, 4, 0, 0, 8, 8]"
896,5,"[4, 7, 19]",3,0.2877190597355366,0.060010096058249474,2.4179562414065003,"[168041715, 233315855, 253258903, 219217186, 219159946, 205471858, 244007687, 74333164, 75341525, 463839280]","[19, 19, 4, 4, 19, 4, 4, 4, 4, 4]"
897,5,"[1, 3, 6, 10]",4,0.3771728426218033,0.07144988980144262,2.9218161044991575,"[342961575, 342961572, 342961578, 108095035, 302173789, 453368057, 342961579, 108140504, 239858151, 302363278]","[3, 1, 1, 3, 3, 3, 6, 3, 3, 3]"
898,5,"[0, 12]",2,0.20038919430226088,0.03766948217526078,2.488740950357169,"[434287321, 285400705, 542290232, 332335132, 542166318, 402924785, 82308343, 344439239, 20882674, 21699115]","[0, 0, 0, 0, 0, 12, 0, 0, 0, 0]"
899,5,[16],1,0.06493750913068652,0.02016223594546318,1.562462056055665,"[507029069, 426930287, 573628652, 371506867, 26691262, 371263752, 26632321, 105042186, 48992045, 371517341]","[16, 16, 16, 16, 16, 16, 16, 16, 16, 16]"
900,5,[2],1,0.08183032181113958,0.015943272970616817,1.98847675928846,"[124993178, 280463496, 174847220, 68166793, 204608596, 149715940, 378018282, 539827010, 161294887, 466214685]","[2, 2, 2, 2, 2, 2, 2, 2, 2, 2]"
901,5,[15],1,0.18337766174227,0.0248219040222466,4.643395008519292,"[19069592, 31708204, 7675266, 226905715, 422841084, 199429539, 324054644, 488242255, 47371500, 19080473]","[15, 15, 15, 15, 15, 15, 15, 15, 15, 15]"
902,5,"[10, 15]",2,0.2259742058813572,0.034905054140836,2.8415429975138977,"[36995052, 560901483, 596304534, 260089397, 20478478, 448875963, 481450756, 424349573, 225591463, 182808778]","[15, 15, 15, 15, 15, 15, 15, 15, 15, 15]"
903,5,"[10, 18]",2,0.12272045901045203,0.03197886422276497,1.5304903391515836,"[37194084, 389395402, 420027424, 235927474, 150702021, 392999512, 264227635, 237249653, 205749659, 38533652]","[10, 10, 10, 10, 10, 10, 18, 10, 10, 10]"
904,5,"[7, 14, 18]",3,0.3626117520034313,0.07042748620733619,3.0442722912412137,"[358811120, 342402289, 556295457, 505170839, 308379234, 45464627, 4537006, 410265187, 290789905, 202865114]","[7, 14, 14, 14, 7, 7, 14, 7, 14, 7]"
905,5,"[3, 6, 7]",3,0.481596770696342,0.07440539123490453,4.81207970653971,"[322999474, 10662551, 60949666, 394546169, 60949667, 60949662, 367802235, 10875757, 10641263, 448932361]","[7, 3, 7, 7, 7, 7, 7, 3, 7, 7]"
906,5,[6],1,0.0805926532484591,0.01793796941637993,1.9941098913550377,"[21521293, 15242160, 79259376, 21524797, 34161187, 142632626, 467392706, 9044970, 270367599, 225829461]","[6, 6, 6, 6, 6, 6, 6, 6, 6, 6]"
907,5,"[11, 18]",2,0.19909075694158673,0.040726040955632925,2.439097717637196,"[282577837, 324078893, 74406527, 81156848, 223682126, 252162270, 162004373, 292212285, 505977699, 596298942]","[11, 18, 18, 18, 11, 11, 18, 18, 18, 11]"
908,5,"[2, 7]",2,0.27498997980728745,0.04546442907303572,3.466691993526183,"[253275733, 396929416, 411194860, 247580177, 314624246, 387745019, 20563003, 291785698, 203323072, 344869033]","[2, 7, 2, 7, 7, 7, 2, 2, 2, 7]"
909,5,"[2, 9, 10]",3,0.1743153161369264,0.04528234899044037,1.4066913187659036,"[379047925, 502675992, 353234996, 404912622, 467078025, 372978629, 158910972, 522349262, 523494316, 20310058]","[2, 2, 2, 2, 2, 2, 2, 2, 2, 2]"
910,5,"[1, 3, 14]",3,0.3429695200175047,0.06268153106793761,3.6066944980993867,"[160293513, 595991823, 475234853, 92536340, 432067395, 52710981, 139175107, 209857674, 172528148, 76352908]","[14, 14, 1, 14, 14, 14, 14, 1, 14, 1]"
911,5,"[2, 6, 7, 8, 14]",5,0.5031963563524187,0.09909433731809258,2.523897982714698,"[270743288, 189056268, 339452822, 474628821, 328260186, 588991114, 244260056, 310062305, 429585525, 541343973]","[14, 14, 14, 14, 14, 14, 14, 14, 14, 14]"
912,5,"[10, 18]",2,0.1233494863845408,0.03256571479141712,1.5304903391515836,"[257320413, 238221088, 254845610, 499985513, 58428708, 251671955, 225067493, 354725364, 199519860, 230708928]","[18, 10, 18, 18, 18, 10, 10, 10, 18, 18]"
913,5,"[9, 10, 15]",3,0.27506482833996415,0.05650553619489074,2.291664068509514,"[99480924, 90623384, 189995717, 381118267, 1897498, 235377913, 281960837, 10269276, 436226372, 106954498]","[15, 9, 9, 10, 9, 9, 9, 10, 9, 9]"
914,5,[18],1,0.08150980900973082,0.018535539973527193,2.0212896917946637,"[162962908, 525638406, 525316001, 425131888, 433383809, 234468600, 131666320, 341082387, 54046446, 481893458]","[18, 18, 18, 18, 18, 18, 18, 18, 18, 18]"
915,5,"[7, 9, 10]",3,0.2876211740076542,0.05190237797796726,2.392168141591052,"[593048613, 299821846, 557970250, 157878787, 200192153, 302263430, 297840958, 304424372, 434548215, 4358597]","[10, 10, 10, 9, 9, 10, 9, 9, 10, 10]"
916,5,"[4, 8]",2,0.10446594376116991,0.030179112683981657,1.2800697855418548,"[421715711, 157209584, 303739993, 270323935, 343015553, 334807463, 334863139, 206178676, 560620404, 432928078]","[8, 8, 8, 8, 8, 8, 8, 8, 8, 8]"
917,5,"[7, 9, 12, 15]",4,0.5585238081403077,0.09702939772978425,3.5049855515826494,"[296734744, 522936240, 87184671, 174179901, 296739948, 551883517, 572712845, 168612832, 519119807, 226413779]","[7, 7, 7, 7, 7, 7, 7, 12, 7, 7]"
918,5,"[1, 15]",2,0.23144690366461873,0.03880667174234986,2.8998182740760967,"[16948561, 374303621, 196200306, 94856218, 317889817, 550644186, 399822021, 43711734, 278927045, 432068826]","[1, 1, 1, 1, 1, 1, 1, 1, 1, 1]"
919,5,"[1, 12]",2,0.177419267129153,0.03266162006184459,2.197987649589777,"[483114413, 236407296, 47736879, 195054568, 375063750, 537942619, 416946652, 537944838, 252319554, 193278737]","[12, 12, 12, 12, 12, 12, 12, 12, 12, 12]"
920,5,"[2, 6, 15]",3,0.3452126025222242,0.059151885099709034,2.87532721972093,"[300511012, 345782426, 284951617, 441169254, 517952943, 369337583, 147298648, 534530430, 441338682, 41452773]","[2, 6, 6, 6, 6, 6, 15, 6, 6, 6]"
921,5,"[1, 3, 10, 16]",4,0.36173885269090533,0.06599479354918003,2.8139041456743143,"[223746625, 106852876, 373356601, 106853396, 466233294, 307010911, 37419231, 373496012, 37419230, 373496019]","[16, 16, 16, 16, 16, 16, 16, 16, 16, 16]"
922,5,[15],1,0.1836946876719594,0.025688213296234608,4.643395008519292,"[89186141, 321444262, 64896600, 536476892, 422850037, 555668591, 289163089, 551680932, 47500760, 7830470]","[15, 15, 15, 15, 15, 15, 15, 15, 15, 15]"
923,5,"[9, 10, 12]",3,0.2207502480596304,0.046062384732067585,1.8237769855186343,"[598133287, 447075630, 53399559, 336058677, 447235368, 505058965, 504229410, 568445515, 447077408, 447184345]","[10, 10, 10, 10, 12, 10, 10, 10, 10, 12]"
924,5,"[2, 10]",2,0.12374484911561012,0.027006265241652727,1.5140838728984818,"[286691641, 253815485, 417607676, 528303909, 11569327, 426282158, 538818888, 537606242, 3280611, 442680379]","[10, 10, 10, 10, 2, 10, 10, 10, 10, 10]"
925,5,[18],1,0.08094462240114808,0.018445364199578762,2.0212896917946637,"[153098803, 51727572, 343615222, 453322014, 367318198, 158403731, 387817396, 409295738, 232941730, 167011911]","[18, 18, 18, 18, 18, 18, 18, 18, 18, 18]"
926,5,"[4, 8]",2,0.10463141789659858,0.03173460764810443,1.2800697855418548,"[128304126, 82984003, 376515006, 111206490, 491261598, 346140163, 575260875, 57832057, 294061877, 116141630]","[8, 4, 8, 8, 8, 4, 8, 4, 4, 8]"
927,5,"[0, 9, 12]",3,0.24911392852663994,0.05285758338868618,2.0564627037383616,"[513350880, 7133850, 455598870, 290302881, 32696224, 505981685, 415367442, 324974677, 588634441, 258276609]","[0, 12, 12, 0, 12, 0, 0, 12, 0, 0]"
928,5,"[2, 10]",2,0.12381198396906257,0.030091369058936834,1.5140838728984818,"[24558843, 13164087, 453571296, 161548116, 93297028, 335689399, 161423600, 74856458, 74856457, 93461105]","[2, 2, 2, 2, 2, 2, 2, 2, 2, 2]"
929,5,[2],1,0.0820341631770134,0.01659761182963848,1.98847675928846,"[169786099, 38598848, 426045544, 425900501, 284719050, 475738096, 195594882, 418328309, 223602781, 561372987]","[2, 2, 2, 2, 2, 2, 2, 2, 2, 2]"
930,5,"[0, 9, 10]",3,0.16195781994611025,0.04244287917390466,1.3231151127256453,"[282176719, 212668435, 384804628, 39649103, 449119905, 124770770, 328072393, 142841536, 161655847, 175423790]","[10, 10, 10, 10, 0, 0, 10, 10, 10, 10]"
931,5,"[9, 10]",2,0.09258902631700039,0.029202661011368036,1.1157985985046253,"[71749202, 2259438, 10722663, 459858705, 184828688, 184832609, 49087434, 266680373, 385530264, 2259439]","[10, 10, 10, 10, 10, 10, 10, 10, 10, 10]"
932,5,"[2, 10]",2,0.1233635675162077,0.03133562905713916,1.5140838728984818,"[532571149, 246956915, 297864560, 581374572, 570090174, 441674312, 522683366, 75494796, 361758327, 162370184]","[2, 2, 2, 2, 2, 2, 2, 2, 2, 2]"
933,5,"[0, 2]",2,0.15099562797695398,0.03275003610178828,1.8631124502280727,"[32107476, 199258734, 199258733, 183523863, 166797438, 57167592, 449420161, 514921027, 183311522, 432375993]","[2, 2, 2, 2, 2, 2, 2, 2, 2, 2]"
934,5,"[1, 3, 10, 15]",4,0.48068374581635,0.07968359207734466,3.584137383790221,"[336806766, 77043506, 176901189, 567321026, 292631450, 239275640, 135110174, 207476811, 238274469, 196766459]","[15, 15, 15, 15, 1, 15, 15, 15, 15, 15]"
935,5,"[8, 10, 15]",3,0.28738968539983034,0.055557562969624996,2.402820692009603,"[59564191, 150381764, 477292038, 206245944, 59990123, 597383586, 48290207, 148623189, 259275147, 316355598]","[8, 8, 8, 8, 8, 8, 8, 8, 8, 8]"
936,5,"[7, 8, 10]",3,0.2971064653247595,0.05400290014222264,2.503324765091141,"[328933450, 597433447, 73577387, 399944700, 268893636, 333270079, 379260128, 10746433, 98139944, 205814891]","[7, 8, 8, 8, 7, 8, 8, 10, 8, 7]"
937,5,"[10, 12]",2,0.17199002718552947,0.03308949386700988,2.139712373027578,"[286843491, 47493207, 287748754, 168109238, 168181564, 82957769, 286843490, 459815782, 47503236, 168106043]","[10, 10, 10, 10, 10, 10, 10, 10, 10, 10]"
938,5,[10],1,0.04175151698291302,0.014040639158338308,1.0396909865085036,"[473259501, 479572269, 473243301, 130268339, 479669389, 116145144, 516287628, 28441402, 410606241, 479668189]","[10, 10, 10, 10, 10, 10, 10, 10, 10, 10]"
939,5,[8],1,0.062090872786939144,0.01565971877425909,1.5253760810010135,"[472756032, 488350547, 562101800, 83929226, 549019845, 476098076, 279980622, 354294258, 562605095, 550463868]","[8, 8, 8, 8, 8, 8, 8, 8, 8, 8]"
940,5,"[8, 19]",2,0.11478823097422719,0.032190194353461266,1.3997870436869562,"[379572257, 362394529, 70408031, 440038589, 313239622, 77469376, 175301439, 106191429, 131433669, 321668046]","[19, 19, 19, 19, 19, 8, 19, 19, 19, 19]"
941,5,[6],1,0.0807433407753706,0.02088473504409194,1.9941098913550377,"[529096906, 529096909, 76627106, 374069618, 158781539, 274725155, 139731328, 533347647, 575774889, 493289140]","[6, 6, 6, 6, 6, 6, 6, 6, 6, 6]"
942,5,"[3, 14]",2,0.29496136866509914,0.05418383004143834,4.831920977332629,"[496840608, 294087427, 167605099, 146154684, 451396294, 112962492, 28404015, 185847151, 81490660, 378415815]","[14, 3, 14, 14, 14, 14, 3, 14, 14, 14]"
943,5,"[4, 8]",2,0.10482562705874443,0.028721474576741457,1.2800697855418548,"[398339748, 538554817, 156300773, 333550974, 413035631, 135421558, 279690833, 171077188, 398627797, 398368552]","[4, 4, 4, 4, 4, 4, 4, 4, 4, 4]"
944,5,"[2, 11]",2,0.19882950838655233,0.03968926751986146,2.4226912513840944,"[337096510, 71077895, 136540086, 134078616, 335355439, 250876778, 523630878, 99033847, 520921936, 437019396]","[2, 2, 2, 11, 11, 2, 2, 11, 11, 2]"
945,5,"[1, 6, 10, 11]",4,0.28754139924421906,0.06442601885646582,1.7617370402440429,"[433484461, 393797084, 205136420, 325425320, 340057960, 468994683, 440694115, 221297849, 95922585, 309963373]","[10, 6, 1, 1, 1, 1, 10, 6, 10, 6]"
946,5,[16],1,0.06485619815066457,0.01485840417444706,1.562462056055665,"[269880344, 243655702, 584781601, 553920816, 190796339, 72253318, 116973015, 553920805, 501225404, 254905519]","[16, 16, 16, 16, 16, 16, 16, 16, 16, 16]"
947,5,[19],1,0.05200788425281644,0.015026308130472898,1.2741980063728988,"[512099404, 338328924, 338333735, 213546905, 291098585, 130908743, 592172746, 147847053, 338331657, 95084631]","[19, 19, 19, 19, 19, 19, 19, 19, 19, 19]"
948,5,"[3, 11, 13]",3,0.3990294886752963,0.06833634106442332,4.060107904331137,"[67875739, 120449971, 24029575, 160386111, 431108434, 431035155, 88192951, 418229583, 454391442, 124232523]","[13, 13, 13, 13, 13, 13, 13, 11, 11, 11]"
949,5,"[1, 12, 15]",3,0.36115376371890306,0.06617588363587856,3.0131234358996153,"[503991686, 112660080, 24683387, 282254746, 187798740, 123366473, 503991682, 5738299, 98442583, 535380190]","[15, 15, 15, 15, 15, 15, 12, 15, 15, 15]"
950,5,"[9, 10]",2,0.09137939056381583,0.029779911041259766,1.1157985985046253,"[227933218, 144763287, 217416932, 504289243, 127095670, 438857161, 115794206, 264643502, 575886323, 373437766]","[10, 10, 10, 10, 10, 10, 10, 10, 9, 10]"
951,5,[9],1,0.04962780885398388,0.016248872969299555,1.191906210500747,"[189765582, 349735722, 363071730, 444991721, 451983882, 227671074, 348304276, 113357008, 304366289, 22747460]","[9, 9, 9, 9, 9, 9, 9, 9, 9, 9]"
952,5,"[4, 8]",2,0.1053746216930449,0.0319096171297133,1.2800697855418548,"[94368663, 263710590, 539201806, 378593732, 504078528, 267925151, 318320678, 282922214, 120201216, 504049850]","[8, 8, 8, 8, 8, 8, 8, 8, 8, 8]"
953,5,"[10, 15]",2,0.22616940829902887,0.04177298955619335,2.8415429975138977,"[178677656, 455635073, 193062754, 279675060, 220721224, 355303154, 418613764, 17413059, 521629193, 412081913]","[10, 15, 15, 15, 10, 15, 10, 15, 15, 15]"
954,5,"[2, 4, 8]",3,0.18628340307623148,0.049262240529060364,1.51620544345739,"[445720949, 194444526, 174133472, 529148731, 356467377, 442474726, 32322966, 12285893, 270011399, 86068753]","[4, 4, 4, 4, 8, 4, 8, 4, 4, 4]"
955,5,[12],1,0.13090705731883645,0.02416372485458851,3.2397337595466524,"[39607357, 281002336, 116534980, 373131982, 320666469, 309788417, 385280962, 495604288, 440222511, 159154230]","[12, 12, 12, 12, 12, 12, 12, 12, 12, 12]"
956,5,"[4, 9, 10]",3,0.13380163069814444,0.042981890961527824,1.0887868956973155,"[374405505, 186301925, 596391223, 11347056, 37553821, 445658878, 321268120, 447126079, 60106460, 132146569]","[9, 9, 9, 9, 9, 9, 9, 9, 9, 9]"
957,5,[18],1,0.08117409562692046,0.017953937873244286,2.0212896917946637,"[251419197, 545019486, 113610233, 257963252, 89873215, 3646852, 93968948, 186860152, 281931039, 431877806]","[18, 18, 18, 18, 18, 18, 18, 18, 18, 18]"
958,5,[9],1,0.04982713796198368,0.015187717042863369,1.191906210500747,"[57374779, 40730268, 93433777, 95336155, 26705617, 263840227, 434844098, 134239951, 298968146, 57333917]","[9, 9, 9, 9, 9, 9, 9, 9, 9, 9]"
959,5,"[7, 10, 19]",3,0.28644724981859326,0.05576674873009324,2.4195987402151027,"[428358573, 130112358, 401806842, 91216606, 289826231, 413890636, 265998811, 97150180, 84873310, 150723191]","[7, 7, 19, 7, 10, 7, 19, 7, 7, 19]"
960,5,"[8, 10, 11]",3,0.22082564048469067,0.05058954330161214,1.8073242703297485,"[331064875, 563009165, 110728491, 343765839, 111356263, 356685194, 181612375, 202434205, 387819056, 378226066]","[10, 11, 8, 10, 10, 11, 10, 10, 11, 10]"
961,5,"[10, 15, 18]",3,0.30634346883744,0.05959236575290561,2.56812522894082,"[212109658, 212983171, 26069116, 203732087, 522830960, 936065, 591706133, 375581681, 212750921, 334693208]","[15, 15, 15, 15, 15, 15, 15, 15, 15, 15]"
962,5,"[2, 3, 13]",3,0.3623042982071638,0.06024455977603793,3.7706315762673817,"[450230265, 450136794, 415998911, 569022098, 85519819, 176101728, 93708677, 590193184, 82629002, 518171530]","[3, 3, 3, 3, 3, 3, 3, 3, 3, 3]"
963,5,"[10, 16]",2,0.10609203344210982,0.026820761151611805,1.3010765212820843,"[501400145, 237618378, 130729381, 351480139, 181927352, 507585579, 290023808, 565127133, 565014802, 105799356]","[16, 16, 16, 16, 16, 16, 16, 16, 16, 16]"
964,5,[6],1,0.08230789331719279,0.017090253066271544,1.9941098913550377,"[123910996, 53693394, 547958369, 297085320, 110989140, 143271566, 385012868, 497975539, 496669159, 146008677]","[6, 6, 6, 6, 6, 6, 6, 6, 6, 6]"
965,5,"[8, 11, 15]",3,0.36464104568585753,0.06659873481839895,3.0085589443333447,"[14097898, 211717526, 22831332, 101944452, 185978588, 152386756, 481394556, 131127260, 363896634, 39839418]","[15, 8, 11, 11, 11, 11, 8, 11, 15, 11]"
966,5,"[4, 8]",2,0.10496386792510748,0.031168014276772738,1.2800697855418548,"[492105176, 338642629, 285614658, 558582012, 407549494, 142678476, 219001674, 249310790, 264263907, 562154496]","[4, 8, 8, 8, 8, 4, 8, 8, 8, 8]"
967,5,"[0, 1, 12, 15]",4,0.4299873267300427,0.07373441383242607,2.694279612216633,"[279940198, 410182562, 418886467, 4629205, 118926535, 246753741, 582873513, 582852091, 156380532, 516456106]","[0, 0, 0, 0, 0, 0, 0, 0, 0, 0]"
968,5,"[10, 18]",2,0.12307819025591016,0.03389516193419695,1.5304903391515836,"[435849709, 570230416, 458021675, 109822036, 432140190, 69213676, 252072326, 69213675, 223088102, 475413246]","[18, 18, 18, 18, 10, 18, 18, 18, 18, 18]"
969,5,"[16, 18]",2,0.14594504609704018,0.03596819518133998,1.7918758739251643,"[28531479, 594225560, 56447950, 112747880, 473679417, 541373424, 369937080, 34609390, 473812347, 471215727]","[16, 16, 16, 16, 16, 16, 16, 16, 16, 16]"
970,5,[8],1,0.06243372289463878,0.015533190220594406,1.5253760810010135,"[508423775, 538069382, 363920153, 34039779, 478208732, 346492382, 276780781, 267483812, 85111085, 187833686]","[8, 8, 8, 8, 8, 8, 8, 8, 8, 8]"
971,5,"[0, 9, 16]",3,0.18347711861133575,0.04670094745233655,1.4973721359080325,"[37033597, 37033600, 412472338, 462633518, 565401113, 303212004, 464687590, 264818625, 259577788, 503040446]","[16, 16, 16, 16, 16, 16, 16, 16, 16, 16]"
972,5,"[10, 12]",2,0.17152906628325582,0.03536252770572901,2.139712373027578,"[499454910, 37237880, 371497908, 117132734, 297680976, 458302834, 303119398, 390652011, 306763346, 302116745]","[10, 12, 10, 10, 10, 10, 12, 10, 10, 12]"
973,5,"[3, 6, 7, 18]",4,0.5619175867177546,0.09007583325728774,4.114382202853449,"[582013405, 524143196, 308786900, 364907291, 225501640, 397488901, 310177944, 99827554, 596455691, 150966856]","[18, 18, 6, 6, 18, 6, 6, 6, 6, 6]"
974,5,"[10, 18]",2,0.12278702110052109,0.030520970933139324,1.5304903391515836,"[482287425, 284236143, 517251562, 305478118, 437950446, 60283839, 7877917, 412058938, 437950449, 412057140]","[10, 10, 10, 10, 10, 10, 10, 10, 10, 10]"
975,5,"[4, 19]",2,0.09470295673236251,0.03136046323925257,1.1544807482277974,"[7898875, 420218363, 285288142, 387963879, 443939937, 563875358, 566485902, 549801869, 563947028, 564036570]","[19, 19, 19, 19, 19, 19, 19, 19, 19, 19]"
976,5,"[9, 10, 12]",3,0.22119092289358377,0.05322609795257449,1.8237769855186343,"[345962197, 34883467, 54474267, 30044152, 312078729, 242659657, 341932781, 585738927, 270088517, 271619942]","[9, 10, 10, 9, 10, 10, 9, 9, 9, 10]"
977,5,"[1, 10, 12, 14]",4,0.305505832657218,0.06783461198210716,1.9005715599632822,"[211384216, 412854441, 180466967, 137385076, 352288374, 420328388, 363725644, 492654040, 369530324, 47249921]","[12, 10, 14, 14, 10, 12, 10, 12, 14, 12]"
978,5,"[9, 10, 12, 16]",4,0.2868634113110602,0.0670013576745987,1.758448253152892,"[526347810, 540466682, 366679987, 409876773, 546200518, 20836133, 482362100, 406824072, 355735462, 543447167]","[10, 10, 12, 10, 12, 10, 9, 10, 12, 16]"
979,5,"[10, 12, 18]",3,0.2525822026655078,0.05719603458419442,2.1002381459499397,"[457074564, 184196269, 184039972, 7224727, 156580227, 543238062, 476005866, 371941196, 263617897, 184077170]","[12, 12, 12, 12, 10, 12, 12, 12, 12, 12]"
980,5,"[1, 3, 6]",3,0.33625666005536914,0.059095371048897505,3.5491911438293755,"[544720576, 156276809, 240341460, 130089583, 58218929, 276938800, 187054014, 450688090, 351660054, 450721179]","[3, 3, 3, 3, 3, 6, 6, 3, 3, 3]"
981,5,"[10, 12, 15]",3,0.35457892064005136,0.05822842428460717,2.974273251524816,"[123549773, 326181512, 244546212, 309829661, 494312354, 138050523, 392818306, 397491179, 434411421, 23693573]","[15, 12, 15, 15, 15, 15, 15, 15, 12, 12]"
982,5,"[2, 10]",2,0.12454424379393458,0.0324246590025723,1.5140838728984818,"[334039431, 227684386, 87620289, 233425025, 218495558, 29708823, 122132014, 441715265, 124458580, 509234258]","[10, 10, 10, 2, 10, 10, 2, 10, 2, 2]"
983,5,"[4, 7, 8, 14]",4,0.3836857727728784,0.07748656067997217,2.4179166882531717,"[398365434, 166241275, 84372031, 78487839, 398511711, 166216786, 454023979, 172526538, 300959495, 173912362]","[7, 7, 7, 7, 14, 14, 8, 8, 7, 8]"
984,5,[12],1,0.12933597899973392,0.023328489158302546,3.2397337595466524,"[69076315, 559760025, 485115648, 420321303, 551608996, 229220191, 126218840, 247674826, 422620602, 405735177]","[12, 12, 12, 12, 12, 12, 12, 12, 12, 12]"
985,5,"[4, 8, 9]",3,0.15427749883383512,0.04497358063235879,1.2506819271948189,"[543772921, 566532045, 335062502, 265357673, 326270743, 103703133, 275690019, 305991113, 588814931, 380001666]","[8, 9, 8, 8, 8, 8, 8, 9, 8, 8]"
986,5,"[0, 12]",2,0.1990217980928719,0.037941548973321915,2.488740950357169,"[579816906, 521610075, 320264725, 422038318, 274103964, 476695832, 116987781, 219748634, 196388924, 201979873]","[0, 0, 0, 0, 0, 0, 0, 0, 0, 0]"
987,5,"[0, 12]",2,0.19929271284490824,0.03945640195161104,2.488740950357169,"[217080306, 219681590, 332664426, 174881190, 247167050, 64533696, 281060470, 504930645, 144156760, 451946711]","[0, 0, 0, 0, 0, 0, 0, 0, 0, 0]"
988,5,"[4, 7, 8]",3,0.2973950132727623,0.055795835331082344,2.5016822662825384,"[308983601, 444744570, 309739603, 585865450, 418523317, 548688362, 541970719, 122713371, 208365606, 172093896]","[8, 8, 8, 8, 8, 8, 8, 8, 8, 8]"
989,5,"[4, 7, 15, 18]",4,0.5028200428932905,0.09043164178729057,3.1610888545401394,"[114094918, 297479061, 559227047, 277074377, 240807983, 368989595, 525852443, 569841650, 205229189, 334334236]","[7, 7, 7, 15, 7, 7, 7, 7, 7, 7]"
990,5,"[2, 4, 8]",3,0.18628887785598636,0.04835068387910724,1.51620544345739,"[497645270, 557418205, 278654905, 259293836, 115876115, 491577899, 457761762, 45029026, 259175734, 37468965]","[8, 8, 8, 8, 8, 8, 8, 8, 8, 8]"
991,5,[9],1,0.049570304807275534,0.017417231108993292,1.191906210500747,"[394299788, 321758034, 510352050, 116676548, 162181477, 44560319, 295244764, 105253925, 581356527, 569309330]","[9, 9, 9, 9, 9, 9, 9, 9, 9, 9]"
992,5,"[1, 10, 12]",3,0.2190299853682518,0.049675263930112123,1.811888761896019,"[552381598, 450784425, 169065536, 31682500, 360095660, 426536329, 489881311, 488319546, 450925914, 372458272]","[1, 12, 12, 12, 1, 1, 1, 12, 12, 12]"
993,5,"[4, 7, 18]",3,0.31711679790169,0.06511187879368663,2.666986803213755,"[196411278, 599603776, 269130365, 590879186, 587231999, 460084004, 165798282, 11706607, 596229647, 144280980]","[18, 7, 7, 4, 18, 18, 4, 7, 7, 7]"
994,5,"[6, 7, 11, 15]",4,0.579094500746578,0.10205928003415465,3.609829467779491,"[156233468, 192480972, 249390734, 30657354, 531138396, 425498986, 567855707, 356096201, 58145951, 112525703]","[6, 6, 6, 6, 6, 6, 6, 6, 7, 6]"
995,5,[4],1,0.042259839829057455,0.013915615156292915,1.034763490082696,"[361663908, 201743269, 33952602, 517626343, 220349455, 322822117, 79848595, 577857220, 445926599, 188449543]","[4, 4, 4, 4, 4, 4, 4, 4, 4, 4]"
996,5,"[4, 8, 10]",3,0.1466112257912755,0.042264641262590885,1.1999435191974044,"[124094738, 167939485, 8432815, 480688547, 342356139, 86759463, 18996927, 478368537, 562287060, 290648350]","[4, 10, 10, 10, 8, 4, 4, 4, 4, 4]"
997,5,"[10, 12, 15]",3,0.3548313700594008,0.06185807241126895,2.974273251524816,"[180808244, 78674535, 131939515, 394338240, 369165104, 512737160, 565563764, 81185762, 403367554, 575767815]","[15, 12, 15, 12, 12, 12, 12, 15, 15, 15]"
998,5,"[3, 10, 13, 15]",4,0.5068792286328971,0.08529587322846055,3.75162599113537,"[363541081, 412532343, 363548232, 335111218, 106468707, 23292987, 427185132, 18035751, 528441276, 487876260]","[15, 13, 13, 15, 3, 13, 13, 13, 13, 13]"
999,5,"[2, 4, 10]",3,0.16592939384281635,0.04460487514734268,1.3543104119598866,"[29477732, 569962709, 417140494, 265960396, 207502577, 378615203, 262313882, 401779582, 476893638, 465244381]","[10, 10, 10, 10, 10, 10, 10, 10, 10, 10]"
