query,num_centroids,searched_shard_ids,num_searched_shards,gpu_transfer_time,gpu_search_time,warmup_time,best_retrieved_ids,top_doc_shards
0,6,"[11, 14, 17, 19, 20, 39]",6,2.232131116092205,0.1618810100480914,13.87556034947435,"[15062719, 15162719, 15662719, 15762719, 15862719, 15962719, 15562719, 15462719, 15362719, 15262719]","[19, 19, 19, 19, 19, 19, 19, 19, 19, 19]"
1,6,"[11, 14, 17, 21, 42, 44]",6,2.31723924446851,0.16754991933703423,14.934262008406222,"[15167819, 15067819, 15867819, 15967819, 15467819, 15567819, 15667819, 15767819, 15267819, 15367819]","[21, 21, 21, 21, 21, 21, 21, 21, 21, 21]"
2,6,"[1, 11, 22, 24, 42]",5,1.9910395042970777,0.14051083009690046,14.400401994679124,"[15392873, 15292873, 15192873, 15092873, 15492873, 15592873, 15692873, 15792873, 15992873, 15892873]","[42, 42, 42, 42, 42, 42, 42, 42, 42, 42]"
3,6,"[11, 14, 17, 20, 31, 43]",6,2.2886203601956367,0.15962915867567062,14.139910745744904,"[15397121, 15297121, 15197121, 15097121, 15497121, 15597121, 15697121, 15797121, 15997121, 15897121]","[31, 31, 31, 31, 31, 31, 31, 31, 31, 31]"
4,6,"[9, 11, 13, 21, 44, 47]",6,2.26920834928751,0.15544420946389437,14.60419735048587,"[15626518, 15726518, 15426518, 15526518, 15326518, 15226518, 15826518, 15926518, 15026518, 15126518]","[44, 44, 44, 44, 44, 44, 44, 44, 44, 44]"
5,6,"[7, 10, 11, 36, 37, 46]",6,2.3369080228731036,0.16381029039621353,15.513236416270956,"[15795114, 15695114, 15395114, 15295114, 15595114, 15495114, 15095114, 15195114, 15895114, 15995114]","[46, 46, 46, 46, 46, 46, 46, 46, 46, 46]"
6,6,"[7, 17, 22, 39, 43, 46]",6,2.41269239038229,0.17097702901810408,16.712203379254788,"[15372009, 15272009, 15072009, 15172009, 15672009, 15772009, 15972009, 15872009, 15472009, 15572009]","[22, 22, 22, 22, 22, 22, 22, 22, 22, 22]"
7,6,"[5, 11, 17, 35, 37, 44]",6,2.361086449585855,0.16470723506063223,19.374329653956618,"[15054413, 15154413, 15454413, 15554413, 15954413, 15854413, 15754413, 15654413, 15254413, 15354413]","[5, 5, 5, 5, 5, 5, 5, 5, 5, 5]"
8,6,"[0, 8, 13, 14, 27]",5,1.825249475426972,0.12454419955611229,12.33925113324076,"[15758104, 15658104, 15558104, 15458104, 15058104, 15158104, 15258104, 15358104, 15858104, 15958104]","[0, 0, 0, 0, 0, 0, 0, 0, 0, 0]"
9,6,"[3, 9, 37, 39, 43, 46]",6,2.283993932418525,0.16229803767055273,16.179885901821155,"[15540308, 15440308, 15940308, 15840308, 15140308, 15040308, 15640308, 15740308, 15240308, 15340308]","[37, 37, 37, 37, 37, 37, 37, 37, 37, 37]"
10,6,"[7, 11, 24, 28, 46]",5,2.0162136564031243,0.14039610233157873,15.055001856200397,"[15056637, 15156637, 15256637, 15356637, 15756637, 15656637, 15956637, 15856637, 15556637, 15456637]","[24, 24, 24, 24, 24, 24, 24, 24, 24, 24]"
11,6,"[10, 11, 15, 17, 28]",5,1.969796895980835,0.14078020118176937,14.387971354275942,"[15138417, 15038417, 15238417, 15338417, 15538417, 15438417, 15938417, 15838417, 15738417, 15638417]","[10, 10, 10, 10, 10, 10, 10, 10, 10, 10]"
12,6,"[7, 11, 32, 44, 45, 46]",6,2.284315872937441,0.15610103216022253,15.497579763100171,"[15627618, 15727618, 15427618, 15527618, 15327618, 15227618, 15827618, 15927618, 15027618, 15127618]","[45, 45, 45, 45, 45, 45, 45, 45, 45, 45]"
13,6,"[11, 31, 39, 43]",4,1.5319536225870252,0.10724373441189528,15.184466180740856,"[15495464, 15595464, 15795464, 15695464, 15295464, 15395464, 15195464, 15095464, 15995464, 15895464]","[31, 31, 31, 31, 31, 31, 31, 31, 31, 31]"
14,6,"[7, 10, 11, 15, 29, 39]",6,2.285216218791902,0.15725136827677488,13.338700113352388,"[15701326, 15601326, 15301326, 15201326, 15501326, 15401326, 15001326, 15101326, 15801326, 15901326]","[39, 39, 39, 39, 39, 39, 39, 39, 39, 39]"
15,6,"[8, 13, 16, 28, 42, 47]",6,2.338380414992571,0.1711811199784279,15.600026461683834,"[15031700, 15131700, 15431700, 15531700, 15931700, 15831700, 15731700, 15631700, 15231700, 15331700]","[8, 8, 8, 8, 8, 8, 8, 8, 8, 8]"
16,6,"[1, 3, 28, 29, 38, 42]",6,2.4670236874371767,0.17571771889925003,15.057161296484992,"[15179333, 15079333, 15879333, 15979333, 15479333, 15579333, 15379333, 15279333, 15679333, 15779333]","[29, 29, 29, 29, 29, 29, 29, 29, 29, 29]"
17,6,"[8, 10, 17, 24, 36, 39]",6,2.3545741625130177,0.1653900956735015,15.097904768617203,"[15212928, 15312928, 15412928, 15512928, 15612928, 15712928, 15812928, 15912928, 15012928, 15112928]","[36, 36, 36, 36, 36, 36, 36, 36, 36, 36]"
18,6,"[0, 10, 11, 31, 36]",5,1.9142867317423224,0.13080347795039415,13.57516661407426,"[15533244, 15433244, 15933244, 15833244, 15133244, 15033244, 15633244, 15733244, 15233244, 15333244]","[11, 11, 11, 11, 11, 11, 11, 11, 11, 11]"
19,6,"[11, 36, 42, 46]",4,1.602885409258306,0.11610824894160032,17.101263870834373,"[15657756, 15757756, 15157756, 15057756, 15257756, 15357756, 15557756, 15457756, 15957756, 15857756]","[46, 46, 46, 46, 46, 46, 46, 46, 46, 46]"
20,6,"[14, 31, 36, 39, 43, 47]",6,2.3785806903615594,0.16746878903359175,16.363664357069258,"[15420017, 15520017, 15920017, 15820017, 15320017, 15220017, 15720017, 15620017, 15120017, 15020017]","[36, 36, 36, 36, 36, 36, 36, 36, 36, 36]"
21,6,"[1, 4, 11, 17, 22, 32]",6,2.310153203085065,0.16526487469673157,13.158848243920753,"[15362929, 15262929, 15662929, 15762929, 15562929, 15462929, 15062929, 15162929, 15862929, 15962929]","[32, 32, 32, 32, 32, 32, 32, 32, 32, 32]"
22,6,"[0, 11, 17, 29, 42, 46]",6,2.30431105196476,0.15678083524107933,14.204111310420558,"[15128324, 15028324, 15228324, 15328324, 15528324, 15428324, 15728324, 15628324, 15928324, 15828324]","[42, 42, 42, 42, 42, 42, 42, 42, 42, 42]"
23,6,"[9, 11, 15, 31, 40, 46]",6,2.2617621952667832,0.15564598236232996,14.635649896149213,"[15127350, 15027350, 15227350, 15327350, 15527350, 15427350, 15927350, 15827350, 15727350, 15627350]","[9, 9, 9, 9, 9, 9, 9, 9, 9, 9]"
24,6,"[5, 14, 36, 43, 46]",5,2.0522025814279914,0.13732862193137407,17.175559251662342,"[15045078, 15145078, 15445078, 15545078, 15945078, 15845078, 15745078, 15645078, 15245078, 15345078]","[5, 5, 5, 5, 5, 5, 5, 5, 5, 5]"
25,6,"[1, 5, 11, 37, 46, 47]",6,2.364021367393434,0.16448821779340506,15.827443918213248,"[15157756, 15057756, 15257756, 15357756, 15557756, 15457756, 15757756, 15657756, 15957756, 15857756]","[46, 46, 46, 46, 46, 46, 46, 46, 46, 46]"
26,6,"[0, 19, 41, 46, 47]",5,1.8953753085806966,0.13469754625111818,15.79477764526382,"[15261466, 15361466, 15461466, 15561466, 15161466, 15061466, 15861466, 15961466, 15661466, 15761466]","[19, 19, 19, 19, 19, 19, 19, 19, 19, 19]"
27,6,"[8, 11, 17, 37, 39, 46]",6,2.2581931687891483,0.15979026723653078,15.446009441589316,"[15339382, 15239382, 15639382, 15739382, 15539382, 15439382, 15039382, 15139382, 15839382, 15939382]","[46, 46, 46, 46, 46, 46, 46, 46, 46, 46]"
28,6,"[7, 14, 15, 28, 43, 48]",6,2.4319360554218292,0.17046508565545082,13.669626556026438,"[15176185, 15076185, 15876185, 15976185, 15476185, 15576185, 15676185, 15776185, 15276185, 15376185]","[28, 28, 28, 28, 28, 28, 28, 28, 28, 28]"
29,6,"[11, 17, 39, 43, 46]",5,1.9529215078800917,0.14046994782984257,16.78128109658137,"[15312459, 15212459, 15012459, 15112459, 15612459, 15712459, 15912459, 15812459, 15412459, 15512459]","[39, 39, 39, 39, 39, 39, 39, 39, 39, 39]"
30,6,"[0, 8, 11, 36, 46, 47]",6,2.3286446407437325,0.15629488602280617,15.676588343378777,"[15132222, 15032222, 15832222, 15932222, 15432222, 15532222, 15332222, 15232222, 15632222, 15732222]","[36, 36, 36, 36, 36, 36, 36, 36, 36, 36]"
31,6,"[36, 39, 42, 43, 46, 47]",6,2.425753543153405,0.17825158312916756,18.53887061992039,"[15654604, 15754604, 15154604, 15054604, 15254604, 15354604, 15554604, 15454604, 15954604, 15854604]","[43, 43, 43, 43, 43, 43, 43, 43, 43, 43]"
32,6,"[0, 10, 11, 14, 17, 21]",6,2.257494236342609,0.15899706352502108,13.18693078076467,"[15138074, 15038074, 15538074, 15438074, 15338074, 15238074, 15838074, 15938074, 15738074, 15638074]","[10, 10, 10, 10, 10, 10, 10, 10, 10, 10]"
33,6,"[10, 11, 14, 17, 21, 42]",6,2.3068142291158438,0.16490721702575684,14.116977908958992,"[15654264, 15754264, 15454264, 15554264, 15354264, 15254264, 15054264, 15154264, 15854264, 15954264]","[10, 10, 10, 10, 10, 10, 10, 10, 10, 10]"
34,6,"[2, 37, 42, 43, 46, 47]",6,2.407216316089034,0.16948410775512457,17.522588746932644,"[15711258, 15611258, 15411258, 15511258, 15111258, 15011258, 15811258, 15911258, 15211258, 15311258]","[37, 37, 37, 37, 37, 37, 37, 37, 37, 37]"
35,6,"[11, 30, 39, 42, 46]",5,1.9268684377893806,0.12808756437152624,15.960711744986474,"[15522710, 15422710, 15122710, 15022710, 15722710, 15622710, 15322710, 15222710, 15922710, 15822710]","[30, 30, 30, 30, 30, 30, 30, 30, 30, 30]"
36,6,"[2, 11, 17, 36, 42]",5,2.049872860312462,0.14510668627917767,15.681741281691938,"[15479703, 15579703, 15279703, 15379703, 15679703, 15779703, 15179703, 15079703, 15979703, 15879703]","[11, 11, 11, 11, 11, 11, 11, 11, 11, 11]"
37,6,"[4, 11, 17, 36, 39, 47]",6,2.3341643549501896,0.16414363589137793,15.715479988449564,"[15433244, 15533244, 15733244, 15633244, 15233244, 15333244, 15133244, 15033244, 15933244, 15833244]","[11, 11, 11, 11, 11, 11, 11, 11, 11, 11]"
38,6,"[0, 7, 11, 24, 28]",5,1.9707201654091477,0.13539516925811768,13.521873101964593,"[15635027, 15735027, 15435027, 15535027, 15335027, 15235027, 15035027, 15135027, 15835027, 15935027]","[0, 0, 0, 0, 0, 0, 0, 0, 0, 0]"
39,6,"[3, 25, 28, 46, 47]",5,2.0489040836691856,0.14695575553923845,16.2122656644322,"[15649883, 15749883, 15149883, 15049883, 15249883, 15349883, 15549883, 15449883, 15949883, 15849883]","[46, 46, 46, 46, 46, 46, 46, 46, 46, 46]"
40,6,"[0, 1, 11, 17, 36]",5,1.978471896611154,0.13990317843854427,14.522053010668605,"[15316724, 15216724, 15016724, 15116724, 15616724, 15716724, 15916724, 15816724, 15416724, 15516724]","[11, 11, 11, 11, 11, 11, 11, 11, 11, 11]"
41,6,"[4, 7, 11, 17, 39, 47]",6,2.3288665851578116,0.16783339250832796,14.896826599181319,"[15363517, 15263517, 15663517, 15763517, 15563517, 15463517, 15063517, 15163517, 15863517, 15963517]","[47, 47, 47, 47, 47, 47, 47, 47, 47, 47]"
42,6,"[0, 11, 14, 15, 30, 47]",6,2.239781101234257,0.15473011508584023,13.949737465241924,"[15168318, 15068318, 15268318, 15368318, 15568318, 15468318, 15768318, 15668318, 15968318, 15868318]","[30, 30, 30, 30, 30, 30, 30, 30, 30, 30]"
43,6,"[2, 7, 16, 19, 20, 39]",6,2.3027509544044733,0.16291970573365688,14.550868088301891,"[15124680, 15024680, 15524680, 15424680, 15324680, 15224680, 15824680, 15924680, 15724680, 15624680]","[7, 7, 7, 7, 7, 7, 7, 7, 7, 7]"
44,6,"[3, 10, 16, 17, 36]",5,1.9495460139587522,0.13918347097933292,15.170490516349673,"[15612928, 15712928, 15412928, 15512928, 15312928, 15212928, 15812928, 15912928, 15012928, 15112928]","[36, 36, 36, 36, 36, 36, 36, 36, 36, 36]"
45,6,"[7, 10, 11, 32, 38, 46]",6,2.3330068439245224,0.16065675485879183,14.974266255817687,"[15125141, 15025141, 15225141, 15325141, 15525141, 15425141, 15725141, 15625141, 15925141, 15825141]","[38, 38, 38, 38, 38, 38, 38, 38, 38, 38]"
46,6,"[1, 5, 7, 20, 29]",5,2.0375916259363294,0.14116652868688107,13.023228656779974,"[15424680, 15524680, 15924680, 15824680, 15324680, 15224680, 15724680, 15624680, 15124680, 15024680]","[7, 7, 7, 7, 7, 7, 7, 7, 7, 7]"
47,6,"[8, 17, 27, 35, 42]",5,1.9580979868769646,0.1395141426473856,19.463725906610488,"[15763898, 15663898, 15363898, 15263898, 15163898, 15063898, 15463898, 15563898, 15963898, 15863898]","[35, 35, 35, 35, 35, 35, 35, 35, 35, 35]"
48,6,"[14, 19, 24, 36, 39, 46]",6,2.305051705799997,0.1714666225016117,15.734535050190365,"[15837057, 15937057, 15537057, 15437057, 15337057, 15237057, 15737057, 15637057, 15137057, 15037057]","[46, 46, 46, 46, 46, 46, 46, 46, 46, 46]"
49,6,"[11, 17, 19, 36, 39, 47]",6,2.319988108240068,0.15997655503451824,15.749960435399165,"[15334045, 15234045, 15034045, 15134045, 15634045, 15734045, 15934045, 15834045, 15434045, 15534045]","[19, 19, 19, 19, 19, 19, 19, 19, 19, 19]"
50,6,"[11, 21, 31, 41, 42]",5,1.925453221425414,0.13206012267619371,14.395453180093318,"[15467819, 15567819, 15267819, 15367819, 15667819, 15767819, 15167819, 15067819, 15967819, 15867819]","[21, 21, 21, 21, 21, 21, 21, 21, 21, 21]"
51,6,"[10, 11, 43, 47]",4,1.5477938679978251,0.10651617962867022,15.743413834716193,"[15601397, 15701397, 15101397, 15001397, 15201397, 15301397, 15501397, 15401397, 15901397, 15801397]","[47, 47, 47, 47, 47, 47, 47, 47, 47, 47]"
52,6,"[8, 11, 36, 38, 46]",5,1.9831245644018054,0.13705354556441307,16.94013500250876,"[15617403, 15717403, 15017403, 15117403, 15217403, 15317403, 15917403, 15817403, 15417403, 15517403]","[36, 36, 36, 36, 36, 36, 36, 36, 36, 36]"
53,6,"[0, 14, 20, 36, 41, 46]",6,2.3127411706373096,0.1631265338510275,15.443143824193006,"[15181600, 15081600, 15281600, 15381600, 15581600, 15481600, 15781600, 15681600, 15981600, 15881600]","[41, 41, 41, 41, 41, 41, 41, 41, 41, 41]"
54,6,"[0, 11, 17, 37, 45, 46]",6,2.23017546068877,0.16217730101197958,15.646375983332595,"[15856957, 15956957, 15556957, 15456957, 15356957, 15256957, 15756957, 15656957, 15156957, 15056957]","[46, 46, 46, 46, 46, 46, 46, 46, 46, 46]"
55,6,"[7, 10, 11, 17, 21, 44]",6,2.3447213983163238,0.16903189476579428,14.397585032042116,"[15394964, 15294964, 15194964, 15094964, 15494964, 15594964, 15694964, 15794964, 15994964, 15894964]","[21, 21, 21, 21, 21, 21, 21, 21, 21, 21]"
56,6,"[7, 11, 16, 43]",4,1.5231613330543041,0.11403422802686691,15.331516811507754,"[15377555, 15277555, 15077555, 15177555, 15677555, 15777555, 15977555, 15877555, 15477555, 15577555]","[16, 16, 16, 16, 16, 16, 16, 16, 16, 16]"
57,6,"[0, 5, 11, 21, 26, 41]",6,2.3145073112100363,0.16308589465916157,13.324167437851429,"[15701983, 15601983, 15401983, 15501983, 15101983, 15001983, 15801983, 15901983, 15201983, 15301983]","[5, 5, 5, 5, 5, 5, 5, 5, 5, 5]"
58,6,"[17, 31, 32, 39, 46]",5,1.908853086642921,0.12772833835333586,14.816596116777509,"[15178758, 15078758, 15878758, 15978758, 15478758, 15578758, 15378758, 15278758, 15678758, 15778758]","[39, 39, 39, 39, 39, 39, 39, 39, 39, 39]"
59,6,"[11, 14, 22, 43, 44, 46]",6,2.323450407013297,0.16429759562015533,16.06110476803345,"[15692864, 15792864, 15392864, 15292864, 15192864, 15092864, 15992864, 15892864, 15592864, 15492864]","[22, 22, 22, 22, 22, 22, 22, 22, 22, 22]"
60,6,"[16, 31, 41, 46]",4,1.4897770462557673,0.10645377542823553,15.813912274548784,"[15164364, 15064364, 15864364, 15964364, 15464364, 15564364, 15364364, 15264364, 15664364, 15764364]","[46, 46, 46, 46, 46, 46, 46, 46, 46, 46]"
61,6,"[0, 7, 12, 18, 26, 36]",6,2.415784032084048,0.16560935974121094,14.040890621875102,"[15060415, 15160415, 15660415, 15760415, 15860415, 15960415, 15560415, 15460415, 15360415, 15260415]","[18, 18, 18, 18, 18, 18, 18, 18, 18, 18]"
62,6,"[1, 11, 15, 32, 39, 42]",6,2.2960850028321147,0.1677803248167038,14.46351367328316,"[15449652, 15549652, 15849652, 15949652, 15049652, 15149652, 15649652, 15749652, 15349652, 15249652]","[11, 11, 11, 11, 11, 11, 11, 11, 11, 11]"
63,6,"[1, 11, 14, 31, 38, 42]",6,2.3443623892962933,0.16442175675183535,14.88356590263235,"[15479703, 15579703, 15279703, 15379703, 15679703, 15779703, 15179703, 15079703, 15979703, 15879703]","[11, 11, 11, 11, 11, 11, 11, 11, 11, 11]"
64,6,"[8, 11, 21, 42, 43, 46]",6,2.362179464660585,0.1662410767748952,16.060020971655224,"[15601108, 15701108, 15101108, 15001108, 15201108, 15301108, 15501108, 15401108, 15901108, 15801108]","[42, 42, 42, 42, 42, 42, 42, 42, 42, 42]"
65,6,"[11, 17, 21, 24, 38, 47]",6,2.362531510181725,0.1728359730914235,15.7212390898106,"[15667667, 15767667, 15467667, 15567667, 15367667, 15267667, 15867667, 15967667, 15067667, 15167667]","[38, 38, 38, 38, 38, 38, 38, 38, 38, 38]"
66,6,"[0, 9, 10, 22, 37, 39]",6,2.240366017445922,0.16124756261706352,14.011416877697533,"[15149909, 15049909, 15249909, 15349909, 15549909, 15449909, 15749909, 15649909, 15949909, 15849909]","[37, 37, 37, 37, 37, 37, 37, 37, 37, 37]"
67,6,"[30, 34, 43, 46]",4,1.5856112111359835,0.1086353650316596,17.268963516806252,"[15569661, 15469661, 15169661, 15069661, 15769661, 15669661, 15369661, 15269661, 15969661, 15869661]","[34, 34, 34, 34, 34, 34, 34, 34, 34, 34]"
68,6,"[9, 14, 17, 40, 43]",5,1.9297852646559477,0.13162226509302855,15.18002837439999,"[15120702, 15020702, 15720702, 15620702, 15520702, 15420702, 15320702, 15220702, 15920702, 15820702]","[43, 43, 43, 43, 43, 43, 43, 43, 43, 43]"
69,6,"[1, 11, 15, 17, 25, 42]",6,2.376721739768982,0.17059676349163055,14.79515158641152,"[15700399, 15600399, 15300399, 15200399, 15900399, 15800399, 15500399, 15400399, 15000399, 15100399]","[1, 1, 1, 1, 1, 1, 1, 1, 1, 1]"
70,6,"[2, 17, 21, 31, 46]",5,2.0118584856390953,0.14527023490518332,15.108125385269522,"[15733906, 15633906, 15433906, 15533906, 15833906, 15933906, 15233906, 15333906, 15133906, 15033906]","[31, 31, 31, 31, 31, 31, 31, 31, 31, 31]"
71,6,"[10, 11, 22, 24, 27, 46]",6,2.2755745043978095,0.15562493447214365,13.97185363760218,"[15654264, 15754264, 15454264, 15554264, 15354264, 15254264, 15054264, 15154264, 15854264, 15954264]","[10, 10, 10, 10, 10, 10, 10, 10, 10, 10]"
72,6,"[11, 17, 37, 39, 43, 45]",6,2.2603332800790668,0.16248639859259129,16.468266875095043,"[15179703, 15079703, 15279703, 15379703, 15579703, 15479703, 15979703, 15879703, 15779703, 15679703]","[11, 11, 11, 11, 11, 11, 11, 11, 11, 11]"
73,6,"[0, 3, 5, 11, 29, 46]",6,2.342316586524248,0.16413337644189596,13.440380593761802,"[15037578, 15137578, 15437578, 15537578, 15937578, 15837578, 15237578, 15337578, 15737578, 15637578]","[29, 29, 29, 29, 29, 29, 29, 29, 29, 29]"
74,6,"[11, 15, 21, 28, 39, 44]",6,2.359884520061314,0.16856091935187578,15.475442482701814,"[15739247, 15639247, 15339247, 15239247, 15539247, 15439247, 15039247, 15139247, 15839247, 15939247]","[44, 44, 44, 44, 44, 44, 44, 44, 44, 44]"
75,6,"[10, 15, 16, 31, 40]",5,1.8603575807064772,0.12680870480835438,14.482374377921223,"[15602868, 15702868, 15402868, 15502868, 15302868, 15202868, 15002868, 15102868, 15802868, 15902868]","[10, 10, 10, 10, 10, 10, 10, 10, 10, 10]"
76,6,"[11, 14, 15, 37, 39, 45]",6,2.190575333312154,0.16372822877019644,15.317641762628531,"[15111258, 15011258, 15811258, 15911258, 15411258, 15511258, 15311258, 15211258, 15611258, 15711258]","[37, 37, 37, 37, 37, 37, 37, 37, 37, 37]"
77,6,"[1, 7, 21, 33, 39, 42]",6,2.413414914160967,0.17481175903230906,15.057026182689393,"[15112050, 15012050, 15712050, 15612050, 15512050, 15412050, 15312050, 15212050, 15912050, 15812050]","[39, 39, 39, 39, 39, 39, 39, 39, 39, 39]"
78,6,"[7, 15, 17, 44, 46]",5,1.9854131881147623,0.1375264683738351,16.47713567856699,"[15185761, 15085761, 15885761, 15985761, 15485761, 15585761, 15385761, 15285761, 15685761, 15785761]","[44, 44, 44, 44, 44, 44, 44, 44, 44, 44]"
79,6,"[7, 17, 27, 43, 44, 45]",6,2.3396481899544597,0.16527936607599258,16.160724753824372,"[15114977, 15014977, 15714977, 15614977, 15514977, 15414977, 15314977, 15214977, 15914977, 15814977]","[44, 44, 44, 44, 44, 44, 44, 44, 44, 44]"
80,6,"[7, 11, 24, 39, 46, 47]",6,2.327182089909911,0.16434180550277233,15.770913197038075,"[15710441, 15610441, 15410441, 15510441, 15110441, 15010441, 15810441, 15910441, 15210441, 15310441]","[11, 11, 11, 11, 11, 11, 11, 11, 11, 11]"
81,6,"[11, 21, 28, 39, 41, 46]",6,2.3605504129081964,0.16232225485146046,15.8812198015706,"[15782683, 15682683, 15382683, 15282683, 15982683, 15882683, 15082683, 15182683, 15582683, 15482683]","[41, 41, 41, 41, 41, 41, 41, 41, 41, 41]"
82,6,"[11, 17, 41, 42, 44]",5,1.941185592673719,0.14028189610689878,15.804328129906207,"[15661817, 15761817, 15461817, 15561817, 15361817, 15261817, 15861817, 15961817, 15061817, 15161817]","[44, 44, 44, 44, 44, 44, 44, 44, 44, 44]"
83,6,"[5, 14, 15, 17, 44, 46]",6,2.3823639256879687,0.17297145910561085,16.00929999553288,"[15226085, 15326085, 15526085, 15426085, 15926085, 15826085, 15126085, 15026085, 15626085, 15726085]","[46, 46, 46, 46, 46, 46, 46, 46, 46, 46]"
84,6,"[1, 17, 43, 44, 46]",5,2.0244439356029034,0.14552284590899944,17.34109999043867,"[15321562, 15221562, 15021562, 15121562, 15621562, 15721562, 15921562, 15821562, 15421562, 15521562]","[43, 43, 43, 43, 43, 43, 43, 43, 43, 43]"
85,6,"[10, 11, 36, 39, 44]",5,1.9344893200322986,0.1376703940331936,15.773184520006179,"[15178758, 15078758, 15878758, 15978758, 15478758, 15578758, 15378758, 15278758, 15678758, 15778758]","[39, 39, 39, 39, 39, 39, 39, 39, 39, 39]"
86,6,"[14, 20, 38, 41, 43]",5,1.9567505717277527,0.1357385851442814,16.51816332610324,"[15621562, 15721562, 15421562, 15521562, 15321562, 15221562, 15821562, 15921562, 15021562, 15121562]","[43, 43, 43, 43, 43, 43, 43, 43, 43, 43]"
87,6,"[0, 11, 39, 46, 47]",5,1.8902330938726664,0.13368891924619675,15.858947980683297,"[15164364, 15064364, 15864364, 15964364, 15464364, 15564364, 15364364, 15264364, 15664364, 15764364]","[46, 46, 46, 46, 46, 46, 46, 46, 46, 46]"
88,6,"[1, 4, 17, 25, 36, 46]",6,2.4296353040263057,0.16749531496316195,15.770798091233397,"[15517971, 15417971, 15917971, 15817971, 15117971, 15017971, 15217971, 15317971, 15717971, 15617971]","[17, 17, 17, 17, 17, 17, 17, 17, 17, 17]"
89,6,"[13, 14, 21, 29, 41, 46]",6,2.2773017855361104,0.15507237054407597,14.000473666470498,"[15108494, 15008494, 15708494, 15608494, 15508494, 15408494, 15308494, 15208494, 15908494, 15808494]","[41, 41, 41, 41, 41, 41, 41, 41, 41, 41]"
90,6,"[17, 26, 36, 37, 46]",5,1.949853396974504,0.1323016257956624,15.914009271003305,"[15111258, 15011258, 15811258, 15911258, 15411258, 15511258, 15611258, 15711258, 15211258, 15311258]","[37, 37, 37, 37, 37, 37, 37, 37, 37, 37]"
91,6,"[17, 21, 30, 31, 43, 46]",6,2.380037727765739,0.1623263219371438,15.655225473533696,"[16623263, 16723263, 16823263, 16923263, 17023263, 17123263, 17223263, 17323263, 17423263, 17523263]","[43, 43, 43, 43, 43, 43, 43, 43, 43, 43]"
92,6,"[11, 17, 22, 42, 43, 46]",6,2.3981001544743776,0.17453046794980764,16.50341085724843,"[15156065, 15056065, 15756065, 15656065, 15556065, 15456065, 15356065, 15256065, 15956065, 15856065]","[43, 43, 43, 43, 43, 43, 43, 43, 43, 43]"
93,6,"[21, 24, 31, 39, 45, 47]",6,2.293337171897292,0.16021850053220987,15.67592435857902,"[15643631, 15743631, 15443631, 15543631, 15343631, 15243631, 15043631, 15143631, 15843631, 15943631]","[21, 21, 21, 21, 21, 21, 21, 21, 21, 21]"
94,6,"[4, 11, 27, 28, 30, 39]",6,2.2879055738449097,0.1591060794889927,13.68023823100763,"[15269907, 15369907, 15169907, 15069907, 15769907, 15669907, 15569907, 15469907, 15969907, 15869907]","[28, 28, 28, 28, 28, 28, 28, 28, 28, 28]"
95,6,"[11, 36, 38, 39, 42]",5,1.9971501734107733,0.13655031099915504,17.34548148624599,"[15412928, 15512928, 15712928, 15612928, 15212928, 15312928, 15112928, 15012928, 15912928, 15812928]","[36, 36, 36, 36, 36, 36, 36, 36, 36, 36]"
96,6,"[3, 11, 17, 28, 41, 46]",6,2.3771878769621253,0.1576391663402319,15.410897062548125,"[15151151, 15051151, 15851151, 15951151, 15451151, 15551151, 15351151, 15251151, 15651151, 15751151]","[28, 28, 28, 28, 28, 28, 28, 28, 28, 28]"
97,6,"[17, 21, 31, 42]",4,1.588967359624803,0.11617129109799862,14.755185239366256,"[15132581, 15032581, 15832581, 15932581, 15432581, 15532581, 15632581, 15732581, 15232581, 15332581]","[42, 42, 42, 42, 42, 42, 42, 42, 42, 42]"
98,6,"[10, 22, 31, 38, 42]",5,2.009283086284995,0.13375478703528643,15.589103400427849,"[15642349, 15742349, 15142349, 15042349, 15242349, 15342349, 15542349, 15442349, 15942349, 15842349]","[38, 38, 38, 38, 38, 38, 38, 38, 38, 38]"
99,6,"[11, 32, 36, 38, 43, 46]",6,2.3800755981355906,0.16034398414194584,16.912145095178857,"[15312928, 15212928, 15012928, 15112928, 15612928, 15712928, 15912928, 15812928, 15412928, 15512928]","[36, 36, 36, 36, 36, 36, 36, 36, 36, 36]"
100,6,"[0, 17, 19, 20, 31, 39]",6,2.2560755284503102,0.16337564308196306,13.75951116454477,"[15266982, 15366982, 15166982, 15066982, 15766982, 15666982, 15566982, 15466982, 15966982, 15866982]","[20, 20, 20, 20, 20, 20, 20, 20, 20, 20]"
101,6,"[11, 27, 36, 43, 46, 47]",6,2.3485628915950656,0.16051399055868387,16.616128897992894,"[15157756, 15057756, 15257756, 15357756, 15557756, 15457756, 15757756, 15657756, 15957756, 15857756]","[46, 46, 46, 46, 46, 46, 46, 46, 46, 46]"
102,6,"[8, 21, 31, 37, 46, 47]",6,2.3020032150670886,0.1573773929849267,15.412386579749485,"[15611258, 15711258, 15111258, 15011258, 15211258, 15311258, 15511258, 15411258, 15911258, 15811258]","[37, 37, 37, 37, 37, 37, 37, 37, 37, 37]"
103,6,"[14, 17, 21, 41, 44]",5,1.9284972874447703,0.13566130120307207,15.181121642608195,"[15638341, 15738341, 15438341, 15538341, 15338341, 15238341, 15838341, 15938341, 15038341, 15138341]","[44, 44, 44, 44, 44, 44, 44, 44, 44, 44]"
104,6,"[0, 18, 24, 36, 43, 47]",6,2.432807051576674,0.16905481927096844,16.252419034795214,"[15656895, 15756895, 15456895, 15556895, 15356895, 15256895, 15856895, 15956895, 15056895, 15156895]","[43, 43, 43, 43, 43, 43, 43, 43, 43, 43]"
105,6,"[7, 15, 29, 36, 38]",5,2.0352985905483365,0.14164989162236452,15.541927132103591,"[15143673, 15043673, 15743673, 15643673, 15543673, 15443673, 15343673, 15243673, 15943673, 15843673]","[38, 38, 38, 38, 38, 38, 38, 38, 38, 38]"
106,6,"[0, 11, 15, 23, 31, 46]",6,2.248176485300064,0.15977819450199604,14.103561086890599,"[15044059, 15144059, 15644059, 15744059, 15844059, 15944059, 15544059, 15444059, 15344059, 15244059]","[23, 23, 23, 23, 23, 23, 23, 23, 23, 23]"
107,6,"[11, 14, 22, 36, 39, 43]",6,2.3461709152907133,0.16763695236295462,15.796045618054146,"[15518368, 15418368, 15918368, 15818368, 15118368, 15018368, 15618368, 15718368, 15218368, 15318368]","[22, 22, 22, 22, 22, 22, 22, 22, 22, 22]"
108,6,"[0, 10, 12, 17, 46]",5,1.922607152722776,0.13605153188109398,14.773871028982104,"[15388525, 15288525, 15188525, 15088525, 15488525, 15588525, 15988525, 15888525, 15688525, 15788525]","[0, 0, 0, 0, 0, 0, 0, 0, 0, 0]"
109,6,"[0, 8, 17, 20, 31, 46]",6,2.303740607574582,0.16070681251585484,14.225267360763004,"[15166982, 15066982, 15866982, 15966982, 15466982, 15566982, 15666982, 15766982, 15266982, 15366982]","[20, 20, 20, 20, 20, 20, 20, 20, 20, 20]"
110,6,"[8, 17, 30, 39, 42, 43]",6,2.3619807306677103,0.1662128297612071,15.971475001502162,"[15820702, 15920702, 15520702, 15420702, 15320702, 15220702, 15720702, 15620702, 15120702, 15020702]","[43, 43, 43, 43, 43, 43, 43, 43, 43, 43]"
111,6,"[0, 3, 11, 17, 21, 37]",6,2.2659629993140697,0.15944449696689844,13.726013594462225,"[15311258, 15211258, 15611258, 15711258, 15511258, 15411258, 15011258, 15111258, 15811258, 15911258]","[37, 37, 37, 37, 37, 37, 37, 37, 37, 37]"
112,6,"[14, 21, 36, 37, 41, 46]",6,2.3162991385906935,0.16026354301720858,16.136636207733925,"[15181600, 15081600, 15281600, 15381600, 15581600, 15481600, 15781600, 15681600, 15981600, 15881600]","[41, 41, 41, 41, 41, 41, 41, 41, 41, 41]"
113,6,"[4, 11, 14, 42, 43, 45]",6,2.275038697756827,0.16362223122268915,15.619148304142678,"[15292607, 15392607, 15592607, 15492607, 15992607, 15892607, 15192607, 15092607, 15692607, 15792607]","[45, 45, 45, 45, 45, 45, 45, 45, 45, 45]"
114,6,"[0, 7, 11, 21, 36, 46]",6,2.378119387663901,0.16122352611273527,15.168339447351173,"[15129685, 15029685, 15229685, 15329685, 15529685, 15429685, 15729685, 15629685, 15929685, 15829685]","[36, 36, 36, 36, 36, 36, 36, 36, 36, 36]"
115,6,"[1, 4, 11, 29, 39, 45]",6,2.2614311892539263,0.16294538974761963,13.934980522685995,"[15556273, 15456273, 15356273, 15256273, 15156273, 15056273, 15656273, 15756273, 15856273, 15956273]","[1, 1, 1, 1, 1, 1, 1, 1, 1, 1]"
116,6,"[15, 19, 37, 42, 46]",5,1.8926733024418354,0.13968235813081264,16.23901430508122,"[15080991, 15180991, 15480991, 15580991, 15980991, 15880991, 15780991, 15680991, 15280991, 15380991]","[15, 15, 15, 15, 15, 15, 15, 15, 15, 15]"
117,6,"[1, 7, 11, 14, 43, 47]",6,2.365271137095988,0.16473691165447235,15.116058090856919,"[15133746, 15033746, 15733746, 15633746, 15533746, 15433746, 15933746, 15833746, 15333746, 15233746]","[1, 1, 1, 1, 1, 1, 1, 1, 1, 1]"
118,6,"[3, 11, 15, 27, 39, 46]",6,2.2495468268170953,0.15570142678916454,14.794276711919034,"[15710441, 15610441, 15410441, 15510441, 15110441, 15010441, 15810441, 15910441, 15210441, 15310441]","[11, 11, 11, 11, 11, 11, 11, 11, 11, 11]"
119,6,"[0, 7, 11, 14, 20, 32]",6,2.2383770514279604,0.15447505842894316,12.364076747791842,"[15909400, 15809400, 15509400, 15409400, 15709400, 15609400, 15109400, 15009400, 15309400, 15209400]","[11, 11, 11, 11, 11, 11, 11, 11, 11, 11]"
120,6,"[11, 30, 40, 44, 47]",5,1.911478592082858,0.13137242384254932,15.58471828782931,"[15740998, 15640998, 15540998, 15440998, 15040998, 15140998, 15840998, 15940998, 15240998, 15340998]","[47, 47, 47, 47, 47, 47, 47, 47, 47, 47]"
121,6,"[3, 11, 16, 18, 38, 43]",6,2.3523208061233163,0.16422259248793125,16.126846092908334,"[15297551, 15397551, 15597551, 15497551, 15997551, 15897551, 15197551, 15097551, 15697551, 15797551]","[43, 43, 43, 43, 43, 43, 43, 43, 43, 43]"
122,6,"[1, 4, 11, 17, 20, 27]",6,2.277348915114999,0.15865118522197008,13.125292148053026,"[15785040, 15685040, 15585040, 15485040, 15085040, 15185040, 15285040, 15385040, 15885040, 15985040]","[1, 1, 1, 1, 1, 1, 1, 1, 1, 1]"
123,6,"[10, 15, 28, 39, 43, 46]",6,2.398685462772846,0.17030527535825968,16.823164926609024,"[15170790, 15070790, 15570790, 15470790, 15370790, 15270790, 15870790, 15970790, 15770790, 15670790]","[15, 15, 15, 15, 15, 15, 15, 15, 15, 15]"
124,6,"[15, 17, 21, 39, 42, 43]",6,2.3782112849876285,0.1715596839785576,16.575707376313705,"[15321562, 15221562, 15621562, 15721562, 15521562, 15421562, 15021562, 15121562, 15821562, 15921562]","[43, 43, 43, 43, 43, 43, 43, 43, 43, 43]"
125,6,"[10, 11, 14, 30, 39]",5,1.8536822134628892,0.1335545713081956,13.56302871024236,"[15291904, 15391904, 15491904, 15591904, 15191904, 15091904, 15891904, 15991904, 15691904, 15791904]","[11, 11, 11, 11, 11, 11, 11, 11, 11, 11]"
126,6,"[11, 14, 36, 39, 43, 46]",6,2.3353499080985785,0.1642614370211959,16.657992801008124,"[15116724, 15016724, 15216724, 15316724, 15516724, 15416724, 15916724, 15816724, 15716724, 15616724]","[11, 11, 11, 11, 11, 11, 11, 11, 11, 11]"
127,6,"[11, 14, 17, 25, 30, 46]",6,2.309971352107823,0.16450478043407202,14.453796497468526,"[15322710, 15222710, 15122710, 15022710, 15422710, 15522710, 15622710, 15722710, 15922710, 15822710]","[30, 30, 30, 30, 30, 30, 30, 30, 30, 30]"
128,6,"[12, 17, 27, 43, 46]",5,1.939977123402059,0.1397437723353505,15.911998737975955,"[15547368, 15447368, 15947368, 15847368, 15147368, 15047368, 15647368, 15747368, 15247368, 15347368]","[27, 27, 27, 27, 27, 27, 27, 27, 27, 27]"
129,6,"[1, 11, 12, 16, 41, 46]",6,2.2658438431099057,0.1554236263036728,15.27103764602604,"[15108135, 15008135, 15208135, 15308135, 15508135, 15408135, 15708135, 15608135, 15908135, 15808135]","[41, 41, 41, 41, 41, 41, 41, 41, 41, 41]"
130,6,"[7, 11, 15, 21, 43, 44]",6,2.3589114919304848,0.16548008006066084,15.561850222526118,"[15175092, 15075092, 15275092, 15375092, 15575092, 15475092, 15975092, 15875092, 15775092, 15675092]","[7, 7, 7, 7, 7, 7, 7, 7, 7, 7]"
131,6,"[1, 11, 17, 30, 47]",5,1.959341550245881,0.13584531471133232,14.623671551980078,"[15392091, 15292091, 15192091, 15092091, 15492091, 15592091, 15992091, 15892091, 15692091, 15792091]","[1, 1, 1, 1, 1, 1, 1, 1, 1, 1]"
132,6,"[5, 19, 42, 44, 46]",5,2.00030670221895,0.13995949551463127,16.638500358350576,"[15135832, 15035832, 15535832, 15435832, 15335832, 15235832, 15835832, 15935832, 15735832, 15635832]","[19, 19, 19, 19, 19, 19, 19, 19, 19, 19]"
133,6,"[11, 14, 15, 17, 39, 42]",6,2.28647433873266,0.16767903231084347,15.035907047179839,"[15187985, 15087985, 15687985, 15787985, 15587985, 15487985, 15987985, 15887985, 15387985, 15287985]","[15, 15, 15, 15, 15, 15, 15, 15, 15, 15]"
134,6,"[4, 6, 10, 17, 39]",5,1.922290951013565,0.1395860966295004,13.916549003962427,"[15239893, 15339893, 15439893, 15539893, 15139893, 15039893, 15839893, 15939893, 15639893, 15739893]","[6, 6, 6, 6, 6, 6, 6, 6, 6, 6]"
135,6,"[17, 22, 24, 28, 39, 46]",6,2.415051968768239,0.17483296990394592,16.01616455730982,"[15763372, 15663372, 15563372, 15463372, 15063372, 15163372, 15863372, 15963372, 15263372, 15363372]","[39, 39, 39, 39, 39, 39, 39, 39, 39, 39]"
136,6,"[11, 17, 22, 39, 43, 46]",6,2.3530656434595585,0.16506294813007116,16.41062415065244,"[15196722, 15096722, 15796722, 15696722, 15596722, 15496722, 15396722, 15296722, 15996722, 15896722]","[43, 43, 43, 43, 43, 43, 43, 43, 43, 43]"
137,6,"[0, 1, 14, 19, 39, 42]",6,2.2845716373994946,0.16656245663762093,14.382592677604407,"[15356273, 15256273, 15056273, 15156273, 15556273, 15456273, 15756273, 15656273, 15956273, 15856273]","[1, 1, 1, 1, 1, 1, 1, 1, 1, 1]"
138,6,"[14, 15, 17, 22, 43]",5,1.9655981501564384,0.14059650152921677,15.50469927592203,"[15119968, 15019968, 15819968, 15919968, 15419968, 15519968, 15319968, 15219968, 15619968, 15719968]","[22, 22, 22, 22, 22, 22, 22, 22, 22, 22]"
139,6,"[12, 31, 39, 42, 43]",5,1.9604703076183796,0.14113036543130875,16.01667822636664,"[15578330, 15478330, 15978330, 15878330, 15178330, 15078330, 15678330, 15778330, 15278330, 15378330]","[39, 39, 39, 39, 39, 39, 39, 39, 39, 39]"
140,6,"[5, 10, 21, 28, 37]",5,2.0348724396899343,0.14453843049705029,14.74840229647234,"[15611258, 15711258, 15411258, 15511258, 15311258, 15211258, 15811258, 15911258, 15011258, 15111258]","[37, 37, 37, 37, 37, 37, 37, 37, 37, 37]"
141,6,"[19, 39, 44, 46, 47]",5,1.9133314117789268,0.14177471958100796,17.144684488419443,"[15084356, 15184356, 15484356, 15584356, 15984356, 15884356, 15784356, 15684356, 15284356, 15384356]","[19, 19, 19, 19, 19, 19, 19, 19, 19, 19]"
142,6,"[8, 11, 17, 24, 43, 46]",6,2.331062415614724,0.16498590540140867,15.537244474437708,"[15562093, 15462093, 15962093, 15862093, 15162093, 15062093, 15262093, 15362093, 15762093, 15662093]","[17, 17, 17, 17, 17, 17, 17, 17, 17, 17]"
143,6,"[11, 21, 32, 43, 44, 46]",6,2.311442805454135,0.16065368056297302,15.61283529464466,"[15713661, 15613661, 15513661, 15413661, 15013661, 15113661, 15213661, 15313661, 15813661, 15913661]","[11, 11, 11, 11, 11, 11, 11, 11, 11, 11]"
144,6,"[11, 15, 28, 33, 36, 37]",6,2.3618443943560123,0.16500699426978827,15.206445305685824,"[15311258, 15211258, 15611258, 15711258, 15511258, 15411258, 15011258, 15111258, 15811258, 15911258]","[37, 37, 37, 37, 37, 37, 37, 37, 37, 37]"
145,6,"[6, 10, 17, 39, 42]",5,1.9530543629080057,0.12852687668055296,14.922179459501058,"[15766038, 15666038, 15566038, 15466038, 15066038, 15166038, 15266038, 15366038, 15866038, 15966038]","[6, 6, 6, 6, 6, 6, 6, 6, 6, 6]"
146,6,"[0, 6, 11, 19, 20, 41]",6,2.221093801781535,0.15740626212209463,13.03811896747599,"[15754594, 15654594, 15354594, 15254594, 15954594, 15854594, 15054594, 15154594, 15554594, 15454594]","[20, 20, 20, 20, 20, 20, 20, 20, 20, 20]"
147,6,"[11, 21, 38, 43, 46]",5,1.9947408400475979,0.14054882247000933,17.34120992925018,"[15784611, 15684611, 15484611, 15584611, 15184611, 15084611, 15884611, 15984611, 15284611, 15384611]","[21, 21, 21, 21, 21, 21, 21, 21, 21, 21]"
148,6,"[7, 14, 26, 28, 30, 39]",6,2.358823923394084,0.1601591259241104,13.822321713514006,"[15135333, 15035333, 15235333, 15335333, 15535333, 15435333, 15735333, 15635333, 15935333, 15835333]","[30, 30, 30, 30, 30, 30, 30, 30, 30, 30]"
149,6,"[10, 11, 13, 14, 39, 47]",6,2.2389403581619263,0.15771804098039865,14.340525957755744,"[15296023, 15396023, 15496023, 15596023, 15696023, 15796023, 15096023, 15196023, 15896023, 15996023]","[10, 10, 10, 10, 10, 10, 10, 10, 10, 10]"
150,6,"[1, 17, 32, 39, 42, 43]",6,2.383428550325334,0.16596332471817732,15.665360177789504,"[15128324, 15028324, 15228324, 15328324, 15528324, 15428324, 15728324, 15628324, 15928324, 15828324]","[42, 42, 42, 42, 42, 42, 42, 42, 42, 42]"
151,6,"[0, 15, 24, 31, 38, 46]",6,2.3312144121155143,0.164501185528934,15.602167732547969,"[15541829, 15441829, 15141829, 15041829, 15741829, 15641829, 15341829, 15241829, 15941829, 15841829]","[15, 15, 15, 15, 15, 15, 15, 15, 15, 15]"
152,6,"[11, 14, 21, 30, 39]",5,1.8773128651082516,0.13051246479153633,13.822798328008503,"[15613702, 15713702, 15113702, 15013702, 15213702, 15313702, 15513702, 15413702, 15913702, 15813702]","[30, 30, 30, 30, 30, 30, 30, 30, 30, 30]"
153,6,"[11, 17, 30, 37, 42, 47]",6,2.2984333680942655,0.15992194786667824,15.329543590933705,"[15186582, 15086582, 15786582, 15686582, 15586582, 15486582, 15386582, 15286582, 15986582, 15886582]","[42, 42, 42, 42, 42, 42, 42, 42, 42, 42]"
154,6,"[5, 10, 11, 17, 31, 46]",6,2.3576492741703987,0.1573534095659852,14.522501723452782,"[15724286, 15624286, 15324286, 15224286, 15524286, 15424286, 15024286, 15124286, 15824286, 15924286]","[46, 46, 46, 46, 46, 46, 46, 46, 46, 46]"
155,6,"[12, 29, 36, 42, 43, 44]",6,2.405563198029995,0.17315213102847338,16.029138194086652,"[15548676, 15448676, 15948676, 15848676, 15148676, 15048676, 15648676, 15748676, 15248676, 15348676]","[36, 36, 36, 36, 36, 36, 36, 36, 36, 36]"
156,6,"[11, 17, 21, 27, 37, 46]",6,2.254620397463441,0.15912929642945528,14.64553880598396,"[15789672, 15689672, 15389672, 15289672, 15589672, 15489672, 15089672, 15189672, 15889672, 15989672]","[46, 46, 46, 46, 46, 46, 46, 46, 46, 46]"
157,6,"[11, 15, 25, 36, 39, 43]",6,2.367278488352895,0.16955628618597984,16.20222722304364,"[15129685, 15029685, 15829685, 15929685, 15429685, 15529685, 15329685, 15229685, 15629685, 15729685]","[36, 36, 36, 36, 36, 36, 36, 36, 36, 36]"
158,6,"[11, 14, 22, 36, 39]",5,1.9385398970916867,0.13081419374793768,15.027893673721701,"[15112928, 15012928, 15812928, 15912928, 15412928, 15512928, 15312928, 15212928, 15612928, 15712928]","[36, 36, 36, 36, 36, 36, 36, 36, 36, 36]"
159,6,"[1, 14, 15, 22, 39]",5,1.9500780049711466,0.13651183992624283,14.778370044194162,"[15178758, 15078758, 15278758, 15378758, 15578758, 15478758, 15778758, 15678758, 15978758, 15878758]","[39, 39, 39, 39, 39, 39, 39, 39, 39, 39]"
160,6,"[0, 11, 14, 37, 39, 46]",6,2.2009672820568085,0.1487875422462821,14.821542547705272,"[15337057, 15237057, 15637057, 15737057, 15537057, 15437057, 15037057, 15137057, 15837057, 15937057]","[46, 46, 46, 46, 46, 46, 46, 46, 46, 46]"
161,6,"[7, 11, 24, 32, 39, 43]",6,2.317226329818368,0.15953141171485186,14.397265098135298,"[15324680, 15224680, 15124680, 15024680, 15424680, 15524680, 15924680, 15824680, 15624680, 15724680]","[7, 7, 7, 7, 7, 7, 7, 7, 7, 7]"
162,6,"[1, 11, 29, 33, 37, 39]",6,2.2736776787787676,0.16237273532897234,13.405882810320085,"[15111258, 15011258, 15211258, 15311258, 15511258, 15411258, 15711258, 15611258, 15911258, 15811258]","[37, 37, 37, 37, 37, 37, 37, 37, 37, 37]"
163,6,"[14, 24, 39, 42, 43]",5,1.9407759215682745,0.13936105091124773,16.051875828113406,"[15228324, 15328324, 15128324, 15028324, 15728324, 15628324, 15528324, 15428324, 15928324, 15828324]","[42, 42, 42, 42, 42, 42, 42, 42, 42, 42]"
164,6,"[8, 11, 17, 42, 43, 46]",6,2.3657576953992248,0.16575918905436993,16.23966226315436,"[15120702, 15020702, 15720702, 15620702, 15520702, 15420702, 15320702, 15220702, 15920702, 15820702]","[43, 43, 43, 43, 43, 43, 43, 43, 43, 43]"
165,6,"[5, 11, 17, 39, 43]",5,1.994592173025012,0.1366605181246996,15.869930312782525,"[15742816, 15642816, 15342816, 15242816, 15142816, 15042816, 15442816, 15542816, 15942816, 15842816]","[39, 39, 39, 39, 39, 39, 39, 39, 39, 39]"
166,6,"[1, 7, 8, 17, 21, 24]",6,2.39396168384701,0.1711320960894227,14.017296911450103,"[15232760, 15332760, 15432760, 15532760, 15132760, 15032760, 15832760, 15932760, 15632760, 15732760]","[7, 7, 7, 7, 7, 7, 7, 7, 7, 7]"
167,6,"[5, 17, 27, 41, 42, 47]",6,2.3864523619413376,0.1755518689751625,15.58530637078608,"[15773374, 15673374, 15473374, 15573374, 15173374, 15073374, 15873374, 15973374, 15273374, 15373374]","[17, 17, 17, 17, 17, 17, 17, 17, 17, 17]"
168,6,"[1, 4, 17, 42, 46]",5,1.9954334534704685,0.14509919937700033,15.900541626475752,"[15153520, 15053520, 15253520, 15353520, 15553520, 15453520, 15953520, 15853520, 15753520, 15653520]","[1, 1, 1, 1, 1, 1, 1, 1, 1, 1]"
169,6,"[1, 10, 17, 37, 39, 42]",6,2.330922907218337,0.1676850188523531,15.43302982347086,"[15363372, 15263372, 15163372, 15063372, 15463372, 15563372, 15663372, 15763372, 15963372, 15863372]","[39, 39, 39, 39, 39, 39, 39, 39, 39, 39]"
170,6,"[7, 14, 15, 17, 43, 46]",6,2.369898139499128,0.17372974380850792,16.110023786546662,"[15871814, 15971814, 15471814, 15571814, 15071814, 15171814, 15671814, 15771814, 15371814, 15271814]","[46, 46, 46, 46, 46, 46, 46, 46, 46, 46]"
171,6,"[5, 11, 14, 16, 43, 44]",6,2.3011845909059048,0.15780697483569384,15.470224343705922,"[15188712, 15088712, 15788712, 15688712, 15588712, 15488712, 15388712, 15288712, 15988712, 15888712]","[43, 43, 43, 43, 43, 43, 43, 43, 43, 43]"
172,6,"[14, 31, 36, 44, 46]",5,1.9573581898584962,0.13181836903095245,16.150501958094537,"[15685761, 15785761, 15185761, 15085761, 15285761, 15385761, 15585761, 15485761, 15985761, 15885761]","[44, 44, 44, 44, 44, 44, 44, 44, 44, 44]"
173,6,"[11, 27, 38, 39, 41, 46]",6,2.283320290967822,0.16250658873468637,16.178955832884338,"[15858488, 15958488, 15458488, 15558488, 15058488, 15158488, 15658488, 15758488, 15358488, 15258488]","[46, 46, 46, 46, 46, 46, 46, 46, 46, 46]"
174,6,"[5, 11, 17, 24, 37, 39]",6,2.3255141424015164,0.16733395494520664,14.76226827641949,"[15568203, 15468203, 15368203, 15268203, 15168203, 15068203, 15868203, 15968203, 15668203, 15768203]","[37, 37, 37, 37, 37, 37, 37, 37, 37, 37]"
175,6,"[11, 15, 17, 39, 41, 42]",6,2.3238323610275984,0.16811790596693754,15.64196860169371,"[15137404, 15037404, 15837404, 15937404, 15437404, 15537404, 15637404, 15737404, 15237404, 15337404]","[39, 39, 39, 39, 39, 39, 39, 39, 39, 39]"
176,6,"[8, 17, 32, 37, 38, 46]",6,2.308697357773781,0.1576478322967887,15.751383127799878,"[15369883, 15269883, 15169883, 15069883, 15469883, 15569883, 15669883, 15769883, 15969883, 15869883]","[38, 38, 38, 38, 38, 38, 38, 38, 38, 38]"
177,6,"[1, 11, 24, 29, 40, 46]",6,2.321504168212414,0.16223778948187828,14.059931931318715,"[15416724, 15516724, 15216724, 15316724, 15616724, 15716724, 15116724, 15016724, 15916724, 15816724]","[11, 11, 11, 11, 11, 11, 11, 11, 11, 11]"
178,6,"[11, 19, 21, 36, 46]",5,1.949289578013122,0.13619768619537354,15.560817323066294,"[15112928, 15012928, 15812928, 15912928, 15412928, 15512928, 15312928, 15212928, 15612928, 15712928]","[36, 36, 36, 36, 36, 36, 36, 36, 36, 36]"
179,6,"[11, 27, 28, 30, 38, 46]",6,2.3577078972011805,0.16387922782450914,15.512072429681817,"[15517042, 15417042, 15917042, 15817042, 15117042, 15017042, 15217042, 15317042, 15717042, 15617042]","[28, 28, 28, 28, 28, 28, 28, 28, 28, 28]"
180,6,"[0, 1, 2, 11, 30, 37]",6,2.3034443808719516,0.15940059442073107,13.581635359597081,"[15539513, 15439513, 15939513, 15839513, 15139513, 15039513, 15239513, 15339513, 15739513, 15639513]","[2, 2, 2, 2, 2, 2, 2, 2, 2, 2]"
181,6,"[0, 17, 39, 44, 46]",5,1.9221529811620712,0.13153748866170645,16.40052965125069,"[15264364, 15364364, 15464364, 15564364, 15664364, 15764364, 15864364, 15964364, 15064364, 15164364]","[46, 46, 46, 46, 46, 46, 46, 46, 46, 46]"
182,6,"[1, 4, 5, 11, 17, 30]",6,2.371091414242983,0.1694111954420805,13.774371018167585,"[15443691, 15543691, 15943691, 15843691, 15343691, 15243691, 15743691, 15643691, 15143691, 15043691]","[5, 5, 5, 5, 5, 5, 5, 5, 5, 5]"
183,6,"[6, 7, 11, 12, 21, 31]",6,2.316019607707858,0.1660635732114315,12.95290470433732,"[15113053, 15013053, 15213053, 15313053, 15513053, 15413053, 15913053, 15813053, 15713053, 15613053]","[6, 6, 6, 6, 6, 6, 6, 6, 6, 6]"
184,6,"[10, 17, 19, 43, 46]",5,1.9481962695717812,0.13923797570168972,16.081564179062845,"[15656065, 15756065, 15156065, 15056065, 15256065, 15356065, 15556065, 15456065, 15956065, 15856065]","[43, 43, 43, 43, 43, 43, 43, 43, 43, 43]"
185,6,"[2, 17, 21, 35, 43, 46]",6,2.463479435071349,0.17549480311572552,20.61368485353887,"[15196722, 15096722, 15796722, 15696722, 15596722, 15496722, 15396722, 15296722, 15996722, 15896722]","[43, 43, 43, 43, 43, 43, 43, 43, 43, 43]"
186,6,"[1, 11, 13, 15, 39]",5,1.8935171626508236,0.13490111660212278,14.436746139079332,"[15681710, 15781710, 15081710, 15181710, 15281710, 15381710, 15981710, 15881710, 15481710, 15581710]","[13, 13, 13, 13, 13, 13, 13, 13, 13, 13]"
187,6,"[0, 10, 12, 17, 39, 46]",6,2.296694988384843,0.16480870265513659,15.159382737008855,"[15207755, 15307755, 15407755, 15507755, 15607755, 15707755, 15007755, 15107755, 15807755, 15907755]","[0, 0, 0, 0, 0, 0, 0, 0, 0, 0]"
188,6,"[10, 11, 15, 20, 22]",5,1.90574234072119,0.13823772221803665,13.726048635784537,"[15455115, 15555115, 15755115, 15655115, 15255115, 15355115, 15155115, 15055115, 15955115, 15855115]","[11, 11, 11, 11, 11, 11, 11, 11, 11, 11]"
189,6,"[9, 17, 24, 28, 43]",5,2.0090544149279594,0.14081859029829502,15.273653999622912,"[15245684, 15345684, 15445684, 15545684, 15145684, 15045684, 15845684, 15945684, 15645684, 15745684]","[17, 17, 17, 17, 17, 17, 17, 17, 17, 17]"
190,6,"[4, 8, 10, 11, 15, 47]",6,2.2637007189914584,0.15909469779580832,14.082599002324665,"[15554264, 15454264, 15954264, 15854264, 15154264, 15054264, 15254264, 15354264, 15754264, 15654264]","[10, 10, 10, 10, 10, 10, 10, 10, 10, 10]"
191,6,"[6, 11, 17, 30, 34]",5,1.9104208471253514,0.13339313119649887,13.764871188718825,"[15161419, 15061419, 15861419, 15961419, 15461419, 15561419, 15661419, 15761419, 15261419, 15361419]","[30, 30, 30, 30, 30, 30, 30, 30, 30, 30]"
192,6,"[4, 7, 17, 39, 42, 43]",6,2.39312934409827,0.17363101989030838,16.04100484858888,"[15854604, 15954604, 15554604, 15454604, 15354604, 15254604, 15754604, 15654604, 15154604, 15054604]","[43, 43, 43, 43, 43, 43, 43, 43, 43, 43]"
193,6,"[11, 14, 30, 37, 42]",5,1.8587623834609985,0.12992624379694462,14.176403960306198,"[15163479, 15063479, 15263479, 15363479, 15563479, 15463479, 15763479, 15663479, 15963479, 15863479]","[42, 42, 42, 42, 42, 42, 42, 42, 42, 42]"
194,6,"[1, 5, 8, 9, 24, 44]",6,2.3705678349360824,0.16455533728003502,14.27092923146362,"[15709921, 15609921, 15509921, 15409921, 15009921, 15109921, 15209921, 15309921, 15809921, 15909921]","[1, 1, 1, 1, 1, 1, 1, 1, 1, 1]"
195,6,"[11, 14, 21, 28, 31, 46]",6,2.343295636586845,0.16033734194934368,14.403773073495055,"[15167162, 15067162, 15867162, 15967162, 15467162, 15567162, 15367162, 15267162, 15667162, 15767162]","[28, 28, 28, 28, 28, 28, 28, 28, 28, 28]"
196,6,"[5, 11, 17, 28, 39, 47]",6,2.4288408951833844,0.17269603814929724,15.661522763237977,"[15736340, 15636340, 15336340, 15236340, 15536340, 15436340, 15036340, 15136340, 15836340, 15936340]","[47, 47, 47, 47, 47, 47, 47, 47, 47, 47]"
197,6,"[0, 11, 15, 17, 28, 37]",6,2.303334924392402,0.16014342196285725,14.418898588279262,"[15384398, 15284398, 15684398, 15784398, 15584398, 15484398, 15084398, 15184398, 15884398, 15984398]","[37, 37, 37, 37, 37, 37, 37, 37, 37, 37]"
198,6,"[17, 22, 25, 39, 42, 43]",6,2.421729614958167,0.1785110468044877,16.351959064292412,"[15514130, 15414130, 15914130, 15814130, 15114130, 15014130, 15214130, 15314130, 15714130, 15614130]","[25, 25, 25, 25, 25, 25, 25, 25, 25, 25]"
199,6,"[8, 17, 32, 37, 43]",5,1.9014886878430843,0.1307612368836999,14.690329679660499,"[15097133, 15197133, 15297133, 15397133, 15797133, 15697133, 15997133, 15897133, 15597133, 15497133]","[32, 32, 32, 32, 32, 32, 32, 32, 32, 32]"
200,6,"[14, 28, 31, 39, 44, 46]",6,2.3490590527653694,0.16106630116701126,15.826491392605627,"[15027200, 15127200, 15227200, 15327200, 15727200, 15627200, 15927200, 15827200, 15527200, 15427200]","[31, 31, 31, 31, 31, 31, 31, 31, 31, 31]"
201,6,"[1, 11, 15, 37, 39, 44]",6,2.269302594475448,0.15909413807094097,15.380658055578047,"[15066638, 15166638, 15466638, 15566638, 15966638, 15866638, 15266638, 15366638, 15766638, 15666638]","[39, 39, 39, 39, 39, 39, 39, 39, 39, 39]"
202,6,"[6, 7, 11, 43, 46, 47]",6,2.379626533947885,0.1650603599846363,15.901146974647418,"[15764087, 15664087, 15364087, 15264087, 15564087, 15464087, 15064087, 15164087, 15864087, 15964087]","[47, 47, 47, 47, 47, 47, 47, 47, 47, 47]"
203,6,"[2, 17, 21, 30, 41, 46]",6,2.39700926002115,0.1656973697245121,15.49493796370613,"[15147638, 15047638, 15247638, 15347638, 15547638, 15447638, 15747638, 15647638, 15947638, 15847638]","[41, 41, 41, 41, 41, 41, 41, 41, 41, 41]"
204,6,"[13, 14, 20, 21, 39, 46]",6,2.2676437767222524,0.1591319665312767,15.01386755386678,"[15668703, 15768703, 15068703, 15168703, 15268703, 15368703, 15968703, 15868703, 15468703, 15568703]","[20, 20, 20, 20, 20, 20, 20, 20, 20, 20]"
205,6,"[5, 10, 14, 17, 21, 39]",6,2.361791859380901,0.17003466375172138,14.526987990597263,"[15473271, 15573271, 15273271, 15373271, 15673271, 15773271, 15173271, 15073271, 15973271, 15873271]","[10, 10, 10, 10, 10, 10, 10, 10, 10, 10]"
206,6,"[17, 39, 42, 46, 47]",5,1.980110602453351,0.1416454827412963,17.603536655846984,"[15340998, 15240998, 15140998, 15040998, 15440998, 15540998, 15640998, 15740998, 15940998, 15840998]","[47, 47, 47, 47, 47, 47, 47, 47, 47, 47]"
207,6,"[11, 17, 29, 37, 43]",5,1.9001526311039925,0.13504504971206188,14.171403813827784,"[15500624, 15400624, 15100624, 15000624, 15700624, 15600624, 15300624, 15200624, 15900624, 15800624]","[17, 17, 17, 17, 17, 17, 17, 17, 17, 17]"
208,6,"[14, 24, 41, 46]",4,1.519601714797318,0.10957075469195843,15.4300447688438,"[15371814, 15271814, 15871814, 15971814, 15571814, 15471814, 15071814, 15171814, 15771814, 15671814]","[46, 46, 46, 46, 46, 46, 46, 46, 46, 46]"
209,6,"[10, 11, 14, 17, 19, 45]",6,2.2221866194158792,0.15722361393272877,14.14348446104365,"[15135026, 15035026, 15535026, 15435026, 15335026, 15235026, 15835026, 15935026, 15735026, 15635026]","[11, 11, 11, 11, 11, 11, 11, 11, 11, 11]"
210,6,"[7, 13, 14, 21, 39]",5,1.9242935394868255,0.14289578143507242,14.178313943464309,"[15239432, 15339432, 15439432, 15539432, 15139432, 15039432, 15839432, 15939432, 15639432, 15739432]","[13, 13, 13, 13, 13, 13, 13, 13, 13, 13]"
211,6,"[11, 17, 42, 43, 44, 46]",6,2.365460597909987,0.16951709240674973,17.048047159720834,"[15107508, 15007508, 15707508, 15607508, 15507508, 15407508, 15307508, 15207508, 15907508, 15807508]","[44, 44, 44, 44, 44, 44, 44, 44, 44, 44]"
212,6,"[11, 24, 35, 36, 46]",5,1.9819255797192454,0.13998704217374325,20.910771168395875,"[15124286, 15024286, 15724286, 15624286, 15524286, 15424286, 15324286, 15224286, 15924286, 15824286]","[46, 46, 46, 46, 46, 46, 46, 46, 46, 46]"
213,6,"[8, 11, 14, 18, 42, 43]",6,2.3625933127477765,0.16155511140823364,15.020333512608582,"[15079028, 15179028, 15679028, 15779028, 15879028, 15979028, 15579028, 15479028, 15379028, 15279028]","[18, 18, 18, 18, 18, 18, 18, 18, 18, 18]"
214,6,"[12, 13, 24, 29, 37, 39]",6,2.2253897776827216,0.158859271556139,13.549429075637212,"[15115932, 15015932, 15515932, 15415932, 15315932, 15215932, 15815932, 15915932, 15715932, 15615932]","[13, 13, 13, 13, 13, 13, 13, 13, 13, 13]"
215,6,"[4, 11, 17, 39, 42, 47]",6,2.310703764669597,0.15619108732789755,15.509942978310088,"[15863517, 15963517, 15563517, 15463517, 15663517, 15763517, 15363517, 15263517, 15163517, 15063517]","[47, 47, 47, 47, 47, 47, 47, 47, 47, 47]"
216,6,"[1, 4, 5, 17, 42]",5,2.043594134040177,0.14970873668789864,14.989190842676908,"[15302525, 15202525, 15002525, 15102525, 15602525, 15702525, 15902525, 15802525, 15402525, 15502525]","[5, 5, 5, 5, 5, 5, 5, 5, 5, 5]"
217,6,"[7, 8, 11, 36, 41, 46]",6,2.367106062360108,0.16863951832056046,15.633398435777053,"[15857756, 15957756, 15557756, 15457756, 15357756, 15257756, 15757756, 15657756, 15157756, 15057756]","[46, 46, 46, 46, 46, 46, 46, 46, 46, 46]"
218,6,"[4, 11, 22, 27, 39, 47]",6,2.258268172852695,0.1630734819918871,14.285641981521621,"[15863517, 15963517, 15563517, 15463517, 15363517, 15263517, 15763517, 15663517, 15163517, 15063517]","[47, 47, 47, 47, 47, 47, 47, 47, 47, 47]"
219,6,"[5, 7, 11, 21, 36, 38]",6,2.4754368430003524,0.17075310088694096,15.892389534506947,"[15638282, 15738282, 15438282, 15538282, 15338282, 15238282, 15838282, 15938282, 15038282, 15138282]","[36, 36, 36, 36, 36, 36, 36, 36, 36, 36]"
220,6,"[0, 5, 14, 17, 21, 42]",6,2.3793588718399405,0.1651132507249713,14.476762381925559,"[15108519, 15008519, 15708519, 15608519, 15508519, 15408519, 15308519, 15208519, 15908519, 15808519]","[21, 21, 21, 21, 21, 21, 21, 21, 21, 21]"
221,6,"[8, 10, 11, 46, 47]",5,1.908195499330759,0.13550490606576204,15.208144074864686,"[15657756, 15757756, 15157756, 15057756, 15257756, 15357756, 15557756, 15457756, 15957756, 15857756]","[46, 46, 46, 46, 46, 46, 46, 46, 46, 46]"
222,6,"[7, 11, 17, 24, 42, 46]",6,2.369550436735153,0.16989540681242943,15.370073068188503,"[15121486, 15021486, 15821486, 15921486, 15421486, 15521486, 15321486, 15221486, 15621486, 15721486]","[24, 24, 24, 24, 24, 24, 24, 24, 24, 24]"
223,6,"[14, 20, 29, 36, 41, 46]",6,2.3258526995778084,0.1610093917697668,14.821742154968282,"[15612928, 15712928, 15112928, 15012928, 15212928, 15312928, 15512928, 15412928, 15912928, 15812928]","[36, 36, 36, 36, 36, 36, 36, 36, 36, 36]"
224,6,"[0, 12, 14, 21, 46, 47]",6,2.2929377295076847,0.1675807312130928,15.098796744830906,"[15208519, 15308519, 15108519, 15008519, 15708519, 15608519, 15508519, 15408519, 15908519, 15808519]","[21, 21, 21, 21, 21, 21, 21, 21, 21, 21]"
225,6,"[0, 11, 14, 15, 24, 44]",6,2.23107102047652,0.1554681845009327,13.917396963341162,"[15165468, 15065468, 15265468, 15365468, 15765468, 15665468, 15465468, 15565468, 15965468, 15865468]","[15, 15, 15, 15, 15, 15, 15, 15, 15, 15]"
226,6,"[30, 36, 40, 41, 44, 47]",6,2.368183189071715,0.16112175304442644,16.790695449337363,"[15119261, 15019261, 15819261, 15919261, 15419261, 15519261, 15319261, 15219261, 15619261, 15719261]","[41, 41, 41, 41, 41, 41, 41, 41, 41, 41]"
227,6,"[2, 17, 22, 28, 42, 44]",6,2.496726030483842,0.17838443350046873,15.95920208049938,"[15177342, 15077342, 15277342, 15377342, 15577342, 15477342, 15777342, 15677342, 15977342, 15877342]","[42, 42, 42, 42, 42, 42, 42, 42, 42, 42]"
228,6,"[3, 11, 12, 29, 46]",5,1.8993896450847387,0.13071076292544603,13.45279779555276,"[15626770, 15726770, 15426770, 15526770, 15326770, 15226770, 15026770, 15126770, 15826770, 15926770]","[3, 3, 3, 3, 3, 3, 3, 3, 3, 3]"
229,6,"[17, 22, 28, 30, 39, 46]",6,2.414132702164352,0.16999613400548697,15.976046350241328,"[15517042, 15417042, 15917042, 15817042, 15117042, 15017042, 15617042, 15717042, 15217042, 15317042]","[28, 28, 28, 28, 28, 28, 28, 28, 28, 28]"
230,6,"[10, 11, 14, 36, 37, 46]",6,2.276583459228277,0.16288575902581215,15.262878579708437,"[15479703, 15579703, 15279703, 15379703, 15679703, 15779703, 15179703, 15079703, 15979703, 15879703]","[11, 11, 11, 11, 11, 11, 11, 11, 11, 11]"
231,6,"[11, 17, 22, 43, 46]",5,1.975014970637858,0.1368555650115013,16.275360725354403,"[15796722, 15696722, 15396722, 15296722, 15196722, 15096722, 15496722, 15596722, 15996722, 15896722]","[43, 43, 43, 43, 43, 43, 43, 43, 43, 43]"
232,6,"[5, 8, 14, 42, 46, 47]",6,2.3957460187375546,0.16949320677667856,16.0404210339766,"[15048425, 15148425, 15648425, 15748425, 15848425, 15948425, 15548425, 15448425, 15348425, 15248425]","[42, 42, 42, 42, 42, 42, 42, 42, 42, 42]"
233,6,"[1, 8, 39, 42, 46]",5,1.977777237072587,0.14537133928388357,16.330167909990998,"[15630114, 15730114, 15430114, 15530114, 15330114, 15230114, 15030114, 15130114, 15830114, 15930114]","[1, 1, 1, 1, 1, 1, 1, 1, 1, 1]"
234,6,"[0, 9, 30, 31, 43, 46]",6,2.2942990763112903,0.15279763657599688,14.747343819200372,"[15913364, 15813364, 15513364, 15413364, 15313364, 15213364, 15113364, 15013364, 15713364, 15613364]","[0, 0, 0, 0, 0, 0, 0, 0, 0, 0]"
235,6,"[0, 6, 11, 36, 39, 46]",6,2.311953544616699,0.1645828690379858,15.262067896469185,"[15713364, 15613364, 15513364, 15413364, 15013364, 15113364, 15213364, 15313364, 15813364, 15913364]","[0, 0, 0, 0, 0, 0, 0, 0, 0, 0]"
236,6,"[7, 11, 16, 37, 39, 46]",6,2.2308568553999066,0.15763252042233944,15.656139058681825,"[15795114, 15695114, 15395114, 15295114, 15595114, 15495114, 15095114, 15195114, 15895114, 15995114]","[46, 46, 46, 46, 46, 46, 46, 46, 46, 46]"
237,6,"[1, 8, 12, 14, 19, 33]",6,2.2810710864141583,0.16000737249851227,13.257283182426667,"[15831333, 15931333, 15531333, 15431333, 15331333, 15231333, 15731333, 15631333, 15131333, 15031333]","[33, 33, 33, 33, 33, 33, 33, 33, 33, 33]"
238,6,"[11, 15, 27, 28, 46]",5,1.9470053855329752,0.1349996142089367,14.897588553186505,"[15225894, 15325894, 15525894, 15425894, 15825894, 15925894, 15725894, 15625894, 15125894, 15025894]","[15, 15, 15, 15, 15, 15, 15, 15, 15, 15]"
239,6,"[1, 11, 17, 32, 39]",5,1.9148954572156072,0.13062190730124712,13.773436416126788,"[15403616, 15503616, 15903616, 15803616, 15303616, 15203616, 15703616, 15603616, 15103616, 15003616]","[17, 17, 17, 17, 17, 17, 17, 17, 17, 17]"
240,6,"[1, 7, 14, 20, 37]",5,1.9245801353827119,0.1306480821222067,13.900666164886207,"[15567543, 15467543, 15967543, 15867543, 15167543, 15067543, 15267543, 15367543, 15767543, 15667543]","[14, 14, 14, 14, 14, 14, 14, 14, 14, 14]"
241,6,"[9, 14, 15, 39, 47]",5,1.8728944370523095,0.1264944514259696,15.077166888024658,"[15607483, 15707483, 15407483, 15507483, 15307483, 15207483, 15807483, 15907483, 15007483, 15107483]","[47, 47, 47, 47, 47, 47, 47, 47, 47, 47]"
242,6,"[17, 39, 42, 43, 45, 46]",6,2.3587896078824997,0.16914170794188976,18.099198127631098,"[15481746, 15581746, 15981746, 15881746, 15381746, 15281746, 15781746, 15681746, 15181746, 15081746]","[42, 42, 42, 42, 42, 42, 42, 42, 42, 42]"
243,6,"[5, 11, 28, 35, 36, 46]",6,2.497771439142525,0.1788037996739149,20.382225087145343,"[15217434, 15317434, 15417434, 15517434, 15617434, 15717434, 15017434, 15117434, 15817434, 15917434]","[5, 5, 5, 5, 5, 5, 5, 5, 5, 5]"
244,6,"[6, 10, 15, 43, 46]",5,1.9534090384840965,0.14073059242218733,15.903272160887719,"[15154604, 15054604, 15854604, 15954604, 15454604, 15554604, 15354604, 15254604, 15654604, 15754604]","[43, 43, 43, 43, 43, 43, 43, 43, 43, 43]"
245,6,"[2, 7, 15, 36, 46]",5,2.0679019279778004,0.1426887083798647,16.514756244886666,"[15224614, 15324614, 15124614, 15024614, 15724614, 15624614, 15524614, 15424614, 15924614, 15824614]","[36, 36, 36, 36, 36, 36, 36, 36, 36, 36]"
246,6,"[10, 11, 14, 17, 30]",5,1.877788769081235,0.1306415433064103,13.205270150210708,"[15135333, 15035333, 15735333, 15635333, 15535333, 15435333, 15335333, 15235333, 15935333, 15835333]","[30, 30, 30, 30, 30, 30, 30, 30, 30, 30]"
247,6,"[8, 11, 17, 28, 44, 47]",6,2.3787403907626867,0.16467804089188576,15.418321965805566,"[15946749, 15846749, 15246749, 15346749, 15446749, 15546749, 15046749, 15146749, 15646749, 15746749]","[44, 44, 44, 44, 44, 44, 44, 44, 44, 44]"
248,6,"[0, 5, 10, 11, 16, 43]",6,2.2934568664059043,0.15853585954755545,14.586367331755659,"[15789164, 15689164, 15389164, 15289164, 15589164, 15489164, 15089164, 15189164, 15889164, 15989164]","[43, 43, 43, 43, 43, 43, 43, 43, 43, 43]"
249,6,"[11, 17, 36, 41, 42, 43]",6,2.3958900403231382,0.16966896038502455,16.618362055160105,"[15281600, 15381600, 15181600, 15081600, 15781600, 15681600, 15581600, 15481600, 15981600, 15881600]","[41, 41, 41, 41, 41, 41, 41, 41, 41, 41]"
250,6,"[14, 19, 24, 37, 43, 46]",6,2.258857230655849,0.15449896920472383,15.585299906010428,"[15500873, 15400873, 15100873, 15000873, 15700873, 15600873, 15300873, 15200873, 15900873, 15800873]","[19, 19, 19, 19, 19, 19, 19, 19, 19, 19]"
251,6,"[6, 10, 11, 17, 39, 46]",6,2.302109384909272,0.16341032460331917,14.808624361641705,"[15389672, 15289672, 15689672, 15789672, 15589672, 15489672, 15089672, 15189672, 15889672, 15989672]","[46, 46, 46, 46, 46, 46, 46, 46, 46, 46]"
252,6,"[11, 19, 21, 30, 37, 46]",6,2.2386153722181916,0.15423267614096403,14.591209538280964,"[15508519, 15408519, 15908519, 15808519, 15108519, 15008519, 15608519, 15708519, 15208519, 15308519]","[21, 21, 21, 21, 21, 21, 21, 21, 21, 21]"
253,6,"[11, 14, 19, 21, 36, 46]",6,2.300439704209566,0.1675652014091611,15.044483806317052,"[15871814, 15971814, 15471814, 15571814, 15071814, 15171814, 15671814, 15771814, 15371814, 15271814]","[46, 46, 46, 46, 46, 46, 46, 46, 46, 46]"
254,6,"[17, 28, 39, 43, 44, 46]",6,2.4241809574887156,0.17053524497896433,17.59540928566518,"[15331946, 15231946, 15631946, 15731946, 15531946, 15431946, 15031946, 15131946, 15831946, 15931946]","[46, 46, 46, 46, 46, 46, 46, 46, 46, 46]"
255,6,"[10, 11, 15, 30, 36, 39]",6,2.3082847129553556,0.15617324225604534,14.966266304254532,"[15634904, 15734904, 15134904, 15034904, 15234904, 15334904, 15534904, 15434904, 15934904, 15834904]","[30, 30, 30, 30, 30, 30, 30, 30, 30, 30]"
256,6,"[11, 14, 17, 19, 39, 42]",6,2.2576391957700253,0.16630029864609241,14.57824121407854,"[15692873, 15792873, 15092873, 15192873, 15492873, 15592873, 15292873, 15392873, 15892873, 15992873]","[42, 42, 42, 42, 42, 42, 42, 42, 42, 42]"
257,6,"[5, 11, 17, 33, 44]",5,1.9892447972670197,0.14107820484787226,14.732197226863354,"[15185419, 15085419, 15885419, 15985419, 15485419, 15585419, 15685419, 15785419, 15285419, 15385419]","[33, 33, 33, 33, 33, 33, 33, 33, 33, 33]"
258,6,"[0, 4, 11, 37, 39, 46]",6,2.213210688903928,0.16063908208161592,14.846991383781036,"[15235027, 15335027, 15435027, 15535027, 15635027, 15735027, 15035027, 15135027, 15835027, 15935027]","[0, 0, 0, 0, 0, 0, 0, 0, 0, 0]"
259,6,"[10, 11, 14, 37, 43]",5,1.8593186922371387,0.12572097685188055,14.521634144335986,"[15132082, 15032082, 15232082, 15332082, 15532082, 15432082, 15932082, 15832082, 15732082, 15632082]","[10, 10, 10, 10, 10, 10, 10, 10, 10, 10]"
260,6,"[19, 21, 30, 42, 43, 46]",6,2.3588265385478735,0.16069340519607067,16.20677126098114,"[15686582, 15786582, 15186582, 15086582, 15286582, 15386582, 15586582, 15486582, 15986582, 15886582]","[42, 42, 42, 42, 42, 42, 42, 42, 42, 42]"
261,6,"[3, 7, 11, 43, 44, 48]",6,2.3851068010553718,0.16512215323746204,13.526329588145018,"[15830484, 15930484, 15430484, 15530484, 15030484, 15130484, 15630484, 15730484, 15330484, 15230484]","[48, 48, 48, 48, 48, 48, 48, 48, 48, 48]"
262,6,"[1, 4, 11, 39, 41, 42]",6,2.311476311646402,0.17147251963615417,14.969525305631882,"[15209521, 15309521, 15409521, 15509521, 15109521, 15009521, 15809521, 15909521, 15609521, 15709521]","[4, 4, 4, 4, 4, 4, 4, 4, 4, 4]"
263,6,"[15, 17, 36, 42, 43, 46]",6,2.4354876382276416,0.17510602623224258,17.792151391506195,"[15377743, 15277743, 15077743, 15177743, 15677743, 15777743, 15977743, 15877743, 15477743, 15577743]","[36, 36, 36, 36, 36, 36, 36, 36, 36, 36]"
264,6,"[11, 14, 28, 33, 39, 42]",6,2.343510520644486,0.16356980241835117,14.759201950626448,"[15110428, 15010428, 15810428, 15910428, 15410428, 15510428, 15610428, 15710428, 15210428, 15310428]","[33, 33, 33, 33, 33, 33, 33, 33, 33, 33]"
265,6,"[9, 11, 17, 39, 42, 43]",6,2.324462728574872,0.1683135125786066,15.63813750205251,"[15068412, 15168412, 15468412, 15568412, 15968412, 15868412, 15268412, 15368412, 15768412, 15668412]","[42, 42, 42, 42, 42, 42, 42, 42, 42, 42]"
266,6,"[17, 22, 30, 39, 44, 46]",6,2.3529579816386104,0.16926231607794762,16.280842411952715,"[15193735, 15093735, 15593735, 15493735, 15393735, 15293735, 15893735, 15993735, 15793735, 15693735]","[22, 22, 22, 22, 22, 22, 22, 22, 22, 22]"
267,6,"[7, 11, 14, 17, 39, 43]",6,2.3250711280852556,0.16741741076111794,15.100860404781997,"[15320702, 15220702, 15620702, 15720702, 15520702, 15420702, 15020702, 15120702, 15820702, 15920702]","[43, 43, 43, 43, 43, 43, 43, 43, 43, 43]"
268,6,"[0, 15, 28, 31, 43]",5,1.988407132215798,0.14062336273491383,15.024716421589256,"[15154604, 15054604, 15254604, 15354604, 15554604, 15454604, 15754604, 15654604, 15954604, 15854604]","[43, 43, 43, 43, 43, 43, 43, 43, 43, 43]"
269,6,"[9, 11, 20, 36, 43, 46]",6,2.3377958992496133,0.16005682293325663,15.972259361141672,"[15611511, 15711511, 15411511, 15511511, 15311511, 15211511, 15811511, 15911511, 15011511, 15111511]","[43, 43, 43, 43, 43, 43, 43, 43, 43, 43]"
270,6,"[0, 11, 17, 24, 36, 44]",6,2.325465655885637,0.16380942706018686,14.94136844878085,"[15455115, 15555115, 15755115, 15655115, 15255115, 15355115, 15155115, 15055115, 15955115, 15855115]","[11, 11, 11, 11, 11, 11, 11, 11, 11, 11]"
271,6,"[0, 4, 11, 17, 18, 46]",6,2.3267058171331882,0.1647450365126133,14.518321520416066,"[15263427, 15363427, 15563427, 15463427, 15963427, 15863427, 15163427, 15063427, 15663427, 15763427]","[46, 46, 46, 46, 46, 46, 46, 46, 46, 46]"
272,6,"[39, 42, 43, 46, 47]",5,1.9927492896094918,0.1405494324862957,18.47126802839339,"[15636340, 15736340, 15436340, 15536340, 15336340, 15236340, 15836340, 15936340, 15036340, 15136340]","[47, 47, 47, 47, 47, 47, 47, 47, 47, 47]"
273,6,"[1, 8, 11, 41, 42]",5,1.9420892847701907,0.13577539194375277,14.617909834813327,"[15730390, 15630390, 15330390, 15230390, 15130390, 15030390, 15430390, 15530390, 15930390, 15830390]","[41, 41, 41, 41, 41, 41, 41, 41, 41, 41]"
274,6,"[14, 17, 24, 30, 39]",5,1.9006224386394024,0.13131033536046743,14.293101260624827,"[15711482, 15611482, 15511482, 15411482, 15011482, 15111482, 15811482, 15911482, 15211482, 15311482]","[39, 39, 39, 39, 39, 39, 39, 39, 39, 39]"
275,6,"[14, 17, 21, 38, 41, 46]",6,2.3676662743091583,0.16966257244348526,16.462317780901987,"[15332904, 15232904, 15132904, 15032904, 15432904, 15532904, 15632904, 15732904, 15932904, 15832904]","[41, 41, 41, 41, 41, 41, 41, 41, 41, 41]"
276,6,"[11, 14, 15, 24, 42, 46]",6,2.2872339207679033,0.1600226741284132,15.16475497201706,"[15186841, 15086841, 15886841, 15986841, 15486841, 15586841, 15686841, 15786841, 15286841, 15386841]","[24, 24, 24, 24, 24, 24, 24, 24, 24, 24]"
277,6,"[0, 21, 29, 30, 35, 38]",6,2.354364760220051,0.1652747094631195,18.189139005029574,"[15343673, 15243673, 15643673, 15743673, 15543673, 15443673, 15043673, 15143673, 15843673, 15943673]","[38, 38, 38, 38, 38, 38, 38, 38, 38, 38]"
278,6,"[12, 14, 15, 46, 47]",5,1.9208854148164392,0.13204270601272583,15.975497582554818,"[15965468, 15865468, 15565468, 15465468, 15765468, 15665468, 15165468, 15065468, 15365468, 15265468]","[15, 15, 15, 15, 15, 15, 15, 15, 15, 15]"
279,6,"[19, 21, 24, 30, 42, 43]",6,2.340415176935494,0.16094383504241705,15.156793305262303,"[15623158, 15723158, 15423158, 15523158, 15323158, 15223158, 15023158, 15123158, 15823158, 15923158]","[19, 19, 19, 19, 19, 19, 19, 19, 19, 19]"
280,6,"[14, 17, 30, 43, 45, 46]",6,2.3161751069128513,0.16080097388476133,16.585974622750655,"[15271814, 15371814, 15571814, 15471814, 15971814, 15871814, 15171814, 15071814, 15671814, 15771814]","[46, 46, 46, 46, 46, 46, 46, 46, 46, 46]"
281,6,"[14, 17, 31, 41, 44]",5,1.9098251042887568,0.13893888797610998,14.708787544164807,"[15467885, 15567885, 15867885, 15967885, 15067885, 15167885, 15667885, 15767885, 15367885, 15267885]","[17, 17, 17, 17, 17, 17, 17, 17, 17, 17]"
282,6,"[21, 28, 39, 42, 44]",5,2.0222721360623837,0.14119780156761408,16.554488324653356,"[15469907, 15569907, 15769907, 15669907, 15269907, 15369907, 15169907, 15069907, 15969907, 15869907]","[28, 28, 28, 28, 28, 28, 28, 28, 28, 28]"
283,6,"[0, 4, 10, 12, 39, 42]",6,2.279024706222117,0.17129363305866718,14.36471603034685,"[15458219, 15558219, 15258219, 15358219, 15658219, 15758219, 15158219, 15058219, 15958219, 15858219]","[4, 4, 4, 4, 4, 4, 4, 4, 4, 4]"
284,6,"[5, 11, 32, 38, 39]",5,1.9604068929329515,0.13514888938516378,15.09787380238995,"[15136861, 15036861, 15236861, 15336861, 15536861, 15436861, 15936861, 15836861, 15736861, 15636861]","[5, 5, 5, 5, 5, 5, 5, 5, 5, 5]"
285,6,"[11, 21, 30, 41, 46]",5,1.9221975049003959,0.1314097549766302,15.078488441742957,"[15715805, 15615805, 15515805, 15415805, 15015805, 15115805, 15215805, 15315805, 15815805, 15915805]","[11, 11, 11, 11, 11, 11, 11, 11, 11, 11]"
286,6,"[14, 21, 42, 43, 44]",5,1.9712103940546513,0.14368885662406683,16.3577482085675,"[15121397, 15021397, 15821397, 15921397, 15421397, 15521397, 15621397, 15721397, 15221397, 15321397]","[43, 43, 43, 43, 43, 43, 43, 43, 43, 43]"
287,6,"[7, 9, 11, 15, 28, 33]",6,2.3716509733349085,0.1721625765785575,13.817153896670789,"[15711691, 15611691, 15511691, 15411691, 15011691, 15111691, 15811691, 15911691, 15211691, 15311691]","[28, 28, 28, 28, 28, 28, 28, 28, 28, 28]"
288,6,"[1, 15, 17, 35, 42, 47]",6,2.4158857446163893,0.1789225386455655,20.22496331242534,"[15067140, 15167140, 15667140, 15767140, 15867140, 15967140, 15567140, 15467140, 15367140, 15267140]","[35, 35, 35, 35, 35, 35, 35, 35, 35, 35]"
289,6,"[10, 36, 37, 39, 42, 43]",6,2.362740198150277,0.16093761287629604,16.932892166698974,"[15417403, 15517403, 15217403, 15317403, 15617403, 15717403, 15117403, 15017403, 15917403, 15817403]","[36, 36, 36, 36, 36, 36, 36, 36, 36, 36]"
290,6,"[1, 4, 10, 19, 39, 43]",6,2.309527243487537,0.16293891984969378,14.883244466114169,"[15479035, 15579035, 15779035, 15679035, 15279035, 15379035, 15179035, 15079035, 15979035, 15879035]","[4, 4, 4, 4, 4, 4, 4, 4, 4, 4]"
291,6,"[7, 10, 11, 17, 20, 46]",6,2.334458808414638,0.16462035104632378,14.582775179374343,"[15180669, 15080669, 15280669, 15380669, 15580669, 15480669, 15980669, 15880669, 15780669, 15680669]","[7, 7, 7, 7, 7, 7, 7, 7, 7, 7]"
292,6,"[7, 11, 17, 21, 36, 43]",6,2.4213116513565183,0.17001940868794918,15.692098205753913,"[15319549, 15219549, 15819549, 15919549, 15519549, 15419549, 15019549, 15119549, 15719549, 15619549]","[21, 21, 21, 21, 21, 21, 21, 21, 21, 21]"
293,6,"[11, 15, 19, 21, 43, 44]",6,2.2919242130592465,0.164416310377419,15.371421668988964,"[15885761, 15985761, 15585761, 15485761, 15385761, 15285761, 15785761, 15685761, 15185761, 15085761]","[44, 44, 44, 44, 44, 44, 44, 44, 44, 44]"
294,6,"[0, 11, 37, 43, 45, 46]",6,2.2413603579625487,0.15864959079772234,16.369485460454598,"[15297876, 15397876, 15497876, 15597876, 15697876, 15797876, 15897876, 15997876, 15097876, 15197876]","[45, 45, 45, 45, 45, 45, 45, 45, 45, 45]"
295,6,"[2, 7, 11, 20, 31, 43]",6,2.3951595574617386,0.1621036259457469,14.246331330621615,"[15789164, 15689164, 15389164, 15289164, 15589164, 15489164, 15089164, 15189164, 15889164, 15989164]","[43, 43, 43, 43, 43, 43, 43, 43, 43, 43]"
296,6,"[36, 39, 41, 46]",4,1.5868255086243153,0.1054921681061387,17.948008230770938,"[15121812, 15021812, 15221812, 15321812, 15521812, 15421812, 15921812, 15821812, 15721812, 15621812]","[36, 36, 36, 36, 36, 36, 36, 36, 36, 36]"
297,6,"[0, 10, 11, 28, 40, 42]",6,2.3574014864861965,0.1727046500891447,14.54582549010714,"[15390113, 15290113, 15690113, 15790113, 15590113, 15490113, 15090113, 15190113, 15890113, 15990113]","[42, 42, 42, 42, 42, 42, 42, 42, 42, 42]"
298,6,"[8, 11, 24, 42, 43, 46]",6,2.339833981357515,0.16919728089123964,15.92816331439341,"[15628324, 15728324, 15128324, 15028324, 15228324, 15328324, 15528324, 15428324, 15928324, 15828324]","[42, 42, 42, 42, 42, 42, 42, 42, 42, 42]"
299,6,"[4, 14, 17, 22, 42, 43]",6,2.3622186249122024,0.17726702708750963,15.369046702670554,"[15754604, 15654604, 15354604, 15254604, 15554604, 15454604, 15054604, 15154604, 15854604, 15954604]","[43, 43, 43, 43, 43, 43, 43, 43, 43, 43]"
300,6,"[11, 17, 27, 43, 46]",5,1.9219297403469682,0.13505894504487514,15.571625759545714,"[15185128, 15085128, 15785128, 15685128, 15585128, 15485128, 15385128, 15285128, 15985128, 15885128]","[46, 46, 46, 46, 46, 46, 46, 46, 46, 46]"
301,6,"[10, 11, 21, 36, 38, 39]",6,2.3721857434138656,0.16486700531095266,16.037583213609953,"[15779703, 15679703, 15479703, 15579703, 15179703, 15079703, 15879703, 15979703, 15279703, 15379703]","[11, 11, 11, 11, 11, 11, 11, 11, 11, 11]"
302,6,"[10, 11, 17, 25, 46]",5,1.9490076480433345,0.13591429684311152,14.79859397187829,"[15534924, 15434924, 15934924, 15834924, 15134924, 15034924, 15634924, 15734924, 15234924, 15334924]","[17, 17, 17, 17, 17, 17, 17, 17, 17, 17]"
303,6,"[6, 8, 10, 17, 21, 43]",6,2.367642695084214,0.16692335810512304,14.452041404632231,"[15534715, 15434715, 15934715, 15834715, 15134715, 15034715, 15234715, 15334715, 15734715, 15634715]","[10, 10, 10, 10, 10, 10, 10, 10, 10, 10]"
304,6,"[1, 5, 27, 29, 43]",5,2.0128657203167677,0.13608016073703766,13.67981472890824,"[15188745, 15088745, 15588745, 15488745, 15388745, 15288745, 15888745, 15988745, 15788745, 15688745]","[5, 5, 5, 5, 5, 5, 5, 5, 5, 5]"
305,6,"[0, 5, 11, 39, 42, 47]",6,2.3498732084408402,0.16350981034338474,15.396941250190139,"[15086916, 15186916, 15486916, 15586916, 15986916, 15886916, 15286916, 15386916, 15786916, 15686916]","[42, 42, 42, 42, 42, 42, 42, 42, 42, 42]"
306,6,"[6, 17, 19, 24, 39]",5,1.9022587994113564,0.13907784037292004,14.059465969353914,"[15139893, 15039893, 15739893, 15639893, 15539893, 15439893, 15939893, 15839893, 15339893, 15239893]","[6, 6, 6, 6, 6, 6, 6, 6, 6, 6]"
307,6,"[2, 8, 17, 26, 37, 46]",6,2.3412674721330404,0.16118424758315086,14.683755933462331,"[15534926, 15434926, 15934926, 15834926, 15134926, 15034926, 15634926, 15734926, 15234926, 15334926]","[17, 17, 17, 17, 17, 17, 17, 17, 17, 17]"
308,6,"[9, 17, 30, 39]",4,1.5159367667511106,0.1060776524245739,14.395328956888989,"[15422710, 15522710, 15922710, 15822710, 15322710, 15222710, 15722710, 15622710, 15122710, 15022710]","[30, 30, 30, 30, 30, 30, 30, 30, 30, 30]"
309,6,"[3, 11, 14, 17, 21, 26]",6,2.284198463894427,0.15598005428910255,12.92638225395543,"[15633886, 15733886, 15433886, 15533886, 15333886, 15233886, 15033886, 15133886, 15833886, 15933886]","[3, 3, 3, 3, 3, 3, 3, 3, 3, 3]"
310,6,"[0, 21, 22, 42, 46]",5,1.9731905832886696,0.13313443027436733,15.642740586400032,"[15675275, 15775275, 15175275, 15075275, 15275275, 15375275, 15575275, 15475275, 15975275, 15875275]","[42, 42, 42, 42, 42, 42, 42, 42, 42, 42]"
311,6,"[0, 8, 14, 33, 42, 43]",6,2.317620529793203,0.16102948412299156,14.665238939070454,"[15092873, 15192873, 15492873, 15592873, 15992873, 15892873, 15292873, 15392873, 15792873, 15692873]","[42, 42, 42, 42, 42, 42, 42, 42, 42, 42]"
312,6,"[0, 8, 15, 24, 31, 43]",6,2.3053916227072477,0.161420289427042,14.255200647205735,"[15358104, 15258104, 15158104, 15058104, 15458104, 15558104, 15958104, 15858104, 15658104, 15758104]","[0, 0, 0, 0, 0, 0, 0, 0, 0, 0]"
313,6,"[4, 9, 11, 28, 43]",5,1.9558707075193524,0.1356187118217349,14.482392769213766,"[15669907, 15769907, 15169907, 15069907, 15269907, 15369907, 15569907, 15469907, 15969907, 15869907]","[28, 28, 28, 28, 28, 28, 28, 28, 28, 28]"
314,6,"[11, 14, 19, 21, 28, 31]",6,2.2986301789060235,0.15588100347667933,13.25266797382695,"[15334045, 15234045, 15034045, 15134045, 15634045, 15734045, 15934045, 15834045, 15434045, 15534045]","[19, 19, 19, 19, 19, 19, 19, 19, 19, 19]"
315,6,"[0, 8, 22, 27, 38]",5,1.919731231406331,0.13499093428254128,14.319732761289924,"[15150172, 15050172, 15850172, 15950172, 15450172, 15550172, 15650172, 15750172, 15250172, 15350172]","[27, 27, 27, 27, 27, 27, 27, 27, 27, 27]"
316,6,"[0, 11, 19, 21, 37]",5,1.8246017405763268,0.12891790736466646,13.338633583299815,"[15135027, 15035027, 15735027, 15635027, 15535027, 15435027, 15935027, 15835027, 15335027, 15235027]","[0, 0, 0, 0, 0, 0, 0, 0, 0, 0]"
317,6,"[11, 24, 25, 34, 38, 47]",6,2.353324703872204,0.16834842320531607,15.869904059140632,"[15235887, 15335887, 15135887, 15035887, 15735887, 15635887, 15535887, 15435887, 15935887, 15835887]","[34, 34, 34, 34, 34, 34, 34, 34, 34, 34]"
318,6,"[1, 11, 24, 36, 43, 46]",6,2.408729831688106,0.1693899743258953,16.34062007861212,"[15392091, 15292091, 15192091, 15092091, 15492091, 15592091, 15992091, 15892091, 15692091, 15792091]","[1, 1, 1, 1, 1, 1, 1, 1, 1, 1]"
319,6,"[0, 14, 21, 28, 33, 46]",6,2.3583398554474115,0.16802759002894163,14.613637172306577,"[15135027, 15035027, 15235027, 15335027, 15535027, 15435027, 15935027, 15835027, 15735027, 15635027]","[0, 0, 0, 0, 0, 0, 0, 0, 0, 0]"
320,6,"[2, 6, 7, 8, 11, 12]",6,2.3586181765422225,0.15782450046390295,13.174645014262447,"[15311095, 15211095, 15011095, 15111095, 15611095, 15711095, 15911095, 15811095, 15411095, 15511095]","[7, 7, 7, 7, 7, 7, 7, 7, 7, 7]"
321,6,"[17, 28, 30, 31, 43, 44]",6,2.4266037521883845,0.1663426924496889,15.63392794931618,"[15419223, 15519223, 15819223, 15919223, 15019223, 15119223, 15619223, 15719223, 15319223, 15219223]","[28, 28, 28, 28, 28, 28, 28, 28, 28, 28]"
322,6,"[11, 14, 17, 36, 42, 43]",6,2.3838694682344794,0.17301057372242212,16.012300500646234,"[15132222, 15032222, 15832222, 15932222, 15432222, 15532222, 15332222, 15232222, 15632222, 15732222]","[36, 36, 36, 36, 36, 36, 36, 36, 36, 36]"
323,6,"[5, 11, 17, 28, 44, 46]",6,2.441146746277809,0.16584610100835562,16.029410927866895,"[15395266, 15295266, 15895266, 15995266, 15595266, 15495266, 15695266, 15795266, 15195266, 15095266]","[44, 44, 44, 44, 44, 44, 44, 44, 44, 44]"
324,6,"[18, 42, 44, 45, 46, 47]",6,2.4007337670773268,0.16582399792969227,17.984457111218944,"[15072282, 15172282, 15472282, 15572282, 15972282, 15872282, 15772282, 15672282, 15272282, 15372282]","[18, 18, 18, 18, 18, 18, 18, 18, 18, 18]"
325,6,"[10, 12, 37, 42, 43, 46]",6,2.333715262822807,0.1689824964851141,16.536650571118418,"[15311508, 15211508, 15011508, 15111508, 15611508, 15711508, 15911508, 15811508, 15411508, 15511508]","[37, 37, 37, 37, 37, 37, 37, 37, 37, 37]"
326,6,"[0, 10, 11, 28, 29, 39]",6,2.306685194373131,0.16394465044140816,13.093101688660681,"[15319768, 15219768, 15619768, 15719768, 15519768, 15419768, 15019768, 15119768, 15819768, 15919768]","[39, 39, 39, 39, 39, 39, 39, 39, 39, 39]"
327,6,"[6, 8, 17, 31, 37, 42]",6,2.3099533393979073,0.15888664033263922,14.144598353886977,"[15654380, 15754380, 15154380, 15054380, 15254380, 15354380, 15554380, 15454380, 15954380, 15854380]","[31, 31, 31, 31, 31, 31, 31, 31, 31, 31]"
328,6,"[7, 11, 17, 30, 39, 46]",6,2.355041320435703,0.16201811376959085,15.237168154524019,"[15364364, 15264364, 15664364, 15764364, 15564364, 15464364, 15064364, 15164364, 15864364, 15964364]","[46, 46, 46, 46, 46, 46, 46, 46, 46, 46]"
329,6,"[9, 17, 18, 28, 43, 47]",6,2.4653012370690703,0.17000286933034658,16.074567828870688,"[15889440, 15989440, 15289440, 15389440, 15189440, 15089440, 15489440, 15589440, 15789440, 15689440]","[47, 47, 47, 47, 47, 47, 47, 47, 47, 47]"
330,6,"[13, 14, 38, 43, 44]",5,1.953935601748526,0.13200560491532087,16.809152047056706,"[15969165, 15869165, 15769165, 15669165, 15069165, 15169165, 15369165, 15269165, 15469165, 15569165]","[38, 38, 38, 38, 38, 38, 38, 38, 38, 38]"
331,6,"[0, 6, 9, 10, 11, 41]",6,2.235450734384358,0.1542136324569583,12.817996454269936,"[15030911, 15130911, 15330911, 15230911, 15730911, 15630911, 15830911, 15930911, 15530911, 15430911]","[6, 6, 6, 6, 6, 6, 6, 6, 6, 6]"
332,6,"[14, 17, 25, 41, 47]",5,1.9641569117084146,0.13972897455096245,15.201783618610353,"[15256667, 15356667, 15456667, 15556667, 15156667, 15056667, 15856667, 15956667, 15656667, 15756667]","[17, 17, 17, 17, 17, 17, 17, 17, 17, 17]"
333,6,"[11, 17, 25, 30, 37, 43]",6,2.3163765789940953,0.16022237855941057,14.933225705521181,"[15231061, 15331061, 15531061, 15431061, 15931061, 15831061, 15131061, 15031061, 15631061, 15731061]","[43, 43, 43, 43, 43, 43, 43, 43, 43, 43]"
334,6,"[7, 11, 15, 30, 31, 39]",6,2.2943101674318314,0.16087938845157623,13.970475847755248,"[15755115, 15655115, 15455115, 15555115, 15155115, 15055115, 15855115, 15955115, 15255115, 15355115]","[11, 11, 11, 11, 11, 11, 11, 11, 11, 11]"
335,6,"[11, 14, 17, 46, 47]",5,1.9116766769438982,0.13138316292315722,15.581076915655284,"[15163517, 15063517, 15763517, 15663517, 15563517, 15463517, 15363517, 15263517, 15963517, 15863517]","[47, 47, 47, 47, 47, 47, 47, 47, 47, 47]"
336,6,"[7, 25, 37, 39, 44, 46]",6,2.3418107628822327,0.16582210082560778,16.321091879624873,"[15391707, 15291707, 15691707, 15791707, 15591707, 15491707, 15091707, 15191707, 15891707, 15991707]","[46, 46, 46, 46, 46, 46, 46, 46, 46, 46]"
337,6,"[11, 12, 14, 22, 31, 34]",6,2.2700230153277516,0.1639508567750454,13.568867863155901,"[15844226, 15944226, 15444226, 15544226, 15044226, 15144226, 15644226, 15744226, 15344226, 15244226]","[34, 34, 34, 34, 34, 34, 34, 34, 34, 34]"
338,6,"[7, 11, 14, 17, 42, 43]",6,2.364126075990498,0.1727636018767953,15.19364711137799,"[15103432, 15003432, 15703432, 15603432, 15503432, 15403432, 15303432, 15203432, 15903432, 15803432]","[42, 42, 42, 42, 42, 42, 42, 42, 42, 42]"
339,6,"[1, 17, 24, 43, 46]",5,2.0129988361150026,0.14280103612691164,16.461899500153958,"[16723263, 16623263, 17423263, 17523263, 17123263, 17023263, 16923263, 16823263, 17323263, 17223263]","[43, 43, 43, 43, 43, 43, 43, 43, 43, 43]"
340,6,"[1, 11, 14, 18, 43]",5,1.9939249167218804,0.1365647716447711,14.743971616681666,"[17423263, 17523263, 16923263, 16823263, 17223263, 17323263, 16723263, 16623263, 17123263, 17023263]","[43, 43, 43, 43, 43, 43, 43, 43, 43, 43]"
341,6,"[1, 11, 14, 17, 43, 46]",6,2.3527241479605436,0.16943673882633448,15.583107801542306,"[15762093, 15662093, 15362093, 15262093, 15162093, 15062093, 15462093, 15562093, 15962093, 15862093]","[17, 17, 17, 17, 17, 17, 17, 17, 17, 17]"
342,6,"[11, 14, 32, 46]",4,1.474431211128831,0.10155995935201645,13.614391171722673,"[15581794, 15481794, 15981794, 15881794, 15181794, 15081794, 15281794, 15381794, 15781794, 15681794]","[32, 32, 32, 32, 32, 32, 32, 32, 32, 32]"
343,6,"[0, 15, 21, 22, 39, 45]",6,2.2919948659837246,0.1649936819449067,15.449492788252732,"[15827618, 15927618, 15527618, 15427618, 15327618, 15227618, 15727618, 15627618, 15127618, 15027618]","[45, 45, 45, 45, 45, 45, 45, 45, 45, 45]"
344,6,"[0, 1, 15, 21, 29, 43]",6,2.3491139197722077,0.1625704551115632,14.006701141285399,"[15300399, 15200399, 15000399, 15100399, 15500399, 15400399, 15700399, 15600399, 15900399, 15800399]","[1, 1, 1, 1, 1, 1, 1, 1, 1, 1]"
345,6,"[4, 5, 11, 14, 38, 46]",6,2.3577252812683582,0.16884075663983822,15.516589606646448,"[15843691, 15943691, 15443691, 15543691, 15343691, 15243691, 15043691, 15143691, 15743691, 15643691]","[5, 5, 5, 5, 5, 5, 5, 5, 5, 5]"
346,6,"[14, 21, 24, 39]",4,1.5194672597572207,0.11439827922731638,14.299803253030404,"[15408519, 15508519, 15208519, 15308519, 15608519, 15708519, 15108519, 15008519, 15908519, 15808519]","[21, 21, 21, 21, 21, 21, 21, 21, 21, 21]"
347,6,"[27, 28, 31, 39, 42, 46]",6,2.3661327231675386,0.1694855187088251,15.558883500983939,"[15730323, 15630323, 15430323, 15530323, 15130323, 15030323, 15830323, 15930323, 15230323, 15330323]","[28, 28, 28, 28, 28, 28, 28, 28, 28, 28]"
348,6,"[7, 11, 17, 30, 43]",5,1.9798281835392118,0.13742335513234138,14.848770094197244,"[15139719, 15039719, 15839719, 15939719, 15439719, 15539719, 15339719, 15239719, 15639719, 15739719]","[30, 30, 30, 30, 30, 30, 30, 30, 30, 30]"
349,6,"[6, 14, 19, 38, 46, 47]",6,2.31921193189919,0.15652993880212307,15.98321112144428,"[15189672, 15089672, 15789672, 15689672, 15589672, 15489672, 15389672, 15289672, 15989672, 15889672]","[46, 46, 46, 46, 46, 46, 46, 46, 46, 46]"
350,6,"[7, 11, 27, 42, 43, 44]",6,2.3437526375055313,0.16559809539467096,15.377456632753214,"[15166936, 15066936, 15266936, 15366936, 15566936, 15466936, 15966936, 15866936, 15766936, 15666936]","[7, 7, 7, 7, 7, 7, 7, 7, 7, 7]"
351,6,"[2, 15, 17, 31, 43]",5,2.0162610011175275,0.1454145573079586,15.359299187734724,"[15154604, 15054604, 15754604, 15654604, 15554604, 15454604, 15354604, 15254604, 15954604, 15854604]","[43, 43, 43, 43, 43, 43, 43, 43, 43, 43]"
352,6,"[11, 17, 28, 31, 44, 46]",6,2.375418624840677,0.16532171051949263,15.477137867206087,"[15154380, 15054380, 15854380, 15954380, 15454380, 15554380, 15354380, 15254380, 15654380, 15754380]","[31, 31, 31, 31, 31, 31, 31, 31, 31, 31]"
353,6,"[0, 4, 5, 19, 41, 46]",6,2.3166611855849624,0.16420421097427607,14.750292762570703,"[15243820, 15343820, 15443820, 15543820, 15143820, 15043820, 15843820, 15943820, 15643820, 15743820]","[4, 4, 4, 4, 4, 4, 4, 4, 4, 4]"
354,6,"[11, 30, 39, 42, 43, 46]",6,2.3348357072100043,0.1693423893302679,16.57339401077479,"[15616999, 15716999, 15916999, 15816999, 15516999, 15416999, 15216999, 15316999, 15016999, 15116999]","[46, 46, 46, 46, 46, 46, 46, 46, 46, 46]"
355,6,"[10, 15, 19, 31, 42, 47]",6,2.309038826264441,0.16184489708393812,14.845738786893586,"[15799968, 15699968, 15099968, 15199968, 15299968, 15399968, 15499968, 15599968, 15999968, 15899968]","[42, 42, 42, 42, 42, 42, 42, 42, 42, 42]"
356,6,"[17, 21, 28, 30, 46]",5,2.0308789303526282,0.13977750949561596,15.68645962625742,"[15322710, 15222710, 15822710, 15922710, 15522710, 15422710, 15022710, 15122710, 15722710, 15622710]","[30, 30, 30, 30, 30, 30, 30, 30, 30, 30]"
357,6,"[7, 11, 17, 25, 30, 38]",6,2.3931395960971713,0.1699031414464116,14.910056112489352,"[15767667, 15667667, 15367667, 15267667, 15567667, 15467667, 15067667, 15167667, 15867667, 15967667]","[38, 38, 38, 38, 38, 38, 38, 38, 38, 38]"
358,6,"[14, 17, 22, 42]",4,1.5830886419862509,0.11547111999243498,14.990491409320384,"[15163479, 15063479, 15863479, 15963479, 15463479, 15563479, 15663479, 15763479, 15263479, 15363479]","[42, 42, 42, 42, 42, 42, 42, 42, 42, 42]"
359,6,"[8, 11, 28, 39, 43, 46]",6,2.3764388849958777,0.16663093212991953,16.26324762132329,"[15569907, 15469907, 15969907, 15869907, 15169907, 15069907, 15669907, 15769907, 15269907, 15369907]","[28, 28, 28, 28, 28, 28, 28, 28, 28, 28]"
360,6,"[8, 41, 42, 43, 46]",5,1.9808453945443034,0.14286375977098942,17.216704556252807,"[15210429, 15310429, 15110429, 15010429, 15710429, 15610429, 15510429, 15410429, 15910429, 15810429]","[43, 43, 43, 43, 43, 43, 43, 43, 43, 43]"
361,6,"[11, 17, 24, 31, 43, 44]",6,2.324907940812409,0.1619468918070197,15.033897323844334,"[15760551, 15660551, 15460551, 15560551, 15160551, 15060551, 15860551, 15960551, 15260551, 15360551]","[17, 17, 17, 17, 17, 17, 17, 17, 17, 17]"
362,6,"[8, 10, 15, 17, 25, 43]",6,2.370212218724191,0.1664584269747138,15.048083264303083,"[15152399, 15052399, 15552399, 15452399, 15352399, 15252399, 15852399, 15952399, 15752399, 15652399]","[10, 10, 10, 10, 10, 10, 10, 10, 10, 10]"
363,6,"[5, 9, 30, 39, 41, 42]",6,2.3613389618694782,0.1689120139926672,15.199713836113611,"[15182683, 15082683, 15282683, 15382683, 15582683, 15482683, 15782683, 15682683, 15982683, 15882683]","[41, 41, 41, 41, 41, 41, 41, 41, 41, 41]"
364,6,"[4, 11, 13, 14, 21, 39]",6,2.2495908569544554,0.15791907347738743,13.616267264122143,"[15658292, 15758292, 15158292, 15058292, 15258292, 15358292, 15558292, 15458292, 15958292, 15858292]","[14, 14, 14, 14, 14, 14, 14, 14, 14, 14]"
365,6,"[4, 11, 15, 28, 46]",5,1.9647691436111927,0.13645944837480783,15.212957482598721,"[15191707, 15091707, 15791707, 15691707, 15591707, 15491707, 15391707, 15291707, 15991707, 15891707]","[46, 46, 46, 46, 46, 46, 46, 46, 46, 46]"
366,6,"[7, 10, 11, 17, 28, 31]",6,2.4085072902962565,0.17003898322582245,13.699177221627906,"[15454264, 15554264, 15254264, 15354264, 15654264, 15754264, 15154264, 15054264, 15954264, 15854264]","[10, 10, 10, 10, 10, 10, 10, 10, 10, 10]"
367,6,"[1, 9, 17, 19, 21, 36]",6,2.378595793619752,0.1653737435117364,14.573645269265398,"[15545684, 15445684, 15945684, 15845684, 15145684, 15045684, 15645684, 15745684, 15245684, 15345684]","[17, 17, 17, 17, 17, 17, 17, 17, 17, 17]"
368,6,"[6, 9, 14, 31, 44, 46]",6,2.279443702660501,0.15155135933309793,14.257350021973252,"[15360185, 15260185, 15660185, 15760185, 15560185, 15460185, 15060185, 15160185, 15860185, 15960185]","[46, 46, 46, 46, 46, 46, 46, 46, 46, 46]"
369,6,"[2, 8, 39, 41, 42]",5,1.9869548473507166,0.14920544065535069,15.647832233365625,"[15378330, 15278330, 15078330, 15178330, 15678330, 15778330, 15978330, 15878330, 15478330, 15578330]","[39, 39, 39, 39, 39, 39, 39, 39, 39, 39]"
370,6,"[0, 11, 30, 38, 44, 47]",6,2.319229512475431,0.16004466731101274,15.742802012478933,"[15860009, 15960009, 15460009, 15560009, 15060009, 15160009, 15660009, 15760009, 15360009, 15260009]","[47, 47, 47, 47, 47, 47, 47, 47, 47, 47]"
371,6,"[1, 11, 21, 28, 39]",5,2.000564622692764,0.1410497296601534,14.735095424391329,"[15398985, 15298985, 15098985, 15198985, 15498985, 15598985, 15998985, 15898985, 15798985, 15698985]","[28, 28, 28, 28, 28, 28, 28, 28, 28, 28]"
372,6,"[17, 24, 30, 43]",4,1.5824361238628626,0.12058500293642282,15.388138535781763,"[15022710, 15122710, 15222710, 15322710, 15722710, 15622710, 15922710, 15822710, 15522710, 15422710]","[30, 30, 30, 30, 30, 30, 30, 30, 30, 30]"
373,6,"[11, 18, 29, 41, 46]",5,1.9545638039708138,0.13353779632598162,14.31340938815847,"[15431544, 15531544, 15231544, 15331544, 15631544, 15731544, 15131544, 15031544, 15931544, 15831544]","[18, 18, 18, 18, 18, 18, 18, 18, 18, 18]"
374,6,"[1, 11, 22, 28, 39]",5,2.0094731086865067,0.1451134392991662,14.80250316299498,"[15234060, 15334060, 15134060, 15034060, 15734060, 15634060, 15534060, 15434060, 15934060, 15834060]","[28, 28, 28, 28, 28, 28, 28, 28, 28, 28]"
375,6,"[17, 30, 37, 38, 44, 45]",6,2.3312714714556932,0.1562175154685974,16.984733788451802,"[15511258, 15411258, 15911258, 15811258, 15111258, 15011258, 15211258, 15311258, 15711258, 15611258]","[37, 37, 37, 37, 37, 37, 37, 37, 37, 37]"
376,6,"[11, 14, 17, 36, 39, 47]",6,2.328314060345292,0.16070810332894325,15.6900311523738,"[15140799, 15040799, 15840799, 15940799, 15440799, 15540799, 15340799, 15240799, 15640799, 15740799]","[36, 36, 36, 36, 36, 36, 36, 36, 36, 36]"
377,6,"[1, 11, 14, 31, 43, 47]",6,2.3287551179528236,0.1611505476757884,14.765002589828024,"[15045515, 15145515, 15645515, 15745515, 15845515, 15945515, 15545515, 15445515, 15345515, 15245515]","[31, 31, 31, 31, 31, 31, 31, 31, 31, 31]"
378,6,"[11, 17, 42, 43, 45]",5,1.945091389119625,0.1370128896087408,16.786942568048836,"[15197876, 15097876, 15297876, 15397876, 15597876, 15497876, 15797876, 15697876, 15997876, 15897876]","[45, 45, 45, 45, 45, 45, 45, 45, 45, 45]"
379,6,"[1, 4, 12, 28, 39, 43]",6,2.412704317830503,0.17111844941973686,15.568225977476686,"[15962862, 15862862, 15762862, 15662862, 15062862, 15162862, 15362862, 15262862, 15462862, 15562862]","[12, 12, 12, 12, 12, 12, 12, 12, 12, 12]"
380,6,"[7, 14, 39, 43, 44, 46]",6,2.3551713479682803,0.16108035948127508,16.784284305991605,"[15863427, 15963427, 15463427, 15563427, 15063427, 15163427, 15663427, 15763427, 15363427, 15263427]","[46, 46, 46, 46, 46, 46, 46, 46, 46, 46]"
381,6,"[21, 33, 36, 42, 43, 46]",6,2.443450827151537,0.1716447789222002,17.219432938688744,"[15362048, 15262048, 15862048, 15962048, 15562048, 15462048, 15662048, 15762048, 15162048, 15062048]","[43, 43, 43, 43, 43, 43, 43, 43, 43, 43]"
382,6,"[1, 11, 14, 15, 17, 46]",6,2.3300465773791075,0.16119951661676168,14.905038064811379,"[15272933, 15372933, 15472933, 15572933, 15172933, 15072933, 15872933, 15972933, 15672933, 15772933]","[11, 11, 11, 11, 11, 11, 11, 11, 11, 11]"
383,6,"[0, 21, 24, 46]",4,1.5458980854600668,0.10742304567247629,14.860464194673114,"[15267819, 15367819, 15467819, 15567819, 15167819, 15067819, 15867819, 15967819, 15667819, 15767819]","[21, 21, 21, 21, 21, 21, 21, 21, 21, 21]"
384,6,"[11, 15, 17, 30, 31, 48]",6,2.312449073418975,0.16135513689368963,12.076250965241343,"[15092110, 15192110, 15492110, 15592110, 15992110, 15892110, 15292110, 15392110, 15792110, 15692110]","[31, 31, 31, 31, 31, 31, 31, 31, 31, 31]"
385,6,"[0, 10, 11, 24, 41, 46]",6,2.2885364489629865,0.1557807605713606,14.39961368497461,"[15218558, 15318558, 15118558, 15018558, 15718558, 15618558, 15518558, 15418558, 15918558, 15818558]","[24, 24, 24, 24, 24, 24, 24, 24, 24, 24]"
386,6,"[3, 11, 15, 17, 25, 46]",6,2.349339193664491,0.16259080730378628,14.971176872262731,"[15676049, 15776049, 15476049, 15576049, 15376049, 15276049, 15076049, 15176049, 15876049, 15976049]","[3, 3, 3, 3, 3, 3, 3, 3, 3, 3]"
387,6,"[8, 11, 21, 36, 46]",5,1.9698786176741123,0.1332698417827487,15.591308510210364,"[15912732, 15812732, 15212732, 15312732, 15412732, 15512732, 15712732, 15612732, 15012732, 15112732]","[8, 8, 8, 8, 8, 8, 8, 8, 8, 8]"
388,6,"[0, 5, 6, 27, 28]",5,2.01082606613636,0.1364016244187951,13.186277238465845,"[15113941, 15013941, 15213941, 15313941, 15513941, 15413941, 15913941, 15813941, 15713941, 15613941]","[0, 0, 0, 0, 0, 0, 0, 0, 0, 0]"
389,6,"[11, 13, 36, 41, 44, 46]",6,2.3239481830969453,0.15657755732536316,16.307047499964636,"[15629685, 15729685, 15029685, 15129685, 15229685, 15329685, 15929685, 15829685, 15429685, 15529685]","[36, 36, 36, 36, 36, 36, 36, 36, 36, 36]"
390,6,"[8, 11, 12, 33, 39, 48]",6,2.304311139509082,0.1610248563811183,12.278826744140437,"[15870471, 15970471, 15570471, 15470471, 15670471, 15770471, 15370471, 15270471, 15170471, 15070471]","[48, 48, 48, 48, 48, 48, 48, 48, 48, 48]"
391,6,"[35, 36, 38, 42, 46]",5,2.081031646579504,0.14645436871796846,23.51546157868579,"[15543673, 15443673, 15943673, 15843673, 15143673, 15043673, 15643673, 15743673, 15243673, 15343673]","[38, 38, 38, 38, 38, 38, 38, 38, 38, 38]"
392,6,"[10, 17, 19, 21, 43, 46]",6,2.351021997630596,0.1660039108246565,15.771353603883957,"[15434926, 15534926, 15234926, 15334926, 15634926, 15734926, 15134926, 15034926, 15934926, 15834926]","[17, 17, 17, 17, 17, 17, 17, 17, 17, 17]"
393,6,"[5, 6, 9, 11, 25, 38]",6,2.3944586478173733,0.161318127065897,14.308253655442968,"[15317358, 15217358, 15617358, 15717358, 15517358, 15417358, 15017358, 15117358, 15817358, 15917358]","[38, 38, 38, 38, 38, 38, 38, 38, 38, 38]"
394,6,"[11, 15, 20, 30, 43]",5,1.9167764335870743,0.13196854572743177,14.795340400096029,"[15897468, 15997468, 15297468, 15397468, 15497468, 15597468, 15097468, 15197468, 15697468, 15797468]","[43, 43, 43, 43, 43, 43, 43, 43, 43, 43]"
395,6,"[7, 11, 14, 24, 28, 46]",6,2.369812585413456,0.16090733278542757,14.622970917262137,"[15148493, 15048493, 15248493, 15348493, 15548493, 15448493, 15948493, 15848493, 15748493, 15648493]","[7, 7, 7, 7, 7, 7, 7, 7, 7, 7]"
396,6,"[0, 22, 34, 41, 42]",5,1.9783135475590825,0.14441895857453346,15.377029180340468,"[15683767, 15783767, 15483767, 15583767, 15383767, 15283767, 15083767, 15183767, 15883767, 15983767]","[0, 0, 0, 0, 0, 0, 0, 0, 0, 0]"
397,6,"[5, 6, 10, 20, 21, 36]",6,2.4326292434707284,0.16214118991047144,14.379862543505928,"[15536474, 15436474, 15136474, 15036474, 15736474, 15636474, 15336474, 15236474, 15936474, 15836474]","[6, 6, 6, 6, 6, 6, 6, 6, 6, 6]"
398,6,"[0, 5, 8, 17, 25, 41]",6,2.404024116694927,0.15867228154093027,14.24944793075944,"[15854413, 15954413, 15454413, 15554413, 15354413, 15254413, 15054413, 15154413, 15754413, 15654413]","[5, 5, 5, 5, 5, 5, 5, 5, 5, 5]"
399,6,"[1, 7, 11, 15, 44, 46]",6,2.358697723597288,0.16610052343457937,15.576564027850205,"[15700399, 15600399, 15000399, 15100399, 15200399, 15300399, 15900399, 15800399, 15400399, 15500399]","[1, 1, 1, 1, 1, 1, 1, 1, 1, 1]"
400,6,"[21, 35, 38, 40, 48]",5,2.0256936624646187,0.14198701921850443,19.28620781134814,"[15260549, 15360549, 15460549, 15560549, 15160549, 15060549, 15860549, 15960549, 15660549, 15760549]","[35, 35, 35, 35, 35, 35, 35, 35, 35, 35]"
401,6,"[11, 17, 19, 24, 26, 39]",6,2.246896986849606,0.15875942166894674,13.50441791024059,"[15128025, 15028025, 15828025, 15928025, 15428025, 15528025, 15328025, 15228025, 15628025, 15728025]","[24, 24, 24, 24, 24, 24, 24, 24, 24, 24]"
402,6,"[17, 31, 40, 41, 46]",5,1.9565971586853266,0.1381027540192008,15.895915616489948,"[15692511, 15792511, 15492511, 15592511, 15392511, 15292511, 15092511, 15192511, 15892511, 15992511]","[17, 17, 17, 17, 17, 17, 17, 17, 17, 17]"
403,6,"[11, 17, 22, 24, 41, 46]",6,2.328226024284959,0.1696738200262189,15.211389770188058,"[15573944, 15473944, 15973944, 15873944, 15173944, 15073944, 15673944, 15773944, 15273944, 15373944]","[22, 22, 22, 22, 22, 22, 22, 22, 22, 22]"
404,6,"[7, 8, 14, 39, 41, 42]",6,2.3338981941342354,0.16970873344689608,15.038735944079235,"[15301108, 15201108, 15601108, 15701108, 15501108, 15401108, 15001108, 15101108, 15801108, 15901108]","[42, 42, 42, 42, 42, 42, 42, 42, 42, 42]"
405,6,"[11, 13, 30, 31, 46]",5,1.8755531599745154,0.13178275246173143,14.017626882903278,"[15164364, 15064364, 15264364, 15364364, 15564364, 15464364, 15764364, 15664364, 15964364, 15864364]","[46, 46, 46, 46, 46, 46, 46, 46, 46, 46]"
406,6,"[11, 14, 19, 24, 39, 47]",6,2.231786391697824,0.15438205562531948,14.369450260807449,"[15759823, 15659823, 15359823, 15259823, 15559823, 15459823, 15059823, 15159823, 15859823, 15959823]","[47, 47, 47, 47, 47, 47, 47, 47, 47, 47]"
407,6,"[7, 11, 14, 22, 27]",5,1.897257313132286,0.13127864338457584,12.835854269564152,"[15558292, 15458292, 15958292, 15858292, 15158292, 15058292, 15258292, 15358292, 15758292, 15658292]","[14, 14, 14, 14, 14, 14, 14, 14, 14, 14]"
408,6,"[1, 5, 11, 23, 24, 46]",6,2.372703610919416,0.1655465243384242,14.65812673062707,"[15178222, 15078222, 15778222, 15678222, 15578222, 15478222, 15978222, 15878222, 15378222, 15278222]","[1, 1, 1, 1, 1, 1, 1, 1, 1, 1]"
409,6,"[5, 17, 31, 36, 38, 39]",6,2.457917115651071,0.16814476624131203,16.542884226112317,"[15248239, 15348239, 15448239, 15548239, 15148239, 15048239, 15848239, 15948239, 15648239, 15748239]","[17, 17, 17, 17, 17, 17, 17, 17, 17, 17]"
410,6,"[14, 29, 38, 39, 42, 46]",6,2.349057241342962,0.16974749229848385,16.03697390947491,"[15895114, 15995114, 15595114, 15495114, 15395114, 15295114, 15795114, 15695114, 15195114, 15095114]","[46, 46, 46, 46, 46, 46, 46, 46, 46, 46]"
411,6,"[8, 11, 16, 17, 37, 46]",6,2.2227355912327766,0.15862281899899244,15.19298769440502,"[15233244, 15333244, 15433244, 15533244, 15133244, 15033244, 15833244, 15933244, 15633244, 15733244]","[11, 11, 11, 11, 11, 11, 11, 11, 11, 11]"
412,6,"[0, 17, 18, 24, 37, 46]",6,2.3620851784944534,0.16894318349659443,15.199949241243303,"[15248016, 15348016, 15448016, 15548016, 15148016, 15048016, 15848016, 15948016, 15648016, 15748016]","[17, 17, 17, 17, 17, 17, 17, 17, 17, 17]"
413,6,"[17, 39, 41, 44, 45]",5,1.926607565023005,0.13461967092007399,17.10200843522325,"[15646790, 15746790, 15446790, 15546790, 15346790, 15246790, 15046790, 15146790, 15846790, 15946790]","[17, 17, 17, 17, 17, 17, 17, 17, 17, 17]"
414,6,"[11, 21, 24, 31, 32, 43]",6,2.295431329868734,0.15621175523847342,13.568436172247553,"[17423263, 17523263, 16823263, 16923263, 17223263, 17323263, 17023263, 17123263, 16623263, 16723263]","[43, 43, 43, 43, 43, 43, 43, 43, 43, 43]"
415,6,"[1, 8, 10, 11, 14, 47]",6,2.2920943181961775,0.15581910032778978,13.831813409846896,"[15824590, 15924590, 15424590, 15524590, 15024590, 15124590, 15624590, 15724590, 15324590, 15224590]","[47, 47, 47, 47, 47, 47, 47, 47, 47, 47]"
416,6,"[2, 7, 39, 42]",4,1.6472365446388721,0.11727841105312109,15.782522750669159,"[15688582, 15788582, 15488582, 15588582, 15388582, 15288582, 15088582, 15188582, 15888582, 15988582]","[2, 2, 2, 2, 2, 2, 2, 2, 2, 2]"
417,6,"[4, 5, 11, 17, 46]",5,1.98018713388592,0.13653881195932627,14.994087340962142,"[15424097, 15524097, 15224097, 15324097, 15624097, 15724097, 15124097, 15024097, 15924097, 15824097]","[5, 5, 5, 5, 5, 5, 5, 5, 5, 5]"
418,6,"[1, 21, 24, 25, 38, 46]",6,2.430643872357905,0.17640830762684345,16.074689325954143,"[15232001, 15332001, 15432001, 15532001, 15632001, 15732001, 15032001, 15132001, 15832001, 15932001]","[1, 1, 1, 1, 1, 1, 1, 1, 1, 1]"
419,6,"[5, 12, 14, 38, 39, 43]",6,2.4071402698755264,0.1660300213843584,16.53010289852197,"[15639692, 15739692, 15439692, 15539692, 15339692, 15239692, 15839692, 15939692, 15039692, 15139692]","[39, 39, 39, 39, 39, 39, 39, 39, 39, 39]"
420,6,"[14, 38, 39, 41, 46]",5,1.9505722746253014,0.13522071205079556,17.268479751516132,"[15635398, 15735398, 15135398, 15035398, 15235398, 15335398, 15535398, 15435398, 15935398, 15835398]","[41, 41, 41, 41, 41, 41, 41, 41, 41, 41]"
421,6,"[7, 14, 43, 46, 47]",5,1.9996043480932713,0.14082712028175592,16.81070336252451,"[15377336, 15277336, 15177336, 15077336, 15477336, 15577336, 15977336, 15877336, 15677336, 15777336]","[7, 7, 7, 7, 7, 7, 7, 7, 7, 7]"
422,6,"[17, 19, 43, 46, 47]",5,1.9694249089807272,0.14420370571315289,17.149255549162625,"[15771814, 15671814, 15371814, 15271814, 15171814, 15071814, 15471814, 15571814, 15971814, 15871814]","[46, 46, 46, 46, 46, 46, 46, 46, 46, 46]"
423,6,"[8, 11, 14, 29, 42, 46]",6,2.278811785392463,0.16034110635519028,13.883467452833429,"[15279703, 15379703, 15479703, 15579703, 15179703, 15079703, 15879703, 15979703, 15679703, 15779703]","[11, 11, 11, 11, 11, 11, 11, 11, 11, 11]"
424,6,"[0, 7, 11, 30, 46]",5,1.9198433859273791,0.131136791780591,14.220259584113956,"[15235027, 15335027, 15435027, 15535027, 15635027, 15735027, 15035027, 15135027, 15835027, 15935027]","[0, 0, 0, 0, 0, 0, 0, 0, 0, 0]"
425,6,"[1, 5, 17, 39, 41, 46]",6,2.4344892306253314,0.1744801076129079,16.26698880052815,"[15857756, 15957756, 15557756, 15457756, 15357756, 15257756, 15757756, 15657756, 15157756, 15057756]","[46, 46, 46, 46, 46, 46, 46, 46, 46, 46]"
426,6,"[1, 2, 11, 42, 45, 46]",6,2.3819146938622,0.1673750700429082,16.22994548167723,"[15138977, 15038977, 15838977, 15938977, 15438977, 15538977, 15638977, 15738977, 15238977, 15338977]","[42, 42, 42, 42, 42, 42, 42, 42, 42, 42]"
427,6,"[14, 15, 17, 36, 42, 43]",6,2.431430920958519,0.17006267234683037,16.581117008812726,"[15754604, 15654604, 15354604, 15254604, 15554604, 15454604, 15054604, 15154604, 15854604, 15954604]","[43, 43, 43, 43, 43, 43, 43, 43, 43, 43]"
428,6,"[11, 21, 23, 27, 38]",5,1.8973556077107787,0.13097889814525843,14.325069321878255,"[15418375, 15518375, 15218375, 15318375, 15618375, 15718375, 15118375, 15018375, 15918375, 15818375]","[21, 21, 21, 21, 21, 21, 21, 21, 21, 21]"
429,6,"[5, 22, 25, 38, 46, 47]",6,2.487850032746792,0.16774249263107777,17.09530526213348,"[15561489, 15461489, 15361489, 15261489, 15161489, 15061489, 15661489, 15761489, 15861489, 15961489]","[5, 5, 5, 5, 5, 5, 5, 5, 5, 5]"
430,6,"[9, 11, 17, 28, 37, 47]",6,2.323172320611775,0.15899043809622526,14.858219313978529,"[15377223, 15277223, 15177223, 15077223, 15477223, 15577223, 15677223, 15777223, 15977223, 15877223]","[37, 37, 37, 37, 37, 37, 37, 37, 37, 37]"
431,6,"[8, 10, 17, 42, 43]",5,1.9819095069542527,0.13677434250712395,15.694983165804297,"[15712732, 15612732, 15012732, 15112732, 15212732, 15312732, 15912732, 15812732, 15412732, 15512732]","[8, 8, 8, 8, 8, 8, 8, 8, 8, 8]"
432,6,"[4, 11, 21, 31, 46]",5,1.9002155987545848,0.13248872570693493,14.115790118370205,"[15189672, 15089672, 15289672, 15389672, 15589672, 15489672, 15789672, 15689672, 15989672, 15889672]","[46, 46, 46, 46, 46, 46, 46, 46, 46, 46]"
433,6,"[11, 25, 30, 36, 39, 47]",6,2.3524769051000476,0.1606063563376665,15.57608768514668,"[15359823, 15259823, 15659823, 15759823, 15559823, 15459823, 15059823, 15159823, 15859823, 15959823]","[47, 47, 47, 47, 47, 47, 47, 47, 47, 47]"
434,6,"[1, 11, 42, 44, 46]",5,1.9700140478089452,0.14002479892224073,16.31393910450861,"[15657756, 15757756, 15457756, 15557756, 15357756, 15257756, 15857756, 15957756, 15057756, 15157756]","[46, 46, 46, 46, 46, 46, 46, 46, 46, 46]"
435,6,"[15, 17, 25, 42, 43]",5,2.016021030023694,0.14679701160639524,16.407172121386974,"[15620702, 15720702, 15420702, 15520702, 15320702, 15220702, 15820702, 15920702, 15020702, 15120702]","[43, 43, 43, 43, 43, 43, 43, 43, 43, 43]"
436,6,"[1, 6, 10, 37, 39, 47]",6,2.3019653353840113,0.16012653056532145,14.929495304046819,"[15619768, 15719768, 15419768, 15519768, 15319768, 15219768, 15819768, 15919768, 15019768, 15119768]","[39, 39, 39, 39, 39, 39, 39, 39, 39, 39]"
437,6,"[11, 17, 39, 44, 47]",5,1.9211128633469343,0.13698328007012606,16.125128869991748,"[15116724, 15016724, 15216724, 15316724, 15516724, 15416724, 15916724, 15816724, 15716724, 15616724]","[11, 11, 11, 11, 11, 11, 11, 11, 11, 11]"
438,6,"[1, 14, 17, 37, 46]",5,1.927462344057858,0.13876641727983952,15.427592449821532,"[15611258, 15711258, 15111258, 15011258, 15211258, 15311258, 15511258, 15411258, 15911258, 15811258]","[37, 37, 37, 37, 37, 37, 37, 37, 37, 37]"
439,6,"[8, 11, 17, 39, 43, 44]",6,2.3137216540053487,0.16392361093312502,15.829564676076794,"[15578252, 15478252, 15178252, 15078252, 15778252, 15678252, 15378252, 15278252, 15978252, 15878252]","[11, 11, 11, 11, 11, 11, 11, 11, 11, 11]"
440,6,"[7, 10, 11, 28, 35, 42]",6,2.435253383591771,0.16993950121104717,18.840875537445147,"[15431314, 15531314, 15931314, 15831314, 15331314, 15231314, 15731314, 15631314, 15131314, 15031314]","[11, 11, 11, 11, 11, 11, 11, 11, 11, 11]"
441,6,"[4, 14, 21, 22, 28, 44]",6,2.3771300483494997,0.16471144929528236,14.61291728533494,"[15567819, 15467819, 15967819, 15867819, 15167819, 15067819, 15267819, 15367819, 15767819, 15667819]","[21, 21, 21, 21, 21, 21, 21, 21, 21, 21]"
442,6,"[4, 5, 11, 22, 43]",5,1.9959816355258226,0.14081597607582808,14.827482093963772,"[15579703, 15479703, 15979703, 15879703, 15179703, 15079703, 15679703, 15779703, 15279703, 15379703]","[11, 11, 11, 11, 11, 11, 11, 11, 11, 11]"
443,6,"[8, 11, 21, 39, 46, 47]",6,2.3005241565406322,0.16063613817095757,15.737751623382792,"[15179703, 15079703, 15479703, 15579703, 15979703, 15879703, 15679703, 15779703, 15279703, 15379703]","[11, 11, 11, 11, 11, 11, 11, 11, 11, 11]"
444,6,"[5, 11, 25, 30, 31, 43]",6,2.3954573161900043,0.16191028244793415,14.316749323625118,"[15118688, 15018688, 15818688, 15918688, 15418688, 15518688, 15318688, 15218688, 15618688, 15718688]","[30, 30, 30, 30, 30, 30, 30, 30, 30, 30]"
445,6,"[11, 12, 31, 36, 38, 46]",6,2.3691322719678283,0.16535294242203236,16.240301692392677,"[15547739, 15447739, 15947739, 15847739, 15147739, 15047739, 15247739, 15347739, 15747739, 15647739]","[31, 31, 31, 31, 31, 31, 31, 31, 31, 31]"
446,6,"[11, 14, 39, 46, 48]",5,1.8951059682294726,0.13524650316685438,13.164534927159547,"[15127866, 15027866, 15227866, 15327866, 15527866, 15427866, 15927866, 15827866, 15727866, 15627866]","[11, 11, 11, 11, 11, 11, 11, 11, 11, 11]"
447,6,"[10, 14, 17, 43, 46]",5,1.9523892225697637,0.13237061258405447,16.009649039432407,"[15154264, 15054264, 15254264, 15354264, 15554264, 15454264, 15954264, 15854264, 15754264, 15654264]","[10, 10, 10, 10, 10, 10, 10, 10, 10, 10]"
448,6,"[5, 14, 19, 24, 41, 46]",6,2.327185245230794,0.1675773812457919,14.952473265972609,"[15163272, 15063272, 15263272, 15363272, 15563272, 15463272, 15763272, 15663272, 15963272, 15863272]","[41, 41, 41, 41, 41, 41, 41, 41, 41, 41]"
449,6,"[6, 17, 21, 31, 44, 46]",6,2.3554340107366443,0.1657238584011793,15.098658763803542,"[15684887, 15784887, 15484887, 15584887, 15384887, 15284887, 15884887, 15984887, 15084887, 15184887]","[44, 44, 44, 44, 44, 44, 44, 44, 44, 44]"
450,6,"[7, 11, 20, 29, 31, 48]",6,2.318764287047088,0.16405507642775774,10.688338859394813,"[15605377, 15705377, 15005377, 15105377, 15405377, 15505377, 15205377, 15305377, 15805377, 15905377]","[48, 48, 48, 48, 48, 48, 48, 48, 48, 48]"
451,6,"[10, 11, 30, 31, 44, 47]",6,2.28142992220819,0.1559835597872734,14.368180502128476,"[15783642, 15683642, 15583642, 15483642, 15083642, 15183642, 15883642, 15983642, 15283642, 15383642]","[44, 44, 44, 44, 44, 44, 44, 44, 44, 44]"
452,6,"[15, 17, 21, 28, 46]",5,2.0336541989818215,0.14254037849605083,16.162447901722043,"[15745684, 15645684, 15445684, 15545684, 15145684, 15045684, 15845684, 15945684, 15245684, 15345684]","[17, 17, 17, 17, 17, 17, 17, 17, 17, 17]"
453,6,"[11, 20, 22, 43, 44]",5,1.944139595143497,0.13576235249638557,15.520473239198328,"[15156065, 15056065, 15856065, 15956065, 15456065, 15556065, 15656065, 15756065, 15256065, 15356065]","[43, 43, 43, 43, 43, 43, 43, 43, 43, 43]"
454,6,"[11, 16, 37, 43, 46]",5,1.8515700520947576,0.1254790062084794,16.504347034543752,"[15964217, 15864217, 15764217, 15664217, 15064217, 15164217, 15364217, 15264217, 15464217, 15564217]","[37, 37, 37, 37, 37, 37, 37, 37, 37, 37]"
455,6,"[11, 39, 44, 46, 47]",5,1.9162959726527333,0.1353391306474805,17.01130367834121,"[15131946, 15031946, 15831946, 15931946, 15431946, 15531946, 15631946, 15731946, 15231946, 15331946]","[46, 46, 46, 46, 46, 46, 46, 46, 46, 46]"
456,6,"[14, 28, 36, 40, 43, 47]",6,2.442323395051062,0.16601622477173805,16.954564466063555,"[15287039, 15387039, 15487039, 15587039, 15187039, 15087039, 15887039, 15987039, 15687039, 15787039]","[28, 28, 28, 28, 28, 28, 28, 28, 28, 28]"
457,6,"[0, 11, 14, 24, 47]",5,1.8623898969963193,0.13321558572351933,13.67414942290634,"[15755616, 15655616, 15555616, 15455616, 15055616, 15155616, 15255616, 15355616, 15855616, 15955616]","[0, 0, 0, 0, 0, 0, 0, 0, 0, 0]"
458,6,"[1, 5, 17, 21, 34]",5,2.051617887802422,0.14655478112399578,15.085732970479876,"[15145078, 15045078, 15545078, 15445078, 15345078, 15245078, 15845078, 15945078, 15745078, 15645078]","[5, 5, 5, 5, 5, 5, 5, 5, 5, 5]"
459,6,"[11, 37, 42, 44, 46]",5,1.9087184108793736,0.13500374276190996,16.556987558305263,"[15279703, 15379703, 15479703, 15579703, 15679703, 15779703, 15079703, 15179703, 15879703, 15979703]","[11, 11, 11, 11, 11, 11, 11, 11, 11, 11]"
460,6,"[0, 13, 21, 38, 46, 47]",6,2.3424004642292857,0.16116409562528133,16.398932153514277,"[15142349, 15042349, 15842349, 15942349, 15442349, 15542349, 15342349, 15242349, 15642349, 15742349]","[38, 38, 38, 38, 38, 38, 38, 38, 38, 38]"
461,6,"[11, 29, 31, 32, 44]",5,1.8647380704060197,0.13098110351711512,12.056896429881453,"[15719271, 15619271, 15519271, 15419271, 15019271, 15119271, 15219271, 15319271, 15819271, 15919271]","[11, 11, 11, 11, 11, 11, 11, 11, 11, 11]"
462,6,"[10, 17, 29, 30, 39, 44]",6,2.309261961840093,0.16153612453490496,14.10918565055666,"[15673566, 15773566, 15173566, 15073566, 15273566, 15373566, 15573566, 15473566, 15973566, 15873566]","[30, 30, 30, 30, 30, 30, 30, 30, 30, 30]"
463,6,"[0, 10, 15, 17, 20, 21]",6,2.3032638067379594,0.161494517698884,13.91654064001826,"[15232082, 15332082, 15432082, 15532082, 15132082, 15032082, 15832082, 15932082, 15632082, 15732082]","[10, 10, 10, 10, 10, 10, 10, 10, 10, 10]"
464,6,"[3, 10, 11, 15, 21, 31]",6,2.2856693901121616,0.1605654126033187,13.318569247766087,"[15176049, 15076049, 15276049, 15376049, 15576049, 15476049, 15976049, 15876049, 15776049, 15676049]","[3, 3, 3, 3, 3, 3, 3, 3, 3, 3]"
465,6,"[5, 11, 14, 41, 46]",5,1.9446957549080253,0.14269887562841177,15.12375615220517,"[15675073, 15775073, 15475073, 15575073, 15375073, 15275073, 15075073, 15175073, 15875073, 15975073]","[5, 5, 5, 5, 5, 5, 5, 5, 5, 5]"
466,6,"[14, 17, 37, 39, 44, 46]",6,2.271962190978229,0.1643295418471098,16.305615730195615,"[15752592, 15652592, 15552592, 15452592, 15052592, 15152592, 15852592, 15952592, 15252592, 15352592]","[44, 44, 44, 44, 44, 44, 44, 44, 44, 44]"
467,6,"[9, 22, 33, 46]",4,1.5589063996449113,0.11101449560374022,14.876016605645418,"[15157267, 15057267, 15257267, 15357267, 15557267, 15457267, 15957267, 15857267, 15757267, 15657267]","[9, 9, 9, 9, 9, 9, 9, 9, 9, 9]"
468,6,"[17, 24, 27, 39, 41, 46]",6,2.292877299711108,0.16753341536968946,15.44685286648261,"[15724286, 15624286, 15324286, 15224286, 15524286, 15424286, 15024286, 15124286, 15824286, 15924286]","[46, 46, 46, 46, 46, 46, 46, 46, 46, 46]"
469,6,"[7, 11, 27, 28, 30, 37]",6,2.3111403631046414,0.15540226828306913,13.629258460287625,"[15668318, 15768318, 15468318, 15568318, 15368318, 15268318, 15868318, 15968318, 15068318, 15168318]","[30, 30, 30, 30, 30, 30, 30, 30, 30, 30]"
470,6,"[11, 17, 41, 43, 46]",5,1.9515482177957892,0.13993067480623722,16.58372995108366,"[15679703, 15779703, 15479703, 15579703, 15379703, 15279703, 15079703, 15179703, 15879703, 15979703]","[11, 11, 11, 11, 11, 11, 11, 11, 11, 11]"
471,6,"[11, 17, 30, 31, 37, 43]",6,2.283438946120441,0.15664741955697536,14.594854352452481,"[15720702, 15620702, 15320702, 15220702, 15520702, 15420702, 15020702, 15120702, 15820702, 15920702]","[43, 43, 43, 43, 43, 43, 43, 43, 43, 43]"
472,6,"[10, 13, 20, 41, 47]",5,1.9003485422581434,0.13510166760534048,14.77293445104733,"[15002480, 15102480, 15402480, 15502480, 15902480, 15802480, 15702480, 15602480, 15202480, 15302480]","[10, 10, 10, 10, 10, 10, 10, 10, 10, 10]"
473,6,"[1, 4, 19, 30, 31, 33]",6,2.2953519904986024,0.16063181310892105,12.985211211644733,"[15673927, 15773927, 15473927, 15573927, 15373927, 15273927, 15873927, 15973927, 15073927, 15173927]","[31, 31, 31, 31, 31, 31, 31, 31, 31, 31]"
474,6,"[9, 10, 31, 35, 46, 47]",6,2.3307444993406534,0.15696233697235584,19.19001708428065,"[15189672, 15089672, 15289672, 15389672, 15589672, 15489672, 15789672, 15689672, 15989672, 15889672]","[46, 46, 46, 46, 46, 46, 46, 46, 46, 46]"
475,6,"[11, 17, 37, 39, 42]",5,1.8983684638515115,0.13076628930866718,15.523169558215887,"[15107450, 15007450, 15207450, 15307450, 15507450, 15407450, 15707450, 15607450, 15907450, 15807450]","[42, 42, 42, 42, 42, 42, 42, 42, 42, 42]"
476,6,"[4, 8, 28, 44, 46]",5,1.986623172648251,0.1330306800082326,15.828183543123306,"[15572947, 15472947, 15972947, 15872947, 15172947, 15072947, 15672947, 15772947, 15272947, 15372947]","[28, 28, 28, 28, 28, 28, 28, 28, 28, 28]"
477,6,"[12, 36, 41, 42, 43]",5,2.019226006232202,0.14134912565350533,17.222777749225497,"[15017403, 15117403, 15317403, 15217403, 15717403, 15617403, 15817403, 15917403, 15517403, 15417403]","[36, 36, 36, 36, 36, 36, 36, 36, 36, 36]"
478,6,"[0, 11, 25, 30, 31, 38]",6,2.310361832380295,0.15846224501729012,14.019872323221838,"[15112150, 15012150, 15712150, 15612150, 15512150, 15412150, 15912150, 15812150, 15312150, 15212150]","[0, 0, 0, 0, 0, 0, 0, 0, 0, 0]"
479,6,"[0, 8, 9, 11, 31, 43]",6,2.252539820037782,0.15514526050537825,13.449488430206353,"[15297468, 15397468, 15597468, 15497468, 15997468, 15897468, 15197468, 15097468, 15697468, 15797468]","[43, 43, 43, 43, 43, 43, 43, 43, 43, 43]"
480,6,"[1, 5, 7, 21, 39, 40]",6,2.4424791680648923,0.1708972854539752,15.192571921506897,"[17341983, 17241983, 16941983, 16841983, 17541983, 17441983, 16741983, 16641983, 17041983, 17141983]","[7, 7, 7, 7, 7, 7, 7, 7, 7, 7]"
481,6,"[7, 11, 25, 42, 46, 47]",6,2.3888234607875347,0.16981219593435526,15.940317165261755,"[15333195, 15233195, 15133195, 15033195, 15433195, 15533195, 15633195, 15733195, 15933195, 15833195]","[46, 46, 46, 46, 46, 46, 46, 46, 46, 46]"
482,6,"[7, 11, 17, 32, 42, 43]",6,2.3596079852432013,0.16839174088090658,14.801550753492242,"[15155904, 15055904, 15255904, 15355904, 15555904, 15455904, 15955904, 15855904, 15755904, 15655904]","[7, 7, 7, 7, 7, 7, 7, 7, 7, 7]"
483,6,"[1, 5, 6, 10, 30, 42]",6,2.424942757934332,0.16340392362326384,14.133814677673703,"[15539893, 15439893, 15939893, 15839893, 15139893, 15039893, 15239893, 15339893, 15739893, 15639893]","[6, 6, 6, 6, 6, 6, 6, 6, 6, 6]"
484,6,"[4, 6, 11, 14, 39, 46]",6,2.2501226468011737,0.1516792718321085,14.28507841921722,"[15114021, 15014021, 15214021, 15314021, 15514021, 15414021, 15914021, 15814021, 15714021, 15614021]","[4, 4, 4, 4, 4, 4, 4, 4, 4, 4]"
485,6,"[1, 11, 17, 24, 43, 46]",6,2.3687217887490988,0.1699567213654518,15.744164228516942,"[15120702, 15020702, 15220702, 15320702, 15520702, 15420702, 15720702, 15620702, 15920702, 15820702]","[43, 43, 43, 43, 43, 43, 43, 43, 43, 43]"
486,6,"[14, 20, 21, 29, 34, 45]",6,2.2705673975870013,0.1597970351576805,14.0279753858534,"[15642501, 15742501, 15042501, 15142501, 15442501, 15542501, 15242501, 15342501, 15842501, 15942501]","[45, 45, 45, 45, 45, 45, 45, 45, 45, 45]"
487,6,"[11, 24, 34, 39, 47]",5,1.8982986863702536,0.13184055965393782,15.490614817664028,"[15663517, 15763517, 15463517, 15563517, 15363517, 15263517, 15863517, 15963517, 15063517, 15163517]","[47, 47, 47, 47, 47, 47, 47, 47, 47, 47]"
488,6,"[11, 14, 36, 38, 42]",5,1.9853916075080633,0.14378085546195507,16.420656475331633,"[15154881, 15054881, 15754881, 15654881, 15554881, 15454881, 15354881, 15254881, 15954881, 15854881]","[42, 42, 42, 42, 42, 42, 42, 42, 42, 42]"
489,6,"[11, 14, 29, 32, 33, 34]",6,2.224898890592158,0.15805980656296015,12.132502586425593,"[15112636, 15012636, 15512636, 15412636, 15312636, 15212636, 15812636, 15912636, 15712636, 15612636]","[14, 14, 14, 14, 14, 14, 14, 14, 14, 14]"
490,6,"[3, 11, 13, 22, 38, 43]",6,2.3546736761927605,0.16140880715101957,15.609628527037179,"[15711273, 15611273, 15411273, 15511273, 15111273, 15011273, 15811273, 15911273, 15211273, 15311273]","[11, 11, 11, 11, 11, 11, 11, 11, 11, 11]"
491,6,"[1, 20, 22, 25, 36, 42]",6,2.4538182355463505,0.17540612630546093,15.435114263246456,"[15738977, 15638977, 15338977, 15238977, 15538977, 15438977, 15038977, 15138977, 15838977, 15938977]","[42, 42, 42, 42, 42, 42, 42, 42, 42, 42]"
492,6,"[19, 20, 22, 36, 43]",5,1.9894619509577751,0.13643120881170034,15.864199317619205,"[15154604, 15054604, 15254604, 15354604, 15554604, 15454604, 15754604, 15654604, 15954604, 15854604]","[43, 43, 43, 43, 43, 43, 43, 43, 43, 43]"
493,6,"[11, 39, 42, 43, 47]",5,1.9544269125908613,0.14832858182489872,16.95656109871343,"[15479306, 15579306, 15879306, 15979306, 15079306, 15179306, 15679306, 15779306, 15379306, 15279306]","[39, 39, 39, 39, 39, 39, 39, 39, 39, 39]"
494,6,"[5, 10, 12, 22, 31, 41]",6,2.3741960311308503,0.16238474287092686,14.077704867968956,"[15443691, 15543691, 15243691, 15343691, 15843691, 15943691, 15043691, 15143691, 15643691, 15743691]","[5, 5, 5, 5, 5, 5, 5, 5, 5, 5]"
495,6,"[10, 11, 42, 46, 47]",5,1.9442055374383926,0.13606390822678804,16.141906806919724,"[15136340, 15036340, 15736340, 15636340, 15536340, 15436340, 15336340, 15236340, 15936340, 15836340]","[47, 47, 47, 47, 47, 47, 47, 47, 47, 47]"
496,6,"[11, 31, 38, 39, 42, 46]",6,2.343460513278842,0.16220946609973907,16.573029434696462,"[15678758, 15778758, 15178758, 15078758, 15278758, 15378758, 15578758, 15478758, 15978758, 15878758]","[39, 39, 39, 39, 39, 39, 39, 39, 39, 39]"
497,6,"[0, 14, 24, 25, 39, 43]",6,2.304118095897138,0.1713180234655738,14.761325787597647,"[15573867, 15473867, 15973867, 15873867, 15173867, 15073867, 15673867, 15773867, 15273867, 15373867]","[24, 24, 24, 24, 24, 24, 24, 24, 24, 24]"
498,6,"[12, 15, 19, 22, 36, 38]",6,2.38233011495322,0.169652683660388,16.107797965096932,"[15737582, 15637582, 15037582, 15137582, 15237582, 15337582, 15937582, 15837582, 15437582, 15537582]","[12, 12, 12, 12, 12, 12, 12, 12, 12, 12]"
499,6,"[0, 7, 21, 28, 46, 47]",6,2.423245133832097,0.1624815696850419,15.705659265241897,"[15135027, 15035027, 15235027, 15335027, 15535027, 15435027, 15935027, 15835027, 15735027, 15635027]","[0, 0, 0, 0, 0, 0, 0, 0, 0, 0]"
500,6,"[11, 29, 30, 39, 47]",5,1.8901330353692174,0.13367955200374126,13.805150582268833,"[15661033, 15761033, 15461033, 15561033, 15361033, 15261033, 15861033, 15961033, 15061033, 15161033]","[47, 47, 47, 47, 47, 47, 47, 47, 47, 47]"
501,6,"[3, 12, 15, 20, 21, 40]",6,2.3292139945551753,0.1696395380422473,14.459227522369474,"[15633554, 15733554, 15033554, 15133554, 15233554, 15333554, 15933554, 15833554, 15433554, 15533554]","[15, 15, 15, 15, 15, 15, 15, 15, 15, 15]"
502,6,"[11, 15, 21, 37, 43, 44]",6,2.2873582784086466,0.15930099226534367,15.806291123852134,"[15371773, 15271773, 15171773, 15071773, 15471773, 15571773, 15971773, 15871773, 15671773, 15771773]","[11, 11, 11, 11, 11, 11, 11, 11, 11, 11]"
503,6,"[9, 10, 14, 17, 38, 46]",6,2.3336492478847504,0.16460291855037212,15.563942263058076,"[15558292, 15458292, 15958292, 15858292, 15158292, 15058292, 15258292, 15358292, 15758292, 15658292]","[14, 14, 14, 14, 14, 14, 14, 14, 14, 14]"
504,6,"[10, 17, 21, 38, 42]",5,2.0203283270820975,0.14151102490723133,16.20959931006655,"[15068412, 15168412, 15468412, 15568412, 15968412, 15868412, 15268412, 15368412, 15768412, 15668412]","[42, 42, 42, 42, 42, 42, 42, 42, 42, 42]"
505,6,"[11, 21, 22, 24, 36, 47]",6,2.3771768053993583,0.15787985268980265,15.249845978493491,"[15529273, 15429273, 15929273, 15829273, 15129273, 15029273, 15229273, 15329273, 15729273, 15629273]","[22, 22, 22, 22, 22, 22, 22, 22, 22, 22]"
506,6,"[11, 17, 21, 30, 44, 46]",6,2.32392362318933,0.16103554517030716,15.402760395314544,"[15185761, 15085761, 15285761, 15385761, 15585761, 15485761, 15785761, 15685761, 15985761, 15885761]","[44, 44, 44, 44, 44, 44, 44, 44, 44, 44]"
507,6,"[9, 11, 17, 24, 43, 44]",6,2.3069331981241703,0.16656940057873726,15.058755706452454,"[15209400, 15309400, 15509400, 15409400, 15909400, 15809400, 15709400, 15609400, 15109400, 15009400]","[11, 11, 11, 11, 11, 11, 11, 11, 11, 11]"
508,6,"[2, 22, 42, 43, 46]",5,2.0699805887416005,0.15167016722261906,17.200270752608777,"[15751080, 15651080, 15351080, 15251080, 15951080, 15851080, 15551080, 15451080, 15051080, 15151080]","[2, 2, 2, 2, 2, 2, 2, 2, 2, 2]"
509,6,"[11, 27, 39, 43, 44, 46]",6,2.2863900382071733,0.15936697274446487,16.245346472288173,"[15507371, 15407371, 15907371, 15807371, 15107371, 15007371, 15207371, 15307371, 15707371, 15607371]","[39, 39, 39, 39, 39, 39, 39, 39, 39, 39]"
510,6,"[1, 2, 11, 17, 19, 45]",6,2.3375171087682247,0.16065454110503197,14.687921542053422,"[15153520, 15053520, 15253520, 15353520, 15553520, 15453520, 15953520, 15853520, 15753520, 15653520]","[1, 1, 1, 1, 1, 1, 1, 1, 1, 1]"
511,6,"[5, 10, 12, 22, 30]",5,1.9972725370898843,0.14118325430899858,13.939371792878955,"[15900329, 15800329, 15200329, 15300329, 15400329, 15500329, 15600329, 15700329, 15000329, 15100329]","[5, 5, 5, 5, 5, 5, 5, 5, 5, 5]"
512,6,"[11, 17, 20, 21, 28, 31]",6,2.363167317584157,0.1613730899989605,13.82608741762427,"[15590489, 15490489, 15190489, 15090489, 15390489, 15290489, 15790489, 15690489, 15890489, 15990489]","[20, 20, 20, 20, 20, 20, 20, 20, 20, 20]"
513,6,"[1, 7, 11, 15, 24, 44]",6,2.3493174631148577,0.17334797512739897,14.526586072131371,"[15318344, 15218344, 15018344, 15118344, 15618344, 15718344, 15918344, 15818344, 15418344, 15518344]","[11, 11, 11, 11, 11, 11, 11, 11, 11, 11]"
514,6,"[4, 10, 21, 28, 46, 47]",6,2.395397577434778,0.16238823719322681,15.623762580022836,"[15777696, 15677696, 15577696, 15477696, 15077696, 15177696, 15877696, 15977696, 15277696, 15377696]","[46, 46, 46, 46, 46, 46, 46, 46, 46, 46]"
515,6,"[0, 17, 38, 41, 42, 44]",6,2.3631085753440857,0.16834263689815998,16.64899411937222,"[15173977, 15073977, 15873977, 15973977, 15473977, 15573977, 15373977, 15273977, 15673977, 15773977]","[41, 41, 41, 41, 41, 41, 41, 41, 41, 41]"
516,6,"[11, 14, 21, 30, 36, 47]",6,2.328542205505073,0.1637165043503046,14.860640571685508,"[15236407, 15336407, 15436407, 15536407, 15136407, 15036407, 15836407, 15936407, 15636407, 15736407]","[14, 14, 14, 14, 14, 14, 14, 14, 14, 14]"
517,6,"[10, 14, 22, 41, 42, 43]",6,2.352697587572038,0.1767560187727213,15.55354344813774,"[15254264, 15354264, 15454264, 15554264, 15654264, 15754264, 15054264, 15154264, 15854264, 15954264]","[10, 10, 10, 10, 10, 10, 10, 10, 10, 10]"
518,6,"[11, 12, 15, 42]",4,1.5435510594397783,0.11196010280400515,14.806222267216071,"[15107295, 15007295, 15807295, 15907295, 15407295, 15507295, 15307295, 15207295, 15607295, 15707295]","[42, 42, 42, 42, 42, 42, 42, 42, 42, 42]"
519,6,"[7, 11, 15, 21, 37, 43]",6,2.316482520662248,0.16769187618047,15.162925458202759,"[15313295, 15213295, 15113295, 15013295, 15413295, 15513295, 15913295, 15813295, 15613295, 15713295]","[7, 7, 7, 7, 7, 7, 7, 7, 7, 7]"
520,6,"[1, 8, 11, 29, 37, 45]",6,2.2511204639449716,0.15427531767636538,13.718981521048894,"[15111258, 15011258, 15211258, 15311258, 15511258, 15411258, 15711258, 15611258, 15911258, 15811258]","[37, 37, 37, 37, 37, 37, 37, 37, 37, 37]"
521,6,"[11, 42, 44, 46, 47]",5,1.9504929250106215,0.13596024829894304,17.1226477262564,"[15538341, 15438341, 15938341, 15838341, 15138341, 15038341, 15638341, 15738341, 15238341, 15338341]","[44, 44, 44, 44, 44, 44, 44, 44, 44, 44]"
522,6,"[3, 4, 7, 15, 20, 30]",6,2.3300573667511344,0.1694435365498066,13.658673060902705,"[15703114, 15603114, 15403114, 15503114, 15803114, 15903114, 15203114, 15303114, 15103114, 15003114]","[15, 15, 15, 15, 15, 15, 15, 15, 15, 15]"
523,6,"[14, 21, 25, 32, 37, 44]",6,2.2637784453108907,0.15803547017276287,13.989829877624288,"[15305066, 15205066, 15605066, 15705066, 15505066, 15405066, 15005066, 15105066, 15805066, 15905066]","[44, 44, 44, 44, 44, 44, 44, 44, 44, 44]"
524,6,"[7, 20, 41, 45, 47, 48]",6,2.3462263625115156,0.1563426759094,14.223441832310831,"[15875175, 15975175, 15575175, 15475175, 15675175, 15775175, 15375175, 15275175, 15175175, 15075175]","[48, 48, 48, 48, 48, 48, 48, 48, 48, 48]"
525,6,"[8, 17, 36, 37, 41, 46]",6,2.3459660029038787,0.16144809406250715,16.401616104878485,"[15712732, 15612732, 15312732, 15212732, 15912732, 15812732, 15512732, 15412732, 15012732, 15112732]","[8, 8, 8, 8, 8, 8, 8, 8, 8, 8]"
526,6,"[0, 11, 32, 38, 44, 46]",6,2.2849448611959815,0.16309269331395626,15.474619606199363,"[15112150, 15012150, 15212150, 15312150, 15512150, 15412150, 15912150, 15812150, 15712150, 15612150]","[0, 0, 0, 0, 0, 0, 0, 0, 0, 0]"
527,6,"[8, 11, 17, 21, 45]",5,1.8977934010326862,0.13163691945374012,14.769878913648427,"[15383579, 15283579, 15083579, 15183579, 15483579, 15583579, 15983579, 15883579, 15783579, 15683579]","[21, 21, 21, 21, 21, 21, 21, 21, 21, 21]"
528,6,"[1, 8, 11, 21, 37, 39]",6,2.27564481087029,0.16264128871262074,14.347592127121365,"[15312732, 15212732, 15812732, 15912732, 15712732, 15612732, 15412732, 15512732, 15112732, 15012732]","[8, 8, 8, 8, 8, 8, 8, 8, 8, 8]"
529,6,"[16, 17, 30, 46, 47]",5,1.9105316335335374,0.13548078294843435,16.40886736428365,"[15975694, 15875694, 15775694, 15675694, 15075694, 15175694, 15375694, 15275694, 15475694, 15575694]","[30, 30, 30, 30, 30, 30, 30, 30, 30, 30]"
530,6,"[10, 11, 30, 35, 36, 42]",6,2.385809840634465,0.16451246291399002,19.191539706119027,"[15728324, 15628324, 15328324, 15228324, 15528324, 15428324, 15028324, 15128324, 15828324, 15928324]","[42, 42, 42, 42, 42, 42, 42, 42, 42, 42]"
531,6,"[5, 11, 41, 42, 46, 47]",6,2.3940600156784058,0.16599780414253473,16.509922590805218,"[15661489, 15761489, 15461489, 15561489, 15361489, 15261489, 15061489, 15161489, 15861489, 15961489]","[5, 5, 5, 5, 5, 5, 5, 5, 5, 5]"
532,6,"[11, 15, 17, 36, 39, 44]",6,2.3373464150354266,0.16069034673273563,16.135167559531208,"[15895266, 15995266, 15495266, 15595266, 15095266, 15195266, 15695266, 15795266, 15395266, 15295266]","[44, 44, 44, 44, 44, 44, 44, 44, 44, 44]"
533,6,"[0, 4, 7, 11, 24, 43]",6,2.3143382724374533,0.1607768228277564,13.977549870498478,"[15399262, 15299262, 15699262, 15799262, 15599262, 15499262, 15099262, 15199262, 15899262, 15999262]","[43, 43, 43, 43, 43, 43, 43, 43, 43, 43]"
534,6,"[1, 11, 17, 37, 47]",5,1.923120992258191,0.13820491544902325,15.072304173558951,"[15604416, 15704416, 15404416, 15504416, 15304416, 15204416, 15804416, 15904416, 15004416, 15104416]","[47, 47, 47, 47, 47, 47, 47, 47, 47, 47]"
535,6,"[0, 8, 11, 17, 36, 46]",6,2.3261362854391336,0.1689782841131091,15.182961507933214,"[15070621, 15170621, 15670621, 15770621, 15870621, 15970621, 15570621, 15470621, 15370621, 15270621]","[17, 17, 17, 17, 17, 17, 17, 17, 17, 17]"
536,6,"[4, 12, 17, 31, 46, 47]",6,2.3237271839752793,0.16152590699493885,15.269762120442465,"[15004968, 15104968, 15404968, 15504968, 15904968, 15804968, 15704968, 15604968, 15204968, 15304968]","[4, 4, 4, 4, 4, 4, 4, 4, 4, 4]"
537,6,"[7, 10, 11, 42, 46]",5,1.9632799765095115,0.1371526699513197,15.282917557377369,"[15101108, 15001108, 15801108, 15901108, 15401108, 15501108, 15601108, 15701108, 15201108, 15301108]","[42, 42, 42, 42, 42, 42, 42, 42, 42, 42]"
538,6,"[11, 17, 21, 42, 46, 47]",6,2.355712976306677,0.1660094140097499,16.217755100068945,"[15858253, 15958253, 15558253, 15458253, 15358253, 15258253, 15758253, 15658253, 15158253, 15058253]","[47, 47, 47, 47, 47, 47, 47, 47, 47, 47]"
539,6,"[7, 11, 39, 43, 45]",5,1.9293352318927646,0.1349420053884387,16.408961473125963,"[15435026, 15535026, 15835026, 15935026, 15035026, 15135026, 15635026, 15735026, 15335026, 15235026]","[11, 11, 11, 11, 11, 11, 11, 11, 11, 11]"
540,6,"[0, 11, 35, 39, 46]",5,1.9037989787757397,0.12736987322568893,20.279627500940116,"[15135027, 15035027, 15235027, 15335027, 15535027, 15435027, 15935027, 15835027, 15735027, 15635027]","[0, 0, 0, 0, 0, 0, 0, 0, 0, 0]"
541,6,"[6, 7, 19, 39, 46]",5,1.9340508859604597,0.1360403737053275,15.052802469208837,"[15383800, 15283800, 15083800, 15183800, 15683800, 15783800, 15983800, 15883800, 15483800, 15583800]","[19, 19, 19, 19, 19, 19, 19, 19, 19, 19]"
542,6,"[3, 11, 14, 19, 46]",5,1.8558610454201698,0.13215783052146435,14.071375125274063,"[15022646, 15122646, 15622646, 15722646, 15822646, 15922646, 15522646, 15422646, 15322646, 15222646]","[19, 19, 19, 19, 19, 19, 19, 19, 19, 19]"
543,6,"[7, 14, 20, 28, 35, 37]",6,2.377383043989539,0.17228877637535334,18.60777540000466,"[15587413, 15487413, 15987413, 15887413, 15187413, 15087413, 15687413, 15787413, 15287413, 15387413]","[20, 20, 20, 20, 20, 20, 20, 20, 20, 20]"
544,6,"[12, 17, 28, 42, 45, 47]",6,2.3981977282091975,0.17467155680060387,16.709343791318435,"[15511691, 15411691, 15111691, 15011691, 15311691, 15211691, 15711691, 15611691, 15811691, 15911691]","[28, 28, 28, 28, 28, 28, 28, 28, 28, 28]"
545,6,"[11, 16, 18, 25, 26, 46]",6,2.306137748993933,0.15500129479914904,14.470824156499779,"[15116847, 15016847, 15216847, 15316847, 15516847, 15416847, 15916847, 15816847, 15716847, 15616847]","[11, 11, 11, 11, 11, 11, 11, 11, 11, 11]"
546,6,"[14, 15, 20, 22, 42, 43]",6,2.3549839230254292,0.16885010804980993,15.549430958072966,"[15603432, 15703432, 15403432, 15503432, 15303432, 15203432, 15803432, 15903432, 15003432, 15103432]","[42, 42, 42, 42, 42, 42, 42, 42, 42, 42]"
547,6,"[3, 5, 14, 19, 30, 43]",6,2.3489124458283186,0.16354331001639366,14.41164745312805,"[15401983, 15501983, 15701983, 15601983, 15201983, 15301983, 15101983, 15001983, 15901983, 15801983]","[5, 5, 5, 5, 5, 5, 5, 5, 5, 5]"
548,6,"[6, 11, 17, 34, 42, 46]",6,2.334020067937672,0.16151052247732878,15.501432406172777,"[15360893, 15260893, 15860893, 15960893, 15560893, 15460893, 15160893, 15060893, 15660893, 15760893]","[6, 6, 6, 6, 6, 6, 6, 6, 6, 6]"
549,6,"[0, 17, 30, 42, 46]",5,1.9639395317062736,0.13577008713036776,15.584531360398978,"[15135027, 15035027, 15735027, 15635027, 15535027, 15435027, 15935027, 15835027, 15335027, 15235027]","[0, 0, 0, 0, 0, 0, 0, 0, 0, 0]"
550,6,"[14, 33, 42, 43]",4,1.5742038078606129,0.11525545734912157,15.738301757606678,"[15477791, 15577791, 15877791, 15977791, 15077791, 15177791, 15677791, 15777791, 15377791, 15277791]","[33, 33, 33, 33, 33, 33, 33, 33, 33, 33]"
551,6,"[8, 27, 30, 31, 36, 44]",6,2.313902179710567,0.15250402130186558,14.293771506597599,"[15678921, 15778921, 15478921, 15578921, 15378921, 15278921, 15878921, 15978921, 15078921, 15178921]","[36, 36, 36, 36, 36, 36, 36, 36, 36, 36]"
552,6,"[0, 8, 15, 17, 43, 46]",6,2.332026407122612,0.16220975946635008,15.878431643126532,"[15645684, 15745684, 15145684, 15045684, 15245684, 15345684, 15545684, 15445684, 15945684, 15845684]","[17, 17, 17, 17, 17, 17, 17, 17, 17, 17]"
553,6,"[11, 36, 39, 41, 42, 47]",6,2.353607743047178,0.16477059293538332,16.687011546843376,"[15015805, 15115805, 15415805, 15515805, 15915805, 15815805, 15715805, 15615805, 15215805, 15315805]","[11, 11, 11, 11, 11, 11, 11, 11, 11, 11]"
554,6,"[11, 15, 17, 20, 21, 22]",6,2.328937224112451,0.15723663195967674,14.20453995745629,"[15094964, 15194964, 15494964, 15594964, 15994964, 15894964, 15294964, 15394964, 15794964, 15694964]","[21, 21, 21, 21, 21, 21, 21, 21, 21, 21]"
555,6,"[15, 31, 33, 41, 43, 47]",6,2.3416256308555603,0.173676828853786,15.772140247592082,"[15467414, 15567414, 15267414, 15367414, 15667414, 15767414, 15167414, 15067414, 15967414, 15867414]","[31, 31, 31, 31, 31, 31, 31, 31, 31, 31]"
556,6,"[5, 14, 17, 20, 31, 39]",6,2.340990422293544,0.16458035539835691,14.217730190216875,"[15378330, 15278330, 15678330, 15778330, 15578330, 15478330, 15078330, 15178330, 15878330, 15978330]","[39, 39, 39, 39, 39, 39, 39, 39, 39, 39]"
557,6,"[11, 15, 28, 31, 44]",5,1.9638063702732325,0.1370437815785408,14.680808625370265,"[15459775, 15559775, 15259775, 15359775, 15659775, 15759775, 15159775, 15059775, 15959775, 15859775]","[15, 15, 15, 15, 15, 15, 15, 15, 15, 15]"
558,6,"[5, 11, 12, 28, 42, 44]",6,2.435910522006452,0.1694745346903801,15.441718141781166,"[15339247, 15239247, 15639247, 15739247, 15539247, 15439247, 15039247, 15139247, 15839247, 15939247]","[44, 44, 44, 44, 44, 44, 44, 44, 44, 44]"
559,6,"[4, 5, 14, 15, 17]",5,1.9666410656645894,0.19208751060068607,14.223425891529768,"[15336407, 15236407, 15036407, 15136407, 15636407, 15736407, 15936407, 15836407, 15436407, 15536407]","[14, 14, 14, 14, 14, 14, 14, 14, 14, 14]"
560,6,"[7, 8, 11, 17, 21, 35]",6,2.6354019343852997,0.38028980512171984,18.162842544106145,"[15312732, 15212732, 15812732, 15912732, 15712732, 15612732, 15412732, 15512732, 15112732, 15012732]","[8, 8, 8, 8, 8, 8, 8, 8, 8, 8]"
561,6,"[0, 1, 5, 11, 20, 35]",6,2.3718942180275917,0.1649750405922532,17.899730836429324,"[15122098, 15022098, 15722098, 15622098, 15522098, 15422098, 15322098, 15222098, 15922098, 15822098]","[20, 20, 20, 20, 20, 20, 20, 20, 20, 20]"
562,6,"[8, 16, 18, 39, 46]",5,1.9243357367813587,0.13533091079443693,16.121600943244992,"[15088268, 15188268, 15288268, 15388268, 15788268, 15688268, 15988268, 15888268, 15588268, 15488268]","[18, 18, 18, 18, 18, 18, 18, 18, 18, 18]"
563,6,"[14, 19, 22, 36, 39, 42]",6,2.3605513339862227,0.1818611565977335,15.57500565595304,"[15363479, 15263479, 15663479, 15763479, 15563479, 15463479, 15063479, 15163479, 15863479, 15963479]","[42, 42, 42, 42, 42, 42, 42, 42, 42, 42]"
564,6,"[5, 6, 11, 27, 31, 43]",6,2.3363377451896667,0.1742758685722947,13.587091670837253,"[15261489, 15361489, 15461489, 15561489, 15661489, 15761489, 15061489, 15161489, 15861489, 15961489]","[5, 5, 5, 5, 5, 5, 5, 5, 5, 5]"
565,6,"[17, 19, 27, 43, 45, 46]",6,2.2870495980605483,0.17049057222902775,16.287607080768794,"[15127618, 15027618, 15227618, 15327618, 15527618, 15427618, 15727618, 15627618, 15927618, 15827618]","[45, 45, 45, 45, 45, 45, 45, 45, 45, 45]"
566,6,"[1, 2, 17, 42, 43, 46]",6,2.477067980915308,0.17676456179469824,16.826421533323202,"[15346790, 15246790, 15046790, 15146790, 15646790, 15746790, 15946790, 15846790, 15446790, 15546790]","[17, 17, 17, 17, 17, 17, 17, 17, 17, 17]"
567,6,"[11, 19, 21, 36, 45]",5,2.3204130018129945,0.882526958361268,15.455134746618569,"[15454164, 15554164, 15254164, 15354164, 15654164, 15754164, 15154164, 15054164, 15954164, 15854164]","[19, 19, 19, 19, 19, 19, 19, 19, 19, 19]"
568,6,"[0, 15, 42, 43, 46]",5,2.5230369986966252,0.4543579490855336,16.928251008410008,"[15647162, 15747162, 15147162, 15047162, 15247162, 15347162, 15547162, 15447162, 15947162, 15847162]","[43, 43, 43, 43, 43, 43, 43, 43, 43, 43]"
569,6,"[11, 14, 15, 21, 28, 39]",6,2.3275250578299165,0.3948829658329487,14.581718980489919,"[15116724, 15016724, 15716724, 15616724, 15516724, 15416724, 15916724, 15816724, 15316724, 15216724]","[11, 11, 11, 11, 11, 11, 11, 11, 11, 11]"
570,6,"[0, 4, 17, 43, 44, 46]",6,7.021175190806389,1.1860319077968597,16.194670259642105,"[15967885, 15867885, 15767885, 15667885, 15067885, 15167885, 15367885, 15267885, 15467885, 15567885]","[17, 17, 17, 17, 17, 17, 17, 17, 17, 17]"
571,6,"[0, 24, 41, 44, 46, 47]",6,2.3702159514650702,0.37970423698425293,16.23430138764282,"[15693088, 15793088, 15493088, 15593088, 15393088, 15293088, 15093088, 15193088, 15893088, 15993088]","[0, 0, 0, 0, 0, 0, 0, 0, 0, 0]"
572,6,"[1, 4, 8, 10, 11, 46]",6,2.347957688383758,0.17541011050343513,14.102114417434981,"[15502063, 15402063, 15902063, 15802063, 15102063, 15002063, 15202063, 15302063, 15702063, 15602063]","[8, 8, 8, 8, 8, 8, 8, 8, 8, 8]"
573,6,"[3, 7, 11, 17, 19, 23]",6,2.3003544537350535,0.19006019923835993,13.445768138937032,"[15895359, 15995359, 15595359, 15495359, 15395359, 15295359, 15795359, 15695359, 15195359, 15095359]","[23, 23, 23, 23, 23, 23, 23, 23, 23, 23]"
574,6,"[3, 17, 39, 42, 43, 46]",6,2.3982340758666396,0.17427676916122437,17.09695603721775,"[15689619, 15789619, 15489619, 15589619, 15389619, 15289619, 15889619, 15989619, 15089619, 15189619]","[43, 43, 43, 43, 43, 43, 43, 43, 43, 43]"
575,6,"[0, 11, 16, 21, 37]",5,1.8172183074057102,0.13573722634464502,13.887917357962579,"[15111258, 15011258, 15711258, 15611258, 15511258, 15411258, 15311258, 15211258, 15911258, 15811258]","[37, 37, 37, 37, 37, 37, 37, 37, 37, 37]"
576,6,"[0, 28, 36, 46, 47]",5,2.0503051597625017,0.14610628504306078,16.985115039814264,"[15724485, 15624485, 15424485, 15524485, 15124485, 15024485, 15824485, 15924485, 15224485, 15324485]","[28, 28, 28, 28, 28, 28, 28, 28, 28, 28]"
577,6,"[14, 22, 36, 41, 46, 47]",6,2.3788949055597186,0.17493535857647657,16.66419279652958,"[15216670, 15316670, 15516670, 15416670, 15916670, 15816670, 15116670, 15016670, 15616670, 15716670]","[47, 47, 47, 47, 47, 47, 47, 47, 47, 47]"
578,6,"[1, 11, 14, 15, 27, 28]",6,2.328104466199875,0.16275612823665142,13.573017141781747,"[15556273, 15456273, 15356273, 15256273, 15156273, 15056273, 15656273, 15756273, 15856273, 15956273]","[1, 1, 1, 1, 1, 1, 1, 1, 1, 1]"
579,6,"[9, 11, 17, 24, 43, 46]",6,2.324126503430307,0.1645304523408413,15.37606658693403,"[15135026, 15035026, 15535026, 15435026, 15335026, 15235026, 15835026, 15935026, 15735026, 15635026]","[11, 11, 11, 11, 11, 11, 11, 11, 11, 11]"
580,6,"[1, 10, 14, 17, 41, 47]",6,2.3472477616742253,0.16860287729650736,14.876313126490762,"[15836340, 15936340, 15436340, 15536340, 15036340, 15136340, 15636340, 15736340, 15336340, 15236340]","[47, 47, 47, 47, 47, 47, 47, 47, 47, 47]"
581,6,"[0, 15, 17, 39, 41, 47]",6,2.3011715058237314,0.1610788693651557,15.729325076720366,"[15295032, 15395032, 15495032, 15595032, 15195032, 15095032, 15895032, 15995032, 15695032, 15795032]","[15, 15, 15, 15, 15, 15, 15, 15, 15, 15]"
582,6,"[4, 10, 11, 15, 27, 46]",6,2.2445015544071794,0.15827617701143026,14.00475396309048,"[15432082, 15532082, 15232082, 15332082, 15632082, 15732082, 15132082, 15032082, 15932082, 15832082]","[10, 10, 10, 10, 10, 10, 10, 10, 10, 10]"
583,6,"[0, 8, 11, 37, 39, 42]",6,2.233860405161977,0.16551037225872278,14.559320986348515,"[15111258, 15011258, 15811258, 15911258, 15411258, 15511258, 15611258, 15711258, 15211258, 15311258]","[37, 37, 37, 37, 37, 37, 37, 37, 37, 37]"
584,6,"[4, 11, 42, 46, 47]",5,1.9302628580480814,0.14422697387635708,16.080718126893043,"[15313264, 15213264, 15813264, 15913264, 15513264, 15413264, 15013264, 15113264, 15713264, 15613264]","[46, 46, 46, 46, 46, 46, 46, 46, 46, 46]"
585,6,"[0, 11, 22, 28, 46]",5,1.9774579368531704,0.13699834048748016,14.900321884639562,"[15669907, 15769907, 15169907, 15069907, 15269907, 15369907, 15569907, 15469907, 15969907, 15869907]","[28, 28, 28, 28, 28, 28, 28, 28, 28, 28]"
586,6,"[1, 17, 24, 37, 44, 46]",6,2.3388709910213947,0.16572017781436443,15.98824300779961,"[15746790, 15646790, 15446790, 15546790, 15146790, 15046790, 15846790, 15946790, 15246790, 15346790]","[17, 17, 17, 17, 17, 17, 17, 17, 17, 17]"
587,6,"[1, 11, 14, 42, 48]",5,1.9533724877983332,0.1456087613478303,12.173347747512162,"[15515973, 15415973, 15915973, 15815973, 15115973, 15015973, 15215973, 15315973, 15715973, 15615973]","[14, 14, 14, 14, 14, 14, 14, 14, 14, 14]"
588,6,"[8, 17, 25, 39, 42, 43]",6,2.3969903448596597,0.1738659255206585,16.088210470198344,"[15128324, 15028324, 15228324, 15328324, 15528324, 15428324, 15728324, 15628324, 15928324, 15828324]","[42, 42, 42, 42, 42, 42, 42, 42, 42, 42]"
589,6,"[11, 16, 36, 42, 46]",5,1.9301687087863684,0.1393678355962038,16.794773255474865,"[15601108, 15701108, 15101108, 15001108, 15201108, 15301108, 15501108, 15401108, 15901108, 15801108]","[42, 42, 42, 42, 42, 42, 42, 42, 42, 42]"
590,6,"[3, 21, 28, 39, 47]",5,2.010215437039733,0.13777187932282686,15.75013789087534,"[15229586, 15329586, 15429586, 15529586, 15129586, 15029586, 15829586, 15929586, 15629586, 15729586]","[21, 21, 21, 21, 21, 21, 21, 21, 21, 21]"
591,6,"[1, 11, 14, 17, 42, 43]",6,2.360332829877734,0.16594629269093275,15.235547634540126,"[15134858, 15034858, 15734858, 15634858, 15534858, 15434858, 15334858, 15234858, 15934858, 15834858]","[42, 42, 42, 42, 42, 42, 42, 42, 42, 42]"
592,6,"[14, 21, 30, 39, 41, 43]",6,2.3166214851662517,0.1645925911143422,15.449082443180183,"[15915332, 15815332, 15515332, 15415332, 15715332, 15615332, 15115332, 15015332, 15315332, 15215332]","[30, 30, 30, 30, 30, 30, 30, 30, 30, 30]"
593,6,"[0, 11, 17, 21, 41, 46]",6,2.2989105144515634,0.1606507394462824,14.927587315207347,"[15182096, 15082096, 15882096, 15982096, 15482096, 15582096, 15682096, 15782096, 15282096, 15382096]","[21, 21, 21, 21, 21, 21, 21, 21, 21, 21]"
594,6,"[10, 13, 36, 43, 47]",5,1.9904319262132049,0.13717695139348507,16.570319858752192,"[15925443, 15825443, 15525443, 15425443, 15325443, 15225443, 15725443, 15625443, 15125443, 15025443]","[47, 47, 47, 47, 47, 47, 47, 47, 47, 47]"
595,6,"[14, 17, 25, 27, 42, 46]",6,2.338768524117768,0.17030560784041882,15.01019528019242,"[15389672, 15289672, 15689672, 15789672, 15589672, 15489672, 15089672, 15189672, 15889672, 15989672]","[46, 46, 46, 46, 46, 46, 46, 46, 46, 46]"
596,6,"[0, 9, 11, 14, 19, 46]",6,2.194788078777492,0.16476627252995968,13.54014630188855,"[15445980, 15545980, 15245980, 15345980, 15645980, 15745980, 15145980, 15045980, 15945980, 15845980]","[9, 9, 9, 9, 9, 9, 9, 9, 9, 9]"
597,6,"[11, 21, 31, 36, 46]",5,1.9656011806800961,0.13316313177347183,15.368064986076206,"[15483579, 15583579, 15283579, 15383579, 15683579, 15783579, 15183579, 15083579, 15983579, 15883579]","[21, 21, 21, 21, 21, 21, 21, 21, 21, 21]"
598,6,"[0, 10, 11, 17, 21, 46]",6,2.296393586322665,0.1639481009915471,14.397965163458139,"[15358940, 15258940, 15858940, 15958940, 15558940, 15458940, 15058940, 15158940, 15758940, 15658940]","[17, 17, 17, 17, 17, 17, 17, 17, 17, 17]"
599,6,"[9, 11, 12, 17, 18, 24]",6,2.5820347601547837,0.2588390586897731,13.666051115918284,"[15136219, 15036219, 15736219, 15636219, 15536219, 15436219, 15336219, 15236219, 15936219, 15836219]","[18, 18, 18, 18, 18, 18, 18, 18, 18, 18]"
600,6,"[14, 21, 26, 39, 41]",5,1.8827613471075892,0.1296482216566801,14.02072538184002,"[15385253, 15285253, 15185253, 15085253, 15985253, 15885253, 15685253, 15785253, 15585253, 15485253]","[26, 26, 26, 26, 26, 26, 26, 26, 26, 26]"
601,6,"[0, 11, 21, 22, 28]",5,1.979606481269002,0.13637884054332972,13.798577526491135,"[15681089, 15781089, 15481089, 15581089, 15381089, 15281089, 15881089, 15981089, 15081089, 15181089]","[28, 28, 28, 28, 28, 28, 28, 28, 28, 28]"
602,6,"[11, 14, 21, 46]",4,1.5123579418286681,0.09906227886676788,14.641906834905967,"[15308519, 15208519, 15008519, 15108519, 15608519, 15708519, 15908519, 15808519, 15408519, 15508519]","[21, 21, 21, 21, 21, 21, 21, 21, 21, 21]"
603,6,"[0, 8, 11, 17, 44, 46]",6,2.3040684843435884,0.15598957985639572,15.007673784314344,"[15135027, 15035027, 15735027, 15635027, 15535027, 15435027, 15935027, 15835027, 15335027, 15235027]","[0, 0, 0, 0, 0, 0, 0, 0, 0, 0]"
604,6,"[11, 14, 27, 30, 36, 43]",6,2.3051525615155697,0.16227138694375753,14.559850524024418,"[15179703, 15079703, 15279703, 15379703, 15579703, 15479703, 15979703, 15879703, 15779703, 15679703]","[11, 11, 11, 11, 11, 11, 11, 11, 11, 11]"
605,6,"[4, 11, 13, 31, 42, 47]",6,2.2788057094439864,0.15880479104816914,14.28162443319646,"[15163479, 15063479, 15263479, 15363479, 15563479, 15463479, 15763479, 15663479, 15963479, 15863479]","[42, 42, 42, 42, 42, 42, 42, 42, 42, 42]"
606,6,"[14, 21, 36, 44, 46]",5,1.9750910578295588,0.14318401366472244,16.622836056537928,"[15532222, 15432222, 15932222, 15832222, 15132222, 15032222, 15632222, 15732222, 15232222, 15332222]","[36, 36, 36, 36, 36, 36, 36, 36, 36, 36]"
607,6,"[0, 10, 11, 17, 22, 43]",6,2.3245267188176513,0.16164459753781557,14.438768749125302,"[15635027, 15735027, 15435027, 15535027, 15335027, 15235027, 15035027, 15135027, 15835027, 15935027]","[0, 0, 0, 0, 0, 0, 0, 0, 0, 0]"
608,6,"[19, 21, 27, 29, 39, 43]",6,2.2839362900704145,0.1597010549157858,13.856678764956692,"[15753112, 15653112, 15553112, 15453112, 15053112, 15153112, 15253112, 15353112, 15853112, 15953112]","[19, 19, 19, 19, 19, 19, 19, 19, 19, 19]"
609,6,"[17, 21, 24, 36, 39, 44]",6,2.3791663525626063,0.17382404394447803,16.122764346655458,"[15452272, 15552272, 15852272, 15952272, 15052272, 15152272, 15652272, 15752272, 15352272, 15252272]","[21, 21, 21, 21, 21, 21, 21, 21, 21, 21]"
610,6,"[7, 11, 18, 20, 39, 42]",6,2.3953082021325827,0.17318031564354897,14.921168750850484,"[15065396, 15165396, 15665396, 15765396, 15865396, 15965396, 15565396, 15465396, 15365396, 15265396]","[20, 20, 20, 20, 20, 20, 20, 20, 20, 20]"
611,6,"[7, 11, 39, 42, 44, 47]",6,2.365541137754917,0.16787804383784533,16.156020105273154,"[15578330, 15478330, 15978330, 15878330, 15178330, 15078330, 15678330, 15778330, 15278330, 15378330]","[39, 39, 39, 39, 39, 39, 39, 39, 39, 39]"
612,6,"[7, 11, 17, 37, 39]",5,1.9159031379967928,0.13394373189657927,14.787429903261364,"[15763372, 15663372, 15363372, 15263372, 15963372, 15863372, 15063372, 15163372, 15563372, 15463372]","[39, 39, 39, 39, 39, 39, 39, 39, 39, 39]"
613,6,"[11, 37, 38, 41, 46, 47]",6,2.310726072639227,0.16017851512879133,17.106607877959807,"[15108547, 15008547, 15808547, 15908547, 15408547, 15508547, 15308547, 15208547, 15608547, 15708547]","[41, 41, 41, 41, 41, 41, 41, 41, 41, 41]"
614,6,"[8, 14, 24, 36, 43, 46]",6,2.375613909214735,0.16526971384882927,16.184921716572717,"[15512732, 15412732, 15312732, 15212732, 15112732, 15012732, 15612732, 15712732, 15812732, 15912732]","[8, 8, 8, 8, 8, 8, 8, 8, 8, 8]"
615,6,"[14, 20, 31, 36, 39, 43]",6,2.3553144056349993,0.1571423066779971,15.558275496975208,"[15145647, 15045647, 15845647, 15945647, 15445647, 15545647, 15345647, 15245647, 15645647, 15745647]","[36, 36, 36, 36, 36, 36, 36, 36, 36, 36]"
616,6,"[9, 10, 42, 43, 46]",5,1.9737730156630278,0.144654112868011,16.387744509149343,"[15325318, 15225318, 15025318, 15125318, 15625318, 15725318, 15925318, 15825318, 15425318, 15525318]","[42, 42, 42, 42, 42, 42, 42, 42, 42, 42]"
617,6,"[1, 11, 14, 17, 38, 39]",6,2.3404408153146505,0.1641130866482854,15.364032236238321,"[15581564, 15481564, 15981564, 15881564, 15181564, 15081564, 15281564, 15381564, 15781564, 15681564]","[14, 14, 14, 14, 14, 14, 14, 14, 14, 14]"
618,6,"[2, 21, 28, 39, 46]",5,2.060535161755979,0.1388526801019907,16.293434071261437,"[15569907, 15469907, 15969907, 15869907, 15169907, 15069907, 15269907, 15369907, 15769907, 15669907]","[28, 28, 28, 28, 28, 28, 28, 28, 28, 28]"
619,6,"[1, 11, 27, 28, 39, 43]",6,2.36545845400542,0.1636879462748766,15.021774387607971,"[15343183, 15243183, 15843183, 15943183, 15543183, 15443183, 15043183, 15143183, 15743183, 15643183]","[28, 28, 28, 28, 28, 28, 28, 28, 28, 28]"
620,6,"[5, 11, 24, 29, 34, 46]",6,2.3515419298782945,0.16116703394800425,14.223747195365528,"[15148128, 15048128, 15748128, 15648128, 15548128, 15448128, 15348128, 15248128, 15948128, 15848128]","[34, 34, 34, 34, 34, 34, 34, 34, 34, 34]"
621,6,"[9, 17, 30, 35, 39, 42]",6,2.3456071401014924,0.1696740072220564,19.264714072536055,"[15429400, 15529400, 15929400, 15829400, 15329400, 15229400, 15729400, 15629400, 15129400, 15029400]","[30, 30, 30, 30, 30, 30, 30, 30, 30, 30]"
622,6,"[4, 6, 7, 12, 31, 42]",6,2.3441928513348103,0.16200522612780333,13.600135063907752,"[15077336, 15177336, 15277336, 15377336, 15777336, 15677336, 15977336, 15877336, 15577336, 15477336]","[7, 7, 7, 7, 7, 7, 7, 7, 7, 7]"
623,6,"[11, 17, 27, 39, 42, 45]",6,2.2711743023246527,0.15911141224205494,15.403918894939125,"[15668399, 15768399, 15468399, 15568399, 15368399, 15268399, 15868399, 15968399, 15068399, 15168399]","[42, 42, 42, 42, 42, 42, 42, 42, 42, 42]"
624,6,"[0, 1, 13, 30, 46]",5,1.9187053628265858,0.1279058577492833,14.470752287376673,"[15432718, 15532718, 15232718, 15332718, 15632718, 15732718, 15132718, 15032718, 15932718, 15832718]","[1, 1, 1, 1, 1, 1, 1, 1, 1, 1]"
625,6,"[14, 19, 22, 31, 36]",5,1.9399944562464952,0.13907105289399624,14.115612275525928,"[15434045, 15534045, 15234045, 15334045, 15634045, 15734045, 15134045, 15034045, 15934045, 15834045]","[19, 19, 19, 19, 19, 19, 19, 19, 19, 19]"
626,6,"[0, 1, 8, 11, 46]",5,1.9356684237718582,0.1349659552797675,14.227820674795657,"[15135027, 15035027, 15235027, 15335027, 15535027, 15435027, 15935027, 15835027, 15735027, 15635027]","[0, 0, 0, 0, 0, 0, 0, 0, 0, 0]"
627,6,"[8, 10, 11, 22, 39, 46]",6,2.3027220321819186,0.1568841589614749,14.904181930469349,"[15364364, 15264364, 15664364, 15764364, 15564364, 15464364, 15064364, 15164364, 15864364, 15964364]","[46, 46, 46, 46, 46, 46, 46, 46, 46, 46]"
628,6,"[15, 17, 28, 39, 46]",5,2.0086118429899216,0.1419602008536458,16.735776011552662,"[15664364, 15764364, 15464364, 15564364, 15364364, 15264364, 15864364, 15964364, 15064364, 15164364]","[46, 46, 46, 46, 46, 46, 46, 46, 46, 46]"
629,6,"[0, 4, 11, 20, 43, 44]",6,2.2697696033865213,0.1624916112050414,14.620652460260317,"[15156065, 15056065, 15756065, 15656065, 15556065, 15456065, 15356065, 15256065, 15956065, 15856065]","[43, 43, 43, 43, 43, 43, 43, 43, 43, 43]"
630,6,"[8, 17, 19, 30, 46]",5,1.9157555624842644,0.13217579387128353,14.802571262978017,"[15105362, 15005362, 15205362, 15305362, 15505362, 15405362, 15705362, 15605362, 15905362, 15805362]","[46, 46, 46, 46, 46, 46, 46, 46, 46, 46]"
631,6,"[17, 27, 42, 43, 46]",5,1.9718257496133447,0.14554180391132832,16.669260488823056,"[15424564, 15524564, 15224564, 15324564, 15624564, 15724564, 15124564, 15024564, 15924564, 15824564]","[27, 27, 27, 27, 27, 27, 27, 27, 27, 27]"
632,6,"[7, 17, 39, 43]",4,1.6116195498034358,0.11683058366179466,16.496714583947323,"[15377528, 15277528, 15177528, 15077528, 15477528, 15577528, 15977528, 15877528, 15677528, 15777528]","[7, 7, 7, 7, 7, 7, 7, 7, 7, 7]"
633,6,"[38, 39, 42, 43, 44, 45]",6,2.3817245131358504,0.16867143660783768,18.726268032565713,"[15328324, 15228324, 15028324, 15128324, 15628324, 15728324, 15928324, 15828324, 15428324, 15528324]","[42, 42, 42, 42, 42, 42, 42, 42, 42, 42]"
634,6,"[0, 4, 11, 14, 41]",5,1.8307350100949407,0.129155982285738,13.079275525826962,"[15232527, 15332527, 15432527, 15532527, 15632527, 15732527, 15832527, 15932527, 15032527, 15132527]","[41, 41, 41, 41, 41, 41, 41, 41, 41, 41]"
635,6,"[0, 1, 42, 46]",4,1.5871403655037284,0.10845131147652864,15.913107290980406,"[15196729, 15096729, 15796729, 15696729, 15596729, 15496729, 15996729, 15896729, 15396729, 15296729]","[0, 0, 0, 0, 0, 0, 0, 0, 0, 0]"
636,6,"[11, 24, 31, 43, 45, 46]",6,2.293904365040362,0.1597279766574502,16.001618397577356,"[15381964, 15281964, 15081964, 15181964, 15681964, 15781964, 15981964, 15881964, 15481964, 15581964]","[31, 31, 31, 31, 31, 31, 31, 31, 31, 31]"
637,6,"[11, 14, 17, 30, 39, 44]",6,2.283354641869664,0.16094722598791122,14.669499437479923,"[15701812, 15601812, 15001812, 15101812, 15201812, 15301812, 15401812, 15501812, 15901812, 15801812]","[39, 39, 39, 39, 39, 39, 39, 39, 39, 39]"
638,6,"[5, 9, 10, 30, 33, 39]",6,2.365917925722897,0.1672367248684168,13.931135423481464,"[15663372, 15763372, 15063372, 15163372, 15463372, 15563372, 15263372, 15363372, 15863372, 15963372]","[39, 39, 39, 39, 39, 39, 39, 39, 39, 39]"
639,6,"[0, 5, 11, 14, 28, 43]",6,2.425610724836588,0.1669894903898239,14.581189607580503,"[15635027, 15735027, 15435027, 15535027, 15335027, 15235027, 15035027, 15135027, 15835027, 15935027]","[0, 0, 0, 0, 0, 0, 0, 0, 0, 0]"
640,6,"[7, 11, 28, 31, 37, 46]",6,2.3743524737656116,15.654181141406298,14.856015563709661,"[15831946, 15931946, 15531946, 15431946, 15631946, 15731946, 15331946, 15231946, 15131946, 15031946]","[46, 46, 46, 46, 46, 46, 46, 46, 46, 46]"
641,6,"[6, 10, 15, 17, 39, 43]",6,2.3365147430449724,0.16599233075976372,15.362071339972317,"[15754604, 15654604, 15354604, 15254604, 15554604, 15454604, 15054604, 15154604, 15854604, 15954604]","[43, 43, 43, 43, 43, 43, 43, 43, 43, 43]"
642,6,"[1, 4, 8, 14, 29, 42]",6,2.31564296875149,0.1651714351028204,13.04136165798021,"[15403562, 15503562, 15203562, 15303562, 15603562, 15703562, 15103562, 15003562, 15903562, 15803562]","[4, 4, 4, 4, 4, 4, 4, 4, 4, 4]"
643,6,"[3, 15, 17, 29, 46]",5,1.958884060382843,0.14145922008901834,14.42353674825281,"[15457276, 15557276, 15257276, 15357276, 15657276, 15757276, 15157276, 15057276, 15957276, 15857276]","[15, 15, 15, 15, 15, 15, 15, 15, 15, 15]"
644,6,"[1, 8, 17, 25, 43]",5,2.0195503616705537,0.1424389500170946,15.20300528164953,"[15500399, 15400399, 15300399, 15200399, 15100399, 15000399, 15600399, 15700399, 15800399, 15900399]","[1, 1, 1, 1, 1, 1, 1, 1, 1, 1]"
645,6,"[5, 11, 14, 21, 38, 43]",6,2.400251604616642,0.16077620815485716,15.768685324971253,"[15182096, 15082096, 15882096, 15982096, 15482096, 15582096, 15682096, 15782096, 15282096, 15382096]","[21, 21, 21, 21, 21, 21, 21, 21, 21, 21]"
646,6,"[1, 11, 42, 43, 46]",5,1.9934811536222696,0.14158646296709776,16.676268725283443,"[15667935, 15767935, 15467935, 15567935, 15367935, 15267935, 15867935, 15967935, 15067935, 15167935]","[46, 46, 46, 46, 46, 46, 46, 46, 46, 46]"
647,6,"[14, 15, 17, 31, 38, 42]",6,2.3534267339855433,0.17338366527110338,15.632679426809773,"[15336121, 15236121, 15136121, 15036121, 15436121, 15536121, 15636121, 15736121, 15936121, 15836121]","[38, 38, 38, 38, 38, 38, 38, 38, 38, 38]"
648,6,"[5, 21, 42, 43, 44, 47]",6,2.461407605558634,0.1703616138547659,17.12635048494364,"[15782286, 15682286, 15582286, 15482286, 15082286, 15182286, 15882286, 15982286, 15282286, 15382286]","[44, 44, 44, 44, 44, 44, 44, 44, 44, 44]"
649,6,"[6, 11, 41, 45, 46, 48]",6,2.2905978756025434,0.15531458612531424,13.872234284955388,"[15360893, 15260893, 15160893, 15060893, 15460893, 15560893, 15960893, 15860893, 15660893, 15760893]","[6, 6, 6, 6, 6, 6, 6, 6, 6, 6]"
650,6,"[17, 20, 38, 43, 47]",5,2.0105101633816957,0.14036060497164726,17.517374564986675,"[15325742, 15225742, 15025742, 15125742, 15625742, 15725742, 15925742, 15825742, 15425742, 15525742]","[38, 38, 38, 38, 38, 38, 38, 38, 38, 38]"
651,6,"[0, 6, 11, 28, 41, 47]",6,2.334560484625399,0.16282417438924313,14.372505985045185,"[15239893, 15339893, 15439893, 15539893, 15139893, 15039893, 15839893, 15939893, 15639893, 15739893]","[6, 6, 6, 6, 6, 6, 6, 6, 6, 6]"
652,6,"[11, 14, 17, 21, 44, 46]",6,2.3245672499760985,0.16330572217702866,15.281822175408402,"[15109912, 15009912, 15709912, 15609912, 15509912, 15409912, 15309912, 15209912, 15909912, 15809912]","[44, 44, 44, 44, 44, 44, 44, 44, 44, 44]"
653,6,"[9, 11, 43, 46]",4,1.527556492947042,0.10973495803773403,15.882274065050296,"[15612685, 15712685, 15412685, 15512685, 15312685, 15212685, 15012685, 15112685, 15812685, 15912685]","[9, 9, 9, 9, 9, 9, 9, 9, 9, 9]"
654,6,"[6, 7, 11, 24, 46]",5,1.9435193901881576,0.13229677360504866,14.18786436058581,"[15026085, 15126085, 15426085, 15526085, 15926085, 15826085, 15226085, 15326085, 15726085, 15626085]","[46, 46, 46, 46, 46, 46, 46, 46, 46, 46]"
655,6,"[6, 8, 11, 33, 36, 39]",6,2.3263395987451077,0.15681508369743824,14.327462986732522,"[15760893, 15660893, 15560893, 15460893, 15060893, 15160893, 15260893, 15360893, 15860893, 15960893]","[6, 6, 6, 6, 6, 6, 6, 6, 6, 6]"
656,6,"[4, 16, 19, 20, 39]",5,1.8165230304002762,0.12857774645090103,14.304245912004262,"[15684544, 15784544, 15184544, 15084544, 15284544, 15384544, 15584544, 15484544, 15984544, 15884544]","[20, 20, 20, 20, 20, 20, 20, 20, 20, 20]"
657,6,"[8, 14, 21, 42, 43, 46]",6,2.356081456877291,0.16855063010007143,16.111242363695055,"[15715973, 15615973, 15415973, 15515973, 15115973, 15015973, 15815973, 15915973, 15215973, 15315973]","[14, 14, 14, 14, 14, 14, 14, 14, 14, 14]"
658,6,"[1, 4, 11, 39]",4,1.5190584510564804,0.10217920411378145,14.018576191854663,"[15178808, 15078808, 15578808, 15478808, 15378808, 15278808, 15878808, 15978808, 15778808, 15678808]","[4, 4, 4, 4, 4, 4, 4, 4, 4, 4]"
659,6,"[11, 15, 32, 37, 47]",5,1.853945436887443,0.13787082489579916,14.305126200895756,"[15371288, 15271288, 15071288, 15171288, 15671288, 15771288, 15971288, 15871288, 15471288, 15571288]","[32, 32, 32, 32, 32, 32, 32, 32, 32, 32]"
660,6,"[3, 5, 18, 42, 47]",5,2.095946670509875,0.14997789077460766,15.902275793999433,"[15142679, 15042679, 15242679, 15342679, 15542679, 15442679, 15742679, 15642679, 15942679, 15842679]","[47, 47, 47, 47, 47, 47, 47, 47, 47, 47]"
661,6,"[0, 11, 15, 32, 43]",5,1.8806515661999583,0.13423705101013184,13.906859390437603,"[15668557, 15768557, 15168557, 15068557, 15268557, 15368557, 15568557, 15468557, 15968557, 15868557]","[32, 32, 32, 32, 32, 32, 32, 32, 32, 32]"
662,6,"[10, 15, 22, 42, 43]",5,1.9951298786327243,0.14201462920755148,16.06552916718647,"[15748425, 15648425, 15348425, 15248425, 15148425, 15048425, 15448425, 15548425, 15948425, 15848425]","[42, 42, 42, 42, 42, 42, 42, 42, 42, 42]"
663,6,"[11, 14, 22, 43, 45, 46]",6,2.3054856611415744,0.15966995432972908,16.290346834808588,"[15236407, 15336407, 15436407, 15536407, 15136407, 15036407, 15836407, 15936407, 15636407, 15736407]","[14, 14, 14, 14, 14, 14, 14, 14, 14, 14]"
664,6,"[0, 7, 10, 11, 13, 17]",6,2.2863409155979753,0.16272985376417637,13.25999653727437,"[15135027, 15035027, 15235027, 15335027, 15535027, 15435027, 15935027, 15835027, 15735027, 15635027]","[0, 0, 0, 0, 0, 0, 0, 0, 0, 0]"
665,6,"[7, 9, 11, 30, 31]",5,1.9042913876473904,0.1310902265831828,12.635061484295875,"[15491483, 15591483, 15791483, 15691483, 15291483, 15391483, 15191483, 15091483, 15991483, 15891483]","[9, 9, 9, 9, 9, 9, 9, 9, 9, 9]"
666,6,"[10, 11, 17, 24, 46]",5,1.9172663055360317,0.13936156406998634,14.706653257925064,"[15116132, 15016132, 15716132, 15616132, 15516132, 15416132, 15916132, 15816132, 15316132, 15216132]","[10, 10, 10, 10, 10, 10, 10, 10, 10, 10]"
667,6,"[2, 10, 35, 39, 42]",5,2.028896168805659,0.14171812683343887,20.48997749816626,"[15373483, 15273483, 15173483, 15073483, 15473483, 15573483, 15973483, 15873483, 15673483, 15773483]","[2, 2, 2, 2, 2, 2, 2, 2, 2, 2]"
668,6,"[5, 10, 12, 13, 42, 46]",6,2.380264659412205,0.16834463737905025,15.413384380750358,"[15104639, 15004639, 15804639, 15904639, 15404639, 15504639, 15604639, 15704639, 15204639, 15304639]","[13, 13, 13, 13, 13, 13, 13, 13, 13, 13]"
669,6,"[2, 11, 36, 37, 46]",5,1.9755505742505193,0.1316291056573391,16.125505516678096,"[15227924, 15327924, 15427924, 15527924, 15627924, 15727924, 15027924, 15127924, 15827924, 15927924]","[2, 2, 2, 2, 2, 2, 2, 2, 2, 2]"
670,6,"[0, 1, 5, 11, 18, 37]",6,2.3765389500185847,0.1599730672314763,14.047915419718871,"[15811258, 15911258, 15511258, 15411258, 15311258, 15211258, 15711258, 15611258, 15111258, 15011258]","[37, 37, 37, 37, 37, 37, 37, 37, 37, 37]"
671,6,"[7, 10, 14, 36, 43, 44]",6,2.3959414763376117,0.16554879490286112,15.948013042798266,"[15682286, 15782286, 15982286, 15882286, 15582286, 15482286, 15282286, 15382286, 15082286, 15182286]","[44, 44, 44, 44, 44, 44, 44, 44, 44, 44]"
672,6,"[14, 20, 21, 22, 39, 46]",6,2.3142596697434783,0.16783004999160767,15.24733274942264,"[15308519, 15208519, 15008519, 15108519, 15608519, 15708519, 15908519, 15808519, 15408519, 15508519]","[21, 21, 21, 21, 21, 21, 21, 21, 21, 21]"
673,6,"[11, 17, 24, 30, 41, 44]",6,2.294292931444943,0.15982229635119438,14.665929909873133,"[15322710, 15222710, 15022710, 15122710, 15422710, 15522710, 15922710, 15822710, 15722710, 15622710]","[30, 30, 30, 30, 30, 30, 30, 30, 30, 30]"
674,6,"[5, 28, 42, 46, 47]",5,2.097703179344535,0.14647242054343224,17.360248598083853,"[15269907, 15369907, 15469907, 15569907, 15169907, 15069907, 15869907, 15969907, 15669907, 15769907]","[28, 28, 28, 28, 28, 28, 28, 28, 28, 28]"
675,6,"[1, 36, 38, 39, 42, 47]",6,2.4590529184788465,0.17496806755661964,17.841365905245766,"[15440799, 15540799, 15240799, 15340799, 15640799, 15740799, 15140799, 15040799, 15940799, 15840799]","[36, 36, 36, 36, 36, 36, 36, 36, 36, 36]"
676,6,"[5, 7, 11, 31, 37]",5,1.9603798612952232,0.13163937907665968,13.716591719537973,"[15637166, 15737166, 15437166, 15537166, 15337166, 15237166, 15037166, 15137166, 15837166, 15937166]","[5, 5, 5, 5, 5, 5, 5, 5, 5, 5]"
677,6,"[12, 19, 22, 30, 36, 47]",6,2.3618420138955116,0.16918627079576254,15.260387118905783,"[15394620, 15294620, 15894620, 15994620, 15594620, 15494620, 15694620, 15794620, 15194620, 15094620]","[36, 36, 36, 36, 36, 36, 36, 36, 36, 36]"
678,6,"[1, 11, 14, 36, 39]",5,1.9419005336239934,0.13464118540287018,14.959699065703898,"[15605919, 15705919, 15105919, 15005919, 15205919, 15305919, 15505919, 15405919, 15905919, 15805919]","[36, 36, 36, 36, 36, 36, 36, 36, 36, 36]"
679,6,"[1, 11, 17, 27, 44, 46]",6,2.3120856573805213,0.1682470254600048,15.043807845795527,"[15147368, 15047368, 15847368, 15947368, 15447368, 15547368, 15647368, 15747368, 15247368, 15347368]","[27, 27, 27, 27, 27, 27, 27, 27, 27, 27]"
680,6,"[11, 14, 17, 37, 39, 46]",6,2.240643620491028,0.16297087166458368,15.360670835943893,"[15159550, 15059550, 15259550, 15359550, 15559550, 15459550, 15959550, 15859550, 15759550, 15659550]","[11, 11, 11, 11, 11, 11, 11, 11, 11, 11]"
681,6,"[11, 14, 29, 39, 41, 43]",6,2.27048921585083,0.15897021163254976,14.296034165270006,"[15215973, 15315973, 15415973, 15515973, 15115973, 15015973, 15815973, 15915973, 15615973, 15715973]","[14, 14, 14, 14, 14, 14, 14, 14, 14, 14]"
682,6,"[4, 7, 14, 17, 36, 43]",6,2.4003607034683228,0.17074899189174175,15.475854349633059,"[15117403, 15017403, 15717403, 15617403, 15517403, 15417403, 15317403, 15217403, 15917403, 15817403]","[36, 36, 36, 36, 36, 36, 36, 36, 36, 36]"
683,6,"[11, 14, 37, 44, 46]",5,1.851101916283369,0.12907859683036804,15.520818499475718,"[15609912, 15709912, 15109912, 15009912, 15209912, 15309912, 15509912, 15409912, 15909912, 15809912]","[44, 44, 44, 44, 44, 44, 44, 44, 44, 44]"
684,6,"[0, 9, 15, 42, 46]",5,1.911912614479661,0.13543650787323713,15.402446046750992,"[15135027, 15035027, 15735027, 15635027, 15535027, 15435027, 15935027, 15835027, 15335027, 15235027]","[0, 0, 0, 0, 0, 0, 0, 0, 0, 0]"
685,6,"[6, 8, 17, 26, 46]",5,1.9276659488677979,0.13239670172333717,13.979419074300676,"[15548016, 15448016, 15948016, 15848016, 15148016, 15048016, 15648016, 15748016, 15248016, 15348016]","[17, 17, 17, 17, 17, 17, 17, 17, 17, 17]"
686,6,"[11, 14, 20, 21, 39, 43]",6,2.2812657402828336,0.16340232733637094,14.831654627807438,"[15155115, 15055115, 15255115, 15355115, 15555115, 15455115, 15955115, 15855115, 15755115, 15655115]","[11, 11, 11, 11, 11, 11, 11, 11, 11, 11]"
687,6,"[0, 22, 42, 46]",4,1.5761553579941392,0.11622114479541779,15.998350551002659,"[15116548, 15016548, 15216548, 15316548, 15516548, 15416548, 15916548, 15816548, 15716548, 15616548]","[0, 0, 0, 0, 0, 0, 0, 0, 0, 0]"
688,6,"[2, 11, 18, 36, 42, 43]",6,2.490889720618725,0.1711730593815446,16.3326242568437,"[15354604, 15254604, 15654604, 15754604, 15554604, 15454604, 15054604, 15154604, 15854604, 15954604]","[43, 43, 43, 43, 43, 43, 43, 43, 43, 43]"
689,6,"[11, 17, 27, 39, 43, 47]",6,2.294705760665238,0.16355040483176708,15.579326174299544,"[15462093, 15562093, 15262093, 15362093, 15662093, 15762093, 15162093, 15062093, 15962093, 15862093]","[17, 17, 17, 17, 17, 17, 17, 17, 17, 17]"
690,6,"[11, 37, 39, 45]",4,1.4460568744689226,0.10434358101338148,15.968661858467385,"[15230117, 15330117, 15930117, 15830117, 15730117, 15630117, 15530117, 15430117, 15030117, 15130117]","[39, 39, 39, 39, 39, 39, 39, 39, 39, 39]"
691,6,"[4, 11, 21, 30, 39, 47]",6,2.27745268214494,0.15988891292363405,14.587765691025803,"[15921082, 15821082, 15721082, 15621082, 15021082, 15121082, 15321082, 15221082, 15421082, 15521082]","[21, 21, 21, 21, 21, 21, 21, 21, 21, 21]"
692,6,"[11, 21, 39, 42, 43, 46]",6,2.3499759323894978,0.173161581158638,16.745369875105098,"[15871814, 15971814, 15471814, 15571814, 15071814, 15171814, 15671814, 15771814, 15371814, 15271814]","[46, 46, 46, 46, 46, 46, 46, 46, 46, 46]"
693,6,"[0, 8, 11, 42, 43, 46]",6,2.316059638746083,0.1687816297635436,15.700533974915743,"[15128324, 15028324, 15828324, 15928324, 15428324, 15528324, 15628324, 15728324, 15228324, 15328324]","[42, 42, 42, 42, 42, 42, 42, 42, 42, 42]"
694,6,"[8, 11, 39, 42, 43, 46]",6,2.3368407180532813,0.16519905347377062,16.537794396514073,"[15349957, 15249957, 15149957, 15049957, 15449957, 15549957, 15949957, 15849957, 15649957, 15749957]","[8, 8, 8, 8, 8, 8, 8, 8, 8, 8]"
695,6,"[6, 10, 11, 25, 31, 36]",6,2.3436235059052706,0.15755946561694145,13.560334344084064,"[15591396, 15491396, 15991396, 15891396, 15191396, 15091396, 15691396, 15791396, 15291396, 15391396]","[11, 11, 11, 11, 11, 11, 11, 11, 11, 11]"
696,6,"[0, 3, 7, 18, 21, 42]",6,2.4209013115614653,0.16923600528389215,14.387973933015019,"[15760415, 15660415, 15360415, 15260415, 15160415, 15060415, 15460415, 15560415, 15960415, 15860415]","[18, 18, 18, 18, 18, 18, 18, 18, 18, 18]"
697,6,"[10, 11, 13, 24, 46]",5,1.8788930606096983,0.12648341618478298,14.278333212062716,"[15455115, 15555115, 15255115, 15355115, 15655115, 15755115, 15155115, 15055115, 15955115, 15855115]","[11, 11, 11, 11, 11, 11, 11, 11, 11, 11]"
698,6,"[5, 7, 17, 28, 39, 42]",6,2.5159181226044893,0.17500832863152027,15.860393996350467,"[15268412, 15368412, 15568412, 15468412, 15968412, 15868412, 15168412, 15068412, 15668412, 15768412]","[42, 42, 42, 42, 42, 42, 42, 42, 42, 42]"
699,6,"[14, 38, 39, 44, 47]",5,1.9456730065867305,0.14218143746256828,17.319851482938976,"[15639692, 15739692, 15039692, 15139692, 15239692, 15339692, 15939692, 15839692, 15439692, 15539692]","[39, 39, 39, 39, 39, 39, 39, 39, 39, 39]"
700,6,"[10, 11, 14, 24, 28, 41]",6,2.3276408053934574,0.1595207815989852,13.844079655284682,"[15863272, 15963272, 15563272, 15463272, 15363272, 15263272, 15763272, 15663272, 15163272, 15063272]","[41, 41, 41, 41, 41, 41, 41, 41, 41, 41]"
701,6,"[0, 4, 25, 36, 38, 46]",6,2.3935035225003958,0.16202482022345066,16.3563476044219,"[15117403, 15017403, 15817403, 15917403, 15417403, 15517403, 15617403, 15717403, 15217403, 15317403]","[36, 36, 36, 36, 36, 36, 36, 36, 36, 36]"
702,6,"[11, 19, 28, 35, 45, 46]",6,2.349017834290862,0.16384025290608406,20.044533317132544,"[15627618, 15727618, 15427618, 15527618, 15327618, 15227618, 15827618, 15927618, 15027618, 15127618]","[45, 45, 45, 45, 45, 45, 45, 45, 45, 45]"
703,6,"[1, 14, 22, 33, 45, 46]",6,2.342720669694245,0.15707947686314583,15.562679688523835,"[15645940, 15745940, 15045940, 15145940, 15245940, 15345940, 15945940, 15845940, 15445940, 15545940]","[22, 22, 22, 22, 22, 22, 22, 22, 22, 22]"
704,6,"[7, 11, 15, 22, 32, 43]",6,2.3480635127052665,0.16874798946082592,14.33220347793152,"[15141941, 15041941, 15241941, 15341941, 15541941, 15441941, 15941941, 15841941, 15741941, 15641941]","[7, 7, 7, 7, 7, 7, 7, 7, 7, 7]"
705,6,"[0, 11, 24, 28, 37, 43]",6,2.316449183039367,0.16278312355279922,14.785469376249239,"[15172947, 15072947, 15872947, 15972947, 15472947, 15572947, 15372947, 15272947, 15672947, 15772947]","[28, 28, 28, 28, 28, 28, 28, 28, 28, 28]"
706,6,"[11, 28, 36, 39, 42, 43]",6,2.44299831520766,0.17705225758254528,16.89936007450645,"[15717042, 15617042, 15417042, 15517042, 15117042, 15017042, 15817042, 15917042, 15217042, 15317042]","[28, 28, 28, 28, 28, 28, 28, 28, 28, 28]"
707,6,"[21, 25, 34, 39, 40, 43]",6,2.37928594276309,0.16372117400169373,16.308179611184944,"[15422538, 15522538, 15722538, 15622538, 15222538, 15322538, 15122538, 15022538, 15922538, 15822538]","[25, 25, 25, 25, 25, 25, 25, 25, 25, 25]"
708,6,"[11, 21, 31, 38, 46]",5,1.957410914823413,0.13705006707459688,15.785574908461422,"[15164364, 15064364, 15764364, 15664364, 15564364, 15464364, 15364364, 15264364, 15964364, 15864364]","[46, 46, 46, 46, 46, 46, 46, 46, 46, 46]"
709,6,"[1, 7, 11, 21, 31]",5,1.965539913624525,0.1371537446975708,13.283149691391737,"[15051195, 15151195, 15451195, 15551195, 15951195, 15851195, 15251195, 15351195, 15751195, 15651195]","[31, 31, 31, 31, 31, 31, 31, 31, 31, 31]"
710,6,"[8, 11, 30, 33, 43, 46]",6,2.316524537280202,0.1601276034489274,15.149088846441979,"[15542989, 15442989, 15942989, 15842989, 15142989, 15042989, 15642989, 15742989, 15242989, 15342989]","[30, 30, 30, 30, 30, 30, 30, 30, 30, 30]"
711,6,"[0, 11, 15, 37, 46]",5,1.8477527583017945,0.12670753058046103,14.989576941169798,"[15549464, 15449464, 15949464, 15849464, 15149464, 15049464, 15249464, 15349464, 15749464, 15649464]","[15, 15, 15, 15, 15, 15, 15, 15, 15, 15]"
712,6,"[3, 11, 14, 28, 42, 46]",6,2.3683769730851054,0.1688951924443245,15.195754347989956,"[15104257, 15004257, 15704257, 15604257, 15504257, 15404257, 15904257, 15804257, 15304257, 15204257]","[3, 3, 3, 3, 3, 3, 3, 3, 3, 3]"
713,6,"[11, 14, 36, 43, 46]",5,1.9579380666837096,0.13561478443443775,16.572203105781227,"[15521812, 15421812, 15921812, 15821812, 15121812, 15021812, 15621812, 15721812, 15221812, 15321812]","[36, 36, 36, 36, 36, 36, 36, 36, 36, 36]"
714,6,"[6, 11, 14, 15, 37, 47]",6,2.230450114235282,0.15088710188865662,14.256483756549036,"[15187310, 15087310, 15787310, 15687310, 15587310, 15487310, 15987310, 15887310, 15387310, 15287310]","[6, 6, 6, 6, 6, 6, 6, 6, 6, 6]"
715,6,"[4, 11, 27, 28, 43, 44]",6,2.3296523578464985,0.1630558269098401,14.878000857075676,"[15176185, 15076185, 15876185, 15976185, 15476185, 15576185, 15376185, 15276185, 15676185, 15776185]","[28, 28, 28, 28, 28, 28, 28, 28, 28, 28]"
716,6,"[5, 7, 17, 30, 43, 44]",6,2.4512863773852587,0.171225531026721,15.847631406039,"[15031061, 15131061, 15431061, 15531061, 15931061, 15831061, 15231061, 15331061, 15731061, 15631061]","[43, 43, 43, 43, 43, 43, 43, 43, 43, 43]"
717,6,"[9, 14, 21, 25, 33, 42]",6,2.330096898600459,0.17187638953328133,13.90555688405099,"[15167109, 15067109, 15267109, 15367109, 15567109, 15467109, 15967109, 15867109, 15767109, 15667109]","[9, 9, 9, 9, 9, 9, 9, 9, 9, 9]"
718,6,"[4, 11, 17, 22, 43]",5,1.9503476452082396,0.13673715479671955,14.852658069413156,"[15535026, 15435026, 15235026, 15335026, 15935026, 15835026, 15035026, 15135026, 15635026, 15735026]","[11, 11, 11, 11, 11, 11, 11, 11, 11, 11]"
719,6,"[0, 8, 10, 11, 46]",5,1.8720942996442318,0.13048586063086987,13.968837926443666,"[15554264, 15454264, 15954264, 15854264, 15154264, 15054264, 15254264, 15354264, 15754264, 15654264]","[10, 10, 10, 10, 10, 10, 10, 10, 10, 10]"
720,6,"[14, 16, 22, 41, 42, 44]",6,2.3030376993119717,0.16388438642024994,15.69282845663838,"[15882286, 15982286, 15582286, 15482286, 15682286, 15782286, 15182286, 15082286, 15382286, 15282286]","[44, 44, 44, 44, 44, 44, 44, 44, 44, 44]"
721,6,"[1, 11, 17, 22, 23, 47]",6,2.350515798665583,0.16611244529485703,14.62228531142076,"[15611502, 15711502, 15411502, 15511502, 15311502, 15211502, 15011502, 15111502, 15811502, 15911502]","[1, 1, 1, 1, 1, 1, 1, 1, 1, 1]"
722,6,"[7, 17, 21, 36, 46]",5,2.0470133358612657,0.14191073086112738,16.41786370864138,"[15262093, 15362093, 15462093, 15562093, 15162093, 15062093, 15862093, 15962093, 15662093, 15762093]","[17, 17, 17, 17, 17, 17, 17, 17, 17, 17]"
723,6,"[11, 36, 43, 44, 46, 47]",6,2.3838906614109874,0.16847174149006605,17.74721100530587,"[15311511, 15211511, 15011511, 15111511, 15611511, 15711511, 15911511, 15811511, 15411511, 15511511]","[43, 43, 43, 43, 43, 43, 43, 43, 43, 43]"
724,6,"[0, 10, 21, 31, 42, 47]",6,2.3336612805724144,0.16474511474370956,14.494555559474975,"[15635027, 15735027, 15435027, 15535027, 15335027, 15235027, 15035027, 15135027, 15835027, 15935027]","[0, 0, 0, 0, 0, 0, 0, 0, 0, 0]"
725,6,"[7, 8, 28, 37, 43, 46]",6,2.4073528312146664,0.16579872649163008,16.288938078718882,"[15111258, 15011258, 15811258, 15911258, 15411258, 15511258, 15311258, 15211258, 15611258, 15711258]","[37, 37, 37, 37, 37, 37, 37, 37, 37, 37]"
726,6,"[2, 12, 14, 21, 37, 39]",6,2.3035304602235556,0.16364295314997435,14.58225743449293,"[15111258, 15011258, 15211258, 15311258, 15511258, 15411258, 15711258, 15611258, 15911258, 15811258]","[37, 37, 37, 37, 37, 37, 37, 37, 37, 37]"
727,6,"[10, 11, 17, 31, 37, 42]",6,2.274820332415402,0.15530743543058634,14.218164898144702,"[15695573, 15795573, 15495573, 15595573, 15395573, 15295573, 15895573, 15995573, 15095573, 15195573]","[37, 37, 37, 37, 37, 37, 37, 37, 37, 37]"
728,6,"[8, 42, 44, 46]",4,1.5729606878012419,0.10805552173405886,17.04317228193395,"[15492873, 15592873, 15892873, 15992873, 15092873, 15192873, 15692873, 15792873, 15392873, 15292873]","[42, 42, 42, 42, 42, 42, 42, 42, 42, 42]"
729,6,"[7, 11, 22, 25, 39, 46]",6,2.3645236352458596,0.16576361749321222,15.230435447224105,"[15226085, 15326085, 15526085, 15426085, 15926085, 15826085, 15126085, 15026085, 15626085, 15726085]","[46, 46, 46, 46, 46, 46, 46, 46, 46, 46]"
730,6,"[8, 14, 16, 42, 43, 44]",6,2.2940457398071885,0.15581982769072056,16.01868316088803,"[15338341, 15238341, 15638341, 15738341, 15538341, 15438341, 15038341, 15138341, 15838341, 15938341]","[44, 44, 44, 44, 44, 44, 44, 44, 44, 44]"
731,6,"[1, 11, 16, 31, 39, 47]",6,2.26358213275671,0.15882532950490713,14.857691007976731,"[15611502, 15711502, 15411502, 15511502, 15311502, 15211502, 15011502, 15111502, 15811502, 15911502]","[1, 1, 1, 1, 1, 1, 1, 1, 1, 1]"
732,6,"[20, 38, 42, 43, 45, 46]",6,2.3849101793020964,0.16715016309171915,18.433684755039092,"[15175381, 15075381, 15775381, 15675381, 15575381, 15475381, 15375381, 15275381, 15975381, 15875381]","[45, 45, 45, 45, 45, 45, 45, 45, 45, 45]"
733,6,"[24, 36, 42, 46]",4,1.6245450377464294,0.1091940850019455,17.41968059935607,"[15621486, 15721486, 15421486, 15521486, 15321486, 15221486, 15021486, 15121486, 15821486, 15921486]","[24, 24, 24, 24, 24, 24, 24, 24, 24, 24]"
734,6,"[8, 15, 17, 21, 46]",5,1.9528106059879065,0.13797815702855587,15.558141299895942,"[15453750, 15553750, 15253750, 15353750, 15653750, 15753750, 15153750, 15053750, 15953750, 15853750]","[15, 15, 15, 15, 15, 15, 15, 15, 15, 15]"
735,6,"[0, 1, 2, 41, 42, 43]",6,2.42080732434988,0.1731622563675046,15.682320416904986,"[15231061, 15331061, 15531061, 15431061, 15931061, 15831061, 15131061, 15031061, 15631061, 15731061]","[43, 43, 43, 43, 43, 43, 43, 43, 43, 43]"
736,6,"[11, 15, 17, 21, 38, 47]",6,2.3569245617836714,0.16544295754283667,16.077777778962627,"[15888862, 15988862, 15488862, 15588862, 15088862, 15188862, 15688862, 15788862, 15388862, 15288862]","[47, 47, 47, 47, 47, 47, 47, 47, 47, 47]"
737,6,"[2, 5, 11, 25, 36, 46]",6,2.4869726514443755,0.16641708929091692,15.709507647901773,"[15129815, 15029815, 15729815, 15629815, 15529815, 15429815, 15929815, 15829815, 15329815, 15229815]","[2, 2, 2, 2, 2, 2, 2, 2, 2, 2]"
738,6,"[6, 11, 15, 21, 22, 43]",6,2.3405342353507876,0.1574855325743556,14.63316894431288,"[15680342, 15780342, 15180342, 15080342, 15280342, 15380342, 15580342, 15480342, 15980342, 15880342]","[21, 21, 21, 21, 21, 21, 21, 21, 21, 21]"
739,6,"[11, 19, 21, 28, 46]",5,1.9569076430052519,0.1318075805902481,14.984716780669988,"[15371814, 15271814, 15171814, 15071814, 15471814, 15571814, 15671814, 15771814, 15971814, 15871814]","[46, 46, 46, 46, 46, 46, 46, 46, 46, 46]"
740,6,"[7, 17, 24, 37, 39, 43]",6,2.34272479172796,0.17287862207740545,15.807936961684996,"[15170621, 15070621, 15570621, 15470621, 15370621, 15270621, 15870621, 15970621, 15770621, 15670621]","[17, 17, 17, 17, 17, 17, 17, 17, 17, 17]"
741,6,"[10, 11, 17, 36, 46, 47]",6,2.3647614354267716,0.16419298481196165,16.206817428736638,"[15755115, 15655115, 15455115, 15555115, 15155115, 15055115, 15855115, 15955115, 15255115, 15355115]","[11, 11, 11, 11, 11, 11, 11, 11, 11, 11]"
742,6,"[20, 24, 39, 46, 47]",5,1.9263532711192966,0.1316119423136115,16.386520879808813,"[15433162, 15533162, 15233162, 15333162, 15633162, 15733162, 15133162, 15033162, 15933162, 15833162]","[24, 24, 24, 24, 24, 24, 24, 24, 24, 24]"
743,6,"[1, 11, 33, 43]",4,1.5866826642304659,0.10781988315284252,14.804645885596983,"[15599757, 15499757, 15999757, 15899757, 15199757, 15099757, 15699757, 15799757, 15299757, 15399757]","[33, 33, 33, 33, 33, 33, 33, 33, 33, 33]"
744,6,"[24, 42, 44, 46]",4,1.5828981213271618,0.11245336942374706,17.156749013927765,"[15157756, 15057756, 15857756, 15957756, 15457756, 15557756, 15357756, 15257756, 15657756, 15757756]","[46, 46, 46, 46, 46, 46, 46, 46, 46, 46]"
745,6,"[11, 12, 14, 27, 43, 46]",6,2.2595759024843574,0.15496435202658176,14.813358217633018,"[15202545, 15302545, 15402545, 15502545, 15102545, 15002545, 15802545, 15902545, 15602545, 15702545]","[12, 12, 12, 12, 12, 12, 12, 12, 12, 12]"
746,6,"[11, 17, 30, 39, 41]",5,1.9000740107148886,0.13513767439872026,14.765641743224114,"[15202200, 15302200, 15102200, 15002200, 15702200, 15602200, 15502200, 15402200, 15902200, 15802200]","[39, 39, 39, 39, 39, 39, 39, 39, 39, 39]"
747,6,"[10, 11, 12, 17, 38, 47]",6,2.345633245073259,0.16983122378587723,15.576130738016218,"[15154264, 15054264, 15254264, 15354264, 15554264, 15454264, 15954264, 15854264, 15754264, 15654264]","[10, 10, 10, 10, 10, 10, 10, 10, 10, 10]"
748,6,"[6, 10, 14, 17, 20, 28]",6,2.35589069314301,0.16022794786840677,13.627844653480375,"[15538074, 15438074, 15138074, 15038074, 15738074, 15638074, 15338074, 15238074, 15938074, 15838074]","[10, 10, 10, 10, 10, 10, 10, 10, 10, 10]"
749,6,"[16, 17, 36, 39, 42]",5,1.9505831878632307,0.1435086065903306,16.894889128487556,"[15146594, 15046594, 15246594, 15346594, 15546594, 15446594, 15746594, 15646594, 15946594, 15846594]","[42, 42, 42, 42, 42, 42, 42, 42, 42, 42]"
750,6,"[8, 11, 17, 36, 41, 43]",6,2.362831646576524,0.16139512788504362,15.84022644511424,"[15121812, 15021812, 15821812, 15921812, 15421812, 15521812, 15621812, 15721812, 15221812, 15321812]","[36, 36, 36, 36, 36, 36, 36, 36, 36, 36]"
751,6,"[0, 14, 21, 27, 43]",5,1.8844407852739096,0.13836236856877804,13.884393125958741,"[15713735, 15613735, 15313735, 15213735, 15113735, 15013735, 15413735, 15513735, 15913735, 15813735]","[27, 27, 27, 27, 27, 27, 27, 27, 27, 27]"
752,6,"[1, 17, 19, 38, 39, 41]",6,2.3500176006928086,0.17637271620333195,16.081244465817388,"[15882683, 15982683, 15582683, 15482683, 15382683, 15282683, 15782683, 15682683, 15182683, 15082683]","[41, 41, 41, 41, 41, 41, 41, 41, 41, 41]"
753,6,"[11, 42, 43, 46, 47]",5,1.9736055498942733,0.14054118376225233,17.484977347031236,"[15163517, 15063517, 15263517, 15363517, 15563517, 15463517, 15763517, 15663517, 15963517, 15863517]","[47, 47, 47, 47, 47, 47, 47, 47, 47, 47]"
754,6,"[1, 11, 14, 15, 24, 28]",6,2.3448809161782265,0.1643828358501196,13.971432173857465,"[15157276, 15057276, 15857276, 15957276, 15457276, 15557276, 15657276, 15757276, 15257276, 15357276]","[15, 15, 15, 15, 15, 15, 15, 15, 15, 15]"
755,6,"[11, 31, 36, 39, 43, 47]",6,2.377776109613478,0.1653969855979085,16.31244296502943,"[15418839, 15518839, 15618839, 15718839, 15918839, 15818839, 15118839, 15018839, 15218839, 15318839]","[36, 36, 36, 36, 36, 36, 36, 36, 36, 36]"
756,6,"[5, 11, 17, 39, 46, 47]",6,2.383181515149772,0.1648500394076109,16.28362970543094,"[15467885, 15567885, 15967885, 15867885, 15367885, 15267885, 15767885, 15667885, 15167885, 15067885]","[17, 17, 17, 17, 17, 17, 17, 17, 17, 17]"
757,6,"[11, 17, 43, 44, 46]",5,1.9550599372014403,0.1396380653604865,16.928924288321287,"[15257756, 15357756, 15457756, 15557756, 15657756, 15757756, 15857756, 15957756, 15057756, 15157756]","[46, 46, 46, 46, 46, 46, 46, 46, 46, 46]"
758,6,"[7, 11, 17, 30, 46, 47]",6,2.352693741209805,0.16175126750022173,15.432662856609872,"[15831314, 15931314, 15431314, 15531314, 15331314, 15231314, 15031314, 15131314, 15731314, 15631314]","[11, 11, 11, 11, 11, 11, 11, 11, 11, 11]"
759,6,"[7, 15, 17, 34, 42, 43]",6,2.40892387740314,0.17546828277409077,16.438924360244226,"[15754604, 15654604, 15354604, 15254604, 15554604, 15454604, 15054604, 15154604, 15854604, 15954604]","[43, 43, 43, 43, 43, 43, 43, 43, 43, 43]"
760,6,"[0, 10, 21, 24, 37, 46]",6,2.2735961573198438,0.16332872584462166,14.632486344625553,"[15508519, 15408519, 15908519, 15808519, 15108519, 15008519, 15208519, 15308519, 15708519, 15608519]","[21, 21, 21, 21, 21, 21, 21, 21, 21, 21]"
761,6,"[10, 11, 21, 42, 43]",5,1.956216000020504,0.14083884470164776,15.315541618783026,"[15011511, 15111511, 15411511, 15511511, 15911511, 15811511, 15211511, 15311511, 15711511, 15611511]","[43, 43, 43, 43, 43, 43, 43, 43, 43, 43]"
762,6,"[1, 11, 14, 43, 46]",5,1.9439006252214313,0.13492372632026672,15.640099666453898,"[15121235, 15021235, 15221235, 15321235, 15521235, 15421235, 15921235, 15821235, 15721235, 15621235]","[1, 1, 1, 1, 1, 1, 1, 1, 1, 1]"
763,6,"[1, 11, 14, 17, 39, 42]",6,2.3204706693068147,0.16407804656773806,14.810570290777832,"[15433244, 15533244, 15733244, 15633244, 15233244, 15333244, 15133244, 15033244, 15933244, 15833244]","[11, 11, 11, 11, 11, 11, 11, 11, 11, 11]"
764,6,"[8, 14, 28, 43, 44, 46]",6,2.3874908359721303,0.16208871267735958,16.43750500647972,"[15369907, 15269907, 15069907, 15169907, 15669907, 15769907, 15969907, 15869907, 15469907, 15569907]","[28, 28, 28, 28, 28, 28, 28, 28, 28, 28]"
765,6,"[4, 11, 17, 30, 35, 43]",6,2.342593889683485,0.16581412684172392,18.876283926501248,"[15781704, 15681704, 15581704, 15481704, 15081704, 15181704, 15281704, 15381704, 15881704, 15981704]","[4, 4, 4, 4, 4, 4, 4, 4, 4, 4]"
766,6,"[2, 11, 17, 24, 46]",5,1.9928172221407294,0.13654795102775097,15.0092677234672,"[15666295, 15766295, 15466295, 15566295, 15366295, 15266295, 15066295, 15166295, 15866295, 15966295]","[2, 2, 2, 2, 2, 2, 2, 2, 2, 2]"
767,6,"[5, 11, 14, 17, 31, 42]",6,2.364768578670919,0.16348700504750013,14.098502153685937,"[15175073, 15075073, 15275073, 15375073, 15575073, 15475073, 15975073, 15875073, 15775073, 15675073]","[5, 5, 5, 5, 5, 5, 5, 5, 5, 5]"
768,6,"[17, 20, 32, 37, 43, 44]",6,2.290335970930755,0.1582365222275257,15.28825568446579,"[15611258, 15711258, 15111258, 15011258, 15211258, 15311258, 15511258, 15411258, 15911258, 15811258]","[37, 37, 37, 37, 37, 37, 37, 37, 37, 37]"
769,6,"[11, 21, 23, 37, 41, 46]",6,2.2628982728347182,0.15495562925934792,15.147010924372202,"[15208519, 15308519, 15408519, 15508519, 15108519, 15008519, 15808519, 15908519, 15608519, 15708519]","[21, 21, 21, 21, 21, 21, 21, 21, 21, 21]"
770,6,"[5, 11, 21, 28, 30, 39]",6,2.4258668581023812,0.16461274772882462,14.636637480463833,"[15609074, 15709074, 15409074, 15509074, 15309074, 15209074, 15009074, 15109074, 15809074, 15909074]","[5, 5, 5, 5, 5, 5, 5, 5, 5, 5]"
771,6,"[5, 8, 11, 17, 42, 43]",6,2.4172088894993067,0.17059588059782982,15.480203276655326,"[15128324, 15028324, 15728324, 15628324, 15528324, 15428324, 15328324, 15228324, 15928324, 15828324]","[42, 42, 42, 42, 42, 42, 42, 42, 42, 42]"
772,6,"[17, 24, 41, 44, 46]",5,1.9498321814462543,0.14036110509186983,16.47613371312618,"[15134924, 15034924, 15234924, 15334924, 15534924, 15434924, 15934924, 15834924, 15734924, 15634924]","[17, 17, 17, 17, 17, 17, 17, 17, 17, 17]"
773,6,"[2, 17, 42, 43, 46]",5,2.0670883236452937,0.14663589652627707,17.34843256380409,"[15081200, 15181200, 15481200, 15581200, 15981200, 15881200, 15781200, 15681200, 15281200, 15381200]","[2, 2, 2, 2, 2, 2, 2, 2, 2, 2]"
774,6,"[5, 11, 17, 24, 25]",5,1.9988884078338742,0.14077693689614534,13.988783617131412,"[15033642, 15133642, 15433642, 15533642, 15933642, 15833642, 15733642, 15633642, 15233642, 15333642]","[5, 5, 5, 5, 5, 5, 5, 5, 5, 5]"
775,6,"[2, 7, 39, 42, 46]",5,2.0371255669742823,0.14187604188919067,16.571822704281658,"[15342155, 15242155, 15042155, 15142155, 15642155, 15742155, 15942155, 15842155, 15442155, 15542155]","[39, 39, 39, 39, 39, 39, 39, 39, 39, 39]"
776,6,"[8, 11, 39, 42, 46, 47]",6,2.3158482229337096,0.1611514026299119,16.308311754837632,"[15479703, 15579703, 15279703, 15379703, 15679703, 15779703, 15179703, 15079703, 15979703, 15879703]","[11, 11, 11, 11, 11, 11, 11, 11, 11, 11]"
777,6,"[0, 6, 11, 17, 39, 46]",6,2.274472391232848,0.1594382394105196,14.665612046374008,"[15318767, 15218767, 15118767, 15018767, 15418767, 15518767, 15918767, 15818767, 15618767, 15718767]","[0, 0, 0, 0, 0, 0, 0, 0, 0, 0]"
778,6,"[0, 1, 11, 15, 41, 42]",6,2.308537838049233,0.1648753620684147,14.62441116408445,"[15132527, 15032527, 15232527, 15332527, 15532527, 15432527, 15732527, 15632527, 15932527, 15832527]","[41, 41, 41, 41, 41, 41, 41, 41, 41, 41]"
779,6,"[3, 7, 11, 24, 28, 46]",6,2.3985297232866287,0.17377722915261984,14.743694395835822,"[15681089, 15781089, 15481089, 15581089, 15381089, 15281089, 15881089, 15981089, 15081089, 15181089]","[28, 28, 28, 28, 28, 28, 28, 28, 28, 28]"
780,6,"[7, 11, 15, 17, 46]",5,1.968735909089446,0.144185159355402,15.343201805464924,"[15224286, 15324286, 15424286, 15524286, 15624286, 15724286, 15824286, 15924286, 15024286, 15124286]","[46, 46, 46, 46, 46, 46, 46, 46, 46, 46]"
781,6,"[0, 5, 11, 43, 47]",5,1.9849351374432445,0.13489614240825176,15.457570009399205,"[15727800, 15627800, 15427800, 15527800, 15127800, 15027800, 15827800, 15927800, 15227800, 15327800]","[5, 5, 5, 5, 5, 5, 5, 5, 5, 5]"
782,6,"[2, 3, 11, 17, 36, 39]",6,2.396182897500694,0.16982671711593866,15.173190543816114,"[15259344, 15359344, 15659344, 15759344, 15959344, 15859344, 15459344, 15559344, 15159344, 15059344]","[3, 3, 3, 3, 3, 3, 3, 3, 3, 3]"
783,6,"[0, 9, 15, 16, 31, 36]",6,2.2532911617308855,0.1708987345919013,14.323978467611596,"[15869300, 15969300, 15469300, 15569300, 15369300, 15269300, 15069300, 15169300, 15769300, 15669300]","[9, 9, 9, 9, 9, 9, 9, 9, 9, 9]"
784,6,"[11, 17, 36, 42, 44, 46]",6,2.386067838408053,0.16632167994976044,16.921393532694008,"[15191904, 15091904, 15291904, 15391904, 15591904, 15491904, 15991904, 15891904, 15791904, 15691904]","[11, 11, 11, 11, 11, 11, 11, 11, 11, 11]"
785,6,"[11, 13, 17, 36, 41, 46]",6,2.338591002859175,0.1605086112394929,15.885879373488327,"[15720017, 15620017, 15320017, 15220017, 15120017, 15020017, 15420017, 15520017, 15920017, 15820017]","[36, 36, 36, 36, 36, 36, 36, 36, 36, 36]"
786,6,"[11, 14, 17, 20, 31, 44]",6,2.263648628257215,0.1625793855637312,13.837969395099208,"[15683642, 15783642, 15983642, 15883642, 15583642, 15483642, 15283642, 15383642, 15083642, 15183642]","[44, 44, 44, 44, 44, 44, 44, 44, 44, 44]"
787,6,"[14, 22, 28, 46]",4,1.6284954650327563,0.1080896956846118,15.686389756971039,"[15755977, 15655977, 15455977, 15555977, 15155977, 15055977, 15855977, 15955977, 15255977, 15355977]","[22, 22, 22, 22, 22, 22, 22, 22, 22, 22]"
788,6,"[7, 11, 22, 36, 38, 39]",6,2.4234462762251496,0.16974098049104214,16.267674762910854,"[15061150, 15161150, 15661150, 15761150, 15861150, 15961150, 15561150, 15461150, 15361150, 15261150]","[36, 36, 36, 36, 36, 36, 36, 36, 36, 36]"
789,6,"[10, 11, 17, 28, 36, 42]",6,2.431828119792044,0.16986806597560644,15.482002491053814,"[15416724, 15516724, 15716724, 15616724, 15216724, 15316724, 15116724, 15016724, 15916724, 15816724]","[11, 11, 11, 11, 11, 11, 11, 11, 11, 11]"
790,6,"[11, 17, 27, 39, 46]",5,1.8847212456166744,0.13391282875090837,15.06165294703096,"[15179703, 15079703, 15279703, 15379703, 15579703, 15479703, 15979703, 15879703, 15779703, 15679703]","[11, 11, 11, 11, 11, 11, 11, 11, 11, 11]"
791,6,"[11, 31, 43, 44, 46, 47]",6,2.331681019626558,0.15710977278649807,16.57750211500873,"[15071773, 15171773, 15471773, 15571773, 15971773, 15871773, 15771773, 15671773, 15271773, 15371773]","[11, 11, 11, 11, 11, 11, 11, 11, 11, 11]"
792,6,"[11, 24, 27, 44, 46]",5,1.874952394515276,0.1330754403024912,14.835497400257736,"[15185761, 15085761, 15885761, 15985761, 15485761, 15585761, 15385761, 15285761, 15685761, 15785761]","[44, 44, 44, 44, 44, 44, 44, 44, 44, 44]"
793,6,"[0, 14, 17, 31, 38]",5,1.9233638271689415,0.1390478489920497,14.529481374472379,"[15466688, 15566688, 15966688, 15866688, 15366688, 15266688, 15766688, 15666688, 15166688, 15066688]","[17, 17, 17, 17, 17, 17, 17, 17, 17, 17]"
794,6,"[10, 11, 17, 32, 43, 46]",6,2.3121535759419203,0.15646346379071474,14.975192486696566,"[15562093, 15462093, 15962093, 15862093, 15162093, 15062093, 15662093, 15762093, 15262093, 15362093]","[17, 17, 17, 17, 17, 17, 17, 17, 17, 17]"
795,6,"[0, 14, 17, 21, 24, 42]",6,2.321798683144152,0.17083537857979536,14.186243412705759,"[15246954, 15346954, 15446954, 15546954, 15646954, 15746954, 15846954, 15946954, 15046954, 15146954]","[24, 24, 24, 24, 24, 24, 24, 24, 24, 24]"
796,6,"[1, 7, 11, 28, 31, 33]",6,2.4086793307214975,0.16633383557200432,13.566958757660663,"[15830833, 15930833, 15230833, 15330833, 15130833, 15030833, 15430833, 15530833, 15730833, 15630833]","[33, 33, 33, 33, 33, 33, 33, 33, 33, 33]"
797,6,"[6, 8, 17, 23, 39, 46]",6,2.3206851156428456,0.16089280787855387,14.999352291071167,"[15348016, 15248016, 15048016, 15148016, 15648016, 15748016, 15948016, 15848016, 15448016, 15548016]","[17, 17, 17, 17, 17, 17, 17, 17, 17, 17]"
798,6,"[0, 3, 5, 11, 17, 41]",6,2.3389700185507536,0.1598988212645054,13.995937723045548,"[15890464, 15990464, 15490464, 15590464, 15390464, 15290464, 15090464, 15190464, 15790464, 15690464]","[3, 3, 3, 3, 3, 3, 3, 3, 3, 3]"
799,6,"[1, 5, 11, 37, 42, 46]",6,2.3859403152018785,0.16461751330643892,15.724735922723388,"[15211258, 15311258, 15111258, 15011258, 15711258, 15611258, 15511258, 15411258, 15911258, 15811258]","[37, 37, 37, 37, 37, 37, 37, 37, 37, 37]"
800,6,"[21, 24, 31, 36, 42]",5,2.001646425575018,0.1463130572810769,15.205726168490946,"[15445868, 15545868, 15745868, 15645868, 15245868, 15345868, 15145868, 15045868, 15945868, 15845868]","[24, 24, 24, 24, 24, 24, 24, 24, 24, 24]"
801,6,"[5, 7, 17, 39, 42]",5,2.0516376718878746,0.15787799563258886,15.833196622505785,"[15763372, 15663372, 15363372, 15263372, 15163372, 15063372, 15463372, 15563372, 15963372, 15863372]","[39, 39, 39, 39, 39, 39, 39, 39, 39, 39]"
802,6,"[11, 17, 24, 28, 42, 43]",6,2.414080722257495,0.1698996014893055,15.693273142290613,"[15616724, 15716724, 15416724, 15516724, 15316724, 15216724, 15016724, 15116724, 15816724, 15916724]","[11, 11, 11, 11, 11, 11, 11, 11, 11, 11]"
803,6,"[0, 2, 17, 21, 42]",5,2.0098437489941716,0.13786038104444742,14.732002887222915,"[15768412, 15668412, 15568412, 15468412, 15068412, 15168412, 15868412, 15968412, 15268412, 15368412]","[42, 42, 42, 42, 42, 42, 42, 42, 42, 42]"
804,6,"[8, 11, 28, 31, 45, 46]",6,2.3268829407170415,0.15620589535683393,15.319163163891062,"[15368365, 15268365, 15068365, 15168365, 15468365, 15568365, 15968365, 15868365, 15768365, 15668365]","[31, 31, 31, 31, 31, 31, 31, 31, 31, 31]"
805,6,"[4, 16, 21, 31, 43]",5,1.892134322784841,0.13857985753566027,14.780011267308145,"[15188712, 15088712, 15788712, 15688712, 15588712, 15488712, 15388712, 15288712, 15988712, 15888712]","[43, 43, 43, 43, 43, 43, 43, 43, 43, 43]"
806,6,"[17, 36, 41, 42, 44, 46]",6,2.4108104100450873,0.17482166830450296,17.578676479247708,"[15355231, 15255231, 15055231, 15155231, 15555231, 15455231, 15755231, 15655231, 15955231, 15855231]","[36, 36, 36, 36, 36, 36, 36, 36, 36, 36]"
807,6,"[14, 19, 21, 44, 46]",5,1.9098306251689792,0.13511558063328266,15.411937725171446,"[15946749, 15846749, 15746749, 15646749, 15546749, 15446749, 15346749, 15246749, 15146749, 15046749]","[44, 44, 44, 44, 44, 44, 44, 44, 44, 44]"
808,6,"[8, 11, 14, 30, 39]",5,1.8615511767566204,0.1292792372405529,13.573707753699273,"[15653127, 15753127, 15453127, 15553127, 15353127, 15253127, 15853127, 15953127, 15053127, 15153127]","[39, 39, 39, 39, 39, 39, 39, 39, 39, 39]"
809,6,"[3, 15, 22, 27, 43, 44]",6,2.3329192558303475,0.16122157219797373,15.302251766979074,"[15683000, 15783000, 15083000, 15183000, 15483000, 15583000, 15283000, 15383000, 15883000, 15983000]","[44, 44, 44, 44, 44, 44, 44, 44, 44, 44]"
810,6,"[2, 8, 31, 42, 43, 46]",6,2.414426000788808,0.17078302055597305,16.04624873904201,"[15620702, 15720702, 15420702, 15520702, 15320702, 15220702, 15820702, 15920702, 15020702, 15120702]","[43, 43, 43, 43, 43, 43, 43, 43, 43, 43]"
811,6,"[8, 11, 28, 44, 46, 47]",6,2.368084456771612,0.16065775509923697,16.15680097276345,"[15712732, 15612732, 15312732, 15212732, 15912732, 15812732, 15512732, 15412732, 15012732, 15112732]","[8, 8, 8, 8, 8, 8, 8, 8, 8, 8]"
812,6,"[0, 1, 4, 11, 28, 46]",6,2.349338946864009,0.16454803850501776,14.462690937022368,"[15857756, 15957756, 15557756, 15457756, 15357756, 15257756, 15757756, 15657756, 15157756, 15057756]","[46, 46, 46, 46, 46, 46, 46, 46, 46, 46]"
813,6,"[0, 1, 28, 43, 46]",5,2.0408543767407537,0.14165645092725754,16.328390770498665,"[15286993, 15386993, 15986993, 15886993, 15786993, 15686993, 15586993, 15486993, 15086993, 15186993]","[28, 28, 28, 28, 28, 28, 28, 28, 28, 28]"
814,6,"[3, 14, 20, 38, 39]",5,1.9267955711111426,0.13818773534148932,15.425784822460264,"[15038444, 15138444, 15438444, 15538444, 15938444, 15838444, 15238444, 15338444, 15738444, 15638444]","[39, 39, 39, 39, 39, 39, 39, 39, 39, 39]"
815,6,"[0, 27, 29, 35, 38, 44]",6,2.3191305501386523,0.1632761750370264,18.431651597997796,"[15639037, 15739037, 15039037, 15139037, 15439037, 15539037, 15239037, 15339037, 15839037, 15939037]","[44, 44, 44, 44, 44, 44, 44, 44, 44, 44]"
816,6,"[6, 21, 30, 35, 46, 47]",6,2.368445252068341,0.158726348541677,19.570279792804893,"[15150980, 15050980, 15250980, 15350980, 15550980, 15450980, 15950980, 15850980, 15750980, 15650980]","[6, 6, 6, 6, 6, 6, 6, 6, 6, 6]"
817,6,"[10, 21, 30, 31, 36, 39]",6,2.3561433581635356,0.16508623491972685,14.692108999937773,"[15154264, 15054264, 15754264, 15654264, 15554264, 15454264, 15954264, 15854264, 15354264, 15254264]","[10, 10, 10, 10, 10, 10, 10, 10, 10, 10]"
818,6,"[14, 17, 38, 42, 47]",5,1.994269889779389,0.13711897004395723,16.925793779082596,"[15132398, 15032398, 15732398, 15632398, 15532398, 15432398, 15332398, 15232398, 15932398, 15832398]","[47, 47, 47, 47, 47, 47, 47, 47, 47, 47]"
819,6,"[0, 11, 14, 21, 37, 39]",6,2.2043184703215957,0.15296924021095037,13.903422249248251,"[15558292, 15458292, 15958292, 15858292, 15158292, 15058292, 15658292, 15758292, 15258292, 15358292]","[14, 14, 14, 14, 14, 14, 14, 14, 14, 14]"
820,6,"[0, 9, 10, 13, 31, 46]",6,2.242117972113192,0.158592670224607,13.622802153384933,"[15315810, 15215810, 15815810, 15915810, 15515810, 15415810, 15015810, 15115810, 15715810, 15615810]","[13, 13, 13, 13, 13, 13, 13, 13, 13, 13]"
821,6,"[0, 1, 6, 11, 39, 46]",6,2.288068567402661,0.15965525340288877,14.485315030363077,"[15742816, 15642816, 15542816, 15442816, 15042816, 15142816, 15842816, 15942816, 15242816, 15342816]","[39, 39, 39, 39, 39, 39, 39, 39, 39, 39]"
822,6,"[7, 11, 43, 44, 46]",5,1.975751692429185,0.13641114812344313,16.662287241313607,"[15435026, 15535026, 15835026, 15935026, 15035026, 15135026, 15635026, 15735026, 15335026, 15235026]","[11, 11, 11, 11, 11, 11, 11, 11, 11, 11]"
823,6,"[0, 14, 19, 36, 41, 42]",6,2.313033430837095,0.1671727579087019,14.99471958912909,"[15742202, 15642202, 15442202, 15542202, 15842202, 15942202, 15242202, 15342202, 15142202, 15042202]","[36, 36, 36, 36, 36, 36, 36, 36, 36, 36]"
824,6,"[5, 11, 16, 17, 27, 36]",6,2.3233143277466297,0.16267503704875708,14.685043985101705,"[15404655, 15504655, 15204655, 15304655, 15604655, 15704655, 15104655, 15004655, 15904655, 15804655]","[11, 11, 11, 11, 11, 11, 11, 11, 11, 11]"
825,6,"[7, 11, 15, 43, 45, 46]",6,2.330721533857286,0.16152114514261484,16.709212587758277,"[15187782, 15087782, 15787782, 15687782, 15587782, 15487782, 15387782, 15287782, 15987782, 15887782]","[45, 45, 45, 45, 45, 45, 45, 45, 45, 45]"
826,6,"[10, 11, 39, 43, 46]",5,1.9214891623705626,0.13888884335756302,16.305941929016264,"[15031061, 15131061, 15631061, 15731061, 15831061, 15931061, 15531061, 15431061, 15331061, 15231061]","[43, 43, 43, 43, 43, 43, 43, 43, 43, 43]"
827,6,"[15, 20, 31, 39, 41, 44]",6,2.2811136236414313,0.16083550453186035,15.310979591139281,"[15896454, 15996454, 15496454, 15596454, 15096454, 15196454, 15696454, 15796454, 15396454, 15296454]","[44, 44, 44, 44, 44, 44, 44, 44, 44, 44]"
828,6,"[1, 11, 14, 17, 18, 41]",6,2.366265178658068,0.16837466973811388,14.246731128388396,"[15339731, 15239731, 15039731, 15139731, 15639731, 15739731, 15939731, 15839731, 15439731, 15539731]","[14, 14, 14, 14, 14, 14, 14, 14, 14, 14]"
829,6,"[7, 11, 42, 44, 46]",5,1.9724169680848718,0.14089861791580915,16.263658476714046,"[15048425, 15148425, 15248425, 15348425, 15748425, 15648425, 15948425, 15848425, 15548425, 15448425]","[42, 42, 42, 42, 42, 42, 42, 42, 42, 42]"
830,6,"[6, 14, 15, 17, 42, 46]",6,2.33320436719805,0.16636059898883104,15.393788173639527,"[15402375, 15502375, 15202375, 15302375, 15602375, 15702375, 15102375, 15002375, 15902375, 15802375]","[14, 14, 14, 14, 14, 14, 14, 14, 14, 14]"
831,6,"[11, 14, 17, 21, 36, 46]",6,2.3485976587980986,0.1575828269124031,15.457109899027273,"[15183579, 15083579, 15883579, 15983579, 15483579, 15583579, 15383579, 15283579, 15683579, 15783579]","[21, 21, 21, 21, 21, 21, 21, 21, 21, 21]"
832,6,"[0, 14, 17, 41, 42, 47]",6,2.3227477818727493,0.17167650256305933,15.304516667189697,"[15215973, 15315973, 15415973, 15515973, 15115973, 15015973, 15815973, 15915973, 15615973, 15715973]","[14, 14, 14, 14, 14, 14, 14, 14, 14, 14]"
833,6,"[0, 11, 17, 42, 46, 48]",6,2.33385893329978,0.16114976815879345,13.54635097955664,"[15313364, 15213364, 15813364, 15913364, 15513364, 15413364, 15113364, 15013364, 15613364, 15713364]","[0, 0, 0, 0, 0, 0, 0, 0, 0, 0]"
834,6,"[2, 5, 10, 30, 41]",5,2.0305104926228523,0.13648429419845343,14.3631754594855,"[15188582, 15088582, 15288582, 15388582, 15588582, 15488582, 15988582, 15888582, 15788582, 15688582]","[2, 2, 2, 2, 2, 2, 2, 2, 2, 2]"
835,6,"[7, 11, 14, 43, 44, 46]",6,2.3351408867165446,0.16896713711321354,15.962375404856479,"[15441241, 15541241, 15241241, 15341241, 15641241, 15741241, 15141241, 15041241, 15941241, 15841241]","[11, 11, 11, 11, 11, 11, 11, 11, 11, 11]"
836,6,"[5, 10, 11, 14, 17, 39]",6,2.3227724665775895,0.16363133676350117,14.182852514320984,"[15158292, 15058292, 15858292, 15958292, 15458292, 15558292, 15658292, 15758292, 15258292, 15358292]","[14, 14, 14, 14, 14, 14, 14, 14, 14, 14]"
837,6,"[16, 17, 28, 42, 46, 47]",6,2.3851278768852353,0.16905913036316633,17.082655610283837,"[15748307, 15648307, 15348307, 15248307, 15548307, 15448307, 15048307, 15148307, 15848307, 15948307]","[47, 47, 47, 47, 47, 47, 47, 47, 47, 47]"
838,6,"[11, 12, 17, 21, 42, 47]",6,2.3478440679609776,0.17237712815403938,15.239143474027514,"[15534924, 15434924, 15934924, 15834924, 15134924, 15034924, 15234924, 15334924, 15734924, 15634924]","[17, 17, 17, 17, 17, 17, 17, 17, 17, 17]"
839,6,"[7, 11, 15, 39, 44, 46]",6,2.3181241741403937,0.16834303457289934,16.054993177220847,"[15139247, 15039247, 15239247, 15339247, 15539247, 15439247, 15739247, 15639247, 15939247, 15839247]","[44, 44, 44, 44, 44, 44, 44, 44, 44, 44]"
840,6,"[8, 17, 37, 43, 46]",5,1.937365555204451,0.1367140980437398,16.61408656835556,"[15937214, 15837214, 15737214, 15637214, 15037214, 15137214, 15337214, 15237214, 15437214, 15537214]","[37, 37, 37, 37, 37, 37, 37, 37, 37, 37]"
841,6,"[4, 11, 37, 42, 46]",5,1.8856582408770919,0.1306942692026496,15.515057958941906,"[15693019, 15793019, 15193019, 15093019, 15293019, 15393019, 15593019, 15493019, 15993019, 15893019]","[42, 42, 42, 42, 42, 42, 42, 42, 42, 42]"
842,6,"[10, 11, 21, 30, 41, 45]",6,2.2587181394919753,0.1555745741352439,14.630913660939163,"[15755115, 15655115, 15455115, 15555115, 15155115, 15055115, 15855115, 15955115, 15255115, 15355115]","[11, 11, 11, 11, 11, 11, 11, 11, 11, 11]"
843,6,"[0, 21, 44, 45, 46]",5,1.9081156896427274,0.1311041573062539,16.607693773321806,"[15467819, 15567819, 15267819, 15367819, 15667819, 15767819, 15167819, 15067819, 15967819, 15867819]","[21, 21, 21, 21, 21, 21, 21, 21, 21, 21]"
844,6,"[0, 10, 14, 21, 31, 36]",6,2.321221980266273,0.15188844595104456,13.7339103584333,"[15717403, 15617403, 15317403, 15217403, 15517403, 15417403, 15017403, 15117403, 15817403, 15917403]","[36, 36, 36, 36, 36, 36, 36, 36, 36, 36]"
845,6,"[11, 17, 30, 31, 39, 47]",6,2.2916622506454587,0.16016096901148558,14.641260481982803,"[15909400, 15809400, 15509400, 15409400, 15309400, 15209400, 15109400, 15009400, 15709400, 15609400]","[11, 11, 11, 11, 11, 11, 11, 11, 11, 11]"
846,6,"[10, 11, 14, 21, 39]",5,1.8692183019593358,0.1333670960739255,13.76939974743873,"[15284611, 15384611, 15184611, 15084611, 15784611, 15684611, 15584611, 15484611, 15984611, 15884611]","[21, 21, 21, 21, 21, 21, 21, 21, 21, 21]"
847,6,"[4, 11, 14, 36, 43, 46]",6,2.3443216728046536,0.16512519493699074,15.912754127988592,"[15154604, 15054604, 15254604, 15354604, 15554604, 15454604, 15754604, 15654604, 15954604, 15854604]","[43, 43, 43, 43, 43, 43, 43, 43, 43, 43]"
848,6,"[11, 17, 37, 42, 43, 46]",6,2.329278625547886,0.16842963080853224,16.649122395397473,"[15397468, 15297468, 15197468, 15097468, 15497468, 15597468, 15697468, 15797468, 15997468, 15897468]","[43, 43, 43, 43, 43, 43, 43, 43, 43, 43]"
849,6,"[6, 11, 32, 46]",4,1.4967108136042953,0.10278802923858166,13.4138604629552,"[15189672, 15089672, 15889672, 15989672, 15489672, 15589672, 15689672, 15789672, 15289672, 15389672]","[46, 46, 46, 46, 46, 46, 46, 46, 46, 46]"
850,6,"[5, 8, 15, 17, 42, 43]",6,2.430519769899547,0.17104495875537395,16.04901978482182,"[15669175, 15769175, 15469175, 15569175, 15369175, 15269175, 15069175, 15169175, 15869175, 15969175]","[5, 5, 5, 5, 5, 5, 5, 5, 5, 5]"
851,6,"[1, 15, 17, 35, 42, 43]",6,2.4459178522229195,0.17199975717812777,20.454445954101782,"[15628324, 15728324, 15428324, 15528324, 15328324, 15228324, 15828324, 15928324, 15028324, 15128324]","[42, 42, 42, 42, 42, 42, 42, 42, 42, 42]"
852,6,"[4, 9, 16, 24, 42]",5,1.8599609462544322,0.13752796966582537,14.252983373124152,"[15118101, 15018101, 15218101, 15318101, 15518101, 15418101, 15718101, 15618101, 15918101, 15818101]","[42, 42, 42, 42, 42, 42, 42, 42, 42, 42]"
853,6,"[1, 11, 24, 30, 32]",5,1.8936849925667048,0.1341428877785802,12.61993853058666,"[15112846, 15012846, 15212846, 15312846, 15512846, 15412846, 15912846, 15812846, 15712846, 15612846]","[1, 1, 1, 1, 1, 1, 1, 1, 1, 1]"
854,6,"[11, 17, 20, 31, 42, 43]",6,2.346690139733255,0.16724366135895252,15.003384961436192,"[15523428, 15423428, 15923428, 15823428, 15123428, 15023428, 15623428, 15723428, 15223428, 15323428]","[20, 20, 20, 20, 20, 20, 20, 20, 20, 20]"
855,6,"[17, 21, 27, 35, 39, 44]",6,2.326640196144581,0.16402665432542562,19.30541990014414,"[15174951, 15074951, 15774951, 15674951, 15574951, 15474951, 15374951, 15274951, 15974951, 15874951]","[39, 39, 39, 39, 39, 39, 39, 39, 39, 39]"
856,6,"[17, 30, 35, 41, 42, 43]",6,2.416458028368652,0.1659921333193779,20.371592252670478,"[15820702, 15920702, 15520702, 15420702, 15320702, 15220702, 15720702, 15620702, 15120702, 15020702]","[43, 43, 43, 43, 43, 43, 43, 43, 43, 43]"
857,6,"[10, 11, 21, 36, 43, 46]",6,2.3743882086127996,0.1690566660836339,16.25665877891394,"[15612928, 15712928, 15112928, 15012928, 15212928, 15312928, 15512928, 15412928, 15912928, 15812928]","[36, 36, 36, 36, 36, 36, 36, 36, 36, 36]"
858,6,"[5, 10, 11, 17, 25, 33]",6,2.3917595222592354,0.16145792417228222,13.774356648636362,"[15758620, 15658620, 15558620, 15458620, 15058620, 15158620, 15258620, 15358620, 15858620, 15958620]","[5, 5, 5, 5, 5, 5, 5, 5, 5, 5]"
859,6,"[2, 11, 14, 17, 25, 43]",6,2.381307122297585,0.16875938046723604,14.646106871776283,"[15720702, 15620702, 15320702, 15220702, 15520702, 15420702, 15020702, 15120702, 15820702, 15920702]","[43, 43, 43, 43, 43, 43, 43, 43, 43, 43]"
860,6,"[1, 10, 15, 21, 39, 46]",6,2.3440610505640507,0.16959503665566444,15.62374507721203,"[15254264, 15354264, 15454264, 15554264, 15154264, 15054264, 15854264, 15954264, 15654264, 15754264]","[10, 10, 10, 10, 10, 10, 10, 10, 10, 10]"
861,6,"[14, 20, 25, 26, 36, 46]",6,2.344089032150805,0.15995378326624632,14.769923355663195,"[15357756, 15257756, 15657756, 15757756, 15557756, 15457756, 15057756, 15157756, 15857756, 15957756]","[46, 46, 46, 46, 46, 46, 46, 46, 46, 46]"
862,6,"[4, 10, 11, 27, 39, 46]",6,2.2280144030228257,0.15383380558341742,14.257846356059114,"[15114021, 15014021, 15214021, 15314021, 15514021, 15414021, 15914021, 15814021, 15714021, 15614021]","[4, 4, 4, 4, 4, 4, 4, 4, 4, 4]"
863,6,"[0, 11, 14, 25, 30, 43]",6,2.2823643293231726,0.16291005536913872,13.899298679394027,"[15169622, 15069622, 15269622, 15369622, 15569622, 15469622, 15769622, 15669622, 15969622, 15869622]","[30, 30, 30, 30, 30, 30, 30, 30, 30, 30]"
864,6,"[7, 11, 15, 31, 32, 42]",6,2.3118625935167074,0.15730768255889416,13.55022797655935,"[15987985, 15887985, 15587985, 15487985, 15787985, 15687985, 15187985, 15087985, 15387985, 15287985]","[15, 15, 15, 15, 15, 15, 15, 15, 15, 15]"
865,6,"[21, 28, 36, 46]",4,1.6767186224460602,0.11560239922255278,17.20564692246262,"[15070254, 15170254, 15670254, 15770254, 15870254, 15970254, 15570254, 15470254, 15370254, 15270254]","[46, 46, 46, 46, 46, 46, 46, 46, 46, 46]"
866,6,"[7, 12, 14, 22, 31, 47]",6,2.3418750930577517,0.16596526838839054,14.160168562239656,"[15336888, 15236888, 15036888, 15136888, 15636888, 15736888, 15936888, 15836888, 15436888, 15536888]","[14, 14, 14, 14, 14, 14, 14, 14, 14, 14]"
867,6,"[3, 8, 11, 39, 42]",5,1.912759312428534,0.13694933708757162,14.609619122929871,"[15278330, 15378330, 15178330, 15078330, 15778330, 15678330, 15578330, 15478330, 15978330, 15878330]","[39, 39, 39, 39, 39, 39, 39, 39, 39, 39]"
868,6,"[9, 21, 25, 31, 41, 46]",6,2.3196463575586677,0.15774345491081476,14.633962986292318,"[15737057, 15637057, 15337057, 15237057, 15537057, 15437057, 15037057, 15137057, 15837057, 15937057]","[46, 46, 46, 46, 46, 46, 46, 46, 46, 46]"
869,6,"[28, 30, 32, 39, 42, 47]",6,2.386168531142175,0.16626219637691975,15.380929461059472,"[15106469, 15006469, 15206469, 15306469, 15506469, 15406469, 15906469, 15806469, 15706469, 15606469]","[28, 28, 28, 28, 28, 28, 28, 28, 28, 28]"
870,6,"[1, 5, 11, 31, 42, 46]",6,2.4037281312048435,0.16628478094935417,15.129239520368477,"[15555115, 15455115, 15955115, 15855115, 15155115, 15055115, 15255115, 15355115, 15755115, 15655115]","[11, 11, 11, 11, 11, 11, 11, 11, 11, 11]"
871,6,"[3, 9, 14, 22, 24]",5,1.9001638488844037,0.13027568440884352,13.128849610686302,"[15611490, 15711490, 15011490, 15111490, 15211490, 15311490, 15911490, 15811490, 15411490, 15511490]","[14, 14, 14, 14, 14, 14, 14, 14, 14, 14]"
872,6,"[5, 11, 21, 28, 34]",5,2.0359444925561547,0.14071682933717966,14.813203746080399,"[15175022, 15075022, 15275022, 15375022, 15575022, 15475022, 15975022, 15875022, 15775022, 15675022]","[5, 5, 5, 5, 5, 5, 5, 5, 5, 5]"
873,6,"[5, 8, 9, 11, 17, 31]",6,2.3227850310504436,0.15657040290534496,13.244527261781817,"[15882913, 15982913, 15482913, 15582913, 15082913, 15182913, 15682913, 15782913, 15382913, 15282913]","[31, 31, 31, 31, 31, 31, 31, 31, 31, 31]"
874,6,"[11, 39, 42, 45, 46]",5,1.9025428341701627,0.1311251325532794,17.16314456388354,"[15657756, 15757756, 15457756, 15557756, 15357756, 15257756, 15857756, 15957756, 15057756, 15157756]","[46, 46, 46, 46, 46, 46, 46, 46, 46, 46]"
875,6,"[7, 11, 14, 17, 39, 46]",6,2.3090590657666326,0.16417043562978506,15.116229934617877,"[15871814, 15971814, 15471814, 15571814, 15071814, 15171814, 15671814, 15771814, 15371814, 15271814]","[46, 46, 46, 46, 46, 46, 46, 46, 46, 46]"
876,6,"[7, 11, 39, 42, 44, 45]",6,2.313086441718042,0.16420560702681541,16.312803463079035,"[15846749, 15946749, 15246749, 15346749, 15446749, 15546749, 15046749, 15146749, 15646749, 15746749]","[44, 44, 44, 44, 44, 44, 44, 44, 44, 44]"
877,6,"[4, 14, 17, 27, 43, 44]",6,2.2875926550477743,0.15938394516706467,14.812850184350586,"[15785761, 15685761, 15385761, 15285761, 15585761, 15485761, 15085761, 15185761, 15885761, 15985761]","[44, 44, 44, 44, 44, 44, 44, 44, 44, 44]"
878,6,"[1, 8, 17, 30, 31, 43]",6,2.3686546301469207,0.16230845917016268,14.528873971973857,"[15556667, 15456667, 15956667, 15856667, 15156667, 15056667, 15256667, 15356667, 15756667, 15656667]","[17, 17, 17, 17, 17, 17, 17, 17, 17, 17]"
879,6,"[14, 15, 21, 31, 38, 39]",6,2.3163260389119387,0.1652222778648138,15.360251428714642,"[15761160, 15661160, 15361160, 15261160, 15561160, 15461160, 15061160, 15161160, 15861160, 15961160]","[39, 39, 39, 39, 39, 39, 39, 39, 39, 39]"
880,6,"[11, 15, 42, 44, 46, 48]",6,2.3453576480969787,0.16181291174143553,14.551687134662643,"[15604655, 15704655, 15404655, 15504655, 15304655, 15204655, 15004655, 15104655, 15804655, 15904655]","[11, 11, 11, 11, 11, 11, 11, 11, 11, 11]"
881,6,"[7, 11, 36, 39, 42, 46]",6,2.3930891221389174,0.1699260976165533,16.576160000404343,"[15279703, 15379703, 15479703, 15579703, 15179703, 15079703, 15879703, 15979703, 15679703, 15779703]","[11, 11, 11, 11, 11, 11, 11, 11, 11, 11]"
882,6,"[0, 11, 21, 26, 37]",5,1.8417860232293606,0.12492254842072725,12.821031825523823,"[15583579, 15483579, 15983579, 15883579, 15183579, 15083579, 15683579, 15783579, 15283579, 15383579]","[21, 21, 21, 21, 21, 21, 21, 21, 21, 21]"
883,6,"[8, 17, 32, 46]",4,1.5351826660335064,0.1037087356671691,14.528064231853932,"[15497133, 15597133, 15997133, 15897133, 15397133, 15297133, 15797133, 15697133, 15197133, 15097133]","[32, 32, 32, 32, 32, 32, 32, 32, 32, 32]"
884,6,"[7, 10, 11, 15, 17, 47]",6,2.3335614558309317,0.161382551304996,14.694724772901585,"[15655904, 15755904, 15455904, 15555904, 15355904, 15255904, 15055904, 15155904, 15855904, 15955904]","[7, 7, 7, 7, 7, 7, 7, 7, 7, 7]"
885,6,"[1, 4, 11, 39, 43, 46]",6,2.3264569817110896,0.16778569854795933,15.90668877097778,"[15555115, 15455115, 15955115, 15855115, 15155115, 15055115, 15655115, 15755115, 15255115, 15355115]","[11, 11, 11, 11, 11, 11, 11, 11, 11, 11]"
886,6,"[11, 14, 16, 30, 36, 39]",6,2.241580070927739,0.15780266653746367,14.889897547274208,"[15720017, 15620017, 15520017, 15420017, 15020017, 15120017, 15820017, 15920017, 15220017, 15320017]","[36, 36, 36, 36, 36, 36, 36, 36, 36, 36]"
887,6,"[11, 14, 21, 24, 39, 47]",6,2.2688934234902263,0.15535640809684992,14.602435062018534,"[15633244, 15733244, 15433244, 15533244, 15333244, 15233244, 15033244, 15133244, 15833244, 15933244]","[11, 11, 11, 11, 11, 11, 11, 11, 11, 11]"
888,6,"[1, 8, 17, 39, 41, 46]",6,2.349586128257215,0.1618748428300023,15.900752009979138,"[15556273, 15456273, 15356273, 15256273, 15156273, 15056273, 15656273, 15756273, 15856273, 15956273]","[1, 1, 1, 1, 1, 1, 1, 1, 1, 1]"
889,6,"[9, 15, 28, 39, 41, 47]",6,2.346347229555249,0.1643678369000554,15.836430772130067,"[15759823, 15659823, 15359823, 15259823, 15559823, 15459823, 15059823, 15159823, 15859823, 15959823]","[47, 47, 47, 47, 47, 47, 47, 47, 47, 47]"
890,6,"[0, 11, 17, 42, 45, 48]",6,2.2991666086018085,0.1671347850933671,13.458282165850202,"[15744408, 15644408, 15344408, 15244408, 15544408, 15444408, 15044408, 15144408, 15844408, 15944408]","[48, 48, 48, 48, 48, 48, 48, 48, 48, 48]"
891,6,"[8, 11, 37, 42, 44, 46]",6,2.277465622872114,0.15178359020501375,15.959964274661615,"[15512732, 15412732, 15312732, 15212732, 15112732, 15012732, 15612732, 15712732, 15812732, 15912732]","[8, 8, 8, 8, 8, 8, 8, 8, 8, 8]"
892,6,"[11, 14, 15, 17, 42, 43]",6,2.320769158191979,0.16790987458080053,15.460884390942132,"[15820702, 15920702, 15520702, 15420702, 15620702, 15720702, 15320702, 15220702, 15120702, 15020702]","[43, 43, 43, 43, 43, 43, 43, 43, 43, 43]"
893,6,"[4, 10, 21, 22, 31, 36]",6,2.3678477834910154,0.16244203597307205,14.175019306751588,"[15508519, 15408519, 15908519, 15808519, 15108519, 15008519, 15608519, 15708519, 15208519, 15308519]","[21, 21, 21, 21, 21, 21, 21, 21, 21, 21]"
894,6,"[0, 11, 32, 39, 46, 48]",6,2.2579580014571548,0.15801257826387882,12.588912539339313,"[15617813, 15717813, 15017813, 15117813, 15217813, 15317813, 15917813, 15817813, 15417813, 15517813]","[32, 32, 32, 32, 32, 32, 32, 32, 32, 32]"
895,6,"[2, 4, 11, 15, 39, 47]",6,2.3146169371902943,0.16334289964288473,15.020126627059653,"[15156188, 15056188, 15856188, 15956188, 15456188, 15556188, 15356188, 15256188, 15656188, 15756188]","[15, 15, 15, 15, 15, 15, 15, 15, 15, 15]"
896,6,"[1, 11, 17, 22, 27, 37]",6,2.284772604703903,0.1589619368314743,13.78293589851819,"[15711258, 15611258, 15311258, 15211258, 15511258, 15411258, 15011258, 15111258, 15811258, 15911258]","[37, 37, 37, 37, 37, 37, 37, 37, 37, 37]"
897,6,"[11, 19, 36, 42, 44]",5,1.9477704344317317,0.13506699725985527,15.864716424234212,"[15107508, 15007508, 15707508, 15607508, 15507508, 15407508, 15307508, 15207508, 15907508, 15807508]","[44, 44, 44, 44, 44, 44, 44, 44, 44, 44]"
898,6,"[4, 11, 15, 39, 43, 47]",6,2.2935939552262425,0.15981868654489517,15.887173355867466,"[15696722, 15796722, 15496722, 15596722, 15396722, 15296722, 15896722, 15996722, 15096722, 15196722]","[43, 43, 43, 43, 43, 43, 43, 43, 43, 43]"
899,6,"[11, 14, 22, 31, 35, 36]",6,2.3488554982468486,0.1605345830321312,18.37907740303005,"[15366334, 15266334, 15066334, 15166334, 15666334, 15766334, 15966334, 15866334, 15466334, 15566334]","[22, 22, 22, 22, 22, 22, 22, 22, 22, 22]"
900,6,"[2, 11, 17, 22, 36, 43]",6,2.4626541575416923,0.17041183449327946,15.826531608744213,"[15854604, 15954604, 15554604, 15454604, 15354604, 15254604, 15754604, 15654604, 15154604, 15054604]","[43, 43, 43, 43, 43, 43, 43, 43, 43, 43]"
901,6,"[0, 13, 28, 39, 40, 42]",6,2.3538971403613687,0.16427019238471985,15.406916992661232,"[15125719, 15025719, 15725719, 15625719, 15525719, 15425719, 15325719, 15225719, 15925719, 15825719]","[40, 40, 40, 40, 40, 40, 40, 40, 40, 40]"
902,6,"[11, 28, 30, 46, 47]",5,1.9944339338690042,0.13724740967154503,15.86584925726056,"[15691707, 15791707, 15191707, 15091707, 15291707, 15391707, 15591707, 15491707, 15991707, 15891707]","[46, 46, 46, 46, 46, 46, 46, 46, 46, 46]"
903,6,"[1, 11, 17, 41, 46, 47]",6,2.3501193821430206,0.1569897998124361,15.959686714379737,"[15124286, 15024286, 15224286, 15324286, 15524286, 15424286, 15724286, 15624286, 15924286, 15824286]","[46, 46, 46, 46, 46, 46, 46, 46, 46, 46]"
904,6,"[11, 14, 17, 28, 39, 42]",6,2.3660617377609015,0.1685164663940668,15.107239371553684,"[15415973, 15515973, 15215973, 15315973, 15615973, 15715973, 15115973, 15015973, 15915973, 15815973]","[14, 14, 14, 14, 14, 14, 14, 14, 14, 14]"
905,6,"[4, 11, 12, 27, 30, 38]",6,2.2655145674943924,0.15159053448587656,13.969982199215641,"[15400440, 15500440, 15700440, 15600440, 15200440, 15300440, 15100440, 15000440, 15900440, 15800440]","[11, 11, 11, 11, 11, 11, 11, 11, 11, 11]"
906,6,"[11, 38, 42, 44, 46, 47]",6,2.373988655395806,0.1681266389787197,17.762945303460583,"[15102651, 15002651, 15202651, 15302651, 15502651, 15402651, 15702651, 15602651, 15902651, 15802651]","[46, 46, 46, 46, 46, 46, 46, 46, 46, 46]"
907,6,"[14, 16, 20, 28, 33, 47]",6,2.311946519650519,0.16239790339022875,14.820902942058941,"[15386993, 15286993, 15886993, 15986993, 15586993, 15486993, 15086993, 15186993, 15786993, 15686993]","[28, 28, 28, 28, 28, 28, 28, 28, 28, 28]"
908,6,"[1, 10, 19, 21, 26, 27]",6,2.2673975778743625,0.1583815971389413,12.575593232099587,"[15278092, 15378092, 15478092, 15578092, 15178092, 15078092, 15878092, 15978092, 15678092, 15778092]","[10, 10, 10, 10, 10, 10, 10, 10, 10, 10]"
909,6,"[11, 14, 17, 33, 47]",5,1.9152415497228503,0.1350854355841875,14.277257202193141,"[15458292, 15558292, 15258292, 15358292, 15658292, 15758292, 15158292, 15058292, 15958292, 15858292]","[14, 14, 14, 14, 14, 14, 14, 14, 14, 14]"
910,6,"[3, 11, 30, 36, 37]",5,1.9127453425899148,0.1265221731737256,14.567916546761989,"[15412955, 15512955, 15912955, 15812955, 15312955, 15212955, 15712955, 15612955, 15112955, 15012955]","[30, 30, 30, 30, 30, 30, 30, 30, 30, 30]"
911,6,"[11, 27, 39, 41, 43]",5,1.886656059883535,0.13019291404634714,15.203416925761848,"[15772252, 15672252, 15372252, 15272252, 15172252, 15072252, 15472252, 15572252, 15972252, 15872252]","[41, 41, 41, 41, 41, 41, 41, 41, 41, 41]"
912,6,"[11, 17, 19, 41, 43, 44]",6,2.3023702139034867,0.15967286936938763,15.639529398875311,"[15611511, 15711511, 15411511, 15511511, 15311511, 15211511, 15811511, 15911511, 15011511, 15111511]","[43, 43, 43, 43, 43, 43, 43, 43, 43, 43]"
913,6,"[10, 30, 38, 39, 41, 46]",6,2.3499299315735698,0.1649835119023919,16.664913452696055,"[15961941, 15861941, 15761941, 15661941, 15061941, 15161941, 15361941, 15261941, 15461941, 15561941]","[38, 38, 38, 38, 38, 38, 38, 38, 38, 38]"
914,6,"[5, 11, 31, 32, 36, 46]",6,2.371623555198312,0.15936572570353746,14.650421812897548,"[15132591, 15032591, 15232591, 15332591, 15532591, 15432591, 15932591, 15832591, 15732591, 15632591]","[5, 5, 5, 5, 5, 5, 5, 5, 5, 5]"
915,6,"[2, 17, 42, 43, 44, 46]",6,2.4489306304603815,0.1786253061145544,17.42788667581044,"[15824286, 15924286, 15524286, 15424286, 15324286, 15224286, 15724286, 15624286, 15124286, 15024286]","[46, 46, 46, 46, 46, 46, 46, 46, 46, 46]"
916,6,"[4, 14, 15, 21, 43]",5,1.925643902271986,0.140231859870255,14.900763689726592,"[15039300, 15139300, 15239300, 15339300, 15739300, 15639300, 15939300, 15839300, 15539300, 15439300]","[15, 15, 15, 15, 15, 15, 15, 15, 15, 15]"
917,6,"[4, 8, 11, 28, 46]",5,1.9591847201809287,0.13560457713901997,14.694249670021236,"[15149883, 15049883, 15749883, 15649883, 15549883, 15449883, 15349883, 15249883, 15949883, 15849883]","[46, 46, 46, 46, 46, 46, 46, 46, 46, 46]"
918,6,"[1, 8, 19, 39, 46]",5,1.925154727883637,0.13553764391690493,15.365913990791887,"[15178330, 15078330, 15878330, 15978330, 15478330, 15578330, 15678330, 15778330, 15278330, 15378330]","[39, 39, 39, 39, 39, 39, 39, 39, 39, 39]"
919,6,"[5, 10, 22, 28, 31, 47]",6,2.4662121888250113,0.167936603538692,14.794330208484704,"[15172947, 15072947, 15872947, 15972947, 15472947, 15572947, 15372947, 15272947, 15672947, 15772947]","[28, 28, 28, 28, 28, 28, 28, 28, 28, 28]"
920,6,"[5, 9, 21, 24, 39, 43]",6,2.376327163539827,0.16917791310697794,15.258875210070983,"[15478722, 15578722, 15278722, 15378722, 15678722, 15778722, 15178722, 15078722, 15978722, 15878722]","[9, 9, 9, 9, 9, 9, 9, 9, 9, 9]"
921,6,"[1, 10, 11, 38, 42, 47]",6,2.385959956794977,0.16831210907548666,16.026885181044538,"[15244377, 15344377, 15144377, 15044377, 15744377, 15644377, 15544377, 15444377, 15944377, 15844377]","[38, 38, 38, 38, 38, 38, 38, 38, 38, 38]"
922,6,"[0, 1, 15, 23, 39, 46]",6,2.3144544903188944,0.16498679015785456,15.318426012216756,"[15294367, 15394367, 15494367, 15594367, 15694367, 15794367, 15894367, 15994367, 15094367, 15194367]","[39, 39, 39, 39, 39, 39, 39, 39, 39, 39]"
923,6,"[6, 11, 12, 16, 41]",5,1.8362035397440195,0.13373584114015102,13.868306072801351,"[15399370, 15299370, 15199370, 15099370, 15499370, 15599370, 15999370, 15899370, 15699370, 15799370]","[6, 6, 6, 6, 6, 6, 6, 6, 6, 6]"
924,6,"[11, 21, 32, 36, 38, 46]",6,2.3750954689458013,0.1657435828819871,16.009394326557715,"[15761941, 15661941, 15561941, 15461941, 15061941, 15161941, 15861941, 15961941, 15261941, 15361941]","[38, 38, 38, 38, 38, 38, 38, 38, 38, 38]"
925,6,"[5, 10, 17, 33, 39]",5,2.0073076663538814,0.14105853345245123,14.73774698888883,"[15122219, 15022219, 15822219, 15922219, 15422219, 15522219, 15622219, 15722219, 15222219, 15322219]","[33, 33, 33, 33, 33, 33, 33, 33, 33, 33]"
926,6,"[7, 11, 17, 27, 30, 39]",6,2.2850729878991842,0.15871031768620014,13.788775166729465,"[15313295, 15213295, 15113295, 15013295, 15413295, 15513295, 15913295, 15813295, 15613295, 15713295]","[7, 7, 7, 7, 7, 7, 7, 7, 7, 7]"
927,6,"[2, 11, 16, 21, 39]",5,1.8978674355894327,0.13009028136730194,14.693213127274067,"[15139513, 15039513, 15739513, 15639513, 15539513, 15439513, 15939513, 15839513, 15339513, 15239513]","[2, 2, 2, 2, 2, 2, 2, 2, 2, 2]"
928,6,"[11, 20, 24, 36, 42]",5,1.9617377016693354,0.1357147302478552,15.106552815623582,"[15629685, 15729685, 15129685, 15029685, 15229685, 15329685, 15529685, 15429685, 15929685, 15829685]","[36, 36, 36, 36, 36, 36, 36, 36, 36, 36]"
929,6,"[11, 18, 20, 33, 46]",5,1.9601713428273797,0.13963356707245111,14.754078587889671,"[15026085, 15126085, 15426085, 15526085, 15926085, 15826085, 15226085, 15326085, 15726085, 15626085]","[46, 46, 46, 46, 46, 46, 46, 46, 46, 46]"
930,6,"[13, 14, 36, 38, 44, 45]",6,2.333584252744913,0.16369295027107,17.08107468493593,"[15038341, 15138341, 15438341, 15538341, 15938341, 15838341, 15238341, 15338341, 15738341, 15638341]","[44, 44, 44, 44, 44, 44, 44, 44, 44, 44]"
931,6,"[0, 1, 17, 22, 24, 47]",6,2.3672434724867344,0.16885099187493324,14.637382883423319,"[15136057, 15036057, 15536057, 15436057, 15336057, 15236057, 15836057, 15936057, 15736057, 15636057]","[1, 1, 1, 1, 1, 1, 1, 1, 1, 1]"
932,6,"[1, 14, 24, 33, 43, 46]",6,2.3595944717526436,0.16544121503829956,15.447348199629536,"[15857756, 15957756, 15557756, 15457756, 15357756, 15257756, 15757756, 15657756, 15157756, 15057756]","[46, 46, 46, 46, 46, 46, 46, 46, 46, 46]"
933,6,"[0, 5, 8, 10, 42, 43]",6,2.3920685686171055,0.17222179379314184,15.0687357832212,"[15554264, 15454264, 15754264, 15654264, 15054264, 15154264, 15254264, 15354264, 15954264, 15854264]","[10, 10, 10, 10, 10, 10, 10, 10, 10, 10]"
934,6,"[14, 21, 24, 37, 39, 46]",6,2.2620101012289524,0.16323923505842686,15.39330736345922,"[15304497, 15204497, 15004497, 15104497, 15604497, 15704497, 15904497, 15804497, 15404497, 15504497]","[24, 24, 24, 24, 24, 24, 24, 24, 24, 24]"
935,6,"[11, 29, 36, 39, 43]",5,1.957915173843503,0.1391111370176077,15.21821735939011,"[15529812, 15429812, 15929812, 15829812, 15129812, 15029812, 15629812, 15729812, 15229812, 15329812]","[36, 36, 36, 36, 36, 36, 36, 36, 36, 36]"
936,6,"[15, 17, 35, 43, 46]",5,2.0218367632478476,0.14270303491503,22.119134069141,"[15731061, 15631061, 15331061, 15231061, 15131061, 15031061, 15431061, 15531061, 15931061, 15831061]","[43, 43, 43, 43, 43, 43, 43, 43, 43, 43]"
937,6,"[13, 14, 18, 41, 46]",5,1.9407371301203966,0.13633196335285902,15.339190961699932,"[15320945, 15220945, 15820945, 15920945, 15520945, 15420945, 15020945, 15120945, 15720945, 15620945]","[41, 41, 41, 41, 41, 41, 41, 41, 41, 41]"
938,6,"[13, 19, 31, 40, 46]",5,1.8830035356804729,0.12678746320307255,14.81223684484139,"[15164364, 15064364, 15764364, 15664364, 15564364, 15464364, 15364364, 15264364, 15964364, 15864364]","[46, 46, 46, 46, 46, 46, 46, 46, 46, 46]"
939,6,"[1, 2, 11, 44, 45, 46]",6,2.359687169082463,0.16100727394223213,16.260194768197834,"[15127618, 15027618, 15227618, 15327618, 15527618, 15427618, 15727618, 15627618, 15927618, 15827618]","[45, 45, 45, 45, 45, 45, 45, 45, 45, 45]"
940,6,"[0, 8, 11, 17, 39, 46]",6,2.2728162109851837,0.16063875053077936,14.884637791197747,"[15541241, 15441241, 15941241, 15841241, 15141241, 15041241, 15641241, 15741241, 15241241, 15341241]","[11, 11, 11, 11, 11, 11, 11, 11, 11, 11]"
941,6,"[7, 11, 14, 20, 36, 44]",6,2.3428333243355155,0.15647058468312025,14.78548074622328,"[15077718, 15177718, 15277718, 15377718, 15777718, 15677718, 15977718, 15877718, 15577718, 15477718]","[14, 14, 14, 14, 14, 14, 14, 14, 14, 14]"
942,6,"[14, 37, 41, 43, 45, 46]",6,2.266472772695124,0.15917617082595825,17.093341319511335,"[15713905, 15613905, 15313905, 15213905, 15113905, 15013905, 15413905, 15513905, 15913905, 15813905]","[43, 43, 43, 43, 43, 43, 43, 43, 43, 43]"
943,6,"[7, 31, 41, 44, 46]",5,1.9781548529863358,0.1329544335603714,15.89539175638929,"[15299830, 15399830, 15199830, 15099830, 15799830, 15699830, 15599830, 15499830, 15999830, 15899830]","[44, 44, 44, 44, 44, 44, 44, 44, 44, 44]"
944,6,"[5, 12, 14, 33, 42, 43]",6,2.4028665516525507,0.17675044760107994,15.330471398774534,"[15625979, 15725979, 15025979, 15125979, 15425979, 15525979, 15225979, 15325979, 15825979, 15925979]","[43, 43, 43, 43, 43, 43, 43, 43, 43, 43]"
945,6,"[1, 11, 30, 32, 36, 46]",6,2.342127679847181,0.16413690987974405,14.712740660800288,"[15153520, 15053520, 15253520, 15353520, 15553520, 15453520, 15953520, 15853520, 15753520, 15653520]","[1, 1, 1, 1, 1, 1, 1, 1, 1, 1]"
946,6,"[17, 19, 22, 26, 43, 46]",6,2.340527015738189,0.16479041706770658,15.379681801501041,"[15046142, 15146142, 15346142, 15246142, 15446142, 15546142, 15946142, 15846142, 15746142, 15646142]","[46, 46, 46, 46, 46, 46, 46, 46, 46, 46]"
947,6,"[7, 8, 17, 26, 28, 46]",6,2.419790186919272,0.16614687349647284,14.699624348587045,"[15345684, 15245684, 15045684, 15145684, 15645684, 15745684, 15945684, 15845684, 15445684, 15545684]","[17, 17, 17, 17, 17, 17, 17, 17, 17, 17]"
948,6,"[4, 17, 31, 39, 42, 46]",6,2.3349231723695993,0.16776253189891577,15.705318877395863,"[15201108, 15301108, 15401108, 15501108, 15601108, 15701108, 15801108, 15901108, 15001108, 15101108]","[42, 42, 42, 42, 42, 42, 42, 42, 42, 42]"
949,6,"[10, 11, 36, 41, 42, 44]",6,2.3486301554366946,0.16346440371125937,15.920304731543487,"[15839247, 15939247, 15539247, 15439247, 15339247, 15239247, 15739247, 15639247, 15139247, 15039247]","[44, 44, 44, 44, 44, 44, 44, 44, 44, 44]"
950,6,"[0, 11, 24, 35, 41, 47]",6,2.293019849807024,0.16666699573397636,18.72840392209279,"[15042557, 15142557, 15642557, 15742557, 15842557, 15942557, 15542557, 15442557, 15342557, 15242557]","[35, 35, 35, 35, 35, 35, 35, 35, 35, 35]"
951,6,"[0, 11, 20, 39, 42, 48]",6,2.305547875352204,0.16327737737447023,12.79424208130998,"[15862825, 15962825, 15562825, 15462825, 15362825, 15262825, 15762825, 15662825, 15162825, 15062825]","[48, 48, 48, 48, 48, 48, 48, 48, 48, 48]"
952,6,"[7, 11, 15, 27, 42, 44]",6,2.309935837984085,0.16427319217473269,14.699386896022284,"[15103432, 15003432, 15203432, 15303432, 15503432, 15403432, 15703432, 15603432, 15903432, 15803432]","[42, 42, 42, 42, 42, 42, 42, 42, 42, 42]"
953,6,"[10, 15, 20, 28, 39]",5,1.9681376907974482,0.14460754580795765,15.000147606059908,"[15990489, 15890489, 15790489, 15690489, 15090489, 15190489, 15390489, 15290489, 15490489, 15590489]","[20, 20, 20, 20, 20, 20, 20, 20, 20, 20]"
954,6,"[11, 17, 42, 44, 46]",5,1.954973773099482,0.14389540906995535,16.530295523721726,"[15717086, 15617086, 15317086, 15217086, 15117086, 15017086, 15417086, 15517086, 15917086, 15817086]","[44, 44, 44, 44, 44, 44, 44, 44, 44, 44]"
955,6,"[17, 21, 22, 31, 43]",5,2.006145524792373,0.14192963764071465,15.114244840294123,"[15662093, 15762093, 15462093, 15562093, 15362093, 15262093, 15062093, 15162093, 15862093, 15962093]","[17, 17, 17, 17, 17, 17, 17, 17, 17, 17]"
956,6,"[11, 14, 17, 37, 46]",5,1.8735782634466887,0.12977375462651253,15.015416747704148,"[15679703, 15779703, 15479703, 15579703, 15379703, 15279703, 15079703, 15179703, 15879703, 15979703]","[11, 11, 11, 11, 11, 11, 11, 11, 11, 11]"
957,6,"[1, 11, 15, 30, 43, 46]",6,2.353379533626139,0.16887269355356693,15.749085761839524,"[15359775, 15259775, 15059775, 15159775, 15659775, 15759775, 15959775, 15859775, 15459775, 15559775]","[15, 15, 15, 15, 15, 15, 15, 15, 15, 15]"
958,6,"[0, 11, 17, 21, 46]",5,1.9219936588779092,0.1359486561268568,14.693267668318004,"[15330945, 15230945, 15030945, 15130945, 15630945, 15730945, 15930945, 15830945, 15430945, 15530945]","[17, 17, 17, 17, 17, 17, 17, 17, 17, 17]"
959,6,"[8, 10, 20, 39, 42, 46]",6,2.3188578691333532,0.16826855391263962,15.630583689548075,"[15454264, 15554264, 15754264, 15654264, 15254264, 15354264, 15154264, 15054264, 15954264, 15854264]","[10, 10, 10, 10, 10, 10, 10, 10, 10, 10]"
960,6,"[9, 14, 31, 39, 42, 47]",6,2.287481867708266,0.16377623472362757,14.886623212213939,"[15307483, 15207483, 15607483, 15707483, 15507483, 15407483, 15007483, 15107483, 15807483, 15907483]","[47, 47, 47, 47, 47, 47, 47, 47, 47, 47]"
961,6,"[17, 19, 23, 39, 41, 43]",6,2.302459322847426,0.16890939697623253,15.698322132307416,"[15473143, 15573143, 15773143, 15673143, 15273143, 15373143, 15173143, 15073143, 15973143, 15873143]","[19, 19, 19, 19, 19, 19, 19, 19, 19, 19]"
962,6,"[10, 11, 17, 33, 42, 46]",6,2.3441006680950522,0.1695499662309885,15.159616162224362,"[15154264, 15054264, 15754264, 15654264, 15554264, 15454264, 15954264, 15854264, 15354264, 15254264]","[10, 10, 10, 10, 10, 10, 10, 10, 10, 10]"
963,6,"[0, 5, 15, 31, 46]",5,1.9720184057950974,0.13660734612494707,14.878337404225022,"[15233281, 15333281, 15433281, 15533281, 15633281, 15733281, 15033281, 15133281, 15833281, 15933281]","[0, 0, 0, 0, 0, 0, 0, 0, 0, 0]"
964,6,"[3, 4, 21, 28, 36, 47]",6,2.455859934911132,0.17430897988379002,15.526023498969153,"[15443820, 15543820, 15243820, 15343820, 15643820, 15743820, 15143820, 15043820, 15943820, 15843820]","[4, 4, 4, 4, 4, 4, 4, 4, 4, 4]"
965,6,"[4, 11, 14, 39, 42, 47]",6,2.277651905082166,0.16275679413229227,15.037387602574503,"[15171773, 15071773, 15571773, 15471773, 15371773, 15271773, 15871773, 15971773, 15771773, 15671773]","[11, 11, 11, 11, 11, 11, 11, 11, 11, 11]"
966,6,"[27, 30, 37, 42, 43, 46]",6,2.306295935995877,0.16043008584529161,16.111368026506778,"[15128324, 15028324, 15828324, 15928324, 15428324, 15528324, 15328324, 15228324, 15628324, 15728324]","[42, 42, 42, 42, 42, 42, 42, 42, 42, 42]"
967,6,"[11, 15, 17, 32, 46]",5,1.9150156294927,0.13575769029557705,14.572256772127002,"[15397133, 15297133, 15897133, 15997133, 15597133, 15497133, 15097133, 15197133, 15797133, 15697133]","[32, 32, 32, 32, 32, 32, 32, 32, 32, 32]"
968,6,"[10, 11, 27, 43, 44, 46]",6,2.2953060399740934,0.1554777603596449,15.551098365957538,"[15154264, 15054264, 15254264, 15354264, 15554264, 15454264, 15954264, 15854264, 15754264, 15654264]","[10, 10, 10, 10, 10, 10, 10, 10, 10, 10]"
969,6,"[11, 17, 31, 39, 42, 46]",6,2.319773569703102,0.16460358817130327,15.62864864928027,"[15679703, 15779703, 15479703, 15579703, 15379703, 15279703, 15079703, 15179703, 15879703, 15979703]","[11, 11, 11, 11, 11, 11, 11, 11, 11, 11]"
970,6,"[7, 10, 11, 29, 31, 47]",6,2.3099364321678877,0.1565213231369853,12.915902034845203,"[15732082, 15632082, 15432082, 15532082, 15132082, 15032082, 15832082, 15932082, 15232082, 15332082]","[10, 10, 10, 10, 10, 10, 10, 10, 10, 10]"
971,6,"[10, 11, 31, 38, 43, 46]",6,2.344899171963334,0.1654324159026146,16.210971965532128,"[15654264, 15754264, 15454264, 15554264, 15354264, 15254264, 15054264, 15154264, 15854264, 15954264]","[10, 10, 10, 10, 10, 10, 10, 10, 10, 10]"
972,6,"[11, 23, 27, 36, 41, 45]",6,2.2563242008909583,0.15054559241980314,15.10288190927046,"[15242501, 15342501, 15542501, 15442501, 15942501, 15842501, 15142501, 15042501, 15642501, 15742501]","[45, 45, 45, 45, 45, 45, 45, 45, 45, 45]"
973,6,"[5, 11, 17, 44, 46, 47]",6,2.3876884430646896,0.1656620316207409,16.40666569854754,"[15716724, 15616724, 15416724, 15516724, 15116724, 15016724, 15816724, 15916724, 15216724, 15316724]","[11, 11, 11, 11, 11, 11, 11, 11, 11, 11]"
974,6,"[0, 5, 15, 21, 46, 47]",6,2.382988214492798,0.1628830460831523,15.835544500499964,"[15261489, 15361489, 15461489, 15561489, 15161489, 15061489, 15861489, 15961489, 15661489, 15761489]","[5, 5, 5, 5, 5, 5, 5, 5, 5, 5]"
975,6,"[11, 42, 43, 44, 45, 46]",6,2.342044678516686,0.1683016400784254,17.69845735297228,"[15728324, 15628324, 15428324, 15528324, 15128324, 15028324, 15828324, 15928324, 15228324, 15328324]","[42, 42, 42, 42, 42, 42, 42, 42, 42, 42]"
976,6,"[8, 27, 31, 36, 39, 43]",6,2.339418546296656,0.16072161588817835,15.24546214643245,"[15132222, 15032222, 15832222, 15932222, 15432222, 15532222, 15632222, 15732222, 15232222, 15332222]","[36, 36, 36, 36, 36, 36, 36, 36, 36, 36]"
977,6,"[10, 11, 30, 46, 47]",5,1.922297440469265,0.1346004344522953,15.250863611977547,"[15494263, 15594263, 15994263, 15894263, 15394263, 15294263, 15794263, 15694263, 15194263, 15094263]","[30, 30, 30, 30, 30, 30, 30, 30, 30, 30]"
978,6,"[10, 14, 15, 17, 24, 31]",6,2.283897314220667,0.16359136439859867,13.589764879706005,"[15549464, 15449464, 15949464, 15849464, 15149464, 15049464, 15249464, 15349464, 15749464, 15649464]","[15, 15, 15, 15, 15, 15, 15, 15, 15, 15]"
979,6,"[10, 22, 28, 39, 43, 47]",6,2.4384990762919188,0.16269916761666536,16.409804838709533,"[15569907, 15469907, 15969907, 15869907, 15169907, 15069907, 15269907, 15369907, 15769907, 15669907]","[28, 28, 28, 28, 28, 28, 28, 28, 28, 28]"
980,6,"[0, 17, 21, 25, 29, 43]",6,2.3614640021696687,0.16653493978083134,13.907076729771992,"[15139757, 15039757, 15539757, 15439757, 15339757, 15239757, 15839757, 15939757, 15739757, 15639757]","[17, 17, 17, 17, 17, 17, 17, 17, 17, 17]"
981,6,"[11, 13, 14, 30, 41, 48]",6,2.2526464592665434,0.15830843150615692,11.908481696542973,"[15115810, 15015810, 15515810, 15415810, 15315810, 15215810, 15815810, 15915810, 15715810, 15615810]","[13, 13, 13, 13, 13, 13, 13, 13, 13, 13]"
982,6,"[1, 7, 24, 42, 43]",5,2.042949209921062,0.15017162822186947,15.778190252743661,"[15138977, 15038977, 15838977, 15938977, 15438977, 15538977, 15338977, 15238977, 15638977, 15738977]","[42, 42, 42, 42, 42, 42, 42, 42, 42, 42]"
983,6,"[2, 10, 11, 21, 28, 44]",6,2.4296904262155294,0.165238905698061,14.592217384294296,"[15177653, 15077653, 15577653, 15477653, 15377653, 15277653, 15877653, 15977653, 15777653, 15677653]","[10, 10, 10, 10, 10, 10, 10, 10, 10, 10]"
984,6,"[11, 15, 21, 24, 30, 42]",6,2.3083372386172414,0.16475718654692173,14.36757289346618,"[15106269, 15006269, 15206269, 15306269, 15506269, 15406269, 15706269, 15606269, 15906269, 15806269]","[30, 30, 30, 30, 30, 30, 30, 30, 30, 30]"
985,6,"[1, 3, 37, 45, 46, 48]",6,2.328415097668767,0.15621483325958252,14.358861837846538,"[15272460, 15372460, 15472460, 15572460, 15172460, 15072460, 15872460, 15972460, 15672460, 15772460]","[3, 3, 3, 3, 3, 3, 3, 3, 3, 3]"
986,6,"[11, 30, 31, 38, 46, 47]",6,2.3341666841879487,0.15244535729289055,16.025988140997168,"[15191904, 15091904, 15291904, 15391904, 15591904, 15491904, 15991904, 15891904, 15791904, 15691904]","[11, 11, 11, 11, 11, 11, 11, 11, 11, 11]"
987,6,"[4, 5, 6, 11, 19, 27]",6,2.268791066482663,0.15811102092266083,12.577502601547167,"[15695680, 15795680, 15395680, 15295680, 15895680, 15995680, 15595680, 15495680, 15195680, 15095680]","[27, 27, 27, 27, 27, 27, 27, 27, 27, 27]"
988,6,"[10, 14, 17, 43, 46]",5,1.962022460065782,0.13634032849222422,16.009649039432407,"[15545684, 15445684, 15945684, 15845684, 15145684, 15045684, 15645684, 15745684, 15245684, 15345684]","[17, 17, 17, 17, 17, 17, 17, 17, 17, 17]"
989,6,"[14, 19, 24, 31, 42, 43]",6,2.3010493060573936,0.16851410642266273,14.642243336653337,"[15562719, 15462719, 15162719, 15062719, 15762719, 15662719, 15362719, 15262719, 15962719, 15862719]","[19, 19, 19, 19, 19, 19, 19, 19, 19, 19]"
990,6,"[5, 7, 11, 36, 42, 47]",6,2.4763952884823084,0.17473433073610067,16.012195715991158,"[15763517, 15663517, 15363517, 15263517, 15563517, 15463517, 15063517, 15163517, 15863517, 15963517]","[47, 47, 47, 47, 47, 47, 47, 47, 47, 47]"
991,6,"[2, 3, 11, 12, 26, 43]",6,2.3537207655608654,0.16358309891074896,13.9176185275428,"[15554101, 15454101, 15954101, 15854101, 15154101, 15054101, 15654101, 15754101, 15254101, 15354101]","[11, 11, 11, 11, 11, 11, 11, 11, 11, 11]"
992,6,"[9, 12, 15, 21, 30, 46]",6,2.2952297748997808,0.16564412508159876,14.76188150032734,"[15469063, 15569063, 15269063, 15369063, 15669063, 15769063, 15169063, 15069063, 15969063, 15869063]","[12, 12, 12, 12, 12, 12, 12, 12, 12, 12]"
993,6,"[17, 24, 39, 42, 44, 46]",6,2.3573438124731183,0.17406943906098604,16.835347634973004,"[15101108, 15001108, 15801108, 15901108, 15401108, 15501108, 15601108, 15701108, 15201108, 15301108]","[42, 42, 42, 42, 42, 42, 42, 42, 42, 42]"
994,6,"[5, 7, 44, 46]",4,1.6606767289340496,0.1210336983203888,16.67285289906431,"[15385761, 15285761, 15085761, 15185761, 15685761, 15785761, 15985761, 15885761, 15485761, 15585761]","[44, 44, 44, 44, 44, 44, 44, 44, 44, 44]"
995,6,"[11, 14, 21, 24, 39, 44]",6,2.263634730130434,0.1586066149175167,14.529976353049278,"[15612459, 15712459, 15412459, 15512459, 15312459, 15212459, 15812459, 15912459, 15012459, 15112459]","[39, 39, 39, 39, 39, 39, 39, 39, 39, 39]"
996,6,"[1, 11, 17, 39, 43, 46]",6,2.369853165000677,0.16920958645641804,16.353795310637604,"[15562093, 15462093, 15962093, 15862093, 15162093, 15062093, 15662093, 15762093, 15262093, 15362093]","[17, 17, 17, 17, 17, 17, 17, 17, 17, 17]"
997,6,"[6, 11, 23, 30, 39]",5,1.8680428843945265,0.1225182507187128,13.467605661321432,"[15716724, 15616724, 15416724, 15516724, 15116724, 15016724, 15816724, 15916724, 15216724, 15316724]","[11, 11, 11, 11, 11, 11, 11, 11, 11, 11]"
998,6,"[1, 10, 17, 22, 28, 46]",6,2.4522169679403305,0.16754269693046808,15.45311838372921,"[15148170, 15048170, 15748170, 15648170, 15548170, 15448170, 15948170, 15848170, 15348170, 15248170]","[1, 1, 1, 1, 1, 1, 1, 1, 1, 1]"
999,6,"[3, 11, 17, 22, 31, 44]",6,2.3230803441256285,0.16476270090788603,14.146986722325286,"[15490022, 15590022, 15190022, 15090022, 15990022, 15890022, 15390022, 15290022, 15790022, 15690022]","[22, 22, 22, 22, 22, 22, 22, 22, 22, 22]"
