query,num_centroids,searched_shard_ids,num_searched_shards,gpu_transfer_time,gpu_search_time,warmup_time,best_retrieved_ids,top_doc_shards
0,7,"[11, 14, 17, 19, 20, 21, 39]",7,2.6328859021887183,0.19176609627902508,13.924808974976518,"[15962719, 15862719, 15162719, 15062719, 15562719, 15462719, 15662719, 15762719, 15362719, 15262719]","[19, 19, 19, 19, 19, 19, 19, 19, 19, 19]"
1,7,"[11, 14, 17, 21, 24, 42, 44]",7,2.6953676845878363,0.19633000902831554,14.71924669069371,"[15467819, 15567819, 15667819, 15767819, 15067819, 15167819, 15267819, 15367819, 15867819, 15967819]","[21, 21, 21, 21, 21, 21, 21, 21, 21, 21]"
2,7,"[1, 11, 22, 24, 28, 42]",6,2.4277960807085037,0.1701864404603839,14.666398473161584,"[15692873, 15792873, 15092873, 15192873, 15492873, 15592873, 15292873, 15392873, 15892873, 15992873]","[42, 42, 42, 42, 42, 42, 42, 42, 42, 42]"
3,7,"[11, 14, 17, 20, 31, 43, 44]",7,2.6821758318692446,0.18468695133924484,14.666374530044518,"[15697121, 15797121, 15197121, 15097121, 15397121, 15297121, 15597121, 15497121, 15897121, 15997121]","[31, 31, 31, 31, 31, 31, 31, 31, 31, 31]"
4,7,"[9, 11, 13, 21, 43, 44, 47]",7,2.6785174487158656,0.18378427904099226,15.323141348947372,"[15526518, 15426518, 15226518, 15326518, 15726518, 15626518, 15926518, 15826518, 15126518, 15026518]","[44, 44, 44, 44, 44, 44, 44, 44, 44, 44]"
5,7,"[7, 10, 11, 22, 36, 37, 46]",7,2.743903275579214,0.19281520415097475,15.376679702661932,"[15695114, 15795114, 15895114, 15595114, 15495114, 15995114, 15395114, 15195114, 15095114, 15295114]","[46, 46, 46, 46, 46, 46, 46, 46, 46, 46]"
6,7,"[7, 13, 17, 22, 39, 43, 46]",7,2.7744919368997216,0.19540386367589235,16.20425264617162,"[15372009, 15272009, 15772009, 15672009, 15572009, 15472009, 15172009, 15072009, 15972009, 15872009]","[22, 22, 22, 22, 22, 22, 22, 22, 22, 22]"
7,7,"[5, 11, 17, 22, 35, 37, 44]",7,2.7777280574664474,0.19290025159716606,18.686188192106783,"[15054413, 15154413, 15454413, 15554413, 15954413, 15854413, 15254413, 15354413, 15754413, 15654413]","[5, 5, 5, 5, 5, 5, 5, 5, 5, 5]"
8,7,"[0, 8, 13, 14, 27, 37]",6,2.168057130649686,0.14848057553172112,12.854644052684307,"[15758104, 15658104, 15558104, 15458104, 15058104, 15158104, 15258104, 15358104, 15858104, 15958104]","[0, 0, 0, 0, 0, 0, 0, 0, 0, 0]"
9,7,"[3, 9, 37, 39, 43, 46]",6,2.28343659453094,0.16252205800265074,16.179885901821155,"[15540308, 15440308, 15940308, 15840308, 15140308, 15040308, 15640308, 15740308, 15240308, 15340308]","[37, 37, 37, 37, 37, 37, 37, 37, 37, 37]"
10,7,"[7, 11, 20, 24, 28, 46]",6,2.3859808659181,0.16518194042146206,14.783764268349236,"[15756637, 15656637, 15356637, 15256637, 15156637, 15056637, 15456637, 15556637, 15956637, 15856637]","[24, 24, 24, 24, 24, 24, 24, 24, 24, 24]"
11,7,"[10, 11, 15, 17, 28, 30]",6,2.350050096400082,0.16480864584445953,14.188050385564566,"[15138417, 15038417, 15238417, 15338417, 15538417, 15438417, 15938417, 15838417, 15738417, 15638417]","[10, 10, 10, 10, 10, 10, 10, 10, 10, 10]"
12,7,"[7, 11, 32, 43, 44, 45, 46]",7,2.7011409271508455,0.18576401006430387,16.088897702616773,"[15327618, 15227618, 15127618, 15027618, 15927618, 15827618, 15727618, 15627618, 15527618, 15427618]","[45, 45, 45, 45, 45, 45, 45, 45, 45, 45]"
13,7,"[9, 11, 31, 39, 43]",5,1.8838922278955579,0.1307980166748166,14.549129050876946,"[15695464, 15795464, 15095464, 15195464, 15295464, 15395464, 15995464, 15895464, 15495464, 15595464]","[31, 31, 31, 31, 31, 31, 31, 31, 31, 31]"
14,7,"[7, 10, 11, 15, 16, 29, 39]",7,2.6257743248715997,0.18026647064834833,13.657287353450167,"[15101326, 15001326, 15901326, 15801326, 15701326, 15601326, 15301326, 15201326, 15501326, 15401326]","[39, 39, 39, 39, 39, 39, 39, 39, 39, 39]"
15,7,"[8, 13, 16, 22, 28, 42, 47]",7,2.741836478933692,0.20026499778032303,15.451071170158684,"[15031700, 15131700, 15431700, 15531700, 15931700, 15831700, 15331700, 15231700, 15631700, 15731700]","[8, 8, 8, 8, 8, 8, 8, 8, 8, 8]"
16,7,"[1, 3, 28, 29, 38, 42, 43]",7,2.8790762601420283,0.2036962639540434,15.71139615980376,"[15279333, 15379333, 15579333, 15479333, 15979333, 15879333, 15679333, 15779333, 15079333, 15179333]","[29, 29, 29, 29, 29, 29, 29, 29, 29, 29]"
17,7,"[5, 8, 10, 17, 24, 36, 39]",7,2.7969111148267984,0.19440402183681726,15.10852817306295,"[15612928, 15712928, 15012928, 15112928, 15312928, 15212928, 15912928, 15812928, 15512928, 15412928]","[36, 36, 36, 36, 36, 36, 36, 36, 36, 36]"
18,7,"[0, 10, 11, 31, 36, 46]",6,2.306697927415371,0.15978113189339638,14.600809264850492,"[15360479, 15260479, 15660479, 15760479, 15560479, 15460479, 15060479, 15160479, 15860479, 15960479]","[46, 46, 46, 46, 46, 46, 46, 46, 46, 46]"
19,7,"[11, 36, 42, 43, 46]",5,2.0095945512875915,0.14570741448551416,17.608372164610774,"[15657756, 15757756, 15457756, 15557756, 15357756, 15257756, 15857756, 15957756, 15057756, 15157756]","[46, 46, 46, 46, 46, 46, 46, 46, 46, 46]"
20,7,"[14, 31, 36, 38, 39, 43, 47]",7,2.7787135066464543,0.19659139029681683,17.020917047413864,"[15120017, 15320017, 15220017, 15820017, 15920017, 15520017, 15420017, 15020017, 15620017, 15720017]","[36, 36, 36, 36, 36, 36, 36, 36, 36, 36]"
21,7,"[0, 1, 4, 11, 17, 22, 32]",7,2.6735536735504866,0.18820567522197962,13.00235260158245,"[15113941, 15013941, 15713941, 15613941, 15513941, 15413941, 15313941, 15213941, 15913941, 15813941]","[0, 0, 0, 0, 0, 0, 0, 0, 0, 0]"
22,7,"[0, 5, 11, 17, 29, 42, 46]",7,2.7527044536545873,0.18604746088385582,14.342419494608682,"[15361489, 15261489, 15161489, 15061489, 15961489, 15861489, 15461489, 15561489, 15661489, 15761489]","[5, 5, 5, 5, 5, 5, 5, 5, 5, 5]"
23,7,"[9, 11, 15, 31, 40, 46, 47]",7,2.6563245682045817,0.18450817838311195,15.15340126665043,"[15127350, 15027350, 15227350, 15327350, 15527350, 15427350, 15827350, 15927350, 15627350, 15727350]","[9, 9, 9, 9, 9, 9, 9, 9, 9, 9]"
24,7,"[5, 14, 24, 36, 43, 46]",6,2.4367226799950004,0.16612123139202595,16.551158507121727,"[15045078, 15145078, 15445078, 15545078, 15945078, 15845078, 15745078, 15645078, 15245078, 15345078]","[5, 5, 5, 5, 5, 5, 5, 5, 5, 5]"
25,7,"[1, 4, 5, 11, 37, 46, 47]",7,2.7391372993588448,0.19298069830983877,15.3685961069007,"[15057756, 15557756, 15357756, 15257756, 15457756, 15757756, 15857756, 15957756, 15157756, 15657756]","[46, 46, 46, 46, 46, 46, 46, 46, 46, 46]"
26,7,"[0, 19, 24, 41, 46, 47]",6,2.2767062298953533,0.16294229310005903,15.400507168456292,"[15261466, 15361466, 15461466, 15561466, 15161466, 15061466, 15861466, 15961466, 15661466, 15761466]","[19, 19, 19, 19, 19, 19, 19, 19, 19, 19]"
27,7,"[8, 11, 17, 37, 39, 42, 46]",7,2.678966786712408,0.19375661574304104,15.759959738036352,"[15239382, 15339382, 15839382, 15439382, 15639382, 15739382, 15039382, 15139382, 15539382, 15939382]","[46, 46, 46, 46, 46, 46, 46, 46, 46, 46]"
28,7,"[7, 11, 14, 15, 28, 43, 48]",7,2.7923605144023895,0.19445937778800726,13.45332102949864,"[15376185, 15276185, 15476185, 15576185, 15776185, 15676185, 15176185, 15076185, 15976185, 15876185]","[28, 28, 28, 28, 28, 28, 28, 28, 28, 28]"
29,7,"[7, 11, 17, 39, 43, 46]",6,2.375356523320079,0.17326275818049908,16.311894787475467,"[15612459, 15712459, 15112459, 15012459, 15212459, 15312459, 15512459, 15412459, 15912459, 15812459]","[39, 39, 39, 39, 39, 39, 39, 39, 39, 39]"
30,7,"[0, 8, 11, 28, 36, 46, 47]",7,2.7734777675941586,0.18606815207749605,15.72227298940665,"[15732222, 15632222, 15232222, 15332222, 15132222, 15032222, 15432222, 15532222, 15832222, 15932222]","[36, 36, 36, 36, 36, 36, 36, 36, 36, 36]"
31,7,"[7, 36, 39, 42, 43, 46, 47]",7,2.8466207925230265,0.21219800878316164,17.885455280209758,"[15854604, 15954604, 15254604, 15354604, 15454604, 15554604, 15654604, 15754604, 15054604, 15154604]","[43, 43, 43, 43, 43, 43, 43, 43, 43, 43]"
32,7,"[0, 10, 11, 14, 17, 21, 47]",7,2.6568830646574497,0.18680437374860048,13.911642024892249,"[15238074, 15438074, 15038074, 15138074, 15538074, 15638074, 15838074, 15938074, 15738074, 15338074]","[10, 10, 10, 10, 10, 10, 10, 10, 10, 10]"
33,7,"[1, 10, 11, 14, 17, 21, 42]",7,2.7260329611599445,0.19393054209649563,14.131176262096103,"[15754264, 15354264, 15554264, 15454264, 15254264, 15854264, 15154264, 15054264, 15954264, 15654264]","[10, 10, 10, 10, 10, 10, 10, 10, 10, 10]"
34,7,"[2, 10, 37, 42, 43, 46, 47]",7,2.7921177949756384,0.19469767529517412,16.86528358867924,"[15111258, 15011258, 15711258, 15611258, 15811258, 15911258, 15411258, 15511258, 15211258, 15311258]","[37, 37, 37, 37, 37, 37, 37, 37, 37, 37]"
35,7,"[11, 30, 39, 42, 45, 46]",6,2.282516329549253,0.15202537830919027,16.500694726904232,"[15522710, 15422710, 15122710, 15022710, 15722710, 15622710, 15322710, 15222710, 15922710, 15822710]","[30, 30, 30, 30, 30, 30, 30, 30, 30, 30]"
36,7,"[2, 11, 17, 36, 42, 46]",6,2.4457050254568458,0.1741005526855588,16.356288154531892,"[15479703, 15579703, 15279703, 15379703, 15679703, 15779703, 15179703, 15079703, 15979703, 15879703]","[11, 11, 11, 11, 11, 11, 11, 11, 11, 11]"
37,7,"[4, 10, 11, 17, 36, 39, 47]",7,2.727898743003607,0.18900960311293602,15.31633322426517,"[15433244, 15233244, 15333244, 15133244, 15033244, 15733244, 15633244, 15533244, 15833244, 15933244]","[11, 11, 11, 11, 11, 11, 11, 11, 11, 11]"
38,7,"[0, 7, 11, 14, 24, 28]",6,2.3322774916887283,0.16056127194315195,13.345363622065634,"[15635027, 15735027, 15435027, 15535027, 15335027, 15235027, 15035027, 15135027, 15835027, 15935027]","[0, 0, 0, 0, 0, 0, 0, 0, 0, 0]"
39,7,"[3, 25, 28, 36, 46, 47]",6,2.4784014001488686,0.1749163744971156,16.656368649952736,"[15649883, 15749883, 15449883, 15549883, 15349883, 15249883, 15849883, 15949883, 15049883, 15149883]","[46, 46, 46, 46, 46, 46, 46, 46, 46, 46]"
40,7,"[0, 1, 11, 17, 36, 46]",6,2.366332228295505,0.1686298679560423,15.389881262012446,"[15316724, 15216724, 15016724, 15116724, 15616724, 15716724, 15916724, 15816724, 15416724, 15516724]","[11, 11, 11, 11, 11, 11, 11, 11, 11, 11]"
41,7,"[4, 7, 11, 17, 39, 46, 47]",7,2.714257376268506,0.1927694221958518,15.587140301974225,"[15263517, 15363517, 15863517, 15463517, 15663517, 15763517, 15063517, 15163517, 15563517, 15963517]","[47, 47, 47, 47, 47, 47, 47, 47, 47, 47]"
42,7,"[0, 11, 14, 15, 30, 47, 48]",7,2.6439996575936675,0.18321297224611044,12.583833076924618,"[15568318, 15468318, 15968318, 15868318, 15368318, 15168318, 15668318, 15768318, 15068318, 15268318]","[30, 30, 30, 30, 30, 30, 30, 30, 30, 30]"
43,7,"[2, 7, 16, 19, 20, 39, 44]",7,2.6963352728635073,0.19199554901570082,15.01862368080765,"[15224680, 15424680, 15024680, 15124680, 15524680, 15624680, 15824680, 15924680, 15724680, 15324680]","[7, 7, 7, 7, 7, 7, 7, 7, 7, 7]"
44,7,"[3, 10, 11, 16, 17, 36]",6,2.3012126544490457,0.16326209157705307,14.667990075346703,"[15812928, 15912928, 15512928, 15412928, 15312928, 15212928, 15712928, 15612928, 15112928, 15012928]","[36, 36, 36, 36, 36, 36, 36, 36, 36, 36]"
45,7,"[7, 10, 11, 32, 37, 38, 46]",7,2.684980600140989,0.1841179821640253,15.039600883544024,"[15025141, 15525141, 15325141, 15225141, 15425141, 15725141, 15825141, 15925141, 15125141, 15625141]","[38, 38, 38, 38, 38, 38, 38, 38, 38, 38]"
46,7,"[1, 5, 7, 17, 20, 29]",6,2.442427171394229,0.17068084981292486,13.402381960147371,"[15424680, 15524680, 15924680, 15824680, 15324680, 15224680, 15724680, 15624680, 15124680, 15024680]","[7, 7, 7, 7, 7, 7, 7, 7, 7, 7]"
47,7,"[8, 17, 27, 35, 42, 46]",6,2.354989946819842,0.1689170179888606,19.507942008630682,"[15389672, 15289672, 15689672, 15789672, 15589672, 15489672, 15089672, 15189672, 15889672, 15989672]","[46, 46, 46, 46, 46, 46, 46, 46, 46, 46]"
48,7,"[14, 19, 24, 36, 39, 42, 46]",7,2.714256309904158,0.2051893975585699,16.007267402551538,"[15937057, 15837057, 15137057, 15237057, 15537057, 15437057, 15737057, 15637057, 15337057, 15037057]","[46, 46, 46, 46, 46, 46, 46, 46, 46, 46]"
49,7,"[11, 17, 19, 36, 39, 47]",6,2.3328791614621878,0.15999589394778013,15.749960435399165,"[15334045, 15234045, 15034045, 15134045, 15634045, 15734045, 15934045, 15834045, 15434045, 15534045]","[19, 19, 19, 19, 19, 19, 19, 19, 19, 19]"
50,7,"[11, 14, 21, 31, 41, 42]",6,2.2914942605420947,0.1600314313545823,14.073347020506239,"[15367819, 15267819, 15067819, 15167819, 15667819, 15767819, 15967819, 15867819, 15467819, 15567819]","[21, 21, 21, 21, 21, 21, 21, 21, 21, 21]"
51,7,"[0, 10, 11, 43, 47]",5,1.9110567793250084,0.13448285777121782,15.007406817283481,"[15601397, 15701397, 15401397, 15501397, 15301397, 15201397, 15801397, 15901397, 15001397, 15101397]","[47, 47, 47, 47, 47, 47, 47, 47, 47, 47]"
52,7,"[8, 11, 36, 38, 46, 47]",6,2.381518878042698,0.1656247116625309,17.160097417033587,"[15617403, 15717403, 15017403, 15117403, 15217403, 15317403, 15917403, 15817403, 15417403, 15517403]","[36, 36, 36, 36, 36, 36, 36, 36, 36, 36]"
53,7,"[0, 14, 20, 36, 41, 46, 47]",7,2.7113450234755874,0.18817809596657753,15.845538919259395,"[15781600, 15681600, 15181600, 15081600, 15281600, 15381600, 15581600, 15481600, 15981600, 15881600]","[41, 41, 41, 41, 41, 41, 41, 41, 41, 41]"
54,7,"[0, 11, 17, 24, 37, 45, 46]",7,2.6126362988725305,0.1921799359843135,15.329630097773459,"[15656957, 15756957, 15156957, 15056957, 15256957, 15356957, 15556957, 15456957, 15956957, 15856957]","[46, 46, 46, 46, 46, 46, 46, 46, 46, 46]"
55,7,"[6, 7, 10, 11, 17, 21, 44]",7,2.731300593353808,0.19448653049767017,14.006600511393376,"[15294964, 15494964, 15094964, 15194964, 15594964, 15694964, 15894964, 15994964, 15794964, 15394964]","[21, 21, 21, 21, 21, 21, 21, 21, 21, 21]"
56,7,"[7, 11, 16, 43, 46]",5,1.9180829506367445,0.14259783551096916,16.211017952952535,"[15377555, 15277555, 15077555, 15177555, 15677555, 15777555, 15977555, 15877555, 15477555, 15577555]","[16, 16, 16, 16, 16, 16, 16, 16, 16, 16]"
57,7,"[0, 5, 11, 21, 26, 28, 41]",7,2.7680587954819202,0.19201519712805748,13.705912213240351,"[15001983, 15501983, 15601983, 15701983, 15401983, 15301983, 15801983, 15901983, 15201983, 15101983]","[5, 5, 5, 5, 5, 5, 5, 5, 5, 5]"
58,7,"[14, 17, 31, 32, 39, 46]",6,2.267964825965464,0.15521378349512815,14.424299467743063,"[15178758, 15078758, 15278758, 15378758, 15578758, 15478758, 15778758, 15678758, 15978758, 15878758]","[39, 39, 39, 39, 39, 39, 39, 39, 39, 39]"
59,7,"[4, 11, 14, 22, 43, 44, 46]",7,2.6974547607824206,0.19237884413450956,15.568876835318017,"[15592864, 15492864, 15692864, 15792864, 15392864, 15292864, 15992864, 15892864, 15092864, 15192864]","[22, 22, 22, 22, 22, 22, 22, 22, 22, 22]"
60,7,"[5, 16, 31, 41, 46]",5,1.936873127706349,0.13548041321337223,15.685583539586514,"[15164364, 15064364, 15264364, 15364364, 15564364, 15464364, 15764364, 15664364, 15964364, 15864364]","[46, 46, 46, 46, 46, 46, 46, 46, 46, 46]"
61,7,"[0, 7, 12, 18, 21, 26, 36]",7,2.8090005442500114,0.1947769708931446,14.066520637034305,"[15360415, 15260415, 15860415, 15960415, 15560415, 15460415, 15160415, 15060415, 15660415, 15760415]","[18, 18, 18, 18, 18, 18, 18, 18, 18, 18]"
62,7,"[1, 6, 11, 15, 32, 39, 42]",7,2.680243489332497,0.19234893284738064,14.063110775314271,"[15049652, 15149652, 15649652, 15749652, 15849652, 15949652, 15549652, 15449652, 15349652, 15249652]","[11, 11, 11, 11, 11, 11, 11, 11, 11, 11]"
63,7,"[1, 11, 14, 31, 38, 42, 44]",7,2.7371043507009745,0.18965152464807034,15.303793235948044,"[15379703, 15279703, 15179703, 15079703, 15979703, 15879703, 15479703, 15579703, 15679703, 15779703]","[11, 11, 11, 11, 11, 11, 11, 11, 11, 11]"
64,7,"[8, 11, 14, 21, 42, 43, 46]",7,2.712714985013008,0.19308891892433167,15.546134578928884,"[15501108, 15401108, 15701108, 15601108, 15901108, 15801108, 15101108, 15001108, 15201108, 15301108]","[42, 42, 42, 42, 42, 42, 42, 42, 42, 42]"
65,7,"[11, 17, 21, 24, 38, 47]",6,2.357831039465964,0.17314356472343206,15.7212390898106,"[15667667, 15767667, 15467667, 15567667, 15367667, 15267667, 15867667, 15967667, 15067667, 15167667]","[38, 38, 38, 38, 38, 38, 38, 38, 38, 38]"
66,7,"[0, 9, 10, 14, 22, 37, 39]",7,2.599729428999126,0.18558645248413086,13.790188212679434,"[15415602, 15515602, 15315602, 15215602, 15015602, 15115602, 15915602, 15815602, 15715602, 15615602]","[14, 14, 14, 14, 14, 14, 14, 14, 14, 14]"
67,7,"[24, 30, 34, 43, 46]",5,1.9562881588935852,0.13697738759219646,16.50100177032873,"[15069661, 15169661, 15269661, 15369661, 15769661, 15669661, 15969661, 15869661, 15569661, 15469661]","[34, 34, 34, 34, 34, 34, 34, 34, 34, 34]"
68,7,"[9, 14, 17, 31, 40, 43]",6,2.3190713487565517,0.1562953144311905,14.626462017962089,"[15792110, 15692110, 15392110, 15292110, 15192110, 15092110, 15492110, 15592110, 15992110, 15892110]","[31, 31, 31, 31, 31, 31, 31, 31, 31, 31]"
69,7,"[1, 11, 15, 17, 25, 42]",6,2.375898167490959,0.17084098141640425,14.79515158641152,"[15700399, 15600399, 15300399, 15200399, 15900399, 15800399, 15500399, 15400399, 15000399, 15100399]","[1, 1, 1, 1, 1, 1, 1, 1, 1, 1]"
70,7,"[2, 17, 21, 31, 43, 46]",6,2.424892700277269,0.1747580049559474,15.86290537767733,"[15733906, 15633906, 15433906, 15533906, 15833906, 15933906, 15233906, 15333906, 15133906, 15033906]","[31, 31, 31, 31, 31, 31, 31, 31, 31, 31]"
71,7,"[7, 10, 11, 22, 24, 27, 46]",7,2.701193558052182,0.18573896121233702,13.970869295365576,"[15754264, 15354264, 15554264, 15454264, 15254264, 15854264, 15154264, 15054264, 15954264, 15654264]","[10, 10, 10, 10, 10, 10, 10, 10, 10, 10]"
72,7,"[11, 17, 35, 37, 39, 43, 45]",7,2.671106698922813,0.1915608737617731,19.88184404878744,"[15179703, 15079703, 15279703, 15379703, 15579703, 15479703, 15879703, 15979703, 15679703, 15779703]","[11, 11, 11, 11, 11, 11, 11, 11, 11, 11]"
73,7,"[0, 3, 5, 11, 17, 29, 46]",7,2.7338290195912123,0.19374070409685373,13.705776005650737,"[15637578, 15737578, 15337578, 15237578, 15837578, 15937578, 15437578, 15537578, 15037578, 15137578]","[29, 29, 29, 29, 29, 29, 29, 29, 29, 29]"
74,7,"[11, 15, 21, 24, 28, 39, 44]",7,2.738771030679345,0.19770377781242132,15.18311566866136,"[15139247, 15039247, 15839247, 15939247, 15439247, 15539247, 15339247, 15239247, 15639247, 15739247]","[44, 44, 44, 44, 44, 44, 44, 44, 44, 44]"
75,7,"[0, 10, 15, 16, 31, 40]",6,2.2336723627522588,0.15520794969052076,14.07920843952646,"[15402868, 15502868, 15202868, 15302868, 15602868, 15702868, 15102868, 15002868, 15902868, 15802868]","[10, 10, 10, 10, 10, 10, 10, 10, 10, 10]"
76,7,"[11, 14, 15, 30, 37, 39, 45]",7,2.565961661748588,0.18169237673282623,15.01347087396841,"[15711258, 15611258, 15111258, 15011258, 15211258, 15311258, 15511258, 15411258, 15911258, 15811258]","[37, 37, 37, 37, 37, 37, 37, 37, 37, 37]"
77,7,"[1, 7, 21, 23, 33, 39, 42]",7,2.786941691301763,0.20076194312423468,14.79837390368006,"[15012050, 15512050, 15612050, 15712050, 15412050, 15312050, 15812050, 15912050, 15112050, 15212050]","[39, 39, 39, 39, 39, 39, 39, 39, 39, 39]"
78,7,"[7, 15, 17, 31, 44, 46]",6,2.3634012453258038,0.1627503465861082,15.70738477143459,"[15710127, 15610127, 15310127, 15210127, 15110127, 15010127, 15410127, 15510127, 15910127, 15810127]","[31, 31, 31, 31, 31, 31, 31, 31, 31, 31]"
79,7,"[7, 17, 27, 43, 44, 45, 46]",7,2.738800885155797,0.19451204128563404,16.670481577382557,"[15314977, 15214977, 15414977, 15514977, 15714977, 15614977, 15114977, 15014977, 15914977, 15814977]","[44, 44, 44, 44, 44, 44, 44, 44, 44, 44]"
80,7,"[7, 11, 24, 39, 43, 46, 47]",7,2.747089449316263,0.1934183407574892,16.323183503134974,"[15510441, 15410441, 15810441, 15910441, 15210441, 15310441, 15610441, 15710441, 15010441, 15110441]","[11, 11, 11, 11, 11, 11, 11, 11, 11, 11]"
81,7,"[11, 21, 28, 39, 41, 46]",6,2.3666405994445086,0.16106550209224224,15.8812198015706,"[15782683, 15682683, 15382683, 15282683, 15982683, 15882683, 15082683, 15182683, 15582683, 15482683]","[41, 41, 41, 41, 41, 41, 41, 41, 41, 41]"
82,7,"[11, 17, 41, 42, 44]",5,1.9357489235699177,0.1405702456831932,15.804328129906207,"[15661817, 15761817, 15461817, 15561817, 15361817, 15261817, 15861817, 15961817, 15061817, 15161817]","[44, 44, 44, 44, 44, 44, 44, 44, 44, 44]"
83,7,"[5, 14, 15, 17, 42, 44, 46]",7,2.785155978985131,0.2022821567952633,16.242780212845123,"[15326085, 15226085, 15626085, 15926085, 15826085, 15726085, 15526085, 15026085, 15126085, 15426085]","[46, 46, 46, 46, 46, 46, 46, 46, 46, 46]"
84,7,"[1, 17, 21, 43, 44, 46]",6,2.4154097232967615,0.17099879309535027,16.820966780030478,"[15483579, 15583579, 15983579, 15883579, 15383579, 15283579, 15783579, 15683579, 15183579, 15083579]","[21, 21, 21, 21, 21, 21, 21, 21, 21, 21]"
85,7,"[10, 11, 36, 39, 44, 46]",6,2.3360631838440895,0.16271368600428104,16.432490853127092,"[15178758, 15078758, 15878758, 15978758, 15478758, 15578758, 15378758, 15278758, 15678758, 15778758]","[39, 39, 39, 39, 39, 39, 39, 39, 39, 39]"
86,7,"[14, 20, 38, 41, 42, 43]",6,2.3686217991635203,0.1641234951093793,16.70574635787246,"[15707295, 15607295, 15507295, 15407295, 15007295, 15107295, 15807295, 15907295, 15207295, 15307295]","[42, 42, 42, 42, 42, 42, 42, 42, 42, 42]"
87,7,"[0, 11, 24, 39, 46, 47]",6,2.2735760752111673,0.1626389203593135,15.453982447972521,"[15164364, 15064364, 15264364, 15364364, 15564364, 15464364, 15764364, 15664364, 15964364, 15864364]","[46, 46, 46, 46, 46, 46, 46, 46, 46, 46]"
88,7,"[1, 4, 17, 25, 36, 41, 46]",7,2.8064563795924187,0.1910296268761158,15.817710585293494,"[15181600, 15081600, 15981600, 15881600, 15281600, 15381600, 15781600, 15681600, 15581600, 15481600]","[41, 41, 41, 41, 41, 41, 41, 41, 41, 41]"
89,7,"[13, 14, 21, 29, 41, 46, 47]",7,2.6718211164698005,0.18482342269271612,14.608964498354387,"[15308494, 15208494, 15508494, 15408494, 15908494, 15808494, 15008494, 15108494, 15708494, 15608494]","[41, 41, 41, 41, 41, 41, 41, 41, 41, 41]"
90,7,"[17, 26, 36, 37, 45, 46]",6,2.318551391363144,0.15982250403612852,16.461775998584926,"[15127618, 15027618, 15227618, 15327618, 15527618, 15427618, 15727618, 15627618, 15927618, 15827618]","[45, 45, 45, 45, 45, 45, 45, 45, 45, 45]"
91,7,"[17, 21, 30, 31, 35, 43, 46]",7,2.7797420313581824,0.19163203332573175,19.184951418877713,"[16723263, 17023263, 16923263, 16823263, 17123263, 17223263, 17523263, 17423263, 16623263, 17323263]","[43, 43, 43, 43, 43, 43, 43, 43, 43, 43]"
92,7,"[11, 17, 22, 42, 43, 46, 47]",7,2.7849604412913322,0.1989740775898099,16.7543392333069,"[15656065, 15756065, 15056065, 15156065, 15256065, 15356065, 15856065, 15956065, 15456065, 15556065]","[43, 43, 43, 43, 43, 43, 43, 43, 43, 43]"
93,7,"[21, 24, 29, 31, 39, 45, 47]",7,2.6699877977371216,0.1887395502999425,14.627216411954057,"[15643631, 15743631, 15443631, 15543631, 15343631, 15243631, 15143631, 15043631, 15843631, 15943631]","[21, 21, 21, 21, 21, 21, 21, 21, 21, 21]"
94,7,"[4, 11, 27, 28, 30, 39, 46]",7,2.682241286151111,0.18813684675842524,14.544350272111062,"[15469907, 15569907, 15969907, 15869907, 15169907, 15069907, 15769907, 15669907, 15269907, 15369907]","[28, 28, 28, 28, 28, 28, 28, 28, 28, 28]"
95,7,"[0, 11, 36, 38, 39, 42]",6,2.3596968641504645,0.16448237281292677,16.465131029797096,"[15612928, 15712928, 15012928, 15112928, 15212928, 15312928, 15912928, 15812928, 15412928, 15512928]","[36, 36, 36, 36, 36, 36, 36, 36, 36, 36]"
96,7,"[3, 11, 17, 28, 41, 46]",6,2.3762885238975286,0.15780429728329182,15.410897062548125,"[15151151, 15051151, 15851151, 15951151, 15451151, 15551151, 15351151, 15251151, 15651151, 15751151]","[28, 28, 28, 28, 28, 28, 28, 28, 28, 28]"
97,7,"[17, 21, 28, 31, 42]",5,2.0392897920683026,0.14550381805747747,15.003424364607781,"[15132581, 15032581, 15732581, 15632581, 15532581, 15432581, 15332581, 15232581, 15932581, 15832581]","[42, 42, 42, 42, 42, 42, 42, 42, 42, 42]"
98,7,"[8, 10, 22, 31, 38, 42]",6,2.3818641463294625,0.1584694404155016,15.153394143097103,"[15642349, 15742349, 15442349, 15542349, 15342349, 15242349, 15842349, 15942349, 15042349, 15142349]","[38, 38, 38, 38, 38, 38, 38, 38, 38, 38]"
99,7,"[11, 14, 32, 36, 38, 43, 46]",7,2.7401074478402734,0.1849708966910839,16.27652668480628,"[15412928, 15512928, 15912928, 15812928, 15112928, 15012928, 15212928, 15312928, 15712928, 15612928]","[36, 36, 36, 36, 36, 36, 36, 36, 36, 36]"
100,7,"[0, 17, 19, 20, 31, 39]",6,2.2537170741707087,0.16312138456851244,13.75951116454477,"[15266982, 15366982, 15166982, 15066982, 15766982, 15666982, 15566982, 15466982, 15966982, 15866982]","[20, 20, 20, 20, 20, 20, 20, 20, 20, 20]"
101,7,"[11, 22, 27, 36, 43, 46, 47]",7,2.757425246760249,0.19008773192763329,16.32201611556645,"[15857756, 15957756, 15657756, 15757756, 15457756, 15557756, 15057756, 15157756, 15357756, 15257756]","[46, 46, 46, 46, 46, 46, 46, 46, 46, 46]"
102,7,"[8, 21, 29, 31, 37, 46, 47]",7,2.673870044760406,0.18213826417922974,14.401326887243028,"[15511258, 15311258, 15211258, 15011258, 15611258, 15911258, 15811258, 15111258, 15411258, 15711258]","[37, 37, 37, 37, 37, 37, 37, 37, 37, 37]"
103,7,"[11, 14, 17, 21, 41, 44]",6,2.286550536751747,0.16073229257017374,14.676849347228805,"[15679703, 15779703, 15479703, 15579703, 15379703, 15279703, 15079703, 15179703, 15879703, 15979703]","[11, 11, 11, 11, 11, 11, 11, 11, 11, 11]"
104,7,"[0, 5, 18, 24, 36, 43, 47]",7,2.8769671274349093,0.1986714033409953,16.098111829786962,"[15356895, 15256895, 15056895, 15156895, 15756895, 15656895, 15956895, 15856895, 15556895, 15456895]","[43, 43, 43, 43, 43, 43, 43, 43, 43, 43]"
105,7,"[7, 15, 29, 33, 36, 38]",6,2.4301761221140623,0.17151429411023855,15.153259935323149,"[15343673, 15243673, 15643673, 15743673, 15543673, 15443673, 15043673, 15143673, 15843673, 15943673]","[38, 38, 38, 38, 38, 38, 38, 38, 38, 38]"
106,7,"[0, 7, 11, 15, 23, 31, 46]",7,2.664083951152861,0.1923443814739585,14.08376139475565,"[15944059, 15844059, 15744059, 15644059, 15544059, 15044059, 15344059, 15244059, 15144059, 15444059]","[23, 23, 23, 23, 23, 23, 23, 23, 23, 23]"
107,7,"[7, 11, 14, 22, 36, 39, 43]",7,2.768187005072832,0.19750553462654352,15.534462421467262,"[15118368, 15018368, 15318368, 15218368, 15718368, 15618368, 15418368, 15518368, 15818368, 15918368]","[22, 22, 22, 22, 22, 22, 22, 22, 22, 22]"
108,7,"[0, 10, 11, 12, 17, 46]",6,2.2796119209378958,0.15975169371813536,14.337473835873729,"[15388525, 15288525, 15188525, 15088525, 15488525, 15588525, 15988525, 15888525, 15688525, 15788525]","[0, 0, 0, 0, 0, 0, 0, 0, 0, 0]"
109,7,"[0, 8, 17, 19, 20, 31, 46]",7,2.652575849555433,0.18482977990061045,14.024856583614435,"[15966982, 15866982, 15666982, 15766982, 15166982, 15066982, 15266982, 15366982, 15466982, 15566982]","[20, 20, 20, 20, 20, 20, 20, 20, 20, 20]"
110,7,"[8, 17, 30, 39, 42, 43, 46]",7,2.7546457666903734,0.19560130219906569,16.508267503963516,"[15320702, 15220702, 15120702, 15020702, 15920702, 15820702, 15720702, 15620702, 15520702, 15420702]","[43, 43, 43, 43, 43, 43, 43, 43, 43, 43]"
111,7,"[0, 3, 7, 11, 17, 21, 37]",7,2.6769114872440696,0.18862975109368563,13.760149258388472,"[15211258, 15311258, 15811258, 15511258, 15411258, 15911258, 15611258, 15111258, 15011258, 15711258]","[37, 37, 37, 37, 37, 37, 37, 37, 37, 37]"
112,7,"[14, 21, 27, 36, 37, 41, 46]",7,2.670341336168349,0.184849314391613,15.408354548338268,"[15181600, 15081600, 15381600, 15281600, 15481600, 15581600, 15781600, 15681600, 15981600, 15881600]","[41, 41, 41, 41, 41, 41, 41, 41, 41, 41]"
113,7,"[4, 11, 14, 37, 42, 43, 45]",7,2.6245920173823833,0.18677604850381613,15.592356924965445,"[15392607, 15292607, 15692607, 15992607, 15892607, 15792607, 15592607, 15092607, 15192607, 15492607]","[45, 45, 45, 45, 45, 45, 45, 45, 45, 45]"
114,7,"[0, 7, 11, 21, 36, 46]",6,2.3646395932883024,0.161702586337924,15.168339447351173,"[15129685, 15029685, 15229685, 15329685, 15529685, 15429685, 15729685, 15629685, 15929685, 15829685]","[36, 36, 36, 36, 36, 36, 36, 36, 36, 36]"
115,7,"[1, 4, 11, 17, 29, 39, 45]",7,2.6613590428605676,0.19297051336616278,14.129718801871475,"[15556273, 15456273, 15356273, 15256273, 15156273, 15056273, 15956273, 15856273, 15756273, 15656273]","[1, 1, 1, 1, 1, 1, 1, 1, 1, 1]"
116,7,"[15, 19, 37, 42, 46]",5,1.8920745393261313,0.13941543363034725,16.23901430508122,"[15080991, 15180991, 15480991, 15580991, 15980991, 15880991, 15780991, 15680991, 15280991, 15380991]","[15, 15, 15, 15, 15, 15, 15, 15, 15, 15]"
117,7,"[1, 7, 11, 14, 19, 43, 47]",7,2.720552676357329,0.18900331854820251,14.788391495123506,"[15133746, 15033746, 15733746, 15633746, 15533746, 15433746, 15833746, 15933746, 15233746, 15333746]","[1, 1, 1, 1, 1, 1, 1, 1, 1, 1]"
118,7,"[3, 11, 15, 27, 28, 39, 46]",7,2.7032473338767886,0.1852471213787794,14.96600587672687,"[15510441, 15410441, 15810441, 15910441, 15210441, 15310441, 15710441, 15610441, 15110441, 15010441]","[11, 11, 11, 11, 11, 11, 11, 11, 11, 11]"
119,7,"[0, 7, 11, 14, 20, 32, 44]",7,2.6250683832913637,0.18253727350383997,13.144231103227607,"[15939247, 15839247, 15139247, 15239247, 15539247, 15439247, 15739247, 15639247, 15339247, 15039247]","[44, 44, 44, 44, 44, 44, 44, 44, 44, 44]"
120,7,"[11, 17, 30, 40, 44, 47]",6,2.3137333299964666,0.16065326146781445,15.536956652688483,"[15840998, 15940998, 15440998, 15540998, 15040998, 15140998, 15640998, 15740998, 15340998, 15240998]","[47, 47, 47, 47, 47, 47, 47, 47, 47, 47]"
121,7,"[3, 11, 16, 18, 38, 39, 43]",7,2.7305665109306574,0.19218619167804718,16.264002547798945,"[15197551, 15097551, 15697551, 15797551, 15897551, 15997551, 15597551, 15497551, 15397551, 15297551]","[43, 43, 43, 43, 43, 43, 43, 43, 43, 43]"
122,7,"[1, 4, 11, 17, 18, 20, 27]",7,2.7126320647075772,0.18868219386786222,13.428590736884091,"[15785040, 15685040, 15585040, 15485040, 15085040, 15185040, 15385040, 15285040, 15985040, 15885040]","[1, 1, 1, 1, 1, 1, 1, 1, 1, 1]"
123,7,"[10, 14, 15, 28, 39, 43, 46]",7,2.764072342775762,0.19823857583105564,16.200257968889282,"[15970790, 15870790, 15570790, 15470790, 15170790, 15070790, 15770790, 15670790, 15370790, 15270790]","[15, 15, 15, 15, 15, 15, 15, 15, 15, 15]"
124,7,"[15, 17, 21, 27, 39, 42, 43]",7,2.7332630762830377,0.1990735800936818,15.784701264263797,"[15221562, 15321562, 15821562, 15521562, 15421562, 15921562, 15621562, 15121562, 15021562, 15721562]","[43, 43, 43, 43, 43, 43, 43, 43, 43, 43]"
125,7,"[10, 11, 14, 30, 39, 46]",6,2.25140867382288,0.16177922766655684,14.590694344990576,"[15291904, 15391904, 15491904, 15591904, 15191904, 15091904, 15891904, 15991904, 15691904, 15791904]","[11, 11, 11, 11, 11, 11, 11, 11, 11, 11]"
126,7,"[11, 14, 21, 36, 39, 43, 46]",7,2.7326169135048985,0.18893594574183226,16.30975107629118,"[15108519, 15008519, 15608519, 15708519, 15808519, 15908519, 15408519, 15508519, 15208519, 15308519]","[21, 21, 21, 21, 21, 21, 21, 21, 21, 21]"
127,7,"[11, 14, 17, 25, 28, 30, 46]",7,2.7572274496778846,0.1977103380486369,14.67416569291215,"[15222710, 15422710, 15022710, 15122710, 15522710, 15622710, 15822710, 15922710, 15722710, 15322710]","[30, 30, 30, 30, 30, 30, 30, 30, 30, 30]"
128,7,"[12, 17, 27, 43, 46]",5,1.95458656642586,0.14017970580607653,15.911998737975955,"[15547368, 15447368, 15947368, 15847368, 15147368, 15047368, 15647368, 15747368, 15247368, 15347368]","[27, 27, 27, 27, 27, 27, 27, 27, 27, 27]"
129,7,"[1, 7, 11, 12, 16, 41, 46]",7,2.6851050248369575,0.18526323232799768,15.084455588300314,"[15508135, 15408135, 15908135, 15808135, 15008135, 15108135, 15608135, 15708135, 15308135, 15208135]","[41, 41, 41, 41, 41, 41, 41, 41, 41, 41]"
130,7,"[7, 11, 15, 21, 43, 44, 46]",7,2.7547255838289857,0.19431942701339722,16.15716055055548,"[15175092, 15075092, 15275092, 15375092, 15575092, 15475092, 15675092, 15775092, 15875092, 15975092]","[7, 7, 7, 7, 7, 7, 7, 7, 7, 7]"
131,7,"[1, 11, 17, 30, 46, 47]",6,2.346594891510904,0.16509398259222507,15.474563379772007,"[15392091, 15292091, 15192091, 15092091, 15492091, 15592091, 15992091, 15892091, 15692091, 15792091]","[1, 1, 1, 1, 1, 1, 1, 1, 1, 1]"
132,7,"[5, 8, 19, 42, 44, 46]",6,2.3791278591379523,0.1658477382734418,16.027891608032707,"[15435832, 15535832, 15935832, 15835832, 15335832, 15235832, 15735832, 15635832, 15135832, 15035832]","[19, 19, 19, 19, 19, 19, 19, 19, 19, 19]"
133,7,"[11, 14, 15, 17, 31, 39, 42]",7,2.660913422703743,0.19867579359561205,14.582010359835945,"[15587985, 15487985, 15387985, 15287985, 15787985, 15687985, 15087985, 15187985, 15987985, 15887985]","[15, 15, 15, 15, 15, 15, 15, 15, 15, 15]"
134,7,"[4, 6, 7, 10, 17, 39]",6,2.334812654182315,0.16878573317080736,13.924618043626348,"[15239893, 15339893, 15439893, 15539893, 15139893, 15039893, 15839893, 15939893, 15639893, 15739893]","[6, 6, 6, 6, 6, 6, 6, 6, 6, 6]"
135,7,"[8, 17, 22, 24, 28, 39, 46]",7,2.7965703075751662,0.19890695810317993,15.58169074290033,"[15663372, 15763372, 15463372, 15563372, 15063372, 15163372, 15963372, 15863372, 15363372, 15263372]","[39, 39, 39, 39, 39, 39, 39, 39, 39, 39]"
136,7,"[7, 11, 17, 22, 39, 43, 46]",7,2.7722748005762696,0.19456446170806885,16.061244020837226,"[15111095, 15011095, 15211095, 15311095, 15511095, 15411095, 15711095, 15611095, 15911095, 15811095]","[7, 7, 7, 7, 7, 7, 7, 7, 7, 7]"
137,7,"[0, 1, 14, 19, 39, 42]",6,2.2779042022302747,0.16636393032968044,14.382592677604407,"[15356273, 15256273, 15056273, 15156273, 15556273, 15456273, 15756273, 15656273, 15956273, 15856273]","[1, 1, 1, 1, 1, 1, 1, 1, 1, 1]"
138,7,"[14, 15, 17, 22, 40, 43]",6,2.3510164925828576,0.16528988722711802,15.669681280152872,"[15029832, 15129832, 15429832, 15529832, 15929832, 15829832, 15229832, 15329832, 15729832, 15629832]","[40, 40, 40, 40, 40, 40, 40, 40, 40, 40]"
139,7,"[1, 12, 31, 39, 42, 43]",6,2.375170750543475,0.17046536970883608,15.716626252125328,"[15178330, 15078330, 15878330, 15978330, 15478330, 15578330, 15378330, 15278330, 15678330, 15778330]","[39, 39, 39, 39, 39, 39, 39, 39, 39, 39]"
140,7,"[5, 10, 21, 28, 37, 42]",6,2.436856320127845,0.17330583091825247,15.230945499846712,"[15611258, 15711258, 15411258, 15511258, 15311258, 15211258, 15811258, 15911258, 15011258, 15111258]","[37, 37, 37, 37, 37, 37, 37, 37, 37, 37]"
141,7,"[4, 19, 39, 44, 46, 47]",6,2.286954495124519,0.17079464811831713,16.389821946853772,"[15484356, 15584356, 15884356, 15984356, 15084356, 15184356, 15684356, 15784356, 15384356, 15284356]","[19, 19, 19, 19, 19, 19, 19, 19, 19, 19]"
142,7,"[8, 11, 17, 24, 28, 43, 46]",7,2.78008100297302,0.19663266744464636,15.602835387457162,"[15162093, 15062093, 15862093, 15962093, 15562093, 15462093, 15762093, 15662093, 15362093, 15262093]","[17, 17, 17, 17, 17, 17, 17, 17, 17, 17]"
143,7,"[11, 19, 21, 32, 43, 44, 46]",7,2.66904491558671,0.1883745789527893,15.214200526941568,"[15713661, 15613661, 15513661, 15413661, 15013661, 15113661, 15313661, 15213661, 15913661, 15813661]","[11, 11, 11, 11, 11, 11, 11, 11, 11, 11]"
144,7,"[0, 11, 15, 28, 33, 36, 37]",7,2.7274026004597545,0.18971959967166185,14.757435797381081,"[15211258, 15311258, 15811258, 15411258, 15611258, 15711258, 15011258, 15111258, 15511258, 15911258]","[37, 37, 37, 37, 37, 37, 37, 37, 37, 37]"
145,7,"[6, 10, 17, 39, 42, 47]",6,2.3486206643283367,0.15278091561049223,15.478467797860503,"[15766038, 15666038, 15566038, 15466038, 15066038, 15166038, 15266038, 15366038, 15866038, 15966038]","[6, 6, 6, 6, 6, 6, 6, 6, 6, 6]"
146,7,"[0, 6, 11, 19, 20, 41]",6,2.219956840388477,0.15729225799441338,13.03811896747599,"[15754594, 15654594, 15354594, 15254594, 15954594, 15854594, 15054594, 15154594, 15554594, 15454594]","[20, 20, 20, 20, 20, 20, 20, 20, 20, 20]"
147,7,"[11, 21, 36, 38, 43, 46]",6,2.421134456060827,0.17010039184242487,17.597155537301052,"[15784611, 15684611, 15484611, 15584611, 15184611, 15084611, 15884611, 15984611, 15284611, 15384611]","[21, 21, 21, 21, 21, 21, 21, 21, 21, 21]"
148,7,"[7, 14, 26, 28, 30, 37, 39]",7,2.7065751291811466,0.18422632105648518,14.052219847283725,"[15735333, 15635333, 15435333, 15535333, 15235333, 15335333, 15135333, 15035333, 15935333, 15835333]","[30, 30, 30, 30, 30, 30, 30, 30, 30, 30]"
149,7,"[10, 11, 13, 14, 39, 47]",6,2.2353654615581036,0.15742409508675337,14.340525957755744,"[15296023, 15396023, 15496023, 15596023, 15696023, 15796023, 15096023, 15196023, 15896023, 15996023]","[10, 10, 10, 10, 10, 10, 10, 10, 10, 10]"
150,7,"[1, 17, 30, 32, 39, 42, 43]",7,2.7606457713991404,0.19098199903964996,15.311515229820673,"[15328324, 15528324, 15428324, 15928324, 15828324, 15728324, 15228324, 15128324, 15028324, 15628324]","[42, 42, 42, 42, 42, 42, 42, 42, 42, 42]"
151,7,"[0, 15, 24, 31, 38, 44, 46]",7,2.7106647044420242,0.19322936329990625,15.919737661590002,"[15041829, 15141829, 15341829, 15241829, 15941829, 15841829, 15541829, 15441829, 15741829, 15641829]","[15, 15, 15, 15, 15, 15, 15, 15, 15, 15]"
152,7,"[11, 14, 21, 30, 39, 43]",6,2.2864013835787773,0.16006441041827202,14.791799496626481,"[15613702, 15713702, 15113702, 15013702, 15213702, 15313702, 15513702, 15413702, 15913702, 15813702]","[30, 30, 30, 30, 30, 30, 30, 30, 30, 30]"
153,7,"[11, 17, 30, 37, 42, 46, 47]",7,2.6953511349856853,0.18938002176582813,15.958040580619127,"[15986582, 15886582, 15386582, 15286582, 15186582, 15086582, 15786582, 15686582, 15586582, 15486582]","[42, 42, 42, 42, 42, 42, 42, 42, 42, 42]"
154,7,"[5, 10, 11, 17, 31, 44, 46]",7,2.7512764036655426,0.18673080950975418,14.994309653794128,"[15624286, 15724286, 15824286, 15524286, 15424286, 15924286, 15324286, 15124286, 15024286, 15224286]","[46, 46, 46, 46, 46, 46, 46, 46, 46, 46]"
155,7,"[12, 14, 29, 36, 42, 43, 44]",7,2.7613767264410853,0.20127225387841463,15.51966362672725,"[15148676, 15048676, 15348676, 15248676, 15748676, 15648676, 15448676, 15548676, 15848676, 15948676]","[36, 36, 36, 36, 36, 36, 36, 36, 36, 36]"
156,7,"[11, 16, 17, 21, 27, 37, 46]",7,2.58992073033005,0.18573499284684658,14.77743480427723,"[15689672, 15789672, 15889672, 15589672, 15489672, 15989672, 15389672, 15189672, 15089672, 15289672]","[46, 46, 46, 46, 46, 46, 46, 46, 46, 46]"
157,7,"[11, 15, 25, 36, 39, 43]",6,2.3677942268550396,0.16943472065031528,16.20222722304364,"[15129685, 15029685, 15829685, 15929685, 15429685, 15529685, 15329685, 15229685, 15629685, 15729685]","[36, 36, 36, 36, 36, 36, 36, 36, 36, 36]"
158,7,"[11, 14, 22, 28, 36, 39]",6,2.384477852843702,0.1604395043104887,15.189308205697065,"[15112928, 15012928, 15212928, 15312928, 15512928, 15412928, 15712928, 15612928, 15912928, 15812928]","[36, 36, 36, 36, 36, 36, 36, 36, 36, 36]"
159,7,"[1, 14, 15, 22, 39, 42]",6,2.3509133076295257,0.16961943916976452,15.25591862294823,"[15893019, 15993019, 15593019, 15493019, 15393019, 15293019, 15793019, 15693019, 15193019, 15093019]","[42, 42, 42, 42, 42, 42, 42, 42, 42, 42]"
160,7,"[0, 8, 11, 14, 37, 39, 46]",7,2.5773850977420807,0.17394680622965097,14.557729020382144,"[15037057, 15137057, 15837057, 15937057, 15437057, 15537057, 15637057, 15737057, 15237057, 15337057]","[46, 46, 46, 46, 46, 46, 46, 46, 46, 46]"
161,7,"[7, 10, 11, 24, 32, 39, 43]",7,2.68888396024704,0.18414022214710712,14.186434746852942,"[15324680, 15224680, 15124680, 15024680, 15424680, 15524680, 15824680, 15924680, 15724680, 15624680]","[7, 7, 7, 7, 7, 7, 7, 7, 7, 7]"
162,7,"[1, 11, 17, 29, 33, 37, 39]",7,2.6632575737312436,0.1960207298398018,13.676206476986408,"[15111258, 15011258, 15311258, 15211258, 15411258, 15511258, 15711258, 15611258, 15911258, 15811258]","[37, 37, 37, 37, 37, 37, 37, 37, 37, 37]"
163,7,"[9, 14, 24, 39, 42, 43]",6,2.3076117131859064,0.16418793890625238,15.37785994533139,"[15228324, 15328324, 15428324, 15528324, 15628324, 15728324, 15828324, 15928324, 15028324, 15128324]","[42, 42, 42, 42, 42, 42, 42, 42, 42, 42]"
164,7,"[8, 11, 17, 30, 42, 43, 46]",7,2.7421726221218705,0.1914379596710205,15.80377416013341,"[15020702, 15120702, 15620702, 15720702, 15520702, 15420702, 15220702, 15320702, 15820702, 15920702]","[43, 43, 43, 43, 43, 43, 43, 43, 43, 43]"
165,7,"[0, 5, 11, 17, 39, 43]",6,2.35619558673352,0.1646321238949895,15.235505051910877,"[15742816, 15642816, 15542816, 15442816, 15042816, 15142816, 15842816, 15942816, 15242816, 15342816]","[39, 39, 39, 39, 39, 39, 39, 39, 39, 39]"
166,7,"[1, 6, 7, 8, 17, 21, 24]",7,2.7794376518577337,0.19589582737535238,13.680639265171651,"[15232760, 15332760, 15132760, 15032760, 15932760, 15832760, 15432760, 15532760, 15732760, 15632760]","[7, 7, 7, 7, 7, 7, 7, 7, 7, 7]"
167,7,"[5, 14, 17, 27, 41, 42, 47]",7,2.7613958846777678,0.2033701566979289,15.139236349612474,"[15173374, 15073374, 15873374, 15973374, 15473374, 15573374, 15673374, 15773374, 15273374, 15373374]","[17, 17, 17, 17, 17, 17, 17, 17, 17, 17]"
168,7,"[1, 4, 17, 39, 42, 46]",6,2.365877070464194,0.1738441986963153,16.098274901586894,"[15153520, 15053520, 15253520, 15353520, 15553520, 15453520, 15953520, 15853520, 15753520, 15653520]","[1, 1, 1, 1, 1, 1, 1, 1, 1, 1]"
169,7,"[1, 10, 17, 37, 39, 42]",6,2.3455958561971784,0.16770200710743666,15.43302982347086,"[15363372, 15263372, 15163372, 15063372, 15463372, 15563372, 15663372, 15763372, 15963372, 15863372]","[39, 39, 39, 39, 39, 39, 39, 39, 39, 39]"
170,7,"[7, 14, 15, 17, 30, 43, 46]",7,2.75177816580981,0.19878360722213984,15.692655465898238,"[15971814, 15871814, 15371814, 15071814, 15171814, 15271814, 15471814, 15771814, 15671814, 15571814]","[46, 46, 46, 46, 46, 46, 46, 46, 46, 46]"
171,7,"[5, 11, 14, 16, 42, 43, 44]",7,2.7115074284374714,0.1870491188019514,15.780715368422014,"[15888712, 15988712, 15288712, 15388712, 15488712, 15588712, 15788712, 15688712, 15188712, 15088712]","[43, 43, 43, 43, 43, 43, 43, 43, 43, 43]"
172,7,"[1, 14, 31, 36, 44, 46]",6,2.374071901664138,0.16157672740519047,15.828146028565243,"[15685761, 15785761, 15485761, 15585761, 15385761, 15285761, 15885761, 15985761, 15085761, 15185761]","[44, 44, 44, 44, 44, 44, 44, 44, 44, 44]"
173,7,"[8, 11, 27, 38, 39, 41, 46]",7,2.6650900673121214,0.18743561953306198,15.721226121964198,"[15658488, 15758488, 15358488, 15258488, 15158488, 15058488, 15458488, 15558488, 15958488, 15858488]","[46, 46, 46, 46, 46, 46, 46, 46, 46, 46]"
174,7,"[4, 5, 11, 17, 24, 37, 39]",7,2.683453468605876,0.19612686894834042,14.455588413934622,"[15568203, 15468203, 15368203, 15268203, 15168203, 15068203, 15968203, 15868203, 15768203, 15668203]","[37, 37, 37, 37, 37, 37, 37, 37, 37, 37]"
175,7,"[5, 11, 15, 17, 39, 41, 42]",7,2.7640813887119293,0.1976480334997177,15.574868601414241,"[15937404, 15837404, 15637404, 15737404, 15137404, 15037404, 15237404, 15337404, 15437404, 15537404]","[39, 39, 39, 39, 39, 39, 39, 39, 39, 39]"
176,7,"[8, 17, 26, 32, 37, 38, 46]",7,2.6735292030498385,0.180820532143116,14.96324027123462,"[15269883, 15369883, 15069883, 15169883, 15469883, 15569883, 15769883, 15669883, 15869883, 15969883]","[38, 38, 38, 38, 38, 38, 38, 38, 38, 38]"
177,7,"[1, 11, 24, 29, 40, 46, 47]",7,2.7115289885550737,0.19092071428894997,14.659928725367147,"[15616724, 15716724, 15416724, 15516724, 15316724, 15216724, 15816724, 15916724, 15116724, 15016724]","[11, 11, 11, 11, 11, 11, 11, 11, 11, 11]"
178,7,"[11, 19, 21, 24, 36, 46]",6,2.3207805529236794,0.15978283528238535,15.205540233291686,"[15112928, 15012928, 15212928, 15312928, 15512928, 15412928, 15712928, 15612928, 15912928, 15812928]","[36, 36, 36, 36, 36, 36, 36, 36, 36, 36]"
179,7,"[0, 11, 27, 28, 30, 38, 46]",7,2.7411936186254025,0.1882271422073245,15.019401903663363,"[15217042, 15317042, 15417042, 15517042, 15617042, 15717042, 15017042, 15117042, 15817042, 15917042]","[28, 28, 28, 28, 28, 28, 28, 28, 28, 28]"
180,7,"[0, 1, 2, 11, 30, 37, 46]",7,2.7148465905338526,0.18473287019878626,14.459833525187735,"[15839513, 15939513, 15439513, 15539513, 15639513, 15739513, 15239513, 15339513, 15039513, 15139513]","[2, 2, 2, 2, 2, 2, 2, 2, 2, 2]"
181,7,"[0, 11, 17, 39, 44, 46]",6,2.280141689814627,0.15558870416134596,15.693022687764218,"[15864364, 15964364, 15564364, 15464364, 15664364, 15764364, 15364364, 15264364, 15164364, 15064364]","[46, 46, 46, 46, 46, 46, 46, 46, 46, 46]"
182,7,"[1, 4, 5, 11, 17, 30, 46]",7,2.7699225870892406,0.19791798759251833,14.625035518248167,"[15843691, 15943691, 15543691, 15443691, 15043691, 15143691, 15743691, 15643691, 15243691, 15343691]","[5, 5, 5, 5, 5, 5, 5, 5, 5, 5]"
183,7,"[6, 7, 11, 12, 21, 28, 31]",7,2.7710471898317337,0.19504369609057903,13.387687013085399,"[15113053, 15013053, 15213053, 15313053, 15513053, 15413053, 15813053, 15913053, 15713053, 15613053]","[6, 6, 6, 6, 6, 6, 6, 6, 6, 6]"
184,7,"[10, 17, 19, 24, 43, 46]",6,2.331415683031082,0.16424190904945135,15.639495946622143,"[15656065, 15756065, 15456065, 15556065, 15356065, 15256065, 15856065, 15956065, 15056065, 15156065]","[43, 43, 43, 43, 43, 43, 43, 43, 43, 43]"
185,7,"[2, 17, 21, 35, 43, 46]",6,2.4560279604047537,0.17594886291772127,20.61368485353887,"[15196722, 15096722, 15796722, 15696722, 15596722, 15496722, 15396722, 15296722, 15996722, 15896722]","[43, 43, 43, 43, 43, 43, 43, 43, 43, 43]"
186,7,"[1, 11, 13, 15, 39, 42]",6,2.302176259458065,0.16810830682516098,14.971232035352537,"[15681710, 15781710, 15081710, 15181710, 15281710, 15381710, 15981710, 15881710, 15481710, 15581710]","[13, 13, 13, 13, 13, 13, 13, 13, 13, 13]"
187,7,"[0, 10, 12, 17, 25, 39, 46]",7,2.7135117007419467,0.19365851860493422,14.977879253748272,"[15207755, 15307755, 15407755, 15507755, 15607755, 15707755, 15107755, 15007755, 15907755, 15807755]","[0, 0, 0, 0, 0, 0, 0, 0, 0, 0]"
188,7,"[10, 11, 14, 15, 20, 22]",6,2.274943054653704,0.16573230177164078,13.51550990024892,"[15455115, 15555115, 15755115, 15655115, 15255115, 15355115, 15155115, 15055115, 15955115, 15855115]","[11, 11, 11, 11, 11, 11, 11, 11, 11, 11]"
189,7,"[9, 17, 24, 28, 42, 43]",6,2.4176704548299313,0.17400097753852606,15.668655252472186,"[15245684, 15345684, 15445684, 15545684, 15145684, 15045684, 15845684, 15945684, 15645684, 15745684]","[17, 17, 17, 17, 17, 17, 17, 17, 17, 17]"
190,7,"[4, 8, 10, 11, 15, 27, 47]",7,2.6134789185598493,0.1870351256802678,13.647751229416047,"[15154264, 15054264, 15754264, 15654264, 15854264, 15954264, 15454264, 15554264, 15254264, 15354264]","[10, 10, 10, 10, 10, 10, 10, 10, 10, 10]"
191,7,"[6, 11, 16, 17, 30, 34]",6,2.244384702295065,0.15967472083866596,14.065527789605161,"[15161419, 15061419, 15761419, 15661419, 15561419, 15461419, 15361419, 15261419, 15961419, 15861419]","[30, 30, 30, 30, 30, 30, 30, 30, 30, 30]"
192,7,"[4, 7, 17, 39, 42, 43, 46]",7,2.787989250384271,0.20314239244908094,16.56786451575213,"[15354604, 15254604, 15054604, 15154604, 15754604, 15654604, 15954604, 15854604, 15554604, 15454604]","[43, 43, 43, 43, 43, 43, 43, 43, 43, 43]"
193,7,"[11, 14, 30, 37, 39, 42]",6,2.236544850282371,0.15873591229319572,14.661493513112267,"[15763479, 15663479, 15363479, 15263479, 15563479, 15463479, 15063479, 15163479, 15863479, 15963479]","[42, 42, 42, 42, 42, 42, 42, 42, 42, 42]"
194,7,"[1, 5, 8, 9, 24, 42, 44]",7,2.7894492791965604,0.19875577837228775,14.752748129357185,"[15709921, 15609921, 15509921, 15409921, 15009921, 15109921, 15309921, 15209921, 15809921, 15909921]","[1, 1, 1, 1, 1, 1, 1, 1, 1, 1]"
195,7,"[11, 14, 21, 22, 28, 31, 46]",7,2.757466492243111,0.18958338629454374,14.425711123139731,"[15192864, 15092864, 15692864, 15792864, 15592864, 15492864, 15992864, 15892864, 15392864, 15292864]","[22, 22, 22, 22, 22, 22, 22, 22, 22, 22]"
196,7,"[1, 5, 11, 17, 28, 39, 47]",7,2.8481959979981184,0.202466182410717,15.455071851478092,"[15136340, 15036340, 15836340, 15936340, 15436340, 15536340, 15336340, 15236340, 15636340, 15736340]","[47, 47, 47, 47, 47, 47, 47, 47, 47, 47]"
197,7,"[0, 11, 15, 17, 23, 28, 37]",7,2.6844244142994285,0.18882623873651028,14.251407394185662,"[15184398, 15084398, 15984398, 15884398, 15384398, 15284398, 15684398, 15784398, 15584398, 15484398]","[37, 37, 37, 37, 37, 37, 37, 37, 37, 37]"
198,7,"[17, 22, 25, 39, 42, 43, 46]",7,2.829796738922596,0.20775951631367207,16.834396700640873,"[15614130, 15714130, 15014130, 15114130, 15514130, 15414130, 15914130, 15814130, 15314130, 15214130]","[25, 25, 25, 25, 25, 25, 25, 25, 25, 25]"
199,7,"[8, 11, 17, 32, 37, 43]",6,2.259455337189138,0.15486436896026134,14.267856044772392,"[15797133, 15697133, 15397133, 15297133, 15197133, 15097133, 15497133, 15597133, 15997133, 15897133]","[32, 32, 32, 32, 32, 32, 32, 32, 32, 32]"
200,7,"[14, 19, 28, 31, 39, 44, 46]",7,2.712895043194294,0.18895973730832338,15.397334325193826,"[15173143, 15073143, 15273143, 15373143, 15573143, 15473143, 15873143, 15973143, 15673143, 15773143]","[19, 19, 19, 19, 19, 19, 19, 19, 19, 19]"
201,7,"[1, 11, 15, 27, 37, 39, 44]",7,2.6210620310157537,0.182608375325799,14.760373275061804,"[15809961, 15909961, 15209961, 15309961, 15609961, 15709961, 15409961, 15509961, 15109961, 15009961]","[27, 27, 27, 27, 27, 27, 27, 27, 27, 27]"
202,7,"[6, 7, 11, 43, 46, 47]",6,2.3819250408560038,0.16555848345160484,15.901146974647418,"[15764087, 15664087, 15364087, 15264087, 15564087, 15464087, 15064087, 15164087, 15864087, 15964087]","[47, 47, 47, 47, 47, 47, 47, 47, 47, 47]"
203,7,"[2, 17, 21, 24, 30, 41, 46]",7,2.783209369517863,0.19560250360518694,15.199826080950775,"[15147638, 15047638, 15347638, 15247638, 15447638, 15547638, 15747638, 15647638, 15947638, 15847638]","[41, 41, 41, 41, 41, 41, 41, 41, 41, 41]"
204,7,"[13, 14, 20, 21, 28, 39, 46]",7,2.7178875310346484,0.19237869326025248,15.154226598396365,"[15568703, 15468703, 15368703, 15268703, 15668703, 15768703, 15068703, 15168703, 15868703, 15968703]","[20, 20, 20, 20, 20, 20, 20, 20, 20, 20]"
205,7,"[5, 10, 14, 17, 21, 32, 39]",7,2.72291172016412,0.19307522661983967,13.896023716977131,"[15773271, 15373271, 15573271, 15473271, 15273271, 15873271, 15173271, 15073271, 15973271, 15673271]","[10, 10, 10, 10, 10, 10, 10, 10, 10, 10]"
206,7,"[17, 29, 39, 42, 46, 47]",6,2.363558786921203,0.17008721828460693,16.05877533523987,"[15640998, 15740998, 15040998, 15140998, 15440998, 15540998, 15240998, 15340998, 15840998, 15940998]","[47, 47, 47, 47, 47, 47, 47, 47, 47, 47]"
207,7,"[1, 11, 17, 29, 37, 43]",6,2.3312394469976425,0.16391215845942497,14.178897575009614,"[15000624, 15100624, 15200624, 15300624, 15700624, 15600624, 15900624, 15800624, 15500624, 15400624]","[17, 17, 17, 17, 17, 17, 17, 17, 17, 17]"
208,7,"[14, 24, 41, 46]",4,1.5216455422341824,0.1101147960871458,15.4300447688438,"[15371814, 15271814, 15871814, 15971814, 15571814, 15471814, 15071814, 15171814, 15771814, 15671814]","[46, 46, 46, 46, 46, 46, 46, 46, 46, 46]"
209,7,"[10, 11, 14, 17, 19, 27, 45]",7,2.5810692561790347,0.18105425126850605,13.69993876546089,"[15235026, 15435026, 15035026, 15135026, 15535026, 15635026, 15835026, 15935026, 15735026, 15335026]","[11, 11, 11, 11, 11, 11, 11, 11, 11, 11]"
210,7,"[7, 13, 14, 21, 37, 39]",6,2.2750022914260626,0.16645561903715134,14.387196394537265,"[15239432, 15339432, 15439432, 15539432, 15139432, 15039432, 15839432, 15939432, 15639432, 15739432]","[13, 13, 13, 13, 13, 13, 13, 13, 13, 13]"
211,7,"[11, 15, 17, 42, 43, 44, 46]",7,2.7475069956853986,0.19805231783539057,16.8366671253794,"[15007508, 15707508, 15607508, 15507508, 15307508, 15807508, 15907508, 15407508, 15107508, 15207508]","[44, 44, 44, 44, 44, 44, 44, 44, 44, 44]"
212,7,"[1, 11, 24, 35, 36, 46]",6,2.3980501601472497,0.16985568962991238,19.795037037149694,"[15324286, 15224286, 15624286, 15724286, 15524286, 15424286, 15024286, 15124286, 15824286, 15924286]","[46, 46, 46, 46, 46, 46, 46, 46, 46, 46]"
213,7,"[8, 10, 11, 14, 18, 42, 43]",7,2.7400649012997746,0.18604511860758066,14.720493387830045,"[15279028, 15379028, 15879028, 15979028, 15479028, 15579028, 15079028, 15179028, 15779028, 15679028]","[18, 18, 18, 18, 18, 18, 18, 18, 18, 18]"
214,7,"[12, 13, 24, 29, 33, 37, 39]",7,2.617375903762877,0.18772374279797077,13.500928343606315,"[15415932, 15515932, 15815932, 15915932, 15715932, 15615932, 15215932, 15315932, 15015932, 15115932]","[13, 13, 13, 13, 13, 13, 13, 13, 13, 13]"
215,7,"[4, 11, 17, 22, 39, 42, 47]",7,2.7353176726028323,0.18583911284804344,15.37385675583833,"[15963517, 15863517, 15163517, 15663517, 15763517, 15063517, 15563517, 15263517, 15363517, 15463517]","[47, 47, 47, 47, 47, 47, 47, 47, 47, 47]"
216,7,"[1, 4, 5, 11, 17, 42]",6,2.411385509185493,0.17799895349889994,14.516907013952732,"[15302525, 15202525, 15002525, 15102525, 15602525, 15702525, 15902525, 15802525, 15402525, 15502525]","[5, 5, 5, 5, 5, 5, 5, 5, 5, 5]"
217,7,"[7, 8, 11, 36, 39, 41, 46]",7,2.7530917394906282,0.19385393243283033,15.84104741311499,"[15957756, 15857756, 15157756, 15257756, 15557756, 15457756, 15757756, 15657756, 15357756, 15057756]","[46, 46, 46, 46, 46, 46, 46, 46, 46, 46]"
218,7,"[4, 11, 22, 27, 39, 46, 47]",7,2.666433789767325,0.19213719386607409,15.063267772551626,"[15963517, 15863517, 15163517, 15363517, 15263517, 15063517, 15563517, 15663517, 15763517, 15463517]","[47, 47, 47, 47, 47, 47, 47, 47, 47, 47]"
219,7,"[5, 7, 8, 11, 21, 36, 38]",7,2.8625076403841376,0.19631914142519236,15.475597866212151,"[15138282, 15038282, 15938282, 15838282, 15238282, 15338282, 15438282, 15538282, 15638282, 15738282]","[36, 36, 36, 36, 36, 36, 36, 36, 36, 36]"
220,7,"[0, 5, 14, 17, 21, 27, 42]",7,2.7289067413657904,0.1882873149588704,13.98560555478824,"[15308519, 15208519, 15408519, 15508519, 15708519, 15608519, 15108519, 15008519, 15908519, 15808519]","[21, 21, 21, 21, 21, 21, 21, 21, 21, 21]"
221,7,"[8, 10, 11, 17, 46, 47]",6,2.3181146001443267,0.1643282873556018,15.223144808551297,"[15657756, 15757756, 15457756, 15557756, 15357756, 15257756, 15857756, 15957756, 15057756, 15157756]","[46, 46, 46, 46, 46, 46, 46, 46, 46, 46]"
222,7,"[7, 11, 17, 24, 42, 46]",6,2.3677298799157143,0.1699314583092928,15.370073068188503,"[15121486, 15021486, 15821486, 15921486, 15421486, 15521486, 15321486, 15221486, 15621486, 15721486]","[24, 24, 24, 24, 24, 24, 24, 24, 24, 24]"
223,7,"[14, 20, 25, 29, 36, 41, 46]",7,2.7396475207060575,0.19134451355785131,14.688473040570639,"[15480370, 15680370, 15780370, 15180370, 15080370, 15280370, 15380370, 15580370, 15880370, 15980370]","[25, 25, 25, 25, 25, 25, 25, 25, 25, 25]"
224,7,"[0, 12, 14, 21, 39, 46, 47]",7,2.666313133202493,0.1958071067929268,15.382817392304007,"[15508519, 15408519, 15908519, 15808519, 15108519, 15008519, 15708519, 15608519, 15308519, 15208519]","[21, 21, 21, 21, 21, 21, 21, 21, 21, 21]"
225,7,"[0, 5, 11, 14, 15, 24, 44]",7,2.6771363047882915,0.18481601495295763,14.0966643399692,"[15465468, 15365468, 15765468, 15665468, 15265468, 15165468, 15965468, 15865468, 15565468, 15065468]","[15, 15, 15, 15, 15, 15, 15, 15, 15, 15]"
226,7,"[15, 30, 36, 40, 41, 44, 47]",7,2.7499085878953338,0.1896557891741395,16.61607994505071,"[15392938, 15292938, 15192938, 15092938, 15492938, 15592938, 15892938, 15992938, 15692938, 15792938]","[15, 15, 15, 15, 15, 15, 15, 15, 15, 15]"
227,7,"[2, 17, 22, 26, 28, 42, 44]",7,2.8644470516592264,0.20248257275670767,15.141370802119907,"[15077342, 15177342, 15377342, 15277342, 15577342, 15477342, 15677342, 15777342, 15877342, 15977342]","[42, 42, 42, 42, 42, 42, 42, 42, 42, 42]"
228,7,"[3, 11, 12, 22, 29, 46]",6,2.314319182187319,0.1614313293248415,13.63688806646193,"[15626770, 15726770, 15426770, 15526770, 15326770, 15226770, 15026770, 15126770, 15826770, 15926770]","[3, 3, 3, 3, 3, 3, 3, 3, 3, 3]"
229,7,"[14, 17, 22, 28, 30, 39, 46]",7,2.7771929735317826,0.19835421349853277,15.474156332002687,"[15417042, 15717042, 15817042, 15917042, 15617042, 15217042, 15317042, 15117042, 15517042, 15017042]","[28, 28, 28, 28, 28, 28, 28, 28, 28, 28]"
230,7,"[10, 11, 14, 36, 37, 46]",6,2.287481691688299,0.1629596808925271,15.262878579708437,"[15479703, 15579703, 15279703, 15379703, 15679703, 15779703, 15179703, 15079703, 15979703, 15879703]","[11, 11, 11, 11, 11, 11, 11, 11, 11, 11]"
231,7,"[11, 15, 17, 22, 43, 46]",6,2.3613773668184876,0.1663536336272955,16.157531757683802,"[15459775, 15559775, 15259775, 15359775, 15659775, 15759775, 15159775, 15059775, 15959775, 15859775]","[15, 15, 15, 15, 15, 15, 15, 15, 15, 15]"
232,7,"[5, 8, 14, 21, 42, 46, 47]",7,2.789526706561446,0.19553418830037117,15.780403847407017,"[15248425, 15348425, 15048425, 15148425, 15448425, 15548425, 15948425, 15848425, 15748425, 15648425]","[42, 42, 42, 42, 42, 42, 42, 42, 42, 42]"
233,7,"[1, 8, 28, 39, 42, 46]",6,2.4274256620556116,0.17939702235162258,16.274536735921476,"[15520141, 15420141, 15920141, 15820141, 15120141, 15020141, 15620141, 15720141, 15220141, 15320141]","[28, 28, 28, 28, 28, 28, 28, 28, 28, 28]"
234,7,"[0, 9, 30, 31, 43, 46]",6,2.294030075892806,0.1528236623853445,14.747343819200372,"[15913364, 15813364, 15513364, 15413364, 15313364, 15213364, 15113364, 15013364, 15713364, 15613364]","[0, 0, 0, 0, 0, 0, 0, 0, 0, 0]"
235,7,"[0, 6, 11, 14, 36, 39, 46]",7,2.668816919438541,0.19100148230791092,14.862174800197993,"[15713364, 15613364, 15513364, 15413364, 15013364, 15113364, 15913364, 15813364, 15313364, 15213364]","[0, 0, 0, 0, 0, 0, 0, 0, 0, 0]"
236,7,"[7, 11, 16, 37, 39, 41, 46]",7,2.6157672237604856,0.18183486256748438,15.719431414535004,"[15695114, 15795114, 15895114, 15595114, 15495114, 15995114, 15395114, 15195114, 15095114, 15295114]","[46, 46, 46, 46, 46, 46, 46, 46, 46, 46]"
237,7,"[1, 8, 10, 12, 14, 19, 33]",7,2.6639017686247826,0.18488618731498718,13.20930739053126,"[15931333, 15831333, 15131333, 15331333, 15231333, 15031333, 15531333, 15631333, 15731333, 15431333]","[33, 33, 33, 33, 33, 33, 33, 33, 33, 33]"
238,7,"[11, 15, 27, 28, 43, 46]",6,2.3518425691872835,0.16471823956817389,15.68745801760815,"[15225894, 15325894, 15525894, 15425894, 15825894, 15925894, 15725894, 15625894, 15125894, 15025894]","[15, 15, 15, 15, 15, 15, 15, 15, 15, 15]"
239,7,"[1, 11, 17, 24, 32, 39]",6,2.2893193615600467,0.155745810829103,13.71605614417543,"[15403616, 15503616, 15903616, 15803616, 15303616, 15203616, 15703616, 15603616, 15103616, 15003616]","[17, 17, 17, 17, 17, 17, 17, 17, 17, 17]"
240,7,"[1, 7, 14, 20, 37, 45]",6,2.2875514812767506,0.15527988225221634,14.783990076820677,"[15397876, 15297876, 15697876, 15797876, 15597876, 15497876, 15097876, 15197876, 15897876, 15997876]","[45, 45, 45, 45, 45, 45, 45, 45, 45, 45]"
241,7,"[9, 14, 15, 39, 42, 47]",6,2.2824972653761506,0.15581803396344185,15.504915992806977,"[15807483, 15907483, 15507483, 15407483, 15307483, 15207483, 15707483, 15607483, 15107483, 15007483]","[47, 47, 47, 47, 47, 47, 47, 47, 47, 47]"
242,7,"[6, 17, 39, 42, 43, 45, 46]",7,2.7439456563442945,0.19434891548007727,17.179411736183933,"[15181746, 15081746, 15781746, 15681746, 15881746, 15981746, 15581746, 15481746, 15281746, 15381746]","[42, 42, 42, 42, 42, 42, 42, 42, 42, 42]"
243,7,"[5, 8, 11, 28, 35, 36, 46]",7,2.876151845790446,0.20349583309143782,19.324028339902206,"[15449957, 15549957, 15849957, 15949957, 15749957, 15649957, 15249957, 15349957, 15049957, 15149957]","[8, 8, 8, 8, 8, 8, 8, 8, 8, 8]"
244,7,"[6, 10, 11, 15, 43, 46]",6,2.3140516048297286,0.16448815632611513,15.278641445795074,"[15154604, 15054604, 15254604, 15354604, 15554604, 15454604, 15754604, 15654604, 15954604, 15854604]","[43, 43, 43, 43, 43, 43, 43, 43, 43, 43]"
245,7,"[2, 7, 15, 17, 36, 46]",6,2.467816368676722,0.17281748726963997,16.311988283569615,"[15224614, 15324614, 15424614, 15524614, 15624614, 15724614, 15824614, 15924614, 15024614, 15124614]","[36, 36, 36, 36, 36, 36, 36, 36, 36, 36]"
246,7,"[10, 11, 14, 17, 30, 46]",6,2.2741575622931123,0.15964520536363125,14.292562211630866,"[15135333, 15035333, 15735333, 15635333, 15535333, 15435333, 15335333, 15235333, 15935333, 15835333]","[30, 30, 30, 30, 30, 30, 30, 30, 30, 30]"
247,7,"[8, 11, 17, 21, 28, 44, 47]",7,2.7688713129609823,0.19031015317887068,15.247176074688989,"[15446749, 15546749, 15646749, 15746749, 15846749, 15946749, 15146749, 15046749, 15346749, 15246749]","[44, 44, 44, 44, 44, 44, 44, 44, 44, 44]"
248,7,"[0, 5, 7, 10, 11, 16, 43]",7,2.7144041508436203,0.19168256875127554,14.4975953189257,"[15189164, 15089164, 15989164, 15889164, 15789164, 15689164, 15389164, 15289164, 15589164, 15489164]","[43, 43, 43, 43, 43, 43, 43, 43, 43, 43]"
249,7,"[11, 17, 36, 41, 42, 43]",6,2.3973403330892324,0.17024748120456934,16.618362055160105,"[15281600, 15381600, 15181600, 15081600, 15781600, 15681600, 15581600, 15481600, 15981600, 15881600]","[41, 41, 41, 41, 41, 41, 41, 41, 41, 41]"
250,7,"[8, 14, 19, 24, 37, 43, 46]",7,2.63915544655174,0.1798034431412816,15.212378184643708,"[15500873, 15700873, 15600873, 15300873, 15200873, 15100873, 15000873, 15400873, 15800873, 15900873]","[19, 19, 19, 19, 19, 19, 19, 19, 19, 19]"
251,7,"[6, 10, 11, 15, 17, 39, 46]",7,2.676366910338402,0.18914021458476782,14.917161869883005,"[15189672, 15089672, 15889672, 15989672, 15489672, 15589672, 15689672, 15789672, 15289672, 15389672]","[46, 46, 46, 46, 46, 46, 46, 46, 46, 46]"
252,7,"[4, 11, 19, 21, 30, 37, 46]",7,2.609651578590274,0.18242790084332228,14.308966638387314,"[15208519, 15308519, 15608519, 15708519, 15808519, 15908519, 15408519, 15508519, 15108519, 15008519]","[21, 21, 21, 21, 21, 21, 21, 21, 21, 21]"
253,7,"[11, 14, 19, 21, 36, 44, 46]",7,2.686581284739077,0.19529588613659143,15.441722867677786,"[15682286, 15082286, 15482286, 15582286, 15182286, 15882286, 15382286, 15282286, 15982286, 15782286]","[44, 44, 44, 44, 44, 44, 44, 44, 44, 44]"
254,7,"[9, 17, 28, 39, 43, 44, 46]",7,2.7888093097135425,0.1949727050960064,16.797176606487483,"[15131946, 15031946, 15931946, 15831946, 15331946, 15231946, 15631946, 15731946, 15531946, 15431946]","[46, 46, 46, 46, 46, 46, 46, 46, 46, 46]"
255,7,"[10, 11, 15, 30, 36, 39]",6,2.3064421210438013,0.1562728239223361,14.966266304254532,"[15634904, 15734904, 15134904, 15034904, 15234904, 15334904, 15534904, 15434904, 15934904, 15834904]","[30, 30, 30, 30, 30, 30, 30, 30, 30, 30]"
256,7,"[11, 14, 17, 19, 28, 39, 42]",7,2.712386247701943,0.19543315656483173,14.78083259286359,"[15792873, 15692873, 15892873, 15492873, 15592873, 15992873, 15092873, 15392873, 15292873, 15192873]","[42, 42, 42, 42, 42, 42, 42, 42, 42, 42]"
257,7,"[5, 11, 17, 25, 33, 44]",6,2.392431151121855,0.1662162533029914,14.591640748083591,"[15185419, 15085419, 15785419, 15685419, 15585419, 15485419, 15385419, 15285419, 15985419, 15885419]","[33, 33, 33, 33, 33, 33, 33, 33, 33, 33]"
258,7,"[0, 4, 11, 37, 38, 39, 46]",7,2.6365670692175627,0.1903057685121894,15.720911641738244,"[15235027, 15335027, 15435027, 15535027, 15635027, 15735027, 15935027, 15835027, 15135027, 15035027]","[0, 0, 0, 0, 0, 0, 0, 0, 0, 0]"
259,7,"[10, 11, 14, 37, 41, 43]",6,2.2416422171518207,0.15400542598217726,14.784559378555665,"[15132082, 15032082, 15232082, 15332082, 15532082, 15432082, 15932082, 15832082, 15732082, 15632082]","[10, 10, 10, 10, 10, 10, 10, 10, 10, 10]"
260,7,"[0, 19, 21, 30, 42, 43, 46]",7,2.7179887872189283,0.18519932590425014,15.614858044777066,"[15886582, 15986582, 15686582, 15786582, 15486582, 15586582, 15386582, 15286582, 15086582, 15186582]","[42, 42, 42, 42, 42, 42, 42, 42, 42, 42]"
261,7,"[3, 7, 11, 43, 44, 48]",6,2.3744644531980157,0.16466451156884432,13.526329588145018,"[15830484, 15930484, 15430484, 15530484, 15030484, 15130484, 15630484, 15730484, 15330484, 15230484]","[48, 48, 48, 48, 48, 48, 48, 48, 48, 48]"
262,7,"[1, 4, 11, 35, 39, 41, 42]",7,2.7214832669124007,0.20107152219861746,18.597208417819015,"[15009521, 15509521, 15309521, 15209521, 15409521, 15709521, 15809521, 15909521, 15609521, 15109521]","[4, 4, 4, 4, 4, 4, 4, 4, 4, 4]"
263,7,"[15, 17, 36, 42, 43, 46]",6,2.4360942179337144,0.17531186155974865,17.792151391506195,"[15377743, 15277743, 15077743, 15177743, 15677743, 15777743, 15977743, 15877743, 15477743, 15577743]","[36, 36, 36, 36, 36, 36, 36, 36, 36, 36]"
264,7,"[5, 11, 14, 28, 33, 39, 42]",7,2.787875385954976,0.1930892439559102,14.818211471928018,"[15610428, 15710428, 15010428, 15110428, 15210428, 15310428, 15810428, 15910428, 15410428, 15510428]","[33, 33, 33, 33, 33, 33, 33, 33, 33, 33]"
265,7,"[9, 11, 17, 36, 39, 42, 43]",7,2.7624143455177546,0.1982910754159093,16.10081551283864,"[15168412, 15468412, 15568412, 15968412, 15268412, 15668412, 15768412, 15868412, 15068412, 15368412]","[42, 42, 42, 42, 42, 42, 42, 42, 42, 42]"
266,7,"[14, 17, 22, 30, 39, 44, 46]",7,2.711484534665942,0.19243179075419903,15.735410099183875,"[15393735, 15293735, 15193735, 15093735, 15893735, 15993735, 15593735, 15493735, 15793735, 15693735]","[22, 22, 22, 22, 22, 22, 22, 22, 22, 22]"
267,7,"[7, 11, 14, 17, 30, 39, 43]",7,2.707464692182839,0.19246069341897964,14.827658281528524,"[15535333, 15435333, 15935333, 15835333, 15335333, 15135333, 15635333, 15735333, 15035333, 15235333]","[30, 30, 30, 30, 30, 30, 30, 30, 30, 30]"
268,7,"[0, 10, 15, 28, 31, 43]",6,2.367814722470939,0.16989202238619328,14.67417245785085,"[15754604, 15654604, 15354604, 15254604, 15554604, 15454604, 15054604, 15154604, 15854604, 15954604]","[43, 43, 43, 43, 43, 43, 43, 43, 43, 43]"
269,7,"[9, 11, 20, 36, 39, 43, 46]",7,2.7180743124336004,0.18837851006537676,16.13149963485609,"[15611511, 15711511, 15511511, 15411511, 15211511, 15311511, 15811511, 15911511, 15011511, 15111511]","[43, 43, 43, 43, 43, 43, 43, 43, 43, 43]"
270,7,"[0, 11, 17, 24, 36, 42, 44]",7,2.734244430437684,0.1928062317892909,15.327410315629095,"[15355115, 15655115, 15555115, 15455115, 15755115, 15855115, 15155115, 15055115, 15955115, 15255115]","[11, 11, 11, 11, 11, 11, 11, 11, 11, 11]"
271,7,"[0, 4, 8, 11, 17, 18, 46]",7,2.70457592792809,0.19106996525079012,14.297825282705682,"[15163427, 15063427, 15763427, 15663427, 15263427, 15363427, 15563427, 15463427, 15963427, 15863427]","[46, 46, 46, 46, 46, 46, 46, 46, 46, 46]"
272,7,"[7, 39, 42, 43, 46, 47]",6,2.413247497752309,0.17379809822887182,17.72021723065215,"[15836340, 15936340, 15536340, 15436340, 15336340, 15236340, 15736340, 15636340, 15136340, 15036340]","[47, 47, 47, 47, 47, 47, 47, 47, 47, 47]"
273,7,"[1, 8, 11, 14, 41, 42]",6,2.3027062313631177,0.1601206762716174,14.258727566106245,"[15730390, 15630390, 15530390, 15430390, 15030390, 15130390, 15830390, 15930390, 15230390, 15330390]","[41, 41, 41, 41, 41, 41, 41, 41, 41, 41]"
274,7,"[14, 17, 24, 30, 36, 39]",6,2.3340411940589547,0.16055593732744455,15.057064980113259,"[15811482, 15911482, 15411482, 15511482, 15011482, 15111482, 15611482, 15711482, 15311482, 15211482]","[39, 39, 39, 39, 39, 39, 39, 39, 39, 39]"
275,7,"[10, 14, 17, 21, 38, 41, 46]",7,2.74065974727273,0.1953274654224515,15.956479903510106,"[15832904, 15932904, 15732904, 15632904, 15532904, 15432904, 15132904, 15032904, 15332904, 15232904]","[41, 41, 41, 41, 41, 41, 41, 41, 41, 41]"
276,7,"[1, 11, 14, 15, 24, 42, 46]",7,2.702617956325412,0.18913070484995842,15.029270887574446,"[15386841, 15286841, 15786841, 15686841, 15186841, 15086841, 15486841, 15586841, 15886841, 15986841]","[24, 24, 24, 24, 24, 24, 24, 24, 24, 24]"
277,7,"[0, 21, 29, 30, 35, 38, 47]",7,2.7480932902544737,0.19003360532224178,18.199249074262166,"[15043673, 15743673, 15643673, 15543673, 15343673, 15843673, 15943673, 15443673, 15143673, 15243673]","[38, 38, 38, 38, 38, 38, 38, 38, 38, 38]"
278,7,"[12, 14, 15, 41, 46, 47]",6,2.2983879623934627,0.1581851076334715,15.996112243738025,"[15619261, 15719261, 15119261, 15019261, 15219261, 15319261, 15519261, 15419261, 15919261, 15819261]","[41, 41, 41, 41, 41, 41, 41, 41, 41, 41]"
279,7,"[19, 21, 24, 30, 42, 43, 45]",7,2.709292959421873,0.18661664426326752,15.734481352580977,"[15273530, 15373530, 15073530, 15173530, 15873530, 15973530, 15573530, 15473530, 15673530, 15773530]","[45, 45, 45, 45, 45, 45, 45, 45, 45, 45]"
280,7,"[11, 14, 17, 30, 43, 45, 46]",7,2.673111611045897,0.1847062623128295,15.953047943833683,"[15371814, 15271814, 15671814, 15971814, 15871814, 15771814, 15571814, 15071814, 15171814, 15471814]","[46, 46, 46, 46, 46, 46, 46, 46, 46, 46]"
281,7,"[8, 14, 17, 31, 41, 44]",6,2.2872602371498942,0.16458069160580635,14.419797596211234,"[15967885, 15867885, 15767885, 15667885, 15067885, 15167885, 15367885, 15267885, 15467885, 15567885]","[17, 17, 17, 17, 17, 17, 17, 17, 17, 17]"
282,7,"[21, 28, 39, 42, 44, 46]",6,2.4172764029353857,0.17097884975373745,17.08357735699974,"[15469907, 15569907, 15769907, 15669907, 15269907, 15369907, 15169907, 15069907, 15969907, 15869907]","[28, 28, 28, 28, 28, 28, 28, 28, 28, 28]"
283,7,"[0, 4, 10, 12, 39, 42, 46]",7,2.6885327361524105,0.19549668114632368,15.131045528687537,"[15658219, 15758219, 15458219, 15558219, 15358219, 15258219, 15858219, 15958219, 15158219, 15058219]","[4, 4, 4, 4, 4, 4, 4, 4, 4, 4]"
284,7,"[5, 11, 19, 32, 38, 39]",6,2.3156142868101597,0.15929912962019444,14.718626822112128,"[15136861, 15036861, 15236861, 15336861, 15536861, 15436861, 15936861, 15836861, 15736861, 15636861]","[5, 5, 5, 5, 5, 5, 5, 5, 5, 5]"
285,7,"[11, 21, 30, 41, 46]",5,1.9120545396581292,0.13181888405233622,15.078488441742957,"[15715805, 15615805, 15515805, 15415805, 15015805, 15115805, 15215805, 15315805, 15815805, 15915805]","[11, 11, 11, 11, 11, 11, 11, 11, 11, 11]"
286,7,"[14, 21, 42, 43, 44, 46]",6,2.363780844025314,0.1726705515757203,16.919627260261525,"[15121397, 15021397, 15821397, 15921397, 15421397, 15521397, 15621397, 15721397, 15221397, 15321397]","[43, 43, 43, 43, 43, 43, 43, 43, 43, 43]"
287,7,"[7, 9, 11, 15, 28, 33, 47]",7,2.7557737166061997,0.20121113117784262,14.451833267097495,"[15411691, 15211691, 15111691, 15011691, 15311691, 15711691, 15911691, 15811691, 15511691, 15611691]","[28, 28, 28, 28, 28, 28, 28, 28, 28, 28]"
288,7,"[1, 15, 17, 21, 35, 42, 47]",7,2.811905567534268,0.20885653980076313,19.367154371791653,"[15567140, 15767140, 15867140, 15967140, 15667140, 15067140, 15367140, 15267140, 15467140, 15167140]","[35, 35, 35, 35, 35, 35, 35, 35, 35, 35]"
289,7,"[7, 10, 36, 37, 39, 42, 43]",7,2.8005363140255213,0.1899270061403513,16.508902320305683,"[15617403, 15717403, 15417403, 15517403, 15117403, 15017403, 15217403, 15317403, 15917403, 15817403]","[36, 36, 36, 36, 36, 36, 36, 36, 36, 36]"
290,7,"[1, 4, 9, 10, 19, 39, 43]",7,2.6710667852312326,0.18755595944821835,14.472463904015187,"[15362444, 15262444, 15162444, 15062444, 15862444, 15962444, 15562444, 15462444, 15762444, 15662444]","[9, 9, 9, 9, 9, 9, 9, 9, 9, 9]"
291,7,"[7, 10, 11, 15, 17, 20, 46]",7,2.7229923540726304,0.19014197029173374,14.723576856510979,"[15180669, 15080669, 15280669, 15380669, 15580669, 15480669, 15680669, 15780669, 15880669, 15980669]","[7, 7, 7, 7, 7, 7, 7, 7, 7, 7]"
292,7,"[7, 8, 11, 17, 21, 36, 43]",7,2.8007653886452317,0.19494054093956947,15.303919584423836,"[15019549, 15419549, 15519549, 15919549, 15319549, 15719549, 15619549, 15819549, 15119549, 15219549]","[21, 21, 21, 21, 21, 21, 21, 21, 21, 21]"
293,7,"[3, 11, 15, 19, 21, 43, 44]",7,2.6973790442571044,0.19401161279529333,15.059383872563817,"[15713410, 15613410, 15513410, 15413410, 15013410, 15113410, 15213410, 15313410, 15813410, 15913410]","[3, 3, 3, 3, 3, 3, 3, 3, 3, 3]"
294,7,"[0, 11, 29, 37, 43, 45, 46]",7,2.6184957874938846,0.18702911958098412,15.22169735641884,"[15397876, 15297876, 15597876, 15497876, 15697876, 15797876, 15997876, 15897876, 15197876, 15097876]","[45, 45, 45, 45, 45, 45, 45, 45, 45, 45]"
295,7,"[0, 2, 7, 11, 20, 31, 43]",7,2.7623869739472866,0.19008801877498627,13.93448096161176,"[15758104, 15658104, 15558104, 15458104, 15058104, 15158104, 15858104, 15958104, 15258104, 15358104]","[0, 0, 0, 0, 0, 0, 0, 0, 0, 0]"
296,7,"[2, 36, 39, 41, 46]",5,2.032162705436349,0.13360509183257818,17.245311577990652,"[15221812, 15321812, 15421812, 15521812, 15121812, 15021812, 15821812, 15921812, 15621812, 15721812]","[36, 36, 36, 36, 36, 36, 36, 36, 36, 36]"
297,7,"[0, 10, 11, 28, 40, 42, 46]",7,2.743899591267109,0.1974360989406705,15.286282208482069,"[15657968, 15757968, 15857968, 15557968, 15457968, 15957968, 15357968, 15157968, 15057968, 15257968]","[46, 46, 46, 46, 46, 46, 46, 46, 46, 46]"
298,7,"[8, 11, 24, 42, 43, 46]",6,2.338715959340334,0.168966643512249,15.92816331439341,"[15628324, 15728324, 15128324, 15028324, 15228324, 15328324, 15528324, 15428324, 15928324, 15828324]","[42, 42, 42, 42, 42, 42, 42, 42, 42, 42]"
299,7,"[0, 4, 14, 17, 22, 42, 43]",7,2.7306014532223344,0.20274871215224266,14.896808423367995,"[15054604, 15154604, 15854604, 15954604, 15454604, 15554604, 15354604, 15254604, 15654604, 15754604]","[43, 43, 43, 43, 43, 43, 43, 43, 43, 43]"
300,7,"[0, 11, 17, 27, 43, 46]",6,2.2846498619765043,0.16357912961393595,14.986917924213534,"[15385128, 15285128, 15685128, 15785128, 15585128, 15485128, 15085128, 15185128, 15885128, 15985128]","[46, 46, 46, 46, 46, 46, 46, 46, 46, 46]"
301,7,"[10, 11, 21, 36, 38, 39, 48]",7,2.782715388573706,0.1899559712037444,14.373415146954358,"[15079703, 15579703, 15679703, 15779703, 15479703, 15379703, 15879703, 15979703, 15279703, 15179703]","[11, 11, 11, 11, 11, 11, 11, 11, 11, 11]"
302,7,"[10, 11, 17, 25, 46]",5,1.944367315620184,0.13616199046373367,14.79859397187829,"[15534924, 15434924, 15934924, 15834924, 15134924, 15034924, 15634924, 15734924, 15234924, 15334924]","[17, 17, 17, 17, 17, 17, 17, 17, 17, 17]"
303,7,"[6, 8, 10, 17, 21, 43]",6,2.3658041125163436,0.16670713759958744,14.452041404632231,"[15534715, 15434715, 15934715, 15834715, 15134715, 15034715, 15234715, 15334715, 15734715, 15634715]","[10, 10, 10, 10, 10, 10, 10, 10, 10, 10]"
304,7,"[1, 5, 27, 29, 30, 43]",6,2.3938466692343354,0.16074439324438572,13.597919864424815,"[15188745, 15088745, 15588745, 15488745, 15388745, 15288745, 15888745, 15988745, 15788745, 15688745]","[5, 5, 5, 5, 5, 5, 5, 5, 5, 5]"
305,7,"[0, 5, 11, 39, 42, 45, 47]",7,2.7149644130840898,0.18801366351544857,15.940322448233408,"[15986916, 15886916, 15786916, 15686916, 15586916, 15086916, 15386916, 15286916, 15186916, 15486916]","[42, 42, 42, 42, 42, 42, 42, 42, 42, 42]"
306,7,"[6, 17, 19, 24, 30, 39]",6,2.2786534894257784,0.1643448742106557,13.914295898129543,"[15139893, 15039893, 15739893, 15639893, 15539893, 15439893, 15939893, 15839893, 15339893, 15239893]","[6, 6, 6, 6, 6, 6, 6, 6, 6, 6]"
307,7,"[2, 8, 11, 17, 26, 37, 46]",7,2.6904268078505993,0.18484008312225342,14.32257478158655,"[15534926, 15434926, 15934926, 15834926, 15134926, 15034926, 15734926, 15634926, 15234926, 15334926]","[17, 17, 17, 17, 17, 17, 17, 17, 17, 17]"
308,7,"[9, 17, 30, 36, 39]",5,1.952571203932166,0.13581939693540335,15.291639881022274,"[15422710, 15522710, 15922710, 15822710, 15322710, 15222710, 15722710, 15622710, 15122710, 15022710]","[30, 30, 30, 30, 30, 30, 30, 30, 30, 30]"
309,7,"[3, 11, 14, 17, 21, 26]",6,2.2747406270354986,0.1563338153064251,12.92638225395543,"[15633886, 15733886, 15433886, 15533886, 15333886, 15233886, 15033886, 15133886, 15833886, 15933886]","[3, 3, 3, 3, 3, 3, 3, 3, 3, 3]"
310,7,"[0, 10, 21, 22, 42, 46]",6,2.3526186607778072,0.1620007948949933,15.189192595193163,"[15265146, 15365146, 15465146, 15565146, 15165146, 15065146, 15865146, 15965146, 15665146, 15765146]","[10, 10, 10, 10, 10, 10, 10, 10, 10, 10]"
311,7,"[0, 5, 8, 14, 33, 42, 43]",7,2.7639091154560447,0.19402251671999693,14.737671747737165,"[15192873, 15492873, 15592873, 15992873, 15292873, 15692873, 15792873, 15892873, 15092873, 15392873]","[42, 42, 42, 42, 42, 42, 42, 42, 42, 42]"
312,7,"[0, 8, 15, 24, 31, 43, 47]",7,2.69527168571949,0.19045383483171463,14.827301910413164,"[15358104, 15258104, 15158104, 15058104, 15458104, 15558104, 15658104, 15758104, 15958104, 15858104]","[0, 0, 0, 0, 0, 0, 0, 0, 0, 0]"
313,7,"[4, 9, 11, 20, 28, 43]",6,2.3355734767392278,0.16006325092166662,14.306590029193709,"[15669907, 15769907, 15469907, 15569907, 15369907, 15269907, 15869907, 15969907, 15069907, 15169907]","[28, 28, 28, 28, 28, 28, 28, 28, 28, 28]"
314,7,"[11, 14, 19, 21, 28, 31, 46]",7,2.698838187381625,0.18729660380631685,14.177861480241907,"[15751164, 15651164, 15151164, 15051164, 15251164, 15351164, 15551164, 15451164, 15951164, 15851164]","[46, 46, 46, 46, 46, 46, 46, 46, 46, 46]"
315,7,"[0, 7, 8, 22, 27, 38]",6,2.3467543981969357,0.1642589708790183,14.26060450806593,"[15150172, 15050172, 15750172, 15650172, 15550172, 15450172, 15350172, 15250172, 15950172, 15850172]","[27, 27, 27, 27, 27, 27, 27, 27, 27, 27]"
316,7,"[0, 11, 19, 21, 37]",5,1.8246937114745378,0.12938170414417982,13.338633583299815,"[15135027, 15035027, 15735027, 15635027, 15535027, 15435027, 15935027, 15835027, 15335027, 15235027]","[0, 0, 0, 0, 0, 0, 0, 0, 0, 0]"
317,7,"[11, 17, 24, 25, 34, 38, 47]",7,2.7578087598085403,0.1985113862901926,15.788224690261163,"[15535887, 15035887, 15735887, 15635887, 15135887, 15235887, 15935887, 15835887, 15435887, 15335887]","[34, 34, 34, 34, 34, 34, 34, 34, 34, 34]"
318,7,"[1, 3, 11, 24, 36, 43, 46]",7,2.790057777427137,0.19838846940547228,15.890125366526522,"[15392091, 15292091, 15192091, 15092091, 15492091, 15592091, 15792091, 15692091, 15892091, 15992091]","[1, 1, 1, 1, 1, 1, 1, 1, 1, 1]"
319,7,"[0, 14, 21, 28, 33, 43, 46]",7,2.7868502773344517,0.19919057097285986,15.33123262479369,"[15135027, 15035027, 15235027, 15335027, 15535027, 15435027, 15735027, 15635027, 15935027, 15835027]","[0, 0, 0, 0, 0, 0, 0, 0, 0, 0]"
320,7,"[2, 6, 7, 8, 11, 12, 44]",7,2.7498708618804812,0.1830111462622881,13.839003903059554,"[15611095, 15711095, 15111095, 15011095, 15211095, 15311095, 15511095, 15411095, 15911095, 15811095]","[7, 7, 7, 7, 7, 7, 7, 7, 7, 7]"
321,7,"[17, 21, 28, 30, 31, 43, 44]",7,2.8112814566120505,0.19554368127137423,15.431981203412372,"[15119223, 15419223, 15519223, 15919223, 15019223, 15619223, 15719223, 15819223, 15219223, 15319223]","[28, 28, 28, 28, 28, 28, 28, 28, 28, 28]"
322,7,"[11, 14, 17, 27, 36, 42, 43]",7,2.733617058955133,0.20034369081258774,15.301781085120249,"[15332222, 15232222, 15032222, 15132222, 15632222, 15732222, 15832222, 15932222, 15432222, 15532222]","[36, 36, 36, 36, 36, 36, 36, 36, 36, 36]"
323,7,"[5, 11, 17, 21, 28, 44, 46]",7,2.840870532207191,0.19493162352591753,15.7709666135987,"[15295266, 15395266, 15995266, 15895266, 15595266, 15495266, 15795266, 15695266, 15095266, 15195266]","[44, 44, 44, 44, 44, 44, 44, 44, 44, 44]"
324,7,"[11, 18, 42, 44, 45, 46, 47]",7,2.7521669017151,0.1905261380597949,17.151747219663644,"[15972282, 15872282, 15672282, 15772282, 15372282, 15272282, 15572282, 15472282, 15172282, 15072282]","[18, 18, 18, 18, 18, 18, 18, 18, 18, 18]"
325,7,"[10, 12, 14, 37, 42, 43, 46]",7,2.690430786460638,0.1963045932352543,15.954674235611622,"[15140977, 15040977, 15740977, 15640977, 15240977, 15340977, 15540977, 15440977, 15940977, 15840977]","[14, 14, 14, 14, 14, 14, 14, 14, 14, 14]"
326,7,"[0, 10, 11, 25, 28, 29, 39]",7,2.7130861477926373,0.1931999260559678,13.20678121230698,"[15019768, 15119768, 15819768, 15919768, 15419768, 15519768, 15619768, 15719768, 15219768, 15319768]","[39, 39, 39, 39, 39, 39, 39, 39, 39, 39]"
327,7,"[6, 8, 17, 31, 37, 42, 46]",7,2.6993962144479156,0.183697160333395,14.942373234579074,"[15454380, 15554380, 15354380, 15254380, 15054380, 15154380, 15954380, 15854380, 15754380, 15654380]","[31, 31, 31, 31, 31, 31, 31, 31, 31, 31]"
328,7,"[7, 11, 17, 21, 30, 39, 46]",7,2.730570748448372,0.19059287756681442,15.091901379304804,"[15064364, 15164364, 15864364, 15964364, 15464364, 15564364, 15664364, 15764364, 15264364, 15364364]","[46, 46, 46, 46, 46, 46, 46, 46, 46, 46]"
329,7,"[9, 17, 18, 28, 36, 43, 47]",7,2.895453811623156,0.19965778663754463,16.474898650111363,"[15489440, 15589440, 15789440, 15689440, 15089440, 15189440, 15289440, 15389440, 15989440, 15889440]","[47, 47, 47, 47, 47, 47, 47, 47, 47, 47]"
330,7,"[13, 14, 38, 41, 43, 44]",6,2.338169769383967,0.1569019816815853,16.6908242974896,"[15969165, 15869165, 15769165, 15669165, 15069165, 15169165, 15369165, 15269165, 15469165, 15569165]","[38, 38, 38, 38, 38, 38, 38, 38, 38, 38]"
331,7,"[0, 6, 9, 10, 11, 17, 41]",7,2.636989403516054,0.1835889583453536,13.172303886086281,"[15230911, 15330911, 15830911, 15930911, 15530911, 15430911, 15030911, 15130911, 15730911, 15630911]","[6, 6, 6, 6, 6, 6, 6, 6, 6, 6]"
332,7,"[12, 14, 17, 25, 41, 47]",6,2.339120075106621,0.16834080033004284,14.977711809255803,"[15556667, 15456667, 15956667, 15856667, 15156667, 15056667, 15656667, 15756667, 15256667, 15356667]","[17, 17, 17, 17, 17, 17, 17, 17, 17, 17]"
333,7,"[11, 17, 25, 30, 32, 37, 43]",7,2.6698590414598584,0.1843929337337613,14.244227472626205,"[15331061, 15231061, 15631061, 15931061, 15831061, 15731061, 15531061, 15031061, 15131061, 15431061]","[43, 43, 43, 43, 43, 43, 43, 43, 43, 43]"
334,7,"[7, 11, 15, 21, 30, 31, 39]",7,2.693729835562408,0.19025009498000145,14.006165116360146,"[15155115, 15055115, 15755115, 15655115, 15555115, 15455115, 15855115, 15955115, 15355115, 15255115]","[11, 11, 11, 11, 11, 11, 11, 11, 11, 11]"
335,7,"[0, 11, 14, 17, 46, 47]",6,2.2745617674663663,0.15890328586101532,14.994793887638176,"[15363517, 15263517, 15663517, 15763517, 15563517, 15463517, 15063517, 15163517, 15863517, 15963517]","[47, 47, 47, 47, 47, 47, 47, 47, 47, 47]"
336,7,"[7, 9, 25, 37, 39, 44, 46]",7,2.704188274219632,0.18922344222664833,15.70490454416722,"[15291707, 15391707, 15891707, 15491707, 15691707, 15791707, 15091707, 15191707, 15591707, 15991707]","[46, 46, 46, 46, 46, 46, 46, 46, 46, 46]"
337,7,"[4, 11, 12, 14, 22, 31, 34]",7,2.6529090395197272,0.18833426106721163,13.432673773994404,"[15944226, 15844226, 15344226, 15144226, 15444226, 15544226, 15644226, 15744226, 15044226, 15244226]","[34, 34, 34, 34, 34, 34, 34, 34, 34, 34]"
338,7,"[7, 11, 14, 17, 42, 43, 46]",7,2.7572310091927648,0.20235286746174097,15.841557883857083,"[15603432, 15703432, 15003432, 15103432, 15203432, 15303432, 15803432, 15903432, 15403432, 15503432]","[42, 42, 42, 42, 42, 42, 42, 42, 42, 42]"
339,7,"[1, 10, 17, 24, 43, 46]",6,2.3915964188054204,0.1711156154051423,15.871825023321435,"[16723263, 16623263, 16823263, 16923263, 17023263, 17123263, 17223263, 17323263, 17523263, 17423263]","[43, 43, 43, 43, 43, 43, 43, 43, 43, 43]"
340,7,"[1, 11, 14, 18, 43, 47]",6,2.384310409426689,0.1608199030160904,15.329961262177676,"[17423263, 17523263, 16923263, 16823263, 17223263, 17323263, 16723263, 16623263, 17123263, 17023263]","[43, 43, 43, 43, 43, 43, 43, 43, 43, 43]"
341,7,"[1, 11, 14, 17, 24, 43, 46]",7,2.7294551907107234,0.19794092793017626,15.275400227667498,"[15362093, 15862093, 15162093, 15962093, 15262093, 15462093, 15762093, 15662093, 15562093, 15062093]","[17, 17, 17, 17, 17, 17, 17, 17, 17, 17]"
342,7,"[11, 14, 32, 42, 46]",5,1.8842541994526982,0.13042335025966167,14.42024524072185,"[15581794, 15481794, 15981794, 15881794, 15181794, 15081794, 15281794, 15381794, 15781794, 15681794]","[32, 32, 32, 32, 32, 32, 32, 32, 32, 32]"
343,7,"[0, 15, 21, 22, 38, 39, 45]",7,2.7153224563226104,0.19359916914254427,16.237341416999698,"[15927618, 15827618, 15127618, 15327618, 15227618, 15027618, 15527618, 15627618, 15727618, 15427618]","[45, 45, 45, 45, 45, 45, 45, 45, 45, 45]"
344,7,"[0, 1, 15, 17, 21, 29, 43]",7,2.7482015369459987,0.19116889219731092,14.191193617813822,"[15500399, 15400399, 15300399, 15200399, 15100399, 15000399, 15700399, 15600399, 15900399, 15800399]","[1, 1, 1, 1, 1, 1, 1, 1, 1, 1]"
345,7,"[4, 5, 11, 14, 38, 39, 46]",7,2.7282731188461185,0.19660226814448833,15.740925559574473,"[15543691, 15443691, 15043691, 15143691, 15743691, 15643691, 15843691, 15943691, 15343691, 15243691]","[5, 5, 5, 5, 5, 5, 5, 5, 5, 5]"
346,7,"[14, 21, 24, 36, 39]",5,1.9473630813881755,0.14353277161717415,15.215219317935407,"[15408519, 15508519, 15208519, 15308519, 15608519, 15708519, 15108519, 15008519, 15908519, 15808519]","[21, 21, 21, 21, 21, 21, 21, 21, 21, 21]"
347,7,"[27, 28, 31, 39, 42, 46]",6,2.3657556222751737,0.16935135331004858,15.558883500983939,"[15730323, 15630323, 15430323, 15530323, 15130323, 15030323, 15830323, 15930323, 15230323, 15330323]","[28, 28, 28, 28, 28, 28, 28, 28, 28, 28]"
348,7,"[7, 11, 17, 21, 30, 43]",6,2.372072116471827,0.16638736333698034,14.74402519982929,"[15139719, 15039719, 15239719, 15339719, 15539719, 15439719, 15739719, 15639719, 15939719, 15839719]","[30, 30, 30, 30, 30, 30, 30, 30, 30, 30]"
349,7,"[6, 14, 19, 38, 46, 47]",6,2.317106442525983,0.1563051175326109,15.98321112144428,"[15189672, 15089672, 15789672, 15689672, 15589672, 15489672, 15389672, 15289672, 15989672, 15889672]","[46, 46, 46, 46, 46, 46, 46, 46, 46, 46]"
350,7,"[4, 7, 11, 27, 42, 43, 44]",7,2.7294771522283554,0.19267089571803808,14.982892719363528,"[15166936, 15066936, 15266936, 15366936, 15566936, 15466936, 15866936, 15966936, 15666936, 15766936]","[7, 7, 7, 7, 7, 7, 7, 7, 7, 7]"
351,7,"[2, 15, 17, 31, 42, 43]",6,2.429154642857611,0.17904843017458916,15.740026242565364,"[15354604, 15254604, 15654604, 15754604, 15554604, 15454604, 15054604, 15154604, 15854604, 15954604]","[43, 43, 43, 43, 43, 43, 43, 43, 43, 43]"
352,7,"[11, 17, 22, 28, 31, 44, 46]",7,2.7870414555072784,0.19412325229495764,15.345738089177758,"[15754380, 15654380, 15454380, 15554380, 15354380, 15254380, 15054380, 15154380, 15954380, 15854380]","[31, 31, 31, 31, 31, 31, 31, 31, 31, 31]"
353,7,"[0, 4, 5, 19, 27, 41, 46]",7,2.667058470658958,0.18793140817433596,14.220060166769795,"[15143820, 15043820, 15243820, 15343820, 15543820, 15443820, 15743820, 15643820, 15843820, 15943820]","[4, 4, 4, 4, 4, 4, 4, 4, 4, 4]"
354,7,"[11, 21, 30, 39, 42, 43, 46]",7,2.735319187864661,0.19886481575667858,16.237237827519753,"[15716999, 15616999, 15016999, 15416999, 15916999, 15816999, 15216999, 15316999, 15516999, 15116999]","[46, 46, 46, 46, 46, 46, 46, 46, 46, 46]"
355,7,"[10, 15, 19, 31, 38, 42, 47]",7,2.7263623122125864,0.19086082186549902,15.719837987263288,"[15699968, 15799968, 15199968, 15099968, 15299968, 15399968, 15599968, 15499968, 15899968, 15999968]","[42, 42, 42, 42, 42, 42, 42, 42, 42, 42]"
356,7,"[17, 21, 24, 28, 30, 46]",6,2.4113989137113094,0.16732922662049532,15.310242152617624,"[15521486, 15421486, 15921486, 15821486, 15121486, 15021486, 15621486, 15721486, 15221486, 15321486]","[24, 24, 24, 24, 24, 24, 24, 24, 24, 24]"
357,7,"[7, 11, 17, 25, 30, 38, 47]",7,2.793019339442253,0.19898849725723267,15.388606594941978,"[15367667, 15567667, 15467667, 15967667, 15867667, 15767667, 15267667, 15167667, 15067667, 15667667]","[38, 38, 38, 38, 38, 38, 38, 38, 38, 38]"
358,7,"[14, 17, 22, 36, 42]",5,2.0131890177726746,0.1447913460433483,15.767769842967391,"[15163479, 15063479, 15763479, 15663479, 15563479, 15463479, 15363479, 15263479, 15963479, 15863479]","[42, 42, 42, 42, 42, 42, 42, 42, 42, 42]"
359,7,"[8, 11, 28, 39, 43, 46]",6,2.3723055087029934,0.16599322576075792,16.26324762132329,"[15569907, 15469907, 15969907, 15869907, 15169907, 15069907, 15669907, 15769907, 15269907, 15369907]","[28, 28, 28, 28, 28, 28, 28, 28, 28, 28]"
360,7,"[8, 41, 42, 43, 44, 46]",6,2.3677216293290257,0.16990942787379026,17.31811333618437,"[15210429, 15310429, 15110429, 15010429, 15710429, 15610429, 15510429, 15410429, 15910429, 15810429]","[43, 43, 43, 43, 43, 43, 43, 43, 43, 43]"
361,7,"[11, 17, 24, 31, 43, 44, 47]",7,2.7213254990056157,0.19015350192785263,15.494756204674818,"[15560551, 15460551, 15860551, 15960551, 15260551, 15360551, 15760551, 15660551, 15160551, 15060551]","[17, 17, 17, 17, 17, 17, 17, 17, 17, 17]"
362,7,"[8, 10, 15, 17, 21, 25, 43]",7,2.7637936659157276,0.19493438117206097,14.92982861625829,"[15634498, 15734498, 15534498, 15434498, 15134498, 15034498, 15334498, 15234498, 15934498, 15834498]","[21, 21, 21, 21, 21, 21, 21, 21, 21, 21]"
363,7,"[5, 9, 10, 30, 39, 41, 42]",7,2.7392022842541337,0.19802202936261892,14.874247950834356,"[15082683, 15282683, 15382683, 15582683, 15782683, 15882683, 15982683, 15482683, 15682683, 15182683]","[41, 41, 41, 41, 41, 41, 41, 41, 41, 41]"
364,7,"[4, 11, 13, 14, 21, 39, 43]",7,2.6450388245284557,0.18712479434907436,14.476344132064176,"[15458292, 15558292, 15358292, 15258292, 15058292, 15158292, 15958292, 15858292, 15758292, 15658292]","[14, 14, 14, 14, 14, 14, 14, 14, 14, 14]"
365,7,"[4, 7, 11, 15, 28, 46]",6,2.376165463589132,0.1659562336280942,15.004958442489928,"[15391707, 15291707, 15691707, 15791707, 15591707, 15491707, 15091707, 15191707, 15891707, 15991707]","[46, 46, 46, 46, 46, 46, 46, 46, 46, 46]"
366,7,"[7, 10, 11, 17, 28, 31, 42]",7,2.8002330102026463,0.19920029770582914,14.262674978069429,"[15354264, 15254264, 15154264, 15054264, 15954264, 15854264, 15554264, 15454264, 15754264, 15654264]","[10, 10, 10, 10, 10, 10, 10, 10, 10, 10]"
367,7,"[1, 9, 17, 19, 21, 27, 36]",7,2.7196440109983087,0.1887345388531685,14.06864802965096,"[15145684, 15045684, 15245684, 15345684, 15845684, 15945684, 15445684, 15545684, 15645684, 15745684]","[17, 17, 17, 17, 17, 17, 17, 17, 17, 17]"
368,7,"[6, 9, 14, 31, 33, 44, 46]",7,2.6628715228289366,0.1806736784055829,14.107717726180065,"[15060185, 15160185, 15860185, 15960185, 15460185, 15560185, 15660185, 15760185, 15260185, 15360185]","[46, 46, 46, 46, 46, 46, 46, 46, 46, 46]"
369,7,"[2, 8, 39, 41, 42, 43]",6,2.3970544831827283,0.1785889556631446,16.312661084424082,"[15378330, 15278330, 15078330, 15178330, 15678330, 15778330, 15978330, 15878330, 15478330, 15578330]","[39, 39, 39, 39, 39, 39, 39, 39, 39, 39]"
370,7,"[0, 6, 11, 30, 38, 44, 47]",7,2.6965341195464134,0.18371836841106415,15.159643637482077,"[15960009, 15860009, 15360009, 15160009, 15460009, 15560009, 15660009, 15760009, 15060009, 15260009]","[47, 47, 47, 47, 47, 47, 47, 47, 47, 47]"
371,7,"[1, 11, 21, 28, 39, 44]",6,2.3860796438530087,0.1649089064449072,15.250105726299807,"[15398985, 15298985, 15098985, 15198985, 15498985, 15598985, 15998985, 15898985, 15798985, 15698985]","[28, 28, 28, 28, 28, 28, 28, 28, 28, 28]"
372,7,"[11, 17, 24, 30, 43]",5,1.9375685639679432,0.14430112950503826,14.741608402691782,"[15722710, 15622710, 15322710, 15222710, 15122710, 15022710, 15422710, 15522710, 15922710, 15822710]","[30, 30, 30, 30, 30, 30, 30, 30, 30, 30]"
373,7,"[11, 18, 21, 29, 41, 46]",6,2.3536950005218387,0.15871552750468254,14.297891278130313,"[15431544, 15531544, 15231544, 15331544, 15631544, 15731544, 15131544, 15031544, 15931544, 15831544]","[18, 18, 18, 18, 18, 18, 18, 18, 18, 18]"
374,7,"[1, 11, 22, 28, 29, 39]",6,2.387414869852364,0.1694355048239231,13.7245807578632,"[15234060, 15334060, 15134060, 15034060, 15734060, 15634060, 15534060, 15434060, 15934060, 15834060]","[28, 28, 28, 28, 28, 28, 28, 28, 28, 28]"
375,7,"[17, 30, 37, 38, 42, 44, 45]",7,2.721300518140197,0.18877314124256372,17.078866321061337,"[15111258, 15011258, 15711258, 15611258, 15811258, 15911258, 15411258, 15511258, 15211258, 15311258]","[37, 37, 37, 37, 37, 37, 37, 37, 37, 37]"
376,7,"[11, 14, 17, 36, 39, 43, 47]",7,2.739162227138877,0.18933699559420347,16.25385603627988,"[15740799, 15640799, 15440799, 15540799, 15240799, 15340799, 15140799, 15040799, 15940799, 15840799]","[36, 36, 36, 36, 36, 36, 36, 36, 36, 36]"
377,7,"[1, 11, 14, 20, 31, 43, 47]",7,2.7091230303049088,0.1855412907898426,14.573941695437368,"[15245515, 15345515, 15845515, 15945515, 15445515, 15545515, 15045515, 15145515, 15745515, 15645515]","[31, 31, 31, 31, 31, 31, 31, 31, 31, 31]"
378,7,"[5, 11, 17, 42, 43, 45]",6,2.4040176048874855,0.16667853761464357,16.517830239996936,"[15797876, 15697876, 15397876, 15297876, 15597876, 15497876, 15097876, 15197876, 15897876, 15997876]","[45, 45, 45, 45, 45, 45, 45, 45, 45, 45]"
379,7,"[1, 4, 12, 28, 39, 43, 47]",7,2.804383964277804,0.1997759211808443,15.95275219350255,"[15062862, 15162862, 15462862, 15562862, 15662862, 15762862, 15862862, 15962862, 15362862, 15262862]","[12, 12, 12, 12, 12, 12, 12, 12, 12, 12]"
380,7,"[7, 14, 39, 43, 44, 46]",6,2.3570858193561435,0.16091850958764553,16.784284305991605,"[15863427, 15963427, 15463427, 15563427, 15063427, 15163427, 15663427, 15763427, 15363427, 15263427]","[46, 46, 46, 46, 46, 46, 46, 46, 46, 46]"
381,7,"[21, 30, 33, 36, 42, 43, 46]",7,2.834040002897382,0.1964726634323597,16.643577596305736,"[15539719, 15439719, 15839719, 15939719, 15239719, 15339719, 15039719, 15139719, 15639719, 15739719]","[30, 30, 30, 30, 30, 30, 30, 30, 30, 30]"
382,7,"[1, 6, 11, 14, 15, 17, 46]",7,2.699892172589898,0.18667791690677404,14.441560253767031,"[15172933, 15072933, 15272933, 15372933, 15872933, 15972933, 15472933, 15572933, 15672933, 15772933]","[11, 11, 11, 11, 11, 11, 11, 11, 11, 11]"
383,7,"[0, 21, 24, 39, 46]",5,1.918874092400074,0.13677301723510027,15.305759611167014,"[15267819, 15367819, 15467819, 15567819, 15167819, 15067819, 15867819, 15967819, 15667819, 15767819]","[21, 21, 21, 21, 21, 21, 21, 21, 21, 21]"
384,7,"[6, 11, 15, 17, 30, 31, 48]",7,2.707628351636231,0.18689670506864786,12.016885596992713,"[15192110, 15992110, 15592110, 15492110, 15892110, 15292110, 15692110, 15792110, 15392110, 15092110]","[31, 31, 31, 31, 31, 31, 31, 31, 31, 31]"
385,7,"[0, 10, 11, 24, 41, 46]",6,2.2696722391992807,0.15602523181587458,14.39961368497461,"[15218558, 15318558, 15118558, 15018558, 15718558, 15618558, 15518558, 15418558, 15918558, 15818558]","[24, 24, 24, 24, 24, 24, 24, 24, 24, 24]"
386,7,"[1, 3, 11, 15, 17, 25, 46]",7,2.7535695349797606,0.1918421732261777,14.863346802070737,"[15376049, 15276049, 15176049, 15076049, 15976049, 15876049, 15476049, 15576049, 15676049, 15776049]","[3, 3, 3, 3, 3, 3, 3, 3, 3, 3]"
387,7,"[8, 11, 14, 21, 36, 46]",6,2.3268584571778774,0.16111512389034033,15.06989312893711,"[15912732, 15812732, 15212732, 15312732, 15412732, 15512732, 15712732, 15612732, 15012732, 15112732]","[8, 8, 8, 8, 8, 8, 8, 8, 8, 8]"
388,7,"[0, 5, 6, 27, 28, 31]",6,2.3778608422726393,0.16110668051987886,12.965002738016969,"[15113941, 15013941, 15213941, 15313941, 15513941, 15413941, 15913941, 15813941, 15713941, 15613941]","[0, 0, 0, 0, 0, 0, 0, 0, 0, 0]"
389,7,"[11, 13, 36, 39, 41, 44, 46]",7,2.70131793897599,0.18452490866184235,16.418460896704346,"[15529685, 15429685, 15329685, 15229685, 15629685, 15729685, 15029685, 15129685, 15829685, 15929685]","[36, 36, 36, 36, 36, 36, 36, 36, 36, 36]"
390,7,"[8, 11, 12, 17, 33, 39, 48]",7,2.692284904420376,0.19029995519667864,12.710158420260996,"[15370471, 15270471, 15170471, 15070471, 15770471, 15670471, 15570471, 15470471, 15970471, 15870471]","[48, 48, 48, 48, 48, 48, 48, 48, 48, 48]"
391,7,"[11, 35, 36, 38, 42, 46]",6,2.4317219788208604,0.17042809072881937,21.622132627293468,"[15143673, 15043673, 15843673, 15943673, 15443673, 15543673, 15343673, 15243673, 15643673, 15743673]","[38, 38, 38, 38, 38, 38, 38, 38, 38, 38]"
392,7,"[10, 17, 19, 21, 43, 46]",6,2.3480340829119086,0.1660838359966874,15.771353603883957,"[15434926, 15534926, 15234926, 15334926, 15634926, 15734926, 15134926, 15034926, 15934926, 15834926]","[17, 17, 17, 17, 17, 17, 17, 17, 17, 17]"
393,7,"[1, 5, 6, 9, 11, 25, 38]",7,2.800997395068407,0.19198332075029612,14.295126901939511,"[15117358, 15017358, 15917358, 15817358, 15317358, 15217358, 15617358, 15717358, 15517358, 15417358]","[38, 38, 38, 38, 38, 38, 38, 38, 38, 38]"
394,7,"[11, 15, 20, 30, 35, 43]",6,2.3235723320394754,0.16120977699756622,19.05666818190366,"[15097468, 15197468, 15397468, 15297468, 15497468, 15597468, 15997468, 15897468, 15797468, 15697468]","[43, 43, 43, 43, 43, 43, 43, 43, 43, 43]"
395,7,"[7, 11, 14, 24, 28, 46]",6,2.3714685048907995,0.16134436707943678,14.622970917262137,"[15148493, 15048493, 15248493, 15348493, 15548493, 15448493, 15948493, 15848493, 15748493, 15648493]","[7, 7, 7, 7, 7, 7, 7, 7, 7, 7]"
396,7,"[0, 22, 34, 41, 42, 48]",6,2.3585649617016315,0.1741967648267746,13.545592108120522,"[15683767, 15783767, 15483767, 15583767, 15383767, 15283767, 15083767, 15183767, 15883767, 15983767]","[0, 0, 0, 0, 0, 0, 0, 0, 0, 0]"
397,7,"[5, 6, 10, 20, 21, 36, 39]",7,2.80940842628479,0.1912956489250064,14.766588076882597,"[15736474, 15636474, 15536474, 15436474, 15036474, 15136474, 15336474, 15236474, 15836474, 15936474]","[6, 6, 6, 6, 6, 6, 6, 6, 6, 6]"
398,7,"[0, 5, 8, 17, 25, 41, 42]",7,2.793273380957544,0.19177655037492514,14.734335585896458,"[15254413, 15554413, 15954413, 15854413, 15454413, 15654413, 15054413, 15154413, 15754413, 15354413]","[5, 5, 5, 5, 5, 5, 5, 5, 5, 5]"
399,7,"[1, 7, 11, 15, 29, 44, 46]",7,2.7365259006619453,0.19044208899140358,14.542050414186503,"[15374558, 15274558, 15074558, 15174558, 15674558, 15774558, 15874558, 15974558, 15474558, 15574558]","[29, 29, 29, 29, 29, 29, 29, 29, 29, 29]"
400,7,"[21, 35, 38, 40, 42, 48]",6,2.4373312881216407,0.17059899494051933,19.012450095576543,"[15260549, 15360549, 15460549, 15560549, 15160549, 15060549, 15860549, 15960549, 15660549, 15760549]","[35, 35, 35, 35, 35, 35, 35, 35, 35, 35]"
401,7,"[11, 17, 19, 24, 26, 39, 47]",7,2.640278099104762,0.18753597140312195,14.183773850157325,"[15228025, 15328025, 15528025, 15428025, 15928025, 15828025, 15628025, 15728025, 15028025, 15128025]","[24, 24, 24, 24, 24, 24, 24, 24, 24, 24]"
402,7,"[17, 20, 31, 40, 41, 46]",6,2.32046277821064,0.16131706815212965,15.484525735257193,"[15692511, 15792511, 15492511, 15592511, 15392511, 15292511, 15092511, 15192511, 15892511, 15992511]","[17, 17, 17, 17, 17, 17, 17, 17, 17, 17]"
403,7,"[11, 17, 22, 24, 41, 42, 46]",7,2.742827506735921,0.20242605544626713,15.55885716254956,"[15173944, 15073944, 15273944, 15373944, 15873944, 15973944, 15473944, 15573944, 15673944, 15773944]","[22, 22, 22, 22, 22, 22, 22, 22, 22, 22]"
404,7,"[7, 8, 14, 39, 41, 42]",6,2.3274532994255424,0.1696606259793043,15.038735944079235,"[15301108, 15201108, 15601108, 15701108, 15501108, 15401108, 15001108, 15101108, 15801108, 15901108]","[42, 42, 42, 42, 42, 42, 42, 42, 42, 42]"
405,7,"[11, 13, 28, 30, 31, 46]",6,2.3271128591150045,0.16078697796911,14.34741921334838,"[15764364, 15664364, 15364364, 15264364, 15564364, 15464364, 15064364, 15164364, 15864364, 15964364]","[46, 46, 46, 46, 46, 46, 46, 46, 46, 46]"
406,7,"[1, 11, 14, 19, 24, 39, 47]",7,2.6480335602536798,0.1833624867722392,14.347581135109067,"[15659823, 15759823, 15859823, 15559823, 15459823, 15959823, 15359823, 15159823, 15059823, 15259823]","[47, 47, 47, 47, 47, 47, 47, 47, 47, 47]"
407,7,"[7, 11, 14, 22, 27]",5,1.8961339676752687,0.13037227280437946,12.835854269564152,"[15558292, 15458292, 15958292, 15858292, 15158292, 15058292, 15258292, 15358292, 15758292, 15658292]","[14, 14, 14, 14, 14, 14, 14, 14, 14, 14]"
408,7,"[1, 5, 11, 20, 23, 24, 46]",7,2.7508225720375776,0.1894150311127305,14.482333816122264,"[15178222, 15078222, 15778222, 15678222, 15578222, 15478222, 15278222, 15378222, 15878222, 15978222]","[1, 1, 1, 1, 1, 1, 1, 1, 1, 1]"
409,7,"[2, 5, 17, 31, 36, 38, 39]",7,2.903099882416427,0.20125703886151314,16.241690046220487,"[15123257, 15023257, 15223257, 15323257, 15523257, 15423257, 15623257, 15723257, 15823257, 15923257]","[2, 2, 2, 2, 2, 2, 2, 2, 2, 2]"
410,7,"[14, 17, 29, 38, 39, 42, 46]",7,2.7534851543605328,0.19882812350988388,15.931427419119116,"[15995114, 15895114, 15195114, 15395114, 15295114, 15095114, 15595114, 15695114, 15795114, 15495114]","[46, 46, 46, 46, 46, 46, 46, 46, 46, 46]"
411,7,"[4, 8, 11, 16, 17, 37, 46]",7,2.5951147777959704,0.18706156872212887,14.824776486493647,"[15133244, 15033244, 15233244, 15333244, 15833244, 15933244, 15433244, 15533244, 15633244, 15733244]","[11, 11, 11, 11, 11, 11, 11, 11, 11, 11]"
412,7,"[0, 15, 17, 18, 24, 37, 46]",7,2.716797021217644,0.19304260704666376,15.252583195255804,"[15148016, 15048016, 15748016, 15648016, 15248016, 15348016, 15548016, 15448016, 15948016, 15848016]","[17, 17, 17, 17, 17, 17, 17, 17, 17, 17]"
413,7,"[6, 17, 39, 41, 44, 45]",6,2.2986421762034297,0.16019506193697453,16.1951225939362,"[15446790, 15546790, 15246790, 15346790, 15646790, 15746790, 15146790, 15046790, 15946790, 15846790]","[17, 17, 17, 17, 17, 17, 17, 17, 17, 17]"
414,7,"[11, 21, 24, 31, 32, 42, 43]",7,2.703903957270086,0.18931958451867104,14.150611221457698,"[15738354, 15338354, 15538354, 15438354, 15238354, 15838354, 15138354, 15038354, 15938354, 15638354]","[42, 42, 42, 42, 42, 42, 42, 42, 42, 42]"
415,7,"[1, 8, 10, 11, 14, 47]",6,2.2907725889235735,0.15600639302283525,13.831813409846896,"[15824590, 15924590, 15424590, 15524590, 15024590, 15124590, 15624590, 15724590, 15324590, 15224590]","[47, 47, 47, 47, 47, 47, 47, 47, 47, 47]"
416,7,"[2, 7, 34, 39, 42]",5,2.030271037481725,0.14579653646796942,15.930334333889187,"[15688582, 15788582, 15488582, 15588582, 15388582, 15288582, 15088582, 15188582, 15888582, 15988582]","[2, 2, 2, 2, 2, 2, 2, 2, 2, 2]"
417,7,"[0, 4, 5, 11, 17, 46]",6,2.3369126114994287,0.1641022078692913,14.505635908727223,"[15324097, 15224097, 15024097, 15124097, 15624097, 15724097, 15924097, 15824097, 15424097, 15524097]","[5, 5, 5, 5, 5, 5, 5, 5, 5, 5]"
418,7,"[1, 21, 24, 25, 36, 38, 46]",7,2.8574994998052716,0.20471759885549545,16.47500279046861,"[15517403, 15417403, 15717403, 15617403, 15917403, 15817403, 15117403, 15017403, 15217403, 15317403]","[36, 36, 36, 36, 36, 36, 36, 36, 36, 36]"
419,7,"[5, 10, 12, 14, 38, 39, 43]",7,2.7923393733799458,0.19410699792206287,16.014581432898662,"[15339692, 15239692, 15039692, 15139692, 15739692, 15639692, 15939692, 15839692, 15539692, 15439692]","[39, 39, 39, 39, 39, 39, 39, 39, 39, 39]"
420,7,"[14, 36, 38, 39, 41, 46]",6,2.3686090260744095,0.16513359732925892,17.536547055856015,"[15551157, 15451157, 15151157, 15051157, 15751157, 15651157, 15351157, 15251157, 15951157, 15851157]","[36, 36, 36, 36, 36, 36, 36, 36, 36, 36]"
421,7,"[7, 14, 39, 43, 46, 47]",6,2.365233010612428,0.16880884394049644,16.85674301496086,"[15377336, 15277336, 15177336, 15077336, 15477336, 15577336, 15977336, 15877336, 15677336, 15777336]","[7, 7, 7, 7, 7, 7, 7, 7, 7, 7]"
422,7,"[17, 19, 39, 43, 46, 47]",6,2.3409082954749465,0.17131963558495045,17.13886983715929,"[15771814, 15671814, 15571814, 15471814, 15071814, 15171814, 15871814, 15971814, 15271814, 15371814]","[46, 46, 46, 46, 46, 46, 46, 46, 46, 46]"
423,7,"[8, 11, 14, 29, 42, 43, 46]",7,2.691464627161622,0.1895208517089486,14.705372865245279,"[15521562, 15421562, 15921562, 15821562, 15021562, 15121562, 15621562, 15721562, 15321562, 15221562]","[43, 43, 43, 43, 43, 43, 43, 43, 43, 43]"
424,7,"[0, 7, 11, 30, 35, 46]",6,2.3325845394283533,0.1609559115022421,18.577434168585267,"[15235027, 15335027, 15435027, 15535027, 15635027, 15735027, 15035027, 15135027, 15835027, 15935027]","[0, 0, 0, 0, 0, 0, 0, 0, 0, 0]"
425,7,"[1, 5, 10, 17, 39, 41, 46]",7,2.7950522704049945,0.20296010468155146,15.789055063189673,"[15957756, 15857756, 15157756, 15357756, 15257756, 15057756, 15557756, 15657756, 15757756, 15457756]","[46, 46, 46, 46, 46, 46, 46, 46, 46, 46]"
426,7,"[1, 2, 11, 28, 42, 45, 46]",7,2.8313410002738237,0.194417635910213,16.19657910794818,"[15338977, 15238977, 15138977, 15038977, 15738977, 15638977, 15538977, 15438977, 15938977, 15838977]","[42, 42, 42, 42, 42, 42, 42, 42, 42, 42]"
427,7,"[8, 14, 15, 17, 36, 42, 43]",7,2.7794274566695094,0.19521255232393742,16.06593570133139,"[15154604, 15054604, 15854604, 15954604, 15454604, 15554604, 15354604, 15254604, 15654604, 15754604]","[43, 43, 43, 43, 43, 43, 43, 43, 43, 43]"
428,7,"[11, 21, 23, 27, 38, 44]",6,2.285622510127723,0.1557473074644804,14.908417307538912,"[15418375, 15518375, 15218375, 15318375, 15618375, 15718375, 15118375, 15018375, 15918375, 15818375]","[21, 21, 21, 21, 21, 21, 21, 21, 21, 21]"
429,7,"[5, 21, 22, 25, 38, 46, 47]",7,2.8788178712129593,0.1960973860695958,16.684590328684344,"[15561489, 15461489, 15361489, 15261489, 15161489, 15061489, 15761489, 15661489, 15961489, 15861489]","[5, 5, 5, 5, 5, 5, 5, 5, 5, 5]"
430,7,"[0, 9, 11, 17, 28, 37, 47]",7,2.682738048955798,0.18383233342319727,14.458956375917685,"[15477223, 15577223, 15377223, 15277223, 15777223, 15677223, 15877223, 15977223, 15077223, 15177223]","[37, 37, 37, 37, 37, 37, 37, 37, 37, 37]"
431,7,"[6, 8, 10, 17, 42, 43]",6,2.3696801587939262,0.16254823841154575,15.022601536087071,"[15012732, 15112732, 15312732, 15212732, 15712732, 15612732, 15812732, 15912732, 15512732, 15412732]","[8, 8, 8, 8, 8, 8, 8, 8, 8, 8]"
432,7,"[4, 11, 21, 28, 31, 46]",6,2.3669788148254156,0.16276784986257553,14.429221909570819,"[15142397, 15042397, 15842397, 15942397, 15442397, 15542397, 15342397, 15242397, 15642397, 15742397]","[28, 28, 28, 28, 28, 28, 28, 28, 28, 28]"
433,7,"[11, 17, 25, 30, 36, 39, 47]",7,2.757411042228341,0.18946751579642296,15.536382083980632,"[15159823, 15059823, 15859823, 15959823, 15459823, 15559823, 15659823, 15759823, 15259823, 15359823]","[47, 47, 47, 47, 47, 47, 47, 47, 47, 47]"
434,7,"[1, 11, 17, 42, 44, 46]",6,2.380816479213536,0.17050876095891,16.1446406665879,"[15857756, 15957756, 15557756, 15457756, 15357756, 15257756, 15757756, 15657756, 15157756, 15057756]","[46, 46, 46, 46, 46, 46, 46, 46, 46, 46]"
435,7,"[15, 17, 25, 42, 43, 47]",6,2.419126819819212,0.17586446274071932,16.715961682765435,"[15620702, 15720702, 15420702, 15520702, 15320702, 15220702, 15820702, 15920702, 15020702, 15120702]","[43, 43, 43, 43, 43, 43, 43, 43, 43, 43]"
436,7,"[1, 6, 10, 11, 37, 39, 47]",7,2.6654777200892568,0.18413898535072803,14.533208527801824,"[15119768, 15019768, 15919768, 15819768, 15219768, 15319768, 15419768, 15519768, 15619768, 15719768]","[39, 39, 39, 39, 39, 39, 39, 39, 39, 39]"
437,7,"[8, 11, 17, 39, 44, 47]",6,2.296536114998162,0.15983184706419706,15.600082034400353,"[15216724, 15316724, 15416724, 15516724, 15116724, 15016724, 15816724, 15916724, 15616724, 15716724]","[11, 11, 11, 11, 11, 11, 11, 11, 11, 11]"
438,7,"[1, 14, 17, 37, 42, 46]",6,2.3379068402573466,0.1688370844349265,15.79693729430437,"[15611258, 15711258, 15111258, 15011258, 15211258, 15311258, 15511258, 15411258, 15911258, 15811258]","[37, 37, 37, 37, 37, 37, 37, 37, 37, 37]"
439,7,"[1, 8, 11, 17, 39, 43, 44]",7,2.7412989251315594,0.1935629192739725,15.599107776768506,"[15678252, 15578252, 15478252, 15078252, 15778252, 15378252, 15278252, 15178252, 15878252, 15978252]","[11, 11, 11, 11, 11, 11, 11, 11, 11, 11]"
440,7,"[7, 10, 11, 28, 35, 36, 42]",7,2.8659121552482247,0.19929760694503784,18.846019543175185,"[15331314, 15231314, 15031314, 15131314, 15831314, 15931314, 15531314, 15431314, 15731314, 15631314]","[11, 11, 11, 11, 11, 11, 11, 11, 11, 11]"
441,7,"[0, 4, 14, 21, 22, 28, 44]",7,2.739824790507555,0.1934606432914734,14.248697494223181,"[15867819, 15967819, 15467819, 15567819, 15667819, 15767819, 15267819, 15367819, 15067819, 15167819]","[21, 21, 21, 21, 21, 21, 21, 21, 21, 21]"
442,7,"[4, 5, 10, 11, 22, 43]",6,2.378520072437823,0.1692394930869341,14.509810518162945,"[15179703, 15079703, 15879703, 15979703, 15479703, 15579703, 15379703, 15279703, 15679703, 15779703]","[11, 11, 11, 11, 11, 11, 11, 11, 11, 11]"
443,7,"[8, 11, 21, 28, 39, 46, 47]",7,2.7530582696199417,0.19464414846152067,15.774698657981519,"[15879703, 15579703, 15079703, 15179703, 15479703, 15379703, 15679703, 15779703, 15279703, 15979703]","[11, 11, 11, 11, 11, 11, 11, 11, 11, 11]"
444,7,"[5, 11, 17, 25, 30, 31, 43]",7,2.7923013251274824,0.19042928889393806,14.456949202676437,"[15918688, 15818688, 15318688, 15218688, 15118688, 15018688, 15618688, 15718688, 15418688, 15518688]","[30, 30, 30, 30, 30, 30, 30, 30, 30, 30]"
445,7,"[11, 12, 14, 31, 36, 38, 46]",7,2.732678296044469,0.18961734417825937,15.700660910989557,"[15258292, 15358292, 15158292, 15058292, 15958292, 15858292, 15458292, 15558292, 15758292, 15658292]","[14, 14, 14, 14, 14, 14, 14, 14, 14, 14]"
446,7,"[11, 14, 39, 46, 48]",5,1.9052011165767908,0.13566452078521252,13.164534927159547,"[15127866, 15027866, 15227866, 15327866, 15527866, 15427866, 15927866, 15827866, 15727866, 15627866]","[11, 11, 11, 11, 11, 11, 11, 11, 11, 11]"
447,7,"[10, 14, 17, 31, 43, 46]",6,2.3310751253739,0.15787849016487598,15.317812572155768,"[15710127, 15610127, 15310127, 15210127, 15110127, 15010127, 15410127, 15510127, 15910127, 15810127]","[31, 31, 31, 31, 31, 31, 31, 31, 31, 31]"
448,7,"[0, 5, 14, 19, 24, 41, 46]",7,2.6890002069994807,0.1911891046911478,14.539745477626898,"[15863272, 15963272, 15663272, 15763272, 15463272, 15563272, 15263272, 15363272, 15163272, 15063272]","[41, 41, 41, 41, 41, 41, 41, 41, 41, 41]"
449,7,"[6, 16, 17, 21, 31, 44, 46]",7,2.692852331325412,0.19255654886364937,15.165823339551155,"[15384887, 15284887, 15684887, 15784887, 15984887, 15884887, 15184887, 15084887, 15584887, 15484887]","[44, 44, 44, 44, 44, 44, 44, 44, 44, 44]"
450,7,"[7, 11, 20, 29, 31, 38, 48]",7,2.73917480930686,0.19421505369246006,12.156352335121483,"[15205377, 15305377, 15805377, 15905377, 15505377, 15405377, 15005377, 15105377, 15705377, 15605377]","[48, 48, 48, 48, 48, 48, 48, 48, 48, 48]"
451,7,"[3, 10, 11, 30, 31, 44, 47]",7,2.6754658045247197,0.1805686391890049,14.199462872397687,"[15683642, 15783642, 15483642, 15583642, 15083642, 15183642, 15983642, 15883642, 15383642, 15283642]","[44, 44, 44, 44, 44, 44, 44, 44, 44, 44]"
452,7,"[15, 17, 21, 28, 42, 46]",6,2.433366049081087,0.17605161760002375,16.409316837554798,"[15745684, 15645684, 15445684, 15545684, 15145684, 15045684, 15845684, 15945684, 15245684, 15345684]","[17, 17, 17, 17, 17, 17, 17, 17, 17, 17]"
453,7,"[11, 20, 22, 28, 43, 44]",6,2.4000754933804274,0.16926855687052011,15.599791176927587,"[15156065, 15056065, 15756065, 15656065, 15556065, 15456065, 15356065, 15256065, 15956065, 15856065]","[43, 43, 43, 43, 43, 43, 43, 43, 43, 43]"
454,7,"[1, 11, 16, 37, 43, 46]",6,2.2676260732114315,0.1552524548023939,16.123016925606255,"[15064217, 15164217, 15664217, 15764217, 15864217, 15964217, 15564217, 15464217, 15364217, 15264217]","[37, 37, 37, 37, 37, 37, 37, 37, 37, 37]"
455,7,"[11, 21, 39, 44, 46, 47]",6,2.3126631574705243,0.1643616147339344,16.54613651994926,"[15131946, 15031946, 15731946, 15631946, 15531946, 15431946, 15331946, 15231946, 15931946, 15831946]","[46, 46, 46, 46, 46, 46, 46, 46, 46, 46]"
456,7,"[14, 28, 36, 39, 40, 43, 47]",7,2.822366712614894,0.19412515219300985,16.97347543907485,"[15587039, 15487039, 15887039, 15987039, 15687039, 15787039, 15387039, 15287039, 15087039, 15187039]","[28, 28, 28, 28, 28, 28, 28, 28, 28, 28]"
457,7,"[0, 11, 14, 24, 39, 47]",6,2.2392835561186075,0.16182552464306355,14.242948065279052,"[15678758, 15778758, 15478758, 15578758, 15378758, 15278758, 15878758, 15978758, 15078758, 15178758]","[39, 39, 39, 39, 39, 39, 39, 39, 39, 39]"
458,7,"[1, 5, 17, 21, 34, 46]",6,2.4465231895446777,0.17548646498471498,15.859614561855173,"[15145078, 15045078, 15545078, 15445078, 15345078, 15245078, 15845078, 15945078, 15745078, 15645078]","[5, 5, 5, 5, 5, 5, 5, 5, 5, 5]"
459,7,"[0, 11, 37, 42, 44, 46]",6,2.2804338838905096,0.16076990589499474,15.808052756513158,"[15479703, 15579703, 15779703, 15679703, 15279703, 15379703, 15179703, 15079703, 15979703, 15879703]","[11, 11, 11, 11, 11, 11, 11, 11, 11, 11]"
460,7,"[0, 13, 19, 21, 38, 46, 47]",7,2.7088185865432024,0.18891080748289824,15.887997834544096,"[15942349, 15842349, 15742349, 15642349, 15142349, 15042349, 15242349, 15342349, 15542349, 15442349]","[38, 38, 38, 38, 38, 38, 38, 38, 38, 38]"
461,7,"[11, 29, 31, 32, 36, 44]",6,2.3003524700179696,0.16012803092598915,13.193560954493782,"[15719271, 15619271, 15519271, 15419271, 15019271, 15119271, 15219271, 15319271, 15819271, 15919271]","[11, 11, 11, 11, 11, 11, 11, 11, 11, 11]"
462,7,"[10, 17, 29, 30, 33, 39, 44]",7,2.694899666123092,0.1897158157080412,13.980719693537269,"[15173566, 15073566, 15273566, 15373566, 15573566, 15473566, 15973566, 15873566, 15773566, 15673566]","[30, 30, 30, 30, 30, 30, 30, 30, 30, 30]"
463,7,"[0, 7, 10, 15, 17, 20, 21]",7,2.7177922958508134,0.190222199074924,13.92345815457936,"[15132082, 15032082, 15232082, 15332082, 15832082, 15932082, 15432082, 15532082, 15632082, 15732082]","[10, 10, 10, 10, 10, 10, 10, 10, 10, 10]"
464,7,"[3, 8, 10, 11, 15, 21, 31]",7,2.659841626882553,0.1844547986984253,13.269466191862843,"[15176049, 15076049, 15276049, 15376049, 15576049, 15476049, 15676049, 15776049, 15876049, 15976049]","[3, 3, 3, 3, 3, 3, 3, 3, 3, 3]"
465,7,"[5, 11, 14, 41, 46]",5,1.9526422768831253,0.14175353106111288,15.12375615220517,"[15675073, 15775073, 15475073, 15575073, 15375073, 15275073, 15075073, 15175073, 15875073, 15975073]","[5, 5, 5, 5, 5, 5, 5, 5, 5, 5]"
466,7,"[14, 17, 37, 39, 44, 46]",6,2.2745174961164594,0.1640681056305766,16.305615730195615,"[15752592, 15652592, 15552592, 15452592, 15052592, 15152592, 15852592, 15952592, 15252592, 15352592]","[44, 44, 44, 44, 44, 44, 44, 44, 44, 44]"
467,7,"[9, 11, 22, 33, 46]",5,1.9253705013543367,0.13524781540036201,14.331910858582706,"[15157267, 15057267, 15257267, 15357267, 15557267, 15457267, 15957267, 15857267, 15757267, 15657267]","[9, 9, 9, 9, 9, 9, 9, 9, 9, 9]"
468,7,"[17, 24, 27, 39, 41, 45, 46]",7,2.658200486563146,0.19194377958774567,15.983103833626956,"[15624286, 15724286, 15824286, 15524286, 15424286, 15924286, 15324286, 15124286, 15024286, 15224286]","[46, 46, 46, 46, 46, 46, 46, 46, 46, 46]"
469,7,"[7, 11, 27, 28, 30, 37, 42]",7,2.7237567584961653,0.1847527138888836,14.202744611206331,"[15868318, 15968318, 15468318, 15568318, 15668318, 15768318, 15268318, 15368318, 15168318, 15068318]","[30, 30, 30, 30, 30, 30, 30, 30, 30, 30]"
470,7,"[11, 17, 24, 41, 43, 46]",6,2.342124005779624,0.16862093191593885,16.057967423306156,"[15679703, 15779703, 15479703, 15579703, 15379703, 15279703, 15079703, 15179703, 15879703, 15979703]","[11, 11, 11, 11, 11, 11, 11, 11, 11, 11]"
471,7,"[11, 17, 30, 31, 37, 39, 43]",7,2.6615112302824855,0.184293313883245,14.950866770265359,"[15620702, 15720702, 15820702, 15420702, 15320702, 15220702, 15020702, 15120702, 15520702, 15920702]","[43, 43, 43, 43, 43, 43, 43, 43, 43, 43]"
472,7,"[10, 13, 20, 41, 43, 47]",6,2.3216385561972857,0.16416255291551352,15.583579599158838,"[15002480, 15102480, 15402480, 15502480, 15902480, 15802480, 15702480, 15602480, 15202480, 15302480]","[10, 10, 10, 10, 10, 10, 10, 10, 10, 10]"
473,7,"[0, 1, 4, 19, 30, 31, 33]",7,2.658624656498432,0.18869768269360065,12.853520859631576,"[15573927, 15373927, 15273927, 15073927, 15173927, 15873927, 15473927, 15673927, 15773927, 15973927]","[31, 31, 31, 31, 31, 31, 31, 31, 31, 31]"
474,7,"[9, 10, 31, 35, 43, 46, 47]",7,2.7430428890511394,0.1860314728692174,19.253843977914325,"[15089672, 15289672, 15389672, 15589672, 15789672, 15889672, 15989672, 15489672, 15689672, 15189672]","[46, 46, 46, 46, 46, 46, 46, 46, 46, 46]"
475,7,"[6, 11, 17, 37, 39, 42]",6,2.280804472975433,0.15554541442543268,14.879423529763395,"[15707450, 15607450, 15307450, 15207450, 15507450, 15407450, 15007450, 15107450, 15807450, 15907450]","[42, 42, 42, 42, 42, 42, 42, 42, 42, 42]"
476,7,"[4, 8, 19, 28, 44, 46]",6,2.3423831341788173,0.1610452625900507,15.327218272723258,"[15172947, 15072947, 15872947, 15972947, 15472947, 15572947, 15372947, 15272947, 15672947, 15772947]","[28, 28, 28, 28, 28, 28, 28, 28, 28, 28]"
477,7,"[12, 24, 36, 41, 42, 43]",6,2.4055743692442775,0.17147270776331425,16.590507255091023,"[15766374, 15666374, 15466374, 15566374, 15166374, 15066374, 15866374, 15966374, 15266374, 15366374]","[24, 24, 24, 24, 24, 24, 24, 24, 24, 24]"
478,7,"[0, 11, 25, 30, 31, 36, 38]",7,2.7478420520201325,0.1904537407681346,14.71373107384092,"[15112150, 15012150, 15712150, 15612150, 15512150, 15412150, 15812150, 15912150, 15312150, 15212150]","[0, 0, 0, 0, 0, 0, 0, 0, 0, 0]"
479,7,"[0, 8, 9, 11, 31, 43, 44]",7,2.6418595304712653,0.1829826170578599,14.074583973868616,"[15197468, 15097468, 15597468, 15497468, 15997468, 15897468, 15397468, 15297468, 15697468, 15797468]","[43, 43, 43, 43, 43, 43, 43, 43, 43, 43]"
480,7,"[1, 5, 7, 21, 37, 39, 40]",7,2.8111378718167543,0.19444025866687298,15.226720025563347,"[17541983, 17441983, 16841983, 16941983, 17341983, 17241983, 17041983, 17141983, 16641983, 16741983]","[7, 7, 7, 7, 7, 7, 7, 7, 7, 7]"
481,7,"[7, 11, 17, 25, 42, 46, 47]",7,2.810923553071916,0.1992553723976016,15.848578781222127,"[15033195, 15133195, 15533195, 15433195, 15233195, 15333195, 15733195, 15633195, 15833195, 15933195]","[46, 46, 46, 46, 46, 46, 46, 46, 46, 46]"
482,7,"[7, 11, 17, 25, 32, 42, 43]",7,2.784557950682938,0.19746057223528624,14.671166125019747,"[15454633, 15554633, 15354633, 15254633, 15054633, 15154633, 15954633, 15854633, 15754633, 15654633]","[25, 25, 25, 25, 25, 25, 25, 25, 25, 25]"
483,7,"[1, 5, 6, 10, 11, 30, 42]",7,2.7988171707838774,0.18674050457775593,13.851196562339153,"[15139893, 15039893, 15839893, 15939893, 15439893, 15539893, 15639893, 15739893, 15239893, 15339893]","[6, 6, 6, 6, 6, 6, 6, 6, 6, 6]"
484,7,"[4, 6, 11, 14, 28, 39, 46]",7,2.7182358214631677,0.18088449072092772,14.52955019726817,"[15114021, 15014021, 15214021, 15314021, 15514021, 15414021, 15614021, 15714021, 15814021, 15914021]","[4, 4, 4, 4, 4, 4, 4, 4, 4, 4]"
485,7,"[1, 11, 17, 24, 32, 43, 46]",7,2.7401982750743628,0.19377714674919844,14.939317635194,"[15520702, 15420702, 15820702, 15920702, 15620702, 15720702, 15020702, 15120702, 15320702, 15220702]","[43, 43, 43, 43, 43, 43, 43, 43, 43, 43]"
486,7,"[14, 16, 20, 21, 29, 34, 45]",7,2.6059855427592993,0.18679770175367594,14.248094729879606,"[15342501, 15242501, 15942501, 15842501, 15642501, 15742501, 15042501, 15142501, 15442501, 15542501]","[45, 45, 45, 45, 45, 45, 45, 45, 45, 45]"
487,7,"[11, 24, 34, 38, 39, 47]",6,2.3418444031849504,0.16041439399123192,16.402917879633605,"[15863517, 15963517, 15563517, 15463517, 15363517, 15263517, 15763517, 15663517, 15163517, 15063517]","[47, 47, 47, 47, 47, 47, 47, 47, 47, 47]"
488,7,"[10, 11, 14, 36, 38, 42]",6,2.3762566028162837,0.17244255915284157,15.837455835969498,"[15354881, 15254881, 15654881, 15754881, 15554881, 15454881, 15054881, 15154881, 15854881, 15954881]","[42, 42, 42, 42, 42, 42, 42, 42, 42, 42]"
489,7,"[11, 14, 29, 32, 33, 34, 36]",7,2.674120143055916,0.1914483057335019,13.095985585158425,"[15412636, 15512636, 15812636, 15912636, 15712636, 15612636, 15112636, 15012636, 15312636, 15212636]","[14, 14, 14, 14, 14, 14, 14, 14, 14, 14]"
490,7,"[3, 11, 13, 17, 22, 38, 43]",7,2.7711514784023166,0.18683069944381714,15.565131377029632,"[15511273, 15411273, 15811273, 15911273, 15211273, 15311273, 15011273, 15111273, 15611273, 15711273]","[11, 11, 11, 11, 11, 11, 11, 11, 11, 11]"
491,7,"[1, 20, 22, 25, 36, 39, 42]",7,2.8501304062083364,0.20411703921854496,15.671089550945908,"[15638977, 15738977, 15838977, 15538977, 15438977, 15938977, 15338977, 15138977, 15038977, 15238977]","[42, 42, 42, 42, 42, 42, 42, 42, 42, 42]"
492,7,"[19, 20, 22, 36, 43, 46]",6,2.401846640743315,0.162096013315022,16.50833651780461,"[15154604, 15054604, 15254604, 15354604, 15554604, 15454604, 15754604, 15654604, 15954604, 15854604]","[43, 43, 43, 43, 43, 43, 43, 43, 43, 43]"
493,7,"[11, 17, 39, 42, 43, 47]",6,2.371858178637922,0.17671005427837372,16.680158995091915,"[15979306, 15879306, 15779306, 15679306, 15079306, 15179306, 15379306, 15279306, 15479306, 15579306]","[39, 39, 39, 39, 39, 39, 39, 39, 39, 39]"
494,7,"[5, 10, 12, 18, 22, 31, 41]",7,2.8271373687312007,0.19254516996443272,14.244944496812034,"[15443691, 15543691, 15243691, 15343691, 15843691, 15943691, 15043691, 15143691, 15643691, 15743691]","[5, 5, 5, 5, 5, 5, 5, 5, 5, 5]"
495,7,"[10, 11, 28, 42, 46, 47]",6,2.408799484372139,0.16578816808760166,16.117652483362082,"[15336340, 15236340, 15636340, 15736340, 15536340, 15436340, 15036340, 15136340, 15836340, 15936340]","[47, 47, 47, 47, 47, 47, 47, 47, 47, 47]"
496,7,"[11, 17, 31, 38, 39, 42, 46]",7,2.7558679077774286,0.19220110587775707,16.39090358359473,"[15878758, 15978758, 15378758, 15278758, 15078758, 15178758, 15778758, 15678758, 15478758, 15578758]","[39, 39, 39, 39, 39, 39, 39, 39, 39, 39]"
497,7,"[0, 14, 24, 25, 37, 39, 43]",7,2.661626818589866,0.19562175124883652,14.857080482212561,"[15811258, 15911258, 15611258, 15711258, 15411258, 15511258, 15311258, 15211258, 15011258, 15111258]","[37, 37, 37, 37, 37, 37, 37, 37, 37, 37]"
498,7,"[2, 12, 15, 19, 22, 36, 38]",7,2.825812836177647,0.19903781078755856,15.868758965350155,"[15037909, 15137909, 15437909, 15537909, 15937909, 15837909, 15637909, 15737909, 15237909, 15337909]","[2, 2, 2, 2, 2, 2, 2, 2, 2, 2]"
499,7,"[0, 7, 21, 28, 37, 46, 47]",7,2.7836865363642573,0.18673251755535603,15.666509177336204,"[15135027, 15035027, 15235027, 15335027, 15535027, 15435027, 15635027, 15735027, 15835027, 15935027]","[0, 0, 0, 0, 0, 0, 0, 0, 0, 0]"
500,7,"[11, 29, 30, 36, 39, 47]",6,2.3272326914593577,0.16375269182026386,14.650439414816598,"[15861033, 15961033, 15561033, 15461033, 15361033, 15261033, 15761033, 15661033, 15161033, 15061033]","[47, 47, 47, 47, 47, 47, 47, 47, 47, 47]"
501,7,"[3, 12, 15, 20, 21, 22, 40]",7,2.7271490171551704,0.1994190774857998,14.473243507889233,"[15233554, 15333554, 15433554, 15533554, 15133554, 15033554, 15733554, 15633554, 15933554, 15833554]","[15, 15, 15, 15, 15, 15, 15, 15, 15, 15]"
502,7,"[11, 15, 21, 37, 43, 44]",6,2.290518242865801,0.16006908752024174,15.806291123852134,"[15371773, 15271773, 15171773, 15071773, 15471773, 15571773, 15971773, 15871773, 15671773, 15771773]","[11, 11, 11, 11, 11, 11, 11, 11, 11, 11]"
503,7,"[9, 10, 11, 14, 17, 38, 46]",7,2.6931701516732574,0.18860832508653402,15.07702020695433,"[15558292, 15458292, 15658292, 15758292, 15158292, 15058292, 15858292, 15958292, 15358292, 15258292]","[14, 14, 14, 14, 14, 14, 14, 14, 14, 14]"
504,7,"[10, 14, 17, 21, 38, 42]",6,2.384408704005182,0.16872062161564827,15.585135462150598,"[15268412, 15368412, 15568412, 15468412, 15968412, 15868412, 15168412, 15068412, 15668412, 15768412]","[42, 42, 42, 42, 42, 42, 42, 42, 42, 42]"
505,7,"[7, 11, 21, 22, 24, 36, 47]",7,2.804412178695202,0.188173308968544,15.066291301843844,"[15377336, 15277336, 15177336, 15077336, 15477336, 15577336, 15877336, 15977336, 15777336, 15677336]","[7, 7, 7, 7, 7, 7, 7, 7, 7, 7]"
506,7,"[11, 17, 21, 30, 31, 44, 46]",7,2.7177025452256203,0.18630293756723404,14.89645608680855,"[15985761, 15885761, 15785761, 15685761, 15185761, 15085761, 15385761, 15285761, 15485761, 15585761]","[44, 44, 44, 44, 44, 44, 44, 44, 44, 44]"
507,7,"[9, 11, 17, 24, 43, 44, 45]",7,2.684970607049763,0.19360196683555841,15.650449125029679,"[15809400, 15409400, 15309400, 15209400, 15509400, 15009400, 15709400, 15609400, 15109400, 15909400]","[11, 11, 11, 11, 11, 11, 11, 11, 11, 11]"
508,7,"[2, 22, 39, 42, 43, 46]",6,2.4555988563224673,0.1800503833219409,17.181382506697748,"[15751080, 15651080, 15351080, 15251080, 15951080, 15851080, 15551080, 15451080, 15051080, 15151080]","[2, 2, 2, 2, 2, 2, 2, 2, 2, 2]"
509,7,"[7, 11, 27, 39, 43, 44, 46]",7,2.7230598498135805,0.188875624909997,15.91957743938214,"[15707371, 15607371, 15507371, 15407371, 15907371, 15807371, 15207371, 15307371, 15007371, 15107371]","[39, 39, 39, 39, 39, 39, 39, 39, 39, 39]"
510,7,"[1, 2, 11, 17, 19, 45]",6,2.3451981535181403,0.160091120749712,14.687921542053422,"[15153520, 15053520, 15253520, 15353520, 15553520, 15453520, 15953520, 15853520, 15753520, 15653520]","[1, 1, 1, 1, 1, 1, 1, 1, 1, 1]"
511,7,"[4, 5, 10, 12, 22, 30]",6,2.382505922578275,0.16910188924521208,13.718728033903366,"[15200329, 15300329, 15500329, 15400329, 15900329, 15800329, 15700329, 15600329, 15100329, 15000329]","[5, 5, 5, 5, 5, 5, 5, 5, 5, 5]"
512,7,"[5, 11, 17, 20, 21, 28, 31]",7,2.8263735938817263,0.19126905780285597,14.018399015069008,"[15590489, 15490489, 15290489, 15390489, 15990489, 15890489, 15090489, 15190489, 15790489, 15690489]","[20, 20, 20, 20, 20, 20, 20, 20, 20, 20]"
513,7,"[0, 1, 7, 11, 15, 24, 44]",7,2.727059483528137,0.1993018677458167,14.174699311477266,"[15118344, 15818344, 15218344, 15918344, 15018344, 15518344, 15618344, 15718344, 15418344, 15318344]","[11, 11, 11, 11, 11, 11, 11, 11, 11, 11]"
514,7,"[4, 10, 21, 28, 36, 46, 47]",7,2.8444274747744203,0.19248134084045887,16.08849415109892,"[15377696, 15277696, 15977696, 15877696, 15177696, 15077696, 15577696, 15477696, 15777696, 15677696]","[46, 46, 46, 46, 46, 46, 46, 46, 46, 46]"
515,7,"[0, 14, 17, 38, 41, 42, 44]",7,2.745754724368453,0.19301216397434473,16.05096870554345,"[15058292, 15558292, 15358292, 15258292, 15458292, 15758292, 15858292, 15958292, 15658292, 15158292]","[14, 14, 14, 14, 14, 14, 14, 14, 14, 14]"
516,7,"[11, 14, 21, 30, 36, 47]",6,2.334439213387668,0.16380868945270777,14.860640571685508,"[15236407, 15336407, 15436407, 15536407, 15136407, 15036407, 15836407, 15936407, 15636407, 15736407]","[14, 14, 14, 14, 14, 14, 14, 14, 14, 14]"
517,7,"[10, 14, 17, 22, 41, 42, 43]",7,2.7612728206440806,0.2072196351364255,15.517058452258684,"[15254264, 15354264, 15454264, 15554264, 15654264, 15754264, 15854264, 15954264, 15054264, 15154264]","[10, 10, 10, 10, 10, 10, 10, 10, 10, 10]"
518,7,"[11, 12, 15, 42]",4,1.532627117820084,0.11105387192219496,14.806222267216071,"[15107295, 15007295, 15807295, 15907295, 15407295, 15507295, 15307295, 15207295, 15607295, 15707295]","[42, 42, 42, 42, 42, 42, 42, 42, 42, 42]"
519,7,"[2, 7, 11, 15, 21, 37, 43]",7,2.7720733676105738,0.19766816589981318,15.058868245155152,"[15313295, 15213295, 15113295, 15013295, 15413295, 15513295, 15813295, 15913295, 15613295, 15713295]","[7, 7, 7, 7, 7, 7, 7, 7, 7, 7]"
520,7,"[1, 8, 11, 29, 37, 42, 45]",7,2.6678001703694463,0.1874220846220851,14.279650091858846,"[15028324, 15128324, 15628324, 15728324, 15528324, 15428324, 15228324, 15328324, 15828324, 15928324]","[42, 42, 42, 42, 42, 42, 42, 42, 42, 42]"
521,7,"[11, 24, 42, 44, 46, 47]",6,2.345179951749742,0.16447839699685574,16.50706556928344,"[15138341, 15038341, 15838341, 15938341, 15438341, 15538341, 15338341, 15238341, 15638341, 15738341]","[44, 44, 44, 44, 44, 44, 44, 44, 44, 44]"
522,7,"[3, 4, 7, 14, 15, 20, 30]",7,2.68996555916965,0.19347250554710627,13.487836369712438,"[15758846, 15658846, 15458846, 15558846, 15258846, 15358846, 15158846, 15058846, 15958846, 15858846]","[14, 14, 14, 14, 14, 14, 14, 14, 14, 14]"
523,7,"[14, 21, 25, 32, 37, 44]",6,2.278513314202428,0.15848150942474604,13.989829877624288,"[15305066, 15205066, 15605066, 15705066, 15505066, 15405066, 15005066, 15105066, 15805066, 15905066]","[44, 44, 44, 44, 44, 44, 44, 44, 44, 44]"
524,7,"[7, 20, 21, 41, 45, 47, 48]",7,2.7763934563845396,0.1820767130702734,14.222993103122073,"[15275175, 15375175, 15075175, 15175175, 15875175, 15975175, 15575175, 15475175, 15675175, 15775175]","[48, 48, 48, 48, 48, 48, 48, 48, 48, 48]"
525,7,"[8, 17, 36, 37, 41, 46]",6,2.3541216859593987,0.1609553461894393,16.401616104878485,"[15712732, 15612732, 15312732, 15212732, 15912732, 15812732, 15512732, 15412732, 15012732, 15112732]","[8, 8, 8, 8, 8, 8, 8, 8, 8, 8]"
526,7,"[0, 11, 21, 32, 38, 44, 46]",7,2.698109488002956,0.19245852809399366,15.295431195026529,"[15112150, 15012150, 15212150, 15312150, 15512150, 15412150, 15712150, 15612150, 15912150, 15812150]","[0, 0, 0, 0, 0, 0, 0, 0, 0, 0]"
527,7,"[8, 11, 17, 21, 43, 45]",6,2.326075249351561,0.16279408987611532,15.581033317993084,"[15383579, 15283579, 15083579, 15183579, 15483579, 15583579, 15983579, 15883579, 15783579, 15683579]","[21, 21, 21, 21, 21, 21, 21, 21, 21, 21]"
528,7,"[1, 8, 11, 21, 37, 39, 46]",7,2.6902293218299747,0.19227467849850655,15.116367897351406,"[15657756, 15757756, 15857756, 15457756, 15357756, 15257756, 15057756, 15157756, 15557756, 15957756]","[46, 46, 46, 46, 46, 46, 46, 46, 46, 46]"
529,7,"[6, 16, 17, 30, 46, 47]",6,2.3081122990697622,0.16015172377228737,15.617505034819866,"[15075694, 15175694, 15675694, 15775694, 15875694, 15975694, 15575694, 15475694, 15375694, 15275694]","[30, 30, 30, 30, 30, 30, 30, 30, 30, 30]"
530,7,"[10, 11, 30, 35, 36, 39, 42]",7,2.768624797463417,0.19528774730861187,18.890882787693823,"[15628324, 15728324, 15828324, 15528324, 15428324, 15928324, 15328324, 15128324, 15028324, 15228324]","[42, 42, 42, 42, 42, 42, 42, 42, 42, 42]"
531,7,"[5, 11, 19, 41, 42, 46, 47]",7,2.760702835395932,0.19403630029410124,15.98313249507919,"[15684772, 15784772, 15184772, 15084772, 15384772, 15284772, 15484772, 15584772, 15984772, 15884772]","[19, 19, 19, 19, 19, 19, 19, 19, 19, 19]"
532,7,"[11, 15, 17, 36, 39, 43, 44]",7,2.765325373969972,0.1900795353576541,16.635401528129087,"[15995266, 15895266, 15395266, 15095266, 15195266, 15295266, 15495266, 15795266, 15695266, 15595266]","[44, 44, 44, 44, 44, 44, 44, 44, 44, 44]"
533,7,"[0, 4, 7, 11, 20, 24, 43]",7,2.6925356034189463,0.18520724028348923,13.898982221726328,"[15199262, 15099262, 15899262, 15999262, 15499262, 15599262, 15699262, 15799262, 15299262, 15399262]","[43, 43, 43, 43, 43, 43, 43, 43, 43, 43]"
534,7,"[1, 11, 17, 36, 37, 47]",6,2.35826816316694,0.17175794765353203,15.706400740891695,"[15804416, 15904416, 15504416, 15404416, 15304416, 15204416, 15704416, 15604416, 15104416, 15004416]","[47, 47, 47, 47, 47, 47, 47, 47, 47, 47]"
535,7,"[0, 6, 8, 11, 17, 36, 46]",7,2.7176372287794948,0.1936127431690693,14.67978034787146,"[15770621, 15670621, 15570621, 15470621, 15070621, 15170621, 15370621, 15270621, 15870621, 15970621]","[17, 17, 17, 17, 17, 17, 17, 17, 17, 17]"
536,7,"[4, 12, 15, 17, 31, 46, 47]",7,2.7109339106827974,0.19037259463220835,15.312422805997942,"[15004968, 15104968, 15404968, 15504968, 15904968, 15804968, 15604968, 15704968, 15204968, 15304968]","[4, 4, 4, 4, 4, 4, 4, 4, 4, 4]"
537,7,"[7, 10, 11, 39, 42, 46]",6,2.3482612911611795,0.16601972188800573,15.583588177338243,"[15101108, 15001108, 15701108, 15601108, 15501108, 15401108, 15301108, 15201108, 15901108, 15801108]","[42, 42, 42, 42, 42, 42, 42, 42, 42, 42]"
538,7,"[11, 17, 21, 42, 46, 47]",6,2.3612458631396294,0.1660284074023366,16.217755100068945,"[15858253, 15958253, 15558253, 15458253, 15358253, 15258253, 15758253, 15658253, 15158253, 15058253]","[47, 47, 47, 47, 47, 47, 47, 47, 47, 47]"
539,7,"[0, 7, 11, 39, 43, 45]",6,2.293956662528217,0.16297208238393068,15.68469768553041,"[15715636, 15615636, 15515636, 15415636, 15015636, 15115636, 15215636, 15315636, 15815636, 15915636]","[0, 0, 0, 0, 0, 0, 0, 0, 0, 0]"
540,7,"[0, 8, 11, 35, 39, 46]",6,2.2849425030872226,0.15227678604424,19.062164226857323,"[15135027, 15035027, 15235027, 15335027, 15535027, 15435027, 15935027, 15835027, 15735027, 15635027]","[0, 0, 0, 0, 0, 0, 0, 0, 0, 0]"
541,7,"[6, 7, 8, 19, 39, 46]",6,2.310641210526228,0.1622692635282874,14.706476700414592,"[15683800, 15783800, 15183800, 15083800, 15283800, 15383800, 15583800, 15483800, 15983800, 15883800]","[19, 19, 19, 19, 19, 19, 19, 19, 19, 19]"
542,7,"[3, 11, 14, 15, 19, 46]",6,2.241209394298494,0.15472238324582577,14.320877090950185,"[15022646, 15122646, 15422646, 15522646, 15922646, 15822646, 15222646, 15322646, 15722646, 15622646]","[19, 19, 19, 19, 19, 19, 19, 19, 19, 19]"
543,7,"[7, 13, 14, 20, 28, 35, 37]",7,2.7391138514503837,0.19631542824208736,17.829028663957224,"[15146438, 15046438, 15746438, 15646438, 15546438, 15446438, 15846438, 15946438, 15246438, 15346438]","[13, 13, 13, 13, 13, 13, 13, 13, 13, 13]"
544,7,"[10, 12, 17, 28, 42, 45, 47]",7,2.7834234153851867,0.20285782031714916,16.168216483867063,"[15311691, 15211691, 15911691, 15811691, 15611691, 15711691, 15411691, 15511691, 15011691, 15111691]","[28, 28, 28, 28, 28, 28, 28, 28, 28, 28]"
545,7,"[11, 16, 17, 18, 25, 26, 46]",7,2.7102904161438346,0.18089709151536226,14.589013345140431,"[15140535, 15040535, 15840535, 15940535, 15540535, 15440535, 15740535, 15640535, 15340535, 15240535]","[17, 17, 17, 17, 17, 17, 17, 17, 17, 17]"
546,7,"[14, 15, 20, 22, 31, 42, 43]",7,2.746575844474137,0.19830753188580275,15.022173712030053,"[15303432, 15203432, 15003432, 15103432, 15703432, 15603432, 15903432, 15803432, 15503432, 15403432]","[42, 42, 42, 42, 42, 42, 42, 42, 42, 42]"
547,7,"[3, 5, 14, 19, 30, 43, 46]",7,2.747430020943284,0.1884002247825265,15.171272462499994,"[15601983, 15701983, 15101983, 15001983, 15901983, 15801983, 15301983, 15201983, 15501983, 15401983]","[5, 5, 5, 5, 5, 5, 5, 5, 5, 5]"
548,7,"[6, 11, 14, 17, 34, 42, 46]",7,2.7063004076480865,0.18560716789215803,15.067344379943929,"[15360893, 15260893, 15860893, 15960893, 15560893, 15460893, 15760893, 15660893, 15060893, 15160893]","[6, 6, 6, 6, 6, 6, 6, 6, 6, 6]"
549,7,"[0, 17, 30, 42, 44, 46]",6,2.339789287187159,0.16083539370447397,15.95796900630618,"[15135027, 15035027, 15735027, 15635027, 15535027, 15435027, 15935027, 15835027, 15335027, 15235027]","[0, 0, 0, 0, 0, 0, 0, 0, 0, 0]"
550,7,"[14, 33, 42, 43, 47]",5,1.9698795098811388,0.14336206763982773,16.242623304016888,"[15477791, 15577791, 15877791, 15977791, 15077791, 15177791, 15677791, 15777791, 15377791, 15277791]","[33, 33, 33, 33, 33, 33, 33, 33, 33, 33]"
551,7,"[7, 8, 27, 30, 31, 36, 44]",7,2.737279651686549,0.18178379070013762,14.246798897361648,"[15578921, 15378921, 15278921, 15078921, 15178921, 15878921, 15478921, 15678921, 15778921, 15978921]","[36, 36, 36, 36, 36, 36, 36, 36, 36, 36]"
552,7,"[0, 8, 15, 17, 37, 43, 46]",7,2.683348510414362,0.18577815778553486,15.814599786951606,"[15445684, 15545684, 15345684, 15245684, 15045684, 15145684, 15945684, 15845684, 15745684, 15645684]","[17, 17, 17, 17, 17, 17, 17, 17, 17, 17]"
553,7,"[11, 36, 39, 41, 42, 46, 47]",7,2.7514177300035954,0.1899399245157838,17.121584542827414,"[15015805, 15115805, 15415805, 15515805, 15915805, 15815805, 15315805, 15215805, 15615805, 15715805]","[11, 11, 11, 11, 11, 11, 11, 11, 11, 11]"
554,7,"[11, 15, 17, 20, 21, 22, 46]",7,2.7216792330145836,0.18866988085210323,14.993751751924199,"[15594964, 15994964, 15894964, 15794964, 15094964, 15394964, 15294964, 15694964, 15494964, 15194964]","[21, 21, 21, 21, 21, 21, 21, 21, 21, 21]"
555,7,"[15, 31, 33, 41, 43, 46, 47]",7,2.742918479256332,0.18786378856748343,16.337409143469163,"[15767414, 15367414, 15567414, 15467414, 15267414, 15867414, 15167414, 15067414, 15967414, 15667414]","[31, 31, 31, 31, 31, 31, 31, 31, 31, 31]"
556,7,"[5, 14, 17, 20, 30, 31, 39]",7,2.7245683195069432,0.1902795433998108,14.07068952618699,"[15278330, 15378330, 15878330, 15578330, 15478330, 15978330, 15678330, 15178330, 15078330, 15778330]","[39, 39, 39, 39, 39, 39, 39, 39, 39, 39]"
557,7,"[11, 15, 28, 31, 44, 46]",6,2.3580081006512046,0.16218566708266735,15.522177607597163,"[15459775, 15559775, 15259775, 15359775, 15659775, 15759775, 15159775, 15059775, 15959775, 15859775]","[15, 15, 15, 15, 15, 15, 15, 15, 15, 15]"
558,7,"[5, 11, 12, 19, 28, 42, 44]",7,2.7910528713837266,0.19419626332819462,15.067528681630003,"[15139247, 15039247, 15939247, 15839247, 15339247, 15239247, 15639247, 15739247, 15539247, 15439247]","[44, 44, 44, 44, 44, 44, 44, 44, 44, 44]"
559,7,"[4, 5, 14, 15, 17, 24]",6,2.3490112302824855,0.160255734808743,14.091047373677915,"[15336407, 15236407, 15036407, 15136407, 15636407, 15736407, 15936407, 15836407, 15436407, 15536407]","[14, 14, 14, 14, 14, 14, 14, 14, 14, 14]"
560,7,"[7, 8, 11, 16, 17, 21, 35]",7,2.702130490913987,0.1857277061790228,17.79226657981053,"[15912732, 15812732, 15412732, 15512732, 15112732, 15012732, 15312732, 15212732, 15712732, 15612732]","[8, 8, 8, 8, 8, 8, 8, 8, 8, 8]"
561,7,"[0, 1, 5, 11, 20, 22, 35]",7,2.7880060598254204,0.19385788589715958,17.42224634851196,"[15322098, 15222098, 15122098, 15022098, 15722098, 15622098, 15522098, 15422098, 15922098, 15822098]","[20, 20, 20, 20, 20, 20, 20, 20, 20, 20]"
562,7,"[8, 16, 18, 39, 41, 46]",6,2.3044246239587665,0.1599100660532713,16.117865044313174,"[15088268, 15188268, 15288268, 15388268, 15788268, 15688268, 15988268, 15888268, 15588268, 15488268]","[18, 18, 18, 18, 18, 18, 18, 18, 18, 18]"
563,7,"[14, 17, 19, 22, 36, 39, 42]",7,2.744586787186563,0.2006972599774599,15.535454630386084,"[15063479, 15163479, 15863479, 15963479, 15463479, 15563479, 15663479, 15763479, 15263479, 15363479]","[42, 42, 42, 42, 42, 42, 42, 42, 42, 42]"
564,7,"[5, 6, 11, 27, 31, 43]",6,2.3339180229231715,0.15645810775458813,13.587091670837253,"[15261489, 15361489, 15461489, 15561489, 15661489, 15761489, 15061489, 15161489, 15861489, 15961489]","[5, 5, 5, 5, 5, 5, 5, 5, 5, 5]"
565,7,"[17, 19, 27, 43, 44, 45, 46]",7,2.6716327108442783,0.18827902805060148,16.507257102922136,"[15027618, 15527618, 15327618, 15227618, 15427618, 15727618, 15827618, 15927618, 15127618, 15627618]","[45, 45, 45, 45, 45, 45, 45, 45, 45, 45]"
566,7,"[1, 2, 9, 17, 42, 43, 46]",7,2.8434788873419166,0.1990732792764902,16.138044247337216,"[15446790, 15546790, 15946790, 15846790, 15146790, 15046790, 15246790, 15346790, 15646790, 15746790]","[17, 17, 17, 17, 17, 17, 17, 17, 17, 17]"
567,7,"[7, 11, 19, 21, 36, 45]",6,2.3338136170059443,0.16285909246653318,15.206772829173133,"[15354164, 15254164, 15054164, 15154164, 15654164, 15754164, 15954164, 15854164, 15454164, 15554164]","[19, 19, 19, 19, 19, 19, 19, 19, 19, 19]"
568,7,"[0, 15, 27, 42, 43, 46]",6,2.3289419524371624,0.16058222856372595,15.946653272335729,"[15647162, 15747162, 15447162, 15547162, 15347162, 15247162, 15847162, 15947162, 15047162, 15147162]","[43, 43, 43, 43, 43, 43, 43, 43, 43, 43]"
569,7,"[7, 11, 14, 15, 21, 28, 39]",7,2.745507978834212,0.1972318822517991,14.49361101784078,"[15516724, 15416724, 15816724, 15916724, 15216724, 15316724, 15016724, 15116724, 15616724, 15716724]","[11, 11, 11, 11, 11, 11, 11, 11, 11, 11]"
570,7,"[0, 4, 17, 43, 44, 46]",6,2.3333553140982985,0.17660230118781328,16.194670259642105,"[15967885, 15867885, 15767885, 15667885, 15067885, 15167885, 15367885, 15267885, 15467885, 15567885]","[17, 17, 17, 17, 17, 17, 17, 17, 17, 17]"
571,7,"[0, 11, 24, 41, 44, 46, 47]",7,2.6666130237281322,0.18402898032218218,15.651613742312682,"[15693088, 15793088, 15493088, 15593088, 15393088, 15293088, 15993088, 15893088, 15193088, 15093088]","[0, 0, 0, 0, 0, 0, 0, 0, 0, 0]"
572,7,"[1, 4, 6, 8, 10, 11, 46]",7,2.6817661905661225,0.18874798621982336,13.75333998458726,"[15130877, 15030877, 15730877, 15630877, 15830877, 15930877, 15430877, 15530877, 15230877, 15330877]","[6, 6, 6, 6, 6, 6, 6, 6, 6, 6]"
573,7,"[3, 7, 11, 17, 19, 23]",6,2.298092150129378,0.1644758339971304,13.445768138937032,"[15895359, 15995359, 15595359, 15495359, 15395359, 15295359, 15795359, 15695359, 15195359, 15095359]","[23, 23, 23, 23, 23, 23, 23, 23, 23, 23]"
574,7,"[3, 11, 17, 39, 42, 43, 46]",7,2.748659706674516,0.19763019122183323,16.391032013376908,"[15389619, 15289619, 15189619, 15089619, 15989619, 15889619, 15789619, 15689619, 15589619, 15489619]","[43, 43, 43, 43, 43, 43, 43, 43, 43, 43]"
575,7,"[0, 11, 16, 21, 37]",5,1.7987761916592717,0.1280667269602418,13.887917357962579,"[15111258, 15011258, 15711258, 15611258, 15511258, 15411258, 15311258, 15211258, 15911258, 15811258]","[37, 37, 37, 37, 37, 37, 37, 37, 37, 37]"
576,7,"[0, 9, 28, 36, 46, 47]",6,2.4010591339319944,0.17344131506979465,16.155559288415436,"[15524485, 15424485, 15924485, 15824485, 15124485, 15024485, 15224485, 15324485, 15724485, 15624485]","[28, 28, 28, 28, 28, 28, 28, 28, 28, 28]"
577,7,"[14, 15, 22, 36, 41, 46, 47]",7,2.758565188385546,0.20139940083026886,16.5076490997869,"[15016670, 15116670, 15616670, 15716670, 15816670, 15916670, 15516670, 15416670, 15316670, 15216670]","[47, 47, 47, 47, 47, 47, 47, 47, 47, 47]"
578,7,"[1, 11, 14, 15, 27, 28, 43]",7,2.736760661005974,0.18959076702594757,14.439272598629552,"[15556273, 15456273, 15356273, 15256273, 15156273, 15056273, 15656273, 15756273, 15856273, 15956273]","[1, 1, 1, 1, 1, 1, 1, 1, 1, 1]"
579,7,"[9, 11, 17, 24, 41, 43, 46]",7,2.6905393805354834,0.1925778742879629,15.479369295894035,"[15335026, 15235026, 15135026, 15035026, 15435026, 15535026, 15835026, 15935026, 15635026, 15735026]","[11, 11, 11, 11, 11, 11, 11, 11, 11, 11]"
580,7,"[0, 1, 10, 14, 17, 41, 47]",7,2.700481351464987,0.18923183903098106,14.47446535807103,"[15936340, 15836340, 15336340, 15036340, 15136340, 15236340, 15436340, 15736340, 15636340, 15536340]","[47, 47, 47, 47, 47, 47, 47, 47, 47, 47]"
581,7,"[0, 4, 15, 17, 39, 41, 47]",7,2.6684252489358187,0.18950024154037237,15.284494242763945,"[15195032, 15095032, 15795032, 15695032, 15295032, 15395032, 15595032, 15495032, 15995032, 15895032]","[15, 15, 15, 15, 15, 15, 15, 15, 15, 15]"
582,7,"[4, 10, 11, 15, 27, 46]",6,2.2369891880080104,0.1567957205697894,14.00475396309048,"[15432082, 15532082, 15232082, 15332082, 15632082, 15732082, 15132082, 15032082, 15932082, 15832082]","[10, 10, 10, 10, 10, 10, 10, 10, 10, 10]"
583,7,"[0, 8, 11, 17, 37, 39, 42]",7,2.635407659225166,0.1878008097410202,14.664867770725063,"[15311258, 15211258, 15411258, 15511258, 15611258, 15711258, 15011258, 15111258, 15911258, 15811258]","[37, 37, 37, 37, 37, 37, 37, 37, 37, 37]"
584,7,"[4, 6, 11, 42, 46, 47]",6,2.315505807287991,0.16876057349145412,15.34404733699436,"[15313264, 15213264, 15113264, 15013264, 15413264, 15513264, 15613264, 15713264, 15913264, 15813264]","[46, 46, 46, 46, 46, 46, 46, 46, 46, 46]"
585,7,"[0, 7, 11, 22, 28, 46]",6,2.394620653241873,0.16548720560967922,14.744428777523959,"[15669907, 15769907, 15469907, 15569907, 15369907, 15269907, 15869907, 15969907, 15069907, 15169907]","[28, 28, 28, 28, 28, 28, 28, 28, 28, 28]"
586,7,"[1, 17, 24, 37, 43, 44, 46]",7,2.748408254235983,0.1946603748947382,16.509466198073433,"[15146790, 15046790, 15746790, 15646790, 15546790, 15446790, 15846790, 15946790, 15346790, 15246790]","[17, 17, 17, 17, 17, 17, 17, 17, 17, 17]"
587,7,"[1, 11, 14, 24, 42, 48]",6,2.33490018453449,0.16393557004630566,12.382648920329908,"[15515973, 15415973, 15915973, 15815973, 15115973, 15015973, 15215973, 15315973, 15715973, 15615973]","[14, 14, 14, 14, 14, 14, 14, 14, 14, 14]"
588,7,"[8, 17, 25, 39, 42, 43]",6,2.3947916496545076,0.1706307576969266,16.088210470198344,"[15128324, 15028324, 15228324, 15328324, 15528324, 15428324, 15728324, 15628324, 15928324, 15828324]","[42, 42, 42, 42, 42, 42, 42, 42, 42, 42]"
589,7,"[7, 11, 16, 36, 42, 46]",6,2.350455956533551,0.16838197875767946,16.323138253220048,"[15362052, 15262052, 15862052, 15962052, 15562052, 15462052, 15162052, 15062052, 15662052, 15762052]","[7, 7, 7, 7, 7, 7, 7, 7, 7, 7]"
590,7,"[3, 5, 21, 28, 39, 47]",6,2.4645631723105907,0.1669273879379034,15.653826342352355,"[15529586, 15429586, 15929586, 15829586, 15129586, 15029586, 15629586, 15729586, 15229586, 15329586]","[21, 21, 21, 21, 21, 21, 21, 21, 21, 21]"
591,7,"[1, 11, 14, 17, 42, 43, 46]",7,2.7559855207800865,0.19443742092698812,15.877472617996059,"[15934858, 15834858, 15634858, 15734858, 15134858, 15034858, 15234858, 15334858, 15434858, 15534858]","[42, 42, 42, 42, 42, 42, 42, 42, 42, 42]"
592,7,"[14, 17, 21, 30, 39, 41, 43]",7,2.71197565831244,0.19364243745803833,15.42752044800935,"[15915332, 15815332, 15515332, 15415332, 15715332, 15615332, 15015332, 15115332, 15315332, 15215332]","[30, 30, 30, 30, 30, 30, 30, 30, 30, 30]"
593,7,"[0, 11, 17, 21, 37, 41, 46]",7,2.6455838419497013,0.18453527707606554,14.999590363020875,"[15682096, 15782096, 15282096, 15382096, 15882096, 15982096, 15482096, 15582096, 15082096, 15182096]","[21, 21, 21, 21, 21, 21, 21, 21, 21, 21]"
594,7,"[10, 13, 14, 36, 43, 47]",6,2.3530668914318085,0.16061722766608,15.885735919388631,"[15725443, 15625443, 15425443, 15525443, 15325443, 15225443, 15825443, 15925443, 15025443, 15125443]","[47, 47, 47, 47, 47, 47, 47, 47, 47, 47]"
595,7,"[14, 17, 20, 25, 27, 42, 46]",7,2.708490393124521,0.19251101277768612,14.78410685860685,"[15289672, 15389672, 15889672, 15589672, 15489672, 15989672, 15689672, 15189672, 15089672, 15789672]","[46, 46, 46, 46, 46, 46, 46, 46, 46, 46]"
596,7,"[0, 9, 11, 14, 19, 41, 46]",7,2.5763403978198767,0.1936308592557907,13.905723337283623,"[15345980, 15245980, 15145980, 15045980, 15945980, 15845980, 15445980, 15545980, 15645980, 15745980]","[9, 9, 9, 9, 9, 9, 9, 9, 9, 9]"
597,7,"[11, 14, 21, 31, 36, 46]",6,2.3229923639446497,0.15702172182500362,14.883856858825311,"[15715973, 15615973, 15415973, 15515973, 15115973, 15015973, 15815973, 15915973, 15215973, 15315973]","[14, 14, 14, 14, 14, 14, 14, 14, 14, 14]"
598,7,"[0, 10, 11, 17, 21, 46]",6,2.296106872148812,0.16435610316693783,14.397965163458139,"[15358940, 15258940, 15858940, 15958940, 15558940, 15458940, 15058940, 15158940, 15758940, 15658940]","[17, 17, 17, 17, 17, 17, 17, 17, 17, 17]"
599,7,"[9, 11, 12, 14, 17, 18, 24]",7,2.696254264563322,0.1916505079716444,13.494160416868649,"[15158292, 15058292, 15258292, 15358292, 15558292, 15458292, 15958292, 15858292, 15758292, 15658292]","[14, 14, 14, 14, 14, 14, 14, 14, 14, 14]"
600,7,"[14, 21, 25, 26, 39, 41]",6,2.296865406446159,0.15898554120212793,13.99874754389748,"[15985253, 15885253, 15085253, 15185253, 15285253, 15385253, 15485253, 15585253, 15685253, 15785253]","[26, 26, 26, 26, 26, 26, 26, 26, 26, 26]"
601,7,"[0, 11, 15, 21, 22, 28]",6,2.3560053976252675,0.16116200760006905,14.09354575863108,"[15881089, 15981089, 15581089, 15481089, 15381089, 15281089, 15781089, 15681089, 15181089, 15081089]","[28, 28, 28, 28, 28, 28, 28, 28, 28, 28]"
602,7,"[11, 14, 21, 46, 47]",5,1.9072855273261666,0.1237367819994688,15.36550736585632,"[15308519, 15208519, 15008519, 15108519, 15608519, 15708519, 15908519, 15808519, 15408519, 15508519]","[21, 21, 21, 21, 21, 21, 21, 21, 21, 21]"
603,7,"[0, 8, 11, 17, 42, 44, 46]",7,2.7147992784157395,0.18871963117271662,15.38424346037209,"[15135027, 15035027, 15735027, 15635027, 15535027, 15435027, 15835027, 15935027, 15235027, 15335027]","[0, 0, 0, 0, 0, 0, 0, 0, 0, 0]"
604,7,"[11, 14, 17, 27, 30, 36, 43]",7,2.69677481520921,0.191290064714849,14.66532166016155,"[15179703, 15079703, 15279703, 15379703, 15579703, 15479703, 15779703, 15679703, 15979703, 15879703]","[11, 11, 11, 11, 11, 11, 11, 11, 11, 11]"
605,7,"[4, 11, 13, 17, 31, 42, 47]",7,2.6775882029905915,0.18759690783917904,14.426842153737587,"[15963479, 15863479, 15763479, 15663479, 15163479, 15063479, 15363479, 15263479, 15463479, 15563479]","[42, 42, 42, 42, 42, 42, 42, 42, 42, 42]"
606,7,"[14, 18, 21, 36, 44, 46]",6,2.416560869663954,0.1730092717334628,16.393760425426688,"[15466497, 15566497, 15266497, 15366497, 15666497, 15766497, 15166497, 15066497, 15966497, 15866497]","[18, 18, 18, 18, 18, 18, 18, 18, 18, 18]"
607,7,"[0, 8, 10, 11, 17, 22, 43]",7,2.7093718564137816,0.18529453594237566,14.229637193027884,"[15635027, 15735027, 15435027, 15535027, 15335027, 15235027, 15135027, 15035027, 15935027, 15835027]","[0, 0, 0, 0, 0, 0, 0, 0, 0, 0]"
608,7,"[19, 21, 27, 29, 36, 39, 43]",7,2.70992661267519,0.19285384193062782,14.573850881042224,"[15753112, 15653112, 15553112, 15453112, 15053112, 15153112, 15953112, 15853112, 15353112, 15253112]","[19, 19, 19, 19, 19, 19, 19, 19, 19, 19]"
609,7,"[17, 21, 24, 27, 36, 39, 44]",7,2.730955452658236,0.20095154643058777,15.396464381699584,"[15952272, 15852272, 15652272, 15752272, 15352272, 15252272, 15152272, 15052272, 15552272, 15452272]","[21, 21, 21, 21, 21, 21, 21, 21, 21, 21]"
610,7,"[7, 11, 18, 20, 22, 39, 42]",7,2.7865910222753882,0.20433441456407309,14.869193132301527,"[15465396, 15565396, 15965396, 15865396, 15765396, 15665396, 15365396, 15265396, 15165396, 15065396]","[20, 20, 20, 20, 20, 20, 20, 20, 20, 20]"
611,7,"[7, 11, 27, 39, 42, 44, 47]",7,2.7033593328669667,0.19190013874322176,15.424969317657608,"[15578330, 15478330, 15978330, 15878330, 15178330, 15078330, 15678330, 15778330, 15278330, 15378330]","[39, 39, 39, 39, 39, 39, 39, 39, 39, 39]"
612,7,"[7, 11, 17, 37, 39, 42]",6,2.314418014138937,0.16312134824693203,15.26346850550423,"[15834858, 15934858, 15534858, 15434858, 15334858, 15234858, 15734858, 15634858, 15134858, 15034858]","[42, 42, 42, 42, 42, 42, 42, 42, 42, 42]"
613,7,"[11, 36, 37, 38, 41, 46, 47]",7,2.737812999635935,0.1895765457302332,17.359504406473466,"[15308547, 15908547, 15408547, 15508547, 15808547, 15108547, 15608547, 15708547, 15208547, 15008547]","[41, 41, 41, 41, 41, 41, 41, 41, 41, 41]"
614,7,"[8, 14, 24, 36, 43, 44, 46]",7,2.752806388773024,0.19340425357222557,16.419241076468357,"[15512732, 15412732, 15312732, 15212732, 15112732, 15012732, 15712732, 15612732, 15912732, 15812732]","[8, 8, 8, 8, 8, 8, 8, 8, 8, 8]"
615,7,"[14, 20, 31, 36, 39, 43, 48]",7,2.7491152994334698,0.1822511963546276,13.962579961267434,"[15232243, 15332243, 15832243, 15532243, 15432243, 15932243, 15632243, 15132243, 15032243, 15732243]","[48, 48, 48, 48, 48, 48, 48, 48, 48, 48]"
616,7,"[9, 10, 31, 42, 43, 46]",6,2.338350926525891,0.17331911623477936,15.632892130253216,"[15625318, 15725318, 15125318, 15025318, 15225318, 15325318, 15525318, 15425318, 15925318, 15825318]","[42, 42, 42, 42, 42, 42, 42, 42, 42, 42]"
617,7,"[1, 6, 11, 14, 17, 38, 39]",7,2.7186560705304146,0.18835205025970936,14.834983829275838,"[15039893, 15539893, 15339893, 15239893, 15439893, 15739893, 15839893, 15939893, 15639893, 15139893]","[6, 6, 6, 6, 6, 6, 6, 6, 6, 6]"
618,7,"[2, 11, 21, 28, 39, 46]",6,2.4161004861816764,0.16162628773599863,15.603776371106505,"[15169907, 15069907, 15869907, 15969907, 15469907, 15569907, 15669907, 15769907, 15269907, 15369907]","[28, 28, 28, 28, 28, 28, 28, 28, 28, 28]"
619,7,"[1, 11, 27, 28, 29, 39, 43]",7,2.74187268409878,0.19288095831871033,14.066516436836016,"[15543183, 15443183, 15043183, 15143183, 15243183, 15343183, 15743183, 15643183, 15843183, 15943183]","[28, 28, 28, 28, 28, 28, 28, 28, 28, 28]"
620,7,"[5, 11, 24, 29, 34, 46, 48]",7,2.773381568491459,0.19053399376571178,12.818698559887707,"[15648128, 15948128, 15448128, 15548128, 15848128, 15148128, 15248128, 15348128, 15748128, 15048128]","[34, 34, 34, 34, 34, 34, 34, 34, 34, 34]"
621,7,"[9, 11, 17, 30, 35, 39, 42]",7,2.702379052527249,0.19365800358355045,18.249110329364026,"[15335026, 15235026, 15835026, 15935026, 15535026, 15435026, 15635026, 15735026, 15035026, 15135026]","[11, 11, 11, 11, 11, 11, 11, 11, 11, 11]"
622,7,"[4, 6, 7, 12, 31, 42, 47]",7,2.7411885214969516,0.18720359262079,14.265817124729178,"[15777336, 15677336, 15377336, 15277336, 15177336, 15077336, 15477336, 15577336, 15977336, 15877336]","[7, 7, 7, 7, 7, 7, 7, 7, 7, 7]"
623,7,"[7, 11, 17, 27, 39, 42, 45]",7,2.6813325602561235,0.18882714863866568,15.198353801654386,"[15141992, 15041992, 15241992, 15341992, 15541992, 15441992, 15741992, 15641992, 15941992, 15841992]","[7, 7, 7, 7, 7, 7, 7, 7, 7, 7]"
624,7,"[0, 1, 13, 30, 32, 46]",6,2.28089099843055,0.15135656390339136,13.743999918689951,"[15432718, 15532718, 15232718, 15332718, 15632718, 15732718, 15132718, 15032718, 15932718, 15832718]","[1, 1, 1, 1, 1, 1, 1, 1, 1, 1]"
625,7,"[14, 18, 19, 22, 31, 36]",6,2.37488145660609,0.16832179948687553,14.304407274583355,"[15334045, 15234045, 15034045, 15134045, 15634045, 15734045, 15934045, 15834045, 15434045, 15534045]","[19, 19, 19, 19, 19, 19, 19, 19, 19, 19]"
626,7,"[0, 1, 8, 11, 28, 46]",6,2.36080632917583,0.1648558983579278,14.522580706592029,"[15135027, 15035027, 15235027, 15335027, 15535027, 15435027, 15935027, 15835027, 15735027, 15635027]","[0, 0, 0, 0, 0, 0, 0, 0, 0, 0]"
627,7,"[8, 10, 11, 22, 39, 46]",6,2.2964056730270386,0.15677884500473738,14.904181930469349,"[15364364, 15264364, 15664364, 15764364, 15564364, 15464364, 15064364, 15164364, 15864364, 15964364]","[46, 46, 46, 46, 46, 46, 46, 46, 46, 46]"
628,7,"[15, 17, 20, 28, 39, 46]",6,2.3944093976169825,0.166365054436028,16.184409397809457,"[15864364, 15964364, 15564364, 15464364, 15364364, 15264364, 15764364, 15664364, 15164364, 15064364]","[46, 46, 46, 46, 46, 46, 46, 46, 46, 46]"
629,7,"[0, 4, 11, 20, 37, 43, 44]",7,2.620172898285091,0.18579139839857817,14.73650334449485,"[15056065, 15556065, 15656065, 15756065, 15456065, 15356065, 15856065, 15956065, 15156065, 15256065]","[43, 43, 43, 43, 43, 43, 43, 43, 43, 43]"
630,7,"[8, 17, 19, 21, 30, 46]",6,2.310548393987119,0.15782854054123163,14.705526173813269,"[15705362, 15605362, 15305362, 15205362, 15505362, 15405362, 15005362, 15105362, 15805362, 15905362]","[46, 46, 46, 46, 46, 46, 46, 46, 46, 46]"
631,7,"[11, 17, 27, 42, 43, 46]",6,2.333540951833129,0.1692660367116332,15.916965052407855,"[15335026, 15235026, 15135026, 15035026, 15435026, 15535026, 15935026, 15835026, 15635026, 15735026]","[11, 11, 11, 11, 11, 11, 11, 11, 11, 11]"
632,7,"[7, 17, 39, 43, 44]",5,1.9983887588605285,0.1454424001276493,16.762403114326297,"[15681052, 15781052, 15481052, 15581052, 15381052, 15281052, 15881052, 15981052, 15081052, 15181052]","[44, 44, 44, 44, 44, 44, 44, 44, 44, 44]"
633,7,"[11, 38, 39, 42, 43, 44, 45]",7,2.731206518597901,0.1934575792402029,17.78758515224659,"[15228324, 15328324, 15528324, 15428324, 15728324, 15628324, 15928324, 15828324, 15128324, 15028324]","[42, 42, 42, 42, 42, 42, 42, 42, 42, 42]"
634,7,"[0, 4, 11, 14, 20, 41]",6,2.2101241620257497,0.15329756867140532,13.137325659704706,"[15832527, 15932527, 15532527, 15432527, 15632527, 15732527, 15332527, 15232527, 15132527, 15032527]","[41, 41, 41, 41, 41, 41, 41, 41, 41, 41]"
635,7,"[0, 1, 42, 46]",4,1.5861484128981829,0.10819849465042353,15.913107290980406,"[15196729, 15096729, 15796729, 15696729, 15596729, 15496729, 15996729, 15896729, 15396729, 15296729]","[0, 0, 0, 0, 0, 0, 0, 0, 0, 0]"
636,7,"[11, 17, 24, 31, 43, 45, 46]",7,2.702959251590073,0.1865813983604312,15.901122694635498,"[15467885, 15567885, 15867885, 15967885, 15767885, 15667885, 15167885, 15067885, 15367885, 15267885]","[17, 17, 17, 17, 17, 17, 17, 17, 17, 17]"
637,7,"[11, 14, 17, 30, 39, 43, 44]",7,2.6792654870077968,0.18900097720324993,15.379114566370845,"[15201812, 15301812, 15901812, 15801812, 15101812, 15701812, 15501812, 15401812, 15601812, 15001812]","[39, 39, 39, 39, 39, 39, 39, 39, 39, 39]"
638,7,"[5, 9, 10, 11, 30, 33, 39]",7,2.698296590708196,0.18758209701627493,13.677471487317234,"[15263372, 15363372, 15863372, 15963372, 15563372, 15463372, 15063372, 15163372, 15763372, 15663372]","[39, 39, 39, 39, 39, 39, 39, 39, 39, 39]"
639,7,"[0, 5, 11, 14, 24, 28, 43]",7,2.7791313603520393,0.19338578451424837,14.416613204271666,"[15635027, 15735027, 15435027, 15535027, 15335027, 15235027, 15935027, 15835027, 15135027, 15035027]","[0, 0, 0, 0, 0, 0, 0, 0, 0, 0]"
640,7,"[7, 11, 14, 28, 31, 37, 46]",7,2.711721413768828,0.1895353840664029,14.514129943546973,"[15931946, 15831946, 15131946, 15731946, 15531946, 15431946, 15331946, 15231946, 15631946, 15031946]","[46, 46, 46, 46, 46, 46, 46, 46, 46, 46]"
641,7,"[6, 10, 15, 17, 39, 42, 43]",7,2.7502039913088083,0.19688208866864443,15.68801279379321,"[15107295, 15907295, 15507295, 15407295, 15807295, 15207295, 15607295, 15707295, 15007295, 15307295]","[42, 42, 42, 42, 42, 42, 42, 42, 42, 42]"
642,7,"[1, 4, 8, 10, 14, 29, 42]",7,2.6949324877932668,0.19401308335363865,13.02423179814858,"[15954264, 15854264, 15754264, 15654264, 15554264, 15454264, 15354264, 15254264, 15154264, 15054264]","[10, 10, 10, 10, 10, 10, 10, 10, 10, 10]"
643,7,"[3, 14, 15, 17, 29, 46]",6,2.3119474658742547,0.1685425592586398,14.09674999397248,"[15357276, 15257276, 15057276, 15157276, 15657276, 15757276, 15957276, 15857276, 15457276, 15557276]","[15, 15, 15, 15, 15, 15, 15, 15, 15, 15]"
644,7,"[1, 8, 17, 25, 43]",5,2.0235840333625674,0.1423216350376606,15.20300528164953,"[15500399, 15400399, 15300399, 15200399, 15100399, 15000399, 15600399, 15700399, 15800399, 15900399]","[1, 1, 1, 1, 1, 1, 1, 1, 1, 1]"
645,7,"[5, 11, 14, 21, 38, 43]",6,2.4016454285010695,0.16156416479498148,15.768685324971253,"[15182096, 15082096, 15882096, 15982096, 15482096, 15582096, 15682096, 15782096, 15282096, 15382096]","[21, 21, 21, 21, 21, 21, 21, 21, 21, 21]"
646,7,"[1, 11, 30, 42, 43, 46]",6,2.3741595912724733,0.16621618531644344,16.09496486140415,"[15867935, 15967935, 15567935, 15467935, 15367935, 15267935, 15767935, 15667935, 15167935, 15067935]","[46, 46, 46, 46, 46, 46, 46, 46, 46, 46]"
647,7,"[14, 15, 17, 28, 31, 38, 42]",7,2.805260610766709,0.20354964584112167,15.684636775204646,"[15036121, 15436121, 15536121, 15936121, 15836121, 15636121, 15136121, 15336121, 15236121, 15736121]","[38, 38, 38, 38, 38, 38, 38, 38, 38, 38]"
648,7,"[5, 21, 42, 43, 44, 46, 47]",7,2.852519404143095,0.21910610515624285,17.498160775484784,"[15482286, 15582286, 15682286, 15782286, 15982286, 15882286, 15382286, 15282286, 15182286, 15082286]","[44, 44, 44, 44, 44, 44, 44, 44, 44, 44]"
649,7,"[6, 11, 41, 45, 46, 48]",6,2.3053731713443995,0.2935420721769333,13.872234284955388,"[15360893, 15260893, 15160893, 15060893, 15460893, 15560893, 15960893, 15860893, 15660893, 15760893]","[6, 6, 6, 6, 6, 6, 6, 6, 6, 6]"
650,7,"[1, 17, 20, 38, 43, 47]",6,2.4304931415244937,0.17002876102924347,16.96720653430869,"[15625742, 15725742, 15125742, 15025742, 15225742, 15325742, 15525742, 15425742, 15925742, 15825742]","[38, 38, 38, 38, 38, 38, 38, 38, 38, 38]"
651,7,"[0, 4, 6, 11, 28, 41, 47]",7,2.706368167884648,0.18769953586161137,14.121506449899503,"[15239893, 15139893, 15039893, 15839893, 15939893, 15439893, 15539893, 15339893, 15739893, 15639893]","[6, 6, 6, 6, 6, 6, 6, 6, 6, 6]"
652,7,"[11, 14, 17, 21, 44, 46]",6,2.3004046780988574,0.16370607819408178,15.281822175408402,"[15109912, 15009912, 15709912, 15609912, 15509912, 15409912, 15309912, 15209912, 15909912, 15809912]","[44, 44, 44, 44, 44, 44, 44, 44, 44, 44]"
653,7,"[9, 11, 24, 43, 46]",5,1.9082421408966184,0.13853973988443613,15.391650208923966,"[15612685, 15712685, 15412685, 15512685, 15312685, 15212685, 15012685, 15112685, 15812685, 15912685]","[9, 9, 9, 9, 9, 9, 9, 9, 9, 9]"
654,7,"[6, 7, 11, 24, 38, 46]",6,2.361366464756429,0.1616507163271308,15.31729249873509,"[15226085, 15326085, 15526085, 15426085, 15926085, 15826085, 15126085, 15026085, 15626085, 15726085]","[46, 46, 46, 46, 46, 46, 46, 46, 46, 46]"
655,7,"[6, 8, 11, 32, 33, 36, 39]",7,2.6889175148680806,0.3233000682666898,13.725002285093069,"[15760893, 15660893, 15560893, 15460893, 15060893, 15160893, 15960893, 15860893, 15360893, 15260893]","[6, 6, 6, 6, 6, 6, 6, 6, 6, 6]"
656,7,"[4, 16, 19, 20, 21, 39]",6,2.2170520508661866,0.15877422969788313,14.290255048001805,"[15684544, 15784544, 15184544, 15084544, 15284544, 15384544, 15584544, 15484544, 15984544, 15884544]","[20, 20, 20, 20, 20, 20, 20, 20, 20, 20]"
657,7,"[8, 14, 21, 37, 42, 43, 46]",7,2.7103922981768847,0.26049699541181326,16.014151833153196,"[15911258, 15811258, 15211258, 15311258, 15511258, 15411258, 15711258, 15611258, 15111258, 15011258]","[37, 37, 37, 37, 37, 37, 37, 37, 37, 37]"
658,7,"[1, 4, 11, 39, 47]",5,2.028748854994774,0.2201985316351056,14.866842851415276,"[15178808, 15078808, 15578808, 15478808, 15378808, 15278808, 15878808, 15978808, 15778808, 15678808]","[4, 4, 4, 4, 4, 4, 4, 4, 4, 4]"
659,7,"[11, 15, 19, 32, 37, 47]",6,2.71022714022547,0.658900479786098,14.058003820866967,"[15671288, 15771288, 15171288, 15071288, 15271288, 15371288, 15571288, 15471288, 15971288, 15871288]","[32, 32, 32, 32, 32, 32, 32, 32, 32, 32]"
660,7,"[3, 5, 14, 18, 42, 47]",6,2.4548351848497987,0.380496378056705,15.329032532094667,"[15742679, 15642679, 15342679, 15242679, 15542679, 15442679, 15042679, 15142679, 15842679, 15942679]","[47, 47, 47, 47, 47, 47, 47, 47, 47, 47]"
661,7,"[0, 1, 11, 15, 32, 43]",6,2.297010261565447,2.90224099624902,13.95844388885113,"[15624894, 15724894, 15424894, 15524894, 15224894, 15324894, 15024894, 15124894, 15924894, 15824894]","[1, 1, 1, 1, 1, 1, 1, 1, 1, 1]"
662,7,"[10, 15, 22, 42, 43, 46]",6,2.5156425181776285,0.21025155577808619,16.676111392444,"[15748425, 15648425, 15348425, 15248425, 15148425, 15048425, 15448425, 15548425, 15948425, 15848425]","[42, 42, 42, 42, 42, 42, 42, 42, 42, 42]"
663,7,"[11, 14, 22, 24, 43, 45, 46]",7,2.6837773146107793,0.1922164410352707,15.88160511332431,"[15036407, 15536407, 15336407, 15236407, 15436407, 15736407, 15836407, 15936407, 15636407, 15136407]","[14, 14, 14, 14, 14, 14, 14, 14, 14, 14]"
664,7,"[0, 7, 10, 11, 13, 17, 31]",7,2.6692626299336553,0.19286401197314262,13.059801351345543,"[15135027, 15035027, 15235027, 15335027, 15535027, 15435027, 15735027, 15635027, 15935027, 15835027]","[0, 0, 0, 0, 0, 0, 0, 0, 0, 0]"
665,7,"[7, 9, 11, 30, 31, 47]",6,2.3037161100655794,0.160615973174572,13.572536151856184,"[15491483, 15591483, 15791483, 15691483, 15291483, 15391483, 15191483, 15091483, 15991483, 15891483]","[9, 9, 9, 9, 9, 9, 9, 9, 9, 9]"
666,7,"[5, 10, 11, 17, 24, 46]",6,2.3724179891869426,0.16994537599384785,14.784255814893791,"[15716132, 15616132, 15416132, 15516132, 15116132, 15016132, 15816132, 15916132, 15216132, 15316132]","[10, 10, 10, 10, 10, 10, 10, 10, 10, 10]"
667,7,"[2, 10, 35, 39, 42, 43]",6,2.4400459239259362,0.17355077248066664,20.347782138424616,"[15373483, 15273483, 15173483, 15073483, 15473483, 15573483, 15973483, 15873483, 15673483, 15773483]","[2, 2, 2, 2, 2, 2, 2, 2, 2, 2]"
668,7,"[5, 10, 12, 13, 22, 42, 46]",7,2.804563852958381,0.20006143022328615,15.291092243644275,"[15804639, 15304639, 15404639, 15204639, 15904639, 15604639, 15104639, 15004639, 15704639, 15504639]","[13, 13, 13, 13, 13, 13, 13, 13, 13, 13]"
669,7,"[2, 11, 34, 36, 37, 46]",6,2.367170786485076,0.1604462694376707,16.191518041693296,"[15316580, 15216580, 15016580, 15116580, 15616580, 15716580, 15916580, 15816580, 15416580, 15516580]","[34, 34, 34, 34, 34, 34, 34, 34, 34, 34]"
670,7,"[0, 1, 5, 11, 18, 32, 37]",7,2.7330019855871797,0.18953469954431057,13.485390084795654,"[15711258, 15611258, 15111258, 15011258, 15211258, 15311258, 15511258, 15411258, 15911258, 15811258]","[37, 37, 37, 37, 37, 37, 37, 37, 37, 37]"
671,7,"[7, 10, 11, 14, 36, 43, 44]",7,2.76510567124933,0.20083966478705406,15.406223732445921,"[15282286, 15382286, 15082286, 15182286, 15482286, 15582286, 15982286, 15882286, 15782286, 15682286]","[44, 44, 44, 44, 44, 44, 44, 44, 44, 44]"
672,7,"[9, 14, 20, 21, 22, 39, 46]",7,2.6858292929828167,0.1996902534738183,14.784539575422448,"[15108519, 15008519, 15208519, 15308519, 15508519, 15408519, 15908519, 15808519, 15708519, 15608519]","[21, 21, 21, 21, 21, 21, 21, 21, 21, 21]"
673,7,"[11, 17, 24, 30, 41, 44]",6,2.2922921320423484,0.16277469601482153,14.665929909873133,"[15322710, 15222710, 15022710, 15122710, 15422710, 15522710, 15922710, 15822710, 15722710, 15622710]","[30, 30, 30, 30, 30, 30, 30, 30, 30, 30]"
674,7,"[5, 11, 28, 42, 46, 47]",6,2.4742287872359157,0.17115029972046614,16.492788476791855,"[15569907, 15469907, 15969907, 15869907, 15169907, 15069907, 15669907, 15769907, 15269907, 15369907]","[28, 28, 28, 28, 28, 28, 28, 28, 28, 28]"
675,7,"[1, 11, 36, 38, 39, 42, 47]",7,2.8147814106196165,0.20033168233931065,17.02909761454378,"[15640799, 15740799, 15540799, 15440799, 15140799, 15040799, 15240799, 15340799, 15940799, 15840799]","[36, 36, 36, 36, 36, 36, 36, 36, 36, 36]"
676,7,"[5, 7, 11, 31, 37, 46]",6,2.358848354779184,0.16068644169718027,14.718663519403586,"[15637166, 15737166, 15437166, 15537166, 15337166, 15237166, 15037166, 15137166, 15837166, 15937166]","[5, 5, 5, 5, 5, 5, 5, 5, 5, 5]"
677,7,"[12, 19, 22, 30, 36, 39, 47]",7,2.738858809694648,0.19911755248904228,15.52132342722533,"[15194620, 15094620, 15694620, 15794620, 15994620, 15894620, 15294620, 15394620, 15494620, 15594620]","[36, 36, 36, 36, 36, 36, 36, 36, 36, 36]"
678,7,"[1, 7, 11, 14, 36, 39]",6,2.3633189974352717,0.16514955833554268,14.79390976174424,"[15605919, 15705919, 15405919, 15505919, 15305919, 15205919, 15805919, 15905919, 15005919, 15105919]","[36, 36, 36, 36, 36, 36, 36, 36, 36, 36]"
679,7,"[1, 11, 17, 27, 39, 44, 46]",7,2.694257930852473,0.19969073310494423,15.335684050273683,"[15747368, 15647368, 15547368, 15447368, 15947368, 15847368, 15247368, 15347368, 15047368, 15147368]","[27, 27, 27, 27, 27, 27, 27, 27, 27, 27]"
680,7,"[0, 11, 14, 17, 37, 39, 46]",7,2.606024920940399,0.1905881054699421,14.889629109030855,"[15559550, 15459550, 15859550, 15959550, 15659550, 15759550, 15059550, 15159550, 15359550, 15259550]","[11, 11, 11, 11, 11, 11, 11, 11, 11, 11]"
681,7,"[7, 11, 14, 29, 39, 41, 43]",7,2.69664114061743,0.19040780141949654,14.248738319080855,"[15315973, 15215973, 15015973, 15115973, 15515973, 15415973, 15915973, 15815973, 15715973, 15615973]","[14, 14, 14, 14, 14, 14, 14, 14, 14, 14]"
682,7,"[4, 7, 11, 14, 17, 36, 43]",7,2.757533196359873,0.19639233872294426,15.001516281161457,"[15617403, 15717403, 15417403, 15517403, 15017403, 15117403, 15217403, 15317403, 15817403, 15917403]","[36, 36, 36, 36, 36, 36, 36, 36, 36, 36]"
683,7,"[11, 14, 33, 37, 44, 46]",6,2.248682196252048,0.1623008530586958,15.135669408133253,"[15609912, 15709912, 15409912, 15509912, 15309912, 15209912, 15809912, 15909912, 15009912, 15109912]","[44, 44, 44, 44, 44, 44, 44, 44, 44, 44]"
684,7,"[0, 9, 15, 42, 46, 47]",6,2.442219737917185,0.37077653408050537,15.878689953902116,"[15135027, 15035027, 15735027, 15635027, 15535027, 15435027, 15935027, 15835027, 15335027, 15235027]","[0, 0, 0, 0, 0, 0, 0, 0, 0, 0]"
685,7,"[6, 8, 17, 26, 35, 46]",6,2.3440791964530945,0.16162205580621958,18.376733743740868,"[15548016, 15448016, 15948016, 15848016, 15148016, 15048016, 15648016, 15748016, 15248016, 15348016]","[17, 17, 17, 17, 17, 17, 17, 17, 17, 17]"
686,7,"[11, 14, 20, 21, 28, 39, 43]",7,2.74342729896307,0.19650396145880222,14.998044090345502,"[15155115, 15055115, 15255115, 15355115, 15555115, 15455115, 15655115, 15755115, 15855115, 15955115]","[11, 11, 11, 11, 11, 11, 11, 11, 11, 11]"
687,7,"[0, 22, 24, 42, 46]",5,1.9601355409249663,0.14420292805880308,15.484511397685855,"[15116548, 15016548, 15216548, 15316548, 15516548, 15416548, 15916548, 15816548, 15716548, 15616548]","[0, 0, 0, 0, 0, 0, 0, 0, 0, 0]"
688,7,"[2, 11, 18, 22, 36, 42, 43]",7,2.900743242353201,0.19610959012061357,16.07901213743857,"[15154604, 15054604, 15954604, 15854604, 15354604, 15254604, 15654604, 15754604, 15554604, 15454604]","[43, 43, 43, 43, 43, 43, 43, 43, 43, 43]"
689,7,"[0, 11, 17, 27, 39, 43, 47]",7,2.664819865487516,0.19192462135106325,15.077047970478556,"[15162093, 15062093, 15262093, 15362093, 15562093, 15462093, 15962093, 15862093, 15762093, 15662093]","[17, 17, 17, 17, 17, 17, 17, 17, 17, 17]"
690,7,"[8, 11, 37, 39, 45]",5,1.8263896005228162,0.12946557067334652,15.369899058062582,"[15730117, 15630117, 15830117, 15930117, 15330117, 15230117, 15130117, 15030117, 15530117, 15430117]","[39, 39, 39, 39, 39, 39, 39, 39, 39, 39]"
691,7,"[0, 4, 11, 21, 30, 39, 47]",7,2.6512603033334017,0.18453730177134275,14.227138984815351,"[15621082, 15221082, 15821082, 15321082, 15721082, 15521082, 15021082, 15121082, 15421082, 15921082]","[21, 21, 21, 21, 21, 21, 21, 21, 21, 21]"
692,7,"[6, 11, 21, 39, 42, 43, 46]",7,2.737269594334066,0.1984750498086214,16.018987519733077,"[15671814, 15771814, 15271814, 15371814, 15871814, 15971814, 15471814, 15571814, 15071814, 15171814]","[46, 46, 46, 46, 46, 46, 46, 46, 46, 46]"
693,7,"[0, 8, 11, 42, 43, 46]",6,2.320437967777252,0.16908567864447832,15.700533974915743,"[15128324, 15028324, 15828324, 15928324, 15428324, 15528324, 15628324, 15728324, 15228324, 15328324]","[42, 42, 42, 42, 42, 42, 42, 42, 42, 42]"
694,7,"[8, 11, 39, 42, 43, 46]",6,2.342918623238802,0.16508943121880293,16.537794396514073,"[15349957, 15249957, 15149957, 15049957, 15449957, 15549957, 15949957, 15849957, 15649957, 15749957]","[8, 8, 8, 8, 8, 8, 8, 8, 8, 8]"
695,7,"[6, 10, 11, 25, 31, 36, 46]",7,2.7638188377022743,0.18308203388005495,14.441575511890862,"[15371814, 15271814, 15671814, 15971814, 15871814, 15771814, 15571814, 15071814, 15171814, 15471814]","[46, 46, 46, 46, 46, 46, 46, 46, 46, 46]"
696,7,"[0, 3, 7, 18, 21, 22, 42]",7,2.8244178453460336,0.1988120200112462,14.412169002728271,"[15690844, 15790844, 15390844, 15290844, 15890844, 15990844, 15190844, 15090844, 15590844, 15490844]","[22, 22, 22, 22, 22, 22, 22, 22, 22, 22]"
697,7,"[4, 10, 11, 13, 24, 46]",6,2.2491146456450224,0.15580446738749743,14.001195883223167,"[15129637, 15029637, 15229637, 15329637, 15529637, 15429637, 15929637, 15829637, 15729637, 15629637]","[4, 4, 4, 4, 4, 4, 4, 4, 4, 4]"
698,7,"[5, 7, 17, 28, 32, 39, 42]",7,2.8643025448545814,0.20037047564983368,15.038943150479879,"[15068412, 15168412, 15668412, 15768412, 15868412, 15968412, 15568412, 15468412, 15368412, 15268412]","[42, 42, 42, 42, 42, 42, 42, 42, 42, 42]"
699,7,"[14, 24, 38, 39, 44, 47]",6,2.3280516285449266,0.17091141641139984,16.671402033185586,"[15239692, 15339692, 15139692, 15039692, 15739692, 15639692, 15539692, 15439692, 15939692, 15839692]","[39, 39, 39, 39, 39, 39, 39, 39, 39, 39]"
700,7,"[10, 11, 14, 24, 28, 39, 41]",7,2.6918676178902388,0.1843436947092414,14.307345601264387,"[15778330, 15378330, 15578330, 15478330, 15278330, 15878330, 15178330, 15078330, 15978330, 15678330]","[39, 39, 39, 39, 39, 39, 39, 39, 39, 39]"
701,7,"[0, 4, 14, 25, 36, 38, 46]",7,2.7616489958018064,0.18618920724838972,15.800128835586033,"[15917403, 15817403, 15617403, 15717403, 15117403, 15017403, 15217403, 15317403, 15417403, 15517403]","[36, 36, 36, 36, 36, 36, 36, 36, 36, 36]"
702,7,"[11, 19, 28, 35, 45, 46]",6,2.355883332900703,0.16455952171236277,20.044533317132544,"[15627618, 15727618, 15427618, 15527618, 15327618, 15227618, 15827618, 15927618, 15027618, 15127618]","[45, 45, 45, 45, 45, 45, 45, 45, 45, 45]"
703,7,"[1, 14, 22, 33, 36, 45, 46]",7,2.7782480223104358,0.18659009505063295,16.036137386956916,"[15245940, 15345940, 15445940, 15545940, 15145940, 15045940, 15745940, 15645940, 15945940, 15845940]","[22, 22, 22, 22, 22, 22, 22, 22, 22, 22]"
704,7,"[2, 7, 11, 15, 22, 32, 43]",7,2.7744773495942354,0.19792826380580664,14.346820833494089,"[15541941, 15441941, 15841941, 15941941, 15641941, 15741941, 15341941, 15241941, 15041941, 15141941]","[7, 7, 7, 7, 7, 7, 7, 7, 7, 7]"
705,7,"[0, 11, 24, 28, 37, 39, 43]",7,2.699363167397678,0.19207533448934555,15.114251076376863,"[15672947, 15772947, 15472947, 15572947, 15372947, 15272947, 15072947, 15172947, 15872947, 15972947]","[28, 28, 28, 28, 28, 28, 28, 28, 28, 28]"
706,7,"[11, 24, 28, 36, 39, 42, 43]",7,2.821464412845671,0.20681478455662727,16.403616461636766,"[15017042, 15717042, 15617042, 15517042, 15117042, 15817042, 15917042, 15417042, 15317042, 15217042]","[28, 28, 28, 28, 28, 28, 28, 28, 28, 28]"
707,7,"[21, 24, 25, 34, 39, 40, 43]",7,2.7723918221890926,0.19140887912362814,15.89689035021833,"[15222538, 15322538, 15122538, 15022538, 15622538, 15722538, 15422538, 15522538, 15822538, 15922538]","[25, 25, 25, 25, 25, 25, 25, 25, 25, 25]"
708,7,"[7, 11, 21, 31, 38, 46]",6,2.372669957578182,0.16712622344493866,15.482139630708843,"[15364364, 15264364, 15664364, 15764364, 15564364, 15464364, 15064364, 15164364, 15864364, 15964364]","[46, 46, 46, 46, 46, 46, 46, 46, 46, 46]"
709,7,"[1, 5, 7, 11, 21, 31]",6,2.428579702973366,0.16677802707999945,13.598002842782686,"[15251195, 15351195, 15551195, 15451195, 15951195, 15851195, 15151195, 15051195, 15651195, 15751195]","[31, 31, 31, 31, 31, 31, 31, 31, 31, 31]"
710,7,"[8, 11, 30, 33, 42, 43, 46]",7,2.730901638045907,0.19441853184252977,15.505456370767206,"[15828324, 15928324, 15428324, 15528324, 15628324, 15728324, 15228324, 15328324, 15128324, 15028324]","[42, 42, 42, 42, 42, 42, 42, 42, 42, 42]"
711,7,"[0, 11, 15, 37, 43, 46]",6,2.262444132938981,0.1571586662903428,15.764115007594228,"[15318441, 15218441, 15118441, 15018441, 15418441, 15518441, 15618441, 15718441, 15918441, 15818441]","[43, 43, 43, 43, 43, 43, 43, 43, 43, 43]"
712,7,"[3, 11, 14, 28, 42, 46]",6,2.3710547275841236,0.16861656960099936,15.195754347989956,"[15104257, 15004257, 15704257, 15604257, 15504257, 15404257, 15904257, 15804257, 15304257, 15204257]","[3, 3, 3, 3, 3, 3, 3, 3, 3, 3]"
713,7,"[11, 14, 36, 43, 44, 46]",6,2.3476869836449623,0.16411702893674374,16.781028794124722,"[15638341, 15738341, 15438341, 15538341, 15338341, 15238341, 15838341, 15938341, 15038341, 15138341]","[44, 44, 44, 44, 44, 44, 44, 44, 44, 44]"
714,7,"[6, 11, 14, 15, 31, 37, 47]",7,19.228233704343438,0.17588156461715698,13.91393325358097,"[15187310, 15087310, 15787310, 15687310, 15587310, 15487310, 15287310, 15387310, 15887310, 15987310]","[6, 6, 6, 6, 6, 6, 6, 6, 6, 6]"
715,7,"[4, 11, 27, 28, 33, 43, 44]",7,2.724249504506588,0.1884287567809224,14.639704156267856,"[15576185, 15476185, 15076185, 15176185, 15376185, 15276185, 15876185, 15976185, 15676185, 15776185]","[28, 28, 28, 28, 28, 28, 28, 28, 28, 28]"
716,7,"[5, 7, 11, 17, 30, 43, 44]",7,2.8108024606481194,0.19510067906230688,15.320182329509407,"[15031061, 15131061, 15431061, 15531061, 15931061, 15831061, 15331061, 15231061, 15631061, 15731061]","[43, 43, 43, 43, 43, 43, 43, 43, 43, 43]"
717,7,"[9, 14, 21, 25, 33, 35, 42]",7,2.739566166885197,0.20054874569177628,17.685235485035395,"[15465069, 15565069, 15365069, 15265069, 15765069, 15665069, 15865069, 15965069, 15065069, 15165069]","[35, 35, 35, 35, 35, 35, 35, 35, 35, 35]"
718,7,"[4, 11, 17, 19, 22, 43]",6,2.30708347260952,0.16426843777298927,14.5142803779648,"[15184772, 15084772, 15884772, 15984772, 15484772, 15584772, 15384772, 15284772, 15684772, 15784772]","[19, 19, 19, 19, 19, 19, 19, 19, 19, 19]"
719,7,"[0, 8, 10, 11, 14, 46]",6,2.242077619768679,0.15744152199476957,13.717834309131527,"[15213930, 15313930, 15413930, 15513930, 15613930, 15713930, 15813930, 15913930, 15013930, 15113930]","[14, 14, 14, 14, 14, 14, 14, 14, 14, 14]"
720,7,"[14, 16, 22, 41, 42, 44]",6,2.2835799865424633,0.16332033835351467,15.69282845663838,"[15882286, 15982286, 15582286, 15482286, 15682286, 15782286, 15182286, 15082286, 15382286, 15282286]","[44, 44, 44, 44, 44, 44, 44, 44, 44, 44]"
721,7,"[1, 11, 17, 22, 23, 46, 47]",7,2.7438573855906725,0.1944338222965598,15.351819198179458,"[15611502, 15711502, 15411502, 15511502, 15311502, 15211502, 15111502, 15011502, 15811502, 15911502]","[1, 1, 1, 1, 1, 1, 1, 1, 1, 1]"
722,7,"[3, 7, 17, 21, 36, 46]",6,2.438148370012641,0.17028656788170338,15.879412606203308,"[15562093, 15462093, 15962093, 15862093, 15162093, 15062093, 15662093, 15762093, 15262093, 15362093]","[17, 17, 17, 17, 17, 17, 17, 17, 17, 17]"
723,7,"[1, 11, 36, 43, 44, 46, 47]",7,2.8019659593701363,0.19763629883527756,17.24280463039343,"[15111511, 15811511, 15211511, 15911511, 15011511, 15511511, 15611511, 15711511, 15411511, 15311511]","[43, 43, 43, 43, 43, 43, 43, 43, 43, 43]"
724,7,"[0, 7, 10, 21, 31, 42, 47]",7,2.745721268467605,0.19380192831158638,14.418899514113686,"[15635027, 15735027, 15435027, 15535027, 15335027, 15235027, 15935027, 15835027, 15135027, 15035027]","[0, 0, 0, 0, 0, 0, 0, 0, 0, 0]"
725,7,"[7, 8, 17, 28, 37, 43, 46]",7,2.810730002820492,0.1953148366883397,16.14739670704252,"[15711258, 15611258, 15411258, 15511258, 15311258, 15211258, 15011258, 15111258, 15911258, 15811258]","[37, 37, 37, 37, 37, 37, 37, 37, 37, 37]"
726,7,"[2, 12, 14, 21, 37, 39]",6,2.3034934801980853,0.16308759059756994,14.58225743449293,"[15111258, 15011258, 15211258, 15311258, 15511258, 15411258, 15711258, 15611258, 15911258, 15811258]","[37, 37, 37, 37, 37, 37, 37, 37, 37, 37]"
727,7,"[10, 11, 17, 31, 37, 42]",6,2.2749041002243757,0.1555789289996028,14.218164898144702,"[15695573, 15795573, 15495573, 15595573, 15395573, 15295573, 15895573, 15995573, 15095573, 15195573]","[37, 37, 37, 37, 37, 37, 37, 37, 37, 37]"
728,7,"[8, 22, 42, 44, 46]",5,1.9822085900232196,0.13857319857925177,16.546005709748716,"[15992873, 15892873, 15792873, 15692873, 15092873, 15192873, 15392873, 15292873, 15492873, 15592873]","[42, 42, 42, 42, 42, 42, 42, 42, 42, 42]"
729,7,"[7, 11, 22, 25, 39, 46]",6,2.3622921258211136,0.16594768408685923,15.230435447224105,"[15226085, 15326085, 15526085, 15426085, 15926085, 15826085, 15126085, 15026085, 15626085, 15726085]","[46, 46, 46, 46, 46, 46, 46, 46, 46, 46]"
730,7,"[8, 14, 16, 37, 42, 43, 44]",7,2.63456164393574,0.17938528023660183,15.93481537360432,"[15138341, 15038341, 15838341, 15938341, 15438341, 15538341, 15638341, 15738341, 15238341, 15338341]","[44, 44, 44, 44, 44, 44, 44, 44, 44, 44]"
731,7,"[1, 11, 16, 17, 31, 39, 47]",7,2.654655517078936,0.18779727071523666,14.920613503549248,"[15611502, 15711502, 15411502, 15511502, 15311502, 15211502, 15111502, 15011502, 15811502, 15911502]","[1, 1, 1, 1, 1, 1, 1, 1, 1, 1]"
732,7,"[20, 38, 41, 42, 43, 45, 46]",7,2.770565112121403,0.19468913599848747,18.100184868555516,"[15175381, 15075381, 15675381, 15775381, 15475381, 15575381, 15275381, 15375381, 15875381, 15975381]","[45, 45, 45, 45, 45, 45, 45, 45, 45, 45]"
733,7,"[17, 24, 36, 42, 46]",5,2.0237172786146402,0.13800715934485197,16.995374174881725,"[15134256, 15034256, 15734256, 15634256, 15534256, 15434256, 15934256, 15834256, 15334256, 15234256]","[17, 17, 17, 17, 17, 17, 17, 17, 17, 17]"
734,7,"[4, 8, 15, 17, 21, 46]",6,2.330500136129558,0.16625720262527466,15.067702623084188,"[15353750, 15253750, 15053750, 15153750, 15653750, 15753750, 15953750, 15853750, 15453750, 15553750]","[15, 15, 15, 15, 15, 15, 15, 15, 15, 15]"
735,7,"[0, 1, 2, 41, 42, 43]",6,2.4218357736244798,0.1727380584925413,15.682320416904986,"[15231061, 15331061, 15531061, 15431061, 15931061, 15831061, 15131061, 15031061, 15631061, 15731061]","[43, 43, 43, 43, 43, 43, 43, 43, 43, 43]"
736,7,"[11, 15, 17, 21, 38, 47]",6,2.3575144270434976,0.1656232737004757,16.077777778962627,"[15888862, 15988862, 15488862, 15588862, 15088862, 15188862, 15688862, 15788862, 15388862, 15288862]","[47, 47, 47, 47, 47, 47, 47, 47, 47, 47]"
737,7,"[2, 5, 11, 17, 25, 36, 46]",7,2.880569982342422,0.19598822016268969,15.650742052056428,"[15129815, 15029815, 15729815, 15629815, 15529815, 15429815, 15829815, 15929815, 15229815, 15329815]","[2, 2, 2, 2, 2, 2, 2, 2, 2, 2]"
738,7,"[6, 11, 15, 19, 21, 22, 43]",7,2.709192465059459,0.1857197992503643,14.374486512371472,"[15580342, 15380342, 15280342, 15080342, 15680342, 15980342, 15880342, 15180342, 15480342, 15780342]","[21, 21, 21, 21, 21, 21, 21, 21, 21, 21]"
739,7,"[11, 19, 21, 28, 46]",5,1.9579370003193617,0.1317274747416377,14.984716780669988,"[15371814, 15271814, 15171814, 15071814, 15471814, 15571814, 15671814, 15771814, 15971814, 15871814]","[46, 46, 46, 46, 46, 46, 46, 46, 46, 46]"
740,7,"[7, 17, 24, 37, 39, 42, 43]",7,2.7614049445837736,0.20176332164555788,16.070183326689794,"[15470621, 15570621, 15870621, 15970621, 15770621, 15670621, 15170621, 15070621, 15370621, 15270621]","[17, 17, 17, 17, 17, 17, 17, 17, 17, 17]"
741,7,"[10, 11, 17, 36, 39, 46, 47]",7,2.7393052000552416,0.18867988884449005,16.332549407080347,"[15555115, 15455115, 15855115, 15955115, 15255115, 15355115, 15755115, 15655115, 15155115, 15055115]","[11, 11, 11, 11, 11, 11, 11, 11, 11, 11]"
742,7,"[11, 20, 24, 39, 46, 47]",6,2.2879022751003504,0.15556127112358809,15.681348711562654,"[15227210, 15327210, 15427210, 15527210, 15627210, 15727210, 15027210, 15127210, 15827210, 15927210]","[11, 11, 11, 11, 11, 11, 11, 11, 11, 11]"
743,7,"[1, 11, 33, 38, 43]",5,1.9965047845616937,0.13667725399136543,16.036603346373887,"[15129844, 15029844, 15829844, 15929844, 15429844, 15529844, 15329844, 15229844, 15629844, 15729844]","[38, 38, 38, 38, 38, 38, 38, 38, 38, 38]"
744,7,"[24, 42, 43, 44, 46]",5,1.9924606010317802,0.14096801076084375,17.652760279085488,"[15157756, 15057756, 15257756, 15357756, 15557756, 15457756, 15757756, 15657756, 15957756, 15857756]","[46, 46, 46, 46, 46, 46, 46, 46, 46, 46]"
745,7,"[11, 12, 14, 21, 27, 43, 46]",7,2.6568937646225095,0.18415904976427555,14.72863571911252,"[15809533, 15909533, 15609533, 15709533, 15209533, 15309533, 15509533, 15409533, 15109533, 15009533]","[21, 21, 21, 21, 21, 21, 21, 21, 21, 21]"
746,7,"[11, 17, 30, 39, 41, 44]",6,2.2947515370324254,0.15998067799955606,15.275560991993794,"[15807710, 15907710, 15507710, 15407710, 15307710, 15207710, 15707710, 15607710, 15107710, 15007710]","[44, 44, 44, 44, 44, 44, 44, 44, 44, 44]"
747,7,"[10, 11, 12, 17, 31, 38, 47]",7,2.7162885442376137,0.19360710214823484,15.045059237695698,"[15154264, 15054264, 15254264, 15354264, 15554264, 15454264, 15754264, 15654264, 15954264, 15854264]","[10, 10, 10, 10, 10, 10, 10, 10, 10, 10]"
748,7,"[6, 10, 14, 17, 20, 28, 39]",7,2.7308476492762566,0.1850323984399438,14.122001314003553,"[15038074, 15138074, 15338074, 15238074, 15938074, 15838074, 15638074, 15738074, 15438074, 15538074]","[10, 10, 10, 10, 10, 10, 10, 10, 10, 10]"
749,7,"[16, 17, 36, 39, 42]",5,1.961276400834322,0.14335778262466192,16.894889128487556,"[15146594, 15046594, 15246594, 15346594, 15546594, 15446594, 15746594, 15646594, 15946594, 15846594]","[42, 42, 42, 42, 42, 42, 42, 42, 42, 42]"
750,7,"[7, 8, 11, 17, 36, 41, 43]",7,2.795237010344863,0.19084964506328106,15.572331701804485,"[15921812, 15821812, 15321812, 15221812, 15121812, 15021812, 15721812, 15621812, 15521812, 15421812]","[36, 36, 36, 36, 36, 36, 36, 36, 36, 36]"
751,7,"[0, 8, 14, 21, 27, 43]",6,2.262367643415928,0.16349813248962164,13.73280224770618,"[15713735, 15613735, 15513735, 15413735, 15013735, 15113735, 15813735, 15913735, 15213735, 15313735]","[27, 27, 27, 27, 27, 27, 27, 27, 27, 27]"
752,7,"[1, 11, 17, 19, 38, 39, 41]",7,2.7108207745477557,0.199934596195817,15.520422095033739,"[15982683, 15882683, 15182683, 15382683, 15282683, 15082683, 15582683, 15682683, 15782683, 15482683]","[41, 41, 41, 41, 41, 41, 41, 41, 41, 41]"
753,7,"[5, 11, 42, 43, 46, 47]",6,2.4229681519791484,0.16997604258358479,17.099525889148936,"[15763517, 15663517, 15363517, 15263517, 15563517, 15463517, 15063517, 15163517, 15863517, 15963517]","[47, 47, 47, 47, 47, 47, 47, 47, 47, 47]"
754,7,"[1, 11, 14, 15, 24, 28, 31]",7,2.730825249105692,0.18985891621559858,13.669603325559624,"[15247739, 15347739, 15047739, 15147739, 15847739, 15947739, 15547739, 15447739, 15647739, 15747739]","[31, 31, 31, 31, 31, 31, 31, 31, 31, 31]"
755,7,"[11, 31, 36, 39, 43, 47, 48]",7,2.777102928608656,0.1910815117880702,14.609009219599622,"[15218839, 15918839, 15818839, 15718839, 15618839, 15518839, 15418839, 15318839, 15018839, 15118839]","[36, 36, 36, 36, 36, 36, 36, 36, 36, 36]"
756,7,"[5, 11, 17, 24, 39, 46, 47]",7,2.7698221346363425,0.1933648567646742,15.875847573857754,"[15167885, 15067885, 15367885, 15267885, 15967885, 15867885, 15567885, 15467885, 15667885, 15767885]","[17, 17, 17, 17, 17, 17, 17, 17, 17, 17]"
757,7,"[7, 11, 17, 43, 44, 46]",6,2.3848450053483248,0.1699598077684641,16.434930780592065,"[15857756, 15957756, 15557756, 15457756, 15657756, 15757756, 15357756, 15257756, 15157756, 15057756]","[46, 46, 46, 46, 46, 46, 46, 46, 46, 46]"
758,7,"[7, 11, 17, 30, 46, 47]",6,2.3543965090066195,0.1619388647377491,15.432662856609872,"[15831314, 15931314, 15431314, 15531314, 15331314, 15231314, 15031314, 15131314, 15731314, 15631314]","[11, 11, 11, 11, 11, 11, 11, 11, 11, 11]"
759,7,"[0, 7, 15, 17, 34, 42, 43]",7,2.791695320047438,0.20452824048697948,15.813846415573996,"[15654604, 15754604, 15854604, 15454604, 15354604, 15254604, 15054604, 15154604, 15554604, 15954604]","[43, 43, 43, 43, 43, 43, 43, 43, 43, 43]"
760,7,"[0, 8, 10, 21, 24, 37, 46]",7,2.6576774986460805,0.18800973426550627,14.395680846313812,"[15349957, 15249957, 15849957, 15949957, 15549957, 15449957, 15049957, 15149957, 15649957, 15749957]","[8, 8, 8, 8, 8, 8, 8, 8, 8, 8]"
761,7,"[10, 11, 21, 42, 43]",5,1.963299572467804,0.1398698752745986,15.315541618783026,"[15011511, 15111511, 15411511, 15511511, 15911511, 15811511, 15211511, 15311511, 15711511, 15611511]","[43, 43, 43, 43, 43, 43, 43, 43, 43, 43]"
762,7,"[1, 11, 14, 43, 46]",5,1.952651129104197,0.13534774724394083,15.640099666453898,"[15121235, 15021235, 15221235, 15321235, 15521235, 15421235, 15921235, 15821235, 15721235, 15621235]","[1, 1, 1, 1, 1, 1, 1, 1, 1, 1]"
763,7,"[1, 11, 14, 17, 32, 39, 42]",7,2.6976702800020576,0.1886517247185111,14.139094259989049,"[15281794, 15181794, 15081794, 15681794, 15581794, 15981794, 15881794, 15781794, 15381794, 15481794]","[32, 32, 32, 32, 32, 32, 32, 32, 32, 32]"
764,7,"[8, 14, 19, 28, 43, 44, 46]",7,2.7563844304531813,0.18595063779503107,15.921060279943049,"[15469907, 15569907, 15969907, 15869907, 15169907, 15069907, 15269907, 15369907, 15669907, 15769907]","[28, 28, 28, 28, 28, 28, 28, 28, 28, 28]"
765,7,"[4, 11, 17, 30, 35, 39, 43]",7,2.713685242459178,0.19461624883115292,18.620663548021444,"[15781704, 15681704, 15581704, 15481704, 15081704, 15181704, 15381704, 15281704, 15881704, 15981704]","[4, 4, 4, 4, 4, 4, 4, 4, 4, 4]"
766,7,"[2, 11, 17, 24, 27, 46]",6,2.328360808081925,0.1636213669553399,14.34750053488339,"[15666295, 15766295, 15466295, 15566295, 15366295, 15266295, 15066295, 15166295, 15866295, 15966295]","[2, 2, 2, 2, 2, 2, 2, 2, 2, 2]"
767,7,"[5, 11, 14, 17, 31, 42, 47]",7,2.76220837328583,0.19255846366286278,14.692988915967621,"[15175073, 15075073, 15275073, 15375073, 15575073, 15475073, 15875073, 15975073, 15675073, 15775073]","[5, 5, 5, 5, 5, 5, 5, 5, 5, 5]"
768,7,"[17, 20, 27, 32, 37, 43, 44]",7,2.650176857598126,0.1817097831517458,14.681171242679868,"[15011258, 15111258, 15811258, 15911258, 15511258, 15411258, 15711258, 15611258, 15211258, 15311258]","[37, 37, 37, 37, 37, 37, 37, 37, 37, 37]"
769,7,"[11, 21, 23, 37, 41, 42, 46]",7,2.6765598906204104,0.1844614753499627,15.503675294707396,"[15108519, 15008519, 15208519, 15308519, 15508519, 15408519, 15808519, 15908519, 15708519, 15608519]","[21, 21, 21, 21, 21, 21, 21, 21, 21, 21]"
770,7,"[5, 11, 21, 28, 30, 39, 46]",7,2.8055098187178373,0.19416753947734833,15.364121057359236,"[15609074, 15709074, 15409074, 15509074, 15309074, 15209074, 15909074, 15809074, 15109074, 15009074]","[5, 5, 5, 5, 5, 5, 5, 5, 5, 5]"
771,7,"[5, 8, 11, 17, 42, 43]",6,2.4235865706577897,0.1700734021142125,15.480203276655326,"[15128324, 15028324, 15728324, 15628324, 15528324, 15428324, 15328324, 15228324, 15928324, 15828324]","[42, 42, 42, 42, 42, 42, 42, 42, 42, 42]"
772,7,"[17, 24, 41, 44, 45, 46]",6,2.3228404130786657,0.16416191589087248,16.930213033687323,"[15134924, 15034924, 15234924, 15334924, 15534924, 15434924, 15934924, 15834924, 15734924, 15634924]","[17, 17, 17, 17, 17, 17, 17, 17, 17, 17]"
773,7,"[2, 11, 17, 42, 43, 46]",6,2.418296430259943,0.17066174559295177,16.48294178155872,"[15081200, 15181200, 15481200, 15581200, 15981200, 15881200, 15781200, 15681200, 15281200, 15381200]","[2, 2, 2, 2, 2, 2, 2, 2, 2, 2]"
774,7,"[5, 11, 17, 24, 25, 30]",6,2.3875587061047554,0.16558031179010868,13.855393937944124,"[15033642, 15133642, 15433642, 15533642, 15933642, 15833642, 15733642, 15633642, 15233642, 15333642]","[5, 5, 5, 5, 5, 5, 5, 5, 5, 5]"
775,7,"[2, 7, 38, 39, 42, 46]",6,2.4695063196122646,0.17088530864566565,17.303924451814964,"[15547014, 15447014, 15947014, 15847014, 15147014, 15047014, 15247014, 15347014, 15747014, 15647014]","[38, 38, 38, 38, 38, 38, 38, 38, 38, 38]"
776,7,"[8, 11, 14, 39, 42, 46, 47]",7,2.6719700125977397,0.18922883551567793,15.75895525022809,"[15779703, 15379703, 15579703, 15479703, 15279703, 15879703, 15179703, 15079703, 15979703, 15679703]","[11, 11, 11, 11, 11, 11, 11, 11, 11, 11]"
777,7,"[0, 6, 11, 17, 31, 39, 46]",7,2.6682014437392354,0.18469904456287622,14.264614644859519,"[15318767, 15218767, 15118767, 15018767, 15418767, 15518767, 15918767, 15818767, 15618767, 15718767]","[0, 0, 0, 0, 0, 0, 0, 0, 0, 0]"
778,7,"[0, 1, 11, 15, 41, 42, 46]",7,2.7279967991635203,0.19019922893494368,15.353641357605479,"[15732527, 15632527, 15232527, 15332527, 15132527, 15032527, 15432527, 15532527, 15832527, 15932527]","[41, 41, 41, 41, 41, 41, 41, 41, 41, 41]"
779,7,"[3, 7, 11, 24, 27, 28, 46]",7,2.755893712863326,0.19788554217666388,14.21440442385418,"[15681089, 15781089, 15581089, 15481089, 15281089, 15381089, 15881089, 15981089, 15081089, 15181089]","[28, 28, 28, 28, 28, 28, 28, 28, 28, 28]"
780,7,"[7, 11, 15, 17, 24, 46]",6,2.3389194887131453,0.16985414549708366,15.024193968623877,"[15824286, 15924286, 15524286, 15424286, 15624286, 15724286, 15324286, 15224286, 15124286, 15024286]","[46, 46, 46, 46, 46, 46, 46, 46, 46, 46]"
781,7,"[0, 5, 11, 25, 43, 47]",6,2.387421033345163,0.1645981715992093,15.196118066863468,"[15727800, 15627800, 15427800, 15527800, 15127800, 15027800, 15827800, 15927800, 15227800, 15327800]","[5, 5, 5, 5, 5, 5, 5, 5, 5, 5]"
782,7,"[2, 3, 8, 11, 17, 36, 39]",7,2.782899521291256,0.19482589792460203,14.859141588477152,"[15145487, 15045487, 15245487, 15345487, 15845487, 15945487, 15445487, 15545487, 15645487, 15745487]","[8, 8, 8, 8, 8, 8, 8, 8, 8, 8]"
783,7,"[0, 9, 12, 15, 16, 31, 36]",7,2.6316746762022376,0.19602426514029503,14.257317652593233,"[15569300, 15469300, 15069300, 15169300, 15769300, 15669300, 15269300, 15369300, 15969300, 15869300]","[9, 9, 9, 9, 9, 9, 9, 9, 9, 9]"
784,7,"[11, 17, 21, 36, 42, 44, 46]",7,2.7912117801606655,0.19652046263217926,16.53552313202194,"[15191904, 15091904, 15291904, 15391904, 15591904, 15491904, 15691904, 15791904, 15891904, 15991904]","[11, 11, 11, 11, 11, 11, 11, 11, 11, 11]"
785,7,"[11, 13, 17, 36, 41, 42, 46]",7,2.7496987842023373,0.19430665858089924,16.136991108235502,"[15020017, 15120017, 15420017, 15520017, 15720017, 15620017, 15320017, 15220017, 15820017, 15920017]","[36, 36, 36, 36, 36, 36, 36, 36, 36, 36]"
786,7,"[9, 11, 14, 17, 20, 31, 44]",7,2.631512396968901,0.18667829502373934,13.576513843145221,"[15783642, 15683642, 15083642, 15583642, 15483642, 15183642, 15983642, 15383642, 15283642, 15883642]","[44, 44, 44, 44, 44, 44, 44, 44, 44, 44]"
787,7,"[14, 22, 28, 43, 46]",5,2.0330932633951306,0.13794029038399458,16.476472873520105,"[15755977, 15655977, 15455977, 15555977, 15155977, 15055977, 15855977, 15955977, 15255977, 15355977]","[22, 22, 22, 22, 22, 22, 22, 22, 22, 22]"
788,7,"[1, 7, 11, 22, 36, 38, 39]",7,2.8405633410438895,0.1995272608473897,15.974630708340555,"[15761150, 15661150, 15261150, 15361150, 15061150, 15161150, 15461150, 15561150, 15961150, 15861150]","[36, 36, 36, 36, 36, 36, 36, 36, 36, 36]"
789,7,"[1, 10, 11, 17, 28, 36, 42]",7,2.8516349587589502,0.1994172427803278,15.301197332463094,"[15216724, 15316724, 15816724, 15916724, 15416724, 15516724, 15616724, 15716724, 15016724, 15116724]","[11, 11, 11, 11, 11, 11, 11, 11, 11, 11]"
790,7,"[11, 17, 27, 32, 39, 46]",6,2.2400706484913826,0.1585284871980548,14.236417135068526,"[15179703, 15079703, 15279703, 15379703, 15579703, 15479703, 15979703, 15879703, 15779703, 15679703]","[11, 11, 11, 11, 11, 11, 11, 11, 11, 11]"
791,7,"[11, 28, 31, 43, 44, 46, 47]",7,2.795776109211147,0.18698598723858595,16.494484793660895,"[15071773, 15171773, 15471773, 15571773, 15971773, 15871773, 15271773, 15371773, 15771773, 15671773]","[11, 11, 11, 11, 11, 11, 11, 11, 11, 11]"
792,7,"[11, 24, 27, 43, 44, 46]",6,2.2952575031667948,0.162652469240129,15.63571539016751,"[15185761, 15085761, 15285761, 15385761, 15585761, 15485761, 15785761, 15685761, 15985761, 15885761]","[44, 44, 44, 44, 44, 44, 44, 44, 44, 44]"
793,7,"[0, 5, 14, 17, 31, 38]",6,2.3788343872874975,0.168465924449265,14.636612578683222,"[15232591, 15332591, 15432591, 15532591, 15132591, 15032591, 15832591, 15932591, 15632591, 15732591]","[5, 5, 5, 5, 5, 5, 5, 5, 5, 5]"
794,7,"[10, 11, 17, 32, 43, 46, 47]",7,2.71910791285336,0.18514834810048342,15.444437772833876,"[15362093, 15262093, 15062093, 15162093, 15562093, 15462093, 15962093, 15862093, 15762093, 15662093]","[17, 17, 17, 17, 17, 17, 17, 17, 17, 17]"
795,7,"[0, 1, 14, 17, 21, 24, 42]",7,2.7319530537351966,0.20049028377979994,14.190546693879046,"[15346954, 15646954, 15546954, 15446954, 15746954, 15846954, 15146954, 15046954, 15946954, 15246954]","[24, 24, 24, 24, 24, 24, 24, 24, 24, 24]"
796,7,"[1, 7, 11, 28, 31, 33, 39]",7,2.799172886647284,0.19175090920180082,14.069813403300941,"[15730833, 15630833, 15930833, 15830833, 15030833, 15130833, 15430833, 15530833, 15330833, 15230833]","[33, 33, 33, 33, 33, 33, 33, 33, 33, 33]"
797,7,"[0, 6, 8, 17, 23, 39, 46]",7,2.6807263968512416,0.1888496782630682,14.579927499139947,"[15548016, 15448016, 15948016, 15848016, 15148016, 15048016, 15248016, 15348016, 15748016, 15648016]","[17, 17, 17, 17, 17, 17, 17, 17, 17, 17]"
798,7,"[0, 3, 5, 11, 17, 41, 42]",7,2.7558405213057995,0.1890385616570711,14.517041122141693,"[15590464, 15490464, 15090464, 15190464, 15790464, 15690464, 15990464, 15890464, 15290464, 15390464]","[3, 3, 3, 3, 3, 3, 3, 3, 3, 3]"
799,7,"[1, 5, 11, 30, 37, 42, 46]",7,2.7692310456186533,0.18969091307371855,15.362408725478288,"[15011258, 15111258, 15811258, 15911258, 15511258, 15411258, 15311258, 15211258, 15711258, 15611258]","[37, 37, 37, 37, 37, 37, 37, 37, 37, 37]"
800,7,"[21, 24, 31, 32, 36, 42]",6,2.3602503212168813,0.17062086705118418,14.356478152951846,"[15262929, 15362929, 15162929, 15062929, 15762929, 15662929, 15562929, 15462929, 15962929, 15862929]","[32, 32, 32, 32, 32, 32, 32, 32, 32, 32]"
801,7,"[5, 7, 17, 39, 42, 44]",6,2.4527814043685794,0.18361148331314325,16.165190058061853,"[15763372, 15663372, 15363372, 15263372, 15163372, 15063372, 15463372, 15563372, 15963372, 15863372]","[39, 39, 39, 39, 39, 39, 39, 39, 39, 39]"
802,7,"[11, 17, 24, 27, 28, 42, 43]",7,2.766035162843764,0.19395482633262873,15.028329063672572,"[15616724, 15716724, 15416724, 15516724, 15316724, 15216724, 15816724, 15916724, 15016724, 15116724]","[11, 11, 11, 11, 11, 11, 11, 11, 11, 11]"
803,7,"[0, 2, 17, 21, 42, 46]",6,2.410369897261262,0.16265739314258099,15.564839492474372,"[15768412, 15668412, 15568412, 15468412, 15068412, 15168412, 15868412, 15968412, 15268412, 15368412]","[42, 42, 42, 42, 42, 42, 42, 42, 42, 42]"
804,7,"[8, 11, 28, 31, 45, 46]",6,2.3280785102397203,0.15727020148187876,15.319163163891062,"[15368365, 15268365, 15068365, 15168365, 15468365, 15568365, 15968365, 15868365, 15768365, 15668365]","[31, 31, 31, 31, 31, 31, 31, 31, 31, 31]"
805,7,"[4, 14, 16, 21, 31, 43]",6,2.2660936741158366,0.1628629844635725,14.393812093185261,"[15388712, 15288712, 15688712, 15788712, 15588712, 15488712, 15088712, 15188712, 15888712, 15988712]","[43, 43, 43, 43, 43, 43, 43, 43, 43, 43]"
806,7,"[11, 17, 36, 41, 42, 44, 46]",7,2.7671832256019115,0.19785053469240665,16.80393524940259,"[15255231, 15355231, 15455231, 15555231, 15155231, 15055231, 15655231, 15755231, 15855231, 15955231]","[36, 36, 36, 36, 36, 36, 36, 36, 36, 36]"
807,7,"[4, 14, 19, 21, 44, 46]",6,2.2707112887874246,0.16299253422766924,14.945866310813775,"[15946749, 15846749, 15246749, 15346749, 15446749, 15546749, 15046749, 15146749, 15646749, 15746749]","[44, 44, 44, 44, 44, 44, 44, 44, 44, 44]"
808,7,"[8, 11, 14, 30, 31, 39]",6,2.2333988063037395,0.15431750379502773,13.287861500711491,"[15853127, 15953127, 15553127, 15453127, 15353127, 15253127, 15753127, 15653127, 15153127, 15053127]","[39, 39, 39, 39, 39, 39, 39, 39, 39, 39]"
809,7,"[2, 3, 15, 22, 27, 43, 44]",7,2.766307863406837,0.19029245804995298,15.17829079553485,"[15783000, 15683000, 15883000, 15583000, 15083000, 15183000, 15283000, 15383000, 15483000, 15983000]","[44, 44, 44, 44, 44, 44, 44, 44, 44, 44]"
810,7,"[2, 8, 31, 42, 43, 46]",6,2.414352295920253,0.17096695210784674,16.04624873904201,"[15620702, 15720702, 15420702, 15520702, 15320702, 15220702, 15820702, 15920702, 15020702, 15120702]","[43, 43, 43, 43, 43, 43, 43, 43, 43, 43]"
811,7,"[8, 11, 28, 42, 44, 46, 47]",7,2.776509807445109,0.19423504639416933,16.369209621899895,"[15712732, 15612732, 15312732, 15212732, 15912732, 15812732, 15412732, 15512732, 15112732, 15012732]","[8, 8, 8, 8, 8, 8, 8, 8, 8, 8]"
812,7,"[0, 1, 4, 11, 28, 46, 47]",7,2.7500711856409907,0.19257789012044668,15.005150730255991,"[15357756, 15257756, 15157756, 15057756, 15957756, 15857756, 15757756, 15657756, 15557756, 15457756]","[46, 46, 46, 46, 46, 46, 46, 46, 46, 46]"
813,7,"[0, 1, 27, 28, 43, 46]",6,2.3920206082984805,0.1657307045534253,15.446769740742942,"[15786993, 15686993, 15886993, 15986993, 15386993, 15286993, 15186993, 15086993, 15586993, 15486993]","[28, 28, 28, 28, 28, 28, 28, 28, 28, 28]"
814,7,"[1, 3, 14, 20, 38, 39]",6,2.3417715867981315,0.17188255209475756,15.224215082203349,"[15238444, 15338444, 15538444, 15438444, 15938444, 15838444, 15138444, 15038444, 15638444, 15738444]","[39, 39, 39, 39, 39, 39, 39, 39, 39, 39]"
815,7,"[0, 17, 27, 29, 35, 38, 44]",7,2.726354720070958,0.1964292386546731,17.984008294995874,"[15239037, 15339037, 15839037, 15939037, 15539037, 15439037, 15039037, 15139037, 15739037, 15639037]","[44, 44, 44, 44, 44, 44, 44, 44, 44, 44]"
816,7,"[6, 21, 26, 30, 35, 46, 47]",7,2.7357437070459127,0.18247825931757689,18.236580269810343,"[15150980, 15050980, 15250980, 15350980, 15550980, 15450980, 15850980, 15950980, 15650980, 15750980]","[6, 6, 6, 6, 6, 6, 6, 6, 6, 6]"
817,7,"[5, 10, 21, 30, 31, 36, 39]",7,2.8006389616057277,0.1951605472713709,14.760703228480581,"[15554264, 15454264, 15854264, 15954264, 15254264, 15354264, 15054264, 15154264, 15654264, 15754264]","[10, 10, 10, 10, 10, 10, 10, 10, 10, 10]"
818,7,"[14, 17, 32, 38, 42, 47]",6,2.3511444618925452,0.1611868543550372,15.789867828444889,"[15332398, 15232398, 15632398, 15732398, 15532398, 15432398, 15032398, 15132398, 15832398, 15932398]","[47, 47, 47, 47, 47, 47, 47, 47, 47, 47]"
819,7,"[0, 7, 11, 14, 21, 37, 39]",7,2.625501717440784,0.18258632998913527,13.912213819633637,"[15758292, 15658292, 15458292, 15558292, 15258292, 15358292, 15158292, 15058292, 15958292, 15858292]","[14, 14, 14, 14, 14, 14, 14, 14, 14, 14]"
820,7,"[0, 9, 10, 13, 31, 41, 46]",7,2.6274379789829254,0.18385802302509546,13.97657120999481,"[15815810, 15615810, 15515810, 15715810, 15915810, 15015810, 15315810, 15215810, 15115810, 15415810]","[13, 13, 13, 13, 13, 13, 13, 13, 13, 13]"
821,7,"[0, 1, 6, 11, 39, 42, 46]",7,2.701908042654395,0.19271660782396793,14.93650738555672,"[15514314, 15414314, 15814314, 15914314, 15614314, 15714314, 15014314, 15114314, 15314314, 15214314]","[42, 42, 42, 42, 42, 42, 42, 42, 42, 42]"
822,7,"[7, 11, 43, 44, 45, 46]",6,2.3354475367814302,0.16426557209342718,17.08534097384351,"[15435026, 15535026, 15835026, 15935026, 15035026, 15135026, 15635026, 15735026, 15335026, 15235026]","[11, 11, 11, 11, 11, 11, 11, 11, 11, 11]"
823,7,"[0, 14, 19, 36, 41, 42]",6,2.3178599616512656,0.16696320567280054,14.99471958912909,"[15742202, 15642202, 15442202, 15542202, 15842202, 15942202, 15242202, 15342202, 15142202, 15042202]","[36, 36, 36, 36, 36, 36, 36, 36, 36, 36]"
824,7,"[5, 10, 11, 16, 17, 27, 36]",7,2.7022737292572856,0.18715125136077404,14.43310236425272,"[15804655, 15904655, 15104655, 15304655, 15504655, 15404655, 15704655, 15604655, 15204655, 15004655]","[11, 11, 11, 11, 11, 11, 11, 11, 11, 11]"
825,7,"[7, 11, 15, 39, 43, 45, 46]",7,2.7050625709816813,0.18989954236894846,16.763173829098896,"[15887782, 15987782, 15287782, 15387782, 15487782, 15587782, 15787782, 15687782, 15187782, 15087782]","[45, 45, 45, 45, 45, 45, 45, 45, 45, 45]"
826,7,"[7, 10, 11, 39, 43, 46]",6,2.3598998161032796,0.1725078271701932,15.915778814504543,"[15031061, 15131061, 15431061, 15531061, 15931061, 15831061, 15231061, 15331061, 15731061, 15631061]","[43, 43, 43, 43, 43, 43, 43, 43, 43, 43]"
827,7,"[15, 20, 31, 39, 41, 44, 47]",7,2.680000658147037,0.18933797627687454,15.73225529092763,"[15296454, 15396454, 15896454, 15996454, 15796454, 15696454, 15496454, 15596454, 15196454, 15096454]","[44, 44, 44, 44, 44, 44, 44, 44, 44, 44]"
828,7,"[1, 11, 14, 17, 18, 41, 46]",7,2.754076275974512,0.19313001725822687,15.029915612723146,"[15091707, 15191707, 15891707, 15991707, 15491707, 15591707, 15691707, 15791707, 15291707, 15391707]","[46, 46, 46, 46, 46, 46, 46, 46, 46, 46]"
829,7,"[7, 11, 42, 44, 46]",5,1.9722271338105202,0.14007367193698883,16.263658476714046,"[15048425, 15148425, 15248425, 15348425, 15748425, 15648425, 15948425, 15848425, 15548425, 15448425]","[42, 42, 42, 42, 42, 42, 42, 42, 42, 42]"
830,7,"[6, 14, 15, 17, 37, 42, 46]",7,2.6925529511645436,0.18992629181593657,15.399191098819886,"[15602375, 15702375, 15402375, 15502375, 15302375, 15202375, 15102375, 15002375, 15802375, 15902375]","[14, 14, 14, 14, 14, 14, 14, 14, 14, 14]"
831,7,"[11, 14, 17, 21, 36, 45, 46]",7,2.7159448647871614,0.1817276757210493,15.991895575808096,"[15283579, 15383579, 15683579, 15783579, 15883579, 15983579, 15483579, 15583579, 15083579, 15183579]","[21, 21, 21, 21, 21, 21, 21, 21, 21, 21]"
832,7,"[0, 14, 17, 41, 42, 45, 47]",7,2.6756388200446963,0.19608826469630003,15.861101377090174,"[15015973, 15515973, 15315973, 15215973, 15415973, 15715973, 15815973, 15915973, 15615973, 15115973]","[14, 14, 14, 14, 14, 14, 14, 14, 14, 14]"
833,7,"[0, 11, 17, 42, 46, 48]",6,2.332764597609639,0.16140522621572018,13.54635097955664,"[15313364, 15213364, 15813364, 15913364, 15513364, 15413364, 15113364, 15013364, 15613364, 15713364]","[0, 0, 0, 0, 0, 0, 0, 0, 0, 0]"
834,7,"[2, 5, 10, 21, 30, 41]",6,2.426726669073105,0.16581229213625193,14.339363004236171,"[15188582, 15088582, 15288582, 15388582, 15588582, 15488582, 15988582, 15888582, 15788582, 15688582]","[2, 2, 2, 2, 2, 2, 2, 2, 2, 2]"
835,7,"[7, 11, 14, 17, 43, 44, 46]",7,2.74631329998374,0.1976545648649335,15.867485843731888,"[15741241, 15341241, 15541241, 15441241, 15241241, 15841241, 15141241, 15041241, 15941241, 15641241]","[11, 11, 11, 11, 11, 11, 11, 11, 11, 11]"
836,7,"[5, 10, 11, 14, 17, 39, 44]",7,2.710334561765194,0.19182434398680925,14.703181760252587,"[15158292, 15058292, 15658292, 15758292, 15358292, 15258292, 15458292, 15558292, 15858292, 15958292]","[14, 14, 14, 14, 14, 14, 14, 14, 14, 14]"
837,7,"[16, 17, 28, 42, 44, 46, 47]",7,2.777215368114412,0.19349418301135302,17.188727271077887,"[15148307, 15048307, 15948307, 15848307, 15748307, 15648307, 15348307, 15248307, 15548307, 15448307]","[47, 47, 47, 47, 47, 47, 47, 47, 47, 47]"
838,7,"[11, 12, 17, 21, 39, 42, 47]",7,2.720115166157484,0.20101152639836073,15.503114588758242,"[15134924, 15034924, 15634924, 15734924, 15834924, 15934924, 15434924, 15534924, 15234924, 15334924]","[17, 17, 17, 17, 17, 17, 17, 17, 17, 17]"
839,7,"[7, 9, 11, 15, 39, 44, 46]",7,2.678072982467711,0.19223754107952118,15.476819942106626,"[15039247, 15139247, 15339247, 15239247, 15539247, 15439247, 15639247, 15739247, 15839247, 15939247]","[44, 44, 44, 44, 44, 44, 44, 44, 44, 44]"
840,7,"[8, 17, 37, 43, 44, 46]",6,2.332422181032598,0.16155299451202154,16.815931679603334,"[15937214, 15837214, 15737214, 15637214, 15037214, 15137214, 15337214, 15237214, 15437214, 15537214]","[37, 37, 37, 37, 37, 37, 37, 37, 37, 37]"
841,7,"[4, 8, 11, 37, 42, 46]",6,2.262559021823108,0.15662518609315157,15.091689608525485,"[15693019, 15793019, 15493019, 15593019, 15393019, 15293019, 15893019, 15993019, 15093019, 15193019]","[42, 42, 42, 42, 42, 42, 42, 42, 42, 42]"
842,7,"[10, 11, 21, 28, 30, 41, 45]",7,2.716841804794967,0.18574266135692596,14.825980404458408,"[15188521, 15288521, 15388521, 15888521, 15588521, 15688521, 15788521, 15988521, 15088521, 15488521]","[28, 28, 28, 28, 28, 28, 28, 28, 28, 28]"
843,7,"[0, 15, 21, 44, 45, 46]",6,2.291892665438354,0.16088941413909197,16.43447596432331,"[15367819, 15267819, 15067819, 15167819, 15667819, 15767819, 15967819, 15867819, 15467819, 15567819]","[21, 21, 21, 21, 21, 21, 21, 21, 21, 21]"
844,7,"[0, 10, 14, 21, 31, 36, 43]",7,2.725682412274182,0.18177673872560263,14.57718107004517,"[15211511, 15311511, 15811511, 15411511, 15611511, 15711511, 15011511, 15111511, 15511511, 15911511]","[43, 43, 43, 43, 43, 43, 43, 43, 43, 43]"
845,7,"[5, 11, 17, 30, 31, 39, 47]",7,2.7431266382336617,0.18912366963922977,14.717118784519178,"[15809400, 15309400, 15409400, 15509400, 15209400, 15709400, 15009400, 15109400, 15609400, 15909400]","[11, 11, 11, 11, 11, 11, 11, 11, 11, 11]"
846,7,"[2, 10, 11, 14, 21, 39]",6,2.307577896863222,0.16651891730725765,13.880253950677192,"[15284611, 15384611, 15484611, 15584611, 15684611, 15784611, 15884611, 15984611, 15084611, 15184611]","[21, 21, 21, 21, 21, 21, 21, 21, 21, 21]"
847,7,"[4, 8, 11, 14, 36, 43, 46]",7,2.708415122702718,0.18893564958125353,15.49305323205356,"[15054604, 15154604, 15354604, 15254604, 15554604, 15454604, 15654604, 15754604, 15854604, 15954604]","[43, 43, 43, 43, 43, 43, 43, 43, 43, 43]"
848,7,"[11, 17, 20, 37, 42, 43, 46]",7,2.7060895022004843,0.1924357833340764,16.188901528782612,"[15497468, 15597468, 15997468, 15897468, 15297468, 15397468, 15797468, 15697468, 15097468, 15197468]","[43, 43, 43, 43, 43, 43, 43, 43, 43, 43]"
849,7,"[6, 11, 32, 42, 46]",5,1.9067359874024987,0.13287510070949793,14.259820673707873,"[15189672, 15089672, 15789672, 15689672, 15589672, 15489672, 15389672, 15289672, 15989672, 15889672]","[46, 46, 46, 46, 46, 46, 46, 46, 46, 46]"
850,7,"[5, 8, 15, 17, 22, 42, 43]",7,2.8417576998472214,0.200716488994658,15.835922589991242,"[15669175, 15769175, 15469175, 15569175, 15369175, 15269175, 15169175, 15069175, 15969175, 15869175]","[5, 5, 5, 5, 5, 5, 5, 5, 5, 5]"
851,7,"[1, 15, 17, 35, 42, 43]",6,2.4354951698333025,0.1723318612203002,20.454445954101782,"[15628324, 15728324, 15428324, 15528324, 15328324, 15228324, 15828324, 15928324, 15028324, 15128324]","[42, 42, 42, 42, 42, 42, 42, 42, 42, 42]"
852,7,"[4, 9, 16, 21, 24, 42]",6,2.257163867354393,0.16695542074739933,14.247536265601715,"[15718101, 15618101, 15318101, 15218101, 15518101, 15418101, 15018101, 15118101, 15818101, 15918101]","[42, 42, 42, 42, 42, 42, 42, 42, 42, 42]"
853,7,"[1, 11, 24, 30, 32, 36]",6,2.337359005585313,0.1677609784528613,13.662762705081454,"[15112846, 15012846, 15212846, 15312846, 15512846, 15412846, 15912846, 15812846, 15712846, 15612846]","[1, 1, 1, 1, 1, 1, 1, 1, 1, 1]"
854,7,"[1, 11, 17, 20, 31, 42, 43]",7,2.755205121822655,0.19514343794435263,14.890953735647988,"[15523428, 15423428, 15323428, 15223428, 15123428, 15023428, 15823428, 15923428, 15723428, 15623428]","[20, 20, 20, 20, 20, 20, 20, 20, 20, 20]"
855,7,"[14, 17, 21, 27, 35, 39, 44]",7,2.687036649324,0.18781594466418028,18.327905089062238,"[15574951, 15474951, 15974951, 15874951, 15174951, 15074951, 15274951, 15374951, 15674951, 15774951]","[39, 39, 39, 39, 39, 39, 39, 39, 39, 39]"
856,7,"[17, 30, 35, 36, 41, 42, 43]",7,2.833426865749061,0.1966887479647994,20.158062441939755,"[15920702, 15820702, 15120702, 15220702, 15520702, 15420702, 15720702, 15620702, 15320702, 15020702]","[43, 43, 43, 43, 43, 43, 43, 43, 43, 43]"
857,7,"[0, 10, 11, 21, 36, 43, 46]",7,2.740277601405978,0.19688850548118353,15.657618774433754,"[15135027, 15035027, 15235027, 15335027, 15535027, 15435027, 15935027, 15835027, 15735027, 15635027]","[0, 0, 0, 0, 0, 0, 0, 0, 0, 0]"
858,7,"[5, 10, 11, 17, 25, 33, 39]",7,2.7635185616090894,0.1896093785762787,14.247583024137255,"[15463372, 15563372, 15763372, 15663372, 15063372, 15163372, 15263372, 15363372, 15963372, 15863372]","[39, 39, 39, 39, 39, 39, 39, 39, 39, 39]"
859,7,"[2, 11, 14, 17, 25, 37, 43]",7,2.7371566677466035,0.19270073622465134,14.758321411508534,"[15020702, 15120702, 15820702, 15920702, 15420702, 15520702, 15320702, 15220702, 15620702, 15720702]","[43, 43, 43, 43, 43, 43, 43, 43, 43, 43]"
860,7,"[1, 10, 15, 21, 35, 39, 46]",7,2.758188276551664,0.1983982976526022,19.157968222030572,"[15054264, 15554264, 15354264, 15254264, 15454264, 15754264, 15854264, 15954264, 15654264, 15154264]","[10, 10, 10, 10, 10, 10, 10, 10, 10, 10]"
861,7,"[14, 20, 22, 25, 26, 36, 46]",7,2.7561218151822686,0.188791174441576,14.739554222140994,"[15257756, 15357756, 15857756, 15557756, 15457756, 15957756, 15657756, 15157756, 15057756, 15757756]","[46, 46, 46, 46, 46, 46, 46, 46, 46, 46]"
862,7,"[4, 10, 11, 27, 39, 46]",6,2.232582447119057,0.15459085255861282,14.257846356059114,"[15114021, 15014021, 15214021, 15314021, 15514021, 15414021, 15914021, 15814021, 15714021, 15614021]","[4, 4, 4, 4, 4, 4, 4, 4, 4, 4]"
863,7,"[0, 11, 14, 24, 25, 30, 43]",7,2.6746594374999404,0.1917931968346238,13.832135265826114,"[15069622, 15169622, 15369622, 15269622, 15569622, 15469622, 15669622, 15769622, 15869622, 15969622]","[30, 30, 30, 30, 30, 30, 30, 30, 30, 30]"
864,7,"[7, 11, 15, 31, 32, 39, 42]",7,2.680573328398168,0.18218582216650248,14.055472733785532,"[15861160, 15961160, 15261160, 15361160, 15461160, 15561160, 15061160, 15161160, 15761160, 15661160]","[39, 39, 39, 39, 39, 39, 39, 39, 39, 39]"
865,7,"[7, 21, 28, 36, 46]",5,2.095018818974495,0.143032344058156,16.557510186359288,"[15070254, 15170254, 15470254, 15570254, 15970254, 15870254, 15270254, 15370254, 15770254, 15670254]","[46, 46, 46, 46, 46, 46, 46, 46, 46, 46]"
866,7,"[7, 12, 14, 22, 24, 31, 47]",7,2.728599540889263,0.19180358573794365,14.05573802255094,"[15636888, 15736888, 15436888, 15536888, 15136888, 15036888, 15236888, 15336888, 15936888, 15836888]","[14, 14, 14, 14, 14, 14, 14, 14, 14, 14]"
867,7,"[3, 8, 11, 27, 39, 42]",6,2.2675147093832493,0.16260898672044277,14.014460034435615,"[15678682, 15778682, 15178682, 15078682, 15278682, 15378682, 15578682, 15478682, 15978682, 15878682]","[27, 27, 27, 27, 27, 27, 27, 27, 27, 27]"
868,7,"[9, 21, 25, 31, 39, 41, 46]",7,2.7016616370528936,0.1823584008961916,14.984388456413788,"[15137057, 15037057, 15937057, 15837057, 15737057, 15637057, 15337057, 15237057, 15537057, 15437057]","[46, 46, 46, 46, 46, 46, 46, 46, 46, 46]"
869,7,"[7, 28, 30, 32, 39, 42, 47]",7,2.800270485691726,0.1948361312970519,15.178648572614682,"[15006469, 15506469, 15306469, 15206469, 15406469, 15706469, 15806469, 15906469, 15606469, 15106469]","[28, 28, 28, 28, 28, 28, 28, 28, 28, 28]"
870,7,"[1, 5, 11, 31, 42, 44, 46]",7,2.7971915435045958,0.19392564985901117,15.514370622579008,"[15155115, 15055115, 15855115, 15955115, 15555115, 15455115, 15755115, 15655115, 15355115, 15255115]","[11, 11, 11, 11, 11, 11, 11, 11, 11, 11]"
871,7,"[3, 9, 14, 21, 22, 24]",6,2.2982750376686454,0.15992275439202785,13.31075813023684,"[15611490, 15711490, 15011490, 15111490, 15211490, 15311490, 15911490, 15811490, 15411490, 15511490]","[14, 14, 14, 14, 14, 14, 14, 14, 14, 14]"
872,7,"[5, 11, 21, 28, 34]",5,2.0422749714925885,0.14132246747612953,14.813203746080399,"[15175022, 15075022, 15275022, 15375022, 15575022, 15475022, 15975022, 15875022, 15775022, 15675022]","[5, 5, 5, 5, 5, 5, 5, 5, 5, 5]"
873,7,"[5, 8, 9, 11, 17, 31, 47]",7,2.7219121856614947,0.18172770086675882,13.96101043719266,"[15382913, 15282913, 15982913, 15882913, 15182913, 15082913, 15582913, 15482913, 15782913, 15682913]","[31, 31, 31, 31, 31, 31, 31, 31, 31, 31]"
874,7,"[11, 36, 39, 42, 45, 46]",6,2.335299238562584,0.160565541125834,17.448767732828856,"[15857756, 15957756, 15557756, 15457756, 15357756, 15257756, 15757756, 15657756, 15157756, 15057756]","[46, 46, 46, 46, 46, 46, 46, 46, 46, 46]"
875,7,"[0, 7, 11, 14, 17, 39, 46]",7,2.6847206307575107,0.19268575217574835,14.680108336465699,"[15671814, 15771814, 15371814, 15271814, 15171814, 15071814, 15471814, 15571814, 15971814, 15871814]","[46, 46, 46, 46, 46, 46, 46, 46, 46, 46]"
876,7,"[7, 11, 39, 42, 44, 45]",6,2.3265158040449023,0.16454286128282547,16.312803463079035,"[15846749, 15946749, 15246749, 15346749, 15446749, 15546749, 15046749, 15146749, 15646749, 15746749]","[44, 44, 44, 44, 44, 44, 44, 44, 44, 44]"
877,7,"[4, 14, 17, 27, 43, 44, 47]",7,2.690048785880208,0.18785038217902184,15.305287227965891,"[15585761, 15485761, 15185761, 15085761, 15685761, 15785761, 15885761, 15985761, 15385761, 15285761]","[44, 44, 44, 44, 44, 44, 44, 44, 44, 44]"
878,7,"[1, 8, 17, 30, 31, 36, 43]",7,2.7999560572206974,0.1913838079199195,15.15001820134265,"[15156667, 15056667, 15656667, 15756667, 15856667, 15956667, 15456667, 15556667, 15256667, 15356667]","[17, 17, 17, 17, 17, 17, 17, 17, 17, 17]"
879,7,"[11, 14, 15, 21, 31, 38, 39]",7,2.6723279524594545,0.18939112965017557,14.902428063231387,"[15661160, 15761160, 15861160, 15461160, 15361160, 15261160, 15061160, 15161160, 15561160, 15961160]","[39, 39, 39, 39, 39, 39, 39, 39, 39, 39]"
880,7,"[11, 15, 37, 42, 44, 46, 48]",7,2.6926406491547823,0.18645663280040026,14.677390208268273,"[15604655, 15704655, 15404655, 15504655, 15304655, 15204655, 15104655, 15004655, 15804655, 15904655]","[11, 11, 11, 11, 11, 11, 11, 11, 11, 11]"
881,7,"[0, 7, 11, 36, 39, 42, 46]",7,2.7600209498777986,0.19409671239554882,15.93147696428267,"[15079703, 15279703, 15379703, 15579703, 15179703, 15879703, 15979703, 15479703, 15779703, 15679703]","[11, 11, 11, 11, 11, 11, 11, 11, 11, 11]"
882,7,"[0, 11, 21, 26, 37, 43]",6,2.2479737028479576,0.15478556510061026,13.956994077889249,"[15583579, 15483579, 15983579, 15883579, 15183579, 15083579, 15683579, 15783579, 15283579, 15383579]","[21, 21, 21, 21, 21, 21, 21, 21, 21, 21]"
883,7,"[8, 17, 32, 36, 46]",5,1.974731802009046,0.13322121649980545,15.397828100994229,"[15497133, 15597133, 15997133, 15897133, 15397133, 15297133, 15797133, 15697133, 15197133, 15097133]","[32, 32, 32, 32, 32, 32, 32, 32, 32, 32]"
884,7,"[7, 10, 11, 15, 17, 39, 47]",7,2.7155957529321313,0.18694600835442543,15.03646998779316,"[15912459, 15812459, 15312459, 15212459, 15112459, 15012459, 15612459, 15712459, 15412459, 15512459]","[39, 39, 39, 39, 39, 39, 39, 39, 39, 39]"
885,7,"[1, 4, 11, 28, 39, 43, 46]",7,2.7804503180086613,0.1982406573370099,15.919501927348652,"[15155115, 15055115, 15255115, 15355115, 15855115, 15955115, 15455115, 15555115, 15655115, 15755115]","[11, 11, 11, 11, 11, 11, 11, 11, 11, 11]"
886,7,"[11, 14, 16, 27, 30, 36, 39]",7,2.6032266821712255,0.181926759891212,14.339721410801369,"[15720017, 15620017, 15420017, 15520017, 15120017, 15020017, 15920017, 15820017, 15320017, 15220017]","[36, 36, 36, 36, 36, 36, 36, 36, 36, 36]"
887,7,"[11, 14, 20, 21, 24, 39, 47]",7,2.6498464960604906,0.1797739015892148,14.43459810017209,"[15633244, 15733244, 15433244, 15533244, 15333244, 15233244, 15033244, 15133244, 15833244, 15933244]","[11, 11, 11, 11, 11, 11, 11, 11, 11, 11]"
888,7,"[1, 8, 17, 21, 39, 41, 46]",7,2.7463286640122533,0.1910864533856511,15.66068754112348,"[15556273, 15456273, 15356273, 15256273, 15156273, 15056273, 15956273, 15856273, 15756273, 15656273]","[1, 1, 1, 1, 1, 1, 1, 1, 1, 1]"
889,7,"[9, 15, 28, 39, 41, 44, 47]",7,2.7394456602633,0.19084069319069386,16.12053455266037,"[15159823, 15059823, 15859823, 15959823, 15459823, 15559823, 15359823, 15259823, 15659823, 15759823]","[47, 47, 47, 47, 47, 47, 47, 47, 47, 47]"
890,7,"[0, 11, 17, 41, 42, 45, 48]",7,2.6830056570470333,0.19557994697242975,13.835554077822183,"[15644408, 15744408, 15844408, 15544408, 15444408, 15944408, 15344408, 15144408, 15044408, 15244408]","[48, 48, 48, 48, 48, 48, 48, 48, 48, 48]"
891,7,"[8, 11, 37, 38, 42, 44, 46]",7,2.6997774252668023,0.18101758044213057,16.67488840535017,"[15380655, 15280655, 15180655, 15080655, 15680655, 15780655, 15980655, 15880655, 15480655, 15580655]","[38, 38, 38, 38, 38, 38, 38, 38, 38, 38]"
892,7,"[8, 11, 14, 15, 17, 42, 43]",7,2.7064604265615344,0.194310050457716,15.105736314585167,"[15920702, 15820702, 15120702, 15620702, 15720702, 15020702, 15520702, 15220702, 15320702, 15420702]","[43, 43, 43, 43, 43, 43, 43, 43, 43, 43]"
893,7,"[4, 10, 17, 21, 22, 31, 36]",7,2.7686042059212923,0.1951113399118185,14.335466331070554,"[15808519, 15708519, 15408519, 15608519, 15908519, 15308519, 15108519, 15008519, 15208519, 15508519]","[21, 21, 21, 21, 21, 21, 21, 21, 21, 21]"
894,7,"[0, 11, 28, 32, 39, 46, 48]",7,2.726113480515778,0.1875893110409379,13.075693728801395,"[15794671, 15694671, 15194671, 15094671, 15994671, 15894671, 15494671, 15594671, 15394671, 15294671]","[28, 28, 28, 28, 28, 28, 28, 28, 28, 28]"
895,7,"[2, 4, 11, 15, 32, 39, 47]",7,2.6789482180029154,0.18814603798091412,14.318713976802039,"[15556188, 15456188, 15356188, 15256188, 15156188, 15056188, 15856188, 15956188, 15756188, 15656188]","[15, 15, 15, 15, 15, 15, 15, 15, 15, 15]"
896,7,"[1, 11, 17, 22, 27, 37, 42]",7,2.6994777200743556,0.18828634824603796,14.334468129689672,"[15011258, 15511258, 15311258, 15211258, 15411258, 15711258, 15811258, 15911258, 15611258, 15111258]","[37, 37, 37, 37, 37, 37, 37, 37, 37, 37]"
897,7,"[11, 19, 24, 36, 42, 44]",6,2.333793149329722,0.15990001801401377,15.45878948426495,"[15577141, 15477141, 15177141, 15077141, 15377141, 15277141, 15777141, 15677141, 15877141, 15977141]","[24, 24, 24, 24, 24, 24, 24, 24, 24, 24]"
898,7,"[4, 11, 15, 19, 39, 43, 47]",7,2.6506397053599358,0.18528639152646065,15.449347436561116,"[15696722, 15796722, 15596722, 15496722, 15296722, 15396722, 15896722, 15996722, 15096722, 15196722]","[43, 43, 43, 43, 43, 43, 43, 43, 43, 43]"
899,7,"[11, 14, 22, 31, 35, 36]",6,2.3567520044744015,0.16041478607803583,18.37907740303005,"[15366334, 15266334, 15066334, 15166334, 15666334, 15766334, 15966334, 15866334, 15466334, 15566334]","[22, 22, 22, 22, 22, 22, 22, 22, 22, 22]"
900,7,"[2, 11, 17, 22, 36, 38, 43]",7,2.8716972153633833,0.19987991265952587,16.56051754884954,"[15954604, 15854604, 15154604, 15354604, 15254604, 15054604, 15554604, 15654604, 15754604, 15454604]","[43, 43, 43, 43, 43, 43, 43, 43, 43, 43]"
901,7,"[0, 13, 23, 28, 39, 40, 42]",7,2.727281208150089,0.19251353479921818,15.09828031222735,"[15825719, 15925719, 15225719, 15325719, 15425719, 15525719, 15725719, 15625719, 15125719, 15025719]","[40, 40, 40, 40, 40, 40, 40, 40, 40, 40]"
902,7,"[11, 15, 28, 30, 46, 47]",6,2.378541061654687,0.16538995131850243,15.816272200938934,"[15691707, 15791707, 15491707, 15591707, 15391707, 15291707, 15891707, 15991707, 15091707, 15191707]","[46, 46, 46, 46, 46, 46, 46, 46, 46, 46]"
903,7,"[1, 11, 17, 22, 41, 46, 47]",7,2.763108146376908,0.1820297557860613,15.759351386755172,"[15024286, 15524286, 15324286, 15224286, 15424286, 15724286, 15824286, 15924286, 15624286, 15124286]","[46, 46, 46, 46, 46, 46, 46, 46, 46, 46]"
904,7,"[11, 14, 17, 28, 37, 39, 42]",7,2.710913541726768,0.1925447667017579,15.153577839889165,"[15615973, 15715973, 15415973, 15515973, 15315973, 15215973, 15815973, 15915973, 15115973, 15015973]","[14, 14, 14, 14, 14, 14, 14, 14, 14, 14]"
905,7,"[4, 11, 12, 27, 30, 38, 39]",7,2.648469740524888,0.17961222026497126,14.415262067490923,"[15600440, 15700440, 15100440, 15000440, 15900440, 15800440, 15400440, 15500440, 15200440, 15300440]","[11, 11, 11, 11, 11, 11, 11, 11, 11, 11]"
906,7,"[11, 17, 38, 42, 44, 46, 47]",7,2.76915034186095,0.1972826961427927,17.410831471106835,"[15002651, 15502651, 15302651, 15202651, 15402651, 15702651, 15802651, 15902651, 15102651, 15602651]","[46, 46, 46, 46, 46, 46, 46, 46, 46, 46]"
907,7,"[14, 16, 20, 28, 31, 33, 47]",7,2.6857258453965187,0.1910362420603633,14.397721126875174,"[15486993, 15586993, 15986993, 15886993, 15386993, 15286993, 15686993, 15786993, 15186993, 15086993]","[28, 28, 28, 28, 28, 28, 28, 28, 28, 28]"
908,7,"[1, 10, 19, 21, 26, 27, 37]",7,2.617897900752723,0.1864447295665741,12.983595434642796,"[15178092, 15078092, 15278092, 15378092, 15578092, 15478092, 15878092, 15978092, 15778092, 15678092]","[10, 10, 10, 10, 10, 10, 10, 10, 10, 10]"
909,7,"[11, 14, 17, 33, 42, 47]",6,2.312861930578947,0.1673372546210885,14.838324587947378,"[15458292, 15558292, 15258292, 15358292, 15658292, 15758292, 15158292, 15058292, 15958292, 15858292]","[14, 14, 14, 14, 14, 14, 14, 14, 14, 14]"
910,7,"[3, 11, 30, 36, 37]",5,1.9222807055339217,0.12666269578039646,14.567916546761989,"[15412955, 15512955, 15912955, 15812955, 15312955, 15212955, 15712955, 15612955, 15112955, 15012955]","[30, 30, 30, 30, 30, 30, 30, 30, 30, 30]"
911,7,"[11, 21, 27, 39, 41, 43]",6,2.2761530177667737,0.1595075372606516,15.039564226133129,"[15772252, 15672252, 15572252, 15472252, 15072252, 15172252, 15872252, 15972252, 15272252, 15372252]","[41, 41, 41, 41, 41, 41, 41, 41, 41, 41]"
912,7,"[11, 17, 19, 41, 43, 44, 45]",7,2.6601919205859303,0.18321888521313667,16.148255147106415,"[15811511, 15911511, 15211511, 15311511, 15411511, 15511511, 15611511, 15711511, 15011511, 15111511]","[43, 43, 43, 43, 43, 43, 43, 43, 43, 43]"
913,7,"[10, 30, 37, 38, 39, 41, 46]",7,2.6862591234967113,0.1876363456249237,16.488727052296912,"[15461941, 15561941, 15961941, 15861941, 15761941, 15661941, 15361941, 15261941, 15161941, 15061941]","[38, 38, 38, 38, 38, 38, 38, 38, 38, 38]"
914,7,"[5, 11, 31, 32, 36, 42, 46]",7,2.7832024581730366,0.19338039960712194,15.07802748487198,"[15132591, 15032591, 15232591, 15332591, 15532591, 15432591, 15732591, 15632591, 15932591, 15832591]","[5, 5, 5, 5, 5, 5, 5, 5, 5, 5]"
915,7,"[2, 17, 21, 42, 43, 44, 46]",7,2.848060581833124,0.20779194869101048,16.969660111836024,"[15724286, 15624286, 15124286, 15024286, 15224286, 15324286, 15524286, 15424286, 15924286, 15824286]","[46, 46, 46, 46, 46, 46, 46, 46, 46, 46]"
916,7,"[4, 14, 15, 21, 39, 43]",6,2.301885331980884,0.16925096325576305,15.265126620962596,"[15039300, 15139300, 15239300, 15339300, 15739300, 15639300, 15939300, 15839300, 15539300, 15439300]","[15, 15, 15, 15, 15, 15, 15, 15, 15, 15]"
917,7,"[4, 8, 11, 28, 37, 46]",6,2.311421441845596,0.1590788895264268,14.817142833334705,"[15349883, 15249883, 15649883, 15749883, 15549883, 15449883, 15049883, 15149883, 15849883, 15949883]","[46, 46, 46, 46, 46, 46, 46, 46, 46, 46]"
918,7,"[1, 8, 19, 25, 39, 46]",6,2.335968225263059,0.16468106489628553,15.119738051357368,"[15178330, 15078330, 15778330, 15678330, 15578330, 15478330, 15378330, 15278330, 15978330, 15878330]","[39, 39, 39, 39, 39, 39, 39, 39, 39, 39]"
919,7,"[5, 10, 22, 27, 28, 31, 47]",7,2.813902635127306,0.19114384334534407,14.257806548981794,"[15972947, 15872947, 15772947, 15672947, 15372947, 15272947, 15072947, 15172947, 15472947, 15572947]","[28, 28, 28, 28, 28, 28, 28, 28, 28, 28]"
920,7,"[5, 9, 15, 21, 24, 39, 43]",7,2.773599141277373,0.19391814060509205,15.303091168536671,"[15778722, 15378722, 15578722, 15478722, 15278722, 15878722, 15178722, 15078722, 15978722, 15678722]","[9, 9, 9, 9, 9, 9, 9, 9, 9, 9]"
921,7,"[1, 10, 11, 21, 38, 42, 47]",7,2.7759839119389653,0.19725334458053112,15.768801687750965,"[15044377, 15144377, 15844377, 15944377, 15244377, 15344377, 15444377, 15544377, 15644377, 15744377]","[38, 38, 38, 38, 38, 38, 38, 38, 38, 38]"
922,7,"[0, 1, 15, 23, 39, 46]",6,2.299747013486922,0.16479003336280584,15.318426012216756,"[15294367, 15394367, 15494367, 15594367, 15694367, 15794367, 15894367, 15994367, 15094367, 15194367]","[39, 39, 39, 39, 39, 39, 39, 39, 39, 39]"
923,7,"[6, 11, 12, 16, 18, 41]",6,2.2813121862709522,0.16419642698019743,14.098318772312874,"[15399370, 15299370, 15199370, 15099370, 15499370, 15599370, 15999370, 15899370, 15699370, 15799370]","[6, 6, 6, 6, 6, 6, 6, 6, 6, 6]"
924,7,"[11, 17, 21, 32, 36, 38, 46]",7,2.761239024810493,0.19422706961631775,15.907787776618664,"[15761941, 15661941, 15461941, 15561941, 15161941, 15061941, 15861941, 15961941, 15261941, 15361941]","[38, 38, 38, 38, 38, 38, 38, 38, 38, 38]"
925,7,"[5, 10, 17, 33, 39, 46]",6,2.390116018243134,0.16531820688396692,15.569626243862634,"[15122219, 15022219, 15822219, 15922219, 15422219, 15522219, 15622219, 15722219, 15222219, 15322219]","[33, 33, 33, 33, 33, 33, 33, 33, 33, 33]"
926,7,"[7, 11, 17, 27, 30, 39, 42]",7,2.7084771106019616,0.18854726199060678,14.339473216727908,"[15313295, 15213295, 15113295, 15013295, 15413295, 15513295, 15913295, 15813295, 15613295, 15713295]","[7, 7, 7, 7, 7, 7, 7, 7, 7, 7]"
927,7,"[2, 11, 16, 21, 39, 46]",6,2.3074177373200655,0.15574825834482908,15.532514692516997,"[15139513, 15039513, 15739513, 15639513, 15539513, 15439513, 15939513, 15839513, 15339513, 15239513]","[2, 2, 2, 2, 2, 2, 2, 2, 2, 2]"
928,7,"[3, 11, 20, 24, 36, 42]",6,2.3514306861907244,0.16407876275479794,14.786653528688475,"[15629685, 15729685, 15429685, 15529685, 15329685, 15229685, 15829685, 15929685, 15029685, 15129685]","[36, 36, 36, 36, 36, 36, 36, 36, 36, 36]"
929,7,"[2, 11, 18, 20, 33, 46]",6,2.4020046712830663,0.16855623666197062,14.700819651052976,"[15226085, 15326085, 15526085, 15426085, 15926085, 15826085, 15126085, 15026085, 15626085, 15726085]","[46, 46, 46, 46, 46, 46, 46, 46, 46, 46]"
930,7,"[13, 14, 36, 38, 41, 44, 45]",7,2.7142775440588593,0.19195802975445986,16.940804808467096,"[15538341, 15938341, 15838341, 15738341, 15638341, 15238341, 15438341, 15038341, 15138341, 15338341]","[44, 44, 44, 44, 44, 44, 44, 44, 44, 44]"
931,7,"[0, 1, 17, 22, 24, 40, 47]",7,2.7535544149577618,0.19325126521289349,14.902698371692427,"[15336057, 15236057, 15136057, 15036057, 15436057, 15536057, 15836057, 15936057, 15736057, 15636057]","[1, 1, 1, 1, 1, 1, 1, 1, 1, 1]"
932,7,"[1, 14, 17, 24, 33, 43, 46]",7,2.7605156311765313,0.19066960271447897,15.426033953537367,"[15957756, 15857756, 15157756, 15257756, 15557756, 15457756, 15757756, 15657756, 15357756, 15057756]","[46, 46, 46, 46, 46, 46, 46, 46, 46, 46]"
933,7,"[0, 5, 8, 10, 17, 42, 43]",7,2.8119670748710632,0.20264794677495956,15.101509025187365,"[15154264, 15054264, 15654264, 15754264, 15554264, 15454264, 15954264, 15854264, 15354264, 15254264]","[10, 10, 10, 10, 10, 10, 10, 10, 10, 10]"
934,7,"[6, 14, 21, 24, 37, 39, 46]",7,2.645476163364947,0.18807066977024078,14.86007679546518,"[15304497, 15204497, 15004497, 15104497, 15604497, 15704497, 15904497, 15804497, 15404497, 15504497]","[24, 24, 24, 24, 24, 24, 24, 24, 24, 24]"
935,7,"[11, 17, 29, 36, 39, 43]",6,2.372841749340296,0.1681459555402398,15.231539212322483,"[15129812, 15029812, 15829812, 15929812, 15429812, 15529812, 15329812, 15229812, 15629812, 15729812]","[36, 36, 36, 36, 36, 36, 36, 36, 36, 36]"
936,7,"[15, 17, 35, 43, 46]",5,2.009310357272625,0.14201864134520292,22.119134069141,"[15731061, 15631061, 15331061, 15231061, 15131061, 15031061, 15431061, 15531061, 15931061, 15831061]","[43, 43, 43, 43, 43, 43, 43, 43, 43, 43]"
937,7,"[13, 14, 18, 22, 41, 46]",6,2.3477959875017405,0.16469599679112434,15.208882371584574,"[15390022, 15290022, 15890022, 15990022, 15590022, 15490022, 15090022, 15190022, 15790022, 15690022]","[22, 22, 22, 22, 22, 22, 22, 22, 22, 22]"
938,7,"[13, 19, 28, 31, 40, 46]",6,2.335216609761119,0.15584899578243494,15.00959418163014,"[15364364, 15264364, 15664364, 15764364, 15564364, 15464364, 15064364, 15164364, 15864364, 15964364]","[46, 46, 46, 46, 46, 46, 46, 46, 46, 46]"
939,7,"[1, 2, 11, 30, 44, 45, 46]",7,2.74281049054116,0.1854831101372838,15.82137345017067,"[15522710, 15422710, 15022710, 15122710, 15222710, 15322710, 15922710, 15822710, 15622710, 15722710]","[30, 30, 30, 30, 30, 30, 30, 30, 30, 30]"
940,7,"[0, 8, 11, 17, 39, 46]",6,2.2729976130649447,0.15967801306396723,14.884637791197747,"[15541241, 15441241, 15941241, 15841241, 15141241, 15041241, 15641241, 15741241, 15241241, 15341241]","[11, 11, 11, 11, 11, 11, 11, 11, 11, 11]"
941,7,"[7, 11, 14, 20, 36, 39, 44]",7,2.7116802372038364,0.1838150965049863,15.1142608220689,"[15777718, 15677718, 15577718, 15477718, 15377718, 15277718, 15177718, 15077718, 15977718, 15877718]","[14, 14, 14, 14, 14, 14, 14, 14, 14, 14]"
942,7,"[14, 37, 41, 43, 45, 46]",6,2.262026890181005,0.1591595783829689,17.093341319511335,"[15713905, 15613905, 15313905, 15213905, 15113905, 15013905, 15413905, 15513905, 15913905, 15813905]","[43, 43, 43, 43, 43, 43, 43, 43, 43, 43]"
943,7,"[7, 31, 41, 44, 46]",5,1.9647494740784168,0.1329108364880085,15.89539175638929,"[15299830, 15399830, 15199830, 15099830, 15799830, 15699830, 15599830, 15499830, 15999830, 15899830]","[44, 44, 44, 44, 44, 44, 44, 44, 44, 44]"
944,7,"[1, 5, 12, 14, 33, 42, 43]",7,2.8190324995666742,0.2072589648887515,15.171313539080854,"[15225979, 15325979, 15825979, 15925979, 15525979, 15425979, 15025979, 15125979, 15725979, 15625979]","[43, 43, 43, 43, 43, 43, 43, 43, 43, 43]"
945,7,"[1, 11, 30, 32, 36, 46]",6,2.3402337012812495,0.1641605831682682,14.712740660800288,"[15153520, 15053520, 15253520, 15353520, 15553520, 15453520, 15953520, 15853520, 15753520, 15653520]","[1, 1, 1, 1, 1, 1, 1, 1, 1, 1]"
946,7,"[15, 17, 19, 22, 26, 43, 46]",7,2.7227466152980924,0.19361768756061792,15.406639675476722,"[15108833, 15008833, 15208833, 15308833, 15508833, 15408833, 15708833, 15608833, 15908833, 15808833]","[15, 15, 15, 15, 15, 15, 15, 15, 15, 15]"
947,7,"[7, 8, 17, 21, 26, 28, 46]",7,2.8216130854561925,0.19541698321700096,14.631149545644544,"[15645684, 15745684, 15445684, 15545684, 15145684, 15045684, 15245684, 15345684, 15945684, 15845684]","[17, 17, 17, 17, 17, 17, 17, 17, 17, 17]"
948,7,"[4, 14, 17, 31, 39, 42, 46]",7,2.697287078946829,0.1944162417203188,15.242104212420859,"[15301108, 15201108, 15501108, 15401108, 15601108, 15701108, 15901108, 15801108, 15101108, 15001108]","[42, 42, 42, 42, 42, 42, 42, 42, 42, 42]"
949,7,"[9, 10, 11, 36, 41, 42, 44]",7,2.7143656965345144,0.19356439728289843,15.361372702954602,"[15939247, 15839247, 15139247, 15239247, 15539247, 15439247, 15739247, 15639247, 15339247, 15039247]","[44, 44, 44, 44, 44, 44, 44, 44, 44, 44]"
950,7,"[0, 11, 21, 24, 35, 41, 47]",7,2.6920831436291337,0.19542333856225014,18.084389180078038,"[15742557, 15642557, 15242557, 15342557, 15042557, 15142557, 15442557, 15542557, 15942557, 15842557]","[35, 35, 35, 35, 35, 35, 35, 35, 35, 35]"
951,7,"[0, 11, 20, 39, 42, 43, 48]",7,2.7051996095106006,0.19285711739212275,13.771751118225179,"[15962825, 15862825, 15162825, 15362825, 15262825, 15062825, 15562825, 15662825, 15762825, 15462825]","[48, 48, 48, 48, 48, 48, 48, 48, 48, 48]"
952,7,"[7, 11, 15, 27, 39, 42, 44]",7,2.693295837379992,0.19183636736124754,15.04046609332519,"[15503432, 15403432, 15803432, 15903432, 15603432, 15703432, 15003432, 15103432, 15303432, 15203432]","[42, 42, 42, 42, 42, 42, 42, 42, 42, 42]"
953,7,"[10, 15, 20, 25, 28, 39]",6,2.3755086828023195,0.1732579730451107,14.814932730747387,"[15990489, 15890489, 15790489, 15690489, 15090489, 15190489, 15390489, 15290489, 15490489, 15590489]","[20, 20, 20, 20, 20, 20, 20, 20, 20, 20]"
954,7,"[10, 11, 17, 42, 44, 46]",6,2.3356370832771063,0.16856769751757383,15.928821709627906,"[15717086, 15617086, 15517086, 15417086, 15017086, 15117086, 15817086, 15917086, 15217086, 15317086]","[44, 44, 44, 44, 44, 44, 44, 44, 44, 44]"
955,7,"[17, 21, 22, 31, 32, 43]",6,2.3568271985277534,0.16605591215193272,14.280243712787827,"[15662093, 15762093, 15462093, 15562093, 15362093, 15262093, 15062093, 15162093, 15862093, 15962093]","[17, 17, 17, 17, 17, 17, 17, 17, 17, 17]"
956,7,"[11, 14, 17, 37, 43, 46]",6,2.2785495948046446,0.1592232808470726,15.785648179706186,"[15679703, 15779703, 15479703, 15579703, 15379703, 15279703, 15079703, 15179703, 15879703, 15979703]","[11, 11, 11, 11, 11, 11, 11, 11, 11, 11]"
957,7,"[1, 10, 11, 15, 30, 43, 46]",7,2.7287733014672995,0.19352823309600353,15.345138172885138,"[15459775, 15559775, 15359775, 15259775, 15059775, 15159775, 15959775, 15859775, 15759775, 15659775]","[15, 15, 15, 15, 15, 15, 15, 15, 15, 15]"
958,7,"[0, 11, 17, 21, 46]",5,1.9164691269397736,0.13552076742053032,14.693267668318004,"[15330945, 15230945, 15030945, 15130945, 15630945, 15730945, 15930945, 15830945, 15430945, 15530945]","[17, 17, 17, 17, 17, 17, 17, 17, 17, 17]"
959,7,"[8, 10, 17, 20, 39, 42, 46]",7,2.718463722616434,0.19718103762716055,15.583092944896114,"[15070621, 15170621, 15470621, 15570621, 15670621, 15770621, 15870621, 15970621, 15370621, 15270621]","[17, 17, 17, 17, 17, 17, 17, 17, 17, 17]"
960,7,"[9, 14, 22, 31, 39, 42, 47]",7,2.6889805430546403,0.19300826080143452,14.839582670613058,"[15007483, 15107483, 15807483, 15907483, 15407483, 15507483, 15607483, 15707483, 15207483, 15307483]","[47, 47, 47, 47, 47, 47, 47, 47, 47, 47]"
961,7,"[0, 17, 19, 23, 39, 41, 43]",7,2.6608040425926447,0.19569415133446455,15.179044505913875,"[15273143, 15373143, 15473143, 15573143, 15173143, 15073143, 15773143, 15673143, 15973143, 15873143]","[19, 19, 19, 19, 19, 19, 19, 19, 19, 19]"
962,7,"[10, 11, 17, 33, 36, 42, 46]",7,2.779183720238507,0.1980318482965231,15.690654364414513,"[15154264, 15054264, 15754264, 15654264, 15554264, 15454264, 15954264, 15854264, 15354264, 15254264]","[10, 10, 10, 10, 10, 10, 10, 10, 10, 10]"
963,7,"[0, 5, 15, 17, 31, 46]",6,2.3785357028245926,0.16561431623995304,14.948305916351577,"[15233281, 15333281, 15433281, 15533281, 15633281, 15733281, 15033281, 15133281, 15833281, 15933281]","[0, 0, 0, 0, 0, 0, 0, 0, 0, 0]"
964,7,"[3, 4, 8, 21, 28, 36, 47]",7,2.824297148734331,0.1997264325618744,15.161569835751184,"[15805747, 15905747, 15405747, 15505747, 15605747, 15705747, 15205747, 15305747, 15005747, 15105747]","[8, 8, 8, 8, 8, 8, 8, 8, 8, 8]"
965,7,"[4, 11, 14, 39, 42, 47]",6,2.268754024989903,0.16285159438848495,15.037387602574503,"[15171773, 15071773, 15571773, 15471773, 15371773, 15271773, 15871773, 15971773, 15771773, 15671773]","[11, 11, 11, 11, 11, 11, 11, 11, 11, 11]"
966,7,"[17, 27, 30, 37, 42, 43, 46]",7,2.7063142163679004,0.18943959940224886,15.99519380514643,"[15528324, 15428324, 15928324, 15828324, 15328324, 15128324, 15628324, 15728324, 15028324, 15228324]","[42, 42, 42, 42, 42, 42, 42, 42, 42, 42]"
967,7,"[11, 15, 17, 32, 39, 46]",6,2.277335631661117,0.16342328675091267,14.991370856296271,"[15397133, 15297133, 15897133, 15997133, 15597133, 15497133, 15097133, 15197133, 15797133, 15697133]","[32, 32, 32, 32, 32, 32, 32, 32, 32, 32]"
968,7,"[10, 11, 27, 41, 43, 44, 46]",7,2.666991727426648,0.1841192115098238,15.629396535057042,"[15154264, 15054264, 15254264, 15354264, 15554264, 15454264, 15854264, 15954264, 15754264, 15654264]","[10, 10, 10, 10, 10, 10, 10, 10, 10, 10]"
969,7,"[0, 11, 17, 31, 39, 42, 46]",7,2.684744095429778,0.18908117897808552,15.119324377604894,"[15779703, 15379703, 15579703, 15479703, 15279703, 15879703, 15179703, 15079703, 15979703, 15679703]","[11, 11, 11, 11, 11, 11, 11, 11, 11, 11]"
970,7,"[7, 10, 11, 21, 29, 31, 47]",7,2.706728278659284,0.18691503442823887,13.102244705294392,"[15032082, 15532082, 15632082, 15732082, 15432082, 15332082, 15832082, 15932082, 15232082, 15132082]","[10, 10, 10, 10, 10, 10, 10, 10, 10, 10]"
971,7,"[10, 11, 17, 31, 38, 43, 46]",7,2.759301520884037,0.1946278205141425,16.080568610025303,"[15654264, 15754264, 15454264, 15554264, 15354264, 15254264, 15854264, 15954264, 15054264, 15154264]","[10, 10, 10, 10, 10, 10, 10, 10, 10, 10]"
972,7,"[11, 18, 23, 27, 36, 41, 45]",7,2.7054974930360913,0.18423752579838037,15.123667675070465,"[15042501, 15142501, 15742501, 15642501, 15242501, 15342501, 15542501, 15442501, 15942501, 15842501]","[45, 45, 45, 45, 45, 45, 45, 45, 45, 45]"
973,7,"[5, 11, 17, 41, 44, 46, 47]",7,2.7716054916381836,0.19381103850901127,16.362739962991327,"[15516724, 15416724, 15816724, 15916724, 15216724, 15316724, 15616724, 15716724, 15016724, 15116724]","[11, 11, 11, 11, 11, 11, 11, 11, 11, 11]"
974,7,"[0, 5, 15, 19, 21, 46, 47]",7,2.746050992049277,0.18696300592273474,15.4050941319604,"[15561489, 15461489, 15861489, 15961489, 15661489, 15761489, 15061489, 15161489, 15361489, 15261489]","[5, 5, 5, 5, 5, 5, 5, 5, 5, 5]"
975,7,"[11, 42, 43, 44, 45, 46]",6,2.327829328365624,0.16805229056626558,17.69845735297228,"[15728324, 15628324, 15428324, 15528324, 15128324, 15028324, 15828324, 15928324, 15228324, 15328324]","[42, 42, 42, 42, 42, 42, 42, 42, 42, 42]"
976,7,"[8, 27, 31, 36, 39, 42, 43]",7,2.7412675730884075,0.19374505523592234,15.588062056473323,"[15432222, 15532222, 15632222, 15732222, 15032222, 15132222, 15232222, 15332222, 15832222, 15932222]","[36, 36, 36, 36, 36, 36, 36, 36, 36, 36]"
977,7,"[10, 11, 30, 46, 47]",5,1.910937936976552,0.13471471145749092,15.250863611977547,"[15494263, 15594263, 15994263, 15894263, 15394263, 15294263, 15794263, 15694263, 15194263, 15094263]","[30, 30, 30, 30, 30, 30, 30, 30, 30, 30]"
978,7,"[10, 14, 15, 17, 24, 31]",6,2.2847297554835677,0.16362773720175028,13.589764879706005,"[15549464, 15449464, 15949464, 15849464, 15149464, 15049464, 15249464, 15349464, 15749464, 15649464]","[15, 15, 15, 15, 15, 15, 15, 15, 15, 15]"
979,7,"[10, 11, 22, 28, 39, 43, 47]",7,2.784378618001938,0.1860813293606043,15.802045271798436,"[15369907, 15269907, 15469907, 15569907, 15769907, 15669907, 15169907, 15069907, 15969907, 15869907]","[28, 28, 28, 28, 28, 28, 28, 28, 28, 28]"
980,7,"[0, 17, 21, 25, 29, 43]",6,2.3629603097215295,0.1667210105806589,13.907076729771992,"[15139757, 15039757, 15539757, 15439757, 15339757, 15239757, 15839757, 15939757, 15739757, 15639757]","[17, 17, 17, 17, 17, 17, 17, 17, 17, 17]"
981,7,"[2, 11, 13, 14, 30, 41, 48]",7,2.7002473026514053,0.18728148937225342,12.269345020875335,"[15137909, 15037909, 15737909, 15637909, 15537909, 15437909, 15337909, 15237909, 15937909, 15837909]","[2, 2, 2, 2, 2, 2, 2, 2, 2, 2]"
982,7,"[0, 1, 7, 24, 42, 43]",6,2.4118441976606846,0.17776026111096144,15.15905500187849,"[15138977, 15038977, 15238977, 15338977, 15538977, 15438977, 15738977, 15638977, 15938977, 15838977]","[42, 42, 42, 42, 42, 42, 42, 42, 42, 42]"
983,7,"[2, 10, 11, 21, 28, 44, 46]",7,2.81129733286798,0.194919278845191,15.32604668921392,"[15277653, 15477653, 15077653, 15177653, 15577653, 15677653, 15877653, 15977653, 15777653, 15377653]","[10, 10, 10, 10, 10, 10, 10, 10, 10, 10]"
984,7,"[0, 11, 15, 21, 24, 30, 42]",7,2.672812346369028,0.1893915282562375,14.038402301192816,"[15506269, 15406269, 15806269, 15906269, 15606269, 15706269, 15006269, 15106269, 15306269, 15206269]","[30, 30, 30, 30, 30, 30, 30, 30, 30, 30]"
985,7,"[1, 3, 7, 37, 45, 46, 48]",7,2.745886546559632,0.18600948341190815,14.30259060986074,"[15172460, 15072460, 15272460, 15372460, 15572460, 15472460, 15872460, 15972460, 15772460, 15672460]","[3, 3, 3, 3, 3, 3, 3, 3, 3, 3]"
986,7,"[11, 30, 31, 38, 46, 47]",6,2.3297292506322265,0.1525592179968953,16.025988140997168,"[15191904, 15091904, 15291904, 15391904, 15591904, 15491904, 15991904, 15891904, 15791904, 15691904]","[11, 11, 11, 11, 11, 11, 11, 11, 11, 11]"
987,7,"[4, 5, 6, 11, 19, 27, 46]",7,2.6697143809869885,0.1872263066470623,13.599148304002094,"[15595680, 15495680, 15395680, 15295680, 15895680, 15995680, 15795680, 15695680, 15195680, 15095680]","[27, 27, 27, 27, 27, 27, 27, 27, 27, 27]"
988,7,"[10, 14, 17, 42, 43, 46]",6,2.3589694378897548,0.1655068565160036,16.281984452313434,"[15368412, 15268412, 15868412, 15968412, 15568412, 15468412, 15068412, 15168412, 15768412, 15668412]","[42, 42, 42, 42, 42, 42, 42, 42, 42, 42]"
989,7,"[11, 14, 19, 24, 31, 42, 43]",7,2.663848270662129,0.19119902979582548,14.286992555750269,"[15762719, 15662719, 15562719, 15462719, 15362719, 15262719, 15162719, 15062719, 15962719, 15862719]","[19, 19, 19, 19, 19, 19, 19, 19, 19, 19]"
990,7,"[5, 7, 11, 36, 42, 46, 47]",7,2.861339366994798,0.19926065113395452,16.543170973525516,"[15163517, 15063517, 15863517, 15963517, 15463517, 15563517, 15363517, 15263517, 15663517, 15763517]","[47, 47, 47, 47, 47, 47, 47, 47, 47, 47]"
991,7,"[2, 3, 11, 12, 26, 37, 43]",7,2.71118887886405,0.1883423300459981,14.133902830736977,"[15254101, 15154101, 15054101, 15854101, 15954101, 15454101, 15554101, 15354101, 15754101, 15654101]","[11, 11, 11, 11, 11, 11, 11, 11, 11, 11]"
992,7,"[4, 9, 12, 15, 21, 30, 46]",7,2.663298702798784,0.19387616030871868,14.45525689156992,"[15669063, 15769063, 15869063, 15969063, 15469063, 15569063, 15369063, 15269063, 15069063, 15169063]","[12, 12, 12, 12, 12, 12, 12, 12, 12, 12]"
993,7,"[14, 17, 24, 39, 42, 44, 46]",7,2.7186040738597512,0.1975299883633852,16.210700290344125,"[15501108, 15401108, 15901108, 15801108, 15601108, 15101108, 15201108, 15301108, 15001108, 15701108]","[42, 42, 42, 42, 42, 42, 42, 42, 42, 42]"
994,7,"[5, 7, 8, 44, 46]",5,2.0301879290491343,0.14525137841701508,15.933251890540124,"[15053456, 15153456, 15253456, 15353456, 15753456, 15653456, 15953456, 15853456, 15553456, 15453456]","[8, 8, 8, 8, 8, 8, 8, 8, 8, 8]"
995,7,"[11, 14, 21, 24, 39, 42, 44]",7,2.676038837991655,0.19145123660564423,14.974788519287747,"[15312459, 15212459, 15012459, 15112459, 15512459, 15612459, 15912459, 15812459, 15712459, 15412459]","[39, 39, 39, 39, 39, 39, 39, 39, 39, 39]"
996,7,"[1, 11, 17, 39, 43, 46]",6,2.366546431556344,0.1688818819820881,16.353795310637604,"[15562093, 15462093, 15962093, 15862093, 15162093, 15062093, 15662093, 15762093, 15262093, 15362093]","[17, 17, 17, 17, 17, 17, 17, 17, 17, 17]"
997,7,"[6, 11, 23, 30, 39, 47]",6,2.264055526815355,0.14769843220710754,14.266322966044148,"[15716724, 15616724, 15416724, 15516724, 15116724, 15016724, 15816724, 15916724, 15216724, 15316724]","[11, 11, 11, 11, 11, 11, 11, 11, 11, 11]"
998,7,"[1, 10, 17, 21, 22, 28, 46]",7,2.851577383466065,0.1969211818650365,15.277001575766397,"[15148170, 15048170, 15748170, 15648170, 15548170, 15448170, 15248170, 15348170, 15848170, 15948170]","[1, 1, 1, 1, 1, 1, 1, 1, 1, 1]"
999,7,"[3, 7, 11, 17, 22, 31, 44]",7,2.7447696113958955,0.19350337516516447,14.12098336798538,"[16741983, 17241983, 17041983, 17141983, 17341983, 17441983, 16941983, 16841983, 17541983, 16641983]","[7, 7, 7, 7, 7, 7, 7, 7, 7, 7]"
