query,num_centroids,searched_shard_ids,num_searched_shards,gpu_transfer_time,gpu_search_time,warmup_time,best_retrieved_ids,top_doc_shards
0,2,[1],1,0.04758621612563729,0.012630365323275328,1.1562415396329015,"[350323743, 22367475, 350285757, 22359499, 22352964, 583617007, 596090569, 40490076, 347651857, 596064850]","[1, 1, 1, 1, 1, 1, 1, 1, 1, 1]"
1,2,[6],1,0.0808822838589549,0.020715749822556973,1.9941098913550377,"[96761309, 317778513, 462536204, 128100141, 512290626, 544732844, 467725477, 80310487, 336524624, 106752731]","[6, 6, 6, 6, 6, 6, 6, 6, 6, 6]"
2,2,"[2, 9]",2,0.13130825757980347,0.030549942515790462,1.5901914848946035,"[184228786, 284206801, 38187513, 38503860, 569913911, 569496884, 533860027, 79935229, 384745310, 264321046]","[9, 9, 9, 9, 9, 9, 9, 9, 2, 2]"
3,2,[18],1,0.08182065607979894,0.02005574619397521,2.0212896917946637,"[319976312, 473871456, 416180093, 533106488, 185862896, 409812650, 534845823, 3563663, 545925259, 232092470]","[18, 18, 18, 18, 18, 18, 18, 18, 18, 18]"
4,2,[10],1,0.04157431609928608,0.013668994884938002,1.0396909865085036,"[492485126, 241046875, 74580447, 364526066, 196412165, 197645372, 197750504, 6680367, 11876884, 251314455]","[10, 10, 10, 10, 10, 10, 10, 10, 10, 10]"
5,2,"[6, 7]",2,0.2763235289603472,0.04888772824779153,3.469508559559472,"[379513049, 147282989, 500339455, 379513041, 186078600, 426172710, 559365409, 435813526, 268505316, 178669699]","[7, 7, 7, 6, 6, 6, 6, 6, 6, 7]"
6,2,[8],1,0.0622165291570127,0.015616812277585268,1.5253760810010135,"[223359640, 306289225, 134921891, 473056010, 163594463, 578112746, 184462764, 538022211, 98659306, 306328842]","[8, 8, 8, 8, 8, 8, 8, 8, 8, 8]"
7,2,"[15, 16]",2,0.24951123725622892,0.03879484534263611,3.1029285322874784,"[67019337, 412000426, 66952640, 63753766, 534620895, 152048176, 368354619, 272006514, 77300678, 527884014]","[15, 15, 15, 15, 15, 16, 15, 16, 15, 16]"
8,2,[1],1,0.04748308006674051,0.013616513926535845,1.1562415396329015,"[327654649, 459540312, 67520733, 575997322, 180283059, 562193291, 305388418, 41178123, 30515188, 339438330]","[1, 1, 1, 1, 1, 1, 1, 1, 1, 1]"
9,2,"[10, 18]",2,0.12272085668519139,0.03127928916364908,1.5304903391515836,"[244047149, 407497946, 372337157, 244049389, 244048645, 372313030, 99048836, 237900005, 406973178, 191955329]","[18, 18, 18, 10, 18, 10, 18, 10, 18, 18]"
10,2,"[6, 7]",2,0.2732429374009371,0.04951521661132574,3.469508559559472,"[162571401, 582265968, 156350339, 596989224, 177718168, 156842470, 162631938, 162631950, 361359114, 301410691]","[6, 6, 6, 6, 6, 6, 6, 6, 6, 6]"
11,2,[10],1,0.04157617129385471,0.01473216898739338,1.0396909865085036,"[68763549, 560263527, 402575703, 201163987, 213711125, 247995232, 201187522, 464574682, 213711126, 28019950]","[10, 10, 10, 10, 10, 10, 10, 10, 10, 10]"
12,2,[8],1,0.062263248953968287,0.01546391611918807,1.5253760810010135,"[143285814, 398227840, 150775094, 520909276, 533066813, 416989615, 478916319, 559059925, 583463400, 255704802]","[8, 8, 8, 8, 8, 8, 8, 8, 8, 8]"
13,2,[10],1,0.0414948589168489,0.014539015013724566,1.0396909865085036,"[269953808, 270017264, 53616989, 269932498, 264374402, 21302424, 107532941, 53616990, 439849310, 441733403]","[10, 10, 10, 10, 10, 10, 10, 10, 10, 10]"
14,2,[18],1,0.08125284593552351,0.01904553407803178,2.0212896917946637,"[2930195, 304291211, 5479281, 298156409, 435890273, 300724316, 214405047, 231200670, 504375842, 531276114]","[18, 18, 18, 18, 18, 18, 18, 18, 18, 18]"
15,2,[0],1,0.06970898108556867,0.016580240800976753,1.7377481411676854,"[540834996, 425755668, 346415404, 400155932, 347682406, 548796299, 583527657, 236059986, 540791896, 318230608]","[0, 0, 0, 0, 0, 0, 0, 0, 0, 0]"
16,2,[2],1,0.08192612882703543,0.018079512286931276,1.98847675928846,"[388372331, 477914499, 94283698, 313295416, 417756224, 81047150, 287698740, 413998749, 388567738, 84783145]","[2, 2, 2, 2, 2, 2, 2, 2, 2, 2]"
17,2,[6],1,0.08077850705012679,0.01755928574129939,1.9941098913550377,"[196567304, 37592602, 119007154, 529191060, 136475651, 138777038, 596950633, 519952557, 271030616, 297127865]","[6, 6, 6, 6, 6, 6, 6, 6, 6, 6]"
18,2,"[10, 11]",2,0.15878769056871533,0.035201003309339285,1.9482983649941161,"[265372681, 211326331, 414008444, 433847464, 251637127, 20375487, 484727721, 484727704, 251637111, 149272454]","[11, 11, 11, 11, 11, 11, 11, 10, 11, 11]"
19,2,[10],1,0.04135937104001641,0.013877315912395716,1.0396909865085036,"[543565046, 419574595, 267096986, 177912169, 84150934, 430469553, 318359479, 544277476, 92241720, 519119042]","[10, 10, 10, 10, 10, 10, 10, 10, 10, 10]"
20,2,[12],1,0.12923167319968343,0.021973003167659044,3.2397337595466524,"[248237919, 161684376, 495988709, 565144556, 56535161, 336166371, 591258100, 367339701, 29705405, 229777769]","[12, 12, 12, 12, 12, 12, 12, 12, 12, 12]"
21,2,[6],1,0.08080468280240893,0.017812376376241446,1.9941098913550377,"[386500007, 553675511, 151614128, 342086583, 475316064, 432094449, 418459871, 397264316, 400925125, 515335694]","[6, 6, 6, 6, 6, 6, 6, 6, 6, 6]"
22,2,[9],1,0.049859540071338415,0.016217711847275496,1.191906210500747,"[312055544, 274860386, 513690598, 248364019, 379480485, 379878423, 480306832, 437456667, 522756405, 480445124]","[9, 9, 9, 9, 9, 9, 9, 9, 9, 9]"
23,2,[16],1,0.06468063686043024,0.017119988333433867,1.562462056055665,"[393766925, 19968356, 99327655, 596615355, 352440645, 554747697, 304593819, 438096438, 583417332, 526692998]","[16, 16, 16, 16, 16, 16, 16, 16, 16, 16]"
24,2,[6],1,0.08054433017969131,0.017421653028577566,1.9941098913550377,"[438347522, 474967492, 524160961, 37716934, 191429128, 166583047, 131316433, 139290262, 392904598, 555671028]","[6, 6, 6, 6, 6, 6, 6, 6, 6, 6]"
25,2,"[6, 7]",2,0.273929629009217,0.04830209165811539,3.469508559559472,"[275996305, 574080995, 39550384, 422125669, 575850420, 194468745, 345012085, 268603873, 39822135, 476136084]","[6, 6, 6, 6, 6, 6, 6, 6, 6, 6]"
26,2,"[3, 10]",2,0.2490101153962314,0.04058471089228988,4.268456493504345,"[9260592, 350535457, 74505530, 75050458, 505470785, 62889968, 439748953, 49433612, 422162976, 292391420]","[10, 10, 10, 10, 10, 10, 10, 10, 10, 10]"
27,2,[19],1,0.05309299612417817,0.014678440056741238,1.2741980063728988,"[342833232, 239066460, 364949379, 76823179, 464209192, 173230971, 452350578, 192881082, 397827802, 468418082]","[19, 19, 19, 19, 19, 19, 19, 19, 19, 19]"
28,2,[12],1,0.12952338624745607,0.022482638247311115,3.2397337595466524,"[580293607, 436703496, 195995390, 486542584, 410907401, 214907984, 245111306, 61133533, 274739120, 366522616]","[12, 12, 12, 12, 12, 12, 12, 12, 12, 12]"
29,2,"[4, 8]",2,0.10467612836509943,0.029352078214287758,1.2800697855418548,"[176037102, 164759875, 281743200, 220058368, 571201178, 207043861, 344036839, 544604186, 249249826, 185069916]","[8, 8, 8, 8, 8, 8, 8, 8, 8, 8]"
30,2,[10],1,0.041332713793963194,0.011834586039185524,1.0396909865085036,"[559740833, 179420810, 29977474, 490930161, 219846449, 130816816, 274659982, 274628505, 272343475, 563418351]","[10, 10, 10, 10, 10, 10, 10, 10, 10, 10]"
31,2,"[1, 13]",2,0.12400246178731322,0.030527380760759115,1.4912187543231994,"[154718683, 79169640, 263282819, 381006524, 115921841, 424881179, 406174997, 346581612, 79151500, 424861641]","[1, 1, 1, 1, 13, 1, 1, 1, 1, 1]"
32,2,[8],1,0.062642065808177,0.01646875310689211,1.5253760810010135,"[94973826, 305101499, 598687402, 266557487, 275034196, 390525573, 138602395, 49713139, 27436766, 483823371]","[8, 8, 8, 8, 8, 8, 8, 8, 8, 8]"
33,2,"[4, 18]",2,0.12578733591362834,0.03392695030197501,1.5280265909386799,"[226643905, 226643912, 559487576, 37286001, 78302557, 300324652, 52810236, 45224550, 394820965, 260683464]","[18, 18, 18, 18, 18, 18, 18, 18, 18, 18]"
34,2,[9],1,0.04986152425408363,0.018658810760825872,1.191906210500747,"[45896088, 522761063, 354553936, 572877895, 94114406, 99665505, 430200580, 29424329, 264709025, 448841795]","[9, 9, 9, 9, 9, 9, 9, 9, 9, 9]"
35,2,[11],1,0.11702178930863738,0.02254858985543251,2.8569057434797287,"[46371624, 572946019, 278189217, 573745672, 138432939, 303017606, 115222581, 392510615, 374653008, 9584071]","[11, 11, 11, 11, 11, 11, 11, 11, 11, 11]"
36,2,"[4, 7]",2,0.23500671982765198,0.04476860258728266,2.989835358923301,"[446742083, 310471342, 291262936, 208939125, 214075551, 46011837, 460339859, 408342474, 439961344, 509627286]","[7, 7, 7, 7, 4, 7, 7, 7, 7, 4]"
37,2,"[12, 14]",2,0.2159953936934471,0.05041055008769035,2.703176856855862,"[403016532, 239518483, 320010234, 434260091, 510970601, 322235737, 82778227, 346409730, 239979025, 553869760]","[12, 12, 12, 12, 12, 12, 14, 12, 12, 14]"
38,2,[8],1,0.06243364978581667,0.015452811028808355,1.5253760810010135,"[171909558, 517198530, 498409469, 188339158, 239972575, 100751935, 205361704, 504100258, 367602114, 389531874]","[8, 8, 8, 8, 8, 8, 8, 8, 8, 8]"
39,2,[15],1,0.184433797840029,0.027913255617022514,4.643395008519292,"[167139573, 22796377, 353472243, 564356343, 380659614, 325105354, 536810984, 69873730, 311564209, 69814243]","[15, 15, 15, 15, 15, 15, 15, 15, 15, 15]"
40,2,"[6, 7]",2,0.2732893698848784,0.047929161693900824,3.469508559559472,"[54598498, 593909787, 399174922, 550170954, 527104338, 359317355, 449901876, 472942335, 427168875, 288475048]","[6, 6, 6, 6, 6, 6, 7, 6, 7, 7]"
41,2,"[4, 10]",2,0.08398389955982566,0.027649927418679,1.0372272382955998,"[198985429, 138965989, 34506581, 377426780, 448875282, 259982882, 24487825, 468192883, 198068590, 476086683]","[4, 10, 4, 10, 4, 10, 10, 10, 4, 4]"
42,2,[1],1,0.04756151279434562,0.01476234383881092,1.1562415396329015,"[521012684, 489342896, 433868714, 16684904, 227461382, 524579792, 141163106, 87635642, 254389701, 48499195]","[1, 1, 1, 1, 1, 1, 1, 1, 1, 1]"
43,2,[16],1,0.06449065124616027,0.014869865030050278,1.562462056055665,"[194928968, 276066170, 229424584, 187616394, 157719374, 493402860, 178580027, 422547137, 345153317, 261971127]","[16, 16, 16, 16, 16, 16, 16, 16, 16, 16]"
44,2,[1],1,0.04794855508953333,0.014112324919551611,1.1562415396329015,"[19804762, 125079188, 544637200, 580321217, 82643689, 19700867, 246109782, 348568156, 511501683, 383442912]","[1, 1, 1, 1, 1, 1, 1, 1, 1, 1]"
45,2,"[4, 10]",2,0.08368805795907974,0.027261766139417887,1.0372272382955998,"[2193316, 134836813, 589152374, 163257263, 398803253, 338972409, 489838239, 408693927, 397930830, 426605900]","[10, 10, 10, 10, 10, 4, 4, 4, 10, 4]"
46,2,[16],1,0.06460668472573161,0.013474849984049797,1.562462056055665,"[321883357, 517409731, 320790454, 253543390, 14436664, 286970084, 88223668, 517409728, 467283941, 492436548]","[16, 16, 16, 16, 16, 16, 16, 16, 16, 16]"
47,2,[15],1,0.18327084928750992,0.02608483238145709,4.643395008519292,"[54265130, 507222371, 116982774, 322258847, 240684525, 543252372, 356588498, 322553955, 203169961, 285326272]","[15, 15, 15, 15, 15, 15, 15, 15, 15, 15]"
48,2,"[4, 9]",2,0.09214912308380008,0.029842386953532696,1.1133348502917215,"[349685072, 506863082, 200196231, 555255276, 359471757, 506957619, 506885984, 132735540, 252270696, 574429406]","[4, 4, 9, 9, 9, 9, 4, 9, 9, 4]"
49,2,"[11, 12]",2,0.24711343320086598,0.04313077125698328,3.0483197515131906,"[90462928, 128098396, 420025078, 89466144, 561335906, 130699648, 212958412, 87380864, 90182390, 545638503]","[11, 11, 11, 11, 11, 11, 12, 11, 11, 12]"
50,2,[10],1,0.04153953120112419,0.013188160955905914,1.0396909865085036,"[54376108, 319042239, 52697482, 35722197, 477178199, 392909781, 152627525, 362117898, 579340454, 513928402]","[10, 10, 10, 10, 10, 10, 10, 10, 10, 10]"
51,2,[12],1,0.1294157700613141,0.022537325974553823,3.2397337595466524,"[34036621, 46612672, 7880224, 254395414, 392125423, 556631129, 16262619, 254449532, 444172790, 2671671]","[12, 12, 12, 12, 12, 12, 12, 12, 12, 12]"
52,2,[0],1,0.06944030662998557,0.013977316208183765,1.7377481411676854,"[493163657, 115745328, 420836435, 420568680, 159999328, 241568515, 53560322, 366096616, 298246847, 25215631]","[0, 0, 0, 0, 0, 0, 0, 0, 0, 0]"
53,2,"[4, 7]",2,0.2346838042140007,0.04157309886068106,2.989835358923301,"[31677245, 16806341, 450030792, 82187818, 338764605, 72447548, 81695499, 298780966, 53168444, 85633588]","[4, 7, 4, 4, 7, 7, 4, 7, 4, 4]"
54,2,"[2, 4]",2,0.1248627551831305,0.03048091707751155,1.511620124685578,"[185617506, 97077182, 97077176, 530335186, 530429909, 521633538, 208635798, 10498406, 225865714, 388774262]","[4, 4, 4, 4, 4, 4, 4, 4, 4, 4]"
55,2,[2],1,0.08152737468481064,0.017246899660676718,1.98847675928846,"[458070540, 513243661, 130382454, 594712541, 175195938, 183829504, 432589461, 194939389, 175800336, 309536584]","[2, 2, 2, 2, 2, 2, 2, 2, 2, 2]"
56,2,[1],1,0.04772423394024372,0.013430337887257338,1.1562415396329015,"[385113286, 315279017, 375332831, 294871918, 76701081, 555713159, 448092594, 237920535, 369433639, 529403480]","[1, 1, 1, 1, 1, 1, 1, 1, 1, 1]"
57,2,"[1, 6]",2,0.12856325320899487,0.03146425122395158,1.5751757154939696,"[76378574, 76484817, 380720916, 509049685, 23656741, 191970143, 190191648, 365085081, 9105535, 118289048]","[1, 1, 1, 1, 1, 1, 1, 1, 1, 1]"
58,2,[18],1,0.08375448966398835,0.018435930367559195,2.0212896917946637,"[41980406, 111790819, 185042547, 185004784, 46002466, 216094193, 381452513, 147021458, 399812406, 53992965]","[18, 18, 18, 18, 18, 18, 18, 18, 18, 18]"
59,2,"[7, 15]",2,0.3763593779876828,0.05258720135316253,4.794151118141599,"[396834165, 118454427, 173569021, 74068784, 571257961, 579431049, 27339263, 516593817, 463581727, 182044832]","[7, 7, 7, 15, 7, 15, 7, 7, 7, 7]"
60,2,[10],1,0.04174298793077469,0.013223969377577305,1.0396909865085036,"[334864192, 36085481, 430666173, 132249408, 285556910, 9331376, 354973368, 482618356, 211888402, 430666169]","[10, 10, 10, 10, 10, 10, 10, 10, 10, 10]"
61,2,[10],1,0.041411178186535835,0.01217919634655118,1.0396909865085036,"[88413698, 152291662, 87177381, 159637364, 30327201, 298353658, 284097329, 120467136, 305976241, 494487482]","[10, 10, 10, 10, 10, 10, 10, 10, 10, 10]"
62,2,[2],1,0.08183364802971482,0.016006607096642256,1.98847675928846,"[241629397, 494241502, 12634834, 233619684, 8827094, 224387811, 456165206, 386719219, 207962499, 490674449]","[2, 2, 2, 2, 2, 2, 2, 2, 2, 2]"
63,2,[3],1,0.20693560410290956,0.028660396113991737,7.497222000500187,"[384131335, 304945662, 159909174, 550159414, 517067242, 384546828, 589048726, 381145795, 537808029, 384131336]","[3, 3, 3, 3, 3, 3, 3, 3, 3, 3]"
64,2,[1],1,0.048890095204114914,0.013988228049129248,1.1562415396329015,"[217185418, 84066849, 548226198, 19059244, 589417302, 90439601, 263706156, 542243239, 118496477, 179532987]","[1, 1, 1, 1, 1, 1, 1, 1, 1, 1]"
65,2,[18],1,0.08124458929523826,0.019208222161978483,2.0212896917946637,"[381782764, 451087032, 324725963, 198506296, 151633216, 229957763, 434535840, 489553450, 95424701, 66002721]","[18, 18, 18, 18, 18, 18, 18, 18, 18, 18]"
66,2,"[8, 10]",2,0.10359215410426259,0.028145994525402784,1.2825335337547585,"[576003819, 64707598, 374230920, 331064875, 414077422, 459471076, 267358283, 192424454, 224009294, 243360209]","[10, 10, 10, 10, 8, 10, 8, 10, 10, 10]"
67,2,"[9, 10]",2,0.09119782177731395,0.02726099779829383,1.1157985985046253,"[89146024, 564020406, 404410578, 160685693, 101976635, 524727929, 29367947, 271081031, 29213293, 29391359]","[10, 10, 9, 10, 9, 9, 10, 10, 10, 10]"
68,2,[12],1,0.12939164089038968,0.02180100278928876,3.2397337595466524,"[265582474, 143670194, 22282360, 561844575, 248190137, 97780755, 153603521, 440305694, 491097584, 423316495]","[12, 12, 12, 12, 12, 12, 12, 12, 12, 12]"
69,2,[19],1,0.05211180727928877,0.016093358863145113,1.2741980063728988,"[299503718, 547526819, 494503005, 223881798, 40933157, 501034303, 32863356, 276175577, 452879361, 94993425]","[19, 19, 19, 19, 19, 19, 19, 19, 19, 19]"
70,2,"[10, 12]",2,0.17105165449902415,0.03505370719358325,2.139712373027578,"[552822517, 243132285, 14700988, 162408577, 258532458, 481086447, 87187338, 472693134, 279383232, 22166047]","[12, 12, 12, 12, 10, 12, 10, 12, 12, 12]"
71,2,"[4, 10]",2,0.08368917880579829,0.02632524771615863,1.0372272382955998,"[573260542, 333682070, 136021710, 546025776, 271834051, 493843594, 477922653, 44392480, 478024384, 222781568]","[10, 10, 10, 10, 10, 10, 10, 10, 10, 10]"
72,2,[19],1,0.05201039928942919,0.015276874881237745,1.2741980063728988,"[446588711, 461876235, 444772633, 554055183, 324629215, 376470060, 257401844, 529203276, 132831639, 446554173]","[19, 19, 19, 19, 19, 19, 19, 19, 19, 19]"
73,2,"[12, 15]",2,0.3127763792872429,0.045253884978592396,3.941564384032972,"[540778935, 241972422, 419519921, 319120328, 569812062, 319494432, 133699417, 225385585, 207428026, 373696886]","[12, 12, 12, 12, 12, 12, 12, 12, 12, 12]"
74,2,"[6, 12]",2,0.2099186279810965,0.045228445902466774,2.616921825450845,"[265396003, 210976861, 43947376, 341032742, 344750993, 183709613, 72428980, 558944408, 114718829, 58782953]","[6, 6, 6, 6, 6, 6, 6, 6, 12, 6]"
75,2,[0],1,0.06979118986055255,0.016872051171958447,1.7377481411676854,"[263452461, 597410261, 271612684, 17100209, 367349867, 468348092, 567665902, 583748033, 529307187, 529286673]","[0, 0, 0, 0, 0, 0, 0, 0, 0, 0]"
76,2,[6],1,0.08069095481187105,0.016568849328905344,1.9941098913550377,"[329213839, 47074484, 574911367, 409696869, 575044943, 251901307, 421951907, 421905981, 331859210, 452727150]","[6, 6, 6, 6, 6, 6, 6, 6, 6, 6]"
77,2,[4],1,0.04223755095154047,0.014434118755161762,1.034763490082696,"[100806695, 492991573, 499569667, 555371788, 288761517, 59728990, 22580755, 29149633, 110999700, 199844193]","[4, 4, 4, 4, 4, 4, 4, 4, 4, 4]"
78,2,"[9, 12]",2,0.17951044673100114,0.03467709803953767,2.2158199850236997,"[190868400, 50208364, 518916099, 64430910, 448483816, 342527563, 481684555, 348344184, 18675000, 353526866]","[9, 9, 9, 12, 12, 12, 9, 12, 12, 12]"
79,2,[8],1,0.0633492711931467,0.015825901180505753,1.5253760810010135,"[547035905, 356719285, 4463986, 574548553, 156198037, 434237666, 431362334, 190418808, 237419536, 145502417]","[8, 8, 8, 8, 8, 8, 8, 8, 8, 8]"
80,2,"[4, 16]",2,0.10698228282853961,0.028450636193156242,1.2986127730691805,"[35502141, 307159838, 89952573, 195811642, 192160680, 312845800, 58729868, 367684103, 415792015, 485579401]","[16, 16, 16, 16, 16, 16, 16, 16, 16, 16]"
81,2,[19],1,0.052075070794671774,0.014631782658398151,1.2741980063728988,"[84848979, 55342692, 216612568, 20668750, 582333068, 418881242, 271669109, 567432210, 121812233, 570656850]","[19, 19, 19, 19, 19, 19, 19, 19, 19, 19]"
82,2,[10],1,0.04165380401536822,0.013075840193778276,1.0396909865085036,"[426060089, 201612617, 165409987, 285544667, 426058119, 1753283, 6857360, 558819142, 472224338, 280120899]","[10, 10, 10, 10, 10, 10, 10, 10, 10, 10]"
83,2,"[8, 15]",2,0.24566436978057027,0.04115591198205948,3.0843855447601527,"[304706368, 579712493, 27699303, 520458616, 301807532, 123093567, 415774410, 235716562, 416014811, 251093097]","[8, 8, 8, 8, 8, 8, 8, 15, 8, 8]"
84,2,[4],1,0.042090830858796835,0.013477313332259655,1.034763490082696,"[374495231, 508578037, 303765303, 303777852, 303894170, 303777853, 442539628, 303777856, 443561584, 403869029]","[4, 4, 4, 4, 4, 4, 4, 4, 4, 4]"
85,2,[15],1,0.18522564321756363,0.02358907600864768,4.643395008519292,"[135859681, 487529913, 390082707, 253724408, 242283427, 142041489, 310574017, 162218567, 141018895, 336910204]","[15, 15, 15, 15, 15, 15, 15, 15, 15, 15]"
86,2,"[9, 12]",2,0.18042085273191333,0.03840306680649519,2.2158199850236997,"[590481425, 465696629, 267826711, 303065933, 519676012, 415423834, 288272199, 525553546, 525333814, 100666061]","[12, 9, 9, 9, 12, 12, 12, 9, 12, 9]"
87,2,"[0, 14]",2,0.156111357267946,0.034002214670181274,1.9521840476663783,"[505650686, 491044044, 220173209, 571636931, 226991267, 498922512, 332663055, 498922511, 127347809, 576357938]","[0, 0, 0, 0, 0, 0, 0, 0, 0, 0]"
88,2,"[4, 7]",2,0.23505951836705208,0.0436405329965055,2.989835358923301,"[272691094, 167407740, 283463728, 254672467, 523517352, 361223017, 51677329, 165066249, 359020492, 530690536]","[4, 7, 7, 4, 4, 4, 7, 4, 4, 4]"
89,2,[0],1,0.0694809160195291,0.014146212954074144,1.7377481411676854,"[388898852, 93028096, 162226153, 112065139, 431801735, 316809578, 96753724, 312077492, 98261118, 330823363]","[0, 0, 0, 0, 0, 0, 0, 0, 0, 0]"
90,2,[6],1,0.08097118139266968,0.017721205949783325,1.9941098913550377,"[383639438, 160144202, 522129904, 482672322, 411802593, 131364422, 411802613, 599542561, 165739048, 441837004]","[6, 6, 6, 6, 6, 6, 6, 6, 6, 6]"
91,2,"[10, 15]",2,0.22492148401215672,0.03690290218219161,2.8415429975138977,"[82086421, 70816863, 454349948, 409271549, 232008837, 578807736, 402206210, 146183622, 409271548, 203598735]","[10, 10, 15, 10, 15, 10, 15, 15, 10, 10]"
92,2,[2],1,0.08167323190718889,0.015759597066789865,1.98847675928846,"[186913484, 186913483, 308965505, 453058695, 96335462, 489583657, 116054388, 391555290, 444394351, 96730893]","[2, 2, 2, 2, 2, 2, 2, 2, 2, 2]"
93,2,"[12, 13]",2,0.20278457645326853,0.04955896269530058,2.532964864280075,"[377891207, 160632588, 160632589, 472766947, 160632606, 477426557, 160632619, 466485235, 18201100, 465442862]","[12, 13, 13, 12, 13, 12, 13, 12, 13, 13]"
94,2,[15],1,0.18305417615920305,0.02818397805094719,4.643395008519292,"[224559782, 59486559, 245470336, 353902440, 267224959, 353517623, 226300732, 72141586, 94152026, 353811955]","[15, 15, 15, 15, 15, 15, 15, 15, 15, 15]"
95,2,"[2, 11]",2,0.19862567586824298,0.037734073121100664,2.4226912513840944,"[544083532, 29468341, 463787733, 8123432, 228112640, 103144279, 196792996, 475908622, 238299490, 274798024]","[2, 11, 2, 11, 11, 2, 2, 11, 2, 11]"
96,2,"[1, 16]",2,0.11297082435339689,0.028457610867917538,1.3593517978442833,"[319468212, 439330040, 26985469, 292698942, 281685147, 410577723, 126624230, 471735934, 429300280, 436706979]","[16, 1, 1, 16, 16, 16, 16, 16, 1, 16]"
97,2,"[1, 15]",2,0.2316288137808442,0.040941799990832806,2.8998182740760967,"[115689543, 474323315, 259914297, 390912880, 537760475, 585989401, 214100017, 42978861, 595159903, 202354548]","[15, 15, 1, 1, 15, 15, 1, 1, 1, 1]"
98,2,"[7, 16]",2,0.2580040777102113,0.04558646213263273,3.2536846419097856,"[293850217, 465034186, 436051257, 221883577, 421810546, 161392632, 9859358, 385296377, 436051261, 43341350]","[16, 16, 16, 16, 16, 16, 16, 16, 16, 16]"
99,2,[1],1,0.04764122515916824,0.013340993784368038,1.1562415396329015,"[425207392, 433505913, 277529667, 400813724, 253407975, 302092542, 456915022, 411858689, 519964394, 290312855]","[1, 1, 1, 1, 1, 1, 1, 1, 1, 1]"
100,2,"[16, 18]",2,0.14590241014957428,0.03196930792182684,1.7918758739251643,"[189226163, 402269380, 477677333, 223659315, 231583392, 132459321, 460146893, 455867147, 231761919, 477744659]","[16, 16, 16, 16, 16, 16, 16, 16, 16, 16]"
101,2,"[4, 10]",2,0.08362956158816814,0.029805809259414673,1.0372272382955998,"[253814188, 547765493, 448534146, 397641229, 560850266, 245755937, 213266945, 70411083, 426928287, 471967595]","[4, 4, 4, 10, 10, 4, 4, 10, 4, 10]"
102,2,"[2, 12]",2,0.21223502326756716,0.0386495660059154,2.6141052594175562,"[192006529, 545815969, 321173119, 140382556, 594503539, 466518132, 587927733, 344348550, 371834430, 344215993]","[2, 12, 2, 12, 2, 2, 12, 2, 2, 2]"
103,2,[18],1,0.0809768121689558,0.017886935733258724,2.0212896917946637,"[539756890, 134163922, 317588956, 280183732, 134163928, 447010537, 517535486, 539756918, 442312471, 40081468]","[18, 18, 18, 18, 18, 18, 18, 18, 18, 18]"
104,2,[16],1,0.06468741968274117,0.013705634977668524,1.562462056055665,"[565127133, 94075061, 359151986, 30766971, 175795082, 533903570, 569098467, 336378619, 237949840, 175783929]","[16, 16, 16, 16, 16, 16, 16, 16, 16, 16]"
105,2,"[10, 12]",2,0.17155027855187654,0.03502244362607598,2.139712373027578,"[217785503, 159600953, 579902028, 323935748, 573709832, 28875190, 497452100, 227360900, 377034966, 183296170]","[12, 10, 12, 10, 10, 12, 12, 12, 10, 12]"
106,2,"[10, 15]",2,0.2268087901175022,0.03792540170252323,2.8415429975138977,"[354863233, 596411782, 488736926, 167418361, 497828607, 517538865, 166627376, 474313732, 517615866, 490033426]","[15, 10, 15, 15, 10, 15, 15, 10, 15, 10]"
107,2,"[9, 16]",2,0.11500200303271413,0.027420422062277794,1.377184133278206,"[207582783, 391933905, 558808814, 344954979, 67032319, 83845571, 31376186, 285595265, 415902642, 156660622]","[16, 16, 16, 9, 16, 16, 16, 16, 16, 16]"
108,2,"[4, 8]",2,0.10423743817955256,0.03128357697278261,1.2800697855418548,"[303715459, 188559814, 137426586, 148849601, 574013841, 404737939, 339102350, 41156802, 130663899, 541668734]","[4, 4, 4, 8, 4, 4, 8, 8, 8, 8]"
109,2,[3],1,0.20723109506070614,0.02655699383467436,7.497222000500187,"[339155718, 148334984, 136102942, 478206656, 165469929, 137930305, 85347169, 63179632, 452616940, 30520226]","[3, 3, 3, 3, 3, 3, 3, 3, 3, 3]"
110,2,[19],1,0.052357951644808054,0.01530167507007718,1.2741980063728988,"[385769113, 203104715, 40283770, 154270230, 575804413, 368671839, 535765400, 278682383, 448785531, 545804838]","[19, 19, 19, 19, 19, 19, 19, 19, 19, 19]"
111,2,[2],1,0.08174910396337509,0.015985774341970682,1.98847675928846,"[161416661, 9980046, 563384146, 268291633, 555749580, 385787014, 83072068, 83072044, 294435903, 405546040]","[2, 2, 2, 2, 2, 2, 2, 2, 2, 2]"
112,2,[4],1,0.042137870099395514,0.013835587538778782,1.034763490082696,"[591528875, 33406776, 25131839, 322581294, 109714533, 183483528, 588132377, 532541207, 74877858, 122220727]","[4, 4, 4, 4, 4, 4, 4, 4, 4, 4]"
113,2,"[0, 18]",2,0.15065024234354496,0.038196378853172064,1.8795189164811745,"[449302526, 33285225, 440082159, 44646774, 583638774, 148968466, 446868315, 97507231, 592718172, 88836019]","[0, 0, 0, 0, 0, 18, 0, 18, 0, 0]"
114,2,"[13, 14]",2,0.15973729360848665,0.03570087859407067,1.9964079615892842,"[289481900, 84488124, 401562638, 579413241, 565148243, 490206599, 564977702, 388675614, 431046505, 565148244]","[14, 14, 14, 14, 14, 14, 14, 14, 14, 14]"
115,2,"[6, 12]",2,0.20994352409616113,0.04099952895194292,2.616921825450845,"[512224738, 49959631, 68025475, 44640260, 75037765, 93209870, 323500315, 44688408, 252094346, 75037766]","[6, 6, 6, 6, 6, 6, 12, 6, 12, 12]"
116,2,"[6, 10]",2,0.12253672676160932,0.03339040372520685,1.5169004389317706,"[10791807, 587255650, 72710750, 331590051, 387997237, 219452106, 587239301, 448218257, 119156000, 487457771]","[6, 6, 6, 10, 6, 6, 6, 10, 6, 6]"
117,2,"[1, 14]",2,0.1378400670364499,0.03330665873363614,1.6614307468989864,"[252015351, 107765794, 64921798, 310338841, 428193560, 328472039, 364912556, 102240323, 380796894, 306842771]","[14, 14, 14, 14, 14, 14, 14, 14, 14, 14]"
118,2,[15],1,0.1836005779914558,0.02355080284178257,4.643395008519292,"[221811232, 482814534, 122131117, 161855888, 566660059, 107089852, 5630875, 331163446, 203502555, 461501744]","[15, 15, 15, 15, 15, 15, 15, 15, 15, 15]"
119,2,[8],1,0.06253496184945107,0.016533328220248222,1.5253760810010135,"[555158006, 497606658, 157881196, 7848153, 131148045, 560512106, 125075691, 244236527, 42764338, 447520123]","[8, 8, 8, 8, 8, 8, 8, 8, 8, 8]"
120,2,[16],1,0.0647366689518094,0.015455820132046938,1.562462056055665,"[432278520, 374950273, 61307981, 476045260, 337860279, 193575861, 38610481, 33841849, 520818354, 63300477]","[16, 16, 16, 16, 16, 16, 16, 16, 16, 16]"
121,2,[1],1,0.04768292186781764,0.01344979414716363,1.1562415396329015,"[259071515, 437317368, 44402102, 260956334, 144942406, 302150947, 453704331, 144832277, 49842008, 554918483]","[1, 1, 1, 1, 1, 1, 1, 1, 1, 1]"
122,2,[16],1,0.06457791570574045,0.01564436499029398,1.562462056055665,"[151534257, 516252519, 555103126, 163988011, 554943677, 151362101, 163988086, 474583342, 516068926, 104732148]","[16, 16, 16, 16, 16, 16, 16, 16, 16, 16]"
123,2,"[9, 15]",2,0.2337893028743565,0.04646490002050996,2.9176506095100194,"[300487777, 255941866, 502307656, 447133201, 512724355, 562176316, 419838996, 510473510, 272978104, 188663422]","[9, 9, 15, 15, 15, 15, 15, 15, 15, 9]"
124,2,[4],1,0.04240673594176769,0.013592386152595282,1.034763490082696,"[263523991, 4467894, 594049260, 574591562, 146211248, 594381977, 113810210, 313209066, 382662910, 269060591]","[4, 4, 4, 4, 4, 4, 4, 4, 4, 4]"
125,2,[10],1,0.04145409120246768,0.012919550761580467,1.0396909865085036,"[336266842, 366064393, 287778844, 387750845, 17940914, 281015131, 129801298, 380909152, 180161916, 388909154]","[10, 10, 10, 10, 10, 10, 10, 10, 10, 10]"
126,2,"[2, 3]",2,0.289562922436744,0.04212036542594433,4.742849379894324,"[204061776, 105410561, 553997511, 405371876, 487568800, 292703334, 342987249, 464685324, 85182022, 489335641]","[3, 3, 3, 3, 3, 3, 3, 2, 3, 2]"
127,2,[15],1,0.1836637146770954,0.028306730091571808,4.643395008519292,"[311001270, 560340263, 20746911, 20746913, 550733200, 212286888, 452529664, 48231564, 6224855, 128202593]","[15, 15, 15, 15, 15, 15, 15, 15, 15, 15]"
128,2,[10],1,0.04183834884315729,0.012559677008539438,1.0396909865085036,"[290366674, 41302095, 330445947, 143893549, 146982768, 125433616, 361198657, 348773765, 143215502, 452127012]","[10, 10, 10, 10, 10, 10, 10, 10, 10, 10]"
129,2,[0],1,0.06940133217722178,0.016065966337919235,1.7377481411676854,"[448137091, 448392286, 472945285, 103233960, 112127662, 581710544, 508761575, 73854731, 573135295, 81163651]","[0, 0, 0, 0, 0, 0, 0, 0, 0, 0]"
130,2,[8],1,0.06238644989207387,0.016357327811419964,1.5253760810010135,"[21237069, 485774954, 571425930, 73294531, 492891160, 74450929, 534267918, 78819548, 592798190, 534216887]","[8, 8, 8, 8, 8, 8, 8, 8, 8, 8]"
131,2,"[3, 6]",2,0.2899371311068535,0.04528499022126198,4.7456659459276125,"[302492227, 347325080, 271296477, 442138457, 254303757, 340872446, 37155294, 99539594, 547957457, 472723687]","[3, 3, 6, 6, 6, 6, 3, 3, 6, 3]"
132,2,[8],1,0.062444753013551235,0.017211988102644682,1.5253760810010135,"[467942678, 420150266, 394600789, 407503550, 460645518, 66305844, 466358760, 480058543, 7020747, 193942025]","[8, 8, 8, 8, 8, 8, 8, 8, 8, 8]"
133,2,"[7, 16]",2,0.26195312198251486,0.04092752793803811,3.2536846419097856,"[27638381, 278367015, 267911998, 210299071, 548699003, 59965538, 99250661, 70726562, 96656617, 309120002]","[16, 16, 16, 16, 16, 16, 16, 16, 16, 16]"
134,2,"[4, 19]",2,0.09455969510599971,0.03212642949074507,1.1544807482277974,"[135549895, 143589485, 307960537, 4270688, 272760053, 107046204, 64887395, 563820449, 385745949, 211438933]","[4, 4, 4, 4, 4, 4, 4, 4, 4, 4]"
135,2,[15],1,0.1837039072997868,0.028180425986647606,4.643395008519292,"[332916842, 17262987, 585545534, 366376880, 353502752, 570277472, 416254892, 205309529, 569262416, 466439483]","[15, 15, 15, 15, 15, 15, 15, 15, 15, 15]"
136,2,"[9, 19]",2,0.1019423883408308,0.03284595161676407,1.233052108436823,"[115678467, 138660787, 322208855, 103505158, 575231737, 534529739, 549748325, 231814885, 204315853, 585315452]","[9, 9, 9, 9, 19, 9, 9, 9, 9, 19]"
137,2,"[10, 12]",2,0.1715611917898059,0.03506810823455453,2.139712373027578,"[120768413, 567764785, 567693048, 460885708, 574450670, 567700714, 583042124, 18580703, 183749417, 464006014]","[12, 12, 12, 12, 12, 12, 12, 12, 12, 12]"
138,2,[18],1,0.0817355359904468,0.018921915907412767,2.0212896917946637,"[116889780, 315408916, 382484035, 177901450, 478663591, 267907949, 309213842, 357571673, 116892332, 119641932]","[18, 18, 18, 18, 18, 18, 18, 18, 18, 18]"
139,2,"[10, 12]",2,0.17125331796705723,0.0338623421266675,2.139712373027578,"[181851759, 379011445, 558091414, 555205646, 556446121, 555205647, 537076483, 166091208, 356562303, 449291749]","[12, 12, 12, 12, 12, 10, 12, 12, 12, 12]"
140,2,"[6, 12]",2,0.21037773275747895,0.03961341083049774,2.616921825450845,"[582402075, 172668992, 151201873, 535504318, 454047548, 204333902, 542298378, 417872236, 43870016, 314321643]","[6, 6, 6, 6, 6, 6, 6, 6, 6, 6]"
141,2,"[10, 12]",2,0.17136784689500928,0.03681941190734506,2.139712373027578,"[537721664, 301553447, 256343955, 115983765, 413477262, 416729267, 211422803, 574874608, 241895279, 581468752]","[12, 12, 12, 12, 12, 12, 12, 12, 10, 12]"
142,2,[4],1,0.04259166540578008,0.013900803867727518,1.034763490082696,"[371880725, 371828666, 371883663, 195213819, 285267748, 195276034, 401566150, 132094197, 109876089, 144147132]","[4, 4, 4, 4, 4, 4, 4, 4, 4, 4]"
143,2,"[2, 4]",2,0.12370198220014572,0.031505083199590445,1.511620124685578,"[568603293, 438474876, 108137780, 193237893, 324003770, 568595552, 581712249, 369049065, 55729924, 518618910]","[4, 4, 4, 4, 4, 4, 4, 4, 4, 4]"
144,2,[2],1,0.08176267333328724,0.016569296829402447,1.98847675928846,"[311197008, 28542321, 94886358, 470289830, 404809611, 61988430, 200639384, 467036186, 429555236, 491695155]","[2, 2, 2, 2, 2, 2, 2, 2, 2, 2]"
145,2,"[12, 16]",2,0.1956949420273304,0.036897493060678244,2.4010979078011587,"[564334797, 262786726, 570321692, 313084790, 523351586, 35506465, 269483341, 497892071, 138732571, 211370494]","[16, 16, 12, 16, 12, 16, 16, 16, 16, 16]"
146,2,"[1, 3]",2,0.2548491833731532,0.038238491863012314,4.326731770066544,"[282835417, 576824951, 94479661, 198383382, 469531690, 415237356, 320993321, 557146566, 187314933, 547914671]","[1, 1, 1, 1, 1, 1, 1, 1, 1, 1]"
147,2,"[3, 6]",2,0.28863674122840166,0.048243468161672354,4.7456659459276125,"[325077166, 325077150, 95892057, 395590594, 458270749, 258982781, 87742785, 454406652, 296064038, 80319033]","[6, 6, 3, 6, 6, 6, 6, 6, 6, 6]"
148,2,[3],1,0.20705275796353817,0.02841015486046672,7.497222000500187,"[71280009, 546455453, 95635881, 400278764, 509200431, 163464817, 163424852, 507441751, 503261427, 510645792]","[3, 3, 3, 3, 3, 3, 3, 3, 3, 3]"
149,2,[10],1,0.041638731956481934,0.012705117929726839,1.0396909865085036,"[541511178, 541511182, 194085273, 43236799, 541511183, 245424510, 194125449, 270684300, 23781916, 250027846]","[10, 10, 10, 10, 10, 10, 10, 10, 10, 10]"
150,2,[19],1,0.05205612629652023,0.01668683299794793,1.2741980063728988,"[132817667, 564097636, 59680335, 37010459, 195097925, 294937515, 318963254, 409419718, 244794993, 85163744]","[19, 19, 19, 19, 19, 19, 19, 19, 19, 19]"
151,2,[16],1,0.06463897181674838,0.016666865907609463,1.562462056055665,"[579272775, 198792342, 119054950, 428817812, 122498423, 348551822, 140935518, 71588031, 343321797, 334775338]","[16, 16, 16, 16, 16, 16, 16, 16, 16, 16]"
152,2,[8],1,0.062148463912308216,0.015705645084381104,1.5253760810010135,"[105570492, 435767109, 599941963, 276670669, 262073926, 559609191, 43820742, 466590980, 313044219, 483285136]","[8, 8, 8, 8, 8, 8, 8, 8, 8, 8]"
153,2,"[4, 9]",2,0.09269017959013581,0.027616933453828096,1.1133348502917215,"[90922693, 580125627, 77621675, 486877138, 25465135, 14364632, 60120932, 13266161, 359574809, 579459104]","[9, 9, 9, 9, 9, 9, 9, 9, 9, 9]"
154,2,[18],1,0.08236776292324066,0.01773096714168787,2.0212896917946637,"[115100181, 356919727, 223545910, 552611349, 228977617, 67552775, 25488434, 85002289, 565728022, 282021675]","[18, 18, 18, 18, 18, 18, 18, 18, 18, 18]"
155,2,[16],1,0.06479449290782213,0.01563351694494486,1.562462056055665,"[227716460, 437534632, 563016460, 595899684, 528585632, 519476207, 401045029, 242093159, 345423960, 181561685]","[16, 16, 16, 16, 16, 16, 16, 16, 16, 16]"
156,2,[1],1,0.04767316114157438,0.012587933335453272,1.1562415396329015,"[561574493, 538941863, 461504633, 2155163, 348526226, 304166265, 446030645, 194953949, 194960142, 215311216]","[1, 1, 1, 1, 1, 1, 1, 1, 1, 1]"
157,2,"[1, 14]",2,0.1338344467803836,0.03007627511397004,1.6614307468989864,"[477806359, 217514137, 523159681, 22404047, 519269859, 340048858, 502238607, 38899035, 186351142, 575206129]","[1, 14, 1, 1, 1, 1, 1, 1, 1, 1]"
158,2,"[3, 7]",2,0.4019207190722227,0.058571710251271725,6.221064614132047,"[98895669, 538157276, 538157278, 214770367, 187802081, 512430086, 595877096, 297563233, 274226586, 20638752]","[7, 3, 3, 7, 7, 7, 7, 7, 7, 3]"
159,2,"[9, 12]",2,0.17971915239468217,0.034415464382618666,2.2158199850236997,"[536122103, 355775384, 55088653, 55032120, 443901149, 318878112, 239898045, 50819161, 423985729, 590821480]","[12, 12, 12, 12, 12, 12, 12, 12, 12, 12]"
160,2,"[0, 9]",2,0.11942595988512039,0.0318704922683537,1.4648271758342162,"[339874296, 588889555, 16998124, 256084857, 594864224, 539182317, 9400555, 211328895, 37890588, 358611185]","[9, 9, 0, 9, 9, 0, 9, 9, 9, 0]"
161,2,"[8, 9]",2,0.11217917175963521,0.03072498319670558,1.3586411457508802,"[44065614, 179348278, 196227061, 43290414, 398670924, 406460569, 364911082, 495915116, 556150387, 207472696]","[8, 8, 8, 9, 8, 8, 8, 8, 8, 8]"
162,2,[19],1,0.052483039908111095,0.0155288758687675,1.2741980063728988,"[462645119, 388652486, 153661435, 565544142, 445368645, 565460626, 355632230, 76411745, 504125970, 107982358]","[19, 19, 19, 19, 19, 19, 19, 19, 19, 19]"
163,2,[9],1,0.049906676169484854,0.014045061077922583,1.191906210500747,"[377887185, 86523242, 40695529, 446655610, 593763692, 283805603, 494931706, 105029832, 320493243, 511619287]","[9, 9, 9, 9, 9, 9, 9, 9, 9, 9]"
164,2,[19],1,0.05311933206394315,0.017713814042508602,1.2741980063728988,"[382825464, 382791356, 139798550, 241518463, 139661159, 197122395, 197307204, 172313904, 177822160, 256633614]","[19, 19, 19, 19, 19, 19, 19, 19, 19, 19]"
165,2,[1],1,0.04758023330941796,0.01379581168293953,1.1562415396329015,"[225308057, 236165849, 551637064, 271202674, 343508960, 225294851, 378929497, 414598141, 216633273, 229001909]","[1, 1, 1, 1, 1, 1, 1, 1, 1, 1]"
166,2,"[2, 4]",2,0.12404086301103234,0.033437955658882856,1.511620124685578,"[469502761, 449429478, 408767841, 449228667, 91063653, 87664472, 188483153, 423521800, 436119478, 85401590]","[2, 2, 2, 2, 2, 2, 2, 2, 2, 2]"
167,2,[18],1,0.08129095658659935,0.01852338621392846,2.0212896917946637,"[552398440, 434403792, 284648471, 288278174, 424441183, 282739756, 164197040, 354578788, 404493093, 86834873]","[18, 18, 18, 18, 18, 18, 18, 18, 18, 18]"
168,2,"[6, 18]",2,0.1630496308207512,0.03821410704404116,2.0076997915748507,"[244510764, 397488901, 306509257, 66921421, 133988263, 546401277, 136010040, 119908493, 459311214, 434780604]","[6, 6, 18, 6, 18, 6, 6, 6, 6, 6]"
169,2,[19],1,0.05216195061802864,0.01611758302897215,1.2741980063728988,"[496007121, 125640005, 14409541, 146605441, 375462570, 347580490, 508260488, 15457791, 140065711, 588342549]","[19, 19, 19, 19, 19, 19, 19, 19, 19, 19]"
170,2,"[4, 9]",2,0.09204797120764852,0.031581306364387274,1.1133348502917215,"[479731829, 424787647, 298811605, 479731831, 308801176, 424779734, 36413806, 349768992, 298909856, 529737395]","[9, 4, 9, 4, 9, 4, 4, 4, 4, 4]"
171,2,"[4, 18]",2,0.12381426990032196,0.03127343347296119,1.5280265909386799,"[276967714, 238030946, 574034175, 264597840, 363692378, 243061326, 493302196, 44751046, 114940468, 352412947]","[4, 18, 18, 18, 18, 4, 18, 18, 18, 4]"
172,2,"[9, 10]",2,0.09109587082639337,0.02592678228393197,1.1157985985046253,"[436963377, 41425998, 573923195, 200860855, 432120631, 234428732, 39364833, 353743490, 303611741, 463138820]","[10, 10, 10, 10, 10, 10, 10, 10, 10, 10]"
173,2,"[6, 18]",2,0.16198386484757066,0.03795317839831114,2.0076997915748507,"[421516192, 123334203, 334586467, 123334202, 420097424, 396249398, 508078072, 357285491, 338106395, 432729142]","[6, 6, 6, 6, 6, 6, 6, 6, 6, 6]"
174,2,"[7, 18]",2,0.27443312061950564,0.04680199036374688,3.483098459779285,"[66236774, 335251301, 110095053, 171769894, 240563277, 66243966, 346573541, 247553257, 456570413, 459860438]","[18, 7, 7, 7, 18, 18, 7, 7, 7, 7]"
175,2,[10],1,0.041642090771347284,0.012206075247377157,1.0396909865085036,"[117436995, 529364040, 493597761, 548840527, 549319923, 405522861, 207151906, 549325063, 589583790, 118266554]","[10, 10, 10, 10, 10, 10, 10, 10, 10, 10]"
176,2,[19],1,0.05225558299571276,0.015959886834025383,1.2741980063728988,"[505163271, 125805490, 564320947, 150867596, 441812457, 343791582, 225892869, 583837932, 323300926, 157309807]","[19, 19, 19, 19, 19, 19, 19, 19, 19, 19]"
177,2,"[6, 7]",2,0.2751751714386046,0.05005915695801377,3.469508559559472,"[208676328, 548504950, 293440723, 407713546, 91053222, 322149623, 305843745, 25931054, 402465472, 198525557]","[7, 7, 6, 6, 6, 7, 7, 7, 6, 7]"
178,2,"[10, 18]",2,0.12293816823512316,0.03265913715586066,1.5304903391515836,"[308670354, 267011792, 592022775, 475784296, 551569304, 323250630, 172532783, 95806496, 579008438, 291520019]","[18, 18, 18, 18, 18, 18, 18, 18, 10, 18]"
179,2,[10],1,0.042059565894305706,0.014773608185350895,1.0396909865085036,"[482513369, 190953394, 218790679, 306209950, 23390111, 482472573, 382878550, 281989583, 288204887, 482472580]","[10, 10, 10, 10, 10, 10, 10, 10, 10, 10]"
180,2,[9],1,0.05051871109753847,0.015425164252519608,1.191906210500747,"[550905159, 246634158, 476949661, 157783429, 222413070, 320641167, 94727527, 417339932, 112656607, 496177957]","[9, 9, 9, 9, 9, 9, 9, 9, 9, 9]"
181,2,"[11, 15]",2,0.30072483140975237,0.051788702607154846,3.7501503759995103,"[460349990, 164775229, 545020148, 253605116, 451282112, 489718353, 545301961, 511608339, 59388290, 259765943]","[11, 11, 11, 11, 11, 11, 11, 11, 11, 11]"
182,2,[18],1,0.0824444042518735,0.01829832885414362,2.0212896917946637,"[254509575, 553072338, 34127478, 269396313, 526098036, 586588591, 451929378, 414627324, 417780244, 570117073]","[18, 18, 18, 18, 18, 18, 18, 18, 18, 18]"
183,2,[16],1,0.0648810206912458,0.014573607128113508,1.562462056055665,"[103572512, 218500680, 69235722, 227639106, 326841520, 23055104, 366728558, 86445881, 353530693, 363464748]","[16, 16, 16, 16, 16, 16, 16, 16, 16, 16]"
184,2,[11],1,0.11774358386173844,0.02103063091635704,2.8569057434797287,"[202398807, 573977570, 285208869, 49493021, 466627293, 49429263, 234142149, 234457884, 178518142, 348530845]","[11, 11, 11, 11, 11, 11, 11, 11, 11, 11]"
185,2,"[12, 15]",2,0.31459293188527226,0.04800692293792963,3.941564384032972,"[150729893, 48954299, 487167005, 465429198, 146461299, 248530841, 282144585, 236721360, 326395934, 41935314]","[12, 15, 12, 12, 15, 15, 15, 15, 15, 15]"
186,2,[1],1,0.047810730058699846,0.013325056992471218,1.1562415396329015,"[250181636, 95901209, 250214702, 188091529, 28348846, 512314806, 103465531, 270447319, 320192775, 327830884]","[1, 1, 1, 1, 1, 1, 1, 1, 1, 1]"
187,2,[10],1,0.04153693886473775,0.013913956005126238,1.0396909865085036,"[199342980, 84693467, 84867293, 365170347, 250757343, 352397999, 122938586, 134842675, 526629069, 376479274]","[10, 10, 10, 10, 10, 10, 10, 10, 10, 10]"
188,2,[10],1,0.041642092168331146,0.013267488684505224,1.0396909865085036,"[334562342, 334598495, 334598493, 168176079, 334501887, 375110893, 116216281, 117751874, 115872543, 168295608]","[10, 10, 10, 10, 10, 10, 10, 10, 10, 10]"
189,2,"[4, 8]",2,0.10458271903917193,0.0302410121075809,1.2800697855418548,"[6355308, 412575020, 194819497, 273536667, 285653238, 96633217, 72834924, 177399658, 318463906, 71592761]","[8, 8, 8, 8, 8, 8, 8, 8, 8, 8]"
190,2,[6],1,0.080805036239326,0.018436729907989502,1.9941098913550377,"[344564768, 191845909, 35045917, 301643958, 344703644, 492702621, 231678489, 578354095, 394112207, 76111270]","[6, 6, 6, 6, 6, 6, 6, 6, 6, 6]"
191,2,[2],1,0.08160487888380885,0.01821896992623806,1.98847675928846,"[171442642, 32631619, 335520897, 501602611, 432581730, 546251617, 361241062, 494548963, 352322111, 486414421]","[2, 2, 2, 2, 2, 2, 2, 2, 2, 2]"
192,2,[11],1,0.1170342369005084,0.02023027464747429,2.8569057434797287,"[318392068, 117568705, 320139952, 549951739, 2916007, 457005169, 66118274, 389366056, 98581984, 289795814]","[11, 11, 11, 11, 11, 11, 11, 11, 11, 11]"
193,2,[6],1,0.08070628298446536,0.016579984687268734,1.9941098913550377,"[538484149, 226255915, 538512593, 260666, 485981084, 153495727, 266275898, 478586406, 300018527, 511293266]","[6, 6, 6, 6, 6, 6, 6, 6, 6, 6]"
194,2,"[3, 13]",2,0.28079126216471195,0.04735021525993943,4.661708984756842,"[313600579, 10172977, 572186396, 548240362, 462480922, 478226485, 470251629, 572678835, 235126155, 11734662]","[13, 3, 3, 3, 3, 3, 3, 3, 3, 3]"
195,2,[4],1,0.0433597001247108,0.014451846946030855,1.034763490082696,"[362343117, 284531044, 340689957, 329153369, 390289754, 143120312, 222551320, 19060061, 585852409, 260877789]","[4, 4, 4, 4, 4, 4, 4, 4, 4, 4]"
196,2,"[6, 10]",2,0.12341503612697124,0.029597041197121143,1.5169004389317706,"[306931078, 405845132, 82312785, 168998111, 120938282, 432681985, 511250089, 327950004, 352312163, 235087676]","[6, 6, 6, 6, 6, 6, 6, 6, 6, 6]"
197,2,[12],1,0.13000294100493193,0.021920811384916306,3.2397337595466524,"[434719975, 472032412, 324237631, 520654767, 442910672, 396281211, 519747256, 520708963, 3086313, 520654769]","[12, 12, 12, 12, 12, 12, 12, 12, 12, 12]"
198,2,[19],1,0.05230316799134016,0.017620630096644163,1.2741980063728988,"[117765081, 373308842, 190182926, 207357695, 150867596, 329067235, 57539513, 144646103, 359502231, 523309804]","[19, 19, 19, 19, 19, 19, 19, 19, 19, 19]"
199,2,"[9, 19]",2,0.10231358837336302,0.030107443686574697,1.233052108436823,"[161356029, 54506849, 44487264, 387032307, 161446401, 6822141, 129685551, 64708726, 132931482, 196552966]","[9, 9, 9, 9, 19, 9, 9, 9, 9, 9]"
200,2,[15],1,0.18350893119350076,0.02373102819547057,4.643395008519292,"[175096196, 260860729, 381846485, 296481143, 100710622, 397088663, 199360428, 175919348, 120517343, 515305740]","[15, 15, 15, 15, 15, 15, 15, 15, 15, 15]"
201,2,"[7, 18]",2,0.2742726057767868,0.04918116983026266,3.483098459779285,"[192395646, 90855074, 37233593, 37233594, 90855069, 90855072, 397185503, 205513516, 171362839, 90855070]","[18, 18, 18, 18, 18, 7, 18, 18, 7, 7]"
202,2,[10],1,0.041630732361227274,0.013788995798677206,1.0396909865085036,"[377330137, 97447570, 30899884, 171581726, 189127591, 243250532, 231977139, 410312031, 377795053, 505238245]","[10, 10, 10, 10, 10, 10, 10, 10, 10, 10]"
203,2,"[10, 12]",2,0.17119638854637742,0.03833711612969637,2.139712373027578,"[205637431, 304503096, 484396091, 39186597, 370398741, 539696123, 120063946, 408010886, 277749388, 74049386]","[12, 12, 12, 10, 12, 12, 12, 12, 10, 12]"
204,2,"[9, 10]",2,0.09153670398518443,0.0318924761377275,1.1157985985046253,"[575735573, 119116526, 513330716, 358419389, 471134691, 259985874, 151143708, 255555166, 44713919, 258577666]","[9, 10, 9, 9, 9, 9, 9, 9, 10, 10]"
205,2,"[4, 15]",2,0.22768156416714191,0.03945475211367011,2.839079249300994,"[428522198, 545767797, 387913779, 433459483, 21483256, 579460359, 293211389, 61056444, 452129664, 239487890]","[15, 15, 4, 15, 4, 15, 4, 4, 15, 15]"
206,2,[16],1,0.06605222728103399,0.016409137286245823,1.562462056055665,"[190700844, 136395417, 488840874, 481299369, 488773708, 267748222, 263187519, 75870846, 190684424, 304627095]","[16, 16, 16, 16, 16, 16, 16, 16, 16, 16]"
207,2,[19],1,0.052116958890110254,0.015075305942445993,1.2741980063728988,"[80352651, 258132591, 599103989, 269933265, 172759973, 279711769, 278797888, 492165791, 157303392, 547297128]","[19, 19, 19, 19, 19, 19, 19, 19, 19, 19]"
208,2,[10],1,0.0414808108471334,0.014822376891970634,1.0396909865085036,"[561236930, 335134646, 572823003, 336144356, 237006714, 70000027, 471514565, 431304777, 47583460, 378260293]","[10, 10, 10, 10, 10, 10, 10, 10, 10, 10]"
209,2,[8],1,0.06223108805716038,0.01483664894476533,1.5253760810010135,"[457932028, 424620168, 270001057, 126485989, 494806968, 74788566, 192111966, 411217520, 474884568, 499019896]","[8, 8, 8, 8, 8, 8, 8, 8, 8, 8]"
210,2,"[1, 6]",2,0.12857055012136698,0.03150466550141573,1.5751757154939696,"[282181337, 178507622, 228138065, 250579398, 250574266, 209004159, 15306275, 442590983, 318470684, 283438076]","[6, 6, 6, 6, 1, 1, 6, 6, 6, 6]"
211,2,[4],1,0.04230740712955594,0.015619020909070969,1.034763490082696,"[421614196, 191842553, 20298494, 238211637, 201239098, 5867019, 63479802, 477256244, 381212532, 29938455]","[4, 4, 4, 4, 4, 4, 4, 4, 4, 4]"
212,2,[10],1,0.04172759596258402,0.013357569929212332,1.0396909865085036,"[427804312, 358787744, 519149511, 291297814, 456252842, 519010642, 543821520, 513653417, 44796746, 519699142]","[10, 10, 10, 10, 10, 10, 10, 10, 10, 10]"
213,2,[18],1,0.08112574182450771,0.018558778800070286,2.0212896917946637,"[204398649, 300328709, 558467379, 544707789, 558590194, 371938691, 206269197, 294209137, 558590247, 95669075]","[18, 18, 18, 18, 18, 18, 18, 18, 18, 18]"
214,2,"[1, 15]",2,0.23180814366787672,0.036343346349895,2.8998182740760967,"[267139604, 504362065, 314766071, 503767635, 240944350, 587386477, 200675898, 98637538, 346695252, 84617931]","[1, 1, 1, 1, 1, 1, 15, 1, 1, 15]"
215,2,[7],1,0.1926958546973765,0.028477931395173073,4.944907227763906,"[391013241, 538895033, 454800528, 560141064, 200632022, 356110463, 90052707, 349644335, 74798954, 295541949]","[7, 7, 7, 7, 7, 7, 7, 7, 7, 7]"
216,2,"[10, 18]",2,0.12402671901509166,0.03130440879613161,1.5304903391515836,"[131520801, 412804426, 429885218, 437280050, 202024443, 265359213, 590171573, 541629999, 74523130, 573654258]","[10, 10, 10, 10, 10, 10, 10, 18, 10, 10]"
217,2,[4],1,0.04218711797147989,0.01410970138385892,1.034763490082696,"[181530598, 342643440, 283438531, 74957088, 402439230, 87897254, 299742533, 423282609, 121885518, 504243297]","[4, 4, 4, 4, 4, 4, 4, 4, 4, 4]"
218,2,"[4, 15]",2,0.22612241841852665,0.04461340280249715,2.839079249300994,"[280640095, 259608549, 212001876, 515146148, 311527520, 62118408, 588522823, 487082192, 484885364, 453018396]","[15, 15, 4, 15, 4, 15, 15, 4, 4, 15]"
219,2,[6],1,0.08102106908336282,0.019853889010846615,1.9941098913550377,"[8696237, 112356361, 152426640, 371110076, 152569041, 287037603, 18920992, 359534568, 189708846, 558990484]","[6, 6, 6, 6, 6, 6, 6, 6, 6, 6]"
220,2,[18],1,0.08115105284377933,0.018476922996342182,2.0212896917946637,"[215754056, 280571589, 150427883, 513647318, 503339302, 559843314, 360877241, 406213581, 139067753, 318304110]","[18, 18, 18, 18, 18, 18, 18, 18, 18, 18]"
221,2,"[10, 15]",2,0.22541316784918308,0.040103619918227196,2.8415429975138977,"[486320206, 433911307, 55619757, 446883112, 429384938, 359949891, 385259448, 466760713, 221371478, 141475569]","[10, 10, 15, 15, 15, 15, 15, 10, 15, 10]"
222,2,[16],1,0.06482982076704502,0.016109295189380646,1.562462056055665,"[499399679, 530989305, 409790152, 337671548, 577421758, 233360594, 484915615, 227178398, 121602561, 118184778]","[16, 16, 16, 16, 16, 16, 16, 16, 16, 16]"
223,2,"[6, 9]",2,0.1309478715993464,0.032395774964243174,1.5930080509278923,"[499165963, 244806872, 39179679, 62184164, 515925033, 387930108, 336165488, 388217715, 23305869, 190090106]","[6, 6, 6, 6, 9, 6, 6, 6, 6, 6]"
224,2,"[10, 15]",2,0.22570536145940423,0.03975417884066701,2.8415429975138977,"[142742184, 365575534, 142742154, 142742176, 301057788, 300763913, 151510096, 176081801, 215296272, 325171190]","[15, 15, 10, 10, 10, 10, 15, 10, 15, 10]"
225,2,[1],1,0.0476517528295517,0.014385894872248173,1.1562415396329015,"[500500670, 204872419, 261717024, 448708491, 108034951, 316260945, 308059852, 271403247, 283243693, 208734272]","[1, 1, 1, 1, 1, 1, 1, 1, 1, 1]"
226,2,"[1, 3]",2,0.2553170891478658,0.038856892846524715,4.326731770066544,"[278009245, 200689784, 338557570, 277984274, 213227630, 278050268, 213096440, 418677292, 269522562, 278078091]","[1, 1, 3, 3, 3, 3, 3, 1, 3, 3]"
227,2,"[10, 18]",2,0.12295336974784732,0.03369258111342788,1.5304903391515836,"[70718408, 185309778, 234748239, 169715958, 190064966, 408452482, 449549112, 190011432, 485474420, 1012876]","[10, 10, 10, 10, 10, 10, 18, 10, 10, 10]"
228,2,[10],1,0.04170145187526941,0.01396307721734047,1.0396909865085036,"[461672923, 469749072, 591050149, 6267407, 23439075, 419969441, 443494384, 463037353, 432341206, 23351705]","[10, 10, 10, 10, 10, 10, 10, 10, 10, 10]"
229,2,[15],1,0.18329577706754208,0.029000270180404186,4.643395008519292,"[165110528, 67586582, 99217799, 224393251, 134889273, 210985184, 466738673, 512128119, 594482286, 586084807]","[15, 15, 15, 15, 15, 15, 15, 15, 15, 15]"
230,2,"[7, 10]",2,0.2361485161818564,0.04228084720671177,2.992299107136205,"[474953049, 80636957, 3530994, 111052390, 59000368, 342339335, 314003587, 145248728, 503085715, 144961418]","[10, 7, 10, 10, 7, 10, 10, 10, 10, 10]"
231,2,"[2, 9]",2,0.13160627614706755,0.030958232004195452,1.5901914848946035,"[89991653, 580530365, 168182756, 104853591, 419975735, 428699298, 584630012, 80501965, 579739999, 216926879]","[9, 2, 9, 2, 2, 2, 2, 9, 2, 9]"
232,2,"[3, 13]",2,0.28116704104468226,0.045619935262948275,4.661708984756842,"[98713409, 177909277, 147394442, 91107562, 147394445, 546114314, 214941217, 5025601, 490019212, 299818871]","[3, 13, 13, 13, 13, 13, 13, 3, 13, 13]"
233,2,"[4, 10]",2,0.08358508115634322,0.02709965268149972,1.0372272382955998,"[504984856, 277688060, 396066068, 126373020, 194968599, 212705817, 111084544, 288421610, 295519136, 458323666]","[4, 10, 4, 10, 4, 4, 4, 4, 4, 4]"
234,2,[10],1,0.04141252301633358,0.014183492865413427,1.0396909865085036,"[267320803, 551654143, 187169498, 339779481, 280849327, 13538461, 368431381, 415099480, 136589011, 98550854]","[10, 10, 10, 10, 10, 10, 10, 10, 10, 10]"
235,2,[2],1,0.0835226159542799,0.017648151144385338,1.98847675928846,"[207287074, 581377569, 487295500, 315719430, 581364594, 241399605, 260869230, 76527956, 263214848, 72293122]","[2, 2, 2, 2, 2, 2, 2, 2, 2, 2]"
236,2,[3],1,0.20873999781906605,0.0274504697881639,7.497222000500187,"[413571677, 71337707, 436032610, 300511196, 313587589, 207428566, 337627718, 185208153, 142497557, 91354841]","[3, 3, 3, 3, 3, 3, 3, 3, 3, 3]"
237,2,"[10, 12]",2,0.1712400708347559,0.037497526966035366,2.139712373027578,"[146209864, 207416052, 443569561, 19206867, 192562765, 308277021, 244611117, 199106263, 308914882, 63646436]","[12, 12, 12, 10, 12, 12, 12, 12, 12, 12]"
238,2,[4],1,0.04233553493395448,0.015904109925031662,1.034763490082696,"[111866789, 389621074, 459518741, 258697845, 30828443, 420000791, 241714159, 278139817, 190378584, 466260774]","[4, 4, 4, 4, 4, 4, 4, 4, 4, 4]"
239,2,[19],1,0.05341155780479312,0.015822445042431355,1.2741980063728988,"[576170942, 471806674, 540790931, 576845681, 471806675, 341138726, 497348389, 47270806, 437624085, 593293856]","[19, 19, 19, 19, 19, 19, 19, 19, 19, 19]"
240,2,[2],1,0.08171118423342705,0.017426710110157728,1.98847675928846,"[465379783, 533899989, 570130124, 470519715, 311758170, 592727661, 476286188, 585443139, 384752977, 161715035]","[2, 2, 2, 2, 2, 2, 2, 2, 2, 2]"
241,2,[15],1,0.18392387591302395,0.024949850048869848,4.643395008519292,"[387494349, 418437896, 220021585, 177368619, 278381767, 128269911, 507620541, 237570048, 127861710, 259509399]","[15, 15, 15, 15, 15, 15, 15, 15, 15, 15]"
242,2,[9],1,0.05021765362471342,0.014473095070570707,1.191906210500747,"[761823, 555866732, 299371034, 351830174, 5598323, 89250462, 577712007, 530384155, 404831090, 376247506]","[9, 9, 9, 9, 9, 9, 9, 9, 9, 9]"
243,2,[18],1,0.08142577391117811,0.020238594617694616,2.0212896917946637,"[412187181, 93936350, 93936343, 458124952, 424533691, 10667821, 226359795, 243082887, 125519622, 10667822]","[18, 18, 18, 18, 18, 18, 18, 18, 18, 18]"
244,2,"[10, 15]",2,0.225132429972291,0.039834500290453434,2.8415429975138977,"[313444692, 222662854, 142206264, 420042020, 538738585, 480611876, 315933710, 275043838, 46738484, 494216508]","[10, 15, 10, 10, 10, 15, 15, 10, 15, 10]"
245,2,[0],1,0.0694067720323801,0.015850413590669632,1.7377481411676854,"[256759132, 99533321, 256964906, 92583006, 299765828, 184019389, 256556031, 493483566, 572516081, 55115253]","[0, 0, 0, 0, 0, 0, 0, 0, 0, 0]"
246,2,"[1, 10]",2,0.08926994074136019,0.027946055866777897,1.0979662630707026,"[1251765, 224696016, 267429588, 586105672, 350919020, 459914452, 454666523, 93685992, 401097672, 475758851]","[1, 1, 1, 1, 1, 1, 1, 1, 1, 1]"
247,2,[12],1,0.13084972789511085,0.01962160039693117,3.2397337595466524,"[106514885, 166871090, 431696917, 500607342, 135020684, 511711649, 15388158, 317662131, 571534210, 364933853]","[12, 12, 12, 12, 12, 12, 12, 12, 12, 12]"
248,2,"[15, 18]",2,0.26579842111095786,0.04186222003772855,3.3323423501569778,"[417626872, 417719329, 432668821, 515175143, 466821590, 532062416, 349897224, 32834108, 271450105, 456434812]","[18, 15, 18, 18, 15, 18, 18, 18, 18, 18]"
249,2,"[7, 18]",2,0.2758387578651309,0.0449240910820663,3.483098459779285,"[515826092, 81588480, 196077732, 358768818, 455689082, 11378163, 293081779, 103439559, 216556456, 254978735]","[18, 18, 18, 18, 18, 18, 18, 18, 18, 18]"
250,2,[6],1,0.08087677974253893,0.017661877907812595,1.9941098913550377,"[69230666, 478950957, 336633819, 144197282, 287498137, 555327371, 580140457, 54105543, 66945193, 174806554]","[6, 6, 6, 6, 6, 6, 6, 6, 6, 6]"
251,2,[0],1,0.06974808592349291,0.016207662876695395,1.7377481411676854,"[130600393, 296953335, 550154939, 182597693, 16753632, 472006806, 450547638, 107550758, 67926576, 181223926]","[0, 0, 0, 0, 0, 0, 0, 0, 0, 0]"
252,2,[4],1,0.042091757990419865,0.01493466505780816,1.034763490082696,"[556708913, 142114823, 367074455, 158353305, 565558185, 347110418, 147560058, 429330083, 477208341, 123943242]","[4, 4, 4, 4, 4, 4, 4, 4, 4, 4]"
253,2,[4],1,0.04236062290146947,0.01598711870610714,1.034763490082696,"[302744492, 333148443, 436608571, 393663660, 300917590, 262104474, 119623098, 429844938, 187265929, 264070712]","[4, 4, 4, 4, 4, 4, 4, 4, 4, 4]"
254,2,"[4, 18]",2,0.12374559696763754,0.03485828312113881,1.5280265909386799,"[118146128, 151510097, 266668750, 496864727, 145870661, 516570766, 298409541, 444404537, 314252469, 182038789]","[4, 4, 4, 4, 4, 18, 4, 18, 4, 4]"
255,2,"[12, 15]",2,0.3138423045165837,0.04847342008724809,3.941564384032972,"[292534411, 328159846, 30202463, 131355395, 359212294, 357597443, 298166651, 131350912, 455746047, 71636407]","[12, 12, 12, 12, 12, 12, 12, 12, 12, 12]"
256,2,"[14, 15]",2,0.27032695384696126,0.04454133799299598,3.4050074813421816,"[277913083, 416954526, 258167317, 19114631, 275902250, 500365760, 22375707, 229754875, 313685055, 515852069]","[15, 14, 15, 15, 15, 15, 15, 15, 15, 15]"
257,2,[1],1,0.04824010794982314,0.014172964729368687,1.1562415396329015,"[434153040, 529403482, 120493665, 529403479, 134269616, 529403503, 522449877, 327915963, 152912651, 188758845]","[1, 1, 1, 1, 1, 1, 1, 1, 1, 1]"
258,2,"[6, 7]",2,0.27379689179360867,0.047644808888435364,3.469508559559472,"[88701253, 490342025, 69535511, 123830971, 134522396, 18282864, 123830953, 591348524, 219917206, 597691292]","[6, 6, 6, 6, 6, 6, 6, 6, 6, 6]"
259,2,[6],1,0.08091217186301947,0.019818625412881374,1.9941098913550377,"[154732199, 154732197, 572262770, 347563760, 288178730, 239702580, 144061373, 288178726, 239702579, 453588215]","[6, 6, 6, 6, 6, 6, 6, 6, 6, 6]"
260,2,"[7, 13]",2,0.2662190003320575,0.04484943626448512,3.3855515983887017,"[100286525, 10122994, 135317774, 100286527, 155553047, 155553079, 155883553, 88261564, 200916617, 111113417]","[7, 7, 7, 7, 7, 7, 7, 13, 7, 13]"
261,2,"[9, 10]",2,0.09122163103893399,0.026392704341560602,1.1157985985046253,"[393107460, 23498210, 323452442, 488736437, 596867354, 572694991, 58271153, 452971146, 310778427, 393204439]","[9, 9, 10, 9, 9, 9, 9, 9, 9, 9]"
262,2,"[3, 14]",2,0.29398943996056914,0.05208102287724614,4.831920977332629,"[95720623, 503153203, 53701756, 466037083, 484857871, 175107495, 71433789, 301139874, 484505856, 379825590]","[14, 14, 14, 14, 14, 14, 14, 3, 14, 14]"
263,2,"[2, 4]",2,0.124104511924088,0.031998428981751204,1.511620124685578,"[347969678, 257069672, 460470154, 159536883, 323216358, 95942392, 330847826, 548691513, 118212561, 124850033]","[4, 4, 4, 4, 2, 2, 2, 4, 2, 2]"
264,2,"[6, 15]",2,0.26427873270586133,0.04574588779360056,3.318752449937165,"[233407006, 435570483, 480249928, 291933944, 322897174, 563613627, 185204568, 484928148, 269699980, 36961042]","[6, 6, 6, 15, 6, 6, 15, 6, 6, 6]"
265,2,[15],1,0.18476532073691487,0.025388348381966352,4.643395008519292,"[527786466, 557678687, 339036093, 35046230, 212736207, 466606474, 265088272, 587582445, 155578623, 469248530]","[15, 15, 15, 15, 15, 15, 15, 15, 15, 15]"
266,2,"[4, 8]",2,0.10553024476394057,0.030092851724475622,1.2800697855418548,"[50386072, 552280843, 329747043, 49049533, 137424482, 27657960, 511570617, 350067893, 175885679, 191456297]","[8, 4, 8, 8, 4, 8, 8, 8, 8, 8]"
267,2,[4],1,0.04228014266118407,0.013650370761752129,1.034763490082696,"[78764858, 371787682, 408203775, 156049288, 111762927, 262088274, 141530784, 371787683, 187389584, 141987363]","[4, 4, 4, 4, 4, 4, 4, 4, 4, 4]"
268,2,[16],1,0.06471263710409403,0.014739272184669971,1.562462056055665,"[74747535, 93361313, 394235956, 171012032, 242572753, 273894787, 471474406, 567164578, 267827370, 90293096]","[16, 16, 16, 16, 16, 16, 16, 16, 16, 16]"
269,2,"[10, 18]",2,0.12294335523620248,0.030694390181452036,1.5304903391515836,"[403834415, 39792019, 212352928, 209676733, 39751463, 267393903, 562016862, 445850608, 226350951, 442983307]","[18, 18, 18, 18, 18, 18, 10, 10, 18, 18]"
270,2,[2],1,0.08153790421783924,0.017430356703698635,1.98847675928846,"[502140063, 250722537, 405150403, 71652752, 572451043, 291357335, 441571600, 61032687, 364471701, 436688245]","[2, 2, 2, 2, 2, 2, 2, 2, 2, 2]"
271,2,[8],1,0.062366001307964325,0.015164170879870653,1.5253760810010135,"[91195341, 138546516, 566487614, 485591702, 360930416, 411266584, 81687041, 77469376, 60367323, 424990887]","[8, 8, 8, 8, 8, 8, 8, 8, 8, 8]"
272,2,"[13, 15]",2,0.2565289670601487,0.044056950602680445,3.2347954887663946,"[491439662, 509772699, 7131706, 437331133, 436212736, 9981591, 229911210, 314118588, 334709881, 141531942]","[13, 13, 15, 13, 13, 13, 13, 15, 13, 13]"
273,2,"[2, 11]",2,0.1990839191712439,0.04827370820567012,2.4226912513840944,"[64111972, 323016300, 412946388, 38554838, 56080863, 192523111, 63758061, 419973672, 56080895, 546373657]","[11, 11, 11, 11, 11, 11, 11, 11, 11, 11]"
274,2,[1],1,0.04883220698684454,0.013859811704605818,1.1562415396329015,"[26248581, 241734167, 387166986, 336161745, 408259553, 328554913, 31417085, 274727017, 439845467, 340559727]","[1, 1, 1, 1, 1, 1, 1, 1, 1, 1]"
275,2,[4],1,0.04213297413662076,0.015203498769551516,1.034763490082696,"[9783334, 408762294, 495212845, 284531044, 247032399, 437489512, 338284993, 495426882, 62715298, 448893192]","[4, 4, 4, 4, 4, 4, 4, 4, 4, 4]"
276,2,"[0, 1]",2,0.12063591787591577,0.028207787312567234,1.4469948404002935,"[436029570, 329168428, 321753880, 63366943, 525951911, 207872475, 233499756, 371060307, 93308388, 433422438]","[0, 0, 0, 0, 0, 0, 0, 0, 0, 0]"
277,2,[18],1,0.082834517583251,0.01938582304865122,2.0212896917946637,"[31946965, 32028002, 327591504, 31946964, 269001050, 3732107, 41456240, 32028003, 30308465, 28145894]","[18, 18, 18, 18, 18, 18, 18, 18, 18, 18]"
278,2,"[10, 16]",2,0.10693406034260988,0.03344089910387993,1.3010765212820843,"[439466226, 352621923, 352621907, 529409137, 352621916, 20351559, 423643659, 570471915, 331805645, 510207290]","[16, 16, 16, 16, 16, 16, 16, 16, 16, 16]"
279,2,[12],1,0.12973717879503965,0.021098598837852478,3.2397337595466524,"[567262646, 169248418, 426251557, 455673218, 229299783, 332339887, 162829623, 229299782, 418125855, 473109885]","[12, 12, 12, 12, 12, 12, 12, 12, 12, 12]"
280,2,[8],1,0.062358800787478685,0.014932969119399786,1.5253760810010135,"[396548653, 309202531, 234819638, 300725854, 285929706, 540915380, 267221799, 348090363, 230152569, 432588080]","[8, 8, 8, 8, 8, 8, 8, 8, 8, 8]"
281,2,"[4, 18]",2,0.12369324546307325,0.0322518371976912,1.5280265909386799,"[20923670, 69426985, 453014098, 217346705, 540747418, 497906646, 554024593, 145059604, 570856991, 356203445]","[4, 18, 4, 18, 4, 4, 4, 18, 18, 4]"
282,2,"[10, 18]",2,0.12325903587043285,0.03283792082220316,1.5304903391515836,"[237467098, 394836151, 331258768, 570891779, 233516283, 348749289, 432906528, 128599997, 469465863, 107087306]","[18, 18, 18, 18, 18, 18, 18, 18, 10, 18]"
283,2,[9],1,0.04986456409096718,0.019166653975844383,1.191906210500747,"[14160279, 124464333, 18049756, 252664233, 322446158, 317465019, 596311698, 546175938, 160450665, 581347274]","[9, 9, 9, 9, 9, 9, 9, 9, 9, 9]"
284,2,"[3, 14]",2,0.29590368876233697,0.04636285128071904,4.831920977332629,"[431831254, 155854511, 431831252, 408143314, 408143312, 107602992, 83280226, 406208072, 431831258, 362856087]","[3, 14, 14, 3, 14, 14, 14, 14, 14, 14]"
285,2,"[7, 18]",2,0.2743429751135409,0.04456953098997474,3.483098459779285,"[532143385, 86506156, 526597483, 229210424, 121146480, 227607548, 344942452, 339434975, 476951821, 117237990]","[7, 7, 7, 7, 7, 7, 18, 7, 18, 18]"
286,2,"[9, 18]",2,0.13082441687583923,0.03599857538938522,1.6065979511477053,"[115478596, 276458099, 237320852, 265900715, 503664932, 276582619, 269377335, 324463676, 525543822, 40168521]","[18, 18, 18, 18, 18, 18, 18, 18, 18, 9]"
287,2,"[13, 15]",2,0.2574196611531079,0.04205604596063495,3.2347954887663946,"[112823909, 77084173, 333874711, 591885078, 559222040, 229436305, 452131875, 196272608, 292806210, 452030864]","[15, 15, 15, 15, 15, 15, 15, 15, 15, 13]"
288,2,"[10, 18]",2,0.12305714655667543,0.03268646448850632,1.5304903391515836,"[95079664, 94192487, 6995034, 500337589, 382751863, 54040974, 94218543, 82557147, 274729266, 302296427]","[10, 18, 10, 10, 18, 10, 10, 18, 10, 18]"
289,2,[6],1,0.0808165236376226,0.017958776094019413,1.9941098913550377,"[380973569, 271812242, 477320796, 537280464, 348833724, 154506859, 446038035, 265680106, 565356010, 380973568]","[6, 6, 6, 6, 6, 6, 6, 6, 6, 6]"
290,2,"[2, 18]",2,0.16386966733261943,0.033967622090131044,2.004883225541562,"[388853099, 388767160, 26542497, 74220946, 335026136, 388836128, 196866050, 74220947, 482047181, 435157765]","[2, 2, 18, 18, 18, 2, 18, 18, 2, 18]"
291,2,[18],1,0.08130324585363269,0.01632904028519988,2.0212896917946637,"[55180270, 103121914, 118339017, 262222674, 99301987, 99291397, 236103545, 486978041, 566763224, 99848174]","[18, 18, 18, 18, 18, 18, 18, 18, 18, 18]"
292,2,[18],1,0.08119751838967204,0.02026915503665805,2.0212896917946637,"[318687032, 8127326, 206135421, 24993123, 476017675, 389185006, 543692718, 373880418, 107836378, 311980908]","[18, 18, 18, 18, 18, 18, 18, 18, 18, 18]"
293,2,[15],1,0.18371017882600427,0.023609428200870752,4.643395008519292,"[522144825, 427752155, 516705024, 135433315, 529288445, 66014884, 198395389, 501176436, 14137287, 466767167]","[15, 15, 15, 15, 15, 15, 15, 15, 15, 15]"
294,2,[4],1,0.04238440003246069,0.015793900936841965,1.034763490082696,"[213001197, 465010500, 54140497, 204607525, 578880790, 346102759, 96348791, 193888462, 542136006, 559620586]","[4, 4, 4, 4, 4, 4, 4, 4, 4, 4]"
295,2,[8],1,0.06300021288916469,0.01699083484709263,1.5253760810010135,"[114969831, 115587342, 244816907, 81162601, 491732537, 261569981, 593270778, 99561046, 295186079, 386894806]","[8, 8, 8, 8, 8, 8, 8, 8, 8, 8]"
296,2,"[2, 10]",2,0.12384793348610401,0.03049400495365262,1.5140838728984818,"[221277948, 91376011, 583958907, 346710300, 75869336, 469776017, 249866452, 173157915, 214726960, 259191649]","[2, 2, 2, 2, 2, 2, 2, 2, 2, 2]"
297,2,[12],1,0.12966418731957674,0.022369934245944023,3.2397337595466524,"[107707630, 349422183, 258577381, 293295108, 3886142, 112748181, 310056089, 85933121, 416647347, 530963308]","[12, 12, 12, 12, 12, 12, 12, 12, 12, 12]"
298,2,[4],1,0.042136589996516705,0.016165423206984997,1.034763490082696,"[201034767, 598964998, 412572563, 559441804, 178261112, 510325364, 145516609, 307047869, 61114167, 16514907]","[4, 4, 4, 4, 4, 4, 4, 4, 4, 4]"
299,2,"[7, 11]",2,0.3098855181597173,0.05107970628887415,3.9009064856218174,"[554665763, 194031210, 557565004, 54696918, 325886578, 191222251, 79279061, 562576935, 173318453, 330808460]","[7, 11, 11, 7, 7, 11, 11, 7, 7, 7]"
300,2,"[4, 8]",2,0.10607959097251296,0.031088247429579496,1.2800697855418548,"[5216647, 509310598, 377754002, 212973792, 253702497, 495077904, 214806816, 480882189, 49895144, 442373188]","[8, 8, 8, 8, 8, 8, 8, 8, 8, 8]"
301,2,[6],1,0.08077457174658775,0.01820245711132884,1.9941098913550377,"[497578005, 349264836, 497578006, 81124550, 349264835, 81124549, 81124548, 500290248, 347801903, 145364578]","[6, 6, 6, 6, 6, 6, 6, 6, 6, 6]"
302,2,[9],1,0.04992555687204003,0.014852423686534166,1.191906210500747,"[445623010, 506029373, 429980722, 430081626, 513194856, 286861706, 293035612, 398127814, 270230003, 349471252]","[9, 9, 9, 9, 9, 9, 9, 9, 9, 9]"
303,2,[2],1,0.08171912003308535,0.01638148771598935,1.98847675928846,"[598671264, 509956869, 500365692, 265121756, 352027178, 97553281, 203257239, 44434902, 440711441, 208667523]","[2, 2, 2, 2, 2, 2, 2, 2, 2, 2]"
304,2,"[1, 10]",2,0.08918209979310632,0.027501126751303673,1.0979662630707026,"[255007978, 60443879, 577608766, 514573485, 299531063, 255023888, 581111003, 580928674, 576785035, 23519762]","[10, 10, 10, 1, 10, 10, 10, 10, 10, 10]"
305,2,"[3, 14]",2,0.2940218555741012,0.04904878418892622,4.831920977332629,"[139267695, 145939144, 5992337, 96066774, 381690692, 145936449, 224293438, 381407749, 304284504, 104133120]","[14, 14, 14, 14, 14, 14, 14, 14, 14, 14]"
306,2,[1],1,0.04797818697988987,0.01379197183996439,1.1562415396329015,"[525591755, 245352853, 477671370, 311773372, 537628334, 467431416, 239218509, 269115772, 547675010, 54178310]","[1, 1, 1, 1, 1, 1, 1, 1, 1, 1]"
307,2,"[2, 6]",2,0.16213276237249374,0.03566791908815503,1.9912933253217489,"[29670877, 75212121, 181121209, 450094956, 319234280, 55398033, 204078119, 79306088, 79418598, 456825237]","[6, 6, 6, 6, 6, 6, 6, 6, 6, 6]"
308,2,"[11, 15]",2,0.3013120358809829,0.046233346220105886,3.7501503759995103,"[437276629, 572946020, 40391899, 219098741, 380825642, 599176839, 328644929, 198727508, 332416979, 153586794]","[11, 15, 11, 15, 15, 15, 11, 15, 15, 15]"
309,2,[14],1,0.08606314100325108,0.023303091060370207,2.1666199541650712,"[250002006, 507623102, 364536939, 283040642, 289056465, 549644117, 56252653, 320349076, 56252656, 62358601]","[14, 14, 14, 14, 14, 14, 14, 14, 14, 14]"
310,2,[12],1,0.1297031631693244,0.01994387386366725,3.2397337595466524,"[340466601, 343078558, 9052792, 397794235, 524707455, 1235958, 397640572, 285345700, 108990028, 586288111]","[12, 12, 12, 12, 12, 12, 12, 12, 12, 12]"
311,2,[9],1,0.05042770318686962,0.015339178964495659,1.191906210500747,"[472898258, 38976580, 38793200, 274007832, 38661789, 59068555, 233421355, 38725191, 468982041, 481010949]","[9, 9, 9, 9, 9, 9, 9, 9, 9, 9]"
312,2,"[0, 2]",2,0.1510536354035139,0.034491625148802996,1.8631124502280727,"[42882853, 522755097, 104879620, 315508756, 134808188, 547013967, 66300891, 31382543, 148963986, 306691597]","[0, 0, 0, 0, 0, 0, 0, 0, 0, 0]"
313,2,[18],1,0.08139399904757738,0.019220029935240746,2.0212896917946637,"[95450006, 18131858, 368361321, 51649025, 242472231, 184956394, 469312614, 5733679, 267401067, 236834601]","[18, 18, 18, 18, 18, 18, 18, 18, 18, 18]"
314,2,[4],1,0.04226558329537511,0.013935267925262451,1.034763490082696,"[457131305, 60335653, 396419128, 396405833, 10567406, 328642351, 77785246, 77785252, 599727782, 333148443]","[4, 4, 4, 4, 4, 4, 4, 4, 4, 4]"
315,2,[6],1,0.0809554043225944,0.01884021982550621,1.9941098913550377,"[121994479, 294990698, 133438173, 9686834, 194219986, 465824620, 474592803, 358078894, 121994492, 592479638]","[6, 6, 6, 6, 6, 6, 6, 6, 6, 6]"
316,2,[4],1,0.04211118305101991,0.01609995076432824,1.034763490082696,"[101027280, 126808357, 95179376, 94188709, 382516407, 11571330, 460614689, 398766192, 95079410, 116159887]","[4, 4, 4, 4, 4, 4, 4, 4, 4, 4]"
317,2,[10],1,0.04146628314629197,0.013348256703466177,1.0396909865085036,"[58447535, 550317659, 572513295, 258863647, 22016492, 209411845, 22069964, 417836199, 58396137, 595982214]","[10, 10, 10, 10, 10, 10, 10, 10, 10, 10]"
318,2,[16],1,0.06474054092541337,0.01442707795649767,1.562462056055665,"[160082892, 12570383, 575039607, 514049798, 575215736, 323604396, 159930701, 351698212, 88183761, 593925791]","[16, 16, 16, 16, 16, 16, 16, 16, 16, 16]"
319,2,"[10, 18]",2,0.123182971496135,0.032007548958063126,1.5304903391515836,"[404430696, 478209292, 255281848, 124742263, 434579361, 70192081, 31421830, 8267672, 434158740, 265034444]","[10, 10, 10, 10, 10, 10, 10, 10, 10, 10]"
320,2,[16],1,0.06458722800016403,0.015424140263348818,1.562462056055665,"[52618152, 555619238, 232770354, 199290394, 221596449, 43187242, 290253010, 74336512, 343785151, 587835539]","[16, 16, 16, 16, 16, 16, 16, 16, 16, 16]"
321,2,"[2, 18]",2,0.16262146783992648,0.03705349424853921,2.004883225541562,"[443194988, 564137913, 326173960, 587293941, 313045269, 495545030, 500891690, 86663814, 544515426, 305500752]","[2, 2, 2, 18, 2, 18, 18, 18, 18, 2]"
322,2,"[9, 12]",2,0.17949479771777987,0.03462432976812124,2.2158199850236997,"[582146151, 270088517, 201988538, 262195009, 97510527, 71834092, 582163762, 520338230, 348415935, 189287492]","[9, 9, 9, 9, 9, 9, 9, 9, 9, 9]"
323,2,"[2, 9]",2,0.1313299867324531,0.03355290042236447,1.5901914848946035,"[240150965, 443189876, 223674422, 337826098, 266404996, 30630437, 76281, 19748457, 375200764, 582191746]","[9, 9, 9, 9, 9, 9, 9, 9, 9, 9]"
324,2,"[1, 11]",2,0.16452256543561816,0.03714712616056204,2.006573641556315,"[362463911, 173815382, 209912267, 555322445, 209451760, 491333210, 237710955, 134499092, 92052315, 184689749]","[11, 11, 11, 11, 11, 11, 11, 11, 11, 11]"
325,2,"[0, 9]",2,0.11933162482455373,0.032217629719525576,1.4648271758342162,"[376544986, 422034686, 27172278, 369991730, 279344354, 279344348, 342077845, 295894959, 499148572, 61039767]","[0, 9, 0, 9, 0, 0, 0, 0, 0, 9]"
326,2,"[15, 18]",2,0.2680726400576532,0.04883518302813172,3.3323423501569778,"[163720348, 178744323, 540420683, 303363349, 203465133, 420048160, 598019073, 586327506, 75062176, 282757273]","[18, 18, 18, 18, 18, 18, 15, 18, 18, 18]"
327,2,"[4, 19]",2,0.09855574602261186,0.03051586262881756,1.1544807482277974,"[38808316, 391326468, 99375541, 261009372, 391785252, 324748583, 582697220, 388988728, 587229183, 564945539]","[19, 4, 19, 19, 19, 19, 19, 4, 19, 19]"
328,2,"[10, 15]",2,0.2294877152889967,0.04360795812681317,2.8415429975138977,"[389698482, 278049718, 529137787, 547669178, 506328360, 159159732, 84501835, 565009514, 564939248, 209786180]","[15, 15, 15, 10, 10, 15, 10, 15, 10, 15]"
329,2,[18],1,0.08151819137856364,0.02021830715239048,2.0212896917946637,"[561552294, 523052135, 125005289, 272524316, 63028551, 168415727, 555325823, 439618392, 570907051, 37514221]","[18, 18, 18, 18, 18, 18, 18, 18, 18, 18]"
330,2,[1],1,0.04973944369703531,0.01403990900143981,1.1562415396329015,"[73456656, 340992822, 161731028, 444706990, 30464257, 21010602, 34874051, 527769665, 331779429, 195826612]","[1, 1, 1, 1, 1, 1, 1, 1, 1, 1]"
331,2,[2],1,0.08349660085514188,0.01557063590735197,1.98847675928846,"[232624377, 33312517, 240079707, 487422558, 84536342, 122995399, 350658106, 140634095, 140634106, 356049878]","[2, 2, 2, 2, 2, 2, 2, 2, 2, 2]"
332,2,[12],1,0.13220538292080164,0.022110764868557453,3.2397337595466524,"[583971860, 441897356, 583901806, 229457197, 109399754, 100287266, 345135295, 258151925, 212410677, 335884667]","[12, 12, 12, 12, 12, 12, 12, 12, 12, 12]"
333,2,"[1, 14]",2,0.13638495607301593,0.03287472017109394,1.6614307468989864,"[21887721, 21887722, 90982543, 71946271, 405173455, 582192735, 447832480, 507939321, 547793894, 21963044]","[14, 14, 14, 1, 1, 1, 1, 14, 1, 14]"
334,2,[0],1,0.0719071039929986,0.014872360974550247,1.7377481411676854,"[270865632, 228027150, 9440026, 270275797, 228212695, 38711151, 4470411, 318757372, 32955553, 270157052]","[0, 0, 0, 0, 0, 0, 0, 0, 0, 0]"
335,2,"[9, 10]",2,0.09375037904828787,0.028895533178001642,1.1157985985046253,"[411780744, 1177445, 269439474, 446006994, 224942480, 155196349, 411780745, 143476404, 249684975, 75484559]","[9, 9, 9, 10, 10, 9, 9, 10, 9, 9]"
336,2,[19],1,0.05245008086785674,0.01831644168123603,1.2741980063728988,"[37021387, 32247138, 230219770, 37021385, 456505601, 211701126, 145497854, 299963746, 553699472, 538192582]","[19, 19, 19, 19, 19, 19, 19, 19, 19, 19]"
337,2,"[16, 18]",2,0.148418421857059,0.0364411068148911,1.7918758739251643,"[95368777, 203473006, 564303123, 468460632, 277178435, 529337852, 193696745, 584147459, 277377922, 273207161]","[16, 16, 16, 16, 16, 16, 16, 16, 16, 16]"
338,2,"[4, 7]",2,0.23799607809633017,0.04173860512673855,2.989835358923301,"[356632527, 239813570, 597290452, 446170297, 204511269, 284565337, 194266796, 346506431, 544688445, 143437989]","[4, 7, 4, 4, 7, 4, 4, 4, 4, 7]"
339,2,[12],1,0.12975436309352517,0.019984961953014135,3.2397337595466524,"[320861935, 320707800, 490859056, 172479299, 538813565, 193478910, 533184112, 392701744, 598098150, 490153215]","[12, 12, 12, 12, 12, 12, 12, 12, 12, 12]"
340,2,"[2, 10]",2,0.12328540254384279,0.033524100203067064,1.5140838728984818,"[96153935, 407849165, 407849164, 152630950, 118493766, 110051409, 335447982, 80960531, 404683033, 118927289]","[2, 2, 2, 10, 10, 2, 2, 2, 2, 2]"
341,2,[18],1,0.08153326297178864,0.01795218326151371,2.0212896917946637,"[154769397, 14327567, 505277148, 597756374, 362975021, 333711429, 73146961, 155733062, 201779799, 272740960]","[18, 18, 18, 18, 18, 18, 18, 18, 18, 18]"
342,2,[9],1,0.05111189791932702,0.014266117941588163,1.191906210500747,"[544529226, 178126547, 434004728, 364333490, 124219897, 295274232, 546813437, 487292630, 137599263, 80328316]","[9, 9, 9, 9, 9, 9, 9, 9, 9, 9]"
343,2,[9],1,0.049740531016141176,0.015434859786182642,1.191906210500747,"[494339092, 121004037, 399238522, 400534035, 453954842, 321927826, 168255917, 296418540, 44624453, 183288091]","[9, 9, 9, 9, 9, 9, 9, 9, 9, 9]"
344,2,[19],1,0.05198460724204779,0.013949796091765165,1.2741980063728988,"[324570433, 499501922, 14509374, 322419595, 159206067, 201968293, 581916054, 257600161, 178207983, 119106195]","[19, 19, 19, 19, 19, 19, 19, 19, 19, 19]"
345,2,"[4, 10]",2,0.08394741825759411,0.026082720141857862,1.0372272382955998,"[247018026, 411741082, 502463944, 268623661, 401105112, 264515711, 96923747, 38214044, 332811756, 302297961]","[4, 4, 10, 4, 4, 4, 4, 10, 4, 10]"
346,2,"[3, 14]",2,0.2963711475022137,0.047104774974286556,4.831920977332629,"[469885381, 322296349, 345771787, 528473605, 270259749, 242203901, 202729390, 528328358, 528553760, 321245463]","[14, 14, 14, 14, 14, 14, 14, 14, 14, 14]"
347,2,"[10, 11]",2,0.1599746709689498,0.035132043063640594,1.9482983649941161,"[150965396, 408040541, 443720079, 105712961, 141603146, 31356448, 317439346, 131836456, 144030917, 219300585]","[10, 10, 10, 10, 10, 10, 10, 10, 10, 10]"
348,2,"[4, 8]",2,0.10732759675011039,0.029021709691733122,1.2800697855418548,"[480510619, 264874268, 424876607, 313713527, 593463706, 334800092, 449428822, 551281035, 341745243, 360667303]","[4, 8, 8, 4, 4, 4, 8, 8, 8, 8]"
349,2,[12],1,0.12981954729184508,0.021806059405207634,3.2397337595466524,"[205075779, 518082191, 303948200, 515410196, 535525097, 3473498, 505982366, 163597338, 94140642, 50411599]","[12, 12, 12, 12, 12, 12, 12, 12, 12, 12]"
350,2,"[1, 9]",2,0.09798233537003398,0.030273363459855318,1.1740738750668243,"[552557021, 434403656, 212967491, 206104064, 57354181, 506655783, 394576362, 446723605, 496925341, 91815736]","[1, 9, 9, 1, 9, 9, 9, 9, 1, 9]"
351,2,[15],1,0.1853296747431159,0.025245084427297115,4.643395008519292,"[302407789, 202543560, 134196766, 555485137, 120913126, 405530788, 382104732, 494846171, 255996842, 586570897]","[15, 15, 15, 15, 15, 15, 15, 15, 15, 15]"
352,2,[9],1,0.05039819935336709,0.01595233380794525,1.191906210500747,"[159288444, 417466966, 56516313, 180175964, 104653458, 156838138, 42263526, 357557057, 387408181, 466434926]","[9, 9, 9, 9, 9, 9, 9, 9, 9, 9]"
353,2,[1],1,0.0481811948120594,0.013185727875679731,1.1562415396329015,"[25674236, 326988573, 372292721, 330083391, 25134399, 576733558, 493906171, 384103588, 64349747, 591849587]","[1, 1, 1, 1, 1, 1, 1, 1, 1, 1]"
354,2,"[15, 16]",2,0.24923251708969474,0.04301796993240714,3.1029285322874784,"[42421737, 233253797, 474393003, 231312021, 233623476, 372044653, 565645539, 433467104, 30060169, 22594512]","[15, 15, 16, 16, 16, 16, 15, 15, 16, 16]"
355,2,"[0, 12]",2,0.19980177795514464,0.03901359951123595,2.488740950357169,"[87021594, 274901251, 396054179, 256915759, 20412225, 20412227, 211761613, 323296596, 402913985, 261382052]","[12, 12, 12, 12, 12, 12, 12, 12, 12, 12]"
356,2,[8],1,0.06260136282071471,0.016028046142309904,1.5253760810010135,"[170590119, 566590608, 535465729, 585089075, 500772338, 2475738, 220715901, 552465458, 181258307, 505272518]","[8, 8, 8, 8, 8, 8, 8, 8, 8, 8]"
357,2,"[3, 15]",2,0.39180057402700186,0.053962600883096457,6.07030850450974,"[145303728, 486964958, 596220805, 20289167, 133281158, 546261059, 125220897, 42646646, 312092652, 173117109]","[3, 3, 15, 3, 3, 3, 3, 3, 3, 3]"
358,2,[16],1,0.06618659570813179,0.015418603084981441,1.562462056055665,"[115445650, 528307780, 544200146, 512415721, 587499404, 66503026, 346765951, 191777500, 53513602, 68184965]","[16, 16, 16, 16, 16, 16, 16, 16, 16, 16]"
359,2,"[3, 11]",2,0.3277303082868457,0.04873223835602403,5.177063871989958,"[492808589, 299057857, 576887731, 85572175, 252778166, 574858727, 30469252, 509339695, 361437641, 318738060]","[11, 11, 3, 11, 11, 3, 11, 3, 11, 3]"
360,2,"[10, 18]",2,0.1250010277144611,0.034075014758855104,1.5304903391515836,"[83615098, 560097478, 116130435, 285059303, 82007844, 108729357, 238382316, 130547941, 130547940, 93471630]","[18, 18, 18, 18, 18, 18, 18, 18, 18, 18]"
361,2,[10],1,0.041873964946717024,0.012088506948202848,1.0396909865085036,"[596391226, 463781484, 515084687, 436692252, 278141538, 448391032, 539789, 365412974, 274246687, 31108493]","[10, 10, 10, 10, 10, 10, 10, 10, 10, 10]"
362,2,[19],1,0.052239006850868464,0.017403605859726667,1.2741980063728988,"[181186798, 260871767, 337262410, 421965958, 485661198, 366632790, 225971949, 586569143, 496826717, 402789619]","[19, 19, 19, 19, 19, 19, 19, 19, 19, 19]"
363,2,[19],1,0.05202950304374099,0.015445899218320847,1.2741980063728988,"[404152756, 135637909, 492797066, 369378202, 392644045, 156966002, 141525826, 198456938, 394211358, 556055042]","[19, 19, 19, 19, 19, 19, 19, 19, 19, 19]"
364,2,[10],1,0.04181447718292475,0.012820221949368715,1.0396909865085036,"[91045656, 204742224, 372753153, 66350734, 146153024, 339210615, 522588484, 436131303, 564093826, 519445877]","[10, 10, 10, 10, 10, 10, 10, 10, 10, 10]"
365,2,[8],1,0.06254065781831741,0.015437356196343899,1.5253760810010135,"[306207211, 197331121, 203175694, 316696373, 313969716, 330572212, 456267931, 438299625, 10900861, 301709126]","[8, 8, 8, 8, 8, 8, 8, 8, 8, 8]"
366,2,[4],1,0.0423051998950541,0.014236261136829853,1.034763490082696,"[547837044, 199669026, 149546661, 246851835, 548118292, 85973605, 217462951, 386168261, 143698188, 412108175]","[4, 4, 4, 4, 4, 4, 4, 4, 4, 4]"
367,2,[18],1,0.0815625749528408,0.021283240988850594,2.0212896917946637,"[592022775, 308670354, 422186634, 323250630, 200648154, 95806496, 172532783, 308295994, 200798961, 323250633]","[18, 18, 18, 18, 18, 18, 18, 18, 18, 18]"
368,2,[10],1,0.041632396169006824,0.013994340784847736,1.0396909865085036,"[395322761, 189125274, 208215792, 215205257, 329154813, 295967586, 303048029, 303089266, 359311751, 279362802]","[10, 10, 10, 10, 10, 10, 10, 10, 10, 10]"
369,2,"[4, 9]",2,0.09253181330859661,0.0306499102152884,1.1133348502917215,"[61703972, 61743325, 456804392, 61752470, 148089195, 141600336, 385852294, 61701416, 394788145, 397660759]","[9, 9, 9, 4, 9, 4, 9, 4, 4, 4]"
370,2,"[7, 14]",2,0.28127459343522787,0.04433848802000284,3.5557635909644887,"[119927465, 368329257, 465661401, 104613859, 404594087, 379394297, 220757725, 52437576, 551812281, 471196534]","[7, 7, 7, 14, 14, 14, 7, 14, 7, 7]"
371,2,"[6, 15]",2,0.2672428130172193,0.0434460686519742,3.318752449937165,"[347438014, 358566633, 153495727, 530484371, 541941753, 33031887, 360459976, 124305236, 588247534, 468824808]","[6, 6, 6, 6, 6, 6, 6, 6, 6, 6]"
372,2,"[4, 15]",2,0.22604520292952657,0.044237528927624226,2.839079249300994,"[176321989, 401719682, 489230763, 155680535, 576811218, 412255781, 458637425, 432627697, 172051621, 393411051]","[15, 15, 15, 15, 15, 4, 15, 15, 15, 15]"
373,2,"[10, 12]",2,0.1718809688463807,0.0348616112023592,2.139712373027578,"[66945228, 465968946, 300146070, 360026906, 465968945, 164493173, 229418332, 444098041, 164488032, 164493172]","[12, 12, 10, 12, 12, 10, 12, 10, 12, 12]"
374,2,[18],1,0.08133585378527641,0.017438005656003952,2.0212896917946637,"[79589330, 79534942, 239266185, 79534940, 188660258, 558861992, 79534945, 79589340, 239103191, 430068073]","[18, 18, 18, 18, 18, 18, 18, 18, 18, 18]"
375,2,[18],1,0.08375772228464484,0.017229332122951746,2.0212896917946637,"[134388981, 341926663, 19460929, 142161118, 417593582, 160716381, 361955216, 398735512, 27369717, 46297125]","[18, 18, 18, 18, 18, 18, 18, 18, 18, 18]"
376,2,[0],1,0.06991170160472393,0.015666700899600983,1.7377481411676854,"[549658907, 464372173, 467420485, 550099863, 466377081, 467397990, 467395951, 224533394, 467021353, 550058404]","[0, 0, 0, 0, 0, 0, 0, 0, 0, 0]"
377,2,"[1, 12]",2,0.1788658988662064,0.0355428634211421,2.197987649589777,"[83860641, 310057238, 36342745, 505853689, 495216563, 100307694, 265575123, 83770436, 581351854, 573054956]","[12, 12, 12, 12, 12, 1, 12, 12, 12, 12]"
378,2,[19],1,0.05224947212263942,0.01503021689131856,1.2741980063728988,"[300327905, 273445499, 342019526, 353521205, 472585693, 542332338, 434820030, 225515120, 1534110, 136016985]","[19, 19, 19, 19, 19, 19, 19, 19, 19, 19]"
379,2,[0],1,0.06970232585445046,0.016600080765783787,1.7377481411676854,"[12089838, 409308153, 279173090, 200819316, 510955809, 409344194, 18099339, 409553179, 205849980, 297941071]","[0, 0, 0, 0, 0, 0, 0, 0, 0, 0]"
380,2,[16],1,0.06476863706484437,0.016081934794783592,1.562462056055665,"[304497584, 17612596, 40392331, 458293671, 219542869, 489730225, 489018548, 435728385, 411997921, 292070009]","[16, 16, 16, 16, 16, 16, 16, 16, 16, 16]"
381,2,"[8, 15]",2,0.24660284025594592,0.04902023961767554,3.0843855447601527,"[424030314, 227089945, 346197319, 321860061, 279535364, 474407507, 86367605, 285411526, 116966270, 38291544]","[8, 8, 8, 8, 8, 8, 8, 8, 8, 8]"
382,2,"[7, 8]",2,0.2567356899380684,0.04531548451632261,3.23514165438246,"[237070538, 250863806, 465859512, 383570211, 570915567, 125834934, 367520154, 241452672, 218013835, 271777426]","[7, 8, 8, 8, 7, 8, 7, 8, 8, 7]"
383,2,"[4, 9]",2,0.09238573210313916,0.02951278490945697,1.1133348502917215,"[428836726, 362624711, 153251771, 529137040, 173223910, 446946485, 374561262, 473620036, 315465772, 437952011]","[4, 4, 9, 9, 4, 4, 4, 9, 4, 4]"
384,2,"[0, 10]",2,0.11405892623588443,0.03186748409643769,1.3887195638380945,"[329782683, 116156864, 94138854, 144925963, 115939265, 382332341, 586296893, 276716142, 439824435, 182721476]","[0, 0, 0, 0, 0, 0, 0, 0, 0, 0]"
385,2,"[0, 2]",2,0.15205271169543266,0.03296553809195757,1.8631124502280727,"[153416261, 267733351, 182528717, 153235230, 366128040, 469428921, 101839990, 590517362, 424861807, 162522802]","[0, 0, 0, 0, 0, 0, 0, 0, 0, 0]"
386,2,[10],1,0.04166033212095499,0.012509820982813835,1.0396909865085036,"[390481342, 487570025, 141191209, 101339458, 526569700, 506188529, 312655444, 136825159, 251606744, 87291021]","[10, 10, 10, 10, 10, 10, 10, 10, 10, 10]"
387,2,[0],1,0.0699420073069632,0.017500084824860096,1.7377481411676854,"[518043865, 232349010, 598859102, 365583741, 192108533, 202937140, 271493485, 155960153, 479160814, 257927566]","[0, 0, 0, 0, 0, 0, 0, 0, 0, 0]"
388,2,"[7, 12]",2,0.3230449422262609,0.05297078704461455,4.092320493655279,"[483114413, 236407296, 195054568, 47736879, 176951052, 300515993, 180470618, 456942255, 443874132, 437918922]","[12, 12, 12, 12, 12, 12, 12, 12, 12, 12]"
389,2,[10],1,0.04178615612909198,0.012196348048746586,1.0396909865085036,"[538601779, 496882961, 377914647, 119245446, 538608985, 121767006, 538608983, 197017447, 485954746, 503161128]","[10, 10, 10, 10, 10, 10, 10, 10, 10, 10]"
390,2,"[0, 10]",2,0.11162448162212968,0.03145762672647834,1.3887195638380945,"[220353823, 589055484, 11924552, 216833046, 7074431, 216763606, 144938751, 11947346, 12059246, 518250435]","[0, 0, 0, 0, 0, 0, 0, 0, 0, 0]"
391,2,[18],1,0.08214510604739189,0.01849493896588683,2.0212896917946637,"[77610982, 91840173, 38397014, 440724473, 102702268, 180900085, 386629208, 6741054, 315503236, 235551706]","[18, 18, 18, 18, 18, 18, 18, 18, 18, 18]"
392,2,"[4, 10]",2,0.08471302269026637,0.02951377723366022,1.0372272382955998,"[25678541, 63560911, 523105272, 150585862, 556048684, 24745301, 63546005, 451052427, 25311983, 236378003]","[10, 10, 10, 10, 10, 10, 10, 10, 10, 10]"
393,2,[1],1,0.04790897108614445,0.01426791027188301,1.1562415396329015,"[500189727, 221315009, 452735068, 161643426, 526113540, 199372791, 199372793, 500239406, 526118203, 120105951]","[1, 1, 1, 1, 1, 1, 1, 1, 1, 1]"
394,2,[8],1,0.062383248936384916,0.01560618868097663,1.5253760810010135,"[536304997, 304811753, 85874049, 379475313, 562827166, 91732236, 428733981, 304545226, 89899767, 553946102]","[8, 8, 8, 8, 8, 8, 8, 8, 8, 8]"
395,2,[18],1,0.08267173310741782,0.018528601620346308,2.0212896917946637,"[206505535, 408097720, 80318860, 8975195, 184007788, 35645259, 183991249, 211297727, 48136618, 293315390]","[18, 18, 18, 18, 18, 18, 18, 18, 18, 18]"
396,2,[9],1,0.05001893313601613,0.01572295743972063,1.191906210500747,"[330674736, 579415807, 215444390, 361794036, 301294353, 507594459, 420184283, 5099015, 367983437, 182887715]","[9, 9, 9, 9, 9, 9, 9, 9, 9, 9]"
397,2,"[10, 12]",2,0.1715104402974248,0.034833962097764015,2.139712373027578,"[145714234, 55169815, 539503050, 94145145, 59835821, 85170985, 438584464, 297268490, 571193531, 562647759]","[12, 12, 12, 12, 12, 12, 12, 12, 12, 12]"
398,2,[19],1,0.052312960382550955,0.01582039799541235,1.2741980063728988,"[178701094, 312892472, 169241695, 203131002, 411693942, 119479044, 144741612, 131983821, 355084342, 566728152]","[19, 19, 19, 19, 19, 19, 19, 19, 19, 19]"
399,2,"[4, 8]",2,0.10507552186027169,0.029140622820705175,1.2800697855418548,"[569775401, 251771382, 121998018, 272889916, 40897021, 280740270, 422282892, 281123654, 273884177, 451592938]","[8, 8, 8, 8, 4, 8, 8, 8, 8, 4]"
400,2,[10],1,0.04174279607832432,0.013556515332311392,1.0396909865085036,"[472712101, 256119635, 131074138, 310805445, 527967879, 436231812, 205923408, 229663079, 374119799, 581880079]","[10, 10, 10, 10, 10, 10, 10, 10, 10, 10]"
401,2,[6],1,0.0813543819822371,0.0184896900318563,1.9941098913550377,"[295204706, 124536510, 571863056, 571814085, 246314100, 415120729, 159442566, 412501211, 191635082, 412332827]","[6, 6, 6, 6, 6, 6, 6, 6, 6, 6]"
402,2,"[10, 18]",2,0.12386169377714396,0.03052613465115428,1.5304903391515836,"[298908210, 298794916, 416738091, 597064447, 544244507, 298912298, 298976203, 298794913, 298815754, 508976102]","[10, 10, 10, 10, 10, 10, 10, 10, 10, 10]"
403,2,"[4, 10]",2,0.08454185398295522,0.025008090771734715,1.0372272382955998,"[261927670, 318808977, 214501488, 174888889, 521408726, 220261913, 98350042, 152732378, 490329523, 214501499]","[10, 4, 10, 10, 10, 4, 10, 10, 4, 10]"
404,2,[16],1,0.06487142201513052,0.015411050990223885,1.562462056055665,"[97886077, 583801759, 473294217, 379341816, 454048482, 454060526, 177085785, 351094633, 563371271, 246830600]","[16, 16, 16, 16, 16, 16, 16, 16, 16, 16]"
405,2,"[10, 11]",2,0.1594969411380589,0.03489604312926531,1.9482983649941161,"[405627185, 484727722, 57846362, 413149586, 19245188, 218422746, 517036859, 419462750, 178560031, 575828864]","[11, 10, 10, 10, 10, 11, 10, 11, 11, 10]"
406,2,"[10, 18]",2,0.12313106702640653,0.03321891510859132,1.5304903391515836,"[150222919, 371593979, 150222911, 351926731, 190314871, 484440631, 150222912, 158620640, 287430052, 254110013]","[10, 18, 18, 18, 18, 18, 18, 18, 10, 18]"
407,2,[4],1,0.04226238327100873,0.01577412523329258,1.034763490082696,"[108058360, 103119539, 5090347, 126781683, 173171432, 142338895, 469461102, 446926760, 205913411, 315840103]","[4, 4, 4, 4, 4, 4, 4, 4, 4, 4]"
408,2,"[7, 10]",2,0.23519747192040086,0.04186577256768942,2.992299107136205,"[521940133, 533729561, 77200660, 69224251, 506160660, 275337916, 144637842, 482998963, 318620571, 139636543]","[7, 7, 10, 7, 7, 7, 7, 7, 7, 7]"
409,2,"[14, 15]",2,0.27003949834033847,0.041066409554332495,3.4050074813421816,"[414719453, 96343823, 445649374, 136595308, 531955375, 475736618, 170271281, 95720623, 544023034, 460097908]","[14, 14, 14, 15, 15, 14, 14, 14, 14, 15]"
410,2,"[3, 13]",2,0.2834442676976323,0.050447799265384674,4.661708984756842,"[517576628, 64814605, 517576629, 517524722, 41558682, 337244320, 193872855, 517576630, 201440502, 154912482]","[13, 13, 13, 13, 13, 13, 13, 13, 13, 3]"
411,2,"[3, 19]",2,0.26481758430600166,0.04732083948329091,4.385710003436543,"[10410030, 578682394, 250298433, 67765886, 227011375, 507953064, 179081506, 412501490, 78231110, 455160597]","[3, 3, 3, 3, 3, 3, 19, 3, 3, 3]"
412,2,[1],1,0.04772141808643937,0.012351484037935734,1.1562415396329015,"[122123242, 56124422, 583483191, 557347182, 32377145, 154005246, 584562653, 1077062, 542098962, 17342547]","[1, 1, 1, 1, 1, 1, 1, 1, 1, 1]"
413,2,"[7, 14]",2,0.2809683829545975,0.046086848713457584,3.5557635909644887,"[322710338, 205162234, 224374198, 322710341, 90927391, 320173452, 599318449, 555608178, 150260965, 364518852]","[14, 14, 14, 7, 14, 14, 14, 14, 14, 14]"
414,2,"[11, 15]",2,0.3018290610052645,0.05015234090387821,3.7501503759995103,"[451554459, 373577251, 373577253, 271058268, 588731848, 161564268, 373577247, 356032756, 575516806, 230419634]","[15, 15, 11, 15, 15, 11, 11, 15, 11, 15]"
415,2,"[4, 18]",2,0.12423398392274976,0.03262697486206889,1.5280265909386799,"[222743300, 526875218, 26571077, 51606008, 256299, 229908291, 29950755, 573959948, 187279006, 388904014]","[4, 4, 4, 4, 4, 4, 4, 4, 4, 4]"
416,2,[2],1,0.08170868828892708,0.01564433192834258,1.98847675928846,"[470108319, 187476453, 352144327, 184621484, 410316380, 471364122, 420011298, 590226482, 481673020, 301145101]","[2, 2, 2, 2, 2, 2, 2, 2, 2, 2]"
417,2,[1],1,0.04804282821714878,0.013250369112938643,1.1562415396329015,"[91742405, 372893354, 141160630, 527014441, 335349252, 184214797, 372910013, 372715502, 571732185, 490910889]","[1, 1, 1, 1, 1, 1, 1, 1, 1, 1]"
418,2,[1],1,0.048008683137595654,0.014113829005509615,1.1562415396329015,"[290312855, 116276053, 235542195, 470314327, 589267683, 564320836, 335205476, 544729345, 29510027, 5637958]","[1, 1, 1, 1, 1, 1, 1, 1, 1, 1]"
419,2,[18],1,0.08146590273827314,0.019807585049420595,2.0212896917946637,"[441789470, 293909992, 23954440, 251174153, 257403790, 253484640, 523674958, 441789486, 441789478, 21129678]","[18, 18, 18, 18, 18, 18, 18, 18, 18, 18]"
420,2,[18],1,0.08169531216844916,0.017434006091207266,2.0212896917946637,"[355486941, 285141226, 344404566, 355486940, 444205536, 285141225, 100064731, 134128179, 120789564, 285141224]","[18, 18, 18, 18, 18, 18, 18, 18, 18, 18]"
421,2,"[4, 9]",2,0.09285799134522676,0.03245596680790186,1.1133348502917215,"[272994238, 465793811, 346140721, 557086401, 53513120, 248624134, 217202170, 51922869, 290663967, 507281989]","[4, 9, 4, 4, 4, 4, 4, 9, 4, 4]"
422,2,"[0, 8]",2,0.13202061504125595,0.03230610955506563,1.6315621110843495,"[519622179, 221771305, 227396417, 78170859, 227396424, 449199702, 590450624, 332673539, 398689986, 520719918]","[0, 0, 0, 8, 0, 0, 0, 8, 8, 0]"
423,2,"[4, 14]",2,0.1291947439312935,0.03325104434043169,1.6006917221238837,"[311977664, 41331909, 142599350, 177114757, 102007025, 316537661, 247373154, 305851356, 427337179, 247379285]","[4, 4, 14, 14, 14, 14, 14, 14, 14, 14]"
424,2,[8],1,0.06259630713611841,0.0165859367698431,1.5253760810010135,"[557878433, 210879324, 454824459, 278728764, 49677047, 56020696, 224108177, 160861159, 314786213, 259484761]","[8, 8, 8, 8, 8, 8, 8, 8, 8, 8]"
425,2,"[2, 12]",2,0.21403845585882664,0.038674299605190754,2.6141052594175562,"[392358263, 80514615, 132438178, 590082382, 323923535, 2032220, 159408963, 537186682, 447232089, 323774418]","[2, 2, 2, 12, 2, 2, 12, 2, 12, 2]"
426,2,[2],1,0.08287154184654355,0.016909841913729906,1.98847675928846,"[185679644, 258644311, 369713830, 202801575, 361339920, 236429858, 461860680, 280506815, 256300972, 580867730]","[2, 2, 2, 2, 2, 2, 2, 2, 2, 2]"
427,2,"[0, 12]",2,0.1998266107402742,0.0412553371861577,2.488740950357169,"[37526005, 588402422, 418645657, 593046928, 393734360, 33417771, 567324398, 574932039, 387987088, 470383145]","[0, 12, 0, 12, 0, 12, 12, 12, 12, 12]"
428,2,"[6, 7]",2,0.2741808630526066,0.04935822496190667,3.469508559559472,"[233810974, 233799325, 230406672, 274424133, 230281270, 230381729, 81629804, 230481869, 300710172, 332271587]","[7, 7, 6, 7, 6, 6, 6, 6, 7, 6]"
429,2,"[10, 12]",2,0.17239988408982754,0.03205714887008071,2.139712373027578,"[418468133, 431002794, 228977595, 288071214, 227073636, 266964121, 348273107, 170991222, 202365462, 456972715]","[12, 12, 12, 12, 12, 12, 12, 12, 12, 12]"
430,2,"[1, 16]",2,0.11424519959837198,0.031872956082224846,1.3593517978442833,"[314175095, 222956702, 212190984, 4437641, 202286739, 140838976, 540336597, 581560069, 544638549, 374021073]","[1, 1, 16, 16, 16, 1, 1, 1, 1, 16]"
431,2,"[0, 9]",2,0.11994071444496512,0.03102799179032445,1.4648271758342162,"[118055614, 385448499, 367743840, 180191463, 163478788, 353868886, 519080082, 552004808, 27643132, 470920514]","[9, 0, 0, 0, 9, 0, 9, 9, 0, 0]"
432,2,"[1, 6]",2,0.12938002636656165,0.030834197998046875,1.5751757154939696,"[206788263, 113432794, 113395491, 51649213, 374727675, 207011379, 210367924, 398082577, 479658484, 191995177]","[6, 6, 6, 6, 6, 6, 6, 6, 6, 6]"
433,2,"[15, 16]",2,0.2493677157908678,0.03991993796080351,3.1029285322874784,"[183387762, 434999243, 154979126, 179571608, 172236172, 525240675, 437611710, 64952817, 82295716, 558359102]","[15, 16, 15, 16, 16, 15, 16, 16, 15, 16]"
434,2,"[6, 7]",2,0.27499353932216763,0.04653187608346343,3.469508559559472,"[225652102, 458691173, 565971705, 490241250, 312158489, 5649969, 5649968, 429115328, 359674580, 165335047]","[6, 6, 6, 6, 6, 6, 6, 6, 6, 6]"
435,2,[19],1,0.0524115851148963,0.015514220111072063,1.2741980063728988,"[255794082, 302766216, 506850432, 181557532, 159361284, 381165460, 211598789, 94748954, 351850430, 534816421]","[19, 19, 19, 19, 19, 19, 19, 19, 19, 19]"
436,2,"[6, 10]",2,0.12294773804023862,0.03505044477060437,1.5169004389317706,"[20069172, 78858363, 12691829, 140863450, 548304356, 437127887, 508225490, 25388469, 33532261, 336991795]","[6, 6, 6, 6, 10, 10, 6, 6, 6, 6]"
437,2,[8],1,0.062544337939471,0.016186702996492386,1.5253760810010135,"[433340456, 57161118, 26448373, 451497625, 214820705, 322602552, 124949268, 95138337, 440025973, 334721079]","[8, 8, 8, 8, 8, 8, 8, 8, 8, 8]"
438,2,"[4, 9]",2,0.09301219787448645,0.028739532455801964,1.1133348502917215,"[49283079, 456559930, 314820472, 78071073, 301223922, 297436434, 536520740, 371396550, 161050588, 583357022]","[9, 9, 9, 9, 9, 9, 9, 9, 9, 9]"
439,2,[2],1,0.08190804999321699,0.01593937398865819,1.98847675928846,"[470639103, 360036417, 518436832, 542847765, 87730836, 116076904, 310170954, 188731557, 591238378, 100259567]","[2, 2, 2, 2, 2, 2, 2, 2, 2, 2]"
440,2,[16],1,0.06542707188054919,0.01574174128472805,1.562462056055665,"[446034911, 58263293, 326555173, 257020445, 559349650, 202266373, 494942197, 436795706, 136800017, 473763689]","[16, 16, 16, 16, 16, 16, 16, 16, 16, 16]"
441,2,[15],1,0.18403635686263442,0.02511541871353984,4.643395008519292,"[527871980, 190267488, 17540976, 568855096, 394281038, 335339605, 7572689, 209725852, 393302680, 503993382]","[15, 15, 15, 15, 15, 15, 15, 15, 15, 15]"
442,2,[18],1,0.08151163067668676,0.018417786341160536,2.0212896917946637,"[283126902, 344263312, 27277348, 507585010, 483500865, 557093516, 125839494, 63723385, 364272230, 595441698]","[18, 18, 18, 18, 18, 18, 18, 18, 18, 18]"
443,2,[4],1,0.04227511864155531,0.015469964127987623,1.034763490082696,"[519701173, 451574719, 447356604, 327049016, 9875326, 575743328, 517876917, 314787772, 246462648, 447370669]","[4, 4, 4, 4, 4, 4, 4, 4, 4, 4]"
444,2,[18],1,0.08151105511933565,0.017620982136577368,2.0212896917946637,"[376707067, 582960674, 578795228, 187776872, 364224531, 427851887, 152457737, 53505544, 456960329, 154160331]","[18, 18, 18, 18, 18, 18, 18, 18, 18, 18]"
445,2,"[9, 10]",2,0.09279456734657288,0.028354762122035027,1.1157985985046253,"[495196780, 436086138, 469014680, 330128090, 162270075, 442489669, 526780422, 446278031, 524971307, 381469699]","[10, 10, 9, 10, 10, 10, 10, 10, 10, 10]"
446,2,[6],1,0.08119716495275497,0.01862889202311635,1.9941098913550377,"[325408754, 385243883, 26490240, 419719519, 583416468, 325457744, 399794579, 22249358, 535952032, 583342522]","[6, 6, 6, 6, 6, 6, 6, 6, 6, 6]"
447,2,[18],1,0.08143982337787747,0.020588388666510582,2.0212896917946637,"[99287103, 81855859, 568486625, 299841255, 499122820, 471263154, 177374318, 143253066, 252492197, 254851665]","[18, 18, 18, 18, 18, 18, 18, 18, 18, 18]"
448,2,[18],1,0.08218341087922454,0.018537594936788082,2.0212896917946637,"[461803644, 461433073, 318515758, 461433074, 496460057, 531572768, 38906152, 245436059, 401742283, 237007656]","[18, 18, 18, 18, 18, 18, 18, 18, 18, 18]"
449,2,"[10, 18]",2,0.12517693312838674,0.03428605571389198,1.5304903391515836,"[447054911, 352040292, 393972249, 267990263, 351982259, 51834142, 351268747, 306591891, 358497620, 456547897]","[18, 10, 18, 18, 18, 18, 18, 18, 18, 18]"
450,2,"[10, 11]",2,0.15902548283338547,0.03448935458436608,1.9482983649941161,"[408884211, 207355559, 25671216, 440986306, 31277728, 113060893, 207533350, 113001490, 342216973, 475883545]","[11, 10, 11, 11, 11, 11, 10, 11, 10, 11]"
451,2,[16],1,0.0649242540821433,0.015481611248105764,1.562462056055665,"[255457970, 11907548, 207976466, 392511486, 12021424, 339898836, 91781316, 103231276, 241396449, 312109283]","[16, 16, 16, 16, 16, 16, 16, 16, 16, 16]"
452,2,"[10, 15]",2,0.2257839529775083,0.03692328417673707,2.8415429975138977,"[275408587, 118267505, 532988921, 193079880, 337381772, 299364175, 155594246, 124097705, 334004200, 536291201]","[15, 15, 15, 15, 15, 15, 15, 15, 10, 15]"
453,2,[9],1,0.049996308982372284,0.015437963884323835,1.191906210500747,"[185142961, 185142962, 494714325, 406129232, 494650794, 446527825, 251943092, 551095445, 593673935, 291534557]","[9, 9, 9, 9, 9, 9, 9, 9, 9, 9]"
454,2,[6],1,0.08109396509826183,0.016514896880835295,1.9941098913550377,"[394840734, 204763087, 349953936, 15101628, 84707877, 418617952, 27236663, 213628432, 346566205, 154405305]","[6, 6, 6, 6, 6, 6, 6, 6, 6, 6]"
455,2,"[3, 15]",2,0.3924362249672413,0.05527595104649663,6.07030850450974,"[13789353, 120696219, 403406346, 549335784, 596655532, 534085640, 39847515, 596578636, 598645519, 369462854]","[15, 15, 15, 15, 15, 15, 15, 15, 15, 15]"
456,2,[11],1,0.11735811084508896,0.021141063421964645,2.8569057434797287,"[365601969, 457555715, 320656730, 139721258, 577637429, 74228742, 334013790, 457916124, 365633226, 168133418]","[11, 11, 11, 11, 11, 11, 11, 11, 11, 11]"
457,2,[6],1,0.08091105194762349,0.02006877027451992,1.9941098913550377,"[162471685, 136874010, 231705738, 524464579, 571179873, 113888790, 119861582, 186491860, 463699260, 106311894]","[6, 6, 6, 6, 6, 6, 6, 6, 6, 6]"
458,2,[6],1,0.08082148293033242,0.01954710390418768,1.9941098913550377,"[187787262, 166420139, 215726149, 212547914, 191295996, 115563401, 274449131, 517111948, 378081030, 420588990]","[6, 6, 6, 6, 6, 6, 6, 6, 6, 6]"
459,2,"[7, 10]",2,0.23565123323351145,0.0404556542634964,2.992299107136205,"[483178869, 315889861, 315914143, 489818873, 272080642, 151472558, 226086068, 315949387, 35411718, 560910136]","[7, 10, 10, 7, 10, 7, 7, 10, 7, 10]"
460,2,[8],1,0.0625301618129015,0.016239855904132128,1.5253760810010135,"[479292604, 301933640, 535548284, 301902290, 318613265, 175490625, 161639518, 466535407, 482889741, 417578861]","[8, 8, 8, 8, 8, 8, 8, 8, 8, 8]"
461,2,"[1, 10]",2,0.08969701454043388,0.026553825940936804,1.0979662630707026,"[400235162, 332873320, 129177492, 270544705, 594292472, 234273248, 317781559, 41028519, 594326342, 178658508]","[1, 10, 10, 10, 10, 1, 10, 10, 1, 10]"
462,2,"[15, 18]",2,0.26524257892742753,0.04872308578342199,3.3323423501569778,"[144569808, 53678820, 232274035, 220204330, 413886969, 346945777, 423793692, 199456996, 232274036, 214229797]","[15, 15, 18, 18, 15, 15, 15, 15, 18, 15]"
463,2,[8],1,0.06250542588531971,0.015155402012169361,1.5253760810010135,"[40280342, 81705327, 363770131, 484265681, 14113010, 434870727, 541770102, 432930589, 592003099, 260127737]","[8, 8, 8, 8, 8, 8, 8, 8, 8, 8]"
464,2,[15],1,0.1835701148957014,0.02421208703890443,4.643395008519292,"[302910979, 292312148, 435412727, 81024549, 507575881, 285794450, 285616290, 507678586, 285539307, 507596908]","[15, 15, 15, 15, 15, 15, 15, 15, 15, 15]"
465,2,"[1, 12]",2,0.17829539999365807,0.036874580197036266,2.197987649589777,"[176468700, 213315000, 346243434, 235771350, 148498246, 41816450, 66036315, 93467718, 360689364, 492897766]","[1, 1, 1, 1, 1, 1, 1, 12, 1, 1]"
466,2,"[4, 6]",2,0.12381167942658067,0.03351728245615959,1.5144366907188669,"[352042136, 130287596, 374165375, 213506514, 498112273, 320267901, 423594621, 409177016, 519836244, 175580031]","[4, 6, 6, 4, 6, 6, 6, 6, 6, 6]"
467,2,"[10, 18]",2,0.12363881291821599,0.03100949479267001,1.5304903391515836,"[323627120, 18091477, 341299244, 306436514, 54728018, 204994945, 18084019, 474432847, 365102335, 511187086]","[10, 10, 10, 10, 10, 10, 10, 10, 10, 10]"
468,2,[10],1,0.041695307940244675,0.014432230964303017,1.0396909865085036,"[19581558, 173936900, 245099407, 351774844, 513831419, 385517083, 371157335, 274563623, 427740796, 484744567]","[10, 10, 10, 10, 10, 10, 10, 10, 10, 10]"
469,2,[10],1,0.04141466738656163,0.014593575149774551,1.0396909865085036,"[355252855, 307260413, 328457265, 425216056, 24127328, 60728952, 26361272, 417990005, 416222946, 155848221]","[10, 10, 10, 10, 10, 10, 10, 10, 10, 10]"
470,2,[9],1,0.049863507971167564,0.016066319309175014,1.191906210500747,"[176000049, 417180042, 81115506, 273980664, 178865239, 572770910, 18778545, 515658071, 249475871, 977831]","[9, 9, 9, 9, 9, 9, 9, 9, 9, 9]"
471,2,[8],1,0.06292504398152232,0.017767831217497587,1.5253760810010135,"[306886796, 229777518, 63994882, 53812755, 138900231, 455625206, 220252179, 309583133, 165135883, 409385703]","[8, 8, 8, 8, 8, 8, 8, 8, 8, 8]"
472,2,[10],1,0.04161073220893741,0.012591741979122162,1.0396909865085036,"[464201156, 493687953, 99275646, 223346411, 250763915, 357588963, 297833110, 233508947, 591774573, 56675729]","[10, 10, 10, 10, 10, 10, 10, 10, 10, 10]"
473,2,[12],1,0.13012342201545835,0.01957443216815591,3.2397337595466524,"[112947996, 246119311, 99877266, 365812706, 332730644, 104530316, 347892926, 276497222, 302299097, 571956600]","[12, 12, 12, 12, 12, 12, 12, 12, 12, 12]"
474,2,"[0, 12]",2,0.2019288600422442,0.04009277280420065,2.488740950357169,"[419399602, 419549737, 419425382, 357702048, 111279463, 267500020, 331809858, 305610631, 531818045, 351804448]","[0, 0, 0, 0, 0, 0, 0, 0, 0, 0]"
475,2,"[7, 15]",2,0.37722220038995147,0.05799836339429021,4.794151118141599,"[430031948, 514890560, 174438848, 562498391, 142104170, 378670932, 260892374, 179698011, 203782156, 173970011]","[15, 15, 15, 7, 7, 15, 15, 7, 15, 15]"
476,2,"[10, 13]",2,0.1154475100338459,0.031147832050919533,1.4329434777610004,"[101179090, 101303614, 593885909, 101275642, 219048394, 52588656, 58450946, 172334369, 319053680, 68105347]","[10, 10, 10, 13, 10, 10, 10, 13, 13, 10]"
477,2,[18],1,0.08160987216979265,0.019799680914729834,2.0212896917946637,"[515987773, 134023122, 134045765, 402584518, 277369238, 461713186, 342526040, 391252430, 1252446, 519829800]","[18, 18, 18, 18, 18, 18, 18, 18, 18, 18]"
478,2,"[10, 11]",2,0.15946564497426152,0.03439293708652258,1.9482983649941161,"[278583544, 65943481, 265290220, 185132949, 445720643, 446078741, 412133560, 496691256, 459122929, 251637121]","[11, 10, 10, 10, 11, 11, 10, 11, 11, 11]"
479,2,"[4, 8]",2,0.1047429135069251,0.030630774330347776,1.2800697855418548,"[298702158, 594147739, 472968727, 297030204, 214642820, 219194969, 711325, 487549793, 547702197, 126991585]","[8, 8, 8, 8, 8, 8, 8, 8, 8, 4]"
480,2,[10],1,0.04191639833152294,0.012722622137516737,1.0396909865085036,"[76437166, 148730856, 289687404, 31389939, 54371157, 399769744, 76421893, 583403024, 59100085, 76434255]","[10, 10, 10, 10, 10, 10, 10, 10, 10, 10]"
481,2,"[7, 10]",2,0.23544361675158143,0.042234255000948906,2.992299107136205,"[313386754, 341732680, 393366560, 313233339, 134682753, 264534411, 59130015, 156965790, 121371235, 316740755]","[10, 10, 10, 10, 10, 10, 10, 10, 10, 10]"
482,2,[12],1,0.12964204279705882,0.021398760844022036,3.2397337595466524,"[512525686, 185414817, 442983950, 486542584, 144635416, 412352454, 412533088, 278271929, 270942898, 215904612]","[12, 12, 12, 12, 12, 12, 12, 12, 12, 12]"
483,2,[16],1,0.06526892818510532,0.01602884568274021,1.562462056055665,"[489828717, 310848652, 39414752, 489772051, 489812532, 166713165, 489585111, 489812529, 489585110, 489812530]","[16, 16, 16, 16, 16, 16, 16, 16, 16, 16]"
484,2,"[10, 12]",2,0.17205709824338555,0.033353122882544994,2.139712373027578,"[18606957, 454531142, 297497815, 104332912, 193436670, 86389394, 379833395, 27434076, 77895589, 404521195]","[10, 10, 10, 10, 10, 10, 10, 10, 10, 10]"
485,2,"[4, 19]",2,0.09659320907667279,0.030276052188128233,1.1544807482277974,"[200634062, 127095969, 338204614, 47062145, 292852348, 2360277, 170606102, 313575331, 444746136, 564218051]","[19, 19, 19, 19, 19, 19, 19, 19, 19, 19]"
486,2,"[1, 10]",2,0.08999010501429439,0.02572876727208495,1.0979662630707026,"[56701149, 39076161, 568055858, 263768564, 58447535, 391336856, 417800668, 56763086, 171637616, 56720614]","[1, 1, 1, 1, 10, 10, 1, 1, 1, 1]"
487,2,"[1, 15]",2,0.23210776085034013,0.04117383295670152,2.8998182740760967,"[19261898, 537114744, 305324172, 404060066, 66332971, 109069536, 219746690, 13256207, 519415945, 592845493]","[1, 15, 15, 15, 15, 1, 15, 1, 15, 15]"
488,2,[1],1,0.04786429787054658,0.013970660045742989,1.1562415396329015,"[399005212, 87256967, 87256965, 116827493, 202144811, 6340035, 78982428, 12995121, 586727256, 255761134]","[1, 1, 1, 1, 1, 1, 1, 1, 1, 1]"
489,2,[2],1,0.08194961724802852,0.01764968689531088,1.98847675928846,"[244730630, 583962548, 422582951, 591290990, 311550525, 190397391, 205670594, 3671082, 520987336, 395580749]","[2, 2, 2, 2, 2, 2, 2, 2, 2, 2]"
490,2,[1],1,0.047944555059075356,0.012945470865815878,1.1562415396329015,"[147860004, 549774917, 279548621, 82761773, 283966976, 253136900, 44292805, 409233162, 484392645, 439160149]","[1, 1, 1, 1, 1, 1, 1, 1, 1, 1]"
491,2,[9],1,0.049884308129549026,0.018304601777344942,1.191906210500747,"[268678452, 453487855, 440347452, 403625282, 2456965, 354402042, 550281212, 81435176, 490443456, 536225976]","[9, 9, 9, 9, 9, 9, 9, 9, 9, 9]"
492,2,"[7, 8]",2,0.2566168732009828,0.04222311871126294,3.23514165438246,"[160760036, 174221182, 24335764, 393169956, 18314610, 28528015, 55836635, 345243402, 192390787, 93996331]","[8, 8, 8, 8, 8, 8, 8, 8, 8, 8]"
493,2,"[7, 15]",2,0.3777326666750014,0.05227321572601795,4.794151118141599,"[47288857, 277272628, 420501350, 402856706, 350020328, 79991391, 277766670, 151806371, 68940733, 400869449]","[15, 15, 15, 15, 15, 15, 7, 15, 15, 15]"
494,2,"[0, 12]",2,0.19973086519166827,0.03658469161018729,2.488740950357169,"[405705380, 205539569, 233429029, 526541966, 186295331, 186246386, 155115209, 428119303, 382854843, 301760601]","[12, 12, 12, 12, 12, 12, 12, 12, 12, 12]"
495,2,"[6, 12]",2,0.2123187044635415,0.036936181131750345,2.616921825450845,"[25871553, 86639618, 103452026, 9606063, 37237949, 293467789, 196184832, 371519373, 275562567, 103473813]","[6, 6, 6, 6, 6, 6, 6, 6, 6, 6]"
496,2,[10],1,0.04195172572508454,0.014035268221050501,1.0396909865085036,"[236259714, 571862111, 34682763, 229252425, 135594955, 446634837, 291748984, 223787483, 294138131, 238303764]","[10, 10, 10, 10, 10, 10, 10, 10, 10, 10]"
497,2,[19],1,0.052363264840096235,0.018073336221277714,1.2741980063728988,"[299386406, 319058044, 494534355, 364834223, 364842068, 437804398, 308900473, 591029583, 50443737, 41614889]","[19, 19, 19, 19, 19, 19, 19, 19, 19, 19]"
498,2,"[10, 18]",2,0.12384537374600768,0.03447191324084997,1.5304903391515836,"[276146023, 576706550, 578940775, 311036971, 576706551, 35003847, 18787922, 579237344, 570847380, 579237342]","[10, 10, 10, 18, 10, 10, 10, 10, 10, 10]"
499,2,[19],1,0.052147550974041224,0.015251210890710354,1.2741980063728988,"[591551392, 131956001, 467193386, 391865967, 123524978, 313563880, 200658135, 124019936, 457602712, 28805091]","[19, 19, 19, 19, 19, 19, 19, 19, 19, 19]"
500,2,[0],1,0.0695556690916419,0.016749170143157244,1.7377481411676854,"[425777109, 236293030, 479933293, 549363883, 425745683, 425845956, 577488482, 425845955, 540793091, 486638147]","[0, 0, 0, 0, 0, 0, 0, 0, 0, 0]"
501,2,[12],1,0.12977682705968618,0.025082107167690992,3.2397337595466524,"[506606551, 29636583, 317604999, 584524121, 22593284, 240298873, 199862179, 62864624, 200570415, 164293397]","[12, 12, 12, 12, 12, 12, 12, 12, 12, 12]"
502,2,"[1, 18]",2,0.12967561092227697,0.03176294034346938,1.5887656157137826,"[538523683, 559537613, 375595151, 229394936, 238057012, 192814861, 430651696, 236834153, 564611747, 443423234]","[1, 18, 1, 1, 1, 1, 1, 1, 1, 18]"
503,2,[10],1,0.04174775676801801,0.012224475853145123,1.0396909865085036,"[66775892, 67675597, 145991549, 336506009, 122988501, 277869308, 346161102, 381972781, 307481867, 506517980]","[10, 10, 10, 10, 10, 10, 10, 10, 10, 10]"
504,2,[4],1,0.04225534200668335,0.015662637073546648,1.034763490082696,"[567927322, 549567211, 105174944, 495504598, 484647602, 344915465, 342190053, 25383992, 272479430, 255396892]","[4, 4, 4, 4, 4, 4, 4, 4, 4, 4]"
505,2,[4],1,0.042264014948159456,0.015216362662613392,1.034763490082696,"[153410927, 251994508, 70556567, 168058283, 323453715, 438010534, 324927328, 214207973, 388016414, 121761180]","[4, 4, 4, 4, 4, 4, 4, 4, 4, 4]"
506,2,[4],1,0.042328143026679754,0.013220257125794888,1.034763490082696,"[570547811, 465117429, 112809579, 22885840, 382313075, 18740924, 95736731, 475097166, 563075895, 543868650]","[4, 4, 4, 4, 4, 4, 4, 4, 4, 4]"
507,2,[8],1,0.06257182592526078,0.016161551233381033,1.5253760810010135,"[426049066, 336438051, 422839851, 102289513, 500345096, 279358314, 271830533, 422863222, 244534552, 113902419]","[8, 8, 8, 8, 8, 8, 8, 8, 8, 8]"
508,2,[9],1,0.049813236109912395,0.013778564054518938,1.191906210500747,"[88155495, 88155494, 203558056, 133048366, 335600884, 349761725, 529499156, 351513107, 453714421, 159299546]","[9, 9, 9, 9, 9, 9, 9, 9, 9, 9]"
509,2,"[1, 10]",2,0.08950997376814485,0.025815616361796856,1.0979662630707026,"[136975153, 76102061, 18384764, 447365013, 406168773, 576089588, 406299903, 411642109, 122149532, 505106373]","[1, 10, 1, 1, 1, 1, 1, 1, 1, 1]"
510,2,[1],1,0.047731978353112936,0.013617058750241995,1.1562415396329015,"[73624450, 75775109, 425185866, 314113358, 469196941, 469172981, 469083543, 365057986, 469289361, 104828063]","[1, 1, 1, 1, 1, 1, 1, 1, 1, 1]"
511,2,[12],1,0.13032079814001918,0.021962922997772694,3.2397337595466524,"[354342484, 354982027, 539458146, 2893851, 588943316, 265818700, 2701816, 89993059, 100270462, 521253563]","[12, 12, 12, 12, 12, 12, 12, 12, 12, 12]"
512,2,"[3, 13]",2,0.28134435415267944,0.044674746692180634,4.661708984756842,"[60901442, 486066851, 325958056, 291914464, 252892403, 325693456, 488606824, 476162905, 557256049, 400814606]","[3, 3, 3, 13, 13, 13, 13, 13, 13, 3]"
513,2,[2],1,0.08222203468903899,0.016788529697805643,1.98847675928846,"[9753040, 175920041, 442793169, 210970518, 198030279, 161816983, 471476524, 363023100, 344275419, 97533873]","[2, 2, 2, 2, 2, 2, 2, 2, 2, 2]"
514,2,[0],1,0.06984309386461973,0.01644014474004507,1.7377481411676854,"[13234335, 103461123, 212467506, 375167620, 77523374, 552162288, 77623089, 90504017, 447425545, 164113948]","[0, 0, 0, 0, 0, 0, 0, 0, 0, 0]"
515,2,"[1, 3]",2,0.25555750727653503,0.04206209350377321,4.326731770066544,"[543922079, 354926197, 130933279, 543791991, 594762485, 422086086, 104910465, 291501341, 195792455, 130933280]","[3, 3, 3, 3, 1, 3, 3, 3, 3, 1]"
516,2,"[12, 14]",2,0.21662122150883079,0.04141761036589742,2.703176856855862,"[157350314, 369597083, 211384216, 389271069, 324700103, 25048268, 139187086, 472835488, 211384218, 365680177]","[12, 12, 12, 14, 12, 12, 14, 12, 12, 12]"
517,2,[18],1,0.08135630330070853,0.0172993172891438,2.0212896917946637,"[116909789, 213916429, 454389511, 454348595, 180504935, 152709618, 597380804, 375642974, 517449535, 180504938]","[18, 18, 18, 18, 18, 18, 18, 18, 18, 18]"
518,2,[0],1,0.0697451732121408,0.015834670048207045,1.7377481411676854,"[339741272, 208979114, 211228225, 302190687, 519110891, 211333354, 355393691, 391274177, 102095545, 309679750]","[0, 0, 0, 0, 0, 0, 0, 0, 0, 0]"
519,2,[19],1,0.052457377314567566,0.014649510849267244,1.2741980063728988,"[464425538, 411391048, 411391064, 210728434, 411391046, 411391050, 511903954, 468105198, 435401648, 60332441]","[19, 19, 19, 19, 19, 19, 19, 19, 19, 19]"
520,2,[19],1,0.0523294722661376,0.014840840827673674,1.2741980063728988,"[25955538, 86731325, 504422431, 137001895, 230400934, 477811446, 10405125, 462531434, 284745640, 482766710]","[19, 19, 19, 19, 19, 19, 19, 19, 19, 19]"
521,2,"[7, 14]",2,0.2804011180996895,0.05225168028846383,3.5557635909644887,"[299210752, 412723054, 98020671, 567546523, 127648928, 299208442, 349839111, 299335092, 299364182, 46869749]","[7, 7, 7, 7, 14, 7, 14, 7, 7, 7]"
522,2,[8],1,0.0626940350048244,0.016034414060413837,1.5253760810010135,"[130317406, 255648442, 58185551, 432017163, 2703194, 563593339, 475160783, 355317670, 8883729, 417584932]","[8, 8, 8, 8, 8, 8, 8, 8, 8, 8]"
523,2,"[6, 15]",2,0.26635288819670677,0.04640038777142763,3.318752449937165,"[293660001, 283438059, 226255915, 359159413, 148240321, 283438076, 441716235, 410667348, 506653755, 191406192]","[6, 6, 6, 6, 6, 6, 6, 6, 6, 6]"
524,2,[16],1,0.06516035087406635,0.015548203606158495,1.562462056055665,"[563895318, 570730176, 26854162, 160315320, 275142002, 528973679, 578245079, 526067676, 69172137, 274216131]","[16, 16, 16, 16, 16, 16, 16, 16, 16, 16]"
525,2,"[3, 6]",2,0.29134296299889684,0.04994830908253789,4.7456659459276125,"[138296968, 309440188, 410780069, 421800907, 26949837, 111073023, 323862633, 527246556, 358096082, 305807331]","[3, 3, 3, 6, 3, 6, 6, 3, 6, 6]"
526,2,"[6, 12]",2,0.2120520151220262,0.03924764692783356,2.616921825450845,"[428022682, 428022681, 84491517, 427455796, 553997351, 427960047, 554145425, 309886608, 17613869, 428026473]","[6, 6, 6, 6, 6, 12, 6, 6, 6, 6]"
527,2,[15],1,0.18367273919284344,0.025650046300143003,4.643395008519292,"[337770232, 315271558, 146162777, 503296390, 298427025, 191188830, 439929411, 71426319, 39280430, 475394310]","[15, 15, 15, 15, 15, 15, 15, 15, 15, 15]"
528,2,[4],1,0.04243336012586951,0.015753901097923517,1.034763490082696,"[164834463, 305286002, 16514907, 112471442, 233114419, 585259174, 117410895, 251875423, 341073338, 99287187]","[4, 4, 4, 4, 4, 4, 4, 4, 4, 4]"
529,2,[12],1,0.12994569214060903,0.024107478093355894,3.2397337595466524,"[48824457, 391242099, 241830589, 109037586, 403518541, 178355751, 558218589, 141686781, 567412056, 349201361]","[12, 12, 12, 12, 12, 12, 12, 12, 12, 12]"
530,2,"[3, 7]",2,0.4012262849137187,0.055801873095333576,6.221064614132047,"[59765703, 320549545, 261551264, 33579243, 260241454, 530641319, 160952692, 416025382, 114967202, 253403554]","[3, 7, 3, 3, 7, 7, 7, 7, 7, 7]"
531,2,[7],1,0.1930901287123561,0.027897608000785112,4.944907227763906,"[20708183, 429534339, 501382547, 557908968, 502044240, 573040798, 545226018, 396473004, 46235902, 197916966]","[7, 7, 7, 7, 7, 7, 7, 7, 7, 7]"
532,2,"[1, 15]",2,0.232274672947824,0.04129735520109534,2.8998182740760967,"[380620637, 344124914, 331898618, 378870985, 212664216, 180524841, 404611070, 251924106, 472820615, 78478838]","[15, 1, 1, 15, 15, 15, 15, 15, 1, 15]"
533,2,[16],1,0.06500879861414433,0.01469629630446434,1.562462056055665,"[590164671, 520149710, 428304541, 552999872, 335233368, 531186748, 227153031, 38374470, 550557809, 491192269]","[16, 16, 16, 16, 16, 16, 16, 16, 16, 16]"
534,2,"[10, 12]",2,0.17356408201158047,0.03427885612472892,2.139712373027578,"[322669607, 51954795, 127179466, 287305208, 71858681, 326973067, 124809037, 127095418, 324740582, 517661407]","[12, 12, 12, 12, 12, 12, 12, 12, 12, 10]"
535,2,[15],1,0.18531053978949785,0.030265204142779112,4.643395008519292,"[296608572, 537511200, 294221006, 224743290, 557872642, 50040164, 275642693, 55308399, 441924248, 202953193]","[15, 15, 15, 15, 15, 15, 15, 15, 15, 15]"
536,2,[12],1,0.12975417217239738,0.022568109910935163,3.2397337595466524,"[402493468, 65971972, 456402608, 564485727, 131974822, 385738764, 230534218, 577566495, 363409200, 553233970]","[12, 12, 12, 12, 12, 12, 12, 12, 12, 12]"
537,2,[4],1,0.04239975893869996,0.01496196212247014,1.034763490082696,"[118696928, 204662725, 369727882, 122549331, 240924035, 239161889, 118696929, 414024632, 406975392, 211021815]","[4, 4, 4, 4, 4, 4, 4, 4, 4, 4]"
538,2,[4],1,0.04219265514984727,0.014778055716305971,1.034763490082696,"[303820935, 320859813, 134482581, 260695453, 441462598, 13484759, 166172169, 332015342, 540972859, 512797716]","[4, 4, 4, 4, 4, 4, 4, 4, 4, 4]"
539,2,[8],1,0.06348053505644202,0.015111626125872135,1.5253760810010135,"[123083666, 496986301, 241713019, 493392983, 5354004, 474528701, 452525700, 497005162, 31285918, 39305778]","[8, 8, 8, 8, 8, 8, 8, 8, 8, 8]"
540,2,[8],1,0.09314052015542984,0.016681137960404158,1.5253760810010135,"[189654009, 137357883, 500010538, 267334804, 63865312, 500224551, 539799815, 141016056, 198256727, 300467437]","[8, 8, 8, 8, 8, 8, 8, 8, 8, 8]"
541,2,"[4, 7]",2,0.23608736507594585,0.046226370614022017,2.989835358923301,"[368794346, 162451809, 251457724, 122089308, 266341005, 554200748, 56148142, 45322150, 266107981, 328601720]","[7, 7, 7, 7, 4, 7, 4, 7, 7, 7]"
542,2,"[3, 6]",2,0.2893074010498822,0.04099555965512991,4.7456659459276125,"[196948683, 384252313, 378222535, 318779862, 396119654, 197506474, 439818553, 542486797, 448408093, 312800860]","[6, 6, 6, 6, 6, 6, 6, 6, 6, 6]"
543,2,"[3, 6]",2,0.29132558684796095,0.04408587981015444,4.7456659459276125,"[358210674, 416260114, 259058018, 160788017, 496181573, 22039393, 133869573, 426331662, 325753021, 484481479]","[6, 6, 6, 6, 3, 6, 6, 6, 6, 6]"
544,2,[18],1,0.08162308810278773,0.01863301917910576,2.0212896917946637,"[379336593, 379312487, 379301705, 90026781, 379350332, 264718859, 596057616, 379306138, 405490897, 367832380]","[18, 18, 18, 18, 18, 18, 18, 18, 18, 18]"
545,2,[1],1,0.048516910057514906,0.013246208894997835,1.1562415396329015,"[145084398, 423763699, 189694457, 555148552, 387580617, 338072917, 344158863, 153822917, 464936886, 244863190]","[1, 1, 1, 1, 1, 1, 1, 1, 1, 1]"
546,2,"[4, 18]",2,0.12538211699575186,0.031257560942322016,1.5280265909386799,"[28169039, 196600927, 35221743, 525217917, 373205941, 163145883, 348729257, 164594342, 295212390, 333503790]","[18, 18, 18, 18, 18, 18, 18, 18, 18, 18]"
547,2,[6],1,0.0809160121716559,0.018146296963095665,1.9941098913550377,"[592182966, 596623360, 240415233, 349892222, 74766187, 390424334, 471609244, 31474832, 106748058, 303673282]","[6, 6, 6, 6, 6, 6, 6, 6, 6, 6]"
548,2,"[12, 16]",2,0.1948486352339387,0.037618296686559916,2.4010979078011587,"[305235514, 416172459, 311121833, 583816488, 495811083, 496522439, 494016466, 27420085, 356627288, 462078825]","[12, 16, 16, 16, 12, 12, 16, 12, 12, 12]"
549,2,"[4, 8]",2,0.10489020869135857,0.031174777541309595,1.2800697855418548,"[451205571, 97655870, 305268778, 413543884, 105421046, 305268780, 305256519, 161716231, 50254066, 481020968]","[8, 8, 8, 8, 8, 8, 8, 8, 8, 8]"
550,2,[16],1,0.06480188621208072,0.016468368005007505,1.562462056055665,"[110104781, 365956345, 405342348, 379784786, 405220095, 403931308, 405201139, 403972390, 257063804, 1660903]","[16, 16, 16, 16, 16, 16, 16, 16, 16, 16]"
551,2,"[4, 18]",2,0.12434784043580294,0.03249622322618961,1.5280265909386799,"[253128968, 550995109, 22696722, 64346359, 272789943, 279323403, 289324148, 294489705, 435520325, 26007120]","[4, 4, 18, 4, 18, 18, 18, 4, 18, 18]"
552,2,"[12, 15]",2,0.31469325302168727,0.05269539309665561,3.941564384032972,"[387430141, 430416570, 199144504, 47763948, 140760693, 182873893, 532291554, 321212558, 115008368, 199144482]","[12, 12, 12, 12, 12, 12, 12, 12, 12, 12]"
553,2,"[7, 15]",2,0.37710808543488383,0.056899286806583405,4.794151118141599,"[436301081, 314632339, 259075731, 304169687, 182587240, 281168365, 124843824, 587750298, 101050687, 509576363]","[7, 7, 15, 7, 7, 15, 7, 15, 15, 7]"
554,2,[10],1,0.04189095739275217,0.012679549865424633,1.0396909865085036,"[563590081, 547363610, 347670650, 347670648, 186317781, 441406741, 571785563, 502768381, 393800161, 282575724]","[10, 10, 10, 10, 10, 10, 10, 10, 10, 10]"
555,2,"[9, 16]",2,0.11465672217309475,0.028881643898785114,1.377184133278206,"[428557457, 81834019, 316225551, 340944129, 289474694, 183636341, 341782620, 201913935, 52529459, 130863962]","[16, 16, 16, 16, 16, 16, 16, 16, 16, 9]"
556,2,"[10, 12]",2,0.1726726540364325,0.03356368513777852,2.139712373027578,"[201539799, 278732438, 586027926, 135281203, 239361347, 405000154, 139451569, 80171971, 340332462, 442181009]","[12, 12, 12, 10, 12, 10, 10, 12, 12, 12]"
557,2,"[10, 18]",2,0.12320921197533607,0.03236127784475684,1.5304903391515836,"[302946939, 520059973, 29259430, 145250360, 380424102, 550489217, 411965760, 211497861, 573996584, 166873148]","[18, 10, 10, 10, 18, 18, 18, 18, 18, 18]"
558,2,"[16, 18]",2,0.1465771021321416,0.032986242324113846,1.7918758739251643,"[339775718, 313037491, 359460564, 173027574, 520013276, 573714606, 539136162, 272660810, 506756799, 477259554]","[16, 18, 16, 16, 16, 18, 18, 16, 16, 18]"
559,2,[16],1,0.06499679805710912,0.015324202831834555,1.562462056055665,"[149011245, 149011244, 879383, 358962629, 301547627, 180913596, 279158838, 180913602, 244232859, 135997227]","[16, 16, 16, 16, 16, 16, 16, 16, 16, 16]"
560,2,[8],1,0.06237505795434117,0.01609422266483307,1.5253760810010135,"[479248961, 227952470, 505840292, 137410740, 493062940, 356735023, 505820636, 142364103, 293612120, 352879255]","[8, 8, 8, 8, 8, 8, 8, 8, 8, 8]"
561,2,"[2, 19]",2,0.13362871948629618,0.031427737325429916,1.6313373828306794,"[598475734, 473061910, 64232253, 123279207, 70629742, 586842343, 325309838, 446257182, 174097268, 443163506]","[2, 2, 2, 2, 2, 2, 2, 2, 2, 2]"
562,2,[12],1,0.13036057399585843,0.020183554850518703,3.2397337595466524,"[186870557, 389685536, 326059485, 498273563, 533875352, 493450800, 169780967, 231906160, 310890763, 573480073]","[12, 12, 12, 12, 12, 12, 12, 12, 12, 12]"
563,2,[10],1,0.04193658893927932,0.014125508721917868,1.0396909865085036,"[447842928, 230938230, 371597128, 571371173, 330165389, 280007366, 223834768, 216360558, 306869074, 499446516]","[10, 10, 10, 10, 10, 10, 10, 10, 10, 10]"
564,2,"[10, 12]",2,0.1709540211595595,0.03907075198367238,2.139712373027578,"[446593623, 370412560, 454622786, 355824515, 355860451, 1133615, 455487406, 455570104, 446774060, 190667983]","[12, 12, 10, 12, 12, 12, 10, 12, 12, 12]"
565,2,[8],1,0.06245972914621234,0.016308464109897614,1.5253760810010135,"[19276295, 388422774, 146564670, 432347069, 451244349, 246235813, 525279319, 256860069, 585951782, 319981143]","[8, 8, 8, 8, 8, 8, 8, 8, 8, 8]"
566,2,[9],1,0.049741140101104975,0.015592268202453852,1.191906210500747,"[272436769, 541364278, 88083414, 336488074, 34475341, 13584524, 275635349, 415377701, 95977264, 597857893]","[9, 9, 9, 9, 9, 9, 9, 9, 9, 9]"
567,2,[10],1,0.04161521187052131,0.013569507282227278,1.0396909865085036,"[473929517, 538914775, 538925381, 140009310, 26346305, 286559593, 77980225, 302749586, 291344535, 401486074]","[10, 10, 10, 10, 10, 10, 10, 10, 10, 10]"
568,2,[2],1,0.08388946577906609,0.015815886203199625,1.98847675928846,"[450102184, 38475886, 567314320, 38557328, 42930795, 43217788, 292029508, 129944906, 38475884, 29912830]","[2, 2, 2, 2, 2, 2, 2, 2, 2, 2]"
569,2,[12],1,0.13859677501022816,0.025068859104067087,3.2397337595466524,"[496850423, 42399778, 479823429, 384850063, 515657031, 284431052, 592818229, 28681453, 327539871, 148776135]","[12, 12, 12, 12, 12, 12, 12, 12, 12, 12]"
570,2,[8],1,0.06236372981220484,0.016401711851358414,1.5253760810010135,"[111281527, 513465414, 589469571, 14727417, 196776433, 375467088, 482118034, 6711057, 204261675, 433995722]","[8, 8, 8, 8, 8, 8, 8, 8, 8, 8]"
571,2,[6],1,0.08093310007825494,0.01673220982775092,1.9941098913550377,"[440077489, 364789004, 247218488, 322463011, 460459013, 163450937, 486302639, 315918906, 315754944, 295748972]","[6, 6, 6, 6, 6, 6, 6, 6, 6, 6]"
572,2,[7],1,0.192757167853415,0.028904652688652277,4.944907227763906,"[370449528, 220490382, 579993383, 569221911, 39802519, 416962908, 97264044, 241829360, 192378042, 178481226]","[7, 7, 7, 7, 7, 7, 7, 7, 7, 7]"
573,2,"[12, 16]",2,0.19524521240964532,0.039369184989482164,2.4010979078011587,"[472042446, 472042443, 275520693, 213767531, 204516723, 202782288, 477485815, 122975044, 82702990, 485258543]","[12, 12, 16, 16, 16, 16, 12, 16, 16, 16]"
574,2,"[10, 18]",2,0.12310722609981894,0.032851585652679205,1.5304903391515836,"[329749426, 23495679, 327771246, 182762665, 197075458, 495090783, 329780075, 529181142, 66200712, 399898664]","[18, 18, 18, 18, 18, 10, 18, 18, 18, 18]"
575,2,"[3, 6]",2,0.2884811880066991,0.04945496190339327,4.7456659459276125,"[771940, 771942, 429182572, 464559510, 167257391, 771941, 362577405, 34483015, 461600878, 73485938]","[3, 3, 6, 6, 6, 3, 6, 6, 6, 6]"
576,2,"[11, 15]",2,0.3000747808255255,0.04529094183817506,3.7501503759995103,"[437210537, 336076249, 464257251, 215555962, 361200040, 221075996, 140009631, 80923322, 332467783, 591083341]","[11, 15, 11, 15, 15, 15, 15, 15, 11, 15]"
577,2,"[9, 10]",2,0.09185433713719249,0.029502001125365496,1.1157985985046253,"[38037888, 248089762, 541759792, 349090450, 488180259, 248940775, 477140071, 526562368, 203342786, 552939181]","[10, 10, 10, 10, 10, 10, 10, 10, 10, 10]"
578,2,[15],1,0.18356800312176347,0.023226898163557053,4.643395008519292,"[76031505, 203432599, 498698775, 273225628, 291604185, 136361427, 462716777, 462772718, 473536997, 278758162]","[15, 15, 15, 15, 15, 15, 15, 15, 15, 15]"
579,2,[19],1,0.0520451832562685,0.016910226549953222,1.2741980063728988,"[273577208, 100927456, 550864144, 58132671, 451783471, 189467229, 380376454, 407817478, 451742210, 176166777]","[19, 19, 19, 19, 19, 19, 19, 19, 19, 19]"
580,2,"[16, 18]",2,0.14617748418822885,0.035066123586148024,1.7918758739251643,"[489394641, 194509153, 67393348, 470309177, 365720678, 122260749, 583650045, 501212221, 156256342, 254612706]","[18, 18, 18, 16, 18, 16, 16, 18, 16, 16]"
581,2,"[7, 11]",2,0.31073131412267685,0.051315580029040575,3.9009064856218174,"[202355617, 248972689, 238045830, 349108730, 238036671, 229454520, 428364306, 476362339, 238201816, 42562283]","[11, 11, 11, 11, 11, 11, 11, 11, 11, 11]"
582,2,[6],1,0.08173995325341821,0.018195800948888063,1.9941098913550377,"[536835298, 338595158, 507160926, 551179478, 535353451, 452364771, 98404273, 313890061, 573709207, 61167579]","[6, 6, 6, 6, 6, 6, 6, 6, 6, 6]"
583,2,"[8, 19]",2,0.11467851279303432,0.030061811208724976,1.3997870436869562,"[445368645, 476663299, 402518957, 321500408, 50901644, 527932238, 568908678, 502925643, 129214873, 412718021]","[19, 19, 8, 19, 19, 8, 19, 19, 8, 19]"
584,2,[8],1,0.06219352129846811,0.018609147053211927,1.5253760810010135,"[365086743, 384524498, 584012182, 264913044, 15905723, 274204087, 584996896, 418460283, 581359820, 46509329]","[8, 8, 8, 8, 8, 8, 8, 8, 8, 8]"
585,2,"[4, 9]",2,0.09209126653149724,0.028283915482461452,1.1133348502917215,"[113493376, 158424658, 229605502, 229588557, 26032459, 103108200, 545495268, 456113403, 301361761, 471411610]","[4, 4, 9, 9, 4, 9, 9, 4, 9, 4]"
586,2,[19],1,0.052071038633584976,0.016254319809377193,1.2741980063728988,"[477671044, 226950698, 199290506, 390578956, 220582591, 319774700, 56384349, 515278551, 9901132, 406107231]","[19, 19, 19, 19, 19, 19, 19, 19, 19, 19]"
587,2,[16],1,0.06467055575922132,0.014481031335890293,1.562462056055665,"[175818502, 474016655, 398947805, 188896256, 443107323, 219341708, 36416778, 596843857, 442922431, 244263483]","[16, 16, 16, 16, 16, 16, 16, 16, 16, 16]"
588,2,[19],1,0.052178431767970324,0.014945737086236477,1.2741980063728988,"[75423562, 482782637, 524051178, 112943153, 449240029, 69395027, 447901314, 233602428, 263821027, 566866547]","[19, 19, 19, 19, 19, 19, 19, 19, 19, 19]"
589,2,[9],1,0.04974312288686633,0.015167274046689272,1.191906210500747,"[51722543, 544158612, 317240786, 544158611, 500392072, 244648089, 523309132, 557201667, 51729279, 554089484]","[9, 9, 9, 9, 9, 9, 9, 9, 9, 9]"
590,2,[11],1,0.11723993392661214,0.02506325813010335,2.8569057434797287,"[540273745, 291758973, 191187373, 183341271, 117889920, 325993256, 570182881, 55508548, 481016194, 74833640]","[11, 11, 11, 11, 11, 11, 11, 11, 11, 11]"
591,2,[8],1,0.062360400799661875,0.016868242993950844,1.5253760810010135,"[247667785, 484265063, 185502942, 222935689, 297816571, 155276905, 203839846, 436330333, 352809261, 214725013]","[8, 8, 8, 8, 8, 8, 8, 8, 8, 8]"
592,2,"[10, 18]",2,0.12312831496819854,0.030325908213853836,1.5304903391515836,"[418025008, 34947156, 79359781, 448538517, 445963902, 129504642, 292844813, 245085872, 152518703, 290733554]","[18, 18, 18, 18, 18, 18, 18, 18, 18, 18]"
593,2,[2],1,0.08214462641626596,0.017276788596063852,1.98847675928846,"[62564213, 62564212, 292362697, 475167337, 153448664, 45424356, 551927611, 552189324, 63543594, 273410682]","[2, 2, 2, 2, 2, 2, 2, 2, 2, 2]"
594,2,"[12, 15]",2,0.3130943002179265,0.05421453760936856,3.941564384032972,"[168881132, 263043432, 588274932, 212521151, 578693503, 191546062, 517951150, 266620919, 164428144, 273950200]","[12, 12, 15, 12, 12, 12, 12, 12, 12, 12]"
595,2,"[1, 12]",2,0.1779830469749868,0.03657758794724941,2.197987649589777,"[547046290, 106264746, 275560893, 104460633, 474417755, 367391428, 325554586, 182027597, 140931744, 459634385]","[12, 12, 12, 12, 12, 12, 12, 12, 12, 12]"
596,2,[18],1,0.08277595695108175,0.018176730256527662,2.0212896917946637,"[123127955, 303041014, 179716294, 395202347, 338469332, 163143152, 302881821, 395180970, 400018106, 199097529]","[18, 18, 18, 18, 18, 18, 18, 18, 18, 18]"
597,2,"[2, 10]",2,0.12329247500747442,0.03142456989735365,1.5140838728984818,"[65698452, 30933330, 521676482, 209046495, 248946728, 394590971, 390217570, 29675834, 60535722, 136798197]","[2, 2, 2, 2, 10, 10, 2, 2, 2, 10]"
598,2,[12],1,0.13003302086144686,0.024086517747491598,3.2397337595466524,"[421629912, 241271105, 484100820, 541584758, 263799811, 20240455, 366369093, 540686024, 262061570, 563640848]","[12, 12, 12, 12, 12, 12, 12, 12, 12, 12]"
599,2,"[0, 9]",2,0.12050599697977304,0.031070711091160774,1.4648271758342162,"[527020027, 102815399, 343008286, 175685298, 501330071, 528146187, 255818314, 286064649, 197172078, 27334687]","[0, 0, 0, 0, 0, 0, 0, 0, 0, 0]"
600,2,"[10, 18]",2,0.12294719507917762,0.03328061057254672,1.5304903391515836,"[424952617, 384323025, 500607810, 199163839, 484609720, 107885682, 599300985, 119051487, 396516428, 14502669]","[10, 10, 10, 10, 10, 10, 10, 10, 10, 10]"
601,2,[2],1,0.08172379294410348,0.015008872840553522,1.98847675928846,"[406436395, 339749203, 165416542, 370229257, 75129625, 354676777, 205058866, 284043042, 596229903, 464651684]","[2, 2, 2, 2, 2, 2, 2, 2, 2, 2]"
602,2,[8],1,0.06354936677962542,0.01694190688431263,1.5253760810010135,"[334476013, 207152477, 182239198, 111337864, 253793192, 384197541, 456652634, 357619060, 459993720, 288529500]","[8, 8, 8, 8, 8, 8, 8, 8, 8, 8]"
603,2,"[6, 7]",2,0.2734436416067183,0.0425411369651556,3.469508559559472,"[588878422, 427309145, 55541073, 553220401, 471025135, 369130037, 169822083, 167363499, 320293660, 167244620]","[6, 6, 6, 6, 6, 7, 6, 7, 7, 7]"
604,2,"[1, 3]",2,0.2552750427275896,0.04282376170158386,4.326731770066544,"[229471206, 336299223, 481723434, 422487549, 110483703, 69759352, 481723432, 481723433, 386527738, 427311451]","[1, 1, 1, 1, 1, 1, 1, 1, 3, 3]"
605,2,[12],1,0.12988847587257624,0.022977903950959444,3.2397337595466524,"[225134385, 467091109, 401340397, 57928208, 42536575, 394885914, 43050397, 480908185, 593559148, 134170903]","[12, 12, 12, 12, 12, 12, 12, 12, 12, 12]"
606,2,"[9, 10]",2,0.09169088071212173,0.027921991422772408,1.1157985985046253,"[52685700, 436624064, 436624049, 69903041, 436624051, 436822737, 38712243, 215705799, 316890181, 499509758]","[9, 9, 9, 9, 9, 9, 9, 9, 9, 9]"
607,2,[2],1,0.0818890412338078,0.0164276328869164,1.98847675928846,"[569627681, 81381669, 247470802, 371611327, 538996026, 309763558, 72525570, 132771547, 296228447, 230355275]","[2, 2, 2, 2, 2, 2, 2, 2, 2, 2]"
608,2,"[6, 9]",2,0.1308820811100304,0.03585790377110243,1.5930080509278923,"[95463379, 567985689, 192945609, 120280881, 232253191, 297576433, 298440582, 64716623, 241988467, 466777869]","[6, 6, 6, 6, 6, 6, 6, 6, 6, 6]"
609,2,[15],1,0.18380362074822187,0.028041512705385685,4.643395008519292,"[276438660, 414459931, 78238011, 345083729, 260916882, 199639645, 541699004, 74066005, 53450867, 210657824]","[15, 15, 15, 15, 15, 15, 15, 15, 15, 15]"
610,2,"[1, 9]",2,0.09768380597233772,0.028745804913342,1.1740738750668243,"[2727716, 2737865, 13610151, 105642113, 381455618, 72307577, 27044855, 353233715, 189861815, 322112559]","[1, 1, 1, 9, 9, 1, 1, 1, 1, 1]"
611,2,[4],1,0.04218417499214411,0.015641388949006796,1.034763490082696,"[332898321, 402436642, 40346389, 443497886, 482143889, 71669903, 7384382, 30635393, 225455397, 392587440]","[4, 4, 4, 4, 4, 4, 4, 4, 4, 4]"
612,2,[19],1,0.05215798411518335,0.01611291104927659,1.2741980063728988,"[38567733, 564410849, 544164872, 263408385, 276854456, 8481394, 90141804, 356097437, 442453543, 327633170]","[19, 19, 19, 19, 19, 19, 19, 19, 19, 19]"
613,2,"[7, 15]",2,0.376580948010087,0.04732704674825072,4.794151118141599,"[342645339, 63532455, 134097358, 156177867, 529489420, 225331125, 379882413, 431825326, 149065091, 200408531]","[7, 7, 7, 7, 15, 7, 15, 15, 15, 15]"
614,2,[2],1,0.08171102404594421,0.017859671264886856,1.98847675928846,"[508825644, 93634493, 1792793, 358197384, 377101835, 581947937, 545708472, 487411550, 98554262, 137873002]","[2, 2, 2, 2, 2, 2, 2, 2, 2, 2]"
615,2,[12],1,0.1302282535471022,0.022244205232709646,3.2397337595466524,"[431936170, 98967338, 403170941, 271935369, 432083172, 192375980, 98967337, 365137580, 590832849, 404770550]","[12, 12, 12, 12, 12, 12, 12, 12, 12, 12]"
616,2,"[8, 15]",2,0.24631064711138606,0.047755689825862646,3.0843855447601527,"[523346240, 297171349, 598320548, 492642286, 496268797, 114332889, 329124159, 29124518, 335161070, 341191594]","[8, 8, 8, 15, 8, 8, 8, 8, 8, 8]"
617,2,[18],1,0.08124817395582795,0.017341365106403828,2.0212896917946637,"[173320221, 352497176, 426401905, 290442632, 282335757, 204700295, 460315475, 400274367, 143344751, 568694346]","[18, 18, 18, 18, 18, 18, 18, 18, 18, 18]"
618,2,"[7, 8]",2,0.25547625916078687,0.0445909071713686,3.23514165438246,"[383227627, 516369706, 84374302, 227034512, 282374215, 253832749, 237707832, 205811622, 330515571, 509496485]","[8, 8, 8, 8, 8, 8, 8, 7, 8, 8]"
619,2,"[3, 10]",2,0.24913341226056218,0.041292906273156404,4.268456493504345,"[19660820, 771942, 419050400, 771941, 147302685, 250865468, 156276811, 240213926, 71977354, 123358644]","[3, 3, 3, 3, 3, 3, 3, 3, 10, 10]"
620,2,"[7, 10]",2,0.23478383710607886,0.04405099945142865,2.992299107136205,"[11872086, 11872088, 12231062, 531526174, 12211175, 319107977, 47493220, 201072895, 567086221, 12241353]","[7, 7, 7, 10, 7, 7, 7, 7, 7, 7]"
621,2,[16],1,0.06467097299173474,0.01572743710130453,1.562462056055665,"[373693970, 263701942, 303106971, 295635588, 572461509, 573451396, 343313517, 931778, 221705125, 231130414]","[16, 16, 16, 16, 16, 16, 16, 16, 16, 16]"
622,2,"[0, 2]",2,0.15105443494394422,0.030931286979466677,1.8631124502280727,"[453512508, 223863815, 309928761, 61582487, 374637179, 401675343, 374637180, 210509350, 224009426, 305313663]","[2, 2, 2, 2, 2, 2, 0, 0, 2, 0]"
623,2,"[1, 9]",2,0.09792991960421205,0.0283862822689116,1.1740738750668243,"[24694555, 92815327, 137885838, 117532381, 588443261, 327367659, 188152919, 385444398, 555820552, 115721671]","[1, 1, 1, 1, 1, 1, 1, 1, 1, 1]"
624,2,"[10, 18]",2,0.12553287064656615,0.030259509105235338,1.5304903391515836,"[257872925, 174003689, 565078059, 316305085, 178805248, 585749813, 501394357, 593000837, 220682766, 290115167]","[18, 18, 18, 18, 18, 18, 18, 18, 18, 18]"
625,2,[10],1,0.04177687596529722,0.012139772064983845,1.0396909865085036,"[186883248, 573087577, 464070189, 163579862, 291104768, 15193419, 325940158, 170606752, 207430, 50000124]","[10, 10, 10, 10, 10, 10, 10, 10, 10, 10]"
626,2,[2],1,0.08192958496510983,0.017149012070149183,1.98847675928846,"[478132332, 142152439, 142460349, 520924175, 70223328, 108474819, 518645705, 276995012, 329464210, 93504726]","[2, 2, 2, 2, 2, 2, 2, 2, 2, 2]"
627,2,"[8, 14]",2,0.14844501530751586,0.033873606473207474,1.8459980175830424,"[18318956, 18340043, 159280392, 411558093, 86248052, 471099296, 495400450, 333310803, 86491966, 461870742]","[8, 8, 8, 8, 8, 8, 8, 8, 8, 8]"
628,2,[8],1,0.0621801451779902,0.016422768123447895,1.5253760810010135,"[157271052, 49047413, 194182794, 43788374, 293525320, 569871051, 424794905, 60550872, 279216505, 337158297]","[8, 8, 8, 8, 8, 8, 8, 8, 8, 8]"
629,2,"[6, 10]",2,0.12361321365460753,0.03041621297597885,1.5169004389317706,"[482572563, 314588527, 315634196, 491471872, 514987768, 43721830, 214804145, 328480307, 216230541, 314848645]","[6, 6, 6, 6, 6, 6, 6, 6, 6, 6]"
630,2,"[7, 8]",2,0.2554672029800713,0.04558588657528162,3.23514165438246,"[298973970, 57429897, 318785263, 182831502, 158270926, 236874882, 12972342, 179991409, 236370690, 232900589]","[8, 8, 8, 7, 8, 8, 8, 8, 8, 7]"
631,2,[18],1,0.0815017749555409,0.019404254853725433,2.0212896917946637,"[508376055, 477733551, 280739570, 259729575, 450452282, 165250760, 149284006, 273191050, 261088489, 159474221]","[18, 18, 18, 18, 18, 18, 18, 18, 18, 18]"
632,2,[16],1,0.06686464697122574,0.013772611040621996,1.562462056055665,"[257268332, 566613268, 409454185, 146300108, 98254733, 176141094, 446824157, 208587030, 176552932, 235897757]","[16, 16, 16, 16, 16, 16, 16, 16, 16, 16]"
633,2,[8],1,0.06228366494178772,0.01636574510484934,1.5253760810010135,"[495992460, 160654867, 364758013, 325153572, 74388090, 495926802, 509012710, 61461696, 498926953, 498622424]","[8, 8, 8, 8, 8, 8, 8, 8, 8, 8]"
634,2,[1],1,0.0476464731618762,0.012149244081228971,1.1562415396329015,"[111052982, 504226773, 172556875, 24303294, 234257212, 241129105, 342163173, 182287284, 495218298, 124714234]","[1, 1, 1, 1, 1, 1, 1, 1, 1, 1]"
635,2,"[4, 9]",2,0.09217494679614902,0.030994392465800047,1.1133348502917215,"[533541534, 578189724, 470960410, 81392412, 525434594, 81392396, 25812792, 578860500, 81392410, 81392408]","[9, 9, 9, 9, 9, 9, 4, 9, 9, 9]"
636,2,"[8, 9]",2,0.11223821435123682,0.030601141043007374,1.3586411457508802,"[469405551, 483125603, 106610442, 525291840, 168562048, 224625015, 47967386, 326165965, 151850607, 490597900]","[9, 9, 8, 8, 8, 9, 9, 8, 8, 8]"
637,2,"[1, 2]",2,0.12954786606132984,0.030383667442947626,1.5723591494606808,"[368743590, 43957939, 444279346, 590882958, 528989644, 548432040, 497215226, 513790326, 149497159, 528989649]","[1, 1, 2, 1, 1, 1, 1, 1, 2, 1]"
638,2,"[10, 11]",2,0.15918269893154502,0.036516721826046705,1.9482983649941161,"[52619765, 437637319, 30241915, 381581941, 40412331, 43258519, 480778693, 218706577, 40252220, 481010923]","[10, 11, 10, 11, 10, 11, 10, 11, 10, 10]"
639,2,"[6, 10]",2,0.12442188942804933,0.029926737770438194,1.5169004389317706,"[84260518, 138298669, 384519103, 384374602, 536343437, 527643448, 154164185, 414152718, 40998165, 151066788]","[6, 6, 6, 6, 6, 6, 6, 6, 6, 6]"
640,2,"[3, 6]",2,0.288611204829067,0.04827799741178751,4.7456659459276125,"[214248553, 452546311, 452546306, 574185480, 86366237, 350668882, 452546307, 298577091, 412960841, 452538893]","[6, 6, 6, 3, 6, 6, 3, 6, 3, 6]"
641,2,"[0, 6]",2,0.1523945378139615,0.035474798176437616,1.8659290162613615,"[484269967, 278816849, 156123656, 82822152, 103097378, 270037060, 116895893, 592682140, 445424331, 397581279]","[0, 0, 0, 0, 0, 0, 0, 6, 0, 0]"
642,2,"[4, 8]",2,0.10583159001544118,0.030660437885671854,1.2800697855418548,"[147722034, 320859813, 596885440, 220541493, 272189624, 165272567, 383242617, 378145349, 584133612, 452892532]","[8, 4, 4, 8, 4, 4, 8, 8, 8, 8]"
643,2,[18],1,0.08139502303674817,0.018597403075546026,2.0212896917946637,"[250364638, 187284050, 260063780, 500785055, 342712761, 230995532, 131701346, 500687498, 54409881, 500805713]","[18, 18, 18, 18, 18, 18, 18, 18, 18, 18]"
644,2,[19],1,0.05244678491726518,0.015102410223335028,1.2741980063728988,"[179407044, 83346460, 83177308, 78038498, 253614455, 31066102, 579436070, 83307920, 469441974, 552732598]","[19, 19, 19, 19, 19, 19, 19, 19, 19, 19]"
645,2,[1],1,0.04764260118827224,0.013302689418196678,1.1562415396329015,"[556581636, 386944031, 383852200, 282782695, 35420134, 141959737, 90077601, 589978449, 287828930, 115325568]","[1, 1, 1, 1, 1, 1, 1, 1, 1, 1]"
646,2,"[11, 19]",2,0.1693589729256928,0.03717381460592151,2.0655518749263138,"[158194971, 456725164, 120387136, 24285917, 38486640, 48302283, 578403796, 575284451, 106346794, 578698651]","[11, 19, 11, 11, 11, 11, 11, 11, 11, 11]"
647,2,[18],1,0.08128267107531428,0.02090791007503867,2.0212896917946637,"[177732495, 452329595, 167974761, 325021566, 306114045, 310407228, 8954076, 545377075, 185497228, 34010644]","[18, 18, 18, 18, 18, 18, 18, 18, 18, 18]"
648,2,[18],1,0.0810547647997737,0.01932835066691041,2.0212896917946637,"[232601211, 427788517, 282379282, 94324763, 428086382, 231643095, 232601212, 401847970, 543485315, 246964444]","[18, 18, 18, 18, 18, 18, 18, 18, 18, 18]"
649,2,[2],1,0.08145390311256051,0.016848402097821236,1.98847675928846,"[392135103, 115108218, 246448488, 124928572, 335256699, 464359611, 358915475, 464356778, 24570679, 538766810]","[2, 2, 2, 2, 2, 2, 2, 2, 2, 2]"
650,2,[18],1,0.08133998326957226,0.02144637703895569,2.0212896917946637,"[40883192, 412515893, 280105499, 125796007, 125796008, 521801370, 521801371, 40839322, 521801369, 167999373]","[18, 18, 18, 18, 18, 18, 18, 18, 18, 18]"
651,2,[2],1,0.08151300670579076,0.01697230665013194,1.98847675928846,"[80079967, 205549066, 139132979, 310552818, 585278916, 56669156, 476942735, 274732724, 323180119, 365483183]","[2, 2, 2, 2, 2, 2, 2, 2, 2, 2]"
652,2,[4],1,0.042532335966825485,0.01601569401100278,1.034763490082696,"[186679495, 376494354, 48079131, 421481977, 49303580, 49317915, 299892042, 541968100, 597259699, 244982966]","[4, 4, 4, 4, 4, 4, 4, 4, 4, 4]"
653,2,"[12, 15]",2,0.31282537104561925,0.05056821648031473,3.941564384032972,"[26385463, 237898935, 359334427, 372176402, 59375997, 450370137, 486046321, 73203531, 598298286, 23037381]","[12, 12, 12, 15, 12, 15, 15, 12, 12, 12]"
654,2,[2],1,0.08143204730004072,0.01748927030712366,1.98847675928846,"[406395383, 439140323, 522216861, 60620382, 517493427, 60620381, 332321204, 129776897, 510805762, 181451141]","[2, 2, 2, 2, 2, 2, 2, 2, 2, 2]"
655,2,[2],1,0.08135553495958447,0.015894765965640545,1.98847675928846,"[277338290, 236243808, 340133467, 435736940, 205800773, 445320567, 177926973, 99573468, 385377383, 288962219]","[2, 2, 2, 2, 2, 2, 2, 2, 2, 2]"
656,2,[8],1,0.06288968399167061,0.01601303881034255,1.5253760810010135,"[182733864, 449459800, 367785867, 169268632, 401741747, 532670018, 347369607, 208641729, 165709190, 493221273]","[8, 8, 8, 8, 8, 8, 8, 8, 8, 8]"
657,2,[3],1,0.20782325696200132,0.026435681153088808,7.497222000500187,"[288950560, 413367665, 507847936, 454770639, 426100521, 563534987, 312468545, 305359338, 468054766, 264543053]","[3, 3, 3, 3, 3, 3, 3, 3, 3, 3]"
658,2,"[4, 7]",2,0.2353972801938653,0.042363216169178486,2.989835358923301,"[230662116, 1472967, 449551253, 554282561, 545838887, 373492000, 78372221, 544176594, 52725401, 206201084]","[7, 7, 7, 7, 4, 4, 7, 7, 7, 7]"
659,2,"[8, 19]",2,0.11465077009052038,0.03132216911762953,1.3997870436869562,"[134997220, 195992938, 302147465, 83265132, 326296555, 24135814, 354107853, 419896212, 180137038, 56950130]","[19, 19, 8, 19, 19, 19, 19, 19, 8, 19]"
660,2,[1],1,0.047681930009275675,0.014124964829534292,1.1562415396329015,"[244491188, 303769234, 540524910, 368802899, 69128620, 15579704, 121957139, 288631240, 50758979, 162740344]","[1, 1, 1, 1, 1, 1, 1, 1, 1, 1]"
661,2,[1],1,0.047642857767641544,0.013945220038294792,1.1562415396329015,"[414274250, 93372006, 306157023, 302092540, 528038892, 322889659, 109501278, 123082019, 390158866, 43055601]","[1, 1, 1, 1, 1, 1, 1, 1, 1, 1]"
662,2,"[12, 18]",2,0.21114544849842787,0.041076777037233114,2.630511725670658,"[8395004, 407880102, 533340165, 407880108, 533312096, 533422628, 407880096, 407880086, 424806698, 117256612]","[12, 12, 12, 12, 12, 12, 12, 12, 12, 12]"
663,2,[9],1,0.049870964139699936,0.014990346040576696,1.191906210500747,"[144724728, 516759955, 98969662, 364049095, 98969660, 440368018, 279485355, 302741440, 98969663, 334255641]","[9, 9, 9, 9, 9, 9, 9, 9, 9, 9]"
664,2,"[2, 14]",2,0.16763339703902602,0.03762312792241573,2.0775483567267656,"[164725428, 340478478, 81905028, 439814207, 228760874, 491748263, 556838236, 422909589, 335477420, 185520422]","[14, 14, 14, 14, 2, 2, 2, 2, 2, 14]"
665,2,[14],1,0.08696477767080069,0.019055388867855072,2.1666199541650712,"[90481524, 40486081, 132680157, 370317758, 271766386, 535178593, 93661985, 542501596, 198122321, 205106320]","[14, 14, 14, 14, 14, 14, 14, 14, 14, 14]"
666,2,[7],1,0.19299505790695548,0.027837096247822046,4.944907227763906,"[567086221, 240677032, 559271097, 59808994, 411798754, 47493220, 367127990, 584519165, 371915684, 456835903]","[7, 7, 7, 7, 7, 7, 7, 7, 7, 7]"
667,2,"[8, 9]",2,0.11224045278504491,0.03142284229397774,1.3586411457508802,"[117187564, 367274880, 291770533, 495356082, 45530720, 168995116, 273735192, 599544244, 523253364, 225263667]","[9, 8, 9, 9, 9, 8, 8, 8, 8, 8]"
668,2,[0],1,0.06940427608788013,0.015208267141133547,1.7377481411676854,"[363089804, 125663130, 465247128, 40534487, 231384928, 80377600, 146001667, 456402917, 588329826, 188674199]","[0, 0, 0, 0, 0, 0, 0, 0, 0, 0]"
669,2,[10],1,0.041873196605592966,0.013440418057143688,1.0396909865085036,"[261591344, 367949198, 367908386, 323991737, 147459119, 113759339, 87072451, 504232684, 176548524, 206019521]","[10, 10, 10, 10, 10, 10, 10, 10, 10, 10]"
670,2,[12],1,0.13001058902591467,0.023163730278611183,3.2397337595466524,"[54709475, 132189171, 128710920, 202538093, 248757157, 432844723, 130086289, 216207945, 216177718, 584717073]","[12, 12, 12, 12, 12, 12, 12, 12, 12, 12]"
671,2,"[4, 8]",2,0.10451366426423192,0.030425142496824265,1.2800697855418548,"[330818522, 364835974, 400749860, 560442238, 402095661, 148799245, 185689990, 254426838, 85654586, 59911547]","[4, 8, 8, 8, 8, 8, 4, 4, 8, 4]"
672,2,"[10, 18]",2,0.1231145872734487,0.030781527515500784,1.5304903391515836,"[67789440, 251028555, 21995703, 164594341, 230805367, 525061289, 459184861, 164594342, 65509244, 360841064]","[18, 18, 18, 10, 10, 18, 18, 18, 10, 18]"
673,2,[2],1,0.08151233475655317,0.015527147799730301,1.98847675928846,"[286157228, 147307825, 380998116, 567946796, 86040355, 548834639, 24404188, 506569481, 446841011, 399578766]","[2, 2, 2, 2, 2, 2, 2, 2, 2, 2]"
674,2,[0],1,0.06945515610277653,0.017772086896002293,1.7377481411676854,"[479429810, 298036482, 593414564, 298259455, 298036483, 68220734, 299190240, 57198665, 521606638, 459136936]","[0, 0, 0, 0, 0, 0, 0, 0, 0, 0]"
675,2,[10],1,0.041501292027533054,0.011835194192826748,1.0396909865085036,"[297452036, 431511634, 267699888, 316137471, 267786525, 143523068, 492881089, 476823035, 588659264, 188625824]","[10, 10, 10, 10, 10, 10, 10, 10, 10, 10]"
676,2,[1],1,0.047535656951367855,0.014709063805639744,1.1562415396329015,"[16257992, 47675388, 309054857, 523952019, 105779695, 524016329, 105762078, 359725836, 368238367, 359643363]","[1, 1, 1, 1, 1, 1, 1, 1, 1, 1]"
677,2,"[0, 9]",2,0.11935908067971468,0.02960196789354086,1.4648271758342162,"[393879120, 120717022, 208414194, 99633754, 117226728, 292775917, 99586643, 394084662, 161939041, 394122925]","[0, 0, 0, 0, 0, 0, 0, 0, 0, 0]"
678,2,"[6, 7]",2,0.27359023643657565,0.049675794783979654,3.469508559559472,"[359274305, 269256221, 594206804, 179632193, 133542228, 471314564, 404171624, 269583525, 407302630, 581957968]","[6, 6, 7, 6, 6, 7, 7, 6, 7, 6]"
679,2,"[6, 7]",2,0.274738528765738,0.045997314155101776,3.469508559559472,"[251448571, 76520495, 122955682, 172705295, 271053136, 317587101, 255456933, 467271521, 2784221, 146700061]","[7, 6, 6, 6, 6, 6, 6, 6, 6, 7]"
680,2,[6],1,0.08116158097982407,0.019406496081501245,1.9941098913550377,"[6087041, 3093750, 574758959, 139111199, 138948511, 139107335, 139151666, 365263623, 139105244, 6187847]","[6, 6, 6, 6, 6, 6, 6, 6, 6, 6]"
681,2,"[3, 11]",2,0.324186772108078,0.054539947770535946,5.177063871989958,"[114313048, 599021385, 401612053, 197884172, 60641588, 330812116, 1533948, 60381926, 113924201, 570653700]","[3, 11, 3, 3, 3, 11, 11, 11, 3, 3]"
682,2,[18],1,0.08113841293379664,0.019979265984147787,2.0212896917946637,"[515188434, 592443859, 544015597, 222916106, 288213671, 577787135, 466815141, 507276213, 245769430, 14794061]","[18, 18, 18, 18, 18, 18, 18, 18, 18, 18]"
683,2,"[3, 10]",2,0.249317925889045,0.040367397014051676,4.268456493504345,"[544433926, 475118083, 72251823, 57876847, 9233579, 66268596, 351337989, 334606043, 160159285, 249885454]","[10, 10, 10, 10, 3, 10, 10, 10, 10, 10]"
684,2,[9],1,0.0498508051969111,0.01341773010790348,1.191906210500747,"[323331904, 323331898, 436535327, 590199614, 521050186, 572763644, 323331910, 280331210, 323331902, 141861630]","[9, 9, 9, 9, 9, 9, 9, 9, 9, 9]"
685,2,[19],1,0.05263078538700938,0.014580807648599148,1.2741980063728988,"[84891684, 398728662, 439390382, 431029798, 51780697, 330104749, 578036276, 521224739, 404053353, 507150705]","[19, 19, 19, 19, 19, 19, 19, 19, 19, 19]"
686,2,"[1, 14]",2,0.13405067147687078,0.02993809897452593,1.6614307468989864,"[423940458, 566510859, 160820709, 545779598, 81795891, 78070424, 348696054, 186929008, 222909049, 549712016]","[1, 1, 1, 1, 1, 14, 1, 1, 1, 14]"
687,2,[10],1,0.04166461993008852,0.012707837857306004,1.0396909865085036,"[19360602, 63120069, 238908179, 444248865, 504982273, 62157101, 431318285, 143177142, 279242129, 112612737]","[10, 10, 10, 10, 10, 10, 10, 10, 10, 10]"
688,2,[2],1,0.08170686475932598,0.017533365171402693,1.98847675928846,"[318958202, 516751079, 235100348, 571583425, 16894732, 572672887, 36636776, 68375782, 572673091, 403175381]","[2, 2, 2, 2, 2, 2, 2, 2, 2, 2]"
689,2,[8],1,0.062204753048717976,0.016095470637083054,1.5253760810010135,"[306123612, 52575784, 576491031, 401524808, 306228373, 141544878, 259400541, 491268822, 257843766, 170469445]","[8, 8, 8, 8, 8, 8, 8, 8, 8, 8]"
690,2,"[3, 10]",2,0.24943891912698746,0.04120384901762009,4.268456493504345,"[280096083, 36166762, 95044933, 36109231, 280127546, 273529687, 36241184, 257737352, 95292611, 280097005]","[10, 3, 3, 3, 10, 3, 3, 10, 10, 10]"
691,2,"[2, 12]",2,0.21365336747840047,0.0370804057456553,2.6141052594175562,"[566160736, 520887986, 348891253, 114567788, 62289136, 467571338, 462908438, 114567826, 38883366, 239529649]","[12, 12, 12, 12, 12, 12, 12, 12, 12, 12]"
692,2,"[4, 10]",2,0.08420460531488061,0.027476070914417505,1.0372272382955998,"[269368219, 137040379, 503667679, 488891435, 122193393, 520081398, 312692760, 341872422, 109071636, 162322284]","[10, 10, 10, 10, 10, 10, 10, 10, 10, 10]"
693,2,"[8, 9]",2,0.11285837553441525,0.03222815925255418,1.3586411457508802,"[479287218, 230188672, 70334368, 94793305, 218946949, 393489435, 460679071, 10703501, 495954043, 8152327]","[8, 8, 8, 8, 8, 8, 8, 8, 8, 8]"
694,2,[3],1,0.2074695280753076,0.02907025394961238,7.497222000500187,"[305897665, 91508183, 490753476, 74605257, 32554631, 342681603, 487905302, 420838997, 238052442, 96455337]","[3, 3, 3, 3, 3, 3, 3, 3, 3, 3]"
695,2,[10],1,0.04147351486608386,0.013865860179066658,1.0396909865085036,"[543583528, 491684515, 597824063, 381679109, 295478704, 202195445, 395484314, 334451584, 127709350, 235169240]","[10, 10, 10, 10, 10, 10, 10, 10, 10, 10]"
696,2,[10],1,0.041587915271520615,0.011249878909438848,1.0396909865085036,"[236566880, 593127527, 584775693, 132606092, 138523568, 159551351, 56611648, 329284485, 377182692, 9429165]","[10, 10, 10, 10, 10, 10, 10, 10, 10, 10]"
697,2,"[10, 12]",2,0.1718047778122127,0.038429051637649536,2.139712373027578,"[420223579, 21934541, 41668771, 163010922, 517149999, 148492603, 206589361, 313138102, 373140299, 249732621]","[10, 12, 10, 10, 10, 10, 10, 10, 10, 10]"
698,2,[8],1,0.06277374690398574,0.015429324004799128,1.5253760810010135,"[469746537, 463863155, 581414985, 216708216, 216590526, 216755589, 93588993, 482205351, 323604098, 469746535]","[8, 8, 8, 8, 8, 8, 8, 8, 8, 8]"
699,2,"[10, 18]",2,0.12307849153876305,0.029253326822072268,1.5304903391515836,"[223279442, 34407516, 165782050, 451084394, 481824024, 155479000, 143827806, 223313719, 223299903, 70542772]","[10, 10, 18, 10, 10, 10, 10, 10, 10, 18]"
700,2,"[10, 18]",2,0.12312825210392475,0.0331085785292089,1.5304903391515836,"[15755585, 27506815, 588753166, 297452316, 31155007, 541273729, 502997176, 371104310, 107432089, 283578665]","[10, 10, 18, 10, 10, 10, 10, 18, 10, 10]"
701,2,[1],1,0.047727752942591906,0.014273284934461117,1.1562415396329015,"[335205476, 580978771, 116276053, 285903853, 182399199, 290312855, 235542195, 95793971, 182244542, 504321353]","[1, 1, 1, 1, 1, 1, 1, 1, 1, 1]"
702,2,[15],1,0.18330966494977474,0.025550845079123974,4.643395008519292,"[356118835, 356334669, 463089125, 229520666, 32701164, 84443931, 567285168, 563774376, 356263433, 49390909]","[15, 15, 15, 15, 15, 15, 15, 15, 15, 15]"
703,2,[10],1,0.04146097134798765,0.012217019684612751,1.0396909865085036,"[303076252, 494944160, 188412807, 561475598, 103672702, 117787662, 88102447, 555653630, 71963599, 294085916]","[10, 10, 10, 10, 10, 10, 10, 10, 10, 10]"
704,2,[8],1,0.06237598555162549,0.01636731205508113,1.5253760810010135,"[50797895, 531656131, 581259626, 156800920, 341312319, 593534916, 327187554, 560849002, 341690750, 297117766]","[8, 8, 8, 8, 8, 8, 8, 8, 8, 8]"
705,2,"[4, 10]",2,0.08415612298995256,0.026649504899978638,1.0372272382955998,"[479264094, 125376724, 494441995, 395259281, 561935889, 69582267, 137966257, 220983176, 339442591, 52516652]","[10, 4, 4, 4, 4, 10, 10, 10, 4, 10]"
706,2,"[8, 16]",2,0.12685831729322672,0.031131352297961712,1.5439190685283393,"[166929302, 75376229, 444325161, 385139050, 526547697, 544155425, 32041101, 201327355, 348323482, 64492573]","[8, 16, 16, 16, 16, 16, 8, 8, 16, 16]"
707,2,[13],1,0.07322394195944071,0.0169853949919343,1.8261959690134972,"[290423263, 290546975, 141521827, 558769378, 366674039, 296590762, 160086921, 262072973, 442043012, 269632928]","[13, 13, 13, 13, 13, 13, 13, 13, 13, 13]"
708,2,"[14, 15]",2,0.2699805870652199,0.0441663283854723,3.4050074813421816,"[538488479, 559082380, 579154559, 162988321, 62488393, 322758724, 107141054, 202021362, 217886741, 11705891]","[15, 14, 15, 14, 15, 15, 15, 14, 15, 14]"
709,2,"[12, 15]",2,0.31331308698281646,0.048345101065933704,3.941564384032972,"[514355034, 91023278, 364123452, 243804062, 326538456, 364227009, 509134941, 540067352, 103309980, 594255946]","[12, 12, 15, 15, 15, 12, 12, 15, 12, 15]"
710,2,[19],1,0.05214588716626167,0.015916173812001944,1.2741980063728988,"[199872053, 333064862, 74402508, 511648763, 391907968, 204632143, 535203000, 548263377, 480336888, 162935154]","[19, 19, 19, 19, 19, 19, 19, 19, 19, 19]"
711,2,"[0, 10]",2,0.11131824180483818,0.029548912774771452,1.3887195638380945,"[532147618, 41366602, 532398561, 396381822, 581804298, 447709396, 586712300, 357694103, 299154706, 93694205]","[10, 0, 0, 0, 0, 0, 0, 10, 10, 10]"
712,2,"[4, 13]",2,0.11660054000094533,0.032738303765654564,1.4304797295480967,"[318552186, 439594205, 367534742, 433161442, 439494746, 92751049, 80758389, 403648784, 370875088, 100616990]","[13, 4, 13, 13, 13, 13, 13, 13, 4, 4]"
713,2,"[9, 10]",2,0.0912299188785255,0.025294587947428226,1.1157985985046253,"[203973167, 193985554, 286601329, 371709521, 277445547, 75993523, 78652326, 443083963, 443083962, 580234576]","[9, 10, 9, 10, 9, 9, 9, 9, 9, 9]"
714,2,[19],1,0.05216012801975012,0.01514065032824874,1.2741980063728988,"[438904754, 407019418, 62203889, 417460514, 406493921, 574225054, 230750417, 473194321, 580720797, 46452780]","[19, 19, 19, 19, 19, 19, 19, 19, 19, 19]"
715,2,"[1, 15]",2,0.23342476040124893,0.045122588984668255,2.8998182740760967,"[139997905, 110075494, 259654997, 325045770, 69018570, 241835127, 163568496, 235634117, 111268805, 301955405]","[15, 1, 1, 1, 15, 1, 1, 1, 15, 1]"
716,2,[9],1,0.049921364057809114,0.013254913035780191,1.191906210500747,"[219247777, 14956816, 404118624, 17511256, 542238967, 271481665, 403891598, 529173650, 535588342, 462095038]","[9, 9, 9, 9, 9, 9, 9, 9, 9, 9]"
717,2,"[4, 18]",2,0.12382127717137337,0.031188088469207287,1.5280265909386799,"[423150744, 82776735, 460386170, 267444954, 200654582, 134652927, 505063058, 210164691, 319313692, 459224053]","[18, 18, 18, 18, 18, 18, 18, 18, 18, 18]"
718,2,"[4, 18]",2,0.12345894053578377,0.031012824270874262,1.5280265909386799,"[339075830, 288486490, 319706407, 182852859, 346311405, 495208697, 123125473, 72220630, 443889325, 49591198]","[4, 4, 4, 4, 18, 18, 18, 4, 4, 4]"
719,2,[4],1,0.042149391025304794,0.014632391277700663,1.034763490082696,"[213694925, 200840420, 335626940, 516114027, 131819241, 503450068, 503452741, 172043876, 334674905, 212186887]","[4, 4, 4, 4, 4, 4, 4, 4, 4, 4]"
720,2,"[10, 18]",2,0.12328735459595919,0.03207103814929724,1.5304903391515836,"[42388556, 130285807, 196005135, 190069500, 55484204, 111161273, 42266115, 494050017, 24656633, 302786698]","[18, 18, 18, 18, 18, 18, 18, 18, 18, 18]"
721,2,[12],1,0.12985330820083618,0.020822950173169374,3.2397337595466524,"[417891217, 76805798, 68427597, 569526539, 280913797, 547125696, 221095546, 597044073, 416051829, 124067658]","[12, 12, 12, 12, 12, 12, 12, 12, 12, 12]"
722,2,[18],1,0.08131780615076423,0.019525024108588696,2.0212896917946637,"[77691294, 438932245, 578938443, 393115337, 191821827, 260549966, 371533472, 214415080, 339900500, 210827489]","[18, 18, 18, 18, 18, 18, 18, 18, 18, 18]"
723,2,[6],1,0.08070877939462662,0.0168050741776824,1.9941098913550377,"[9020838, 76774025, 386802956, 200392849, 188269105, 393822947, 398354679, 587095987, 356654390, 296306727]","[6, 6, 6, 6, 6, 6, 6, 6, 6, 6]"
724,2,"[2, 11]",2,0.19919809512794018,0.03861094079911709,2.4226912513840944,"[458166727, 454207062, 451916269, 96944793, 72844089, 207932964, 364421544, 406355378, 532097811, 107621134]","[2, 2, 2, 2, 2, 2, 2, 2, 2, 2]"
725,2,"[8, 9]",2,0.11343905096873641,0.03457908099517226,1.3586411457508802,"[591041043, 351841418, 173561433, 263835484, 349778014, 494567852, 130475617, 24851015, 337279339, 258371253]","[9, 9, 9, 9, 9, 9, 9, 9, 8, 8]"
726,2,[6],1,0.08082186803221703,0.017247860319912434,1.9941098913550377,"[178802831, 319855764, 174527220, 259717660, 187540254, 548495749, 208427386, 16381369, 36782507, 473491543]","[6, 6, 6, 6, 6, 6, 6, 6, 6, 6]"
727,2,"[9, 10]",2,0.0915596797131002,0.029216174967586994,1.1157985985046253,"[342043115, 182855474, 239426176, 566487774, 389740581, 22399392, 377928898, 549124173, 319827874, 308854247]","[9, 10, 9, 10, 9, 10, 10, 10, 10, 9]"
728,2,[8],1,0.06217777729034424,0.016293520107865334,1.5253760810010135,"[475954615, 494301129, 414079641, 347263570, 482255584, 350504084, 69616124, 595501936, 99183468, 148945582]","[8, 8, 8, 8, 8, 8, 8, 8, 8, 8]"
729,2,[4],1,0.04216654226183891,0.012266044039279222,1.034763490082696,"[301893573, 292081751, 241496664, 142253742, 164086875, 224748079, 60572819, 95511742, 209537899, 44330663]","[4, 4, 4, 4, 4, 4, 4, 4, 4, 4]"
730,2,[4],1,0.04221089510247111,0.013459490146487951,1.034763490082696,"[363920619, 413628583, 297938562, 315762682, 432774447, 134655643, 39148539, 43545657, 379780197, 372351953]","[4, 4, 4, 4, 4, 4, 4, 4, 4, 4]"
731,2,[15],1,0.18347878567874432,0.02358779637143016,4.643395008519292,"[91554181, 341426383, 494588430, 117033705, 38312370, 571913361, 176127713, 144654610, 31094755, 4363747]","[15, 15, 15, 15, 15, 15, 15, 15, 15, 15]"
732,2,"[9, 10]",2,0.09141430398449302,0.029339567758142948,1.1157985985046253,"[529670220, 379118872, 400476899, 208350513, 11681901, 224144960, 193192429, 249684484, 160373702, 584882939]","[9, 9, 9, 9, 9, 10, 9, 9, 10, 9]"
733,2,"[16, 18]",2,0.14616734068840742,0.03527262154966593,1.7918758739251643,"[185126942, 73453623, 205759726, 438930667, 81810707, 152636530, 177523159, 265369140, 81610624, 526345591]","[16, 16, 16, 16, 18, 16, 18, 18, 16, 18]"
734,2,[8],1,0.06239342596381903,0.018531066831201315,1.5253760810010135,"[222732639, 433092664, 295555361, 241963157, 4018879, 5853120, 169074147, 37418, 466560855, 229088560]","[8, 8, 8, 8, 8, 8, 8, 8, 8, 8]"
735,2,[9],1,0.04988619592040777,0.015278666745871305,1.191906210500747,"[523442272, 469630837, 348413791, 89497066, 393431202, 35190427, 569028283, 160125705, 238500784, 382669929]","[9, 9, 9, 9, 9, 9, 9, 9, 9, 9]"
736,2,"[10, 18]",2,0.12299765879288316,0.031976348254829645,1.5304903391515836,"[250495421, 532925761, 112828282, 203940805, 539889840, 91922461, 365822797, 435983546, 57556452, 91922462]","[10, 10, 10, 18, 18, 10, 10, 10, 18, 10]"
737,2,"[1, 10]",2,0.08908818010240793,0.027503591030836105,1.0979662630707026,"[274967503, 197159784, 223354459, 325094629, 84008816, 569752094, 29507369, 533138201, 76001378, 76073665]","[1, 1, 1, 1, 1, 1, 1, 1, 1, 1]"
738,2,[2],1,0.08143329480662942,0.01605550292879343,1.98847675928846,"[490032805, 530482745, 144147272, 433394339, 100305852, 215237817, 138127504, 517280616, 530661354, 283048010]","[2, 2, 2, 2, 2, 2, 2, 2, 2, 2]"
739,2,"[7, 8]",2,0.2556775067932904,0.04214523173868656,3.23514165438246,"[169034073, 75519751, 420560889, 169030897, 58740187, 4573991, 322188794, 176796399, 11795632, 68359383]","[8, 8, 8, 8, 8, 8, 8, 8, 8, 8]"
740,2,"[1, 10]",2,0.09003071393817663,0.02615561569109559,1.0979662630707026,"[134034383, 211568616, 297458372, 14653669, 548468718, 277370827, 280318153, 548449562, 42881514, 38741440]","[10, 1, 10, 1, 1, 1, 10, 1, 10, 10]"
741,2,"[1, 12]",2,0.177166563924402,0.03705070912837982,2.197987649589777,"[265676713, 390073910, 4227885, 403296399, 196936640, 363947252, 281300524, 351254502, 416223390, 257734171]","[12, 12, 12, 12, 12, 12, 12, 12, 12, 12]"
742,2,[10],1,0.041824845131486654,0.014188036788254976,1.0396909865085036,"[328926690, 142841584, 366393788, 82961013, 192539996, 37092921, 210699347, 408813883, 527960810, 422015706]","[10, 10, 10, 10, 10, 10, 10, 10, 10, 10]"
743,2,"[4, 19]",2,0.09572933288291097,0.028130698017776012,1.1544807482277974,"[231721073, 470619063, 464199733, 470658626, 333928270, 204560378, 70512822, 231721072, 248374760, 470619062]","[19, 4, 19, 4, 19, 19, 19, 19, 19, 19]"
744,2,"[2, 9]",2,0.1322489040903747,0.034623530227690935,1.5901914848946035,"[436863779, 99713472, 69774209, 179112281, 586714768, 259567035, 250149985, 597193909, 125030038, 96364514]","[2, 2, 2, 2, 2, 2, 2, 2, 2, 2]"
745,2,"[0, 10]",2,0.11100560054183006,0.028659339528530836,1.3887195638380945,"[129221555, 88776277, 51005251, 181719808, 188310251, 521467471, 291980402, 330651629, 199280426, 6285935]","[0, 0, 0, 0, 0, 0, 10, 10, 0, 10]"
746,2,[2],1,0.0816680477000773,0.015773517079651356,1.98847675928846,"[232624377, 33312517, 146177913, 356326206, 484594305, 381308412, 289828106, 463278358, 356049878, 484594304]","[2, 2, 2, 2, 2, 2, 2, 2, 2, 2]"
747,2,[18],1,0.08114868495613337,0.018843164667487144,2.0212896917946637,"[199462273, 444388261, 330475937, 251578054, 89796740, 234933274, 173834389, 529235897, 41256285, 554267444]","[18, 18, 18, 18, 18, 18, 18, 18, 18, 18]"
748,2,"[9, 10]",2,0.09201155509799719,0.02926497533917427,1.1157985985046253,"[127044680, 394531784, 190151555, 256078915, 398841118, 514433967, 7214229, 377993632, 577590529, 397407424]","[10, 10, 9, 9, 9, 10, 9, 10, 10, 10]"
749,2,"[1, 18]",2,0.12920476030558348,0.029755795374512672,1.5887656157137826,"[555807422, 46045003, 588047940, 74666318, 547712943, 140457520, 555807416, 549181239, 555807419, 299301052]","[18, 18, 1, 18, 18, 1, 1, 1, 1, 1]"
750,2,[10],1,0.04147271532565355,0.012413117103278637,1.0396909865085036,"[94418452, 302611918, 134222644, 302659270, 109372265, 469786629, 79750627, 566169163, 51085809, 68109034]","[10, 10, 10, 10, 10, 10, 10, 10, 10, 10]"
751,2,[6],1,0.08082618797197938,0.017161972355097532,1.9941098913550377,"[186250303, 390290954, 27545485, 60578090, 247203506, 450346825, 234466048, 407663598, 548876211, 126436668]","[6, 6, 6, 6, 6, 6, 6, 6, 6, 6]"
752,2,[19],1,0.05203747097402811,0.016016431152820587,1.2741980063728988,"[188276849, 426027857, 321081448, 446586320, 75409110, 501628430, 289790944, 511282565, 73261937, 203027863]","[19, 19, 19, 19, 19, 19, 19, 19, 19, 19]"
753,2,[19],1,0.052091486752033234,0.017228981014341116,1.2741980063728988,"[477223966, 324736484, 219572805, 158940116, 94064527, 130788547, 462336664, 456998171, 555865564, 596529013]","[19, 19, 19, 19, 19, 19, 19, 19, 19, 19]"
754,2,[18],1,0.08132068580016494,0.018547482788562775,2.0212896917946637,"[15635307, 312724952, 316922452, 15291053, 216946039, 220189977, 456888009, 179484769, 398032705, 15389557]","[18, 18, 18, 18, 18, 18, 18, 18, 18, 18]"
755,2,"[1, 12]",2,0.1777182137593627,0.03368176473304629,2.197987649589777,"[554846630, 539696679, 223674121, 95700958, 223674897, 585205900, 226689730, 469179213, 343086355, 36632702]","[12, 12, 12, 12, 12, 12, 12, 12, 12, 12]"
756,2,"[9, 10]",2,0.09140144009143114,0.027263109106570482,1.1157985985046253,"[143840965, 507145613, 413826743, 23358153, 498454879, 125223810, 208889889, 596226604, 505764537, 527260722]","[10, 10, 9, 10, 9, 9, 10, 9, 10, 10]"
757,2,"[4, 8]",2,0.10577399004250765,0.029532400891184807,1.2800697855418548,"[370815650, 322719624, 470526803, 27740414, 273230502, 328603977, 156101226, 158853418, 506024414, 555358027]","[8, 4, 4, 8, 4, 4, 8, 8, 4, 8]"
758,2,[16],1,0.06458297185599804,0.01584830181673169,1.562462056055665,"[160416779, 813693, 323002308, 409250691, 414800427, 275472747, 172223973, 541085700, 233627995, 287647708]","[16, 16, 16, 16, 16, 16, 16, 16, 16, 16]"
759,2,[19],1,0.051956381648778915,0.014491046778857708,1.2741980063728988,"[581598743, 306077794, 204153808, 428247136, 33707675, 412322717, 472399417, 253949050, 321251817, 175409411]","[19, 19, 19, 19, 19, 19, 19, 19, 19, 19]"
760,2,"[2, 15]",2,0.26556206960231066,0.045426559168845415,3.315935883903876,"[495038674, 354277872, 206230060, 479991039, 183789871, 217592047, 331740458, 230938517, 126259331, 598024008]","[2, 15, 2, 15, 2, 15, 15, 15, 2, 15]"
761,2,"[10, 18]",2,0.12296377075836062,0.031000632792711258,1.5304903391515836,"[182749746, 203684967, 144733671, 214839887, 214909000, 127517746, 22329715, 123746413, 10515147, 420808461]","[10, 18, 10, 18, 10, 18, 10, 18, 18, 10]"
762,2,[2],1,0.08143886318430305,0.018352793995290995,1.98847675928846,"[483929454, 281576046, 288465784, 284939827, 426437149, 281576039, 128685229, 352335645, 281576050, 416758914]","[2, 2, 2, 2, 2, 2, 2, 2, 2, 2]"
763,2,[6],1,0.0808836598880589,0.017842807807028294,1.9941098913550377,"[327510496, 525529653, 9337302, 158439522, 119244369, 568282822, 358237011, 271537006, 290920336, 486573988]","[6, 6, 6, 6, 6, 6, 6, 6, 6, 6]"
764,2,"[4, 8]",2,0.1050554271787405,0.030342963989824057,1.2800697855418548,"[470536358, 288475887, 325147796, 525046357, 75074402, 294191025, 70495944, 19182789, 76054023, 484460163]","[8, 8, 8, 8, 4, 4, 8, 8, 8, 8]"
765,2,"[4, 19]",2,0.0942681091837585,0.0328303687274456,1.1544807482277974,"[141090441, 449849523, 82211827, 2312390, 450015810, 107564364, 507668000, 87858039, 40119595, 450279078]","[19, 19, 19, 19, 19, 19, 19, 19, 4, 19]"
766,2,"[1, 10]",2,0.09003596100956202,0.026958339847624302,1.0979662630707026,"[334710393, 46941624, 525776769, 477671369, 184019416, 587243906, 267276402, 206332309, 125111776, 101462947]","[10, 10, 10, 1, 1, 1, 1, 1, 1, 1]"
767,2,"[1, 2]",2,0.12969462014734745,0.029071949888020754,1.5723591494606808,"[538730025, 546916548, 126273253, 216105455, 494551035, 440684662, 429719592, 469196941, 587476054, 487053834]","[1, 1, 1, 1, 1, 1, 1, 1, 1, 1]"
768,2,"[15, 19]",2,0.23635494895279408,0.04110244195908308,2.9587965074460953,"[196199355, 483687125, 371051991, 148334319, 447751552, 298485077, 22100630, 112053349, 508589771, 447966423]","[19, 19, 15, 19, 19, 19, 19, 15, 19, 19]"
769,2,"[3, 10]",2,0.25081089278683066,0.040241573471575975,4.268456493504345,"[439483464, 151244184, 65622397, 255663517, 335714306, 15813981, 106985993, 255458471, 130246817, 14726266]","[3, 3, 3, 3, 3, 3, 3, 3, 3, 3]"
770,2,[13],1,0.0755808181129396,0.016185646876692772,1.8261959690134972,"[145195018, 309803570, 264074098, 119994880, 196903356, 579436329, 144556694, 494001515, 88717249, 37502563]","[13, 13, 13, 13, 13, 13, 13, 13, 13, 13]"
771,2,"[8, 19]",2,0.11453934479504824,0.03134063398465514,1.3997870436869562,"[125555073, 430068002, 519248949, 82630639, 432564336, 493032124, 91264966, 270856419, 386435379, 204491786]","[8, 8, 8, 8, 8, 8, 19, 19, 19, 8]"
772,2,[4],1,0.04222487797960639,0.013618947006762028,1.034763490082696,"[404794810, 175731954, 159317649, 368163645, 543943816, 10021617, 87605363, 289391580, 377729083, 30224108]","[4, 4, 4, 4, 4, 4, 4, 4, 4, 4]"
773,2,[9],1,0.04990728385746479,0.01626488007605076,1.191906210500747,"[492751080, 205233105, 457281331, 340541339, 546584453, 181493268, 567329472, 288187214, 588766771, 546832322]","[9, 9, 9, 9, 9, 9, 9, 9, 9, 9]"
774,2,[18],1,0.08138769399374723,0.019677631556987762,2.0212896917946637,"[448226931, 309062199, 81832684, 123840197, 220335724, 556173834, 123840205, 389361889, 288329360, 123840198]","[18, 18, 18, 18, 18, 18, 18, 18, 18, 18]"
775,2,"[4, 18]",2,0.12372185382992029,0.0323907514102757,1.5280265909386799,"[453801749, 422914810, 414352737, 338967500, 109319028, 370292875, 265841295, 73826653, 75271780, 393460310]","[18, 18, 4, 4, 18, 18, 18, 18, 4, 18]"
776,2,[0],1,0.07068044226616621,0.016736626159399748,1.7377481411676854,"[231446595, 253762950, 168448379, 300484739, 519505046, 560816635, 117280640, 30789346, 95492765, 236212957]","[0, 0, 0, 0, 0, 0, 0, 0, 0, 0]"
777,2,[2],1,0.08150347089394927,0.017662678845226765,1.98847675928846,"[59536897, 271957382, 59536898, 461574611, 244982098, 45318251, 35817665, 333885212, 417132592, 375790897]","[2, 2, 2, 2, 2, 2, 2, 2, 2, 2]"
778,2,[2],1,0.08150756824761629,0.01737691694870591,1.98847675928846,"[361527157, 68971592, 37715489, 134414390, 472060781, 319229323, 446901347, 78162269, 581028629, 361548506]","[2, 2, 2, 2, 2, 2, 2, 2, 2, 2]"
779,2,"[2, 10]",2,0.12341094017028809,0.03005086723715067,1.5140838728984818,"[73062366, 50402763, 513912888, 50429658, 41559533, 29858437, 448305655, 384486365, 50402761, 580441216]","[2, 2, 2, 2, 2, 2, 2, 2, 2, 2]"
780,2,[8],1,0.06213870458304882,0.016766162123531103,1.5253760810010135,"[388387883, 435849178, 426186555, 86556513, 477879499, 478691689, 550074616, 65269459, 78441587, 182430929]","[8, 8, 8, 8, 8, 8, 8, 8, 8, 8]"
781,2,[16],1,0.06464396510273218,0.014134692959487438,1.562462056055665,"[77482733, 198733262, 61417956, 508566343, 46651786, 112442356, 64881757, 394298191, 284569134, 390092863]","[16, 16, 16, 16, 16, 16, 16, 16, 16, 16]"
782,2,[8],1,0.06214212812483311,0.015592781361192465,1.5253760810010135,"[94564213, 534350521, 90969118, 441905717, 338303698, 170393771, 482155500, 240981454, 353093644, 877821]","[8, 8, 8, 8, 8, 8, 8, 8, 8, 8]"
783,2,[0],1,0.06953093316406012,0.016721393913030624,1.7377481411676854,"[590185192, 280384104, 248741750, 117598454, 84329999, 374802457, 84329986, 317849805, 590318906, 441202024]","[0, 0, 0, 0, 0, 0, 0, 0, 0, 0]"
784,2,[0],1,0.07040956104174256,0.014222566038370132,1.7377481411676854,"[199166211, 417355448, 459227806, 466184102, 337111750, 328192286, 392927095, 265397071, 464121153, 337111761]","[0, 0, 0, 0, 0, 0, 0, 0, 0, 0]"
785,2,"[10, 11]",2,0.1589924255385995,0.03220457397401333,1.9482983649941161,"[156315290, 120395787, 479594550, 286274216, 132539877, 544418098, 197754825, 385546444, 39189654, 293081936]","[11, 11, 11, 11, 10, 10, 11, 11, 10, 10]"
786,2,[18],1,0.08113530930131674,0.018413401674479246,2.0212896917946637,"[551214505, 475566736, 234480471, 463874190, 423901142, 358464511, 432890679, 542646214, 498712020, 442806014]","[18, 18, 18, 18, 18, 18, 18, 18, 18, 18]"
787,2,"[4, 9]",2,0.09222998842597008,0.029774354305118322,1.1133348502917215,"[229540847, 438010534, 359901671, 251994508, 343763961, 95676860, 70556567, 185774710, 388016414, 121761180]","[9, 4, 9, 4, 9, 4, 4, 4, 4, 4]"
788,2,"[4, 9]",2,0.09196297824382782,0.029160046949982643,1.1133348502917215,"[487557268, 237458435, 322661010, 456409218, 162948012, 596081573, 314148544, 254871755, 123899154, 596065432]","[9, 4, 4, 4, 4, 9, 4, 4, 9, 9]"
789,2,"[4, 10]",2,0.08375058602541685,0.028884174302220345,1.0372272382955998,"[236530606, 408116495, 316854552, 306000602, 585480619, 324105093, 11538798, 289018475, 3925206, 267238487]","[10, 10, 10, 10, 4, 10, 10, 4, 4, 10]"
790,2,"[3, 16]",2,0.27272808784618974,0.041780717205256224,4.529842028277926,"[599221685, 380698481, 512991142, 262815169, 315444936, 177122931, 61356790, 247507137, 362171906, 247503072]","[16, 16, 16, 16, 16, 16, 16, 16, 16, 16]"
791,2,[10],1,0.04143201094120741,0.014428198803216219,1.0396909865085036,"[86350482, 411639281, 455560432, 163339140, 325653509, 504076190, 303876866, 163403535, 205269871, 523237308]","[10, 10, 10, 10, 10, 10, 10, 10, 10, 10]"
792,2,[16],1,0.06486297305673361,0.014370726887136698,1.562462056055665,"[84427599, 405761428, 9831061, 518940904, 122518687, 13377183, 269433434, 406743992, 525393269, 9938394]","[16, 16, 16, 16, 16, 16, 16, 16, 16, 16]"
793,2,"[3, 10]",2,0.24879315588623285,0.037967130076140165,4.268456493504345,"[440358999, 359211126, 181890903, 510056176, 510057177, 260064345, 318945516, 232281171, 508410539, 510067642]","[3, 3, 10, 10, 10, 3, 10, 10, 3, 10]"
794,2,"[8, 19]",2,0.11438929522410035,0.030051922891288996,1.3997870436869562,"[498308087, 297506843, 486149309, 7409874, 244391608, 322895314, 105550276, 61642155, 535635154, 96219582]","[19, 19, 8, 19, 19, 19, 8, 19, 19, 19]"
795,2,[18],1,0.08140571089461446,0.018011031672358513,2.0212896917946637,"[357626915, 7668981, 228603212, 287942832, 492746512, 377277065, 139212702, 76689036, 228617234, 181428961]","[18, 18, 18, 18, 18, 18, 18, 18, 18, 18]"
796,2,[16],1,0.06480524502694607,0.013906051870435476,1.562462056055665,"[461496564, 369104080, 81566344, 422515946, 458830747, 343364802, 7319301, 405058475, 539366877, 198095404]","[16, 16, 16, 16, 16, 16, 16, 16, 16, 16]"
797,2,[1],1,0.04754045698791742,0.014547878876328468,1.1562415396329015,"[273631898, 273663177, 552994282, 436919312, 98304605, 53935420, 162733227, 181059617, 583634016, 20425128]","[1, 1, 1, 1, 1, 1, 1, 1, 1, 1]"
798,2,"[10, 12]",2,0.17322580888867378,0.03643233794718981,2.139712373027578,"[433323913, 481175924, 168133538, 215456178, 463583639, 387115136, 466143566, 96347394, 415628246, 484251347]","[12, 12, 12, 12, 12, 12, 12, 12, 12, 12]"
799,2,"[6, 7]",2,0.2757699261419475,0.045669919811189175,3.469508559559472,"[351245664, 376513868, 20055048, 128344438, 392515992, 78398179, 345782426, 378225002, 191593345, 371203224]","[6, 6, 6, 6, 6, 6, 6, 6, 6, 6]"
800,2,"[16, 18]",2,0.14626084361225367,0.03240403113886714,1.7918758739251643,"[482762040, 342908927, 471471192, 208076775, 590667230, 561001039, 452179715, 316818274, 561176458, 344758109]","[16, 16, 18, 16, 16, 18, 16, 18, 16, 16]"
801,2,"[15, 18]",2,0.264687183778733,0.04321112297475338,3.3323423501569778,"[74849049, 165673250, 540392497, 455334205, 30711889, 30150627, 207284322, 39527339, 51288918, 566563362]","[15, 18, 18, 18, 15, 18, 18, 15, 15, 15]"
802,2,[2],1,0.08141412725672126,0.016882867086678743,1.98847675928846,"[276874975, 223842080, 218150909, 159276580, 27514283, 86049469, 217959492, 277335741, 48580527, 223842073]","[2, 2, 2, 2, 2, 2, 2, 2, 2, 2]"
803,2,[9],1,0.049966356717050076,0.013035360258072615,1.191906210500747,"[288841758, 432090101, 568673377, 250940003, 109638855, 585638962, 466962496, 215369858, 591554237, 332506833]","[9, 9, 9, 9, 9, 9, 9, 9, 9, 9]"
804,2,"[4, 8]",2,0.10611828044056892,0.029859635047614574,1.2800697855418548,"[171973685, 151125495, 111845118, 76481086, 495700025, 426880420, 94606388, 315763434, 157820040, 123426840]","[8, 4, 4, 8, 8, 8, 8, 8, 8, 8]"
805,2,[0],1,0.06952270912006497,0.014877897221595049,1.7377481411676854,"[546332249, 21129175, 295071862, 395839506, 266610220, 231654730, 556621040, 577743024, 310191352, 458031324]","[0, 0, 0, 0, 0, 0, 0, 0, 0, 0]"
806,2,"[9, 18]",2,0.1311702742241323,0.03243539109826088,1.6065979511477053,"[189485965, 79439685, 223020241, 455461316, 135591107, 63318695, 480015794, 519460397, 102468173, 49315464]","[9, 9, 9, 9, 9, 18, 9, 18, 9, 9]"
807,2,[4],1,0.0421817428432405,0.015597389079630375,1.034763490082696,"[526280154, 545821299, 462955477, 411326112, 423700160, 241796868, 253442550, 509457206, 377202087, 18115630]","[4, 4, 4, 4, 4, 4, 4, 4, 4, 4]"
808,2,"[1, 10]",2,0.08930722111836076,0.027751528192311525,1.0979662630707026,"[471538335, 454252821, 561549556, 378813124, 377725690, 19795167, 385974109, 320167445, 407454810, 23156939]","[1, 1, 1, 1, 1, 1, 1, 1, 1, 1]"
809,2,"[3, 6]",2,0.28840554039925337,0.04980929987505078,4.7456659459276125,"[423063866, 253478887, 14665769, 4919323, 341461041, 133129495, 384700828, 422341806, 479763995, 493350499]","[6, 3, 6, 6, 6, 6, 6, 3, 6, 6]"
810,2,[19],1,0.05232374416664243,0.015115850139409304,1.2741980063728988,"[569747888, 343843896, 397365936, 569747913, 7778957, 32747278, 127070054, 75369376, 581475779, 419761138]","[19, 19, 19, 19, 19, 19, 19, 19, 19, 19]"
811,2,"[7, 16]",2,0.25780407758429646,0.044449818786233664,3.2536846419097856,"[95674350, 83388439, 254249257, 482772616, 238910541, 222283007, 274675334, 73150447, 105696731, 155568587]","[16, 16, 7, 7, 16, 16, 16, 7, 7, 7]"
812,2,"[6, 12]",2,0.21027917508035898,0.03960211435332894,2.616921825450845,"[433487277, 411791788, 447995370, 415492035, 584409108, 383510698, 527474121, 168502178, 12961426, 450072464]","[6, 12, 12, 6, 6, 12, 12, 12, 6, 6]"
813,2,[19],1,0.052180448081344366,0.013515681959688663,1.2741980063728988,"[325920311, 512099405, 93108396, 537890579, 305684177, 190182926, 228268366, 568821148, 40471749, 356231323]","[19, 19, 19, 19, 19, 19, 19, 19, 19, 19]"
814,2,"[3, 14]",2,0.2938440637663007,0.04797124210745096,4.831920977332629,"[72904289, 502655213, 340599533, 169184272, 354551477, 199308255, 378118468, 404614755, 375737111, 302848840]","[14, 3, 14, 3, 3, 14, 14, 14, 14, 3]"
815,2,"[3, 13]",2,0.28061983920633793,0.04617501003667712,4.661708984756842,"[302031604, 326813122, 390012618, 301544297, 164701156, 324619110, 568035754, 474359876, 436657279, 435329890]","[13, 13, 3, 3, 3, 3, 13, 13, 3, 13]"
816,2,[10],1,0.04195275017991662,0.01140629593282938,1.0396909865085036,"[456601074, 117369514, 499615542, 75653653, 48979196, 48975547, 190097047, 174666670, 48986741, 591154113]","[10, 10, 10, 10, 10, 10, 10, 10, 10, 10]"
817,2,[18],1,0.08131425408646464,0.01791256805881858,2.0212896917946637,"[189756710, 546620521, 141747554, 535394321, 78131193, 69964102, 501852105, 297618934, 141747543, 536687610]","[18, 18, 18, 18, 18, 18, 18, 18, 18, 18]"
818,2,[18],1,0.08112292503938079,0.019342271145433187,2.0212896917946637,"[325937048, 71571922, 245169167, 160983765, 162773863, 222803614, 535325205, 307655073, 345784330, 269633147]","[18, 18, 18, 18, 18, 18, 18, 18, 18, 18]"
819,2,"[2, 10]",2,0.12308754585683346,0.026496929116547108,1.5140838728984818,"[363502546, 370309140, 43217211, 260118514, 169104147, 87392741, 436027833, 274526481, 363508053, 138697469]","[10, 10, 10, 10, 10, 10, 10, 10, 10, 10]"
820,2,[0],1,0.0693774283863604,0.016873010899871588,1.7377481411676854,"[265708503, 204891568, 99900872, 124735734, 423985848, 460459031, 184416773, 542111364, 502208069, 323596152]","[0, 0, 0, 0, 0, 0, 0, 0, 0, 0]"
821,2,[12],1,0.13053321605548263,0.020335362758487463,3.2397337595466524,"[518903693, 239028560, 350157917, 176533017, 416319116, 401719245, 443063391, 198903004, 193216966, 350541807]","[12, 12, 12, 12, 12, 12, 12, 12, 12, 12]"
822,2,[8],1,0.06492454232648015,0.01625646371394396,1.5253760810010135,"[435953124, 461552910, 133784506, 204458540, 6711057, 285290085, 239405223, 7508107, 204484192, 412583065]","[8, 8, 8, 8, 8, 8, 8, 8, 8, 8]"
823,2,[0],1,0.06991291930899024,0.015061866026371717,1.7377481411676854,"[122861129, 123211615, 122960842, 159061239, 251115261, 388968961, 122861131, 123211614, 548933798, 17605742]","[0, 0, 0, 0, 0, 0, 0, 0, 0, 0]"
824,2,"[9, 16]",2,0.11447710497304797,0.030654613859951496,1.377184133278206,"[406116702, 469393381, 19492396, 508876997, 392125912, 321232038, 155789864, 392381230, 258336152, 349542982]","[9, 9, 9, 16, 9, 9, 9, 16, 16, 16]"
825,2,[8],1,0.06239419290795922,0.015927277971059084,1.5253760810010135,"[373655150, 91023937, 389585265, 191239138, 198741429, 375374551, 119324248, 551424527, 99181865, 512181168]","[8, 8, 8, 8, 8, 8, 8, 8, 8, 8]"
826,2,"[4, 8]",2,0.1043675197288394,0.030381909105926752,1.2800697855418548,"[489703938, 327507300, 399547913, 219219122, 54730020, 195738853, 417561360, 340742549, 236646993, 187344130]","[8, 8, 8, 8, 8, 8, 8, 8, 8, 8]"
827,2,"[9, 16]",2,0.11426430381834507,0.03128066472709179,1.377184133278206,"[229673572, 151311741, 490398941, 304726556, 72253503, 229673571, 441560774, 299186712, 389430182, 289582700]","[16, 16, 16, 16, 16, 16, 16, 16, 16, 16]"
828,2,"[10, 12]",2,0.17191873025149107,0.036215986125171185,2.139712373027578,"[113927593, 216752100, 443458963, 599937149, 216845487, 27087399, 27087371, 538193308, 535506434, 350172041]","[12, 12, 12, 12, 12, 12, 12, 12, 12, 12]"
829,2,"[4, 8]",2,0.10457692807540298,0.03183852415531874,1.2800697855418548,"[187571667, 6711057, 49914849, 598033053, 195761566, 351700646, 555689206, 211455933, 153128763, 138591415]","[8, 8, 4, 8, 8, 8, 8, 8, 8, 8]"
830,2,"[4, 8]",2,0.10462521715089679,0.028250538278371096,1.2800697855418548,"[441647516, 367323591, 381829899, 438982471, 412646774, 394992300, 467448389, 200074547, 376998627, 399350441]","[8, 8, 8, 8, 8, 8, 8, 8, 8, 8]"
831,2,[4],1,0.04219009494408965,0.014764615800231695,1.034763490082696,"[8491457, 317663040, 251211725, 184879726, 10766322, 468028637, 278763883, 585055068, 487839923, 297121727]","[4, 4, 4, 4, 4, 4, 4, 4, 4, 4]"
832,2,"[3, 15]",2,0.39101599622517824,0.05938877118751407,6.07030850450974,"[167049506, 502665899, 576262978, 404307973, 94751089, 529232310, 334658454, 444459370, 417147001, 253774246]","[15, 3, 15, 15, 15, 15, 15, 15, 15, 15]"
833,2,[16],1,0.06659271009266376,0.016415728721767664,1.562462056055665,"[184550281, 330187591, 499907814, 364229217, 489438597, 455690861, 118719336, 586721881, 52058820, 356597521]","[16, 16, 16, 16, 16, 16, 16, 16, 16, 16]"
834,2,[2],1,0.08231659466400743,0.01810194505378604,1.98847675928846,"[434542501, 217125674, 286338671, 95975796, 571534275, 489000797, 230364669, 491729954, 71618190, 66595233]","[2, 2, 2, 2, 2, 2, 2, 2, 2, 2]"
835,2,[8],1,0.06222500931471586,0.017790070734918118,1.5253760810010135,"[540749770, 21827134, 236055833, 368893459, 280808789, 228982019, 236055832, 581076009, 580940482, 235905561]","[8, 8, 8, 8, 8, 8, 8, 8, 8, 8]"
836,2,"[1, 7]",2,0.24133183900266886,0.04304769774898887,3.050574383698404,"[401769643, 178423799, 270765066, 104090445, 104850119, 431472895, 178426649, 332914836, 93601596, 368570617]","[7, 1, 1, 7, 7, 7, 1, 7, 7, 1]"
837,2,"[15, 16]",2,0.2478809910826385,0.04431567247956991,3.1029285322874784,"[350013298, 398947805, 134561125, 332085164, 216670285, 352183666, 519038739, 76032544, 53959463, 114508986]","[16, 16, 16, 16, 16, 15, 16, 15, 16, 16]"
838,2,[16],1,0.06469474919140339,0.015241513960063457,1.562462056055665,"[590357826, 219437928, 24570460, 187123607, 118783712, 187179861, 175462001, 367528210, 527438754, 24570459]","[16, 16, 16, 16, 16, 16, 16, 16, 16, 16]"
839,2,"[4, 18]",2,0.12336207693442702,0.03366707684472203,1.5280265909386799,"[138366709, 266734567, 313988359, 484722634, 561258797, 482250680, 297219429, 198235008, 47680120, 482254926]","[18, 18, 18, 18, 18, 4, 4, 18, 18, 18]"
840,2,[19],1,0.051945566199719906,0.013983461074531078,1.2741980063728988,"[261381281, 573127377, 92937991, 441340568, 359977576, 138868983, 144662308, 456298196, 359972516, 478786710]","[19, 19, 19, 19, 19, 19, 19, 19, 19, 19]"
841,2,"[4, 15]",2,0.22577588958665729,0.04263483267277479,2.839079249300994,"[43171719, 528130805, 514453858, 525458684, 538584591, 514897301, 100921820, 246305164, 253703487, 260149564]","[4, 15, 15, 15, 4, 4, 15, 15, 15, 4]"
842,2,"[10, 19]",2,0.09412471670657396,0.026896771974861622,1.1569444964407012,"[78827321, 35313378, 421958143, 61757192, 269026244, 400861317, 168163685, 542616185, 231408062, 35323616]","[10, 10, 10, 10, 10, 10, 10, 10, 10, 10]"
843,2,"[4, 8]",2,0.10461459308862686,0.03027010103687644,1.2800697855418548,"[100058525, 430366583, 42891670, 578026516, 533552145, 16580535, 482635667, 57817423, 215371814, 333788738]","[4, 8, 4, 8, 4, 4, 8, 4, 8, 8]"
844,2,[12],1,0.13005279703065753,0.01967852795496583,3.2397337595466524,"[572004929, 386763457, 95514323, 515961481, 153409270, 133039812, 412024523, 452906080, 67122485, 522295305]","[12, 12, 12, 12, 12, 12, 12, 12, 12, 12]"
845,2,[8],1,0.06237947428599,0.016382415778934956,1.5253760810010135,"[210911512, 450105911, 151739648, 532212276, 431430781, 403088872, 476733758, 515245053, 321503904, 583426662]","[8, 8, 8, 8, 8, 8, 8, 8, 8, 8]"
846,2,[6],1,0.08084791619330645,0.019344127271324396,1.9941098913550377,"[176896948, 113103367, 378506052, 428254010, 499747030, 131341583, 91486397, 176835666, 275719177, 64263]","[6, 6, 6, 6, 6, 6, 6, 6, 6, 6]"
847,2,[4],1,0.04319758806377649,0.012887038756161928,1.034763490082696,"[211478103, 5266807, 211464483, 395902506, 186844356, 436410532, 132540708, 432528360, 132475661, 577844901]","[4, 4, 4, 4, 4, 4, 4, 4, 4, 4]"
848,2,[19],1,0.05453988304361701,0.016874450724571943,1.2741980063728988,"[19555780, 175512374, 199477483, 19579651, 149086318, 19582121, 45690194, 284388133, 19573617, 456774837]","[19, 19, 19, 19, 19, 19, 19, 19, 19, 19]"
849,2,"[7, 8]",2,0.25743825221434236,0.04304414801299572,3.23514165438246,"[269323863, 521262335, 356377308, 278359722, 338490120, 112406467, 320965521, 564218028, 498412961, 440638890]","[7, 8, 7, 8, 8, 7, 7, 7, 8, 8]"
850,2,[19],1,0.052018847316503525,0.01701265899464488,1.2741980063728988,"[352071651, 113992217, 415740214, 409480815, 421371089, 183599496, 350994816, 358085096, 276836020, 314692744]","[19, 19, 19, 19, 19, 19, 19, 19, 19, 19]"
851,2,[19],1,0.05197135917842388,0.01606558309867978,1.2741980063728988,"[87493762, 188328316, 11248292, 505651515, 92264420, 230403360, 593930927, 551622090, 228651129, 150579725]","[19, 19, 19, 19, 19, 19, 19, 19, 19, 19]"
852,2,"[0, 12]",2,0.19909566268324852,0.037336279172450304,2.488740950357169,"[37811016, 473504460, 582813404, 215820939, 473482680, 285265932, 324368555, 562094452, 562100179, 217631526]","[12, 12, 12, 12, 12, 12, 12, 0, 12, 12]"
853,2,"[7, 15]",2,0.37697896594181657,0.05505761317908764,4.794151118141599,"[599170764, 209157692, 481581017, 167656863, 536650870, 430690500, 429830540, 579563702, 502865049, 47244420]","[15, 15, 15, 15, 15, 15, 15, 15, 15, 15]"
854,2,"[16, 18]",2,0.14639134192839265,0.03202028386294842,1.7918758739251643,"[298557429, 264837653, 346482625, 224958773, 366603740, 271578965, 296866940, 452451777, 21597522, 496570570]","[18, 16, 16, 18, 18, 18, 18, 16, 18, 16]"
855,2,"[16, 18]",2,0.1458890656940639,0.03271811315789819,1.7918758739251643,"[13500227, 558483892, 243640497, 473190041, 20101791, 238138424, 13415872, 20101788, 238474670, 282175107]","[18, 16, 18, 18, 18, 18, 18, 18, 18, 18]"
856,2,[19],1,0.05211686296388507,0.013229600619524717,1.2741980063728988,"[271924014, 43398037, 503788850, 260585669, 474652244, 455925797, 215918210, 146973603, 486569386, 395348698]","[19, 19, 19, 19, 19, 19, 19, 19, 19, 19]"
857,2,"[4, 15]",2,0.2257484020665288,0.043504757806658745,2.839079249300994,"[486560079, 361198864, 143067917, 220798813, 157855667, 579818435, 555986737, 521393717, 100839250, 324095745]","[15, 4, 4, 4, 4, 15, 4, 4, 4, 4]"
858,2,"[1, 15]",2,0.23158897506073117,0.038034457713365555,2.8998182740760967,"[63204988, 429446346, 258776256, 321572892, 287624253, 284897370, 520162094, 11087265, 307123304, 63211212]","[1, 1, 15, 1, 15, 1, 1, 1, 1, 1]"
859,2,[19],1,0.05273779481649399,0.016384080052375793,1.2741980063728988,"[527568896, 396105967, 332602224, 527670657, 318367759, 564144967, 527568903, 68482796, 593165598, 172878912]","[19, 19, 19, 19, 19, 19, 19, 19, 19, 19]"
860,2,"[2, 12]",2,0.2111370014026761,0.03915772680193186,2.6141052594175562,"[535675477, 355548424, 270006756, 301349402, 507596443, 313944357, 267260077, 83315250, 357961509, 192245896]","[2, 2, 2, 2, 2, 2, 2, 2, 2, 2]"
861,2,"[1, 3]",2,0.25524787371978164,0.04047334985807538,4.326731770066544,"[541869874, 387580617, 512795844, 10625348, 425468283, 85862371, 101572055, 62124119, 339259479, 584974950]","[1, 1, 1, 3, 3, 3, 1, 3, 3, 3]"
862,2,[7],1,0.19268327997997403,0.02933591976761818,4.944907227763906,"[492673201, 55019346, 479962660, 148988282, 284149920, 566819415, 124360314, 27643038, 291230473, 284121140]","[7, 7, 7, 7, 7, 7, 7, 7, 7, 7]"
863,2,[6],1,0.08089684415608644,0.021337863989174366,1.9941098913550377,"[419712632, 165915394, 316566842, 147136187, 224548655, 583929514, 328080161, 181293187, 524619701, 193084922]","[6, 6, 6, 6, 6, 6, 6, 6, 6, 6]"
864,2,[7],1,0.19277460779994726,0.027321829926222563,4.944907227763906,"[103994370, 64154372, 265249519, 436371389, 348268592, 138290075, 330579822, 288393933, 592062875, 52514966]","[7, 7, 7, 7, 7, 7, 7, 7, 7, 7]"
865,2,"[8, 15]",2,0.2461487902328372,0.04404389625415206,3.0843855447601527,"[512035625, 366700818, 146102195, 191788327, 76200921, 232353326, 471502384, 319541068, 14501569, 224534619]","[8, 8, 8, 8, 8, 15, 15, 8, 8, 8]"
866,2,"[9, 12]",2,0.1792922061868012,0.038764061871916056,2.2158199850236997,"[550000252, 260324608, 162598762, 263950507, 370125796, 305567628, 20327043, 305672323, 562782731, 596678808]","[12, 12, 12, 12, 12, 12, 12, 12, 12, 12]"
867,2,[11],1,0.12037006113678217,0.021611433010548353,2.8569057434797287,"[161598115, 48574606, 475649919, 196752454, 22918815, 117989128, 131531957, 70758564, 437006189, 267286042]","[11, 11, 11, 11, 11, 11, 11, 11, 11, 11]"
868,2,"[9, 12]",2,0.18163148127496243,0.036066193133592606,2.2158199850236997,"[356500865, 489478009, 477060509, 306310881, 477504394, 402340401, 328054079, 70207319, 285729082, 374035296]","[12, 12, 12, 12, 12, 12, 12, 12, 12, 12]"
869,2,[10],1,0.04161793226376176,0.013345441315323114,1.0396909865085036,"[262321495, 481457656, 291492315, 346847059, 501419107, 439176866, 20292761, 563902705, 20835328, 89001565]","[10, 10, 10, 10, 10, 10, 10, 10, 10, 10]"
870,2,[10],1,0.041726219933480024,0.012313083745539188,1.0396909865085036,"[112508320, 459659012, 587371681, 207108803, 460394659, 572656932, 127178052, 421203300, 155034990, 197424528]","[10, 10, 10, 10, 10, 10, 10, 10, 10, 10]"
871,2,"[2, 10]",2,0.1233101082034409,0.030522836837917566,1.5140838728984818,"[525197836, 148862207, 13098477, 285403932, 180888613, 41409768, 379452575, 191399531, 119423179, 79997630]","[2, 2, 2, 10, 2, 2, 2, 2, 2, 2]"
872,2,[10],1,0.04148266697302461,0.012592125684022903,1.0396909865085036,"[503266532, 579038074, 242533111, 293544847, 503042545, 576718627, 208058492, 452803581, 295163696, 397244310]","[10, 10, 10, 10, 10, 10, 10, 10, 10, 10]"
873,2,[18],1,0.08454931015148759,0.018731451593339443,2.0212896917946637,"[273977532, 340258199, 145837704, 550956529, 197055911, 596676517, 87735032, 329064913, 525282629, 352746870]","[18, 18, 18, 18, 18, 18, 18, 18, 18, 18]"
874,2,[2],1,0.08151623886078596,0.018211673013865948,1.98847675928846,"[212902331, 222591772, 58828972, 145494845, 231852001, 324647310, 552677393, 311464989, 132432791, 565693411]","[2, 2, 2, 2, 2, 2, 2, 2, 2, 2]"
875,2,[4],1,0.04280859278514981,0.012857855297625065,1.034763490082696,"[574593890, 302511946, 230069100, 17749590, 189220285, 538794706, 115173751, 533975613, 254320658, 307496636]","[4, 4, 4, 4, 4, 4, 4, 4, 4, 4]"
876,2,"[4, 18]",2,0.12476006709039211,0.030623126309365034,1.5280265909386799,"[205858234, 128903282, 206144307, 205833512, 322460103, 408203703, 53018079, 263777358, 221237239, 190023100]","[18, 18, 18, 18, 18, 18, 18, 18, 18, 18]"
877,2,"[4, 8]",2,0.10461113601922989,0.03088043862953782,1.2800697855418548,"[178872551, 54423710, 144399593, 599668128, 505811844, 559327687, 305147460, 136520793, 465473767, 385211993]","[8, 4, 8, 8, 8, 8, 4, 8, 4, 8]"
878,2,"[10, 18]",2,0.1228101048618555,0.03077365504577756,1.5304903391515836,"[165387938, 89065231, 430039082, 33690114, 400923749, 531178403, 344236076, 340118914, 353633245, 58992407]","[18, 18, 18, 10, 18, 10, 18, 10, 10, 18]"
879,2,"[10, 18]",2,0.1234106202609837,0.030490197241306305,1.5304903391515836,"[303703297, 328420, 344622214, 221191152, 426778940, 555807421, 488920870, 274663530, 92739215, 406923233]","[18, 18, 18, 18, 18, 18, 18, 18, 18, 18]"
880,2,"[14, 16]",2,0.1512211887165904,0.03870918229222298,1.8645410051103681,"[96447137, 48791602, 88492235, 465953021, 352092256, 18510270, 196778869, 135183457, 392540250, 98400942]","[16, 16, 14, 16, 16, 14, 16, 16, 14, 16]"
881,2,[8],1,0.06269880291074514,0.015135850291699171,1.5253760810010135,"[277389016, 396026171, 240443054, 510801508, 579045419, 539811668, 598319225, 79050214, 285433142, 483409512]","[8, 8, 8, 8, 8, 8, 8, 8, 8, 8]"
882,2,"[3, 12]",2,0.33699233783409,0.05325878784060478,5.36847788002342,"[159470493, 183012593, 269067563, 269128707, 216262394, 5832120, 232451164, 216357031, 198572032, 216262397]","[3, 3, 3, 3, 3, 3, 3, 3, 3, 3]"
883,2,"[16, 18]",2,0.14658935880288482,0.035509773064404726,1.7918758739251643,"[450545184, 240566049, 448192784, 285961191, 481356550, 534974293, 380130755, 303332706, 188972473, 318413067]","[16, 16, 18, 16, 16, 16, 16, 16, 16, 16]"
884,2,[4],1,0.0422720150090754,0.015836013946682215,1.034763490082696,"[425670491, 65327381, 233808705, 563539717, 393376117, 367435614, 233928470, 273608469, 188006566, 384003270]","[4, 4, 4, 4, 4, 4, 4, 4, 4, 4]"
885,2,[12],1,0.12966207461431623,0.019773568958044052,3.2397337595466524,"[68294369, 531887731, 587247123, 118170527, 168564634, 311192250, 565442313, 47874228, 249485541, 283965110]","[12, 12, 12, 12, 12, 12, 12, 12, 12, 12]"
886,2,"[3, 12]",2,0.33663384104147553,0.05309136398136616,5.36847788002342,"[167712818, 142155274, 418344272, 71479451, 119366487, 510341808, 227360561, 151014877, 586910753, 227107143]","[12, 12, 12, 12, 12, 12, 12, 12, 12, 12]"
887,2,"[4, 15]",2,0.22560673812404275,0.04359327023848891,2.839079249300994,"[177492402, 535919795, 176813416, 176795095, 241861460, 180263495, 348128252, 176819338, 549614686, 392605159]","[15, 15, 15, 15, 15, 15, 15, 15, 15, 15]"
888,2,[12],1,0.12949170591309667,0.02168849017471075,3.2397337595466524,"[224795566, 181075644, 402488336, 196748699, 142838359, 175829416, 282171496, 372260048, 489624031, 402248864]","[12, 12, 12, 12, 12, 12, 12, 12, 12, 12]"
889,2,"[10, 18]",2,0.12311794701963663,0.032599200028926134,1.5304903391515836,"[178338312, 449642969, 62444454, 332439531, 303703297, 287023832, 186315738, 167555446, 57675857, 527578010]","[18, 18, 18, 18, 18, 18, 18, 18, 18, 18]"
890,2,"[9, 10]",2,0.09172195428982377,0.027753223665058613,1.1157985985046253,"[351600434, 444044118, 534625534, 322527861, 121727598, 195569237, 195851761, 376820710, 404118614, 489555542]","[9, 10, 9, 9, 10, 9, 9, 9, 10, 9]"
891,2,[16],1,0.06534112012013793,0.015859694220125675,1.562462056055665,"[35506914, 35222598, 423611375, 422119093, 589832687, 497316237, 589900980, 3032838, 267666949, 421405297]","[16, 16, 16, 16, 16, 16, 16, 16, 16, 16]"
892,2,"[4, 18]",2,0.12577312905341387,0.03286908892914653,1.5280265909386799,"[236286607, 451330241, 362273248, 347002214, 102832888, 278872837, 330500808, 207879620, 227289098, 70633051]","[4, 4, 4, 4, 4, 4, 4, 4, 4, 4]"
893,2,[4],1,0.04230244783684611,0.014073509257286787,1.034763490082696,"[577884183, 230598180, 70777269, 410586201, 94483386, 407198240, 281490368, 460101255, 289303918, 117989967]","[4, 4, 4, 4, 4, 4, 4, 4, 4, 4]"
894,2,"[3, 10]",2,0.24971178267151117,0.04551263805478811,4.268456493504345,"[587102603, 170169858, 84270887, 556771621, 183448190, 221096784, 462621303, 177546331, 458445608, 570814026]","[3, 3, 3, 3, 3, 3, 3, 3, 3, 3]"
895,2,"[0, 18]",2,0.1506636501289904,0.03734069410711527,1.8795189164811745,"[217814354, 404880666, 383235976, 349668517, 178861442, 178861469, 422680055, 19503139, 181738995, 346633168]","[0, 0, 0, 0, 18, 0, 0, 0, 0, 0]"
896,2,"[4, 7]",2,0.23522265581414104,0.04204887803643942,2.989835358923301,"[253258903, 219217186, 205471858, 244007687, 74333164, 75341525, 463839280, 522064022, 315733588, 469932804]","[4, 4, 4, 4, 4, 4, 4, 4, 4, 4]"
897,2,"[3, 10]",2,0.24968848703429103,0.04116292204707861,4.268456493504345,"[342961575, 108095035, 302173789, 453368057, 108140504, 239858151, 302363278, 482832612, 533706692, 302410184]","[3, 3, 3, 3, 3, 3, 3, 3, 3, 3]"
898,2,"[0, 12]",2,0.20030146138742566,0.03810665011405945,2.488740950357169,"[434287321, 285400705, 542290232, 332335132, 542166318, 402924785, 82308343, 344439239, 20882674, 21699115]","[0, 0, 0, 0, 0, 12, 0, 0, 0, 0]"
899,2,[16],1,0.0650670388713479,0.020434148143976927,1.562462056055665,"[507029069, 426930287, 573628652, 371506867, 26691262, 371263752, 26632321, 105042186, 48992045, 371517341]","[16, 16, 16, 16, 16, 16, 16, 16, 16, 16]"
900,2,[2],1,0.08181537734344602,0.015682893339544535,1.98847675928846,"[124993178, 280463496, 174847220, 68166793, 204608596, 149715940, 378018282, 539827010, 161294887, 466214685]","[2, 2, 2, 2, 2, 2, 2, 2, 2, 2]"
901,2,[15],1,0.18369341222569346,0.02500236313790083,4.643395008519292,"[19069592, 31708204, 7675266, 226905715, 422841084, 199429539, 324054644, 488242255, 47371500, 19080473]","[15, 15, 15, 15, 15, 15, 15, 15, 15, 15]"
902,2,"[10, 15]",2,0.2252583191730082,0.03489869832992554,2.8415429975138977,"[36995052, 560901483, 596304534, 260089397, 20478478, 448875963, 481450756, 424349573, 225591463, 182808778]","[15, 15, 15, 15, 15, 15, 15, 15, 15, 15]"
903,2,[10],1,0.04286452988162637,0.01457328675314784,1.0396909865085036,"[37194084, 389395402, 420027424, 235927474, 150702021, 392999512, 237249653, 205749659, 38533652, 463645824]","[10, 10, 10, 10, 10, 10, 10, 10, 10, 10]"
904,2,[14],1,0.08654416771605611,0.019173406064510345,2.1666199541650712,"[342402289, 556295457, 505170839, 4537006, 290789905, 226615850, 450595079, 91223295, 84167927, 350648687]","[14, 14, 14, 14, 14, 14, 14, 14, 14, 14]"
905,2,"[3, 6]",2,0.2881582439877093,0.044087670743465424,4.7456659459276125,"[10662551, 10875757, 394542090, 406527254, 221612453, 221555745, 64880152, 82674978, 102978020, 143778806]","[3, 3, 3, 6, 6, 6, 6, 6, 6, 6]"
906,2,[6],1,0.08070503594353795,0.01823650486767292,1.9941098913550377,"[21521293, 15242160, 79259376, 21524797, 34161187, 142632626, 467392706, 9044970, 270367599, 225829461]","[6, 6, 6, 6, 6, 6, 6, 6, 6, 6]"
907,2,"[11, 18]",2,0.19809389812871814,0.04075299995020032,2.439097717637196,"[282577837, 324078893, 74406527, 81156848, 223682126, 252162270, 162004373, 292212285, 505977699, 596298942]","[11, 18, 18, 18, 11, 11, 18, 18, 18, 11]"
908,2,"[2, 7]",2,0.27554230904206634,0.04538492625579238,3.466691993526183,"[253275733, 396929416, 411194860, 247580177, 314624246, 387745019, 20563003, 291785698, 203323072, 344869033]","[2, 7, 2, 7, 7, 7, 2, 2, 2, 7]"
909,2,"[9, 10]",2,0.09140316722914577,0.028368393890559673,1.1157985985046253,"[3401281, 76879843, 584678685, 567622010, 221478728, 393205159, 311093817, 265248779, 103503292, 418816165]","[10, 10, 10, 10, 10, 10, 10, 10, 10, 10]"
910,2,"[1, 14]",2,0.13417950458824635,0.03455687267705798,1.6614307468989864,"[160293513, 595991823, 475234853, 92536340, 432067395, 52710981, 139175107, 209857674, 172528148, 76352908]","[14, 14, 1, 14, 14, 14, 14, 1, 14, 1]"
911,2,"[8, 14]",2,0.14837986323982477,0.03456954471766949,1.8459980175830424,"[270743288, 189056268, 339452822, 474628821, 328260186, 588991114, 244260056, 310062305, 429585525, 541343973]","[14, 14, 14, 14, 14, 14, 14, 14, 14, 14]"
912,2,[10],1,0.04195771040394902,0.014504263177514076,1.0396909865085036,"[238221088, 251671955, 225067493, 354725364, 571988496, 224371380, 67536489, 561163832, 591028837, 265545508]","[10, 10, 10, 10, 10, 10, 10, 10, 10, 10]"
913,2,"[9, 15]",2,0.23395973816514015,0.04299176298081875,2.9176506095100194,"[99480924, 90623384, 189995717, 1897498, 235377913, 281960837, 436226372, 106954498, 531657239, 358006549]","[15, 9, 9, 9, 9, 9, 9, 9, 9, 9]"
914,2,[18],1,0.08313167141750455,0.018724188208580017,2.0212896917946637,"[162962908, 525638406, 525316001, 425131888, 433383809, 234468600, 131666320, 341082387, 54046446, 481893458]","[18, 18, 18, 18, 18, 18, 18, 18, 18, 18]"
915,2,[9],1,0.050919897854328156,0.014691944234073162,1.191906210500747,"[157878787, 200192153, 297840958, 304424372, 519300428, 195412442, 315447103, 152937606, 259364142, 11323504]","[9, 9, 9, 9, 9, 9, 9, 9, 9, 9]"
916,2,"[4, 8]",2,0.10476531274616718,0.030187860131263733,1.2800697855418548,"[421715711, 157209584, 303739993, 270323935, 343015553, 334807463, 334863139, 206178676, 560620404, 432928078]","[8, 8, 8, 8, 8, 8, 8, 8, 8, 8]"
917,2,"[7, 15]",2,0.37641538167372346,0.0578034189529717,4.794151118141599,"[296734744, 522936240, 87184671, 174179901, 296739948, 551883517, 572712845, 519119807, 226413779, 26341369]","[7, 7, 7, 7, 7, 7, 7, 7, 7, 7]"
918,2,[1],1,0.04795165779069066,0.01462979894131422,1.1562415396329015,"[16948561, 374303621, 196200306, 94856218, 317889817, 550644186, 399822021, 43711734, 278927045, 432068826]","[1, 1, 1, 1, 1, 1, 1, 1, 1, 1]"
919,2,[12],1,0.1302530230022967,0.020072514191269875,3.2397337595466524,"[483114413, 236407296, 47736879, 195054568, 375063750, 537942619, 416946652, 537944838, 252319554, 193278737]","[12, 12, 12, 12, 12, 12, 12, 12, 12, 12]"
920,2,[6],1,0.08056964259594679,0.016651632729917765,1.9941098913550377,"[345782426, 284951617, 441169254, 517952943, 369337583, 534530430, 441338682, 41452773, 176466973, 19479396]","[6, 6, 6, 6, 6, 6, 6, 6, 6, 6]"
921,2,"[1, 16]",2,0.1126483278349042,0.029820818919688463,1.3593517978442833,"[223746625, 106852876, 373356601, 106853396, 466233294, 307010911, 37419231, 373496012, 37419230, 373496019]","[16, 16, 16, 16, 16, 16, 16, 16, 16, 16]"
922,2,[15],1,0.18332717008888721,0.023942325729876757,4.643395008519292,"[89186141, 321444262, 64896600, 536476892, 422850037, 555668591, 289163089, 551680932, 47500760, 7830470]","[15, 15, 15, 15, 15, 15, 15, 15, 15, 15]"
923,2,[10],1,0.04145361064001918,0.012090715114027262,1.0396909865085036,"[598133287, 447075630, 53399559, 336058677, 505058965, 504229410, 568445515, 447077408, 475807727, 451810923]","[10, 10, 10, 10, 10, 10, 10, 10, 10, 10]"
924,2,[10],1,0.041588012129068375,0.012668797746300697,1.0396909865085036,"[286691641, 253815485, 417607676, 528303909, 426282158, 538818888, 537606242, 3280611, 442680379, 575243275]","[10, 10, 10, 10, 10, 10, 10, 10, 10, 10]"
925,2,[18],1,0.08144945465028286,0.018506905995309353,2.0212896917946637,"[153098803, 51727572, 343615222, 453322014, 367318198, 158403731, 387817396, 409295738, 232941730, 167011911]","[18, 18, 18, 18, 18, 18, 18, 18, 18, 18]"
926,2,"[4, 8]",2,0.10450278408825397,0.0313951950520277,1.2800697855418548,"[128304126, 82984003, 376515006, 111206490, 491261598, 346140163, 575260875, 57832057, 294061877, 116141630]","[8, 4, 8, 8, 8, 4, 8, 4, 4, 8]"
927,2,"[0, 12]",2,0.19886449491605163,0.03642385918647051,2.488740950357169,"[513350880, 7133850, 455598870, 290302881, 32696224, 505981685, 415367442, 324974677, 588634441, 258276609]","[0, 12, 12, 0, 12, 0, 0, 12, 0, 0]"
928,2,[2],1,0.08146913489326835,0.01679294602945447,1.98847675928846,"[24558843, 13164087, 453571296, 161548116, 93297028, 335689399, 161423600, 74856458, 74856457, 93461105]","[2, 2, 2, 2, 2, 2, 2, 2, 2, 2]"
929,2,[2],1,0.08194942539557815,0.016723058186471462,1.98847675928846,"[169786099, 38598848, 426045544, 425900501, 284719050, 475738096, 195594882, 418328309, 223602781, 561372987]","[2, 2, 2, 2, 2, 2, 2, 2, 2, 2]"
930,2,"[9, 10]",2,0.09143296023830771,0.02757223229855299,1.1157985985046253,"[282176719, 212668435, 384804628, 39649103, 328072393, 142841536, 161655847, 175423790, 67997919, 397661211]","[10, 10, 10, 10, 10, 10, 10, 10, 10, 10]"
931,2,[10],1,0.04145735502243042,0.0124659170396626,1.0396909865085036,"[71749202, 2259438, 10722663, 459858705, 184828688, 184832609, 49087434, 266680373, 385530264, 2259439]","[10, 10, 10, 10, 10, 10, 10, 10, 10, 10]"
932,2,[2],1,0.08152923174202442,0.017973783891648054,1.98847675928846,"[532571149, 246956915, 297864560, 581374572, 570090174, 441674312, 522683366, 75494796, 361758327, 162370184]","[2, 2, 2, 2, 2, 2, 2, 2, 2, 2]"
933,2,[2],1,0.08172827214002609,0.016714417841285467,1.98847675928846,"[32107476, 199258734, 199258733, 183523863, 166797438, 57167592, 449420161, 514921027, 183311522, 432375993]","[2, 2, 2, 2, 2, 2, 2, 2, 2, 2]"
934,2,"[10, 15]",2,0.22596203442662954,0.040368902031332254,2.8415429975138977,"[336806766, 77043506, 176901189, 567321026, 239275640, 135110174, 207476811, 238274469, 196766459, 101194200]","[15, 15, 15, 15, 15, 15, 15, 15, 15, 15]"
935,2,[8],1,0.062326224986463785,0.015664268750697374,1.5253760810010135,"[59564191, 150381764, 477292038, 206245944, 59990123, 597383586, 48290207, 148623189, 259275147, 316355598]","[8, 8, 8, 8, 8, 8, 8, 8, 8, 8]"
936,2,[8],1,0.06237524887546897,0.01592385396361351,1.5253760810010135,"[597433447, 73577387, 399944700, 333270079, 379260128, 98139944, 142545017, 315785825, 539120214, 420031587]","[8, 8, 8, 8, 8, 8, 8, 8, 8, 8]"
937,2,[10],1,0.04181489301845431,0.01165628107264638,1.0396909865085036,"[286843491, 47493207, 287748754, 168109238, 168181564, 82957769, 286843490, 459815782, 47503236, 168106043]","[10, 10, 10, 10, 10, 10, 10, 10, 10, 10]"
938,2,[10],1,0.041460842825472355,0.014200774021446705,1.0396909865085036,"[473259501, 479572269, 473243301, 130268339, 479669389, 116145144, 516287628, 28441402, 410606241, 479668189]","[10, 10, 10, 10, 10, 10, 10, 10, 10, 10]"
939,2,[8],1,0.0628837002441287,0.015754572581499815,1.5253760810010135,"[472756032, 488350547, 562101800, 83929226, 549019845, 476098076, 279980622, 354294258, 562605095, 550463868]","[8, 8, 8, 8, 8, 8, 8, 8, 8, 8]"
940,2,"[8, 19]",2,0.1143474723212421,0.03210601396858692,1.3997870436869562,"[379572257, 362394529, 70408031, 440038589, 313239622, 77469376, 175301439, 106191429, 131433669, 321668046]","[19, 19, 19, 19, 19, 8, 19, 19, 19, 19]"
941,2,[6],1,0.08377308305352926,0.02150250505656004,1.9941098913550377,"[529096906, 529096909, 76627106, 374069618, 158781539, 274725155, 139731328, 533347647, 575774889, 493289140]","[6, 6, 6, 6, 6, 6, 6, 6, 6, 6]"
942,2,[14],1,0.08638221537694335,0.02570889424532652,2.1666199541650712,"[496840608, 167605099, 146154684, 451396294, 112962492, 185847151, 81490660, 378415815, 523042505, 333661982]","[14, 14, 14, 14, 14, 14, 14, 14, 14, 14]"
943,2,"[4, 8]",2,0.10553043708205223,0.02869431721046567,1.2800697855418548,"[398339748, 538554817, 156300773, 333550974, 413035631, 135421558, 279690833, 171077188, 398627797, 398368552]","[4, 4, 4, 4, 4, 4, 4, 4, 4, 4]"
944,2,"[2, 11]",2,0.19896158343181014,0.03966307360678911,2.4226912513840944,"[337096510, 71077895, 136540086, 134078616, 335355439, 250876778, 523630878, 99033847, 520921936, 437019396]","[2, 2, 2, 11, 11, 2, 2, 11, 11, 2]"
945,2,"[1, 6]",2,0.12935714656487107,0.029747569002211094,1.5751757154939696,"[393797084, 205136420, 325425320, 340057960, 468994683, 221297849, 309963373, 358995154, 467913323, 16045068]","[6, 1, 1, 1, 1, 6, 6, 6, 1, 6]"
946,2,[16],1,0.06472601322457194,0.014736840035766363,1.562462056055665,"[269880344, 243655702, 584781601, 553920816, 190796339, 72253318, 116973015, 553920805, 501225404, 254905519]","[16, 16, 16, 16, 16, 16, 16, 16, 16, 16]"
947,2,[19],1,0.05212531192228198,0.01504311291500926,1.2741980063728988,"[512099404, 338328924, 338333735, 213546905, 291098585, 130908743, 592172746, 147847053, 338331657, 95084631]","[19, 19, 19, 19, 19, 19, 19, 19, 19, 19]"
948,2,"[3, 13]",2,0.2805575020611286,0.04608268942683935,4.661708984756842,"[67875739, 120449971, 24029575, 160386111, 431108434, 431035155, 88192951, 125541950, 487819330, 228671246]","[13, 13, 13, 13, 13, 13, 13, 13, 13, 13]"
949,2,[15],1,0.1837218920700252,0.029384976252913475,4.643395008519292,"[503991686, 112660080, 24683387, 282254746, 187798740, 123366473, 5738299, 98442583, 535380190, 497536542]","[15, 15, 15, 15, 15, 15, 15, 15, 15, 15]"
950,2,"[9, 10]",2,0.09142905566841364,0.02970875333994627,1.1157985985046253,"[227933218, 144763287, 217416932, 504289243, 127095670, 438857161, 115794206, 264643502, 575886323, 373437766]","[10, 10, 10, 10, 10, 10, 10, 10, 9, 10]"
951,2,[9],1,0.049684019293636084,0.016169679816812277,1.191906210500747,"[189765582, 349735722, 363071730, 444991721, 451983882, 227671074, 348304276, 113357008, 304366289, 22747460]","[9, 9, 9, 9, 9, 9, 9, 9, 9, 9]"
952,2,"[4, 8]",2,0.10485366592183709,0.0322357420809567,1.2800697855418548,"[94368663, 263710590, 539201806, 378593732, 504078528, 267925151, 318320678, 282922214, 120201216, 504049850]","[8, 8, 8, 8, 8, 8, 8, 8, 8, 8]"
953,2,"[10, 15]",2,0.22522948775440454,0.04185031680390239,2.8415429975138977,"[178677656, 455635073, 193062754, 279675060, 220721224, 355303154, 418613764, 17413059, 521629193, 412081913]","[10, 15, 15, 15, 10, 15, 10, 15, 15, 15]"
954,2,[4],1,0.04213899094611406,0.013965252321213484,1.034763490082696,"[445720949, 194444526, 174133472, 529148731, 442474726, 12285893, 270011399, 86068753, 484984074, 498548159]","[4, 4, 4, 4, 4, 4, 4, 4, 4, 4]"
955,2,[12],1,0.12952530663460493,0.02410309389233589,3.2397337595466524,"[39607357, 281002336, 116534980, 373131982, 320666469, 309788417, 385280962, 495604288, 440222511, 159154230]","[12, 12, 12, 12, 12, 12, 12, 12, 12, 12]"
956,2,"[4, 9]",2,0.09230579575523734,0.029524977784603834,1.1133348502917215,"[374405505, 186301925, 596391223, 11347056, 37553821, 445658878, 321268120, 447126079, 60106460, 132146569]","[9, 9, 9, 9, 9, 9, 9, 9, 9, 9]"
957,2,[18],1,0.08133358275517821,0.01817967277020216,2.0212896917946637,"[251419197, 545019486, 113610233, 257963252, 89873215, 3646852, 93968948, 186860152, 281931039, 431877806]","[18, 18, 18, 18, 18, 18, 18, 18, 18, 18]"
958,2,[9],1,0.050172981806099415,0.015189770143479109,1.191906210500747,"[57374779, 40730268, 93433777, 95336155, 26705617, 263840227, 434844098, 134239951, 298968146, 57333917]","[9, 9, 9, 9, 9, 9, 9, 9, 9, 9]"
959,2,[19],1,0.05237859208136797,0.014517894946038723,1.2741980063728988,"[401806842, 265998811, 150723191, 166409434, 58978137, 521709654, 160528907, 58978138, 340141559, 120082615]","[19, 19, 19, 19, 19, 19, 19, 19, 19, 19]"
960,2,"[10, 11]",2,0.15895607508718967,0.03510382026433945,1.9482983649941161,"[331064875, 563009165, 343765839, 111356263, 356685194, 181612375, 202434205, 387819056, 378226066, 202311509]","[10, 11, 10, 10, 11, 10, 10, 11, 10, 10]"
961,2,"[15, 18]",2,0.2645424799993634,0.04594432143494487,3.3323423501569778,"[212109658, 212983171, 26069116, 203732087, 522830960, 936065, 591706133, 375581681, 212750921, 334693208]","[15, 15, 15, 15, 15, 15, 15, 15, 15, 15]"
962,2,[3],1,0.20746236108243465,0.025695133954286575,7.497222000500187,"[450230265, 450136794, 415998911, 569022098, 85519819, 176101728, 93708677, 590193184, 82629002, 518171530]","[3, 3, 3, 3, 3, 3, 3, 3, 3, 3]"
963,2,[16],1,0.06486758217215538,0.014274534303694963,1.562462056055665,"[501400145, 237618378, 130729381, 351480139, 181927352, 507585579, 290023808, 565127133, 565014802, 105799356]","[16, 16, 16, 16, 16, 16, 16, 16, 16, 16]"
964,2,[6],1,0.08055716287344694,0.016949746757745743,1.9941098913550377,"[123910996, 53693394, 547958369, 297085320, 110989140, 143271566, 385012868, 497975539, 496669159, 146008677]","[6, 6, 6, 6, 6, 6, 6, 6, 6, 6]"
965,2,[11],1,0.11731343809515238,0.021735338028520346,2.8569057434797287,"[22831332, 101944452, 185978588, 152386756, 131127260, 39839418, 560004983, 537475668, 95079748, 144399548]","[11, 11, 11, 11, 11, 11, 11, 11, 11, 11]"
966,2,"[4, 8]",2,0.105257379822433,0.03156568994745612,1.2800697855418548,"[492105176, 338642629, 285614658, 558582012, 407549494, 142678476, 219001674, 249310790, 264263907, 562154496]","[4, 8, 8, 8, 8, 4, 8, 8, 8, 8]"
967,2,"[12, 15]",2,0.3137851217761636,0.046169057954102755,3.941564384032972,"[247032304, 110204120, 247041973, 283659300, 8118887, 558296656, 596742162, 247023293, 558378028, 3737256]","[12, 12, 12, 12, 12, 12, 12, 12, 12, 12]"
968,2,"[10, 18]",2,0.12414348777383566,0.03427757602185011,1.5304903391515836,"[435849709, 570230416, 458021675, 109822036, 432140190, 69213676, 252072326, 69213675, 223088102, 475413246]","[18, 18, 18, 18, 10, 18, 18, 18, 18, 18]"
969,2,[16],1,0.06470207683742046,0.01628059195354581,1.562462056055665,"[28531479, 594225560, 56447950, 112747880, 473679417, 541373424, 369937080, 34609390, 473812347, 471215727]","[16, 16, 16, 16, 16, 16, 16, 16, 16, 16]"
970,2,[8],1,0.06427279533818364,0.015621292870491743,1.5253760810010135,"[508423775, 538069382, 363920153, 34039779, 478208732, 346492382, 276780781, 267483812, 85111085, 187833686]","[8, 8, 8, 8, 8, 8, 8, 8, 8, 8]"
971,2,"[9, 16]",2,0.11488808272406459,0.03021134715527296,1.377184133278206,"[37033597, 37033600, 412472338, 462633518, 565401113, 303212004, 464687590, 264818625, 259577788, 503040446]","[16, 16, 16, 16, 16, 16, 16, 16, 16, 16]"
972,2,[10],1,0.04154893895611167,0.012347772717475891,1.0396909865085036,"[499454910, 371497908, 117132734, 297680976, 458302834, 390652011, 306763346, 26236618, 340236246, 7336304]","[10, 10, 10, 10, 10, 10, 10, 10, 10, 10]"
973,2,"[6, 7]",2,0.27365618851035833,0.04270453006029129,3.469508559559472,"[308786900, 364907291, 397488901, 310177944, 99827554, 596455691, 150966856, 348192460, 356152228, 44854169]","[6, 6, 6, 6, 6, 6, 6, 6, 6, 6]"
974,2,"[10, 18]",2,0.12320041190832853,0.030522452667355537,1.5304903391515836,"[482287425, 284236143, 517251562, 305478118, 437950446, 60283839, 7877917, 412058938, 437950449, 412057140]","[10, 10, 10, 10, 10, 10, 10, 10, 10, 10]"
975,2,[19],1,0.05201919889077544,0.017021043691784143,1.2741980063728988,"[7898875, 420218363, 285288142, 387963879, 443939937, 563875358, 566485902, 549801869, 563947028, 564036570]","[19, 19, 19, 19, 19, 19, 19, 19, 19, 19]"
976,2,"[9, 10]",2,0.09124540723860264,0.029599666129797697,1.1157985985046253,"[345962197, 34883467, 54474267, 30044152, 312078729, 242659657, 341932781, 585738927, 270088517, 271619942]","[9, 10, 10, 9, 10, 10, 9, 9, 9, 10]"
977,2,"[10, 12]",2,0.17182887392118573,0.03406807128340006,2.139712373027578,"[211384216, 412854441, 352288374, 420328388, 363725644, 492654040, 47249921, 219091417, 536018526, 211384218]","[12, 10, 10, 12, 10, 12, 12, 12, 12, 12]"
978,2,"[10, 12]",2,0.1709245489910245,0.03642155509442091,2.139712373027578,"[526347810, 540466682, 366679987, 409876773, 546200518, 20836133, 406824072, 355735462, 490169099, 440033187]","[10, 10, 12, 10, 12, 10, 10, 12, 10, 12]"
979,2,"[10, 18]",2,0.12315868306905031,0.033261027187108994,1.5304903391515836,"[156580227, 594269133, 595332280, 545804252, 564165130, 184092718, 467669648, 132729070, 68187732, 284179484]","[10, 10, 10, 10, 10, 18, 10, 10, 18, 10]"
980,2,"[3, 6]",2,0.28773478604853153,0.04610713664442301,4.7456659459276125,"[544720576, 156276809, 240341460, 130089583, 58218929, 276938800, 187054014, 450688090, 351660054, 450721179]","[3, 3, 3, 3, 3, 6, 6, 3, 3, 3]"
981,2,"[10, 12]",2,0.1714509204030037,0.03484877943992615,2.139712373027578,"[326181512, 434411421, 23693573, 9351, 91121047, 517062152, 140787011, 372122194, 362443472, 506050899]","[12, 12, 12, 12, 10, 12, 12, 12, 12, 12]"
982,2,[10],1,0.04141434608027339,0.014992617070674896,1.0396909865085036,"[334039431, 227684386, 87620289, 218495558, 29708823, 441715265, 254167724, 506344920, 364703915, 362021566]","[10, 10, 10, 10, 10, 10, 10, 10, 10, 10]"
983,2,"[8, 14]",2,0.14828101452440023,0.03547390131279826,1.8459980175830424,"[398511711, 166216786, 454023979, 172526538, 173912362, 302129156, 115256772, 380118572, 396714746, 593745984]","[14, 14, 8, 8, 8, 8, 8, 8, 8, 8]"
984,2,[12],1,0.12958060204982758,0.02312158513814211,3.2397337595466524,"[69076315, 559760025, 485115648, 420321303, 551608996, 229220191, 126218840, 247674826, 422620602, 405735177]","[12, 12, 12, 12, 12, 12, 12, 12, 12, 12]"
985,2,"[4, 9]",2,0.0921726431697607,0.028072905726730824,1.1133348502917215,"[566532045, 305991113, 567324298, 203848344, 220021476, 243394478, 485332553, 279043819, 545927114, 33574821]","[9, 9, 4, 9, 9, 9, 4, 9, 9, 9]"
986,2,[0],1,0.06930520385503769,0.016886225901544094,1.7377481411676854,"[579816906, 521610075, 320264725, 422038318, 274103964, 476695832, 116987781, 219748634, 196388924, 201979873]","[0, 0, 0, 0, 0, 0, 0, 0, 0, 0]"
987,2,[0],1,0.06938155507668853,0.018299065064638853,1.7377481411676854,"[217080306, 219681590, 332664426, 174881190, 247167050, 64533696, 281060470, 504930645, 144156760, 451946711]","[0, 0, 0, 0, 0, 0, 0, 0, 0, 0]"
988,2,"[4, 8]",2,0.10453472100198269,0.029964433517307043,1.2800697855418548,"[308983601, 444744570, 309739603, 585865450, 418523317, 548688362, 541970719, 122713371, 208365606, 172093896]","[8, 8, 8, 8, 8, 8, 8, 8, 8, 8]"
989,2,"[4, 15]",2,0.22646597307175398,0.04420351330190897,2.839079249300994,"[277074377, 203535832, 126856698, 515228001, 26363044, 453260830, 487387991, 356394424, 74689800, 137151160]","[15, 4, 4, 4, 15, 15, 15, 15, 15, 4]"
990,2,"[2, 4]",2,0.12557408632710576,0.032677761279046535,1.511620124685578,"[396241330, 148075909, 225523731, 369193458, 262492781, 427325885, 325818235, 304859036, 34320139, 267615147]","[4, 4, 4, 4, 2, 4, 2, 2, 4, 4]"
991,2,[9],1,0.04982632398605347,0.017657621763646603,1.191906210500747,"[394299788, 321758034, 510352050, 116676548, 162181477, 44560319, 295244764, 105253925, 581356527, 569309330]","[9, 9, 9, 9, 9, 9, 9, 9, 9, 9]"
992,2,"[1, 12]",2,0.17706211609765887,0.037353942170739174,2.197987649589777,"[552381598, 450784425, 169065536, 31682500, 360095660, 426536329, 489881311, 488319546, 450925914, 372458272]","[1, 12, 12, 12, 1, 1, 1, 12, 12, 12]"
993,2,"[4, 18]",2,0.12473488412797451,0.03434378420934081,1.5280265909386799,"[196411278, 590879186, 587231999, 460084004, 165798282, 70383807, 209459036, 513291909, 158207357, 543663953]","[18, 4, 18, 18, 4, 4, 18, 18, 18, 18]"
994,2,"[6, 15]",2,0.26435057539492846,0.05034443875774741,3.318752449937165,"[156233468, 192480972, 249390734, 30657354, 531138396, 425498986, 567855707, 356096201, 112525703, 169383185]","[6, 6, 6, 6, 6, 6, 6, 6, 6, 6]"
995,2,[4],1,0.042560688219964504,0.014128676615655422,1.034763490082696,"[361663908, 201743269, 33952602, 517626343, 220349455, 322822117, 79848595, 577857220, 445926599, 188449543]","[4, 4, 4, 4, 4, 4, 4, 4, 4, 4]"
996,2,[4],1,0.042101230937987566,0.012964382767677307,1.034763490082696,"[124094738, 86759463, 18996927, 478368537, 562287060, 290648350, 351074657, 506244760, 63845775, 469205803]","[4, 4, 4, 4, 4, 4, 4, 4, 4, 4]"
997,2,"[12, 15]",2,0.31329891085624695,0.049371186178177595,3.941564384032972,"[180808244, 78674535, 131939515, 394338240, 369165104, 512737160, 565563764, 81185762, 403367554, 575767815]","[15, 12, 15, 12, 12, 12, 12, 15, 15, 15]"
998,2,"[10, 15]",2,0.22519204672425985,0.039319392293691635,2.8415429975138977,"[363541081, 335111218, 251613950, 135179918, 115467378, 592975917, 372887762, 237531101, 43271, 280859775]","[15, 15, 10, 15, 15, 15, 15, 15, 15, 15]"
999,2,[10],1,0.04211223917081952,0.013686914928257465,1.0396909865085036,"[29477732, 569962709, 417140494, 265960396, 207502577, 378615203, 262313882, 401779582, 476893638, 465244381]","[10, 10, 10, 10, 10, 10, 10, 10, 10, 10]"
