query,num_centroids,searched_shard_ids,num_searched_shards,gpu_transfer_time,gpu_search_time,warmup_time,best_retrieved_ids,top_doc_shards
0,3,"[1, 2]",2,0.1293580736964941,0.027767048217356205,1.5723591494606808,"[350323743, 22367475, 350285757, 22359499, 22352964, 583617007, 596090569, 40490076, 347651857, 596064850]","[1, 1, 1, 1, 1, 1, 1, 1, 1, 1]"
1,3,"[6, 7]",2,0.27377250883728266,0.04901803284883499,3.469508559559472,"[96761309, 317778513, 462536204, 128100141, 512290626, 544732844, 467725477, 80310487, 336524624, 106752731]","[6, 6, 6, 6, 6, 6, 6, 6, 6, 6]"
2,3,"[2, 9, 10]",3,0.17342804884538054,0.04386223200708628,1.4066913187659036,"[294043795, 8432815, 184228786, 284206801, 58511679, 284206802, 357388844, 486927926, 562872736, 252502827]","[10, 10, 9, 9, 10, 10, 10, 10, 10, 10]"
3,3,[18],1,0.08145063929259777,0.020017921924591064,2.0212896917946637,"[319976312, 473871456, 416180093, 533106488, 185862896, 409812650, 534845823, 3563663, 545925259, 232092470]","[18, 18, 18, 18, 18, 18, 18, 18, 18, 18]"
4,3,[10],1,0.041396682150661945,0.013650338631123304,1.0396909865085036,"[492485126, 241046875, 74580447, 364526066, 196412165, 197645372, 197750504, 6680367, 11876884, 251314455]","[10, 10, 10, 10, 10, 10, 10, 10, 10, 10]"
5,3,"[6, 7]",2,0.27415884798392653,0.049240496940910816,3.469508559559472,"[379513049, 147282989, 500339455, 379513041, 186078600, 426172710, 559365409, 435813526, 268505316, 178669699]","[7, 7, 7, 6, 6, 6, 6, 6, 6, 7]"
6,3,[8],1,0.062239792197942734,0.015478795859962702,1.5253760810010135,"[223359640, 306289225, 134921891, 473056010, 163594463, 578112746, 184462764, 538022211, 98659306, 306328842]","[8, 8, 8, 8, 8, 8, 8, 8, 8, 8]"
7,3,"[15, 16]",2,0.24779394920915365,0.03870630171149969,3.1029285322874784,"[67019337, 412000426, 66952640, 63753766, 534620895, 152048176, 368354619, 272006514, 77300678, 527884014]","[15, 15, 15, 15, 15, 16, 15, 16, 15, 16]"
8,3,[1],1,0.04775258479639888,0.0136707229539752,1.1562415396329015,"[327654649, 459540312, 67520733, 575997322, 180283059, 562193291, 305388418, 41178123, 30515188, 339438330]","[1, 1, 1, 1, 1, 1, 1, 1, 1, 1]"
9,3,"[10, 18]",2,0.12266843998804688,0.03104146383702755,1.5304903391515836,"[244047149, 407497946, 372337157, 244049389, 244048645, 372313030, 99048836, 237900005, 406973178, 191955329]","[18, 18, 18, 10, 18, 10, 18, 10, 18, 18]"
10,3,"[6, 7]",2,0.2740785260684788,0.04986040527001023,3.469508559559472,"[162571401, 582265968, 156350339, 596989224, 177718168, 156842470, 162631938, 162631950, 361359114, 301410691]","[6, 6, 6, 6, 6, 6, 6, 6, 6, 6]"
11,3,"[10, 15]",2,0.22529255971312523,0.03801256883889437,2.8415429975138977,"[316195675, 347961149, 246469994, 425646496, 127689114, 316205222, 335612984, 316205221, 505439277, 402151260]","[15, 15, 15, 15, 15, 15, 15, 15, 15, 15]"
12,3,[8],1,0.06216932786628604,0.01541149988770485,1.5253760810010135,"[143285814, 398227840, 150775094, 520909276, 533066813, 416989615, 478916319, 559059925, 583463400, 255704802]","[8, 8, 8, 8, 8, 8, 8, 8, 8, 8]"
13,3,"[10, 18]",2,0.12310217041522264,0.033909125719219446,1.5304903391515836,"[269953808, 270017264, 53616989, 219464520, 269932498, 264374402, 21302424, 107532941, 53616990, 439849310]","[10, 10, 10, 18, 10, 10, 10, 10, 10, 10]"
14,3,[18],1,0.081050637178123,0.019062845036387444,2.0212896917946637,"[2930195, 304291211, 5479281, 298156409, 435890273, 300724316, 214405047, 231200670, 504375842, 531276114]","[18, 18, 18, 18, 18, 18, 18, 18, 18, 18]"
15,3,[0],1,0.06939621223136783,0.016572466120123863,1.7377481411676854,"[540834996, 425755668, 346415404, 400155932, 347682406, 548796299, 583527657, 236059986, 540791896, 318230608]","[0, 0, 0, 0, 0, 0, 0, 0, 0, 0]"
16,3,[2],1,0.0814607827924192,0.018029079772531986,1.98847675928846,"[388372331, 477914499, 94283698, 313295416, 417756224, 81047150, 287698740, 413998749, 388567738, 84783145]","[2, 2, 2, 2, 2, 2, 2, 2, 2, 2]"
17,3,"[3, 6]",2,0.29085396882146597,0.044246391858905554,4.7456659459276125,"[196567304, 37592602, 119007154, 529191060, 136475651, 138777038, 596950633, 519952557, 271030616, 297127865]","[6, 6, 6, 6, 6, 6, 6, 6, 6, 6]"
18,3,"[2, 10, 11]",3,0.2398236715234816,0.05117628304287791,1.9616911630922307,"[265372681, 211326331, 414008444, 433847464, 251637127, 20375487, 484727721, 484727704, 251637111, 149272454]","[11, 11, 11, 11, 11, 11, 11, 10, 11, 11]"
19,3,"[4, 10]",2,0.09098783927038312,0.029521360993385315,1.0372272382955998,"[596197374, 227781415, 342147203, 36042600, 441232341, 543565046, 9720048, 576495810, 598858826, 334192618]","[4, 4, 4, 4, 4, 10, 4, 4, 4, 4]"
20,3,[12],1,0.12958012195304036,0.021964908111840487,3.2397337595466524,"[248237919, 161684376, 495988709, 565144556, 56535161, 336166371, 591258100, 367339701, 29705405, 229777769]","[12, 12, 12, 12, 12, 12, 12, 12, 12, 12]"
21,3,[6],1,0.08056532312184572,0.018197144847363234,1.9941098913550377,"[386500007, 553675511, 151614128, 342086583, 475316064, 432094449, 418459871, 397264316, 400925125, 515335694]","[6, 6, 6, 6, 6, 6, 6, 6, 6, 6]"
22,3,[9],1,0.04986626096069813,0.016290000174194574,1.191906210500747,"[312055544, 274860386, 513690598, 248364019, 379480485, 379878423, 480306832, 437456667, 522756405, 480445124]","[9, 9, 9, 9, 9, 9, 9, 9, 9, 9]"
23,3,[16],1,0.06546182418242097,0.017142418771982193,1.562462056055665,"[393766925, 19968356, 99327655, 596615355, 352440645, 554747697, 304593819, 438096438, 583417332, 526692998]","[16, 16, 16, 16, 16, 16, 16, 16, 16, 16]"
24,3,"[6, 10]",2,0.12202555779367685,0.03181954845786095,1.5169004389317706,"[438347522, 474967492, 524160961, 37716934, 191429128, 166583047, 131316433, 139290262, 392904598, 555671028]","[6, 6, 6, 6, 6, 6, 6, 6, 6, 6]"
25,3,"[6, 7]",2,0.2734506190754473,0.047966635785996914,3.469508559559472,"[275996305, 574080995, 39550384, 422125669, 575850420, 194468745, 345012085, 268603873, 39822135, 476136084]","[6, 6, 6, 6, 6, 6, 6, 6, 6, 6]"
26,3,"[3, 6, 10]",3,0.32952423859387636,0.05788620421662927,3.510340959454576,"[9260592, 53821041, 171602438, 40935707, 439693144, 350535457, 74505530, 75050458, 505470785, 573132214]","[10, 6, 6, 6, 6, 10, 10, 10, 10, 6]"
27,3,[19],1,0.05210019089281559,0.014659816399216652,1.2741980063728988,"[342833232, 239066460, 364949379, 76823179, 464209192, 173230971, 452350578, 192881082, 397827802, 468418082]","[19, 19, 19, 19, 19, 19, 19, 19, 19, 19]"
28,3,[12],1,0.12948834616690874,0.02234574221074581,3.2397337595466524,"[580293607, 436703496, 195995390, 486542584, 410907401, 214907984, 245111306, 61133533, 274739120, 366522616]","[12, 12, 12, 12, 12, 12, 12, 12, 12, 12]"
29,3,"[4, 8, 10]",3,0.14586346643045545,0.04376024566590786,1.1999435191974044,"[176037102, 164759875, 281743200, 220058368, 571201178, 207043861, 344036839, 544604186, 249249826, 185069916]","[8, 8, 8, 8, 8, 8, 8, 8, 8, 8]"
30,3,"[10, 12]",2,0.17103600641712546,0.033892645966261625,2.139712373027578,"[174822083, 574193317, 362893216, 110621841, 297045682, 559740833, 179420810, 171059226, 115420678, 44316711]","[12, 12, 12, 12, 12, 10, 10, 12, 12, 12]"
31,3,"[1, 13, 15]",3,0.3055115775205195,0.05994762107729912,2.5419441723885634,"[154718683, 79169640, 263282819, 381006524, 365713645, 365713646, 115921841, 424881179, 428344569, 406174997]","[1, 1, 1, 1, 15, 15, 13, 1, 15, 1]"
32,3,[8],1,0.06235051387920976,0.016466736793518066,1.5253760810010135,"[94973826, 305101499, 598687402, 266557487, 275034196, 390525573, 138602395, 49713139, 27436766, 483823371]","[8, 8, 8, 8, 8, 8, 8, 8, 8, 8]"
33,3,"[4, 18]",2,0.12352905329316854,0.0338824694044888,1.5280265909386799,"[226643905, 226643912, 559487576, 37286001, 78302557, 300324652, 52810236, 45224550, 394820965, 260683464]","[18, 18, 18, 18, 18, 18, 18, 18, 18, 18]"
34,3,"[9, 12]",2,0.18055691616609693,0.040317477658391,2.2158199850236997,"[338458298, 336062552, 45896088, 522761063, 354553936, 572877895, 94114406, 99665505, 430200580, 52805236]","[12, 12, 9, 9, 9, 9, 9, 9, 9, 12]"
35,3,[11],1,0.11676274798810482,0.022630255203694105,2.8569057434797287,"[46371624, 572946019, 278189217, 573745672, 138432939, 303017606, 115222581, 392510615, 374653008, 9584071]","[11, 11, 11, 11, 11, 11, 11, 11, 11, 11]"
36,3,"[4, 7]",2,0.2350233905017376,0.04467954579740763,2.989835358923301,"[446742083, 310471342, 291262936, 208939125, 214075551, 46011837, 460339859, 408342474, 439961344, 509627286]","[7, 7, 7, 7, 4, 7, 7, 7, 7, 4]"
37,3,"[6, 12, 14]",3,0.2968110227957368,0.06881073722615838,2.4668212016889206,"[403016532, 281872547, 239518483, 320010234, 434260091, 510970601, 322235737, 82778227, 346409730, 403795418]","[12, 6, 12, 12, 12, 12, 12, 14, 12, 6]"
38,3,[8],1,0.06238648109138012,0.015538796316832304,1.5253760810010135,"[171909558, 517198530, 498409469, 188339158, 239972575, 100751935, 205361704, 504100258, 367602114, 389531874]","[8, 8, 8, 8, 8, 8, 8, 8, 8, 8]"
39,3,[15],1,0.18300857627764344,0.028245610650628805,4.643395008519292,"[167139573, 22796377, 353472243, 564356343, 380659614, 325105354, 536810984, 69873730, 311564209, 69814243]","[15, 15, 15, 15, 15, 15, 15, 15, 15, 15]"
40,3,"[6, 7, 15]",3,0.4564433884806931,0.07435684325173497,3.8608040425460786,"[54598498, 593909787, 399174922, 550170954, 316554409, 47863419, 363183345, 527104338, 359317355, 449901876]","[6, 6, 6, 6, 15, 15, 15, 6, 6, 7]"
41,3,"[4, 10]",2,0.08386834757402539,0.027688103262335062,1.0372272382955998,"[198985429, 138965989, 34506581, 377426780, 448875282, 259982882, 24487825, 468192883, 198068590, 476086683]","[4, 10, 4, 10, 4, 10, 10, 10, 4, 4]"
42,3,[1],1,0.047446697019040585,0.014779304154217243,1.1562415396329015,"[521012684, 489342896, 433868714, 16684904, 227461382, 524579792, 141163106, 87635642, 254389701, 48499195]","[1, 1, 1, 1, 1, 1, 1, 1, 1, 1]"
43,3,[16],1,0.06570851430296898,0.014940968714654446,1.562462056055665,"[194928968, 276066170, 229424584, 187616394, 157719374, 493402860, 178580027, 422547137, 345153317, 261971127]","[16, 16, 16, 16, 16, 16, 16, 16, 16, 16]"
44,3,[1],1,0.048076651990413666,0.014065987896174192,1.1562415396329015,"[19804762, 125079188, 544637200, 580321217, 82643689, 19700867, 246109782, 348568156, 511501683, 383442912]","[1, 1, 1, 1, 1, 1, 1, 1, 1, 1]"
45,3,"[4, 10]",2,0.08359180204570293,0.027250981889665127,1.0372272382955998,"[2193316, 134836813, 589152374, 163257263, 398803253, 338972409, 489838239, 408693927, 397930830, 426605900]","[10, 10, 10, 10, 10, 4, 4, 4, 10, 4]"
46,3,"[16, 18]",2,0.14610270038247108,0.030408309306949377,1.7918758739251643,"[321883357, 517409731, 320790454, 253543390, 14436664, 286970084, 88223668, 517409728, 467283941, 492436548]","[16, 16, 16, 16, 16, 16, 16, 16, 16, 16]"
47,3,"[11, 15]",2,0.30159533303231,0.04665648378431797,3.7501503759995103,"[54265130, 507222371, 116982774, 252057638, 322258847, 402571241, 240684525, 561525029, 543252372, 356588498]","[15, 15, 15, 11, 15, 11, 15, 11, 15, 15]"
48,3,"[4, 9]",2,0.09281722223386168,0.029825842939317226,1.1133348502917215,"[349685072, 506863082, 200196231, 555255276, 359471757, 506957619, 506885984, 132735540, 252270696, 574429406]","[4, 4, 9, 9, 9, 9, 4, 9, 9, 4]"
49,3,"[3, 11, 12]",3,0.4534665425308049,0.06897457828745246,4.53128716784219,"[90462928, 128098396, 420025078, 89466144, 561335906, 517376658, 130699648, 212958412, 87380864, 90182390]","[11, 11, 11, 11, 11, 3, 11, 12, 11, 11]"
50,3,"[10, 18]",2,0.12506173364818096,0.03162351530045271,1.5304903391515836,"[272531263, 260063780, 187284049, 90785206, 573791930, 519974609, 166494940, 54391408, 54376108, 132733566]","[18, 18, 18, 18, 18, 18, 18, 18, 10, 18]"
51,3,"[10, 12]",2,0.17066298006102443,0.03505197912454605,2.139712373027578,"[34036621, 27899657, 46612672, 288338597, 273579698, 7880224, 337694949, 254395414, 231315071, 392125423]","[12, 10, 12, 10, 10, 12, 10, 12, 10, 12]"
52,3,[0],1,0.06989605398848653,0.014084997121244669,1.7377481411676854,"[493163657, 115745328, 420836435, 420568680, 159999328, 241568515, 53560322, 366096616, 298246847, 25215631]","[0, 0, 0, 0, 0, 0, 0, 0, 0, 0]"
53,3,"[2, 4, 7]",3,0.3165551186539233,0.05932874046266079,2.6560491590450206,"[31677245, 217559975, 16806341, 450030792, 82187818, 338764605, 72447548, 81695499, 593735775, 298780966]","[4, 2, 7, 4, 4, 7, 7, 4, 2, 7]"
54,3,"[2, 4, 19]",3,0.17586300615221262,0.04657488549128175,1.4324794185813516,"[89654179, 255577225, 185617506, 340513469, 578726940, 97077182, 553969634, 553969615, 97077176, 89385183]","[19, 19, 4, 19, 19, 4, 19, 19, 4, 19]"
55,3,[2],1,0.08150756731629372,0.017109747976064682,1.98847675928846,"[458070540, 513243661, 130382454, 594712541, 175195938, 183829504, 432589461, 194939389, 175800336, 309536584]","[2, 2, 2, 2, 2, 2, 2, 2, 2, 2]"
56,3,[1],1,0.04759399313479662,0.013415873982012272,1.1562415396329015,"[385113286, 315279017, 375332831, 294871918, 76701081, 555713159, 448092594, 237920535, 369433639, 529403480]","[1, 1, 1, 1, 1, 1, 1, 1, 1, 1]"
57,3,"[1, 6]",2,0.12897333689033985,0.03141666483134031,1.5751757154939696,"[76378574, 76484817, 380720916, 509049685, 23656741, 191970143, 190191648, 365085081, 9105535, 118289048]","[1, 1, 1, 1, 1, 1, 1, 1, 1, 1]"
58,3,[18],1,0.08115556603297591,0.01824748096987605,2.0212896917946637,"[41980406, 111790819, 185042547, 185004784, 46002466, 216094193, 381452513, 147021458, 399812406, 53992965]","[18, 18, 18, 18, 18, 18, 18, 18, 18, 18]"
59,3,"[4, 7, 15]",3,0.4179207351990044,0.06652109324932098,3.541021908788631,"[243075382, 396834165, 512336242, 118454427, 160319876, 536945312, 173569021, 74068784, 321999975, 571257961]","[4, 7, 4, 7, 4, 4, 7, 15, 4, 7]"
60,3,[10],1,0.04181742109358311,0.013237696141004562,1.0396909865085036,"[334864192, 36085481, 430666173, 132249408, 285556910, 9331376, 354973368, 482618356, 211888402, 430666169]","[10, 10, 10, 10, 10, 10, 10, 10, 10, 10]"
61,3,[10],1,0.041458026971668005,0.012296123895794153,1.0396909865085036,"[88413698, 152291662, 87177381, 159637364, 30327201, 298353658, 284097329, 120467136, 305976241, 494487482]","[10, 10, 10, 10, 10, 10, 10, 10, 10, 10]"
62,3,[2],1,0.08182907290756702,0.016126990783959627,1.98847675928846,"[241629397, 494241502, 12634834, 233619684, 8827094, 224387811, 456165206, 386719219, 207962499, 490674449]","[2, 2, 2, 2, 2, 2, 2, 2, 2, 2]"
63,3,"[3, 9]",2,0.257231533061713,0.04510226892307401,4.344564105500467,"[384131335, 304945662, 159909174, 550159414, 517067242, 384546828, 589766050, 589048726, 381145795, 537808029]","[3, 3, 3, 3, 3, 3, 9, 3, 3, 3]"
64,3,[1],1,0.047484937123954296,0.013997956179082394,1.1562415396329015,"[217185418, 84066849, 548226198, 19059244, 589417302, 90439601, 263706156, 542243239, 118496477, 179532987]","[1, 1, 1, 1, 1, 1, 1, 1, 1, 1]"
65,3,[18],1,0.08109738910570741,0.019305438734591007,2.0212896917946637,"[381782764, 451087032, 324725963, 198506296, 151633216, 229957763, 434535840, 489553450, 95424701, 66002721]","[18, 18, 18, 18, 18, 18, 18, 18, 18, 18]"
66,3,"[8, 10]",2,0.10390626918524504,0.02804032899439335,1.2825335337547585,"[576003819, 64707598, 374230920, 331064875, 414077422, 459471076, 267358283, 192424454, 224009294, 243360209]","[10, 10, 10, 10, 8, 10, 8, 10, 10, 10]"
67,3,"[9, 10]",2,0.09118617372587323,0.02725168503820896,1.1157985985046253,"[89146024, 564020406, 404410578, 160685693, 101976635, 524727929, 29367947, 271081031, 29213293, 29391359]","[10, 10, 9, 10, 9, 9, 10, 10, 10, 10]"
68,3,[12],1,0.12957657128572464,0.022071243729442358,3.2397337595466524,"[265582474, 143670194, 22282360, 561844575, 248190137, 97780755, 153603521, 440305694, 491097584, 423316495]","[12, 12, 12, 12, 12, 12, 12, 12, 12, 12]"
69,3,[19],1,0.05209961486980319,0.01643944112583995,1.2741980063728988,"[299503718, 547526819, 494503005, 223881798, 40933157, 501034303, 32863356, 276175577, 452879361, 94993425]","[19, 19, 19, 19, 19, 19, 19, 19, 19, 19]"
70,3,"[10, 12]",2,0.1709495410323143,0.03494337294250727,2.139712373027578,"[552822517, 243132285, 14700988, 162408577, 258532458, 481086447, 87187338, 472693134, 279383232, 22166047]","[12, 12, 12, 12, 10, 12, 10, 12, 12, 12]"
71,3,"[4, 9, 10]",3,0.13338705338537693,0.04068125644698739,1.0887868956973155,"[573260542, 333682070, 136021710, 432821244, 546025776, 271834051, 493843594, 477922653, 44392480, 478024384]","[10, 10, 10, 9, 10, 10, 10, 10, 10, 10]"
72,3,"[8, 19]",2,0.11415431974455714,0.03135650511831045,1.3997870436869562,"[446588711, 461876235, 444772633, 554055183, 324629215, 363624009, 376470060, 257401844, 529203276, 132831639]","[19, 19, 19, 19, 19, 8, 19, 19, 19, 19]"
73,3,"[12, 15]",2,0.3142290599644184,0.04520732490345836,3.941564384032972,"[540778935, 241972422, 419519921, 319120328, 569812062, 319494432, 133699417, 225385585, 207428026, 373696886]","[12, 12, 12, 12, 12, 12, 12, 12, 12, 12]"
74,3,"[6, 12, 14]",3,0.29599085729569197,0.06381807243451476,2.4668212016889206,"[265396003, 210976861, 43947376, 341032742, 344750993, 183709613, 72428980, 558944408, 114718829, 58782953]","[6, 6, 6, 6, 6, 6, 6, 6, 12, 6]"
75,3,"[0, 12]",2,0.19887172617018223,0.04075956018641591,2.488740950357169,"[549589445, 155620539, 263452461, 597410261, 271612684, 17100209, 367349867, 31811495, 468348092, 567665902]","[12, 12, 0, 0, 0, 0, 0, 12, 0, 0]"
76,3,"[6, 15]",2,0.26400900492444634,0.04069306422024965,3.318752449937165,"[329213839, 47074484, 574911367, 409696869, 575044943, 251901307, 421951907, 421905981, 331859210, 452727150]","[6, 6, 6, 6, 6, 6, 6, 6, 6, 6]"
77,3,[4],1,0.0421846229583025,0.014641799964010715,1.034763490082696,"[100806695, 492991573, 499569667, 555371788, 288761517, 59728990, 22580755, 29149633, 110999700, 199844193]","[4, 4, 4, 4, 4, 4, 4, 4, 4, 4]"
78,3,"[9, 12, 16]",3,0.24445674987509847,0.05076764104887843,1.9980340087010215,"[256994594, 368786729, 190868400, 268183460, 400632256, 85641173, 272302614, 102844778, 355014684, 425331799]","[16, 16, 9, 16, 16, 16, 16, 16, 16, 16]"
79,3,[8],1,0.06274843588471413,0.015806062147021294,1.5253760810010135,"[547035905, 356719285, 4463986, 574548553, 156198037, 434237666, 431362334, 190418808, 237419536, 145502417]","[8, 8, 8, 8, 8, 8, 8, 8, 8, 8]"
80,3,"[4, 7, 16]",3,0.299915483687073,0.054632553830742836,2.5140442579674223,"[35502141, 307159838, 89952573, 195811642, 192160680, 312845800, 58729868, 367684103, 415792015, 485579401]","[16, 16, 16, 16, 16, 16, 16, 16, 16, 16]"
81,3,[19],1,0.05206201504915953,0.014656359795480967,1.2741980063728988,"[84848979, 55342692, 216612568, 20668750, 582333068, 418881242, 271669109, 567432210, 121812233, 570656850]","[19, 19, 19, 19, 19, 19, 19, 19, 19, 19]"
82,3,[10],1,0.041373034939169884,0.013072960078716278,1.0396909865085036,"[426060089, 201612617, 165409987, 285544667, 426058119, 1753283, 6857360, 558819142, 472224338, 280120899]","[10, 10, 10, 10, 10, 10, 10, 10, 10, 10]"
83,3,"[8, 15]",2,0.2454365622252226,0.04121786588802934,3.0843855447601527,"[304706368, 579712493, 27699303, 520458616, 301807532, 123093567, 415774410, 235716562, 416014811, 251093097]","[8, 8, 8, 8, 8, 8, 8, 15, 8, 8]"
84,3,[4],1,0.04233022266998887,0.013411200605332851,1.034763490082696,"[374495231, 508578037, 303765303, 303777852, 303894170, 303777853, 442539628, 303777856, 443561584, 403869029]","[4, 4, 4, 4, 4, 4, 4, 4, 4, 4]"
85,3,[15],1,0.18955574510619044,0.02342933090403676,4.643395008519292,"[135859681, 487529913, 390082707, 253724408, 242283427, 142041489, 310574017, 162218567, 141018895, 336910204]","[15, 15, 15, 15, 15, 15, 15, 15, 15, 15]"
86,3,"[9, 12]",2,0.17977464105933905,0.038464988581836224,2.2158199850236997,"[590481425, 465696629, 267826711, 303065933, 519676012, 415423834, 288272199, 525553546, 525333814, 100666061]","[12, 9, 9, 9, 12, 12, 12, 9, 12, 9]"
87,3,"[0, 10, 14]",3,0.19797063525766134,0.046648452058434486,1.6480196939470868,"[505650686, 491044044, 220173209, 571636931, 226991267, 498922512, 332663055, 498922511, 127347809, 347402911]","[0, 0, 0, 0, 0, 0, 0, 0, 0, 10]"
88,3,"[4, 7]",2,0.23491523135453463,0.04373602196574211,2.989835358923301,"[272691094, 167407740, 283463728, 254672467, 523517352, 361223017, 51677329, 165066249, 359020492, 530690536]","[4, 7, 7, 4, 4, 4, 7, 4, 4, 4]"
89,3,[0],1,0.0697966618463397,0.014245989732444286,1.7377481411676854,"[388898852, 93028096, 162226153, 112065139, 431801735, 316809578, 96753724, 312077492, 98261118, 330823363]","[0, 0, 0, 0, 0, 0, 0, 0, 0, 0]"
90,3,[6],1,0.08200440229848027,0.017673143185675144,1.9941098913550377,"[383639438, 160144202, 522129904, 482672322, 411802593, 131364422, 411802613, 599542561, 165739048, 441837004]","[6, 6, 6, 6, 6, 6, 6, 6, 6, 6]"
91,3,"[10, 14, 15]",3,0.31266444455832243,0.054990284610539675,2.6165686497309557,"[315106232, 71233195, 15931559, 531063675, 60055223, 587563381, 225392258, 263154245, 83027568, 399941080]","[14, 14, 14, 14, 14, 14, 14, 14, 14, 14]"
92,3,[2],1,0.08145751897245646,0.015732236672192812,1.98847675928846,"[186913484, 186913483, 308965505, 453058695, 96335462, 489583657, 116054388, 391555290, 444394351, 96730893]","[2, 2, 2, 2, 2, 2, 2, 2, 2, 2]"
93,3,"[3, 12, 13]",3,0.40989103075116873,0.07472311891615391,4.187717243020113,"[377891207, 160632588, 160632589, 472766947, 160632606, 477426557, 160632619, 466485235, 18201100, 465442862]","[12, 13, 13, 12, 13, 12, 13, 12, 13, 13]"
94,3,[15],1,0.18297321675345302,0.028165866155177355,4.643395008519292,"[224559782, 59486559, 245470336, 353902440, 267224959, 353517623, 226300732, 72141586, 94152026, 353811955]","[15, 15, 15, 15, 15, 15, 15, 15, 15, 15]"
95,3,"[2, 11]",2,0.1983917225152254,0.037868056911975145,2.4226912513840944,"[544083532, 29468341, 463787733, 8123432, 228112640, 103144279, 196792996, 475908622, 238299490, 274798024]","[2, 11, 2, 11, 11, 2, 2, 11, 2, 11]"
96,3,"[1, 16]",2,0.11256551183760166,0.028111082036048174,1.3593517978442833,"[319468212, 439330040, 26985469, 292698942, 281685147, 410577723, 126624230, 471735934, 429300280, 436706979]","[16, 1, 1, 16, 16, 16, 16, 16, 1, 16]"
97,3,"[1, 15]",2,0.231103980448097,0.040685863234102726,2.8998182740760967,"[115689543, 474323315, 259914297, 390912880, 537760475, 585989401, 214100017, 42978861, 595159903, 202354548]","[15, 15, 1, 1, 15, 15, 1, 1, 1, 1]"
98,3,"[0, 7, 16]",3,0.32688813004642725,0.061260043643414974,2.7483724749957523,"[293850217, 465034186, 436051257, 221883577, 421810546, 161392632, 296967809, 9859358, 385296377, 436051261]","[16, 16, 16, 16, 16, 16, 0, 16, 16, 16]"
99,3,[1],1,0.047537065111100674,0.01335885003209114,1.1562415396329015,"[425207392, 433505913, 277529667, 400813724, 253407975, 302092542, 456915022, 411858689, 519964394, 290312855]","[1, 1, 1, 1, 1, 1, 1, 1, 1, 1]"
100,3,"[16, 18]",2,0.1462227958254516,0.03198985196650028,1.7918758739251643,"[189226163, 402269380, 477677333, 223659315, 231583392, 132459321, 460146893, 455867147, 231761919, 477744659]","[16, 16, 16, 16, 16, 16, 16, 16, 16, 16]"
101,3,"[4, 9, 10]",3,0.13368075154721737,0.04468268249183893,1.0887868956973155,"[451505880, 253814188, 261514809, 307405293, 547765493, 448534146, 397641229, 560850266, 156840648, 236230256]","[9, 4, 9, 9, 4, 4, 10, 10, 9, 9]"
102,3,"[2, 12]",2,0.2108171610161662,0.03876051027327776,2.6141052594175562,"[192006529, 545815969, 321173119, 140382556, 594503539, 466518132, 587927733, 344348550, 371834430, 344215993]","[2, 12, 2, 12, 2, 2, 12, 2, 2, 2]"
103,3,[18],1,0.08090369310230017,0.018061816226691008,2.0212896917946637,"[539756890, 134163922, 317588956, 280183732, 134163928, 447010537, 517535486, 539756918, 442312471, 40081468]","[18, 18, 18, 18, 18, 18, 18, 18, 18, 18]"
104,3,"[12, 16]",2,0.1938685979694128,0.03376854909583926,2.4010979078011587,"[478609168, 75989660, 580163753, 446026929, 565127133, 94075061, 403954187, 359151986, 30766971, 237766370]","[12, 12, 12, 12, 16, 16, 12, 16, 16, 12]"
105,3,"[10, 12]",2,0.17165271192789078,0.03467248985543847,2.139712373027578,"[217785503, 159600953, 579902028, 323935748, 573709832, 28875190, 497452100, 227360900, 377034966, 183296170]","[12, 10, 12, 10, 10, 12, 12, 12, 10, 12]"
106,3,"[10, 15]",2,0.22444186732172966,0.038134300615638494,2.8415429975138977,"[354863233, 596411782, 488736926, 167418361, 497828607, 517538865, 166627376, 474313732, 517615866, 490033426]","[15, 10, 15, 15, 10, 15, 15, 10, 15, 10]"
107,3,"[2, 9, 16]",3,0.19747136812657118,0.04275915306061506,1.5809483419482906,"[247104839, 207582783, 296556041, 391933905, 558808814, 344954979, 67032319, 83845571, 401096114, 31376186]","[2, 16, 2, 16, 16, 9, 16, 16, 2, 16]"
108,3,"[4, 8, 14]",3,0.19274344015866518,0.047921162098646164,1.5755865084162604,"[303715459, 188559814, 137426586, 148849601, 574013841, 404737939, 339102350, 41156802, 130663899, 541668734]","[4, 4, 4, 8, 4, 4, 8, 8, 8, 8]"
109,3,"[3, 12]",2,0.33717070799320936,0.04800868360325694,5.36847788002342,"[339155718, 148334984, 136102942, 478206656, 165469929, 137930305, 85347169, 63179632, 107110404, 452616940]","[3, 3, 3, 3, 3, 3, 3, 3, 12, 3]"
110,3,[19],1,0.05217926390469074,0.01519857021048665,1.2741980063728988,"[385769113, 203104715, 40283770, 154270230, 575804413, 368671839, 535765400, 278682383, 448785531, 545804838]","[19, 19, 19, 19, 19, 19, 19, 19, 19, 19]"
111,3,[2],1,0.08142990292981267,0.015988974831998348,1.98847675928846,"[161416661, 9980046, 563384146, 268291633, 555749580, 385787014, 83072068, 83072044, 294435903, 405546040]","[2, 2, 2, 2, 2, 2, 2, 2, 2, 2]"
112,3,[4],1,0.042008109856396914,0.013844387140125036,1.034763490082696,"[591528875, 33406776, 25131839, 322581294, 109714533, 183483528, 588132377, 532541207, 74877858, 122220727]","[4, 4, 4, 4, 4, 4, 4, 4, 4, 4]"
113,3,"[0, 18]",2,0.15069456305354834,0.03787368908524513,1.8795189164811745,"[449302526, 33285225, 440082159, 44646774, 583638774, 148968466, 446868315, 97507231, 592718172, 88836019]","[0, 0, 0, 0, 0, 18, 0, 18, 0, 0]"
114,3,"[13, 14]",2,0.16110018081963062,0.03583902399986982,1.9964079615892842,"[289481900, 84488124, 401562638, 579413241, 565148243, 490206599, 564977702, 388675614, 431046505, 565148244]","[14, 14, 14, 14, 14, 14, 14, 14, 14, 14]"
115,3,"[6, 12]",2,0.21000237297266722,0.04122608993202448,2.616921825450845,"[512224738, 49959631, 68025475, 44640260, 75037765, 93209870, 323500315, 44688408, 252094346, 75037766]","[6, 6, 6, 6, 6, 6, 12, 6, 12, 12]"
116,3,"[6, 10]",2,0.12205720506608486,0.03337485156953335,1.5169004389317706,"[10791807, 587255650, 72710750, 331590051, 387997237, 219452106, 587239301, 448218257, 119156000, 487457771]","[6, 6, 6, 10, 6, 6, 6, 10, 6, 6]"
117,3,"[1, 14]",2,0.1353717353194952,0.0333147868514061,1.6614307468989864,"[252015351, 107765794, 64921798, 310338841, 428193560, 328472039, 364912556, 102240323, 380796894, 306842771]","[14, 14, 14, 14, 14, 14, 14, 14, 14, 14]"
118,3,[15],1,0.18393990863114595,0.024603640660643578,4.643395008519292,"[221811232, 482814534, 122131117, 161855888, 566660059, 107089852, 5630875, 331163446, 203502555, 461501744]","[15, 15, 15, 15, 15, 15, 15, 15, 15, 15]"
119,3,[8],1,0.06230305694043636,0.01673259399831295,1.5253760810010135,"[555158006, 497606658, 157881196, 7848153, 131148045, 560512106, 125075691, 244236527, 42764338, 447520123]","[8, 8, 8, 8, 8, 8, 8, 8, 8, 8]"
120,3,[16],1,0.06454975577071309,0.015501100104302168,1.562462056055665,"[432278520, 374950273, 61307981, 476045260, 337860279, 193575861, 38610481, 33841849, 520818354, 63300477]","[16, 16, 16, 16, 16, 16, 16, 16, 16, 16]"
121,3,[1],1,0.04749124124646187,0.013483138289302588,1.1562415396329015,"[259071515, 437317368, 44402102, 260956334, 144942406, 302150947, 453704331, 144832277, 49842008, 554918483]","[1, 1, 1, 1, 1, 1, 1, 1, 1, 1]"
122,3,[16],1,0.06464722799137235,0.015728429425507784,1.562462056055665,"[151534257, 516252519, 555103126, 163988011, 554943677, 151362101, 163988086, 474583342, 516068926, 104732148]","[16, 16, 16, 16, 16, 16, 16, 16, 16, 16]"
123,3,"[9, 11, 15]",3,0.3499524029903114,0.06793482834473252,2.897402320833256,"[300487777, 328858424, 40487140, 422689440, 229073607, 40435091, 210955187, 556682288, 568476124, 82405622]","[9, 11, 11, 11, 11, 11, 11, 11, 11, 11]"
124,3,[4],1,0.042250990867614746,0.013614274095743895,1.034763490082696,"[263523991, 4467894, 594049260, 574591562, 146211248, 594381977, 113810210, 313209066, 382662910, 269060591]","[4, 4, 4, 4, 4, 4, 4, 4, 4, 4]"
125,3,[10],1,0.0414336109533906,0.012592445127665997,1.0396909865085036,"[336266842, 366064393, 287778844, 387750845, 17940914, 281015131, 129801298, 380909152, 180161916, 388909154]","[10, 10, 10, 10, 10, 10, 10, 10, 10, 10]"
126,3,"[2, 3]",2,0.28878163918852806,0.041817165445536375,4.742849379894324,"[204061776, 105410561, 553997511, 405371876, 487568800, 292703334, 342987249, 464685324, 85182022, 489335641]","[3, 3, 3, 3, 3, 3, 3, 2, 3, 2]"
127,3,"[10, 15]",2,0.2249360140413046,0.03989293100312352,2.8415429975138977,"[311001270, 20746912, 560340263, 560393293, 20746911, 20746913, 273059429, 311001269, 550733200, 201358112]","[15, 10, 15, 10, 15, 15, 10, 10, 15, 10]"
128,3,"[9, 10]",2,0.09130601491779089,0.02810061816126108,1.1157985985046253,"[290366674, 41302095, 330445947, 143893549, 146982768, 125433616, 361198657, 348773765, 143215502, 452127012]","[10, 10, 10, 10, 10, 10, 10, 10, 10, 10]"
129,3,"[0, 12]",2,0.19952881801873446,0.03984630620107055,2.488740950357169,"[448137091, 448392286, 472945285, 103233960, 112127662, 581710544, 508761575, 73854731, 573135295, 81163651]","[0, 0, 0, 0, 0, 0, 0, 0, 0, 0]"
130,3,[8],1,0.0624323058873415,0.016302640084177256,1.5253760810010135,"[21237069, 485774954, 571425930, 73294531, 492891160, 74450929, 534267918, 78819548, 592798190, 534216887]","[8, 8, 8, 8, 8, 8, 8, 8, 8, 8]"
131,3,"[1, 3, 6]",3,0.3375153187662363,0.05879945633932948,3.5491911438293755,"[144843049, 302492227, 347325080, 271296477, 585427734, 442138457, 254303757, 340872446, 37155294, 99539594]","[1, 3, 3, 6, 1, 6, 6, 6, 3, 3]"
132,3,[8],1,0.062462545931339264,0.017264340072870255,1.5253760810010135,"[467942678, 420150266, 394600789, 407503550, 460645518, 66305844, 466358760, 480058543, 7020747, 193942025]","[8, 8, 8, 8, 8, 8, 8, 8, 8, 8]"
133,3,"[7, 15, 16]",3,0.44220949383452535,0.06540064048022032,3.716921430779621,"[27638381, 587063191, 278367015, 267911998, 210299071, 548699003, 59965538, 99250661, 70726562, 96656617]","[16, 15, 16, 16, 16, 16, 16, 16, 16, 16]"
134,3,"[4, 8, 19]",3,0.1563570541329682,0.04844046011567116,1.2781125258188695,"[135549895, 143589485, 307960537, 4270688, 272760053, 107046204, 64887395, 55406213, 563820449, 385745949]","[4, 4, 4, 4, 4, 4, 4, 8, 4, 4]"
135,3,[15],1,0.18298956891521811,0.027931144926697016,4.643395008519292,"[332916842, 17262987, 585545534, 366376880, 353502752, 570277472, 416254892, 205309529, 569262416, 466439483]","[15, 15, 15, 15, 15, 15, 15, 15, 15, 15]"
136,3,"[9, 19]",2,0.10203003697097301,0.03293235274031758,1.233052108436823,"[115678467, 138660787, 322208855, 103505158, 575231737, 534529739, 549748325, 231814885, 204315853, 585315452]","[9, 9, 9, 9, 19, 9, 9, 9, 9, 19]"
137,3,"[10, 12]",2,0.1725463168695569,0.0347959790378809,2.139712373027578,"[120768413, 567764785, 567693048, 460885708, 574450670, 567700714, 583042124, 18580703, 183749417, 464006014]","[12, 12, 12, 12, 12, 12, 12, 12, 12, 12]"
138,3,[18],1,0.08159147156402469,0.018767740111798048,2.0212896917946637,"[116889780, 315408916, 382484035, 177901450, 478663591, 267907949, 309213842, 357571673, 116892332, 119641932]","[18, 18, 18, 18, 18, 18, 18, 18, 18, 18]"
139,3,"[10, 12]",2,0.17140749655663967,0.03387018200010061,2.139712373027578,"[181851759, 379011445, 558091414, 555205646, 556446121, 555205647, 537076483, 166091208, 356562303, 449291749]","[12, 12, 12, 12, 12, 10, 12, 12, 12, 12]"
140,3,"[6, 12]",2,0.21018630918115377,0.039718145970255136,2.616921825450845,"[582402075, 172668992, 151201873, 535504318, 454047548, 204333902, 542298378, 417872236, 43870016, 314321643]","[6, 6, 6, 6, 6, 6, 6, 6, 6, 6]"
141,3,"[10, 12]",2,0.17097629373893142,0.038029883056879044,2.139712373027578,"[537721664, 301553447, 256343955, 115983765, 413477262, 416729267, 211422803, 574874608, 241895279, 581468752]","[12, 12, 12, 12, 12, 12, 12, 12, 10, 12]"
142,3,[4],1,0.0420844298787415,0.013779044151306152,1.034763490082696,"[371880725, 371828666, 371883663, 195213819, 285267748, 195276034, 401566150, 132094197, 109876089, 144147132]","[4, 4, 4, 4, 4, 4, 4, 4, 4, 4]"
143,3,"[2, 4]",2,0.12418003333732486,0.03172133909538388,1.511620124685578,"[568603293, 438474876, 108137780, 193237893, 324003770, 568595552, 581712249, 369049065, 55729924, 518618910]","[4, 4, 4, 4, 4, 4, 4, 4, 4, 4]"
144,3,[2],1,0.08162619220092893,0.016167087014764547,1.98847675928846,"[311197008, 28542321, 94886358, 470289830, 404809611, 61988430, 200639384, 467036186, 429555236, 491695155]","[2, 2, 2, 2, 2, 2, 2, 2, 2, 2]"
145,3,"[12, 16]",2,0.19514021975919604,0.03735077474266291,2.4010979078011587,"[564334797, 262786726, 570321692, 313084790, 523351586, 35506465, 269483341, 497892071, 138732571, 211370494]","[16, 16, 12, 16, 12, 16, 16, 16, 16, 16]"
146,3,"[1, 2, 3]",3,0.33634251076728106,0.0549626057036221,3.5473134331405163,"[282835417, 576824951, 94479661, 198383382, 469531690, 415237356, 320993321, 557146566, 187314933, 547914671]","[1, 1, 1, 1, 1, 1, 1, 1, 1, 1]"
147,3,"[3, 6, 10]",3,0.33000920061022043,0.05938288290053606,3.510340959454576,"[325077166, 325077150, 95892057, 395590594, 458270749, 258982781, 87742785, 454406652, 296064038, 80319033]","[6, 6, 3, 6, 6, 6, 6, 6, 6, 6]"
148,3,"[3, 15]",2,0.39179587084800005,0.055521488189697266,6.07030850450974,"[71280009, 546455453, 95635881, 400278764, 509200431, 163464817, 163424852, 507441751, 503261427, 510645792]","[3, 3, 3, 3, 3, 3, 3, 3, 3, 3]"
149,3,[10],1,0.04164250800386071,0.01283075101673603,1.0396909865085036,"[541511178, 541511182, 194085273, 43236799, 541511183, 245424510, 194125449, 270684300, 23781916, 250027846]","[10, 10, 10, 10, 10, 10, 10, 10, 10, 10]"
150,3,[19],1,0.052110719960182905,0.0159738059155643,1.2741980063728988,"[132817667, 564097636, 59680335, 37010459, 195097925, 294937515, 318963254, 409419718, 244794993, 85163744]","[19, 19, 19, 19, 19, 19, 19, 19, 19, 19]"
151,3,[16],1,0.0644735312089324,0.016720337327569723,1.562462056055665,"[579272775, 198792342, 119054950, 428817812, 122498423, 348551822, 140935518, 71588031, 343321797, 334775338]","[16, 16, 16, 16, 16, 16, 16, 16, 16, 16]"
152,3,[8],1,0.06200004834681749,0.015897453762590885,1.5253760810010135,"[105570492, 435767109, 599941963, 276670669, 262073926, 559609191, 43820742, 466590980, 313044219, 483285136]","[8, 8, 8, 8, 8, 8, 8, 8, 8, 8]"
153,3,"[4, 9]",2,0.09164797002449632,0.027459237724542618,1.1133348502917215,"[90922693, 580125627, 77621675, 486877138, 25465135, 14364632, 60120932, 13266161, 359574809, 579459104]","[9, 9, 9, 9, 9, 9, 9, 9, 9, 9]"
154,3,[18],1,0.0811657733283937,0.01779567077755928,2.0212896917946637,"[115100181, 356919727, 223545910, 552611349, 228977617, 67552775, 25488434, 85002289, 565728022, 282021675]","[18, 18, 18, 18, 18, 18, 18, 18, 18, 18]"
155,3,[16],1,0.06461705220863223,0.016395248007029295,1.562462056055665,"[227716460, 437534632, 563016460, 595899684, 528585632, 519476207, 401045029, 242093159, 345423960, 181561685]","[16, 16, 16, 16, 16, 16, 16, 16, 16, 16]"
156,3,[1],1,0.047575625125318766,0.01271593477576971,1.1562415396329015,"[561574493, 538941863, 461504633, 2155163, 348526226, 304166265, 446030645, 194953949, 194960142, 215311216]","[1, 1, 1, 1, 1, 1, 1, 1, 1, 1]"
157,3,"[1, 14]",2,0.1336908950470388,0.03015323495492339,1.6614307468989864,"[477806359, 217514137, 523159681, 22404047, 519269859, 340048858, 502238607, 38899035, 186351142, 575206129]","[1, 14, 1, 1, 1, 1, 1, 1, 1, 1]"
158,3,"[3, 7, 9]",3,0.44986018957570195,0.07290208479389548,4.54467847958828,"[98895669, 538157276, 538157278, 214770367, 187802081, 512430086, 595877096, 297563233, 274226586, 20638752]","[7, 3, 3, 7, 7, 7, 7, 7, 7, 3]"
159,3,"[9, 12]",2,0.17964295949786901,0.034347816836088896,2.2158199850236997,"[536122103, 355775384, 55088653, 55032120, 443901149, 318878112, 239898045, 50819161, 423985729, 590821480]","[12, 12, 12, 12, 12, 12, 12, 12, 12, 12]"
160,3,"[0, 9, 10]",3,0.16090702917426825,0.046256129164248705,1.3231151127256453,"[108932684, 339874296, 222750403, 588889555, 75577939, 16998124, 256084857, 594864224, 539182317, 9400555]","[10, 9, 10, 9, 10, 0, 9, 9, 0, 9]"
161,3,"[8, 9]",2,0.11188416508957744,0.0304926298558712,1.3586411457508802,"[44065614, 179348278, 196227061, 43290414, 398670924, 406460569, 364911082, 495915116, 556150387, 207472696]","[8, 8, 8, 9, 8, 8, 8, 8, 8, 8]"
162,3,"[10, 19]",2,0.09350519394502044,0.02809655386954546,1.1569444964407012,"[409133787, 51541569, 389747812, 562714171, 210247910, 106550283, 462645119, 346162315, 246948448, 368257871]","[10, 10, 10, 10, 10, 10, 19, 10, 10, 10]"
163,3,[9],1,0.04955893009901047,0.013835650868713856,1.191906210500747,"[377887185, 86523242, 40695529, 446655610, 593763692, 283805603, 494931706, 105029832, 320493243, 511619287]","[9, 9, 9, 9, 9, 9, 9, 9, 9, 9]"
164,3,[19],1,0.05196387134492397,0.01765451906248927,1.2741980063728988,"[382825464, 382791356, 139798550, 241518463, 139661159, 197122395, 197307204, 172313904, 177822160, 256633614]","[19, 19, 19, 19, 19, 19, 19, 19, 19, 19]"
165,3,[1],1,0.04768912913277745,0.01388073991984129,1.1562415396329015,"[225308057, 236165849, 551637064, 271202674, 343508960, 225294851, 378929497, 414598141, 216633273, 229001909]","[1, 1, 1, 1, 1, 1, 1, 1, 1, 1]"
166,3,"[2, 4]",2,0.12378793535754085,0.033465028274804354,1.511620124685578,"[469502761, 449429478, 408767841, 449228667, 91063653, 87664472, 188483153, 423521800, 436119478, 85401590]","[2, 2, 2, 2, 2, 2, 2, 2, 2, 2]"
167,3,[18],1,0.08089325996115804,0.01875311601907015,2.0212896917946637,"[552398440, 434403792, 284648471, 288278174, 424441183, 282739756, 164197040, 354578788, 404493093, 86834873]","[18, 18, 18, 18, 18, 18, 18, 18, 18, 18]"
168,3,"[6, 18]",2,0.16186597757041454,0.03793256916105747,2.0076997915748507,"[244510764, 397488901, 306509257, 66921421, 133988263, 546401277, 136010040, 119908493, 459311214, 434780604]","[6, 6, 18, 6, 18, 6, 6, 6, 6, 6]"
169,3,[19],1,0.052025311160832644,0.01632036827504635,1.2741980063728988,"[496007121, 125640005, 14409541, 146605441, 375462570, 347580490, 508260488, 15457791, 140065711, 588342549]","[19, 19, 19, 19, 19, 19, 19, 19, 19, 19]"
170,3,"[4, 8, 9]",3,0.1548982309177518,0.04714800603687763,1.2506819271948189,"[419460675, 479731829, 424787647, 464268983, 298811605, 350911126, 351017656, 337207486, 256587053, 538880204]","[8, 9, 4, 8, 9, 8, 8, 8, 8, 8]"
171,3,"[4, 18]",2,0.12346316548064351,0.03142380202189088,1.5280265909386799,"[276967714, 238030946, 574034175, 264597840, 363692378, 243061326, 493302196, 44751046, 114940468, 352412947]","[4, 18, 18, 18, 18, 4, 18, 18, 18, 4]"
172,3,"[9, 10]",2,0.09146358398720622,0.026675298810005188,1.1157985985046253,"[436963377, 41425998, 573923195, 200860855, 432120631, 234428732, 39364833, 353743490, 303611741, 463138820]","[10, 10, 10, 10, 10, 10, 10, 10, 10, 10]"
173,3,"[6, 14, 18]",3,0.2489412515424192,0.05636539589613676,2.060673179104924,"[421516192, 123334203, 334586467, 123334202, 420097424, 396249398, 508078072, 432729141, 357285491, 338106395]","[6, 6, 6, 6, 6, 6, 6, 14, 6, 6]"
174,3,"[7, 15, 18]",3,0.4570291191339493,0.07786111766472459,3.869863976025954,"[66236774, 335251301, 110095053, 171769894, 240563277, 66243966, 346573541, 247553257, 456570413, 459860438]","[18, 7, 7, 7, 18, 18, 7, 7, 7, 7]"
175,3,"[10, 18]",2,0.12249132012948394,0.02939144056290388,1.5304903391515836,"[117436995, 529364040, 493597761, 548840527, 549319923, 405522861, 594085667, 207151906, 549325063, 589583790]","[10, 10, 10, 10, 10, 10, 18, 10, 10, 10]"
176,3,[19],1,0.05194623861461878,0.016025230288505554,1.2741980063728988,"[505163271, 125805490, 564320947, 150867596, 441812457, 343791582, 225892869, 583837932, 323300926, 157309807]","[19, 19, 19, 19, 19, 19, 19, 19, 19, 19]"
177,3,"[6, 7, 18]",3,0.35551790334284306,0.06930558616295457,2.9867689369712025,"[445737795, 583864537, 208676328, 493591620, 502994434, 152121484, 11749472, 548504950, 450062982, 550729755]","[18, 18, 7, 18, 18, 18, 18, 7, 18, 18]"
178,3,"[2, 10, 18]",3,0.20424724044278264,0.04848945513367653,1.683152479197209,"[308670354, 267011792, 592022775, 475784296, 551569304, 323250630, 172532783, 95806496, 579008438, 291520019]","[18, 18, 18, 18, 18, 18, 18, 18, 10, 18]"
179,3,[10],1,0.04132759477943182,0.01399939600378275,1.0396909865085036,"[482513369, 190953394, 218790679, 306209950, 23390111, 482472573, 382878550, 281989583, 288204887, 482472580]","[10, 10, 10, 10, 10, 10, 10, 10, 10, 10]"
180,3,[9],1,0.04959835531190038,0.015313995070755482,1.191906210500747,"[550905159, 246634158, 476949661, 157783429, 222413070, 320641167, 94727527, 417339932, 112656607, 496177957]","[9, 9, 9, 9, 9, 9, 9, 9, 9, 9]"
181,3,"[11, 15, 19]",3,0.35539073310792446,0.06766650779172778,2.9248329194573066,"[460349990, 164775229, 545020148, 450265851, 253605116, 451282112, 489718353, 545301961, 511608339, 59388290]","[11, 11, 11, 19, 11, 11, 11, 11, 11, 11]"
182,3,[18],1,0.08106798119843006,0.01838002586737275,2.0212896917946637,"[254509575, 553072338, 34127478, 269396313, 526098036, 586588591, 451929378, 414627324, 417780244, 570117073]","[18, 18, 18, 18, 18, 18, 18, 18, 18, 18]"
183,3,[16],1,0.06465318100526929,0.01451376685872674,1.562462056055665,"[103572512, 218500680, 69235722, 227639106, 326841520, 23055104, 366728558, 86445881, 353530693, 363464748]","[16, 16, 16, 16, 16, 16, 16, 16, 16, 16]"
184,3,"[8, 11]",2,0.1786759472452104,0.0379846659488976,2.191140912240371,"[202398807, 573977570, 285208869, 49493021, 467778939, 466627293, 49429263, 234142149, 234457884, 466775833]","[11, 11, 11, 11, 8, 11, 11, 11, 11, 8]"
185,3,"[12, 15]",2,0.31323647778481245,0.04920405009761453,3.941564384032972,"[150729893, 48954299, 487167005, 465429198, 146461299, 248530841, 282144585, 236721360, 326395934, 41935314]","[12, 15, 12, 12, 15, 15, 15, 15, 15, 15]"
186,3,"[1, 10]",2,0.0891375239007175,0.025501051917672157,1.0979662630707026,"[250181636, 95901209, 250214702, 188091529, 28348846, 512314806, 330634046, 181101373, 103465531, 270447319]","[1, 1, 1, 1, 1, 1, 10, 10, 1, 1]"
187,3,[10],1,0.04144183499738574,0.013833827804774046,1.0396909865085036,"[199342980, 84693467, 84867293, 365170347, 250757343, 352397999, 122938586, 134842675, 526629069, 376479274]","[10, 10, 10, 10, 10, 10, 10, 10, 10, 10]"
188,3,[10],1,0.04142468282952905,0.013149408157914877,1.0396909865085036,"[334562342, 334598495, 334598493, 168176079, 334501887, 375110893, 116216281, 117751874, 115872543, 168295608]","[10, 10, 10, 10, 10, 10, 10, 10, 10, 10]"
189,3,"[4, 8, 18]",3,0.18550100550055504,0.04954657889902592,1.5271430876261245,"[6355308, 412575020, 194819497, 61692006, 273536667, 285653238, 96633217, 72834924, 177399658, 318463906]","[8, 8, 8, 18, 8, 8, 8, 8, 8, 8]"
190,3,"[6, 14]",2,0.16640180721879005,0.03851346857845783,2.0803649227600545,"[344564768, 191845909, 35045917, 301643958, 344703644, 492702621, 231678489, 578354095, 394112207, 76111270]","[6, 6, 6, 6, 6, 6, 6, 6, 6, 6]"
191,3,"[2, 12]",2,0.21205406356602907,0.04117729002609849,2.6141052594175562,"[171442642, 32631619, 335520897, 501602611, 432581730, 539090239, 546251617, 361241062, 494548963, 352322111]","[2, 2, 2, 2, 2, 12, 2, 2, 2, 2]"
192,3,[11],1,0.11736070271581411,0.02042275620624423,2.8569057434797287,"[318392068, 117568705, 320139952, 549951739, 2916007, 457005169, 66118274, 389366056, 98581984, 289795814]","[11, 11, 11, 11, 11, 11, 11, 11, 11, 11]"
193,3,[6],1,0.08076314767822623,0.016766738146543503,1.9941098913550377,"[538484149, 226255915, 538512593, 260666, 485981084, 153495727, 266275898, 478586406, 300018527, 511293266]","[6, 6, 6, 6, 6, 6, 6, 6, 6, 6]"
194,3,"[3, 13]",2,0.28059417521581054,0.04747508140280843,4.661708984756842,"[313600579, 10172977, 572186396, 548240362, 462480922, 478226485, 470251629, 572678835, 235126155, 11734662]","[13, 3, 3, 3, 3, 3, 3, 3, 3, 3]"
195,3,[4],1,0.0419243648648262,0.014417062979191542,1.034763490082696,"[362343117, 284531044, 340689957, 329153369, 390289754, 143120312, 222551320, 19060061, 585852409, 260877789]","[4, 4, 4, 4, 4, 4, 4, 4, 4, 4]"
196,3,"[6, 7, 10]",3,0.3149442309513688,0.05414273077622056,2.6595693685424826,"[306931078, 405845132, 82312785, 168998111, 120938282, 432681985, 511250089, 327950004, 352312163, 235087676]","[6, 6, 6, 6, 6, 6, 6, 6, 6, 6]"
197,3,[12],1,0.12924770498648286,0.021935882978141308,3.2397337595466524,"[434719975, 472032412, 324237631, 520654767, 442910672, 396281211, 519747256, 520708963, 3086313, 520654769]","[12, 12, 12, 12, 12, 12, 12, 12, 12, 12]"
198,3,[19],1,0.0519429100677371,0.017384150065481663,1.2741980063728988,"[117765081, 373308842, 190182926, 207357695, 150867596, 329067235, 57539513, 144646103, 359502231, 523309804]","[19, 19, 19, 19, 19, 19, 19, 19, 19, 19]"
199,3,"[9, 19]",2,0.10172709031030536,0.030251028016209602,1.233052108436823,"[161356029, 54506849, 44487264, 387032307, 161446401, 6822141, 129685551, 64708726, 132931482, 196552966]","[9, 9, 9, 9, 19, 9, 9, 9, 9, 9]"
200,3,[15],1,0.1831015688367188,0.023822421208024025,4.643395008519292,"[175096196, 260860729, 381846485, 296481143, 100710622, 397088663, 199360428, 175919348, 120517343, 515305740]","[15, 15, 15, 15, 15, 15, 15, 15, 15, 15]"
201,3,"[7, 18]",2,0.2734547480940819,0.04864206211641431,3.483098459779285,"[192395646, 90855074, 37233593, 37233594, 90855069, 90855072, 397185503, 205513516, 171362839, 90855070]","[18, 18, 18, 18, 18, 7, 18, 18, 7, 7]"
202,3,[10],1,0.041586348321288824,0.013510626275092363,1.0396909865085036,"[377330137, 97447570, 30899884, 171581726, 189127591, 243250532, 231977139, 410312031, 377795053, 505238245]","[10, 10, 10, 10, 10, 10, 10, 10, 10, 10]"
203,3,"[10, 12, 18]",3,0.25479766447097063,0.05742469755932689,2.1002381459499397,"[583040551, 557307240, 205637431, 304503096, 135118508, 484396091, 39186597, 370398741, 240826567, 379758349]","[18, 18, 12, 12, 18, 12, 10, 12, 18, 18]"
204,3,"[9, 10]",2,0.09151619207113981,0.03173039620742202,1.1157985985046253,"[575735573, 119116526, 513330716, 358419389, 471134691, 259985874, 151143708, 255555166, 44713919, 258577666]","[9, 10, 9, 9, 9, 9, 9, 9, 10, 10]"
205,3,"[4, 15]",2,0.22530401591211557,0.039219616912305355,2.839079249300994,"[428522198, 545767797, 387913779, 433459483, 21483256, 579460359, 293211389, 61056444, 452129664, 239487890]","[15, 15, 4, 15, 4, 15, 4, 4, 15, 15]"
206,3,[16],1,0.06453625205904245,0.016266895923763514,1.562462056055665,"[190700844, 136395417, 488840874, 481299369, 488773708, 267748222, 263187519, 75870846, 190684424, 304627095]","[16, 16, 16, 16, 16, 16, 16, 16, 16, 16]"
207,3,"[18, 19]",2,0.1332360776141286,0.033246146980673075,1.6477438490837812,"[80352651, 258132591, 599103989, 269933265, 172759973, 279711769, 278797888, 492165791, 157303392, 547297128]","[19, 19, 19, 19, 19, 19, 19, 19, 19, 19]"
208,3,"[9, 10]",2,0.09106095926836133,0.031040151603519917,1.1157985985046253,"[191219637, 561236930, 335134646, 572823003, 274196408, 336144356, 237006714, 150856497, 70000027, 476041303]","[9, 10, 10, 10, 9, 10, 10, 9, 10, 9]"
209,3,[8],1,0.061982735991477966,0.014832488726824522,1.5253760810010135,"[457932028, 424620168, 270001057, 126485989, 494806968, 74788566, 192111966, 411217520, 474884568, 499019896]","[8, 8, 8, 8, 8, 8, 8, 8, 8, 8]"
210,3,"[1, 6]",2,0.12922882521525025,0.031624827068299055,1.5751757154939696,"[282181337, 178507622, 228138065, 250579398, 250574266, 209004159, 15306275, 442590983, 318470684, 283438076]","[6, 6, 6, 6, 1, 1, 6, 6, 6, 6]"
211,3,"[2, 4]",2,0.12318396288901567,0.03386727115139365,1.511620124685578,"[421614196, 421687499, 191842553, 20298494, 238211637, 369160946, 425881387, 201239098, 5867019, 63479802]","[4, 2, 4, 4, 4, 2, 2, 4, 4, 4]"
212,3,"[1, 10]",2,0.08966760663315654,0.027511047199368477,1.0979662630707026,"[427804312, 358787744, 519149511, 291297814, 456252842, 519010642, 543821520, 513653417, 44796746, 519699142]","[10, 10, 10, 10, 10, 10, 10, 10, 10, 10]"
213,3,[18],1,0.08273381274193525,0.01869983598589897,2.0212896917946637,"[204398649, 300328709, 558467379, 544707789, 558590194, 371938691, 206269197, 294209137, 558590247, 95669075]","[18, 18, 18, 18, 18, 18, 18, 18, 18, 18]"
214,3,"[1, 15]",2,0.2308452590368688,0.036658322904258966,2.8998182740760967,"[267139604, 504362065, 314766071, 503767635, 240944350, 587386477, 200675898, 98637538, 346695252, 84617931]","[1, 1, 1, 1, 1, 1, 15, 1, 1, 15]"
215,3,[7],1,0.19326277077198029,0.028217033948749304,4.944907227763906,"[391013241, 538895033, 454800528, 560141064, 200632022, 356110463, 90052707, 349644335, 74798954, 295541949]","[7, 7, 7, 7, 7, 7, 7, 7, 7, 7]"
216,3,"[6, 10, 18]",3,0.20481850765645504,0.04968574969097972,1.6850301898860682,"[545738633, 131520801, 22256055, 209620308, 342089625, 478804827, 412804426, 460533547, 182740574, 504022969]","[6, 10, 6, 6, 6, 6, 10, 6, 6, 6]"
217,3,[4],1,0.0420603659003973,0.014164452906697989,1.034763490082696,"[181530598, 342643440, 283438531, 74957088, 402439230, 87897254, 299742533, 423282609, 121885518, 504243297]","[4, 4, 4, 4, 4, 4, 4, 4, 4, 4]"
218,3,"[4, 7, 15]",3,0.4184256661683321,0.07022642344236374,3.541021908788631,"[280640095, 259608549, 536676136, 212001876, 515146148, 311527520, 465222397, 62118408, 588522823, 137043841]","[15, 15, 7, 4, 15, 4, 7, 15, 15, 7]"
219,3,[6],1,0.08086125971749425,0.019828354008495808,1.9941098913550377,"[8696237, 112356361, 152426640, 371110076, 152569041, 287037603, 18920992, 359534568, 189708846, 558990484]","[6, 6, 6, 6, 6, 6, 6, 6, 6, 6]"
220,3,[18],1,0.08099857298657298,0.0185052752494812,2.0212896917946637,"[215754056, 280571589, 150427883, 513647318, 503339302, 559843314, 360877241, 406213581, 139067753, 318304110]","[18, 18, 18, 18, 18, 18, 18, 18, 18, 18]"
221,3,"[7, 10, 15]",3,0.41718565998598933,0.06425048969686031,3.542664407597234,"[549189925, 138022694, 486320206, 43702799, 433911307, 55619757, 446883112, 429384938, 359949891, 451661731]","[7, 7, 10, 7, 10, 15, 15, 15, 15, 7]"
222,3,"[8, 16]",2,0.12662538886070251,0.03166428254917264,1.5439190685283393,"[75657568, 499399679, 500920022, 530989305, 427708890, 121838834, 75728776, 370266957, 409790152, 337671548]","[8, 16, 8, 16, 8, 8, 8, 8, 16, 16]"
223,3,"[6, 9, 10]",3,0.17337867384776473,0.04720544721931219,1.4085690294547628,"[499165963, 244806872, 39179679, 62184164, 515925033, 387930108, 336165488, 388217715, 23305869, 190090106]","[6, 6, 6, 6, 9, 6, 6, 6, 6, 6]"
224,3,"[10, 15]",2,0.2247187327593565,0.03972393786534667,2.8415429975138977,"[142742184, 365575534, 142742154, 142742176, 301057788, 300763913, 151510096, 176081801, 215296272, 325171190]","[15, 15, 10, 10, 10, 10, 15, 10, 15, 10]"
225,3,"[1, 8]",2,0.10990370623767376,0.03126421710476279,1.3408088103169575,"[500500670, 204872419, 261717024, 448708491, 108034951, 316260945, 308059852, 271403247, 283243693, 208734272]","[1, 1, 1, 1, 1, 1, 1, 1, 1, 1]"
226,3,"[1, 3, 12]",3,0.38408485567197204,0.06376539915800095,3.9643990998932472,"[278009245, 326881909, 200689784, 435322483, 338557570, 278009243, 213097581, 578033863, 277984274, 384325897]","[1, 12, 1, 12, 3, 12, 12, 12, 3, 12]"
227,3,"[4, 10, 18]",3,0.16442550858482718,0.04759424785152078,1.365248056128621,"[70718408, 185309778, 234748239, 169715958, 190064966, 408452482, 449549112, 190011432, 485474420, 1012876]","[10, 10, 10, 10, 10, 10, 18, 10, 10, 10]"
228,3,[10],1,0.041369674261659384,0.01350736292079091,1.0396909865085036,"[461672923, 469749072, 591050149, 6267407, 23439075, 419969441, 443494384, 463037353, 432341206, 23351705]","[10, 10, 10, 10, 10, 10, 10, 10, 10, 10]"
229,3,[15],1,0.18309820862486959,0.02897854195907712,4.643395008519292,"[165110528, 67586582, 99217799, 224393251, 134889273, 210985184, 466738673, 512128119, 594482286, 586084807]","[15, 15, 15, 15, 15, 15, 15, 15, 15, 15]"
230,3,"[7, 9, 10]",3,0.28727008029818535,0.05621486809104681,2.392168141591052,"[474953049, 332889903, 80636957, 3530994, 111052390, 477937311, 59000368, 342339335, 314003587, 193545189]","[10, 9, 7, 10, 10, 9, 7, 10, 10, 9]"
231,3,"[2, 9]",2,0.13125984417274594,0.030871126800775528,1.5901914848946035,"[89991653, 580530365, 168182756, 104853591, 419975735, 428699298, 584630012, 80501965, 579739999, 216926879]","[9, 2, 9, 2, 2, 2, 2, 9, 2, 9]"
232,3,"[3, 13]",2,0.2809143038466573,0.045351358130574226,4.661708984756842,"[98713409, 177909277, 147394442, 91107562, 147394445, 546114314, 214941217, 5025601, 490019212, 299818871]","[3, 13, 13, 13, 13, 13, 13, 3, 13, 13]"
233,3,"[4, 10, 11]",3,0.20056811859831214,0.05768559640273452,1.6437867400236428,"[15599098, 504984856, 277688060, 242431554, 239327738, 396066068, 126373020, 194968599, 212705817, 111084544]","[11, 4, 10, 11, 11, 4, 10, 4, 4, 4]"
234,3,[10],1,0.04136993084102869,0.014145828783512115,1.0396909865085036,"[267320803, 551654143, 187169498, 339779481, 280849327, 13538461, 368431381, 415099480, 136589011, 98550854]","[10, 10, 10, 10, 10, 10, 10, 10, 10, 10]"
235,3,[2],1,0.08130420697852969,0.01759893400594592,1.98847675928846,"[207287074, 581377569, 487295500, 315719430, 581364594, 241399605, 260869230, 76527956, 263214848, 72293122]","[2, 2, 2, 2, 2, 2, 2, 2, 2, 2]"
236,3,[3],1,0.20698392670601606,0.027283461298793554,7.497222000500187,"[413571677, 71337707, 436032610, 300511196, 313587589, 207428566, 337627718, 185208153, 142497557, 91354841]","[3, 3, 3, 3, 3, 3, 3, 3, 3, 3]"
237,3,"[10, 12]",2,0.1707629170268774,0.037663031835108995,2.139712373027578,"[146209864, 207416052, 443569561, 19206867, 192562765, 308277021, 244611117, 199106263, 308914882, 63646436]","[12, 12, 12, 10, 12, 12, 12, 12, 12, 12]"
238,3,"[4, 8]",2,0.10474342620000243,0.031697084195911884,1.2800697855418548,"[111866789, 389621074, 459518741, 258697845, 30828443, 420000791, 241714159, 278139817, 190378584, 466260774]","[4, 4, 4, 4, 4, 4, 4, 4, 4, 4]"
239,3,[19],1,0.05210105516016483,0.01589889358729124,1.2741980063728988,"[576170942, 471806674, 540790931, 576845681, 471806675, 341138726, 497348389, 47270806, 437624085, 593293856]","[19, 19, 19, 19, 19, 19, 19, 19, 19, 19]"
240,3,[2],1,0.0816807197406888,0.017446965910494328,1.98847675928846,"[465379783, 533899989, 570130124, 470519715, 311758170, 592727661, 476286188, 585443139, 384752977, 161715035]","[2, 2, 2, 2, 2, 2, 2, 2, 2, 2]"
241,3,[15],1,0.18286470416933298,0.025088923051953316,4.643395008519292,"[387494349, 418437896, 220021585, 177368619, 278381767, 128269911, 507620541, 237570048, 127861710, 259509399]","[15, 15, 15, 15, 15, 15, 15, 15, 15, 15]"
242,3,[9],1,0.049680755008012056,0.014475334901362658,1.191906210500747,"[761823, 555866732, 299371034, 351830174, 5598323, 89250462, 577712007, 530384155, 404831090, 376247506]","[9, 9, 9, 9, 9, 9, 9, 9, 9, 9]"
243,3,"[10, 18]",2,0.12264901679009199,0.03232121421024203,1.5304903391515836,"[277112741, 412187181, 93936342, 197802243, 312754310, 10632284, 93936350, 412324312, 93936343, 159130502]","[10, 18, 10, 10, 10, 10, 18, 10, 18, 10]"
244,3,"[7, 10, 15]",3,0.4183538891375065,0.06789425434544683,3.542664407597234,"[313444692, 222662854, 142206264, 420042020, 35624740, 538738585, 480611876, 320549545, 150351549, 254591048]","[10, 15, 10, 10, 7, 10, 15, 7, 7, 7]"
245,3,[0],1,0.06941470922902226,0.015990158077329397,1.7377481411676854,"[256759132, 99533321, 256964906, 92583006, 299765828, 184019389, 256556031, 493483566, 572516081, 55115253]","[0, 0, 0, 0, 0, 0, 0, 0, 0, 0]"
246,3,"[1, 10]",2,0.08895659586414695,0.027887303847819567,1.0979662630707026,"[1251765, 224696016, 267429588, 586105672, 350919020, 459914452, 454666523, 93685992, 401097672, 475758851]","[1, 1, 1, 1, 1, 1, 1, 1, 1, 1]"
247,3,"[10, 12]",2,0.17106234095990658,0.03226617397740483,2.139712373027578,"[106514885, 166871090, 403273476, 448625263, 431696917, 500607342, 135020684, 511711649, 15388158, 317662131]","[12, 12, 10, 10, 12, 12, 12, 12, 12, 12]"
248,3,"[1, 15, 18]",3,0.31239305017516017,0.05490673193708062,2.606975413315619,"[417626872, 417719329, 432668821, 515175143, 388113716, 116519538, 466821590, 532062416, 349897224, 32834108]","[18, 15, 18, 18, 1, 1, 15, 18, 18, 18]"
249,3,"[7, 16, 18]",3,0.33997254492715,0.060158567037433386,2.842886325204745,"[349775003, 515826092, 14830073, 277428547, 339887798, 385121512, 81588480, 171432387, 106007664, 163151673]","[16, 18, 16, 16, 16, 16, 18, 16, 16, 16]"
250,3,"[6, 10]",2,0.1227629380300641,0.031073336489498615,1.5169004389317706,"[69230666, 478950957, 336633819, 144197282, 287498137, 555327371, 580140457, 54105543, 66945193, 174806554]","[6, 6, 6, 6, 6, 6, 6, 6, 6, 6]"
251,3,[0],1,0.06936654821038246,0.016213134862482548,1.7377481411676854,"[130600393, 296953335, 550154939, 182597693, 16753632, 472006806, 450547638, 107550758, 67926576, 181223926]","[0, 0, 0, 0, 0, 0, 0, 0, 0, 0]"
252,3,[4],1,0.042084941640496254,0.014753000810742378,1.034763490082696,"[556708913, 142114823, 367074455, 158353305, 565558185, 347110418, 147560058, 429330083, 477208341, 123943242]","[4, 4, 4, 4, 4, 4, 4, 4, 4, 4]"
253,3,[4],1,0.041964173316955566,0.01596711901947856,1.034763490082696,"[302744492, 333148443, 436608571, 393663660, 300917590, 262104474, 119623098, 429844938, 187265929, 264070712]","[4, 4, 4, 4, 4, 4, 4, 4, 4, 4]"
254,3,"[4, 18]",2,0.12372684571892023,0.03515092423185706,1.5280265909386799,"[118146128, 151510097, 266668750, 496864727, 145870661, 516570766, 298409541, 444404537, 314252469, 182038789]","[4, 4, 4, 4, 4, 18, 4, 18, 4, 4]"
255,3,"[12, 15]",2,0.31256252294406295,0.048470284789800644,3.941564384032972,"[292534411, 328159846, 30202463, 131355395, 359212294, 357597443, 298166651, 131350912, 455746047, 71636407]","[12, 12, 12, 12, 12, 12, 12, 12, 12, 12]"
256,3,"[14, 15]",2,0.26913914317265153,0.04483698820695281,3.4050074813421816,"[277913083, 416954526, 258167317, 19114631, 275902250, 500365760, 22375707, 229754875, 313685055, 515852069]","[15, 14, 15, 15, 15, 15, 15, 15, 15, 15]"
257,3,[1],1,0.047614920884370804,0.014110244810581207,1.1562415396329015,"[434153040, 529403482, 120493665, 529403479, 134269616, 529403503, 522449877, 327915963, 152912651, 188758845]","[1, 1, 1, 1, 1, 1, 1, 1, 1, 1]"
258,3,"[6, 7, 14]",3,0.36011443473398685,0.06904808292165399,3.0352123577613384,"[88701253, 490342025, 69535511, 123830971, 134522396, 18282864, 123830953, 591348524, 219917206, 597691292]","[6, 6, 6, 6, 6, 6, 6, 6, 6, 6]"
259,3,[6],1,0.08066996280103922,0.019995938055217266,1.9941098913550377,"[154732199, 154732197, 572262770, 347563760, 288178730, 239702580, 144061373, 288178726, 239702579, 453588215]","[6, 6, 6, 6, 6, 6, 6, 6, 6, 6]"
260,3,"[7, 13]",2,0.266163831576705,0.0444780420511961,3.3855515983887017,"[100286525, 10122994, 135317774, 100286527, 155553047, 155553079, 155883553, 88261564, 200916617, 111113417]","[7, 7, 7, 7, 7, 7, 7, 13, 7, 13]"
261,3,"[9, 10]",2,0.0910184932872653,0.02628668863326311,1.1157985985046253,"[393107460, 23498210, 323452442, 488736437, 596867354, 572694991, 58271153, 452971146, 310778427, 393204439]","[9, 9, 10, 9, 9, 9, 9, 9, 9, 9]"
262,3,"[3, 14]",2,0.2945575388148427,0.051397562958300114,4.831920977332629,"[95720623, 503153203, 53701756, 466037083, 484857871, 175107495, 71433789, 301139874, 484505856, 379825590]","[14, 14, 14, 14, 14, 14, 14, 3, 14, 14]"
263,3,"[2, 4]",2,0.12358457362279296,0.03180911624804139,1.511620124685578,"[347969678, 257069672, 460470154, 159536883, 323216358, 95942392, 330847826, 548691513, 118212561, 124850033]","[4, 4, 4, 4, 2, 2, 2, 4, 2, 2]"
264,3,"[6, 15]",2,0.26363306771963835,0.04605785943567753,3.318752449937165,"[233407006, 435570483, 480249928, 291933944, 322897174, 563613627, 185204568, 484928148, 269699980, 36961042]","[6, 6, 6, 15, 6, 6, 15, 6, 6, 6]"
265,3,[15],1,0.18620225600898266,0.025243163108825684,4.643395008519292,"[527786466, 557678687, 339036093, 35046230, 212736207, 466606474, 265088272, 587582445, 155578623, 469248530]","[15, 15, 15, 15, 15, 15, 15, 15, 15, 15]"
266,3,"[4, 8]",2,0.10467350389808416,0.02880007866770029,1.2800697855418548,"[50386072, 552280843, 329747043, 49049533, 137424482, 27657960, 511570617, 350067893, 175885679, 191456297]","[8, 4, 8, 8, 4, 8, 8, 8, 8, 8]"
267,3,[4],1,0.042104717809706926,0.013604387175291777,1.034763490082696,"[78764858, 371787682, 408203775, 156049288, 111762927, 262088274, 141530784, 371787683, 187389584, 141987363]","[4, 4, 4, 4, 4, 4, 4, 4, 4, 4]"
268,3,[16],1,0.06462815729901195,0.014583495911210775,1.562462056055665,"[74747535, 93361313, 394235956, 171012032, 242572753, 273894787, 471474406, 567164578, 267827370, 90293096]","[16, 16, 16, 16, 16, 16, 16, 16, 16, 16]"
269,3,"[4, 10, 18]",3,0.1657487489283085,0.043369429651647806,1.365248056128621,"[403834415, 39792019, 212352928, 209676733, 39751463, 164593737, 355470976, 267393903, 112690799, 150243399]","[18, 18, 18, 18, 18, 4, 4, 18, 4, 4]"
270,3,"[2, 7]",2,0.27488995576277375,0.04663907689973712,3.466691993526183,"[502140063, 250722537, 405150403, 71652752, 572451043, 291357335, 441571600, 61032687, 364471701, 436688245]","[2, 2, 2, 2, 2, 2, 2, 2, 2, 2]"
271,3,[8],1,0.062286512926220894,0.01523117907345295,1.5253760810010135,"[91195341, 138546516, 566487614, 485591702, 360930416, 411266584, 81687041, 77469376, 60367323, 424990887]","[8, 8, 8, 8, 8, 8, 8, 8, 8, 8]"
272,3,"[13, 15]",2,0.2577626705169678,0.04414776852354407,3.2347954887663946,"[491439662, 509772699, 7131706, 437331133, 436212736, 9981591, 229911210, 314118588, 334709881, 141531942]","[13, 13, 15, 13, 13, 13, 13, 15, 13, 13]"
273,3,"[2, 11]",2,0.19825652427971363,0.048637582920491695,2.4226912513840944,"[64111972, 323016300, 412946388, 38554838, 56080863, 192523111, 63758061, 419973672, 56080895, 546373657]","[11, 11, 11, 11, 11, 11, 11, 11, 11, 11]"
274,3,[1],1,0.04775892198085785,0.013918243814259768,1.1562415396329015,"[26248581, 241734167, 387166986, 336161745, 408259553, 328554913, 31417085, 274727017, 439845467, 340559727]","[1, 1, 1, 1, 1, 1, 1, 1, 1, 1]"
275,3,[4],1,0.04315281938761473,0.01496727392077446,1.034763490082696,"[9783334, 408762294, 495212845, 284531044, 247032399, 437489512, 338284993, 495426882, 62715298, 448893192]","[4, 4, 4, 4, 4, 4, 4, 4, 4, 4]"
276,3,"[0, 1]",2,0.11681279633194208,0.028028810396790504,1.4469948404002935,"[436029570, 329168428, 321753880, 63366943, 525951911, 207872475, 233499756, 371060307, 93308388, 433422438]","[0, 0, 0, 0, 0, 0, 0, 0, 0, 0]"
277,3,"[10, 18]",2,0.12264802632853389,0.03223023796454072,1.5304903391515836,"[31946965, 32028002, 327591504, 31946964, 269001050, 3732107, 41456240, 32028003, 30308465, 28145894]","[18, 18, 18, 18, 18, 18, 18, 18, 18, 18]"
278,3,"[10, 16]",2,0.10619815299287438,0.03381974995136261,1.3010765212820843,"[439466226, 352621923, 352621907, 529409137, 352621916, 20351559, 423643659, 570471915, 331805645, 510207290]","[16, 16, 16, 16, 16, 16, 16, 16, 16, 16]"
279,3,[12],1,0.12924716109409928,0.020781573839485645,3.2397337595466524,"[567262646, 169248418, 426251557, 455673218, 229299783, 332339887, 162829623, 229299782, 418125855, 473109885]","[12, 12, 12, 12, 12, 12, 12, 12, 12, 12]"
280,3,[8],1,0.062137104105204344,0.014981482177972794,1.5253760810010135,"[396548653, 309202531, 234819638, 300725854, 285929706, 540915380, 267221799, 348090363, 230152569, 432588080]","[8, 8, 8, 8, 8, 8, 8, 8, 8, 8]"
281,3,"[4, 18]",2,0.12420972948893905,0.03195733996108174,1.5280265909386799,"[20923670, 69426985, 453014098, 217346705, 540747418, 497906646, 554024593, 145059604, 570856991, 356203445]","[4, 18, 4, 18, 4, 4, 4, 18, 18, 4]"
282,3,"[10, 18]",2,0.12269298546016216,0.03245366271585226,1.5304903391515836,"[237467098, 394836151, 331258768, 570891779, 233516283, 348749289, 432906528, 128599997, 469465863, 107087306]","[18, 18, 18, 18, 18, 18, 18, 18, 10, 18]"
283,3,[9],1,0.04974536411464214,0.01895244512706995,1.191906210500747,"[14160279, 124464333, 18049756, 252664233, 322446158, 317465019, 596311698, 546175938, 160450665, 581347274]","[9, 9, 9, 9, 9, 9, 9, 9, 9, 9]"
284,3,"[3, 14, 16]",3,0.3583638360723853,0.06586166704073548,3.7421013369069747,"[431831254, 155854511, 431831252, 408143314, 408143312, 107602992, 83280226, 406208072, 431831258, 362856087]","[3, 14, 14, 3, 14, 14, 14, 14, 14, 14]"
285,3,"[7, 10, 18]",3,0.31905161077156663,0.05570129584521055,2.668629302022358,"[532143385, 86506156, 422003407, 300201559, 526597483, 560426422, 497943361, 567837333, 229210424, 121146480]","[7, 7, 10, 10, 7, 10, 10, 10, 7, 7]"
286,3,"[9, 10, 18]",3,0.17229236429557204,0.048227372113615274,1.4176289629346381,"[115478596, 276582602, 276458099, 237320852, 501324429, 475940014, 186992543, 265900715, 503664932, 276582619]","[18, 10, 18, 18, 10, 10, 10, 18, 18, 18]"
287,3,"[13, 15]",2,0.25709735695272684,0.0417082030326128,3.2347954887663946,"[112823909, 77084173, 333874711, 591885078, 559222040, 229436305, 452131875, 196272608, 292806210, 452030864]","[15, 15, 15, 15, 15, 15, 15, 15, 15, 13]"
288,3,"[10, 18]",2,0.12411772925406694,0.03229401307180524,1.5304903391515836,"[95079664, 94192487, 6995034, 500337589, 382751863, 54040974, 94218543, 82557147, 274729266, 302296427]","[10, 18, 10, 10, 18, 10, 10, 18, 10, 18]"
289,3,[6],1,0.08162360033020377,0.01821788214147091,1.9941098913550377,"[380973569, 271812242, 477320796, 537280464, 348833724, 154506859, 446038035, 265680106, 565356010, 380973568]","[6, 6, 6, 6, 6, 6, 6, 6, 6, 6]"
290,3,"[2, 18]",2,0.16281663672998548,0.03535690950229764,2.004883225541562,"[388853099, 388767160, 26542497, 74220946, 335026136, 388836128, 196866050, 74220947, 482047181, 435157765]","[2, 2, 18, 18, 18, 2, 18, 18, 2, 18]"
291,3,[18],1,0.08117828518152237,0.01633428828790784,2.0212896917946637,"[55180270, 103121914, 118339017, 262222674, 99301987, 99291397, 236103545, 486978041, 566763224, 99848174]","[18, 18, 18, 18, 18, 18, 18, 18, 18, 18]"
292,3,[18],1,0.08110295701771975,0.020061795134097338,2.0212896917946637,"[318687032, 8127326, 206135421, 24993123, 476017675, 389185006, 543692718, 373880418, 107836378, 311980908]","[18, 18, 18, 18, 18, 18, 18, 18, 18, 18]"
293,3,[15],1,0.18374067591503263,0.02361531602218747,4.643395008519292,"[522144825, 427752155, 516705024, 135433315, 529288445, 66014884, 198395389, 501176436, 14137287, 466767167]","[15, 15, 15, 15, 15, 15, 15, 15, 15, 15]"
294,3,[4],1,0.042331278789788485,0.01600939081981778,1.034763490082696,"[213001197, 465010500, 54140497, 204607525, 578880790, 346102759, 96348791, 193888462, 542136006, 559620586]","[4, 4, 4, 4, 4, 4, 4, 4, 4, 4]"
295,3,[8],1,0.062193616293370724,0.017106356099247932,1.5253760810010135,"[114969831, 115587342, 244816907, 81162601, 491732537, 261569981, 593270778, 99561046, 295186079, 386894806]","[8, 8, 8, 8, 8, 8, 8, 8, 8, 8]"
296,3,"[2, 7, 10]",3,0.31643521459773183,0.056744182016700506,2.6576916578536234,"[221277948, 91376011, 583958907, 471280807, 346710300, 75869336, 469776017, 216141826, 249866452, 173157915]","[2, 2, 2, 7, 2, 2, 2, 7, 2, 2]"
297,3,"[10, 12]",2,0.17085171677172184,0.03688571695238352,2.139712373027578,"[107707630, 349422183, 258577381, 293295108, 3886142, 112748181, 310056089, 85933121, 416647347, 530963308]","[12, 12, 12, 12, 12, 12, 12, 12, 12, 12]"
298,3,"[4, 19]",2,0.0946487202309072,0.03348134784027934,1.1544807482277974,"[259061008, 417630863, 368329676, 201034767, 408986900, 549801869, 511931116, 111647559, 178291269, 16628287]","[19, 19, 19, 4, 19, 19, 19, 19, 19, 19]"
299,3,"[7, 9, 11]",3,0.3598423725925386,0.06579622626304626,2.997906393914794,"[554665763, 462075233, 395364914, 194031210, 557565004, 54696918, 325886578, 191222251, 79279061, 562576935]","[7, 9, 9, 11, 11, 7, 7, 11, 11, 7]"
300,3,"[4, 8]",2,0.1045038397423923,0.032120606396347284,1.2800697855418548,"[5216647, 509310598, 377754002, 212973792, 253702497, 495077904, 214806816, 480882189, 49895144, 442373188]","[8, 8, 8, 8, 8, 8, 8, 8, 8, 8]"
301,3,[6],1,0.08047831431031227,0.018152888864278793,1.9941098913550377,"[497578005, 349264836, 497578006, 81124550, 349264835, 81124549, 81124548, 500290248, 347801903, 145364578]","[6, 6, 6, 6, 6, 6, 6, 6, 6, 6]"
302,3,[9],1,0.04957035509869456,0.014755784068256617,1.191906210500747,"[445623010, 506029373, 429980722, 430081626, 513194856, 286861706, 293035612, 398127814, 270230003, 349471252]","[9, 9, 9, 9, 9, 9, 9, 9, 9, 9]"
303,3,[2],1,0.08158136019483209,0.016413775738328695,1.98847675928846,"[598671264, 509956869, 500365692, 265121756, 352027178, 97553281, 203257239, 44434902, 440711441, 208667523]","[2, 2, 2, 2, 2, 2, 2, 2, 2, 2]"
304,3,"[1, 10]",2,0.08955403883010149,0.02783047268167138,1.0979662630707026,"[255007978, 60443879, 577608766, 514573485, 299531063, 255023888, 581111003, 580928674, 576785035, 23519762]","[10, 10, 10, 1, 10, 10, 10, 10, 10, 10]"
305,3,"[3, 14, 16]",3,0.35861247684806585,0.06450818758457899,3.7421013369069747,"[139267695, 145939144, 5992337, 96066774, 381690692, 145936449, 224293438, 381407749, 304284504, 104133120]","[14, 14, 14, 14, 14, 14, 14, 14, 14, 14]"
306,3,[1],1,0.04876513406634331,0.01385072385892272,1.1562415396329015,"[525591755, 245352853, 477671370, 311773372, 537628334, 467431416, 239218509, 269115772, 547675010, 54178310]","[1, 1, 1, 1, 1, 1, 1, 1, 1, 1]"
307,3,"[2, 6]",2,0.16218530712649226,0.03522862074896693,1.9912933253217489,"[29670877, 75212121, 181121209, 450094956, 319234280, 55398033, 204078119, 79306088, 79418598, 456825237]","[6, 6, 6, 6, 6, 6, 6, 6, 6, 6]"
308,3,"[11, 15]",2,0.30146451760083437,0.045890016946941614,3.7501503759995103,"[437276629, 572946020, 40391899, 219098741, 380825642, 599176839, 328644929, 198727508, 332416979, 153586794]","[11, 15, 11, 15, 15, 15, 11, 15, 15, 15]"
309,3,[14],1,0.08597277291119099,0.023258482106029987,2.1666199541650712,"[250002006, 507623102, 364536939, 283040642, 289056465, 549644117, 56252653, 320349076, 56252656, 62358601]","[14, 14, 14, 14, 14, 14, 14, 14, 14, 14]"
310,3,[12],1,0.1321449358947575,0.019996801856905222,3.2397337595466524,"[340466601, 343078558, 9052792, 397794235, 524707455, 1235958, 397640572, 285345700, 108990028, 586288111]","[12, 12, 12, 12, 12, 12, 12, 12, 12, 12]"
311,3,[9],1,0.05120841087773442,0.015681324992328882,1.191906210500747,"[472898258, 38976580, 38793200, 274007832, 38661789, 59068555, 233421355, 38725191, 468982041, 481010949]","[9, 9, 9, 9, 9, 9, 9, 9, 9, 9]"
312,3,"[0, 2]",2,0.1507512670941651,0.0345638170838356,1.8631124502280727,"[42882853, 522755097, 104879620, 315508756, 134808188, 547013967, 66300891, 31382543, 148963986, 306691597]","[0, 0, 0, 0, 0, 0, 0, 0, 0, 0]"
313,3,[18],1,0.08107889303937554,0.01899772509932518,2.0212896917946637,"[95450006, 18131858, 368361321, 51649025, 242472231, 184956394, 469312614, 5733679, 267401067, 236834601]","[18, 18, 18, 18, 18, 18, 18, 18, 18, 18]"
314,3,[4],1,0.04238129500299692,0.013966820202767849,1.034763490082696,"[457131305, 60335653, 396419128, 396405833, 10567406, 328642351, 77785246, 77785252, 599727782, 333148443]","[4, 4, 4, 4, 4, 4, 4, 4, 4, 4]"
315,3,[6],1,0.0808260920457542,0.01888630073517561,1.9941098913550377,"[121994479, 294990698, 133438173, 9686834, 194219986, 465824620, 474592803, 358078894, 121994492, 592479638]","[6, 6, 6, 6, 6, 6, 6, 6, 6, 6]"
316,3,"[4, 7]",2,0.2352294409647584,0.04517628578469157,2.989835358923301,"[101027280, 110756647, 126808357, 95179376, 94188709, 194450453, 250051484, 320867033, 328548760, 384431566]","[4, 7, 4, 4, 4, 7, 7, 7, 7, 7]"
317,3,"[1, 10]",2,0.08923970116302371,0.026519939303398132,1.0979662630707026,"[58447535, 70318687, 550317659, 572513295, 258863647, 22016492, 10970730, 209411845, 143491125, 22069964]","[10, 1, 10, 10, 10, 10, 1, 10, 1, 10]"
318,3,"[3, 16]",2,0.27503891522064805,0.043265844229608774,4.529842028277926,"[160082892, 575235169, 12570383, 84159298, 575039607, 514049798, 503733855, 575215736, 496374460, 323604396]","[16, 3, 16, 3, 16, 16, 3, 16, 3, 16]"
319,3,"[10, 18]",2,0.12324630003422499,0.03212627023458481,1.5304903391515836,"[404430696, 478209292, 255281848, 124742263, 434579361, 70192081, 31421830, 8267672, 434158740, 265034444]","[10, 10, 10, 10, 10, 10, 10, 10, 10, 10]"
320,3,[16],1,0.06458818819373846,0.01541156368330121,1.562462056055665,"[52618152, 555619238, 232770354, 199290394, 221596449, 43187242, 290253010, 74336512, 343785151, 587835539]","[16, 16, 16, 16, 16, 16, 16, 16, 16, 16]"
321,3,"[2, 18]",2,0.16253541596233845,0.036951986607164145,2.004883225541562,"[443194988, 564137913, 326173960, 587293941, 313045269, 495545030, 500891690, 86663814, 544515426, 305500752]","[2, 2, 2, 18, 2, 18, 18, 18, 18, 2]"
322,3,"[8, 9, 12]",3,0.24179561575874686,0.05013188673183322,1.9856720170161377,"[582146151, 270088517, 201988538, 262195009, 97510527, 71834092, 582163762, 520338230, 348415935, 189287492]","[9, 9, 9, 9, 9, 9, 9, 9, 9, 9]"
323,3,"[2, 9]",2,0.13146785832941532,0.03337967861443758,1.5901914848946035,"[240150965, 443189876, 223674422, 337826098, 266404996, 30630437, 76281, 19748457, 375200764, 582191746]","[9, 9, 9, 9, 9, 9, 9, 9, 9, 9]"
324,3,"[1, 11]",2,0.16544585023075342,0.03691604034975171,2.006573641556315,"[362463911, 173815382, 209912267, 555322445, 209451760, 491333210, 237710955, 134499092, 92052315, 184689749]","[11, 11, 11, 11, 11, 11, 11, 11, 11, 11]"
325,3,"[0, 9]",2,0.11942079337313771,0.03236619895324111,1.4648271758342162,"[376544986, 422034686, 27172278, 369991730, 279344354, 279344348, 342077845, 295894959, 499148572, 61039767]","[0, 9, 0, 9, 0, 0, 0, 0, 0, 9]"
326,3,"[15, 18]",2,0.264986673835665,0.0487760528922081,3.3323423501569778,"[163720348, 178744323, 540420683, 303363349, 203465133, 420048160, 598019073, 586327506, 75062176, 282757273]","[18, 18, 18, 18, 18, 18, 15, 18, 18, 18]"
327,3,"[4, 19]",2,0.0943380119279027,0.03040049597620964,1.1544807482277974,"[38808316, 391326468, 99375541, 261009372, 391785252, 324748583, 582697220, 388988728, 587229183, 564945539]","[19, 4, 19, 19, 19, 19, 19, 4, 19, 19]"
328,3,"[10, 15]",2,0.2261409629136324,0.04356544092297554,2.8415429975138977,"[389698482, 278049718, 529137787, 547669178, 506328360, 159159732, 84501835, 565009514, 564939248, 209786180]","[15, 15, 15, 10, 10, 15, 10, 15, 10, 15]"
329,3,[18],1,0.08126692427322268,0.020219019148498774,2.0212896917946637,"[561552294, 523052135, 125005289, 272524316, 63028551, 168415727, 555325823, 439618392, 570907051, 37514221]","[18, 18, 18, 18, 18, 18, 18, 18, 18, 18]"
330,3,[1],1,0.04783998476341367,0.013967026956379414,1.1562415396329015,"[73456656, 340992822, 161731028, 444706990, 30464257, 21010602, 34874051, 527769665, 331779429, 195826612]","[1, 1, 1, 1, 1, 1, 1, 1, 1, 1]"
331,3,"[2, 12]",2,0.2115356926806271,0.03745671408250928,2.6141052594175562,"[232624377, 33312517, 240079707, 487422558, 84536342, 122995399, 350658106, 140634095, 140634106, 356049878]","[2, 2, 2, 2, 2, 2, 2, 2, 2, 2]"
332,3,"[0, 12]",2,0.20250340504571795,0.03687997721135616,2.488740950357169,"[583971860, 68767785, 102125686, 567957752, 441897356, 67148824, 583901806, 229457197, 51464466, 109399754]","[12, 0, 0, 0, 12, 0, 12, 12, 0, 12]"
333,3,"[1, 14]",2,0.1340263495221734,0.03296290570870042,1.6614307468989864,"[21887721, 21887722, 90982543, 71946271, 405173455, 582192735, 447832480, 507939321, 547793894, 21963044]","[14, 14, 14, 1, 1, 1, 1, 14, 1, 14]"
334,3,[0],1,0.06976486463099718,0.014802007004618645,1.7377481411676854,"[270865632, 228027150, 9440026, 270275797, 228212695, 38711151, 4470411, 318757372, 32955553, 270157052]","[0, 0, 0, 0, 0, 0, 0, 0, 0, 0]"
335,3,"[4, 9, 10]",3,0.13344449317082763,0.042878623120486736,1.0887868956973155,"[411780743, 411780744, 411780742, 1177445, 269439474, 446006994, 224942480, 155196349, 411780745, 143476404]","[4, 9, 4, 9, 9, 10, 10, 9, 9, 10]"
336,3,[19],1,0.051920223981142044,0.018246755003929138,1.2741980063728988,"[37021387, 32247138, 230219770, 37021385, 456505601, 211701126, 145497854, 299963746, 553699472, 538192582]","[19, 19, 19, 19, 19, 19, 19, 19, 19, 19]"
337,3,"[16, 18]",2,0.146938590798527,0.03648615116253495,1.7918758739251643,"[95368777, 203473006, 564303123, 468460632, 277178435, 529337852, 193696745, 584147459, 277377922, 273207161]","[16, 16, 16, 16, 16, 16, 16, 16, 16, 16]"
338,3,"[1, 4, 7]",3,0.2836705525405705,0.05580340651795268,2.3786374191598347,"[356632527, 239813570, 597290452, 135165715, 446170297, 204511269, 284565337, 194266796, 346506431, 155162420]","[4, 7, 4, 1, 4, 7, 4, 4, 4, 1]"
339,3,[12],1,0.13027772912755609,0.020428171381354332,3.2397337595466524,"[320861935, 320707800, 490859056, 172479299, 538813565, 193478910, 533184112, 392701744, 598098150, 490153215]","[12, 12, 12, 12, 12, 12, 12, 12, 12, 12]"
340,3,"[2, 3, 10]",3,0.33054599072784185,0.059940445236861706,3.508463248765717,"[96153935, 407849165, 407849164, 152630950, 118493766, 110051409, 335447982, 80960531, 404683033, 118927289]","[2, 2, 2, 10, 10, 2, 2, 2, 2, 2]"
341,3,[18],1,0.0825636968947947,0.01795654697343707,2.0212896917946637,"[154769397, 14327567, 505277148, 597756374, 362975021, 333711429, 73146961, 155733062, 201779799, 272740960]","[18, 18, 18, 18, 18, 18, 18, 18, 18, 18]"
342,3,[9],1,0.049750711768865585,0.014286164660006762,1.191906210500747,"[544529226, 178126547, 434004728, 364333490, 124219897, 295274232, 546813437, 487292630, 137599263, 80328316]","[9, 9, 9, 9, 9, 9, 9, 9, 9, 9]"
343,3,"[4, 9]",2,0.09192187525331974,0.03110696282237768,1.1133348502917215,"[74599469, 494339092, 121004037, 399238522, 400534035, 453954842, 321927826, 326133376, 168255917, 296418540]","[4, 9, 9, 9, 9, 9, 9, 4, 9, 9]"
344,3,[19],1,0.052309378050267696,0.013952306937426329,1.2741980063728988,"[324570433, 499501922, 14509374, 322419595, 159206067, 201968293, 581916054, 257600161, 178207983, 119106195]","[19, 19, 19, 19, 19, 19, 19, 19, 19, 19]"
345,3,"[4, 10]",2,0.08378632599487901,0.026127167977392673,1.0372272382955998,"[247018026, 411741082, 502463944, 268623661, 401105112, 264515711, 96923747, 38214044, 332811756, 302297961]","[4, 4, 10, 4, 4, 4, 4, 10, 4, 10]"
346,3,"[3, 14]",2,0.29394723288714886,0.04718660702928901,4.831920977332629,"[469885381, 322296349, 345771787, 528473605, 270259749, 242203901, 202729390, 528328358, 528553760, 321245463]","[14, 14, 14, 14, 14, 14, 14, 14, 14, 14]"
347,3,"[10, 11]",2,0.15888250758871436,0.03494873782619834,1.9482983649941161,"[150965396, 408040541, 443720079, 105712961, 141603146, 31356448, 317439346, 131836456, 144030917, 219300585]","[10, 10, 10, 10, 10, 10, 10, 10, 10, 10]"
348,3,"[4, 8]",2,0.10470515443012118,0.028984170872718096,1.2800697855418548,"[480510619, 264874268, 424876607, 313713527, 593463706, 334800092, 449428822, 551281035, 341745243, 360667303]","[4, 8, 8, 4, 4, 4, 8, 8, 8, 8]"
349,3,[12],1,0.12938275141641498,0.02166491188108921,3.2397337595466524,"[205075779, 518082191, 303948200, 515410196, 535525097, 3473498, 505982366, 163597338, 94140642, 50411599]","[12, 12, 12, 12, 12, 12, 12, 12, 12, 12]"
350,3,"[1, 9]",2,0.09796820301562548,0.03021524753421545,1.1740738750668243,"[552557021, 434403656, 212967491, 206104064, 57354181, 506655783, 394576362, 446723605, 496925341, 91815736]","[1, 9, 9, 1, 9, 9, 9, 9, 1, 9]"
351,3,[15],1,0.183719496242702,0.02506831707432866,4.643395008519292,"[302407789, 202543560, 134196766, 555485137, 120913126, 405530788, 382104732, 494846171, 255996842, 586570897]","[15, 15, 15, 15, 15, 15, 15, 15, 15, 15]"
352,3,[9],1,0.049772152211517096,0.015974427107721567,1.191906210500747,"[159288444, 417466966, 56516313, 180175964, 104653458, 156838138, 42263526, 357557057, 387408181, 466434926]","[9, 9, 9, 9, 9, 9, 9, 9, 9, 9]"
353,3,[1],1,0.04765688022598624,0.0131514729000628,1.1562415396329015,"[25674236, 326988573, 372292721, 330083391, 25134399, 576733558, 493906171, 384103588, 64349747, 591849587]","[1, 1, 1, 1, 1, 1, 1, 1, 1, 1]"
354,3,"[15, 16]",2,0.24966335576027632,0.04326857719570398,3.1029285322874784,"[42421737, 233253797, 474393003, 231312021, 233623476, 372044653, 565645539, 433467104, 30060169, 22594512]","[15, 15, 16, 16, 16, 16, 15, 15, 16, 16]"
355,3,"[0, 12]",2,0.19933369802311063,0.03870193613693118,2.488740950357169,"[87021594, 274901251, 396054179, 256915759, 20412225, 20412227, 211761613, 323296596, 402913985, 261382052]","[12, 12, 12, 12, 12, 12, 12, 12, 12, 12]"
356,3,[8],1,0.06262922426685691,0.015093463007360697,1.5253760810010135,"[170590119, 566590608, 535465729, 585089075, 500772338, 2475738, 220715901, 552465458, 181258307, 505272518]","[8, 8, 8, 8, 8, 8, 8, 8, 8, 8]"
357,3,"[1, 3, 15]",3,0.4385934672318399,0.06778197875246406,4.432286182884127,"[145303728, 345072956, 486964958, 596220805, 215582082, 269280226, 226256161, 20289167, 133281158, 546261059]","[3, 1, 3, 15, 1, 1, 1, 3, 3, 3]"
358,3,"[3, 16]",2,0.27205873699858785,0.04408730007708073,4.529842028277926,"[115445650, 528307780, 544200146, 512415721, 587499404, 66503026, 346765951, 191777500, 53513602, 68184965]","[16, 16, 16, 16, 16, 16, 16, 16, 16, 16]"
359,3,"[3, 11, 13]",3,0.40069726202636957,0.06972461240366101,4.060107904331137,"[492808589, 98481624, 299057857, 576887731, 188123443, 85572175, 134952102, 252778166, 574858727, 30469252]","[11, 13, 11, 3, 13, 11, 13, 11, 3, 11]"
360,3,"[10, 18]",2,0.12340096989646554,0.034247422125190496,1.5304903391515836,"[83615098, 560097478, 116130435, 285059303, 82007844, 108729357, 238382316, 130547941, 130547940, 93471630]","[18, 18, 18, 18, 18, 18, 18, 18, 18, 18]"
361,3,"[10, 18]",2,0.12441047793254256,0.03124571545049548,1.5304903391515836,"[596391226, 463781484, 515084687, 436692252, 278141538, 448391032, 539789, 285358626, 365412974, 33657821]","[10, 10, 10, 10, 10, 10, 10, 18, 10, 18]"
362,3,[19],1,0.05237200204282999,0.017319520004093647,1.2741980063728988,"[181186798, 260871767, 337262410, 421965958, 485661198, 366632790, 225971949, 586569143, 496826717, 402789619]","[19, 19, 19, 19, 19, 19, 19, 19, 19, 19]"
363,3,"[4, 19]",2,0.09417302208021283,0.030394481495022774,1.1544807482277974,"[404152756, 135637909, 492797066, 369378202, 392644045, 156966002, 141525826, 198456938, 394211358, 556055042]","[19, 19, 19, 19, 19, 19, 19, 19, 19, 19]"
364,3,[10],1,0.04152015410363674,0.012873103842139244,1.0396909865085036,"[91045656, 204742224, 372753153, 66350734, 146153024, 339210615, 522588484, 436131303, 564093826, 519445877]","[10, 10, 10, 10, 10, 10, 10, 10, 10, 10]"
365,3,[8],1,0.06239571934565902,0.015354008879512548,1.5253760810010135,"[306207211, 197331121, 203175694, 316696373, 313969716, 330572212, 456267931, 438299625, 10900861, 301709126]","[8, 8, 8, 8, 8, 8, 8, 8, 8, 8]"
366,3,[4],1,0.04213743610307574,0.014659798704087734,1.034763490082696,"[547837044, 199669026, 149546661, 246851835, 548118292, 85973605, 217462951, 386168261, 143698188, 412108175]","[4, 4, 4, 4, 4, 4, 4, 4, 4, 4]"
367,3,[18],1,0.08128545293584466,0.021455727983266115,2.0212896917946637,"[592022775, 308670354, 422186634, 323250630, 200648154, 95806496, 172532783, 308295994, 200798961, 323250633]","[18, 18, 18, 18, 18, 18, 18, 18, 18, 18]"
368,3,"[10, 18]",2,0.1229287120513618,0.03230939991772175,1.5304903391515836,"[489056790, 395322761, 121118877, 179716299, 179716297, 187531467, 189125274, 303104865, 208215792, 395180970]","[18, 10, 18, 18, 18, 18, 10, 18, 10, 18]"
369,3,"[4, 9]",2,0.09221781371161342,0.030293905176222324,1.1133348502917215,"[61703972, 61743325, 456804392, 61752470, 148089195, 141600336, 385852294, 61701416, 394788145, 397660759]","[9, 9, 9, 4, 9, 4, 9, 4, 4, 4]"
370,3,"[1, 7, 14]",3,0.3273010537959635,0.05880063399672508,2.755922907187293,"[119927465, 391524362, 41336143, 376230400, 560768780, 368329257, 128950831, 391492335, 41336781, 465661401]","[7, 1, 1, 1, 1, 7, 1, 1, 1, 7]"
371,3,"[6, 15]",2,0.2676370581611991,0.04328310489654541,3.318752449937165,"[347438014, 358566633, 153495727, 530484371, 541941753, 33031887, 360459976, 124305236, 588247534, 468824808]","[6, 6, 6, 6, 6, 6, 6, 6, 6, 6]"
372,3,"[4, 10, 15]",3,0.26879427721723914,0.058113496750593185,2.239283161703497,"[176321989, 26724660, 401719682, 489230763, 462821411, 155680535, 576811218, 51806742, 412255781, 458637425]","[15, 10, 15, 15, 10, 15, 15, 10, 4, 15]"
373,3,"[10, 12]",2,0.1718422695994377,0.034989987034350634,2.139712373027578,"[66945228, 465968946, 300146070, 360026906, 465968945, 164493173, 229418332, 444098041, 164488032, 164493172]","[12, 12, 10, 12, 12, 10, 12, 10, 12, 12]"
374,3,"[10, 18]",2,0.12339220335707068,0.031371189281344414,1.5304903391515836,"[79589330, 79534942, 239266185, 79534940, 188660258, 558861992, 79534945, 33889460, 79589332, 79589340]","[18, 18, 18, 18, 18, 18, 18, 10, 10, 18]"
375,3,"[18, 19]",2,0.1334861279465258,0.034067198634147644,1.6477438490837812,"[134388981, 245501608, 341926663, 19460929, 411893873, 142161118, 273275512, 417593582, 391471009, 151715458]","[18, 19, 18, 18, 19, 18, 19, 18, 19, 19]"
376,3,"[0, 12]",2,0.19866841798648238,0.03531987499445677,2.488740950357169,"[29860004, 224687115, 430108805, 549658907, 363253381, 224687114, 331387184, 44868288, 464372173, 355006663]","[12, 12, 12, 0, 12, 12, 12, 12, 0, 12]"
377,3,"[1, 12]",2,0.17867852002382278,0.03592528495937586,2.197987649589777,"[83860641, 310057238, 36342745, 505853689, 495216563, 100307694, 265575123, 83770436, 581351854, 573054956]","[12, 12, 12, 12, 12, 1, 12, 12, 12, 12]"
378,3,"[9, 19]",2,0.1019155471585691,0.03158498229458928,1.233052108436823,"[300327905, 543287896, 273445499, 342019526, 294973938, 353521206, 353521205, 369165837, 472585693, 542332338]","[19, 9, 19, 19, 9, 9, 19, 9, 19, 19]"
379,3,[0],1,0.0695583070628345,0.016620382200926542,1.7377481411676854,"[12089838, 409308153, 279173090, 200819316, 510955809, 409344194, 18099339, 409553179, 205849980, 297941071]","[0, 0, 0, 0, 0, 0, 0, 0, 0, 0]"
380,3,[16],1,0.06465476891025901,0.01628870004788041,1.562462056055665,"[304497584, 17612596, 40392331, 458293671, 219542869, 489730225, 489018548, 435728385, 411997921, 292070009]","[16, 16, 16, 16, 16, 16, 16, 16, 16, 16]"
381,3,"[8, 15]",2,0.2460949309170246,0.04879416571930051,3.0843855447601527,"[424030314, 227089945, 346197319, 321860061, 279535364, 474407507, 86367605, 285411526, 116966270, 38291544]","[8, 8, 8, 8, 8, 8, 8, 8, 8, 8]"
382,3,"[7, 8]",2,0.255483606364578,0.0451962323859334,3.23514165438246,"[237070538, 250863806, 465859512, 383570211, 570915567, 125834934, 367520154, 241452672, 218013835, 271777426]","[7, 8, 8, 8, 7, 8, 7, 8, 8, 7]"
383,3,"[4, 9]",2,0.0918912859633565,0.02962759742513299,1.1133348502917215,"[428836726, 362624711, 153251771, 529137040, 173223910, 446946485, 374561262, 473620036, 315465772, 437952011]","[4, 4, 9, 9, 4, 4, 4, 9, 4, 4]"
384,3,"[0, 2, 10]",3,0.193257006816566,0.04894248582422733,1.5886386289882164,"[329782683, 116156864, 94138854, 144925963, 115939265, 382332341, 586296893, 276716142, 410430661, 439824435]","[0, 0, 0, 0, 0, 0, 0, 0, 2, 0]"
385,3,"[0, 2]",2,0.15109329810366035,0.032204887829720974,1.8631124502280727,"[153416261, 267733351, 182528717, 153235230, 366128040, 469428921, 101839990, 590517362, 424861807, 162522802]","[0, 0, 0, 0, 0, 0, 0, 0, 0, 0]"
386,3,"[10, 15]",2,0.2251120377331972,0.03815764468163252,2.8415429975138977,"[390481342, 143710637, 487570025, 141191209, 101339458, 331629482, 310509952, 526569700, 506188529, 312655444]","[10, 15, 10, 10, 10, 15, 15, 10, 10, 10]"
387,3,"[0, 12]",2,0.19898602133616805,0.040020821150392294,2.488740950357169,"[518043865, 232349010, 598859102, 365583741, 192108533, 202937140, 271493485, 155960153, 479160814, 257927566]","[0, 0, 0, 0, 0, 0, 0, 0, 0, 0]"
388,3,"[2, 7, 12]",3,0.4044011211954057,0.0690506249666214,3.3910392488663397,"[483114413, 236407296, 195054568, 47736879, 176951052, 300515993, 180470618, 456942255, 443874132, 437918922]","[12, 12, 12, 12, 12, 12, 12, 12, 12, 12]"
389,3,[10],1,0.043118368834257126,0.012307150289416313,1.0396909865085036,"[538601779, 496882961, 377914647, 119245446, 538608985, 121767006, 538608983, 197017447, 485954746, 503161128]","[10, 10, 10, 10, 10, 10, 10, 10, 10, 10]"
390,3,"[0, 10]",2,0.11118978960439563,0.031536852940917015,1.3887195638380945,"[220353823, 589055484, 11924552, 216833046, 7074431, 216763606, 144938751, 11947346, 12059246, 518250435]","[0, 0, 0, 0, 0, 0, 0, 0, 0, 0]"
391,3,[18],1,0.08395995991304517,0.01877664588391781,2.0212896917946637,"[77610982, 91840173, 38397014, 440724473, 102702268, 180900085, 386629208, 6741054, 315503236, 235551706]","[18, 18, 18, 18, 18, 18, 18, 18, 18, 18]"
392,3,"[4, 10]",2,0.08377282368019223,0.029460750054568052,1.0372272382955998,"[25678541, 63560911, 523105272, 150585862, 556048684, 24745301, 63546005, 451052427, 25311983, 236378003]","[10, 10, 10, 10, 10, 10, 10, 10, 10, 10]"
393,3,[1],1,0.0476283049210906,0.014164404943585396,1.1562415396329015,"[500189727, 221315009, 452735068, 161643426, 526113540, 199372791, 199372793, 500239406, 526118203, 120105951]","[1, 1, 1, 1, 1, 1, 1, 1, 1, 1]"
394,3,[8],1,0.0624149851500988,0.015489689074456692,1.5253760810010135,"[536304997, 304811753, 85874049, 379475313, 562827166, 91732236, 428733981, 304545226, 89899767, 553946102]","[8, 8, 8, 8, 8, 8, 8, 8, 8, 8]"
395,3,[18],1,0.08464511530473828,0.018485604785382748,2.0212896917946637,"[206505535, 408097720, 80318860, 8975195, 184007788, 35645259, 183991249, 211297727, 48136618, 293315390]","[18, 18, 18, 18, 18, 18, 18, 18, 18, 18]"
396,3,"[9, 10]",2,0.09115697909146547,0.029001548886299133,1.1157985985046253,"[330674736, 579415807, 289714586, 591959983, 192972135, 215444390, 592052919, 361794036, 6133675, 373616646]","[9, 9, 10, 10, 10, 9, 10, 9, 10, 10]"
397,3,"[10, 12]",2,0.17143772589042783,0.03474339284002781,2.139712373027578,"[145714234, 55169815, 539503050, 94145145, 59835821, 85170985, 438584464, 297268490, 571193531, 562647759]","[12, 12, 12, 12, 12, 12, 12, 12, 12, 12]"
398,3,[19],1,0.053338215220719576,0.015574425924569368,1.2741980063728988,"[178701094, 312892472, 169241695, 203131002, 411693942, 119479044, 144741612, 131983821, 355084342, 566728152]","[19, 19, 19, 19, 19, 19, 19, 19, 19, 19]"
399,3,"[4, 8]",2,0.10450928611680865,0.029063820373266935,1.2800697855418548,"[569775401, 251771382, 121998018, 272889916, 40897021, 280740270, 422282892, 281123654, 273884177, 451592938]","[8, 8, 8, 8, 4, 8, 8, 8, 8, 4]"
400,3,[10],1,0.0413528261706233,0.013739635236561298,1.0396909865085036,"[472712101, 256119635, 131074138, 310805445, 527967879, 436231812, 205923408, 229663079, 374119799, 581880079]","[10, 10, 10, 10, 10, 10, 10, 10, 10, 10]"
401,3,"[6, 16]",2,0.14564137486740947,0.04212687676772475,1.7782859737053514,"[295204706, 124536510, 571863056, 571814085, 246314100, 415120729, 159442566, 412501211, 281126567, 191635082]","[6, 6, 6, 6, 6, 6, 6, 6, 16, 6]"
402,3,"[10, 18]",2,0.12270605657249689,0.031198772601783276,1.5304903391515836,"[298908210, 298794916, 416738091, 597064447, 544244507, 298912298, 298976203, 298794913, 298815754, 508976102]","[10, 10, 10, 10, 10, 10, 10, 10, 10, 10]"
403,3,"[4, 10, 18]",3,0.165113958530128,0.04242547135800123,1.365248056128621,"[261927670, 318808977, 214501488, 174888889, 4778370, 521408726, 596202121, 220261913, 98350042, 152732378]","[10, 4, 10, 10, 18, 10, 18, 4, 10, 10]"
404,3,[16],1,0.06457822537049651,0.015487770084291697,1.562462056055665,"[97886077, 583801759, 473294217, 379341816, 454048482, 454060526, 177085785, 351094633, 563371271, 246830600]","[16, 16, 16, 16, 16, 16, 16, 16, 16, 16]"
405,3,"[10, 11]",2,0.15854443097487092,0.03481702599674463,1.9482983649941161,"[405627185, 484727722, 57846362, 413149586, 19245188, 218422746, 517036859, 419462750, 178560031, 575828864]","[11, 10, 10, 10, 10, 11, 10, 11, 11, 10]"
406,3,"[10, 18]",2,0.1225602007471025,0.03373727900907397,1.5304903391515836,"[150222919, 371593979, 150222911, 351926731, 190314871, 484440631, 150222912, 158620640, 287430052, 254110013]","[10, 18, 18, 18, 18, 18, 18, 18, 10, 18]"
407,3,[4],1,0.042188156861811876,0.016355101019144058,1.034763490082696,"[108058360, 103119539, 5090347, 126781683, 173171432, 142338895, 469461102, 446926760, 205913411, 315840103]","[4, 4, 4, 4, 4, 4, 4, 4, 4, 4]"
408,3,"[7, 10, 14]",3,0.3201845861040056,0.06444504112005234,2.717072722812494,"[543246526, 521940133, 533729561, 77200660, 69224251, 506160660, 275337916, 144637842, 482998963, 318620571]","[14, 7, 7, 10, 7, 7, 7, 7, 7, 7]"
409,3,"[10, 14, 15]",3,0.31086199218407273,0.05450676195323467,2.6165686497309557,"[414719453, 96343823, 168660390, 190577166, 423782118, 445649374, 136595308, 308912251, 163636581, 450300233]","[14, 14, 10, 10, 10, 14, 15, 10, 10, 10]"
410,3,"[3, 13]",2,0.28055410413071513,0.051236254163086414,4.661708984756842,"[517576628, 64814605, 517576629, 517524722, 41558682, 337244320, 193872855, 517576630, 201440502, 154912482]","[13, 13, 13, 13, 13, 13, 13, 13, 13, 3]"
411,3,"[3, 15, 19]",3,0.4447619179263711,0.07901415089145303,4.471605005130793,"[297057802, 10410030, 578682394, 250298433, 67765886, 227011375, 507953064, 179081506, 412501490, 78231110]","[15, 3, 3, 3, 3, 3, 3, 19, 3, 3]"
412,3,[1],1,0.048388308845460415,0.0124060302041471,1.1562415396329015,"[122123242, 56124422, 583483191, 557347182, 32377145, 154005246, 584562653, 1077062, 542098962, 17342547]","[1, 1, 1, 1, 1, 1, 1, 1, 1, 1]"
413,3,"[3, 7, 14]",3,0.4871891154907644,0.07420056546106935,4.869583060809721,"[322710338, 205162234, 224374198, 322710341, 90927391, 320173452, 599318449, 555608178, 150260965, 364518852]","[14, 14, 14, 7, 14, 14, 14, 14, 14, 14]"
414,3,"[11, 15]",2,0.30106416577473283,0.05054022092372179,3.7501503759995103,"[451554459, 373577251, 373577253, 271058268, 588731848, 161564268, 373577247, 356032756, 575516806, 230419634]","[15, 15, 11, 15, 15, 11, 11, 15, 11, 15]"
415,3,"[4, 18]",2,0.12368932599201798,0.03284668270498514,1.5280265909386799,"[222743300, 526875218, 26571077, 51606008, 256299, 229908291, 29950755, 573959948, 187279006, 388904014]","[4, 4, 4, 4, 4, 4, 4, 4, 4, 4]"
416,3,[2],1,0.08159060915932059,0.015595801640301943,1.98847675928846,"[470108319, 187476453, 352144327, 184621484, 410316380, 471364122, 420011298, 590226482, 481673020, 301145101]","[2, 2, 2, 2, 2, 2, 2, 2, 2, 2]"
417,3,[1],1,0.04765224177390337,0.01335649797692895,1.1562415396329015,"[91742405, 372893354, 141160630, 527014441, 335349252, 184214797, 372910013, 372715502, 571732185, 490910889]","[1, 1, 1, 1, 1, 1, 1, 1, 1, 1]"
418,3,[1],1,0.047585905995219946,0.014139699749648571,1.1562415396329015,"[290312855, 116276053, 235542195, 470314327, 589267683, 564320836, 335205476, 544729345, 29510027, 5637958]","[1, 1, 1, 1, 1, 1, 1, 1, 1, 1]"
419,3,[18],1,0.08099611103534698,0.019780809991061687,2.0212896917946637,"[441789470, 293909992, 23954440, 251174153, 257403790, 253484640, 523674958, 441789486, 441789478, 21129678]","[18, 18, 18, 18, 18, 18, 18, 18, 18, 18]"
420,3,"[16, 18]",2,0.1456583677791059,0.03176757553592324,1.7918758739251643,"[355486941, 318333310, 398291135, 285141226, 344404566, 355486940, 444205536, 285141225, 100064731, 134128179]","[18, 16, 16, 18, 18, 18, 18, 18, 18, 18]"
421,3,"[4, 9]",2,0.09192690392956138,0.03228988125920296,1.1133348502917215,"[272994238, 465793811, 346140721, 557086401, 53513120, 248624134, 217202170, 51922869, 290663967, 507281989]","[4, 9, 4, 4, 4, 4, 4, 9, 4, 4]"
422,3,"[0, 8]",2,0.13263675151392817,0.03193490393459797,1.6315621110843495,"[519622179, 221771305, 227396417, 78170859, 227396424, 449199702, 590450624, 332673539, 398689986, 520719918]","[0, 0, 0, 8, 0, 0, 0, 8, 8, 0]"
423,3,"[4, 14]",2,0.1284939837642014,0.03350761253386736,1.6006917221238837,"[311977664, 41331909, 142599350, 177114757, 102007025, 316537661, 247373154, 305851356, 427337179, 247379285]","[4, 4, 14, 14, 14, 14, 14, 14, 14, 14]"
424,3,"[4, 8]",2,0.10598103748634458,0.030692370608448982,1.2800697855418548,"[557878433, 210879324, 51417397, 113899481, 218572965, 220056791, 454824459, 162655892, 278728764, 222990388]","[8, 8, 4, 4, 4, 4, 8, 4, 8, 4]"
425,3,"[2, 6, 12]",3,0.29162563662976027,0.05768760712817311,2.40744013673005,"[69022335, 199616068, 446884236, 142075410, 373960657, 392358263, 523457820, 598807271, 346457589, 189098516]","[6, 6, 6, 6, 6, 2, 6, 6, 6, 6]"
426,3,[2],1,0.08183377794921398,0.016787519212812185,1.98847675928846,"[185679644, 258644311, 369713830, 202801575, 361339920, 236429858, 461860680, 280506815, 256300972, 580867730]","[2, 2, 2, 2, 2, 2, 2, 2, 2, 2]"
427,3,"[0, 12]",2,0.1989337680861354,0.041257819160819054,2.488740950357169,"[37526005, 588402422, 418645657, 593046928, 393734360, 33417771, 567324398, 574932039, 387987088, 470383145]","[0, 12, 0, 12, 0, 12, 12, 12, 12, 12]"
428,3,"[1, 6, 7]",3,0.3213407853618264,0.06220733607187867,2.6984195529172816,"[233810974, 233799325, 230406672, 274424133, 230281270, 230381729, 81629804, 230481869, 300710172, 277836765]","[7, 7, 6, 7, 6, 6, 6, 6, 7, 1]"
429,3,"[10, 12]",2,0.17108886409550905,0.032016119454056025,2.139712373027578,"[418468133, 431002794, 228977595, 288071214, 227073636, 266964121, 348273107, 170991222, 202365462, 456972715]","[12, 12, 12, 12, 12, 12, 12, 12, 12, 12]"
430,3,"[1, 16]",2,0.11246621329337358,0.03129899688065052,1.3593517978442833,"[314175095, 222956702, 212190984, 4437641, 202286739, 140838976, 540336597, 581560069, 544638549, 374021073]","[1, 1, 16, 16, 16, 1, 1, 1, 1, 16]"
431,3,"[0, 9]",2,0.12101078918203712,0.030997461173683405,1.4648271758342162,"[118055614, 385448499, 367743840, 180191463, 163478788, 353868886, 519080082, 552004808, 27643132, 470920514]","[9, 0, 0, 0, 9, 0, 9, 9, 0, 0]"
432,3,"[1, 6]",2,0.1314039146527648,0.030942034907639027,1.5751757154939696,"[206788263, 113432794, 113395491, 51649213, 374727675, 207011379, 210367924, 398082577, 479658484, 191995177]","[6, 6, 6, 6, 6, 6, 6, 6, 6, 6]"
433,3,"[7, 15, 16]",3,0.4405455207452178,0.06621247343719006,3.716921430779621,"[183387762, 434999243, 154979126, 179571608, 172236172, 439390030, 525240675, 437611710, 155772553, 64952817]","[15, 16, 15, 16, 16, 7, 15, 16, 7, 16]"
434,3,"[6, 7, 9]",3,0.32456726487725973,0.062303049489855766,2.710307776539897,"[225652102, 458691173, 565971705, 490241250, 352274841, 312158489, 5649969, 5649968, 429115328, 359674580]","[6, 6, 6, 6, 9, 6, 6, 6, 6, 6]"
435,3,"[4, 19]",2,0.0942761292681098,0.029835664201527834,1.1544807482277974,"[255794082, 302766216, 506850432, 181557532, 159361284, 381165460, 211598789, 94748954, 351850430, 534816421]","[19, 19, 19, 19, 19, 19, 19, 19, 19, 19]"
436,3,"[6, 10]",2,0.12224605772644281,0.03497805120423436,1.5169004389317706,"[20069172, 78858363, 12691829, 140863450, 548304356, 437127887, 508225490, 25388469, 33532261, 336991795]","[6, 6, 6, 6, 10, 10, 6, 6, 6, 6]"
437,3,"[4, 8]",2,0.10432851873338223,0.030874482821673155,1.2800697855418548,"[433340456, 57161118, 26448373, 451497625, 214820705, 322602552, 124949268, 40377756, 95138337, 440025973]","[8, 8, 8, 8, 8, 8, 8, 4, 8, 8]"
438,3,"[4, 9]",2,0.0922573059797287,0.028663082979619503,1.1133348502917215,"[49283079, 456559930, 314820472, 78071073, 301223922, 297436434, 536520740, 371396550, 161050588, 583357022]","[9, 9, 9, 9, 9, 9, 9, 9, 9, 9]"
439,3,[2],1,0.08175387512892485,0.01590479491278529,1.98847675928846,"[470639103, 360036417, 518436832, 542847765, 87730836, 116076904, 310170954, 188731557, 591238378, 100259567]","[2, 2, 2, 2, 2, 2, 2, 2, 2, 2]"
440,3,[16],1,0.06470789108425379,0.015436633955687284,1.562462056055665,"[446034911, 58263293, 326555173, 257020445, 559349650, 202266373, 494942197, 436795706, 136800017, 473763689]","[16, 16, 16, 16, 16, 16, 16, 16, 16, 16]"
441,3,"[7, 15]",2,0.3762185303494334,0.0516386260278523,4.794151118141599,"[589061515, 436198169, 581863400, 221347291, 326909175, 154101191, 135198347, 527871980, 242896703, 588668643]","[7, 7, 7, 7, 7, 7, 7, 15, 7, 7]"
442,3,[18],1,0.08109044842422009,0.018062594812363386,2.0212896917946637,"[283126902, 344263312, 27277348, 507585010, 483500865, 557093516, 125839494, 63723385, 364272230, 595441698]","[18, 18, 18, 18, 18, 18, 18, 18, 18, 18]"
443,3,[4],1,0.042215774301439524,0.015409050043672323,1.034763490082696,"[519701173, 451574719, 447356604, 327049016, 9875326, 575743328, 517876917, 314787772, 246462648, 447370669]","[4, 4, 4, 4, 4, 4, 4, 4, 4, 4]"
444,3,[18],1,0.08107313606888056,0.017668355256319046,2.0212896917946637,"[376707067, 582960674, 578795228, 187776872, 364224531, 427851887, 152457737, 53505544, 456960329, 154160331]","[18, 18, 18, 18, 18, 18, 18, 18, 18, 18]"
445,3,"[9, 10]",2,0.09117186209186912,0.028739819768816233,1.1157985985046253,"[495196780, 436086138, 469014680, 330128090, 162270075, 442489669, 526780422, 446278031, 524971307, 381469699]","[10, 10, 9, 10, 10, 10, 10, 10, 10, 10]"
446,3,[6],1,0.08064913470298052,0.018543045036494732,1.9941098913550377,"[325408754, 385243883, 26490240, 419719519, 583416468, 325457744, 399794579, 22249358, 535952032, 583342522]","[6, 6, 6, 6, 6, 6, 6, 6, 6, 6]"
447,3,"[9, 18]",2,0.13111780397593975,0.03489257954061031,1.6065979511477053,"[99287103, 81855859, 568486625, 299841255, 499122820, 471263154, 177374318, 143253066, 252492197, 254851665]","[18, 18, 18, 18, 18, 18, 18, 18, 18, 18]"
448,3,"[15, 18]",2,0.2642798386514187,0.04446148034185171,3.3323423501569778,"[318536243, 97030774, 461803644, 461433073, 318515758, 461433074, 496460057, 531572768, 38906152, 245436059]","[15, 15, 18, 18, 18, 18, 18, 18, 18, 18]"
449,3,"[10, 13, 18]",3,0.19669606676325202,0.05464241234585643,1.629058882438888,"[447054911, 352040292, 393972249, 267990263, 351982259, 51834142, 351268747, 306591891, 358497620, 456547897]","[18, 10, 18, 18, 18, 18, 18, 18, 18, 18]"
450,3,"[10, 11]",2,0.15850469190627337,0.03442086512222886,1.9482983649941161,"[408884211, 207355559, 25671216, 440986306, 31277728, 113060893, 207533350, 113001490, 342216973, 475883545]","[11, 10, 11, 11, 11, 11, 10, 11, 10, 11]"
451,3,[16],1,0.06475019501522183,0.015542746987193823,1.562462056055665,"[255457970, 11907548, 207976466, 392511486, 12021424, 339898836, 91781316, 103231276, 241396449, 312109283]","[16, 16, 16, 16, 16, 16, 16, 16, 16, 16]"
452,3,"[10, 15]",2,0.2257796311751008,0.037311659660190344,2.8415429975138977,"[275408587, 118267505, 532988921, 193079880, 337381772, 299364175, 155594246, 124097705, 334004200, 536291201]","[15, 15, 15, 15, 15, 15, 15, 15, 10, 15]"
453,3,[9],1,0.050077340099960566,0.01538984989747405,1.191906210500747,"[185142961, 185142962, 494714325, 406129232, 494650794, 446527825, 251943092, 551095445, 593673935, 291534557]","[9, 9, 9, 9, 9, 9, 9, 9, 9, 9]"
454,3,[6],1,0.08111544093117118,0.016386622097343206,1.9941098913550377,"[394840734, 204763087, 349953936, 15101628, 84707877, 418617952, 27236663, 213628432, 346566205, 154405305]","[6, 6, 6, 6, 6, 6, 6, 6, 6, 6]"
455,3,"[3, 15]",2,0.3907381067983806,0.05505691049620509,6.07030850450974,"[13789353, 120696219, 403406346, 549335784, 596655532, 534085640, 39847515, 596578636, 598645519, 369462854]","[15, 15, 15, 15, 15, 15, 15, 15, 15, 15]"
456,3,"[3, 11]",2,0.32391392113640904,0.046562799252569675,5.177063871989958,"[365601969, 457555715, 320656730, 139721258, 577637429, 74228742, 334013790, 457916124, 365633226, 168133418]","[11, 11, 11, 11, 11, 11, 11, 11, 11, 11]"
457,3,"[6, 15]",2,0.2635142379440367,0.04816405335441232,3.318752449937165,"[162471685, 136874010, 231705738, 524464579, 571179873, 113888790, 119861582, 186491860, 463699260, 106311894]","[6, 6, 6, 6, 6, 6, 6, 6, 6, 6]"
458,3,[6],1,0.08092737616971135,0.019449928775429726,1.9941098913550377,"[187787262, 166420139, 215726149, 212547914, 191295996, 115563401, 274449131, 517111948, 378081030, 420588990]","[6, 6, 6, 6, 6, 6, 6, 6, 6, 6]"
459,3,"[4, 7, 10]",3,0.276738990098238,0.05469386978074908,2.3397872347850353,"[483178869, 315889861, 315914143, 489818873, 272080642, 151472558, 226086068, 315949387, 35411718, 560910136]","[7, 10, 10, 7, 10, 7, 7, 10, 7, 10]"
460,3,[8],1,0.062222442124038935,0.016037819907069206,1.5253760810010135,"[479292604, 301933640, 535548284, 301902290, 318613265, 175490625, 161639518, 466535407, 482889741, 417578861]","[8, 8, 8, 8, 8, 8, 8, 8, 8, 8]"
461,3,"[1, 10]",2,0.08892599772661924,0.026510339230298996,1.0979662630707026,"[400235162, 332873320, 129177492, 270544705, 594292472, 234273248, 317781559, 41028519, 594326342, 178658508]","[1, 10, 10, 10, 10, 1, 10, 10, 1, 10]"
462,3,"[3, 15, 18]",3,0.4727470246143639,0.0737469969317317,4.720635566938047,"[383637803, 231054295, 144569808, 202755365, 53678820, 232274035, 198954823, 185811491, 220204330, 413886969]","[3, 3, 15, 3, 15, 18, 3, 3, 18, 15]"
463,3,[8],1,0.06238721031695604,0.015124376863241196,1.5253760810010135,"[40280342, 81705327, 363770131, 484265681, 14113010, 434870727, 541770102, 432930589, 592003099, 260127737]","[8, 8, 8, 8, 8, 8, 8, 8, 8, 8]"
464,3,"[10, 15]",2,0.22545739077031612,0.03793735895305872,2.8415429975138977,"[302910979, 292312148, 435412727, 81024549, 507575881, 285794450, 285616290, 507678586, 501834736, 285539307]","[15, 15, 15, 15, 15, 15, 15, 15, 10, 15]"
465,3,"[1, 10, 12]",3,0.2194974021986127,0.05072012776508927,1.811888761896019,"[176468700, 213315000, 346243434, 235771350, 148498246, 41816450, 66036315, 93467718, 360689364, 492897766]","[1, 1, 1, 1, 1, 1, 1, 12, 1, 1]"
466,3,"[4, 6]",2,0.12401528283953667,0.0330035793595016,1.5144366907188669,"[352042136, 130287596, 374165375, 213506514, 498112273, 320267901, 423594621, 409177016, 519836244, 175580031]","[4, 6, 6, 4, 6, 6, 6, 6, 6, 6]"
467,3,"[10, 18]",2,0.12289211107417941,0.03090539574623108,1.5304903391515836,"[323627120, 18091477, 341299244, 306436514, 54728018, 204994945, 18084019, 474432847, 365102335, 511187086]","[10, 10, 10, 10, 10, 10, 10, 10, 10, 10]"
468,3,"[7, 10]",2,0.23531288607046008,0.04143100371584296,2.992299107136205,"[19581558, 173936900, 245099407, 351774844, 513831419, 385517083, 371157335, 523032932, 274563623, 427740796]","[10, 10, 10, 10, 10, 10, 10, 7, 10, 10]"
469,3,"[3, 10]",2,0.24976404383778572,0.04125308431684971,4.268456493504345,"[355252855, 443649785, 455541052, 62527222, 450324266, 443485022, 469543999, 409637139, 398551934, 44853424]","[10, 3, 3, 3, 3, 3, 3, 3, 3, 3]"
470,3,"[1, 9]",2,0.09783220803365111,0.030521873850375414,1.1740738750668243,"[532997059, 176000049, 416502861, 417180042, 81115506, 273980664, 178865239, 572770910, 503028256, 18778545]","[1, 9, 1, 9, 9, 9, 9, 9, 1, 9]"
471,3,"[8, 19]",2,0.1143677900545299,0.03332620579749346,1.3997870436869562,"[139111471, 306886796, 229777518, 63994882, 251805477, 53812755, 138900231, 455625206, 220252179, 283872124]","[19, 8, 8, 8, 19, 8, 8, 8, 8, 19]"
472,3,[10],1,0.041500797029584646,0.012548527214676142,1.0396909865085036,"[464201156, 493687953, 99275646, 223346411, 250763915, 357588963, 297833110, 233508947, 591774573, 56675729]","[10, 10, 10, 10, 10, 10, 10, 10, 10, 10]"
473,3,[12],1,0.12969978479668498,0.019621258135885,3.2397337595466524,"[112947996, 246119311, 99877266, 365812706, 332730644, 104530316, 347892926, 276497222, 302299097, 571956600]","[12, 12, 12, 12, 12, 12, 12, 12, 12, 12]"
474,3,"[0, 9, 12]",3,0.24996132543310523,0.05568478535860777,2.0564627037383616,"[419399602, 419549737, 419425382, 357702048, 111279463, 267500020, 331809858, 305610631, 531818045, 351804448]","[0, 0, 0, 0, 0, 0, 0, 0, 0, 0]"
475,3,"[7, 15]",2,0.37668295530602336,0.057389015797525644,4.794151118141599,"[430031948, 514890560, 174438848, 562498391, 142104170, 378670932, 260892374, 179698011, 203782156, 173970011]","[15, 15, 15, 7, 7, 15, 15, 7, 15, 15]"
476,3,"[10, 13, 15]",3,0.29949092073366046,0.05957299377769232,2.5030939880137644,"[101179090, 101303614, 593885909, 101275642, 219048394, 52588656, 58450946, 172334369, 319053680, 68105347]","[10, 10, 10, 13, 10, 10, 10, 13, 13, 10]"
477,3,[18],1,0.08127016201615334,0.019761930219829082,2.0212896917946637,"[515987773, 134023122, 134045765, 402584518, 277369238, 461713186, 342526040, 391252430, 1252446, 519829800]","[18, 18, 18, 18, 18, 18, 18, 18, 18, 18]"
478,3,"[0, 10, 11]",3,0.22849334124475718,0.052872742991894484,1.8781149570519726,"[278583544, 65943481, 265290220, 17011777, 151677497, 185132949, 445720643, 326110723, 17103338, 446078741]","[11, 10, 10, 0, 0, 10, 11, 0, 0, 11]"
479,3,"[4, 8]",2,0.1043490981683135,0.03062622668221593,1.2800697855418548,"[298702158, 594147739, 472968727, 297030204, 214642820, 219194969, 711325, 487549793, 547702197, 126991585]","[8, 8, 8, 8, 8, 8, 8, 8, 8, 4]"
480,3,[10],1,0.04153545293956995,0.012787728104740381,1.0396909865085036,"[76437166, 148730856, 289687404, 31389939, 54371157, 399769744, 76421893, 583403024, 59100085, 76434255]","[10, 10, 10, 10, 10, 10, 10, 10, 10, 10]"
481,3,"[7, 10]",2,0.2348471567966044,0.041724925860762596,2.992299107136205,"[313386754, 341732680, 393366560, 313233339, 134682753, 264534411, 59130015, 156965790, 121371235, 316740755]","[10, 10, 10, 10, 10, 10, 10, 10, 10, 10]"
482,3,[12],1,0.12981009017676115,0.021333423908799887,3.2397337595466524,"[512525686, 185414817, 442983950, 486542584, 144635416, 412352454, 412533088, 278271929, 270942898, 215904612]","[12, 12, 12, 12, 12, 12, 12, 12, 12, 12]"
483,3,"[7, 16]",2,0.257923596072942,0.045535563956946135,3.2536846419097856,"[489828717, 310848652, 39414752, 489772051, 489812532, 166713165, 489585111, 489812529, 489585110, 489812530]","[16, 16, 16, 16, 16, 16, 16, 16, 16, 16]"
484,3,"[10, 12]",2,0.17109757335856557,0.033636477775871754,2.139712373027578,"[18606957, 454531142, 297497815, 104332912, 193436670, 86389394, 379833395, 27434076, 77895589, 404521195]","[10, 10, 10, 10, 10, 10, 10, 10, 10, 10]"
485,3,"[2, 4, 19]",3,0.17651849146932364,0.0477193146944046,1.4324794185813516,"[200634062, 21333472, 127095969, 338204614, 47062145, 292852348, 396463848, 2360277, 170606102, 313575331]","[19, 2, 19, 19, 19, 19, 2, 19, 19, 19]"
486,3,"[1, 10]",2,0.09109147964045405,0.025861280504614115,1.0979662630707026,"[56701149, 39076161, 568055858, 263768564, 58447535, 391336856, 417800668, 56763086, 171637616, 56720614]","[1, 1, 1, 1, 10, 10, 1, 1, 1, 1]"
487,3,"[1, 13, 15]",3,0.30586989084258676,0.05851676408201456,2.5419441723885634,"[542594313, 19261898, 537114744, 372724792, 191488537, 138110852, 305324172, 140012971, 404060066, 66332971]","[13, 1, 15, 13, 13, 13, 15, 13, 15, 15]"
488,3,"[1, 3]",2,0.2573779318481684,0.038271664176136255,4.326731770066544,"[399005212, 87256967, 87256965, 116827493, 202144811, 6340035, 78982428, 12995121, 586727256, 255761134]","[1, 1, 1, 1, 1, 1, 1, 1, 1, 1]"
489,3,[2],1,0.08183442102745175,0.01792339514940977,1.98847675928846,"[244730630, 583962548, 422582951, 591290990, 311550525, 190397391, 205670594, 3671082, 520987336, 395580749]","[2, 2, 2, 2, 2, 2, 2, 2, 2, 2]"
490,3,[1],1,0.04796386091038585,0.013112241867929697,1.1562415396329015,"[147860004, 549774917, 279548621, 82761773, 283966976, 253136900, 44292805, 409233162, 484392645, 439160149]","[1, 1, 1, 1, 1, 1, 1, 1, 1, 1]"
491,3,[9],1,0.04982934007421136,0.018340133130550385,1.191906210500747,"[268678452, 453487855, 440347452, 403625282, 2456965, 354402042, 550281212, 81435176, 490443456, 536225976]","[9, 9, 9, 9, 9, 9, 9, 9, 9, 9]"
492,3,"[4, 7, 8]",3,0.2980012851767242,0.05604424327611923,2.5016822662825384,"[160760036, 174221182, 24335764, 393169956, 18314610, 28528015, 55836635, 345243402, 192390787, 93996331]","[8, 8, 8, 8, 8, 8, 8, 8, 8, 8]"
493,3,"[7, 15]",2,0.3765314049087465,0.05231658089905977,4.794151118141599,"[47288857, 277272628, 420501350, 402856706, 350020328, 79991391, 277766670, 151806371, 68940733, 400869449]","[15, 15, 15, 15, 15, 15, 7, 15, 15, 15]"
494,3,"[0, 12]",2,0.1989398868754506,0.03648177022114396,2.488740950357169,"[405705380, 205539569, 233429029, 526541966, 186295331, 186246386, 155115209, 428119303, 382854843, 301760601]","[12, 12, 12, 12, 12, 12, 12, 12, 12, 12]"
495,3,"[6, 12]",2,0.2102134977467358,0.036631434224545956,2.616921825450845,"[25871553, 86639618, 103452026, 9606063, 37237949, 293467789, 196184832, 371519373, 275562567, 103473813]","[6, 6, 6, 6, 6, 6, 6, 6, 6, 6]"
496,3,[10],1,0.041849405970424414,0.0140361487865448,1.0396909865085036,"[236259714, 571862111, 34682763, 229252425, 135594955, 446634837, 291748984, 223787483, 294138131, 238303764]","[10, 10, 10, 10, 10, 10, 10, 10, 10, 10]"
497,3,[19],1,0.05226666061207652,0.01794489985331893,1.2741980063728988,"[299386406, 319058044, 494534355, 364834223, 364842068, 437804398, 308900473, 591029583, 50443737, 41614889]","[19, 19, 19, 19, 19, 19, 19, 19, 19, 19]"
498,3,"[10, 18]",2,0.12300948891788721,0.03455254575237632,1.5304903391515836,"[276146023, 576706550, 578940775, 311036971, 576706551, 35003847, 18787922, 579237344, 570847380, 579237342]","[10, 10, 10, 18, 10, 10, 10, 10, 10, 10]"
499,3,[19],1,0.0526309828273952,0.015346458181738853,1.2741980063728988,"[591551392, 131956001, 467193386, 391865967, 123524978, 313563880, 200658135, 124019936, 457602712, 28805091]","[19, 19, 19, 19, 19, 19, 19, 19, 19, 19]"
500,3,[0],1,0.06954227900132537,0.016908448189496994,1.7377481411676854,"[425777109, 236293030, 479933293, 549363883, 425745683, 425845956, 577488482, 425845955, 540793091, 486638147]","[0, 0, 0, 0, 0, 0, 0, 0, 0, 0]"
501,3,[12],1,0.12938935309648514,0.025350079871714115,3.2397337595466524,"[506606551, 29636583, 317604999, 584524121, 22593284, 240298873, 199862179, 62864624, 200570415, 164293397]","[12, 12, 12, 12, 12, 12, 12, 12, 12, 12]"
502,3,"[1, 9, 18]",3,0.17935271048918366,0.046065614093095064,1.4564791473094374,"[538523683, 559537613, 407800112, 375595151, 229394936, 238057012, 192814861, 430651696, 236834153, 564611747]","[1, 18, 9, 1, 1, 1, 1, 1, 1, 1]"
503,3,[10],1,0.041486748959869146,0.012247854843735695,1.0396909865085036,"[66775892, 67675597, 145991549, 336506009, 122988501, 277869308, 346161102, 381972781, 307481867, 506517980]","[10, 10, 10, 10, 10, 10, 10, 10, 10, 10]"
504,3,[4],1,0.04210403095930815,0.015594970900565386,1.034763490082696,"[567927322, 549567211, 105174944, 495504598, 484647602, 344915465, 342190053, 25383992, 272479430, 255396892]","[4, 4, 4, 4, 4, 4, 4, 4, 4, 4]"
505,3,"[4, 7]",2,0.23552021756768227,0.04217423917725682,2.989835358923301,"[153410927, 251994508, 215015443, 70556567, 168058283, 323453715, 438010534, 324927328, 214207973, 388016414]","[4, 4, 7, 4, 4, 4, 4, 4, 4, 4]"
506,3,"[4, 18]",2,0.12331013008952141,0.03132613468915224,1.5280265909386799,"[570547811, 465117429, 112809579, 22885840, 382313075, 18740924, 95736731, 475097166, 563075895, 543868650]","[4, 4, 4, 4, 4, 4, 4, 4, 4, 4]"
507,3,[8],1,0.06233780412003398,0.01538741821423173,1.5253760810010135,"[426049066, 336438051, 422839851, 102289513, 500345096, 279358314, 271830533, 422863222, 244534552, 113902419]","[8, 8, 8, 8, 8, 8, 8, 8, 8, 8]"
508,3,[9],1,0.0526585029438138,0.013808052986860275,1.191906210500747,"[88155495, 88155494, 203558056, 133048366, 335600884, 349761725, 529499156, 351513107, 453714421, 159299546]","[9, 9, 9, 9, 9, 9, 9, 9, 9, 9]"
509,3,"[1, 10, 18]",3,0.17121024709194899,0.04502324294298887,1.405740739312023,"[136975153, 76102061, 18384764, 447365013, 406168773, 576089588, 406299903, 411642109, 122149532, 505106373]","[1, 10, 1, 1, 1, 1, 1, 1, 1, 1]"
510,3,[1],1,0.04771563736721873,0.013663251884281635,1.1562415396329015,"[73624450, 75775109, 425185866, 314113358, 469196941, 469172981, 469083543, 365057986, 469289361, 104828063]","[1, 1, 1, 1, 1, 1, 1, 1, 1, 1]"
511,3,[12],1,0.1296707629226148,0.022038867231458426,3.2397337595466524,"[354342484, 354982027, 539458146, 2893851, 588943316, 265818700, 2701816, 89993059, 100270462, 521253563]","[12, 12, 12, 12, 12, 12, 12, 12, 12, 12]"
512,3,"[3, 13]",2,0.2808989817276597,0.04458698583766818,4.661708984756842,"[60901442, 486066851, 325958056, 291914464, 252892403, 325693456, 488606824, 476162905, 557256049, 400814606]","[3, 3, 3, 13, 13, 13, 13, 13, 13, 3]"
513,3,[2],1,0.08204066287726164,0.016679359134286642,1.98847675928846,"[9753040, 175920041, 442793169, 210970518, 198030279, 161816983, 471476524, 363023100, 344275419, 97533873]","[2, 2, 2, 2, 2, 2, 2, 2, 2, 2]"
514,3,[0],1,0.06953930342569947,0.016313630156219006,1.7377481411676854,"[13234335, 103461123, 212467506, 375167620, 77523374, 552162288, 77623089, 90504017, 447425545, 164113948]","[0, 0, 0, 0, 0, 0, 0, 0, 0, 0]"
515,3,"[1, 3]",2,0.25517283705994487,0.04248150484636426,4.326731770066544,"[543922079, 354926197, 130933279, 543791991, 594762485, 422086086, 104910465, 291501341, 195792455, 130933280]","[3, 3, 3, 3, 1, 3, 3, 3, 3, 1]"
516,3,"[10, 12, 14]",3,0.2577669592574239,0.05635298229753971,2.1486815667400756,"[157350314, 369597083, 211384216, 389271069, 324700103, 25048268, 139187086, 472835488, 211384218, 365680177]","[12, 12, 12, 14, 12, 12, 14, 12, 12, 12]"
517,3,[18],1,0.0811547078192234,0.017248736694455147,2.0212896917946637,"[116909789, 213916429, 454389511, 454348595, 180504935, 152709618, 597380804, 375642974, 517449535, 180504938]","[18, 18, 18, 18, 18, 18, 18, 18, 18, 18]"
518,3,[0],1,0.06956183211877942,0.015777434688061476,1.7377481411676854,"[339741272, 208979114, 211228225, 302190687, 519110891, 211333354, 355393691, 391274177, 102095545, 309679750]","[0, 0, 0, 0, 0, 0, 0, 0, 0, 0]"
519,3,[19],1,0.05192208383232355,0.014963703695684671,1.2741980063728988,"[464425538, 411391048, 411391064, 210728434, 411391046, 411391050, 511903954, 468105198, 435401648, 60332441]","[19, 19, 19, 19, 19, 19, 19, 19, 19, 19]"
520,3,"[9, 19]",2,0.10217872308567166,0.02877249289304018,1.233052108436823,"[25955538, 86731325, 504422431, 137001895, 230400934, 477811446, 10405125, 462531434, 284745640, 482766710]","[19, 19, 19, 19, 19, 19, 19, 19, 19, 19]"
521,3,"[7, 14]",2,0.28889501513913274,0.053097736556082964,3.5557635909644887,"[299210752, 412723054, 98020671, 567546523, 127648928, 299208442, 349839111, 299335092, 299364182, 46869749]","[7, 7, 7, 7, 14, 7, 14, 7, 7, 7]"
522,3,[8],1,0.06246801186352968,0.01619667001068592,1.5253760810010135,"[130317406, 255648442, 58185551, 432017163, 2703194, 563593339, 475160783, 355317670, 8883729, 417584932]","[8, 8, 8, 8, 8, 8, 8, 8, 8, 8]"
523,3,"[6, 15]",2,0.26363738207146525,0.04659665608778596,3.318752449937165,"[293660001, 283438059, 226255915, 359159413, 148240321, 283438076, 441716235, 410667348, 506653755, 191406192]","[6, 6, 6, 6, 6, 6, 6, 6, 6, 6]"
524,3,[16],1,0.0647058766335249,0.015451706014573574,1.562462056055665,"[563895318, 570730176, 26854162, 160315320, 275142002, 528973679, 578245079, 526067676, 69172137, 274216131]","[16, 16, 16, 16, 16, 16, 16, 16, 16, 16]"
525,3,"[3, 6, 10]",3,0.3297095368616283,0.06244778912514448,3.510340959454576,"[486964607, 477101385, 138296968, 309440188, 491289391, 410780069, 421800907, 26949837, 111073023, 412015059]","[10, 10, 3, 3, 10, 3, 6, 3, 6, 10]"
526,3,"[6, 10, 12]",3,0.25188457034528255,0.05268628103658557,2.0911782124700644,"[428022682, 427859512, 428022681, 84491517, 427455796, 553997351, 427960047, 554145425, 309886608, 17613869]","[6, 10, 6, 6, 6, 6, 12, 6, 6, 6]"
527,3,"[10, 15]",2,0.22502693347632885,0.03838177677243948,2.8415429975138977,"[337770232, 117749401, 315271558, 146162777, 503296390, 298427025, 486564024, 191188830, 439929411, 71426319]","[15, 10, 15, 15, 15, 15, 10, 15, 15, 15]"
528,3,"[4, 19]",2,0.09820859646424651,0.031519959680736065,1.1544807482277974,"[151504009, 503313179, 281215709, 164834463, 305286002, 16514907, 463537209, 112471442, 414313236, 59144033]","[19, 19, 19, 4, 4, 4, 19, 4, 19, 19]"
529,3,[12],1,0.1299372292123735,0.02408626675605774,3.2397337595466524,"[48824457, 391242099, 241830589, 109037586, 403518541, 178355751, 558218589, 141686781, 567412056, 349201361]","[12, 12, 12, 12, 12, 12, 12, 12, 12, 12]"
530,3,"[3, 7, 10]",3,0.4416895150206983,0.06931626424193382,4.493940071590866,"[59765703, 320549545, 261551264, 33579243, 560307609, 260241454, 560202702, 530641319, 160952692, 416025382]","[3, 7, 3, 3, 10, 7, 10, 7, 7, 7]"
531,3,"[7, 14]",2,0.2798880380578339,0.0472840522415936,3.5557635909644887,"[20708183, 354191060, 429534339, 501382547, 557908968, 502044240, 573040798, 545226018, 396473004, 46235902]","[7, 14, 7, 7, 7, 7, 7, 7, 7, 7]"
532,3,"[1, 15, 16]",3,0.29599721962586045,0.0554794417694211,2.454032868069286,"[380620637, 277965556, 272578831, 70028885, 447424439, 502085193, 487720156, 344124914, 346248317, 242700425]","[15, 16, 16, 16, 16, 16, 16, 1, 16, 16]"
533,3,[16],1,0.06475317385047674,0.014738071709871292,1.562462056055665,"[590164671, 520149710, 428304541, 552999872, 335233368, 531186748, 227153031, 38374470, 550557809, 491192269]","[16, 16, 16, 16, 16, 16, 16, 16, 16, 16]"
534,3,"[10, 12]",2,0.17160813929513097,0.034233057871460915,2.139712373027578,"[322669607, 51954795, 127179466, 287305208, 71858681, 326973067, 124809037, 127095418, 324740582, 517661407]","[12, 12, 12, 12, 12, 12, 12, 12, 12, 10]"
535,3,"[15, 18]",2,0.2648227019235492,0.048915257677435875,3.3323423501569778,"[296608572, 537511200, 294221006, 224743290, 557872642, 50040164, 275642693, 55308399, 441924248, 202953193]","[15, 15, 15, 15, 15, 15, 15, 15, 15, 15]"
536,3,[12],1,0.12937108287587762,0.022883255034685135,3.2397337595466524,"[402493468, 65971972, 456402608, 564485727, 131974822, 385738764, 230534218, 577566495, 363409200, 553233970]","[12, 12, 12, 12, 12, 12, 12, 12, 12, 12]"
537,3,"[4, 10]",2,0.08412585500627756,0.028335084207355976,1.0372272382955998,"[118696928, 204662725, 369727882, 122549331, 240924035, 239161889, 432255990, 118696929, 414024632, 406975392]","[4, 4, 4, 4, 4, 4, 10, 4, 4, 4]"
538,3,"[4, 8]",2,0.10476497281342745,0.031069910153746605,1.2800697855418548,"[165273779, 303820935, 320859813, 502516863, 134482581, 381833804, 260695453, 42421416, 441462598, 174091331]","[8, 4, 4, 8, 4, 8, 4, 8, 4, 8]"
539,3,[8],1,0.06222836393862963,0.015013337135314941,1.5253760810010135,"[123083666, 496986301, 241713019, 493392983, 5354004, 474528701, 452525700, 497005162, 31285918, 39305778]","[8, 8, 8, 8, 8, 8, 8, 8, 8, 8]"
540,3,[8],1,0.06227924395352602,0.016370879020541906,1.5253760810010135,"[189654009, 137357883, 500010538, 267334804, 63865312, 500224551, 539799815, 141016056, 198256727, 300467437]","[8, 8, 8, 8, 8, 8, 8, 8, 8, 8]"
541,3,"[4, 7, 19]",3,0.28780333464965224,0.060879623517394066,2.4179562414065003,"[143974679, 11790623, 368794346, 143974680, 399281845, 480940046, 162451809, 251457724, 173538003, 122089308]","[19, 19, 7, 19, 19, 19, 7, 7, 19, 7]"
542,3,"[3, 6]",2,0.2884794953279197,0.04139062063768506,4.7456659459276125,"[196948683, 384252313, 378222535, 318779862, 396119654, 197506474, 439818553, 542486797, 448408093, 312800860]","[6, 6, 6, 6, 6, 6, 6, 6, 6, 6]"
543,3,"[3, 6]",2,0.2882246789522469,0.04402573499828577,4.7456659459276125,"[358210674, 416260114, 259058018, 160788017, 496181573, 22039393, 133869573, 426331662, 325753021, 484481479]","[6, 6, 6, 6, 3, 6, 6, 6, 6, 6]"
544,3,[18],1,0.08113646879792213,0.018582758028060198,2.0212896917946637,"[379336593, 379312487, 379301705, 90026781, 379350332, 264718859, 596057616, 379306138, 405490897, 367832380]","[18, 18, 18, 18, 18, 18, 18, 18, 18, 18]"
545,3,[1],1,0.04777070973068476,0.013151665683835745,1.1562415396329015,"[145084398, 423763699, 189694457, 555148552, 387580617, 338072917, 344158863, 153822917, 464936886, 244863190]","[1, 1, 1, 1, 1, 1, 1, 1, 1, 1]"
546,3,"[4, 18]",2,0.12751005170866847,0.03157708141952753,1.5280265909386799,"[28169039, 196600927, 35221743, 525217917, 373205941, 163145883, 348729257, 164594342, 295212390, 333503790]","[18, 18, 18, 18, 18, 18, 18, 18, 18, 18]"
547,3,[6],1,0.08063374692574143,0.018186405301094055,1.9941098913550377,"[592182966, 596623360, 240415233, 349892222, 74766187, 390424334, 471609244, 31474832, 106748058, 303673282]","[6, 6, 6, 6, 6, 6, 6, 6, 6, 6]"
548,3,"[12, 16]",2,0.19538720697164536,0.03760036686435342,2.4010979078011587,"[305235514, 416172459, 311121833, 583816488, 495811083, 496522439, 494016466, 27420085, 356627288, 462078825]","[12, 16, 16, 16, 12, 12, 16, 12, 12, 12]"
549,3,"[4, 8]",2,0.10592481773346663,0.0314931427128613,1.2800697855418548,"[451205571, 97655870, 305268778, 413543884, 105421046, 305268780, 305256519, 161716231, 50254066, 481020968]","[8, 8, 8, 8, 8, 8, 8, 8, 8, 8]"
550,3,[16],1,0.06465000472962856,0.016294204629957676,1.562462056055665,"[110104781, 365956345, 405342348, 379784786, 405220095, 403931308, 405201139, 403972390, 257063804, 1660903]","[16, 16, 16, 16, 16, 16, 16, 16, 16, 16]"
551,3,"[3, 4, 18]",3,0.33375938097015023,0.05842022178694606,3.517758394125849,"[253128968, 550995109, 22696722, 64346359, 272789943, 279323403, 289324148, 294489705, 435520325, 26007120]","[4, 4, 18, 4, 18, 18, 18, 4, 18, 18]"
552,3,"[12, 15]",2,0.31269763596355915,0.05276487302035093,3.941564384032972,"[387430141, 430416570, 199144504, 47763948, 140760693, 182873893, 532291554, 321212558, 115008368, 199144482]","[12, 12, 12, 12, 12, 12, 12, 12, 12, 12]"
553,3,"[7, 15]",2,0.3759644697420299,0.05687804101034999,4.794151118141599,"[436301081, 314632339, 259075731, 304169687, 182587240, 281168365, 124843824, 587750298, 101050687, 509576363]","[7, 7, 15, 7, 7, 15, 7, 15, 15, 7]"
554,3,"[4, 10]",2,0.08416300779208541,0.025544576812535524,1.0372272382955998,"[563590081, 547363610, 347670650, 347670648, 186317781, 441406741, 571785563, 502768381, 393800161, 282575724]","[10, 10, 10, 10, 10, 10, 10, 10, 10, 10]"
555,3,"[9, 15, 16]",3,0.2982866079546511,0.055367281660437584,2.4659210916919014,"[428557457, 81834019, 316225551, 340944129, 289474694, 183636341, 341782620, 201913935, 52529459, 319105194]","[16, 16, 16, 16, 16, 16, 16, 16, 16, 15]"
556,3,"[10, 12]",2,0.17149050766602159,0.03358111996203661,2.139712373027578,"[201539799, 278732438, 586027926, 135281203, 239361347, 405000154, 139451569, 80171971, 340332462, 442181009]","[12, 12, 12, 10, 12, 10, 10, 12, 12, 12]"
557,3,"[10, 18]",2,0.1230663568712771,0.03185279294848442,1.5304903391515836,"[302946939, 520059973, 29259430, 145250360, 380424102, 550489217, 411965760, 211497861, 573996584, 166873148]","[18, 10, 10, 10, 18, 18, 18, 18, 18, 18]"
558,3,"[16, 18]",2,0.14618996530771255,0.03310402994975448,1.7918758739251643,"[339775718, 313037491, 359460564, 173027574, 520013276, 573714606, 539136162, 272660810, 506756799, 477259554]","[16, 18, 16, 16, 16, 18, 18, 16, 16, 18]"
559,3,[16],1,0.0647728219628334,0.01529647409915924,1.562462056055665,"[149011245, 149011244, 879383, 358962629, 301547627, 180913596, 279158838, 180913602, 244232859, 135997227]","[16, 16, 16, 16, 16, 16, 16, 16, 16, 16]"
560,3,"[4, 8]",2,0.10441092448309064,0.029098991304636,1.2800697855418548,"[479248961, 227952470, 505840292, 137410740, 493062940, 356735023, 505820636, 142364103, 293612120, 352879255]","[8, 8, 8, 8, 8, 8, 8, 8, 8, 8]"
561,3,"[2, 9, 19]",3,0.1838055970147252,0.04629371128976345,1.4848603253873687,"[212133469, 598475734, 473061910, 64232253, 89415714, 266862407, 255463445, 123279207, 51951737, 70629742]","[9, 2, 2, 2, 9, 9, 9, 2, 9, 2]"
562,3,"[0, 12]",2,0.1991167590022087,0.03764071920886636,2.488740950357169,"[186870557, 389685536, 326059485, 498273563, 533875352, 493450800, 169780967, 231906160, 310890763, 573480073]","[12, 12, 12, 12, 12, 12, 12, 12, 12, 12]"
563,3,[10],1,0.04146511759608984,0.014075733721256256,1.0396909865085036,"[447842928, 230938230, 371597128, 571371173, 330165389, 280007366, 223834768, 216360558, 306869074, 499446516]","[10, 10, 10, 10, 10, 10, 10, 10, 10, 10]"
564,3,"[9, 10, 12]",3,0.22313560266047716,0.05588190909475088,1.8237769855186343,"[266646792, 29194220, 119178726, 260940865, 355824508, 446593623, 370419775, 370412560, 260154787, 108006413]","[9, 9, 9, 9, 9, 12, 9, 12, 9, 9]"
565,3,[8],1,0.06239239778369665,0.01642274996265769,1.5253760810010135,"[19276295, 388422774, 146564670, 432347069, 451244349, 246235813, 525279319, 256860069, 585951782, 319981143]","[8, 8, 8, 8, 8, 8, 8, 8, 8, 8]"
566,3,[9],1,0.04975746991112828,0.015681114979088306,1.191906210500747,"[272436769, 541364278, 88083414, 336488074, 34475341, 13584524, 275635349, 415377701, 95977264, 597857893]","[9, 9, 9, 9, 9, 9, 9, 9, 9, 9]"
567,3,[10],1,0.04164873482659459,0.013509747106581926,1.0396909865085036,"[473929517, 538914775, 538925381, 140009310, 26346305, 286559593, 77980225, 302749586, 291344535, 401486074]","[10, 10, 10, 10, 10, 10, 10, 10, 10, 10]"
568,3,"[2, 10]",2,0.12358639063313603,0.02770240930840373,1.5140838728984818,"[450102184, 38475886, 567314320, 356000186, 265937628, 38557328, 42930795, 43217788, 292029508, 129944906]","[2, 2, 2, 10, 10, 2, 2, 2, 2, 2]"
569,3,"[12, 15]",2,0.31299159163609147,0.050188991241157055,3.941564384032972,"[496850423, 42399778, 479823429, 384850063, 310092822, 515657031, 284431052, 592818229, 28681453, 27320890]","[12, 12, 12, 12, 15, 12, 12, 12, 12, 15]"
570,3,[8],1,0.062497037928551435,0.01694124937057495,1.5253760810010135,"[111281527, 513465414, 589469571, 14727417, 196776433, 375467088, 482118034, 6711057, 204261675, 433995722]","[8, 8, 8, 8, 8, 8, 8, 8, 8, 8]"
571,3,[6],1,0.08086981205269694,0.016689408104866743,1.9941098913550377,"[440077489, 364789004, 247218488, 322463011, 460459013, 163450937, 486302639, 315918906, 315754944, 295748972]","[6, 6, 6, 6, 6, 6, 6, 6, 6, 6]"
572,3,[7],1,0.19334316905587912,0.0288317259401083,4.944907227763906,"[370449528, 220490382, 579993383, 569221911, 39802519, 416962908, 97264044, 241829360, 192378042, 178481226]","[7, 7, 7, 7, 7, 7, 7, 7, 7, 7]"
573,3,"[12, 16]",2,0.19579162681475282,0.039447959046810865,2.4010979078011587,"[472042446, 472042443, 275520693, 213767531, 204516723, 202782288, 477485815, 122975044, 82702990, 485258543]","[12, 12, 16, 16, 16, 16, 12, 16, 16, 16]"
574,3,"[10, 18]",2,0.12311592558398843,0.03271967684850097,1.5304903391515836,"[329749426, 23495679, 327771246, 182762665, 197075458, 495090783, 329780075, 529181142, 66200712, 399898664]","[18, 18, 18, 18, 18, 10, 18, 18, 18, 18]"
575,3,"[3, 6]",2,0.28997422521933913,0.04984914977103472,4.7456659459276125,"[771940, 771942, 429182572, 464559510, 167257391, 771941, 362577405, 34483015, 461600878, 73485938]","[3, 3, 6, 6, 6, 3, 6, 6, 6, 6]"
576,3,"[10, 11, 15]",3,0.34276626678183675,0.05956329917535186,2.8466639128358415,"[437210537, 336076249, 464257251, 215555962, 361200040, 221075996, 336075144, 140009631, 80923322, 490033426]","[11, 15, 11, 15, 15, 15, 10, 15, 15, 10]"
577,3,"[4, 9, 10]",3,0.13404287956655025,0.0450926530174911,1.0887868956973155,"[38037888, 248089762, 83333259, 594640809, 541759792, 276247, 349090450, 488180259, 248940775, 477140071]","[10, 10, 4, 4, 10, 4, 10, 10, 10, 10]"
578,3,[15],1,0.1834866520948708,0.023462713696062565,4.643395008519292,"[76031505, 203432599, 498698775, 273225628, 291604185, 136361427, 462716777, 462772718, 473536997, 278758162]","[15, 15, 15, 15, 15, 15, 15, 15, 15, 15]"
579,3,"[4, 19]",2,0.09490228304639459,0.031140470877289772,1.1544807482277974,"[273577208, 100927456, 550864144, 58132671, 451783471, 189467229, 380376454, 407817478, 451742210, 176166777]","[19, 19, 19, 19, 19, 19, 19, 19, 19, 19]"
580,3,"[16, 18]",2,0.14625803008675575,0.034106114879250526,1.7918758739251643,"[489394641, 194509153, 67393348, 470309177, 365720678, 122260749, 583650045, 501212221, 156256342, 254612706]","[18, 18, 18, 16, 18, 16, 16, 18, 16, 16]"
581,3,"[7, 11]",2,0.31120739597827196,0.050995937548577785,3.9009064856218174,"[202355617, 248972689, 238045830, 349108730, 238036671, 229454520, 428364306, 476362339, 238201816, 42562283]","[11, 11, 11, 11, 11, 11, 11, 11, 11, 11]"
582,3,[6],1,0.08067349204793572,0.018097317311912775,1.9941098913550377,"[536835298, 338595158, 507160926, 551179478, 535353451, 452364771, 98404273, 313890061, 573709207, 61167579]","[6, 6, 6, 6, 6, 6, 6, 6, 6, 6]"
583,3,"[2, 8, 19]",3,0.19855662900954485,0.04712001932784915,1.5960169488874574,"[445368645, 476663299, 452913750, 402518957, 321500408, 50901644, 265573521, 527932238, 568908678, 502925643]","[19, 19, 2, 8, 19, 19, 2, 8, 19, 19]"
584,3,"[2, 8]",2,0.14435584703460336,0.03605172224342823,1.7569264201447368,"[365086743, 384524498, 584012182, 264913044, 15905723, 274204087, 584996896, 418460283, 581359820, 46509329]","[8, 8, 8, 8, 8, 8, 8, 8, 8, 8]"
585,3,"[4, 9]",2,0.09231721702963114,0.028333036229014397,1.1133348502917215,"[113493376, 158424658, 229605502, 229588557, 26032459, 103108200, 545495268, 456113403, 301361761, 471411610]","[4, 4, 9, 9, 4, 9, 9, 4, 9, 4]"
586,3,[19],1,0.05213962309062481,0.016338782850652933,1.2741980063728988,"[477671044, 226950698, 199290506, 390578956, 220582591, 319774700, 56384349, 515278551, 9901132, 406107231]","[19, 19, 19, 19, 19, 19, 19, 19, 19, 19]"
587,3,"[16, 18]",2,0.14628868596628308,0.03456672513857484,1.7918758739251643,"[175818502, 474016655, 398947805, 188896256, 443107323, 219341708, 36416778, 596843857, 442922431, 244263483]","[16, 16, 16, 16, 16, 16, 16, 16, 16, 16]"
588,3,[19],1,0.05214867927134037,0.014852184802293777,1.2741980063728988,"[75423562, 482782637, 524051178, 112943153, 449240029, 69395027, 447901314, 233602428, 263821027, 566866547]","[19, 19, 19, 19, 19, 19, 19, 19, 19, 19]"
589,3,"[0, 9]",2,0.11945975199341774,0.029874802101403475,1.4648271758342162,"[51722543, 544158612, 317240786, 544158611, 500392072, 244648089, 523309132, 167981898, 467741926, 557201667]","[9, 9, 9, 9, 9, 9, 9, 0, 0, 9]"
590,3,[11],1,0.11757817724719644,0.02530256099998951,2.8569057434797287,"[540273745, 291758973, 191187373, 183341271, 117889920, 325993256, 570182881, 55508548, 481016194, 74833640]","[11, 11, 11, 11, 11, 11, 11, 11, 11, 11]"
591,3,"[4, 8]",2,0.10468203108757734,0.03140975162386894,1.2800697855418548,"[91825157, 247667785, 525960136, 484265063, 315602088, 583380530, 185502942, 222935689, 297816571, 361735695]","[4, 8, 4, 8, 4, 4, 8, 8, 8, 4]"
592,3,"[10, 16, 18]",3,0.18837703997269273,0.0469767889007926,1.5411475781196107,"[418025008, 34947156, 566659681, 79359781, 448538517, 445963902, 129504642, 327241604, 292844813, 542675246]","[18, 18, 16, 18, 18, 18, 18, 16, 18, 16]"
593,3,[2],1,0.08156555984169245,0.017085186205804348,1.98847675928846,"[62564213, 62564212, 292362697, 475167337, 153448664, 45424356, 551927611, 552189324, 63543594, 273410682]","[2, 2, 2, 2, 2, 2, 2, 2, 2, 2]"
594,3,"[12, 15]",2,0.31412520026788116,0.054285711608827114,3.941564384032972,"[168881132, 263043432, 588274932, 212521151, 578693503, 191546062, 517951150, 266620919, 164428144, 273950200]","[12, 12, 15, 12, 12, 12, 12, 12, 12, 12]"
595,3,"[1, 12]",2,0.17747069476172328,0.036743948701769114,2.197987649589777,"[547046290, 106264746, 275560893, 104460633, 474417755, 367391428, 325554586, 182027597, 140931744, 459634385]","[12, 12, 12, 12, 12, 12, 12, 12, 12, 12]"
596,3,[18],1,0.08197141718119383,0.018109764903783798,2.0212896917946637,"[123127955, 303041014, 179716294, 395202347, 338469332, 163143152, 302881821, 395180970, 400018106, 199097529]","[18, 18, 18, 18, 18, 18, 18, 18, 18, 18]"
597,3,"[2, 10]",2,0.12490131007507443,0.0315599599853158,1.5140838728984818,"[65698452, 30933330, 521676482, 209046495, 248946728, 394590971, 390217570, 29675834, 60535722, 136798197]","[2, 2, 2, 2, 10, 10, 2, 2, 2, 10]"
598,3,"[10, 12]",2,0.17114971112459898,0.036480171140283346,2.139712373027578,"[421629912, 241271105, 484100820, 132278938, 541584758, 263799811, 76505596, 20240455, 366369093, 540686024]","[12, 12, 12, 10, 12, 12, 10, 12, 12, 12]"
599,3,"[0, 9]",2,0.11957652121782303,0.03107551159337163,1.4648271758342162,"[527020027, 102815399, 343008286, 175685298, 501330071, 528146187, 255818314, 286064649, 197172078, 27334687]","[0, 0, 0, 0, 0, 0, 0, 0, 0, 0]"
600,3,"[10, 18]",2,0.12305842246860266,0.03293167846277356,1.5304903391515836,"[424952617, 384323025, 500607810, 199163839, 484609720, 107885682, 599300985, 119051487, 396516428, 14502669]","[10, 10, 10, 10, 10, 10, 10, 10, 10, 10]"
601,3,[2],1,0.08157676085829735,0.014916377142071724,1.98847675928846,"[406436395, 339749203, 165416542, 370229257, 75129625, 354676777, 205058866, 284043042, 596229903, 464651684]","[2, 2, 2, 2, 2, 2, 2, 2, 2, 2]"
602,3,[8],1,0.062260462902486324,0.016933439765125513,1.5253760810010135,"[334476013, 207152477, 182239198, 111337864, 253793192, 384197541, 456652634, 357619060, 459993720, 288529500]","[8, 8, 8, 8, 8, 8, 8, 8, 8, 8]"
603,3,"[6, 7]",2,0.27666582725942135,0.043292997404932976,3.469508559559472,"[588878422, 427309145, 55541073, 553220401, 471025135, 369130037, 169822083, 167363499, 320293660, 167244620]","[6, 6, 6, 6, 6, 7, 6, 7, 7, 7]"
604,3,"[1, 3, 10]",3,0.2975773308426142,0.05475569795817137,3.231051508880531,"[229471206, 336299223, 481723434, 422487549, 110483703, 69759352, 481723432, 481723433, 386527738, 427311451]","[1, 1, 1, 1, 1, 1, 1, 1, 3, 3]"
605,3,[12],1,0.13159976666793227,0.022515670862048864,3.2397337595466524,"[225134385, 467091109, 401340397, 57928208, 42536575, 394885914, 43050397, 480908185, 593559148, 134170903]","[12, 12, 12, 12, 12, 12, 12, 12, 12, 12]"
606,3,"[9, 10]",2,0.09185209730640054,0.027318503241986036,1.1157985985046253,"[52685700, 436624064, 436624049, 69903041, 436624051, 436822737, 38712243, 215705799, 316890181, 499509758]","[9, 9, 9, 9, 9, 9, 9, 9, 9, 9]"
607,3,[2],1,0.08170994510874152,0.017582370899617672,1.98847675928846,"[569627681, 81381669, 247470802, 371611327, 538996026, 309763558, 72525570, 132771547, 296228447, 230355275]","[2, 2, 2, 2, 2, 2, 2, 2, 2, 2]"
608,3,"[3, 6, 9]",3,0.33850919967517257,0.06348645035177469,3.5610793674519905,"[95463379, 567985689, 192945609, 120280881, 232253191, 297576433, 20785716, 298440582, 64716623, 466777878]","[6, 6, 6, 6, 6, 6, 3, 6, 6, 3]"
609,3,"[4, 15]",2,0.22647072421386838,0.0424825306981802,2.839079249300994,"[276438660, 414459931, 78238011, 345083729, 385530198, 260916882, 199639645, 541699004, 74066005, 53450867]","[15, 15, 15, 15, 4, 15, 15, 15, 15, 15]"
610,3,"[1, 2, 9]",3,0.18006891338154674,0.043091780971735716,1.4455415031407028,"[2727716, 573703927, 560808089, 2737865, 386771216, 13610151, 105642113, 381455618, 72307577, 27044855]","[1, 2, 2, 1, 2, 1, 9, 9, 1, 1]"
611,3,[4],1,0.042403521947562695,0.015712379943579435,1.034763490082696,"[332898321, 402436642, 40346389, 443497886, 482143889, 71669903, 7384382, 30635393, 225455397, 392587440]","[4, 4, 4, 4, 4, 4, 4, 4, 4, 4]"
612,3,"[4, 19]",2,0.09451082581654191,0.03069551009684801,1.1544807482277974,"[38567733, 564410849, 544164872, 263408385, 276854456, 8481394, 90141804, 356097437, 442453543, 327633170]","[19, 19, 19, 19, 19, 19, 19, 19, 19, 19]"
613,3,"[7, 15]",2,0.3789861239492893,0.04770901519805193,4.794151118141599,"[342645339, 63532455, 134097358, 156177867, 529489420, 225331125, 379882413, 431825326, 149065091, 200408531]","[7, 7, 7, 7, 15, 7, 15, 15, 15, 15]"
614,3,"[2, 10]",2,0.12362847430631518,0.030851540621370077,1.5140838728984818,"[508825644, 93634493, 1792793, 358197384, 377101835, 581947937, 5875617, 545708472, 487411550, 98554262]","[2, 2, 2, 2, 2, 2, 10, 2, 2, 2]"
615,3,"[9, 12]",2,0.180808340664953,0.0376034090295434,2.2158199850236997,"[431884419, 302687542, 302787586, 431936170, 302656394, 98967338, 302719345, 403170941, 289556263, 302521072]","[9, 9, 9, 12, 9, 12, 9, 12, 9, 9]"
616,3,"[8, 14, 15]",3,0.3324869708158076,0.06631203088909388,2.778463681228459,"[523346240, 297171349, 598320548, 492642286, 496268797, 114332889, 329124159, 29124518, 335161070, 341191594]","[8, 8, 8, 15, 8, 8, 8, 8, 8, 8]"
617,3,[18],1,0.08123311074450612,0.017271234188228846,2.0212896917946637,"[173320221, 352497176, 426401905, 290442632, 282335757, 204700295, 460315475, 400274367, 143344751, 568694346]","[18, 18, 18, 18, 18, 18, 18, 18, 18, 18]"
618,3,"[7, 8]",2,0.25547701213508844,0.04516596486791968,3.23514165438246,"[383227627, 516369706, 84374302, 227034512, 282374215, 253832749, 237707832, 205811622, 330515571, 509496485]","[8, 8, 8, 8, 8, 8, 8, 7, 8, 8]"
619,3,"[3, 10]",2,0.25125600304454565,0.04118284583091736,4.268456493504345,"[19660820, 771942, 419050400, 771941, 147302685, 250865468, 156276811, 240213926, 71977354, 123358644]","[3, 3, 3, 3, 3, 3, 3, 3, 10, 10]"
620,3,"[7, 10]",2,0.23607264971360564,0.0455307993106544,2.992299107136205,"[11872086, 11872088, 12231062, 531526174, 12211175, 319107977, 47493220, 201072895, 567086221, 12241353]","[7, 7, 7, 10, 7, 7, 7, 7, 7, 7]"
621,3,[16],1,0.06480594491586089,0.015761116053909063,1.562462056055665,"[373693970, 263701942, 303106971, 295635588, 572461509, 573451396, 343313517, 931778, 221705125, 231130414]","[16, 16, 16, 16, 16, 16, 16, 16, 16, 16]"
622,3,"[0, 2]",2,0.15215901657938957,0.030918455682694912,1.8631124502280727,"[453512508, 223863815, 309928761, 61582487, 374637179, 401675343, 374637180, 210509350, 224009426, 305313663]","[2, 2, 2, 2, 2, 2, 0, 0, 2, 0]"
623,3,"[1, 9]",2,0.09817909635603428,0.028279532212764025,1.1740738750668243,"[24694555, 92815327, 137885838, 117532381, 588443261, 327367659, 188152919, 385444398, 555820552, 115721671]","[1, 1, 1, 1, 1, 1, 1, 1, 1, 1]"
624,3,"[10, 16, 18]",3,0.1879585119895637,0.0451662540435791,1.5411475781196107,"[257872925, 174003689, 565078059, 316305085, 178805248, 336378618, 585749813, 501394357, 585749806, 593000837]","[18, 18, 18, 18, 18, 16, 18, 18, 16, 18]"
625,3,"[2, 10]",2,0.12350901681929827,0.029347440227866173,1.5140838728984818,"[186883248, 573087577, 464070189, 163579862, 291104768, 15193419, 325940158, 170606752, 207430, 50000124]","[10, 10, 10, 10, 10, 10, 10, 10, 10, 10]"
626,3,[2],1,0.0815693368203938,0.017073217779397964,1.98847675928846,"[478132332, 142152439, 142460349, 520924175, 70223328, 108474819, 518645705, 276995012, 329464210, 93504726]","[2, 2, 2, 2, 2, 2, 2, 2, 2, 2]"
627,3,"[8, 14]",2,0.14858060190454125,0.034039299469441175,1.8459980175830424,"[18318956, 18340043, 159280392, 411558093, 86248052, 471099296, 495400450, 333310803, 86491966, 461870742]","[8, 8, 8, 8, 8, 8, 8, 8, 8, 8]"
628,3,[8],1,0.06243899231776595,0.016213822178542614,1.5253760810010135,"[157271052, 49047413, 194182794, 43788374, 293525320, 569871051, 424794905, 60550872, 279216505, 337158297]","[8, 8, 8, 8, 8, 8, 8, 8, 8, 8]"
629,3,"[6, 10]",2,0.12254303088411689,0.030157779809087515,1.5169004389317706,"[482572563, 314588527, 315634196, 491471872, 514987768, 43721830, 214804145, 328480307, 216230541, 314848645]","[6, 6, 6, 6, 6, 6, 6, 6, 6, 6]"
630,3,"[7, 8]",2,0.255846677813679,0.045687695033848286,3.23514165438246,"[298973970, 57429897, 318785263, 182831502, 158270926, 236874882, 12972342, 179991409, 236370690, 232900589]","[8, 8, 8, 7, 8, 8, 8, 8, 8, 7]"
631,3,"[15, 18]",2,0.2666226886212826,0.050273601431399584,3.3323423501569778,"[237816263, 508376055, 460263420, 477733551, 280739570, 259729575, 450452282, 165250760, 149284006, 273191050]","[15, 18, 15, 18, 18, 18, 18, 18, 18, 18]"
632,3,"[7, 16]",2,0.2582160313613713,0.041663327254354954,3.2536846419097856,"[257268332, 566613268, 409454185, 146300108, 98254733, 176141094, 446824157, 208587030, 176552932, 235897757]","[16, 16, 16, 16, 16, 16, 16, 16, 16, 16]"
633,3,[8],1,0.062208462972193956,0.01604060595855117,1.5253760810010135,"[495992460, 160654867, 364758013, 325153572, 74388090, 495926802, 509012710, 61461696, 498926953, 498622424]","[8, 8, 8, 8, 8, 8, 8, 8, 8, 8]"
634,3,[1],1,0.04767717607319355,0.012213870882987976,1.1562415396329015,"[111052982, 504226773, 172556875, 24303294, 234257212, 241129105, 342163173, 182287284, 495218298, 124714234]","[1, 1, 1, 1, 1, 1, 1, 1, 1, 1]"
635,3,"[4, 9]",2,0.10479694744572043,0.030925622209906578,1.1133348502917215,"[533541534, 578189724, 470960410, 81392412, 525434594, 81392396, 25812792, 578860500, 81392410, 81392408]","[9, 9, 9, 9, 9, 9, 4, 9, 9, 9]"
636,3,"[8, 9]",2,0.11229992005974054,0.0309240547940135,1.3586411457508802,"[469405551, 483125603, 106610442, 525291840, 168562048, 224625015, 47967386, 326165965, 151850607, 490597900]","[9, 9, 8, 8, 8, 9, 9, 8, 8, 8]"
637,3,"[1, 2]",2,0.1298773307353258,0.030207091476768255,1.5723591494606808,"[368743590, 43957939, 444279346, 590882958, 528989644, 548432040, 497215226, 513790326, 149497159, 528989649]","[1, 1, 2, 1, 1, 1, 1, 1, 2, 1]"
638,3,"[10, 11]",2,0.1597859258763492,0.03660967666655779,1.9482983649941161,"[52619765, 437637319, 30241915, 381581941, 40412331, 43258519, 480778693, 218706577, 40252220, 481010923]","[10, 11, 10, 11, 10, 11, 10, 11, 10, 10]"
639,3,"[6, 10]",2,0.12225698214024305,0.029834610410034657,1.5169004389317706,"[84260518, 138298669, 384519103, 384374602, 536343437, 527643448, 154164185, 414152718, 40998165, 151066788]","[6, 6, 6, 6, 6, 6, 6, 6, 6, 6]"
640,3,"[3, 6]",2,0.28841726994141936,0.047661783173680305,4.7456659459276125,"[214248553, 452546311, 452546306, 574185480, 86366237, 350668882, 452546307, 298577091, 412960841, 452538893]","[6, 6, 6, 3, 6, 6, 3, 6, 3, 6]"
641,3,"[0, 6]",2,0.15004192059859633,0.036017417907714844,1.8659290162613615,"[484269967, 278816849, 156123656, 82822152, 103097378, 270037060, 116895893, 592682140, 445424331, 397581279]","[0, 0, 0, 0, 0, 0, 0, 6, 0, 0]"
642,3,"[4, 8]",2,0.10427307384088635,0.030377749353647232,1.2800697855418548,"[147722034, 320859813, 596885440, 220541493, 272189624, 165272567, 383242617, 378145349, 584133612, 452892532]","[8, 4, 4, 8, 4, 4, 8, 8, 8, 8]"
643,3,[18],1,0.08299327874556184,0.018585126847028732,2.0212896917946637,"[250364638, 187284050, 260063780, 500785055, 342712761, 230995532, 131701346, 500687498, 54409881, 500805713]","[18, 18, 18, 18, 18, 18, 18, 18, 18, 18]"
644,3,"[8, 19]",2,0.11471784999594092,0.030393460765480995,1.3997870436869562,"[83346459, 179407044, 83346460, 83177308, 78038498, 253614455, 31066102, 579436070, 83307920, 469441974]","[8, 19, 19, 19, 19, 19, 19, 19, 19, 19]"
645,3,[1],1,0.04757112683728337,0.013235187157988548,1.1562415396329015,"[556581636, 386944031, 383852200, 282782695, 35420134, 141959737, 90077601, 589978449, 287828930, 115325568]","[1, 1, 1, 1, 1, 1, 1, 1, 1, 1]"
646,3,"[4, 11, 19]",3,0.21136436611413956,0.05123824533075094,1.7219557466451079,"[158194971, 456725164, 120387136, 575284450, 24285917, 38486640, 575284452, 48302283, 578403796, 326119660]","[11, 19, 11, 4, 11, 11, 4, 11, 11, 4]"
647,3,[18],1,0.08125381590798497,0.02090356918051839,2.0212896917946637,"[177732495, 452329595, 167974761, 325021566, 306114045, 310407228, 8954076, 545377075, 185497228, 34010644]","[18, 18, 18, 18, 18, 18, 18, 18, 18, 18]"
648,3,[18],1,0.08099186280742288,0.019288394134491682,2.0212896917946637,"[232601211, 427788517, 282379282, 94324763, 428086382, 231643095, 232601212, 401847970, 543485315, 246964444]","[18, 18, 18, 18, 18, 18, 18, 18, 18, 18]"
649,3,[2],1,0.08140322472900152,0.01659158430993557,1.98847675928846,"[392135103, 115108218, 246448488, 124928572, 335256699, 464359611, 358915475, 464356778, 24570679, 538766810]","[2, 2, 2, 2, 2, 2, 2, 2, 2, 2]"
650,3,[18],1,0.0816059778444469,0.02140593808144331,2.0212896917946637,"[40883192, 412515893, 280105499, 125796007, 125796008, 521801370, 521801371, 40839322, 521801369, 167999373]","[18, 18, 18, 18, 18, 18, 18, 18, 18, 18]"
651,3,"[2, 10]",2,0.12361865118145943,0.03107461566105485,1.5140838728984818,"[80079967, 205549066, 139132979, 310552818, 585278916, 56669156, 476942735, 274732724, 323180119, 365483183]","[2, 2, 2, 2, 2, 2, 2, 2, 2, 2]"
652,3,"[4, 10]",2,0.08383654570207,0.03093858389183879,1.0372272382955998,"[186679495, 376494354, 48079131, 421481977, 49303580, 49317915, 299892042, 541968100, 597259699, 244982966]","[4, 4, 4, 4, 4, 4, 4, 4, 4, 4]"
653,3,"[7, 12, 15]",3,0.5057405713014305,0.07693770295009017,4.27601199860995,"[26385463, 237898935, 359334427, 339328946, 372176402, 59375997, 450370137, 486046321, 73203531, 598298286]","[12, 12, 12, 7, 15, 12, 15, 15, 12, 12]"
654,3,"[2, 7]",2,0.27468540892004967,0.043762121349573135,3.466691993526183,"[406395383, 439140323, 522216861, 60620382, 517493427, 60620381, 332321204, 129776897, 510805762, 181451141]","[2, 2, 2, 2, 2, 2, 2, 2, 2, 2]"
655,3,[2],1,0.08139653690159321,0.01591759780421853,1.98847675928846,"[277338290, 236243808, 340133467, 435736940, 205800773, 445320567, 177926973, 99573468, 385377383, 288962219]","[2, 2, 2, 2, 2, 2, 2, 2, 2, 2]"
656,3,"[4, 8]",2,0.10446805087849498,0.030674199108034372,1.2800697855418548,"[182733864, 449459800, 367785867, 169268632, 401741747, 532670018, 347369607, 208641729, 165709190, 493221273]","[8, 8, 8, 8, 8, 8, 8, 8, 8, 8]"
657,3,[3],1,0.20725843030959368,0.026579974684864283,7.497222000500187,"[288950560, 413367665, 507847936, 454770639, 426100521, 563534987, 312468545, 305359338, 468054766, 264543053]","[3, 3, 3, 3, 3, 3, 3, 3, 3, 3]"
658,3,"[4, 7]",2,0.23494739970192313,0.04203984281048179,2.989835358923301,"[230662116, 1472967, 449551253, 554282561, 545838887, 373492000, 78372221, 544176594, 52725401, 206201084]","[7, 7, 7, 7, 4, 4, 7, 7, 7, 7]"
659,3,"[8, 19]",2,0.11432712757959962,0.03130348073318601,1.3997870436869562,"[134997220, 195992938, 302147465, 83265132, 326296555, 24135814, 354107853, 419896212, 180137038, 56950130]","[19, 19, 8, 19, 19, 19, 19, 19, 8, 19]"
660,3,[1],1,0.04752978403121233,0.0139294289983809,1.1562415396329015,"[244491188, 303769234, 540524910, 368802899, 69128620, 15579704, 121957139, 288631240, 50758979, 162740344]","[1, 1, 1, 1, 1, 1, 1, 1, 1, 1]"
661,3,[1],1,0.04749003937467933,0.01397672574967146,1.1562415396329015,"[414274250, 93372006, 306157023, 302092540, 528038892, 322889659, 109501278, 123082019, 390158866, 43055601]","[1, 1, 1, 1, 1, 1, 1, 1, 1, 1]"
662,3,"[12, 18]",2,0.21084378752857447,0.041339166928082705,2.630511725670658,"[8395004, 407880102, 533340165, 407880108, 533312096, 533422628, 407880096, 407880086, 424806698, 117256612]","[12, 12, 12, 12, 12, 12, 12, 12, 12, 12]"
663,3,"[9, 10]",2,0.09234528383240104,0.027877259999513626,1.1157985985046253,"[144724728, 516759955, 98969662, 364049095, 98969660, 58283787, 440368018, 279485355, 302741440, 98969663]","[9, 9, 9, 9, 9, 10, 9, 9, 9, 9]"
664,3,"[2, 4, 14]",3,0.2126750908792019,0.05412660865113139,1.7299534011787425,"[143187899, 254784650, 168747721, 571690337, 164725428, 340478478, 142118178, 81905028, 439814207, 228760874]","[4, 4, 4, 4, 14, 14, 4, 14, 14, 2]"
665,3,[14],1,0.08637447701767087,0.019048233050853014,2.1666199541650712,"[90481524, 40486081, 132680157, 370317758, 271766386, 535178593, 93661985, 542501596, 198122321, 205106320]","[14, 14, 14, 14, 14, 14, 14, 14, 14, 14]"
666,3,"[7, 18]",2,0.274230913259089,0.04723154241219163,3.483098459779285,"[567086221, 240677032, 559271097, 59808994, 411798754, 47493220, 367127990, 584519165, 371915684, 456835903]","[7, 7, 7, 7, 7, 7, 7, 7, 7, 7]"
667,3,"[8, 9]",2,0.11225793603807688,0.032077277079224586,1.3586411457508802,"[117187564, 367274880, 291770533, 495356082, 45530720, 168995116, 273735192, 599544244, 523253364, 225263667]","[9, 8, 9, 9, 9, 8, 8, 8, 8, 8]"
668,3,"[0, 12]",2,0.1990198390558362,0.03585809003561735,2.488740950357169,"[363089804, 125663130, 465247128, 40534487, 231384928, 80377600, 146001667, 584110432, 456402917, 588329826]","[0, 0, 0, 0, 0, 0, 0, 12, 0, 0]"
669,3,[10],1,0.041544320061802864,0.013428979553282261,1.0396909865085036,"[261591344, 367949198, 367908386, 323991737, 147459119, 113759339, 87072451, 504232684, 176548524, 206019521]","[10, 10, 10, 10, 10, 10, 10, 10, 10, 10]"
670,3,"[12, 19]",2,0.18157798005267978,0.03901650197803974,2.2569658829597756,"[54709475, 132189171, 128710920, 202538093, 248757157, 432844723, 130086289, 216207945, 216177718, 584717073]","[12, 12, 12, 12, 12, 12, 12, 12, 12, 12]"
671,3,"[4, 8, 11]",3,0.22165151126682758,0.0537275355309248,1.8056817715211462,"[330818522, 364835974, 407201795, 400749860, 560442238, 345034708, 154867234, 80694078, 444757611, 312835934]","[4, 8, 11, 8, 8, 11, 11, 11, 11, 11]"
672,3,"[10, 18]",2,0.12276143301278353,0.030249300878494978,1.5304903391515836,"[67789440, 251028555, 21995703, 164594341, 230805367, 525061289, 459184861, 164594342, 65509244, 360841064]","[18, 18, 18, 10, 10, 18, 18, 18, 10, 18]"
673,3,[2],1,0.08142921002581716,0.01560914795845747,1.98847675928846,"[286157228, 147307825, 380998116, 567946796, 86040355, 548834639, 24404188, 506569481, 446841011, 399578766]","[2, 2, 2, 2, 2, 2, 2, 2, 2, 2]"
674,3,[0],1,0.06945239612832665,0.017814117018133402,1.7377481411676854,"[479429810, 298036482, 593414564, 298259455, 298036483, 68220734, 299190240, 57198665, 521606638, 459136936]","[0, 0, 0, 0, 0, 0, 0, 0, 0, 0]"
675,3,"[10, 11]",2,0.15842518815770745,0.03464157320559025,1.9482983649941161,"[297452036, 431511634, 267699888, 316137471, 267786525, 143523068, 492881089, 476823035, 588659264, 188625824]","[10, 10, 10, 10, 10, 10, 10, 10, 10, 10]"
676,3,[1],1,0.04787183320149779,0.014732121024280787,1.1562415396329015,"[16257992, 47675388, 309054857, 523952019, 105779695, 524016329, 105762078, 359725836, 368238367, 359643363]","[1, 1, 1, 1, 1, 1, 1, 1, 1, 1]"
677,3,"[0, 9, 12]",3,0.24897862505167723,0.0510540846735239,2.0564627037383616,"[393879120, 120717022, 208414194, 99633754, 117226728, 292775917, 99586643, 394084662, 161939041, 394122925]","[0, 0, 0, 0, 0, 0, 0, 0, 0, 0]"
678,3,"[6, 7]",2,0.27328431885689497,0.04958271933719516,3.469508559559472,"[359274305, 269256221, 594206804, 179632193, 133542228, 471314564, 404171624, 269583525, 407302630, 581957968]","[6, 6, 7, 6, 6, 7, 7, 6, 7, 6]"
679,3,"[6, 7]",2,0.27449507592245936,0.04568641725927591,3.469508559559472,"[251448571, 76520495, 122955682, 172705295, 271053136, 317587101, 255456933, 467271521, 2784221, 146700061]","[7, 6, 6, 6, 6, 6, 6, 6, 6, 7]"
680,3,[6],1,0.08076114300638437,0.019826061092317104,1.9941098913550377,"[6087041, 3093750, 574758959, 139111199, 138948511, 139107335, 139151666, 365263623, 139105244, 6187847]","[6, 6, 6, 6, 6, 6, 6, 6, 6, 6]"
681,3,"[3, 11, 13]",3,0.3972920626401901,0.07304060226306319,4.060107904331137,"[114313048, 599021385, 401612053, 304097766, 197884172, 60641588, 263234074, 330812116, 1533948, 60381926]","[3, 11, 3, 13, 3, 3, 13, 11, 11, 11]"
682,3,[18],1,0.0812536901794374,0.02019447786733508,2.0212896917946637,"[515188434, 592443859, 544015597, 222916106, 288213671, 577787135, 466815141, 507276213, 245769430, 14794061]","[18, 18, 18, 18, 18, 18, 18, 18, 18, 18]"
683,3,"[3, 10]",2,0.25110244238749146,0.0403350037522614,4.268456493504345,"[544433926, 475118083, 72251823, 57876847, 9233579, 66268596, 351337989, 334606043, 160159285, 249885454]","[10, 10, 10, 10, 3, 10, 10, 10, 10, 10]"
684,3,"[9, 10]",2,0.09132630378007889,0.026760391891002655,1.1157985985046253,"[323331904, 150893518, 323331937, 323331898, 323331897, 323331800, 436535327, 590199614, 521050186, 323331942]","[9, 10, 10, 9, 10, 10, 9, 9, 9, 10]"
685,3,[19],1,0.052314473781734705,0.014574392233043909,1.2741980063728988,"[84891684, 398728662, 439390382, 431029798, 51780697, 330104749, 578036276, 521224739, 404053353, 507150705]","[19, 19, 19, 19, 19, 19, 19, 19, 19, 19]"
686,3,"[1, 14]",2,0.13392458111047745,0.029896819964051247,1.6614307468989864,"[423940458, 566510859, 160820709, 545779598, 81795891, 78070424, 348696054, 186929008, 222909049, 549712016]","[1, 1, 1, 1, 1, 14, 1, 1, 1, 14]"
687,3,"[2, 10]",2,0.12281685741618276,0.0286271502263844,1.5140838728984818,"[19360602, 63120069, 238908179, 444248865, 504982273, 62157101, 431318285, 143177142, 279242129, 112612737]","[10, 10, 10, 10, 10, 10, 10, 10, 10, 10]"
688,3,[2],1,0.08162306668236852,0.01747811585664749,1.98847675928846,"[318958202, 516751079, 235100348, 571583425, 16894732, 572672887, 36636776, 68375782, 572673091, 403175381]","[2, 2, 2, 2, 2, 2, 2, 2, 2, 2]"
689,3,[8],1,0.062371633015573025,0.016097502317279577,1.5253760810010135,"[306123612, 52575784, 576491031, 401524808, 306228373, 141544878, 259400541, 491268822, 257843766, 170469445]","[8, 8, 8, 8, 8, 8, 8, 8, 8, 8]"
690,3,"[3, 7, 10]",3,0.44135114550590515,0.06960417469963431,4.493940071590866,"[280096083, 36166762, 95044933, 36109231, 280127546, 273529687, 36241184, 257737352, 95292611, 280097005]","[10, 3, 3, 3, 10, 3, 3, 10, 10, 10]"
691,3,"[2, 12]",2,0.2109687509946525,0.03706948785111308,2.6141052594175562,"[566160736, 520887986, 348891253, 114567788, 62289136, 467571338, 462908438, 114567826, 38883366, 239529649]","[12, 12, 12, 12, 12, 12, 12, 12, 12, 12]"
692,3,"[4, 10]",2,0.0841759080067277,0.027848524041473866,1.0372272382955998,"[269368219, 137040379, 503667679, 488891435, 122193393, 520081398, 312692760, 341872422, 109071636, 162322284]","[10, 10, 10, 10, 10, 10, 10, 10, 10, 10]"
693,3,"[4, 8, 9]",3,0.1547848219051957,0.04787858622148633,1.2506819271948189,"[479287218, 116811297, 230188672, 70334368, 529449169, 94793305, 218946949, 393489435, 460679071, 10703501]","[8, 4, 8, 8, 4, 8, 8, 8, 8, 8]"
694,3,"[3, 19]",2,0.26036683144047856,0.04464711621403694,4.385710003436543,"[305897665, 91508183, 490753476, 74605257, 32554631, 342681603, 487905302, 420838997, 238052442, 96455337]","[3, 3, 3, 3, 3, 3, 3, 3, 3, 3]"
695,3,"[1, 10]",2,0.08972117910161614,0.028034189250320196,1.0979662630707026,"[543583528, 491684515, 597824063, 381679109, 295478704, 202195445, 395484314, 444084513, 334451584, 127709350]","[10, 10, 10, 10, 10, 10, 10, 1, 10, 10]"
696,3,[10],1,0.041821985971182585,0.011283627711236477,1.0396909865085036,"[236566880, 593127527, 584775693, 132606092, 138523568, 159551351, 56611648, 329284485, 377182692, 9429165]","[10, 10, 10, 10, 10, 10, 10, 10, 10, 10]"
697,3,"[10, 12, 15]",3,0.3542750016786158,0.06756192492321134,2.974273251524816,"[420223579, 21934541, 41668771, 163010922, 517149999, 148492603, 206589361, 313138102, 373140299, 249732621]","[10, 12, 10, 10, 10, 10, 10, 10, 10, 10]"
698,3,"[8, 15]",2,0.2454127250239253,0.04442250821739435,3.0843855447601527,"[469746537, 533365015, 463863155, 586936329, 581414985, 353123274, 216708216, 216590526, 216755589, 93588993]","[8, 15, 8, 15, 8, 15, 8, 8, 8, 8]"
699,3,"[1, 10, 18]",3,0.17064616363495588,0.04230432445183396,1.405740739312023,"[223279442, 34407516, 165782050, 451084394, 481824024, 155479000, 143827806, 223313719, 223299903, 70542772]","[10, 10, 18, 10, 10, 10, 10, 10, 10, 18]"
700,3,"[10, 15, 18]",3,0.30583939235657454,0.062455281149595976,2.56812522894082,"[15755585, 27506815, 588753166, 297452316, 31155007, 541273729, 502997176, 371104310, 107432089, 283578665]","[10, 10, 18, 10, 10, 10, 10, 18, 10, 10]"
701,3,[1],1,0.0481484099291265,0.013274772092700005,1.1562415396329015,"[335205476, 580978771, 116276053, 285903853, 182399199, 290312855, 235542195, 95793971, 182244542, 504321353]","[1, 1, 1, 1, 1, 1, 1, 1, 1, 1]"
702,3,[15],1,0.185316429939121,0.025842820294201374,4.643395008519292,"[356118835, 356334669, 463089125, 229520666, 32701164, 84443931, 567285168, 563774376, 356263433, 49390909]","[15, 15, 15, 15, 15, 15, 15, 15, 15, 15]"
703,3,[10],1,0.04168448084965348,0.012124271132051945,1.0396909865085036,"[303076252, 494944160, 188412807, 561475598, 103672702, 117787662, 88102447, 555653630, 71963599, 294085916]","[10, 10, 10, 10, 10, 10, 10, 10, 10, 10]"
704,3,"[7, 8]",2,0.25712205143645406,0.043385128024965525,3.23514165438246,"[50797895, 531656131, 581259626, 156800920, 341312319, 593534916, 327187554, 560849002, 341690750, 297117766]","[8, 8, 8, 8, 8, 8, 8, 8, 8, 8]"
705,3,"[4, 9, 10]",3,0.13350880471989512,0.04093251097947359,1.0887868956973155,"[479264094, 125376724, 494441995, 395259281, 378521473, 561935889, 69582267, 137966257, 220983176, 339442591]","[10, 4, 4, 4, 9, 4, 10, 10, 10, 4]"
706,3,"[7, 8, 16]",3,0.3199597354978323,0.0578959034755826,2.677581788273528,"[166929302, 75376229, 444325161, 385139050, 526547697, 544155425, 32041101, 201327355, 381912299, 259768727]","[8, 16, 16, 16, 16, 16, 8, 8, 7, 7]"
707,3,[13],1,0.07414159877225757,0.017044546082615852,1.8261959690134972,"[290423263, 290546975, 141521827, 558769378, 366674039, 296590762, 160086921, 262072973, 442043012, 269632928]","[13, 13, 13, 13, 13, 13, 13, 13, 13, 13]"
708,3,"[12, 14, 15]",3,0.39876119373366237,0.06476463563740253,3.349916240743672,"[445624214, 21209791, 214459992, 582255751, 26580979, 357310198, 244267496, 186070011, 261023680, 210057603]","[12, 12, 12, 12, 12, 12, 12, 12, 12, 12]"
709,3,"[12, 15]",2,0.31245311396196485,0.04883964592590928,3.941564384032972,"[514355034, 91023278, 364123452, 243804062, 326538456, 364227009, 509134941, 540067352, 103309980, 594255946]","[12, 12, 15, 15, 15, 12, 12, 15, 12, 15]"
710,3,"[14, 19]",2,0.13858335325494409,0.03498647175729275,1.720408980268985,"[199872053, 333064862, 74402508, 511648763, 391907968, 204632143, 535203000, 548263377, 480336888, 162935154]","[19, 19, 19, 19, 19, 19, 19, 19, 19, 19]"
711,3,"[0, 1, 10]",3,0.15910740103572607,0.0435694488696754,1.31122688910303,"[532147618, 41366602, 532398561, 396381822, 581804298, 447709396, 586712300, 357694103, 299154706, 93694205]","[10, 0, 0, 0, 0, 0, 0, 10, 10, 10]"
712,3,"[4, 11, 13]",3,0.2323382436297834,0.055726390797644854,1.9059550675253074,"[176759219, 318552186, 68394679, 439594205, 367534742, 466170201, 433161442, 439494746, 92751049, 80758389]","[11, 13, 11, 4, 13, 11, 13, 13, 13, 13]"
713,3,"[9, 10]",2,0.09149542497470975,0.025443586986511946,1.1157985985046253,"[203973167, 193985554, 286601329, 371709521, 277445547, 75993523, 78652326, 443083963, 443083962, 580234576]","[9, 10, 9, 10, 9, 9, 9, 9, 9, 9]"
714,3,[19],1,0.05200007418170571,0.015041754115372896,1.2741980063728988,"[438904754, 407019418, 62203889, 417460514, 406493921, 574225054, 230750417, 473194321, 580720797, 46452780]","[19, 19, 19, 19, 19, 19, 19, 19, 19, 19]"
715,3,"[1, 11, 15]",3,0.3480769982561469,0.06175425695255399,2.8855140972106406,"[139997905, 110075494, 259654997, 486859552, 306799320, 325045770, 35693852, 306780319, 69018570, 241835127]","[15, 1, 1, 11, 11, 1, 11, 11, 15, 1]"
716,3,[9],1,0.04984947293996811,0.013251027092337608,1.191906210500747,"[219247777, 14956816, 404118624, 17511256, 542238967, 271481665, 403891598, 529173650, 535588342, 462095038]","[9, 9, 9, 9, 9, 9, 9, 9, 9, 9]"
717,3,"[4, 10, 18]",3,0.1647726707160473,0.0444820299744606,1.365248056128621,"[423150744, 56737034, 562933801, 421106636, 82776735, 440909851, 460712047, 404847255, 460386170, 171812725]","[18, 10, 10, 10, 18, 10, 10, 10, 18, 10]"
718,3,"[4, 8, 18]",3,0.1867927904240787,0.046505427453666925,1.5271430876261245,"[66220792, 368182769, 83160001, 339075830, 170311604, 288486490, 319706407, 182852859, 346311405, 428261245]","[8, 8, 8, 4, 8, 4, 4, 4, 18, 8]"
719,3,"[4, 9]",2,0.09192730020731688,0.031260857824236155,1.1133348502917215,"[213694925, 200840420, 335626940, 516114027, 131819241, 503450068, 503452741, 332887597, 498525728, 172043876]","[4, 4, 4, 4, 4, 4, 4, 9, 9, 4]"
720,3,"[10, 18]",2,0.12309999763965607,0.03198901982977986,1.5304903391515836,"[42388556, 130285807, 196005135, 190069500, 55484204, 111161273, 42266115, 494050017, 24656633, 302786698]","[18, 18, 18, 18, 18, 18, 18, 18, 18, 18]"
721,3,"[1, 12]",2,0.17769489670172334,0.03408339573070407,2.197987649589777,"[417891217, 76805798, 68427597, 569526539, 280913797, 547125696, 221095546, 597044073, 416051829, 124067658]","[12, 12, 12, 12, 12, 12, 12, 12, 12, 12]"
722,3,[18],1,0.0810355469584465,0.01947057107463479,2.0212896917946637,"[77691294, 438932245, 578938443, 393115337, 191821827, 260549966, 371533472, 214415080, 339900500, 210827489]","[18, 18, 18, 18, 18, 18, 18, 18, 18, 18]"
723,3,[6],1,0.08047484001144767,0.016872225794941187,1.9941098913550377,"[9020838, 76774025, 386802956, 200392849, 188269105, 393822947, 398354679, 587095987, 356654390, 296306727]","[6, 6, 6, 6, 6, 6, 6, 6, 6, 6]"
724,3,"[2, 11]",2,0.19851088291034102,0.03890066221356392,2.4226912513840944,"[458166727, 454207062, 451916269, 96944793, 72844089, 207932964, 364421544, 406355378, 532097811, 107621134]","[2, 2, 2, 2, 2, 2, 2, 2, 2, 2]"
725,3,"[4, 8, 9]",3,0.1542410794645548,0.049028382170945406,1.2506819271948189,"[123306930, 591041043, 351841418, 173561433, 263835484, 349778014, 62639457, 494567852, 130475617, 24851015]","[4, 9, 9, 9, 9, 9, 4, 9, 9, 9]"
726,3,[6],1,0.08077192911878228,0.01721389126032591,1.9941098913550377,"[178802831, 319855764, 174527220, 259717660, 187540254, 548495749, 208427386, 16381369, 36782507, 473491543]","[6, 6, 6, 6, 6, 6, 6, 6, 6, 6]"
727,3,"[3, 9, 10]",3,0.29871475975960493,0.05431915633380413,3.242939732503146,"[435768042, 342043115, 182855474, 22388379, 239426176, 573033301, 280469546, 540276234, 566487774, 389740581]","[3, 9, 10, 3, 9, 3, 3, 3, 10, 9]"
728,3,[8],1,0.06215944094583392,0.01617302279919386,1.5253760810010135,"[475954615, 494301129, 414079641, 347263570, 482255584, 350504084, 69616124, 595501936, 99183468, 148945582]","[8, 8, 8, 8, 8, 8, 8, 8, 8, 8]"
729,3,"[4, 8]",2,0.10439279023557901,0.027860939968377352,1.2800697855418548,"[301893573, 292081751, 241496664, 142253742, 164086875, 224748079, 28049539, 391607797, 44339416, 60572819]","[4, 4, 4, 4, 4, 4, 8, 8, 8, 4]"
730,3,"[4, 18]",2,0.12344995187595487,0.030925112310796976,1.5280265909386799,"[479751424, 363920619, 413628583, 297938562, 315762682, 432774447, 210709175, 332126503, 38270463, 134655643]","[18, 4, 4, 4, 4, 4, 18, 18, 18, 4]"
731,3,"[10, 15]",2,0.22532442677766085,0.037718097679317,2.8415429975138977,"[91554181, 341426383, 494588430, 117033705, 38312370, 571913361, 271723947, 176127713, 144654610, 286784459]","[15, 15, 15, 15, 15, 15, 10, 15, 15, 10]"
732,3,"[0, 9, 10]",3,0.16151122003793716,0.0437458036467433,1.3231151127256453,"[19132216, 224283437, 316276338, 547384795, 409121290, 242123266, 316217329, 206899382, 108568694, 483168469]","[0, 0, 0, 0, 0, 0, 0, 0, 0, 0]"
733,3,"[10, 16, 18]",3,0.18740370403975248,0.048118747305125,1.5411475781196107,"[185126942, 73453623, 205759726, 438930667, 81810707, 358342134, 152636530, 177523159, 265369140, 81610624]","[16, 16, 16, 16, 18, 10, 16, 18, 18, 16]"
734,3,[8],1,0.06209259293973446,0.018510087858885527,1.5253760810010135,"[222732639, 433092664, 295555361, 241963157, 4018879, 5853120, 169074147, 37418, 466560855, 229088560]","[8, 8, 8, 8, 8, 8, 8, 8, 8, 8]"
735,3,"[9, 10]",2,0.09134009899571538,0.02730823401361704,1.1157985985046253,"[523442272, 469630837, 348413791, 89497066, 393431202, 35190427, 569028283, 160125705, 238500784, 382669929]","[9, 9, 9, 9, 9, 9, 9, 9, 9, 9]"
736,3,"[10, 18]",2,0.12285529309883714,0.03190671559423208,1.5304903391515836,"[250495421, 532925761, 112828282, 203940805, 539889840, 91922461, 365822797, 435983546, 57556452, 91922462]","[10, 10, 10, 18, 18, 10, 10, 10, 18, 10]"
737,3,"[1, 10]",2,0.08941724430769682,0.027436202857643366,1.0979662630707026,"[274967503, 197159784, 223354459, 325094629, 84008816, 569752094, 29507369, 533138201, 76001378, 76073665]","[1, 1, 1, 1, 1, 1, 1, 1, 1, 1]"
738,3,[2],1,0.08173532458022237,0.016002207063138485,1.98847675928846,"[490032805, 530482745, 144147272, 433394339, 100305852, 215237817, 138127504, 517280616, 530661354, 283048010]","[2, 2, 2, 2, 2, 2, 2, 2, 2, 2]"
739,3,"[7, 8]",2,0.25613251607865095,0.04109583841636777,3.23514165438246,"[169034073, 75519751, 420560889, 169030897, 58740187, 4573991, 322188794, 176796399, 11795632, 68359383]","[8, 8, 8, 8, 8, 8, 8, 8, 8, 8]"
740,3,"[1, 10]",2,0.09004351682960987,0.0259939250536263,1.0979662630707026,"[134034383, 211568616, 297458372, 14653669, 548468718, 277370827, 280318153, 548449562, 42881514, 38741440]","[10, 1, 10, 1, 1, 1, 10, 1, 10, 10]"
741,3,"[1, 12, 15]",3,0.3615372469648719,0.06205803295597434,3.0131234358996153,"[265676713, 390073910, 4227885, 403296399, 196936640, 363947252, 281300524, 351254502, 416223390, 257734171]","[12, 12, 12, 12, 12, 12, 12, 12, 12, 12]"
742,3,[10],1,0.0415112329646945,0.014148822985589504,1.0396909865085036,"[328926690, 142841584, 366393788, 82961013, 192539996, 37092921, 210699347, 408813883, 527960810, 422015706]","[10, 10, 10, 10, 10, 10, 10, 10, 10, 10]"
743,3,"[4, 9, 19]",3,0.14501330023631454,0.04238141095265746,1.1669559023187805,"[231721073, 470619063, 464199733, 470658626, 333928270, 204560378, 70512822, 231721072, 281954983, 248374760]","[19, 4, 19, 4, 19, 19, 19, 19, 9, 19]"
744,3,"[2, 9]",2,0.13134601525962353,0.034766984172165394,1.5901914848946035,"[436863779, 99713472, 69774209, 179112281, 586714768, 259567035, 250149985, 597193909, 125030038, 96364514]","[2, 2, 2, 2, 2, 2, 2, 2, 2, 2]"
745,3,"[0, 10, 12]",3,0.24042221391573548,0.05386609770357609,2.005724295740947,"[305975296, 129221555, 495070446, 207471102, 142799753, 30262928, 163884444, 297134022, 207045293, 129013726]","[12, 0, 12, 12, 12, 12, 12, 12, 12, 12]"
746,3,"[2, 10]",2,0.1229328946210444,0.029888852033764124,1.5140838728984818,"[232624377, 33312517, 146177913, 356326206, 484594305, 381308412, 289828106, 463278358, 356049878, 484594304]","[2, 2, 2, 2, 2, 2, 2, 2, 2, 2]"
747,3,[18],1,0.08114716410636902,0.019013833720237017,2.0212896917946637,"[199462273, 444388261, 330475937, 251578054, 89796740, 234933274, 173834389, 529235897, 41256285, 554267444]","[18, 18, 18, 18, 18, 18, 18, 18, 18, 18]"
748,3,"[9, 10, 12]",3,0.22093298751860857,0.049516801722347736,1.8237769855186343,"[127044680, 331992073, 394531784, 190151555, 256078915, 66637549, 436668879, 398841118, 514433967, 398912427]","[10, 12, 10, 9, 9, 12, 12, 9, 10, 12]"
749,3,"[1, 18]",2,0.12880130112171173,0.029833332169800997,1.5887656157137826,"[555807422, 46045003, 588047940, 74666318, 547712943, 140457520, 555807416, 549181239, 555807419, 299301052]","[18, 18, 1, 18, 18, 1, 1, 1, 1, 1]"
750,3,[10],1,0.04153350507840514,0.012406767811626196,1.0396909865085036,"[94418452, 302611918, 134222644, 302659270, 109372265, 469786629, 79750627, 566169163, 51085809, 68109034]","[10, 10, 10, 10, 10, 10, 10, 10, 10, 10]"
751,3,"[1, 6]",2,0.12839541118592024,0.031811611726880074,1.5751757154939696,"[186250303, 390290954, 27545485, 76431484, 60578090, 247203506, 450346825, 234466048, 407663598, 548876211]","[6, 6, 6, 1, 6, 6, 6, 6, 6, 6]"
752,3,[19],1,0.0520645547658205,0.016002846881747246,1.2741980063728988,"[188276849, 426027857, 321081448, 446586320, 75409110, 501628430, 289790944, 511282565, 73261937, 203027863]","[19, 19, 19, 19, 19, 19, 19, 19, 19, 19]"
753,3,"[9, 19]",2,0.10192510113120079,0.0334086106158793,1.233052108436823,"[15269684, 477254712, 201963919, 68741689, 465257901, 244398823, 192206802, 50436031, 400060721, 159061534]","[9, 9, 9, 9, 9, 9, 9, 9, 9, 9]"
754,3,[18],1,0.08118613995611668,0.018533383961766958,2.0212896917946637,"[15635307, 312724952, 316922452, 15291053, 216946039, 220189977, 456888009, 179484769, 398032705, 15389557]","[18, 18, 18, 18, 18, 18, 18, 18, 18, 18]"
755,3,"[1, 12]",2,0.17776142898947,0.03387529915198684,2.197987649589777,"[554846630, 539696679, 223674121, 95700958, 223674897, 585205900, 226689730, 469179213, 343086355, 36632702]","[12, 12, 12, 12, 12, 12, 12, 12, 12, 12]"
756,3,"[9, 10]",2,0.09191933553665876,0.02732948213815689,1.1157985985046253,"[143840965, 507145613, 413826743, 23358153, 498454879, 125223810, 208889889, 596226604, 505764537, 527260722]","[10, 10, 9, 10, 9, 9, 10, 9, 10, 10]"
757,3,"[4, 8]",2,0.1045338474214077,0.029599699657410383,1.2800697855418548,"[370815650, 322719624, 470526803, 27740414, 273230502, 328603977, 156101226, 158853418, 506024414, 555358027]","[8, 4, 4, 8, 4, 4, 8, 8, 4, 8]"
758,3,[16],1,0.06451458716765046,0.015787166077643633,1.562462056055665,"[160416779, 813693, 323002308, 409250691, 414800427, 275472747, 172223973, 541085700, 233627995, 287647708]","[16, 16, 16, 16, 16, 16, 16, 16, 16, 16]"
759,3,[19],1,0.0520157222636044,0.014417113270610571,1.2741980063728988,"[581598743, 306077794, 204153808, 428247136, 33707675, 412322717, 472399417, 253949050, 321251817, 175409411]","[19, 19, 19, 19, 19, 19, 19, 19, 19, 19]"
760,3,"[1, 2, 15]",3,0.3158570076338947,0.05917472578585148,2.5960377691468843,"[495038674, 354277872, 206230060, 479991039, 183789871, 228997020, 217592047, 331740458, 403651498, 230938517]","[2, 15, 2, 15, 2, 1, 15, 15, 1, 15]"
761,3,"[10, 18]",2,0.12288739066570997,0.030807415954768658,1.5304903391515836,"[182749746, 203684967, 144733671, 214839887, 214909000, 127517746, 22329715, 123746413, 10515147, 420808461]","[10, 18, 10, 18, 10, 18, 10, 18, 18, 10]"
762,3,[2],1,0.08178393403068185,0.01819376600906253,1.98847675928846,"[483929454, 281576046, 288465784, 284939827, 426437149, 281576039, 128685229, 352335645, 281576050, 416758914]","[2, 2, 2, 2, 2, 2, 2, 2, 2, 2]"
763,3,[6],1,0.08084674691781402,0.01785110915079713,1.9941098913550377,"[327510496, 525529653, 9337302, 158439522, 119244369, 568282822, 358237011, 271537006, 290920336, 486573988]","[6, 6, 6, 6, 6, 6, 6, 6, 6, 6]"
764,3,"[4, 8]",2,0.10548082692548633,0.030588791240006685,1.2800697855418548,"[470536358, 288475887, 325147796, 525046357, 75074402, 294191025, 70495944, 19182789, 76054023, 484460163]","[8, 8, 8, 8, 4, 4, 8, 8, 8, 8]"
765,3,"[4, 7, 19]",3,0.2884455085732043,0.06054295599460602,2.4179562414065003,"[141090441, 449849523, 82211827, 2312390, 450015810, 107564364, 507668000, 571211820, 87858039, 40119595]","[19, 19, 19, 19, 19, 19, 19, 7, 19, 4]"
766,3,"[1, 10]",2,0.08921695547178388,0.02707988116890192,1.0979662630707026,"[334710393, 46941624, 525776769, 477671369, 184019416, 587243906, 267276402, 206332309, 125111776, 101462947]","[10, 10, 10, 1, 1, 1, 1, 1, 1, 1]"
767,3,"[1, 2]",2,0.12952972063794732,0.029234768822789192,1.5723591494606808,"[538730025, 546916548, 126273253, 216105455, 494551035, 440684662, 429719592, 469196941, 587476054, 487053834]","[1, 1, 1, 1, 1, 1, 1, 1, 1, 1]"
768,3,"[9, 15, 19]",3,0.28563970420509577,0.05673039751127362,2.369833075130979,"[3390687, 90128001, 22114232, 90061036, 394575987, 317157711, 144379617, 1984326, 405139482, 190781472]","[9, 9, 9, 9, 9, 9, 9, 9, 9, 9]"
769,3,"[3, 10]",2,0.24871991481631994,0.04045116622000933,4.268456493504345,"[439483464, 151244184, 65622397, 255663517, 335714306, 15813981, 106985993, 255458471, 130246817, 14726266]","[3, 3, 3, 3, 3, 3, 3, 3, 3, 3]"
770,3,"[12, 13]",2,0.20279096672311425,0.037523570004850626,2.532964864280075,"[145195018, 309803570, 264074098, 372949320, 119994880, 196903356, 9789192, 579436329, 264626432, 144556694]","[13, 13, 13, 12, 13, 13, 12, 13, 12, 13]"
771,3,"[4, 8, 19]",3,0.15728618204593658,0.045652465894818306,1.2781125258188695,"[125555073, 430068002, 519248949, 82630639, 394514393, 432564336, 493032124, 91264966, 5802309, 270856419]","[8, 8, 8, 8, 4, 8, 8, 19, 4, 19]"
772,3,"[4, 10]",2,0.08383818296715617,0.027494410518556833,1.0372272382955998,"[404794810, 175731954, 31058126, 159317649, 368163645, 543943816, 10021617, 87605363, 289391580, 542896498]","[4, 4, 10, 4, 4, 4, 4, 4, 4, 10]"
773,3,[9],1,0.04993555508553982,0.01639004796743393,1.191906210500747,"[492751080, 205233105, 457281331, 340541339, 546584453, 181493268, 567329472, 288187214, 588766771, 546832322]","[9, 9, 9, 9, 9, 9, 9, 9, 9, 9]"
774,3,[18],1,0.08139839814975858,0.019378378987312317,2.0212896917946637,"[448226931, 309062199, 81832684, 123840197, 220335724, 556173834, 123840205, 389361889, 288329360, 123840198]","[18, 18, 18, 18, 18, 18, 18, 18, 18, 18]"
775,3,"[4, 10, 18]",3,0.16533165238797665,0.04396381974220276,1.365248056128621,"[453801749, 422914810, 414352737, 338967500, 109319028, 370292875, 265841295, 73826653, 75271780, 393460310]","[18, 18, 4, 4, 18, 18, 18, 18, 4, 18]"
776,3,[0],1,0.06946571078151464,0.016972930170595646,1.7377481411676854,"[231446595, 253762950, 168448379, 300484739, 519505046, 560816635, 117280640, 30789346, 95492765, 236212957]","[0, 0, 0, 0, 0, 0, 0, 0, 0, 0]"
777,3,"[2, 3]",2,0.2935133995488286,0.04087308654561639,4.742849379894324,"[59536897, 271957382, 59536898, 461574611, 244982098, 45318251, 35817665, 333885212, 417132592, 45318255]","[2, 2, 2, 2, 2, 2, 2, 2, 2, 3]"
778,3,[2],1,0.08165049506351352,0.017314946744590998,1.98847675928846,"[361527157, 68971592, 37715489, 134414390, 472060781, 319229323, 446901347, 78162269, 581028629, 361548506]","[2, 2, 2, 2, 2, 2, 2, 2, 2, 2]"
779,3,"[2, 10]",2,0.12349020875990391,0.029964372981339693,1.5140838728984818,"[73062366, 50402763, 513912888, 50429658, 41559533, 29858437, 448305655, 384486365, 50402761, 580441216]","[2, 2, 2, 2, 2, 2, 2, 2, 2, 2]"
780,3,[8],1,0.06230971496552229,0.017055907286703587,1.5253760810010135,"[388387883, 435849178, 426186555, 86556513, 477879499, 478691689, 550074616, 65269459, 78441587, 182430929]","[8, 8, 8, 8, 8, 8, 8, 8, 8, 8]"
781,3,[16],1,0.06472617294639349,0.014131767209619284,1.562462056055665,"[77482733, 198733262, 61417956, 508566343, 46651786, 112442356, 64881757, 394298191, 284569134, 390092863]","[16, 16, 16, 16, 16, 16, 16, 16, 16, 16]"
782,3,[8],1,0.062263378873467445,0.015847038011997938,1.5253760810010135,"[94564213, 534350521, 90969118, 441905717, 338303698, 170393771, 482155500, 240981454, 353093644, 877821]","[8, 8, 8, 8, 8, 8, 8, 8, 8, 8]"
783,3,[0],1,0.0695310877636075,0.016789825167506933,1.7377481411676854,"[590185192, 280384104, 248741750, 117598454, 84329999, 374802457, 84329986, 317849805, 590318906, 441202024]","[0, 0, 0, 0, 0, 0, 0, 0, 0, 0]"
784,3,[0],1,0.06983236921951175,0.014289784245193005,1.7377481411676854,"[199166211, 417355448, 459227806, 466184102, 337111750, 328192286, 392927095, 265397071, 464121153, 337111761]","[0, 0, 0, 0, 0, 0, 0, 0, 0, 0]"
785,3,"[10, 11]",2,0.15937521308660507,0.03210322931408882,1.9482983649941161,"[156315290, 120395787, 479594550, 286274216, 132539877, 544418098, 197754825, 385546444, 39189654, 293081936]","[11, 11, 11, 11, 10, 10, 11, 11, 10, 10]"
786,3,[18],1,0.08187241526320577,0.01819690316915512,2.0212896917946637,"[551214505, 475566736, 234480471, 463874190, 423901142, 358464511, 432890679, 542646214, 498712020, 442806014]","[18, 18, 18, 18, 18, 18, 18, 18, 18, 18]"
787,3,"[4, 9]",2,0.0922277825884521,0.029729684349149466,1.1133348502917215,"[229540847, 438010534, 359901671, 251994508, 343763961, 95676860, 70556567, 185774710, 388016414, 121761180]","[9, 4, 9, 4, 9, 4, 4, 4, 4, 4]"
788,3,"[4, 9]",2,0.09203735133633018,0.02924043545499444,1.1133348502917215,"[487557268, 237458435, 322661010, 456409218, 162948012, 596081573, 314148544, 254871755, 123899154, 596065432]","[9, 4, 4, 4, 4, 9, 4, 4, 9, 9]"
789,3,"[1, 4, 10]",3,0.13198752282187343,0.042294692248106,1.0768986720747005,"[236530606, 408116495, 316854552, 306000602, 585480619, 324105093, 11538798, 289018475, 3925206, 436178703]","[10, 10, 10, 10, 4, 10, 10, 4, 4, 1]"
790,3,"[3, 16]",2,0.2738461261615157,0.042604229878634214,4.529842028277926,"[599221685, 380698481, 512991142, 262815169, 315444936, 177122931, 61356790, 247507137, 362171906, 247503072]","[16, 16, 16, 16, 16, 16, 16, 16, 16, 16]"
791,3,"[7, 10]",2,0.23463915660977364,0.04219725215807557,2.992299107136205,"[515338290, 396495284, 14249969, 41155208, 396530260, 86350482, 377072925, 566550535, 411639281, 455560432]","[7, 7, 7, 7, 7, 10, 7, 7, 10, 10]"
792,3,[16],1,0.06461871601641178,0.01438299985602498,1.562462056055665,"[84427599, 405761428, 9831061, 518940904, 122518687, 13377183, 269433434, 406743992, 525393269, 9938394]","[16, 16, 16, 16, 16, 16, 16, 16, 16, 16]"
793,3,"[3, 9, 10]",3,0.2990052639506757,0.050361764151602983,3.242939732503146,"[440358999, 88132546, 569026839, 359211126, 181890903, 510056176, 510057177, 260064345, 404157037, 318945516]","[3, 9, 9, 3, 10, 10, 10, 3, 9, 10]"
794,3,"[8, 19]",2,0.11425375798717141,0.029991733375936747,1.3997870436869562,"[498308087, 297506843, 486149309, 7409874, 244391608, 322895314, 105550276, 61642155, 535635154, 96219582]","[19, 19, 8, 19, 19, 19, 8, 19, 19, 19]"
795,3,[18],1,0.08120345417410135,0.01776909315958619,2.0212896917946637,"[357626915, 7668981, 228603212, 287942832, 492746512, 377277065, 139212702, 76689036, 228617234, 181428961]","[18, 18, 18, 18, 18, 18, 18, 18, 18, 18]"
796,3,"[16, 18]",2,0.14627334009855986,0.03292438527569175,1.7918758739251643,"[333331633, 461496564, 369104080, 143580053, 81566344, 422515946, 458830747, 343364802, 138351033, 7319301]","[18, 16, 16, 18, 16, 16, 16, 16, 18, 16]"
797,3,[1],1,0.04755672998726368,0.014509369153529406,1.1562415396329015,"[273631898, 273663177, 552994282, 436919312, 98304605, 53935420, 162733227, 181059617, 583634016, 20425128]","[1, 1, 1, 1, 1, 1, 1, 1, 1, 1]"
798,3,"[10, 12, 13]",3,0.24476649379357696,0.05318855866789818,2.0352069050228843,"[433323913, 481175924, 168133538, 215456178, 463583639, 387115136, 466143566, 96347394, 415628246, 484251347]","[12, 12, 12, 12, 12, 12, 12, 12, 12, 12]"
799,3,"[6, 7]",2,0.27331156516447663,0.04519320046529174,3.469508559559472,"[351245664, 376513868, 20055048, 128344438, 392515992, 78398179, 345782426, 378225002, 191593345, 371203224]","[6, 6, 6, 6, 6, 6, 6, 6, 6, 6]"
800,3,"[16, 18]",2,0.14769561775028706,0.03255833499133587,1.7918758739251643,"[482762040, 342908927, 471471192, 208076775, 590667230, 561001039, 452179715, 316818274, 561176458, 344758109]","[16, 16, 18, 16, 16, 18, 16, 18, 16, 16]"
801,3,"[4, 15, 18]",3,0.30684616044163704,0.05779929831624031,2.566482730132217,"[74849049, 165673250, 540392497, 455334205, 560115302, 30711889, 392853422, 30150627, 207284322, 510257289]","[15, 18, 18, 18, 4, 15, 4, 18, 18, 4]"
802,3,"[2, 10]",2,0.1231888011097908,0.03035730216652155,1.5140838728984818,"[171221271, 276874975, 223842080, 218150909, 74539230, 159276580, 27514283, 226045049, 86049469, 259050741]","[10, 2, 2, 2, 10, 2, 2, 10, 2, 10]"
803,3,[9],1,0.04983059503138065,0.013117395341396332,1.191906210500747,"[288841758, 432090101, 568673377, 250940003, 109638855, 585638962, 466962496, 215369858, 591554237, 332506833]","[9, 9, 9, 9, 9, 9, 9, 9, 9, 9]"
804,3,"[4, 8, 11]",3,0.2237578360363841,0.051434984896332026,1.8056817715211462,"[440242907, 78528402, 171973685, 440354113, 241278131, 151125495, 111845118, 76481086, 495700025, 426880420]","[11, 11, 8, 11, 11, 4, 4, 8, 8, 8]"
805,3,"[0, 7]",2,0.2622968666255474,0.043090983759611845,3.3413276844657958,"[546332249, 21129175, 295071862, 395839506, 266610220, 231654730, 283348021, 556621040, 577743024, 310191352]","[0, 0, 0, 0, 0, 0, 7, 0, 0, 0]"
806,3,"[9, 10, 18]",3,0.1739767761901021,0.04486699169501662,1.4176289629346381,"[525363080, 189485965, 79439685, 223020242, 223020241, 455461316, 135591107, 63318695, 480015794, 519460397]","[10, 9, 9, 10, 9, 9, 9, 18, 9, 18]"
807,3,"[4, 7]",2,0.2355459458194673,0.044149772729724646,2.989835358923301,"[526280154, 545821299, 462955477, 411326112, 423700160, 241796868, 253442550, 84473634, 509457206, 377202087]","[4, 4, 4, 4, 4, 4, 4, 7, 4, 4]"
808,3,"[1, 10, 15]",3,0.2732948623597622,0.05713318381458521,2.279775844886899,"[471538335, 454252821, 561549556, 378813124, 377725690, 19795167, 385974109, 320167445, 407454810, 23156939]","[1, 1, 1, 1, 1, 1, 1, 1, 1, 1]"
809,3,"[3, 6]",2,0.28851904906332493,0.0508620860055089,4.7456659459276125,"[423063866, 253478887, 14665769, 4919323, 341461041, 133129495, 384700828, 422341806, 479763995, 493350499]","[6, 3, 6, 6, 6, 6, 6, 3, 6, 6]"
810,3,[19],1,0.0522201731801033,0.015318396035581827,1.2741980063728988,"[569747888, 343843896, 397365936, 569747913, 7778957, 32747278, 127070054, 75369376, 581475779, 419761138]","[19, 19, 19, 19, 19, 19, 19, 19, 19, 19]"
811,3,"[7, 15, 16]",3,0.4424506928771734,0.07750609563663602,3.716921430779621,"[95674350, 83388439, 254249257, 482772616, 238910541, 222283007, 274675334, 329488606, 73150447, 585442522]","[16, 16, 7, 7, 16, 16, 16, 15, 7, 15]"
812,3,"[6, 12]",2,0.21109372284263372,0.03961468441411853,2.616921825450845,"[433487277, 411791788, 447995370, 415492035, 584409108, 383510698, 527474121, 168502178, 12961426, 450072464]","[6, 12, 12, 6, 6, 12, 12, 12, 6, 6]"
813,3,"[15, 19]",2,0.23681852780282497,0.0400865888223052,2.9587965074460953,"[325920311, 512099405, 93108396, 452673403, 305684181, 217374187, 537890579, 305684177, 190182926, 228268366]","[19, 19, 19, 15, 15, 15, 19, 19, 19, 19]"
814,3,"[3, 14]",2,0.29388908855617046,0.048157596960663795,4.831920977332629,"[72904289, 502655213, 340599533, 169184272, 354551477, 199308255, 378118468, 404614755, 375737111, 302848840]","[14, 3, 14, 3, 3, 14, 14, 14, 14, 3]"
815,3,"[3, 13, 15]",3,0.46778461849316955,0.08112732693552971,4.655604326010992,"[302031604, 326813122, 390012618, 301544297, 164701156, 324619110, 568035754, 474359876, 436657279, 435329890]","[13, 13, 3, 3, 3, 3, 13, 13, 3, 13]"
816,3,"[10, 12]",2,0.17195952218025923,0.034189094323664904,2.139712373027578,"[456601074, 117369514, 499615542, 75653653, 48979196, 48975547, 190097047, 174666670, 48986741, 188109299]","[10, 10, 10, 10, 10, 10, 10, 10, 10, 12]"
817,3,[18],1,0.08211820991709828,0.01888570562005043,2.0212896917946637,"[189756710, 546620521, 141747554, 535394321, 78131193, 69964102, 501852105, 297618934, 141747543, 536687610]","[18, 18, 18, 18, 18, 18, 18, 18, 18, 18]"
818,3,[18],1,0.08132831891998649,0.019284811802208424,2.0212896917946637,"[325937048, 71571922, 245169167, 160983765, 162773863, 222803614, 535325205, 307655073, 345784330, 269633147]","[18, 18, 18, 18, 18, 18, 18, 18, 18, 18]"
819,3,"[2, 10]",2,0.12346835481002927,0.02664628205820918,1.5140838728984818,"[363502546, 370309140, 43217211, 260118514, 169104147, 87392741, 436027833, 274526481, 363508053, 138697469]","[10, 10, 10, 10, 10, 10, 10, 10, 10, 10]"
820,3,"[0, 15]",2,0.2532619531266391,0.04292887216433883,3.1905715748434886,"[265708503, 204891568, 99900872, 124735734, 423985848, 460459031, 184416773, 542111364, 502208069, 323596152]","[0, 0, 0, 0, 0, 0, 0, 0, 0, 0]"
821,3,[12],1,0.12937186704948545,0.020049838349223137,3.2397337595466524,"[518903693, 239028560, 350157917, 176533017, 416319116, 401719245, 443063391, 198903004, 193216966, 350541807]","[12, 12, 12, 12, 12, 12, 12, 12, 12, 12]"
822,3,[8],1,0.06248763715848327,0.016103551257401705,1.5253760810010135,"[435953124, 461552910, 133784506, 204458540, 6711057, 285290085, 239405223, 7508107, 204484192, 412583065]","[8, 8, 8, 8, 8, 8, 8, 8, 8, 8]"
823,3,[0],1,0.06973793683573604,0.015741053968667984,1.7377481411676854,"[122861129, 123211615, 122960842, 159061239, 251115261, 388968961, 122861131, 123211614, 548933798, 17605742]","[0, 0, 0, 0, 0, 0, 0, 0, 0, 0]"
824,3,"[9, 14, 16]",3,0.20158325601369143,0.050730662420392036,1.640329406907161,"[406116702, 469393381, 19492396, 508876997, 392125912, 321232038, 155789864, 392381230, 258336152, 349542982]","[9, 9, 9, 16, 9, 9, 9, 16, 16, 16]"
825,3,"[8, 9]",2,0.11306834826245904,0.031073112972080708,1.3586411457508802,"[373655150, 546767913, 91023937, 389585265, 191239138, 249506230, 198741429, 375374551, 572202631, 119324248]","[8, 9, 8, 8, 8, 9, 8, 8, 9, 8]"
826,3,"[4, 8]",2,0.10446927417069674,0.03040232788771391,1.2800697855418548,"[489703938, 327507300, 399547913, 219219122, 54730020, 195738853, 417561360, 340742549, 236646993, 187344130]","[8, 8, 8, 8, 8, 8, 8, 8, 8, 8]"
827,3,"[9, 10, 16]",3,0.15633542789146304,0.044898321852087975,1.2646864176883053,"[249867224, 229673572, 151311741, 490398941, 304726556, 72253503, 229673571, 441560774, 299186712, 389430182]","[10, 16, 16, 16, 16, 16, 16, 16, 16, 16]"
828,3,"[10, 12]",2,0.17271242337301373,0.0364794391207397,2.139712373027578,"[113927593, 216752100, 443458963, 599937149, 216845487, 27087399, 27087371, 538193308, 535506434, 350172041]","[12, 12, 12, 12, 12, 12, 12, 12, 12, 12]"
829,3,"[4, 8, 10]",3,0.14666259149089456,0.04624360613524914,1.1999435191974044,"[276824263, 480784048, 584665657, 296559762, 421815662, 496120715, 226999641, 187571667, 40986260, 6711057]","[10, 10, 10, 10, 10, 10, 10, 8, 10, 8]"
830,3,"[4, 8]",2,0.10549292666837573,0.027988556772470474,1.2800697855418548,"[441647516, 367323591, 381829899, 438982471, 412646774, 394992300, 467448389, 200074547, 376998627, 399350441]","[8, 8, 8, 8, 8, 8, 8, 8, 8, 8]"
831,3,"[4, 9]",2,0.09220173815265298,0.029425811022520065,1.1133348502917215,"[8491457, 340618239, 124183150, 391680199, 126637181, 154365432, 160880787, 293991738, 317663040, 379528431]","[4, 9, 9, 9, 9, 9, 9, 9, 4, 9]"
832,3,"[3, 15, 16]",3,0.45639891223981977,0.0746598457917571,4.567693021691714,"[227737429, 443250896, 143782070, 523319676, 142534199, 418897785, 333304113, 114655057, 30780723, 9538672]","[16, 16, 16, 16, 16, 16, 16, 16, 16, 16]"
833,3,[16],1,0.06486985413357615,0.016419711988419294,1.562462056055665,"[184550281, 330187591, 499907814, 364229217, 489438597, 455690861, 118719336, 586721881, 52058820, 356597521]","[16, 16, 16, 16, 16, 16, 16, 16, 16, 16]"
834,3,[2],1,0.08187478501349688,0.017903653904795647,1.98847675928846,"[434542501, 217125674, 286338671, 95975796, 571534275, 489000797, 230364669, 491729954, 71618190, 66595233]","[2, 2, 2, 2, 2, 2, 2, 2, 2, 2]"
835,3,[8],1,0.06466678204014897,0.01805559080094099,1.5253760810010135,"[540749770, 21827134, 236055833, 368893459, 280808789, 228982019, 236055832, 581076009, 580940482, 235905561]","[8, 8, 8, 8, 8, 8, 8, 8, 8, 8]"
836,3,"[1, 6, 7]",3,0.3220589295960963,0.058645350858569145,2.6984195529172816,"[401769643, 245418497, 178423799, 270765066, 98646838, 104090445, 104850119, 431472895, 178426649, 545968300]","[7, 6, 1, 1, 6, 7, 7, 7, 1, 6]"
837,3,"[15, 16]",2,0.2517119967378676,0.044358125887811184,3.1029285322874784,"[350013298, 398947805, 134561125, 332085164, 216670285, 352183666, 519038739, 76032544, 53959463, 114508986]","[16, 16, 16, 16, 16, 15, 16, 15, 16, 16]"
838,3,[16],1,0.06500518321990967,0.015363004989922047,1.562462056055665,"[590357826, 219437928, 24570460, 187123607, 118783712, 187179861, 175462001, 367528210, 527438754, 24570459]","[16, 16, 16, 16, 16, 16, 16, 16, 16, 16]"
839,3,"[4, 18]",2,0.12386455107480288,0.03341027535498142,1.5280265909386799,"[138366709, 266734567, 313988359, 484722634, 561258797, 482250680, 297219429, 198235008, 47680120, 482254926]","[18, 18, 18, 18, 18, 4, 4, 18, 18, 18]"
840,3,[19],1,0.05239367764443159,0.013990679290145636,1.2741980063728988,"[261381281, 573127377, 92937991, 441340568, 359977576, 138868983, 144662308, 456298196, 359972516, 478786710]","[19, 19, 19, 19, 19, 19, 19, 19, 19, 19]"
841,3,"[4, 13, 15]",3,0.299829273018986,0.061283024959266186,2.5014514892051616,"[43171719, 528130805, 514453858, 525458684, 538584591, 514897301, 100921820, 246305164, 253703487, 260149564]","[4, 15, 15, 15, 4, 4, 15, 15, 15, 4]"
842,3,"[9, 10, 19]",3,0.14390856586396694,0.04092620778828859,1.1685984011273831,"[78827321, 35313378, 421958143, 61757192, 269026244, 400861317, 168163685, 136647997, 542616185, 32484666]","[10, 10, 10, 10, 10, 10, 10, 9, 10, 9]"
843,3,"[4, 8]",2,0.10454856976866722,0.030237174592912197,1.2800697855418548,"[100058525, 430366583, 42891670, 578026516, 533552145, 16580535, 482635667, 57817423, 215371814, 333788738]","[4, 8, 4, 8, 4, 4, 8, 4, 8, 8]"
844,3,[12],1,0.131400965154171,0.019374508410692215,3.2397337595466524,"[572004929, 386763457, 95514323, 515961481, 153409270, 133039812, 412024523, 452906080, 67122485, 522295305]","[12, 12, 12, 12, 12, 12, 12, 12, 12, 12]"
845,3,[8],1,0.06256686989217997,0.016628481913357973,1.5253760810010135,"[210911512, 450105911, 151739648, 532212276, 431430781, 403088872, 476733758, 515245053, 321503904, 583426662]","[8, 8, 8, 8, 8, 8, 8, 8, 8, 8]"
846,3,[6],1,0.08081452501937747,0.019434189423918724,1.9941098913550377,"[176896948, 113103367, 378506052, 428254010, 499747030, 131341583, 91486397, 176835666, 275719177, 64263]","[6, 6, 6, 6, 6, 6, 6, 6, 6, 6]"
847,3,[4],1,0.04235229501500726,0.012804786209017038,1.034763490082696,"[211478103, 5266807, 211464483, 395902506, 186844356, 436410532, 132540708, 432528360, 132475661, 577844901]","[4, 4, 4, 4, 4, 4, 4, 4, 4, 4]"
848,3,"[9, 19]",2,0.10219323355704546,0.03120917920023203,1.233052108436823,"[19555780, 175512374, 199477483, 19579651, 149086318, 19582121, 45690194, 284388133, 19573617, 456774837]","[19, 19, 19, 19, 19, 19, 19, 19, 19, 19]"
849,3,"[7, 8]",2,0.25590580608695745,0.042505734134465456,3.23514165438246,"[269323863, 521262335, 356377308, 278359722, 338490120, 112406467, 320965521, 564218028, 498412961, 440638890]","[7, 8, 7, 8, 8, 7, 7, 7, 8, 8]"
850,3,"[4, 19]",2,0.09435057872906327,0.030723735690116882,1.1544807482277974,"[352071651, 113992217, 415740214, 409480815, 421371089, 183599496, 350994816, 358085096, 276836020, 314692744]","[19, 19, 19, 19, 19, 19, 19, 19, 19, 19]"
851,3,[19],1,0.052009579725563526,0.01603174302726984,1.2741980063728988,"[87493762, 188328316, 11248292, 505651515, 92264420, 230403360, 593930927, 551622090, 228651129, 150579725]","[19, 19, 19, 19, 19, 19, 19, 19, 19, 19]"
852,3,"[0, 12]",2,0.1993180001154542,0.0372061301022768,2.488740950357169,"[37811016, 473504460, 582813404, 215820939, 473482680, 285265932, 324368555, 562094452, 562100179, 217631526]","[12, 12, 12, 12, 12, 12, 12, 0, 12, 12]"
853,3,"[7, 15]",2,0.37650522496551275,0.05490293586626649,4.794151118141599,"[599170764, 209157692, 481581017, 167656863, 536650870, 430690500, 429830540, 579563702, 502865049, 47244420]","[15, 15, 15, 15, 15, 15, 15, 15, 15, 15]"
854,3,"[16, 18]",2,0.146710688713938,0.0317502049729228,1.7918758739251643,"[298557429, 264837653, 346482625, 224958773, 366603740, 271578965, 296866940, 452451777, 21597522, 496570570]","[18, 16, 16, 18, 18, 18, 18, 16, 18, 16]"
855,3,"[16, 18]",2,0.14558197977021337,0.0327828167937696,1.7918758739251643,"[13500227, 558483892, 243640497, 473190041, 20101791, 238138424, 13415872, 20101788, 238474670, 282175107]","[18, 16, 18, 18, 18, 18, 18, 18, 18, 18]"
856,3,[19],1,0.052081260830163956,0.013158516027033329,1.2741980063728988,"[271924014, 43398037, 503788850, 260585669, 474652244, 455925797, 215918210, 146973603, 486569386, 395348698]","[19, 19, 19, 19, 19, 19, 19, 19, 19, 19]"
857,3,"[4, 15]",2,0.22704556491225958,0.04318474605679512,2.839079249300994,"[486560079, 361198864, 143067917, 220798813, 157855667, 579818435, 555986737, 521393717, 100839250, 324095745]","[15, 4, 4, 4, 4, 15, 4, 4, 4, 4]"
858,3,"[1, 15]",2,0.23519753338769078,0.03785848570987582,2.8998182740760967,"[63204988, 429446346, 258776256, 321572892, 287624253, 284897370, 520162094, 11087265, 307123304, 63211212]","[1, 1, 15, 1, 15, 1, 1, 1, 1, 1]"
859,3,[19],1,0.052157710306346416,0.016237888019531965,1.2741980063728988,"[527568896, 396105967, 332602224, 527670657, 318367759, 564144967, 527568903, 68482796, 593165598, 172878912]","[19, 19, 19, 19, 19, 19, 19, 19, 19, 19]"
860,3,"[2, 12]",2,0.2109077419154346,0.03879647282883525,2.6141052594175562,"[535675477, 355548424, 270006756, 301349402, 507596443, 313944357, 267260077, 83315250, 357961509, 192245896]","[2, 2, 2, 2, 2, 2, 2, 2, 2, 2]"
861,3,"[1, 3]",2,0.3116914345882833,0.0401693107560277,4.326731770066544,"[541869874, 387580617, 512795844, 10625348, 425468283, 85862371, 101572055, 62124119, 339259479, 584974950]","[1, 1, 1, 3, 3, 3, 1, 3, 3, 3]"
862,3,"[4, 7]",2,0.23542508808895946,0.04480167990550399,2.989835358923301,"[153869902, 384615804, 363362129, 464755881, 226483912, 83369202, 462875104, 576449556, 83051258, 418552322]","[4, 4, 4, 4, 4, 4, 4, 4, 4, 4]"
863,3,[6],1,0.08074921369552612,0.02158814901486039,1.9941098913550377,"[419712632, 165915394, 316566842, 147136187, 224548655, 583929514, 328080161, 181293187, 524619701, 193084922]","[6, 6, 6, 6, 6, 6, 6, 6, 6, 6]"
864,3,[7],1,0.19273672671988606,0.026963466312736273,4.944907227763906,"[103994370, 64154372, 265249519, 436371389, 348268592, 138290075, 330579822, 288393933, 592062875, 52514966]","[7, 7, 7, 7, 7, 7, 7, 7, 7, 7]"
865,3,"[7, 8, 15]",3,0.44027757411822677,0.07180290622636676,3.704559439094737,"[512035625, 366700818, 202541021, 330189816, 146102195, 476184840, 191788327, 76200921, 261534080, 232353326]","[8, 8, 7, 7, 8, 7, 8, 8, 7, 15]"
866,3,"[9, 10, 12]",3,0.22104707872495055,0.05046704690903425,1.8237769855186343,"[550000252, 289896117, 595905226, 260324608, 162598762, 597616509, 263950507, 370125796, 129581804, 305567628]","[12, 10, 10, 12, 12, 10, 12, 12, 10, 12]"
867,3,[11],1,0.11683908384293318,0.02153938077390194,2.8569057434797287,"[161598115, 48574606, 475649919, 196752454, 22918815, 117989128, 131531957, 70758564, 437006189, 267286042]","[11, 11, 11, 11, 11, 11, 11, 11, 11, 11]"
868,3,"[9, 10, 12]",3,0.22150276135653257,0.048485918901860714,1.8237769855186343,"[356500865, 489478009, 477060509, 306310881, 477504394, 402340401, 328054079, 375257844, 28284158, 70207319]","[12, 12, 12, 12, 12, 12, 12, 10, 10, 12]"
869,3,[10],1,0.04153622779995203,0.013346772640943527,1.0396909865085036,"[262321495, 481457656, 291492315, 346847059, 501419107, 439176866, 20292761, 563902705, 20835328, 89001565]","[10, 10, 10, 10, 10, 10, 10, 10, 10, 10]"
870,3,[10],1,0.0417526438832283,0.012300688773393631,1.0396909865085036,"[112508320, 459659012, 587371681, 207108803, 460394659, 572656932, 127178052, 421203300, 155034990, 197424528]","[10, 10, 10, 10, 10, 10, 10, 10, 10, 10]"
871,3,"[2, 10]",2,0.12333392491564155,0.030586808919906616,1.5140838728984818,"[525197836, 148862207, 13098477, 285403932, 180888613, 41409768, 379452575, 191399531, 119423179, 79997630]","[2, 2, 2, 10, 2, 2, 2, 2, 2, 2]"
872,3,"[10, 18]",2,0.12255568290129304,0.03123260335996747,1.5304903391515836,"[503266532, 323826808, 579038074, 153428687, 242533111, 293544847, 503042545, 183129781, 70176803, 123127955]","[10, 18, 10, 18, 10, 10, 10, 18, 18, 18]"
873,3,[18],1,0.08155718492344022,0.018712841905653477,2.0212896917946637,"[273977532, 340258199, 145837704, 550956529, 197055911, 596676517, 87735032, 329064913, 525282629, 352746870]","[18, 18, 18, 18, 18, 18, 18, 18, 18, 18]"
874,3,"[2, 9]",2,0.13175424560904503,0.03516788315027952,1.5901914848946035,"[212902331, 222591772, 58828972, 145494845, 231852001, 324647310, 552677393, 305342426, 311464989, 132432791]","[2, 2, 2, 2, 2, 2, 2, 9, 2, 2]"
875,3,[4],1,0.042373702861368656,0.012887347023934126,1.034763490082696,"[574593890, 302511946, 230069100, 17749590, 189220285, 538794706, 115173751, 533975613, 254320658, 307496636]","[4, 4, 4, 4, 4, 4, 4, 4, 4, 4]"
876,3,"[4, 16, 18]",3,0.18855271209031343,0.04509726585820317,1.5395050793110083,"[205858234, 205858235, 205817011, 408203787, 128903282, 206144307, 26813258, 521497153, 205833512, 288633262]","[18, 16, 16, 16, 18, 18, 16, 16, 18, 16]"
877,3,"[4, 8, 18]",3,0.188728007953614,0.04924204992130399,1.5271430876261245,"[178872551, 419754496, 54423710, 144399593, 599668128, 505811844, 368660534, 559327687, 108818957, 305147460]","[8, 18, 4, 8, 8, 8, 18, 8, 18, 4]"
878,3,"[10, 18]",2,0.12335011921823025,0.030791673809289932,1.5304903391515836,"[165387938, 89065231, 430039082, 33690114, 400923749, 531178403, 344236076, 340118914, 353633245, 58992407]","[18, 18, 18, 10, 18, 10, 18, 10, 10, 18]"
879,3,"[10, 18]",2,0.12294502882286906,0.03171785408630967,1.5304903391515836,"[303703297, 328420, 344622214, 221191152, 426778940, 555807421, 488920870, 274663530, 92739215, 406923233]","[18, 18, 18, 18, 18, 18, 18, 18, 18, 18]"
880,3,"[14, 16]",2,0.15129397297278047,0.034811784978955984,1.8645410051103681,"[96447137, 48791602, 88492235, 465953021, 352092256, 18510270, 196778869, 135183457, 392540250, 98400942]","[16, 16, 14, 16, 16, 14, 16, 16, 14, 16]"
881,3,[8],1,0.06246818182989955,0.014909050893038511,1.5253760810010135,"[277389016, 396026171, 240443054, 510801508, 579045419, 539811668, 598319225, 79050214, 285433142, 483409512]","[8, 8, 8, 8, 8, 8, 8, 8, 8, 8]"
882,3,"[3, 12]",2,0.33734107483178377,0.05164215574041009,5.36847788002342,"[159470493, 183012593, 269067563, 269128707, 216262394, 5832120, 232451164, 216357031, 198572032, 216262397]","[3, 3, 3, 3, 3, 3, 3, 3, 3, 3]"
883,3,"[16, 18]",2,0.14645657688379288,0.03560810815542936,1.7918758739251643,"[450545184, 240566049, 448192784, 285961191, 481356550, 534974293, 380130755, 303332706, 188972473, 318413067]","[16, 16, 18, 16, 16, 16, 16, 16, 16, 16]"
884,3,"[4, 8]",2,0.11290412722155452,0.030885337851941586,1.2800697855418548,"[425670491, 583864659, 65327381, 368182769, 35334110, 233808705, 563539717, 393376117, 182781121, 282002390]","[4, 8, 4, 8, 8, 4, 4, 4, 8, 8]"
885,3,[12],1,0.1299249930307269,0.02022004732862115,3.2397337595466524,"[68294369, 531887731, 587247123, 118170527, 168564634, 311192250, 565442313, 47874228, 249485541, 283965110]","[12, 12, 12, 12, 12, 12, 12, 12, 12, 12]"
886,3,"[3, 12, 14]",3,0.4237809367477894,0.07135103363543749,4.301191904737304,"[167712818, 142155274, 418344272, 71479451, 119366487, 510341808, 227360561, 151014877, 586910753, 227107143]","[12, 12, 12, 12, 12, 12, 12, 12, 12, 12]"
887,3,"[4, 10, 15]",3,0.2674124166369438,0.05656486377120018,2.239283161703497,"[177492402, 535919795, 176813416, 180483235, 176795095, 241861460, 180263495, 348128252, 176819338, 549614686]","[15, 15, 15, 10, 15, 15, 15, 15, 15, 15]"
888,3,"[6, 12]",2,0.21041423827409744,0.039859773591160774,2.616921825450845,"[224795566, 323068915, 181075644, 402488336, 196748699, 398472432, 142838359, 175829416, 282171496, 372260048]","[12, 6, 12, 12, 12, 6, 12, 12, 12, 12]"
889,3,"[10, 18]",2,0.12282208586111665,0.03261881694197655,1.5304903391515836,"[178338312, 449642969, 62444454, 332439531, 303703297, 287023832, 186315738, 167555446, 57675857, 527578010]","[18, 18, 18, 18, 18, 18, 18, 18, 18, 18]"
890,3,"[9, 10]",2,0.09137360891327262,0.027528269216418266,1.1157985985046253,"[351600434, 444044118, 534625534, 322527861, 121727598, 195569237, 195851761, 376820710, 404118614, 489555542]","[9, 10, 9, 9, 10, 9, 9, 9, 10, 9]"
891,3,[16],1,0.06484723184257746,0.01569343823939562,1.562462056055665,"[35506914, 35222598, 423611375, 422119093, 589832687, 497316237, 589900980, 3032838, 267666949, 421405297]","[16, 16, 16, 16, 16, 16, 16, 16, 16, 16]"
892,3,"[4, 18]",2,0.12355047091841698,0.033038115594536066,1.5280265909386799,"[236286607, 451330241, 362273248, 347002214, 102832888, 278872837, 330500808, 207879620, 227289098, 70633051]","[4, 4, 4, 4, 4, 4, 4, 4, 4, 4]"
893,3,[4],1,0.042188486084342,0.014053815975785255,1.034763490082696,"[577884183, 230598180, 70777269, 410586201, 94483386, 407198240, 281490368, 460101255, 289303918, 117989967]","[4, 4, 4, 4, 4, 4, 4, 4, 4, 4]"
894,3,"[3, 10]",2,0.25120905693620443,0.0455463882535696,4.268456493504345,"[587102603, 170169858, 84270887, 556771621, 183448190, 221096784, 462621303, 177546331, 458445608, 570814026]","[3, 3, 3, 3, 3, 3, 3, 3, 3, 3]"
895,3,"[0, 4, 18]",3,0.19761002901941538,0.05136826680973172,1.5979337743483484,"[337433489, 532859347, 217814354, 404880666, 260810049, 383235976, 349668517, 178861442, 178861469, 422680055]","[4, 4, 0, 0, 4, 0, 0, 18, 0, 0]"
896,3,"[4, 7]",2,0.2356696999631822,0.04164061276242137,2.989835358923301,"[253258903, 219217186, 205471858, 244007687, 74333164, 75341525, 463839280, 522064022, 315733588, 469932804]","[4, 4, 4, 4, 4, 4, 4, 4, 4, 4]"
897,3,"[3, 6, 10]",3,0.3300727610476315,0.05884660128504038,3.510340959454576,"[342961575, 108095035, 302173789, 453368057, 342961579, 108140504, 239858151, 302363278, 374542791, 482832612]","[3, 3, 3, 3, 6, 3, 3, 3, 6, 3]"
898,3,"[0, 12]",2,0.1990737789310515,0.03767166892066598,2.488740950357169,"[434287321, 285400705, 542290232, 332335132, 542166318, 402924785, 82308343, 344439239, 20882674, 21699115]","[0, 0, 0, 0, 0, 12, 0, 0, 0, 0]"
899,3,[16],1,0.06486950488761067,0.020130927208811045,1.562462056055665,"[507029069, 426930287, 573628652, 371506867, 26691262, 371263752, 26632321, 105042186, 48992045, 371517341]","[16, 16, 16, 16, 16, 16, 16, 16, 16, 16]"
900,3,[2],1,0.08177481917664409,0.01595081528648734,1.98847675928846,"[124993178, 280463496, 174847220, 68166793, 204608596, 149715940, 378018282, 539827010, 161294887, 466214685]","[2, 2, 2, 2, 2, 2, 2, 2, 2, 2]"
901,3,[15],1,0.18317624367773533,0.02498630713671446,4.643395008519292,"[19069592, 31708204, 7675266, 226905715, 422841084, 199429539, 324054644, 488242255, 47371500, 19080473]","[15, 15, 15, 15, 15, 15, 15, 15, 15, 15]"
902,3,"[10, 15]",2,0.22517263470217586,0.034840233623981476,2.8415429975138977,"[36995052, 560901483, 596304534, 260089397, 20478478, 448875963, 481450756, 424349573, 225591463, 182808778]","[15, 15, 15, 15, 15, 15, 15, 15, 15, 15]"
903,3,[10],1,0.04162278911098838,0.014452985022217035,1.0396909865085036,"[37194084, 389395402, 420027424, 235927474, 150702021, 392999512, 237249653, 205749659, 38533652, 463645824]","[10, 10, 10, 10, 10, 10, 10, 10, 10, 10]"
904,3,"[7, 14]",2,0.27963086450472474,0.05072557693347335,3.5557635909644887,"[358811120, 342402289, 556295457, 505170839, 308379234, 45464627, 4537006, 410265187, 290789905, 202865114]","[7, 14, 14, 14, 7, 7, 14, 7, 14, 7]"
905,3,"[3, 6]",2,0.2888396065682173,0.044145166873931885,4.7456659459276125,"[10662551, 10875757, 394542090, 406527254, 221612453, 221555745, 64880152, 82674978, 102978020, 143778806]","[3, 3, 3, 6, 6, 6, 6, 6, 6, 6]"
906,3,[6],1,0.0808878717944026,0.018039078917354345,1.9941098913550377,"[21521293, 15242160, 79259376, 21524797, 34161187, 142632626, 467392706, 9044970, 270367599, 225829461]","[6, 6, 6, 6, 6, 6, 6, 6, 6, 6]"
907,3,"[11, 18]",2,0.1983419363386929,0.04075965005904436,2.439097717637196,"[282577837, 324078893, 74406527, 81156848, 223682126, 252162270, 162004373, 292212285, 505977699, 596298942]","[11, 18, 18, 18, 11, 11, 18, 18, 18, 11]"
908,3,"[2, 7]",2,0.27466159919276834,0.04493940994143486,3.466691993526183,"[253275733, 396929416, 411194860, 247580177, 314624246, 387745019, 20563003, 291785698, 203323072, 344869033]","[2, 7, 2, 7, 7, 7, 2, 2, 2, 7]"
909,3,"[2, 9, 10]",3,0.17364340694621205,0.045205491594970226,1.4066913187659036,"[379047925, 502675992, 353234996, 404912622, 467078025, 372978629, 158910972, 522349262, 523494316, 20310058]","[2, 2, 2, 2, 2, 2, 2, 2, 2, 2]"
910,3,"[1, 3, 14]",3,0.34274097299203277,0.06288562482222915,3.6066944980993867,"[160293513, 595991823, 475234853, 92536340, 432067395, 52710981, 139175107, 209857674, 172528148, 76352908]","[14, 14, 1, 14, 14, 14, 14, 1, 14, 1]"
911,3,"[2, 8, 14]",3,0.23160635819658637,0.05177050782367587,1.8934909314848483,"[270743288, 189056268, 339452822, 474628821, 328260186, 588991114, 244260056, 310062305, 429585525, 541343973]","[14, 14, 14, 14, 14, 14, 14, 14, 14, 14]"
912,3,"[10, 18]",2,0.12336023338139057,0.03257657773792744,1.5304903391515836,"[257320413, 238221088, 254845610, 499985513, 58428708, 251671955, 225067493, 354725364, 199519860, 230708928]","[18, 10, 18, 18, 18, 10, 10, 10, 18, 18]"
913,3,"[9, 15]",2,0.23419779120013118,0.04300167364999652,2.9176506095100194,"[99480924, 90623384, 189995717, 1897498, 235377913, 281960837, 436226372, 106954498, 531657239, 358006549]","[15, 9, 9, 9, 9, 9, 9, 9, 9, 9]"
914,3,[18],1,0.0812859209254384,0.018650409299880266,2.0212896917946637,"[162962908, 525638406, 525316001, 425131888, 433383809, 234468600, 131666320, 341082387, 54046446, 481893458]","[18, 18, 18, 18, 18, 18, 18, 18, 18, 18]"
915,3,[9],1,0.050450343638658524,0.014830715022981167,1.191906210500747,"[157878787, 200192153, 297840958, 304424372, 519300428, 195412442, 315447103, 152937606, 259364142, 11323504]","[9, 9, 9, 9, 9, 9, 9, 9, 9, 9]"
916,3,"[4, 8]",2,0.1043313262052834,0.030181015376001596,1.2800697855418548,"[421715711, 157209584, 303739993, 270323935, 343015553, 334807463, 334863139, 206178676, 560620404, 432928078]","[8, 8, 8, 8, 8, 8, 8, 8, 8, 8]"
917,3,"[7, 12, 15]",3,0.5062956367619336,0.08033343870192766,4.27601199860995,"[296734744, 522936240, 87184671, 174179901, 296739948, 551883517, 572712845, 168612832, 519119807, 226413779]","[7, 7, 7, 7, 7, 7, 7, 12, 7, 7]"
918,3,[1],1,0.04795084614306688,0.014668826013803482,1.1562415396329015,"[16948561, 374303621, 196200306, 94856218, 317889817, 550644186, 399822021, 43711734, 278927045, 432068826]","[1, 1, 1, 1, 1, 1, 1, 1, 1, 1]"
919,3,"[1, 12]",2,0.17881184397265315,0.03327933233231306,2.197987649589777,"[483114413, 236407296, 47736879, 195054568, 375063750, 537942619, 416946652, 537944838, 252319554, 193278737]","[12, 12, 12, 12, 12, 12, 12, 12, 12, 12]"
920,3,"[2, 6]",2,0.16239523515105247,0.03407930303364992,1.9912933253217489,"[300511012, 345782426, 284951617, 441169254, 517952943, 369337583, 534530430, 441338682, 41452773, 176466973]","[2, 6, 6, 6, 6, 6, 6, 6, 6, 6]"
921,3,"[1, 10, 16]",3,0.15434086741879582,0.04045411292463541,1.25279819406569,"[223746625, 106852876, 373356601, 106853396, 466233294, 307010911, 37419231, 373496012, 37419230, 373496019]","[16, 16, 16, 16, 16, 16, 16, 16, 16, 16]"
922,3,[15],1,0.18380562402307987,0.023891197983175516,4.643395008519292,"[89186141, 321444262, 64896600, 536476892, 422850037, 555668591, 289163089, 551680932, 47500760, 7830470]","[15, 15, 15, 15, 15, 15, 15, 15, 15, 15]"
923,3,"[9, 10]",2,0.09147114539518952,0.024274783674627542,1.1157985985046253,"[598133287, 447075630, 53399559, 336058677, 505058965, 504229410, 568445515, 447077408, 475807727, 451810923]","[10, 10, 10, 10, 10, 10, 10, 10, 10, 10]"
924,3,[10],1,0.04146950785070658,0.012665970250964165,1.0396909865085036,"[286691641, 253815485, 417607676, 528303909, 426282158, 538818888, 537606242, 3280611, 442680379, 575243275]","[10, 10, 10, 10, 10, 10, 10, 10, 10, 10]"
925,3,[18],1,0.08139085117727518,0.018522889353334904,2.0212896917946637,"[153098803, 51727572, 343615222, 453322014, 367318198, 158403731, 387817396, 409295738, 232941730, 167011911]","[18, 18, 18, 18, 18, 18, 18, 18, 18, 18]"
926,3,"[4, 8]",2,0.10454694228246808,0.03152604354545474,1.2800697855418548,"[128304126, 82984003, 376515006, 111206490, 491261598, 346140163, 575260875, 57832057, 294061877, 116141630]","[8, 4, 8, 8, 8, 4, 8, 4, 4, 8]"
927,3,"[0, 12]",2,0.19928242219612002,0.03647220879793167,2.488740950357169,"[513350880, 7133850, 455598870, 290302881, 32696224, 505981685, 415367442, 324974677, 588634441, 258276609]","[0, 12, 12, 0, 12, 0, 0, 12, 0, 0]"
928,3,"[2, 10]",2,0.12318260129541159,0.030374263878911734,1.5140838728984818,"[24558843, 13164087, 453571296, 161548116, 93297028, 335689399, 161423600, 74856458, 74856457, 93461105]","[2, 2, 2, 2, 2, 2, 2, 2, 2, 2]"
929,3,[2],1,0.08149440307170153,0.01670781010761857,1.98847675928846,"[169786099, 38598848, 426045544, 425900501, 284719050, 475738096, 195594882, 418328309, 223602781, 561372987]","[2, 2, 2, 2, 2, 2, 2, 2, 2, 2]"
930,3,"[9, 10]",2,0.09321281732991338,0.02747447695583105,1.1157985985046253,"[282176719, 212668435, 384804628, 39649103, 328072393, 142841536, 161655847, 175423790, 67997919, 397661211]","[10, 10, 10, 10, 10, 10, 10, 10, 10, 10]"
931,3,[10],1,0.04141526808962226,0.012387728784233332,1.0396909865085036,"[71749202, 2259438, 10722663, 459858705, 184828688, 184832609, 49087434, 266680373, 385530264, 2259439]","[10, 10, 10, 10, 10, 10, 10, 10, 10, 10]"
932,3,[2],1,0.08187530096620321,0.018051718827337027,1.98847675928846,"[532571149, 246956915, 297864560, 581374572, 570090174, 441674312, 522683366, 75494796, 361758327, 162370184]","[2, 2, 2, 2, 2, 2, 2, 2, 2, 2]"
933,3,[2],1,0.0815517483279109,0.016643586102873087,1.98847675928846,"[32107476, 199258734, 199258733, 183523863, 166797438, 57167592, 449420161, 514921027, 183311522, 432375993]","[2, 2, 2, 2, 2, 2, 2, 2, 2, 2]"
934,3,"[3, 10, 15]",3,0.43445113115012646,0.06613357458263636,4.393435998509328,"[336806766, 77043506, 176901189, 567321026, 239275640, 135110174, 207476811, 238274469, 196766459, 101194200]","[15, 15, 15, 15, 15, 15, 15, 15, 15, 15]"
935,3,"[8, 15]",2,0.24705400550737977,0.04311178717762232,3.0843855447601527,"[59564191, 150381764, 477292038, 206245944, 59990123, 597383586, 48290207, 148623189, 259275147, 316355598]","[8, 8, 8, 8, 8, 8, 8, 8, 8, 8]"
936,3,"[7, 8]",2,0.25521099800243974,0.04030905617401004,3.23514165438246,"[328933450, 597433447, 73577387, 399944700, 268893636, 333270079, 379260128, 98139944, 205814891, 142545017]","[7, 8, 8, 8, 7, 8, 8, 8, 7, 8]"
937,3,[10],1,0.041695141699165106,0.011627918109297752,1.0396909865085036,"[286843491, 47493207, 287748754, 168109238, 168181564, 82957769, 286843490, 459815782, 47503236, 168106043]","[10, 10, 10, 10, 10, 10, 10, 10, 10, 10]"
938,3,[10],1,0.042017798870801926,0.014066070783883333,1.0396909865085036,"[473259501, 479572269, 473243301, 130268339, 479669389, 116145144, 516287628, 28441402, 410606241, 479668189]","[10, 10, 10, 10, 10, 10, 10, 10, 10, 10]"
939,3,[8],1,0.06223301496356726,0.015671742148697376,1.5253760810010135,"[472756032, 488350547, 562101800, 83929226, 549019845, 476098076, 279980622, 354294258, 562605095, 550463868]","[8, 8, 8, 8, 8, 8, 8, 8, 8, 8]"
940,3,"[8, 19]",2,0.11416349187493324,0.03217388829216361,1.3997870436869562,"[379572257, 362394529, 70408031, 440038589, 313239622, 77469376, 175301439, 106191429, 131433669, 321668046]","[19, 19, 19, 19, 19, 8, 19, 19, 19, 19]"
941,3,[6],1,0.08095667324960232,0.020918963011354208,1.9941098913550377,"[529096906, 529096909, 76627106, 374069618, 158781539, 274725155, 139731328, 533347647, 575774889, 493289140]","[6, 6, 6, 6, 6, 6, 6, 6, 6, 6]"
942,3,"[3, 14]",2,0.29354375693947077,0.05417237523943186,4.831920977332629,"[496840608, 294087427, 167605099, 146154684, 451396294, 112962492, 28404015, 185847151, 81490660, 378415815]","[14, 3, 14, 14, 14, 14, 3, 14, 14, 14]"
943,3,"[4, 8]",2,0.10469596739858389,0.028686002362519503,1.2800697855418548,"[398339748, 538554817, 156300773, 333550974, 413035631, 135421558, 279690833, 171077188, 398627797, 398368552]","[4, 4, 4, 4, 4, 4, 4, 4, 4, 4]"
944,3,"[2, 11]",2,0.19994594436138868,0.04030787339434028,2.4226912513840944,"[337096510, 71077895, 136540086, 134078616, 335355439, 250876778, 523630878, 99033847, 520921936, 437019396]","[2, 2, 2, 11, 11, 2, 2, 11, 11, 2]"
945,3,"[1, 6]",2,0.12854815879836679,0.029798998031765223,1.5751757154939696,"[393797084, 205136420, 325425320, 340057960, 468994683, 221297849, 309963373, 358995154, 467913323, 16045068]","[6, 1, 1, 1, 1, 6, 6, 6, 1, 6]"
946,3,[16],1,0.06500060996040702,0.014682233799248934,1.562462056055665,"[269880344, 243655702, 584781601, 553920816, 190796339, 72253318, 116973015, 553920805, 501225404, 254905519]","[16, 16, 16, 16, 16, 16, 16, 16, 16, 16]"
947,3,[19],1,0.05218228790909052,0.015030554961413145,1.2741980063728988,"[512099404, 338328924, 338333735, 213546905, 291098585, 130908743, 592172746, 147847053, 338331657, 95084631]","[19, 19, 19, 19, 19, 19, 19, 19, 19, 19]"
948,3,"[3, 13]",2,0.2810147162526846,0.04565170034766197,4.661708984756842,"[67875739, 120449971, 24029575, 160386111, 431108434, 431035155, 88192951, 125541950, 487819330, 228671246]","[13, 13, 13, 13, 13, 13, 13, 13, 13, 13]"
949,3,"[12, 15]",2,0.31300255516543984,0.05384063022211194,3.941564384032972,"[503991686, 112660080, 24683387, 282254746, 187798740, 123366473, 503991682, 5738299, 98442583, 535380190]","[15, 15, 15, 15, 15, 15, 12, 15, 15, 15]"
950,3,"[9, 10]",2,0.0916970050893724,0.02966402191668749,1.1157985985046253,"[227933218, 144763287, 217416932, 504289243, 127095670, 438857161, 115794206, 264643502, 575886323, 373437766]","[10, 10, 10, 10, 10, 10, 10, 10, 9, 10]"
951,3,[9],1,0.04972394090145826,0.01627964898943901,1.191906210500747,"[189765582, 349735722, 363071730, 444991721, 451983882, 227671074, 348304276, 113357008, 304366289, 22747460]","[9, 9, 9, 9, 9, 9, 9, 9, 9, 9]"
952,3,"[4, 8]",2,0.10443590162321925,0.03166204644367099,1.2800697855418548,"[94368663, 263710590, 539201806, 378593732, 504078528, 267925151, 318320678, 282922214, 120201216, 504049850]","[8, 8, 8, 8, 8, 8, 8, 8, 8, 8]"
953,3,"[10, 15]",2,0.22599545773118734,0.041964296251535416,2.8415429975138977,"[178677656, 455635073, 193062754, 279675060, 220721224, 355303154, 418613764, 17413059, 521629193, 412081913]","[10, 15, 15, 15, 10, 15, 10, 15, 15, 15]"
954,3,[4],1,0.04318289179354906,0.014217143878340721,1.034763490082696,"[445720949, 194444526, 174133472, 529148731, 442474726, 12285893, 270011399, 86068753, 484984074, 498548159]","[4, 4, 4, 4, 4, 4, 4, 4, 4, 4]"
955,3,[12],1,0.13138381764292717,0.02458643401041627,3.2397337595466524,"[39607357, 281002336, 116534980, 373131982, 320666469, 309788417, 385280962, 495604288, 440222511, 159154230]","[12, 12, 12, 12, 12, 12, 12, 12, 12, 12]"
956,3,"[4, 9, 10]",3,0.13357464456930757,0.04325508279725909,1.0887868956973155,"[374405505, 186301925, 596391223, 11347056, 37553821, 445658878, 321268120, 447126079, 60106460, 132146569]","[9, 9, 9, 9, 9, 9, 9, 9, 9, 9]"
957,3,[18],1,0.08169123716652393,0.018516266252845526,2.0212896917946637,"[251419197, 545019486, 113610233, 257963252, 89873215, 3646852, 93968948, 186860152, 281931039, 431877806]","[18, 18, 18, 18, 18, 18, 18, 18, 18, 18]"
958,3,[9],1,0.04993514297530055,0.015166332013905048,1.191906210500747,"[57374779, 40730268, 93433777, 95336155, 26705617, 263840227, 434844098, 134239951, 298968146, 57333917]","[9, 9, 9, 9, 9, 9, 9, 9, 9, 9]"
959,3,"[10, 19]",2,0.09389147628098726,0.027811439707875252,1.1569444964407012,"[401806842, 289826231, 265998811, 150723191, 166409434, 58978137, 521709654, 160528907, 58978138, 340141559]","[19, 10, 19, 19, 19, 19, 19, 19, 19, 19]"
960,3,"[10, 11]",2,0.15891845477744937,0.0352620598860085,1.9482983649941161,"[331064875, 563009165, 343765839, 111356263, 356685194, 181612375, 202434205, 387819056, 378226066, 202311509]","[10, 11, 10, 10, 11, 10, 10, 11, 10, 10]"
961,3,"[15, 18]",2,0.2645195801742375,0.045983287040144205,3.3323423501569778,"[212109658, 212983171, 26069116, 203732087, 522830960, 936065, 591706133, 375581681, 212750921, 334693208]","[15, 15, 15, 15, 15, 15, 15, 15, 15, 15]"
962,3,"[2, 3]",2,0.29051482025533915,0.04262749804183841,4.742849379894324,"[450230265, 450136794, 415998911, 569022098, 85519819, 176101728, 93708677, 590193184, 82629002, 518171530]","[3, 3, 3, 3, 3, 3, 3, 3, 3, 3]"
963,3,[16],1,0.06492982618510723,0.014196569100022316,1.562462056055665,"[501400145, 237618378, 130729381, 351480139, 181927352, 507585579, 290023808, 565127133, 565014802, 105799356]","[16, 16, 16, 16, 16, 16, 16, 16, 16, 16]"
964,3,[6],1,0.08068742509931326,0.01699011493474245,1.9941098913550377,"[123910996, 53693394, 547958369, 297085320, 110989140, 143271566, 385012868, 497975539, 496669159, 146008677]","[6, 6, 6, 6, 6, 6, 6, 6, 6, 6]"
965,3,"[11, 15]",2,0.300201962236315,0.05042068148031831,3.7501503759995103,"[14097898, 22831332, 101944452, 185978588, 152386756, 131127260, 363896634, 39839418, 560004983, 432865866]","[15, 11, 11, 11, 11, 11, 15, 11, 11, 15]"
966,3,"[4, 8]",2,0.10501635354012251,0.03148066811263561,1.2800697855418548,"[492105176, 338642629, 285614658, 558582012, 407549494, 142678476, 219001674, 249310790, 264263907, 562154496]","[4, 8, 8, 8, 8, 4, 8, 8, 8, 8]"
967,3,"[0, 12, 15]",3,0.3824309934861958,0.060098415706306696,3.206958969744543,"[279940198, 410182562, 418886467, 4629205, 118926535, 246753741, 582873513, 582852091, 156380532, 516456106]","[0, 0, 0, 0, 0, 0, 0, 0, 0, 0]"
968,3,"[10, 18]",2,0.12314004171639681,0.03446432901546359,1.5304903391515836,"[435849709, 570230416, 458021675, 109822036, 432140190, 69213676, 252072326, 69213675, 223088102, 475413246]","[18, 18, 18, 18, 10, 18, 18, 18, 18, 18]"
969,3,[16],1,0.06454329704865813,0.0163015048019588,1.562462056055665,"[28531479, 594225560, 56447950, 112747880, 473679417, 541373424, 369937080, 34609390, 473812347, 471215727]","[16, 16, 16, 16, 16, 16, 16, 16, 16, 16]"
970,3,[8],1,0.062102614901959896,0.015352029353380203,1.5253760810010135,"[508423775, 538069382, 363920153, 34039779, 478208732, 346492382, 276780781, 267483812, 85111085, 187833686]","[8, 8, 8, 8, 8, 8, 8, 8, 8, 8]"
971,3,"[9, 16]",2,0.11424109525978565,0.030125015415251255,1.377184133278206,"[37033597, 37033600, 412472338, 462633518, 565401113, 303212004, 464687590, 264818625, 259577788, 503040446]","[16, 16, 16, 16, 16, 16, 16, 16, 16, 16]"
972,3,[10],1,0.04133353987708688,0.012312016915529966,1.0396909865085036,"[499454910, 371497908, 117132734, 297680976, 458302834, 390652011, 306763346, 26236618, 340236246, 7336304]","[10, 10, 10, 10, 10, 10, 10, 10, 10, 10]"
973,3,"[6, 7, 18]",3,0.35503690177574754,0.060979923233389854,2.9867689369712025,"[582013405, 524143196, 308786900, 364907291, 225501640, 397488901, 310177944, 99827554, 596455691, 150966856]","[18, 18, 6, 6, 18, 6, 6, 6, 6, 6]"
974,3,"[10, 18]",2,0.12299341801553965,0.030400856863707304,1.5304903391515836,"[482287425, 284236143, 517251562, 305478118, 437950446, 60283839, 7877917, 412058938, 437950449, 412057140]","[10, 10, 10, 10, 10, 10, 10, 10, 10, 10]"
975,3,[19],1,0.053065427113324404,0.01715309312567115,1.2741980063728988,"[7898875, 420218363, 285288142, 387963879, 443939937, 563875358, 566485902, 549801869, 563947028, 564036570]","[19, 19, 19, 19, 19, 19, 19, 19, 19, 19]"
976,3,"[9, 10]",2,0.09138590004295111,0.030050454661250114,1.1157985985046253,"[345962197, 34883467, 54474267, 30044152, 312078729, 242659657, 341932781, 585738927, 270088517, 271619942]","[9, 10, 10, 9, 10, 10, 9, 9, 9, 10]"
977,3,"[10, 12, 14]",3,0.2576577295549214,0.05458412179723382,2.1486815667400756,"[211384216, 412854441, 180466967, 137385076, 352288374, 420328388, 363725644, 492654040, 369530324, 47249921]","[12, 10, 14, 14, 10, 12, 10, 12, 14, 12]"
978,3,"[9, 10, 12]",3,0.22120708879083395,0.05187153397127986,1.8237769855186343,"[526347810, 540466682, 366679987, 409876773, 546200518, 20836133, 482362100, 406824072, 355735462, 490169099]","[10, 10, 12, 10, 12, 10, 9, 10, 12, 10]"
979,3,"[10, 12, 18]",3,0.2526405258104205,0.05765856523066759,2.1002381459499397,"[457074564, 184196269, 184039972, 7224727, 156580227, 543238062, 476005866, 371941196, 263617897, 184077170]","[12, 12, 12, 12, 10, 12, 12, 12, 12, 12]"
980,3,"[3, 6]",2,0.2876551942899823,0.0461940080858767,4.7456659459276125,"[544720576, 156276809, 240341460, 130089583, 58218929, 276938800, 187054014, 450688090, 351660054, 450721179]","[3, 3, 3, 3, 3, 6, 6, 3, 3, 3]"
981,3,"[10, 12, 15]",3,0.35816085152328014,0.05913309892639518,2.974273251524816,"[123549773, 326181512, 244546212, 309829661, 494312354, 138050523, 392818306, 397491179, 434411421, 23693573]","[15, 12, 15, 15, 15, 15, 15, 15, 12, 12]"
982,3,"[2, 10]",2,0.12337767565622926,0.032491265796124935,1.5140838728984818,"[334039431, 227684386, 87620289, 233425025, 218495558, 29708823, 122132014, 441715265, 124458580, 509234258]","[10, 10, 10, 2, 10, 10, 2, 10, 2, 2]"
983,3,"[4, 8, 14]",3,0.19040267961099744,0.049451460596174,1.5755865084162604,"[398511711, 166216786, 454023979, 172526538, 173912362, 302129156, 115256772, 380118572, 396714746, 593745984]","[14, 14, 8, 8, 8, 8, 8, 8, 8, 8]"
984,3,[12],1,0.13061315985396504,0.023130460642278194,3.2397337595466524,"[69076315, 559760025, 485115648, 420321303, 551608996, 229220191, 126218840, 247674826, 422620602, 405735177]","[12, 12, 12, 12, 12, 12, 12, 12, 12, 12]"
985,3,"[4, 9]",2,0.09281985694542527,0.028249457012861967,1.1133348502917215,"[566532045, 305991113, 567324298, 203848344, 220021476, 243394478, 485332553, 279043819, 545927114, 33574821]","[9, 9, 4, 9, 9, 9, 4, 9, 9, 9]"
986,3,[0],1,0.06965890200808644,0.016876738984137774,1.7377481411676854,"[579816906, 521610075, 320264725, 422038318, 274103964, 476695832, 116987781, 219748634, 196388924, 201979873]","[0, 0, 0, 0, 0, 0, 0, 0, 0, 0]"
987,3,"[0, 12]",2,0.19906028173863888,0.039561950135976076,2.488740950357169,"[217080306, 219681590, 332664426, 174881190, 247167050, 64533696, 281060470, 504930645, 144156760, 451946711]","[0, 0, 0, 0, 0, 0, 0, 0, 0, 0]"
988,3,"[4, 8]",2,0.10437347181141376,0.02972949529066682,1.2800697855418548,"[308983601, 444744570, 309739603, 585865450, 418523317, 548688362, 541970719, 122713371, 208365606, 172093896]","[8, 8, 8, 8, 8, 8, 8, 8, 8, 8]"
989,3,"[4, 15]",2,0.22543837130069733,0.04460494453087449,2.839079249300994,"[277074377, 203535832, 126856698, 515228001, 26363044, 453260830, 487387991, 356394424, 74689800, 137151160]","[15, 4, 4, 4, 15, 15, 15, 15, 15, 4]"
990,3,"[2, 4, 8]",3,0.18583760457113385,0.04803545493632555,1.51620544345739,"[497645270, 557418205, 278654905, 259293836, 115876115, 491577899, 457761762, 45029026, 259175734, 37468965]","[8, 8, 8, 8, 8, 8, 8, 8, 8, 8]"
991,3,[9],1,0.04985920712351799,0.017392484936863184,1.191906210500747,"[394299788, 321758034, 510352050, 116676548, 162181477, 44560319, 295244764, 105253925, 581356527, 569309330]","[9, 9, 9, 9, 9, 9, 9, 9, 9, 9]"
992,3,"[1, 12]",2,0.18117896281182766,0.036901714745908976,2.197987649589777,"[552381598, 450784425, 169065536, 31682500, 360095660, 426536329, 489881311, 488319546, 450925914, 372458272]","[1, 12, 12, 12, 1, 1, 1, 12, 12, 12]"
993,3,"[4, 18]",2,0.12352964514866471,0.034373801201581955,1.5280265909386799,"[196411278, 590879186, 587231999, 460084004, 165798282, 70383807, 209459036, 513291909, 158207357, 543663953]","[18, 4, 18, 18, 4, 4, 18, 18, 18, 18]"
994,3,"[6, 7, 15]",3,0.4566323165781796,0.07836808962747455,3.8608040425460786,"[156233468, 192480972, 249390734, 30657354, 531138396, 425498986, 567855707, 356096201, 58145951, 112525703]","[6, 6, 6, 6, 6, 6, 6, 6, 7, 6]"
995,3,[4],1,0.042256264947354794,0.013915638905018568,1.034763490082696,"[361663908, 201743269, 33952602, 517626343, 220349455, 322822117, 79848595, 577857220, 445926599, 188449543]","[4, 4, 4, 4, 4, 4, 4, 4, 4, 4]"
996,3,[4],1,0.04246452124789357,0.013061556033790112,1.034763490082696,"[124094738, 86759463, 18996927, 478368537, 562287060, 290648350, 351074657, 506244760, 63845775, 469205803]","[4, 4, 4, 4, 4, 4, 4, 4, 4, 4]"
997,3,"[10, 12, 15]",3,0.3558595944195986,0.06176299974322319,2.974273251524816,"[180808244, 78674535, 131939515, 394338240, 369165104, 512737160, 565563764, 81185762, 403367554, 575767815]","[15, 12, 15, 12, 12, 12, 12, 15, 15, 15]"
998,3,"[10, 13, 15]",3,0.2982374783605337,0.056203457061201334,2.5030939880137644,"[363541081, 412532343, 363548232, 335111218, 23292987, 427185132, 18035751, 528441276, 487876260, 48197523]","[15, 13, 13, 15, 13, 13, 13, 13, 13, 13]"
999,3,[10],1,0.04161245375871658,0.013766359072178602,1.0396909865085036,"[29477732, 569962709, 417140494, 265960396, 207502577, 378615203, 262313882, 401779582, 476893638, 465244381]","[10, 10, 10, 10, 10, 10, 10, 10, 10, 10]"
