query,num_centroids,searched_shard_ids,num_searched_shards,gpu_transfer_time,gpu_search_time,warmup_time,best_retrieved_ids,top_doc_shards
0,9,"[1, 39, 200, 227, 241]",5,0.14499974576756358,0.029841980896890163,0.22564249471761286,"[350323743, 22367475, 350285757, 22359499, 22352964, 596090569, 583617007, 40490076, 596064850, 347651857]","[200, 200, 200, 200, 200, 200, 200, 200, 200, 200]"
1,9,"[32, 206, 209, 239]",4,0.04541673418134451,0.09782399656251073,0.25752653036033735,"[96761309, 462536204, 128100141, 512290626, 80310487, 544732844, 467725477, 184433825, 41433574, 597455031]","[206, 32, 32, 32, 206, 32, 32, 32, 32, 32]"
2,9,"[1, 10, 82, 146, 175, 195]",6,0.18356121750548482,0.03491803351789713,0.17496258680087826,"[97139517, 294043795, 522340063, 574610836, 446094918, 562872736, 452861684, 252502827, 116249766, 474290425]","[82, 175, 82, 82, 82, 175, 10, 195, 175, 82]"
3,9,"[22, 70, 105, 192]",4,0.07230347162112594,0.032384357415139675,0.3250881260028109,"[319976312, 473871456, 416180093, 533106488, 185862896, 534845823, 3563663, 163663864, 232092470, 545925259]","[22, 70, 70, 70, 22, 22, 22, 22, 22, 70]"
4,9,"[0, 10, 93, 239]",4,0.04098404152318835,0.027124914340674877,0.20692427415633574,"[492485126, 241046875, 74580447, 364526066, 196412165, 197645372, 345397440, 197750504, 11876884, 251314455]","[93, 93, 93, 93, 10, 93, 93, 93, 10, 10]"
5,9,"[39, 60, 82, 106, 109, 146]",6,0.0789688746444881,0.11054750625044107,0.2661518548460056,"[147282989, 98187521, 186078600, 574719018, 435813526, 3817597, 85329960, 229779045, 586817200, 474729487]","[109, 109, 60, 109, 60, 109, 146, 109, 146, 109]"
6,9,"[20, 96, 125, 188]",4,0.04592908872291446,0.02702152170240879,0.31411509995814413,"[223359640, 134921891, 306289225, 172489898, 473056010, 163594463, 184462764, 578112746, 538022211, 98659306]","[125, 20, 188, 20, 96, 96, 96, 96, 188, 96]"
7,9,"[26, 36, 64, 126, 201, 215]",6,0.12406224990263581,0.04824865097180009,0.5031136489706114,"[159171799, 152048176, 311568376, 272006514, 311566733, 101019765, 264700014, 553843211, 285424401, 360971373]","[201, 215, 36, 215, 36, 36, 64, 126, 201, 36]"
8,9,"[91, 159, 209, 240]",4,0.07565116602927446,0.019271729048341513,0.1773535487591289,"[327654649, 459540312, 575997322, 67520733, 180283059, 562193291, 305388418, 41178123, 30515188, 339438330]","[209, 209, 209, 209, 209, 209, 209, 209, 209, 209]"
9,9,"[59, 67, 105, 175, 224]",5,0.16947082476690412,0.032952137757092714,0.2135269358754158,"[244047149, 407497946, 244049389, 372337157, 244048645, 372313030, 99048836, 406973178, 237900005, 99090315]","[67, 67, 175, 67, 67, 175, 67, 67, 175, 67]"
10,9,"[76, 91, 106, 186, 194, 224, 244]",7,0.12353479117155075,0.05123944813385606,0.2532601391098329,"[596989224, 177718168, 361359114, 219357708, 372868532, 109100480, 45889684, 455472830, 351990776, 457845149]","[76, 76, 76, 76, 76, 76, 76, 76, 76, 76]"
11,9,"[10, 12, 18, 126, 127]",5,0.07852362701669335,0.04045873088762164,0.5919756443239749,"[316195675, 347961149, 246469994, 127689114, 316205222, 335612984, 316205221, 505439277, 402151260, 575814845]","[18, 12, 12, 18, 18, 12, 18, 12, 12, 12]"
12,9,"[33, 85, 96, 188]",4,0.16370923118665814,0.022380508948117495,0.22363659500842914,"[143285814, 398227840, 150775094, 533066813, 416989615, 478916319, 559059925, 583463400, 255704802, 337200373]","[96, 96, 96, 96, 96, 96, 96, 96, 96, 96]"
13,9,"[20, 63, 70, 82, 132, 175]",6,0.17443673266097903,0.03852796973660588,0.1706691193006312,"[269953808, 270017264, 53616989, 219464520, 269932498, 264374402, 21302424, 107532941, 53616990, 439849310]","[82, 82, 82, 70, 82, 132, 82, 132, 82, 82]"
14,9,"[84, 192]",2,0.03367191692814231,0.016556549817323685,0.37710147036705166,"[2930195, 304291211, 5479281, 298156409, 435890273, 300724316, 214405047, 504375842, 531276114, 133995960]","[192, 192, 84, 192, 192, 192, 84, 192, 84, 84]"
15,9,"[25, 59, 107, 195]",4,0.06708882609382272,0.02283913642168045,0.18597868911456317,"[540834996, 425755668, 346415404, 400155932, 347682406, 548796299, 583527657, 236059986, 540791896, 318230608]","[25, 25, 25, 25, 25, 25, 25, 25, 25, 107]"
16,9,"[168, 196, 227, 233]",4,0.06979779805988073,0.033685293048620224,0.39507380418945104,"[388372331, 477914499, 313295416, 94283698, 417756224, 81047150, 287698740, 413998749, 388567738, 553227721]","[168, 168, 168, 168, 168, 233, 168, 168, 168, 168]"
17,9,"[76, 80, 187, 225, 244]",5,0.1291947504505515,0.09766406007111073,0.2209806098602712,"[196567304, 37592602, 529191060, 119007154, 136475651, 519952557, 596950633, 138777038, 119958834, 125572012]","[244, 187, 76, 187, 225, 244, 244, 244, 244, 244]"
18,9,"[17, 32, 93, 207, 227]",5,0.0668000583536923,0.034350255969911814,0.28123679738491775,"[265372681, 211326331, 414008444, 433847464, 251637127, 20375487, 484727721, 484727704, 251637111, 149272454]","[17, 17, 17, 17, 17, 17, 17, 93, 17, 17]"
19,9,"[20, 58, 82, 84, 132]",5,0.05443293368443847,0.03670476237311959,0.17514147805050015,"[596197374, 227781415, 342147203, 9720048, 543565046, 576495810, 598858826, 334192618, 511012465, 419574595]","[82, 82, 82, 84, 82, 82, 82, 82, 82, 82]"
20,9,"[61, 133]",2,0.020287318155169487,0.012453363742679358,0.20531599700916559,"[248237919, 161684376, 495988709, 565144556, 56535161, 336166371, 591258100, 367339701, 29705405, 379727880]","[133, 133, 133, 133, 61, 133, 133, 133, 133, 133]"
21,9,"[39, 60, 206]",3,0.0382626261562109,0.02044469304382801,0.2897972267431517,"[151614128, 475316064, 432094449, 418459871, 526851804, 450179220, 145206405, 465674683, 60128658, 155391946]","[60, 60, 60, 60, 60, 60, 206, 60, 60, 60]"
22,9,[14],1,0.008491235319525003,0.005508567672222853,0.16372428950853646,"[379643780, 554217595, 296777012, 132324921, 212577525, 402167117, 327957272, 479960759, 244250010, 189421384]","[14, 14, 14, 14, 14, 14, 14, 14, 14, 14]"
23,9,[68],1,0.007283421698957682,0.004952629096806049,0.1381070464849472,"[393766925, 19968356, 99327655, 352440645, 554747697, 438096438, 304593819, 583417332, 526692998, 116967304]","[68, 68, 68, 68, 68, 68, 68, 68, 68, 68]"
24,9,"[1, 42, 53, 75, 80, 206]",6,0.12723042350262403,0.0955249103717506,0.18786546708239862,"[438347522, 191429128, 166583047, 475147446, 319869863, 506900661, 4309318, 407954257, 566145788, 504107628]","[42, 206, 80, 206, 42, 42, 42, 206, 42, 206]"
25,9,"[14, 32]",2,0.020870487671345472,0.014674525707960129,0.21431135036982596,"[275996305, 574080995, 39550384, 422125669, 575850420, 345012085, 39822135, 268603873, 65428933, 476136084]","[32, 32, 32, 32, 32, 32, 32, 32, 32, 32]"
26,9,"[30, 77, 93, 112, 228]",5,0.07616060646250844,0.036926236003637314,0.33051772727631035,"[255137588, 171602438, 53821041, 128351388, 418888803, 40935707, 439693144, 350535457, 75050458, 74505530]","[228, 93, 93, 77, 93, 93, 93, 228, 228, 228]"
27,9,"[54, 188]",2,0.053131486754864454,0.01261186134070158,0.20948607311584055,"[342833232, 239066460, 364949379, 76823179, 464209192, 173230971, 452350578, 406818359, 349966218, 192881082]","[54, 54, 54, 54, 54, 54, 54, 188, 188, 54]"
28,9,"[0, 19, 97, 133, 184, 200, 228]",7,0.08643069909885526,0.04647318832576275,0.26207087305374444,"[194090070, 245111306, 61133533, 274739120, 558431897, 61091245, 366522616, 61271264, 274550803, 409247894]","[200, 133, 97, 19, 97, 97, 228, 133, 228, 228]"
29,9,"[49, 89, 128, 132, 188, 194]",6,0.1339847519993782,0.05076325451955199,0.20542274865632257,"[176037102, 164759875, 281743200, 220058368, 571201178, 207043861, 344036839, 544604186, 249249826, 185069916]","[128, 128, 128, 128, 128, 128, 128, 128, 128, 128]"
30,9,"[1, 10, 32, 43, 60, 111, 239]",7,0.242524282541126,0.04782707989215851,0.2905079302644091,"[201111705, 112700980, 588877957, 174822083, 317734372, 549462201, 562921380, 421775084, 588877956, 536737591]","[32, 60, 60, 60, 60, 60, 43, 60, 60, 239]"
31,9,"[29, 70, 126, 148, 170, 181, 186, 202]",8,0.114897889085114,0.06064540985971689,0.420525562542025,"[115921841, 406174997, 428344569, 358201558, 506245392, 487973110, 377451832, 86027888, 547773195, 464462210]","[170, 186, 126, 170, 170, 170, 170, 181, 170, 29]"
32,9,"[33, 49, 96, 188]",4,0.1473337709903717,0.030512640718370676,0.2281118169776164,"[94973826, 305101499, 598687402, 266557487, 138602395, 49713139, 27436766, 55130296, 590683014, 19028369]","[96, 96, 33, 96, 96, 96, 188, 96, 96, 96]"
33,9,"[20, 70]",2,0.018010123632848263,0.011199662927538157,0.18180155591107905,"[226643905, 226643912, 37286001, 559487576, 78302557, 300324652, 45224550, 260683464, 244687425, 68765866]","[20, 20, 20, 20, 20, 20, 70, 20, 20, 20]"
34,9,"[77, 81, 129, 227]",4,0.03722098795697093,0.024726984556764364,0.1946195736527443,"[338458298, 336062552, 45896088, 522761063, 354553936, 572877895, 94114406, 99665505, 430200580, 52805236]","[129, 129, 129, 129, 129, 81, 129, 129, 77, 129]"
35,9,"[102, 106, 188, 242]",4,0.07272520242258906,0.032161991111934185,0.2936108774738386,"[46371624, 572946019, 262952323, 278189217, 303017606, 573745672, 138432939, 374653008, 392510615, 207301730]","[242, 106, 242, 102, 102, 242, 102, 102, 102, 106]"
36,9,"[20, 58, 89, 110, 111, 165, 196]",7,0.16370702162384987,0.06147446669638157,0.48454679971161696,"[446742083, 310471342, 194011947, 518493596, 408355955, 408337589, 108570697, 460397947, 406988912, 434800926]","[165, 111, 111, 165, 196, 165, 58, 196, 58, 196]"
37,9,"[32, 112, 129, 194, 209]",5,0.1332133593969047,0.03902912558987737,0.3438864079304039,"[403016532, 239518483, 320010234, 434260091, 510970601, 389554411, 322235737, 82778227, 346409730, 239979025]","[129, 129, 32, 129, 32, 194, 129, 112, 129, 32]"
38,9,"[17, 96, 188]",3,0.09157753689214587,0.025179849471896887,0.4215147737413645,"[171909558, 517198530, 498409469, 188339158, 239972575, 100751935, 205361704, 504100258, 389531874, 18033777]","[96, 17, 17, 96, 96, 17, 188, 17, 188, 96]"
39,9,"[0, 10, 12, 18, 51]",5,0.047247784212231636,0.03365457337349653,0.18691796939820052,"[167139573, 22796377, 353472243, 564356343, 380659614, 325105354, 536810984, 69873730, 311564209, 69814243]","[51, 51, 51, 51, 51, 12, 51, 12, 51, 51]"
40,9,"[32, 126, 194, 239]",4,0.07235166383907199,0.0383131536655128,0.6164635405293666,"[54598498, 593909787, 581987029, 399174922, 550170954, 47863419, 359317355, 363183345, 527104338, 472942335]","[32, 32, 32, 32, 32, 32, 32, 32, 32, 32]"
41,9,"[10, 20, 39, 70, 82, 106, 188]",7,0.15118741942569613,0.0515195787884295,0.24620173765080317,"[198985429, 138965989, 34506581, 377426780, 259982882, 448875282, 24487825, 389590141, 468192883, 198068590]","[39, 82, 39, 82, 10, 20, 82, 70, 10, 188]"
42,9,[171],1,0.00826121773570776,0.007716224994510412,0.16993382782675326,"[521012684, 489342896, 433868714, 16684904, 227461382, 524579792, 141163106, 87635642, 254389701, 48499195]","[171, 171, 171, 171, 171, 171, 171, 171, 171, 171]"
43,9,"[64, 68]",2,0.014035066589713097,0.009894634131342173,0.1305061230668798,"[194928968, 276066170, 229424584, 187616394, 157719374, 493402860, 422547137, 345153317, 598788742, 178580027]","[68, 68, 68, 68, 68, 68, 68, 68, 68, 68]"
44,9,"[0, 6, 171, 186, 200, 209]",6,0.06875785626471043,0.04024724243208766,0.22061280374570438,"[19804762, 125079188, 544637200, 580321217, 511501683, 92491002, 246109782, 348568156, 502385890, 323520801]","[171, 171, 171, 200, 171, 171, 200, 200, 171, 171]"
45,9,"[58, 60, 128, 159, 194, 201, 239, 241]",8,0.10167367151007056,0.05227375403046608,0.20768159374711104,"[403072175, 224653700, 527864603, 124237376, 152566833, 236427025, 262227711, 23562269, 367766737, 134836813]","[128, 128, 128, 128, 239, 128, 128, 128, 128, 241]"
46,9,"[68, 70, 92, 139, 183, 192, 215]",7,0.15917305322363973,0.04849729174748063,0.284265219865899,"[321883357, 517409731, 320790454, 253543390, 14436664, 88223668, 286970084, 517409728, 492436548, 467283941]","[68, 68, 68, 68, 68, 68, 68, 68, 68, 68]"
47,9,"[12, 91, 102, 111, 115, 202]",6,0.17216174816712737,0.061771010514348745,0.43053298226247233,"[116982774, 240684525, 356588498, 322553955, 203169961, 87914065, 285326272, 198297835, 74474279, 586951125]","[202, 202, 91, 115, 12, 115, 115, 202, 91, 202]"
48,9,"[4, 10, 26, 49, 82, 146, 164, 188]",8,0.0837061433121562,0.05252259038388729,0.2155310514208395,"[349685072, 6137078, 506863082, 555255276, 193962431, 506885984, 132735540, 366618749, 383078597, 252270696]","[49, 146, 146, 4, 4, 82, 49, 164, 10, 146]"
49,9,"[106, 112, 188, 210, 222]",5,0.10636255796998739,0.09325123950839043,0.24237507162615657,"[190554704, 561468444, 87380864, 453109743, 386839442, 200853118, 337681231, 534501067, 156564249, 530916167]","[222, 222, 106, 106, 106, 106, 106, 106, 210, 210]"
50,9,"[1, 82, 84, 88, 175]",5,0.21061698161065578,0.028429750818759203,0.17026558849029244,"[272531263, 260063780, 187284049, 90785206, 573791930, 519974609, 166494940, 54376108, 132733566, 124344547]","[84, 84, 84, 84, 84, 84, 84, 82, 84, 84]"
51,9,"[38, 82, 92, 175, 185]",5,0.1093418370001018,0.028523542918264866,0.19398236442357303,"[34036621, 27899657, 46612672, 46077019, 288338597, 273579698, 349402047, 298183886, 7880224, 337694949]","[92, 38, 92, 92, 175, 175, 92, 92, 38, 175]"
52,9,"[59, 85, 210]",3,0.12271881988272071,0.010847180616110563,0.13548819930292666,"[115745328, 493163657, 420568680, 159999328, 241568515, 53560322, 366096616, 543600790, 298246847, 375383341]","[59, 59, 59, 59, 59, 59, 59, 59, 59, 59]"
53,9,"[6, 58, 82, 146]",4,0.0837654396891594,0.02818286931142211,0.1798573530977592,"[47768807, 430079126, 16806341, 450030792, 72447548, 338764605, 212866632, 593735775, 85633588, 81695499]","[6, 6, 6, 6, 6, 6, 146, 6, 6, 6]"
54,9,"[17, 36, 58, 67, 82, 167, 169, 196, 201]",9,0.1636255537159741,0.07757869269698858,0.32586592560013133,"[340538846, 578698651, 89654179, 206755175, 462966013, 272099125, 542238241, 597489403, 581071217, 581036453]","[17, 17, 82, 17, 17, 17, 17, 17, 17, 17]"
55,9,"[168, 233]",2,0.036510712932795286,0.01617981167510152,0.42093740520067513,"[458070540, 513243661, 130382454, 594712541, 175195938, 183829504, 194939389, 432589461, 175800336, 174017977]","[233, 168, 168, 233, 233, 233, 168, 168, 233, 168]"
56,9,"[171, 200]",2,0.019413874484598637,0.014655549079179764,0.19649042969103903,"[315279017, 385113286, 375332831, 294871918, 555713159, 76701081, 237920535, 448092594, 529403480, 369433639]","[200, 200, 200, 200, 200, 200, 200, 200, 200, 200]"
57,9,"[27, 32, 75, 117, 171, 209, 224]",7,0.0824423641897738,0.11424659099429846,0.25173446123621296,"[76378574, 76484817, 23656741, 380720916, 509049685, 191970143, 365085081, 190191648, 9105535, 217333369]","[209, 209, 209, 209, 209, 117, 209, 209, 209, 171]"
58,9,"[84, 175, 183, 192]",4,0.11703879525884986,0.0282271271571517,0.25867325166473165,"[41980406, 111790819, 185042547, 185004784, 216094193, 46002466, 381452513, 147021458, 399812406, 53992965]","[175, 183, 183, 175, 183, 183, 183, 183, 192, 183]"
59,9,"[29, 39, 72, 106, 188, 194]",6,0.08618346462026238,0.048033962957561016,0.313082047427694,"[396834165, 118454427, 74068784, 571257961, 476308244, 579431049, 228750867, 27339263, 161957565, 215307926]","[39, 39, 72, 72, 188, 72, 194, 72, 39, 106]"
60,9,"[5, 10, 95, 175, 239]",5,0.11255919141694903,0.028225109912455082,0.1655776642728597,"[244841950, 334864192, 36085481, 430666173, 132249408, 319354255, 285556910, 364661104, 9331354, 9331376]","[95, 5, 5, 5, 5, 5, 5, 95, 95, 5]"
61,9,"[1, 166, 207]",3,0.19915245240554214,0.020611095242202282,0.1500048841505001,"[88413698, 152291662, 87177381, 159637364, 30327201, 298353658, 284097329, 120467136, 305976241, 494487482]","[1, 1, 1, 1, 1, 1, 1, 1, 1, 1]"
62,9,"[166, 168, 196, 233]",4,0.1738734021782875,0.029597724322229624,0.39094534202013165,"[494241502, 12634834, 233619684, 8827094, 224387811, 456165206, 386719219, 207962499, 490674449, 199103768]","[233, 233, 233, 166, 233, 233, 166, 166, 166, 166]"
63,9,"[6, 61, 107, 112, 183, 214]",6,0.07830148050561547,0.04322450188919902,0.28568902472034097,"[270401378, 52986331, 563690315, 484863943, 384131335, 445199962, 240595101, 184515490, 391016431, 308554181]","[6, 6, 6, 183, 6, 107, 107, 183, 6, 6]"
64,9,"[30, 79, 91, 109, 159, 186, 209]",7,0.22087983833625913,0.05052536306902766,0.2775792922558529,"[217185418, 84066849, 548226198, 19059244, 589417302, 90439601, 263706156, 542243239, 118496477, 179532987]","[209, 209, 209, 186, 209, 209, 209, 209, 209, 209]"
65,9,"[70, 108, 216, 231]",4,0.0672123460099101,0.029839998111128807,0.2663102322840132,"[309629502, 381782764, 202778162, 451087032, 303650615, 319820797, 324725963, 465523812, 198506296, 151633216]","[108, 216, 216, 216, 216, 216, 216, 108, 216, 216]"
66,9,"[5, 10, 102, 132, 188, 242]",6,0.0682142716832459,0.04502050671726465,0.24400032657043388,"[336735408, 508445146, 202536818, 576003819, 261213950, 64707598, 212970604, 513033189, 390040567, 331064875]","[242, 5, 5, 5, 5, 5, 5, 242, 102, 5]"
67,9,"[1, 82, 93, 132, 146]",5,0.11346668610349298,0.03172630816698074,0.16799346501939,"[386180863, 29988430, 89146024, 404410578, 160685693, 101976635, 343943364, 29367947, 271081031, 29213293]","[82, 82, 82, 82, 1, 82, 1, 82, 82, 82]"
68,9,"[38, 92, 172, 175]",4,0.1462367414496839,0.03278810530900955,0.21910114132333547,"[265582474, 143670194, 561844575, 248190137, 97780755, 153603521, 440305694, 145913315, 491097585, 423316495]","[38, 38, 38, 38, 38, 38, 38, 92, 172, 38]"
69,9,"[36, 54]",2,0.03085977816954255,0.019670417997986078,0.3346795367542654,"[547526819, 299503718, 494503005, 223881798, 40933157, 501034303, 32863356, 276175577, 452879361, 94993425]","[54, 54, 54, 54, 54, 54, 54, 54, 54, 54]"
70,9,"[8, 32, 159, 174, 240]",5,0.13194490689784288,0.026875761337578297,0.17335107596591115,"[552822517, 472693134, 228774034, 309471812, 303702712, 241098492, 289743941, 78343432, 192843933, 239776418]","[174, 174, 174, 174, 8, 174, 174, 174, 174, 174]"
71,9,"[77, 82, 84, 146, 174, 175]",6,0.112580890301615,0.03441460710018873,0.16911024860261628,"[573260542, 333682070, 136021710, 546025776, 271834051, 477922653, 478024384, 44392480, 35266221, 555858375]","[175, 174, 175, 175, 175, 174, 175, 77, 175, 77]"
72,9,"[54, 188]",2,0.020442004781216383,0.01289784675464034,0.20948607311584055,"[446588711, 461876235, 444772633, 324629215, 363624009, 376470060, 257401844, 529203276, 132831639, 205822731]","[54, 54, 54, 54, 188, 54, 54, 54, 54, 188]"
73,9,"[79, 237, 239]",3,0.1332508628256619,0.02078472776338458,0.24937882623635232,"[540778935, 319120328, 133699417, 225385585, 207428026, 373696886, 378640306, 568737859, 563749524, 471257492]","[237, 237, 237, 237, 237, 237, 237, 237, 237, 237]"
74,9,"[39, 60, 112, 163]",4,0.09122911840677261,0.03440020885318518,0.361435251601506,"[265396003, 210976861, 344750993, 183709613, 558944408, 599373587, 58782953, 419974538, 548172672, 55945509]","[60, 60, 60, 60, 60, 60, 60, 60, 60, 60]"
75,9,"[38, 59, 92, 180, 222]",5,0.0645273756235838,0.03539659548550844,0.28639987646602094,"[155620539, 597410261, 263452461, 271612684, 17100209, 468348092, 31811495, 367349867, 567665902, 69245300]","[92, 92, 222, 222, 92, 92, 92, 92, 92, 92]"
76,9,"[60, 240]",2,0.01813220465555787,0.0119425137527287,0.17691580636892468,"[329213839, 47074484, 409696869, 575044943, 574911367, 251901307, 421951907, 421905981, 331859210, 452727150]","[240, 240, 60, 240, 240, 60, 60, 240, 240, 240]"
77,9,"[10, 49, 81, 242]",4,0.04405311169102788,0.027200596407055855,0.23345604992937297,"[29392618, 100806695, 555371788, 499569667, 288761517, 110999700, 29149633, 199844193, 369492547, 12916313]","[81, 49, 49, 49, 49, 49, 49, 49, 49, 49]"
78,9,"[14, 33, 70, 184]",4,0.1032735868357122,0.02186172315850854,0.18790083361091092,"[368786729, 258703635, 491655597, 268183460, 400632256, 272302614, 102844778, 355014684, 425331799, 82216400]","[184, 70, 70, 184, 184, 184, 184, 184, 184, 184]"
79,9,"[20, 70, 125, 188, 194]",5,0.12494548596441746,0.03356026904657483,0.3086045583710074,"[547035905, 356719285, 574548553, 156198037, 431362334, 190418808, 145502417, 47936931, 237419536, 59739192]","[188, 188, 125, 188, 125, 188, 125, 125, 188, 20]"
80,9,"[67, 188, 201, 213, 215]",5,0.08259666617959738,0.03740079654380679,0.3407505213748664,"[181721375, 35502141, 89952573, 307159838, 192160680, 312845800, 195811642, 58729868, 415792015, 485579401]","[67, 215, 215, 215, 215, 215, 215, 215, 215, 215]"
81,9,"[52, 54, 201]",3,0.031157699413597584,0.01855556620284915,0.22035614284686744,"[84848979, 55342692, 216612568, 20668750, 582333068, 418881242, 567432210, 271669109, 121812233, 570656850]","[54, 54, 54, 54, 201, 54, 54, 54, 54, 201]"
82,9,"[63, 84, 175]",3,0.08652548398822546,0.016420741099864244,0.16499709462126097,"[426060089, 201612617, 285544667, 1753283, 6857360, 558819142, 472224338, 280120899, 384691085, 334006326]","[175, 175, 175, 175, 175, 175, 175, 175, 175, 175]"
83,9,"[0, 20, 58, 96, 125, 126, 201]",7,0.16116205416619778,0.0565648446790874,0.45418621885723304,"[208290461, 304706368, 579712493, 27699303, 520458616, 301807532, 171420093, 415774410, 251093097, 288531641]","[0, 125, 125, 125, 125, 125, 20, 125, 125, 125]"
84,9,"[49, 82, 100, 188]",4,0.06517409812659025,0.02682264009490609,0.21915403119055554,"[374495231, 508578037, 303765303, 303894170, 303777852, 303777853, 442539628, 303777856, 443561584, 403869029]","[82, 82, 100, 49, 100, 100, 100, 100, 100, 82]"
85,9,"[10, 18, 51, 126, 194]",5,0.08094859588891268,0.043590936809778214,0.5185472632758319,"[135859681, 487529913, 390082707, 253724408, 242283427, 310574017, 162218567, 141018895, 366051047, 135844979]","[126, 18, 18, 10, 10, 126, 18, 126, 18, 51]"
86,9,"[77, 93, 112, 228]",4,0.043279701843857765,0.023869188968092203,0.21880182262975723,"[590481425, 324507421, 465696629, 267826711, 235910197, 303065933, 519676012, 415423834, 288272199, 525333814]","[228, 93, 77, 77, 77, 77, 228, 228, 228, 228]"
87,9,"[1, 32, 57, 93, 166]",5,0.18963369447737932,0.03455211315304041,0.2072886845562607,"[505650686, 491044044, 66599930, 220173209, 571636931, 332663055, 226991267, 498922512, 498922511, 127347809]","[57, 57, 93, 57, 57, 57, 57, 57, 57, 57]"
88,9,"[49, 61, 82, 88, 100, 213]",6,0.1493234126828611,0.044549466110765934,0.29042918409686536,"[272691094, 283463728, 167407740, 254672467, 523517352, 361223017, 51677329, 165066249, 359020492, 196605218]","[49, 213, 213, 213, 213, 82, 213, 82, 213, 82]"
89,9,"[118, 174]",2,0.021950077265501022,0.013428505044430494,0.386165053001605,"[581116780, 388898852, 93028096, 162226153, 370799589, 112065139, 316809578, 431801735, 96753724, 312077492]","[118, 118, 118, 118, 174, 118, 118, 118, 118, 118]"
90,9,"[27, 53, 76, 80, 231, 244]",6,0.06605819799005985,0.03765599709004164,0.22293955960776657,"[522129904, 482672322, 131364422, 165739048, 186607277, 441837004, 539114052, 594871016, 38856653, 212275851]","[231, 244, 80, 76, 53, 244, 80, 244, 80, 80]"
91,9,"[43, 141]",2,0.06465003127232194,0.007942529395222664,0.15841070539318025,"[71233195, 315106232, 15931559, 531063675, 60055223, 225392258, 587563381, 397904159, 263154245, 399941080]","[141, 141, 141, 141, 141, 141, 141, 141, 141, 141]"
92,9,"[1, 39, 111, 112, 166, 194, 227, 233]",8,0.3313885275274515,0.07298120250925422,0.36759021299076267,"[186913484, 186913483, 308965505, 453058695, 518336660, 96335462, 391555290, 444394351, 116054388, 292722037]","[233, 233, 1, 166, 166, 166, 1, 166, 166, 166]"
93,9,"[22, 30, 38, 104, 131, 152, 185]",7,0.14054049458354712,0.045103102922439575,0.2652196878500815,"[160632588, 160632589, 160632606, 160632619, 199734920, 300751783, 18201100, 465442862, 128712300, 160632621]","[104, 131, 131, 131, 22, 22, 131, 131, 38, 131]"
94,9,[72],1,0.012263027019798756,0.007577023934572935,0.258132680086419,"[382136867, 59486559, 224559782, 245470336, 267224959, 353902440, 353517623, 135660561, 226300732, 94152026]","[72, 72, 72, 72, 72, 72, 72, 72, 72, 72]"
95,9,"[82, 109, 146, 168, 196, 221]",6,0.16063798731192946,0.049111695028841496,0.33936899337762344,"[18146884, 544083532, 463787733, 549976233, 196792996, 103144279, 238299490, 228058477, 475963116, 286283685]","[146, 196, 146, 146, 196, 146, 196, 168, 168, 221]"
96,9,"[0, 8, 70, 81, 93, 171, 184]",7,0.11601459886878729,0.04311221279203892,0.18420088523998857,"[260555165, 319468212, 467082314, 66717321, 309365349, 587776524, 438416572, 515183225, 26985469, 155207585]","[184, 184, 184, 184, 184, 184, 184, 184, 171, 93]"
97,9,"[52, 91, 111, 112, 159, 174]",6,0.12723566964268684,0.04161409614607692,0.2978170788070808,"[115689543, 522478978, 474323315, 313248135, 259914297, 390912880, 537760475, 585989401, 214100017, 44248151]","[52, 52, 52, 52, 91, 91, 52, 52, 91, 52]"
98,9,"[106, 111, 112, 184, 210, 222, 235]",7,0.18560420256108046,0.05354464100673795,0.31946632878056597,"[293850217, 465034186, 436051257, 421810546, 221883577, 161392632, 9859358, 385296377, 436051261, 43341350]","[235, 235, 235, 235, 235, 235, 235, 235, 235, 235]"
99,9,[200],1,0.044760892167687416,0.006262042094022036,0.2230470315553248,"[425207392, 277529667, 433505913, 253407975, 400813724, 302092542, 456915022, 411858689, 290312855, 519964394]","[200, 200, 200, 200, 200, 200, 200, 200, 200, 200]"
100,9,[235],1,0.009572680108249187,0.005208662245422602,0.1912327699828893,"[189226163, 402269380, 477677333, 223659315, 231583392, 132459321, 460146893, 231761919, 455867147, 477744659]","[235, 235, 235, 235, 235, 235, 235, 235, 235, 235]"
101,9,"[49, 61, 77, 82, 241]",5,0.05919048888608813,0.023792708292603493,0.14188830205239356,"[451505880, 253814188, 261514809, 547765493, 448534146, 156840648, 560850266, 236230256, 477970666, 245755937]","[77, 77, 77, 77, 77, 77, 77, 77, 77, 49]"
102,9,"[2, 38, 60, 92, 139, 227]",6,0.06237162137404084,0.038720962125808,0.21103217549777278,"[192006529, 545815969, 218483559, 321173119, 594503539, 587927733, 466518132, 344348550, 371834430, 218625724]","[227, 38, 60, 227, 227, 92, 227, 227, 227, 60]"
103,9,"[20, 61, 70, 84, 96, 125, 192]",7,0.09222669247537851,0.05271935649216175,0.3235989890859595,"[510875360, 539756851, 317490910, 518603062, 437780003, 7220652, 240456867, 156507016, 539756890, 134163922]","[125, 20, 20, 125, 125, 125, 125, 125, 20, 192]"
104,9,"[68, 92, 139, 216, 222]",5,0.08579908218234777,0.09744754433631897,0.24165038913488388,"[478609168, 75989660, 580163753, 446026929, 94075061, 565127133, 359151986, 30766971, 403954187, 237766370]","[139, 139, 92, 216, 68, 92, 68, 68, 92, 92]"
105,9,"[129, 212, 236]",3,0.04521567793563008,0.015417505521327257,0.18709312790694335,"[217785503, 579902028, 323935748, 573709832, 28875190, 497452100, 227360900, 183296170, 218564249, 18324536]","[129, 212, 129, 236, 236, 212, 212, 212, 129, 129]"
106,9,"[0, 4, 10, 17, 26, 132, 169]",7,0.09714312758296728,0.06039996724575758,0.2940894538603191,"[596411782, 517538865, 400563478, 251988656, 400601077, 103806606, 355060706, 447500975, 582308948, 294617249]","[10, 26, 26, 26, 26, 26, 26, 26, 17, 17]"
107,9,"[4, 72, 82, 146, 166, 184, 188, 194]",8,0.1893253051675856,0.11470317142084241,0.2185628263396211,"[247104839, 191784785, 239148187, 357995125, 190732530, 66375012, 293766889, 578375153, 238251818, 398562952]","[146, 72, 72, 72, 72, 72, 72, 82, 72, 72]"
108,9,"[10, 60, 82, 112, 188, 201, 241]",7,0.09214157098904252,0.04272885015234351,0.20612351669530785,"[531803371, 408016726, 573727816, 188559814, 454860629, 137426596, 11354954, 264802137, 351960046, 408995101]","[82, 10, 82, 188, 10, 82, 60, 60, 82, 60]"
109,9,"[30, 65, 70, 79, 106, 108, 152, 225]",8,0.21130120940506458,0.05731953587383032,0.2900205946934875,"[339155718, 148334984, 136102942, 478206656, 165469929, 85347169, 137930305, 63179632, 452616940, 407462292]","[30, 30, 30, 30, 30, 30, 30, 30, 30, 30]"
110,9,"[26, 54, 188, 201]",4,0.0675485385581851,0.08923400705680251,0.24129764625104144,"[203104715, 40283770, 154270230, 30729626, 74921318, 575804413, 368671839, 535765400, 278682383, 73536428]","[54, 201, 201, 201, 188, 188, 54, 54, 201, 201]"
111,9,"[1, 166, 200, 233]",4,0.18709182646125555,0.02133807446807623,0.20256031886674464,"[161416661, 9980046, 563384146, 268291633, 555749580, 385787014, 83072068, 83072044, 405546040, 119250453]","[166, 166, 166, 166, 166, 166, 166, 166, 166, 166]"
112,9,"[39, 49, 100, 146, 188]",5,0.06528177531436086,0.0385434259660542,0.2757444851566106,"[591528875, 322581294, 183483528, 532541207, 311588455, 279349783, 331198635, 452081719, 460566439, 587839376]","[100, 39, 100, 100, 100, 100, 100, 39, 100, 39]"
113,9,"[10, 22, 82, 104, 195]",5,0.09657765366137028,0.0281603098846972,0.17386231417767703,"[449302526, 33285225, 592718174, 440082159, 44646774, 583638774, 148968466, 446868315, 592718172, 97507231]","[195, 195, 82, 195, 195, 195, 22, 195, 195, 22]"
114,9,"[8, 19, 40, 75, 94, 97, 200, 202]",8,0.22151497891172767,0.05610269960016012,0.2877477323054336,"[289481900, 304146423, 84488124, 84488125, 242859885, 401562638, 276840775, 579413241, 225379045, 112846834]","[94, 19, 94, 19, 19, 94, 19, 94, 94, 19]"
115,9,"[32, 209]",2,0.027024272829294205,0.014425851870328188,0.3003201335668564,"[512224738, 49959631, 68025475, 44640260, 75037765, 323500315, 44688408, 252094346, 75037766, 88914243]","[32, 32, 32, 32, 32, 32, 32, 32, 32, 32]"
116,9,"[1, 32, 146, 209]",4,0.11563085345551372,0.024935944005846977,0.23665741400327533,"[10791807, 587255650, 72710750, 331590051, 387997237, 219452106, 587239301, 18017656, 37542374, 119156000]","[32, 32, 32, 209, 209, 209, 32, 209, 209, 209]"
117,9,"[40, 43, 114, 130, 163, 186]",6,0.13150292122736573,0.10278711980208755,0.26168699997166794,"[252015351, 107765794, 64921798, 310338841, 428193560, 328472039, 364912556, 102240323, 380796894, 306842771]","[163, 163, 163, 163, 163, 130, 163, 163, 163, 163]"
118,9,"[10, 124, 239]",3,0.0626290962100029,0.02261225413531065,0.3664995136981209,"[221811232, 161855888, 122131117, 566660059, 5630875, 331163446, 552126984, 461501744, 19080473, 89949285]","[10, 124, 239, 10, 239, 124, 239, 239, 239, 239]"
119,9,"[20, 33, 49, 85, 96]",5,0.17620301200076938,0.02713483478873968,0.21353772510774433,"[555158006, 497606658, 239869551, 7848153, 494235158, 428479524, 131148045, 244236527, 125075691, 510231096]","[96, 20, 20, 96, 20, 20, 20, 96, 20, 20]"
120,9,"[10, 26, 48, 126, 184]",5,0.08269100403413177,0.041924143210053444,0.5159679908305407,"[432278520, 374950273, 61307981, 476045260, 337860279, 193575861, 38610481, 33841849, 63300477, 520818354]","[48, 126, 48, 48, 48, 48, 48, 48, 48, 48]"
121,9,"[91, 171, 186, 224]",4,0.14747057110071182,0.02504455531015992,0.20439544244436547,"[259071515, 437317368, 44402102, 260956334, 144942406, 302150947, 49842008, 144832277, 453704331, 554918483]","[186, 171, 171, 171, 171, 171, 171, 171, 171, 171]"
122,9,"[30, 45, 52, 105, 112, 195, 216]",7,0.1210502996109426,0.055213095620274544,0.33896172871547087,"[151534257, 516252519, 555103126, 163988011, 554943677, 151362101, 163988086, 516068926, 474583342, 104732148]","[45, 45, 45, 45, 45, 45, 45, 45, 45, 45]"
123,9,"[0, 10, 106, 125, 159, 180, 242]",7,0.08475661231204867,0.05423248326405883,0.30699757975526154,"[421310323, 125950689, 328858424, 422689440, 229073607, 40435091, 279238362, 34320127, 210955187, 556682288]","[125, 10, 242, 242, 180, 242, 125, 159, 180, 180]"
124,9,"[20, 125, 128, 188, 192, 221]",6,0.07149143423885107,0.04074042709544301,0.30625066393986344,"[329184696, 481986621, 282465296, 21483673, 130448488, 361491848, 292221422, 263523991, 509932225, 160625755]","[188, 188, 125, 20, 192, 20, 20, 20, 192, 192]"
125,9,"[1, 6, 46, 133, 227]",5,0.15468410542234778,0.03592555969953537,0.18429319546557962,"[34453432, 336266842, 302401344, 281040931, 57728762, 280987203, 388909153, 366064393, 379931463, 387750845]","[133, 133, 133, 133, 133, 133, 133, 133, 133, 133]"
126,9,"[30, 79, 109, 146, 195, 221]",6,0.1162281041033566,0.04105767607688904,0.283639640857776,"[105410561, 81449818, 405371876, 553997511, 292703334, 464685324, 85182022, 394694673, 563728581, 166998286]","[221, 195, 30, 195, 30, 146, 195, 146, 30, 79]"
127,9,"[127, 159, 239]",3,0.03737734165042639,0.023024225141853094,0.43984342785552144,"[311001270, 20746912, 560340263, 560393293, 20746911, 20746913, 273059429, 311001269, 550733200, 201358112]","[127, 159, 127, 159, 127, 127, 159, 159, 127, 159]"
128,9,"[14, 133, 147]",3,0.03173959022387862,0.01750858500599861,0.20267182968867323,"[290366674, 41302095, 330445947, 143893549, 125433616, 361198657, 143215502, 348773765, 452127012, 143271541]","[14, 14, 14, 14, 14, 14, 14, 14, 14, 14]"
129,9,"[61, 107]",2,0.020812471862882376,0.012125651352107525,0.20158159802667797,"[448137091, 448392286, 472945285, 103233960, 112127662, 581710544, 508761575, 73854731, 81163651, 573135295]","[107, 107, 107, 107, 107, 107, 107, 107, 107, 107]"
130,9,"[10, 70, 108, 112, 125, 128, 188, 201]",8,0.13541986467316747,0.058787735644727945,0.28087427679565735,"[21237069, 73294531, 492891160, 534267918, 74450929, 78819548, 592798190, 534216887, 404446166, 289688797]","[125, 128, 128, 128, 125, 125, 125, 125, 125, 188]"
131,9,"[32, 43, 52, 112, 129, 133, 192, 224]",8,0.15580078260973096,0.055351624730974436,0.2875746716163121,"[144843049, 381645569, 311725998, 302492227, 347325080, 394239299, 271296477, 251126940, 97930082, 348325693]","[224, 133, 133, 224, 224, 52, 32, 52, 133, 133]"
132,9,"[33, 96, 100, 106, 125, 188]",6,0.1423103571869433,0.04714666120707989,0.3212109747497986,"[467942678, 119184862, 423604403, 420150266, 394600789, 460645518, 466358760, 480058543, 66305844, 193942025]","[125, 100, 100, 96, 96, 96, 125, 125, 125, 125]"
133,9,"[0, 48, 89, 111, 112, 184]",6,0.20692784525454044,0.0557701219804585,0.3295994077731545,"[548699003, 59965538, 96656617, 309120002, 169502825, 280829481, 186091388, 508592479, 175586780, 385303933]","[48, 48, 48, 48, 48, 184, 48, 48, 48, 48]"
134,9,"[81, 96, 109, 125, 167, 188, 201, 213]",8,0.11411830270662904,0.06375182187184691,0.34085586181026883,"[135549895, 143589485, 307960537, 4270688, 107046204, 64887395, 272760053, 55406213, 563820449, 385745949]","[213, 213, 213, 213, 213, 213, 213, 125, 213, 213]"
135,9,[72],1,0.01208721799775958,0.007565727923065424,0.258132680086419,"[17262987, 366376880, 332916842, 585545534, 353502752, 570277472, 416254892, 205309529, 466439483, 569262416]","[72, 72, 72, 72, 72, 72, 72, 72, 72, 72]"
136,9,"[125, 166, 167, 201, 241]",5,0.13376225857064128,0.027168561704456806,0.23951941542327404,"[115678467, 138660787, 206547408, 322208855, 103505158, 575231737, 534529739, 549748325, 231814885, 473893320]","[167, 167, 241, 167, 167, 167, 167, 167, 167, 241]"
137,9,"[38, 57, 174, 227]",4,0.12309923628345132,0.025280458852648735,0.21857453847769648,"[120768413, 130690256, 567764785, 567693048, 460885708, 574450670, 134764221, 567700714, 583042124, 183749417]","[174, 227, 57, 57, 57, 57, 174, 57, 57, 57]"
138,9,"[4, 22, 104, 195]",4,0.08445744309574366,0.020100340712815523,0.1465986411785707,"[116889780, 315408916, 382484035, 177901450, 478663591, 267907949, 309213842, 357571673, 116892332, 243561153]","[22, 22, 22, 22, 22, 22, 22, 22, 22, 22]"
139,9,"[52, 159, 228]",3,0.024072100408375263,0.014660541899502277,0.16144347035636505,"[181851759, 379011445, 558091414, 429357841, 555205646, 556446121, 537076483, 555205647, 166091208, 356562303]","[228, 228, 228, 52, 228, 228, 228, 228, 228, 228]"
140,9,"[60, 240]",2,0.01820711698383093,0.011805585119873285,0.17691580636892468,"[582402075, 172668992, 151201873, 535504318, 454047548, 204333902, 43870016, 417872236, 542298378, 55472578]","[240, 240, 240, 60, 60, 60, 60, 60, 240, 60]"
141,9,"[2, 38, 60, 240]",4,0.04046775260940194,0.024450183380395174,0.20111224858555943,"[537721664, 301553447, 256343955, 115983765, 413477262, 272254294, 416729267, 574874608, 211422803, 241895279]","[240, 240, 240, 240, 2, 240, 240, 240, 240, 240]"
142,9,"[10, 20, 49, 58, 82]",5,0.04871633090078831,0.032236967235803604,0.19205395677126944,"[371828666, 371880725, 371883663, 195213819, 285267748, 195276034, 401566150, 132094197, 109876089, 144147132]","[82, 82, 82, 82, 82, 82, 82, 82, 82, 82]"
143,9,"[49, 82, 100, 169, 196, 227]",6,0.08445353992283344,0.1199073838070035,0.2905190596745039,"[568603293, 438474876, 108137780, 193237893, 324003770, 568595552, 369049065, 55729924, 194741001, 518618910]","[100, 100, 82, 100, 82, 82, 100, 100, 82, 100]"
144,9,[233],1,0.011671632993966341,0.006456698756664991,0.2524867169559002,"[311197008, 28542321, 94886358, 470289830, 404809611, 61988430, 200639384, 467036186, 429555236, 106618145]","[233, 233, 233, 233, 233, 233, 233, 233, 233, 233]"
145,9,"[52, 68, 110, 159, 184]",5,0.040244842413812876,0.025883276015520096,0.16137030422687532,"[466844055, 564334797, 262786726, 466939927, 570321692, 313084790, 467090244, 523351586, 497892071, 35506465]","[159, 184, 184, 159, 184, 184, 159, 184, 184, 184]"
146,9,"[6, 171, 200, 227]",4,0.03658223384991288,0.02668014308437705,0.18272684805560857,"[282835417, 576824951, 94479661, 198383382, 415237356, 469531690, 320993321, 557146566, 547914671, 80184097]","[171, 171, 171, 171, 171, 171, 171, 171, 171, 171]"
147,9,"[1, 4, 30, 75, 109, 206]",6,0.14648058405146003,0.05311763100326061,0.2752584377691771,"[325077166, 325077150, 87742785, 397267301, 17935748, 107421762, 130319152, 99043143, 324872502, 400574949]","[75, 206, 109, 206, 109, 75, 109, 109, 75, 206]"
148,9,"[6, 10, 93, 112, 186, 209, 224]",7,0.13220382016152143,0.04878970654681325,0.26360444265550803,"[71280009, 546455453, 95635881, 400278764, 509200431, 163464817, 163424852, 507441751, 503261427, 510645792]","[224, 224, 224, 224, 224, 224, 224, 224, 224, 224]"
149,9,"[5, 10, 12]",3,0.026387053076177835,0.018536973278969526,0.1703342516751339,"[541511178, 541511182, 194085273, 43236799, 541511183, 245424510, 194125449, 23781916, 270684300, 250027846]","[5, 5, 5, 5, 5, 5, 5, 5, 5, 5]"
150,9,"[36, 54, 201]",3,0.04086241079494357,0.025750859640538692,0.2933807415732493,"[132817667, 564097636, 59680335, 37010459, 195097925, 318963254, 409419718, 244794993, 85163744, 563806023]","[36, 36, 36, 54, 36, 36, 36, 36, 36, 36]"
151,9,"[14, 68, 184]",3,0.0254740915261209,0.016209860797971487,0.16680401602449516,"[579272775, 198792342, 119054950, 122498423, 428817812, 348551822, 140935518, 343321797, 122476015, 334775338]","[68, 68, 68, 68, 68, 68, 68, 68, 68, 68]"
152,9,"[33, 85, 96, 188]",4,0.16513877175748348,0.020971447695046663,0.22363659500842914,"[105570492, 599941963, 276670669, 559609191, 538238323, 29938305, 411145739, 339278603, 555943892, 112729901]","[96, 96, 96, 96, 96, 96, 85, 33, 96, 96]"
153,9,"[81, 111, 128, 188, 211, 239]",6,0.14923381060361862,0.042999476660043,0.2882852233403052,"[90922693, 580125627, 77621675, 486877138, 25465135, 60120932, 13266161, 359574809, 74689141, 455790337]","[211, 81, 81, 81, 81, 81, 81, 81, 188, 81]"
154,9,"[84, 192]",2,0.03381310170516372,0.01768973795697093,0.37710147036705166,"[115100181, 356919727, 223545910, 228977617, 552611349, 67552775, 25488434, 85002289, 565728022, 282021675]","[84, 192, 192, 192, 192, 192, 192, 192, 192, 192]"
155,9,"[45, 68]",2,0.018028650898486376,0.011420879047363997,0.17085670423693955,"[227716460, 437534632, 563016460, 595899684, 528585632, 242093159, 519476207, 401045029, 345423960, 181561685]","[68, 68, 68, 68, 68, 68, 68, 68, 68, 68]"
156,9,"[200, 209]",2,0.025290025863796473,0.013444601092487574,0.27939444372896105,"[561574493, 538941863, 461504633, 2155163, 348526226, 304166265, 446030645, 194953949, 215311216, 194960142]","[200, 200, 200, 200, 200, 200, 200, 200, 200, 200]"
157,9,"[8, 37, 40, 75, 109, 112, 148, 186, 200]",9,0.16221552900969982,0.06759042665362358,0.2566441677821179,"[477806359, 217514137, 523159681, 22404047, 221715805, 519269859, 135075794, 502238607, 340048858, 38899035]","[186, 40, 75, 186, 8, 109, 8, 186, 200, 8]"
158,9,"[79, 82, 106, 109, 146, 221]",6,0.1368659515865147,0.04141249507665634,0.2098297420113037,"[98895669, 318363603, 214770367, 187802081, 512430086, 595877096, 297563233, 343711847, 564030984, 282228168]","[221, 109, 221, 221, 221, 221, 221, 221, 146, 221]"
159,9,"[0, 2, 8, 47, 60, 61, 174, 215]",8,0.19999856688082218,0.058759928215295076,0.22318217263091356,"[238638162, 318878112, 547774955, 7620451, 333266724, 401425342, 586864529, 124039536, 55127564, 317493172]","[8, 2, 60, 2, 215, 8, 47, 47, 60, 174]"
160,9,"[6, 60, 207, 228, 233]",5,0.04571923101320863,0.02673041820526123,0.18224451690912247,"[108932684, 256200678, 30829057, 222750403, 339874296, 588889555, 75522853, 75577939, 588817807, 16998124]","[228, 207, 6, 228, 6, 6, 6, 6, 6, 207]"
161,9,"[33, 85, 96]",3,0.16416475409641862,0.023250017780810595,0.24907791001411775,"[44065614, 179348278, 196227061, 43290414, 398670924, 406460569, 495915116, 556150387, 364911082, 207472696]","[96, 96, 33, 85, 33, 33, 96, 96, 96, 96]"
162,9,"[43, 54, 58, 167, 186, 201]",6,0.11270722607150674,0.041597903706133366,0.21470242323509106,"[372189215, 242686067, 509750085, 531825344, 112683953, 462645119, 368257871, 422256760, 275268302, 436683091]","[186, 186, 167, 186, 58, 54, 43, 186, 167, 186]"
163,9,"[37, 70, 77, 93, 111, 112, 125, 228]",8,0.11564231058582664,0.06562814628705382,0.3485856018087361,"[377887185, 471856179, 239041397, 86523242, 40695529, 446655610, 593763692, 283805603, 105029832, 511619287]","[77, 125, 37, 77, 37, 77, 37, 77, 77, 77]"
164,9,"[54, 188, 201]",3,0.061683683190494776,0.09100079955533147,0.20991843248096606,"[382825464, 382791356, 139798550, 241518463, 139661159, 197307204, 197122395, 172313904, 177822160, 256633614]","[54, 54, 54, 201, 54, 54, 54, 54, 54, 54]"
165,9,"[75, 93, 117, 171, 186, 209]",6,0.0560582522302866,0.03798422170802951,0.22118445672094822,"[225308057, 236165849, 551637064, 271202674, 225294851, 343508960, 378929497, 414598141, 216633273, 141525903]","[117, 117, 117, 117, 117, 117, 117, 117, 171, 186]"
166,9,"[39, 58, 82, 166, 168, 196]",6,0.16727334167808294,0.04897662345319986,0.3666446505812928,"[469502761, 408767841, 449429478, 449228667, 91063653, 87664472, 188483153, 436119478, 423521800, 91416017]","[196, 168, 196, 196, 168, 196, 196, 168, 168, 196]"
167,9,"[82, 84, 100, 167, 192]",5,0.06981677282601595,0.04025360941886902,0.30163876954466107,"[72907774, 365464132, 552398440, 549992163, 168939131, 434403792, 284648471, 590144876, 337528509, 525709273]","[100, 82, 84, 100, 100, 192, 192, 100, 82, 84]"
168,9,"[32, 63, 93, 192]",4,0.1483609420247376,0.02950444445014,0.28530268860049546,"[244510764, 397488901, 306509257, 133988263, 66921421, 546401277, 119908493, 136010040, 459311214, 101468890]","[32, 32, 63, 63, 32, 32, 32, 32, 32, 32]"
169,9,"[36, 54, 201]",3,0.040876651648432016,0.024052164051681757,0.2933807415732493,"[496007121, 125640005, 14409541, 146605441, 375462570, 347580490, 508260488, 15457791, 140065711, 588342549]","[36, 36, 36, 36, 36, 201, 36, 54, 54, 36]"
170,9,"[20, 46, 58, 96, 125, 167, 210]",7,0.11857438599690795,0.0470264065079391,0.2596687673857169,"[419460675, 479731829, 464268983, 424787647, 298811605, 350911126, 351017656, 337207486, 256587053, 538880204]","[20, 210, 20, 210, 210, 20, 125, 20, 20, 20]"
171,9,"[0, 20, 111, 112, 192]",5,0.09523495845496655,0.04426588164642453,0.4148939333856106,"[276967714, 238030946, 574034175, 264597840, 363692378, 544968739, 166921826, 243061326, 300160651, 75038646]","[20, 20, 192, 20, 192, 20, 20, 20, 20, 20]"
172,9,"[77, 127]",2,0.026195087004452944,0.01559657696634531,0.5400583040900528,"[436963377, 41425998, 573923195, 200860855, 432120631, 39364833, 234428732, 353743490, 303611741, 310392450]","[77, 77, 77, 77, 77, 77, 77, 77, 77, 77]"
173,9,"[10, 60, 216, 244]",4,0.10994679806753993,0.03537416411563754,0.24272154486970976,"[421516192, 123334203, 334586467, 123334202, 420097424, 396249398, 508078072, 432729141, 357285491, 338106395]","[60, 60, 60, 60, 60, 60, 60, 60, 60, 60]"
174,9,"[27, 32, 93, 174, 194, 221]",6,0.0766134737059474,0.04241739585995674,0.2753450519715746,"[66236774, 335251301, 110095053, 171769894, 66243966, 240563277, 346573541, 479688324, 247553257, 456570413]","[93, 32, 32, 32, 93, 93, 32, 93, 32, 32]"
175,9,"[70, 84, 175, 192]",4,0.11301266681402922,0.02896946482360363,0.28363909816835076,"[117436995, 529364040, 493597761, 548840527, 549319923, 405522861, 594085667, 207151906, 549325063, 589583790]","[84, 84, 84, 84, 84, 84, 192, 84, 84, 175]"
176,9,"[54, 156, 167, 201]",4,0.04690077342092991,0.028934457805007696,0.24133847787743434,"[505163271, 401411118, 125805490, 564320947, 507347585, 441812457, 578366134, 150867596, 343791582, 225892869]","[201, 167, 201, 54, 167, 54, 167, 201, 201, 201]"
177,9,"[39, 65, 84, 93, 192]",5,0.1743509084917605,0.03894873941317201,0.3241600433830172,"[583864537, 445737795, 208676328, 493591620, 502994434, 152121484, 11749472, 150813866, 548504950, 450062982]","[192, 192, 93, 192, 192, 192, 84, 65, 93, 192]"
178,9,"[20, 61, 88, 93, 125, 132, 169, 184, 227]",9,0.08643837878480554,0.06182310730218887,0.2229973254984038,"[308670354, 592022775, 267011792, 492913202, 475784296, 551569304, 323250630, 172532783, 95806496, 291520019]","[20, 20, 20, 184, 20, 20, 20, 20, 20, 20]"
179,9,"[1, 6, 93, 175, 241]",5,0.18773605255410075,0.02251267060637474,0.13410276016220452,"[482489709, 482513369, 190953394, 23390111, 281989583, 23251401, 482472580, 288204887, 482497455, 406553261]","[6, 93, 93, 93, 241, 93, 93, 93, 93, 93]"
180,9,"[1, 81, 82, 84]",4,0.11837400030344725,0.08744526468217373,0.19297339487820864,"[550905159, 246634158, 476949661, 311952454, 222413070, 157783429, 320641167, 94727527, 417339932, 20684069]","[81, 81, 81, 84, 81, 81, 81, 81, 81, 81]"
181,9,"[10, 26, 58, 67, 201, 241]",6,0.08248713193461299,0.0415785419754684,0.2095847724704072,"[460349990, 164775229, 545020148, 253605116, 451282112, 207422151, 489718353, 545301961, 511608339, 89492793]","[67, 67, 67, 67, 67, 67, 67, 67, 67, 67]"
182,9,"[63, 84, 132, 175, 192]",5,0.11880709230899811,0.038155870512127876,0.2474418373312801,"[254509575, 127662267, 552817184, 553072338, 34127478, 269396313, 526098036, 586588591, 451929378, 417780244]","[192, 84, 84, 192, 192, 192, 192, 192, 84, 63]"
183,9,[235],1,0.009615527931600809,0.005535864271223545,0.1912327699828893,"[103572512, 218500680, 69235722, 227639106, 23055104, 366728558, 86445881, 363464748, 353530693, 14502400]","[235, 235, 235, 235, 235, 235, 235, 235, 235, 235]"
184,9,"[10, 72, 106, 132, 188, 239, 242]",7,0.10603939043357968,0.11811748705804348,0.23063149329807078,"[202398807, 573977570, 140199749, 49493021, 285291463, 467778939, 285208869, 49429263, 234142149, 466627293]","[10, 242, 239, 10, 10, 188, 242, 10, 10, 242]"
185,9,"[2, 10, 61, 85, 132, 164, 185]",7,0.12797177024185658,0.04917518142610788,0.20581694286582725,"[388226724, 511745332, 48954299, 487167005, 146461299, 548233081, 105507382, 248530841, 236721360, 89052827]","[132, 10, 132, 185, 132, 2, 85, 132, 132, 132]"
186,9,"[6, 43, 67, 186, 200]",5,0.09690770274028182,0.0272907386533916,0.1919275433756411,"[95901209, 250181636, 250214702, 188091529, 28348846, 330634046, 466863412, 181101373, 103465531, 547048924]","[186, 186, 186, 186, 186, 43, 186, 43, 186, 186]"
187,9,"[5, 77, 174, 175]",4,0.09361972333863378,0.02113314438611269,0.15518894261913374,"[441212914, 199342980, 84693467, 175992831, 394989135, 84867293, 365170347, 352397999, 250757343, 56096698]","[5, 175, 175, 174, 174, 175, 174, 175, 77, 5]"
188,9,"[1, 46, 133, 175, 210, 228]",6,0.2720736227929592,0.03787487791851163,0.17378379163953164,"[334562342, 334598495, 334598493, 168176079, 334501887, 375110893, 116216281, 115872543, 168295608, 538361017]","[46, 46, 46, 46, 46, 46, 46, 46, 46, 46]"
189,9,"[20, 70, 110, 111, 125, 188, 194]",7,0.10254244739189744,0.053919011261314154,0.35834735984514865,"[6355308, 194819497, 61692006, 273536667, 76539414, 285653238, 96633217, 72834924, 318463906, 118918760]","[125, 125, 70, 188, 111, 125, 188, 125, 125, 111]"
190,9,"[32, 112, 194, 227]",4,0.060323869343847036,0.0313260518014431,0.3336748434812762,"[344564768, 35045917, 301643958, 344703644, 130554732, 492702621, 394112207, 578354095, 231678489, 76111270]","[32, 32, 32, 32, 32, 32, 32, 32, 32, 32]"
191,9,"[38, 92, 227]",3,0.03408855991438031,0.019205424934625626,0.2348290312414368,"[171442642, 32631619, 335520897, 501602611, 432581730, 539090239, 546251617, 361241062, 352322111, 494548963]","[227, 227, 227, 227, 227, 38, 227, 227, 227, 227]"
192,9,"[72, 102, 106, 180, 242]",5,0.0957963396795094,0.11203166982159019,0.3615612530615181,"[318392068, 320139952, 117568705, 549951739, 2916007, 457005169, 389366056, 66118274, 98581984, 289795814]","[106, 180, 106, 180, 180, 242, 102, 102, 102, 102]"
193,9,"[60, 240]",2,0.01831150148063898,0.011910640634596348,0.17691580636892468,"[538484149, 226255915, 538512593, 260666, 485981084, 266275898, 153495727, 478586406, 300018527, 511293266]","[240, 240, 240, 240, 240, 240, 240, 240, 240, 240]"
194,9,"[26, 65, 148]",3,0.036906938534229994,0.02079103235155344,0.2509695259698977,"[313600579, 10172977, 572186396, 548240362, 478226485, 470251629, 572678835, 11734662, 176079291, 78121338]","[65, 65, 65, 65, 65, 65, 65, 65, 26, 65]"
195,9,"[20, 39, 82, 100]",4,0.056324876844882965,0.03197447070851922,0.294418926758226,"[362343117, 284531044, 329153369, 340689957, 390289754, 143120312, 222551320, 19060061, 585852409, 321015544]","[82, 82, 82, 82, 39, 82, 39, 82, 82, 82]"
196,9,"[32, 93, 239, 240]",4,0.04190673725679517,0.02613732498139143,0.20636715117143467,"[306931078, 405845132, 597686959, 82312785, 168998111, 597636209, 120938282, 432681985, 327950004, 511250089]","[93, 93, 93, 93, 240, 93, 93, 93, 240, 240]"
197,9,"[32, 46, 47, 97, 147, 209, 212, 216]",8,0.23274958413094282,0.05911084171384573,0.3081356171751395,"[434719975, 472032412, 547329297, 270471031, 547553899, 480557183, 324237631, 520654767, 442910672, 224732835]","[97, 46, 32, 32, 32, 32, 97, 212, 212, 32]"
198,9,"[54, 167, 201]",3,0.03283697133883834,0.02166722621768713,0.23136353477214774,"[117765081, 373308842, 190182926, 207357695, 144646103, 150867596, 329067235, 57539513, 359502231, 523309804]","[201, 201, 201, 201, 54, 201, 201, 201, 54, 201]"
199,9,"[167, 201]",2,0.01967028994113207,0.01295464625582099,0.2112155540380627,"[39345817, 161356029, 54506849, 586706085, 44487264, 387032307, 161446401, 6822141, 129685551, 64708726]","[167, 167, 167, 167, 167, 167, 201, 167, 167, 167]"
200,9,"[5, 10, 12, 18, 51, 126]",6,0.07362091820687056,0.04339445335790515,0.39587014948483557,"[381846485, 296481143, 100710622, 175919348, 199360428, 397088663, 120517343, 515305740, 413627591, 555555035]","[12, 12, 12, 12, 12, 12, 12, 12, 12, 12]"
201,9,"[39, 60, 84, 93, 196, 227, 239, 241]",8,0.1879413011483848,0.05439197225496173,0.258034382306505,"[90855074, 37233593, 37233594, 90855069, 90855073, 90855072, 397185503, 205513516, 171362839, 90855070]","[84, 84, 84, 84, 93, 39, 84, 84, 39, 39]"
202,9,"[82, 159, 174, 175]",4,0.09476420748978853,0.021469689905643463,0.16000938339857385,"[377330137, 97447570, 30899884, 464460003, 171581726, 243250532, 189127591, 231977139, 410312031, 505238245]","[175, 175, 175, 159, 175, 175, 175, 175, 175, 175]"
203,9,"[70, 84, 89, 128, 174, 192, 237]",7,0.12103849183768034,0.04853076534345746,0.26396700077956275,"[583040551, 557307240, 205637431, 304503096, 135118508, 484396091, 39186597, 370398741, 240826567, 379758349]","[84, 128, 237, 237, 192, 237, 84, 237, 128, 84]"
204,9,"[10, 81, 241]",3,0.04816570645198226,0.01724797487258911,0.18254207082403204,"[575735573, 205813791, 513330716, 471134691, 259985874, 255555166, 31643592, 258577666, 155411480, 149855824]","[81, 10, 81, 81, 81, 81, 10, 10, 10, 10]"
205,9,"[10, 72, 106, 188, 242]",5,0.06432602927088737,0.09914918430149555,0.23800822612829506,"[245250692, 321331342, 239518695, 262741634, 64990351, 73491323, 220129541, 428522198, 377067390, 545767797]","[188, 242, 242, 242, 242, 242, 242, 72, 242, 72]"
206,9,"[48, 68, 184]",3,0.03182473964989185,0.01952977804467082,0.21884895248028138,"[190700844, 136395417, 488840874, 488773708, 481299369, 75870846, 263187519, 267748222, 190684424, 597462537]","[68, 68, 48, 48, 68, 68, 68, 68, 68, 68]"
207,9,"[10, 36, 54, 156, 192, 201]",6,0.08950485661625862,0.05384121695533395,0.32915948319714516,"[80352651, 258132591, 599103989, 269933265, 172759973, 279711769, 492165791, 157303392, 452297173, 547297128]","[54, 36, 54, 54, 54, 54, 36, 54, 54, 201]"
208,9,"[10, 77, 82, 100, 175]",5,0.11295996280387044,0.03398564597591758,0.21338082766160368,"[191219637, 561236930, 335134646, 274196408, 572823003, 336144356, 249925343, 237006714, 369261323, 431304777]","[77, 77, 10, 77, 77, 77, 100, 10, 100, 175]"
209,9,"[125, 188]",2,0.020131283439695835,0.012254899833351374,0.3519907637964934,"[457932028, 424620168, 126485989, 494806968, 474884568, 192111966, 411217520, 516031570, 157664964, 558398758]","[125, 125, 125, 125, 125, 125, 125, 125, 125, 188]"
210,9,"[60, 240]",2,0.04912356659770012,0.011526576243340969,0.17691580636892468,"[282181337, 178507622, 228138065, 250579398, 15306275, 250574266, 209004159, 442590983, 318470684, 283438076]","[240, 240, 240, 240, 240, 240, 60, 240, 240, 60]"
211,9,"[39, 49, 82, 100, 111, 239]",6,0.11402255995199084,0.11963925324380398,0.3776104561596488,"[421614196, 191842553, 705389, 20298494, 238211637, 201239098, 63479802, 477256244, 5867019, 381212532]","[82, 82, 39, 49, 100, 100, 100, 100, 100, 100]"
212,9,"[5, 46, 59, 67, 159, 175]",6,0.10761289997026324,0.03211523871868849,0.15040667087305337,"[427804312, 358787744, 519149511, 291297814, 456252842, 519010642, 543821520, 44796746, 519699142, 513600491]","[175, 46, 46, 46, 5, 46, 46, 46, 46, 46]"
213,9,"[22, 104]",2,0.06783939013257623,0.009748969227075577,0.15788507496472448,"[204398649, 300328709, 558467379, 371938691, 558590194, 544707789, 206269197, 294209137, 558590247, 95669075]","[22, 22, 22, 22, 22, 22, 22, 22, 22, 22]"
214,9,"[91, 171, 186, 200, 209]",5,0.11259378446266055,0.03247844008728862,0.21880816514603793,"[267139604, 504362065, 314766071, 503767635, 240944350, 587386477, 200675898, 98637538, 346695252, 269399973]","[91, 91, 91, 91, 91, 91, 91, 91, 91, 91]"
215,9,"[39, 60, 100, 128, 194]",5,0.08551885653287172,0.10741177946329117,0.339072051551193,"[101264138, 6324193, 227699365, 348414417, 67605957, 391013241, 454800528, 10452797, 37217530, 560141064]","[60, 39, 39, 100, 39, 194, 194, 39, 39, 39]"
216,9,"[14, 32, 93]",3,0.031979652121663094,0.019036496989428997,0.19114957377314568,"[545738633, 22256055, 209620308, 342089625, 478804827, 460533547, 182740574, 504022969, 114250714, 115072631]","[32, 32, 32, 32, 32, 32, 32, 32, 32, 32]"
217,9,"[49, 82, 100, 188]",4,0.04361064871773124,0.026136910542845726,0.21915403119055554,"[181530598, 342643440, 283438531, 74957088, 402439230, 330618031, 299742533, 121885518, 423282609, 216412376]","[49, 82, 100, 49, 49, 49, 49, 82, 82, 49]"
218,9,"[39, 60, 72, 111, 168, 239]",6,0.11460272083058953,0.05534691968932748,0.4291000400747483,"[259608549, 524474363, 212001876, 260505673, 465222397, 62118408, 487082192, 453018396, 154627562, 335105793]","[239, 39, 39, 60, 39, 72, 39, 72, 39, 39]"
219,9,"[27, 117, 206]",3,0.06082121375948191,0.01650077197700739,0.2579066539183259,"[8696237, 112356361, 152426640, 371110076, 152569041, 287037603, 18920992, 558990484, 359534568, 114455695]","[27, 27, 27, 27, 27, 27, 27, 27, 27, 27]"
220,9,"[22, 70, 105, 153, 192]",5,0.11277039302513003,0.10066154366359115,0.2834208810236305,"[225365826, 215754056, 430759733, 280571589, 10298824, 150427883, 31452712, 540102773, 223818139, 225365827]","[105, 22, 105, 153, 105, 70, 105, 105, 105, 105]"
221,9,"[10, 188, 194, 239]",4,0.051882361993193626,0.030789346434175968,0.2821158973383717,"[554741423, 138022694, 549189925, 486320206, 446883112, 359949891, 451661731, 385259448, 141475569, 557511076]","[10, 194, 239, 10, 239, 10, 194, 10, 10, 194]"
222,9,"[96, 188, 194, 215]",4,0.06697749858722091,0.03168397303670645,0.38017728709382936,"[75657568, 499399679, 500920022, 530989305, 427708890, 121838834, 75728776, 409790152, 337671548, 577421758]","[188, 194, 188, 215, 188, 188, 188, 215, 215, 215]"
223,9,"[32, 43, 93, 97, 112, 228]",6,0.2122908099554479,0.04217438632622361,0.298998989785711,"[499165963, 244806872, 39179679, 62184164, 387930108, 515925033, 23305869, 336165488, 388217715, 190090106]","[93, 93, 93, 93, 93, 93, 93, 93, 93, 93]"
224,9,"[0, 10, 51, 72, 106, 239]",6,0.07604883145540953,0.050597462337464094,0.24174911909115812,"[154837546, 399263082, 142742184, 262616471, 365575534, 151510096, 215296272, 461781526, 301064167, 57148827]","[10, 10, 239, 106, 72, 51, 51, 72, 239, 10]"
225,9,"[37, 40, 43, 81, 109, 128, 186, 188]",8,0.14526211563497782,0.055930988397449255,0.23915536821004935,"[500500670, 204872419, 261717024, 448708491, 108034951, 316260945, 308059852, 271403247, 283243693, 208734272]","[109, 109, 109, 109, 109, 109, 109, 109, 109, 109]"
226,9,"[19, 147, 170, 174, 228]",5,0.06362593034282327,0.09588411590084434,0.22443814566358924,"[278009245, 326881909, 354220824, 200689784, 435322483, 338557570, 278009243, 277984274, 578033863, 213097581]","[170, 19, 170, 170, 228, 19, 19, 19, 228, 19]"
227,9,"[1, 82, 84, 175]",4,0.16558517329394817,0.022037372924387455,0.16992444510105997,"[70718408, 185309778, 234748239, 169715958, 190064966, 408452482, 449549112, 190011432, 485474420, 1012876]","[175, 84, 84, 84, 1, 84, 84, 1, 84, 84]"
228,9,"[10, 51, 174, 211]",4,0.040794987697154284,0.02787003619596362,0.2074449562933296,"[461672923, 469749072, 23241304, 297472075, 591050149, 6267407, 419969441, 23439075, 443494384, 463037353]","[174, 174, 51, 51, 174, 174, 174, 174, 174, 174]"
229,9,"[51, 124, 126, 181, 239]",5,0.07415762403979897,0.04192347219213843,0.5578916943166405,"[165110528, 67586582, 99217799, 224393251, 210985184, 466738673, 512128119, 586084807, 506490132, 257798204]","[51, 124, 51, 239, 239, 124, 124, 239, 239, 124]"
230,9,"[8, 32, 93, 97, 112, 194, 239]",7,0.18070155987516046,0.11466543935239315,0.3326736865565181,"[80636957, 332889903, 73800392, 443255431, 443331686, 1847177, 477937311, 455887029, 342339335, 497112119]","[194, 93, 32, 32, 32, 32, 93, 32, 93, 32]"
231,9,"[25, 61, 81, 166, 178, 210]",6,0.1682244185358286,0.03180253366008401,0.18921937580065182,"[168182756, 104853591, 80501965, 104853589, 216926879, 343832993, 168097447, 433127424, 274717257, 104853590]","[166, 166, 61, 166, 166, 61, 166, 178, 25, 166]"
232,9,"[19, 21, 30, 131, 172, 211]",6,0.07488006073981524,0.03935811668634415,0.2600621306337416,"[98713409, 177909277, 147394442, 91107562, 549726742, 147394445, 546114314, 214941217, 5025601, 490019212]","[30, 21, 131, 131, 172, 172, 131, 172, 19, 131]"
233,9,"[10, 49, 67, 242]",4,0.04346101405099034,0.02684817649424076,0.22203966876259074,"[504984856, 242431554, 239327738, 126373020, 396066068, 212705817, 111084544, 288421610, 295519136, 321400949]","[49, 242, 242, 10, 49, 49, 49, 49, 49, 49]"
234,9,"[5, 242]",2,0.019153679721057415,0.0853599738329649,0.19812382420059294,"[159770241, 344713989, 576938714, 267320803, 98413529, 584767076, 112874534, 591298840, 551654143, 187169498]","[5, 5, 5, 5, 5, 5, 5, 5, 5, 5]"
235,9,"[39, 100, 166]",3,0.11565414862707257,0.024301701225340366,0.34438912974049646,"[207287074, 581377569, 487295500, 315719430, 581364594, 241399605, 260869230, 76527956, 263214848, 473129382]","[166, 166, 166, 166, 166, 166, 166, 166, 166, 166]"
236,9,"[60, 82, 106, 109, 146, 187]",6,0.06757541792467237,0.045594078954309225,0.2326694706765314,"[252807156, 413571677, 327254144, 71337707, 12061169, 327484327, 131792897, 591291984, 300511196, 381542040]","[187, 187, 187, 109, 187, 187, 60, 109, 146, 187]"
237,9,"[1, 19, 228]",3,0.09661710960790515,0.01520508760586381,0.17067429407810172,"[146209864, 207416052, 443569561, 308277021, 19206867, 192562765, 244611117, 199106263, 200513652, 308914882]","[19, 19, 19, 19, 228, 19, 19, 19, 19, 19]"
238,9,"[20, 70, 82, 84, 175]",5,0.11819524550810456,0.027806101366877556,0.17499695527367293,"[111866789, 389621074, 459518741, 258697845, 30828443, 420000791, 278139817, 190378584, 241714159, 29720461]","[20, 82, 20, 20, 20, 20, 20, 20, 20, 20]"
239,9,"[20, 36, 54]",3,0.08146811695769429,0.02435318799689412,0.2676178147861113,"[576170942, 471806674, 540790931, 576845681, 471806675, 47270806, 497348389, 341138726, 437624085, 593293856]","[54, 54, 54, 54, 54, 54, 54, 54, 54, 54]"
240,9,[166],1,0.07720768358558416,0.003768912050873041,0.16639141109772027,"[465379783, 533899989, 570130124, 470519715, 311758170, 592727661, 476286188, 339323604, 384752977, 544977346]","[166, 166, 166, 166, 166, 166, 166, 166, 166, 166]"
241,9,"[10, 18, 111, 114, 126]",5,0.09535476611927152,0.04524924559518695,0.5949268474243581,"[418437896, 142854679, 441430417, 435016144, 278381767, 143084785, 128269911, 441430416, 277805602, 507620541]","[114, 10, 10, 10, 126, 10, 114, 10, 10, 114]"
242,9,"[14, 70, 96, 112]",4,0.05726542416960001,0.029035322833806276,0.3060687705874443,"[761823, 555866732, 299371034, 499356352, 351830174, 5598323, 530384155, 89250462, 577712007, 454956159]","[14, 14, 14, 14, 14, 14, 14, 14, 14, 96]"
243,9,"[22, 59, 93, 104, 105]",5,0.12681761849671602,0.029633596073836088,0.17977626440115274,"[277112741, 412518062, 412187181, 93936348, 243063315, 312754310, 93936349, 93936350, 412324312, 93936343]","[59, 59, 104, 59, 59, 59, 59, 104, 93, 104]"
244,9,"[8, 32, 93, 111, 112, 239, 241]",7,0.21337331272661686,0.050703349057585,0.29059523354018374,"[313444692, 588249407, 476325483, 222662854, 435256884, 142206264, 420042020, 175706998, 561255511, 588230694]","[241, 32, 32, 8, 8, 241, 241, 32, 32, 32]"
245,9,"[57, 182, 207]",3,0.03162931650876999,0.020018292125314474,0.2199076528971394,"[256759132, 99533321, 256964906, 92583006, 184019389, 299765828, 256556031, 493483566, 572516081, 55115253]","[57, 57, 57, 57, 57, 57, 57, 57, 57, 57]"
246,9,"[43, 59, 67, 141]",4,0.08148322254419327,0.018360942602157593,0.15994250681251287,"[1251765, 586105672, 267429588, 459914452, 224696016, 93685992, 350919020, 454666523, 401097672, 475758851]","[43, 43, 43, 43, 43, 43, 43, 43, 43, 43]"
247,9,"[38, 39, 82, 112, 188, 194, 241]",7,0.14071886334568262,0.04789914423599839,0.2800813012290746,"[60052471, 489818873, 32238832, 60052463, 151809483, 166871090, 431696917, 170411126, 500607342, 425351118]","[188, 39, 188, 194, 188, 38, 38, 188, 38, 188]"
248,9,"[18, 84, 112, 126, 171, 209]",6,0.14686426520347595,0.04874842753633857,0.4559607747942209,"[417626872, 432668821, 417719329, 466821590, 349897224, 271450105, 227163582, 456434812, 271337313, 284619158]","[84, 84, 18, 18, 84, 84, 18, 84, 84, 209]"
249,9,"[63, 70, 125, 213, 235]",5,0.06960240425541997,0.03700550040230155,0.3617866683285683,"[349775003, 515826092, 277428547, 339887798, 187344339, 81588480, 385121512, 171432387, 163151673, 243350895]","[235, 63, 235, 235, 125, 63, 235, 235, 235, 235]"
250,9,"[60, 109, 240]",3,0.03100489778444171,0.01915979338809848,0.20764429479216537,"[69230666, 478950957, 336633819, 287498137, 144197282, 555327371, 580140457, 54105543, 66945193, 69233970]","[60, 60, 60, 240, 240, 60, 60, 60, 60, 240]"
251,9,"[57, 207, 222]",3,0.06022361200302839,0.018323180731385946,0.22300659383957586,"[130600393, 296953335, 339453212, 16753632, 450069847, 450547638, 472006806, 67926576, 181223926, 320765772]","[57, 207, 207, 222, 207, 222, 57, 57, 207, 207]"
252,9,"[10, 49, 81, 100, 128, 188]",6,0.07524684350937605,0.10545234754681587,0.22619287021613368,"[556708913, 142114823, 367074455, 158353305, 565558185, 347110418, 147560058, 487930366, 477208341, 375497994]","[100, 100, 128, 100, 100, 100, 100, 100, 100, 100]"
253,9,"[39, 82, 100]",3,0.048025608994066715,0.026946930214762688,0.348060445394367,"[302744492, 333148443, 436608571, 393663660, 300917590, 262104474, 429844938, 119623098, 187265929, 264070712]","[82, 82, 82, 82, 82, 82, 82, 82, 82, 82]"
254,9,"[20, 70]",2,0.018386221956461668,0.011329200584441423,0.18180155591107905,"[118146128, 48794137, 151510097, 598481862, 266668750, 145870661, 516570766, 298409541, 314252469, 90309444]","[20, 20, 20, 20, 20, 20, 70, 20, 20, 20]"
255,9,"[159, 216, 237]",3,0.04511103732511401,0.022051805164664984,0.2941731611887614,"[292534411, 328159846, 30202463, 359212294, 131355395, 357597443, 298166651, 131350912, 455746047, 71636407]","[237, 237, 237, 237, 237, 237, 237, 237, 237, 237]"
256,9,"[8, 111, 115, 194, 239]",5,0.1681256340816617,0.04303077142685652,0.47014196291565896,"[416954526, 258167317, 19114631, 22375707, 229754875, 515852069, 12274377, 96677250, 200690004, 101642934]","[8, 8, 239, 239, 239, 239, 8, 8, 8, 8]"
257,9,"[75, 117, 171, 186, 200]",5,0.045503166038542986,0.039134403225034475,0.21391717907972635,"[434153040, 529403482, 120493665, 529403479, 529403503, 134269616, 522449877, 327915963, 152912651, 188758845]","[117, 117, 117, 117, 117, 117, 117, 171, 117, 117]"
258,9,"[39, 60, 80, 93, 112]",5,0.1098066377453506,0.034781810361891985,0.3034044847823679,"[88701253, 123830971, 134522396, 18282864, 123830953, 591348524, 219917206, 597691292, 263012109, 254626022]","[80, 80, 80, 80, 60, 80, 80, 80, 80, 80]"
259,9,"[27, 32, 117]",3,0.03408065624535084,0.019634162075817585,0.2872617611816774,"[154732199, 154732197, 572262770, 347563760, 288178730, 239702580, 144061373, 288178726, 239702579, 572968631]","[117, 27, 117, 117, 27, 117, 117, 117, 117, 117]"
260,9,"[21, 29, 30, 38, 87, 217, 230]",7,0.11465849867090583,0.053118398413062096,0.364563182029607,"[100286525, 10122994, 135317774, 100286527, 155553047, 155553079, 88261564, 155883553, 200916617, 111113417]","[217, 217, 217, 217, 217, 217, 230, 217, 217, 38]"
261,9,"[1, 77, 109, 206, 210, 240]",6,0.22167238499969244,0.031115233898162842,0.16830494503180185,"[4524895, 74550604, 445787907, 88456256, 295186495, 558808179, 207826055, 316764553, 133329912, 586794254]","[109, 206, 109, 109, 109, 206, 206, 109, 206, 206]"
262,9,"[1, 6, 30, 146, 163, 183]",6,0.15267881751060486,0.04181934194639325,0.2917270379839465,"[95720623, 53701756, 503153203, 466037083, 484857871, 175107495, 71433789, 484505856, 301139874, 379825590]","[6, 6, 163, 6, 183, 6, 163, 183, 183, 6]"
263,9,"[49, 82, 88, 89, 132, 169]",6,0.09521252661943436,0.042967347893863916,0.17863096067837128,"[257069672, 140390112, 159536883, 95942392, 199235179, 548691513, 118212561, 124850033, 30550082, 491472033]","[49, 132, 49, 88, 82, 82, 169, 169, 132, 88]"
264,9,"[60, 240]",2,0.04215758526697755,0.011505775153636932,0.17691580636892468,"[233407006, 435570483, 480249928, 291933944, 322897174, 563613627, 185204568, 484928148, 269699980, 165684051]","[60, 60, 60, 240, 240, 60, 240, 240, 60, 240]"
265,9,"[10, 29, 40, 75, 114, 126, 186, 200]",8,0.1103916633874178,0.11039191903546453,0.400857162225293,"[523497108, 325126919, 557678687, 451363458, 5017229, 339036093, 528044045, 117516005, 188649775, 464028347]","[186, 200, 126, 186, 75, 126, 200, 40, 186, 200]"
266,9,"[20, 70, 188]",3,0.02568381978198886,0.016163555905222893,0.17030525393784046,"[552280843, 329747043, 49049533, 137424482, 27657960, 511570617, 175885679, 191456297, 424117335, 401583242]","[188, 188, 188, 20, 188, 188, 188, 188, 188, 188]"
267,9,"[20, 70, 105, 188]",4,0.04011380020529032,0.026278990786522627,0.2057568205636926,"[78764858, 408203775, 510702858, 111762927, 141530784, 262088274, 412843900, 247570387, 464083878, 198361327]","[20, 20, 188, 20, 20, 20, 20, 20, 188, 20]"
268,9,[235],1,0.009716329164803028,0.005256853997707367,0.1912327699828893,"[74747535, 93361313, 394235956, 171012032, 242572753, 273894787, 567164578, 471474406, 267827370, 90293096]","[235, 235, 235, 235, 235, 235, 235, 235, 235, 235]"
269,9,"[63, 70, 82, 100, 175, 192]",6,0.15340170031413436,0.045299552381038666,0.27569712077577907,"[267393903, 355470976, 150243399, 85041956, 562016862, 314981017, 445850608, 562848017, 339242459, 62415037]","[70, 100, 100, 100, 63, 192, 63, 192, 82, 175]"
270,9,"[6, 49, 146, 171, 241]",5,0.06029558181762695,0.028240917716175318,0.14833891578018665,"[502140063, 250722537, 405150403, 71652752, 572451043, 291357335, 444628632, 441571600, 364471701, 61032687]","[6, 6, 6, 6, 6, 6, 49, 6, 6, 6]"
271,9,"[33, 96, 112, 188]",4,0.17097172606736422,0.026008011773228645,0.28423607343574986,"[81687041, 77469376, 60367323, 177670160, 263016979, 378258424, 395711377, 369465827, 18185495, 314179533]","[96, 96, 96, 188, 96, 96, 96, 96, 96, 96]"
272,9,"[10, 97, 114, 126, 192]",5,0.10632031969726086,0.04864122858271003,0.6508614591788501,"[336577159, 491439662, 509772699, 7131706, 437331133, 436212736, 142619170, 66709713, 9981591, 556674784]","[97, 97, 97, 114, 97, 97, 97, 97, 97, 97]"
273,9,"[106, 146, 214]",3,0.04754682397469878,0.029322683811187744,0.35736422745200497,"[64111972, 323016300, 192523111, 419973672, 56080895, 577481869, 581188461, 56080896, 37944013, 338167639]","[106, 106, 106, 106, 106, 106, 106, 106, 106, 106]"
274,9,"[10, 52, 67, 141, 192, 241]",6,0.11382290860638022,0.03730502026155591,0.24097655717438707,"[26248581, 387166986, 278457651, 336161745, 584980869, 340559727, 274508902, 469864913, 392602177, 452135899]","[67, 67, 192, 67, 67, 52, 67, 10, 52, 67]"
275,9,"[39, 82, 100]",3,0.09801807487383485,0.027493779081851244,0.348060445394367,"[9783334, 408762294, 495212845, 284531044, 247032399, 437489512, 338284993, 495426882, 62715298, 448893192]","[100, 82, 82, 82, 82, 82, 82, 82, 100, 100]"
276,9,[59],1,0.006798268761485815,0.004235409200191498,0.12617363105528057,"[436029570, 329168428, 321753880, 63366943, 207872475, 525951911, 233499756, 93308388, 371060307, 433422438]","[59, 59, 59, 59, 59, 59, 59, 59, 59, 59]"
277,9,"[4, 22, 59, 104, 105, 242]",6,0.10778237134218216,0.036633721087127924,0.19216113638443252,"[31946965, 32028002, 327591504, 31946964, 32028005, 3732107, 269001050, 41456240, 32028003, 373177213]","[104, 22, 22, 22, 22, 104, 22, 104, 22, 22]"
278,9,"[1, 5, 48, 79, 93, 175, 195]",7,0.24343356676399708,0.03495163284242153,0.16267165554953472,"[439466226, 352621923, 352621907, 529409137, 352621916, 20351559, 423643659, 570471915, 331805645, 510207290]","[48, 48, 48, 48, 48, 48, 48, 48, 48, 48]"
279,9,"[38, 92, 159]",3,0.03217744780704379,0.07806346379220486,0.20986639987677336,"[567262646, 426251557, 169248418, 229299783, 455673218, 332339887, 162829623, 229299782, 418125855, 473109885]","[38, 92, 92, 92, 38, 38, 38, 38, 38, 38]"
280,9,[188],1,0.00767961610108614,0.004531507845968008,0.1473126499913633,"[230152569, 131278595, 300743147, 483371407, 252605821, 353421882, 479287218, 589337450, 123167931, 14048615]","[188, 188, 188, 188, 188, 188, 188, 188, 188, 188]"
281,9,"[20, 70, 100]",3,0.035114002879709005,0.0218550362624228,0.24284690129570663,"[540673869, 350376678, 540747418, 217346705, 497906646, 93762365, 374645979, 554024593, 395447371, 301448002]","[20, 20, 20, 20, 20, 20, 20, 100, 20, 20]"
282,9,"[63, 84]",2,0.017808906733989716,0.01126414304599166,0.1723732864484191,"[237467098, 394836151, 331258768, 570891779, 233516283, 348749289, 432906528, 128599997, 469465863, 107087306]","[63, 63, 63, 63, 63, 63, 63, 63, 63, 63]"
283,9,"[112, 129, 227]",3,0.03737724618986249,0.021383576095104218,0.27541962661780417,"[14160279, 240923643, 124464333, 322446158, 317465019, 596311698, 546175938, 581347274, 344936633, 437847005]","[129, 129, 129, 129, 129, 129, 129, 129, 129, 129]"
284,9,"[171, 183]",2,0.015492576640099287,0.013980762101709843,0.15008959139231592,"[431831254, 155854511, 408143314, 408143312, 431831252, 107602992, 83280226, 406208072, 431831258, 362856087]","[183, 183, 183, 183, 183, 183, 183, 183, 183, 183]"
285,9,"[8, 14, 32, 192, 194, 239]",6,0.16897949296981096,0.04436479369178414,0.30892050988040864,"[375218254, 532143385, 86506156, 275996308, 299904349, 526597483, 560426422, 306595370, 215440879, 332661507]","[8, 194, 194, 32, 32, 194, 14, 32, 32, 32]"
286,9,"[63, 70, 77, 82, 84, 164, 192]",7,0.13801066111773252,0.04844746785238385,0.24896877062773065,"[115478596, 276582602, 276458099, 237320852, 501324429, 475940014, 186992543, 265900715, 503664932, 276582619]","[84, 84, 84, 84, 82, 63, 82, 84, 84, 84]"
287,9,"[10, 17, 51, 115, 181, 199, 202]",7,0.1126981396228075,0.06173868989571929,0.41049032186024953,"[112823909, 77084173, 333874711, 559222040, 229436305, 292698943, 452131875, 452030864, 597461738, 10471813]","[202, 115, 202, 51, 51, 10, 115, 202, 51, 51]"
288,9,"[20, 175, 216]",3,0.12033682549372315,0.019492818042635918,0.21674419404007494,"[95079664, 6995034, 382751863, 54040974, 94218543, 82557147, 274729266, 302296427, 103575768, 214671186]","[216, 216, 20, 216, 216, 20, 216, 20, 20, 216]"
289,9,"[76, 80]",2,0.021896795835345984,0.013178583234548569,0.23857502674218267,"[380973569, 271812242, 477320796, 537280464, 348833724, 154506859, 446038035, 380973568, 265680106, 565356010]","[76, 76, 76, 76, 80, 76, 80, 76, 76, 76]"
290,9,"[22, 63, 82, 88, 241]",5,0.11704212240874767,0.026140491478145123,0.1499634150415659,"[388853099, 26542497, 74220946, 335026136, 388836128, 196866050, 74220947, 435157765, 196442594, 570106444]","[88, 22, 63, 63, 241, 63, 22, 63, 63, 63]"
291,9,"[84, 105, 192]",3,0.04933940665796399,0.02620337437838316,0.35543815372511744,"[55180270, 103121914, 118339017, 99301987, 262222674, 99291397, 236103545, 486978041, 566763224, 99848174]","[84, 84, 84, 84, 84, 84, 84, 84, 84, 84]"
292,9,"[61, 70, 105, 192]",4,0.05905103078112006,0.03417515009641647,0.3211062746704556,"[318687032, 8127326, 206135421, 24993123, 476017675, 389185006, 543692718, 373880418, 311980908, 36788218]","[70, 70, 70, 70, 70, 70, 70, 70, 70, 70]"
293,9,"[12, 126, 181]",3,0.04565446311607957,0.022394652478396893,0.6089132857353737,"[522144825, 427752155, 516705024, 529288445, 66014884, 198395389, 501176436, 14137287, 466767167, 294417441]","[12, 12, 12, 12, 126, 126, 126, 12, 12, 12]"
294,9,"[33, 49, 82, 109, 188, 241]",6,0.15510007739067078,0.03144566807895899,0.16534584609325975,"[465010500, 54140497, 238448094, 144565537, 2968595, 561927639, 578880790, 204607525, 96348791, 193888462]","[82, 82, 49, 109, 49, 109, 82, 49, 49, 82]"
295,9,"[33, 96, 128]",3,0.10114909708499908,0.07656940864399076,0.24686667191175124,"[114969831, 115587342, 244816907, 81162601, 491732537, 261569981, 593270778, 99561046, 101588859, 386894806]","[96, 128, 128, 128, 128, 96, 96, 96, 96, 96]"
296,9,"[1, 6, 8, 82, 146, 211]",6,0.17054929304867983,0.03172733262181282,0.1579642495683705,"[49592205, 221277948, 91376011, 583958907, 471280807, 75869336, 346710300, 469776017, 37912832, 216141826]","[146, 146, 6, 6, 6, 6, 6, 1, 8, 6]"
297,9,[25],1,0.0132799600251019,0.0072732469998300076,0.26325538055971265,"[107707630, 251702169, 349422183, 258577381, 293295108, 3886142, 310056089, 112748181, 85933121, 416647347]","[25, 25, 25, 25, 25, 25, 25, 25, 25, 25]"
298,9,"[39, 54, 58, 165, 188, 201, 239]",7,0.13218510011211038,0.06229331577196717,0.4332833024340549,"[590280384, 259061008, 417630863, 368329676, 178291269, 549801869, 511931116, 408986900, 374142886, 16628287]","[165, 54, 58, 54, 201, 54, 58, 54, 54, 54]"
299,9,"[20, 49, 54, 61, 70, 87, 89, 241]",8,0.12666408391669393,0.10761353885754943,0.15516973607009277,"[128986416, 187345598, 323592530, 89989777, 128986421, 128986418, 102556579, 451978116, 289799620, 550730162]","[54, 54, 54, 54, 54, 54, 54, 54, 54, 54]"
300,9,"[14, 20, 82]",3,0.026660177391022444,0.015452607534825802,0.15820800613922378,"[5216647, 509310598, 377754002, 212973792, 253702497, 495077904, 214806816, 480882189, 49895144, 442373188]","[20, 20, 20, 20, 20, 20, 20, 20, 20, 20]"
301,9,"[60, 240]",2,0.01876212703064084,0.01129332697018981,0.17691580636892468,"[497578005, 349264836, 497578006, 81124550, 81124549, 349264835, 81124548, 500290248, 145364578, 265170169]","[240, 240, 240, 240, 240, 240, 240, 240, 60, 240]"
302,9,[167],1,0.010140074882656336,0.007036604918539524,0.21164795686490834,"[445623010, 506029373, 429980722, 430081626, 513194856, 286861706, 293035612, 270230003, 1933992, 398127814]","[167, 167, 167, 167, 167, 167, 167, 167, 167, 167]"
303,9,"[99, 111, 207, 233]",4,0.07133047422394156,0.028275543823838234,0.3190814642002806,"[598671264, 509956869, 500365692, 265121756, 97553281, 352027178, 203257239, 44434902, 440711441, 208667523]","[99, 99, 99, 99, 99, 99, 99, 99, 99, 233]"
304,9,"[5, 67, 112, 147, 159, 175, 217, 224]",8,0.22801945125684142,0.051410616375505924,0.27768177480902523,"[577762919, 255007978, 60443879, 577608766, 514573485, 299531063, 255023888, 581111003, 576785035, 580928674]","[224, 224, 224, 224, 224, 224, 224, 224, 224, 224]"
305,9,"[171, 183]",2,0.015453952830284834,0.01349416933953762,0.15008959139231592,"[139267695, 145939144, 5992337, 96066774, 381690692, 145936449, 381407749, 224293438, 104133120, 304284504]","[183, 183, 183, 183, 183, 183, 183, 183, 183, 183]"
306,9,"[67, 200]",2,0.020784887485206127,0.012021266389638186,0.2099110084818676,"[525591755, 245352853, 477671370, 311773372, 537628334, 467431416, 239218509, 269115772, 547675010, 54178310]","[200, 200, 200, 200, 200, 200, 200, 200, 200, 200]"
307,9,"[1, 32, 93, 196, 239]",5,0.13565138587728143,0.03654290363192558,0.2772376918233931,"[29670877, 75212121, 450094956, 319234280, 204078119, 55398033, 79306088, 79418598, 456825237, 271948929]","[32, 32, 32, 32, 32, 32, 32, 32, 32, 32]"
308,9,"[8, 17, 26, 106, 108, 114, 126, 170]",8,0.26950657134875655,0.06836361344903708,0.4827178465493489,"[437276629, 176968180, 40391899, 219098741, 380825642, 599176839, 328644929, 153586794, 415236772, 191578128]","[17, 114, 17, 8, 106, 8, 17, 8, 8, 17]"
309,9,"[114, 130]",2,0.02158972155302763,0.01314069563522935,0.24062316864728928,"[250002006, 507623102, 364536939, 283040642, 289056465, 549644117, 56252653, 320349076, 56252656, 62358601]","[130, 130, 130, 114, 130, 130, 130, 130, 130, 130]"
310,9,[185],1,0.006527835037559271,0.004553715232759714,0.12067991914227605,"[340466601, 343078558, 9052792, 397794235, 524707455, 1235958, 397640572, 108990028, 221377139, 586288111]","[185, 185, 185, 185, 185, 185, 185, 185, 185, 185]"
311,9,"[58, 167]",2,0.020473781041800976,0.016974535770714283,0.21048873255494982,"[472898258, 38976580, 38793200, 411477906, 274007832, 38661789, 59068555, 233421355, 38725191, 468982041]","[167, 167, 167, 58, 167, 167, 167, 167, 167, 167]"
312,9,"[99, 182, 233]",3,0.029878301080316305,0.01892305538058281,0.21051166307491562,"[522755097, 42882853, 104879620, 315508756, 134808188, 547013967, 66300891, 31382543, 148963986, 306691597]","[182, 182, 182, 182, 182, 182, 182, 182, 182, 182]"
313,9,"[45, 112, 192, 235]",4,0.06238906178623438,0.03222192730754614,0.3441920069162734,"[18131858, 95450006, 368361321, 51649025, 242472231, 184956394, 469312614, 5733679, 267401067, 236834601]","[45, 45, 45, 45, 192, 45, 45, 45, 45, 45]"
314,9,"[10, 39, 82, 100]",4,0.07938586920499802,0.035437332931905985,0.32431533955968916,"[457131305, 60335653, 396419128, 396405833, 10567406, 328642351, 77785246, 77785252, 599727782, 333148443]","[82, 82, 82, 82, 82, 82, 82, 82, 39, 82]"
315,9,"[27, 80, 117, 206]",4,0.04110842850059271,0.024787687696516514,0.26047505595488474,"[121994479, 294990698, 9686834, 194219986, 465824620, 133438173, 358078894, 474592803, 121994492, 592479638]","[80, 80, 117, 117, 117, 80, 117, 27, 80, 80]"
316,9,"[10, 82, 109, 128, 188, 217, 239]",7,0.15514695504680276,0.05262290872633457,0.283470077207312,"[101027280, 95179376, 94188709, 384357497, 194450453, 465588430, 164542088, 554896607, 11571330, 155087384]","[188, 188, 188, 109, 217, 188, 217, 217, 188, 109]"
317,9,"[5, 159, 175, 186, 224]",5,0.108324293512851,0.029577596113085747,0.1896541917230934,"[70318687, 58447535, 550317659, 572513295, 258863647, 22016492, 10970730, 143491125, 22069964, 417836199]","[186, 175, 175, 175, 175, 175, 186, 224, 175, 175]"
318,9,"[20, 65, 112, 114, 184, 221, 244]",7,0.10426283674314618,0.04294539475813508,0.24227929394692183,"[21795038, 514049798, 503733855, 323604396, 351698212, 343058748, 514003679, 282945024, 88045036, 487205701]","[20, 114, 244, 114, 114, 244, 244, 184, 114, 114]"
319,9,"[20, 70, 82, 84, 132]",5,0.10300468886271119,0.03346042800694704,0.1792973245959729,"[404430696, 478209292, 255281848, 124742263, 434579361, 70192081, 93719088, 95208796, 31421830, 8267672]","[82, 82, 82, 82, 84, 82, 82, 82, 82, 82]"
320,9,"[45, 48, 184]",3,0.034213870763778687,0.022442589979618788,0.2406820576482763,"[52618152, 555619238, 232770354, 199290394, 43187242, 303678495, 221596449, 290253010, 74336512, 343785151]","[184, 45, 48, 45, 48, 184, 48, 45, 48, 48]"
321,9,"[82, 104, 169, 196, 222]",5,0.11507910815998912,0.03662376990541816,0.2796242852229625,"[443194988, 564137913, 514168124, 326173960, 500891690, 86663814, 305500752, 438726461, 457890412, 347755328]","[196, 196, 82, 196, 169, 169, 196, 82, 196, 196]"
322,9,"[37, 77, 125, 133, 164, 228]",6,0.09508571168407798,0.04546374315395951,0.2930193025385961,"[270088517, 582146151, 201988538, 262195009, 97510527, 71834092, 582163762, 520338230, 348415935, 189287492]","[77, 77, 77, 77, 77, 133, 77, 77, 77, 77]"
323,9,"[4, 49, 118, 169, 174, 211]",6,0.05975938681513071,0.03942374978214502,0.25421014381572604,"[250227701, 240150965, 573000340, 443189876, 223674422, 540246192, 337826098, 214691156, 578753768, 266404996]","[118, 211, 118, 211, 118, 118, 211, 118, 118, 118]"
324,9,"[67, 126, 221]",3,0.1191475079394877,0.023828003089874983,0.6455968788359314,"[85417606, 295622573, 79120277, 80040657, 173815382, 209912267, 555322445, 209451760, 491333210, 555322428]","[67, 67, 67, 67, 67, 67, 67, 67, 67, 67]"
325,9,"[14, 59, 72]",3,0.02976601291447878,0.017379146069288254,0.182676866883412,"[376544986, 422034686, 27172278, 369991730, 279344354, 279344348, 499148572, 342077845, 295894959, 61039767]","[14, 14, 14, 14, 14, 14, 14, 14, 14, 14]"
326,9,"[4, 18, 26, 82, 84, 192]",6,0.07563948445022106,0.044004632625728846,0.26277115762544173,"[163720348, 178744323, 303363349, 540420683, 420048160, 203465133, 598019073, 75062176, 586327506, 201721442]","[84, 84, 84, 84, 84, 84, 26, 192, 84, 82]"
327,9,"[54, 188, 201]",3,0.05641322862356901,0.01941867358982563,0.20991843248096606,"[38808316, 391326468, 99375541, 261009372, 391785252, 231719413, 324748583, 582697220, 388988728, 564945539]","[201, 188, 54, 201, 54, 188, 201, 54, 188, 54]"
328,9,"[43, 72]",2,0.06791833369061351,0.01054794853553176,0.19007628096733242,"[389698482, 596668526, 278049718, 529137787, 303838005, 506328360, 547669178, 159159732, 565009514, 209786180]","[43, 43, 43, 43, 43, 43, 43, 43, 43, 43]"
329,9,"[20, 22, 61, 105]",4,0.040119271725416183,0.02698152093216777,0.20125007018214092,"[561552294, 523052135, 125005289, 272524316, 372093244, 63028551, 168415727, 555325823, 439618392, 570907051]","[20, 20, 20, 20, 20, 22, 20, 20, 20, 20]"
330,9,"[171, 186]",2,0.08898975001648068,0.015398975927382708,0.21635418641380966,"[73456656, 340992822, 161731028, 444706990, 30464257, 21010602, 34874051, 527769665, 331779429, 150252288]","[186, 186, 186, 186, 186, 186, 186, 171, 186, 186]"
331,9,"[6, 61, 135, 166, 233]",5,0.12485313368961215,0.023731169756501913,0.15919585092924535,"[232624377, 33312517, 240079707, 487422558, 84536342, 122995399, 350658106, 140634095, 140634106, 111082248]","[6, 6, 6, 6, 6, 6, 6, 6, 6, 6]"
332,9,"[61, 148, 172, 180, 200]",5,0.0611303667537868,0.036364024970680475,0.263888338021934,"[583971860, 68767785, 102125686, 567957752, 229457197, 441897356, 67148824, 485406398, 583901806, 51464466]","[61, 172, 172, 172, 61, 61, 61, 61, 61, 172]"
333,9,"[40, 43, 141, 186]",4,0.10243412479758263,0.023802404757589102,0.23548808158375323,"[21887721, 21887722, 531088696, 90982543, 71946271, 507939321, 547793894, 21963044, 564375602, 126824239]","[186, 40, 141, 141, 43, 40, 186, 40, 141, 141]"
334,9,"[47, 59, 118, 195]",4,0.09477361338213086,0.08793499320745468,0.24943174608051777,"[270925514, 270865632, 242068515, 9440026, 228027150, 270275797, 232203974, 144506678, 298397353, 228212695]","[47, 118, 47, 59, 59, 59, 47, 47, 47, 59]"
335,9,"[20, 61, 77, 85, 100, 125, 194, 228, 241]",9,0.17403999529778957,0.05505747999995947,0.24915128017568755,"[363153840, 411780743, 411780744, 214836, 160616538, 460545696, 411780742, 1177445, 269439474, 75230780]","[125, 85, 85, 125, 125, 20, 85, 85, 85, 125]"
336,9,"[36, 54, 58]",3,0.06737973866984248,0.02760206675156951,0.2928961939178407,"[37021387, 32247138, 456505601, 37021385, 230219770, 211701126, 553699472, 145497854, 299963746, 538192582]","[36, 36, 36, 36, 36, 36, 36, 36, 36, 36]"
337,9,[184],1,0.009222119115293026,0.006086552981287241,0.19858071208000183,"[95368777, 203473006, 564303123, 277178435, 468460632, 529337852, 193696745, 584147459, 277377922, 165704899]","[184, 184, 184, 184, 184, 184, 184, 184, 184, 184]"
338,9,"[4, 20, 49, 100, 109, 111, 112, 188, 209]",9,0.19016761425882578,0.07048266567289829,0.3087180334195081,"[556234577, 597290452, 362369840, 135165715, 446170297, 524402475, 204511269, 284565337, 346506431, 285320319]","[109, 49, 111, 109, 49, 188, 111, 188, 49, 188]"
339,9,"[1, 32, 38, 117, 174]",5,0.11803946970030665,0.027889108285307884,0.2268152036704123,"[320707800, 533184112, 172407953, 490651838, 172526095, 520846395, 533184111, 427397593, 490283083, 560921214]","[38, 38, 38, 38, 38, 38, 38, 38, 117, 38]"
340,9,"[111, 112, 147, 171, 241]",5,0.12492365809157491,0.03949008649215102,0.3241555735003203,"[96153935, 407849165, 404683033, 118927289, 380907192, 167754975, 394835470, 10844989, 287788213, 17813855]","[241, 241, 241, 241, 111, 241, 241, 241, 241, 241]"
341,9,"[84, 192]",2,0.03350020386278629,0.017106311861425638,0.37710147036705166,"[154769397, 14327567, 505277148, 597756374, 362975021, 333711429, 73146961, 155733062, 201779799, 272740960]","[84, 84, 84, 84, 84, 192, 192, 84, 84, 84]"
342,9,[167],1,0.009972874075174332,0.006904189009219408,0.21164795686490834,"[544529226, 178126547, 434004728, 124219897, 364333490, 295274232, 546813437, 487292630, 137599263, 80328316]","[167, 167, 167, 167, 167, 167, 167, 167, 167, 167]"
343,9,"[6, 10, 49, 61, 82, 125, 211]",7,0.06851625349372625,0.11581191094592214,0.2348401326952236,"[121073826, 19046699, 275095638, 494534206, 19032231, 494534207, 399238522, 320443488, 434477907, 237470646]","[125, 211, 211, 211, 211, 61, 211, 211, 211, 211]"
344,9,"[18, 54, 156, 201]",4,0.043248884845525026,0.027189586777240038,0.22893023502547294,"[324570433, 499501922, 14509374, 322419595, 159206067, 201968293, 581916054, 178207983, 586702762, 119106195]","[201, 54, 156, 54, 201, 156, 156, 54, 18, 54]"
345,9,"[10, 20, 70, 82, 84, 111, 188, 210]",8,0.1529830740764737,0.05185125721618533,0.25228152234922163,"[247018026, 411741082, 225625059, 401105112, 264515711, 502463944, 96923747, 38214044, 302297961, 359174329]","[20, 82, 84, 20, 20, 82, 82, 10, 82, 84]"
346,9,"[8, 40, 97, 106, 114, 122]",6,0.1932501858100295,0.05932040931656957,0.49400123841284466,"[469885381, 322296349, 345771787, 528473605, 270259749, 242203901, 528328358, 202729390, 528553760, 321245463]","[40, 40, 114, 40, 40, 40, 40, 40, 40, 114]"
347,9,"[5, 10, 82, 132, 175]",5,0.10692179296165705,0.03540821233764291,0.1794762308243662,"[150965396, 408040541, 105712961, 443720079, 141603146, 131836456, 144030917, 31356448, 317439346, 219300585]","[175, 10, 5, 10, 82, 10, 10, 5, 5, 5]"
348,9,"[20, 188]",2,0.0151274548843503,0.009340422693639994,0.1404035104205832,"[480510619, 593463706, 313713527, 334800092, 551281035, 360667303, 36010935, 289326584, 537084707, 382601926]","[20, 20, 20, 20, 20, 188, 188, 188, 20, 20]"
349,9,"[47, 118]",2,0.0790798831731081,0.01168190548196435,0.3742486562114209,"[205075779, 518082191, 303948200, 535525097, 3473498, 505982366, 163597338, 94140642, 50411599, 163609229]","[118, 118, 118, 118, 118, 118, 118, 118, 118, 118]"
350,9,"[109, 146, 171, 186, 200, 210]",6,0.1233729962259531,0.04116989718750119,0.20229354652110487,"[552557021, 434403656, 212967491, 57354181, 206104064, 506655783, 394576362, 496925341, 446723605, 83078451]","[171, 210, 210, 210, 171, 210, 210, 171, 210, 210]"
351,9,"[18, 20, 54, 72, 192]",5,0.11124606570228934,0.04204939352348447,0.27915457556955514,"[314469731, 316518887, 231750567, 158881460, 214212717, 396387350, 312859666, 293676101, 553650189, 56423796]","[54, 54, 54, 54, 54, 54, 54, 54, 54, 54]"
352,9,"[81, 164, 239]",3,0.036366009153425694,0.022757950704544783,0.26462873234413564,"[159288444, 417466966, 56516313, 180175964, 156838138, 104653458, 42263526, 357557057, 387408181, 466434926]","[81, 81, 81, 81, 81, 81, 81, 81, 81, 81]"
353,9,"[75, 171, 186, 209, 224]",5,0.05442864401265979,0.03552917204797268,0.2326260980218649,"[25674236, 326988573, 330083391, 372292721, 493906171, 576733558, 384103588, 64349747, 591849587, 525516723]","[171, 171, 186, 209, 171, 171, 224, 171, 224, 171]"
354,9,"[0, 64, 112, 126, 184]",5,0.07903057103976607,0.03728012368083,0.4765973169822246,"[233253797, 474393003, 231312021, 233623476, 372044653, 433467104, 30060169, 51507903, 226560379, 22594512]","[0, 64, 64, 64, 184, 0, 64, 64, 64, 64]"
355,9,"[118, 174]",2,0.02252835128456354,0.013483832124620676,0.386165053001605,"[87021594, 396054179, 274901251, 256915759, 20412225, 20412227, 402913985, 211761613, 323296596, 261382052]","[118, 118, 118, 118, 174, 118, 118, 118, 118, 174]"
356,9,"[10, 89, 96, 188]",4,0.07999275112524629,0.026845840271562338,0.22700746456393972,"[170590119, 566590608, 585089075, 535465729, 500772338, 2475738, 220715901, 552465458, 181258307, 505272518]","[188, 188, 188, 188, 188, 188, 188, 188, 188, 188]"
357,9,"[17, 93, 113, 184, 194, 209, 224]",7,0.10517020151019096,0.11942354124039412,0.32599864836915265,"[145303728, 486964958, 450996993, 215582082, 226256161, 23744700, 20289167, 365824066, 133281158, 397027515]","[224, 224, 184, 209, 224, 194, 224, 17, 224, 184]"
358,9,"[25, 183, 241]",3,0.04444629792124033,0.015161951538175344,0.14853547195283076,"[115445650, 528307780, 544200146, 272371036, 512415721, 587499404, 66503026, 346765951, 191777500, 368373573]","[183, 183, 183, 241, 183, 183, 183, 183, 183, 241]"
359,9,"[29, 102, 106, 123, 146, 172]",6,0.0974900396540761,0.047419972252100706,0.3297905772924423,"[492808589, 299057857, 576887731, 188123443, 85572175, 252778166, 30469252, 119665959, 559201640, 318880534]","[106, 172, 146, 172, 172, 172, 172, 172, 172, 172]"
360,9,"[4, 63, 70, 82, 93, 105, 175, 192, 221]",9,0.22437972761690617,0.06225977838039398,0.24009798500790364,"[83615098, 560097478, 116130435, 285059303, 82007844, 108729357, 238382316, 130547941, 130547940, 93471630]","[192, 192, 105, 192, 192, 192, 192, 192, 192, 192]"
361,9,"[20, 63, 70, 82, 132, 175]",6,0.11234703147783875,0.03801971022039652,0.1706691193006312,"[596391226, 463781484, 515084687, 436692252, 278141538, 448391032, 539789, 285358626, 365412974, 33657821]","[63, 63, 63, 63, 63, 63, 63, 63, 175, 63]"
362,9,"[54, 201]",2,0.04096638085320592,0.014699038118124008,0.24122132372576743,"[181186798, 260871767, 337262410, 421965958, 485661198, 366632790, 225971949, 402789619, 496826717, 330973379]","[201, 54, 201, 54, 54, 54, 54, 54, 54, 54]"
363,9,"[10, 43, 54, 188, 201]",5,0.0996100502088666,0.030322815291583538,0.20097104026935994,"[135637909, 404152756, 492797066, 369378202, 156966002, 392644045, 141525826, 198456938, 394211358, 108050268]","[54, 54, 54, 54, 54, 54, 54, 54, 54, 54]"
364,9,"[10, 46, 133, 224, 228]",5,0.06679189577698708,0.09578392142429948,0.22966408929787577,"[91045656, 204742224, 372753153, 385141856, 146153024, 66350734, 339210615, 522588484, 436131303, 564093826]","[228, 228, 228, 228, 228, 228, 228, 228, 228, 228]"
365,9,"[96, 188]",2,0.0266144797205925,0.013601049315184355,0.28314857569057494,"[197331121, 203175694, 316696373, 313969716, 456267931, 330572212, 10900861, 224727886, 301709126, 437192884]","[96, 96, 96, 96, 96, 96, 96, 96, 96, 96]"
366,9,"[20, 70, 125]",3,0.030290846247226,0.01893828669562936,0.3067573298079272,"[455362795, 547837044, 264135115, 199669026, 149546661, 246851835, 583648455, 123763385, 530958717, 345831204]","[20, 20, 20, 20, 20, 20, 20, 20, 20, 20]"
367,9,"[20, 61, 70, 93, 100, 132]",6,0.07577929180115461,0.04281137837097049,0.20280779568323246,"[592022775, 308670354, 422186634, 323250630, 200648154, 95806496, 172532783, 308295994, 200798961, 323250633]","[20, 20, 20, 20, 20, 20, 20, 20, 20, 20]"
368,9,"[20, 70, 84, 175, 195]",5,0.10286411317065358,0.026659568771719933,0.16412709183059632,"[489056790, 395322761, 121118877, 179716299, 187531467, 179716297, 189125274, 303104865, 208215792, 395180970]","[84, 175, 20, 84, 70, 84, 175, 84, 175, 84]"
369,9,"[20, 60, 81, 128, 188, 216]",6,0.10104480758309364,0.04420012282207608,0.20714785973541439,"[61703972, 456804392, 386172645, 385852294, 141600336, 61701416, 394788145, 397660759, 135800381, 502228819]","[81, 81, 216, 81, 20, 20, 20, 20, 20, 20]"
370,9,"[32, 46, 60, 109, 112, 209, 239, 240]",8,0.09910803148522973,0.05679595284163952,0.2579985366901383,"[552262509, 531906113, 156798773, 386370629, 546441264, 138894530, 138912973, 222372382, 196731743, 26824776]","[60, 60, 60, 60, 60, 60, 60, 60, 60, 60]"
371,9,"[60, 240]",2,0.018029997125267982,0.011981585994362831,0.17691580636892468,"[347438014, 358566633, 153495727, 530484371, 541941753, 33031887, 360459976, 124305236, 588247534, 468824808]","[60, 60, 240, 60, 240, 240, 60, 240, 60, 240]"
372,9,"[10, 72, 89, 132, 188]",5,0.09629925107583404,0.03567525511607528,0.18378491890616716,"[176321989, 26724660, 401719682, 489230763, 155680535, 576811218, 462821411, 412255781, 432627697, 172051621]","[132, 10, 72, 72, 72, 72, 132, 188, 132, 72]"
373,9,"[6, 77, 88, 195, 228]",5,0.040804557502269745,0.025949484203010798,0.1537262390833348,"[66945228, 465968946, 300146070, 360026906, 465968945, 229418332, 164493173, 444098041, 67064644, 164488032]","[228, 228, 195, 228, 228, 228, 228, 228, 77, 228]"
374,9,"[1, 45, 56, 82, 84, 183, 235]",7,0.13996324315667152,0.10384510969743133,0.15238098251367255,"[79589330, 79534942, 27694960, 239266185, 474215774, 79534940, 233569263, 558892721, 188660258, 493650991]","[45, 45, 235, 45, 235, 45, 45, 45, 45, 45]"
375,9,"[167, 201]",2,0.020724983420222998,0.013837209902703762,0.2112155540380627,"[134388981, 245501608, 341926663, 42653372, 252644161, 161349081, 411893873, 273275512, 161257441, 417593582]","[167, 201, 167, 167, 167, 167, 201, 201, 167, 167]"
376,9,"[4, 19, 30, 61, 106, 112, 152, 222]",8,0.12484324304386973,0.058318836614489555,0.3099667999194935,"[535222154, 6059085, 44753391, 430108784, 77498118, 44845514, 307725517, 198901835, 430355488, 248191151]","[30, 112, 4, 30, 30, 30, 30, 112, 222, 222]"
377,9,"[14, 25, 57, 107, 159, 166]",6,0.12849887739866972,0.04161259112879634,0.2041382691434895,"[56178028, 83860641, 310057238, 36342745, 505853689, 308122527, 495216563, 212178667, 100307694, 100183493]","[57, 107, 107, 107, 107, 57, 107, 14, 25, 107]"
378,9,"[167, 169, 171, 201]",4,0.07547836471349001,0.03155369916930795,0.21693885320564732,"[300327905, 341826571, 342019526, 543287896, 273445499, 294973938, 353521206, 353521205, 53559895, 369165837]","[171, 171, 171, 167, 171, 167, 167, 171, 171, 167]"
379,9,[118],1,0.01184724923223257,0.007652512285858393,0.5679600071161985,"[12089838, 409308153, 279173090, 200819316, 510955809, 18158405, 18099339, 409344194, 409553179, 205849980]","[118, 118, 118, 118, 118, 118, 118, 118, 118, 118]"
380,9,"[45, 235]",2,0.01963387383148074,0.012036435306072235,0.1974195659859106,"[304497584, 17612596, 40392331, 458293671, 219542869, 489730225, 489018548, 435728385, 583709029, 548044291]","[235, 45, 235, 235, 235, 235, 235, 235, 235, 235]"
381,9,"[26, 29, 89, 146, 164, 188, 217, 242]",8,0.16622111247852445,0.05784206744283438,0.27964503652765416,"[424030314, 227089945, 346197319, 321860061, 474407507, 279535364, 86367605, 285411526, 116966270, 503805396]","[188, 188, 188, 188, 188, 188, 188, 188, 188, 188]"
382,9,"[39, 106, 111, 125, 169, 194, 201, 241]",8,0.21421801764518023,0.07246062392368913,0.3917856839252636,"[237070538, 250863806, 124012280, 570915567, 367520154, 241452672, 23703523, 271777426, 256611971, 237459400]","[194, 125, 169, 194, 194, 125, 125, 194, 194, 125]"
383,9,"[49, 82, 100, 109, 146, 169]",6,0.06977661326527596,0.04676883528009057,0.24191141605842859,"[428836726, 362624711, 173223910, 529137040, 446946485, 473620036, 315465772, 437952011, 535061623, 275300878]","[49, 49, 49, 49, 82, 82, 146, 49, 49, 82]"
384,9,"[1, 166, 207]",3,0.18991564540192485,0.012611220590770245,0.1500048841505001,"[410430661, 269109378, 247993636, 115939266, 473494564, 576136011, 26155825, 491982925, 49605702, 25983241]","[207, 166, 1, 166, 207, 207, 1, 207, 207, 1]"
385,9,"[25, 207, 212, 233]",4,0.04512319900095463,0.025646571069955826,0.22841018828330562,"[153416261, 267733351, 182528717, 153235230, 366128040, 469428921, 101839990, 424861807, 201761437, 153255604]","[25, 25, 25, 25, 25, 25, 25, 25, 25, 25]"
386,9,"[5, 12, 159, 174, 175]",5,0.1578548359684646,0.025145739316940308,0.14411098170094191,"[390481342, 143710637, 487570025, 141191209, 101339458, 310509952, 526569700, 506188529, 312655444, 136825159]","[174, 159, 175, 175, 174, 159, 5, 174, 5, 5]"
387,9,"[57, 182, 222]",3,0.0363617199473083,0.022065789438784122,0.26870567506800097,"[518043865, 232349010, 598859102, 192108533, 202937140, 155960153, 271493485, 48240964, 501184041, 92271996]","[57, 57, 57, 57, 182, 57, 57, 57, 57, 57]"
388,9,"[46, 127, 159, 196, 200, 241]",6,0.10486511141061783,0.03893635608255863,0.3456483673071489,"[483114413, 236407296, 195054568, 47736879, 176951052, 300515993, 180470618, 456942255, 437918922, 90370573]","[159, 159, 159, 159, 159, 159, 159, 159, 159, 159]"
389,9,"[5, 10, 175]",3,0.08906744606792927,0.01845156541094184,0.18274307949468493,"[538601779, 496882961, 377914647, 538608985, 119245446, 121767006, 197017447, 538608983, 485954746, 503161128]","[5, 5, 5, 5, 5, 5, 5, 5, 5, 5]"
390,9,"[38, 57, 166, 207, 222]",5,0.11848379205912352,0.027858325745910406,0.20608450477011503,"[220353823, 589055484, 11924552, 216833046, 7074431, 216763606, 11947346, 144938751, 12059246, 518250435]","[57, 57, 57, 57, 57, 57, 57, 57, 57, 57]"
391,9,"[4, 22, 59, 70, 104]",5,0.15102501725777984,0.027301331516355276,0.16392417917959393,"[77610982, 91840173, 38397014, 440724473, 102702268, 180900085, 99340953, 6741054, 40113198, 315503236]","[104, 70, 22, 22, 22, 22, 22, 22, 4, 104]"
392,9,"[1, 82, 146]",3,0.12252729805186391,0.017289031762629747,0.17446491564624012,"[63560910, 25678541, 63560911, 523105272, 150585862, 556048684, 227352658, 178226630, 24745301, 451052427]","[82, 1, 82, 82, 82, 82, 82, 82, 82, 82]"
393,9,"[117, 171, 186]",3,0.027410483453422785,0.020746903494000435,0.2447294779897978,"[221315009, 500189727, 161643426, 526113540, 452735068, 199372791, 199372793, 500239406, 120105951, 526118203]","[186, 186, 171, 186, 186, 171, 171, 186, 186, 171]"
394,9,"[49, 85, 96, 188]",4,0.10116381570696831,0.022636830806732178,0.23057932819938287,"[536304997, 304811753, 85874049, 379475313, 91732236, 428733981, 304545226, 553946102, 89885435, 89899767]","[96, 96, 96, 96, 96, 96, 96, 96, 96, 96]"
395,9,"[126, 159, 192, 216]",4,0.074810107704252,0.04113098746165633,0.6294667611946352,"[206505535, 408097720, 80318860, 8975195, 184007788, 35645259, 183991249, 211297727, 48136618, 293315390]","[216, 216, 216, 216, 216, 216, 216, 216, 216, 216]"
396,9,"[10, 81, 167, 188, 210, 228]",6,0.1444613733328879,0.035102355759590864,0.193899955561695,"[307202530, 589343868, 182880755, 118772998, 192972135, 37336964, 592052919, 307204336, 215444390, 361794036]","[228, 228, 228, 188, 228, 228, 228, 228, 210, 81]"
397,9,"[14, 129, 181]",3,0.0655142911709845,0.017691275104880333,0.21215238507526615,"[145714234, 55169815, 539503050, 94145145, 59835821, 85170985, 438584464, 297268490, 562647759, 571193531]","[129, 129, 129, 129, 129, 129, 129, 129, 129, 129]"
398,9,"[36, 54, 156, 201]",4,0.05269404407590628,0.03476289752870798,0.2878513829782605,"[178701094, 312892472, 169241695, 411693942, 203131002, 131983821, 119479044, 144741612, 355084342, 527800121]","[156, 156, 54, 156, 156, 156, 156, 156, 156, 54]"
399,9,"[20, 39, 70, 100, 188]",5,0.06397418864071369,0.03526021121069789,0.27553834798745813,"[509145135, 40897021, 451592938, 586345446, 199750841, 251771383, 239449481, 9246888, 521246319, 571352409]","[39, 20, 20, 188, 188, 188, 20, 39, 188, 188]"
400,9,"[59, 67, 84, 104, 175]",5,0.2084510214626789,0.03466712078079581,0.15700683509930968,"[472712101, 256119635, 131074138, 310805445, 243220401, 436231812, 527967879, 205923408, 229663079, 374119799]","[59, 59, 59, 59, 67, 59, 59, 59, 59, 59]"
401,9,"[76, 93, 111, 217, 224, 244]",6,0.11570112453773618,0.04838535515591502,0.383489793088908,"[295204706, 124536510, 571863056, 246314100, 571814085, 415120729, 159442566, 412501211, 281126567, 191635082]","[76, 76, 93, 93, 93, 76, 93, 76, 244, 93]"
402,9,"[4, 22, 82, 104, 127, 175]",6,0.17453711573034525,0.04085837863385677,0.29164479098593193,"[298908210, 298794916, 416738091, 597064447, 544244507, 298912298, 298976203, 298815754, 508976102, 416672692]","[82, 82, 82, 82, 82, 82, 82, 82, 82, 82]"
403,9,"[4, 59, 82, 104, 175]",5,0.15275673707947135,0.03370177373290062,0.14590026531368494,"[261927670, 318808977, 174888889, 521408726, 98350042, 152732378, 490329523, 551582161, 181105935, 214501508]","[175, 82, 82, 82, 59, 59, 82, 82, 82, 59]"
404,9,"[12, 43, 68]",3,0.10487548168748617,0.012420659884810448,0.12438171861382823,"[97886077, 583801759, 473294217, 379341816, 454060526, 454048482, 351094633, 563371271, 177085785, 246830600]","[68, 68, 68, 68, 68, 68, 68, 68, 68, 68]"
405,9,"[17, 32, 63, 93, 118, 175, 237]",7,0.1815467458218336,0.05102757504209876,0.3421714163850993,"[405627185, 484727722, 57846362, 413149586, 19245188, 552689637, 218422746, 517036859, 419462750, 128619420]","[17, 175, 175, 175, 63, 237, 17, 175, 17, 237]"
406,9,"[10, 84, 112, 127, 132, 159, 192]",7,0.09800530783832073,0.06037801317870617,0.37962636993532733,"[150222919, 371593979, 150222911, 351926731, 190314871, 484440631, 158620640, 287430052, 150222912, 312999148]","[84, 84, 84, 84, 84, 84, 84, 84, 84, 84]"
407,9,"[1, 10, 49, 82, 132]",5,0.1755403196439147,0.03476708801463246,0.1915017156396061,"[108058360, 103119539, 5090347, 18353541, 126781683, 173171432, 469461102, 142338895, 315840103, 446926760]","[10, 82, 10, 82, 49, 82, 10, 82, 82, 82]"
408,9,"[93, 94, 183, 196, 217]",5,0.1035581617616117,0.03867411380633712,0.37118489472195504,"[543246526, 169884658, 521940133, 533729561, 77200660, 69224251, 565084974, 506160660, 482998963, 144637842]","[93, 93, 217, 217, 93, 217, 196, 217, 217, 217]"
409,9,"[43, 82, 126, 128, 163, 183, 184, 239]",8,0.14451257372274995,0.05178857035934925,0.3572399616241455,"[414719453, 96343823, 311792907, 484890846, 232172279, 450300233, 475736618, 170271281, 544023034, 460097908]","[163, 183, 239, 183, 82, 183, 183, 183, 183, 239]"
410,9,"[87, 94, 106, 123, 131, 172, 230]",7,0.08452672185376287,0.1100524622015655,0.29615556901054724,"[517576628, 64814605, 517576629, 517524722, 337244320, 193872855, 517576630, 201440502, 100747624, 154912482]","[87, 87, 87, 87, 87, 87, 87, 87, 87, 87]"
411,9,"[26, 94, 167, 187, 196, 201, 217]",7,0.13652137387543917,0.05485187657177448,0.37709479639306664,"[297057802, 15027899, 578682394, 250298433, 67765886, 507953064, 227011375, 179081506, 5802902, 78231110]","[26, 167, 187, 187, 187, 187, 187, 201, 167, 187]"
412,9,[200],1,0.010575531981885433,0.006629723124206066,0.2230470315553248,"[122123242, 56124422, 583483191, 557347182, 32377145, 154005246, 584562653, 1077062, 542098962, 17342547]","[200, 200, 200, 200, 200, 200, 200, 200, 200, 200]"
413,9,"[20, 43, 70, 141, 217]",5,0.11192152556031942,0.029955740552395582,0.28055141479708257,"[357060457, 322710339, 322710338, 205162234, 322710341, 224374198, 90927391, 320173452, 599318449, 555608178]","[20, 141, 43, 141, 141, 141, 141, 141, 43, 43]"
414,9,"[10, 72, 82, 132]",4,0.041620589792728424,0.032347943633794785,0.21509115444496274,"[373735043, 373577252, 373735037, 373735032, 373577246, 161564275, 451554459, 373577251, 395935600, 532405786]","[10, 10, 10, 10, 10, 10, 72, 72, 132, 82]"
415,9,"[39, 82, 84, 100, 128]",5,0.15899593150243163,0.03767689410597086,0.27806777083314954,"[222743300, 526875218, 26571077, 51606008, 256299, 229908291, 187279006, 388904014, 573959948, 29950755]","[128, 100, 128, 128, 128, 128, 128, 128, 100, 128]"
416,9,"[1, 5, 146, 166, 171, 227, 240]",7,0.19914313917979598,0.040383913554251194,0.167605114435511,"[470108319, 187476453, 184621484, 352144327, 551649071, 410316380, 471364122, 420011298, 274522518, 590226482]","[146, 146, 146, 146, 1, 146, 146, 146, 1, 146]"
417,9,"[171, 186, 209]",3,0.03488494688645005,0.02280818996950984,0.2561500762434055,"[91742405, 141160630, 372893354, 527014441, 335349252, 184214797, 372715502, 372910013, 571732185, 490910889]","[171, 171, 186, 171, 171, 186, 171, 171, 171, 186]"
418,9,"[91, 200]",2,0.05851592542603612,0.009204774629324675,0.16279529849998653,"[290312855, 116276053, 235542195, 470314327, 564320836, 589267683, 335205476, 29510027, 544729345, 5637958]","[200, 200, 200, 200, 200, 91, 200, 200, 91, 91]"
419,9,"[22, 70, 104, 105, 131, 221]",6,0.21931861294433475,0.038030912168323994,0.2148526650465404,"[441789470, 293909992, 23954440, 77828849, 251174153, 257403790, 253484640, 523674958, 441789486, 441789478]","[22, 22, 22, 22, 22, 22, 22, 22, 22, 22]"
420,9,"[39, 64, 84, 183, 192]",5,0.07007751101627946,0.03857299359515309,0.30183837627992033,"[355486941, 318333310, 398291135, 285141226, 344404566, 444205536, 355486940, 285141225, 100064731, 134128179]","[64, 64, 64, 84, 64, 192, 64, 84, 84, 84]"
421,9,"[39, 49, 82, 146, 242]",5,0.060180604457855225,0.033984783105552197,0.25904413694515827,"[272994238, 346140721, 557086401, 53513120, 248624134, 217202170, 290663967, 102489605, 382030196, 413128727]","[49, 49, 49, 49, 49, 49, 49, 82, 49, 39]"
422,9,"[33, 61, 85, 96, 146, 210, 222]",7,0.24655537120997906,0.09368986543267965,0.20993900245853833,"[519622179, 221771305, 227396417, 78170859, 227396424, 449199702, 332673539, 398689986, 520719918, 279837663]","[222, 222, 222, 96, 222, 222, 96, 85, 222, 222]"
423,9,"[40, 106, 111, 163, 183, 188]",6,0.10569826699793339,0.05040178028866649,0.34061666457758594,"[41331909, 177114757, 102007025, 316537661, 539793931, 247373154, 29082008, 305851356, 427337179, 247379285]","[188, 163, 163, 163, 188, 163, 106, 163, 40, 163]"
424,9,"[20, 49, 85, 96, 100, 188]",6,0.12526209373027086,0.037895772606134415,0.2367915459520494,"[557878433, 210879324, 51417397, 113899481, 218572965, 220056791, 162655892, 278728764, 222990388, 49677047]","[96, 96, 20, 20, 20, 20, 20, 96, 20, 20]"
425,9,"[32, 93, 196, 209]",4,0.05832549277693033,0.036144440062344074,0.3252453585737385,"[69022335, 199616068, 386838195, 251105507, 142075410, 373960657, 392358263, 523457820, 598807271, 346457589]","[32, 32, 209, 93, 32, 32, 196, 32, 32, 32]"
426,9,"[1, 4, 82, 88, 146, 168, 196]",7,0.2131056934595108,0.04837053827941418,0.2839280747076763,"[185679644, 258644311, 369713830, 361339920, 202801575, 256300972, 236429858, 461860680, 280506815, 467833590]","[1, 88, 146, 82, 1, 146, 168, 168, 168, 88]"
427,9,[185],1,0.006543803960084915,0.004576531238853931,0.12067991914227605,"[37526005, 588402422, 418645657, 593046928, 393734360, 33417771, 567324398, 387987088, 574932039, 470383145]","[185, 185, 185, 185, 185, 185, 185, 185, 185, 185]"
428,9,"[39, 60, 159, 194, 240]",5,0.06812278088182211,0.035071443766355515,0.2878251033835113,"[233810974, 233799325, 230406672, 274424133, 230281270, 509292544, 230381729, 81629804, 310805331, 230481869]","[60, 60, 60, 39, 240, 39, 240, 240, 159, 60]"
429,9,"[57, 166, 178, 207]",4,0.10574508365243673,0.021224664989858866,0.18849353288533166,"[418468133, 431002794, 288071214, 228977595, 266964121, 227073636, 348273107, 170991222, 456972715, 202365462]","[178, 178, 178, 178, 178, 178, 178, 178, 178, 178]"
430,9,"[68, 112, 171, 183]",4,0.08647021977230906,0.027523571625351906,0.21243594493716955,"[314175095, 222956702, 212190984, 4437641, 370061134, 202286739, 540336597, 544638549, 140838976, 581560069]","[171, 171, 183, 183, 183, 183, 171, 171, 171, 171]"
431,9,"[25, 81, 195, 210]",4,0.11517610074952245,0.02195849036797881,0.18499581539072096,"[118055614, 385448499, 367743840, 163478788, 353868886, 552004808, 27643132, 54062828, 470920514, 335305976]","[25, 25, 195, 210, 195, 25, 25, 25, 25, 195]"
432,9,"[32, 39, 60, 200, 239, 240]",6,0.07677677040919662,0.04172532819211483,0.2660413677416121,"[206788263, 113432794, 113395491, 106911166, 51649213, 374727675, 207011379, 210367924, 479658484, 398082577]","[240, 60, 60, 240, 60, 60, 60, 240, 60, 60]"
433,9,"[43, 59, 64, 194, 239]",5,0.10234043095260859,0.030534271150827408,0.21983392597176135,"[183387762, 533916397, 434999243, 520752570, 520754677, 179571608, 573990019, 154979126, 165863631, 153226511]","[43, 194, 64, 239, 239, 64, 43, 43, 64, 43]"
434,9,"[32, 77, 93, 228]",4,0.03713381849229336,0.022255966439843178,0.1821620378177613,"[225652102, 458691173, 565971705, 490241250, 312158489, 5649969, 429115328, 359674580, 5649968, 165335047]","[32, 32, 32, 32, 32, 32, 32, 32, 32, 32]"
435,9,"[20, 54, 70, 125, 156, 167, 222]",7,0.08727678097784519,0.11542013240978122,0.27664913453294765,"[255794082, 506850432, 181557532, 302766216, 159361284, 381165460, 211598789, 94748954, 351850430, 534816421]","[156, 54, 54, 54, 54, 54, 54, 54, 54, 54]"
436,9,"[1, 14, 32, 93, 112, 228]",6,0.13773267483338714,0.037369437981396914,0.22515160865926495,"[541106747, 20069172, 78858363, 12691829, 548304356, 140863450, 437127887, 508225490, 25388469, 33532261]","[32, 32, 32, 32, 228, 32, 228, 32, 32, 32]"
437,9,"[20, 96, 106, 125, 188]",5,0.05936815356835723,0.03747375402599573,0.30732660708017645,"[433340456, 57161118, 565447060, 454507049, 160165905, 26448373, 112426200, 451497625, 124949268, 214820705]","[96, 20, 106, 106, 106, 188, 106, 96, 125, 125]"
438,9,"[58, 167, 241]",3,0.04510201374068856,0.019211312755942345,0.15769438181693354,"[497945962, 49283079, 456559930, 35898600, 314820472, 78071073, 301223922, 297436434, 536520740, 371396550]","[167, 167, 167, 241, 167, 167, 167, 167, 167, 167]"
439,9,"[168, 233]",2,0.09583573089912534,0.017096360214054585,0.42093740520067513,"[470639103, 360036417, 518436832, 542847765, 87730836, 116076904, 188731557, 591238378, 310170954, 100259567]","[233, 233, 233, 233, 233, 233, 233, 233, 233, 233]"
440,9,"[17, 45, 48, 215]",4,0.08304281206801534,0.036039735190570354,0.42517161881551147,"[446034911, 58263293, 326555173, 257020445, 494942197, 202266373, 436795706, 136800017, 58755646, 520067260]","[215, 215, 48, 215, 215, 215, 215, 215, 215, 215]"
441,9,"[10, 84, 126, 188, 194, 217]",6,0.106404316611588,0.05050546070560813,0.5424633008272698,"[448390222, 448315383, 448484914, 448315384, 29300182, 436198169, 427230628, 213733044, 45920237, 221347291]","[84, 84, 84, 84, 188, 217, 217, 217, 217, 194]"
442,9,"[84, 192]",2,0.03366871690377593,0.017554217018187046,0.37710147036705166,"[283126902, 344263312, 27277348, 507585010, 483500865, 557093516, 125839494, 63723385, 364272230, 595441698]","[192, 192, 192, 192, 192, 192, 192, 192, 192, 192]"
443,9,"[49, 82, 100, 164]",4,0.047894153743982315,0.029644829221069813,0.2570290992152877,"[422416103, 241747163, 447356604, 327049016, 575743328, 9875326, 517876917, 75795637, 246462648, 140497272]","[82, 82, 100, 100, 49, 49, 49, 49, 82, 82]"
444,9,"[159, 175, 216, 239, 240]",5,0.1473557222634554,0.039449188858270645,0.20809994996525347,"[365229672, 376707067, 442989486, 303162944, 478767602, 582960674, 471213855, 591578456, 94588812, 161391509]","[159, 216, 216, 216, 159, 216, 216, 159, 216, 216]"
445,9,"[59, 77, 210]",3,0.08892094762995839,0.012535157147794962,0.11954713876669605,"[495196780, 436086138, 469014680, 330128090, 162270075, 442489669, 446278031, 526780422, 524971307, 381469699]","[59, 59, 210, 59, 59, 59, 59, 59, 59, 59]"
446,9,"[32, 60, 115, 240]",4,0.046445346903055906,0.024765671230852604,0.3332806784892455,"[325408754, 385243883, 26490240, 419719519, 583416468, 325457744, 399794579, 446595954, 535952032, 22249358]","[60, 240, 60, 32, 60, 60, 240, 240, 240, 60]"
447,9,"[20, 22, 57, 61, 70, 105, 228]",7,0.0749725392088294,0.047404839657247066,0.2178296785735126,"[99287103, 252822624, 81855859, 147501338, 568486625, 299841255, 499122820, 471263154, 471080393, 177374318]","[70, 22, 22, 22, 70, 22, 22, 22, 57, 22]"
448,9,"[0, 64, 84, 183, 192]",5,0.0581343867816031,0.0428551877848804,0.23690235689282418,"[318536243, 97030774, 461803644, 461433073, 461433074, 318515758, 496460057, 531572768, 38906152, 245436059]","[64, 64, 192, 192, 192, 192, 192, 192, 192, 192]"
449,9,"[20, 22, 70, 84, 104, 110, 131, 195, 216]",9,0.20700851641595364,0.04992318246513605,0.18890775284833378,"[447054911, 393972249, 267990263, 351268747, 351982259, 306591891, 51834142, 358497620, 529936702, 456547897]","[22, 20, 70, 216, 70, 70, 70, 70, 84, 70]"
450,9,"[5, 25, 59, 77, 242]",5,0.043996504973620176,0.028659063391387463,0.1813826230354607,"[408884211, 207355559, 25671216, 440986306, 31277728, 113060893, 207533350, 113001490, 342216973, 475883545]","[5, 5, 5, 242, 5, 242, 5, 242, 5, 242]"
451,9,"[45, 174, 235]",3,0.029430171940475702,0.01895601535215974,0.19973641028627753,"[255457970, 11907548, 207976466, 392511486, 12021424, 339898836, 91781316, 103231276, 241396449, 312109283]","[235, 235, 235, 235, 235, 235, 235, 235, 45, 235]"
452,9,"[5, 10, 12, 18, 115, 169, 202]",7,0.13470481988042593,0.04814106598496437,0.29122016076663776,"[118267505, 275408587, 532988921, 193079880, 337381772, 299364175, 155594246, 124097705, 334004200, 536291201]","[12, 12, 12, 12, 12, 12, 12, 12, 10, 12]"
453,9,"[47, 211]",2,0.1063122539781034,0.00945539865642786,0.16177434334531426,"[107429106, 185142961, 33216306, 246867785, 584842923, 367344017, 589287312, 185142962, 496337434, 359908947]","[47, 47, 47, 47, 47, 47, 47, 47, 47, 47]"
454,9,"[42, 76, 80, 206, 244]",5,0.04638508940115571,0.02866888837888837,0.20101636964827777,"[394840734, 204763087, 349953936, 15101628, 84707877, 27236663, 418617952, 213628432, 346566205, 154405305]","[80, 80, 80, 80, 80, 80, 80, 80, 80, 80]"
455,9,"[29, 72, 242]",3,0.033617133274674416,0.02065067971125245,0.24169120114917556,"[13789353, 120696219, 549335784, 534085640, 39847515, 79066778, 59229470, 191048922, 598645519, 387009078]","[72, 72, 29, 29, 29, 29, 242, 72, 72, 72]"
456,9,"[4, 37, 79, 106, 148, 195, 221, 242]",8,0.11726231686770916,0.05177762685343623,0.21238979024928994,"[365601969, 457555715, 320656730, 139721258, 577637429, 74228742, 334013790, 457916124, 479758699, 168133418]","[242, 195, 242, 195, 195, 195, 195, 242, 195, 195]"
457,9,"[60, 240]",2,0.08461782755330205,0.011282704304903746,0.17691580636892468,"[162471685, 136874010, 231705738, 524464579, 113888790, 571179873, 119861582, 186491860, 106311894, 463699260]","[240, 240, 240, 60, 60, 240, 60, 240, 60, 240]"
458,9,"[42, 53, 80, 106, 206, 231]",6,0.0733283394947648,0.03987101465463638,0.22003004676662385,"[187787262, 166420139, 212547914, 191295996, 115563401, 274449131, 517111948, 378081030, 231986448, 420588990]","[80, 42, 206, 42, 42, 42, 206, 206, 80, 42]"
459,9,"[58, 111, 112, 139, 188, 201, 239, 241]",8,0.12348794052377343,0.05777909094467759,0.2726111400697846,"[315889861, 315914143, 272080642, 151472558, 560910136, 315949387, 102227420, 315749943, 315749940, 51707786]","[241, 241, 241, 111, 241, 241, 58, 241, 241, 111]"
460,9,"[10, 96, 132, 188]",4,0.047169797122478485,0.032134920824319124,0.24778093275381252,"[479292604, 301933640, 535548284, 301902290, 318613265, 161639518, 466535407, 482889741, 417578861, 155220281]","[188, 188, 188, 188, 96, 188, 188, 188, 96, 188]"
461,9,"[5, 43, 59, 67, 93, 159, 175]",7,0.18513142922893167,0.10073335142806172,0.1418515858573041,"[400235162, 332873320, 129177492, 270544705, 594292472, 234273248, 317781559, 41028519, 594326342, 178658508]","[43, 43, 43, 67, 67, 43, 175, 175, 59, 175]"
462,9,"[97, 111, 113, 184, 192, 217, 224]",7,0.14667216781526804,0.06581195211037993,0.4793620225640812,"[383637803, 231054295, 144569808, 202755365, 53678820, 232274035, 185811491, 198954823, 220204330, 342210829]","[217, 217, 97, 217, 97, 217, 113, 113, 192, 224]"
463,9,"[128, 166, 188, 234]",4,0.1047389036975801,0.02101445710286498,0.18711727380286902,"[40280342, 81705327, 363770131, 484265681, 434870727, 14113010, 541770102, 432930589, 260127737, 592003099]","[234, 234, 234, 234, 234, 234, 234, 234, 234, 234]"
464,9,"[5, 10, 51, 174, 181, 239]",6,0.13521979842334986,0.05172389792278409,0.22085708503921828,"[302910979, 292312148, 435412727, 507575881, 285616290, 501834736, 285539307, 507596908, 501716017, 292241275]","[239, 239, 239, 239, 239, 5, 51, 51, 5, 239]"
465,9,"[32, 75, 117, 209, 228]",5,0.04992878623306751,0.03015289595350623,0.2424316044896841,"[176468700, 213315000, 346243434, 148498246, 235771350, 41816450, 66036315, 93467718, 360689364, 492897766]","[117, 117, 75, 117, 75, 75, 117, 228, 75, 75]"
466,9,"[20, 39, 60, 82, 100, 109, 128, 163]",8,0.10236299224197865,0.059267832431942225,0.2677059963752981,"[352042136, 374165375, 498112273, 213506514, 320267901, 409177016, 119109137, 497387150, 492091117, 242477755]","[20, 109, 60, 100, 60, 60, 109, 163, 109, 163]"
467,9,"[1, 20, 70, 82, 84, 175]",6,0.18755537923425436,0.09968691412359476,0.173883482037733,"[323627120, 18091477, 341299244, 306436514, 54728018, 204994945, 18084019, 474432847, 365102335, 512896117]","[175, 175, 175, 175, 175, 175, 175, 175, 175, 82]"
468,9,"[8, 46, 59, 72, 87, 133, 228]",7,0.12200211267918348,0.03663976909592748,0.17574541410431266,"[118178412, 165347730, 378131796, 10608035, 560058169, 365150051, 336371913, 218852589, 204702968, 124297582]","[133, 133, 59, 133, 133, 59, 46, 46, 46, 133]"
469,9,"[10, 32, 93, 194, 224, 239]",6,0.0779773504473269,0.04449481051415205,0.2788675337797031,"[443649785, 455541052, 62527222, 450324266, 556508986, 469543999, 443485022, 398551934, 409637139, 44853424]","[224, 224, 224, 224, 239, 224, 224, 224, 224, 224]"
470,9,"[59, 109, 209, 210]",4,0.08433936117216945,0.02355113811790943,0.21056202217005193,"[532997059, 176000049, 417180042, 434798733, 81115506, 178865239, 273980664, 572770910, 18778545, 503028256]","[109, 210, 210, 59, 210, 210, 210, 210, 210, 109]"
471,9,"[54, 96, 188]",3,0.03938314085826278,0.022003803867846727,0.27931888254048926,"[139111471, 306886796, 229777518, 357272187, 63994882, 251805477, 53812755, 138900231, 220252179, 455625206]","[54, 96, 188, 188, 96, 54, 188, 188, 188, 96]"
472,9,"[14, 174]",2,0.034824914298951626,0.08415872091427445,0.18404719419777393,"[464201156, 493687953, 223346411, 250763915, 357588963, 297833110, 233508947, 56675729, 591774573, 492878458]","[14, 14, 14, 14, 14, 14, 14, 14, 14, 14]"
473,9,"[118, 152, 174, 209, 237, 240]",6,0.07606182200834155,0.04076186753809452,0.32714871581022936,"[99877266, 365812706, 332730644, 347892926, 104530316, 276497222, 571956600, 302299097, 467276905, 64858160]","[237, 237, 237, 237, 237, 237, 237, 237, 237, 237]"
474,9,"[25, 178]",2,0.0208957027643919,0.01344575360417366,0.22175975574646145,"[419399602, 419549737, 419425382, 357702048, 111279463, 267500020, 331809858, 305610631, 531818045, 351804448]","[25, 25, 25, 25, 25, 25, 25, 25, 25, 25]"
475,9,"[8, 93, 126, 171, 183, 217]",6,0.1385617647320032,0.04363995976746082,0.46109678072389215,"[562404345, 142216812, 435554156, 55793947, 143640933, 480679693, 367683341, 381488091, 484010576, 408058382]","[183, 183, 183, 183, 183, 183, 183, 183, 183, 183]"
476,9,"[8, 10, 43, 113, 126, 217, 224]",7,0.2986558466218412,0.05066754249855876,0.44654743037452654,"[295878466, 101179090, 101303614, 101275642, 219048394, 52588656, 165364401, 58450946, 172334369, 319053680]","[224, 43, 43, 224, 43, 43, 224, 43, 224, 224]"
477,9,"[4, 22, 70, 104, 105, 146]",6,0.10991591960191727,0.03854908887296915,0.19720534305088222,"[515987773, 134023122, 134045765, 402584518, 277369238, 461713186, 342526040, 391252430, 1252446, 519829800]","[22, 22, 70, 22, 22, 22, 104, 105, 105, 105]"
478,9,"[1, 6, 17, 25, 46, 175, 241]",7,0.23246187157928944,0.044054905883967876,0.23764502247130231,"[278583544, 265290220, 17011777, 185132949, 151677497, 326110723, 445720643, 446078741, 17103338, 41426904]","[17, 175, 25, 175, 25, 25, 17, 17, 25, 25]"
479,9,"[79, 82, 85, 96, 139, 188]",6,0.23952567856758833,0.0296718655154109,0.18593949110557637,"[298702158, 594147739, 472968727, 297030204, 214642820, 547702191, 711325, 219194969, 481051693, 487549793]","[85, 85, 188, 188, 139, 139, 85, 85, 139, 85]"
480,9,"[1, 4, 84, 166]",4,0.17833041213452816,0.021204760298132896,0.1665018741041422,"[76437166, 148730856, 289687404, 31389939, 54371157, 399769744, 583403024, 76421893, 59100085, 358980536]","[84, 1, 1, 1, 1, 1, 1, 1, 1, 1]"
481,9,"[10, 43, 47, 175, 194, 241]",6,0.28838236164301634,0.04243806563317776,0.20557095882638046,"[313386754, 341732680, 313233339, 393366560, 134682753, 161482467, 260811580, 311983683, 59130015, 264534411]","[43, 43, 43, 43, 43, 43, 43, 43, 43, 43]"
482,9,"[2, 19, 46, 97, 123, 133]",6,0.08173051942139864,0.04480172414332628,0.3458433940540999,"[512525686, 185414817, 486542584, 412352454, 144635416, 555867870, 412533088, 278271929, 270942898, 215904612]","[2, 2, 46, 2, 133, 123, 2, 46, 46, 46]"
483,9,"[20, 68, 70, 183, 235]",5,0.04324578307569027,0.026293261907994747,0.16463765664957464,"[489828717, 310848652, 39414752, 489772051, 489812532, 166713165, 489585111, 489585110, 489812529, 489812530]","[68, 68, 68, 68, 68, 68, 68, 68, 68, 68]"
484,9,"[1, 38, 127, 133, 228, 239]",6,0.1412704479880631,0.04074065200984478,0.3352376885401706,"[18606957, 454531142, 297497815, 104332912, 193436670, 86389394, 379833395, 27434076, 77895589, 189420397]","[228, 228, 228, 228, 228, 228, 228, 228, 228, 133]"
485,9,"[54, 58, 169, 188, 201, 241]",6,0.14026138838380575,0.04193272069096565,0.19443016049141684,"[200634062, 21333472, 338204614, 254730189, 2360277, 170606102, 313575331, 231044967, 444746136, 347985536]","[54, 169, 54, 188, 54, 54, 54, 241, 54, 241]"
486,9,"[1, 82, 174, 175, 200, 224, 227]",7,0.19901846535503864,0.04204437090083957,0.19837405808669115,"[56701149, 39076161, 568055858, 263768564, 58447535, 391336856, 417800668, 56763086, 56720614, 227969021]","[200, 200, 200, 200, 175, 1, 200, 200, 200, 200]"
487,9,"[1, 4, 10, 30, 114, 133, 170, 217, 224]",9,0.2229793006554246,0.1326148919761181,0.3625993547547195,"[247713415, 350519092, 593849168, 542594313, 135846690, 593975744, 57091600, 179829303, 163787359, 18920132]","[217, 30, 217, 170, 217, 217, 114, 217, 4, 217]"
488,9,"[6, 171]",2,0.01665837410837412,0.014168762601912022,0.16247755044605583,"[399005212, 87256967, 87256965, 116827493, 202144811, 6340035, 78982428, 12995121, 255761134, 172957762]","[171, 171, 171, 171, 171, 171, 171, 171, 171, 171]"
489,9,"[168, 169]",2,0.037205181550234556,0.019626674242317677,0.43238928518258035,"[244730630, 583962548, 422582951, 591290990, 311550525, 190397391, 205670594, 395580749, 520987336, 3671082]","[168, 168, 168, 168, 168, 168, 168, 168, 168, 168]"
490,9,"[61, 75, 133, 148, 200]",5,0.04637766582891345,0.02960549993440509,0.18871397525072098,"[147860004, 549774917, 279548621, 283966976, 82761773, 409233162, 253136900, 44292805, 484392645, 439160149]","[200, 200, 200, 200, 200, 200, 200, 200, 200, 200]"
491,9,"[20, 70, 77, 81, 82]",5,0.04515644675120711,0.028811481315642595,0.18093708702363073,"[268678452, 453487855, 440347452, 403625282, 2456965, 354402042, 550281212, 81435176, 536225976, 490443456]","[81, 81, 81, 81, 81, 81, 81, 81, 81, 81]"
492,9,"[10, 89, 125, 132, 188]",5,0.08240373712033033,0.035991573706269264,0.24349215840920807,"[160760036, 174221182, 24335764, 393169956, 18314610, 28528015, 55836635, 345243402, 86185750, 192390787]","[188, 188, 188, 188, 188, 188, 188, 188, 132, 188]"
493,9,"[108, 114, 126, 183, 217, 230]",6,0.15178908314555883,0.054921031929552555,0.5524958197105055,"[44295541, 381794118, 277272628, 402856706, 350020328, 277766670, 68940733, 90517546, 6767828, 51274501]","[183, 217, 126, 126, 126, 217, 126, 126, 217, 217]"
494,9,"[57, 152, 237]",3,0.04307835688814521,0.02490477543324232,0.32790679632065195,"[405705380, 205539569, 233429029, 526541966, 186295331, 186246386, 155115209, 428119303, 382854843, 301760601]","[237, 237, 237, 237, 237, 237, 237, 237, 237, 237]"
495,9,"[32, 240]",2,0.021044151857495308,0.012842934112995863,0.214004909619689,"[25871553, 86639618, 103452026, 9606063, 37237949, 293467789, 196184832, 371519373, 275562567, 103473813]","[240, 240, 240, 240, 32, 32, 32, 240, 32, 32]"
496,9,"[5, 93, 159, 175, 224]",5,0.10398274101316929,0.02750904392451048,0.1660644868388772,"[236259714, 571862111, 34682763, 446634837, 198474818, 291748984, 220215407, 294138131, 238303764, 223787483]","[5, 5, 175, 5, 93, 5, 175, 5, 5, 93]"
497,9,"[36, 54]",2,0.03043423965573311,0.018713071011006832,0.3346795367542654,"[299386406, 319058044, 494534355, 364834223, 364842068, 437804398, 308900473, 591029583, 50443737, 41614889]","[54, 54, 54, 36, 36, 54, 54, 54, 54, 54]"
498,9,"[20, 70, 84, 93, 132, 175, 195, 216]",8,0.195190642029047,0.05196258518844843,0.18796269220183603,"[276146023, 576706550, 578940775, 311036971, 576706551, 35003847, 18787922, 579237344, 579237342, 570847380]","[175, 175, 175, 20, 175, 175, 175, 175, 175, 175]"
499,9,"[36, 54, 201]",3,0.04096877854317427,0.025376393925398588,0.2933807415732493,"[591551392, 131956001, 467193386, 391865967, 243392874, 266667197, 313563880, 28805091, 457602712, 124019936]","[36, 36, 54, 54, 54, 36, 54, 36, 36, 36]"
500,9,"[25, 46, 59, 107, 178, 195]",6,0.05474582873284817,0.03497131401672959,0.18341728567611426,"[540664094, 425777108, 425777109, 236293030, 540664095, 479933293, 549363883, 425845956, 425745683, 217417000]","[46, 46, 107, 25, 107, 25, 25, 25, 107, 107]"
501,9,"[2, 159, 237]",3,0.03594111045822501,0.020899062976241112,0.2572106778776894,"[506606551, 29636583, 584524121, 317604999, 22593284, 199862179, 240298873, 62864624, 200570415, 164293397]","[237, 237, 237, 2, 237, 237, 237, 237, 237, 237]"
502,9,"[60, 127, 159, 167, 216, 241]",6,0.08629169128835201,0.041309867054224014,0.31464414348981035,"[325515382, 249329727, 538523683, 243179825, 559537613, 407800112, 375595151, 229394936, 553852001, 238057012]","[216, 60, 60, 216, 216, 216, 60, 60, 216, 60]"
503,9,"[1, 82, 84, 175]",4,0.22204979602247477,0.022932959254831076,0.16992444510105997,"[66775892, 67675597, 145991549, 336506009, 277869308, 346161102, 381972781, 307481867, 255321054, 209401098]","[82, 175, 82, 82, 82, 82, 84, 82, 1, 84]"
504,9,"[4, 6, 10, 26, 70, 100, 108, 164, 194]",9,0.12068524351343513,0.06892416020855308,0.2817288515313218,"[448490378, 427359616, 549567211, 108048881, 536913401, 258388843, 405072123, 335315135, 39794219, 427166898]","[4, 108, 10, 26, 26, 26, 6, 26, 26, 26]"
505,9,"[39, 77, 82, 112, 128, 146]",6,0.07432408910244703,0.040478472132235765,0.25867282420707244,"[251994508, 215015443, 168058283, 323453715, 23324626, 386086785, 324927328, 382241139, 438010534, 388016414]","[77, 39, 77, 82, 128, 128, 77, 77, 77, 77]"
506,9,"[10, 20, 82, 100, 164, 188]",6,0.12496660510078073,0.043637494556605816,0.2291738191852346,"[95452710, 162731169, 570547811, 112809579, 22885840, 382313075, 18740924, 475097166, 95736731, 563075895]","[20, 20, 82, 82, 100, 82, 100, 82, 20, 20]"
507,9,"[20, 96, 188]",3,0.036534554325044155,0.01967589044943452,0.233263840743651,"[336438051, 426049066, 422839851, 500345096, 271830533, 244534552, 113902419, 405155384, 360949528, 337415305]","[96, 96, 96, 96, 20, 96, 96, 96, 188, 96]"
508,9,"[14, 77, 81]",3,0.02672942541539669,0.016883655916899443,0.1758004182484001,"[88155495, 88155494, 133048366, 203558056, 335600884, 349761725, 529499156, 351513107, 453714421, 159299546]","[14, 81, 14, 14, 81, 14, 14, 81, 14, 81]"
509,9,"[46, 133, 186, 210]",4,0.08331013983115554,0.022665695752948523,0.19730730092851445,"[136975153, 319742880, 422347069, 106336730, 76102061, 541971134, 18384764, 377405330, 58791574, 95391091]","[186, 133, 46, 46, 46, 46, 186, 46, 46, 46]"
510,9,"[52, 93, 117, 186, 200, 209]",6,0.05991509836167097,0.03526862757280469,0.24108254921156913,"[73624450, 75775109, 425185866, 314113358, 469196941, 289864068, 469172981, 469083543, 365057986, 469289361]","[93, 93, 93, 93, 93, 93, 93, 93, 93, 93]"
511,9,"[57, 152, 237]",3,0.112446294631809,0.024727688170969486,0.32790679632065195,"[354342484, 354982027, 539458146, 2893851, 588943316, 265818700, 2701816, 89993059, 100270462, 401331535]","[152, 237, 152, 237, 237, 152, 237, 152, 237, 237]"
512,9,"[112, 170, 171, 183, 214, 230]",6,0.09120614314451814,0.05181986605748534,0.3506988777468602,"[97093587, 382929741, 486066851, 60901442, 557338816, 462017750, 75252116, 253453552, 469164980, 325958056]","[183, 183, 230, 230, 183, 183, 183, 183, 183, 230]"
513,9,"[166, 233]",2,0.08764823991805315,0.010188938584178686,0.20943906402681023,"[9753040, 175920041, 442793169, 210970518, 198030279, 471476524, 161816983, 363023100, 344275419, 97533873]","[233, 233, 233, 233, 233, 233, 233, 233, 233, 233]"
514,9,"[25, 49, 210]",3,0.07294129813089967,0.015990340150892735,0.18714907842998704,"[259638967, 29539058, 226769638, 103461123, 13234335, 212467506, 375167620, 362969013, 77523374, 563910942]","[49, 25, 25, 25, 25, 25, 25, 25, 25, 49]"
515,9,"[21, 25, 32, 224]",4,0.04534998117014766,0.026156493462622166,0.23396784899523482,"[543922079, 354926197, 130933279, 543791991, 594762485, 422086086, 291501341, 195792455, 104910465, 130933280]","[224, 224, 224, 224, 224, 224, 224, 224, 224, 224]"
516,9,"[43, 133, 141]",3,0.1564102889969945,0.014622141141444445,0.18523997091688216,"[157350314, 369597083, 211384216, 389271069, 324700103, 25048268, 139187086, 472835488, 211384218, 365680177]","[133, 133, 133, 141, 133, 133, 141, 133, 133, 133]"
517,9,"[22, 104, 195]",3,0.07465749606490135,0.014049595687538385,0.1462753969244659,"[116909789, 213916429, 454389511, 454348595, 152709618, 180504935, 597380804, 517449535, 375642974, 180504938]","[22, 22, 22, 22, 22, 22, 22, 22, 22, 22]"
518,9,"[57, 107, 172, 182, 222]",5,0.05768267437815666,0.035308274906128645,0.24842494991607963,"[339741272, 211228225, 208979114, 302190687, 519110891, 211333354, 355393691, 391274177, 102095545, 309679750]","[107, 107, 107, 182, 57, 107, 182, 107, 182, 107]"
519,9,"[20, 54, 70, 132, 188]",5,0.04944020649418235,0.03423236822709441,0.19086436312645674,"[464425538, 411391048, 411391064, 210728434, 411391046, 411391050, 511903954, 435401648, 468105198, 504335856]","[54, 54, 54, 54, 54, 54, 54, 54, 54, 54]"
520,9,"[167, 201]",2,0.02000021282583475,0.013337464071810246,0.2112155540380627,"[25955538, 86731325, 504422431, 137001895, 230400934, 477811446, 462531434, 10405125, 284745640, 482766710]","[201, 201, 201, 201, 201, 167, 201, 201, 201, 201]"
521,9,"[108, 165, 183, 214, 217, 230]",6,0.1720907036215067,0.06188413221389055,0.5984996223511795,"[553995910, 554255527, 554247320, 299340964, 324998943, 299335078, 349839111, 299208442, 354972118, 73479640]","[217, 217, 217, 217, 217, 217, 214, 165, 217, 217]"
522,9,"[96, 128, 234]",3,0.039456869941204786,0.022668095771223307,0.28458317850405973,"[130317406, 255648442, 432017163, 58185551, 2703194, 475160783, 355317670, 8883729, 417584932, 112061204]","[128, 96, 128, 96, 234, 96, 128, 234, 96, 234]"
523,9,"[60, 240]",2,0.018032940104603767,0.01191969821229577,0.17691580636892468,"[293660001, 283438059, 226255915, 359159413, 148240321, 283438076, 441716235, 506653755, 410667348, 535253769]","[240, 60, 240, 60, 60, 60, 60, 60, 240, 240]"
524,9,"[43, 64, 184, 239]",4,0.08357372647151351,0.021492218133062124,0.17403463961090893,"[563895318, 570730176, 26854162, 160315320, 275142002, 528973679, 578245079, 526067676, 69172137, 274216131]","[64, 64, 64, 64, 64, 64, 64, 64, 64, 64]"
525,9,"[1, 14, 32, 105, 206, 209, 217]",7,0.16642556246370077,0.04906631959602237,0.30627969053706955,"[486964607, 477101385, 421800907, 111073023, 569776617, 412015059, 323862633, 358096082, 36180897, 173141745]","[14, 1, 32, 206, 217, 14, 32, 32, 14, 32]"
526,9,"[60, 240]",2,0.018243339844048023,0.01926881680265069,0.17691580636892468,"[428022682, 427859512, 428022681, 84491517, 427455796, 553997351, 427960047, 554145425, 309886608, 17613869]","[240, 240, 240, 240, 240, 240, 240, 240, 240, 60]"
527,9,"[10, 97, 106, 108, 111, 126, 164]",7,0.18766430718824267,0.06763218762353063,0.5735858049177166,"[337770232, 425475211, 89574241, 486564024, 439929411, 548994671, 114348022, 413359683, 359992335, 557482472]","[164, 97, 10, 10, 126, 164, 164, 106, 111, 97]"
528,9,"[6, 54, 58, 93, 111, 188, 239, 241]",8,0.11795915057882667,0.05652193306013942,0.25184693807386793,"[512454539, 503313179, 164834463, 281215709, 380144610, 531112840, 486481696, 198910530, 305286002, 16514907]","[241, 54, 188, 54, 111, 58, 241, 241, 188, 58]"
529,9,"[152, 237]",2,0.029632508754730225,0.016423843801021576,0.34585446247365326,"[205692914, 48824457, 391242099, 109037586, 241830589, 403518541, 558218589, 178355751, 567412056, 141686781]","[152, 237, 237, 237, 237, 237, 237, 237, 152, 237]"
530,9,"[43, 93, 111, 112, 217, 239]",6,0.22285744454711676,0.04803060041740537,0.4058594800687085,"[33579243, 560202702, 62190354, 471890902, 160952692, 230523942, 41310985, 542465980, 76721035, 253403554]","[217, 43, 217, 93, 217, 217, 112, 93, 111, 217]"
531,9,"[17, 32, 93, 100, 106, 108, 239]",7,0.10571167711168528,0.05803857836872339,0.3258388419635594,"[20708183, 354191060, 429534339, 501382547, 401768964, 557908968, 401751653, 502044240, 573040798, 545226018]","[108, 93, 108, 108, 108, 108, 108, 108, 108, 108]"
532,9,"[10, 37, 67, 81, 106, 109, 148, 209, 215]",9,0.11977503076195717,0.07543484540656209,0.28873748223607737,"[61993233, 277965556, 272578831, 447424439, 502085193, 487720156, 346248317, 123838096, 242700425, 23298367]","[67, 215, 215, 215, 215, 215, 215, 215, 215, 215]"
533,9,[64],1,0.008836100809276104,0.07132311537861824,0.12290519964881241,"[590164671, 520149710, 428304541, 552999872, 531186748, 227153031, 335233368, 38374470, 337350330, 170641969]","[64, 64, 64, 64, 64, 64, 64, 64, 64, 64]"
534,9,"[32, 57, 93, 186, 207, 217]",6,0.081460727378726,0.040849483106285334,0.3003583529498428,"[1332463, 330249683, 16387247, 322669607, 51954795, 178299808, 405639373, 127179466, 504781649, 216799297]","[207, 207, 207, 32, 57, 186, 207, 57, 93, 207]"
535,9,"[17, 97, 114, 126, 192, 194]",6,0.14417350199073553,0.06321888696402311,0.6958187660202384,"[135213883, 296608572, 348594901, 409569125, 58852724, 385436833, 391173564, 537511200, 294221006, 224743290]","[114, 114, 114, 194, 114, 114, 114, 114, 114, 114]"
536,9,"[38, 92, 152, 192, 237]",5,0.07911969115957618,0.04044612171128392,0.35675242082215847,"[402493468, 65971972, 456402608, 131974822, 385738764, 564485727, 230534218, 577566495, 363409200, 553233970]","[237, 237, 237, 237, 237, 237, 237, 237, 237, 237]"
537,9,"[39, 58, 67, 77, 82, 239]",6,0.07264062575995922,0.10728124948218465,0.24320290963320682,"[118696928, 204662725, 369727882, 122549331, 240924035, 414024632, 146777708, 118696929, 406975392, 211021815]","[82, 39, 39, 82, 82, 82, 39, 82, 82, 82]"
538,9,"[10, 100, 128, 188, 194, 239]",6,0.07682780968025327,0.045069468673318624,0.2759711839801942,"[165273779, 303820935, 320859813, 502516863, 134482581, 534418664, 381833804, 260695453, 42421416, 441462598]","[128, 100, 128, 128, 128, 10, 128, 128, 128, 100]"
539,9,"[20, 96, 188]",3,0.03406199812889099,0.019047855865210295,0.233263840743651,"[123083666, 5354004, 39305778, 31285918, 94304388, 148970007, 499270503, 440017129, 557289139, 341232641]","[188, 188, 96, 96, 188, 188, 188, 96, 188, 188]"
540,9,"[96, 188]",2,0.026535760145634413,0.01472060615196824,0.28314857569057494,"[137357883, 189654009, 267334804, 63865312, 500224551, 198256727, 539801697, 518437442, 236623209, 167043830]","[96, 96, 96, 188, 188, 96, 96, 96, 96, 96]"
541,9,"[0, 10, 54, 188, 194]",5,0.06220630835741758,0.03666210500523448,0.2649297219701111,"[11790623, 143974679, 368794346, 143974680, 399281845, 251457724, 22277429, 266341005, 17987956, 17987952]","[54, 54, 194, 54, 194, 194, 54, 194, 54, 54]"
542,9,"[1, 42, 80, 119, 133, 206, 210]",7,0.17806900246068835,0.11362022114917636,0.21019596210680902,"[196948683, 384252313, 378222535, 396119654, 197506474, 542486797, 542519853, 439818553, 396160649, 312800860]","[80, 80, 42, 42, 42, 80, 42, 80, 206, 80]"
543,9,"[30, 53, 76, 80, 81, 109, 112]",7,0.10951037798076868,0.05844139773398638,0.34121962626730756,"[358210674, 416260114, 259058018, 496181573, 160788017, 133869573, 22039393, 41400402, 484481479, 325753021]","[80, 80, 80, 109, 80, 80, 80, 80, 80, 80]"
544,9,[63],1,0.008327138610184193,0.005227574147284031,0.16101497737690806,"[379336593, 379301705, 379312487, 90026781, 379350332, 174112660, 264718859, 596057616, 405490897, 379306138]","[63, 63, 63, 63, 63, 63, 63, 63, 63, 63]"
545,9,"[4, 75, 109, 171]",4,0.035518613178282976,0.02804815024137497,0.17473847582004964,"[145084398, 423763699, 189694457, 555148552, 387580617, 344158863, 338072917, 464936886, 153822917, 284734160]","[171, 171, 171, 171, 171, 171, 171, 75, 171, 171]"
546,9,"[4, 20, 22, 70, 84, 104]",6,0.10628678184002638,0.10666745714843273,0.1684455385354037,"[28169039, 196600927, 35221743, 373205941, 525217917, 163145883, 348729257, 164594342, 295212390, 333503790]","[22, 22, 22, 22, 22, 70, 20, 22, 22, 22]"
547,9,"[75, 117, 209, 224]",4,0.041086955927312374,0.02461050497367978,0.2579755446058698,"[592182966, 592273675, 240415233, 349892222, 390424334, 74766187, 471609244, 225248797, 106748058, 303673282]","[224, 117, 117, 117, 224, 117, 224, 209, 117, 117]"
548,9,"[2, 184]",2,0.02129551349207759,0.014467515982687473,0.22709338122513145,"[305235514, 416172459, 311121833, 495811083, 583816488, 496522439, 494016466, 27420085, 356627288, 392141170]","[184, 184, 184, 184, 184, 184, 184, 184, 184, 184]"
549,9,"[20, 96, 100, 125, 128, 188]",6,0.07143300166353583,0.04365880833938718,0.2973039857267092,"[97655870, 451205571, 305268778, 413543884, 305256519, 161716231, 50254066, 481020968, 515717579, 218049430]","[125, 125, 125, 128, 125, 96, 125, 125, 125, 188]"
550,9,[68],1,0.007155422121286392,0.004813652019947767,0.1381070464849472,"[110104781, 365956345, 379784786, 405342348, 405220095, 403931308, 405201139, 403972390, 257063804, 596674800]","[68, 68, 68, 68, 68, 68, 68, 68, 68, 68]"
551,9,"[20, 33, 61, 70, 105, 112]",6,0.1318567767739296,0.04022496938705444,0.23634921111321697,"[253128968, 550995109, 64346359, 272789943, 279323403, 289324148, 378280007, 435520325, 294489705, 26007120]","[20, 20, 20, 20, 20, 20, 112, 20, 20, 70]"
552,9,"[0, 1, 8, 61, 133, 228]",6,0.23169412184506655,0.03218736592680216,0.18002529322014502,"[387430141, 430416570, 199144504, 140760693, 210934976, 471434271, 532291554, 115008368, 199144482, 301190671]","[228, 228, 228, 228, 8, 228, 228, 61, 228, 228]"
553,9,"[8, 10, 32, 111, 194, 239, 241]",7,0.17562553752213717,0.051967771258205175,0.31520017688827856,"[285159161, 314632339, 184182755, 15633309, 259075731, 172932936, 385912748, 273443106, 389026728, 583784461]","[241, 32, 32, 32, 8, 32, 32, 32, 241, 32]"
554,9,"[1, 82, 84, 175]",4,0.17233982682228088,0.09595259418711066,0.16992444510105997,"[563590081, 547363610, 347670650, 186317781, 347670648, 441406741, 571785563, 502768381, 393800161, 282575724]","[175, 1, 1, 84, 84, 1, 1, 1, 84, 1]"
555,9,"[26, 111, 181, 184, 239, 241]",6,0.10753708984702826,0.04499987047165632,0.3102465587047239,"[81834019, 316225551, 428557457, 213679164, 209274715, 289474694, 340944129, 351984531, 325983672, 183636341]","[184, 184, 184, 184, 184, 184, 184, 241, 241, 184]"
556,9,"[47, 159, 174, 237]",4,0.1004842622205615,0.02338873827829957,0.22523334686411545,"[278732438, 139451569, 340332462, 226743614, 217118464, 54606836, 191966984, 90899561, 52707379, 415241416]","[237, 174, 174, 174, 174, 174, 174, 174, 174, 237]"
557,9,"[192, 216]",2,0.04275301191955805,0.01954558491706848,0.4684824227588251,"[302946939, 550848062, 520059973, 14569986, 29259430, 78657985, 145250360, 14581510, 380424102, 411965760]","[216, 216, 216, 216, 216, 216, 216, 216, 216, 216]"
558,9,"[20, 70, 183, 184, 192, 201]",6,0.06909577874466777,0.04138945275917649,0.2456139458809048,"[313037491, 127310136, 173027574, 520013276, 207801085, 539136162, 466122403, 181950613, 173174803, 320973685]","[70, 183, 184, 184, 183, 70, 20, 183, 184, 192]"
559,9,"[68, 125]",2,0.026458063162863255,0.0792397242039442,0.34738796204328537,"[149011245, 149011244, 879383, 358962629, 301547627, 180913596, 279158838, 180913602, 244232859, 135997227]","[68, 68, 68, 68, 68, 68, 68, 68, 68, 68]"
560,9,"[20, 82, 96, 125, 188, 241]",6,0.08014814369380474,0.0352479238063097,0.2476619063721349,"[479248961, 227952470, 505840292, 137410740, 493062940, 356735023, 505820636, 142364103, 444451797, 352879255]","[125, 125, 125, 96, 125, 125, 125, 125, 125, 96]"
561,9,"[36, 58, 111, 167, 169, 196]",6,0.11077207932248712,0.06075926125049591,0.4052451295234884,"[212133469, 473061910, 64232253, 352021386, 89415714, 266862407, 142678476, 123279207, 255463445, 51951737]","[167, 196, 196, 111, 167, 167, 58, 167, 167, 167]"
562,9,"[127, 241]",2,0.04395116027444601,0.0163087728433311,0.5054929166799411,"[534956768, 186870557, 389685536, 97949771, 313442214, 326059485, 498273563, 393607450, 493450800, 533875352]","[127, 127, 127, 127, 241, 127, 127, 127, 127, 127]"
563,9,"[5, 67, 112, 174, 175]",5,0.11758900433778763,0.031604900024831295,0.22155037024058402,"[447842928, 230938230, 371597128, 571371173, 330165389, 280007366, 223834768, 216360558, 306869074, 499446516]","[175, 175, 175, 175, 175, 175, 175, 175, 175, 175]"
564,9,"[159, 175, 209, 210, 216, 240]",6,0.21480512246489525,0.033228649757802486,0.20580669515766203,"[266646792, 29194220, 119178726, 260940865, 355824508, 446593623, 370419775, 260154787, 370412560, 108006413]","[210, 210, 210, 210, 210, 216, 210, 210, 216, 210]"
565,9,"[96, 125, 164, 188, 201]",5,0.06219325354322791,0.03603285504505038,0.32651242045685647,"[19276295, 388422774, 146564670, 451244349, 246235813, 256860069, 585951782, 594668448, 319981143, 182591352]","[188, 96, 96, 188, 96, 125, 96, 188, 188, 96]"
566,9,"[107, 167]",2,0.022597119212150574,0.013288598973304033,0.22153883043210953,"[272436769, 541364278, 88083414, 336488074, 34475341, 13584524, 95977264, 275635349, 415377701, 151735447]","[167, 167, 167, 167, 167, 167, 107, 167, 107, 167]"
567,9,"[5, 10, 82, 175]",4,0.09798453794792295,0.024850728921592236,0.18140864913584664,"[473929517, 538914775, 538925381, 140009310, 26346305, 286559593, 77980225, 302749586, 291344535, 77916249]","[175, 5, 175, 5, 175, 175, 175, 175, 175, 5]"
568,9,"[1, 166, 233]",3,0.22893027169629931,0.014776733703911304,0.1957314146372179,"[38475886, 567314320, 265937628, 356000186, 38557328, 42930795, 43217788, 292029508, 129944906, 38475884]","[166, 166, 166, 166, 166, 166, 166, 166, 166, 166]"
569,9,"[8, 12, 38, 47, 92, 174, 175, 239]",8,0.24718237854540348,0.04457746632397175,0.19359287968836725,"[496850423, 42399778, 479823429, 384850063, 310092822, 515657031, 284431052, 592818229, 28681453, 27320890]","[92, 92, 174, 47, 239, 47, 92, 92, 174, 239]"
570,9,"[20, 96, 125, 167, 201]",5,0.05858258018270135,0.03554373420774937,0.30631577158346773,"[352159117, 111281527, 513465414, 589469571, 14727417, 196776433, 375467088, 482118034, 222789409, 6711057]","[167, 125, 125, 125, 125, 125, 125, 125, 201, 20]"
571,9,"[1, 32, 93, 209]",4,0.18377065937966108,0.023605026304721832,0.2284456008928828,"[440077489, 364789004, 247218488, 460459013, 322463011, 486302639, 163450937, 315918906, 295748972, 315754944]","[93, 93, 93, 93, 93, 93, 93, 93, 93, 93]"
572,9,"[32, 93, 194, 217]",4,0.07057632831856608,0.032364295329898596,0.40187378390692174,"[370449528, 220490382, 579993383, 569221911, 275145977, 39802519, 430536765, 186160019, 97264044, 241829360]","[32, 32, 32, 32, 32, 32, 32, 32, 32, 217]"
573,9,"[46, 97, 148, 184]",4,0.05570420157164335,0.0296937576495111,0.306387692457065,"[472042446, 472042443, 275520693, 213767531, 204516723, 202782288, 477485815, 485258543, 203558264, 82702990]","[184, 184, 184, 184, 184, 184, 46, 184, 46, 184]"
574,9,"[63, 70, 84, 132, 192]",5,0.061246433295309544,0.03898784378543496,0.2634146433323622,"[329749426, 23495679, 327771246, 182762665, 197075458, 329780075, 529181142, 66200712, 399898664, 516182272]","[192, 192, 84, 84, 84, 192, 84, 84, 192, 192]"
575,9,"[109, 212, 240, 244]",4,0.042525649070739746,0.02703531412407756,0.2188491655397229,"[771940, 771942, 429182572, 464559510, 167257391, 771941, 362577405, 34483015, 461600878, 317814109]","[109, 109, 109, 109, 109, 109, 109, 109, 109, 109]"
576,9,"[5, 12, 26, 51, 102, 124, 202]",7,0.11117656296119094,0.11464512161910534,0.32683105670314816,"[437210537, 336076249, 464257251, 215555962, 221075996, 361200040, 140009631, 336075144, 80923322, 490033426]","[102, 12, 102, 124, 12, 12, 12, 5, 12, 5]"
577,9,"[10, 82, 89, 132, 188, 242]",6,0.08861448289826512,0.04107694188132882,0.18159006924058,"[471932470, 38037888, 83333259, 594640809, 541759792, 349090450, 488180259, 248940775, 477140071, 54227161]","[188, 132, 188, 82, 132, 132, 132, 132, 132, 10]"
578,9,"[10, 127, 175, 239]",4,0.11184693267568946,0.03236419893801212,0.4037094127270393,"[76031505, 203432599, 273225628, 291604185, 136361427, 462772718, 462716777, 473536997, 278758162, 136424441]","[239, 239, 239, 239, 239, 239, 239, 239, 239, 239]"
579,9,"[20, 36, 54, 156, 228]",5,0.09589413041248918,0.1113899378105998,0.25436080317012966,"[273577208, 100927456, 550864144, 58132671, 451783471, 189467229, 407817478, 380376454, 451742210, 263991857]","[228, 228, 228, 228, 228, 54, 228, 156, 228, 228]"
580,9,"[68, 84]",2,0.01693386258557439,0.011118094902485609,0.16091932100243866,"[489394641, 194509153, 67393348, 365720678, 470309177, 122260749, 583650045, 501212221, 156256342, 254612706]","[68, 84, 84, 68, 68, 68, 68, 84, 68, 68]"
581,9,"[17, 26, 82, 89, 102, 106, 236, 242]",8,0.16421988792717457,0.060448029078543186,0.2967078930232674,"[202355617, 428364306, 476362339, 238201816, 42562283, 64742332, 163787386, 192344732, 277274117, 64740314]","[242, 242, 242, 102, 242, 242, 242, 17, 242, 242]"
582,9,[32],1,0.01257221307605505,0.007538400124758482,0.26489841123111546,"[536835298, 338595158, 507160926, 551179478, 535353451, 452364771, 313890061, 98404273, 573709207, 90660656]","[32, 32, 32, 32, 32, 32, 32, 32, 32, 32]"
583,9,"[58, 70, 132, 169, 188, 201, 241]",7,0.08495328295975924,0.05044702626764774,0.1852538236084261,"[197982629, 303558475, 302932857, 584665657, 514426310, 246096959, 191734938, 516816214, 133082288, 512867623]","[241, 241, 241, 241, 241, 241, 241, 241, 241, 241]"
584,9,"[39, 100, 128, 188, 194, 196]",6,0.1175963981077075,0.11668835952877998,0.3679113082665329,"[365086743, 384524498, 584012182, 264913044, 162287460, 15905723, 274204087, 584996896, 418460283, 46509329]","[128, 128, 128, 128, 39, 128, 128, 128, 128, 128]"
585,9,"[10, 49, 82, 100, 169, 211]",6,0.06936611421406269,0.04541241377592087,0.2334642258550351,"[158424658, 229605502, 103108200, 545495268, 471411610, 111559627, 272662486, 35163687, 165278818, 322741580]","[49, 211, 211, 211, 100, 82, 211, 169, 82, 100]"
586,9,"[36, 54, 58, 201]",4,0.05440797284245491,0.037064860574901104,0.2723679332411848,"[477671044, 226950698, 199290506, 160217145, 390578956, 220582591, 319774700, 9901132, 406107231, 56384349]","[54, 54, 54, 58, 54, 54, 54, 54, 54, 54]"
587,9,"[48, 68, 184]",3,0.0319561674259603,0.01951368059962988,0.21884895248028138,"[175818502, 474016655, 398947805, 188896256, 443107323, 219341708, 13335766, 36416778, 442922431, 596843857]","[184, 184, 184, 184, 184, 184, 184, 68, 184, 184]"
588,9,"[54, 201]",2,0.04155886173248291,0.014734622091054916,0.24122132372576743,"[482782637, 524051178, 112943153, 449240029, 447901314, 69395027, 566866547, 263821027, 233602428, 274236965]","[54, 54, 54, 54, 54, 54, 54, 54, 54, 54]"
589,9,"[49, 77, 146, 180, 182, 228]",6,0.12188556883484125,0.04017015267163515,0.24308410193771124,"[51722543, 544158612, 71189472, 532401074, 317240786, 544158611, 500392072, 244648089, 523309132, 544506452]","[77, 49, 146, 146, 77, 77, 77, 77, 77, 146]"
590,9,"[102, 106, 170, 180, 221]",5,0.08432134473696351,0.04692893382161856,0.3868364850524813,"[540273745, 291758973, 191187373, 183341271, 117889920, 325993256, 55508548, 570182881, 481016194, 74833640]","[180, 180, 106, 180, 170, 170, 102, 170, 170, 170]"
591,9,"[39, 49, 82, 96, 125, 188]",6,0.07931339042261243,0.044064920861274004,0.331528382957913,"[194563699, 88106722, 247667785, 185502942, 222935689, 297816571, 440186246, 361133815, 213880340, 203839846]","[96, 96, 96, 96, 188, 96, 49, 49, 39, 96]"
592,9,"[43, 64, 70, 141, 186]",5,0.11019134288653731,0.02673566434532404,0.1865219792816788,"[161497776, 570734412, 437848111, 352279542, 279266569, 418025008, 34947156, 108878641, 503451317, 108982290]","[141, 64, 64, 43, 43, 64, 64, 43, 141, 141]"
593,9,"[97, 118, 129, 174, 207, 227]",6,0.13576079439371824,0.04095674818381667,0.32592389519171167,"[62564213, 62564212, 292362697, 475167337, 153448664, 45424356, 551927611, 552189324, 63543594, 273410682]","[227, 227, 227, 227, 227, 227, 227, 227, 227, 227]"
594,9,"[18, 25, 127, 169, 174, 181, 209, 241]",8,0.11441657552495599,0.054475233890116215,0.31157442840049043,"[588274932, 191546062, 212521151, 578693503, 164428144, 266620919, 273950200, 513502275, 360536027, 168176050]","[18, 127, 127, 25, 127, 25, 127, 174, 174, 18]"
595,9,"[47, 118, 174, 240]",4,0.0987873887643218,0.02218226995319128,0.27899470482952893,"[547046290, 106264746, 275560893, 104460633, 474417755, 367391428, 325554586, 182027597, 140931744, 459634385]","[174, 174, 118, 174, 47, 118, 174, 118, 174, 118]"
596,9,"[20, 70, 84, 132, 175]",5,0.18643092596903443,0.03187219658866525,0.1738651951774955,"[123127955, 303041014, 179716294, 395202347, 188759256, 338469332, 163143152, 302881821, 400018106, 395180970]","[84, 84, 84, 84, 175, 20, 70, 84, 84, 84]"
597,9,"[10, 82, 169]",3,0.03441563108935952,0.023639139719307423,0.23529195234489939,"[92206394, 65698452, 30933330, 92104846, 502576435, 521676482, 209046495, 248946728, 136798197, 46582474]","[169, 169, 169, 169, 169, 169, 169, 82, 82, 169]"
598,9,[212],1,0.012996118981391191,0.007057853043079376,0.2825915301218629,"[421629912, 132278938, 541584758, 263799811, 76505596, 20240455, 366369093, 300621365, 519467000, 303420887]","[212, 212, 212, 212, 212, 212, 212, 212, 212, 212]"
599,9,"[1, 59, 81, 133, 210, 212]",6,0.17367986449971795,0.034225169103592634,0.19494193652644753,"[527020027, 102815399, 343008286, 175685298, 501330071, 528146187, 255818314, 286064649, 197172078, 27334687]","[59, 59, 59, 59, 59, 59, 59, 59, 59, 59]"
600,9,"[4, 82, 192]",3,0.0412263167090714,0.02252530911937356,0.29848169240479666,"[424952617, 384323025, 500607810, 199163839, 484609720, 107885682, 119051487, 599300985, 14502669, 396516428]","[82, 82, 82, 82, 82, 82, 82, 82, 82, 82]"
601,9,"[1, 135, 166]",3,0.1794404317624867,0.07690781028941274,0.12835129614298543,"[406436395, 339749203, 165416542, 370229257, 75129625, 354676777, 205058866, 596229903, 464651684, 317663345]","[166, 1, 166, 166, 166, 1, 1, 166, 166, 1]"
602,9,"[33, 72, 96, 106, 112, 188]",6,0.14341439493000507,0.0424995687790215,0.279208268232954,"[334476013, 207152477, 111337864, 182239198, 384197541, 253793192, 456652634, 357619060, 459993720, 595658771]","[96, 33, 96, 96, 188, 96, 188, 96, 188, 96]"
603,9,"[32, 194, 239]",3,0.04491078061982989,0.02466480666771531,0.33098977617919445,"[588878422, 427309145, 55541073, 553220401, 471025135, 369130037, 169822083, 167363499, 320293660, 167244620]","[32, 32, 32, 32, 32, 32, 32, 32, 32, 32]"
604,9,"[43, 186, 224]",3,0.08261055406183004,0.01694243960082531,0.22237475278476873,"[336299223, 229471206, 481723434, 422487549, 110483703, 69759352, 481723432, 481723433, 386527738, 427311451]","[224, 224, 224, 224, 224, 224, 224, 224, 224, 224]"
605,9,"[118, 174]",2,0.021725594997406006,0.013293784577399492,0.386165053001605,"[390687446, 225134385, 424621063, 44583711, 287036467, 401340397, 467091109, 57928208, 394885914, 42536575]","[118, 118, 118, 118, 118, 118, 118, 118, 118, 118]"
606,9,"[77, 85, 167, 228]",4,0.10108874319121242,0.027280337177217007,0.17490782827371731,"[52685700, 436624064, 436624049, 69903041, 436624051, 436822737, 215705799, 38712243, 499509758, 316890181]","[167, 167, 167, 167, 167, 167, 167, 167, 167, 167]"
607,9,"[1, 25, 135, 168, 178, 233]",6,0.2147893188521266,0.03508788999170065,0.25067613320425153,"[81381669, 569627681, 419304340, 247470802, 538996026, 371611327, 309763558, 72525570, 132771547, 296228447]","[233, 168, 178, 233, 135, 233, 168, 135, 135, 233]"
608,9,"[79, 187]",2,0.056374828796833754,0.01068394910544157,0.19421958865132183,"[95463379, 567985689, 192945609, 120280881, 232253191, 297576433, 20785716, 298440582, 64716623, 241988467]","[187, 187, 187, 187, 187, 187, 187, 187, 187, 187]"
609,9,"[10, 89, 188, 194, 239]",5,0.09276154125109315,0.034303952008485794,0.24342325483448804,"[154902085, 472270857, 174570353, 296244183, 461278669, 414459931, 433786123, 385754724, 336584130, 78238011]","[188, 188, 10, 188, 194, 194, 194, 194, 194, 239]"
610,9,"[109, 146, 171, 175, 186, 210, 240]",7,0.24237234238535166,0.04545286437496543,0.18629576664950168,"[2727716, 560808089, 2737865, 386771216, 13610151, 105642113, 381455618, 227767480, 72307577, 27044855]","[171, 146, 186, 146, 171, 210, 210, 175, 109, 109]"
611,9,"[20, 58, 82, 146]",4,0.03592936834320426,0.026558415964245796,0.17447562754387036,"[332898321, 402436642, 40346389, 443497886, 482143889, 30635393, 7384382, 225455397, 214022321, 392587440]","[58, 20, 20, 146, 82, 20, 20, 20, 20, 20]"
612,9,"[20, 36, 54, 188]",4,0.04557292815297842,0.02694267174229026,0.2375415235874243,"[38567733, 564410849, 544164872, 263408385, 276854456, 8481394, 90141804, 356097437, 442453543, 327633170]","[188, 54, 188, 54, 54, 188, 188, 54, 188, 188]"
613,9,"[60, 126, 159, 194, 239]",5,0.075797981582582,0.03808726370334625,0.49993866425938904,"[342645339, 259939626, 63532455, 145974052, 134097358, 270086623, 256529166, 156177867, 529489420, 22733900]","[60, 60, 60, 60, 194, 60, 60, 239, 159, 60]"
614,9,"[1, 6, 8, 14, 112, 166]",6,0.26669401209801435,0.03813187265768647,0.1985447893384844,"[225776091, 132901945, 487411551, 55672457, 508825644, 146561501, 257458393, 175630939, 5875617, 581947937]","[8, 8, 8, 8, 1, 6, 6, 6, 14, 166]"
615,9,"[61, 81, 97, 133, 164, 209, 237, 241]",8,0.16151703102514148,0.057893937919288874,0.30010579878580756,"[431884419, 302687542, 302787586, 302656394, 302719345, 289556263, 302521072, 302646221, 289570669, 302648330]","[81, 81, 81, 81, 81, 81, 81, 81, 81, 81]"
616,9,"[60, 106, 111, 128, 194, 213]",6,0.14839418977499008,0.05534007307142019,0.42675883369520307,"[523346240, 297171349, 598320548, 496268797, 329124159, 114332889, 29124518, 335161070, 341191594, 340491069]","[128, 128, 128, 128, 128, 128, 128, 128, 128, 128]"
617,9,"[84, 192]",2,0.033772238064557314,0.01723018428310752,0.37710147036705166,"[173320221, 352497176, 460315475, 400274367, 509637548, 143360453, 408299439, 263982873, 143344752, 113404490]","[84, 192, 84, 192, 84, 192, 84, 192, 84, 192]"
618,9,"[72, 96, 125, 213]",4,0.07717094896361232,0.08738196548074484,0.47592350869672373,"[383227627, 84374302, 253832749, 282374215, 227034512, 237707832, 101389463, 108458797, 330515571, 172338518]","[125, 125, 125, 125, 125, 125, 72, 72, 125, 72]"
619,9,"[4, 53, 82, 87, 146, 209, 216, 217, 240]",9,0.11114232055842876,0.05838942853733897,0.267552874620176,"[19660820, 375376982, 566818758, 419050400, 250865468, 375237058, 369088283, 156276811, 531525467, 147302685]","[87, 240, 240, 87, 53, 240, 240, 53, 240, 209]"
620,9,"[93, 111, 217]",3,0.0731090740300715,0.030856738798320293,0.5496822277394434,"[67416060, 11872086, 11872088, 531526174, 586277425, 319107977, 47493220, 94095013, 171019132, 170823152]","[93, 217, 217, 93, 93, 217, 217, 93, 93, 93]"
621,9,"[48, 68]",2,0.03652863297611475,0.013624056708067656,0.22898307268042117,"[373693970, 263701942, 295635588, 303106971, 573451396, 572461509, 221705125, 931778, 343313517, 244505226]","[68, 68, 68, 68, 68, 68, 68, 68, 68, 68]"
622,9,"[193, 207, 222, 242]",4,0.06558196991682053,0.020426837727427483,0.17871779314009473,"[26314024, 395559839, 453512508, 223863815, 309928761, 374637179, 61582487, 401675343, 374637180, 224009426]","[222, 222, 207, 207, 207, 207, 207, 207, 222, 207]"
623,9,"[1, 61, 77, 146, 171, 207]",6,0.1554944133386016,0.053685825783759356,0.15403338156950971,"[24694555, 92815327, 137885838, 117532381, 588443261, 327367659, 188152919, 385444398, 555820552, 115721671]","[171, 171, 171, 171, 171, 171, 171, 171, 171, 171]"
624,9,"[68, 92, 175, 215, 216]",5,0.1282785553485155,0.03569928416982293,0.2920779210049659,"[257872925, 181927349, 351480136, 174003689, 565078059, 269788052, 316305085, 32610174, 194705925, 178805248]","[175, 216, 216, 175, 175, 92, 175, 92, 92, 175]"
625,9,"[5, 10, 168]",3,0.06031292490661144,0.02395558822900057,0.32912420698752004,"[186883248, 573087577, 464070189, 163579862, 291104768, 15193419, 325940158, 170606752, 207430, 50000124]","[5, 5, 5, 5, 5, 5, 5, 5, 5, 5]"
626,9,"[99, 168, 233]",3,0.04319314192980528,0.021741465665400028,0.3228395711630583,"[478132332, 142152439, 142460349, 520924175, 70223328, 108474819, 518645705, 276995012, 329464210, 80044224]","[233, 233, 233, 233, 233, 233, 168, 168, 233, 233]"
627,9,"[39, 60, 128, 194]",4,0.06087254360318184,0.035990584176033735,0.3326056664227508,"[18318956, 18340043, 159280392, 411558093, 86248052, 471099296, 333310803, 495400450, 461870742, 308596174]","[128, 128, 128, 128, 128, 128, 128, 128, 128, 128]"
628,9,"[20, 89, 188]",3,0.09428826626390219,0.015116223134100437,0.12315323522003989,"[314595336, 49047413, 43788374, 26284747, 293525320, 424794905, 584015375, 140074982, 337158297, 507476186]","[20, 188, 188, 20, 188, 188, 20, 188, 20, 20]"
629,9,"[1, 32, 240]",3,0.1013310169801116,0.017679336946457624,0.1987753116991371,"[482572563, 314588527, 315634196, 491471872, 514987768, 43721830, 214804145, 328480307, 216230541, 314848645]","[240, 240, 240, 240, 240, 32, 32, 32, 32, 240]"
630,9,"[61, 89, 100, 125, 169, 184]",6,0.13476101402193308,0.04553337534889579,0.27599397258988273,"[298973970, 57429897, 158270926, 12972342, 411815197, 179991409, 130594631, 156232402, 59183503, 478687265]","[125, 125, 125, 125, 184, 125, 100, 125, 125, 100]"
631,9,"[52, 70, 93, 126, 192]",5,0.07915892405435443,0.03832441661506891,0.5193833442870528,"[155123214, 114881779, 237816263, 508376055, 460263420, 477733551, 280739570, 165250760, 450452282, 149284006]","[93, 93, 52, 192, 52, 192, 192, 192, 192, 93]"
632,9,"[20, 70, 192, 235]",4,0.11251474311575294,0.028907929081469774,0.28132680675480515,"[257268332, 566613268, 409454185, 146300108, 98254733, 176141094, 446824157, 235897757, 176552932, 208587030]","[235, 235, 235, 235, 235, 235, 235, 235, 235, 235]"
633,9,"[0, 17, 20, 125, 128, 194]",6,0.08864661119878292,0.04722890071570873,0.3672387970533843,"[495992460, 160654867, 364758013, 325153572, 74388090, 495926802, 61461696, 498622424, 498926953, 449235749]","[128, 128, 128, 128, 128, 128, 128, 128, 128, 128]"
634,9,"[75, 117, 171, 186]",4,0.03370337374508381,0.02586138853803277,0.21163471596082672,"[111052982, 24303294, 172556875, 504226773, 234257212, 342163173, 241129105, 182287284, 495218298, 124714234]","[117, 171, 171, 171, 117, 117, 171, 117, 171, 117]"
635,9,"[25, 167, 213]",3,0.0662617813795805,0.026798641309142113,0.3816037710445623,"[533541534, 578189724, 470960410, 525434594, 81392412, 81392396, 578860500, 61600306, 81392410, 81392408]","[25, 167, 167, 167, 167, 167, 167, 167, 167, 167]"
636,9,"[14, 77, 85, 112, 181, 211]",6,0.17979381047189236,0.035983093082904816,0.20822101823675135,"[469405551, 525291840, 483125603, 151850607, 326165965, 490597900, 597042523, 213815214, 31907958, 166131183]","[211, 211, 211, 211, 85, 85, 211, 211, 85, 211]"
637,9,"[1, 39, 93, 200, 209, 224, 227]",7,0.15697685116901994,0.04678390733897686,0.26271492874782,"[368743590, 43957939, 444279346, 590882958, 528989644, 497215226, 513790326, 149497159, 320075997, 272614665]","[209, 200, 227, 200, 200, 209, 200, 227, 209, 209]"
638,9,"[5, 67, 97, 147, 175, 224]",6,0.1619673678651452,0.040816234424710274,0.2721252568687002,"[52619765, 437637319, 30241915, 40412331, 381581941, 43258519, 218706577, 480778693, 481010923, 40252220]","[67, 67, 67, 67, 67, 67, 67, 175, 67, 67]"
639,9,"[60, 109, 240]",3,0.031019042246043682,0.020332437474280596,0.20764429479216537,"[84260518, 384519103, 138298669, 384374602, 536343437, 527643448, 154164185, 414152718, 40998165, 151066788]","[240, 240, 240, 240, 240, 240, 60, 240, 240, 240]"
640,9,"[6, 27, 53, 76, 80, 187, 217, 244]",8,0.16931834258139133,0.05508883763104677,0.2903067343577277,"[214248553, 452546311, 452546306, 574185480, 350668882, 452546307, 298577091, 452538893, 412960841, 438072451]","[80, 244, 244, 217, 244, 187, 80, 244, 217, 244]"
641,9,"[168, 196, 207, 222, 227]",5,0.074136758223176,0.03688511485233903,0.34096336346119643,"[577061003, 153219297, 271819036, 318091797, 487497367, 458866700, 192125337, 188212692, 11274974, 435849358]","[207, 207, 207, 207, 207, 207, 207, 207, 207, 207]"
642,9,"[111, 112, 125, 128, 188, 194]",6,0.1093307938426733,0.04821607610210776,0.4225318773727243,"[395340719, 320859813, 515135566, 596885440, 157571169, 39619546, 220541493, 172012104, 272189624, 279226017]","[111, 128, 194, 128, 194, 111, 128, 111, 128, 111]"
643,9,"[4, 70, 84, 192]",4,0.05285651050508022,0.029076281003654003,0.28297001391183585,"[250364638, 187284050, 56152969, 260063780, 500785055, 342712761, 230995532, 131701346, 500687498, 54409881]","[84, 84, 84, 84, 84, 84, 192, 84, 192, 192]"
644,9,"[54, 58, 188, 201]",4,0.11051271948963404,0.02938789874315262,0.20977120142197236,"[83346459, 579436070, 31066102, 469441974, 552732598, 44108022, 599538010, 425742103, 323279822, 363600148]","[188, 54, 54, 54, 54, 201, 54, 54, 54, 54]"
645,9,"[1, 117, 171, 186, 200, 209]",6,0.13247386598959565,0.038686337880790234,0.2435489062142248,"[556581636, 386944031, 383852200, 282782695, 35420134, 90077601, 31901743, 589978449, 287828930, 115325568]","[117, 117, 186, 171, 117, 186, 1, 186, 117, 117]"
646,9,"[5, 10, 17, 58, 82, 201]",6,0.11265173554420471,0.04819220304489136,0.2822916191459323,"[158194971, 469650990, 456725164, 120387136, 575284450, 38486640, 24285917, 575284452, 478867652, 456724261]","[17, 5, 82, 17, 58, 17, 17, 58, 5, 5]"
647,9,"[84, 105, 167, 192]",4,0.0586472530849278,0.09585473872721195,0.31949060451006517,"[177732495, 452329595, 167974761, 325021566, 306114045, 8954076, 185497228, 545377075, 310407228, 34010644]","[192, 192, 192, 192, 84, 192, 192, 192, 192, 192]"
648,9,"[22, 61, 67, 104, 105]",5,0.10222343727946281,0.03177043655887246,0.1992780295666307,"[232601211, 427788517, 282379282, 94324763, 232601212, 428086382, 231643095, 401847970, 543485315, 246964444]","[22, 67, 22, 22, 105, 22, 67, 22, 67, 22]"
649,9,"[1, 4, 146, 166, 196]",5,0.2067616037093103,0.030583295971155167,0.24309286409989,"[315300538, 533846640, 7858121, 246448485, 186572150, 392135103, 115108218, 71784470, 525579670, 246448488]","[166, 166, 166, 166, 166, 146, 146, 166, 166, 146]"
650,9,"[22, 105, 192]",3,0.0490996609441936,0.026129613630473614,0.3567479210129629,"[40883192, 412515893, 280105499, 125796007, 125796008, 521801370, 521801371, 521801369, 40839322, 167999373]","[22, 22, 22, 22, 22, 22, 22, 22, 22, 22]"
651,9,"[39, 84, 166, 168, 188, 196, 227]",7,0.20753593975678086,0.05885048909112811,0.33244036320996073,"[80079967, 205549066, 139132979, 310552818, 585278916, 56669156, 476942735, 274732724, 323180119, 365483183]","[168, 168, 168, 168, 168, 168, 168, 168, 168, 168]"
652,9,"[82, 100, 175]",3,0.09635208453983068,0.020987767726182938,0.23086255369707942,"[186679495, 376494354, 48079131, 421481977, 49317915, 49303580, 299892042, 541968100, 597259699, 316139193]","[82, 82, 100, 100, 100, 82, 100, 82, 82, 100]"
653,9,"[0, 70, 106, 108, 111, 112, 126]",7,0.1383462119847536,0.06371447397395968,0.518403922939407,"[334400966, 245953715, 339328946, 199633247, 131395788, 138751641, 237047436, 374349198, 458022048, 486046321]","[0, 0, 0, 106, 0, 70, 0, 70, 70, 111]"
654,9,"[39, 84, 112, 166, 168, 233]",6,0.2006043577566743,0.04614467639476061,0.35088229225948453,"[406395383, 439140323, 522216861, 60620382, 517493427, 60620381, 332321204, 129776897, 510805762, 181451141]","[166, 166, 166, 166, 166, 166, 166, 166, 166, 166]"
655,9,[166],1,0.07616217527538538,0.0037384480237960815,0.16639141109772027,"[277338290, 236243808, 340133467, 435736940, 445320567, 40645648, 205800773, 177926973, 99573468, 288962219]","[166, 166, 166, 166, 166, 166, 166, 166, 166, 166]"
656,9,"[125, 188, 241]",3,0.04494802886620164,0.0152504313737154,0.25202906931129593,"[182733864, 449459800, 367785867, 169268632, 401741747, 31371262, 532670018, 347369607, 208641729, 165709190]","[188, 188, 188, 188, 188, 241, 188, 188, 125, 188]"
657,9,"[6, 30, 79, 109, 146]",5,0.1277000862173736,0.036840441171079874,0.293334451969713,"[454801877, 299516535, 55959542, 223849806, 18863213, 492298826, 51408749, 129226826, 274541845, 454770638]","[146, 146, 146, 146, 146, 146, 146, 146, 146, 146]"
658,9,"[39, 82, 100, 128, 194, 239]",6,0.08956709364429116,0.04762634541839361,0.32244636265871424,"[554282561, 165034280, 545838887, 78372221, 544176594, 483608110, 436086278, 168658534, 436086281, 341499093]","[39, 128, 128, 39, 39, 194, 39, 128, 128, 194]"
659,9,"[20, 36, 125, 156, 184, 194, 213]",7,0.11004139017313719,0.11754749994724989,0.38615042473455624,"[134997220, 195992938, 302147465, 24135814, 83265132, 326296555, 354107853, 419896212, 180137038, 56950130]","[36, 36, 125, 36, 156, 156, 36, 36, 125, 36]"
660,9,"[109, 148, 171, 186]",4,0.04380991216748953,0.031132738571614027,0.22483751631807536,"[244491188, 303769234, 540524910, 368802899, 69128620, 15579704, 121957139, 149560321, 162740344, 288631240]","[171, 171, 171, 171, 171, 171, 171, 186, 186, 171]"
661,9,"[166, 209, 240]",3,0.1525139193981886,0.016140802763402462,0.22174822500286004,"[93372006, 107140968, 302092540, 107140967, 109501278, 107140947, 511360915, 400872111, 412204270, 466131805]","[240, 209, 240, 209, 209, 209, 240, 240, 240, 240]"
662,9,"[0, 2, 52, 133, 174, 192, 228]",7,0.09139580838382244,0.11193675640970469,0.26040247584959225,"[8395004, 518325237, 533340165, 407880102, 533312096, 407880108, 533422628, 407880096, 407880086, 467167076]","[228, 228, 2, 2, 2, 2, 2, 2, 2, 228]"
663,9,"[77, 167, 195]",3,0.023483362048864365,0.016010851599276066,0.1519801509566605,"[144724728, 516759955, 98969662, 364049095, 440368018, 98969660, 279485355, 302741440, 98969663, 516740038]","[167, 77, 167, 77, 167, 167, 167, 167, 167, 167]"
664,9,"[39, 111, 112, 128, 234]",5,0.09700335189700127,0.04321557283401489,0.42598981638439,"[172258964, 495980362, 333693866, 143187899, 366857602, 230433462, 254784650, 179044188, 283886342, 229898417]","[234, 234, 234, 128, 234, 234, 128, 128, 234, 234]"
665,9,"[93, 183, 194, 221]",4,0.0643453891389072,0.026302542071789503,0.2544100863742642,"[132680153, 90481524, 132680157, 370317758, 271766386, 535178593, 542501596, 198122321, 436470121, 395121700]","[221, 183, 183, 183, 183, 93, 93, 93, 183, 183]"
666,9,"[42, 70, 87, 111, 165, 217, 228, 241]",8,0.1635373244062066,0.07346504274755716,0.46508733252994716,"[567086221, 47493220, 456835903, 371915684, 265407055, 250785358, 404931300, 92451640, 584519164, 391685032]","[217, 217, 217, 217, 217, 217, 111, 217, 111, 217]"
667,9,"[72, 77, 111, 125, 156]",5,0.07735914131626487,0.04065008880570531,0.3978378862608224,"[367274880, 291770533, 45530720, 168995116, 273735192, 599544244, 523253364, 225263667, 298550058, 346412532]","[125, 77, 77, 125, 125, 125, 125, 125, 77, 72]"
668,9,"[185, 236]",2,0.028039829339832067,0.006646940018981695,0.08373585157096386,"[363089804, 125663130, 465247128, 40534487, 231384928, 80377600, 146001667, 584110432, 456402917, 588329826]","[236, 236, 236, 236, 236, 236, 236, 185, 236, 236]"
669,9,"[4, 59, 63, 82, 84, 93, 111, 175]",8,0.16718313191086054,0.05174450529739261,0.23410659734508954,"[261591344, 367949198, 235105761, 74545302, 314040798, 323991737, 147459119, 232947827, 113759339, 504232684]","[84, 93, 93, 93, 93, 175, 84, 82, 175, 93]"
670,9,"[129, 167]",2,0.0202581649646163,0.012449908070266247,0.22177201323211193,"[54709475, 132189171, 128710920, 248757157, 202538093, 432844723, 130086289, 510904223, 216207945, 248329491]","[129, 129, 129, 129, 129, 129, 129, 129, 129, 129]"
671,9,"[49, 106, 109, 125, 188, 242]",6,0.13160148030146956,0.04304753942415118,0.2819265170643727,"[330818522, 364835974, 407201795, 560442238, 400749860, 384975111, 154867234, 80694078, 312835934, 401385508]","[242, 188, 242, 188, 188, 109, 242, 106, 242, 242]"
672,9,"[4, 20, 22, 82, 104, 127]",6,0.11238360591232777,0.04048874555155635,0.288853067633075,"[67789440, 251028555, 21995703, 164594341, 525061289, 230805367, 459184861, 164594342, 65509244, 360841064]","[22, 22, 22, 82, 22, 82, 22, 22, 82, 22]"
673,9,"[39, 93, 112, 166, 227, 241]",6,0.19222157401964068,0.03677474521100521,0.2432540513885518,"[51051052, 174475769, 595594238, 400599182, 269290588, 286157228, 370066582, 576529219, 147307825, 262672678]","[241, 241, 241, 227, 241, 166, 241, 241, 39, 227]"
674,9,"[57, 178, 222]",3,0.03389822132885456,0.019656882621347904,0.244658928985397,"[479429810, 298036482, 593414564, 298259455, 298036483, 68220734, 299190240, 57198665, 521606638, 459136936]","[57, 57, 57, 57, 57, 57, 57, 57, 57, 57]"
675,9,"[5, 10, 51, 111, 174, 175, 221, 239]",8,0.17410476179793477,0.12555873254314065,0.28544616923318245,"[297452036, 431511634, 267699888, 316137471, 267786525, 143523068, 492881089, 476823035, 588659264, 131752404]","[10, 10, 10, 10, 10, 10, 10, 10, 10, 10]"
676,9,"[117, 171, 186, 224]",4,0.04558921419084072,0.028076567221432924,0.2541295663686469,"[16257992, 47675388, 309054857, 523952019, 105779695, 524016329, 105762078, 368238367, 359725836, 359643363]","[186, 186, 186, 117, 186, 186, 117, 186, 186, 186]"
677,9,"[118, 174, 211]",3,0.02932082675397396,0.017587466165423393,0.3051138291290651,"[120717022, 393879120, 99633754, 208414194, 117226728, 292775917, 99586643, 394084662, 161939041, 394122925]","[118, 174, 118, 174, 174, 174, 118, 174, 118, 174]"
678,9,"[17, 32, 239]",3,0.05493549443781376,0.024816999211907387,0.4052594486468782,"[359274305, 269256221, 594206804, 179632193, 133542228, 471314564, 404171624, 407302630, 269583525, 581957968]","[32, 32, 32, 32, 32, 32, 32, 32, 32, 32]"
679,9,"[32, 239]",2,0.02425146009773016,0.014942462090402842,0.25876558804884553,"[76520495, 122955682, 271053136, 255456933, 317587101, 467271521, 2784221, 146700061, 231296693, 271236985]","[32, 32, 32, 32, 32, 32, 32, 32, 32, 32]"
680,9,"[60, 240]",2,0.017980427015572786,0.011694577988237143,0.17691580636892468,"[6087041, 3093750, 574758959, 139111199, 139107335, 138948511, 139151666, 365263623, 139105244, 6187847]","[60, 240, 240, 240, 60, 240, 240, 60, 240, 240]"
681,9,"[19, 21, 87, 106, 113, 123, 172, 230]",8,0.08770702173933387,0.1184881143271923,0.2530403615674004,"[114313048, 401612053, 304097766, 197884172, 60641588, 263234074, 330812116, 1533948, 60381926, 463820676]","[230, 87, 87, 230, 19, 87, 106, 106, 106, 113]"
682,9,"[22, 70, 84, 104, 110, 132, 222]",7,0.13657321128994226,0.042795059736818075,0.1923684074011232,"[515188434, 592443859, 544015597, 222916106, 288213671, 577787135, 466815141, 507276213, 245769430, 14794061]","[104, 22, 104, 22, 22, 104, 22, 22, 22, 22]"
683,9,"[1, 61, 77, 84, 93, 112, 228]",7,0.1829668148420751,0.04461225029081106,0.1998554991358625,"[524736967, 116635495, 372889687, 176120073, 544433926, 579289857, 475118083, 72251823, 57876847, 448338928]","[228, 93, 228, 77, 228, 228, 228, 228, 77, 77]"
684,9,"[4, 61, 89, 132, 169, 175, 188, 210, 241]",9,0.26366916997358203,0.05310963001102209,0.1462206618549923,"[323331904, 104851472, 150893518, 323331898, 567822060, 415699608, 216858193, 88507064, 179196577, 323331910]","[4, 188, 241, 4, 89, 188, 241, 188, 188, 4]"
685,9,"[36, 54]",2,0.0309507860802114,0.021132280118763447,0.3346795367542654,"[84891684, 398728662, 431029798, 439390382, 51780697, 404053353, 578036276, 330104749, 521224739, 507150705]","[36, 36, 36, 54, 54, 54, 54, 54, 36, 36]"
686,9,"[39, 109, 163, 186, 209, 224]",6,0.09011477697640657,0.04867882700636983,0.33225179254077375,"[300812139, 78070424, 186929008, 549712016, 291973799, 91778853, 489680016, 239644774, 503533534, 352189468]","[39, 163, 109, 163, 39, 39, 209, 109, 39, 39]"
687,9,"[1, 82, 84, 175]",4,0.24028740730136633,0.02217862056568265,0.16992444510105997,"[19360602, 63120069, 238908179, 444248865, 62157101, 504982273, 431318285, 90868867, 279242129, 143177142]","[84, 175, 175, 175, 175, 175, 175, 82, 175, 82]"
688,9,"[1, 146, 166]",3,0.1806654930114746,0.014551645144820213,0.17079359999236962,"[318958202, 516751079, 235100348, 571583425, 16894732, 572672887, 233284312, 36636776, 572673091, 403175381]","[1, 1, 1, 1, 1, 1, 1, 1, 1, 1]"
689,9,"[96, 128, 188]",3,0.0345738404430449,0.019201232586055994,0.24290769128128886,"[538670213, 306123612, 52575784, 576491031, 401524808, 141544878, 491268822, 257843766, 170469445, 212555729]","[188, 96, 96, 96, 128, 96, 96, 96, 188, 96]"
690,9,"[93, 192, 194, 217, 224]",5,0.0969613678753376,0.0421916963532567,0.4390795802231878,"[280096083, 36166762, 95044933, 36109231, 514554229, 280127546, 36241184, 273529687, 257737352, 280097005]","[93, 224, 217, 224, 93, 224, 224, 224, 224, 224]"
691,9,"[109, 174, 207, 212, 237, 240]",6,0.0770748844370246,0.10749702528119087,0.24041500862222165,"[566160736, 520887986, 348891253, 114567788, 62289136, 467571338, 462908438, 114567826, 38883366, 515564504]","[237, 237, 237, 237, 237, 237, 237, 237, 240, 240]"
692,9,"[49, 58, 82, 132, 175, 188]",6,0.14222091622650623,0.04142398200929165,0.17383321824794015,"[269368219, 137040379, 503667679, 122193393, 488891435, 520081398, 312692760, 341872422, 109071636, 162322284]","[175, 175, 175, 175, 175, 175, 175, 175, 175, 175]"
693,9,"[20, 54, 58, 167, 188, 201]",6,0.057867891155183315,0.04058170644566417,0.19737118890043348,"[479287218, 116811297, 517450973, 230188672, 529449169, 70334368, 218946949, 121499907, 190757734, 460679071]","[188, 188, 188, 188, 188, 188, 188, 54, 188, 188]"
694,9,"[8, 30, 106, 112, 119, 131, 201]",7,0.21521453373134136,0.050872630439698696,0.3267933889957411,"[391392412, 143726430, 420838997, 105999863, 498461071, 429101205, 533059809, 420838996, 24928573, 199628831]","[8, 8, 30, 8, 8, 30, 201, 30, 8, 8]"
695,9,"[5, 59, 67, 82, 159, 174, 175]",7,0.12763186497613788,0.037433018907904625,0.1582700936456344,"[543583528, 491684515, 597824063, 381679109, 295478704, 202195445, 395484314, 444084513, 334451584, 235169240]","[159, 159, 159, 159, 159, 159, 159, 59, 59, 5]"
696,9,"[1, 166]",2,0.17191790416836739,0.007861120160669088,0.16735376347787678,"[236566880, 593127527, 584775693, 132606092, 138523568, 159551351, 56611648, 329284485, 377182692, 9429165]","[1, 1, 1, 1, 1, 1, 1, 1, 1, 1]"
697,9,"[46, 133]",2,0.02073768712580204,0.012506101280450821,0.2076116643147543,"[420223579, 21934541, 41668771, 163010922, 148492603, 517149999, 206589361, 313138102, 373140299, 500464831]","[133, 133, 133, 133, 133, 133, 133, 133, 133, 133]"
698,9,"[89, 125, 132, 188, 194]",5,0.1010007755830884,0.09709845436736941,0.28796378448605536,"[533365015, 463863155, 581414985, 586936329, 216708216, 93588993, 216590526, 482205351, 323604098, 216755589]","[132, 125, 188, 132, 188, 194, 188, 188, 125, 125]"
699,9,"[59, 67, 82, 104, 175]",5,0.18674490926787257,0.025785325095057487,0.15574158760719,"[223279442, 34407516, 165782050, 451084394, 481824024, 143827806, 155479000, 223313719, 223299903, 286030509]","[59, 175, 67, 59, 59, 59, 59, 59, 59, 59]"
700,9,"[38, 84, 127, 192, 209, 239]",6,0.0895122173242271,0.04827706469222903,0.4160781742927308,"[15755585, 27506815, 588753166, 297452316, 31155007, 541273729, 502997176, 371104310, 107432089, 283578665]","[84, 84, 84, 84, 84, 84, 84, 84, 84, 84]"
701,9,"[91, 200]",2,0.057605361100286245,0.008758979849517345,0.16279529849998653,"[335205476, 580978771, 116276053, 285903853, 182399199, 290312855, 235542195, 95793971, 182244542, 504321353]","[200, 200, 200, 200, 200, 200, 200, 200, 200, 200]"
702,9,"[10, 12, 115, 124, 126, 181]",6,0.08622643956914544,0.10713091399520636,0.5646663872369876,"[356334669, 356118835, 463089125, 229520666, 84443931, 32701164, 567285168, 563774376, 356263433, 49390909]","[12, 12, 124, 115, 115, 115, 115, 115, 115, 115]"
703,9,"[1, 77, 84, 228]",4,0.10438139736652374,0.02059698197990656,0.16774285770952702,"[303076252, 494944160, 188412807, 561475598, 103672702, 117787662, 88102447, 555653630, 71963599, 230365097]","[1, 1, 1, 1, 1, 1, 1, 1, 1, 1]"
704,9,"[96, 125, 194]",3,0.07503532338887453,0.02677595103159547,0.4836971771437675,"[50797895, 531656131, 581259626, 327187554, 593534916, 341312319, 560849002, 297117766, 341690750, 377578034]","[125, 125, 125, 125, 125, 125, 125, 96, 96, 125]"
705,9,"[10, 20, 58, 82, 93, 128, 241]",7,0.07929476397112012,0.04085040930658579,0.16180955465616925,"[479264094, 97172013, 125376724, 494441995, 74208356, 395259281, 561935889, 69582267, 137966257, 220983176]","[241, 241, 20, 10, 241, 20, 20, 241, 241, 241]"
706,9,"[37, 61, 93, 111, 112, 125, 184, 194]",8,0.13173088850453496,0.12781381653621793,0.38567558882641606,"[166929302, 32041101, 201327355, 259768727, 456675331, 130991507, 472743247, 276561302, 305450059, 155628487]","[125, 125, 125, 93, 125, 184, 93, 184, 184, 125]"
707,9,"[19, 21, 30, 123, 131]",5,0.10280190175399184,0.03453502617776394,0.36357801100239157,"[290423263, 141521827, 558769378, 366674039, 296590762, 160086921, 501888161, 262072973, 442043012, 264836630]","[131, 131, 131, 131, 131, 131, 131, 131, 131, 123]"
708,9,"[8, 79, 106, 123, 131, 159, 172, 237]",8,0.1667046663351357,0.05021685175597668,0.2479664082347881,"[21209791, 214459992, 582255751, 585889930, 357310198, 81837137, 261023680, 152941274, 543332319, 210057603]","[237, 237, 237, 8, 106, 8, 237, 237, 8, 237]"
709,9,"[97, 126, 127, 159, 174]",5,0.15636775828897953,0.04678259650245309,0.6794514522887767,"[364123452, 395818403, 101738279, 509134941, 369773749, 364232242, 509045109, 271083209, 238645495, 25216152]","[159, 127, 159, 174, 97, 159, 174, 159, 97, 174]"
710,9,"[36, 43, 54, 156, 201]",5,0.13924682326614857,0.03663640981540084,0.2546850827522576,"[199872053, 333064862, 74402508, 511648763, 391907968, 204632143, 535203000, 548263377, 480336888, 162935154]","[156, 156, 156, 156, 156, 156, 54, 54, 156, 156]"
711,9,"[59, 159, 200, 236, 242]",5,0.05522810481488705,0.023283905815333128,0.1510745910461992,"[532147618, 41366602, 532398561, 396381822, 581804298, 357694103, 586712300, 447709396, 299154706, 93694205]","[236, 59, 59, 59, 59, 236, 59, 59, 236, 236]"
712,9,"[10, 82, 106, 170, 188]",5,0.05906322551891208,0.03840080089867115,0.24533836622722446,"[318552186, 170542660, 433161442, 439494746, 80758389, 92751049, 297549670, 370875088, 570474366, 524933253]","[170, 10, 170, 170, 170, 170, 10, 188, 10, 10]"
713,9,"[77, 81, 85, 228]",4,0.13312948495149612,0.0213635116815567,0.18260596657637507,"[193985554, 371709521, 286601329, 277445547, 75993523, 78652326, 580234576, 598058553, 336565197, 286653258]","[77, 77, 228, 228, 228, 85, 85, 228, 228, 228]"
714,9,"[36, 54, 156]",3,0.045214589685201645,0.02799467695876956,0.313540793567275,"[438904754, 407019418, 417460514, 406493921, 230750417, 580720797, 574225054, 473194321, 375737537, 46452780]","[36, 156, 54, 54, 54, 54, 54, 54, 54, 54]"
715,9,"[67, 72, 102, 126]",4,0.08079630602151155,0.03581109317019582,0.6058518951176666,"[110075494, 259654997, 306799320, 325045770, 306780319, 163568496, 241835127, 296535381, 235634117, 304703213]","[67, 67, 67, 67, 67, 67, 67, 67, 67, 67]"
716,9,"[20, 37, 70, 77, 81]",5,0.05249615339562297,0.03545947838574648,0.21441837423481047,"[219247777, 14956816, 586987309, 404118624, 17511256, 84777825, 271481665, 403891598, 529173650, 462095038]","[77, 77, 20, 81, 77, 70, 77, 77, 77, 81]"
717,9,"[1, 20, 70, 82]",4,0.10628022020682693,0.02158076222985983,0.1773311464348808,"[423150744, 56737034, 562933801, 82776735, 421106636, 440909851, 404847255, 32381013, 478209292, 404773518]","[70, 82, 1, 70, 82, 1, 82, 82, 82, 82]"
718,9,"[20, 70, 84, 125, 132, 192]",6,0.08122430881485343,0.11242856876924634,0.30770358128938824,"[66220792, 368182769, 513712977, 83160001, 338615824, 170311604, 346311405, 173410717, 71740118, 241678869]","[20, 20, 84, 20, 84, 125, 192, 84, 84, 20]"
719,9,"[4, 49, 82, 100, 146, 166]",6,0.16356711788102984,0.03645468130707741,0.2034894221384699,"[213694925, 200840420, 599905570, 335626940, 516114027, 131819241, 503450068, 594599479, 332887597, 172043876]","[146, 82, 146, 100, 82, 82, 146, 166, 4, 49]"
720,9,"[70, 105, 175]",3,0.09510980639606714,0.019365424755960703,0.2308216574601829,"[190069500, 55484204, 42266115, 494050017, 24656633, 533106488, 242299904, 274178877, 346453260, 493543761]","[105, 105, 70, 105, 105, 70, 175, 70, 70, 175]"
721,9,"[118, 174]",2,0.021691675297915936,0.013214039616286755,0.386165053001605,"[417891217, 76805798, 68427597, 569526539, 280913797, 547125696, 221095546, 597044073, 416051829, 124067658]","[174, 174, 174, 174, 174, 174, 174, 174, 174, 174]"
722,9,"[105, 192]",2,0.039279491640627384,0.02109858486801386,0.4412914328277111,"[77691294, 438932245, 578938443, 393115337, 191821827, 260549966, 315949825, 210827489, 322640103, 41277662]","[192, 105, 192, 105, 192, 192, 192, 192, 105, 105]"
723,9,"[32, 239]",2,0.024220038205385208,0.013882457744330168,0.25876558804884553,"[9020838, 76774025, 200392849, 188269105, 587095987, 356654390, 296306727, 187486177, 452659546, 149137923]","[32, 32, 32, 32, 32, 32, 32, 32, 32, 32]"
724,9,"[168, 169, 196]",3,0.061244063545018435,0.09882358321920037,0.47343123898220557,"[458166727, 454207062, 451916269, 96944793, 72844089, 207932964, 406355378, 364421544, 107621134, 532097811]","[196, 196, 168, 168, 196, 168, 168, 196, 196, 169]"
725,9,"[10, 49, 58, 81, 188]",5,0.05278293928131461,0.03524152562022209,0.207824643002823,"[123306930, 351841418, 173561433, 263835484, 62639457, 494567852, 130475617, 258371253, 133963511, 296756285]","[49, 81, 81, 81, 188, 81, 81, 188, 188, 81]"
726,9,"[1, 27, 32, 80, 109]",5,0.1308935722336173,0.03422417538240552,0.25318057439289987,"[178802831, 319855764, 174527220, 259717660, 187540254, 548495749, 36782507, 208427386, 16381369, 473491543]","[80, 80, 80, 80, 80, 80, 80, 109, 80, 80]"
727,9,"[1, 81, 93, 186, 217]",5,0.14064151840284467,0.033756460063159466,0.3081379485782236,"[435768042, 342043115, 182855474, 22388379, 573033301, 280469546, 356771567, 540276234, 566487774, 389740581]","[217, 93, 93, 186, 186, 186, 93, 186, 93, 93]"
728,9,"[10, 20, 81, 96, 125, 167, 188, 201]",8,0.17587996879592538,0.05598343489691615,0.2718015050049871,"[475954615, 494301129, 414079641, 347263570, 482255584, 350504084, 69616124, 595501936, 99183468, 115428631]","[20, 20, 20, 20, 20, 20, 20, 20, 20, 20]"
729,9,"[20, 82, 125, 167, 188, 210]",6,0.0966650783084333,0.03328439360484481,0.22296009057511887,"[301893573, 292081751, 241496664, 142253742, 164086875, 224748079, 391607797, 44339416, 60572819, 44167068]","[20, 20, 82, 82, 20, 20, 20, 20, 20, 20]"
730,9,"[20, 82, 96, 100, 188]",5,0.06040223827585578,0.03567042015492916,0.24842689447104932,"[309653842, 272283737, 439325336, 479751424, 363920619, 49590174, 349149698, 242861668, 411500962, 459842102]","[96, 188, 20, 20, 20, 96, 96, 96, 188, 96]"
731,9,"[0, 10, 132, 239]",4,0.042083760257810354,0.031160992570221424,0.21365440840600058,"[31094755, 551857572, 274064393, 406387426, 393167668, 121096477, 569018959, 152597265, 569898286, 427658625]","[0, 239, 0, 10, 239, 10, 10, 10, 10, 10]"
732,9,"[61, 77, 85, 180, 228]",5,0.2049390682950616,0.030765567906200886,0.23645191472023724,"[19132216, 224283437, 316276338, 547384795, 409121290, 242123266, 316217329, 206899382, 108568694, 483168469]","[228, 228, 228, 228, 228, 228, 228, 228, 228, 228]"
733,9,"[10, 68, 82, 132, 175, 183, 192, 194, 201]",9,0.17839236557483673,0.07268449431285262,0.25305796655205387,"[185126942, 73453623, 81810707, 205759726, 438930667, 152636530, 265369140, 81610624, 101163698, 526345591]","[68, 68, 175, 68, 68, 68, 175, 68, 192, 183]"
734,9,"[87, 108, 119, 125, 184]",5,0.048024170100688934,0.038248959463089705,0.29089119406417013,"[222732639, 433092664, 295555361, 377380634, 330783269, 492975775, 4018879, 241963157, 5853120, 169074147]","[125, 125, 125, 108, 87, 87, 125, 125, 125, 125]"
735,9,"[10, 18, 77, 81, 164]",5,0.09252592362463474,0.03301655501127243,0.21551697896793484,"[523442272, 469630837, 348413791, 89497066, 35190427, 393431202, 569028283, 160125705, 238500784, 382669929]","[10, 81, 10, 81, 10, 81, 10, 10, 81, 10]"
736,9,"[14, 63, 82, 84, 132, 192, 207]",7,0.08994508208706975,0.048661898355931044,0.22048589267901011,"[203940805, 539889840, 91922461, 435983546, 365822797, 57556452, 37759442, 108797532, 325290475, 528422336]","[84, 84, 14, 14, 84, 84, 192, 14, 14, 14]"
737,9,"[5, 59, 67, 93, 175]",5,0.10291130980476737,0.026839792262762785,0.15258477069437504,"[274967503, 197159784, 223354459, 325094629, 84008816, 569752094, 29507369, 76073665, 533138201, 76001378]","[59, 59, 59, 59, 59, 59, 59, 59, 59, 59]"
738,9,"[207, 233]",2,0.01824119593948126,0.010699052829295397,0.18389692122582346,"[490032805, 530482745, 144147272, 433394339, 100305852, 215237817, 138127504, 517280616, 283048010, 189567998]","[233, 233, 233, 233, 233, 233, 233, 233, 233, 233]"
739,9,"[33, 96, 127, 159, 188, 239]",6,0.13699471857398748,0.10938093904405832,0.34083617113841075,"[169034073, 75519751, 4573991, 58740187, 420560889, 322188794, 211061395, 176796399, 120646180, 11795632]","[96, 96, 96, 96, 96, 33, 96, 188, 96, 33]"
740,9,"[10, 40, 43, 70, 75, 81, 186, 200]",8,0.1450907839462161,0.05233279429376125,0.22602219149121083,"[134034383, 297458372, 211568616, 14653669, 548468718, 277370827, 280318153, 548449562, 42881514, 38741440]","[43, 43, 186, 186, 186, 186, 43, 186, 43, 43]"
741,9,"[2, 52, 67, 133, 141, 193]",6,0.08876197226345539,0.03359841275960207,0.19187109331445149,"[265676713, 390073910, 403296399, 4227885, 196936640, 363947252, 281300524, 351254502, 416223390, 449179114]","[2, 2, 2, 2, 2, 2, 2, 2, 2, 2]"
742,9,"[1, 77, 174, 175, 195, 228]",6,0.24280399410054088,0.03705602744594216,0.16081844766934714,"[328926690, 142841584, 366393788, 82961013, 192539996, 37092921, 210699347, 408813883, 527960810, 422015706]","[195, 195, 195, 195, 195, 195, 195, 175, 195, 228]"
743,9,"[58, 82, 167, 169, 196, 201]",6,0.07743392279371619,0.04964705603197217,0.2733452663136025,"[231721073, 470619063, 464199733, 470658626, 333928270, 204560378, 334065146, 70512822, 231721072, 55356397]","[82, 58, 82, 58, 82, 82, 169, 82, 82, 169]"
744,9,"[1, 10, 82, 146, 169, 196]",6,0.14541312027722597,0.04560758173465729,0.26789673208259046,"[436863779, 69774209, 586714768, 96364514, 370422126, 501670019, 5125714, 200197472, 31494896, 163156777]","[196, 146, 196, 146, 146, 146, 146, 146, 196, 196]"
745,9,"[19, 47, 133, 174, 200, 228]",6,0.15656481590121984,0.03293274715542793,0.1984266173482562,"[129221555, 207471102, 495070446, 51090134, 30262928, 163884444, 297134022, 207045293, 129013726, 63103871]","[19, 228, 19, 174, 174, 19, 174, 19, 228, 228]"
746,9,"[1, 4, 6, 135, 166, 171]",6,0.23124503204599023,0.029924669302999973,0.14292956054365882,"[232624377, 33312517, 146177913, 356326206, 484594305, 381308412, 289828106, 463278358, 356049878, 472638865]","[6, 6, 6, 6, 6, 6, 6, 6, 6, 171]"
747,9,"[20, 68, 70, 84, 167, 192]",6,0.07003965368494391,0.04109700443223119,0.24459350931768617,"[575187413, 199454458, 564932550, 444388261, 157370619, 330475937, 107222643, 35532211, 587392179, 278100019]","[68, 68, 68, 192, 68, 192, 68, 68, 68, 68]"
748,9,"[36, 133, 201]",3,0.039583364967256784,0.024467782117426395,0.28246041014790535,"[127044680, 331992073, 394531784, 190151555, 256078915, 66637549, 436668879, 398841118, 514433967, 398912427]","[133, 133, 133, 133, 133, 133, 133, 133, 133, 133]"
749,9,"[52, 67, 104, 159, 192, 224]",6,0.15598756587132812,0.11465622391551733,0.24405476024063924,"[555807422, 46045003, 588047940, 74666318, 343417206, 555807420, 549181239, 555807419, 136809129, 460900067]","[104, 192, 159, 104, 159, 67, 224, 159, 159, 159]"
750,9,"[37, 70, 82, 84, 131, 132, 175, 222]",8,0.14287147670984268,0.05862952349707484,0.21046808882965706,"[3948191, 94418452, 302611918, 134222644, 302659270, 109372265, 85101691, 469786629, 566169163, 79750627]","[82, 84, 84, 175, 132, 84, 132, 132, 132, 84]"
751,9,"[27, 60, 109, 117, 206]",5,0.05041950847953558,0.031243554316461086,0.24670828762464225,"[186250303, 27545485, 390290954, 76431484, 60578090, 247203506, 450346825, 234466048, 407663598, 126436668]","[117, 117, 117, 117, 117, 27, 117, 117, 117, 117]"
752,9,"[36, 156, 201]",3,0.04066788265481591,0.09228685032576323,0.29324867855757475,"[188276849, 426027857, 446586320, 75409110, 321081448, 289790944, 501628430, 511282565, 73261937, 203027863]","[36, 36, 36, 36, 36, 36, 36, 36, 36, 36]"
753,9,"[167, 201, 217]",3,0.07048058230429888,0.023897284641861916,0.38158788648433983,"[15269684, 477254712, 201963919, 68741689, 465257901, 244398823, 192206802, 50436031, 400060721, 208728230]","[167, 167, 167, 167, 167, 167, 167, 167, 167, 167]"
754,9,"[84, 192]",2,0.03378423769026995,0.01791034685447812,0.37710147036705166,"[15635307, 312724952, 316922452, 15291053, 216946039, 220189977, 456888009, 179484769, 398032705, 113568412]","[192, 192, 192, 192, 192, 192, 192, 192, 192, 84]"
755,9,"[10, 82, 109, 132, 175, 186, 210, 212]",8,0.18989711394533515,0.056898669339716434,0.20977191568817943,"[539696679, 223674121, 223680731, 223700058, 95700958, 226689730, 469179213, 343086355, 36632702, 381829337]","[212, 212, 10, 175, 212, 212, 212, 212, 212, 212]"
756,9,"[1, 14, 32, 194]",4,0.18722814368084073,0.026856047101318836,0.2680942422593944,"[143840965, 507145613, 413826743, 23358153, 498454879, 208889889, 125223810, 505764537, 596226604, 527260722]","[14, 14, 14, 14, 14, 14, 14, 14, 14, 14]"
757,9,"[20, 49, 188, 194]",4,0.07775818137452006,0.025249963626265526,0.235801424481906,"[27740414, 273230502, 328603977, 156101226, 506024414, 158853418, 382395482, 448128169, 179897864, 328608629]","[188, 49, 49, 188, 49, 188, 188, 188, 49, 49]"
758,9,"[48, 215]",2,0.03634684020653367,0.01711024669930339,0.3994164717150852,"[813693, 160416779, 323002308, 409250691, 414800427, 275472747, 172223973, 233627995, 541085700, 300838529]","[215, 215, 215, 215, 215, 215, 215, 215, 215, 215]"
759,9,"[36, 54, 201]",3,0.0421952810138464,0.026458638720214367,0.2933807415732493,"[581598743, 306077794, 204153808, 428247136, 33707675, 412322717, 472399417, 253949050, 175409411, 321251817]","[54, 54, 54, 54, 54, 54, 54, 54, 54, 54]"
760,9,"[8, 70, 126, 133, 166, 224, 231]",7,0.21015307353809476,0.12071669567376375,0.38720754334436996,"[495038674, 9050530, 354277872, 206230060, 183789871, 228997020, 217592047, 331740458, 403651498, 230938517]","[166, 224, 8, 166, 166, 8, 8, 8, 8, 8]"
761,9,"[63, 84, 175]",3,0.08651732327416539,0.01674589468166232,0.16499709462126097,"[182749746, 203684967, 144733671, 214839887, 214909000, 127517746, 123746413, 22329715, 10515147, 420808461]","[63, 63, 63, 63, 63, 63, 63, 63, 63, 63]"
762,9,"[1, 135, 166]",3,0.1759902094490826,0.010355467908084393,0.12835129614298543,"[281576046, 288465784, 284939827, 281576039, 426437149, 352335645, 281576050, 416758914, 334470863, 21962913]","[1, 166, 1, 166, 166, 1, 166, 1, 166, 166]"
763,9,"[32, 60, 209, 239]",4,0.04848964139819145,0.02834392711520195,0.2609983091824688,"[327510496, 525529653, 9337302, 119244369, 158439522, 568282822, 271537006, 42243403, 44025615, 91671325]","[32, 32, 32, 32, 32, 32, 32, 209, 32, 32]"
764,9,"[10, 20, 96, 125, 188]",5,0.05837886733934283,0.03430900955572724,0.30190808437764644,"[470536358, 288475887, 325147796, 525046357, 75074402, 294191025, 76054023, 412365917, 536410322, 149207452]","[125, 125, 125, 125, 20, 20, 125, 125, 125, 20]"
765,9,"[58, 111, 156, 165]",4,0.16053215973079205,0.044676827266812325,0.675477021781262,"[141090441, 449849523, 82211827, 107564364, 450015810, 507668000, 571211820, 87858039, 450279078, 204742016]","[156, 156, 156, 156, 156, 156, 111, 156, 156, 58]"
766,9,"[10, 43, 52, 67]",4,0.11464166408404708,0.021293049212545156,0.18762516760034487,"[334710393, 525776769, 184019416, 587243906, 267276402, 206332309, 125111776, 101462947, 100441336, 229250514]","[10, 10, 67, 67, 67, 67, 67, 67, 67, 67]"
767,9,"[75, 117, 171, 186, 207]",5,0.04044103203341365,0.02997257560491562,0.19236919786781073,"[546916548, 216105455, 126273253, 494551035, 440684662, 590412432, 568139458, 568139461, 568139442, 150391964]","[117, 117, 117, 117, 117, 171, 171, 171, 117, 117]"
768,9,"[167, 169]",2,0.02292550355195999,0.01719972165301442,0.2435192168923095,"[3390687, 90128001, 22114232, 90061036, 394575987, 317157711, 144379617, 405139482, 1984326, 447911212]","[167, 167, 167, 167, 167, 167, 167, 167, 167, 167]"
769,9,"[4, 30, 79, 109, 146, 240, 241]",7,0.14449791610240936,0.04295157175511122,0.23920520701046502,"[469906838, 396702417, 439483464, 151244184, 65622397, 255663517, 335714306, 597297607, 15813981, 317363390]","[146, 240, 109, 79, 109, 79, 79, 146, 79, 146]"
770,9,"[6, 21, 57, 123, 133, 224]",6,0.1344650760293007,0.038150335662066936,0.28312591936749715,"[145195018, 160871623, 369284107, 309803570, 264074098, 372949320, 119994880, 584567699, 196903356, 9789192]","[21, 57, 57, 21, 21, 57, 21, 57, 21, 57]"
771,9,"[20, 43, 54, 70, 188, 241]",6,0.11930853221565485,0.029446909204125404,0.15945013670716435,"[226999641, 416173179, 302932857, 303558475, 69191403, 430068002, 197982629, 383480050, 519248949, 284964658]","[241, 241, 241, 241, 241, 188, 241, 241, 188, 241]"
772,9,"[10, 20, 82, 100, 175]",5,0.11557734804227948,0.03429883113130927,0.2158324107993394,"[404794810, 31058126, 368163645, 543943816, 289391580, 123406386, 344616162, 5659064, 153521110, 179136675]","[82, 175, 82, 82, 82, 82, 82, 82, 82, 82]"
773,9,"[10, 81, 164, 239]",4,0.05633540218695998,0.09345885505899787,0.26174155477201566,"[195173222, 492751080, 457281331, 205233105, 441811088, 567329472, 288187214, 181493268, 588766771, 546832322]","[239, 81, 164, 81, 10, 164, 81, 164, 164, 81]"
774,9,"[84, 159, 192]",3,0.05904501490294933,0.021092184353619814,0.28740676880503696,"[448226931, 309062199, 81832684, 123840197, 220335724, 566284036, 556173834, 123840205, 389361889, 288329360]","[84, 84, 84, 84, 84, 159, 84, 84, 192, 192]"
775,9,"[25, 37, 67, 70, 82, 125, 132, 188]",8,0.08705463539808989,0.05898463074117899,0.26101054303580895,"[330627045, 265841295, 73569392, 199407146, 573434301, 405632910, 375079372, 395936086, 453158499, 157815637]","[37, 70, 125, 37, 67, 188, 67, 67, 37, 188]"
776,9,"[57, 112, 152, 222]",4,0.0556038822978735,0.02990018855780363,0.3122176284668967,"[231446595, 253762950, 168448379, 300484739, 519505046, 117280640, 43075240, 95492765, 236212957, 560816635]","[57, 57, 57, 222, 57, 57, 57, 57, 57, 57]"
777,9,"[1, 4, 6, 99, 168, 233]",6,0.19108044868335128,0.037207131274044514,0.23990407939224193,"[315366675, 271957382, 220611533, 59536898, 276386751, 244982098, 133962900, 45318251, 333885212, 159983187]","[6, 233, 6, 6, 6, 6, 6, 6, 6, 6]"
778,9,"[1, 135, 166]",3,0.1745331473648548,0.010409803595393896,0.12835129614298543,"[361527157, 68971592, 37715489, 134414390, 472060781, 319229323, 223113900, 78162269, 581028629, 361548506]","[166, 166, 166, 166, 166, 166, 166, 166, 166, 166]"
779,9,"[1, 166, 233]",3,0.1689107227139175,0.014822015073150396,0.1957314146372179,"[73062366, 50402763, 513912888, 50429658, 41559533, 29858437, 448305655, 384486365, 580441216, 50402761]","[166, 166, 233, 166, 166, 166, 166, 166, 166, 166]"
780,9,"[10, 20, 70, 96, 188, 194]",6,0.07798051880672574,0.04338751081377268,0.2764030729498093,"[435849178, 388387883, 86556513, 477879499, 478691689, 405803203, 65269459, 550074616, 311626331, 8159737]","[188, 188, 188, 188, 188, 188, 188, 96, 10, 10]"
781,9,[235],1,0.009588648099452257,0.005387062672525644,0.1912327699828893,"[77482733, 198733262, 61417956, 46651786, 508566343, 112442356, 64881757, 394298191, 284569134, 390092863]","[235, 235, 235, 235, 235, 235, 235, 235, 235, 235]"
782,9,"[96, 112, 125, 188]",4,0.09080063598230481,0.10384395625442266,0.38360589486546814,"[94564213, 534350521, 441905717, 90969118, 338303698, 170393771, 482155500, 240981454, 877821, 353093644]","[125, 96, 188, 96, 96, 125, 125, 96, 125, 125]"
783,9,"[57, 107, 178]",3,0.03377217287197709,0.020553654991090298,0.23456843298239013,"[590185192, 280384104, 248741750, 248733473, 117598454, 84329985, 196631016, 84329999, 374802457, 84329986]","[107, 107, 107, 107, 107, 107, 107, 107, 107, 107]"
784,9,"[25, 210]",2,0.06505902390927076,0.010626092087477446,0.1872433553216979,"[199166211, 415614426, 459227806, 417355448, 337111750, 466184102, 328192286, 392927095, 265397071, 464121153]","[25, 25, 25, 25, 25, 25, 25, 25, 25, 25]"
785,9,"[5, 10, 239, 242]",4,0.04236155468970537,0.028334678150713444,0.2254901088308543,"[156315290, 479594550, 120395787, 286274216, 132539877, 197754825, 544418098, 385546444, 39189654, 293081936]","[242, 242, 242, 242, 5, 242, 5, 242, 5, 5]"
786,9,"[45, 84, 112, 184, 192]",5,0.07192164473235607,0.0399499274790287,0.3135695130564272,"[551214505, 475566736, 234480471, 463874190, 423901142, 432890679, 358464511, 542646214, 498712020, 442806014]","[84, 45, 45, 45, 192, 45, 84, 84, 84, 84]"
787,9,"[77, 85, 146, 228]",4,0.09993686620146036,0.08504720497876406,0.16641415731282905,"[229540847, 438010534, 251994508, 359901671, 299128860, 343763961, 388016414, 309186511, 324927328, 479985893]","[228, 77, 77, 228, 77, 77, 77, 77, 77, 77]"
788,9,"[49, 60, 82, 100, 106, 109, 146, 165, 166]",9,0.23193876538425684,0.07209735782817006,0.3614210479168428,"[135562875, 337019839, 74919655, 316793540, 278535879, 534085834, 142137900, 254145330, 558254395, 598267480]","[146, 165, 109, 109, 166, 109, 165, 146, 165, 109]"
789,9,"[10, 60, 159, 174, 228, 241]",6,0.0731663228943944,0.03233127063140273,0.1676634393321971,"[79828631, 538843180, 236530606, 408116495, 61417080, 468789836, 316854552, 298421533, 306000602, 161068689]","[174, 60, 228, 241, 159, 159, 228, 159, 174, 174]"
790,9,"[30, 126, 183, 184, 215, 217, 224, 230]",8,0.18852677289396524,0.1415440160781145,0.5590396334882826,"[599221685, 380698481, 512991142, 262815169, 177122931, 315444936, 61356790, 247507137, 362171906, 247503072]","[215, 215, 215, 183, 183, 215, 215, 215, 183, 215]"
791,9,"[63, 93, 159, 175, 194, 241]",6,0.13785737799480557,0.03149878652766347,0.18194115123090646,"[515338290, 420319802, 386407030, 373547993, 219903309, 396495284, 14249969, 41155208, 406201889, 396530260]","[93, 93, 63, 93, 159, 93, 93, 93, 93, 93]"
792,9,"[64, 68, 184]",3,0.023521346040070057,0.015217377338558435,0.1531976527379205,"[84427599, 405761428, 9831061, 518940904, 122518687, 13377183, 525393269, 269433434, 406743992, 9938394]","[64, 64, 64, 64, 64, 64, 64, 64, 64, 64]"
793,9,"[1, 6, 61, 77, 123, 228]",6,0.13503048568964005,0.09818684356287122,0.23651687890135994,"[440358999, 88132546, 569026839, 359211126, 496448534, 510056176, 181890903, 229322265, 510057177, 260064345]","[6, 6, 6, 6, 6, 228, 228, 6, 228, 6]"
794,9,"[54, 188, 201, 241]",4,0.06758632976561785,0.021479323040694,0.1704652444459498,"[297506843, 283199221, 218177474, 7409874, 164077483, 122663595, 19143560, 525727878, 351768791, 111965754]","[54, 241, 241, 54, 241, 241, 241, 201, 54, 241]"
795,9,"[4, 70, 82, 192]",4,0.0530778868123889,0.029454395174980164,0.28138845454668626,"[357626915, 7668981, 228603212, 287942832, 492746512, 377277065, 139212702, 76689036, 228617234, 181428961]","[4, 4, 192, 192, 192, 4, 192, 192, 4, 192]"
796,9,"[45, 192, 215, 235]",4,0.06587509158998728,0.032382470555603504,0.3610710804350674,"[333331633, 461496564, 369104080, 143580053, 81566344, 422515946, 458830747, 343364802, 138351033, 7319301]","[235, 235, 235, 235, 235, 235, 235, 235, 235, 235]"
797,9,"[25, 107, 133, 159, 184]",5,0.05074776476249099,0.031029826495796442,0.20803633285686374,"[282975484, 113313962, 439578988, 388865837, 526192199, 113313963, 127950716, 483516645, 48842498, 208133910]","[107, 107, 107, 107, 107, 107, 107, 107, 107, 107]"
798,9,"[47, 159, 172, 174]",4,0.191695106215775,0.020938104018568993,0.1743756975629367,"[433323913, 481175924, 168133538, 215456178, 387115136, 463583639, 466143566, 96347394, 415628246, 484251347]","[47, 47, 47, 47, 47, 47, 47, 47, 47, 47]"
799,9,"[32, 60, 93, 239, 240]",5,0.05120181664824486,0.03227222990244627,0.2032377618830651,"[351245664, 376513868, 20055048, 128344438, 430434285, 361801532, 392515992, 78398179, 478066324, 345782426]","[240, 240, 240, 240, 240, 32, 240, 32, 240, 240]"
800,9,"[70, 184, 216]",3,0.036727321334183216,0.020994904451072216,0.26506098445194465,"[482762040, 342908927, 471471192, 208076775, 590667230, 452179715, 561176458, 561001039, 492678241, 555030244]","[184, 184, 216, 184, 184, 184, 184, 184, 184, 184]"
801,9,"[70, 159, 175, 184, 192, 194]",6,0.1394217680208385,0.043099476490169764,0.2888101712257291,"[434873979, 74849049, 252551665, 165673250, 540392497, 238382615, 392853422, 30711889, 207284322, 153004280]","[175, 159, 175, 192, 192, 175, 159, 159, 192, 184]"
802,9,"[39, 88, 112, 166, 175, 241]",6,0.25624545803293586,0.04418114572763443,0.24227798349844912,"[276874975, 223842080, 218150909, 159276580, 27514283, 86049469, 217959492, 277335741, 48580527, 223842073]","[166, 166, 166, 166, 166, 166, 166, 166, 166, 166]"
803,9,"[10, 81, 132]",3,0.032752169761806726,0.025225417222827673,0.22242236323654652,"[288841758, 432090101, 568673377, 250940003, 109638855, 585638962, 215369858, 432090100, 591554237, 332506833]","[81, 81, 81, 81, 81, 81, 81, 81, 81, 81]"
804,9,"[54, 125, 128, 188, 242]",5,0.053903969936072826,0.033054057508707047,0.27788201784715055,"[440242907, 394982529, 78528402, 171973685, 440354113, 241278131, 151125495, 205221623, 495700025, 426880420]","[242, 54, 242, 188, 242, 242, 188, 188, 125, 188]"
805,9,"[46, 59, 193, 222]",4,0.06542226020246744,0.019054927863180637,0.16267984046135098,"[492617663, 306929603, 579380135, 551047924, 21129175, 295071862, 344845480, 10780220, 123270891, 266610220]","[46, 46, 46, 46, 59, 222, 46, 46, 46, 46]"
806,9,"[20, 61, 70, 77, 82, 132, 175, 194]",8,0.14458118146285415,0.062304258812218904,0.20392597976024263,"[525363080, 130857160, 189485965, 412544761, 79439685, 223020241, 223020242, 455461316, 470316812, 63318695]","[77, 194, 77, 194, 77, 77, 77, 77, 194, 70]"
807,9,"[20, 72, 100, 109]",4,0.049129391089081764,0.030664192978292704,0.25641647865995765,"[545821299, 423700160, 253442550, 84473634, 241796868, 386501070, 377202087, 295322085, 382697236, 518514308]","[20, 100, 100, 72, 100, 109, 20, 100, 20, 20]"
808,9,"[43, 224]",2,0.0697213807143271,0.009725607931613922,0.20217485667672008,"[471538335, 454252821, 378813124, 561549556, 377725690, 19795167, 320167445, 385974109, 407454810, 23156939]","[43, 43, 43, 43, 43, 43, 43, 43, 43, 43]"
809,9,"[6, 42, 60, 76, 91, 109, 214, 224]",8,0.1344572682864964,0.05470611620694399,0.2516798705619294,"[414841139, 253478887, 48483834, 4919323, 384700828, 519154480, 479763995, 422341806, 49089844, 493350499]","[6, 224, 6, 76, 76, 6, 76, 224, 109, 76]"
810,9,"[36, 54, 201]",3,0.04118810873478651,0.023486912716180086,0.2933807415732493,"[569747888, 343843896, 397365936, 569747913, 7778957, 32747278, 127070054, 581475779, 419761138, 581475783]","[54, 54, 54, 54, 201, 54, 54, 54, 54, 201]"
811,9,"[60, 183, 184, 194, 239]",5,0.1013123607262969,0.09888703841716051,0.24952343781478703,"[482772616, 238910541, 222283007, 329488606, 73150447, 33453582, 585442522, 226388605, 187526624, 538834505]","[183, 184, 184, 184, 183, 60, 239, 184, 194, 184]"
812,9,[32],1,0.01249589305371046,0.007346430793404579,0.26489841123111546,"[433487277, 447995370, 415492035, 584409108, 383510698, 450072464, 539202498, 12961426, 527474121, 168502178]","[32, 32, 32, 32, 32, 32, 32, 32, 32, 32]"
813,9,"[10, 36, 54, 169, 201]",5,0.06613026093691587,0.044330073054879904,0.28172254473902286,"[325920311, 512099405, 93108396, 452673403, 537890579, 190182926, 228268366, 568821148, 356231323, 558402661]","[54, 54, 54, 10, 54, 201, 201, 201, 54, 36]"
814,9,"[4, 37, 40, 94, 109, 214]",6,0.09153804741799831,0.05281625362113118,0.340181664020444,"[72904289, 502655213, 340599533, 354551477, 169184272, 199308255, 378118468, 375737111, 404614755, 302848840]","[40, 94, 40, 40, 40, 40, 40, 40, 40, 40]"
815,9,"[8, 21, 40, 87, 126, 224, 239]",7,0.16165440622717142,0.12340211775153875,0.3897989382634738,"[302031604, 326813122, 390012618, 324619110, 474359876, 216636105, 435329890, 420258864, 463749221, 355845560]","[87, 87, 87, 87, 87, 87, 21, 21, 224, 224]"
816,9,"[118, 159, 174, 240]",4,0.03666658699512482,0.022696383763104677,0.26086471992312,"[456601074, 117369514, 499615542, 75653653, 48979196, 48975547, 190097047, 174666670, 48986741, 591154113]","[174, 174, 174, 174, 174, 174, 174, 174, 174, 174]"
817,9,"[84, 192]",2,0.033945102244615555,0.01736253686249256,0.37710147036705166,"[189756710, 546620521, 141747554, 535394321, 78131193, 69964102, 501852105, 297618934, 536687610, 141747543]","[84, 192, 84, 84, 84, 84, 192, 192, 84, 84]"
818,9,"[22, 105]",2,0.024750567972660065,0.01468524569645524,0.2498862089123577,"[325937048, 71571922, 162773863, 160983765, 222803614, 245169167, 535325205, 345784330, 307655073, 269633147]","[22, 22, 22, 22, 105, 22, 22, 105, 105, 22]"
819,9,"[61, 166]",2,0.08584752818569541,0.009050758089870214,0.16906245157588273,"[363502546, 370309140, 43217211, 260118514, 169104147, 87392741, 436027833, 274526481, 138697469, 457932193]","[166, 166, 166, 166, 166, 166, 166, 166, 166, 166]"
820,9,"[59, 133, 210]",3,0.06947021186351776,0.01394940260797739,0.15876782103441656,"[184527710, 542193105, 542193095, 265708503, 203932097, 204891568, 99900872, 460459031, 124735734, 423985848]","[59, 59, 59, 59, 59, 59, 59, 59, 59, 59]"
821,9,"[38, 112, 178]",3,0.11070983903482556,0.021392345894128084,0.2622443375488122,"[518903693, 239028560, 350157917, 176533017, 416319116, 133608144, 401719245, 443063391, 198903004, 193216966]","[178, 38, 38, 178, 38, 178, 178, 178, 38, 38]"
822,9,"[20, 33, 96, 125, 188]",5,0.11877745855599642,0.030662591103464365,0.2831299983430654,"[435953124, 461552910, 133784506, 6711057, 204458540, 285290085, 239405223, 204484192, 7508107, 412583065]","[96, 96, 96, 20, 125, 96, 20, 20, 96, 96]"
823,9,"[1, 19, 59, 107, 228]",5,0.11480364948511124,0.026633007917553186,0.1739252434577793,"[123211615, 122960842, 199144490, 251115261, 159061239, 388968961, 122861131, 123211614, 548933798, 17605742]","[228, 228, 228, 228, 19, 19, 19, 228, 19, 19]"
824,9,"[112, 129, 183, 184]",4,0.04455570597201586,0.02612302266061306,0.24304492177907377,"[406116702, 469393381, 333280719, 19492396, 508876997, 392125912, 321232038, 155789864, 306471134, 392381230]","[183, 183, 183, 183, 129, 183, 183, 183, 183, 129]"
825,9,"[85, 96, 188, 211]",4,0.12692053196951747,0.022081756964325905,0.21959204238373786,"[373655150, 546767913, 91023937, 389585265, 191239138, 249506230, 198741429, 572202631, 375374551, 500710698]","[211, 85, 188, 85, 188, 211, 85, 85, 188, 211]"
826,9,"[33, 49, 96, 128, 188]",5,0.17497698962688446,0.02942748460918665,0.21497463807463646,"[327507300, 399547913, 54730020, 195738853, 340742549, 417561360, 236646993, 187344130, 212691039, 585822304]","[96, 96, 96, 188, 188, 188, 96, 96, 188, 96]"
827,9,"[14, 45, 81, 112, 174, 211]",6,0.06731429882347584,0.0390014429576695,0.22810169872051725,"[229673572, 358879525, 229641248, 298085533, 69720361, 448647024, 358879526, 120737367, 336786974, 573608225]","[45, 45, 45, 45, 45, 45, 45, 45, 45, 174]"
828,9,"[47, 118, 174]",3,0.09046914661303163,0.017259559594094753,0.31762247043661773,"[113927593, 216752100, 443458963, 599937149, 216845487, 27087399, 538193308, 27087371, 350172041, 535506434]","[118, 118, 118, 118, 174, 118, 118, 118, 118, 118]"
829,9,"[20, 58, 96, 167, 181, 188, 201, 211, 241]",9,0.20709549076855183,0.05603476241230965,0.19638955515498915,"[276824263, 480784048, 223074803, 127939529, 508643876, 584665657, 223049251, 296559762, 421815662, 496120715]","[241, 241, 188, 188, 188, 241, 188, 241, 241, 241]"
830,9,"[20, 125, 128, 188]",4,0.035770037211477757,0.022685247473418713,0.24997545522637665,"[441647516, 381829899, 438982471, 367323591, 394992300, 412646774, 467448389, 376998627, 200074547, 399350441]","[20, 20, 20, 20, 20, 188, 20, 20, 20, 20]"
831,9,"[6, 39, 49, 61, 77, 88, 100]",7,0.08097589202225208,0.047964266035705805,0.23905112644258356,"[391680199, 154365432, 293991738, 317663040, 379528431, 251211725, 184879726, 57907694, 278763883, 585055068]","[6, 6, 6, 49, 6, 100, 100, 6, 49, 100]"
832,9,"[48, 65, 102, 106, 126, 169, 184, 215]",8,0.21104578161612153,0.07227675104513764,0.46767619406455196,"[482782679, 523319676, 418897785, 230978568, 30780723, 563580602, 88294923, 557832608, 306690297, 90286770]","[102, 215, 215, 102, 48, 215, 102, 102, 102, 48]"
833,9,"[48, 126, 184]",3,0.05189954349771142,0.025912011973559856,0.6637748815119267,"[184550281, 499907814, 364229217, 489438597, 455690861, 118719336, 586721881, 52058820, 329996138, 356597521]","[48, 184, 48, 184, 184, 48, 184, 184, 48, 48]"
834,9,"[88, 168, 169, 196]",4,0.06993283657357097,0.03693180484697223,0.39798096974845976,"[434542501, 217125674, 286338671, 95975796, 571534275, 489000797, 491729954, 230364669, 71618190, 66595233]","[168, 88, 196, 196, 196, 196, 88, 196, 88, 168]"
835,9,"[20, 58, 128, 188]",4,0.03394625382497907,0.025279497727751732,0.1631406128872186,"[259408569, 540749770, 21827134, 236055833, 368893459, 280808789, 228982019, 581076009, 236055832, 580940482]","[188, 188, 188, 188, 188, 128, 188, 188, 188, 188]"
836,9,"[39, 58, 60, 77, 112, 200, 209, 239]",8,0.13891363702714443,0.06035717995837331,0.28075046962476335,"[298789801, 258421174, 553396528, 114620244, 171712547, 34382883, 245418497, 178423799, 168421917, 383385770]","[39, 39, 39, 58, 39, 39, 60, 200, 77, 39]"
837,9,"[0, 64, 183, 184, 194]",5,0.06314403982833028,0.0955577758140862,0.22086554164998234,"[350013298, 398947805, 134561125, 438120839, 365244165, 332085164, 470580410, 216670285, 74696040, 352183666]","[64, 184, 64, 184, 184, 64, 183, 64, 183, 64]"
838,9,"[14, 43, 64, 141, 210]",5,0.1319810338318348,0.022550109308212996,0.1429364460054785,"[590357826, 219437928, 24570460, 187123607, 187179861, 118783712, 175462001, 367528210, 527438754, 24570459]","[64, 64, 64, 64, 64, 64, 64, 64, 64, 64]"
839,9,"[20, 33, 70, 125]",4,0.10300430376082659,0.023235104978084564,0.269865395326633,"[138366709, 266734567, 313988359, 484722634, 561258797, 482250680, 297219429, 198235008, 47680120, 482254926]","[20, 20, 20, 20, 20, 20, 20, 20, 20, 20]"
840,9,"[54, 201]",2,0.022827486973255873,0.01459452509880066,0.24122132372576743,"[261381281, 92937991, 441340568, 138868983, 359977576, 144662308, 359972516, 456298196, 478786710, 62231018]","[54, 201, 54, 201, 54, 54, 54, 54, 54, 54]"
841,9,"[8, 10, 60, 97, 106, 128, 239]",7,0.18427242105826735,0.11526265647262335,0.2740706365688571,"[43171719, 36112880, 528130805, 514453858, 514897301, 246305164, 589532118, 205521338, 348669979, 492680714]","[128, 8, 60, 8, 128, 8, 128, 8, 8, 8]"
842,9,"[118, 174, 211]",3,0.03109155409038067,0.018181964289397,0.3051138291290651,"[319561564, 144194592, 78827321, 258887673, 60909584, 35313378, 35176189, 421958143, 61757192, 269026244]","[211, 211, 174, 118, 174, 174, 211, 174, 174, 174]"
843,9,"[10, 49, 60, 128, 188]",5,0.04669763660058379,0.0297313891351223,0.18809986477717758,"[100058525, 430366583, 430489606, 42891670, 578026516, 301447604, 533552145, 320509271, 16580535, 482635667]","[188, 128, 60, 49, 128, 60, 49, 60, 49, 128]"
844,9,"[2, 38, 77, 112, 185]",5,0.0545888040214777,0.041936751920729876,0.22079826127737762,"[240275954, 69367354, 240256613, 386763457, 372667634, 204986736, 520999896, 515961481, 410461663, 16942749]","[38, 38, 38, 38, 38, 38, 38, 2, 38, 38]"
845,9,"[33, 96, 188]",3,0.1302347220480442,0.09192339330911636,0.24182891442130008,"[210911512, 151739648, 532212276, 431430781, 403088872, 515245053, 476733758, 321503904, 144633686, 298957956]","[96, 96, 96, 96, 188, 96, 188, 96, 96, 96]"
846,9,[76],1,0.009155749808996916,0.006095706019550562,0.2089697914198041,"[176896948, 113103367, 378506052, 428254010, 499747030, 131341583, 91486397, 176835666, 275719177, 134344943]","[76, 76, 76, 76, 76, 76, 76, 76, 76, 76]"
847,9,"[39, 82, 100, 188]",4,0.05593085894361138,0.031047490425407887,0.29787349654361606,"[211478103, 5266807, 211464483, 395902506, 186844356, 436410532, 132540708, 432528360, 577844901, 132475661]","[82, 82, 82, 82, 82, 82, 39, 82, 82, 82]"
848,9,"[54, 167, 188, 201]",4,0.040672043804079294,0.025844555348157883,0.21035081357695162,"[175512374, 19555780, 199477483, 149086318, 19579651, 19582121, 45690194, 284388133, 19573617, 439081007]","[201, 201, 201, 54, 201, 201, 201, 201, 201, 201]"
849,9,"[39, 111, 125, 194, 213]",5,0.11750026885420084,0.05339158372953534,0.597148300614208,"[269323863, 356377308, 482724413, 406584301, 338490120, 112406467, 564218028, 320965521, 440179878, 59267859]","[39, 194, 39, 111, 39, 39, 213, 39, 39, 39]"
850,9,"[20, 36, 54]",3,0.03824700927361846,0.024687431287020445,0.2676178147861113,"[352071651, 113992217, 415740214, 409480815, 421371089, 183599496, 350994816, 358085096, 379598716, 580922513]","[54, 54, 54, 54, 36, 36, 54, 54, 54, 54]"
851,9,"[54, 201]",2,0.046133922412991524,0.01461324654519558,0.24122132372576743,"[87493762, 188328316, 11248292, 505651515, 230403360, 593930927, 275818250, 75521041, 383458269, 447140516]","[201, 201, 201, 54, 201, 54, 54, 201, 201, 201]"
852,9,"[57, 134]",2,0.1248662187717855,0.015934114810079336,0.21924550377298146,"[37811016, 473504460, 582813404, 215820939, 473482680, 285265932, 324368555, 562094452, 562100179, 217631526]","[57, 57, 57, 57, 57, 57, 57, 57, 57, 57]"
853,9,"[26, 88, 89, 108, 132, 194, 213]",7,0.13683836301788688,0.05732084810733795,0.31256687424943913,"[209157692, 481581017, 30639405, 550623510, 575695854, 167656863, 536650870, 430690500, 579563702, 502865049]","[132, 132, 89, 132, 132, 132, 132, 132, 132, 108]"
854,9,"[45, 112, 126, 175, 192, 235]",6,0.1594853401184082,0.04925038293004036,0.49998292870198685,"[298557429, 264837653, 346482625, 224958773, 366603740, 452451777, 296866940, 21597522, 496570570, 489705654]","[45, 45, 45, 45, 45, 45, 45, 45, 45, 45]"
855,9,"[61, 64, 111, 164, 184]",5,0.08921000408008695,0.09919536020606756,0.31478408742696046,"[13500227, 558483892, 238138424, 20101791, 243640497, 473190041, 13415872, 20101788, 238474670, 282175107]","[184, 64, 184, 184, 184, 184, 184, 184, 184, 184]"
856,9,"[36, 54, 201]",3,0.041430062148720026,0.024345637764781713,0.2933807415732493,"[271924014, 43398037, 503788850, 260585669, 474652244, 455925797, 215918210, 146973603, 486569386, 395348698]","[54, 54, 54, 54, 36, 54, 54, 36, 54, 54]"
857,9,"[10, 49, 82, 100, 132, 169, 188]",7,0.07714486587792635,0.054908805526793,0.22526188304514758,"[229680037, 350118152, 143067917, 121380790, 555275542, 220798813, 122609349, 284881445, 157855667, 491154634]","[10, 10, 188, 10, 10, 100, 10, 169, 82, 49]"
858,9,"[18, 67, 112, 159, 174, 175, 194]",7,0.16614863136783242,0.04579942487180233,0.2440454070456326,"[581331342, 517645098, 429446346, 258776256, 321572892, 138985792, 11087266, 284877871, 287624253, 284880002]","[175, 175, 174, 159, 174, 67, 175, 175, 159, 175]"
859,9,"[20, 36, 54, 188, 201]",5,0.06633016420528293,0.09386282507330179,0.23218984911218285,"[527568896, 396105967, 332602224, 318367759, 527670657, 564144967, 527568903, 68482796, 593165598, 172878912]","[54, 54, 54, 54, 54, 54, 54, 54, 36, 54]"
860,9,"[4, 10, 79, 82, 169, 196, 222]",7,0.12210943968966603,0.04869908280670643,0.2511650951180075,"[270006756, 267260077, 83315250, 460294119, 261798863, 535020661, 85204503, 407983205, 545248450, 197226959]","[169, 169, 196, 169, 196, 169, 169, 196, 169, 196]"
861,9,"[6, 109, 171]",3,0.029529596213251352,0.02214774116873741,0.19801879084358612,"[541869874, 387580617, 512795844, 10625348, 425468283, 101572055, 85862371, 62124119, 439909254, 584974950]","[171, 171, 171, 171, 171, 171, 171, 171, 171, 171]"
862,9,"[39, 82, 100, 194]",4,0.06903241807594895,0.03628373658284545,0.3799048721557483,"[172670960, 153869902, 384615804, 363362129, 464755881, 83369202, 226483912, 462875104, 83051258, 576449556]","[39, 100, 82, 82, 39, 39, 82, 82, 100, 100]"
863,9,"[27, 32, 117]",3,0.06132633564993739,0.02761880401521921,0.2872617611816774,"[419712632, 165915394, 316566842, 147136187, 224548655, 583929514, 181293187, 328080161, 524619701, 193084922]","[27, 32, 27, 32, 27, 117, 32, 32, 32, 32]"
864,9,"[111, 125, 156, 165, 194]",5,0.1596540128812194,0.0506215556524694,0.7049371217843146,"[64154372, 265249519, 436371389, 348268592, 138290075, 330579822, 288393933, 52514966, 592062878, 214087759]","[111, 125, 111, 165, 111, 194, 111, 194, 111, 125]"
865,9,"[0, 70, 96, 110, 112, 125, 194]",7,0.10401189140975475,0.05411958787590265,0.35047667540077654,"[512035625, 188503112, 156749422, 202541021, 330189816, 146102195, 567731440, 476184840, 76200921, 261534080]","[96, 110, 110, 110, 110, 125, 194, 110, 96, 110]"
866,9,"[46, 59, 210, 228]",4,0.07735920371487737,0.01859425427392125,0.15285426302580163,"[550000252, 289896117, 595905226, 260324608, 162598762, 263950507, 597616509, 370125796, 129581804, 305567628]","[46, 228, 228, 46, 46, 46, 228, 46, 228, 46]"
867,9,"[106, 193, 242]",3,0.1550413859076798,0.020342997275292873,0.2060118302082022,"[161598115, 117989128, 437006189, 246060818, 159724401, 386869424, 43592648, 267250216, 296641421, 199795710]","[106, 242, 242, 242, 242, 242, 242, 242, 242, 242]"
868,9,"[47, 77, 174, 175]",4,0.15259388694539666,0.01908059185370803,0.16409714258043095,"[356500865, 489478009, 477060509, 477504394, 306310881, 402340401, 375257844, 328054079, 28284158, 374035296]","[47, 47, 47, 47, 47, 47, 77, 47, 175, 47]"
869,9,"[0, 5, 10]",3,0.029818555805832148,0.019681107252836227,0.1917142722134789,"[262321495, 481457656, 291492315, 346847059, 501419107, 439176866, 20292761, 563902705, 20835328, 89001565]","[5, 10, 5, 5, 5, 10, 5, 5, 5, 10]"
870,9,"[5, 10, 59, 174, 175, 236]",6,0.1274493644014001,0.03101401962339878,0.15426079207099974,"[288861073, 112508320, 587371681, 207108803, 542011205, 572656932, 460394659, 127178052, 421203300, 331293525]","[59, 59, 59, 5, 59, 10, 5, 5, 5, 59]"
871,9,"[1, 166]",2,0.16997210355475545,0.008103234227746725,0.16735376347787678,"[525197836, 148862207, 13098477, 285403932, 180888613, 379452575, 41409768, 191399531, 119423179, 424968097]","[1, 1, 1, 1, 1, 1, 1, 1, 1, 1]"
872,9,"[70, 84, 175, 192]",4,0.1807517008855939,0.02921605808660388,0.28363909816835076,"[503266532, 323826808, 579038074, 153428687, 242533111, 293544847, 503042545, 183129781, 70176803, 123127955]","[175, 70, 84, 70, 84, 175, 175, 70, 84, 84]"
873,9,"[45, 112, 126, 184, 192, 215, 235]",7,0.11977579724043608,0.05876575130969286,0.5038867739827505,"[273977532, 298455624, 419061305, 176264525, 386174826, 340258199, 4051731, 553283219, 561138415, 145837704]","[235, 235, 235, 235, 235, 45, 235, 235, 215, 45]"
874,9,"[1, 82, 146, 168, 196]",5,0.16192643670365214,0.037802719976752996,0.3336595973931253,"[212902331, 58828972, 145494845, 324647310, 231852001, 552677393, 311464989, 565693411, 541687158, 183843905]","[146, 196, 168, 146, 196, 168, 168, 196, 168, 168]"
875,9,"[10, 49, 58, 82, 100, 188, 241]",7,0.10007213149219751,0.11023364448919892,0.19873304791482432,"[574593890, 302511946, 230069100, 17749590, 189220285, 533975613, 538794706, 115173751, 254320658, 345913347]","[49, 49, 100, 49, 49, 49, 49, 49, 49, 10]"
876,9,"[20, 45, 82, 188, 221, 235]",6,0.055900330655276775,0.0344766560010612,0.18669705473197004,"[205858235, 205858234, 205817011, 408203787, 128903282, 206144307, 26813258, 521497153, 205833512, 378493840]","[235, 45, 235, 235, 45, 45, 235, 235, 45, 235]"
877,9,"[20, 72, 82, 87, 125, 192]",6,0.07189303869381547,0.040122055914252996,0.30046925507485867,"[178872551, 419754496, 144399593, 54423710, 599668128, 505811844, 368660534, 559327687, 108818957, 305147460]","[20, 20, 20, 82, 20, 20, 192, 20, 192, 20]"
878,9,"[4, 63, 70, 84, 175, 192, 216]",7,0.21614336920902133,0.056724237743765116,0.25851903489923905,"[165387938, 430039082, 369650236, 33690114, 531178403, 400923749, 344236076, 353633245, 340118914, 58992407]","[84, 84, 4, 175, 63, 192, 63, 63, 63, 84]"
879,9,"[84, 104, 192, 240]",4,0.10194033151492476,0.026423951145261526,0.2613559003220871,"[303703297, 328420, 344622214, 221191152, 426778940, 488920870, 274663530, 92739215, 406923233, 103721562]","[84, 84, 84, 192, 192, 84, 84, 192, 84, 84]"
880,9,"[64, 141, 184, 215]",4,0.04487948678433895,0.025050759315490723,0.24881532130530104,"[96447137, 88492235, 352092256, 18510270, 196778869, 392540250, 98400942, 255944491, 593395079, 252349756]","[64, 141, 64, 141, 215, 64, 64, 141, 215, 141]"
881,9,"[96, 188]",2,0.027108082082122564,0.013736568856984377,0.28314857569057494,"[277389016, 396026171, 240443054, 510801508, 579045419, 539811668, 598319225, 79050214, 197603707, 285433142]","[188, 188, 188, 188, 188, 188, 188, 188, 188, 188]"
882,9,"[4, 79, 93, 108, 146, 148, 221]",7,0.12953410996124148,0.03879593778401613,0.18534161453135312,"[159470493, 269128707, 269067563, 216262394, 232451164, 198572032, 130731577, 216262397, 544257359, 373779309]","[79, 79, 79, 79, 79, 79, 79, 79, 146, 79]"
883,9,"[61, 70, 184]",3,0.03381940582767129,0.08325813990086317,0.200140981702134,"[450545184, 240566049, 481356550, 380130755, 534974293, 188972473, 318413067, 525425843, 223772122, 567290634]","[184, 184, 184, 184, 184, 184, 184, 184, 70, 184]"
884,9,"[10, 20, 89, 188]",4,0.0684138871729374,0.02294963225722313,0.15563493192894384,"[65327380, 425670491, 583864659, 65327381, 368182769, 563539717, 233808705, 393376117, 367435614, 233928470]","[89, 20, 188, 20, 20, 20, 20, 20, 188, 20]"
885,9,"[38, 91, 92, 127, 159, 239]",6,0.10976484417915344,0.041206860449165106,0.3239426138267542,"[68294369, 531887731, 587247123, 118170527, 168564634, 311192250, 565442313, 47874228, 249485541, 311365799]","[92, 92, 92, 92, 92, 92, 92, 92, 92, 38]"
886,9,"[17, 47, 61, 112, 114, 127, 130]",7,0.24739281088113785,0.05560154467821121,0.4145860011423273,"[142155274, 418344272, 119366487, 510341808, 413568601, 175487801, 494088378, 204944780, 263839224, 227392442]","[112, 127, 130, 112, 127, 112, 112, 112, 127, 112]"
887,9,"[6, 10, 43, 82, 132, 146, 188, 221]",8,0.1229893141426146,0.05040238797664642,0.18392372914240696,"[177492402, 535919795, 176813416, 180483235, 176795095, 103716483, 241861460, 180263495, 348128252, 176819338]","[43, 43, 43, 43, 43, 146, 43, 43, 43, 43]"
888,9,"[32, 174]",2,0.022421917878091335,0.012736500706523657,0.23463425505906343,"[224795566, 323068915, 181075644, 402488336, 196748699, 398472432, 142838359, 175829416, 282171496, 372260048]","[32, 32, 32, 174, 32, 32, 32, 32, 32, 32]"
889,9,"[84, 175, 192]",3,0.10239422181621194,0.02256799815222621,0.301482550567016,"[178338312, 449642969, 62444454, 332439531, 303703297, 287023832, 186315738, 167555446, 62105058, 527578010]","[84, 84, 84, 84, 84, 84, 84, 84, 84, 84]"
890,9,"[20, 61, 77, 228]",4,0.06139129679650068,0.020849369931966066,0.15603789559099823,"[351600434, 444044118, 322527861, 121727598, 195569237, 404118614, 160460233, 545796409, 106942652, 264787502]","[77, 77, 77, 77, 77, 77, 228, 77, 77, 228]"
891,9,"[45, 48, 215]",3,0.04519295692443848,0.09022021805867553,0.33414643513970077,"[35506914, 35222598, 423611375, 422119093, 589832687, 497316237, 589900980, 3032838, 267666949, 421405297]","[45, 45, 215, 215, 45, 48, 45, 45, 215, 215]"
892,9,"[10, 20, 70, 100, 125, 188]",6,0.06815842865034938,0.04242437146604061,0.2809337089226271,"[337743007, 236286607, 238663603, 451330241, 362273248, 347002214, 598074693, 182400037, 579391085, 422069505]","[125, 20, 20, 20, 100, 20, 20, 125, 20, 125]"
893,9,"[39, 82, 100]",3,0.0483931303024292,0.027154609095305204,0.348060445394367,"[577884183, 230598180, 410586201, 94483386, 407198240, 281490368, 117989967, 39436617, 479704139, 203127800]","[100, 100, 100, 82, 100, 82, 100, 82, 82, 82]"
894,9,"[84, 93, 192, 224]",4,0.05682414164766669,0.028720089700073004,0.2953396982047707,"[587102603, 170169858, 84270887, 556771621, 183448190, 236594534, 221096784, 462621303, 584225859, 177546331]","[224, 224, 224, 224, 224, 192, 224, 224, 192, 224]"
895,9,"[20, 70, 125, 222]",4,0.06538757076486945,0.025342697277665138,0.29549329535802826,"[217814354, 404880666, 52486269, 260810049, 383235976, 349668517, 178861469, 19503139, 560439093, 111559065]","[222, 222, 20, 20, 222, 222, 222, 222, 125, 125]"
896,9,"[20, 58, 82, 100, 128, 201, 239, 241]",8,0.14079249277710915,0.06033737352117896,0.1953892935125623,"[253258903, 219217186, 119979655, 205471858, 244007687, 74333164, 75341525, 463839280, 79663679, 82443110]","[100, 100, 241, 58, 100, 100, 100, 100, 241, 241]"
897,9,"[32, 93, 224]",3,0.03372369287535548,0.018550510052591562,0.2306847544386983,"[342961575, 342961572, 108095035, 342961578, 453368057, 302173789, 342961579, 108140504, 302363278, 315919069]","[93, 224, 224, 224, 224, 224, 224, 224, 224, 224]"
898,9,"[118, 129, 237]",3,0.03999114315956831,0.023387393914163113,0.4026215647657712,"[402924785, 82308343, 20882674, 344439239, 21699115, 210189004, 5860841, 463202310, 296956982, 223965553]","[118, 118, 118, 118, 118, 118, 118, 118, 118, 118]"
899,9,"[68, 235]",2,0.017335721291601658,0.010100938845425844,0.16466990823391825,"[507029069, 426930287, 573628652, 371506867, 26691262, 371263752, 26632321, 48992045, 105042186, 93692305]","[68, 68, 68, 68, 68, 68, 68, 68, 68, 68]"
900,9,"[88, 135, 166]",3,0.10192647576332092,0.011205424088984728,0.1294559782060484,"[124993178, 68166793, 174847220, 204608596, 149715940, 161294887, 539827010, 466214685, 68164271, 566207377]","[166, 135, 166, 88, 166, 135, 166, 135, 135, 135]"
901,9,"[159, 239]",2,0.04508850863203406,0.012590581085532904,0.18032506527379155,"[19069592, 31708204, 7675266, 226905715, 422841084, 199429539, 488242255, 324054644, 19080473, 47371500]","[239, 239, 239, 239, 239, 239, 239, 239, 239, 239]"
902,9,"[10, 12, 239]",3,0.030437791254371405,0.020710038021206856,0.20624367147684097,"[36995052, 596304534, 260089397, 20478478, 481450756, 448875963, 424349573, 225591463, 182808778, 460838054]","[239, 239, 239, 239, 239, 239, 239, 239, 239, 239]"
903,9,"[59, 84, 175]",3,0.148331917822361,0.016066436655819416,0.1533833125140518,"[37194084, 389395402, 235927474, 420027424, 150702021, 264227635, 237249653, 179105920, 38533652, 485779340]","[84, 84, 84, 84, 84, 84, 84, 84, 84, 84]"
904,9,"[39, 60, 112, 128, 239]",5,0.07142036175355315,0.03729551797732711,0.3038149657193571,"[240803818, 358811120, 342402289, 556295457, 308379234, 45464627, 390783651, 583074853, 484457943, 530589639]","[60, 39, 128, 128, 60, 60, 60, 39, 39, 239]"
905,9,"[39, 60, 171, 217]",4,0.0699102757498622,0.03589544724673033,0.3962062424980104,"[322999474, 10662551, 60949666, 60949662, 60949667, 367802235, 10641263, 10875757, 448932361, 143778810]","[39, 60, 39, 60, 39, 39, 39, 60, 60, 39]"
906,9,"[76, 80, 109, 231, 244]",5,0.07104189787060022,0.033622348215430975,0.22006503315642476,"[21521293, 15242160, 21524797, 34161187, 142632626, 467392706, 270367599, 513821363, 225829461, 518756876]","[76, 80, 76, 76, 80, 76, 80, 76, 76, 80]"
907,9,"[22, 216]",2,0.026411949656903744,0.01596582680940628,0.2770771988434717,"[282577837, 324078893, 74406527, 81156848, 223682126, 275881934, 252162270, 65854561, 162004373, 292212285]","[216, 216, 216, 216, 216, 216, 216, 216, 216, 216]"
908,9,"[39, 58, 168, 169, 188, 196, 199, 241]",8,0.14940366568043828,0.12951251026242971,0.3365871219721157,"[396929416, 411194860, 247580177, 314624246, 387745019, 20563003, 291785698, 152752011, 344869033, 434405947]","[39, 168, 39, 39, 39, 168, 168, 199, 39, 39]"
909,9,"[1, 88, 168, 169, 241]",5,0.15170582104474306,0.0314030759036541,0.2513661057222635,"[379047925, 502675992, 353234996, 404912622, 372978629, 467078025, 158910972, 522349262, 523494316, 10883006]","[1, 1, 1, 1, 1, 1, 1, 1, 1, 1]"
910,9,"[1, 37, 40, 114, 130, 186]",6,0.14969441900029778,0.04643539432436228,0.26991752713608247,"[160293513, 595991823, 475234853, 92536340, 432067395, 52710981, 139175107, 209857674, 18552663, 172528148]","[130, 40, 186, 130, 40, 130, 130, 186, 186, 130]"
911,9,"[39, 60, 128, 163, 234]",5,0.1270922413095832,0.03609256632626057,0.2938096980098635,"[270743288, 189056268, 339452822, 474628821, 328260186, 588991114, 244260056, 429585525, 310062305, 26287063]","[163, 163, 163, 163, 163, 163, 163, 163, 163, 163]"
912,9,"[70, 84, 132, 175, 192]",5,0.12166620511561632,0.039193188305944204,0.2612605900503695,"[257320413, 238221088, 254845610, 499985513, 58428708, 251671955, 225067493, 354725364, 199519860, 230708928]","[84, 84, 84, 84, 84, 84, 175, 132, 84, 84]"
913,9,"[61, 77, 81, 164, 167, 174, 228]",7,0.07770794071257114,0.0437960559502244,0.20684695706170583,"[381118267, 10269276, 281960837, 436226372, 106954498, 358006549, 470940900, 205528760, 98430012, 140227534]","[228, 77, 61, 164, 61, 81, 228, 228, 77, 77]"
914,9,"[45, 183, 184, 192]",4,0.05014203255996108,0.028921464923769236,0.2757259435602464,"[162962908, 525638406, 525316001, 425131888, 433383809, 234468600, 131666320, 341082387, 338010519, 481893458]","[183, 183, 183, 183, 192, 183, 183, 192, 183, 192]"
915,9,"[20, 81, 132, 164, 175, 239, 241]",7,0.14819866931065917,0.11220962135121226,0.18592535953835718,"[593048613, 299821846, 557970250, 157878787, 302263430, 297840958, 4358597, 519300428, 587803597, 96383648]","[241, 241, 241, 81, 241, 81, 241, 81, 241, 20]"
916,9,"[96, 125, 128, 188, 234]",5,0.058938102796673775,0.03453441523015499,0.3115462126210332,"[421715711, 157209584, 303739993, 270323935, 343015553, 334807463, 334863139, 206178676, 560620404, 432928078]","[96, 96, 96, 96, 96, 234, 188, 234, 234, 96]"
917,9,"[25, 32, 93, 221]",4,0.044876955449581146,0.025275465101003647,0.23502765747252852,"[296734744, 522936240, 87184671, 174179901, 296739948, 551883517, 144131461, 341545966, 572712845, 168612832]","[32, 32, 32, 32, 32, 32, 32, 25, 32, 25]"
918,9,"[60, 91, 159]",3,0.08523677382618189,0.013577720150351524,0.1337603786184142,"[16948561, 94856218, 317889817, 399822021, 550644186, 43711734, 278927045, 432068826, 294198225, 12588289]","[159, 91, 91, 91, 91, 91, 91, 91, 91, 91]"
919,9,"[46, 127, 159, 209]",4,0.09171897731721401,0.03608098300173879,0.39474105031695217,"[483114413, 236407296, 47736879, 195054568, 375063750, 537942619, 537944838, 416946652, 252319554, 193278737]","[159, 159, 159, 159, 159, 159, 159, 159, 159, 159]"
920,9,"[32, 111, 227, 239, 240, 241]",6,0.10081174969673157,0.042773876804858446,0.28292360591391724,"[300511012, 345782426, 284951617, 441169254, 517952943, 369337583, 441338682, 147298648, 534530430, 41452773]","[241, 240, 32, 240, 240, 32, 240, 32, 32, 240]"
921,9,"[171, 183, 230]",3,0.03294138517230749,0.021374746225774288,0.2365892589247475,"[223746625, 106852876, 373356601, 106853396, 466233294, 307010911, 373496012, 373496019, 282780279, 92908305]","[183, 183, 183, 183, 183, 183, 183, 183, 183, 171]"
922,9,"[5, 12, 91, 181, 239]",5,0.08746763039380312,0.027967606205493212,0.17078717187978326,"[89186141, 321444262, 422850037, 64896600, 422841084, 555668591, 60697291, 289163089, 47500760, 7830470]","[239, 239, 239, 239, 239, 239, 239, 239, 91, 239]"
923,9,"[61, 77, 128, 228]",4,0.04005866404622793,0.02191689284518361,0.16327078349422663,"[598133287, 586834165, 130316671, 447075630, 447224498, 70777260, 27057187, 460963105, 133964397, 452387955]","[77, 128, 128, 77, 128, 128, 128, 128, 128, 128]"
924,9,"[1, 166]",2,0.1938917892985046,0.01655424479395151,0.16735376347787678,"[253815485, 286691641, 417607676, 528303909, 538818888, 11569327, 426282158, 537606242, 3280611, 442680379]","[1, 1, 1, 1, 1, 1, 1, 1, 1, 1]"
925,9,"[4, 68, 184, 192]",4,0.05186581704765558,0.027746708132326603,0.2636818694300018,"[153098803, 51727572, 343615222, 453322014, 367318198, 158403731, 409295738, 232941730, 167011911, 1530260]","[184, 184, 192, 192, 192, 192, 192, 192, 192, 192]"
926,9,"[10, 132, 188]",3,0.02809470985084772,0.02346233744174242,0.19071307654182115,"[128304126, 82984003, 378145357, 57217459, 491261598, 284758612, 346140163, 575260875, 294061877, 116141630]","[188, 188, 188, 10, 188, 10, 188, 188, 188, 188]"
927,9,"[61, 166, 212]",3,0.0982001549564302,0.017338441219180822,0.20690547775787613,"[513350880, 7133850, 455598870, 32696224, 290302881, 505981685, 324974677, 415367442, 588634441, 40801003]","[212, 212, 212, 212, 212, 212, 212, 212, 212, 212]"
928,9,"[1, 135, 166]",3,0.1766628841869533,0.009901287965476513,0.12835129614298543,"[24558843, 13164087, 453571296, 161548116, 93297028, 335689399, 74856458, 93461105, 161423600, 74856457]","[1, 1, 1, 1, 1, 1, 1, 1, 1, 1]"
929,9,"[1, 88, 168, 233]",4,0.1795997922308743,0.027388339396566153,0.29545527207665145,"[169786099, 38598848, 426045544, 425900501, 284719050, 195594882, 475738096, 418328309, 223602781, 561372987]","[1, 233, 1, 1, 1, 1, 1, 1, 233, 233]"
930,9,"[10, 77, 195, 228]",4,0.03464395273476839,0.022377406246960163,0.17376494558993727,"[282176719, 212668435, 384804628, 39649103, 449119905, 124770770, 328072393, 142841536, 161655847, 175423790]","[195, 77, 195, 77, 228, 228, 77, 195, 195, 77]"
931,9,[174],1,0.009790312964469194,0.0058755758218467236,0.2043700988870114,"[71749202, 2259438, 10722663, 459858705, 184828688, 49087434, 184832609, 266680373, 385530264, 2259439]","[174, 174, 174, 174, 174, 174, 174, 174, 174, 174]"
932,9,"[1, 82, 88, 146, 168, 196]",6,0.1538117155432701,0.04169825417920947,0.3066546915021415,"[532571149, 246956915, 297864560, 581374572, 570090174, 441674312, 522683366, 75494796, 361758327, 162370184]","[168, 1, 146, 168, 1, 1, 1, 146, 1, 1]"
933,9,"[99, 111, 182, 233, 241]",5,0.1067259181290865,0.03602082189172506,0.29310575616545975,"[32107476, 199258733, 183523863, 166797438, 57167592, 449420161, 514921027, 183311522, 432375993, 306167727]","[99, 99, 99, 99, 99, 99, 99, 99, 99, 99]"
934,9,"[4, 60, 109, 146, 240]",5,0.057611217722296715,0.0987153584137559,0.1896349062677473,"[336806766, 126092016, 77043506, 176901189, 567321026, 292631450, 67891518, 239275640, 98109329, 135110174]","[60, 240, 60, 60, 60, 240, 60, 60, 60, 60]"
935,9,"[10, 33, 81, 85, 188]",5,0.174241847358644,0.027310066856443882,0.19421648215502502,"[477292038, 150381764, 59990123, 206245944, 551304088, 48290207, 148623189, 259275147, 104422906, 316355598]","[188, 188, 188, 188, 33, 188, 33, 188, 188, 33]"
936,9,"[58, 111, 125, 156, 241]",5,0.1140435473062098,0.041763822082430124,0.3742510969284922,"[597433447, 73577387, 399944700, 268893636, 333270079, 454075910, 205814891, 10746433, 216332422, 554174786]","[125, 125, 125, 111, 125, 156, 125, 241, 156, 156]"
937,9,"[61, 77, 228]",3,0.02605882892385125,0.015380993019789457,0.16355240383806327,"[286843491, 47493207, 287748754, 168109238, 168181564, 82957769, 286843490, 459815782, 168106043, 106575769]","[228, 228, 228, 228, 228, 228, 228, 228, 228, 228]"
938,9,"[1, 82, 84, 175]",4,0.20216260431334376,0.030340319499373436,0.16992444510105997,"[473259501, 479572269, 473243301, 130268339, 479669389, 116145144, 516287628, 28441402, 479668189, 410606241]","[175, 1, 175, 1, 1, 175, 1, 1, 1, 84]"
939,9,"[17, 96, 125, 188]",4,0.06985488347709179,0.03414276661351323,0.45530329970642924,"[472756032, 189799891, 488350547, 562101800, 83929226, 549019845, 476098076, 354294258, 279980622, 550463868]","[188, 125, 188, 188, 188, 125, 96, 188, 188, 125]"
940,9,"[36, 54, 58, 96, 156, 188]",6,0.07938420353457332,0.052272218745201826,0.2860415067213277,"[70408031, 362394529, 379572257, 440038589, 313239622, 77469376, 175301439, 131433669, 321668046, 293367748]","[58, 58, 156, 54, 58, 96, 54, 156, 156, 156]"
941,9,"[39, 60, 240]",3,0.07663200097158551,0.0210197358392179,0.2852233329322189,"[529096906, 529096909, 76627106, 374069618, 158781539, 274725155, 139731328, 533347647, 493289140, 575774889]","[60, 60, 60, 60, 60, 240, 60, 60, 240, 60]"
942,9,"[6, 8, 30, 40, 75, 171]",6,0.13211994571611285,0.1081870449706912,0.2839002238664155,"[245077888, 244942417, 293308947, 191948137, 244849042, 243290201, 203724377, 461708516, 530189036, 293308951]","[8, 8, 8, 8, 8, 8, 8, 8, 8, 8]"
943,9,"[39, 82, 100, 128]",4,0.05589508172124624,0.032722505275160074,0.3016518146614544,"[398339748, 538554817, 156300773, 333550974, 279690833, 413035631, 135421558, 171077188, 398627797, 398368552]","[82, 82, 82, 82, 82, 82, 82, 82, 82, 82]"
944,9,"[4, 88, 100, 106, 111, 196]",6,0.10676428768783808,0.05600932100787759,0.3836186702440803,"[337096510, 71077895, 136540086, 134078616, 335355439, 250876778, 523630878, 99033847, 550060007, 274451137]","[88, 88, 111, 111, 106, 88, 88, 106, 111, 88]"
945,9,"[10, 52, 93, 166]",4,0.13920080661773682,0.021970234811306,0.18573080870555714,"[433484461, 393797084, 205136420, 564463742, 325425320, 340057960, 468994683, 440694115, 221297849, 95922585]","[166, 93, 93, 166, 93, 93, 93, 166, 93, 166]"
946,9,"[45, 57, 68, 107, 184, 235, 237]",7,0.1488866051658988,0.04819994792342186,0.23756809659036143,"[269880344, 243655702, 584781601, 553920816, 190796339, 168584005, 72253318, 116973015, 501225404, 553920805]","[235, 235, 235, 235, 235, 107, 235, 235, 235, 235]"
947,9,"[36, 54, 201]",3,0.04059088975191116,0.02379699656739831,0.2933807415732493,"[512099404, 338328924, 338333735, 213546905, 291098585, 130908743, 592172746, 338331657, 95084631, 147847053]","[54, 54, 201, 54, 54, 201, 54, 201, 54, 54]"
948,9,"[21, 87, 106, 123, 131, 172, 195]",7,0.06449015717953444,0.04253601934760809,0.2298484003570463,"[67875739, 24029575, 431108434, 431035155, 418229583, 228671246, 124232523, 487819330, 125541950, 550498807]","[172, 131, 131, 131, 172, 131, 172, 131, 131, 21]"
949,9,"[12, 68, 112, 185, 212, 224, 227, 239]",8,0.11236651986837387,0.11938443360850215,0.22296526623540558,"[503991686, 112660080, 24683387, 282254746, 187798740, 123366473, 503991682, 5738299, 98442583, 497536542]","[68, 68, 68, 68, 239, 239, 212, 68, 68, 68]"
950,9,"[4, 25, 57, 99, 166, 207]",6,0.12398285558447242,0.032981676049530506,0.1851962763660898,"[265072057, 227933218, 144763287, 217416932, 327193435, 540157413, 504289243, 405273844, 232779008, 313282341]","[166, 166, 166, 166, 166, 166, 166, 166, 166, 166]"
951,9,"[81, 167]",2,0.02150431415066123,0.014389820862561464,0.22704423347022384,"[189765582, 349735722, 363071730, 444991721, 451983882, 227671074, 348304276, 113357008, 22747460, 304366289]","[167, 167, 167, 167, 167, 167, 167, 167, 167, 167]"
952,9,"[20, 39, 49, 82, 100, 125, 188]",7,0.12213510321453214,0.04941073479130864,0.295516822753208,"[94368663, 263710590, 539201806, 378593732, 504078528, 318320678, 267925151, 282922214, 120201216, 504049850]","[20, 20, 20, 20, 20, 20, 20, 20, 20, 20]"
953,9,"[18, 126, 127, 239]",4,0.06808943953365088,0.038087901659309864,0.7116031842306256,"[178677656, 455635073, 193062754, 279675060, 220721224, 355303154, 418613764, 17413059, 521629193, 20591366]","[18, 239, 239, 239, 127, 126, 127, 239, 239, 127]"
954,9,"[1, 4, 20, 82, 146]",5,0.15006600273773074,0.03520798683166504,0.1608914983458817,"[445720949, 194444526, 174133472, 529148731, 356467377, 442474726, 32322966, 12285893, 270011399, 86068753]","[20, 20, 20, 20, 20, 20, 20, 20, 20, 20]"
955,9,"[46, 47, 92, 97, 127, 212, 237]",7,0.168727810960263,0.05959563981741667,0.4265739636695279,"[39607357, 116534980, 309788417, 385280962, 495604288, 440222511, 159154230, 46170373, 123362096, 359383314]","[97, 97, 97, 212, 92, 92, 47, 127, 212, 47]"
956,9,"[58, 82, 167, 168, 241]",5,0.08639495307579637,0.03498404938727617,0.2479753193911165,"[374405505, 186301925, 596391223, 11347056, 37553821, 105677647, 445658878, 321268120, 447126079, 60106460]","[167, 167, 167, 167, 167, 82, 167, 167, 167, 167]"
957,9,[192],1,0.02423485368490219,0.011522320099174976,0.5704713452141732,"[251419197, 545019486, 113610233, 257963252, 3646852, 89873215, 93968948, 186860152, 431877806, 281931039]","[192, 192, 192, 192, 192, 192, 192, 192, 192, 192]"
958,9,"[4, 81, 133, 167]",4,0.05024648318067193,0.09273667633533478,0.21013883571140468,"[40730268, 263840227, 26705617, 134239951, 57333917, 57333930, 202813553, 130002327, 57394426, 461104314]","[81, 81, 133, 133, 81, 81, 81, 81, 81, 81]"
959,9,"[10, 181, 183, 188, 201]",5,0.049250381998717785,0.030970976687967777,0.19645159486681224,"[428358573, 290366487, 130112358, 401806842, 91216606, 289826231, 413890636, 265998811, 97150180, 150723191]","[183, 181, 183, 188, 183, 10, 183, 201, 183, 201]"
960,9,"[5, 10, 132, 188, 242]",5,0.046614949125796556,0.03563086688518524,0.19367737560532988,"[331064875, 110728491, 356685194, 111356263, 202434205, 181612375, 387819056, 378226066, 202311509, 337335042]","[5, 188, 242, 5, 5, 5, 242, 5, 5, 242]"
961,9,"[10, 12, 84, 124, 126, 239]",6,0.09703618148341775,0.04464537277817726,0.4781888662837446,"[212983171, 26069116, 203732087, 522830960, 334693208, 506869298, 375581681, 212750921, 224586720, 335569787]","[126, 12, 239, 126, 124, 124, 124, 12, 126, 124]"
962,9,"[30, 109, 112, 146, 194, 230]",6,0.1183705753646791,0.11577654723078012,0.4201066979051878,"[450230265, 450136794, 415998911, 569022098, 85519819, 176101728, 93708677, 590193184, 82629002, 518171530]","[30, 30, 30, 30, 30, 30, 30, 30, 30, 30]"
963,9,"[68, 92, 174, 175, 183, 215]",6,0.130483394023031,0.03795231971889734,0.23808525976104042,"[501400145, 38470014, 319108812, 130729381, 237618378, 351480139, 181927352, 507585579, 290023808, 181927351]","[68, 92, 92, 68, 68, 92, 92, 68, 68, 92]"
964,9,"[27, 76, 80, 231]",4,0.0613457290455699,0.026019597426056862,0.24150956323137507,"[123910996, 53693394, 547958369, 110989140, 143271566, 385012868, 496669159, 146008677, 407309723, 264142404]","[80, 80, 80, 80, 27, 80, 80, 80, 80, 80]"
965,9,"[10, 51, 72, 188, 193, 242]",6,0.09212045092135668,0.03957133321091533,0.2042844216727341,"[14097898, 211717526, 185978588, 101944452, 152386756, 481394556, 131127260, 39839418, 560004983, 363896634]","[51, 188, 242, 242, 242, 188, 10, 10, 242, 72]"
966,9,"[20, 58, 125, 128, 156, 188, 194, 201]",8,0.09937564702704549,0.12015506066381931,0.2708394924993627,"[492105176, 338642629, 285614658, 558582012, 407549494, 852498, 142678476, 219001674, 249310790, 532092106]","[188, 128, 128, 128, 188, 194, 58, 128, 128, 156]"
967,9,"[59, 67, 133]",3,0.02835992770269513,0.0170086151920259,0.18728237280932566,"[279940198, 410182562, 4629205, 118926535, 582852091, 156380532, 137222426, 110204120, 274385812, 247041973]","[59, 59, 59, 59, 59, 59, 59, 133, 67, 133]"
968,9,"[70, 84, 175, 192]",4,0.133077678270638,0.028653912246227264,0.28363909816835076,"[435849709, 570230416, 458021675, 109822036, 69213676, 252072326, 69213675, 223088102, 475413246, 49546110]","[192, 192, 192, 192, 192, 192, 192, 192, 192, 192]"
969,9,"[68, 92, 192, 215]",4,0.06660728668794036,0.03321706550195813,0.37853068474214524,"[28531479, 594225560, 56447950, 473679417, 112747880, 541373424, 369937080, 471215727, 473812347, 185191640]","[68, 68, 68, 68, 68, 68, 68, 68, 68, 68]"
970,9,"[128, 188]",2,0.015405089128762484,0.010738829150795937,0.15486928622704,"[508423775, 538069382, 478208732, 34039779, 346492382, 276780781, 85111085, 267483812, 187833686, 546606849]","[128, 128, 188, 128, 188, 188, 128, 128, 128, 128]"
971,9,"[4, 59, 61, 111, 112, 184, 209, 210]",8,0.15082437358796597,0.1263970397412777,0.2855468821071554,"[37033597, 37033600, 412472338, 462633518, 565401113, 464687590, 264818625, 538292472, 472650327, 509227074]","[209, 209, 184, 209, 209, 209, 209, 184, 59, 209]"
972,9,"[1, 228]",2,0.09220342617481947,0.010355947073549032,0.18300169007852674,"[499454910, 37237880, 371497908, 117132734, 297680976, 458302834, 303119398, 390652011, 302116745, 26236618]","[228, 228, 228, 228, 228, 228, 228, 228, 228, 228]"
973,9,"[32, 60, 93, 112, 239]",5,0.0944587322883308,0.03328081080690026,0.2529069903772324,"[308786900, 364907291, 397488901, 310177944, 99827554, 596455691, 150966856, 252599504, 44854169, 348192460]","[32, 32, 32, 32, 32, 60, 32, 93, 60, 32]"
974,9,"[4, 20, 63, 70, 82, 132, 175, 195]",8,0.13849235652014613,0.1111176498234272,0.1618298913235776,"[482287425, 284236143, 517251562, 305478118, 437950446, 60283839, 7877917, 412058938, 437950449, 412057140]","[175, 175, 175, 175, 175, 175, 175, 175, 175, 175]"
975,9,"[20, 54, 58, 96, 188]",5,0.05700900685042143,0.03700540354475379,0.23615610534325243,"[7898875, 285288142, 420218363, 387963879, 443939937, 563875358, 563947028, 566485902, 549801869, 564036570]","[54, 54, 54, 54, 54, 54, 54, 54, 54, 54]"
976,9,"[49, 61, 77, 93, 228]",5,0.04250974440947175,0.02758222771808505,0.16448875134810806,"[345962197, 34883467, 54474267, 30044152, 312078729, 242659657, 341932781, 585738927, 270088517, 271619942]","[77, 77, 77, 77, 77, 77, 77, 77, 77, 77]"
977,9,"[10, 43, 133, 141, 186]",5,0.119204081594944,0.029529050923883915,0.21431489596143366,"[211384216, 180466967, 137385076, 420328388, 363725644, 492654040, 236094805, 219091417, 369530324, 47249921]","[133, 141, 141, 133, 43, 133, 141, 133, 141, 133]"
978,9,"[10, 77, 133, 184]",4,0.039329573046416044,0.024821896106004715,0.202948922815267,"[526347810, 540466682, 366679987, 409876773, 546200518, 20836133, 482362100, 406824072, 355735462, 543447167]","[133, 133, 184, 133, 184, 133, 133, 133, 184, 184]"
979,9,"[46, 52, 97, 133, 174, 192, 228]",7,0.10663769580423832,0.10204122588038445,0.317068946913683,"[457074564, 7224727, 543238062, 156580227, 371941196, 476005866, 263617897, 233115677, 265691140, 314554721]","[133, 133, 133, 228, 133, 133, 133, 133, 133, 133]"
980,9,"[53, 109, 148, 206, 209, 212, 240]",7,0.09146002912893891,0.04527087742462754,0.23370374689277792,"[544720576, 156276809, 240341460, 130089583, 58218929, 276938800, 450688090, 351660054, 450721179, 418496948]","[109, 109, 109, 109, 109, 209, 109, 109, 109, 206]"
981,9,[127],1,0.019334320910274982,0.010095497593283653,0.9588801530189812,"[123549773, 326181512, 244546212, 309829661, 128994778, 494312354, 138050523, 392818306, 397491179, 434411421]","[127, 127, 127, 127, 127, 127, 127, 127, 127, 127]"
982,9,"[1, 4, 82, 88, 146]",5,0.11740513145923615,0.02889490546658635,0.16851865658536552,"[334039431, 227684386, 87620289, 233425025, 218495558, 29708823, 122132014, 509234258, 124458580, 207656461]","[1, 1, 1, 1, 1, 1, 88, 146, 88, 1]"
983,9,"[39, 60, 100, 128, 188, 194, 239]",7,0.09780722530558705,0.11345945065841079,0.29932938180198626,"[84372031, 398511711, 166216786, 454023979, 300959495, 173912362, 454023980, 302129156, 115256772, 380118572]","[194, 128, 128, 128, 239, 128, 39, 128, 128, 128]"
984,9,"[92, 185, 212]",3,0.03462747298181057,0.020173525903373957,0.24328065065977475,"[69076315, 559760025, 485115648, 420321303, 551608996, 229220191, 126218840, 247674826, 422620602, 405735177]","[92, 92, 92, 92, 92, 92, 212, 212, 212, 92]"
985,9,"[20, 125, 167, 210]",4,0.0984235480427742,0.02236249390989542,0.2532606338500045,"[543772921, 566532045, 335062502, 265357673, 326270743, 275690019, 305991113, 588814931, 380001666, 567324298]","[20, 167, 125, 20, 20, 20, 167, 20, 20, 20]"
986,9,[25],1,0.012691957876086235,0.007861984893679619,0.26325538055971265,"[579816906, 163323178, 121844363, 521610075, 320264725, 422038318, 212327325, 476695832, 274103964, 116987781]","[25, 25, 25, 25, 25, 25, 25, 25, 25, 25]"
987,9,"[152, 222]",2,0.022770078387111425,0.013688792940229177,0.27270074968691915,"[217080306, 219681590, 332664426, 174881190, 247167050, 64533696, 281060470, 504930645, 144156760, 114727957]","[152, 152, 152, 152, 152, 152, 152, 152, 152, 152]"
988,9,"[20, 89, 125, 188, 241]",5,0.09275917196646333,0.024042758159339428,0.19564685272052884,"[308983601, 444744570, 309739603, 418523317, 548688362, 541970719, 122713371, 208365606, 172093896, 444879021]","[188, 188, 188, 188, 188, 188, 188, 188, 188, 188]"
989,9,"[70, 93, 112, 114, 188, 194]",6,0.08430764963850379,0.1064985254779458,0.28565156653833884,"[489720127, 279978376, 126917989, 203503202, 533415754, 474367538, 548861433, 559227047, 569841650, 203535832]","[114, 114, 93, 93, 114, 114, 114, 194, 93, 188]"
990,9,"[33, 49, 96, 100, 109, 200, 234]",7,0.16039683250710368,0.050568080972880125,0.2706513749768159,"[245878646, 497645270, 557418205, 278654905, 259293836, 115876115, 491577899, 457761762, 197316713, 259175734]","[109, 234, 234, 234, 234, 234, 234, 234, 200, 234]"
991,9,"[10, 81, 82]",3,0.0326900240033865,0.02133208978921175,0.22430863006350896,"[394299788, 321758034, 64026675, 510352050, 116676548, 40804563, 162181477, 562809063, 295244764, 44560319]","[81, 81, 82, 81, 81, 82, 81, 82, 81, 81]"
992,9,"[47, 91, 159, 174, 240]",5,0.14554969780147076,0.08725502248853445,0.15171594866551458,"[552381598, 360095660, 426536329, 489881311, 488319546, 26150348, 365904162, 525899566, 229736273, 101557953]","[91, 159, 159, 159, 47, 174, 159, 174, 174, 159]"
993,9,"[20, 22, 70, 105, 221]",5,0.05411590822041035,0.03416702430695295,0.22610126943327485,"[318628879, 540347321, 590879186, 587231999, 460084004, 209459036, 158207357, 513291909, 543663953, 206242020]","[221, 221, 20, 20, 22, 20, 70, 105, 105, 22]"
994,9,"[32, 93, 97, 111, 126, 174, 192, 221, 239]",9,0.16845801658928394,0.07936804508790374,0.5124674681574106,"[156233468, 192480972, 249390734, 30657354, 531138396, 425498986, 567855707, 356096201, 112525703, 78590547]","[93, 93, 93, 93, 93, 93, 93, 93, 93, 93]"
995,9,"[20, 82, 100, 188]",4,0.04070049012079835,0.025858315639197826,0.20578749274136499,"[201743269, 33952602, 517626343, 220349455, 322822117, 79848595, 577857220, 557660869, 188449543, 445926599]","[82, 82, 82, 82, 82, 82, 82, 100, 82, 82]"
996,9,"[20, 49, 82, 132, 188]",5,0.049442829098552465,0.09696299862116575,0.16338389222510158,"[124094738, 167939485, 341753326, 480688547, 182841204, 235218905, 86759463, 18996927, 562287060, 63845775]","[188, 82, 49, 132, 82, 82, 49, 49, 49, 49]"
997,9,"[127, 159]",2,0.025592108257114887,0.01407605828717351,0.5334487593499944,"[180808244, 78674535, 131939515, 394338240, 369165104, 512737160, 565563764, 81185762, 403367554, 465459894]","[127, 127, 127, 127, 127, 127, 127, 127, 127, 127]"
998,9,"[70, 87, 93, 113, 192, 197, 230, 241]",8,0.13321501947939396,0.04305147798731923,0.2087315947865136,"[363541081, 412532343, 335111218, 23292987, 427185132, 18035751, 528441276, 487876260, 135611822, 358741494]","[113, 197, 113, 197, 197, 197, 197, 197, 197, 113]"
999,9,"[1, 82, 84, 166, 233]",5,0.1867406228557229,0.027302802074700594,0.18966623949818312,"[29477732, 569962709, 417140494, 207502577, 378615203, 265960396, 262313882, 401779582, 382157004, 465244381]","[1, 1, 1, 1, 1, 1, 1, 1, 1, 1]"
