query,num_centroids,searched_shard_ids,num_searched_shards,gpu_transfer_time,gpu_search_time,warmup_time,best_retrieved_ids,top_doc_shards
0,20,"[1, 39, 77, 93, 166, 200, 209, 227, 239, 241]",10,0.3102317089214921,0.12285663187503815,0.21490409811958672,"[350323743, 22367475, 350285757, 22359499, 22352964, 596090569, 583617007, 40490076, 596064850, 347651857]","[200, 200, 200, 200, 200, 200, 200, 200, 200, 200]"
1,20,"[27, 32, 60, 109, 206, 209, 217, 239]",8,0.11332126380875707,0.05859374115243554,0.31345837004482746,"[96761309, 462536204, 128100141, 512290626, 80310487, 544732844, 467725477, 184433825, 41433574, 597455031]","[206, 32, 32, 32, 206, 32, 32, 32, 32, 32]"
2,20,"[1, 4, 10, 77, 82, 132, 146, 175, 188, 195]",10,0.2554063363932073,0.06827490869909525,0.1637639557477087,"[97139517, 294043795, 522340063, 184228786, 58511679, 284206801, 574610836, 446094918, 562872736, 357388844]","[82, 175, 82, 77, 77, 77, 82, 82, 175, 77]"
3,20,"[22, 70, 104, 105, 192]",5,0.11876397673040628,0.037138732615858316,0.2856923513114452,"[319976312, 473871456, 416180093, 533106488, 185862896, 409812650, 534845823, 3563663, 163663864, 232092470]","[22, 70, 70, 70, 22, 104, 22, 22, 22, 22]"
4,20,"[0, 5, 10, 60, 93, 128, 132, 188, 239]",9,0.08387472620233893,0.05937893083319068,0.1827563263165454,"[492485126, 241046875, 74580447, 364526066, 196412165, 197645372, 345397440, 197750504, 11876884, 251314455]","[93, 93, 93, 93, 10, 93, 93, 93, 10, 10]"
5,20,"[39, 60, 82, 106, 109, 146, 187, 196, 227]",9,0.18221054319292307,0.07112257042899728,0.2929195129416055,"[516745818, 379513051, 379513049, 40647836, 98341154, 147282989, 98187524, 98187521, 268589670, 40511604]","[187, 227, 187, 227, 227, 109, 227, 109, 227, 227]"
6,20,"[20, 85, 96, 125, 188]",5,0.11440571630373597,0.03061735676601529,0.2851040073204786,"[223359640, 134921891, 306289225, 172489898, 473056010, 163594463, 184462764, 578112746, 538022211, 98659306]","[125, 20, 188, 20, 96, 96, 96, 96, 188, 96]"
7,20,"[18, 26, 36, 45, 48, 64, 108, 126, 164, 181, 201, 215]",12,0.17613179655745625,0.10044148936867714,0.3765807798287521,"[159171799, 63753766, 152048176, 311568376, 272006514, 527884014, 311566733, 101019765, 596196708, 531665456]","[201, 181, 215, 36, 215, 48, 36, 36, 181, 48]"
8,20,"[0, 39, 67, 91, 159, 186, 200, 209, 240]",9,0.1763016814365983,0.05437145195901394,0.23011193690925008,"[327654649, 459540312, 575997322, 67520733, 180283059, 562193291, 305388418, 41178123, 30515188, 339438330]","[209, 209, 209, 209, 209, 209, 209, 209, 209, 209]"
9,20,"[4, 30, 59, 67, 84, 104, 105, 175, 224]",9,0.22605695482343435,0.062374177388846874,0.2560472496940444,"[244047149, 407497946, 244049389, 372337157, 244048645, 372313030, 99048836, 406973178, 237900005, 99090315]","[67, 67, 175, 67, 67, 175, 67, 67, 175, 67]"
10,20,"[42, 76, 91, 106, 109, 113, 146, 171, 186, 194, 209, 217, 224, 244]",14,0.21805100003257394,0.17355319065973163,0.27035262876389815,"[596989224, 177718168, 361359114, 219357708, 372868532, 109100480, 45889684, 455472830, 351990776, 457845149]","[76, 76, 76, 76, 76, 76, 76, 76, 76, 76]"
11,20,"[0, 8, 10, 12, 18, 126, 127, 132]",8,0.22143862722441554,0.061409692745655775,0.4293926455429755,"[316195675, 347961149, 246469994, 127689114, 316205222, 335612984, 316205221, 505439277, 402151260, 575814845]","[18, 12, 12, 18, 18, 12, 18, 12, 12, 12]"
12,20,"[33, 61, 82, 85, 96, 112, 188, 221]",8,0.2133968323469162,0.04765702085569501,0.2402841997682117,"[143285814, 398227840, 150775094, 533066813, 416989615, 478916319, 559059925, 583463400, 255704802, 337200373]","[96, 96, 96, 96, 96, 96, 96, 96, 96, 96]"
13,20,"[4, 20, 63, 70, 82, 84, 132, 174, 175, 192]",10,0.16563817532733083,0.0680162850767374,0.2130156129365787,"[269953808, 270017264, 53616989, 219464520, 269932498, 264374402, 21302424, 107532941, 53616990, 439849310]","[82, 82, 82, 70, 82, 132, 82, 132, 82, 82]"
14,20,"[82, 84, 105, 192, 228]",5,0.06979257985949516,0.1016373666934669,0.28828141670674085,"[2930195, 304291211, 5479281, 298156409, 435890273, 300724316, 214405047, 504375842, 531276114, 133995960]","[192, 192, 84, 192, 192, 192, 84, 192, 84, 84]"
15,20,"[25, 59, 107, 195, 210]",5,0.08918591821566224,0.02621993189677596,0.17102921730838716,"[540834996, 425755668, 346415404, 400155932, 347682406, 548796299, 583527657, 236059986, 540791896, 318230608]","[25, 25, 25, 25, 25, 25, 25, 25, 25, 107]"
16,20,"[88, 99, 135, 168, 196, 227, 233, 241]",8,0.1280418741516769,0.04848988680168986,0.24762766546336934,"[388372331, 477914499, 313295416, 94283698, 417756224, 81047150, 287698740, 413998749, 388567738, 84783145]","[168, 168, 168, 168, 168, 233, 168, 168, 168, 135]"
17,20,"[76, 80, 187, 224, 225, 244]",6,0.18897741986438632,0.047496989369392395,0.23120548013442507,"[196567304, 37592602, 529191060, 119007154, 136475651, 519952557, 596950633, 138777038, 119958834, 125572012]","[244, 187, 76, 187, 225, 244, 244, 244, 244, 244]"
18,20,"[17, 32, 57, 81, 93, 118, 174, 196, 200, 207, 227]",11,0.15060274628922343,0.07770826295018196,0.31741165865043347,"[265372681, 560067270, 278479542, 395074565, 251637110, 211326331, 34614699, 174444878, 587245452, 34620824]","[17, 57, 57, 57, 57, 17, 57, 57, 57, 57]"
19,20,"[10, 20, 58, 70, 82, 84, 132, 168]",8,0.15939280251041055,0.06198355043306947,0.2435355308407452,"[596197374, 227781415, 342147203, 9720048, 543565046, 576495810, 598858826, 334192618, 511012465, 419574595]","[82, 82, 82, 84, 82, 82, 82, 82, 82, 82]"
20,20,"[7, 61, 133, 147, 214]",5,0.0646746032871306,0.037032620050013065,0.28267957577481867,"[248237919, 161684376, 495988709, 529213090, 340338888, 565144556, 56535161, 369015536, 336166371, 591258100]","[133, 133, 133, 7, 7, 133, 61, 7, 133, 133]"
21,20,"[27, 32, 39, 60, 80, 112, 206, 240]",8,0.10491639049723744,0.054030587431043386,0.28405576539807953,"[386500007, 151614128, 553675511, 475316064, 432094449, 397264316, 418459871, 400925125, 35737299, 515335694]","[240, 60, 80, 60, 60, 80, 60, 80, 32, 240]"
22,20,"[14, 70, 81, 112, 194]",5,0.07003037165850401,0.03653744934126735,0.3046338486950845,"[379643780, 554217595, 296777012, 132324921, 212577525, 402167117, 327957272, 479960759, 244250010, 189421384]","[14, 14, 14, 14, 14, 14, 14, 14, 14, 14]"
23,20,"[68, 183]",2,0.014439426828175783,0.010134255047887564,0.1341762007214129,"[393766925, 19968356, 99327655, 596615355, 352440645, 554747697, 438096438, 304593819, 583417332, 526692998]","[68, 68, 68, 183, 68, 68, 68, 68, 68, 68]"
24,20,"[1, 42, 53, 60, 75, 76, 80, 106, 112, 206]",10,0.18552777264267206,0.12832616223022342,0.22185129846911877,"[438347522, 191429128, 166583047, 475147446, 319869863, 506900661, 4309318, 407954257, 566145788, 504107628]","[42, 206, 80, 206, 42, 42, 42, 206, 42, 206]"
25,20,"[14, 17, 32, 192, 239]",5,0.08883973862975836,0.04452475160360336,0.38999479613266885,"[275996305, 574080995, 39550384, 422125669, 575850420, 345012085, 39822135, 268603873, 65428933, 476136084]","[32, 32, 32, 32, 32, 32, 32, 32, 32, 32]"
26,20,"[1, 30, 37, 61, 77, 93, 112, 217, 228]",9,0.278405386954546,0.0701099238358438,0.3399758433095283,"[9260592, 255137588, 171602438, 53821041, 128351388, 418888803, 40935707, 439693144, 350535457, 75050458]","[1, 228, 93, 93, 77, 93, 93, 93, 228, 228]"
27,20,"[54, 96, 188, 201]",4,0.04959847079589963,0.02925828006118536,0.2621849497081712,"[342833232, 239066460, 364949379, 76823179, 464209192, 173230971, 452350578, 406818359, 349966218, 192881082]","[54, 54, 54, 54, 54, 54, 54, 188, 188, 54]"
28,20,"[0, 8, 19, 46, 52, 67, 97, 133, 147, 171, 184, 192, 200, 228]",14,0.21565526956692338,0.15685272589325905,0.24702697651394243,"[486542584, 194090070, 245111306, 61133533, 3363907, 274739120, 386380398, 558431897, 61091245, 366522616]","[46, 200, 133, 97, 8, 19, 192, 97, 97, 228]"
29,20,"[10, 36, 49, 89, 112, 128, 132, 188, 194, 213, 239]",11,0.1840182296000421,0.08567550033330917,0.2924831256651404,"[176037102, 164759875, 281743200, 220058368, 571201178, 207043861, 344036839, 544604186, 249249826, 185069916]","[128, 128, 128, 128, 128, 128, 128, 128, 128, 128]"
30,20,"[1, 10, 32, 39, 43, 60, 93, 111, 112, 194, 211, 224, 239]",13,0.32154404977336526,0.15898313699290156,0.30711206417674053,"[201111705, 112700980, 588877957, 174822083, 254315404, 317734372, 549462201, 562921380, 421775084, 588877956]","[32, 60, 60, 60, 39, 60, 60, 43, 60, 60]"
31,20,"[18, 21, 29, 30, 70, 91, 124, 126, 148, 170, 181, 186, 202, 224]",14,0.23821646254509687,0.17333878856152296,0.38626055396161973,"[154718683, 79169640, 263282819, 381006524, 365713645, 115921841, 424881179, 406174997, 428344569, 346581612]","[91, 91, 91, 91, 18, 170, 91, 186, 126, 91]"
32,20,"[20, 33, 49, 85, 96, 100, 125, 164, 188]",9,0.2226565182209015,0.058856913819909096,0.27060229636521804,"[94973826, 305101499, 598687402, 266557487, 275034196, 138602395, 390525573, 49713139, 27436766, 55130296]","[96, 96, 33, 96, 85, 96, 85, 96, 188, 96]"
33,20,"[20, 70, 192]",3,0.042557892855256796,0.022418377455323935,0.3113581523454438,"[226643905, 226643912, 37286001, 559487576, 78302557, 300324652, 45224550, 52810236, 394820965, 260683464]","[20, 20, 20, 20, 20, 20, 70, 192, 192, 20]"
34,20,"[2, 14, 77, 81, 128, 129, 212, 227]",8,0.0796252004802227,0.05108430236577988,0.2053532608842943,"[338458298, 336062552, 45896088, 522761063, 354553936, 572877895, 94114406, 99665505, 430200580, 52805236]","[129, 129, 129, 129, 129, 81, 129, 129, 77, 129]"
35,20,"[102, 106, 180, 188, 221, 242]",6,0.14683396322652698,0.05005370359867811,0.32735284212200594,"[46371624, 572946019, 262952323, 278189217, 303017606, 573745672, 138432939, 115222581, 374653008, 392510615]","[242, 106, 242, 102, 102, 242, 102, 180, 102, 102]"
36,20,"[20, 49, 54, 58, 89, 110, 111, 112, 156, 165, 188, 194, 196]",13,0.2449864479713142,0.10432010097429156,0.396609175305527,"[446742083, 492534000, 310471342, 194011947, 110688791, 552138646, 18123445, 274280146, 420671305, 174230122]","[165, 54, 111, 111, 156, 194, 54, 54, 54, 156]"
37,20,"[32, 112, 117, 129, 194, 206, 209]",7,0.1581187485717237,0.047689531464129686,0.31396359860497924,"[403016532, 239518483, 320010234, 434260091, 510970601, 389554411, 322235737, 82778227, 346409730, 239979025]","[129, 129, 32, 129, 32, 194, 129, 112, 129, 32]"
38,20,"[10, 17, 33, 49, 82, 85, 96, 188]",8,0.22627692157402635,0.05202446458861232,0.2762799318297766,"[171909558, 517198530, 498409469, 188339158, 239972575, 100751935, 205361704, 504100258, 389531874, 18033777]","[96, 17, 17, 96, 96, 17, 188, 17, 188, 96]"
39,20,"[0, 10, 12, 18, 51, 72, 115, 126]",8,0.16119840880855918,0.06078805401921272,0.4225000063306652,"[167139573, 22796377, 353472243, 564356343, 380659614, 325105354, 536810984, 69873730, 311564209, 69814243]","[51, 51, 51, 51, 51, 12, 51, 12, 51, 51]"
40,20,"[32, 93, 108, 126, 194, 209, 239]",7,0.10927762603387237,0.05701760994270444,0.46022561974158244,"[54598498, 593909787, 581987029, 399174922, 550170954, 47863419, 359317355, 363183345, 527104338, 472942335]","[32, 32, 32, 32, 32, 32, 32, 32, 32, 32]"
41,20,"[10, 20, 39, 70, 72, 82, 106, 132, 188]",9,0.10572976991534233,0.06927702622488141,0.2392546001356095,"[198985429, 138965989, 34506581, 377426780, 517738559, 259982882, 448875282, 24487825, 389590141, 468192883]","[39, 82, 39, 82, 72, 10, 20, 82, 70, 10]"
42,20,"[6, 171, 183, 227]",4,0.04161036806181073,0.08920380659401417,0.15952642890624702,"[521012684, 489342896, 433868714, 16684904, 227461382, 524579792, 141163106, 87635642, 254389701, 48499195]","[171, 171, 171, 171, 171, 171, 171, 171, 171, 171]"
43,20,"[48, 64, 68]",3,0.029211942106485367,0.018522550351917744,0.19362378166988492,"[194928968, 276066170, 229424584, 187616394, 157719374, 493402860, 422547137, 345153317, 598788742, 178580027]","[68, 68, 68, 68, 68, 68, 68, 68, 68, 68]"
44,20,"[0, 6, 65, 109, 146, 171, 186, 194, 200, 209]",10,0.11707148514688015,0.07044310960918665,0.24658223891165107,"[19804762, 125079188, 544637200, 580321217, 82643689, 511501683, 92491002, 246109782, 348568156, 502385890]","[171, 171, 171, 200, 109, 171, 171, 200, 200, 171]"
45,20,"[39, 58, 59, 60, 82, 93, 128, 159, 194, 200, 201, 239, 241]",13,0.20262743579223752,0.09396082116290927,0.21805716748349369,"[403072175, 224653700, 527864603, 124237376, 152566833, 236427025, 262227711, 23562269, 367766737, 134836813]","[128, 128, 128, 128, 239, 128, 128, 128, 128, 241]"
46,20,"[20, 22, 67, 68, 70, 92, 139, 183, 192, 215, 222, 235]",12,0.1394980545155704,0.07742163864895701,0.24672672955784947,"[321883357, 517409731, 320790454, 253543390, 14436664, 88223668, 286970084, 517409728, 492436548, 467283941]","[68, 68, 68, 68, 68, 68, 68, 68, 68, 68]"
47,20,"[12, 17, 52, 67, 91, 97, 102, 111, 115, 159, 202, 239]",12,0.24328525317832828,0.14807614218443632,0.38921673089498654,"[116982774, 507222371, 322258847, 402571241, 323045826, 240684525, 356588498, 3616373, 322553955, 203169961]","[202, 52, 17, 52, 67, 202, 91, 159, 115, 12]"
48,20,"[1, 4, 5, 10, 26, 49, 77, 82, 132, 146, 164, 188, 210, 242]",14,0.24672658182680607,0.08865177119150758,0.19235903703208482,"[349685072, 6137078, 200196231, 506863082, 555255276, 193962431, 359471757, 506885984, 506957619, 132735540]","[49, 146, 77, 146, 4, 4, 210, 82, 77, 49]"
49,20,"[10, 49, 82, 106, 111, 112, 169, 188, 210, 214, 222]",11,0.20628418866544962,0.159316289704293,0.31825878407636826,"[381989322, 190554704, 190521044, 561468444, 517376658, 87380864, 453109743, 340487273, 519660573, 386839442]","[49, 222, 49, 222, 214, 106, 106, 10, 49, 106]"
50,20,"[1, 4, 82, 84, 88, 146, 175]",7,0.19554394483566284,0.04078748542815447,0.1680813699162432,"[272531263, 260063780, 187284049, 90785206, 573791930, 519974609, 166494940, 54376108, 132733566, 124344547]","[84, 84, 84, 84, 84, 84, 84, 82, 84, 84]"
51,20,"[1, 32, 38, 82, 92, 93, 175, 185]",8,0.24687099689617753,0.05251426063477993,0.19349404622334987,"[543998307, 34036621, 27899657, 46612672, 366146685, 46077019, 288338597, 273579698, 349402047, 298183886]","[93, 92, 38, 92, 93, 92, 175, 175, 92, 92]"
52,20,"[59, 85, 133, 210]",4,0.13436910137534142,0.016777451615780592,0.1613407749682665,"[115745328, 493163657, 420568680, 159999328, 241568515, 53560322, 366096616, 543600790, 298246847, 275711834]","[59, 59, 59, 59, 59, 59, 59, 59, 59, 133]"
53,20,"[1, 6, 8, 49, 58, 82, 93, 106, 109, 146, 168, 188]",12,0.25306225940585136,0.14860996836796403,0.21932206834511211,"[47768807, 430079126, 217559975, 16806341, 210125482, 450030792, 72447548, 338764605, 157315489, 212866632]","[6, 6, 168, 6, 49, 6, 6, 6, 8, 146]"
54,20,"[17, 36, 58, 59, 67, 82, 84, 167, 169, 175, 196, 201, 228, 241]",14,0.25519432965666056,0.1004678881727159,0.26019544375594705,"[340538846, 578698651, 89654179, 206755175, 462966013, 272099125, 542238241, 597489403, 581071217, 581036453]","[17, 17, 82, 17, 17, 17, 17, 17, 17, 17]"
55,20,"[168, 233]",2,0.08229967718943954,0.023268939927220345,0.42093740520067513,"[458070540, 513243661, 130382454, 594712541, 175195938, 183829504, 194939389, 432589461, 175800336, 174017977]","[233, 168, 168, 233, 233, 233, 168, 168, 233, 168]"
56,20,"[171, 186, 200, 209]",4,0.04603848559781909,0.02851856406778097,0.24787431507138535,"[315279017, 385113286, 375332831, 294871918, 555713159, 76701081, 237920535, 448092594, 529403480, 369433639]","[200, 200, 200, 200, 200, 200, 200, 200, 200, 200]"
57,20,"[27, 32, 75, 117, 171, 209, 224]",7,0.07704403763636947,0.0475109713152051,0.25173446123621296,"[76378574, 76484817, 23656741, 380720916, 509049685, 191970143, 365085081, 190191648, 9105535, 217333369]","[209, 209, 209, 209, 209, 117, 209, 209, 209, 171]"
58,20,"[45, 84, 112, 167, 175, 183, 192, 216]",8,0.1640065503306687,0.061102524399757385,0.2784872970369179,"[41980406, 111790819, 185042547, 185004784, 216094193, 46002466, 381452513, 147021458, 399812406, 53992965]","[175, 183, 183, 175, 183, 183, 183, 183, 192, 183]"
59,20,"[29, 39, 72, 96, 100, 106, 188, 194]",8,0.12317020306363702,0.1367177194915712,0.33280179725261405,"[396834165, 204059607, 118454427, 53653208, 74068784, 571257961, 136096855, 453996791, 139679305, 476308244]","[39, 96, 39, 96, 72, 72, 100, 100, 100, 188]"
60,20,"[5, 10, 95, 97, 161, 174, 175, 239]",8,0.16223348677158356,0.05101453932002187,0.23227335201227106,"[244841950, 334864192, 36085481, 430666173, 132249408, 319354255, 285556910, 364661104, 9331354, 9331376]","[95, 5, 5, 5, 5, 5, 5, 95, 95, 5]"
61,20,"[1, 4, 99, 166, 174, 207]",6,0.2208799347281456,0.029984811320900917,0.15476617139453688,"[88413698, 152291662, 87177381, 159637364, 30327201, 298353658, 284097329, 120467136, 305976241, 494487482]","[1, 1, 1, 1, 1, 1, 1, 1, 1, 1]"
62,20,"[1, 39, 60, 84, 111, 112, 166, 168, 196, 233]",10,0.3133076252415776,0.0782888438552618,0.38017333319876345,"[241629397, 494241502, 12634834, 233619684, 8827094, 224387811, 456165206, 386719219, 207962499, 170348521]","[1, 233, 233, 233, 166, 233, 233, 166, 166, 1]"
63,20,"[4, 6, 8, 37, 40, 59, 61, 107, 112, 171, 183, 214]",12,0.1974372649565339,0.14507426880300045,0.2492780201525117,"[270401378, 52986331, 563690315, 484863943, 384131335, 445199962, 240595101, 184515490, 391016431, 308554181]","[6, 6, 6, 183, 6, 107, 107, 183, 6, 6]"
64,20,"[4, 6, 30, 75, 79, 91, 109, 146, 159, 186, 209, 224]",12,0.21322127617895603,0.07824800908565521,0.2348331855998064,"[217185418, 84066849, 548226198, 19059244, 589417302, 90439601, 263706156, 542243239, 118496477, 179532987]","[209, 209, 209, 186, 209, 209, 209, 209, 209, 209]"
65,20,"[33, 70, 105, 108, 110, 112, 216, 231, 244]",9,0.21102501079440117,0.072069869376719,0.25467918445873594,"[309629502, 476017269, 569973167, 539167825, 378719174, 381782764, 202778162, 451087032, 128958996, 303650615]","[108, 110, 110, 110, 110, 216, 216, 216, 110, 216]"
66,20,"[5, 10, 26, 102, 132, 188, 241, 242]",8,0.11030678125098348,0.056370628997683525,0.23144286591559649,"[336735408, 508445146, 326899109, 202536818, 576003819, 261213950, 64707598, 212970604, 513033189, 374230920]","[242, 5, 241, 5, 5, 5, 5, 5, 242, 241]"
67,20,"[1, 10, 49, 82, 93, 132, 146, 196]",8,0.16165728913620114,0.12859745835885406,0.22944037729757838,"[386180863, 29988430, 89146024, 404410578, 160685693, 101976635, 343943364, 29367947, 271081031, 29213293]","[82, 82, 82, 82, 1, 82, 1, 82, 82, 82]"
68,20,"[19, 38, 92, 131, 172, 175]",6,0.12165393820032477,0.035036609042435884,0.197736471464547,"[265582474, 143670194, 561844575, 248190137, 97780755, 153603521, 440305694, 145913315, 491097585, 423316495]","[38, 38, 38, 38, 38, 38, 38, 92, 172, 38]"
69,20,"[36, 54, 156, 188]",4,0.05085745081305504,0.032862937077879906,0.2719837576732971,"[547526819, 299503718, 494503005, 223881798, 40933157, 501034303, 32863356, 276175577, 452879361, 94993425]","[54, 54, 54, 54, 54, 54, 54, 54, 54, 54]"
70,20,"[8, 32, 57, 159, 174, 175, 237, 240, 241]",9,0.254358964972198,0.061156189534813166,0.19656953919265005,"[552822517, 14700988, 243132285, 162408577, 279383232, 472693134, 22166047, 228774034, 389383061, 408947661]","[174, 237, 237, 237, 237, 174, 237, 174, 237, 237]"
71,20,"[1, 39, 77, 82, 84, 100, 146, 159, 174, 175, 241]",11,0.26534077851101756,0.06754520814865828,0.20089787560176442,"[573260542, 333682070, 136021710, 546025776, 271834051, 493843594, 477922653, 478024384, 44392480, 222781568]","[175, 174, 175, 175, 175, 241, 174, 175, 77, 241]"
72,20,"[20, 54, 58, 96, 188, 201]",6,0.13440449256449938,0.044690318405628204,0.23192727965457985,"[446588711, 461876235, 444772633, 324629215, 363624009, 376470060, 257401844, 529203276, 132831639, 205822731]","[54, 54, 54, 54, 188, 54, 54, 54, 54, 188]"
73,20,"[4, 79, 106, 118, 152, 166, 174, 237, 239]",9,0.20450126379728317,0.06074683973565698,0.26647770140940946,"[540778935, 241972422, 419519921, 319120328, 569812062, 319494432, 133699417, 225385585, 207428026, 373696886]","[237, 152, 152, 237, 152, 152, 237, 237, 237, 237]"
74,20,"[39, 60, 112, 163, 233, 239, 240]",7,0.10015470208600163,0.051704845391213894,0.30199598517668036,"[517378138, 265396003, 210976861, 43947376, 341032742, 517211417, 344750993, 72428980, 410446824, 183709613]","[240, 60, 60, 240, 240, 240, 60, 240, 240, 60]"
75,20,"[38, 57, 59, 92, 180, 182, 222]",7,0.09760988969355822,0.11769811203703284,0.2823450307893966,"[549589445, 155620539, 597410261, 263452461, 271612684, 17100209, 468348092, 31811495, 367349867, 567665902]","[57, 92, 92, 222, 222, 92, 92, 92, 92, 92]"
76,20,"[60, 112, 228, 240]",4,0.04671477433294058,0.02604556130245328,0.24074410687899217,"[329213839, 47074484, 409696869, 575044943, 574911367, 251901307, 421951907, 421905981, 331859210, 452727150]","[240, 240, 60, 240, 240, 60, 60, 240, 240, 240]"
77,20,"[10, 49, 81, 82, 148, 164, 169, 196, 242]",9,0.111637475900352,0.06670318637043238,0.27094316935270196,"[29392618, 100806695, 555371788, 492991573, 499569667, 288761517, 22580755, 59728990, 110999700, 29149633]","[81, 49, 49, 82, 49, 49, 82, 82, 49, 49]"
78,20,"[14, 25, 33, 70, 107, 133, 166, 184, 192, 237, 241]",11,0.2894136575050652,0.13299482269212604,0.24383308865468611,"[254976624, 171772927, 368786729, 190868400, 258703635, 491655597, 268183460, 400632256, 272302614, 102844778]","[237, 237, 184, 133, 70, 70, 184, 184, 184, 184]"
79,20,"[17, 20, 70, 125, 188, 194]",6,0.09006441757082939,0.04536536103114486,0.37354499361633015,"[547035905, 356719285, 574548553, 156198037, 431362334, 190418808, 145502417, 47936931, 237419536, 59739192]","[188, 188, 125, 188, 125, 188, 125, 125, 188, 20]"
80,20,"[10, 67, 106, 128, 132, 188, 201, 213, 215, 242]",10,0.19340153224766254,0.07677459297701716,0.28225208874791863,"[181721375, 35502141, 89952573, 383361456, 307159838, 192160680, 312845800, 195811642, 58729868, 415792015]","[67, 215, 215, 106, 215, 215, 215, 215, 215, 215]"
81,20,"[10, 43, 52, 54, 169, 201]",6,0.1130090644583106,0.04005378624424338,0.21859313489403576,"[84848979, 55342692, 216612568, 20668750, 582333068, 418881242, 567432210, 271669109, 121812233, 154531861]","[54, 54, 54, 54, 201, 54, 54, 54, 54, 10]"
82,20,"[63, 82, 84, 175]",4,0.09502159105613828,0.02246276056393981,0.16809916048077866,"[426060089, 201612617, 285544667, 426058119, 1753283, 6857360, 558819142, 472224338, 280120899, 384691085]","[175, 175, 175, 82, 175, 175, 175, 175, 175, 175]"
83,20,"[0, 20, 26, 36, 58, 96, 125, 126, 164, 167, 192, 194, 201, 217, 241]",15,0.32562015717849135,0.1251146588474512,0.41621646701047815,"[208290461, 304706368, 579712493, 27699303, 520458616, 301807532, 171420093, 415774410, 464562719, 434049608]","[0, 125, 125, 125, 125, 125, 20, 125, 167, 36]"
84,20,"[10, 49, 58, 82, 100, 188]",6,0.06653870735317469,0.044420492835342884,0.2231709425104782,"[374495231, 508578037, 303765303, 303894170, 303777852, 303777853, 442539628, 303777856, 443561584, 403869029]","[82, 82, 100, 49, 100, 100, 100, 100, 100, 82]"
85,20,"[10, 12, 17, 18, 51, 126, 194, 239]",8,0.18987409304827452,0.06873906776309013,0.4570793098246213,"[135859681, 487529913, 390082707, 253724408, 242283427, 142041489, 310574017, 162218567, 141018895, 366051047]","[126, 18, 18, 10, 10, 239, 126, 18, 126, 18]"
86,20,"[17, 77, 93, 112, 123, 192, 228]",7,0.11075238278135657,0.05397196300327778,0.3927189255066748,"[590481425, 324507421, 465696629, 267826711, 235910197, 303065933, 519676012, 415423834, 288272199, 525333814]","[228, 93, 77, 77, 77, 77, 228, 228, 228, 228]"
87,20,"[1, 32, 57, 60, 93, 166, 207, 228]",8,0.21722410898655653,0.04340928886085749,0.19251975216320716,"[505650686, 491044044, 66599930, 220173209, 571636931, 332663055, 226991267, 498922512, 498922511, 127347809]","[57, 57, 93, 57, 57, 57, 57, 57, 57, 57]"
88,20,"[17, 20, 49, 61, 82, 88, 89, 100, 188, 194, 213, 241]",12,0.2134190322831273,0.1595296636223793,0.2781521510720874,"[272691094, 18516590, 283463728, 167407740, 254672467, 523517352, 361223017, 51677329, 165066249, 359020492]","[49, 17, 213, 213, 213, 213, 82, 213, 82, 213]"
89,20,"[118, 174, 211]",3,0.02993786707520485,0.019388312939554453,0.3051138291290651,"[581116780, 388898852, 93028096, 162226153, 370799589, 112065139, 316809578, 431801735, 96753724, 312077492]","[118, 118, 118, 118, 174, 118, 118, 118, 118, 118]"
90,20,"[27, 53, 60, 75, 76, 80, 112, 231, 244]",9,0.10747927846387029,0.12261723820120096,0.22801839363657767,"[522129904, 482672322, 131364422, 165739048, 186607277, 441837004, 539114052, 594871016, 38856653, 212275851]","[231, 244, 80, 76, 53, 244, 80, 244, 80, 80]"
91,20,"[43, 126, 141, 217]",4,0.12268322193995118,0.030865582171827555,0.6280096989357844,"[71233195, 315106232, 15931559, 531063675, 60055223, 225392258, 587563381, 397904159, 263154245, 399941080]","[141, 141, 141, 141, 141, 141, 141, 141, 141, 141]"
92,20,"[1, 39, 111, 112, 166, 168, 188, 194, 196, 200, 227, 233, 239]",13,0.35145582957193255,0.16472927248105407,0.3622013377204824,"[186913484, 186913483, 308965505, 408493343, 453058695, 518336660, 96335462, 391555290, 444394351, 116054388]","[233, 233, 1, 200, 166, 166, 166, 1, 166, 166]"
93,20,"[22, 30, 38, 52, 92, 104, 105, 131, 152, 159, 185, 209, 216]",13,0.21369196334853768,0.08767960360273719,0.2680075646987042,"[377891207, 160632588, 160632589, 472766947, 160632606, 160632619, 466485235, 199734920, 300751783, 18201100]","[92, 104, 131, 92, 131, 131, 92, 22, 22, 131]"
94,20,"[72, 89, 102, 106, 132]",5,0.09709593700245023,0.04374957550317049,0.2588639278896153,"[382136867, 59486559, 224559782, 245470336, 267224959, 353902440, 353517623, 135660561, 226300732, 94152026]","[72, 72, 72, 72, 72, 72, 72, 72, 72, 72]"
95,20,"[10, 49, 82, 106, 109, 146, 168, 169, 196, 221]",10,0.18908215407282114,0.08315696055069566,0.3031817619455978,"[18146884, 544083532, 463787733, 549976233, 196792996, 103144279, 238299490, 228058477, 475963116, 286283685]","[146, 196, 146, 146, 196, 146, 196, 168, 168, 221]"
96,20,"[0, 8, 30, 61, 70, 81, 93, 112, 133, 147, 171, 184, 186, 227]",14,0.2768875169567764,0.09545129025354981,0.25285354210063815,"[260555165, 319468212, 467082314, 439330040, 66717321, 309365349, 587776524, 438416572, 515183225, 26985469]","[184, 184, 184, 227, 184, 184, 184, 184, 184, 171]"
97,20,"[52, 60, 91, 111, 112, 159, 174, 224]",8,0.14886974031105638,0.05452873231843114,0.28249406363465823,"[115689543, 522478978, 474323315, 313248135, 259914297, 390912880, 537760475, 585989401, 214100017, 44248151]","[52, 52, 52, 52, 91, 91, 52, 52, 91, 52]"
98,20,"[25, 39, 45, 47, 77, 106, 107, 111, 112, 152, 184, 210, 221, 222, 235]",15,0.3086773264221847,0.1727204443886876,0.28593326796156665,"[293850217, 465034186, 436051257, 421810546, 221883577, 161392632, 9859358, 385296377, 436051261, 43341350]","[235, 235, 235, 235, 235, 235, 235, 235, 235, 235]"
99,20,"[171, 200, 209, 227]",4,0.042872197926044464,0.028274049516767263,0.2279069937649183,"[425207392, 277529667, 433505913, 253407975, 400813724, 302092542, 456915022, 411858689, 290312855, 519964394]","[200, 200, 200, 200, 200, 200, 200, 200, 200, 200]"
100,20,"[215, 235]",2,0.029412295669317245,0.013527357950806618,0.3351033072685823,"[189226163, 402269380, 477677333, 223659315, 231583392, 132459321, 460146893, 231761919, 455867147, 477744659]","[235, 235, 235, 235, 235, 235, 235, 235, 235, 235]"
101,20,"[10, 49, 61, 77, 82, 100, 132, 164, 241]",9,0.1093557346612215,0.06058443943038583,0.1997798448945913,"[451505880, 253814188, 261514809, 547765493, 448534146, 156840648, 560850266, 236230256, 477970666, 245755937]","[77, 77, 77, 77, 77, 77, 77, 77, 77, 49]"
102,20,"[2, 32, 38, 60, 79, 81, 92, 111, 112, 139, 227, 241]",12,0.21110775927081704,0.14178010961040854,0.2588732010529687,"[192006529, 545815969, 457271210, 218483559, 321173119, 594503539, 587927733, 466518132, 344348550, 161419984]","[227, 38, 81, 60, 227, 227, 92, 227, 227, 81]"
103,20,"[20, 61, 70, 84, 96, 100, 125, 192, 194]",9,0.1331666624173522,0.07348689762875438,0.34506318534517455,"[510875360, 539756851, 317490910, 518603062, 437780003, 7220652, 240456867, 156507016, 539756890, 134163922]","[125, 20, 20, 125, 125, 125, 125, 125, 20, 192]"
104,20,"[19, 59, 64, 68, 92, 139, 183, 184, 215, 216, 222, 235, 237]",13,0.1558213597163558,0.14901825273409486,0.23156858289327759,"[478609168, 75989660, 580163753, 446026929, 94075061, 565127133, 359151986, 30766971, 403954187, 237766370]","[139, 139, 92, 216, 68, 92, 68, 68, 92, 92]"
105,20,"[19, 59, 67, 129, 212, 236]",6,0.07004099478945136,0.030938574578613043,0.17170791704362878,"[217785503, 579902028, 323935748, 573709832, 28875190, 497452100, 227360900, 183296170, 218564249, 18324536]","[129, 212, 129, 236, 236, 212, 212, 212, 129, 129]"
106,20,"[0, 4, 5, 10, 12, 17, 26, 88, 106, 111, 132, 169]",12,0.21117060584947467,0.10733930999413133,0.29585331823909655,"[354863233, 596411782, 497828607, 517538865, 474313732, 400563478, 490033426, 461669473, 414456871, 475763831]","[12, 10, 5, 26, 5, 26, 5, 5, 12, 5]"
107,20,"[4, 25, 72, 82, 112, 132, 146, 166, 184, 188, 194, 221]",12,0.20487665478140116,0.08355289790779352,0.23850774307114384,"[247104839, 191784785, 239148187, 357995125, 190732530, 66375012, 293766889, 578375153, 238251818, 398562952]","[146, 72, 72, 72, 72, 72, 72, 82, 72, 72]"
108,20,"[10, 20, 43, 60, 70, 82, 112, 132, 175, 188, 201, 210, 237, 241]",14,0.37891666078940034,0.08525732113048434,0.19783705905345933,"[531803371, 303715459, 408016726, 573727816, 188559814, 454860629, 137426596, 11354954, 264802137, 351960046]","[82, 20, 10, 82, 188, 10, 82, 60, 60, 82]"
109,20,"[8, 30, 65, 70, 79, 105, 106, 108, 112, 123, 152, 225, 231]",13,0.3268544948659837,0.15694721974432468,0.3052830758253829,"[339155718, 148334984, 136102942, 478206656, 27709387, 165469929, 219829816, 473422889, 85347169, 137930305]","[30, 30, 30, 30, 8, 30, 8, 8, 30, 30]"
110,20,"[26, 36, 54, 156, 167, 188, 201]",7,0.0882218792103231,0.05296459514647722,0.2636859180472259,"[385769113, 203104715, 40283770, 154270230, 30729626, 74921318, 575804413, 368671839, 448785531, 535765400]","[156, 54, 201, 201, 201, 188, 188, 54, 36, 54]"
111,20,"[1, 135, 166, 168, 200, 227, 233]",7,0.2708701128140092,0.0495373816229403,0.23326871288008988,"[161416661, 9980046, 563384146, 268291633, 555749580, 385787014, 83072068, 83072044, 294435903, 405546040]","[166, 166, 166, 166, 166, 166, 166, 166, 227, 166]"
112,20,"[6, 8, 39, 49, 61, 77, 82, 100, 146, 164, 188]",11,0.17101416271179914,0.07223207596689463,0.22084454747594215,"[377446304, 591528875, 33406776, 17506965, 322581294, 588132377, 522800113, 183483528, 464569999, 532541207]","[77, 100, 82, 77, 39, 77, 8, 100, 8, 100]"
113,20,"[10, 22, 70, 82, 104, 106, 195, 210, 221]",9,0.25833898363634944,0.05591837037354708,0.19532834389247,"[449302526, 33285225, 592718174, 440082159, 44646774, 583638774, 148968466, 446868315, 592718172, 97507231]","[195, 195, 82, 195, 195, 195, 22, 195, 195, 22]"
114,20,"[8, 19, 40, 75, 86, 94, 97, 106, 112, 114, 130, 147, 171, 200, 202]",15,0.24346105847507715,0.11006232956424356,0.2703140580871453,"[289481900, 304146423, 84488124, 84488125, 242859885, 93863393, 401562638, 276840775, 579413241, 225379045]","[94, 19, 94, 19, 19, 86, 94, 19, 94, 94]"
115,20,"[32, 209, 224, 239]",4,0.10486253071576357,0.0278061437420547,0.28390071587637067,"[512224738, 49959631, 68025475, 44640260, 75037765, 323500315, 44688408, 252094346, 75037766, 88914243]","[32, 32, 32, 32, 32, 32, 32, 32, 32, 32]"
116,20,"[1, 32, 60, 82, 93, 146, 209]",7,0.14359944500029087,0.04198473831638694,0.20851160562597215,"[10791807, 587255650, 72710750, 331590051, 387997237, 219452106, 587239301, 18017656, 37542374, 119156000]","[32, 32, 32, 209, 209, 209, 32, 209, 209, 209]"
117,20,"[1, 40, 43, 70, 109, 112, 114, 130, 163, 186]",10,0.3053257898427546,0.06926524871960282,0.2649105678778142,"[252015351, 107765794, 64921798, 310338841, 428193560, 328472039, 364912556, 102240323, 380796894, 306842771]","[163, 163, 163, 163, 163, 130, 163, 163, 163, 163]"
118,20,"[10, 124, 174, 239]",4,0.047486905474215746,0.02861664304509759,0.32596715999534354,"[221811232, 161855888, 122131117, 566660059, 5630875, 331163446, 552126984, 461501744, 19080473, 89949285]","[10, 124, 239, 10, 239, 124, 239, 239, 239, 239]"
119,20,"[20, 33, 49, 82, 85, 96, 100, 106, 111, 125, 188]",11,0.26819499395787716,0.07848561089485884,0.306915804553269,"[555158006, 497606658, 239869551, 157881196, 7848153, 494235158, 428479524, 560512106, 131148045, 244236527]","[96, 20, 20, 125, 96, 20, 20, 125, 20, 96]"
120,20,"[10, 18, 26, 43, 48, 126, 184, 239]",8,0.22475223429501057,0.057822410482913256,0.38956344829057343,"[432278520, 374950273, 61307981, 476045260, 337860279, 193575861, 38610481, 33841849, 63300477, 520818354]","[48, 126, 48, 48, 48, 48, 48, 48, 48, 48]"
121,20,"[6, 43, 91, 171, 186, 200, 209, 224]",8,0.1700219353660941,0.046153299044817686,0.20667647651862353,"[259071515, 437317368, 44402102, 260956334, 144942406, 302150947, 49842008, 144832277, 453704331, 554918483]","[186, 171, 171, 171, 171, 171, 171, 171, 171, 171]"
122,20,"[30, 45, 52, 105, 112, 152, 153, 184, 192, 195, 216, 235]",12,0.21567311976104975,0.14993637055158615,0.311122428063148,"[151534257, 516252519, 555103126, 163988011, 554943677, 151362101, 163988086, 516068926, 474583342, 104732148]","[45, 45, 45, 45, 45, 45, 45, 45, 45, 45]"
123,20,"[0, 4, 10, 17, 81, 106, 125, 159, 164, 180, 188, 242]",12,0.1570409471169114,0.0906403842382133,0.30694705701898783,"[300487777, 421310323, 125950689, 40487140, 328858424, 422689440, 229073607, 40435091, 279238362, 363906278]","[81, 125, 10, 17, 242, 242, 180, 242, 125, 164]"
124,20,"[10, 20, 70, 106, 125, 128, 188, 192, 194, 213, 221]",11,0.2135297185741365,0.08837551018223166,0.34056468276222324,"[329184696, 481986621, 282465296, 21483673, 130448488, 361491848, 126779615, 292221422, 263523991, 461971614]","[188, 188, 125, 20, 192, 20, 194, 20, 20, 70]"
125,20,"[0, 1, 6, 46, 132, 133, 174, 227, 241]",9,0.16864144755527377,0.05284574721008539,0.16964962258417574,"[34453432, 336266842, 302401344, 281040931, 57728762, 280987203, 281027890, 388909153, 366064393, 379931463]","[133, 133, 133, 133, 133, 133, 0, 133, 133, 133]"
126,20,"[6, 30, 79, 82, 109, 112, 123, 131, 146, 195, 217, 221]",12,0.21092727221548557,0.15253625437617302,0.32809633437621716,"[204061776, 1083858, 254193306, 430444918, 105410561, 81449818, 405371876, 553997511, 487568800, 292703334]","[6, 123, 131, 131, 221, 195, 30, 195, 6, 30]"
127,20,"[127, 159, 239]",3,0.03704205667600036,0.0230120406486094,0.43984342785552144,"[311001270, 20746912, 560340263, 560393293, 20746911, 20746913, 273059429, 311001269, 550733200, 201358112]","[127, 159, 127, 159, 127, 127, 159, 159, 127, 159]"
128,20,"[14, 32, 133, 147, 174, 228]",6,0.0645153047516942,0.03575139585882425,0.21249521058052778,"[290366674, 41302095, 156219573, 434502349, 330445947, 143893549, 576349399, 338027635, 125433616, 346486857]","[14, 14, 32, 32, 14, 14, 32, 228, 14, 174]"
129,20,"[61, 92, 107, 133, 166]",5,0.16497160587459803,0.037972078658640385,0.2270047223661095,"[448137091, 448392286, 472945285, 103233960, 112127662, 581710544, 508761575, 73854731, 81163651, 573135295]","[107, 107, 107, 107, 107, 107, 107, 107, 107, 107]"
130,20,"[10, 40, 70, 108, 112, 125, 126, 128, 159, 188, 201, 213, 214]",13,0.19594502821564674,0.10068014170974493,0.42110827181918115,"[21237069, 389692038, 73294531, 492891160, 534267918, 74450929, 78819548, 54471019, 592798190, 534216887]","[125, 213, 128, 128, 128, 125, 125, 126, 125, 125]"
131,20,"[32, 43, 52, 75, 93, 112, 114, 117, 129, 133, 192, 224]",12,0.23279895586892962,0.08063454926013947,0.26366834744112566,"[144843049, 381645569, 311725998, 302492227, 347325080, 394239299, 271296477, 585427734, 251126940, 254303757]","[224, 133, 133, 224, 224, 52, 32, 117, 52, 117]"
132,20,"[33, 96, 100, 106, 125, 188, 213]",7,0.17820190638303757,0.05873774131760001,0.3710248320296939,"[467942678, 119184862, 423604403, 420150266, 394600789, 460645518, 466358760, 480058543, 66305844, 193942025]","[125, 100, 100, 96, 96, 96, 125, 125, 125, 125]"
133,20,"[0, 48, 89, 106, 111, 112, 125, 128, 184, 188, 201, 215]",12,0.24336767755448818,0.097246911842376,0.31782779400236905,"[27638381, 587063191, 278367015, 210299071, 548699003, 59965538, 99250661, 70726562, 374597671, 374457227]","[215, 106, 215, 215, 48, 48, 215, 215, 125, 188]"
134,20,"[37, 54, 81, 96, 106, 109, 112, 125, 164, 167, 188, 201, 213]",13,0.18539157276973128,0.11009484203532338,0.33336625330579966,"[143589485, 135549895, 307960537, 4270688, 107046204, 64887395, 272760053, 55406213, 563820449, 385745949]","[213, 213, 213, 213, 213, 213, 213, 125, 213, 213]"
135,20,"[72, 106, 161]",3,0.03510259324684739,0.09531528688967228,0.23704296707486114,"[67472639, 17262987, 366376880, 332916842, 585545534, 60621647, 353502752, 550299376, 570277472, 268125021]","[161, 72, 72, 72, 72, 161, 72, 161, 72, 106]"
136,20,"[125, 164, 166, 167, 201, 241]",6,0.14659532951191068,0.035312385763973,0.2494016665344437,"[115678467, 138660787, 206547408, 322208855, 103505158, 575231737, 534529739, 549748325, 231814885, 473893320]","[167, 167, 241, 167, 167, 167, 167, 167, 167, 241]"
137,20,"[1, 25, 38, 57, 174, 175, 209, 227, 241]",9,0.24114955542609096,0.05117130931466818,0.2048846552821083,"[120768413, 130690256, 567764785, 567693048, 460885708, 574450670, 134764221, 567700714, 583042124, 183749417]","[174, 227, 57, 57, 57, 57, 174, 57, 57, 57]"
138,20,"[4, 20, 22, 104, 105, 107, 175, 195]",8,0.25247706612572074,0.04607118619605899,0.17670935887144879,"[116889780, 315408916, 382484035, 177901450, 478663591, 267907949, 309213842, 357571673, 116892332, 243561153]","[22, 22, 22, 22, 22, 22, 22, 22, 22, 22]"
139,20,"[14, 52, 57, 61, 105, 159, 175, 228, 237]",9,0.15857957676053047,0.05759642459452152,0.22024050062625772,"[181851759, 379011445, 558091414, 429357841, 555205646, 556446121, 537076483, 555205647, 166091208, 356562303]","[228, 228, 228, 52, 228, 228, 228, 228, 228, 228]"
140,20,"[60, 239, 240]",3,0.02975274622440338,0.019425528589636087,0.2021547925348083,"[582402075, 172668992, 151201873, 535504318, 454047548, 204333902, 43870016, 417872236, 542298378, 55472578]","[240, 240, 240, 60, 60, 60, 60, 60, 240, 60]"
141,20,"[2, 32, 38, 60, 109, 159, 206, 237, 240]",9,0.09710345277562737,0.12233189074322581,0.22570086110176313,"[537721664, 301553447, 256343955, 115983765, 413477262, 272254294, 416729267, 574874608, 211422803, 241895279]","[240, 240, 240, 240, 2, 240, 240, 240, 240, 240]"
142,20,"[10, 20, 49, 58, 82, 100, 188]",7,0.07284321542829275,0.04752677958458662,0.21036000370181032,"[371828666, 371880725, 371883663, 195213819, 285267748, 195276034, 401566150, 132094197, 109876089, 144147132]","[82, 82, 82, 82, 82, 82, 82, 82, 82, 82]"
143,20,"[39, 49, 61, 82, 100, 112, 146, 169, 196, 227, 239, 241]",12,0.24338326323777437,0.08964130468666553,0.2758796254056506,"[568603293, 438474876, 108137780, 193237893, 324003770, 568595552, 369049065, 55729924, 194741001, 518618910]","[100, 100, 82, 100, 82, 82, 100, 100, 82, 100]"
144,20,"[99, 166, 233]",3,0.09530363837257028,0.015240965876728296,0.18184067704714835,"[311197008, 28542321, 94886358, 470289830, 404809611, 61988430, 200639384, 467036186, 429555236, 106618145]","[233, 233, 233, 233, 233, 233, 233, 233, 233, 233]"
145,20,"[19, 52, 61, 68, 106, 110, 159, 172, 184, 209]",10,0.10310040833428502,0.06121260253712535,0.1945097027113661,"[466844055, 158241344, 564334797, 262786726, 466939927, 570321692, 313084790, 467090244, 523351586, 497892071]","[159, 172, 184, 184, 159, 184, 184, 159, 184, 184]"
146,20,"[6, 30, 166, 168, 171, 200, 227]",7,0.22014050092548132,0.056448801420629025,0.3234383203754468,"[282835417, 576824951, 94479661, 198383382, 415237356, 469531690, 320993321, 557146566, 547914671, 80184097]","[171, 171, 171, 171, 171, 171, 171, 171, 171, 171]"
147,20,"[1, 4, 30, 53, 60, 75, 82, 109, 112, 146, 206]",11,0.2044702498242259,0.07575702294707298,0.25634669683958317,"[325077166, 325077150, 87742785, 397267301, 80319033, 136112845, 485725779, 533360462, 17935748, 107421762]","[75, 206, 109, 206, 60, 146, 60, 60, 109, 75]"
148,20,"[6, 8, 10, 40, 93, 112, 126, 171, 186, 209, 224]",11,0.2640946824103594,0.0812146132811904,0.3615240205968307,"[71280009, 546455453, 95635881, 400278764, 509200431, 163464817, 163424852, 507441751, 503261427, 510645792]","[224, 224, 224, 224, 224, 224, 224, 224, 224, 224]"
149,20,"[5, 10, 12, 67]",4,0.03601222997531295,0.024770032614469528,0.17694443510845304,"[541511178, 541511182, 194085273, 43236799, 541511183, 245424510, 194125449, 23781916, 270684300, 250027846]","[5, 5, 5, 5, 5, 5, 5, 5, 5, 5]"
150,20,"[36, 54, 112, 201]",4,0.05960286594927311,0.033867898397147655,0.32289994379971176,"[132817667, 564097636, 59680335, 37010459, 195097925, 318963254, 409419718, 244794993, 85163744, 563806023]","[36, 36, 36, 54, 36, 36, 36, 36, 36, 36]"
151,20,"[14, 68, 184]",3,0.02499064290896058,0.016124139074236155,0.16680401602449516,"[579272775, 198792342, 119054950, 122498423, 428817812, 348551822, 140935518, 343321797, 122476015, 334775338]","[68, 68, 68, 68, 68, 68, 68, 68, 68, 68]"
152,20,"[18, 20, 33, 61, 85, 96, 100, 188, 194]",9,0.2337279529310763,0.12370956083759665,0.24468499698883128,"[105570492, 599941963, 276670669, 559609191, 313044219, 538238323, 29938305, 411145739, 402100654, 339278603]","[96, 96, 96, 96, 20, 96, 96, 85, 20, 33]"
153,20,"[10, 81, 93, 111, 128, 164, 167, 188, 211, 239, 241]",11,0.14957121200859547,0.07367864390835166,0.24456217654303394,"[90922693, 580125627, 77621675, 486877138, 25465135, 60120932, 13266161, 359574809, 74689141, 455790337]","[211, 81, 81, 81, 81, 81, 81, 81, 188, 81]"
154,20,"[12, 84, 112, 175, 192]",5,0.13485447596758604,0.08981286035850644,0.28578468593768774,"[115100181, 262783279, 356919727, 223545910, 228977617, 552611349, 67552775, 25488434, 85002289, 565728022]","[84, 175, 192, 192, 192, 192, 192, 192, 192, 192]"
155,20,"[45, 64, 68, 184, 235]",5,0.04335543140769005,0.028281825128942728,0.17088641803711652,"[227716460, 437534632, 563016460, 595899684, 528585632, 242093159, 519476207, 401045029, 345423960, 181561685]","[68, 68, 68, 68, 68, 68, 68, 68, 68, 68]"
156,20,"[171, 200, 209, 241]",4,0.05799002666026354,0.024472367949783802,0.1952070989063941,"[561574493, 538941863, 461504633, 2155163, 348526226, 304166265, 446030645, 194953949, 215311216, 194960142]","[200, 200, 200, 200, 200, 200, 200, 200, 200, 200]"
157,20,"[4, 8, 10, 37, 40, 49, 75, 81, 109, 112, 148, 186, 200, 214]",14,0.22527885530143976,0.17332566063851118,0.2681495510374329,"[477806359, 315167901, 217514137, 523159681, 22404047, 221715805, 519269859, 135075794, 502238607, 139290105]","[186, 10, 40, 75, 186, 8, 109, 8, 186, 4]"
158,20,"[39, 60, 77, 79, 82, 87, 106, 109, 146, 187, 195, 210, 221]",13,0.21471836138516665,0.0804304825142026,0.20881906527882585,"[519835655, 538157273, 388304270, 388304272, 538157274, 232479446, 98895669, 318363603, 538157278, 102816328]","[187, 187, 187, 187, 187, 187, 221, 109, 187, 187]"
159,20,"[0, 2, 8, 25, 38, 47, 60, 61, 107, 112, 126, 129, 152, 174, 181, 184, 209, 215]",18,0.33607776556164026,0.18593615153804421,0.3139028845536005,"[238638162, 443901149, 318878112, 547774955, 423985729, 443173565, 7620451, 333266724, 401425342, 586864529]","[8, 129, 2, 60, 25, 184, 2, 215, 8, 47]"
160,20,"[4, 6, 8, 60, 99, 146, 168, 207, 227, 228, 233]",11,0.16099014692008495,0.13664059760048985,0.2056145076216622,"[108932684, 256200678, 30829057, 222750403, 339874296, 588889555, 75522853, 75577939, 588817807, 16998124]","[228, 207, 6, 228, 6, 6, 6, 6, 6, 207]"
161,20,"[33, 85, 96, 111]",4,0.19440591568127275,0.0298625361174345,0.38228046032600105,"[44065614, 179348278, 196227061, 43290414, 398670924, 406460569, 495915116, 556150387, 364911082, 207472696]","[96, 96, 33, 85, 33, 33, 96, 96, 96, 96]"
162,20,"[43, 54, 58, 82, 109, 128, 167, 186, 188, 201]",10,0.15024680085480213,0.06669793743640184,0.20444597415626048,"[372189215, 460893713, 242686067, 154230949, 509750085, 531825344, 156802197, 112683953, 289661874, 462645119]","[186, 109, 186, 109, 167, 186, 109, 58, 109, 54]"
163,20,"[14, 30, 37, 70, 77, 81, 93, 111, 112, 114, 125, 133, 213, 217, 228]",15,0.32236026553437114,0.12605001451447606,0.39387575158228477,"[377887185, 471856179, 239041397, 86523242, 40695529, 446655610, 593763692, 283805603, 494931706, 105029832]","[77, 125, 37, 77, 37, 77, 37, 77, 81, 77]"
164,20,"[54, 188, 201]",3,0.030487564392387867,0.019447479862719774,0.20991843248096606,"[382825464, 382791356, 139798550, 241518463, 139661159, 197307204, 197122395, 172313904, 177822160, 256633614]","[54, 54, 54, 201, 54, 54, 54, 54, 54, 54]"
165,20,"[0, 75, 93, 117, 171, 186, 209]",7,0.07149143097922206,0.10490217804908752,0.21489500420700228,"[225308057, 236165849, 551637064, 271202674, 225294851, 343508960, 378929497, 414598141, 216633273, 141525903]","[117, 117, 117, 117, 117, 117, 117, 117, 171, 186]"
166,20,"[39, 49, 58, 82, 88, 111, 166, 168, 196, 227]",10,0.22745669074356556,0.07972833421081305,0.35232519612181934,"[469502761, 408767841, 449429478, 449228667, 91063653, 87664472, 188483153, 436119478, 423521800, 91416017]","[196, 168, 196, 196, 168, 196, 196, 168, 168, 196]"
167,20,"[20, 39, 82, 84, 100, 167, 192]",7,0.09945955872535706,0.05453352862969041,0.30621808637598796,"[224559852, 541176579, 460707266, 362387758, 290855427, 160614502, 495271632, 72907774, 365464132, 552398440]","[39, 39, 39, 39, 39, 39, 39, 100, 82, 84]"
168,20,"[14, 32, 63, 93, 175, 192]",6,0.17410204699262977,0.04539259010925889,0.24252995914624384,"[244510764, 397488901, 306509257, 133988263, 66921421, 546401277, 119908493, 136010040, 459311214, 101468890]","[32, 32, 63, 63, 32, 32, 32, 32, 32, 32]"
169,20,"[36, 54, 201]",3,0.04095317982137203,0.02395713422447443,0.2933807415732493,"[496007121, 125640005, 14409541, 146605441, 375462570, 347580490, 508260488, 15457791, 140065711, 588342549]","[36, 36, 36, 36, 36, 201, 36, 54, 54, 36]"
170,20,"[0, 20, 36, 39, 46, 58, 77, 85, 96, 125, 167, 201, 210]",13,0.25212051812559366,0.0909555540420115,0.26118898979173255,"[419460675, 479731829, 464268983, 424787647, 298811605, 350911126, 351017656, 337207486, 256587053, 538880204]","[20, 210, 20, 210, 210, 20, 125, 20, 20, 20]"
171,20,"[0, 20, 33, 54, 81, 111, 112, 125, 128, 192, 213]",11,0.27531524654477835,0.08697604667395353,0.37606927644546057,"[276967714, 238030946, 574034175, 468349161, 264597840, 363692378, 113580006, 544968739, 166921826, 243061326]","[20, 20, 192, 213, 20, 192, 125, 20, 20, 20]"
172,20,"[10, 77, 127, 228]",4,0.047776986844837666,0.029491878580302,0.3827209736336954,"[436963377, 41425998, 573923195, 200860855, 432120631, 39364833, 234428732, 353743490, 303611741, 310392450]","[77, 77, 77, 77, 77, 77, 77, 77, 77, 77]"
173,20,"[10, 39, 43, 60, 192, 216, 244]",7,0.2161902403458953,0.05349109321832657,0.30931654180000934,"[421516192, 123334203, 334586467, 123334202, 420097424, 396249398, 508078072, 432729141, 357285491, 338106395]","[60, 60, 60, 60, 60, 60, 60, 60, 60, 60]"
174,20,"[27, 32, 63, 93, 97, 126, 174, 194, 221, 239]",10,0.15377245284616947,0.07682915078476071,0.41917076979298146,"[66236774, 335251301, 110095053, 171769894, 66243966, 240563277, 346573541, 479688324, 247553257, 456570413]","[93, 32, 32, 32, 93, 93, 32, 93, 32, 32]"
175,20,"[63, 70, 84, 93, 105, 175, 192]",7,0.14463372016325593,0.04841986810788512,0.25035841586733504,"[117436995, 529364040, 493597761, 548840527, 549319923, 405522861, 594085667, 207151906, 549325063, 589583790]","[84, 84, 84, 84, 84, 84, 192, 84, 84, 175]"
176,20,"[36, 54, 129, 156, 167, 201]",6,0.11648130184039474,0.04446279630064964,0.26582492639621097,"[505163271, 401411118, 125805490, 564320947, 507347585, 441812457, 578366134, 150867596, 343791582, 225892869]","[201, 167, 201, 54, 167, 54, 167, 201, 201, 201]"
177,20,"[1, 39, 65, 70, 84, 93, 105, 184, 192]",9,0.187324155587703,0.06604388728737831,0.281101922918525,"[583864537, 445737795, 208676328, 493591620, 502994434, 152121484, 11749472, 150813866, 548504950, 450062982]","[192, 192, 93, 192, 192, 192, 84, 65, 93, 192]"
178,20,"[20, 49, 61, 70, 77, 82, 88, 89, 93, 108, 109, 125, 132, 169, 184, 194, 227, 241]",18,0.2925974694080651,0.11684818426147103,0.21573011650859067,"[308670354, 592022775, 267011792, 492913202, 475784296, 579008437, 269634507, 551569304, 323250630, 172532783]","[20, 20, 20, 184, 20, 194, 194, 20, 20, 20]"
179,20,"[1, 6, 8, 17, 30, 60, 82, 91, 93, 175, 227, 241]",12,0.4302505161613226,0.07922762772068381,0.2438395667122677,"[482489709, 482513369, 272075377, 190953394, 272075266, 560202704, 23390111, 475524205, 560138741, 281989583]","[6, 93, 8, 93, 8, 8, 93, 8, 8, 241]"
180,20,"[1, 20, 63, 77, 81, 82, 84, 93, 166, 167]",10,0.2253842637874186,0.054001047275960445,0.17105047714430838,"[550905159, 246634158, 476949661, 311952454, 222413070, 157783429, 320641167, 496177960, 94727527, 28150409]","[81, 81, 81, 84, 81, 81, 81, 166, 81, 63]"
181,20,"[10, 26, 58, 67, 82, 132, 201, 236, 241]",9,0.12370367115363479,0.1363098411820829,0.1837169260510968,"[460349990, 164775229, 545020148, 450265851, 253605116, 556688818, 451282112, 207422151, 489718353, 545301961]","[67, 67, 67, 82, 67, 236, 67, 67, 67, 67]"
182,20,"[10, 63, 70, 84, 93, 132, 175, 192, 239]",9,0.1623942144215107,0.06508996244519949,0.2353174150145302,"[254509575, 127662267, 552817184, 553072338, 137902141, 34127478, 269396313, 526098036, 586588591, 451929378]","[192, 84, 84, 192, 10, 192, 192, 192, 192, 84]"
183,20,[235],1,0.009555019903928041,0.00556335411965847,0.1912327699828893,"[103572512, 218500680, 69235722, 227639106, 23055104, 366728558, 86445881, 363464748, 353530693, 14502400]","[235, 235, 235, 235, 235, 235, 235, 235, 235, 235]"
184,20,"[10, 72, 82, 106, 132, 188, 239, 242]",8,0.12955006631091237,0.068240184802562,0.2239782263932284,"[202398807, 573977570, 140199749, 49493021, 285291463, 467778939, 285208869, 49429263, 234142149, 466627293]","[10, 242, 239, 10, 10, 188, 242, 10, 10, 242]"
185,20,"[2, 8, 10, 51, 61, 70, 85, 89, 132, 164, 169, 185, 188]",13,0.27040511230006814,0.08843333180993795,0.19521996704861522,"[388226724, 511745332, 48954299, 487167005, 146461299, 548233081, 105507382, 248530841, 236721360, 326395934]","[132, 10, 132, 185, 132, 2, 85, 132, 132, 169]"
186,20,"[6, 43, 67, 112, 148, 167, 186, 200, 209, 224]",10,0.22735227225348353,0.06301100924611092,0.23983553324360402,"[95901209, 250181636, 250214702, 188091529, 28348846, 330634046, 466863412, 181101373, 103465531, 547048924]","[186, 186, 186, 186, 186, 43, 186, 43, 186, 186]"
187,20,"[5, 25, 77, 84, 174, 175, 193]",7,0.15433865739032626,0.0374553082510829,0.16489463695324957,"[441212914, 199342980, 84693467, 175992831, 394989135, 84867293, 365170347, 352397999, 250757343, 56096698]","[5, 175, 175, 174, 174, 175, 174, 175, 77, 5]"
188,20,"[1, 25, 46, 59, 77, 88, 133, 175, 210, 228]",10,0.33640954038128257,0.05364027665928006,0.172499837866053,"[334562342, 334598495, 334598493, 168176079, 334501887, 375110893, 116216281, 117751874, 115872543, 168295608]","[46, 46, 46, 46, 46, 46, 46, 25, 46, 46]"
189,20,"[20, 70, 110, 111, 125, 156, 184, 188, 194, 201, 213, 241]",12,0.1876231306232512,0.0887658130377531,0.32592269545421004,"[6355308, 410055028, 194819497, 255599691, 61692006, 273536667, 509015108, 76539414, 144668274, 303434885]","[125, 241, 125, 241, 70, 188, 241, 111, 241, 241]"
190,20,"[32, 60, 92, 112, 114, 194, 227, 239]",8,0.10977147659286857,0.13024754263460636,0.30117364137549885,"[344564768, 191845909, 35045917, 301643958, 344703644, 130554732, 492702621, 394112207, 578354095, 231678489]","[32, 60, 32, 32, 32, 32, 32, 32, 32, 32]"
191,20,"[38, 79, 92, 135, 227]",5,0.09190336475148797,0.02399086207151413,0.16846571029163898,"[171442642, 32631619, 335520897, 501602611, 432581730, 539090239, 546251617, 361241062, 352322111, 494548963]","[227, 227, 227, 227, 227, 38, 227, 227, 227, 227]"
192,20,"[72, 102, 106, 180, 242]",5,0.07952183624729514,0.04695013351738453,0.3615612530615181,"[318392068, 320139952, 117568705, 549951739, 2916007, 457005169, 389366056, 66118274, 98581984, 289795814]","[106, 180, 106, 180, 180, 242, 102, 102, 102, 102]"
193,20,"[60, 239, 240]",3,0.02991191204637289,0.019577017053961754,0.2021547925348083,"[538484149, 226255915, 538512593, 260666, 485981084, 266275898, 153495727, 478586406, 300018527, 511293266]","[240, 240, 240, 240, 240, 240, 240, 240, 240, 240]"
194,20,"[26, 61, 65, 148]",4,0.044766093604266644,0.027614975348114967,0.23116051749093458,"[313600579, 10172977, 572186396, 548240362, 478226485, 470251629, 572678835, 11734662, 176079291, 78121338]","[65, 65, 65, 65, 65, 65, 65, 65, 26, 65]"
195,20,"[20, 39, 82, 84, 100, 128]",6,0.1103744232095778,0.04318342870101333,0.2539722041692585,"[362343117, 284531044, 329153369, 340689957, 390289754, 143120312, 222551320, 19060061, 585852409, 321015544]","[82, 82, 82, 82, 39, 82, 39, 82, 82, 82]"
196,20,"[32, 93, 209, 227, 239, 240, 241]",7,0.08885900070890784,0.042183232959359884,0.19946020010060497,"[306931078, 405845132, 597686959, 82312785, 168998111, 597636209, 120938282, 432681985, 327950004, 511250089]","[93, 93, 93, 93, 240, 93, 93, 93, 240, 240]"
197,20,"[2, 32, 46, 47, 97, 118, 127, 147, 209, 212, 216, 228, 240]",13,0.29111563647165895,0.09369309991598129,0.35448690924721843,"[434719975, 472032412, 547329297, 270471031, 547553899, 480557183, 324237631, 520654767, 442910672, 396281211]","[97, 46, 32, 32, 32, 32, 97, 212, 212, 118]"
198,20,"[54, 167, 201]",3,0.03331647301092744,0.021503937430679798,0.23136353477214774,"[117765081, 373308842, 190182926, 207357695, 144646103, 150867596, 329067235, 57539513, 359502231, 523309804]","[201, 201, 201, 201, 54, 201, 201, 201, 54, 201]"
199,20,"[167, 201]",2,0.020643198862671852,0.013087194878607988,0.2112155540380627,"[39345817, 161356029, 54506849, 586706085, 44487264, 387032307, 161446401, 6822141, 129685551, 64708726]","[167, 167, 167, 167, 167, 167, 201, 167, 167, 167]"
200,20,"[0, 5, 10, 12, 18, 26, 51, 126, 181, 239]",10,0.12173201376572251,0.07487269211560488,0.338128403457813,"[175096196, 260860729, 381846485, 296481143, 100710622, 175919348, 199360428, 397088663, 120517343, 515305740]","[26, 26, 12, 12, 12, 12, 12, 12, 12, 12]"
201,20,"[39, 60, 63, 84, 93, 112, 159, 175, 196, 227, 239, 241]",12,0.23252839175984263,0.146278559230268,0.24125080524633327,"[192395646, 90855074, 37233593, 37233594, 90855069, 90855073, 90855072, 397185503, 205513516, 171362839]","[63, 84, 84, 84, 84, 93, 39, 84, 84, 39]"
202,20,"[5, 82, 146, 159, 174, 175, 200, 216]",8,0.13926972495391965,0.04833446070551872,0.19401948049198836,"[377330137, 97447570, 30899884, 464460003, 171581726, 243250532, 189127591, 231977139, 410312031, 505238245]","[175, 175, 175, 159, 175, 175, 175, 175, 175, 175]"
203,20,"[20, 38, 59, 70, 82, 84, 89, 105, 128, 159, 174, 192, 237, 240]",14,0.18468004325404763,0.16373873315751553,0.2187924279132858,"[583040551, 557307240, 205637431, 304503096, 135118508, 484396091, 39186597, 370398741, 240826567, 224556329]","[84, 128, 237, 237, 192, 237, 84, 237, 128, 240]"
204,20,"[10, 49, 81, 82, 164, 188, 241, 242]",8,0.0985861481167376,0.04859075043350458,0.2011826012749225,"[575735573, 458857627, 111196413, 205813791, 458945783, 385545486, 541713224, 320037205, 513330716, 356767655]","[81, 49, 49, 10, 49, 49, 49, 49, 81, 49]"
205,20,"[10, 39, 72, 106, 132, 188, 242]",7,0.09432859253138304,0.11882083024829626,0.26623229632553247,"[245250692, 321331342, 239518695, 262741634, 64990351, 73491323, 220129541, 428522198, 377067390, 545767797]","[188, 242, 242, 242, 242, 242, 242, 72, 242, 72]"
206,20,"[12, 48, 68, 183, 184, 194]",6,0.06567777041345835,0.03870030539110303,0.22920809872448444,"[190700844, 136395417, 488840874, 488773708, 481299369, 75870846, 263187519, 267748222, 190684424, 597462537]","[68, 68, 48, 48, 68, 68, 68, 68, 68, 68]"
207,20,"[10, 36, 54, 106, 108, 111, 156, 192, 194, 201]",10,0.17162513500079513,0.09391370974481106,0.3787613098043948,"[80352651, 258132591, 599103989, 269933265, 172759973, 279711769, 492165791, 157303392, 87612113, 452297173]","[54, 36, 54, 54, 54, 54, 36, 54, 194, 54]"
208,20,"[10, 49, 77, 82, 100, 132, 175, 195, 228]",9,0.1912553389556706,0.06644260976463556,0.19403939174177745,"[191219637, 561236930, 335134646, 274196408, 572823003, 336144356, 249925343, 237006714, 369261323, 431304777]","[77, 77, 10, 77, 77, 77, 100, 10, 100, 175]"
209,20,"[17, 33, 89, 96, 125, 188]",6,0.18340826407074928,0.04266323568299413,0.3448425792545701,"[457932028, 424620168, 270001057, 126485989, 494806968, 474884568, 192111966, 411217520, 499019896, 516031570]","[125, 125, 96, 125, 125, 125, 125, 125, 96, 125]"
210,20,"[60, 109, 240]",3,0.030800077132880688,0.02067593391984701,0.20764429479216537,"[282181337, 178507622, 228138065, 250579398, 15306275, 250574266, 209004159, 442590983, 318470684, 283438076]","[240, 240, 240, 240, 240, 240, 60, 240, 240, 60]"
211,20,"[10, 39, 49, 82, 100, 111, 239]",7,0.12285099551081657,0.12598991952836514,0.35982039414479267,"[421614196, 191842553, 705389, 20298494, 238211637, 201239098, 63479802, 477256244, 5867019, 381212532]","[82, 82, 39, 49, 100, 100, 100, 100, 100, 100]"
212,20,"[5, 10, 46, 59, 67, 82, 127, 159, 175, 210]",10,0.2015133067034185,0.062387548852711916,0.24030368884559722,"[427804312, 358787744, 519149511, 291297814, 456252842, 519010642, 543821520, 44796746, 519699142, 513600491]","[175, 46, 46, 46, 5, 46, 46, 46, 46, 46]"
213,20,"[22, 70, 104, 105, 192]",5,0.18394922511652112,0.03678538603708148,0.2856923513114452,"[204398649, 300328709, 558467379, 371938691, 558590194, 544707789, 206269197, 294209137, 558590247, 95669075]","[22, 22, 22, 22, 22, 22, 22, 22, 22, 22]"
214,20,"[6, 30, 91, 129, 171, 186, 200, 209]",8,0.14519228134304285,0.05665014684200287,0.2822924392821733,"[267139604, 504362065, 314766071, 503767635, 240944350, 587386477, 200675898, 98637538, 346695252, 269399973]","[91, 91, 91, 91, 91, 91, 91, 91, 91, 91]"
215,20,"[20, 39, 60, 100, 111, 128, 194]",7,0.11835839645937085,0.061357656959444284,0.3729632485524884,"[101264138, 6324193, 227699365, 348414417, 67605957, 391013241, 538895033, 454800528, 10452797, 486647401]","[60, 39, 39, 100, 39, 194, 111, 194, 39, 20]"
216,20,"[14, 32, 63, 93, 228, 239]",6,0.11903932970017195,0.03520067175850272,0.19746395464365682,"[545738633, 131520801, 22256055, 209620308, 342089625, 478804827, 412804426, 460533547, 182740574, 504022969]","[32, 228, 32, 32, 32, 32, 228, 32, 32, 32]"
217,20,"[10, 20, 49, 82, 100, 109, 128, 188, 239, 241]",10,0.11932051414623857,0.06291830539703369,0.1999456156976521,"[181530598, 342643440, 283438531, 74957088, 402439230, 413157942, 330618031, 299742533, 121885518, 423282609]","[49, 82, 100, 49, 49, 128, 49, 49, 82, 82]"
218,20,"[39, 60, 72, 111, 112, 128, 168, 188, 194, 210, 233, 239]",12,0.29287266731262207,0.0922134481370449,0.3445793802384287,"[277331506, 259608549, 524474363, 212001876, 311527520, 260505673, 465222397, 98852285, 62118408, 137043841]","[233, 239, 39, 39, 128, 60, 39, 233, 72, 194]"
219,20,"[27, 32, 42, 117, 206]",5,0.052162991371005774,0.030158538836985826,0.24582492518238724,"[8696237, 112356361, 152426640, 371110076, 152569041, 287037603, 18920992, 558990484, 359534568, 114455695]","[27, 27, 27, 27, 27, 27, 27, 27, 27, 27]"
220,20,"[20, 22, 70, 105, 131, 153, 192]",7,0.12697517266497016,0.04700779914855957,0.244941933912092,"[225365826, 215754056, 430759733, 280571589, 10298824, 150427883, 31452712, 540102773, 223818139, 225365827]","[105, 22, 105, 153, 105, 70, 105, 105, 105, 105]"
221,20,"[10, 49, 132, 169, 188, 194, 239]",7,0.08285740204155445,0.0569288688711822,0.2517944497854582,"[554741423, 138022694, 549189925, 486320206, 72330407, 485239585, 446883112, 359949891, 451661731, 140214048]","[10, 194, 239, 10, 49, 49, 239, 10, 194, 49]"
222,20,"[17, 96, 125, 184, 188, 194, 201, 215]",8,0.1300425478257239,0.12684640288352966,0.3981236323888879,"[75657568, 499399679, 500920022, 530989305, 427708890, 121838834, 75728776, 370266957, 409790152, 337671548]","[188, 194, 188, 215, 188, 188, 188, 125, 215, 215]"
223,20,"[1, 32, 43, 77, 93, 97, 112, 201, 221, 228]",10,0.24190984154120088,0.06430947640910745,0.25614604784641415,"[499165963, 244806872, 39179679, 62184164, 387930108, 515925033, 23305869, 336165488, 388217715, 190090106]","[93, 93, 93, 93, 93, 93, 93, 93, 93, 93]"
224,20,"[0, 10, 51, 72, 106, 175, 209, 210, 221, 239]",10,0.27651662519201636,0.07203472824767232,0.23148434290196745,"[154837546, 399263082, 142742184, 262616471, 365575534, 116430779, 151510096, 215296272, 461781526, 301064167]","[10, 10, 239, 106, 72, 221, 51, 51, 72, 239]"
225,20,"[10, 18, 37, 40, 43, 75, 81, 106, 109, 114, 128, 186, 188]",13,0.2515281252563,0.09079769672825933,0.23274056180022085,"[500500670, 204872419, 261717024, 448708491, 108034951, 316048887, 316260945, 308059852, 271403247, 283243693]","[109, 109, 109, 109, 109, 10, 109, 109, 109, 109]"
226,20,"[19, 147, 170, 174, 212, 228]",6,0.06603943696245551,0.039805463049560785,0.23413037640663484,"[278009245, 326881909, 354220824, 200689784, 435322483, 338557570, 278009243, 277984274, 578033863, 213097581]","[170, 19, 170, 170, 228, 19, 19, 19, 228, 19]"
227,20,"[1, 63, 82, 84, 175]",5,0.1743293716572225,0.027270300779491663,0.1681425515562296,"[70718408, 185309778, 234748239, 169715958, 190064966, 408452482, 449549112, 190011432, 485474420, 1012876]","[175, 84, 84, 84, 1, 84, 84, 1, 84, 84]"
228,20,"[5, 10, 51, 118, 174, 211, 221, 239]",8,0.08559536654502153,0.05558569356799126,0.25780099001713097,"[461672923, 469749072, 23241304, 297472075, 432341210, 591050149, 6267407, 419969441, 23439075, 443494384]","[174, 174, 51, 51, 239, 174, 174, 174, 174, 174]"
229,20,"[10, 51, 115, 124, 126, 181, 194, 239]",8,0.1860504485666752,0.06676945788785815,0.529046167008346,"[165110528, 67586582, 99217799, 224393251, 134889273, 210985184, 466738673, 512128119, 586084807, 506490132]","[51, 124, 51, 239, 115, 239, 124, 124, 239, 239]"
230,20,"[8, 14, 32, 77, 93, 97, 106, 112, 117, 169, 194, 228, 239, 241]",14,0.2848804695531726,0.10164475347846746,0.26575090491678566,"[474953049, 3530994, 80636957, 332889903, 111052390, 73800392, 265626474, 443255431, 443331686, 1847177]","[228, 228, 194, 93, 228, 32, 241, 32, 32, 32]"
231,20,"[25, 61, 81, 88, 107, 112, 166, 178, 210]",9,0.20863855443894863,0.05298964865505695,0.21664818570328256,"[89991653, 140059817, 580530365, 168182756, 104853591, 419975735, 143005337, 428699298, 584630012, 80501965]","[107, 107, 88, 166, 166, 88, 107, 88, 88, 61]"
232,20,"[0, 19, 21, 30, 112, 123, 131, 168, 172, 202, 211]",11,0.22158904187381268,0.07773072458803654,0.33811123707247054,"[98713409, 177909277, 147394442, 91107562, 549726742, 147394445, 546114314, 214941217, 5025601, 490019212]","[30, 21, 131, 131, 172, 172, 131, 172, 19, 131]"
233,20,"[10, 49, 67, 188, 242]",5,0.04966166662052274,0.03147159889340401,0.20709426500834524,"[504984856, 242431554, 239327738, 126373020, 396066068, 194968599, 212705817, 111084544, 288421610, 295519136]","[49, 242, 242, 10, 49, 188, 49, 49, 49, 49]"
234,20,"[5, 174, 242]",3,0.02849661000072956,0.018908726051449776,0.20020591576273242,"[159770241, 344713989, 576938714, 267320803, 98413529, 584767076, 112874534, 591298840, 551654143, 187169498]","[5, 5, 5, 5, 5, 5, 5, 5, 5, 5]"
235,20,"[39, 84, 100, 128, 165, 166]",6,0.1729105799458921,0.04914620891213417,0.4697920112715413,"[207287074, 581377569, 487295500, 315719430, 581364594, 241399605, 260869230, 76527956, 263214848, 473129382]","[166, 166, 166, 166, 166, 166, 166, 166, 166, 166]"
236,20,"[39, 60, 79, 82, 106, 109, 146, 187, 221, 244]",10,0.1638305396772921,0.13244338752701879,0.24130735762882977,"[252807156, 513130372, 413571677, 327254144, 71337707, 12061169, 327484327, 131792897, 488905857, 591291984]","[187, 244, 187, 187, 109, 187, 187, 60, 221, 109]"
237,20,"[1, 4, 19, 61, 175, 228]",6,0.18162764608860016,0.03241221373900771,0.16359490986603,"[146209864, 207416052, 443569561, 308277021, 19206867, 192562765, 244611117, 199106263, 200513652, 308914882]","[19, 19, 19, 19, 228, 19, 19, 19, 19, 19]"
238,20,"[8, 10, 20, 70, 82, 84, 100, 126, 164, 175, 192]",11,0.257118774112314,0.14364958135411143,0.3601390533995899,"[111866789, 389621074, 459518741, 258697845, 30828443, 420000791, 278139817, 190378584, 241714159, 29720461]","[20, 82, 20, 20, 20, 20, 20, 20, 20, 20]"
239,20,"[20, 36, 54, 167, 192, 201]",6,0.08277289010584354,0.04884495958685875,0.2992926496081054,"[576170942, 471806674, 540790931, 576845681, 471806675, 47270806, 497348389, 341138726, 437624085, 593293856]","[54, 54, 54, 54, 54, 54, 54, 54, 54, 54]"
240,20,"[1, 39, 100, 146, 166]",5,0.20192389795556664,0.03462339099496603,0.2758313556201756,"[465379783, 533899989, 570130124, 470519715, 311758170, 592727661, 476286188, 339323604, 384752977, 544977346]","[166, 166, 166, 166, 166, 166, 166, 166, 166, 166]"
241,20,"[10, 18, 43, 52, 111, 114, 126, 188, 192, 194, 239]",11,0.23564952425658703,0.14966906746849418,0.4291940738701008,"[418437896, 142854679, 441430417, 466042600, 435016144, 278381767, 143084785, 128269911, 441430416, 277805602]","[114, 10, 10, 192, 10, 126, 10, 114, 10, 10]"
242,20,"[14, 70, 72, 85, 96, 106, 112, 125]",8,0.1608170554973185,0.058463627472519875,0.31103861404699273,"[61204959, 761823, 555866732, 299371034, 499356352, 351830174, 5598323, 530384155, 89250462, 577712007]","[125, 14, 14, 14, 14, 14, 14, 14, 14, 14]"
243,20,"[4, 22, 32, 59, 93, 104, 105, 209]",8,0.19633759930729866,0.04893244756385684,0.20588624538504519,"[277112741, 412518062, 412187181, 93936348, 197684119, 93936342, 243063315, 197802243, 10632284, 312754310]","[59, 59, 104, 59, 32, 209, 59, 209, 209, 59]"
244,20,"[0, 8, 32, 93, 111, 112, 217, 224, 239, 241]",10,0.21936336997896433,0.07455630926415324,0.3215987306786701,"[313444692, 588249407, 476325483, 222662854, 435256884, 142206264, 420042020, 175706998, 561255511, 35624740]","[241, 32, 32, 8, 8, 241, 241, 32, 32, 0]"
245,20,"[57, 166, 182, 207, 222, 233]",6,0.19012883538380265,0.03672896744683385,0.22338371312556168,"[256759132, 99533321, 256964906, 92583006, 184019389, 299765828, 256556031, 493483566, 572516081, 55115253]","[57, 57, 57, 57, 57, 57, 57, 57, 57, 57]"
246,20,"[43, 59, 67, 112, 141, 192]",6,0.12465595826506615,0.039348403457552195,0.2702831538238873,"[1251765, 586105672, 267429588, 459914452, 224696016, 93685992, 350919020, 454666523, 401097672, 475758851]","[43, 43, 43, 43, 43, 43, 43, 43, 43, 43]"
247,20,"[8, 38, 39, 43, 77, 82, 112, 188, 194, 239, 241]",11,0.2563585792668164,0.13038049871101975,0.23480148240923882,"[60052471, 489818873, 32238832, 60052463, 151809483, 166871090, 595317627, 403273476, 431696917, 170411126]","[188, 39, 188, 194, 188, 38, 43, 43, 38, 188]"
248,20,"[8, 10, 18, 30, 40, 84, 93, 105, 112, 126, 171, 192, 209]",13,0.25625550420954823,0.1093680839985609,0.4063345668837428,"[417626872, 432668821, 417719329, 515175143, 466821590, 532062416, 349897224, 32834108, 271450105, 227163582]","[84, 84, 18, 105, 18, 192, 84, 192, 84, 18]"
249,20,"[61, 63, 70, 111, 125, 184, 194, 213, 235]",9,0.15230825077742338,0.13576829945668578,0.38184153438649243,"[349775003, 515826092, 277428547, 339887798, 187344339, 81588480, 385121512, 171432387, 163151673, 243350895]","[235, 63, 235, 235, 125, 63, 235, 235, 235, 235]"
250,20,"[39, 60, 109, 239, 240]",5,0.0650124573148787,0.037637002766132355,0.2754808070603758,"[69230666, 478950957, 336633819, 287498137, 144197282, 555327371, 580140457, 54105543, 66945193, 69233970]","[60, 60, 60, 240, 240, 60, 60, 60, 60, 240]"
251,20,"[57, 85, 112, 152, 193, 207, 210, 222]",8,0.22029742179438472,0.04344835923984647,0.21637353979167528,"[130600393, 296953335, 339453212, 16753632, 450069847, 450547638, 472006806, 67926576, 181223926, 320765772]","[57, 207, 207, 222, 207, 222, 57, 57, 207, 207]"
252,20,"[10, 49, 72, 81, 89, 100, 128, 164, 188]",9,0.1376772988587618,0.1252641873434186,0.22252838981027404,"[556708913, 142114823, 367074455, 158353305, 565558185, 347110418, 147560058, 487930366, 477208341, 375497994]","[100, 100, 128, 100, 100, 100, 100, 100, 100, 100]"
253,20,"[10, 39, 49, 82, 100]",5,0.06994035048410296,0.04031426506116986,0.2968443765770644,"[302744492, 333148443, 436608571, 393663660, 300917590, 262104474, 429844938, 119623098, 187265929, 264070712]","[82, 82, 82, 82, 82, 82, 82, 82, 82, 82]"
254,20,"[20, 70, 81, 82, 175, 188, 213]",7,0.14421723457053304,0.0460740658454597,0.250130616660629,"[118146128, 48794137, 151510097, 589768549, 496864727, 598481862, 318836595, 266668750, 338114455, 145870661]","[20, 20, 20, 81, 82, 20, 81, 20, 175, 20]"
255,20,"[2, 115, 159, 216, 237]",5,0.11298803659155965,0.046412338968366385,0.3705036447849125,"[292534411, 328159846, 30202463, 359212294, 131355395, 357597443, 298166651, 131350912, 455746047, 71636407]","[237, 237, 237, 237, 237, 237, 237, 237, 237, 237]"
256,20,"[8, 10, 49, 106, 111, 115, 124, 181, 194, 209, 239, 241]",12,0.240407207980752,0.09073881432414055,0.3577827569485332,"[252591723, 234806344, 244780871, 416954526, 258167317, 19114631, 182566740, 555752634, 463291827, 22375707]","[10, 241, 241, 8, 8, 239, 241, 241, 241, 239]"
257,20,"[75, 93, 117, 171, 186, 200, 209]",7,0.12232900597155094,0.044129641726613045,0.22145053884014487,"[434153040, 529403482, 120493665, 529403479, 529403503, 134269616, 522449877, 327915963, 152912651, 188758845]","[117, 117, 117, 117, 117, 117, 117, 171, 117, 117]"
258,20,"[8, 27, 39, 60, 76, 80, 93, 109, 112, 194, 217, 239]",12,0.2381188776344061,0.09009378682821989,0.32227182190399617,"[88701253, 123830971, 134522396, 18282864, 123830953, 591348524, 219917206, 597691292, 263012109, 254626022]","[80, 80, 80, 80, 60, 80, 80, 80, 80, 80]"
259,20,"[27, 32, 112, 117]",4,0.05295809777453542,0.028222305234521627,0.3183107085060328,"[154732199, 154732197, 572262770, 347563760, 288178730, 239702580, 144061373, 288178726, 239702579, 572968631]","[117, 27, 117, 117, 27, 117, 117, 117, 117, 117]"
260,20,"[19, 21, 29, 30, 38, 87, 88, 123, 146, 167, 195, 196, 207, 217, 230]",15,0.2684447756037116,0.10205880273133516,0.3105265436073144,"[100286525, 155553042, 10122994, 135317774, 176003473, 100286527, 155553047, 155553079, 88261564, 155883553]","[217, 196, 217, 217, 207, 217, 217, 217, 230, 217]"
261,20,"[1, 77, 79, 109, 146, 148, 171, 206, 210, 231, 240]",11,0.24683994194492698,0.12762429472059011,0.16690487967042084,"[4524895, 74550604, 445787907, 88456256, 295186495, 558808179, 207826055, 316764553, 133329912, 586794254]","[109, 206, 109, 109, 109, 206, 206, 109, 206, 206]"
262,20,"[1, 6, 30, 146, 163, 183, 214, 217, 230]",9,0.22697770595550537,0.0744211389683187,0.3885033496707264,"[95720623, 53701756, 503153203, 466037083, 484857871, 175107495, 71433789, 484505856, 301139874, 379825590]","[6, 6, 163, 6, 183, 6, 163, 183, 183, 6]"
263,20,"[10, 49, 59, 82, 88, 89, 111, 132, 169, 188, 222, 241, 242]",13,0.2342030182480812,0.0947804325260222,0.2265684764402417,"[557928172, 347969678, 222915391, 257069672, 278161760, 433835864, 278093455, 123740052, 140390112, 122787582]","[241, 10, 241, 49, 241, 241, 241, 241, 132, 241]"
264,20,"[60, 239, 240]",3,0.02994362497702241,0.017906001303344965,0.2021547925348083,"[233407006, 435570483, 480249928, 291933944, 322897174, 563613627, 185204568, 484928148, 269699980, 165684051]","[60, 60, 60, 240, 240, 60, 240, 240, 60, 240]"
265,20,"[7, 10, 29, 40, 43, 75, 97, 106, 112, 114, 126, 133, 148, 186, 200]",15,0.25790143152698874,0.17771360790356994,0.35287850081610184,"[523497108, 325126919, 557678687, 451363458, 5017229, 339036093, 528044045, 117516005, 411534122, 188649775]","[186, 200, 126, 186, 75, 126, 200, 40, 133, 186]"
266,20,"[10, 20, 70, 82, 84, 89, 132, 188]",8,0.10693053295835853,0.05210507055744529,0.1731914974807296,"[552280843, 329747043, 49049533, 137424482, 27657960, 540642273, 511570617, 175885679, 191456297, 424117335]","[188, 188, 188, 20, 188, 84, 188, 188, 188, 188]"
267,20,"[20, 70, 100, 104, 105, 188]",6,0.12476207269355655,0.040859033819288015,0.21934568781095246,"[78764858, 408203775, 510702858, 111762927, 141530784, 262088274, 412843900, 247570387, 464083878, 198361327]","[20, 20, 188, 20, 20, 20, 20, 20, 188, 20]"
268,20,"[45, 235]",2,0.019955739844590425,0.012467576656490564,0.1974195659859106,"[74747535, 93361313, 394235956, 171012032, 242572753, 273894787, 567164578, 471474406, 267827370, 90293096]","[235, 235, 235, 235, 235, 235, 235, 235, 235, 235]"
269,20,"[4, 61, 63, 70, 82, 84, 100, 175, 192, 222]",10,0.1793201444670558,0.14140016259625554,0.24189173781778664,"[403834415, 267393903, 355470976, 150243399, 85041956, 562016862, 314981017, 445850608, 226350951, 442983307]","[4, 70, 100, 100, 100, 63, 192, 63, 84, 4]"
270,20,"[6, 8, 30, 49, 58, 82, 93, 146, 171, 196, 217, 227, 241]",13,0.28296954557299614,0.09887305926531553,0.2798267588771593,"[502140063, 250722537, 405150403, 71652752, 572451043, 119499054, 291357335, 444628632, 441571600, 364471701]","[6, 6, 6, 6, 6, 227, 6, 49, 6, 6]"
271,20,"[20, 33, 36, 39, 85, 96, 100, 112, 128, 156, 188, 241]",12,0.2934394795447588,0.08421551994979382,0.2658140638959594,"[138546516, 360930416, 81687041, 77469376, 60367323, 191875909, 424990887, 100667324, 2889470, 492037150]","[128, 128, 96, 96, 96, 156, 128, 36, 128, 20]"
272,20,"[0, 7, 10, 43, 93, 97, 114, 126, 134, 192]",10,0.2696915650740266,0.1404373119585216,0.40279174444731325,"[336577159, 491439662, 509772699, 7131706, 437331133, 436212736, 142619170, 66709713, 275720178, 9981591]","[97, 97, 97, 114, 97, 97, 97, 97, 43, 97]"
273,20,"[6, 89, 106, 109, 111, 146, 210, 214]",8,0.19430322153493762,0.06709880009293556,0.3097484191530384,"[64111972, 323016300, 192523111, 419973672, 56080895, 577481869, 581188461, 56080896, 37944013, 338167639]","[106, 106, 106, 106, 106, 106, 106, 106, 106, 106]"
274,20,"[10, 43, 52, 67, 141, 159, 170, 186, 192, 200, 241]",11,0.2478271466679871,0.06688606319949031,0.23003993932665748,"[26248581, 387166986, 278457651, 336161745, 328554913, 408259553, 31417085, 584980869, 340559727, 177940458]","[67, 67, 192, 67, 200, 200, 43, 67, 52, 200]"
275,20,"[39, 49, 58, 82, 100, 188]",6,0.07703087758272886,0.04662894830107689,0.2646306698443368,"[9783334, 408762294, 495212845, 284531044, 247032399, 437489512, 338284993, 495426882, 62715298, 448893192]","[100, 82, 82, 82, 82, 82, 82, 82, 100, 100]"
276,20,"[30, 59, 236]",3,0.06360509153455496,0.020711613353341818,0.31678225363915163,"[436029570, 329168428, 321753880, 63366943, 207872475, 525951911, 233499756, 93308388, 371060307, 433422438]","[59, 59, 59, 59, 59, 59, 59, 59, 59, 59]"
277,20,"[4, 22, 59, 61, 70, 104, 105, 106, 193, 242]",10,0.19452629471197724,0.1273897630162537,0.19215013990178703,"[31946965, 32028002, 327591504, 31946964, 32028005, 3732107, 269001050, 41456240, 32028003, 373177213]","[104, 22, 22, 22, 22, 104, 22, 104, 22, 22]"
278,20,"[1, 5, 48, 77, 79, 92, 93, 114, 171, 175, 183, 195, 209]",13,0.34372560074552894,0.07572408812120557,0.19439968232137078,"[439466226, 352621923, 352621907, 529409137, 352621916, 20351559, 423643659, 570471915, 331805645, 510207290]","[48, 48, 48, 48, 48, 48, 48, 48, 48, 48]"
279,20,"[38, 57, 92, 159, 227]",5,0.05373496608808637,0.03212804766371846,0.22090318468399345,"[567262646, 426251557, 169248418, 229299783, 455673218, 332339887, 162829623, 229299782, 418125855, 473109885]","[38, 92, 92, 92, 38, 38, 38, 38, 38, 38]"
280,20,"[17, 96, 125, 188]",4,0.0696526700630784,0.03252993943169713,0.45530329970642924,"[309202531, 234819638, 300725854, 540915380, 285929706, 348090363, 230152569, 267221799, 131278595, 477974229]","[96, 96, 96, 96, 125, 125, 188, 96, 188, 96]"
281,20,"[20, 70, 100, 164, 192]",5,0.07210663380101323,0.04140137229114771,0.319564994238317,"[540673869, 350376678, 540747418, 217346705, 497906646, 93762365, 374645979, 554024593, 395447371, 301448002]","[20, 20, 20, 20, 20, 20, 20, 100, 20, 20]"
282,20,"[1, 14, 63, 84, 88, 174]",6,0.12632930930703878,0.09602271020412445,0.1754645398662736,"[237467098, 394836151, 331258768, 570891779, 233516283, 348749289, 432906528, 128599997, 469465863, 107087306]","[63, 63, 63, 63, 63, 63, 63, 63, 63, 63]"
283,20,"[37, 49, 81, 111, 112, 128, 129, 227, 236]",9,0.14032498747110367,0.06645028572529554,0.28795305849052966,"[14160279, 240923643, 124464333, 322446158, 317465019, 596311698, 546175938, 581347274, 344936633, 437847005]","[129, 129, 129, 129, 129, 129, 129, 129, 129, 129]"
284,20,"[30, 94, 171, 178, 183, 230]",6,0.09036460379138589,0.04731909651309252,0.32840310894728947,"[431831254, 155854511, 408143314, 408143312, 431831252, 107602992, 83280226, 406208072, 431831258, 362856087]","[183, 183, 183, 183, 183, 183, 183, 183, 183, 183]"
285,20,"[8, 14, 17, 32, 77, 111, 112, 126, 192, 194, 228, 239, 241]",13,0.32844440592452884,0.10629354044795036,0.42992539417285186,"[375218254, 598190198, 532143385, 86506156, 157048494, 275996308, 422003407, 299904349, 526597483, 560426422]","[8, 77, 194, 194, 126, 32, 241, 32, 194, 14]"
286,20,"[10, 20, 63, 70, 77, 82, 84, 164, 175, 192]",10,0.17033738363534212,0.0656864414922893,0.2279600498266518,"[115478596, 276582602, 276458099, 237320852, 501324429, 475940014, 186992543, 265900715, 503664932, 276582619]","[84, 84, 84, 84, 82, 63, 82, 84, 84, 84]"
287,20,"[8, 10, 12, 17, 26, 51, 97, 106, 115, 148, 181, 199, 202, 239]",14,0.3175239088013768,0.1138493805192411,0.34512103540224154,"[471365001, 112823909, 302991610, 77084173, 333874711, 591885078, 559222040, 229436305, 292698943, 452131875]","[12, 202, 97, 115, 202, 239, 51, 51, 10, 115]"
288,20,"[20, 159, 175, 216]",4,0.10780189884826541,0.024571727961301804,0.18956248695030808,"[95079664, 6995034, 382751863, 54040974, 94218543, 82557147, 274729266, 302296427, 103575768, 214671186]","[216, 216, 20, 216, 216, 20, 216, 20, 20, 216]"
289,20,"[60, 76, 80]",3,0.10032938374206424,0.019352280534803867,0.22262341940465072,"[380973569, 271812242, 477320796, 537280464, 348833724, 154506859, 446038035, 380973568, 265680106, 565356010]","[76, 76, 76, 76, 80, 76, 80, 76, 76, 76]"
290,20,"[0, 22, 63, 70, 82, 88, 104, 169, 175, 192, 196, 241]",12,0.2728134645149112,0.07893245574086905,0.23640125312764818,"[388853099, 26542497, 74220946, 335026136, 388836128, 196866050, 74220947, 435157765, 196442594, 570106444]","[88, 22, 63, 63, 241, 63, 22, 63, 63, 63]"
291,20,"[84, 105, 174, 192]",4,0.05823095189407468,0.03153326315805316,0.31767114001559094,"[55180270, 103121914, 118339017, 99301987, 262222674, 99291397, 236103545, 486978041, 566763224, 99848174]","[84, 84, 84, 84, 84, 84, 84, 84, 84, 84]"
292,20,"[61, 70, 105, 114, 192, 228]",6,0.0884923068806529,0.1108469357714057,0.2978131079580635,"[318687032, 8127326, 206135421, 24993123, 476017675, 389185006, 543692718, 373880418, 311980908, 131477989]","[70, 70, 70, 70, 70, 70, 70, 70, 70, 114]"
293,20,"[12, 18, 51, 126, 164, 181]",6,0.07857286743819714,0.04384756088256836,0.4194810146000236,"[522144825, 427752155, 516705024, 529288445, 66014884, 198395389, 501176436, 14137287, 466767167, 294417441]","[12, 12, 12, 12, 126, 126, 126, 12, 12, 12]"
294,20,"[20, 33, 49, 59, 82, 96, 100, 109, 146, 188, 241]",11,0.20473565068095922,0.1340774423442781,0.20121258590370417,"[76718141, 392924510, 465010500, 54140497, 238448094, 144565537, 422238889, 160866897, 2968595, 305293567]","[59, 59, 82, 82, 49, 109, 59, 59, 49, 59]"
295,20,"[33, 96, 125, 128, 188]",5,0.1205027224496007,0.03088058903813362,0.2889163086656481,"[114969831, 115587342, 244816907, 81162601, 491732537, 261569981, 593270778, 99561046, 101588859, 386894806]","[96, 128, 128, 128, 128, 96, 96, 96, 96, 96]"
296,20,"[1, 6, 8, 82, 112, 123, 146, 166, 168, 174, 211]",11,0.3109471760690212,0.06659140344709158,0.265863574935462,"[49592205, 221277948, 91376011, 583958907, 471280807, 75869336, 346710300, 469776017, 37912832, 216141826]","[146, 146, 6, 6, 6, 6, 6, 1, 8, 6]"
297,20,[25],1,0.012546808924525976,0.08085611183196306,0.26325538055971265,"[107707630, 251702169, 349422183, 258577381, 293295108, 3886142, 310056089, 112748181, 85933121, 416647347]","[25, 25, 25, 25, 25, 25, 25, 25, 25, 25]"
298,20,"[6, 10, 20, 36, 39, 54, 58, 82, 111, 165, 188, 201, 239, 241]",14,0.2267027939669788,0.11283513437956572,0.35597696499566417,"[244741781, 590280384, 259061008, 417630863, 401074696, 235663289, 584665657, 368329676, 178291269, 549801869]","[241, 165, 54, 58, 6, 6, 241, 54, 201, 54]"
299,20,"[10, 20, 49, 54, 61, 70, 87, 89, 100, 125, 132, 188, 241, 242]",14,0.19982769479975104,0.1544674844481051,0.21331762362803733,"[128986416, 187345598, 323592530, 89989777, 128986421, 128986418, 102556579, 451978116, 289799620, 550730162]","[54, 54, 54, 54, 54, 54, 54, 54, 54, 54]"
300,20,"[1, 14, 20, 77, 82, 100]",6,0.13397945696488023,0.03491855971515179,0.18818569691696516,"[5216647, 509310598, 377754002, 212973792, 253702497, 495077904, 214806816, 480882189, 49895144, 442373188]","[20, 20, 20, 20, 20, 20, 20, 20, 20, 20]"
301,20,"[32, 60, 206, 240, 241]",5,0.061895898543298244,0.025001203175634146,0.16953375875018536,"[497578005, 349264836, 497578006, 81124550, 349264835, 81124549, 81124548, 500290248, 347801903, 145364578]","[240, 240, 240, 240, 240, 240, 240, 240, 32, 60]"
302,20,"[14, 81, 167]",3,0.02999152848497033,0.0191772379912436,0.2059375854829947,"[445623010, 506029373, 429980722, 430081626, 513194856, 286861706, 293035612, 349471252, 270230003, 1933992]","[167, 167, 167, 167, 167, 167, 167, 14, 167, 167]"
303,20,"[99, 111, 182, 193, 207, 222, 233]",7,0.1855807462707162,0.045377935748547316,0.26813587572957787,"[598671264, 509956869, 500365692, 265121756, 97553281, 352027178, 203257239, 44434902, 440711441, 208667523]","[99, 99, 99, 99, 99, 99, 99, 99, 99, 233]"
304,20,"[5, 52, 67, 112, 147, 159, 171, 175, 186, 192, 194, 217, 224]",13,0.23655153950676322,0.09337047161534429,0.29836137308022725,"[577762919, 255007978, 60443879, 577608766, 514573485, 299531063, 255023888, 581111003, 576785035, 580928674]","[224, 224, 224, 224, 224, 224, 224, 224, 224, 224]"
305,20,"[6, 40, 167, 171, 183]",5,0.10730807296931744,0.03342028008773923,0.205840956652537,"[139267695, 145939144, 5992337, 96066774, 381690692, 145936449, 381407749, 224293438, 104133120, 304284504]","[183, 183, 183, 183, 183, 183, 183, 183, 183, 183]"
306,20,"[67, 200]",2,0.020675677340477705,0.011978134512901306,0.2099110084818676,"[525591755, 245352853, 477671370, 311773372, 537628334, 467431416, 239218509, 269115772, 547675010, 54178310]","[200, 200, 200, 200, 200, 200, 200, 200, 200, 200]"
307,20,"[1, 32, 82, 93, 112, 166, 196, 224, 239]",9,0.2536878725513816,0.0609672199934721,0.269308067806479,"[29670877, 75212121, 450094956, 319234280, 204078119, 55398033, 79306088, 79418598, 456825237, 271948929]","[32, 32, 32, 32, 32, 32, 32, 32, 32, 32]"
308,20,"[8, 17, 26, 48, 51, 60, 106, 108, 114, 126, 148, 170, 201, 239, 241]",15,0.28275744104757905,0.18524420354515314,0.3543134944047779,"[437276629, 176968180, 40391899, 219098741, 380825642, 599176839, 328644929, 198727508, 332416979, 153586794]","[17, 114, 17, 8, 106, 8, 17, 51, 51, 8]"
309,20,"[114, 122, 130]",3,0.04531639814376831,0.024899505078792572,0.5728318568629523,"[250002006, 507623102, 364536939, 283040642, 289056465, 549644117, 56252653, 320349076, 56252656, 62358601]","[130, 130, 130, 114, 130, 130, 130, 130, 130, 130]"
310,20,[185],1,0.006600254215300083,0.004595061298459768,0.12067991914227605,"[340466601, 343078558, 9052792, 397794235, 524707455, 1235958, 397640572, 108990028, 221377139, 586288111]","[185, 185, 185, 185, 185, 185, 185, 185, 185, 185]"
311,20,"[54, 58, 82, 167]",4,0.043994758278131485,0.03100318042561412,0.2175105798523873,"[472898258, 38976580, 38793200, 411477906, 274007832, 38661789, 59068555, 233421355, 38725191, 468982041]","[167, 167, 167, 58, 167, 167, 167, 167, 167, 167]"
312,20,"[99, 182, 233]",3,0.09775388473644853,0.01904082205146551,0.21051166307491562,"[522755097, 42882853, 104879620, 315508756, 134808188, 547013967, 66300891, 31382543, 148963986, 306691597]","[182, 182, 182, 182, 182, 182, 182, 182, 182, 182]"
313,20,"[45, 63, 84, 112, 175, 192, 235]",7,0.15025722747668624,0.04853750020265579,0.2673941873612681,"[18131858, 95450006, 368361321, 51649025, 242472231, 212280112, 184956394, 469312614, 5733679, 267401067]","[45, 45, 45, 45, 192, 175, 45, 45, 45, 45]"
314,20,"[10, 39, 82, 100, 188]",5,0.06796850124374032,0.039799635764211416,0.288914801646024,"[457131305, 60335653, 396419128, 396405833, 10567406, 328642351, 77785246, 77785252, 599727782, 333148443]","[82, 82, 82, 82, 82, 82, 82, 82, 39, 82]"
315,20,"[27, 42, 80, 109, 117, 206]",6,0.06501392787322402,0.03966328455135226,0.2502512913973381,"[121994479, 294990698, 9686834, 194219986, 465824620, 133438173, 358078894, 474592803, 121994492, 592479638]","[80, 80, 117, 117, 117, 80, 117, 27, 80, 80]"
316,20,"[10, 39, 49, 82, 87, 100, 106, 109, 128, 165, 188, 194, 217, 239]",14,0.21820627246052027,0.1839836211875081,0.3814077064494735,"[101027280, 95179376, 94188709, 384357497, 299207006, 295110340, 194450453, 250051484, 465588430, 328548760]","[188, 188, 188, 109, 106, 194, 217, 165, 188, 194]"
317,20,"[1, 5, 67, 82, 159, 174, 175, 186, 194, 224]",10,0.24853124096989632,0.12618489190936089,0.2170575669268146,"[70318687, 58447535, 550317659, 572513295, 258863647, 22016492, 10970730, 143491125, 22069964, 417836199]","[186, 175, 175, 175, 175, 175, 186, 224, 175, 175]"
318,20,"[20, 30, 65, 68, 70, 112, 114, 170, 183, 184, 187, 214, 221, 244]",14,0.19282039673998952,0.09851036733016372,0.30397925472685267,"[575235169, 21795038, 514049798, 503733855, 504216570, 323604396, 351698212, 343058748, 572011619, 514003679]","[30, 20, 114, 244, 30, 114, 114, 244, 214, 244]"
319,20,"[20, 70, 82, 84, 93, 132, 175]",7,0.12828663084656,0.10968782613053918,0.1702224792180849,"[404430696, 478209292, 255281848, 124742263, 434579361, 70192081, 95208796, 93719088, 31421830, 8267672]","[82, 82, 82, 82, 84, 82, 82, 82, 82, 82]"
320,20,"[26, 45, 48, 184]",4,0.05013619549572468,0.029551141895353794,0.2643703651265241,"[52618152, 555619238, 232770354, 199290394, 43187242, 303678495, 221596449, 290253010, 74336512, 343785151]","[184, 45, 48, 45, 48, 184, 48, 45, 48, 48]"
321,20,"[4, 20, 22, 70, 82, 99, 104, 132, 169, 196, 222]",11,0.1666450765915215,0.07409857679158449,0.21775856999341736,"[443194988, 564137913, 514168124, 326173960, 587293941, 495545030, 500891690, 213916521, 86663814, 305500752]","[196, 196, 82, 196, 22, 22, 169, 22, 169, 196]"
322,20,"[37, 61, 77, 125, 127, 133, 164, 167, 228]",9,0.1495512081310153,0.07647177064791322,0.3444863796855013,"[270088517, 582146151, 201988538, 262195009, 97510527, 71834092, 582163762, 520338230, 348415935, 189287492]","[77, 77, 77, 77, 77, 133, 77, 77, 77, 77]"
323,20,"[4, 10, 49, 61, 82, 118, 148, 169, 174, 211]",10,0.101526637095958,0.06643006158992648,0.23250201558694245,"[250227701, 240150965, 573000340, 443189876, 223674422, 540246192, 337826098, 214691156, 578753768, 266404996]","[118, 211, 118, 211, 118, 118, 211, 118, 118, 118]"
324,20,"[5, 7, 26, 49, 67, 106, 126, 175, 221]",9,0.17608646443113685,0.1275177290663123,0.3575149682453937,"[85417606, 295622573, 79120277, 129075217, 548796090, 491329140, 80040657, 310260921, 173815382, 209912267]","[67, 67, 67, 175, 175, 175, 67, 5, 67, 67]"
325,20,"[14, 59, 72, 96, 210, 222]",6,0.12001942517235875,0.037373671773821115,0.22332460402200618,"[376544986, 422034686, 27172278, 369991730, 279344354, 279344348, 499148572, 342077845, 295894959, 61039767]","[14, 14, 14, 14, 14, 14, 14, 14, 14, 14]"
326,20,"[4, 10, 18, 26, 82, 84, 108, 126, 148, 192]",10,0.14249603869393468,0.07678290689364076,0.3775289521785453,"[163720348, 178744323, 303363349, 540420683, 420048160, 203465133, 598019073, 75062176, 586327506, 201721442]","[84, 84, 84, 84, 84, 84, 26, 192, 84, 82]"
327,20,"[54, 188, 201, 211]",4,0.0929063418880105,0.02470183977857232,0.19319166970672086,"[38808316, 391326468, 99375541, 261009372, 391785252, 231719413, 324748583, 582697220, 388988728, 564945539]","[201, 188, 54, 201, 54, 188, 201, 54, 188, 54]"
328,20,"[10, 43, 67, 72, 126, 132, 217]",7,0.1556623694486916,0.0560537907294929,0.45671021599056466,"[389698482, 596668526, 278049718, 529137787, 303838005, 506328360, 547669178, 210118703, 159159732, 84501835]","[43, 43, 43, 43, 43, 43, 43, 67, 43, 10]"
329,20,"[20, 22, 61, 70, 105]",5,0.051536201033741236,0.033584856893867254,0.20702180434018375,"[561552294, 523052135, 125005289, 272524316, 372093244, 63028551, 168415727, 555325823, 439618392, 570907051]","[20, 20, 20, 20, 20, 22, 20, 20, 20, 20]"
330,20,"[75, 171, 186, 209]",4,0.041462716180831194,0.027466364670544863,0.22020016465103254,"[73456656, 340992822, 161731028, 444706990, 30464257, 21010602, 34874051, 527769665, 331779429, 150252288]","[186, 186, 186, 186, 186, 186, 186, 171, 186, 186]"
331,20,"[4, 6, 19, 25, 61, 107, 111, 135, 166, 171, 178, 233, 241]",13,0.24193732487037778,0.15250741131603718,0.2129572281219925,"[232624377, 33312517, 472638865, 240079707, 487422558, 84536342, 122995399, 350658106, 140634095, 140634106]","[6, 6, 171, 6, 6, 6, 6, 6, 6, 6]"
332,20,"[19, 30, 61, 67, 148, 152, 172, 180, 200, 237]",10,0.14570558723062277,0.14119165064767003,0.31313264484051617,"[50829515, 548338818, 297373147, 156881617, 583971860, 15786981, 68767785, 598937358, 588877634, 102125686]","[19, 19, 19, 19, 61, 19, 172, 19, 19, 172]"
333,20,"[40, 43, 52, 75, 112, 141, 186]",7,0.12528450321406126,0.04255785699933767,0.23491229825387044,"[21887721, 21887722, 531088696, 90982543, 71946271, 507939321, 547793894, 21963044, 564375602, 126824239]","[186, 40, 141, 141, 43, 40, 186, 40, 141, 141]"
334,20,"[2, 47, 59, 118, 195, 221]",6,0.11821762425825,0.033376025035977364,0.2534106420353055,"[270925514, 270865632, 242068515, 9440026, 228027150, 270275797, 232203974, 144506678, 298397353, 228212695]","[47, 118, 47, 59, 59, 59, 47, 47, 47, 59]"
335,20,"[20, 39, 61, 77, 81, 85, 96, 100, 112, 125, 164, 167, 194, 228, 241]",15,0.31506942911073565,0.10581539571285248,0.2885028899026414,"[363153840, 411780743, 411780746, 411780744, 214836, 160616538, 460545696, 411780742, 1177445, 411780747]","[125, 85, 96, 85, 125, 125, 20, 85, 85, 96]"
336,20,"[36, 54, 58, 192, 201]",5,0.07601352827623487,0.04477188363671303,0.33198861563578247,"[37021387, 32247138, 456505601, 37021385, 230219770, 211701126, 553699472, 145497854, 299963746, 538192582]","[36, 36, 36, 36, 36, 36, 36, 36, 36, 36]"
337,20,"[48, 183, 184]",3,0.030884620267897844,0.01980556221678853,0.21622838863792518,"[95368777, 203473006, 564303123, 277178435, 468460632, 529337852, 193696745, 584147459, 277377922, 165704899]","[184, 184, 184, 184, 184, 184, 184, 184, 184, 184]"
338,20,"[4, 20, 49, 61, 82, 100, 109, 111, 112, 188, 209, 239]",12,0.21799237979575992,0.09080677945166826,0.2816861596462938,"[556234577, 597290452, 362369840, 135165715, 446170297, 524402475, 204511269, 284565337, 346506431, 285320319]","[109, 49, 111, 109, 49, 188, 111, 188, 49, 188]"
339,20,"[1, 32, 38, 70, 84, 92, 112, 117, 159, 174, 206, 224]",12,0.1984080020338297,0.07437179191038013,0.23776039122215784,"[320861935, 320707800, 172479299, 490859056, 193478910, 538813565, 392701744, 533184112, 598098150, 490153215]","[92, 38, 92, 92, 92, 92, 92, 38, 92, 92]"
340,20,"[0, 8, 42, 49, 93, 111, 112, 147, 171, 233, 241]",11,0.23972905427217484,0.07926973467692733,0.24537034252319823,"[566077754, 110245053, 6262598, 110245051, 205334998, 110245054, 594313346, 278180273, 110245044, 568330560]","[93, 42, 93, 93, 93, 93, 93, 93, 93, 93]"
341,20,"[84, 192]",2,0.03346741572022438,0.017346158158034086,0.37710147036705166,"[154769397, 14327567, 505277148, 597756374, 362975021, 333711429, 73146961, 155733062, 201779799, 272740960]","[84, 84, 84, 84, 84, 192, 192, 84, 84, 84]"
342,20,"[167, 171]",2,0.018553556874394417,0.014495296869426966,0.1907908923458308,"[544529226, 178126547, 434004728, 124219897, 364333490, 295274232, 546813437, 487292630, 137599263, 80328316]","[167, 167, 167, 167, 167, 167, 167, 167, 167, 167]"
343,20,"[6, 10, 49, 61, 81, 82, 89, 118, 125, 146, 164, 210, 211, 241]",14,0.27428662264719605,0.09072348196059465,0.22733980974382056,"[436797442, 276814764, 55574759, 97774481, 403917104, 74599469, 184576798, 395513711, 121073826, 396184890]","[118, 118, 118, 118, 241, 210, 118, 118, 125, 118]"
344,20,"[18, 20, 36, 54, 96, 156, 167, 201]",8,0.09780134167522192,0.05766112683340907,0.25969341830932535,"[324570433, 429380287, 499501922, 232114775, 14509374, 322419595, 159206067, 201968293, 257600161, 581916054]","[201, 96, 54, 96, 156, 54, 201, 156, 167, 156]"
345,20,"[10, 20, 22, 39, 59, 70, 82, 84, 100, 106, 111, 188, 192, 209, 210]",15,0.252064629457891,0.17019635904580355,0.29234990146942436,"[247018026, 411741082, 225625059, 401105112, 86262583, 268623661, 264515711, 502463944, 96923747, 38214044]","[20, 82, 84, 20, 192, 100, 20, 82, 82, 10]"
346,20,"[7, 8, 40, 97, 106, 114, 122, 199, 214]",9,0.20092654367908835,0.08112667361274362,0.4581330724370976,"[469885381, 322296349, 345771787, 528473605, 270259749, 242203901, 528328358, 202729390, 528553760, 321245463]","[40, 40, 114, 40, 40, 40, 40, 40, 40, 114]"
347,20,"[5, 10, 72, 82, 89, 132, 175, 188]",8,0.16920403204858303,0.1221983446739614,0.17393489612732083,"[150965396, 408040541, 105712961, 443720079, 141603146, 131836456, 144030917, 31356448, 317439346, 219300585]","[175, 10, 5, 10, 82, 10, 10, 5, 5, 5]"
348,20,"[20, 96, 125, 188]",4,0.0459307050332427,0.026095126755535603,0.31411509995814413,"[480510619, 593463706, 313713527, 334800092, 551281035, 360667303, 36010935, 289326584, 537084707, 382601926]","[20, 20, 20, 20, 20, 188, 188, 188, 20, 20]"
349,20,"[47, 118, 174]",3,0.10140804341062903,0.017584943678230047,0.31762247043661773,"[205075779, 518082191, 303948200, 535525097, 3473498, 505982366, 163597338, 94140642, 50411599, 163609229]","[118, 118, 118, 118, 118, 118, 118, 118, 118, 118]"
350,20,"[59, 109, 132, 146, 148, 171, 186, 200, 209, 210]",10,0.14299194514751434,0.06906140176579356,0.2044963744468987,"[552557021, 434403656, 212967491, 57354181, 206104064, 506655783, 394576362, 496925341, 446723605, 83078451]","[171, 210, 210, 210, 171, 210, 210, 171, 210, 210]"
351,20,"[18, 20, 54, 70, 72, 106, 124, 192]",8,0.15347916167229414,0.058878093492239714,0.312480001070071,"[314469731, 316518887, 231750567, 158881460, 214212717, 396387350, 312859666, 293676101, 553650189, 56423796]","[54, 54, 54, 54, 54, 54, 54, 54, 54, 54]"
352,20,"[77, 81, 82, 146, 164, 188, 239]",7,0.06868367176502943,0.04471341799944639,0.20250199046651168,"[159288444, 417466966, 56516313, 180175964, 156838138, 104653458, 42263526, 357557057, 387408181, 466434926]","[81, 81, 81, 81, 81, 81, 81, 81, 81, 81]"
353,20,"[75, 109, 171, 186, 209, 224]",6,0.06732808332890272,0.04441783297806978,0.23870529362466186,"[25674236, 326988573, 330083391, 372292721, 493906171, 576733558, 384103588, 64349747, 591849587, 525516723]","[171, 171, 186, 209, 171, 171, 224, 171, 224, 171]"
354,20,"[0, 64, 112, 126, 184, 194]",6,0.13636564137414098,0.046898388769477606,0.47640412289183587,"[233253797, 474393003, 231312021, 233623476, 372044653, 433467104, 30060169, 51507903, 226560379, 22594512]","[0, 64, 64, 64, 184, 0, 64, 64, 64, 64]"
355,20,"[47, 118, 174]",3,0.09115026984363794,0.017359533812850714,0.31762247043661773,"[87021594, 396054179, 274901251, 256915759, 20412225, 20412227, 402913985, 211761613, 323296596, 261382052]","[118, 118, 118, 118, 174, 118, 118, 118, 118, 174]"
356,20,"[10, 89, 96, 132, 188, 201, 213, 239]",8,0.14035077998414636,0.06250453926622868,0.2766375384526327,"[170590119, 566590608, 585089075, 535465729, 500772338, 2475738, 220715901, 552465458, 181258307, 505272518]","[188, 188, 188, 188, 188, 188, 188, 188, 188, 188]"
357,20,"[17, 21, 91, 93, 97, 113, 159, 184, 186, 194, 209, 217, 224]",13,0.23742129653692245,0.14337092358618975,0.3273962422345693,"[145303728, 345072956, 486964958, 450996993, 215582082, 269280226, 226256161, 23744700, 20289167, 538632057]","[224, 159, 224, 184, 209, 186, 224, 194, 224, 21]"
358,20,"[25, 107, 109, 112, 167, 171, 183, 184, 241]",9,0.11473971931263804,0.06062644999474287,0.21530638208302358,"[115445650, 528307780, 544200146, 272371036, 512415721, 587499404, 66503026, 346765951, 191777500, 368373573]","[183, 183, 183, 241, 183, 183, 183, 183, 183, 241]"
359,20,"[6, 8, 29, 102, 106, 123, 146, 172, 202]",9,0.1613518986850977,0.13121717050671577,0.29287367231316036,"[492808589, 150624716, 98481624, 299057857, 576887731, 188123443, 85572175, 252778166, 30469252, 167272086]","[106, 6, 202, 172, 146, 172, 172, 172, 172, 8]"
360,20,"[4, 22, 37, 63, 70, 82, 93, 105, 146, 170, 175, 192, 221]",13,0.2143818661570549,0.09339357493445277,0.2492114611578962,"[83615098, 560097478, 116130435, 285059303, 82007844, 108729357, 238382316, 130547941, 130547940, 93471630]","[192, 192, 105, 192, 192, 192, 192, 192, 192, 192]"
361,20,"[20, 63, 70, 82, 84, 93, 132, 169, 175]",9,0.20887755416333675,0.05986503791064024,0.18088475653591254,"[596391226, 463781484, 515084687, 436692252, 278141538, 448391032, 539789, 17484659, 285358626, 365412974]","[63, 63, 63, 63, 63, 63, 63, 169, 63, 175]"
362,20,"[36, 54, 201]",3,0.04081512801349163,0.02481988910585642,0.2933807415732493,"[181186798, 260871767, 337262410, 421965958, 485661198, 366632790, 586569143, 225971949, 402789619, 496826717]","[201, 54, 201, 54, 54, 54, 36, 54, 54, 54]"
363,20,"[10, 36, 43, 54, 58, 106, 111, 188, 196, 201]",10,0.19858397170901299,0.08399359649047256,0.3229460180271417,"[135637909, 404152756, 492797066, 369378202, 156966002, 587248600, 392644045, 141525826, 88409674, 198456938]","[54, 54, 54, 54, 54, 196, 54, 54, 106, 54]"
364,20,"[10, 18, 46, 81, 84, 112, 133, 192, 224, 228]",10,0.13199109584093094,0.13398505235090852,0.27184364332351835,"[91045656, 204742224, 372753153, 385141856, 146153024, 66350734, 339210615, 522588484, 436131303, 564093826]","[228, 228, 228, 228, 228, 228, 228, 228, 228, 228]"
365,20,"[33, 49, 96, 128, 188]",5,0.11848565703257918,0.028886114712804556,0.21497463807463646,"[197331121, 203175694, 316696373, 313969716, 456267931, 330572212, 438299625, 10900861, 224727886, 301709126]","[96, 96, 96, 96, 96, 96, 128, 96, 96, 96]"
366,20,"[20, 61, 70, 125, 188, 213]",6,0.07544654980301857,0.04008789313957095,0.31820435119637597,"[455362795, 547837044, 264135115, 199669026, 149546661, 246851835, 583648455, 123763385, 530958717, 5952161]","[20, 20, 20, 20, 20, 20, 20, 20, 20, 188]"
367,20,"[6, 20, 61, 70, 88, 89, 93, 100, 108, 111, 125, 132, 213, 227]",14,0.28324819449335337,0.10503967618569732,0.2927627441406782,"[592022775, 308670354, 422186634, 323250630, 200648154, 95806496, 172532783, 308295994, 200798961, 323250633]","[20, 20, 20, 20, 20, 20, 20, 20, 20, 20]"
368,20,"[1, 20, 70, 82, 84, 93, 175, 195]",8,0.23507975041866302,0.050763368140906096,0.16389786920626648,"[489056790, 395322761, 121118877, 179716299, 187531467, 179716297, 189125274, 303104865, 208215792, 395180970]","[84, 175, 20, 84, 70, 84, 175, 84, 175, 84]"
369,20,"[10, 20, 60, 81, 82, 128, 132, 148, 188, 216, 240]",11,0.10780708119273186,0.07295703142881393,0.20052462953820147,"[61703972, 456804392, 61752470, 61662302, 386172645, 61743324, 147972321, 386016302, 385852294, 141600336]","[81, 81, 82, 240, 216, 10, 240, 240, 81, 20]"
370,20,"[1, 32, 39, 46, 60, 93, 109, 112, 159, 209, 239, 240, 241]",13,0.3006829945370555,0.08321400871500373,0.23377629707997236,"[552262509, 531906113, 156798773, 386370629, 546441264, 138894530, 138912973, 222372382, 196731743, 26824776]","[60, 60, 60, 60, 60, 60, 60, 60, 60, 60]"
371,20,"[60, 109, 239, 240]",4,0.04332637321203947,0.02887168200686574,0.21889141231076792,"[347438014, 358566633, 153495727, 530484371, 541941753, 33031887, 360459976, 124305236, 588247534, 468824808]","[60, 60, 240, 60, 240, 240, 60, 240, 60, 240]"
372,20,"[10, 72, 82, 89, 113, 132, 188]",7,0.10955191915854812,0.04706120491027832,0.17759382126054593,"[176321989, 26724660, 401719682, 489230763, 155680535, 576811218, 462821411, 412255781, 432627697, 172051621]","[132, 10, 72, 72, 72, 72, 132, 188, 132, 72]"
373,20,"[1, 6, 60, 77, 88, 146, 183, 195, 228]",9,0.19159197341650724,0.0581755586899817,0.15950957155372533,"[66945228, 164493174, 465968946, 300146070, 360026906, 465968945, 300321682, 229418332, 164493173, 444098041]","[228, 183, 228, 195, 228, 228, 183, 228, 228, 228]"
374,20,"[1, 4, 45, 56, 82, 84, 104, 175, 183, 192, 235]",11,0.2905375030823052,0.06172143295407295,0.18755096002397212,"[79589330, 79534942, 27694960, 239266185, 474215774, 79534940, 233569263, 558892721, 188660258, 493650991]","[45, 45, 235, 45, 235, 45, 45, 45, 45, 45]"
375,20,"[26, 54, 167, 175, 201]",5,0.11853147950023413,0.03570886701345444,0.2359541205689311,"[134388981, 65981923, 245501608, 117736302, 341926663, 42653372, 252644161, 161349081, 411893873, 273275512]","[167, 26, 201, 175, 167, 167, 167, 167, 201, 201]"
376,20,"[4, 6, 12, 19, 30, 61, 79, 106, 112, 114, 152, 170, 211, 222]",14,0.2121237749233842,0.15820973785594106,0.26084055912880494,"[355012035, 430108798, 397402306, 44818539, 44759941, 535222154, 82654031, 44771368, 6059085, 44753391]","[12, 12, 12, 12, 12, 30, 79, 12, 112, 4]"
377,20,"[1, 14, 25, 57, 91, 107, 159, 166, 174, 228]",10,0.32800375763326883,0.06123442482203245,0.189774665934965,"[56178028, 83860641, 310057238, 36342745, 505853689, 308122527, 495216563, 212178667, 100307694, 100183493]","[57, 107, 107, 107, 107, 57, 107, 14, 25, 107]"
378,20,"[26, 54, 167, 169, 171, 187, 201, 217]",8,0.11450819810852408,0.06620321236550808,0.31226585363037884,"[300327905, 341826571, 342019526, 543287896, 273445499, 294973938, 353521206, 353521205, 53559895, 369165837]","[171, 171, 171, 167, 171, 167, 167, 171, 171, 167]"
379,20,"[57, 118, 174, 211]",4,0.043723493348807096,0.02651490503922105,0.30183823785046116,"[12089838, 409308153, 279173090, 200819316, 510955809, 18158405, 18099339, 409344194, 409553179, 205849980]","[118, 118, 118, 118, 118, 118, 118, 118, 118, 118]"
380,20,"[45, 184, 235]",3,0.028671296779066324,0.017672207672148943,0.197806614683941,"[304497584, 17612596, 40392331, 458293671, 219542869, 489730225, 489018548, 435728385, 583709029, 548044291]","[235, 45, 235, 235, 235, 235, 235, 235, 235, 235]"
381,20,"[4, 10, 26, 29, 82, 89, 96, 127, 146, 164, 188, 217, 230, 242]",14,0.22316062729805708,0.1765717100352049,0.3287619496196775,"[424030314, 227089945, 346197319, 321860061, 474407507, 279535364, 86367605, 285411526, 116966270, 38291544]","[188, 188, 188, 188, 188, 188, 188, 188, 188, 96]"
382,20,"[0, 39, 70, 100, 106, 108, 111, 125, 156, 169, 194, 201, 241]",13,0.25814596749842167,0.11564669897779822,0.3425315923344057,"[237070538, 250863806, 124012280, 570915567, 417013043, 216536288, 367520154, 241452672, 105219740, 23703523]","[194, 125, 169, 194, 156, 156, 194, 125, 156, 125]"
383,20,"[37, 49, 82, 100, 109, 132, 146, 164, 169, 196, 225]",11,0.20506921596825123,0.09158639889210463,0.27168830719099124,"[428836726, 362624711, 173223910, 529137040, 446946485, 473620036, 315465772, 437952011, 535061623, 275300878]","[49, 49, 49, 49, 82, 82, 146, 49, 49, 82]"
384,20,"[1, 57, 92, 99, 166, 207, 233]",7,0.27603891445323825,0.040427349507808685,0.20681817703215138,"[329782683, 116156864, 94138854, 144925963, 115939265, 382332341, 586296893, 276716142, 410430661, 182721476]","[57, 57, 57, 57, 57, 57, 57, 57, 207, 57]"
385,20,"[1, 25, 166, 178, 207, 212, 233]",7,0.2083457442931831,0.04048927128314972,0.20408748728888376,"[153416261, 267733351, 182528717, 153235230, 366128040, 469428921, 101839990, 424861807, 201761437, 153255604]","[25, 25, 25, 25, 25, 25, 25, 25, 25, 25]"
386,20,"[5, 10, 12, 59, 159, 172, 174, 175]",8,0.12942890683189034,0.0505609642714262,0.1630483227490913,"[390481342, 143710637, 487570025, 141191209, 101339458, 310509952, 526569700, 499349427, 66477064, 506188529]","[174, 159, 175, 175, 174, 159, 5, 172, 172, 174]"
387,20,"[4, 57, 182, 207, 222, 228]",6,0.0948863485828042,0.03739965707063675,0.21111329815660915,"[518043865, 232349010, 598859102, 365583741, 192108533, 202937140, 155960153, 271493485, 48240964, 501184041]","[57, 57, 57, 228, 57, 182, 57, 57, 57, 57]"
388,20,"[8, 46, 63, 127, 159, 168, 174, 196, 200, 209, 241]",11,0.20913150534033775,0.07052076421678066,0.31734212049791083,"[483114413, 236407296, 195054568, 47736879, 176951052, 300515993, 180470618, 456942255, 437918922, 90370573]","[159, 159, 159, 159, 159, 159, 159, 159, 159, 159]"
389,20,"[5, 10, 175]",3,0.09012511186301708,0.026698295958340168,0.18274307949468493,"[538601779, 496882961, 377914647, 538608985, 119245446, 121767006, 197017447, 538608983, 485954746, 503161128]","[5, 5, 5, 5, 5, 5, 5, 5, 5, 5]"
390,20,"[38, 57, 92, 159, 166, 178, 207, 222]",8,0.1795428921468556,0.04650210030376911,0.20565931539749727,"[528194204, 220353823, 589055484, 11924552, 216833046, 7074431, 216763606, 11947346, 144938751, 12059246]","[92, 57, 57, 57, 57, 57, 57, 57, 57, 57]"
391,20,"[4, 6, 22, 59, 70, 82, 104, 222]",8,0.12217124179005623,0.04357251804322004,0.1767185898788739,"[77610982, 91840173, 38397014, 440724473, 102702268, 180900085, 99340953, 6741054, 40113198, 315503236]","[104, 70, 22, 22, 22, 22, 22, 22, 4, 104]"
392,20,"[1, 4, 82, 100, 146, 168]",6,0.15035389736294746,0.10657113464549184,0.27088146773166955,"[63560910, 25678541, 63560911, 523105272, 150585862, 556048684, 227352658, 178226630, 24745301, 451052427]","[82, 1, 82, 82, 82, 82, 82, 82, 82, 82]"
393,20,"[75, 93, 109, 117, 171, 186, 209]",7,0.06877048779278994,0.0475682457908988,0.22802971599490515,"[221315009, 500189727, 161643426, 526113540, 452735068, 199372791, 199372793, 500239406, 120105951, 526118203]","[186, 186, 171, 186, 186, 171, 171, 186, 186, 171]"
394,20,"[33, 49, 85, 96, 128, 188]",6,0.18468880327418447,0.03233457589522004,0.20732213785716644,"[536304997, 304811753, 85874049, 379475313, 91732236, 428733981, 304545226, 553946102, 89885435, 89899767]","[96, 96, 96, 96, 96, 96, 96, 96, 96, 96]"
395,20,"[126, 159, 192, 216, 240]",5,0.08334847306832671,0.11599150160327554,0.5361956905573606,"[206505535, 408097720, 80318860, 8975195, 184007788, 35645259, 183991249, 211297727, 48136618, 293315390]","[216, 216, 216, 216, 216, 216, 216, 216, 216, 216]"
396,20,"[4, 10, 61, 81, 167, 188, 210, 228, 240, 242]",10,0.13891858095303178,0.05975064029917121,0.18971561503130943,"[307202530, 5099013, 589343868, 268487956, 182880755, 330674736, 181432055, 579415807, 118772998, 192972135]","[228, 61, 228, 61, 228, 61, 61, 61, 188, 228]"
397,20,"[14, 18, 129, 159, 181, 212]",6,0.05842176824808121,0.03388015367090702,0.19818017274762192,"[145714234, 55169815, 539503050, 94145145, 59835821, 85170985, 438584464, 297268490, 562647759, 571193531]","[129, 129, 129, 129, 129, 129, 129, 129, 129, 129]"
398,20,"[36, 54, 156, 201]",4,0.05314350500702858,0.03479644516482949,0.2878513829782605,"[178701094, 312892472, 169241695, 411693942, 203131002, 131983821, 119479044, 144741612, 355084342, 527800121]","[156, 156, 54, 156, 156, 156, 156, 156, 156, 54]"
399,20,"[20, 39, 70, 82, 96, 100, 125, 188]",8,0.10731267789378762,0.12101859459653497,0.31634380962350406,"[569775401, 251771382, 121998018, 272889916, 509145135, 40897021, 422282892, 451592938, 280740270, 281123654]","[96, 96, 96, 96, 39, 20, 96, 20, 96, 96]"
400,20,"[59, 67, 82, 84, 93, 104, 175]",7,0.16974995099008083,0.03645510645583272,0.1581807934479522,"[472712101, 256119635, 131074138, 310805445, 243220401, 436231812, 527967879, 205923408, 229663079, 374119799]","[59, 59, 59, 59, 67, 59, 59, 59, 59, 59]"
401,20,"[76, 93, 111, 114, 184, 194, 217, 224, 244]",9,0.20590989058837295,0.07092796731740236,0.36441376753565335,"[295204706, 124536510, 571863056, 246314100, 571814085, 415120729, 159442566, 412501211, 281126567, 191635082]","[76, 76, 93, 93, 93, 76, 93, 76, 244, 93]"
402,20,"[4, 22, 59, 63, 70, 82, 84, 104, 127, 132, 175, 195]",12,0.22549689002335072,0.07696575718000531,0.22880835743853822,"[298908210, 298794916, 416738091, 597064447, 544244507, 298912298, 298794913, 298976203, 298815754, 508976102]","[82, 82, 82, 82, 82, 82, 84, 82, 82, 82]"
403,20,"[4, 22, 59, 67, 82, 84, 104, 146, 175]",9,0.22766739781945944,0.050264707300812006,0.16392689754462075,"[261927670, 318808977, 174888889, 4778370, 521408726, 220261913, 596202121, 98350042, 152732378, 490329523]","[175, 82, 82, 22, 82, 146, 22, 59, 59, 82]"
404,20,"[12, 43, 64, 68, 89, 201]",6,0.1289511425420642,0.02941766893491149,0.1325810319200779,"[97886077, 583801759, 473294217, 379341816, 454060526, 454048482, 351094633, 563371271, 177085785, 246830600]","[68, 68, 68, 68, 68, 68, 68, 68, 68, 68]"
405,20,"[2, 17, 32, 63, 79, 84, 91, 93, 118, 175, 192, 224, 237, 241]",14,0.36667516315355897,0.09903459064662457,0.28067736281082034,"[405627185, 484727722, 57846362, 413149586, 19245188, 552689637, 218422746, 517036859, 419462750, 128619420]","[17, 175, 175, 175, 63, 237, 17, 175, 17, 237]"
406,20,"[10, 84, 112, 126, 127, 132, 152, 159, 175, 192, 239]",11,0.2183620766736567,0.09350896812975407,0.4378952005751092,"[150222919, 371593979, 150222911, 351926731, 190314871, 484440631, 158620640, 287430052, 150222912, 312999148]","[84, 84, 84, 84, 84, 84, 84, 84, 84, 84]"
407,20,"[1, 4, 10, 49, 82, 100, 132, 146, 169]",9,0.20862811198458076,0.07217315584421158,0.21367536601610482,"[108058360, 103119539, 5090347, 18353541, 126781683, 173171432, 469461102, 142338895, 315840103, 446926760]","[10, 82, 10, 82, 49, 82, 10, 82, 82, 82]"
408,20,"[30, 32, 60, 93, 94, 112, 165, 183, 194, 196, 217, 239]",12,0.22573967650532722,0.10332389269024134,0.47232333863697323,"[585436888, 543246526, 169884658, 521940133, 533729561, 77200660, 69224251, 565084974, 506160660, 482998963]","[32, 93, 93, 217, 217, 93, 217, 196, 217, 217]"
409,20,"[43, 60, 68, 82, 126, 128, 163, 175, 183, 184, 188, 239, 241]",13,0.3270469489507377,0.07454062486067414,0.27203153734668517,"[414719453, 96343823, 450529364, 168660390, 311792907, 190577166, 484890846, 423782118, 96174103, 145906907]","[163, 183, 188, 175, 239, 175, 183, 175, 188, 175]"
410,20,"[70, 87, 94, 106, 113, 118, 123, 131, 172, 230]",10,0.11500903218984604,0.06651434674859047,0.3017984527396038,"[517576628, 64814605, 517576629, 517524722, 41558682, 337244320, 193872855, 517576630, 201440502, 100747624]","[87, 87, 87, 87, 113, 87, 87, 87, 87, 87]"
411,20,"[26, 94, 167, 169, 187, 196, 201, 214, 217]",9,0.15582393715158105,0.14938313933089375,0.39214453615972567,"[297057802, 15027899, 578682394, 250298433, 67765886, 507953064, 227011375, 179081506, 5802902, 78231110]","[26, 167, 187, 187, 187, 187, 187, 201, 167, 187]"
412,20,"[109, 200, 210, 239, 240]",5,0.09518830152228475,0.031364685855805874,0.20382476123049856,"[122123242, 56124422, 583483191, 557347182, 32377145, 154005246, 584562653, 1077062, 542098962, 17342547]","[200, 200, 200, 200, 200, 200, 200, 200, 200, 200]"
413,20,"[20, 43, 64, 70, 141, 188, 192, 194, 217, 241]",10,0.2039618156850338,0.11681793397292495,0.2770990101620555,"[357060457, 322710339, 322710338, 205162234, 322710337, 322710341, 224374198, 364486474, 90927391, 416697767]","[20, 141, 43, 141, 64, 141, 141, 64, 141, 64]"
414,20,"[10, 72, 82, 124, 126, 127, 132, 194]",8,0.12314692419022322,0.07362686097621918,0.5451691888738424,"[373735043, 373577252, 373735037, 373735032, 373577246, 161564275, 451554459, 373577251, 395935600, 588731848]","[10, 10, 10, 10, 10, 10, 72, 72, 132, 127]"
415,20,"[39, 60, 82, 84, 100, 111, 128, 239]",8,0.1873821271583438,0.0663827951066196,0.32694749187794514,"[222743300, 526875218, 26571077, 51606008, 256299, 229908291, 187279006, 388904014, 573959948, 29950755]","[128, 100, 128, 128, 128, 128, 128, 128, 100, 128]"
416,20,"[1, 4, 5, 146, 166, 171, 174, 175, 207, 210, 227, 240]",12,0.34143264731392264,0.06455565290525556,0.15849645336857066,"[470108319, 187476453, 184621484, 352144327, 551649071, 410316380, 471364122, 420011298, 274522518, 590226482]","[146, 146, 146, 146, 1, 146, 146, 146, 1, 146]"
417,20,"[0, 148, 171, 186, 209, 224]",6,0.06674455804750323,0.05226836446672678,0.23757979502746215,"[91742405, 141160630, 372893354, 527014441, 335349252, 184214797, 372715502, 372910013, 571732185, 490910889]","[171, 171, 186, 171, 171, 186, 171, 171, 171, 186]"
418,20,"[0, 91, 200, 209, 227]",5,0.13114072009921074,0.029144098982214928,0.20427920036017894,"[290312855, 116276053, 235542195, 470314327, 564320836, 589267683, 335205476, 29510027, 544729345, 5637958]","[200, 200, 200, 200, 200, 91, 200, 200, 91, 91]"
419,20,"[22, 70, 104, 105, 106, 111, 127, 131, 152, 221]",10,0.1927425991743803,0.08253358816727996,0.3593757197493687,"[441789470, 293909992, 23954440, 77828849, 251174153, 257403790, 253484640, 523674958, 477261204, 441789486]","[22, 22, 22, 22, 22, 22, 22, 22, 106, 22]"
420,20,"[20, 39, 64, 70, 84, 100, 183, 192]",8,0.10610492760315537,0.11756356991827488,0.2797165731608402,"[355486941, 318333310, 398291135, 285141226, 344404566, 444205536, 355486940, 285141225, 100064731, 134128179]","[64, 64, 64, 84, 64, 192, 64, 84, 84, 84]"
421,20,"[39, 49, 72, 77, 82, 100, 146, 164, 188, 210, 221, 242]",12,0.1807042728178203,0.07786697568371892,0.23866792764359465,"[272994238, 465793811, 346140721, 557086401, 53513120, 248624134, 217202170, 290663967, 507281989, 102489605]","[49, 77, 49, 49, 49, 49, 49, 49, 210, 82]"
422,20,"[14, 33, 49, 61, 81, 85, 96, 99, 111, 112, 146, 210, 222]",13,0.37788298493251204,0.08324572071433067,0.2602067620206911,"[519622179, 221771305, 227396417, 78170859, 227396424, 449199702, 332673539, 398689986, 520719918, 279837663]","[222, 222, 222, 96, 222, 222, 96, 85, 222, 222]"
423,20,"[33, 40, 54, 106, 111, 163, 183, 188, 194, 214]",10,0.22629951778799295,0.08405023301020265,0.356423400179483,"[41331909, 142599350, 420218363, 177114757, 102007025, 316537661, 539793931, 247373154, 29082008, 305851356]","[188, 214, 54, 163, 163, 163, 188, 163, 106, 163]"
424,20,"[20, 33, 49, 85, 96, 100, 125, 188]",8,0.2865344751626253,0.049272415693849325,0.2670759681495838,"[557878433, 210879324, 51417397, 113899481, 218572965, 220056791, 454824459, 162655892, 278728764, 222990388]","[96, 96, 20, 20, 20, 20, 125, 20, 96, 20]"
425,20,"[32, 93, 194, 196, 209, 224]",6,0.09315898222848773,0.04652776010334492,0.34312490304000676,"[69022335, 199616068, 386838195, 251105507, 142075410, 373960657, 392358263, 523457820, 598807271, 346457589]","[32, 32, 209, 93, 32, 32, 196, 32, 32, 32]"
426,20,"[1, 4, 82, 88, 146, 153, 168, 196]",8,0.22354939300566912,0.11578333983197808,0.26303105300758034,"[185679644, 258644311, 369713830, 361339920, 202801575, 256300972, 236429858, 461860680, 280506815, 467833590]","[1, 88, 146, 82, 1, 146, 168, 168, 168, 88]"
427,20,"[2, 185, 227, 228]",4,0.03770039463415742,0.025161808356642723,0.18921962339663878,"[37526005, 588402422, 418645657, 593046928, 393734360, 33417771, 567324398, 387987088, 574932039, 470383145]","[185, 185, 185, 185, 185, 185, 185, 185, 185, 185]"
428,20,"[39, 60, 159, 166, 174, 194, 200, 234, 239, 240]",10,0.18956936616450548,0.06598080787807703,0.25579059349838645,"[47765917, 315588710, 81327474, 595972156, 106352467, 106352466, 233810974, 144388658, 233948599, 233799325]","[166, 234, 234, 166, 234, 234, 60, 166, 234, 60]"
429,20,"[57, 99, 166, 178, 207, 233]",6,0.19234192557632923,0.032553554978221655,0.1888507919308419,"[418468133, 431002794, 288071214, 228977595, 266964121, 227073636, 348273107, 170991222, 456972715, 202365462]","[178, 178, 178, 178, 178, 178, 178, 178, 178, 178]"
430,20,"[0, 8, 68, 75, 93, 112, 171, 183, 184, 186]",10,0.1463880860246718,0.06139022717252374,0.18717918724287302,"[314175095, 222956702, 212190984, 4437641, 370061134, 202286739, 540336597, 544638549, 140838976, 581560069]","[171, 171, 183, 183, 183, 183, 171, 171, 171, 171]"
431,20,"[25, 49, 59, 81, 82, 146, 167, 195, 210]",9,0.19627999002113938,0.05085431085899472,0.17998266724559167,"[118055614, 385448499, 367743840, 163478788, 353868886, 552004808, 27643132, 54062828, 470920514, 335305976]","[25, 25, 195, 210, 195, 25, 25, 25, 25, 195]"
432,20,"[32, 39, 60, 115, 200, 209, 239, 240]",8,0.1055177254602313,0.0563891832716763,0.33079784404253587,"[206788263, 113432794, 113395491, 106911166, 51649213, 374727675, 207011379, 210367924, 479658484, 398082577]","[240, 60, 60, 240, 60, 60, 60, 240, 60, 60]"
433,20,"[43, 59, 64, 67, 132, 188, 194, 217, 239]",9,0.1605477943085134,0.06272674538195133,0.25970404157932436,"[183387762, 533916397, 434999243, 520752570, 520754677, 179571608, 573990019, 154979126, 165863631, 153226511]","[43, 194, 64, 239, 239, 64, 43, 43, 64, 43]"
434,20,"[14, 32, 77, 93, 97, 194, 228]",7,0.10417647054418921,0.111046327278018,0.2887022004994963,"[225652102, 458691173, 565971705, 490241250, 312158489, 5649969, 429115328, 359674580, 5649968, 165335047]","[32, 32, 32, 32, 32, 32, 32, 32, 32, 32]"
435,20,"[20, 36, 54, 70, 81, 125, 156, 167, 194, 201, 222]",11,0.1373975151218474,0.0823651710525155,0.2966277575204996,"[255794082, 506850432, 181557532, 302766216, 159361284, 381165460, 211598789, 94748954, 351850430, 534816421]","[156, 54, 54, 54, 54, 54, 54, 54, 54, 54]"
436,20,"[1, 14, 32, 77, 93, 112, 174, 175, 228, 240]",10,0.24652133462950587,0.13423138670623302,0.19898723249789327,"[541106747, 20069172, 78858363, 12691829, 548304356, 140863450, 437127887, 508225490, 25388469, 33532261]","[32, 32, 32, 32, 228, 32, 228, 32, 32, 32]"
437,20,"[20, 70, 96, 106, 114, 125, 148, 188, 201]",9,0.10289851436391473,0.06470131687819958,0.2755368481286698,"[433340456, 57161118, 565447060, 454507049, 497974241, 160165905, 26448373, 112426200, 451497625, 124949268]","[96, 20, 106, 106, 201, 106, 188, 106, 96, 125]"
438,20,"[1, 14, 20, 58, 77, 167, 241]",7,0.2074064053595066,0.03810897329822183,0.1514077681183283,"[497945962, 49283079, 456559930, 35898600, 222478441, 314820472, 78071073, 301223922, 297436434, 536520740]","[167, 167, 167, 241, 20, 167, 167, 167, 167, 167]"
439,20,"[168, 233]",2,0.03646134911105037,0.016977131832391024,0.42093740520067513,"[470639103, 360036417, 518436832, 542847765, 87730836, 116076904, 188731557, 591238378, 310170954, 100259567]","[233, 233, 233, 233, 233, 233, 233, 233, 233, 233]"
440,20,"[17, 45, 48, 112, 213, 215]",6,0.12258288683369756,0.0573156513273716,0.46367533357503515,"[446034911, 58263293, 326555173, 257020445, 494942197, 202266373, 436795706, 136800017, 58755646, 520067260]","[215, 215, 48, 215, 215, 215, 215, 215, 215, 215]"
441,20,"[10, 84, 108, 112, 125, 126, 164, 188, 194, 217, 230]",11,0.184952637180686,0.1524008782580495,0.4733150044286793,"[448390222, 448315383, 448484914, 239291786, 448315384, 29300182, 436198169, 427230628, 213733044, 45920237]","[84, 84, 84, 125, 84, 188, 217, 217, 217, 217]"
442,20,"[18, 84, 126, 192]",4,0.0707386233843863,0.034009722992777824,0.5972756899427623,"[283126902, 344263312, 27277348, 507585010, 483500865, 557093516, 125839494, 63723385, 364272230, 595441698]","[192, 192, 192, 192, 192, 192, 192, 192, 192, 192]"
443,20,"[20, 39, 49, 82, 100, 146, 164, 227]",8,0.09752165386453271,0.057643971871584654,0.2530034608207643,"[422416103, 596402741, 241747163, 519701173, 451574719, 447356604, 327049016, 575743328, 9875326, 517876917]","[82, 20, 82, 39, 20, 100, 100, 49, 49, 49]"
444,20,"[60, 159, 175, 216, 237, 239, 240]",7,0.13908046716824174,0.055068726651370525,0.23417551030537911,"[365229672, 376707067, 442989486, 303162944, 478767602, 582960674, 471213855, 591578456, 94588812, 161391509]","[159, 216, 216, 216, 159, 216, 216, 159, 216, 216]"
445,20,"[1, 5, 59, 77, 93, 133, 210]",7,0.21340224100276828,0.034417595248669386,0.15079808002337813,"[495196780, 436086138, 469014680, 330128090, 162270075, 442489669, 446278031, 526780422, 524971307, 381469699]","[59, 59, 210, 59, 59, 59, 59, 59, 59, 59]"
446,20,"[32, 39, 60, 115, 209, 239, 240]",7,0.09495914587751031,0.04860748257488012,0.3461908172549946,"[325408754, 385243883, 26490240, 419719519, 583416468, 325457744, 399794579, 446595954, 535952032, 22249358]","[60, 240, 60, 32, 60, 60, 240, 240, 240, 60]"
447,20,"[20, 22, 57, 61, 70, 93, 105, 111, 131, 222, 228, 237]",12,0.21296905586495996,0.08545299200341105,0.2737688710719037,"[99287103, 252822624, 81855859, 147501338, 568486625, 299841255, 499122820, 471263154, 471080393, 177374318]","[70, 22, 22, 22, 70, 22, 22, 22, 57, 22]"
448,20,"[0, 39, 64, 70, 84, 183, 184, 192]",8,0.1003686124458909,0.05629603052511811,0.26437995294691063,"[318536243, 97030774, 461803644, 461433073, 461433074, 318515758, 496460057, 531572768, 38906152, 245436059]","[64, 64, 192, 192, 192, 192, 192, 192, 192, 192]"
449,20,"[19, 20, 22, 30, 38, 70, 84, 104, 105, 110, 131, 153, 195, 216]",14,0.29326656833291054,0.08796449238434434,0.23196038402550453,"[447054911, 393972249, 267990263, 351268747, 351982259, 306591891, 51834142, 358497620, 529936702, 456547897]","[22, 20, 70, 216, 70, 70, 70, 70, 84, 70]"
450,20,"[5, 25, 49, 59, 77, 109, 188, 195, 210, 242]",10,0.13176225731149316,0.055434745736420155,0.17445749323815107,"[408884211, 207355559, 25671216, 440986306, 31277728, 113060893, 207533350, 113001490, 342216973, 475883545]","[5, 5, 5, 242, 5, 242, 5, 242, 5, 242]"
451,20,"[45, 47, 174, 211, 235]",5,0.10532361082732677,0.027947965543717146,0.18455158350989223,"[255457970, 11907548, 207976466, 392511486, 12021424, 339898836, 91781316, 103231276, 241396449, 312109283]","[235, 235, 235, 235, 235, 235, 235, 235, 45, 235]"
452,20,"[5, 10, 12, 18, 26, 115, 126, 169, 202]",9,0.13098990358412266,0.13239589240401983,0.427429027389735,"[118267505, 275408587, 532988921, 193079880, 337381772, 299364175, 155594246, 124097705, 334004200, 536291201]","[12, 12, 12, 12, 12, 12, 12, 12, 10, 12]"
453,20,"[47, 61, 112, 174, 211]",5,0.1135838720947504,0.029338981490582228,0.22222196562215685,"[107429106, 185142961, 33216306, 246867785, 584842923, 367344017, 589287312, 185142962, 496337434, 359908947]","[47, 47, 47, 47, 47, 47, 47, 47, 47, 47]"
454,20,"[42, 76, 80, 106, 146, 206, 231, 244]",8,0.0782694392837584,0.051324518863111734,0.20705114313750528,"[394840734, 204763087, 349953936, 15101628, 84707877, 27236663, 418617952, 213628432, 346566205, 154405305]","[80, 80, 80, 80, 80, 80, 80, 80, 80, 80]"
455,20,"[29, 37, 72, 156, 164, 188, 194, 242]",8,0.16209753090515733,0.06310707004740834,0.28283905365969986,"[13789353, 120696219, 549335784, 534085640, 39847515, 79066778, 59229470, 191048922, 598645519, 387009078]","[72, 72, 29, 29, 29, 29, 242, 72, 72, 72]"
456,20,"[4, 30, 37, 79, 82, 106, 109, 148, 195, 221, 242]",11,0.17267082445323467,0.07912781508639455,0.26572784523225645,"[365601969, 457555715, 320656730, 139721258, 577637429, 74228742, 334013790, 457916124, 479758699, 168133418]","[242, 195, 242, 195, 195, 195, 195, 242, 195, 195]"
457,20,"[60, 240]",2,0.018132818397134542,0.011136402375996113,0.17691580636892468,"[162471685, 136874010, 231705738, 524464579, 113888790, 571179873, 119861582, 186491860, 106311894, 463699260]","[240, 240, 240, 60, 60, 240, 60, 240, 60, 240]"
458,20,"[42, 53, 76, 80, 106, 206, 225, 231, 240]",9,0.21908668521791697,0.055072600953280926,0.2064975491569688,"[187787262, 166420139, 212547914, 191295996, 115563401, 274449131, 517111948, 378081030, 231986448, 420588990]","[80, 42, 206, 42, 42, 42, 206, 206, 80, 42]"
459,20,"[2, 36, 38, 58, 85, 106, 111, 112, 139, 165, 169, 188, 201, 214, 239, 241]",16,0.35451868595555425,0.1413837419822812,0.362968922680011,"[315889861, 315914143, 272080642, 151472558, 560910136, 315949387, 102227420, 315749943, 315749940, 51707786]","[241, 241, 241, 111, 241, 241, 58, 241, 241, 111]"
460,20,"[10, 33, 72, 81, 96, 132, 188]",7,0.14503277791664004,0.05056406883522868,0.23584093043713697,"[479292604, 301933640, 535548284, 301902290, 318613265, 161639518, 466535407, 482889741, 417578861, 155220281]","[188, 188, 188, 188, 96, 188, 188, 188, 96, 188]"
461,20,"[5, 43, 56, 59, 67, 82, 93, 112, 159, 175, 224]",11,0.2099540983326733,0.12763350317254663,0.17057119657031514,"[400235162, 332873320, 129177492, 270544705, 594292472, 234273248, 317781559, 41028519, 594326342, 178658508]","[43, 43, 43, 67, 67, 43, 175, 175, 59, 175]"
462,20,"[6, 97, 105, 111, 113, 133, 184, 192, 217, 224]",10,0.1813531992956996,0.08669974887743592,0.4061565453419462,"[383637803, 231054295, 144569808, 202755365, 53678820, 232274035, 185811491, 198954823, 220204330, 342210829]","[217, 217, 97, 217, 97, 217, 113, 113, 192, 224]"
463,20,"[39, 96, 109, 111, 128, 166, 188, 234]",8,0.20104544702917337,0.1307419310323894,0.34003517069504596,"[40280342, 81705327, 363770131, 484265681, 434870727, 14113010, 541770102, 432930589, 260127737, 592003099]","[234, 234, 234, 234, 234, 234, 234, 234, 234, 234]"
464,20,"[5, 10, 12, 51, 97, 115, 159, 174, 181, 239]",10,0.12011231388896704,0.07095203176140785,0.2913675603689626,"[302910979, 292312148, 435412727, 507575881, 81024549, 285794450, 285616290, 507678586, 501834736, 285539307]","[239, 239, 239, 239, 12, 12, 239, 12, 5, 51]"
465,20,"[32, 60, 61, 75, 117, 209, 224, 228]",8,0.08194632222875953,0.049429599195718765,0.23211769384215586,"[176468700, 213315000, 346243434, 148498246, 235771350, 41816450, 66036315, 93467718, 360689364, 492897766]","[117, 117, 75, 117, 75, 75, 117, 228, 75, 75]"
466,20,"[1, 20, 39, 40, 60, 81, 82, 100, 109, 111, 128, 163, 240]",13,0.3084786986000836,0.09760626126080751,0.2969046528272044,"[177227322, 352042136, 25007565, 374165375, 498112273, 213506514, 320267901, 409177016, 119109137, 107131059]","[40, 20, 111, 109, 60, 100, 60, 60, 109, 40]"
467,20,"[1, 20, 70, 82, 84, 175, 195]",7,0.19474769290536642,0.03748263232409954,0.16662241901004954,"[323627120, 18091477, 341299244, 306436514, 54728018, 204994945, 18084019, 474432847, 365102335, 512896117]","[175, 175, 175, 175, 175, 175, 175, 175, 175, 82]"
468,20,"[1, 8, 46, 59, 63, 72, 87, 112, 133, 174, 175, 210, 228]",13,0.39119583927094936,0.07782819261774421,0.1874502063370668,"[542191767, 118178412, 298492231, 165347730, 378131796, 10608035, 560058169, 365150051, 336371913, 218852589]","[174, 133, 63, 133, 59, 133, 133, 59, 46, 46]"
469,20,"[10, 18, 32, 93, 126, 194, 224, 239]",8,0.18290264625102282,0.0612451396882534,0.4135131277143955,"[443649785, 455541052, 62527222, 450324266, 556508986, 469543999, 443485022, 398551934, 409637139, 44853424]","[224, 224, 224, 224, 239, 224, 224, 224, 224, 224]"
470,20,"[4, 59, 61, 79, 82, 109, 132, 133, 148, 209, 210, 240]",12,0.19156729336827993,0.07241159165278077,0.18314560811268166,"[532997059, 176000049, 416502861, 417180042, 434798733, 81115506, 178865239, 273980664, 572770910, 18778545]","[109, 210, 133, 210, 59, 210, 210, 210, 210, 210]"
471,20,"[17, 20, 54, 96, 156, 188]",6,0.08970139594748616,0.046961105428636074,0.32349358258458477,"[139111471, 306886796, 229777518, 357272187, 63994882, 251805477, 53812755, 138900231, 220252179, 455625206]","[54, 96, 188, 188, 96, 54, 188, 188, 188, 96]"
472,20,"[1, 14, 88, 174]",4,0.15677139442414045,0.02072341972962022,0.17701016657520086,"[464201156, 493687953, 99275646, 223346411, 250763915, 357588963, 297833110, 233508947, 56675729, 591774573]","[14, 14, 1, 14, 14, 14, 14, 14, 14, 14]"
473,20,"[1, 57, 91, 118, 152, 174, 209, 237, 240]",9,0.21532903285697103,0.05589986778795719,0.2806403822420786,"[408864800, 99877266, 365812706, 332730644, 347892926, 104530316, 276497222, 291831028, 571956600, 302299097]","[57, 237, 237, 237, 237, 237, 237, 91, 237, 237]"
474,20,"[25, 38, 178]",3,0.030859050806611776,0.02039465168491006,0.21284361424235007,"[419399602, 419549737, 419425382, 357702048, 111279463, 267500020, 331809858, 305610631, 531818045, 351804448]","[25, 25, 25, 25, 25, 25, 25, 25, 25, 25]"
475,20,"[8, 10, 39, 60, 93, 112, 126, 171, 183, 194, 201, 214, 217]",13,0.25611257646232843,0.17645567283034325,0.41724191731415117,"[562404345, 142216812, 435554156, 55793947, 143640933, 480679693, 367683341, 381488091, 484010576, 408058382]","[183, 183, 183, 183, 183, 183, 183, 183, 183, 183]"
476,20,"[8, 10, 43, 106, 113, 126, 170, 217, 224, 230]",10,0.2517705108039081,0.08685485413298011,0.4184314407641068,"[295878466, 101179090, 101303614, 101275642, 219048394, 52588656, 165364401, 58450946, 172334369, 319053680]","[224, 43, 43, 224, 43, 43, 224, 43, 224, 224]"
477,20,"[4, 22, 63, 70, 104, 105, 123, 146]",8,0.17323885764926672,0.05089373467490077,0.24366921358159743,"[515987773, 134023122, 134045765, 402584518, 362021062, 356558411, 277369238, 134045767, 134045769, 156339838]","[22, 22, 70, 22, 123, 123, 22, 123, 123, 123]"
478,20,"[1, 6, 17, 25, 46, 107, 175, 180, 228, 241]",10,0.28849211521446705,0.07410241151228547,0.2615174850914627,"[278583544, 265290220, 17011777, 185132949, 151677497, 326110723, 445720643, 446078741, 17103338, 41426904]","[17, 175, 25, 175, 25, 25, 17, 17, 25, 25]"
479,20,"[33, 79, 82, 85, 92, 96, 125, 139, 188, 210, 241]",11,0.37343537667766213,0.05642275279387832,0.21103662993250924,"[387276139, 206946850, 335107311, 35277925, 271075585, 114846788, 566150586, 298702158, 387292597, 594147739]","[92, 92, 92, 92, 92, 92, 92, 85, 92, 85]"
480,20,"[1, 4, 19, 82, 84, 93, 104, 105, 166, 175, 192, 195]",12,0.3793191141448915,0.13790189987048507,0.20152093726210296,"[164567930, 76437166, 148730856, 289687404, 31389939, 54371157, 399769744, 583403024, 76421893, 59100085]","[105, 84, 1, 1, 1, 1, 1, 1, 1, 1]"
481,20,"[5, 10, 17, 43, 47, 59, 67, 68, 159, 175, 184, 194, 241]",13,0.37269281409680843,0.08432799438014627,0.2187870129978714,"[313386754, 341732680, 313233339, 393366560, 134682753, 161482467, 260811580, 311983683, 157043851, 59130015]","[43, 43, 43, 43, 43, 43, 43, 43, 68, 43]"
482,20,"[2, 19, 21, 25, 43, 46, 97, 105, 113, 123, 133, 186, 224]",13,0.20554492622613907,0.08912427397444844,0.27613585327680296,"[512525686, 185414817, 443749071, 486542584, 412352454, 144635416, 555867870, 412533088, 278271929, 270942898]","[2, 2, 21, 46, 2, 133, 123, 2, 46, 46]"
483,20,"[20, 68, 70, 105, 112, 167, 183, 215, 235]",9,0.10646793385967612,0.12559947650879622,0.2485976839541561,"[489828717, 310848652, 39414752, 489772051, 489812532, 166713165, 489585111, 489585110, 489812529, 489812530]","[68, 68, 68, 68, 68, 68, 68, 68, 68, 68]"
484,20,"[1, 8, 14, 38, 61, 126, 127, 133, 184, 228, 239]",11,0.25471807224676013,0.07269351184368134,0.37679159586233174,"[18606957, 454531142, 297497815, 104332912, 193436670, 86389394, 379833395, 27434076, 77895589, 189420397]","[228, 228, 228, 228, 228, 228, 228, 228, 228, 133]"
485,20,"[36, 43, 54, 58, 67, 82, 88, 169, 175, 188, 201, 241]",12,0.3154745725914836,0.07960816659033298,0.19852963654557243,"[200634062, 21333472, 338204614, 254730189, 47062145, 2360277, 170606102, 313575331, 231044967, 444746136]","[54, 169, 54, 188, 36, 54, 54, 54, 241, 54]"
486,20,"[1, 82, 91, 146, 171, 174, 175, 186, 200, 224, 227]",11,0.30271812761202455,0.13094714796170592,0.19104941980913281,"[56701149, 39076161, 568055858, 263768564, 58447535, 391336856, 417800668, 56763086, 56720614, 227969021]","[200, 200, 200, 200, 175, 1, 200, 200, 200, 200]"
487,20,"[1, 4, 10, 30, 82, 106, 114, 126, 133, 146, 170, 195, 209, 217, 224, 230]",16,0.3152321367524564,0.1255690734833479,0.38999479898484424,"[247713415, 350519092, 179936272, 593849168, 542594313, 274439126, 135846690, 593975744, 372724792, 57091600]","[217, 30, 209, 217, 170, 195, 217, 217, 230, 114]"
488,20,"[6, 75, 109, 171, 210]",5,0.08643677271902561,0.10405077179893851,0.163527626497671,"[399005212, 87256967, 87256965, 116827493, 202144811, 6340035, 78982428, 12995121, 255761134, 172957762]","[171, 171, 171, 171, 171, 171, 171, 171, 171, 171]"
489,20,"[88, 168, 169, 233]",4,0.05805744510143995,0.0316993105225265,0.3222238623420708,"[244730630, 583962548, 422582951, 591290990, 311550525, 190397391, 205670594, 395580749, 520987336, 3671082]","[168, 168, 168, 168, 168, 168, 168, 168, 168, 168]"
490,20,"[61, 75, 97, 133, 148, 200, 209, 212]",8,0.10425813449546695,0.056469596456736326,0.27687600906938314,"[147860004, 549774917, 279548621, 283966976, 82761773, 409233162, 253136900, 44292805, 484392645, 439160149]","[200, 200, 200, 200, 200, 200, 200, 200, 200, 200]"
491,20,"[10, 20, 70, 77, 81, 82, 159, 192]",8,0.08889070386067033,0.0524596287868917,0.22953177100862376,"[268678452, 453487855, 440347452, 403625282, 2456965, 354402042, 550281212, 81435176, 536225976, 490443456]","[81, 81, 81, 81, 81, 81, 81, 81, 81, 81]"
492,20,"[10, 17, 61, 89, 100, 119, 125, 132, 188, 242]",10,0.22113507241010666,0.07579438854008913,0.3021128371357918,"[160760036, 174221182, 24335764, 393169956, 18314610, 28528015, 55836635, 345243402, 86185750, 192390787]","[188, 188, 188, 188, 188, 188, 188, 188, 132, 188]"
493,20,"[0, 10, 108, 114, 126, 164, 183, 192, 217, 224, 230, 239]",12,0.23678320832550526,0.10681215906515718,0.4291216744265209,"[44295541, 52895912, 381794118, 277272628, 402856706, 350020328, 277766670, 68940733, 527241400, 90517546]","[183, 224, 217, 126, 126, 126, 217, 126, 164, 126]"
494,20,"[57, 152, 228, 237]",4,0.05373912025243044,0.030436138156801462,0.295351913315244,"[405705380, 205539569, 233429029, 526541966, 186295331, 186246386, 155115209, 428119303, 382854843, 301760601]","[237, 237, 237, 237, 237, 237, 237, 237, 237, 237]"
495,20,"[32, 159, 211, 237, 239, 240, 241]",7,0.09151324210688472,0.042216799687594175,0.19882651844194957,"[25871553, 86639618, 103452026, 9606063, 37237949, 293467789, 196184832, 371519373, 275562567, 103473813]","[240, 240, 240, 240, 32, 32, 32, 240, 32, 32]"
496,20,"[5, 10, 84, 93, 112, 159, 166, 175, 192, 224, 241]",11,0.303917174693197,0.07702248869463801,0.2243236399001696,"[236259714, 571862111, 34682763, 446634837, 160567613, 198474818, 291748984, 220215407, 294138131, 238303764]","[5, 5, 175, 5, 192, 93, 5, 175, 5, 5]"
497,20,"[36, 54, 156, 201]",4,0.053691953886300325,0.03305605286732316,0.2878513829782605,"[299386406, 319058044, 494534355, 364834223, 364842068, 437804398, 308900473, 591029583, 50443737, 41614889]","[54, 54, 54, 36, 36, 54, 54, 54, 54, 54]"
498,20,"[20, 70, 77, 82, 84, 93, 132, 175, 195, 216]",10,0.15255511878058314,0.06283388286828995,0.18023433508351444,"[276146023, 576706550, 578940775, 311036971, 576706551, 35003847, 18787922, 579237344, 579237342, 570847380]","[175, 175, 175, 20, 175, 175, 175, 175, 175, 175]"
499,20,"[36, 54, 109, 156, 167, 201]",6,0.08207681681960821,0.1127990991808474,0.27202579340276617,"[591551392, 131956001, 467193386, 391865967, 123524978, 243392874, 266667197, 313563880, 200658135, 28805091]","[36, 36, 54, 54, 156, 54, 36, 54, 156, 36]"
500,20,"[25, 46, 59, 107, 178, 195, 210, 216]",8,0.12339901877567172,0.047375190537422895,0.19727856805548072,"[540664094, 425777108, 425777109, 236293030, 540664095, 479933293, 549363883, 425845956, 425745683, 217417000]","[46, 46, 107, 25, 107, 25, 25, 25, 107, 107]"
501,20,"[2, 57, 92, 159, 175, 193, 237]",7,0.1734265391714871,0.04553534043952823,0.23242548906377383,"[506606551, 29636583, 584524121, 317604999, 22593284, 199862179, 240298873, 62864624, 200570415, 164293397]","[237, 237, 237, 2, 237, 237, 237, 237, 237, 237]"
502,20,"[46, 60, 81, 96, 127, 128, 159, 167, 175, 216, 241]",11,0.21170005667954683,0.13724906276911497,0.2762077574999156,"[325515382, 249329727, 538523683, 243179825, 559537613, 407800112, 375595151, 229394936, 553852001, 238057012]","[216, 60, 60, 216, 216, 216, 60, 60, 216, 60]"
503,20,"[1, 82, 84, 88, 146, 175]",6,0.18484012596309185,0.0350072612054646,0.1715002025788029,"[66775892, 67675597, 145991549, 336506009, 277869308, 346161102, 381972781, 307481867, 255321054, 209401098]","[82, 175, 82, 82, 82, 82, 84, 82, 1, 84]"
504,20,"[4, 6, 10, 20, 26, 70, 82, 84, 100, 108, 148, 164, 194]",13,0.22036572638899088,0.09243606450036168,0.2482870314628459,"[448490378, 409326007, 427359616, 549567211, 108048881, 536913401, 258388843, 405072123, 105174944, 335315135]","[4, 84, 108, 10, 26, 26, 26, 6, 20, 26]"
505,20,"[20, 39, 77, 82, 100, 112, 123, 128, 146, 194, 210]",11,0.1839652112685144,0.07636635657399893,0.2947495512410321,"[153410927, 251994508, 215015443, 70556567, 168058283, 323453715, 487247192, 23324626, 386086785, 170447521]","[20, 77, 39, 100, 77, 82, 20, 128, 128, 20]"
506,20,"[10, 20, 70, 82, 100, 105, 125, 127, 164, 188, 192, 194]",12,0.23575696256011724,0.09973881533369422,0.3732268087333068,"[162695942, 95452710, 162731169, 38187346, 162727504, 570547811, 112809579, 22885840, 382313075, 48415630]","[125, 20, 20, 125, 125, 82, 82, 100, 82, 125]"
507,20,"[20, 33, 96, 125, 188]",5,0.12005074741318822,0.0310585075058043,0.2831299983430654,"[336438051, 426049066, 422839851, 102289513, 500345096, 271830533, 422863222, 244534552, 113902419, 405155384]","[96, 96, 96, 33, 96, 20, 33, 96, 96, 96]"
508,20,"[1, 14, 77, 81, 174, 211]",6,0.19049720652401447,0.03308526845648885,0.1738498084790384,"[88155495, 88155494, 133048366, 203558056, 335600884, 349761725, 529499156, 351513107, 453714421, 159299546]","[14, 81, 14, 14, 81, 14, 14, 81, 14, 81]"
509,20,"[37, 46, 112, 133, 159, 186, 210]",7,0.12529259733855724,0.04853980243206024,0.23621655914134213,"[136975153, 319742880, 422347069, 106336730, 76102061, 541971134, 18384764, 377405330, 58791574, 95391091]","[186, 133, 46, 46, 46, 46, 186, 46, 46, 46]"
510,20,"[32, 52, 60, 75, 93, 117, 186, 200, 209]",9,0.08986520068719983,0.05465861316770315,0.2238293712337812,"[73624450, 75775109, 425185866, 314113358, 469196941, 289864068, 469172981, 469083543, 365057986, 469289361]","[93, 93, 93, 93, 93, 93, 93, 93, 93, 93]"
511,20,"[57, 152, 237]",3,0.10227175615727901,0.024869935121387243,0.32790679632065195,"[354342484, 354982027, 539458146, 2893851, 588943316, 265818700, 2701816, 89993059, 100270462, 401331535]","[152, 237, 152, 237, 237, 152, 237, 152, 237, 237]"
512,20,"[0, 7, 94, 112, 123, 147, 163, 170, 171, 183, 214, 230]",12,0.16353567969053984,0.09288569819182158,0.3266423004097305,"[97093587, 382929741, 486066851, 60901442, 557338816, 462017750, 75252116, 253453552, 469164980, 325958056]","[183, 183, 230, 230, 183, 183, 183, 183, 183, 230]"
513,20,"[166, 168, 174, 233]",4,0.12717916164547205,0.026629529427736998,0.3031590800965205,"[9753040, 175920041, 442793169, 210970518, 198030279, 471476524, 161816983, 363023100, 344275419, 97533873]","[233, 233, 233, 233, 233, 233, 233, 233, 233, 233]"
514,20,"[25, 49, 82, 210, 213, 233]",6,0.16427433723583817,0.04937007836997509,0.2768745476690431,"[259638967, 29539058, 226769638, 103461123, 13234335, 212467506, 375167620, 362969013, 77523374, 563910942]","[49, 25, 25, 25, 25, 25, 25, 25, 25, 49]"
515,20,"[10, 21, 25, 32, 84, 186, 209, 217, 224]",9,0.12487860769033432,0.06560890097171068,0.2992813295374314,"[543922079, 354926197, 130933279, 543791991, 594762485, 422086086, 291501341, 195792455, 104910465, 130933280]","[224, 224, 224, 224, 224, 224, 224, 224, 224, 224]"
516,20,"[1, 43, 70, 133, 141, 186, 195]",7,0.186488616745919,0.10481083672493696,0.19142505077512137,"[157350314, 369597083, 211384216, 389271069, 324700103, 25048268, 139187086, 472835488, 211384218, 365680177]","[133, 133, 133, 141, 133, 133, 141, 133, 133, 133]"
517,20,"[22, 82, 102, 104, 193, 195]",6,0.14427953073754907,0.03410296840593219,0.19972772372420877,"[116909789, 213916429, 454389511, 454348595, 152709618, 180504935, 597380804, 517449535, 375642974, 180504938]","[22, 22, 22, 22, 22, 22, 22, 22, 22, 22]"
518,20,"[19, 57, 59, 107, 172, 180, 182, 222, 237]",9,0.11151243653148413,0.06358815915882587,0.2716521361791011,"[339741272, 10724956, 140399022, 211228225, 208979114, 302190687, 519110891, 211333354, 355393691, 391274177]","[107, 237, 237, 107, 107, 182, 57, 107, 182, 107]"
519,20,"[10, 20, 54, 70, 132, 188]",6,0.10076925298199058,0.044661416206508875,0.20123363961465657,"[464425538, 411391048, 411391064, 210728434, 411391046, 411391050, 511903954, 435401648, 468105198, 504335856]","[54, 54, 54, 54, 54, 54, 54, 54, 54, 54]"
520,20,"[54, 167, 201]",3,0.03592464094981551,0.021709635388106108,0.23136353477214774,"[25955538, 86731325, 504422431, 137001895, 230400934, 477811446, 462531434, 10405125, 284745640, 482766710]","[201, 201, 201, 201, 201, 167, 201, 201, 201, 201]"
521,20,"[30, 79, 87, 106, 108, 122, 165, 183, 194, 214, 217, 221, 230]",13,0.2813955987803638,0.11195294931530952,0.5248083010530815,"[553995910, 299210752, 554255527, 554247320, 299340964, 324998943, 299335078, 349839111, 299208442, 354972118]","[217, 194, 217, 217, 217, 217, 217, 214, 165, 217]"
522,20,"[96, 128, 188, 234]",4,0.05790970008820295,0.09363312553614378,0.2502655463758856,"[130317406, 255648442, 432017163, 58185551, 2703194, 475160783, 355317670, 8883729, 417584932, 112061204]","[128, 96, 128, 96, 234, 96, 128, 234, 96, 234]"
523,20,"[60, 109, 168, 240]",4,0.05549656879156828,0.030909388326108456,0.30308024445548654,"[293660001, 283438059, 226255915, 359159413, 148240321, 283438076, 441716235, 506653755, 410667348, 535253769]","[240, 60, 240, 60, 60, 60, 60, 60, 240, 240]"
524,20,"[14, 43, 64, 112, 184, 192, 194, 239]",8,0.1575208017602563,0.05659689614549279,0.2896537370106671,"[563895318, 570730176, 26854162, 160315320, 275142002, 528973679, 578245079, 526067676, 69172137, 274216131]","[64, 64, 64, 64, 64, 64, 64, 64, 64, 64]"
525,20,"[1, 8, 14, 32, 60, 105, 114, 146, 192, 206, 209, 217]",12,0.3396698758006096,0.08495001448318362,0.29282891979285824,"[119671887, 486964607, 477101385, 421800907, 111073023, 569776617, 412015059, 323862633, 358096082, 36180897]","[8, 14, 1, 32, 206, 217, 14, 32, 32, 14]"
526,20,"[60, 118, 159, 240]",4,0.035904962569475174,0.022506788838654757,0.25745224638376385,"[428022682, 427859512, 428022681, 84491517, 427455796, 553997351, 427960047, 554145425, 309886608, 17613869]","[240, 240, 240, 240, 240, 240, 240, 240, 240, 60]"
527,20,"[0, 10, 26, 97, 106, 108, 111, 126, 164, 181, 194]",11,0.2696396098472178,0.09923555189743638,0.47672446906058624,"[337770232, 425475211, 89574241, 298427025, 486564024, 439929411, 572342237, 548994671, 475394310, 114348022]","[164, 97, 10, 194, 10, 126, 194, 164, 181, 164]"
528,20,"[6, 17, 36, 49, 54, 58, 93, 111, 165, 188, 194, 214, 239, 241]",14,0.25869680754840374,0.12370218802243471,0.41619963307000163,"[512454539, 346048853, 323340983, 503313179, 151504009, 164834463, 281215709, 380144610, 531112840, 486481696]","[241, 165, 165, 54, 36, 188, 54, 111, 58, 241]"
529,20,"[152, 237]",2,0.029340931680053473,0.016315176617354155,0.34585446247365326,"[205692914, 48824457, 391242099, 109037586, 241830589, 403518541, 558218589, 178355751, 567412056, 141686781]","[152, 237, 237, 237, 237, 237, 237, 237, 152, 237]"
530,20,"[8, 39, 43, 60, 93, 111, 112, 114, 126, 217, 239]",11,0.33838849049061537,0.08619264652952552,0.4574295168700205,"[560135005, 560173664, 560178507, 33579243, 560170215, 560202702, 62190354, 560202704, 471890902, 560150858]","[8, 8, 39, 217, 8, 43, 217, 8, 93, 8]"
531,20,"[17, 32, 93, 100, 106, 108, 114, 128, 188, 194, 214, 239]",12,0.24887202912941575,0.09771214937791228,0.33208847309773165,"[20708183, 354191060, 429534339, 501382547, 401768964, 557908968, 401751653, 502044240, 573040798, 396473004]","[108, 93, 108, 108, 108, 108, 108, 108, 108, 194]"
532,20,"[6, 10, 37, 48, 67, 81, 106, 109, 148, 159, 184, 209, 215, 221, 242]",15,0.183146548923105,0.11295529222115874,0.2599059833524128,"[61993233, 277965556, 272578831, 447424439, 502085193, 487720156, 346248317, 123838096, 242700425, 23298367]","[67, 215, 215, 215, 215, 215, 215, 215, 215, 215]"
533,20,"[43, 64]",2,0.062409752048552036,0.007874916307628155,0.12246254074852914,"[590164671, 520149710, 428304541, 552999872, 531186748, 227153031, 335233368, 38374470, 337350330, 170641969]","[64, 64, 64, 64, 64, 64, 64, 64, 64, 64]"
534,20,"[8, 32, 57, 93, 170, 186, 194, 207, 217]",9,0.22561096446588635,0.06431456189602613,0.308074170180286,"[1332463, 330249683, 16387247, 322669607, 51954795, 178299808, 405639373, 127179466, 504781649, 216799297]","[207, 207, 207, 32, 57, 186, 207, 57, 93, 207]"
535,20,"[17, 18, 43, 70, 97, 114, 126, 192, 194]",9,0.21990908170118928,0.07830371148884296,0.5210062449332327,"[135213883, 296608572, 348594901, 409569125, 58852724, 385436833, 391173564, 537511200, 294221006, 224743290]","[114, 114, 114, 194, 114, 114, 114, 114, 114, 114]"
536,20,"[0, 25, 38, 61, 92, 152, 192, 216, 237, 240]",10,0.14533092360943556,0.13718205550685525,0.29255141741596163,"[402493468, 65971972, 456402608, 131974822, 385738764, 564485727, 230534218, 577566495, 363409200, 553233970]","[237, 237, 237, 237, 237, 237, 237, 237, 237, 237]"
537,20,"[2, 39, 58, 67, 77, 82, 100, 112, 165, 194, 239, 241]",12,0.20079482207074761,0.10057635325938463,0.3715158036599557,"[118696928, 204662725, 369727882, 122549331, 240924035, 239161889, 432255990, 414024632, 146777708, 118696929]","[82, 39, 39, 82, 82, 100, 241, 82, 39, 82]"
538,20,"[10, 20, 100, 111, 128, 188, 194, 213, 234, 239]",10,0.223437640350312,0.08248590771108866,0.3513456673361361,"[165273779, 303820935, 320859813, 502516863, 134482581, 534418664, 381833804, 260695453, 42421416, 441462598]","[128, 100, 128, 128, 128, 10, 128, 128, 128, 100]"
539,20,"[20, 33, 96, 188]",4,0.1061360607855022,0.02289962163195014,0.21474527852842584,"[123083666, 5354004, 39305778, 31285918, 94304388, 148970007, 499270503, 440017129, 557289139, 341232641]","[188, 188, 96, 96, 188, 188, 188, 96, 188, 188]"
540,20,"[33, 54, 67, 89, 96, 188]",6,0.1763179744593799,0.09673621226102114,0.21376231828859696,"[137357883, 189654009, 267334804, 63865312, 499928713, 500224551, 539799815, 198256727, 539801697, 518437442]","[96, 96, 96, 188, 89, 188, 33, 96, 96, 96]"
541,20,"[0, 10, 39, 54, 111, 126, 188, 194]",8,0.14945180341601372,0.07188662746921182,0.5101574925938621,"[11790623, 143974679, 368794346, 143974680, 399281845, 162451809, 251457724, 22277429, 266341005, 17987956]","[54, 54, 194, 54, 194, 39, 194, 54, 194, 54]"
542,20,"[1, 42, 75, 77, 80, 119, 133, 206, 210]",9,0.19161077868193388,0.047023794148117304,0.18943984664252234,"[196948683, 384252313, 378222535, 396119654, 197506474, 542486797, 542519853, 439818553, 396160649, 312800860]","[80, 80, 42, 42, 42, 80, 42, 80, 206, 80]"
543,20,"[30, 53, 60, 76, 80, 81, 93, 106, 109, 112, 209, 240]",12,0.1744780307635665,0.1367203234694898,0.29192579238830757,"[358210674, 416260114, 259058018, 496181573, 160788017, 133869573, 22039393, 41400402, 484481479, 325753021]","[80, 80, 80, 109, 80, 80, 80, 80, 80, 80]"
544,20,"[22, 63, 106]",3,0.03143972437828779,0.022198563907295465,0.2096161701095601,"[379336593, 379301705, 379312487, 90026781, 379350332, 174112660, 264718859, 596057616, 405490897, 379306138]","[63, 63, 63, 63, 63, 63, 63, 63, 63, 63]"
545,20,"[4, 75, 109, 148, 171, 210]",6,0.09569937456399202,0.03769549587741494,0.1679542756949862,"[145084398, 423763699, 189694457, 555148552, 387580617, 344158863, 338072917, 464936886, 153822917, 284734160]","[171, 171, 171, 171, 171, 171, 171, 75, 171, 171]"
546,20,"[4, 20, 22, 70, 82, 84, 104, 127, 132, 175]",10,0.21141009870916605,0.13935143873095512,0.24689500108361245,"[28169039, 196600927, 343177902, 35221743, 599884884, 373205941, 525217917, 230805367, 163145883, 348729257]","[22, 22, 82, 22, 82, 22, 22, 82, 70, 20]"
547,20,"[27, 32, 75, 117, 186, 209, 224]",7,0.08050874480977654,0.04536673054099083,0.26499742083251476,"[592182966, 592273675, 596623360, 240415233, 349892222, 390424334, 74766187, 471609244, 225248797, 106748058]","[224, 117, 27, 117, 117, 224, 117, 224, 209, 117]"
548,20,"[2, 38, 61, 64, 110, 184]",6,0.12071430077776313,0.03860036423429847,0.18789290019776672,"[305235514, 416172459, 311121833, 495811083, 583816488, 496522439, 494016466, 27420085, 356627288, 392141170]","[184, 184, 184, 184, 184, 184, 184, 184, 184, 184]"
549,20,"[10, 20, 39, 96, 100, 111, 125, 128, 188, 234]",10,0.15219104755669832,0.08217105735093355,0.3592969545396045,"[97655870, 451205571, 305268778, 413543884, 105421046, 305268780, 305256519, 161716231, 50254066, 481020968]","[125, 125, 125, 128, 234, 234, 125, 96, 125, 125]"
550,20,"[68, 183, 184]",3,0.023611754179000854,0.016353928484022617,0.15564437117427588,"[110104781, 365956345, 379784786, 405342348, 405220095, 403931308, 405201139, 403972390, 257063804, 596674800]","[68, 68, 68, 68, 68, 68, 68, 68, 68, 68]"
551,20,"[4, 20, 22, 33, 61, 70, 105, 112, 127, 167, 192]",11,0.2148226578719914,0.13912695972248912,0.31766581755470147,"[253128968, 550995109, 64346359, 272789943, 279323403, 289324148, 378280007, 435520325, 294489705, 26007120]","[20, 20, 20, 20, 20, 20, 112, 20, 20, 70]"
552,20,"[0, 1, 8, 61, 77, 133, 147, 174, 228]",9,0.20472533302381635,0.047979161608964205,0.17901677899580035,"[387430141, 430416570, 199144504, 140760693, 210934976, 471434271, 532291554, 115008368, 199144482, 301190671]","[228, 228, 228, 228, 8, 228, 228, 61, 228, 228]"
553,20,"[1, 8, 10, 32, 60, 61, 93, 111, 132, 188, 194, 239, 241]",13,0.37632696656510234,0.08896756591275334,0.2462350983853237,"[285159161, 314632339, 184182755, 15633309, 259075731, 172932936, 385912748, 273443106, 389026728, 583784461]","[241, 32, 32, 32, 8, 32, 32, 32, 241, 32]"
554,20,"[1, 20, 70, 82, 84, 175]",6,0.18510169303044677,0.033283060882240534,0.173883482037733,"[563590081, 547363610, 347670650, 186317781, 347670648, 441406741, 571785563, 502768381, 393800161, 282575724]","[175, 1, 1, 84, 84, 1, 1, 1, 84, 1]"
555,20,"[0, 10, 26, 60, 111, 126, 181, 184, 188, 194, 201, 215, 239, 241]",14,0.23527695797383785,0.15318605955690145,0.3762736071366817,"[81834019, 316225551, 428557457, 213679164, 209274715, 289474694, 340944129, 351984531, 325983672, 183636341]","[184, 184, 184, 184, 184, 184, 184, 241, 241, 184]"
556,20,"[2, 47, 118, 159, 174, 175, 237]",7,0.1950625078752637,0.04457850335165858,0.2678205937014094,"[201539799, 278732438, 586027926, 135281203, 239361347, 139451569, 340332462, 80171971, 405000154, 236136050]","[118, 237, 118, 175, 118, 174, 174, 118, 175, 175]"
557,20,"[70, 84, 175, 192, 216]",5,0.17427850794047117,0.04687009984627366,0.300209978595376,"[302946939, 550848062, 520059973, 14569986, 29259430, 78657985, 145250360, 14581510, 380424102, 411965760]","[216, 216, 216, 216, 216, 216, 216, 216, 216, 216]"
558,20,"[20, 70, 84, 112, 171, 183, 184, 188, 192, 194, 201, 235]",12,0.14454151270911098,0.08422409044578671,0.254399185127113,"[313037491, 185218872, 359460564, 543882963, 127310136, 173027574, 520013276, 207801085, 539136162, 466122403]","[70, 171, 235, 188, 183, 184, 184, 183, 70, 20]"
559,20,"[68, 125, 183, 184]",4,0.03608765034005046,0.022797446232289076,0.2559004977811128,"[149011245, 149011244, 879383, 358962629, 301547627, 180913596, 279158838, 180913602, 244232859, 135997227]","[68, 68, 68, 68, 68, 68, 68, 68, 68, 68]"
560,20,"[8, 20, 82, 96, 111, 112, 125, 127, 184, 188, 221, 241]",12,0.2819639868102968,0.08232385804876685,0.35252223988451686,"[479248961, 227952470, 505840292, 137410740, 493062940, 356735023, 505820636, 142364103, 444451797, 352879255]","[125, 125, 125, 96, 125, 125, 125, 125, 125, 96]"
561,20,"[26, 36, 58, 65, 70, 111, 126, 156, 167, 169, 196, 201]",12,0.2066816659644246,0.17206547455862164,0.43098991393344477,"[212133469, 473061910, 64232253, 352021386, 89415714, 266862407, 142678476, 123279207, 255463445, 51951737]","[167, 196, 196, 111, 167, 167, 58, 167, 167, 167]"
562,20,"[111, 127, 241]",3,0.08263342548161745,0.03031728696078062,0.5976246482071778,"[534956768, 543416723, 186870557, 34449372, 389685536, 402925386, 97949771, 132548061, 493704360, 313442214]","[127, 111, 127, 111, 127, 111, 127, 111, 111, 241]"
563,20,"[5, 17, 18, 67, 112, 159, 174, 175, 241]",9,0.18530838284641504,0.05475864326581359,0.23645967250275943,"[447842928, 230938230, 371597128, 571371173, 330165389, 280007366, 223834768, 216360558, 306869074, 499446516]","[175, 175, 175, 175, 175, 175, 175, 175, 175, 175]"
564,20,"[4, 75, 82, 109, 146, 148, 159, 175, 186, 200, 209, 210, 216, 240]",14,0.2846785206347704,0.09256201516836882,0.20016434820302362,"[266646792, 29194220, 119178726, 260940865, 355649991, 355824508, 446593623, 370419775, 260154787, 370412560]","[210, 210, 210, 210, 82, 210, 216, 210, 210, 216]"
565,20,"[20, 85, 96, 125, 156, 164, 167, 188, 201, 213]",10,0.18603942822664976,0.0699599888175726,0.30879353496711703,"[19276295, 388422774, 146564670, 451244349, 58388602, 525279319, 246235813, 256860069, 585951782, 594668448]","[188, 96, 96, 188, 156, 85, 96, 125, 96, 188]"
566,20,"[107, 167]",2,0.09168812213465571,0.014943137764930725,0.22153883043210953,"[272436769, 541364278, 88083414, 336488074, 34475341, 13584524, 95977264, 275635349, 415377701, 151735447]","[167, 167, 167, 167, 167, 167, 107, 167, 107, 167]"
567,20,"[5, 10, 82, 169, 174, 175]",6,0.12081426987424493,0.041109432466328144,0.20089919539168477,"[473929517, 538914775, 538925381, 140009310, 26346305, 286559593, 77980225, 302749586, 291344535, 77916249]","[175, 5, 175, 5, 175, 175, 175, 175, 175, 5]"
568,20,"[1, 4, 135, 166, 207, 227, 233, 241]",8,0.24153688782826066,0.03533180709928274,0.1419283806171734,"[450102184, 38475886, 567314320, 265937628, 356000186, 38557328, 42930795, 43217788, 292029508, 129944906]","[241, 166, 166, 166, 166, 166, 166, 166, 166, 166]"
569,20,"[8, 12, 38, 47, 84, 92, 127, 159, 174, 175, 209, 239, 240]",13,0.37292806850746274,0.07874271832406521,0.25370964735674745,"[496850423, 42399778, 479823429, 384850063, 310092822, 515657031, 284431052, 592818229, 28681453, 27320890]","[92, 92, 174, 47, 239, 47, 92, 92, 174, 239]"
570,20,"[10, 20, 96, 125, 126, 164, 167, 201]",8,0.11201730230823159,0.06264482624828815,0.44454457945539616,"[352159117, 111281527, 513465414, 589469571, 14727417, 196776433, 375467088, 482118034, 222789409, 6711057]","[167, 125, 125, 125, 125, 125, 125, 125, 201, 20]"
571,20,"[1, 32, 93, 209, 224]",5,0.1808287133462727,0.03056071186438203,0.2392224470153451,"[440077489, 364789004, 247218488, 460459013, 322463011, 486302639, 163450937, 315918906, 295748972, 315754944]","[93, 93, 93, 93, 93, 93, 93, 93, 93, 93]"
572,20,"[17, 32, 93, 128, 194, 214, 217, 239]",8,0.14560042833909392,0.069868472404778,0.41688097082078457,"[370449528, 220490382, 579993383, 569221911, 275145977, 39802519, 430536765, 186160019, 97264044, 241829360]","[32, 32, 32, 32, 32, 32, 32, 32, 32, 217]"
573,20,"[46, 97, 127, 148, 159, 184]",6,0.08322814805433154,0.04543447447940707,0.3820747147547081,"[472042446, 472042443, 275520693, 213767531, 204516723, 202782288, 477485815, 485258543, 203558264, 82702990]","[184, 184, 184, 184, 184, 184, 46, 184, 46, 184]"
574,20,"[63, 70, 84, 126, 132, 175, 192]",7,0.2186409472487867,0.055849564261734486,0.4200289658869484,"[329749426, 23495679, 327771246, 182762665, 197075458, 495090783, 329780075, 529181142, 66200712, 399898664]","[192, 192, 84, 84, 84, 175, 192, 84, 84, 192]"
575,20,"[1, 53, 109, 146, 206, 209, 212, 231, 240, 244]",10,0.1737366197630763,0.061560370959341526,0.21384490369819104,"[771940, 771942, 429182572, 464559510, 167257391, 771941, 362577405, 34483015, 461600878, 317814109]","[109, 109, 109, 109, 109, 109, 109, 109, 109, 109]"
576,20,"[4, 5, 10, 12, 18, 26, 51, 102, 124, 175, 202]",11,0.19005198683589697,0.1485829995945096,0.2727932263038714,"[437210537, 336076249, 464257251, 215555962, 221075996, 361200040, 140009631, 336075144, 80923322, 490033426]","[102, 12, 102, 124, 12, 12, 12, 5, 12, 5]"
577,20,"[8, 10, 49, 70, 82, 89, 100, 132, 184, 188, 242]",11,0.19472525641322136,0.07816774304956198,0.19968055283904754,"[471932470, 38037888, 83333259, 594640809, 541759792, 349090450, 488180259, 248940775, 477140071, 54227161]","[188, 132, 188, 82, 132, 132, 132, 132, 132, 10]"
578,20,"[10, 60, 126, 127, 159, 175, 209, 227, 239, 241]",10,0.24516730615869164,0.07303392561152577,0.39572128509171306,"[76031505, 203432599, 498698775, 273225628, 291604185, 136361427, 462772718, 462716777, 473536997, 278758162]","[239, 239, 126, 239, 239, 239, 239, 239, 239, 239]"
579,20,"[20, 36, 54, 156, 167, 192, 201, 228]",8,0.10453077033162117,0.06301305256783962,0.28308830864261836,"[273577208, 100927456, 550864144, 58132671, 451783471, 189467229, 407817478, 380376454, 451742210, 263991857]","[228, 228, 228, 228, 228, 54, 228, 156, 228, 228]"
580,20,"[12, 20, 68, 84, 183, 228, 239]",7,0.11436806386336684,0.03889639629051089,0.16413094635520661,"[489394641, 194509153, 67393348, 365720678, 470309177, 122260749, 583650045, 501212221, 156256342, 254612706]","[68, 84, 84, 68, 68, 68, 68, 84, 68, 68]"
581,20,"[10, 17, 26, 82, 89, 97, 102, 106, 184, 188, 236, 241, 242]",13,0.24759464291855693,0.09286694647744298,0.2829113091485432,"[202355617, 428364306, 476362339, 238201816, 42562283, 64742332, 163787386, 192344732, 277274117, 64740314]","[242, 242, 242, 102, 242, 242, 242, 17, 242, 242]"
582,20,"[27, 32, 117, 224]",4,0.04860255355015397,0.10243421886116266,0.2860287787625566,"[536835298, 338595158, 507160926, 551179478, 535353451, 452364771, 313890061, 98404273, 573709207, 90660656]","[32, 32, 32, 32, 32, 32, 32, 32, 32, 32]"
583,20,"[8, 10, 43, 49, 58, 70, 88, 112, 132, 167, 169, 188, 201, 239, 241]",15,0.2733721029944718,0.1003708797506988,0.20217091493929426,"[366594023, 197982629, 538899556, 303558475, 28586845, 302932857, 531236717, 584665657, 523834544, 514426310]","[8, 241, 8, 241, 8, 241, 8, 241, 8, 241]"
584,20,"[10, 39, 100, 128, 188, 194, 196]",7,0.11077860742807388,0.13258721539750695,0.3515068388078362,"[365086743, 384524498, 584012182, 264913044, 162287460, 15905723, 274204087, 584996896, 418460283, 46509329]","[128, 128, 128, 128, 39, 128, 128, 128, 128, 128]"
585,20,"[10, 49, 82, 99, 100, 146, 164, 169, 196, 210, 211]",11,0.17186889657750726,0.07825763151049614,0.24278744818134743,"[158424658, 229605502, 103108200, 545495268, 471411610, 111559627, 272662486, 35163687, 165278818, 322741580]","[49, 211, 211, 211, 100, 82, 211, 169, 82, 100]"
586,20,"[36, 54, 58, 201]",4,0.05122618097811937,0.03648352390155196,0.2723679332411848,"[477671044, 226950698, 199290506, 160217145, 390578956, 220582591, 319774700, 9901132, 406107231, 56384349]","[54, 54, 54, 58, 54, 54, 54, 54, 54, 54]"
587,20,"[48, 68, 112, 126, 183, 184]",6,0.12563653057441115,0.051757735665887594,0.4451890994096175,"[175818502, 474016655, 450346622, 398947805, 188896256, 443107323, 219341708, 13335766, 36416778, 442922431]","[184, 184, 183, 184, 184, 184, 184, 184, 68, 184]"
588,20,"[54, 188, 201]",3,0.030671209562569857,0.01964655239135027,0.20991843248096606,"[482782637, 524051178, 112943153, 449240029, 447901314, 69395027, 566866547, 263821027, 233602428, 274236965]","[54, 54, 54, 54, 54, 54, 54, 54, 54, 54]"
589,20,"[4, 49, 77, 85, 146, 180, 182, 195, 199, 228]",10,0.16553817968815565,0.0627137222327292,0.22600056973751634,"[51722543, 544158612, 71189472, 532401074, 317240786, 544158611, 500392072, 244648089, 523309132, 544506452]","[77, 49, 146, 146, 77, 77, 77, 77, 77, 146]"
590,20,"[102, 106, 170, 180, 221]",5,0.08512745192274451,0.12253750907257199,0.3868364850524813,"[540273745, 291758973, 191187373, 183341271, 117889920, 325993256, 55508548, 570182881, 481016194, 74833640]","[180, 180, 106, 180, 170, 170, 102, 170, 170, 170]"
591,20,"[33, 39, 49, 82, 96, 100, 125, 146, 164, 188, 221]",11,0.20212071482092142,0.07997897919267416,0.2960831358478489,"[151897408, 194563699, 91825157, 25427494, 428646027, 88106722, 247667785, 583380530, 185502942, 222935689]","[221, 96, 100, 221, 146, 96, 96, 164, 96, 188]"
592,20,"[14, 43, 64, 70, 77, 109, 114, 132, 133, 141, 186]",11,0.21853617765009403,0.06946968659758568,0.20018938700245184,"[161497776, 570734412, 437848111, 352279542, 279266569, 418025008, 34947156, 108878641, 503451317, 108982290]","[141, 64, 64, 43, 43, 64, 64, 43, 141, 141]"
593,20,"[1, 79, 97, 118, 129, 166, 169, 174, 196, 207, 222, 227, 237]",13,0.3416061671450734,0.08650678489357233,0.2983354944198464,"[62564213, 62564212, 292362697, 475167337, 153448664, 45424356, 551927611, 552189324, 63543594, 273410682]","[227, 227, 227, 227, 227, 227, 227, 227, 227, 227]"
594,20,"[0, 8, 10, 14, 18, 25, 106, 127, 133, 164, 169, 171, 174, 181, 209, 228, 241]",17,0.294577285181731,0.12205453077331185,0.2587306632742505,"[168881132, 588274932, 191546062, 212521151, 578693503, 164428144, 266620919, 273950200, 513502275, 360536027]","[228, 18, 127, 127, 25, 127, 25, 127, 174, 174]"
595,20,"[47, 91, 118, 127, 174, 239, 240]",7,0.2369426260702312,0.04292000038549304,0.34714790037833154,"[547046290, 106264746, 275560893, 104460633, 474417755, 367391428, 325554586, 182027597, 140931744, 459634385]","[174, 174, 118, 174, 47, 118, 174, 118, 174, 118]"
596,20,"[20, 70, 82, 84, 110, 132, 175]",7,0.12302790861576796,0.04384022764861584,0.17575027853516595,"[123127955, 303041014, 179716294, 395202347, 188759256, 338469332, 163143152, 302881821, 400018106, 395180970]","[84, 84, 84, 84, 175, 20, 70, 84, 84, 84]"
597,20,"[10, 82, 88, 168, 169, 195, 196]",7,0.0971856489777565,0.05349864065647125,0.30649504285039647,"[92206394, 65698452, 30933330, 92104846, 502576435, 521676482, 209046495, 248946728, 390217570, 60535722]","[169, 169, 169, 169, 169, 169, 169, 82, 195, 195]"
598,20,"[112, 185, 212, 227]",4,0.046681872103363276,0.026319255121052265,0.24940856487955898,"[421629912, 484100820, 132278938, 541584758, 263799811, 76505596, 20240455, 366369093, 300621365, 519467000]","[212, 227, 212, 212, 212, 212, 212, 212, 212, 212]"
599,20,"[1, 25, 59, 81, 133, 193, 210, 212]",8,0.22428135620430112,0.11835025623440742,0.1899283389793709,"[527020027, 102815399, 343008286, 175685298, 501330071, 528146187, 255818314, 286064649, 197172078, 27334687]","[59, 59, 59, 59, 59, 59, 59, 59, 59, 59]"
600,20,"[1, 4, 10, 82, 88, 146, 192]",7,0.15208247117698193,0.04702785657718778,0.23802066431380808,"[424952617, 384323025, 500607810, 199163839, 484609720, 107885682, 119051487, 599300985, 14502669, 396516428]","[82, 82, 82, 82, 82, 82, 82, 82, 82, 82]"
601,20,"[1, 14, 88, 135, 166, 168]",6,0.24906872864812613,0.037830345798283815,0.21829940557169417,"[406436395, 339749203, 165416542, 370229257, 75129625, 354676777, 205058866, 284043042, 596229903, 464651684]","[166, 1, 166, 166, 166, 1, 1, 168, 166, 166]"
602,20,"[33, 39, 49, 67, 72, 85, 96, 100, 106, 111, 112, 128, 188, 210]",14,0.3589848014526069,0.09947574185207486,0.2964547212967383,"[334476013, 207152477, 111337864, 182239198, 384197541, 253793192, 456652634, 357619060, 98869341, 459993720]","[96, 33, 96, 96, 188, 96, 188, 96, 85, 188]"
603,20,"[32, 60, 194, 239]",4,0.11839713668450713,0.02979481965303421,0.29592238331679255,"[588878422, 427309145, 55541073, 553220401, 471025135, 369130037, 169822083, 167363499, 320293660, 167244620]","[32, 32, 32, 32, 32, 32, 32, 32, 32, 32]"
604,20,"[43, 171, 186, 209, 224]",5,0.10455649811774492,0.04252060782164335,0.23455998841673137,"[336299223, 229471206, 481723434, 422487549, 110483703, 69759352, 481723432, 481723433, 386527738, 427311451]","[224, 224, 224, 224, 224, 224, 224, 224, 224, 224]"
605,20,"[91, 118, 159, 174, 239]",5,0.090898422524333,0.02894915407523513,0.24710476039908827,"[390687446, 476178581, 225134385, 424621063, 44583711, 287036467, 401340397, 467091109, 57928208, 394885914]","[118, 91, 118, 118, 118, 118, 118, 118, 118, 118]"
606,20,"[77, 85, 167, 228]",4,0.09234271571040154,0.020772157236933708,0.17490782827371731,"[52685700, 436624064, 436624049, 69903041, 436624051, 436822737, 215705799, 38712243, 499509758, 316890181]","[167, 167, 167, 167, 167, 167, 167, 167, 167, 167]"
607,20,"[1, 25, 88, 135, 168, 178, 207, 233]",8,0.23340683430433273,0.04661790234968066,0.22387426084605977,"[81381669, 569627681, 419304340, 247470802, 538996026, 371611327, 309763558, 72525570, 132771547, 554063361]","[233, 168, 178, 233, 135, 233, 168, 135, 135, 207]"
608,20,"[79, 87, 165, 187, 210, 225]",6,0.2245748918503523,0.03739696554839611,0.36865950480569154,"[95463379, 567985689, 192945609, 120280881, 232253191, 297576433, 20785716, 298440582, 64716623, 241988467]","[187, 187, 187, 187, 187, 187, 187, 187, 187, 187]"
609,20,"[10, 89, 114, 132, 188, 194, 239]",7,0.11430268688127398,0.051772070582956076,0.24194701664548898,"[154902085, 472270857, 174570353, 296244183, 276438660, 461278669, 414459931, 433786123, 385754724, 336584130]","[188, 188, 10, 188, 114, 194, 194, 194, 194, 194]"
610,20,"[1, 5, 75, 77, 109, 132, 146, 171, 174, 175, 186, 210, 240]",13,0.32689109444618225,0.09149369038641453,0.17130727148973024,"[2727716, 573703927, 560808089, 2737865, 386771216, 13610151, 105642113, 381455618, 189747804, 322112568]","[171, 1, 146, 186, 146, 171, 210, 210, 1, 1]"
611,20,"[5, 6, 20, 58, 82, 146, 165, 168]",8,0.11712557915598154,0.06329701980575919,0.378330442821607,"[332898321, 402436642, 40346389, 443497886, 482143889, 30635393, 7384382, 225455397, 214022321, 392587440]","[58, 20, 20, 146, 82, 20, 20, 20, 20, 20]"
612,20,"[20, 36, 54, 70, 93, 188, 201]",7,0.07721596024930477,0.11952581536024809,0.21941200101615063,"[38567733, 564410849, 544164872, 263408385, 276854456, 8481394, 90141804, 444249025, 356097437, 442453543]","[188, 54, 188, 54, 54, 188, 188, 93, 54, 188]"
613,20,"[60, 126, 159, 174, 194, 239, 240]",7,0.09394653188064694,0.04887026734650135,0.4095964040274599,"[39115881, 551012222, 342645339, 259939626, 39115882, 63532455, 145974052, 134097358, 270086623, 39115904]","[240, 240, 60, 60, 240, 60, 60, 194, 60, 240]"
614,20,"[1, 6, 8, 14, 79, 82, 88, 106, 112, 166, 168]",11,0.40951846772804856,0.06629194552078843,0.2270327346738089,"[225776091, 132901945, 487411551, 55672457, 231568068, 508825644, 358197384, 146561501, 257458393, 287906821]","[8, 8, 8, 8, 88, 1, 168, 6, 6, 88]"
615,20,"[43, 57, 61, 70, 81, 97, 114, 133, 164, 184, 209, 228, 237, 241]",14,0.24309097370132804,0.09365744050592184,0.26757290987630505,"[431884419, 302687542, 302787586, 302656394, 302719345, 289556263, 302521072, 302646221, 289570669, 302648330]","[81, 81, 81, 81, 81, 81, 81, 81, 81, 81]"
616,20,"[18, 60, 72, 96, 106, 111, 128, 188, 194, 201, 213, 239]",12,0.23106992663815618,0.09603278059512377,0.33420114459780353,"[523346240, 297171349, 598320548, 492642286, 496268797, 329124159, 114332889, 29124518, 335161070, 341191594]","[128, 128, 128, 72, 128, 128, 128, 128, 128, 128]"
617,20,"[8, 59, 60, 67, 70, 84, 192]",7,0.1285634208470583,0.04399005277082324,0.23204837127455644,"[173320221, 352497176, 426401905, 204700295, 290442632, 282335757, 460315475, 400274367, 555869126, 568694346]","[84, 192, 67, 67, 67, 67, 84, 192, 67, 67]"
618,20,"[17, 67, 72, 96, 106, 125, 188, 213]",8,0.19246444292366505,0.07025103271007538,0.40327518444973975,"[565862738, 383227627, 84374302, 253832749, 282374215, 227034512, 237707832, 101389463, 108458797, 330515571]","[188, 125, 125, 125, 125, 125, 125, 72, 72, 125]"
619,20,"[1, 4, 10, 30, 53, 82, 87, 109, 146, 148, 159, 206, 209, 216, 217, 240, 244]",17,0.28533593099564314,0.16374674998223782,0.26581399737145095,"[19660820, 771942, 375376982, 566818758, 419050400, 771941, 250865468, 375237058, 369088283, 156276811]","[87, 109, 240, 240, 87, 109, 53, 240, 240, 53]"
620,20,"[93, 111, 165, 174, 212, 217, 228, 241]",8,0.16659543057903647,0.06772382138296962,0.47815355216152966,"[67416060, 11872086, 11872088, 12231062, 531526174, 586277425, 12211175, 319107977, 47493220, 94095013]","[93, 217, 217, 165, 93, 93, 165, 217, 217, 93]"
621,20,"[12, 48, 68]",3,0.02848774427548051,0.018119728192687035,0.19032812428971133,"[373693970, 263701942, 295635588, 303106971, 573451396, 572461509, 221705125, 931778, 343313517, 244505226]","[68, 68, 68, 68, 68, 68, 68, 68, 68, 68]"
622,20,"[57, 193, 207, 222, 242]",5,0.07945814682170749,0.02803746983408928,0.20137652731500566,"[26314024, 395559839, 453512508, 223863815, 309928761, 374637179, 61582487, 401675343, 374637180, 224009426]","[222, 222, 207, 207, 207, 207, 207, 207, 222, 207]"
623,20,"[1, 37, 61, 77, 109, 146, 167, 171, 207, 210]",10,0.24553360603749752,0.07188128167763352,0.1860992642119527,"[24694555, 92815327, 137885838, 117532381, 588443261, 327367659, 188152919, 385444398, 555820552, 115721671]","[171, 171, 171, 171, 171, 171, 171, 171, 171, 171]"
624,20,"[4, 68, 84, 92, 175, 183, 192, 215, 216, 235]",10,0.18728752247989178,0.0701382658444345,0.26836390446405856,"[257872925, 181927349, 351480136, 174003689, 565078059, 269788052, 316305085, 32610174, 194705925, 178805248]","[175, 216, 216, 175, 175, 92, 175, 92, 92, 175]"
625,20,"[5, 10, 168, 242]",4,0.0974485632032156,0.040106065571308136,0.3096789409755729,"[186883248, 573087577, 464070189, 163579862, 291104768, 15193419, 325940158, 170606752, 207430, 50000124]","[5, 5, 5, 5, 5, 5, 5, 5, 5, 5]"
626,20,"[99, 168, 233]",3,0.043571746442466974,0.021751584950834513,0.3228395711630583,"[478132332, 142152439, 142460349, 520924175, 70223328, 108474819, 518645705, 276995012, 329464210, 80044224]","[233, 233, 233, 233, 233, 233, 168, 168, 233, 233]"
627,20,"[39, 60, 100, 125, 128, 188, 194]",7,0.09880578238517046,0.05666083004325628,0.3427631121927074,"[18318956, 18340043, 159280392, 411558093, 86248052, 471099296, 333310803, 495400450, 461870742, 308596174]","[128, 128, 128, 128, 128, 128, 128, 128, 128, 128]"
628,20,"[20, 59, 70, 72, 89, 132, 188, 210, 222]",9,0.21858174493536353,0.05300609255209565,0.1698393152716259,"[314595336, 49047413, 43788374, 26284747, 293525320, 424794905, 584015375, 140074982, 337158297, 507476186]","[20, 188, 188, 20, 188, 188, 20, 188, 20, 20]"
629,20,"[1, 32, 99, 239, 240]",5,0.11936315661296248,0.03038224671036005,0.19512052061036228,"[482572563, 314588527, 315634196, 491471872, 514987768, 43721830, 214804145, 328480307, 216230541, 314848645]","[240, 240, 240, 240, 240, 32, 32, 32, 32, 240]"
630,20,"[6, 10, 61, 89, 100, 125, 169, 184, 188, 201]",10,0.1405938733369112,0.06981304846704006,0.24221609318628906,"[298973970, 57429897, 318785263, 158270926, 236874882, 12972342, 411815197, 179991409, 130594631, 236370690]","[125, 125, 188, 125, 188, 125, 184, 125, 100, 188]"
631,20,"[52, 70, 93, 112, 126, 192]",6,0.16226805094629526,0.04746197210624814,0.5013957119857272,"[155123214, 114881779, 237816263, 508376055, 460263420, 477733551, 280739570, 165250760, 450452282, 149284006]","[93, 93, 52, 192, 52, 192, 192, 192, 192, 93]"
632,20,"[20, 70, 112, 192, 235]",5,0.07097567664459348,0.036820581648498774,0.30735295549966396,"[257268332, 566613268, 409454185, 146300108, 98254733, 176141094, 446824157, 235897757, 176552932, 208587030]","[235, 235, 235, 235, 235, 235, 235, 235, 235, 235]"
633,20,"[0, 17, 20, 70, 96, 112, 125, 128, 164, 188, 194, 201, 213, 214, 221]",15,0.23307534400373697,0.19631931092590094,0.3648118576966226,"[495992460, 160654867, 364758013, 325153572, 74388090, 495926802, 509012710, 61461696, 498622424, 498926953]","[128, 128, 128, 128, 128, 128, 201, 128, 128, 128]"
634,20,"[75, 109, 117, 146, 171, 186, 200, 210]",8,0.11750036291778088,0.05043421033769846,0.2034489712677896,"[111052982, 24303294, 172556875, 504226773, 234257212, 342163173, 241129105, 182287284, 495218298, 124714234]","[117, 171, 171, 171, 117, 117, 171, 117, 171, 117]"
635,20,"[20, 25, 49, 82, 167, 188, 213]",7,0.08580323122441769,0.04668942280113697,0.2557120309543929,"[533541534, 578189724, 470960410, 525434594, 81392412, 81392396, 25812792, 578860500, 61600306, 81392410]","[25, 167, 167, 167, 167, 167, 49, 167, 167, 167]"
636,20,"[14, 20, 33, 77, 81, 85, 112, 167, 174, 181, 211, 241]",12,0.2586025926284492,0.13435327261686325,0.18771452652678514,"[469405551, 525291840, 483125603, 168562048, 224625015, 151850607, 47967386, 42332996, 326165965, 490597900]","[211, 211, 211, 33, 174, 211, 174, 167, 85, 85]"
637,20,"[1, 6, 39, 84, 93, 186, 194, 200, 209, 224, 227, 241]",12,0.23058061255142093,0.07627675775438547,0.247339645633474,"[368743590, 43957939, 444279346, 590882958, 59241120, 549849968, 528989644, 497215226, 513790326, 149497159]","[209, 200, 227, 200, 6, 6, 200, 209, 200, 227]"
638,20,"[5, 67, 97, 147, 159, 175, 192, 217, 224]",9,0.20868614688515663,0.11534502683207393,0.33706364483158624,"[52619765, 437637319, 30241915, 40412331, 381581941, 43258519, 218706577, 480778693, 481010923, 40252220]","[67, 67, 67, 67, 67, 67, 67, 175, 67, 67]"
639,20,"[32, 60, 82, 109, 146, 206, 240]",7,0.06805937411263585,0.04394304379820824,0.2028204308756228,"[84260518, 384519103, 138298669, 384374602, 536343437, 527643448, 154164185, 414152718, 40998165, 151066788]","[240, 240, 240, 240, 240, 240, 60, 240, 240, 240]"
640,20,"[6, 27, 30, 53, 76, 80, 106, 165, 187, 214, 217, 225, 244]",13,0.34299353137612343,0.10668748058378696,0.43076140406684804,"[214248553, 452546311, 452546306, 574185480, 350668882, 452546307, 298577091, 103560942, 452538893, 412960841]","[80, 244, 244, 217, 244, 187, 80, 165, 244, 217]"
641,20,"[111, 168, 196, 207, 222, 227, 233]",7,0.12044479418545961,0.0555787761695683,0.3913130922176476,"[577061003, 153219297, 271819036, 318091797, 487497367, 458866700, 192125337, 188212692, 11274974, 435849358]","[207, 207, 207, 207, 207, 207, 207, 207, 207, 207]"
642,20,"[6, 8, 100, 111, 112, 125, 128, 188, 194, 214]",10,0.21057889191433787,0.1405563410371542,0.37957549991551787,"[395340719, 76057898, 320859813, 397200787, 567076222, 231774083, 408680862, 515135566, 76068049, 475685738]","[111, 8, 128, 8, 100, 8, 8, 194, 8, 8]"
643,20,"[4, 70, 84, 192]",4,0.05241124099120498,0.02867737552151084,0.28297001391183585,"[250364638, 187284050, 56152969, 260063780, 500785055, 342712761, 230995532, 131701346, 500687498, 54409881]","[84, 84, 84, 84, 84, 84, 192, 84, 192, 192]"
644,20,"[36, 54, 58, 99, 188, 201]",6,0.06660554464906454,0.04556538863107562,0.22723804767398784,"[83346459, 179407044, 83346460, 83177308, 78038498, 494057863, 188793172, 83307920, 579436070, 31066102]","[188, 36, 36, 36, 36, 99, 99, 36, 54, 54]"
645,20,"[1, 4, 32, 93, 109, 117, 171, 186, 200, 209]",10,0.2427463955245912,0.06593056488782167,0.2287687514675781,"[556581636, 386944031, 383852200, 282782695, 35420134, 141959737, 90077601, 31901743, 589978449, 423586752]","[117, 117, 186, 171, 117, 93, 186, 1, 186, 93]"
646,20,"[5, 10, 17, 26, 58, 82, 169, 175, 196, 201, 241]",11,0.22748431144282222,0.08413096377626061,0.278403728840534,"[158194971, 469650990, 456725164, 120387136, 575284450, 38486640, 24285917, 575284452, 478867652, 456724261]","[17, 5, 82, 17, 58, 17, 17, 58, 5, 5]"
647,20,"[70, 84, 105, 126, 167, 192]",6,0.15404398506507277,0.05218429444357753,0.49682599876541644,"[177732495, 452329595, 167974761, 325021566, 306114045, 8954076, 185497228, 545377075, 310407228, 34010644]","[192, 192, 192, 192, 84, 192, 192, 192, 192, 192]"
648,20,"[4, 22, 61, 67, 70, 97, 104, 105]",8,0.14988822024315596,0.055680918507277966,0.2533965091279242,"[232601211, 427788517, 282379282, 94324763, 232601212, 428086382, 231643095, 401847970, 543485315, 246964444]","[22, 67, 22, 22, 105, 22, 67, 22, 67, 22]"
649,20,"[1, 4, 6, 25, 99, 146, 166, 168, 196]",9,0.30241437209770083,0.06714970478788018,0.261085885628644,"[315300538, 533846640, 7858121, 246448485, 186572150, 392135103, 115108218, 71784470, 525579670, 246448488]","[166, 166, 166, 166, 166, 146, 146, 166, 166, 146]"
650,20,"[22, 70, 102, 105, 111, 133, 192]",7,0.12787973787635565,0.06327033182606101,0.4023934569475906,"[40883192, 412515893, 280105499, 125796007, 125796008, 521801370, 521801371, 521801369, 40839322, 167999373]","[22, 22, 22, 22, 22, 22, 22, 22, 22, 22]"
651,20,"[1, 39, 84, 88, 96, 111, 112, 128, 166, 168, 188, 196, 227]",13,0.4082760591991246,0.10014678165316582,0.34167576199755645,"[80079967, 205549066, 139132979, 310552818, 585278916, 56669156, 476942735, 274732724, 323180119, 365483183]","[168, 168, 168, 168, 168, 168, 168, 168, 168, 168]"
652,20,"[63, 70, 82, 100, 175, 192]",6,0.1385034671984613,0.04398355633020401,0.27569712077577907,"[186679495, 376494354, 48079131, 421481977, 49317915, 49303580, 299892042, 541968100, 597259699, 316139193]","[82, 82, 100, 100, 100, 82, 100, 82, 82, 100]"
653,20,"[0, 70, 93, 106, 108, 111, 112, 126, 127, 171]",10,0.167355019133538,0.15361562930047512,0.49024674620013686,"[410785755, 334400966, 237898935, 245953715, 339328946, 111168127, 284087357, 199633247, 163513699, 486620662]","[93, 0, 127, 0, 0, 93, 93, 106, 93, 93]"
654,20,"[39, 84, 111, 112, 166, 168, 196, 233]",8,0.22181763080880046,0.06865153508260846,0.43033712642500177,"[406395383, 439140323, 522216861, 60620382, 517493427, 60620381, 332321204, 129776897, 510805762, 181451141]","[166, 166, 166, 166, 166, 166, 166, 166, 166, 166]"
655,20,"[1, 49, 100, 146, 166, 168, 184, 196]",8,0.31157521391287446,0.056763516273349524,0.300970358599443,"[277338290, 236243808, 340133467, 435736940, 445320567, 40645648, 205800773, 177926973, 99573468, 288962219]","[166, 166, 166, 166, 166, 166, 166, 166, 166, 166]"
656,20,"[49, 54, 77, 81, 82, 125, 183, 188, 241, 242]",10,0.11313199019059539,0.05851452937349677,0.21373780500143766,"[182733864, 449459800, 367785867, 169268632, 401741747, 31371262, 532670018, 347369607, 208641729, 165709190]","[188, 188, 188, 188, 188, 241, 188, 188, 125, 188]"
657,20,"[6, 30, 79, 109, 146, 172, 195]",7,0.12256819382309914,0.04784504696726799,0.256329474438514,"[454801877, 299516535, 55959542, 223849806, 18863213, 492298826, 51408749, 129226826, 274541845, 454770638]","[146, 146, 146, 146, 146, 146, 146, 146, 146, 146]"
658,20,"[39, 49, 82, 84, 100, 111, 112, 128, 194, 199, 239, 241]",12,0.2028466952033341,0.16542714042589068,0.3260532226995565,"[1472967, 449551253, 554282561, 165034280, 545838887, 340075876, 78372221, 52725401, 544176594, 206201084]","[199, 199, 39, 128, 128, 241, 39, 199, 39, 199]"
659,20,"[20, 36, 61, 70, 89, 125, 156, 184, 188, 194, 213]",11,0.17733986396342516,0.08156269742175937,0.30371459463441913,"[134997220, 195992938, 302147465, 24135814, 83265132, 326296555, 354107853, 419896212, 180137038, 56950130]","[36, 36, 125, 36, 156, 156, 36, 36, 125, 36]"
660,20,"[4, 6, 30, 40, 65, 109, 148, 171, 186]",9,0.18560335598886013,0.06930472608655691,0.28462336647013825,"[579581109, 244491188, 303769234, 540524910, 368802899, 191446547, 69128620, 15579704, 121957139, 149560321]","[6, 171, 171, 171, 171, 6, 171, 171, 171, 186]"
661,20,"[91, 166, 200, 209, 237, 240]",6,0.17525076307356358,0.03412645636126399,0.2331406482650588,"[93372006, 107140968, 302092540, 107140967, 109501278, 107140947, 511360915, 400872111, 412204270, 466131805]","[240, 209, 240, 209, 209, 209, 240, 240, 240, 240]"
662,20,"[0, 2, 52, 61, 67, 97, 133, 174, 192, 228]",10,0.14248389657586813,0.12389860022813082,0.28444306186866014,"[8395004, 518325237, 533340165, 407880102, 533312096, 407880108, 533422628, 407880096, 407880086, 467167076]","[228, 228, 2, 2, 2, 2, 2, 2, 2, 228]"
663,20,"[1, 14, 77, 167, 195, 210]",6,0.16567107615992427,0.028617086354643106,0.1498686980533724,"[144724728, 516759955, 98969662, 364049095, 58283787, 440368018, 98969660, 279485355, 302741440, 98969663]","[167, 77, 167, 77, 1, 167, 167, 167, 167, 167]"
664,20,"[39, 49, 82, 100, 111, 112, 128, 166, 234]",9,0.24634218262508512,0.07783721201121807,0.33618266308783656,"[172258964, 495980362, 333693866, 143187899, 366857602, 230433462, 254784650, 179044188, 283886342, 229898417]","[234, 234, 234, 128, 234, 234, 128, 128, 234, 234]"
665,20,"[0, 8, 18, 39, 93, 112, 126, 128, 183, 194, 214, 221, 230]",13,0.24373209523037076,0.10073785856366158,0.38889336741815966,"[132680153, 90481524, 40486081, 132680157, 370317758, 271766386, 535178593, 234217758, 542501596, 198122321]","[221, 183, 112, 183, 183, 183, 93, 8, 93, 93]"
666,20,"[42, 70, 87, 93, 111, 112, 126, 165, 170, 196, 217, 228, 241]",13,0.2997364392504096,0.11970552382990718,0.513392567455482,"[567086221, 47493220, 456835903, 371915684, 265407055, 250785358, 404931300, 92451640, 584519164, 391685032]","[217, 217, 217, 217, 217, 217, 111, 217, 111, 217]"
667,20,"[10, 18, 37, 72, 77, 81, 111, 125, 156, 164]",10,0.1441842569038272,0.08242833567783237,0.32903496650978925,"[411536170, 367274880, 291770533, 119538258, 45530720, 168995116, 273735192, 387605711, 599544244, 215003627]","[18, 125, 77, 18, 77, 125, 125, 18, 125, 18]"
668,20,"[67, 185, 236]",3,0.04779835743829608,0.07971693109720945,0.12141556285011272,"[363089804, 125663130, 465247128, 40534487, 231384928, 80377600, 146001667, 584110432, 456402917, 588329826]","[236, 236, 236, 236, 236, 236, 236, 185, 236, 236]"
669,20,"[1, 4, 39, 43, 59, 63, 82, 84, 93, 104, 111, 132, 175, 216, 239, 241]",16,0.4388472973369062,0.1720366724766791,0.22725718238507397,"[26176730, 261591344, 367949198, 235105761, 74545302, 314040798, 323991737, 388973930, 147459119, 232947827]","[104, 84, 93, 93, 93, 93, 175, 104, 84, 82]"
670,20,"[112, 129, 167, 201, 207, 211, 217]",7,0.09382285131141543,0.04786187782883644,0.29234796948730946,"[54709475, 132189171, 128710920, 248757157, 202538093, 432844723, 130086289, 510904223, 216207945, 248329491]","[129, 129, 129, 129, 129, 129, 129, 129, 129, 129]"
671,20,"[10, 49, 81, 106, 109, 125, 128, 164, 188, 242]",10,0.11101076798513532,0.07135599851608276,0.264831847907044,"[330818522, 364835974, 407201795, 560442238, 400749860, 345034708, 384975111, 154867234, 41379188, 80694078]","[242, 188, 242, 188, 188, 10, 109, 242, 10, 106]"
672,20,"[4, 20, 22, 59, 82, 84, 104, 127, 132, 146, 175, 195, 242]",13,0.23492696369066834,0.15684591326862574,0.22439133520954505,"[67789440, 251028555, 21995703, 77149055, 164594341, 525061289, 230805367, 459184861, 446337997, 164594342]","[22, 22, 22, 59, 82, 22, 82, 22, 59, 22]"
673,20,"[1, 39, 77, 93, 111, 112, 128, 166, 178, 227, 241]",11,0.35293884901329875,0.07175084948539734,0.2612413676370951,"[51051052, 174475769, 595594238, 400599182, 269290588, 286157228, 370066582, 576529219, 147307825, 262672678]","[241, 241, 241, 227, 241, 166, 241, 241, 39, 227]"
674,20,"[57, 178, 180, 182, 193, 207, 222]",7,0.11199320154264569,0.04532506410032511,0.24439295986667275,"[479429810, 298036482, 593414564, 298259455, 298036483, 68220734, 299190240, 57198665, 521606638, 459136936]","[57, 57, 57, 57, 57, 57, 57, 57, 57, 57]"
675,20,"[5, 10, 17, 51, 72, 106, 111, 174, 175, 221, 239]",11,0.2918009478598833,0.09159733774140477,0.3200110763057389,"[297452036, 431511634, 267699888, 316137471, 267786525, 143523068, 492881089, 476823035, 588659264, 131752404]","[10, 10, 10, 10, 10, 10, 10, 10, 10, 10]"
676,20,"[75, 117, 171, 186, 209, 224]",6,0.06292546540498734,0.04097234131768346,0.24410175854184976,"[16257992, 47675388, 309054857, 523952019, 105779695, 524016329, 105762078, 368238367, 359725836, 359643363]","[186, 186, 186, 117, 186, 186, 117, 186, 186, 186]"
677,20,"[118, 174, 195, 211]",4,0.03656675526872277,0.021796703804284334,0.259599382057786,"[120717022, 393879120, 99633754, 208414194, 117226728, 292775917, 99586643, 394084662, 161939041, 394122925]","[118, 174, 118, 174, 174, 174, 118, 174, 118, 174]"
678,20,"[17, 32, 93, 114, 194, 239]",6,0.096521005500108,0.047311057802289724,0.35680146728797507,"[359274305, 269256221, 594206804, 179632193, 133542228, 471314564, 404171624, 407302630, 269583525, 581957968]","[32, 32, 32, 32, 32, 32, 32, 32, 32, 32]"
679,20,"[32, 39, 93, 112, 192, 239]",6,0.09808984398841858,0.11174459522590041,0.35768741307159263,"[76520495, 122955682, 271053136, 255456933, 317587101, 467271521, 2784221, 146700061, 231296693, 271236985]","[32, 32, 32, 32, 32, 32, 32, 32, 32, 32]"
680,20,"[60, 109, 240]",3,0.03148874780163169,0.020895485766232014,0.20764429479216537,"[6087041, 3093750, 574758959, 139111199, 139107335, 138948511, 139151666, 365263623, 139105244, 6187847]","[60, 240, 240, 240, 60, 240, 240, 60, 240, 240]"
681,20,"[19, 21, 72, 87, 106, 112, 113, 123, 131, 170, 172, 179, 230]",13,0.14329593116417527,0.08291710540652275,0.24898197235038075,"[210566360, 114313048, 401612053, 304097766, 197884172, 60641588, 263234074, 330812116, 1533948, 60381926]","[72, 230, 87, 87, 230, 19, 87, 106, 106, 106]"
682,20,"[20, 22, 70, 84, 89, 104, 110, 132, 195, 213, 222]",11,0.2138319257646799,0.13804797548800707,0.21469908400269394,"[515188434, 592443859, 544015597, 222916106, 288213671, 577787135, 466815141, 507276213, 245769430, 14794061]","[104, 22, 104, 22, 22, 104, 22, 22, 22, 22]"
683,20,"[1, 61, 70, 77, 82, 84, 93, 112, 146, 175, 228]",11,0.24098427267745137,0.06457094103097916,0.19403823427009312,"[524736967, 116635495, 372889687, 176120073, 544433926, 579289857, 475118083, 72251823, 57876847, 448338928]","[228, 93, 228, 77, 228, 228, 228, 228, 77, 77]"
684,20,"[4, 8, 10, 46, 49, 61, 82, 89, 109, 112, 132, 159, 169, 175, 188, 210, 237, 240, 241]",19,0.3931347378529608,0.1929143932648003,0.18925321039645687,"[323331904, 104851472, 149003370, 150893518, 11192841, 323331898, 567822060, 415699608, 323331909, 404403507]","[4, 188, 240, 241, 240, 4, 89, 188, 10, 237]"
685,20,"[36, 54, 156, 201]",4,0.06078238319605589,0.09820030815899372,0.2878513829782605,"[84891684, 398728662, 431029798, 439390382, 51780697, 404053353, 578036276, 330104749, 521224739, 507150705]","[36, 36, 36, 54, 54, 54, 54, 54, 36, 36]"
686,20,"[37, 39, 40, 75, 109, 163, 186, 200, 209, 214, 224]",11,0.1666124202311039,0.09180124150589108,0.331847559554841,"[423940458, 566510859, 160820709, 300812139, 545779598, 81795891, 78070424, 186929008, 549712016, 291973799]","[200, 200, 200, 39, 200, 200, 163, 109, 163, 39]"
687,20,"[1, 82, 84, 175]",4,0.17543713189661503,0.022189507260918617,0.16992444510105997,"[19360602, 63120069, 238908179, 444248865, 62157101, 504982273, 431318285, 90868867, 279242129, 143177142]","[84, 175, 175, 175, 175, 175, 175, 82, 175, 82]"
688,20,"[1, 14, 88, 100, 146, 166]",6,0.26020730193704367,0.03472540248185396,0.20211214059963822,"[318958202, 516751079, 235100348, 571583425, 16894732, 572672887, 233284312, 36636776, 572673091, 403175381]","[1, 1, 1, 1, 1, 1, 1, 1, 1, 1]"
689,20,"[33, 49, 96, 128, 188]",5,0.11607271060347557,0.028709535021334887,0.21497463807463646,"[538670213, 306123612, 52575784, 576491031, 401524808, 306228373, 141544878, 491268822, 80518319, 257843766]","[188, 96, 96, 96, 128, 33, 96, 96, 49, 96]"
690,20,"[5, 60, 93, 112, 159, 175, 192, 194, 217, 224, 239]",11,0.21760727278888226,0.14329254254698753,0.313943182118237,"[280096083, 36166762, 95044933, 36109231, 514554229, 280127546, 36241184, 273529687, 257737352, 280097005]","[93, 224, 217, 224, 93, 224, 224, 224, 224, 224]"
691,20,"[60, 97, 109, 118, 174, 207, 212, 216, 237, 240]",10,0.13429153990000486,0.07551137544214725,0.32207685741595926,"[566160736, 520887986, 348891253, 114567788, 62289136, 467571338, 462908438, 114567826, 38883366, 515564504]","[237, 237, 237, 237, 237, 237, 237, 237, 240, 240]"
692,20,"[10, 49, 58, 82, 132, 175, 188]",7,0.1258805599063635,0.049493405502289534,0.18515419022047094,"[269368219, 137040379, 503667679, 122193393, 488891435, 520081398, 312692760, 341872422, 109071636, 162322284]","[175, 175, 175, 175, 175, 175, 175, 175, 175, 175]"
693,20,"[17, 20, 54, 58, 96, 167, 188, 201, 239, 241]",10,0.2165139219723642,0.07278035674244165,0.26061972498428077,"[479287218, 116811297, 517450973, 230188672, 529449169, 70334368, 218946949, 121499907, 190757734, 94793305]","[188, 188, 188, 188, 188, 188, 188, 54, 188, 96]"
694,20,"[6, 8, 26, 30, 70, 93, 106, 108, 112, 119, 123, 131, 169, 201, 217]",15,0.2694132272154093,0.17354784486815333,0.33539546973382434,"[304739538, 45838995, 477007964, 91508183, 45719818, 391392412, 143726430, 308213197, 420838997, 342681603]","[123, 217, 93, 6, 217, 8, 8, 217, 30, 217]"
695,20,"[5, 59, 67, 82, 112, 127, 159, 174, 175, 224]",10,0.1695775226689875,0.06501062540337443,0.27605581905227156,"[543583528, 491684515, 597824063, 381679109, 295478704, 202195445, 395484314, 444084513, 334451584, 235169240]","[159, 159, 159, 159, 159, 159, 159, 59, 59, 5]"
696,20,"[1, 4, 166, 233]",4,0.17473652120679617,0.02001644065603614,0.1836906544631347,"[236566880, 593127527, 584775693, 132606092, 138523568, 159551351, 56611648, 329284485, 377182692, 9429165]","[1, 1, 1, 1, 1, 1, 1, 1, 1, 1]"
697,20,"[1, 25, 46, 133, 210, 228]",6,0.2107053529471159,0.04282991820946336,0.1926189032383263,"[420223579, 21934541, 41668771, 163010922, 148492603, 517149999, 206589361, 313138102, 373140299, 500464831]","[133, 133, 133, 133, 133, 133, 133, 133, 133, 133]"
698,20,"[17, 72, 89, 96, 125, 132, 188, 194, 242]",9,0.16769700171425939,0.0729678776115179,0.3407251574099064,"[469746537, 533365015, 20196862, 463863155, 423356572, 581414985, 586936329, 353123274, 216708216, 93588993]","[96, 132, 72, 125, 72, 188, 132, 72, 188, 194]"
699,20,"[30, 59, 67, 82, 84, 104, 170, 175]",8,0.2245482625439763,0.11911384342238307,0.2635677556099836,"[223279442, 34407516, 165782050, 451084394, 481824024, 143827806, 155479000, 223313719, 223299903, 286030509]","[59, 175, 67, 59, 59, 59, 59, 59, 59, 59]"
700,20,"[38, 63, 84, 127, 159, 185, 192, 209, 239]",9,0.11172472033649683,0.0618518590927124,0.3206868119951751,"[15755585, 27506815, 588753166, 297452316, 31155007, 541273729, 502997176, 371104310, 107432089, 283578665]","[84, 84, 84, 84, 84, 84, 84, 84, 84, 84]"
701,20,"[91, 171, 200, 227]",4,0.07502830121666193,0.02438170835375786,0.16960742115043104,"[335205476, 580978771, 116276053, 285903853, 182399199, 290312855, 235542195, 95793971, 182244542, 504321353]","[200, 200, 200, 200, 200, 200, 200, 200, 200, 200]"
702,20,"[10, 12, 18, 26, 115, 124, 126, 181, 202]",9,0.12858079560101032,0.13072566827759147,0.47346542382405865,"[356334669, 356118835, 463089125, 229520666, 84443931, 32701164, 567285168, 563774376, 356263433, 49390909]","[12, 12, 124, 115, 115, 115, 115, 115, 115, 115]"
703,20,"[1, 77, 84, 88, 228]",5,0.11405634600669146,0.026630261912941933,0.16852031857706606,"[303076252, 494944160, 188412807, 561475598, 103672702, 117787662, 88102447, 555653630, 71963599, 230365097]","[1, 1, 1, 1, 1, 1, 1, 1, 1, 1]"
704,20,"[96, 111, 125, 188, 194]",5,0.09408259717747569,0.04556193063035607,0.47605845853686335,"[50797895, 531656131, 581259626, 156800920, 327187554, 593534916, 341312319, 560849002, 297117766, 341690750]","[125, 125, 125, 188, 125, 125, 125, 125, 96, 96]"
705,20,"[10, 20, 49, 58, 82, 93, 128, 132, 188, 196, 201, 239, 241]",13,0.21726486971601844,0.08650352014228702,0.20443212903606203,"[479264094, 97172013, 125376724, 494441995, 74208356, 395259281, 561935889, 69582267, 137966257, 220983176]","[241, 241, 20, 10, 241, 20, 20, 241, 241, 241]"
706,20,"[37, 48, 61, 77, 81, 93, 111, 112, 125, 184, 194, 213, 217]",13,0.22017585672438145,0.1124689825810492,0.3970139462930652,"[166929302, 274217792, 385139050, 462371255, 526547697, 140407470, 32041101, 198123598, 201327355, 259768727]","[125, 81, 48, 77, 48, 81, 125, 77, 125, 93]"
707,20,"[19, 21, 30, 87, 105, 123, 131]",7,0.1324763000011444,0.05738591868430376,0.3195206391558583,"[290423263, 141521827, 558769378, 366674039, 296590762, 160086921, 501888161, 262072973, 442043012, 264836630]","[131, 131, 131, 131, 131, 131, 131, 131, 131, 123]"
708,20,"[2, 8, 57, 79, 97, 106, 123, 131, 152, 159, 172, 174, 228, 237]",14,0.2580493385903537,0.10036163032054901,0.27644366150655386,"[445624214, 21209791, 214459992, 582255751, 26580979, 585889930, 357310198, 578674690, 333555800, 20970234]","[2, 237, 237, 237, 2, 8, 106, 174, 152, 174]"
709,20,"[5, 14, 56, 97, 126, 127, 159, 174, 175, 224]",10,0.2320331926457584,0.07080588210374117,0.41505899201147256,"[364123452, 395818403, 101738279, 509134941, 369773749, 364232242, 509045109, 271083209, 238645495, 25216152]","[159, 127, 159, 174, 97, 159, 174, 159, 97, 174]"
710,20,"[36, 43, 54, 58, 156, 194, 201]",7,0.14006564440205693,0.0563023635186255,0.2797418677780245,"[199872053, 333064862, 74402508, 511648763, 391907968, 204632143, 535203000, 548263377, 480336888, 162935154]","[156, 156, 156, 156, 156, 156, 54, 54, 156, 156]"
711,20,"[59, 67, 159, 180, 200, 209, 236, 242]",8,0.16399288782849908,0.04850783199071884,0.226304065232398,"[532147618, 41366602, 532398561, 396381822, 581804298, 357694103, 586712300, 447709396, 299154706, 93694205]","[236, 59, 59, 59, 59, 236, 59, 59, 236, 236]"
712,20,"[10, 43, 82, 106, 170, 188, 221, 242]",8,0.13680816115811467,0.05487010208889842,0.23339820918045007,"[318552186, 558909271, 268853627, 170542660, 591746086, 433161442, 439494746, 80758389, 92751049, 297549670]","[170, 43, 43, 10, 221, 170, 170, 170, 170, 10]"
713,20,"[33, 61, 77, 81, 85, 164, 167, 228]",8,0.2669874890707433,0.04507168987765908,0.19647597864968702,"[193985554, 371709521, 286601329, 277445547, 75993523, 78652326, 580234576, 598058553, 336565197, 286653258]","[77, 77, 228, 228, 228, 85, 85, 228, 228, 228]"
714,20,"[36, 54, 156, 201]",4,0.05342961382120848,0.034022584557533264,0.2878513829782605,"[438904754, 407019418, 62203889, 417460514, 406493921, 230750417, 580720797, 574225054, 473194321, 375737537]","[36, 156, 201, 54, 54, 54, 54, 54, 54, 54]"
715,20,"[51, 67, 72, 102, 124, 126, 172, 180]",8,0.12594926543533802,0.06891262670978904,0.49670405039796606,"[110075494, 259654997, 486859552, 306799320, 325045770, 306780319, 163568496, 241835127, 296535381, 235634117]","[67, 67, 180, 67, 67, 67, 67, 67, 67, 67]"
716,20,"[20, 37, 70, 77, 81, 111, 112, 125, 228]",9,0.18124339589849114,0.07149558328092098,0.33553263053504956,"[219247777, 14956816, 586987309, 404118624, 17511256, 84777825, 271481665, 403891598, 529173650, 462095038]","[77, 77, 20, 81, 77, 70, 77, 77, 77, 81]"
717,20,"[1, 20, 70, 77, 82, 84, 93, 175]",8,0.19972312869504094,0.042459516786038876,0.16367042099591345,"[423150744, 56737034, 562933801, 82776735, 421106636, 440909851, 404847255, 460712047, 32381013, 460386170]","[70, 82, 1, 70, 82, 1, 82, 175, 82, 84]"
718,20,"[20, 70, 82, 84, 100, 125, 132, 175, 192]",9,0.1667669485323131,0.06958223041146994,0.2820899054252853,"[66220792, 368182769, 513712977, 83160001, 338615824, 339075830, 170311604, 408454256, 288486490, 319706407]","[20, 20, 84, 20, 84, 82, 125, 175, 100, 82]"
719,20,"[1, 4, 10, 49, 82, 100, 146, 166]",8,0.2993187364190817,0.04881890490651131,0.20529158384306356,"[213694925, 200840420, 599905570, 539579762, 335626940, 516114027, 131819241, 503450068, 594599479, 332887597]","[146, 82, 146, 1, 100, 82, 82, 146, 166, 4]"
720,20,"[22, 63, 70, 84, 104, 105, 169, 175]",8,0.19567443756386638,0.050919681787490845,0.2035465215158183,"[42388556, 190069500, 196005135, 55484204, 111161273, 42266115, 494050017, 24656633, 302786698, 533106488]","[22, 105, 22, 105, 22, 70, 105, 105, 22, 70]"
721,20,"[118, 174, 211]",3,0.029659429099410772,0.026694933883845806,0.3051138291290651,"[417891217, 76805798, 68427597, 569526539, 280913797, 547125696, 221095546, 597044073, 416051829, 124067658]","[174, 174, 174, 174, 174, 174, 174, 174, 174, 174]"
722,20,"[70, 105, 192]",3,0.09459363576024771,0.027703098952770233,0.3708972022092591,"[77691294, 438932245, 578938443, 393115337, 191821827, 260549966, 315949825, 210827489, 322640103, 41277662]","[192, 105, 192, 105, 192, 192, 192, 192, 105, 105]"
723,20,"[32, 111, 206, 239]",4,0.06607120437547565,0.031849742867052555,0.36906309420010075,"[9020838, 76774025, 200392849, 188269105, 587095987, 356654390, 296306727, 187486177, 452659546, 149137923]","[32, 32, 32, 32, 32, 32, 32, 32, 32, 32]"
724,20,"[99, 115, 153, 168, 169, 196]",6,0.1333385114558041,0.04609850933775306,0.3963470351882279,"[458166727, 454207062, 451916269, 96944793, 72844089, 207932964, 406355378, 364421544, 107621134, 532097811]","[196, 196, 168, 168, 196, 168, 168, 196, 196, 169]"
725,20,"[10, 49, 58, 81, 100, 164, 188, 241]",8,0.17452535219490528,0.056177946738898754,0.21937242618878372,"[123306930, 591041043, 351841418, 173561433, 263835484, 62639457, 349778014, 494567852, 130475617, 24851015]","[49, 164, 81, 81, 81, 188, 164, 81, 81, 164]"
726,20,"[1, 27, 32, 80, 109, 117, 206]",7,0.1462015137076378,0.04432093212381005,0.24917371750676207,"[178802831, 319855764, 127773390, 174527220, 259717660, 187540254, 548495749, 36782507, 208427386, 16381369]","[80, 80, 206, 80, 80, 80, 80, 80, 109, 80]"
727,20,"[1, 32, 76, 80, 81, 93, 112, 117, 186, 217]",10,0.20921497885137796,0.06819163169711828,0.2995675819227472,"[435768042, 342043115, 182855474, 22388379, 573033301, 280469546, 280469543, 485205137, 479363319, 31482913]","[217, 93, 93, 186, 186, 186, 117, 117, 117, 117]"
728,20,"[10, 20, 49, 58, 81, 96, 100, 125, 164, 167, 188, 201]",12,0.19670388149097562,0.08948138868436217,0.26953771559055895,"[475954615, 494301129, 414079641, 347263570, 482255584, 350504084, 69616124, 595501936, 99183468, 115428631]","[20, 20, 20, 20, 20, 20, 20, 20, 20, 20]"
729,20,"[20, 82, 96, 125, 167, 188, 210]",7,0.11613616300746799,0.04251916613429785,0.25096357783435713,"[301893573, 292081751, 241496664, 142253742, 164086875, 224748079, 391607797, 28049539, 44339416, 60572819]","[20, 20, 82, 82, 20, 20, 20, 96, 20, 20]"
730,20,"[20, 33, 81, 82, 85, 96, 100, 167, 188]",9,0.2220341395586729,0.1230752021074295,0.22494135199425122,"[309653842, 272283737, 439325336, 479751424, 575196920, 363920619, 49590174, 349149698, 112407100, 242861668]","[96, 188, 20, 20, 81, 20, 96, 96, 33, 96]"
731,20,"[0, 5, 10, 51, 124, 132, 239]",7,0.07299699587747455,0.05279354611411691,0.2603751737291792,"[271723947, 286784459, 31094755, 551857572, 274064393, 406387426, 87671807, 87671808, 393167668, 432982500]","[5, 5, 0, 239, 0, 10, 5, 5, 239, 5]"
732,20,"[25, 49, 61, 77, 85, 125, 132, 180, 195, 228]",10,0.16312914015725255,0.13133661588653922,0.2483946954831481,"[19132216, 224283437, 316276338, 547384795, 409121290, 242123266, 316217329, 206899382, 108568694, 483168469]","[228, 228, 228, 228, 228, 228, 228, 228, 228, 228]"
733,20,"[10, 20, 64, 68, 70, 82, 112, 125, 132, 166, 167, 175, 183, 192, 194, 201, 215]",17,0.33383040921762586,0.11843095673248172,0.2699511559433578,"[185126942, 73453623, 81810707, 205759726, 438930667, 152636530, 265369140, 81610624, 391151002, 101163698]","[68, 68, 175, 68, 68, 68, 175, 68, 166, 192]"
734,20,"[58, 61, 70, 87, 89, 106, 108, 119, 125, 132, 164, 181, 184, 213]",14,0.25126188434660435,0.10552014876157045,0.27255409167680356,"[222732639, 433092664, 295555361, 69845528, 377380634, 330783269, 492975775, 4018879, 241963157, 5853120]","[125, 125, 125, 132, 108, 87, 87, 125, 125, 125]"
735,20,"[10, 18, 77, 81, 164]",5,0.052174214739352465,0.03345278836786747,0.21551697896793484,"[523442272, 469630837, 348413791, 89497066, 35190427, 393431202, 569028283, 160125705, 238500784, 382669929]","[10, 81, 10, 81, 10, 81, 10, 10, 81, 10]"
736,20,"[4, 14, 63, 70, 82, 84, 99, 132, 175, 192, 207]",11,0.17117429431527853,0.13430533045902848,0.19981517979282548,"[203940805, 539889840, 91922461, 435983546, 365822797, 57556452, 37759442, 108797532, 325290475, 528422336]","[84, 84, 14, 14, 84, 84, 192, 14, 14, 14]"
737,20,"[5, 25, 59, 67, 93, 112, 175, 210, 236]",9,0.2142600561492145,0.0495697557926178,0.17729554428822464,"[274967503, 197159784, 223354459, 325094629, 84008816, 569752094, 29507369, 76073665, 533138201, 76001378]","[59, 59, 59, 59, 59, 59, 59, 59, 59, 59]"
738,20,"[99, 166, 207, 233]",4,0.1738399714231491,0.0198007277213037,0.16520728915929794,"[490032805, 530482745, 144147272, 433394339, 100305852, 215237817, 138127504, 530661354, 517280616, 283048010]","[233, 233, 233, 233, 233, 233, 233, 99, 233, 233]"
739,20,"[10, 33, 70, 96, 100, 127, 159, 188, 194, 239, 241]",11,0.2244766764342785,0.07931353570893407,0.31097156497311185,"[169034073, 75519751, 4573991, 58740187, 420560889, 322188794, 211061395, 176796399, 120646180, 11795632]","[96, 96, 96, 96, 96, 33, 96, 188, 96, 33]"
740,20,"[10, 37, 40, 43, 67, 70, 75, 77, 81, 132, 133, 159, 186, 200, 210]",15,0.2938059135340154,0.10741497250273824,0.2067263014614582,"[134034383, 297458372, 211568616, 14653669, 548468718, 277370827, 280318153, 548449562, 42881514, 38741440]","[43, 43, 186, 186, 186, 186, 43, 186, 43, 43]"
741,20,"[2, 25, 52, 67, 97, 133, 141, 170, 192, 193]",10,0.17844619881361723,0.1316291936673224,0.30067792613990607,"[265676713, 390073910, 403296399, 4227885, 196936640, 363947252, 281300524, 351254502, 416223390, 449179114]","[2, 2, 2, 2, 2, 2, 2, 2, 2, 2]"
742,20,"[1, 43, 77, 146, 174, 175, 195, 221, 228]",9,0.2673158720135689,0.046118286438286304,0.1701927398227983,"[328926690, 142841584, 366393788, 82961013, 192539996, 37092921, 210699347, 408813883, 527960810, 422015706]","[195, 195, 195, 195, 195, 195, 195, 175, 195, 228]"
743,20,"[26, 58, 82, 84, 88, 167, 169, 196, 201, 241]",10,0.1356150358915329,0.13659961288794875,0.23829743233509362,"[231721073, 470619063, 464199733, 470658626, 333928270, 204560378, 334065146, 70512822, 231721072, 55356397]","[82, 58, 82, 58, 82, 82, 169, 82, 82, 169]"
744,20,"[1, 10, 82, 146, 168, 169, 196]",7,0.17179420217871666,0.05593436025083065,0.31382406942014185,"[436863779, 69774209, 99713472, 179112281, 586714768, 259567035, 250149985, 125030038, 96364514, 63874677]","[196, 146, 168, 168, 196, 168, 168, 168, 146, 168]"
745,20,"[0, 19, 47, 61, 133, 174, 200, 228]",8,0.1367005747742951,0.0447357171215117,0.19243143565836363,"[129221555, 207471102, 495070446, 51090134, 142799753, 30262928, 163884444, 297134022, 207045293, 129013726]","[19, 228, 19, 174, 0, 174, 19, 174, 19, 228]"
746,20,"[1, 4, 6, 8, 61, 135, 166, 168, 171, 212, 227]",11,0.34796448796987534,0.07075481070205569,0.20095943951640616,"[232624377, 33312517, 146177913, 356326206, 484594305, 381308412, 289828106, 463278358, 356049878, 472638865]","[6, 6, 6, 6, 6, 6, 6, 6, 6, 171]"
747,20,"[4, 20, 68, 70, 84, 167, 175, 183, 192, 235]",10,0.16431804187595844,0.13436904503032565,0.20868522657547145,"[575187413, 199454458, 564932550, 199462273, 444388261, 157370619, 330475937, 107222643, 35532211, 587392179]","[68, 68, 68, 175, 192, 68, 192, 68, 68, 68]"
748,20,"[0, 36, 81, 107, 133, 167, 181, 201, 228, 239, 241]",11,0.14272754453122616,0.07253549015149474,0.22302910873920404,"[127044680, 331992073, 394531784, 190151555, 256078915, 66637549, 436668879, 398841118, 514433967, 398912427]","[133, 133, 133, 133, 133, 133, 133, 133, 133, 133]"
749,20,"[52, 59, 67, 91, 97, 104, 105, 147, 159, 192, 200, 209, 224]",13,0.30200428422540426,0.08720656204968691,0.2632648979779333,"[555807422, 46045003, 588047940, 74666318, 140457520, 555807416, 343417206, 555807420, 549181239, 555807428]","[104, 192, 159, 104, 200, 91, 159, 67, 224, 209]"
750,20,"[8, 20, 37, 70, 82, 84, 89, 93, 100, 112, 131, 132, 175, 222]",14,0.29513702215626836,0.09555728733539581,0.21096221610371554,"[3948191, 94418452, 302611918, 134222644, 302659270, 109372265, 85101691, 469786629, 574551440, 566169163]","[82, 84, 84, 175, 132, 84, 132, 132, 8, 132]"
751,20,"[27, 32, 60, 75, 80, 109, 117, 206, 224]",9,0.09732657577842474,0.1190188960172236,0.240144485866444,"[186250303, 27545485, 390290954, 76431484, 60578090, 247203506, 450346825, 234466048, 407663598, 126436668]","[117, 117, 117, 117, 117, 27, 117, 117, 117, 117]"
752,20,"[36, 54, 112, 156, 167, 201]",6,0.08155703404918313,0.048016821034252644,0.2957518398761749,"[188276849, 426027857, 446586320, 75409110, 321081448, 289790944, 501628430, 511282565, 73261937, 203027863]","[36, 36, 36, 36, 36, 36, 36, 36, 36, 36]"
753,20,"[58, 167, 169, 183, 201, 217]",6,0.07988973055034876,0.04972434742376208,0.2932881665959333,"[15269684, 477254712, 201963919, 68741689, 465257901, 244398823, 192206802, 121210942, 50436031, 66076885]","[167, 167, 167, 167, 167, 167, 167, 183, 167, 183]"
754,20,"[84, 104, 192]",3,0.12980560027062893,0.03013715799897909,0.2941040644266953,"[15635307, 312724952, 316922452, 15291053, 216946039, 220189977, 456888009, 179484769, 398032705, 113568412]","[192, 192, 192, 192, 192, 192, 192, 192, 192, 84]"
755,20,"[10, 43, 82, 109, 132, 146, 174, 175, 186, 200, 210, 212, 240]",13,0.2843335489742458,0.08391777891665697,0.19756900144812578,"[539696679, 223674121, 223680731, 223700058, 95700958, 226689730, 469179213, 343086355, 36632702, 381829337]","[212, 212, 10, 175, 212, 212, 212, 212, 212, 212]"
756,20,"[1, 14, 32, 126, 192, 194]",6,0.17320736218243837,0.11470290832221508,0.5192888579719389,"[143840965, 507145613, 413826743, 23358153, 498454879, 208889889, 125223810, 505764537, 596226604, 527260722]","[14, 14, 14, 14, 14, 14, 14, 14, 14, 14]"
757,20,"[10, 20, 49, 58, 82, 132, 188, 194, 241]",9,0.1113123968243599,0.061561201233416796,0.20076364713410536,"[322719624, 470526803, 27740414, 273230502, 328603977, 156101226, 506024414, 29354583, 158853418, 382395482]","[82, 82, 188, 49, 49, 188, 49, 82, 188, 188]"
758,20,"[48, 215]",2,0.034914234187453985,0.016921355854719877,0.3994164717150852,"[813693, 160416779, 323002308, 409250691, 414800427, 275472747, 172223973, 233627995, 541085700, 300838529]","[215, 215, 215, 215, 215, 215, 215, 215, 215, 215]"
759,20,"[36, 54, 188, 201]",4,0.048452470917254686,0.0312203629873693,0.2568637186777778,"[581598743, 306077794, 204153808, 428247136, 33707675, 412322717, 472399417, 253949050, 175409411, 321251817]","[54, 54, 54, 54, 54, 54, 54, 54, 54, 54]"
760,20,"[6, 8, 70, 112, 114, 126, 133, 166, 217, 224, 231]",11,0.32252453174442053,0.08448444167152047,0.39127549664540723,"[495038674, 9050530, 354277872, 206230060, 479991039, 183789871, 544258461, 228997020, 217592047, 113296450]","[166, 224, 8, 166, 114, 166, 217, 8, 8, 217]"
761,20,"[63, 70, 84, 175, 192]",5,0.1254602037370205,0.03478101687505841,0.2591142740100622,"[182749746, 203684967, 144733671, 214839887, 214909000, 127517746, 123746413, 22329715, 10515147, 420808461]","[63, 63, 63, 63, 63, 63, 63, 63, 63, 63]"
762,20,"[1, 14, 135, 146, 166, 168, 233]",7,0.22794427443295717,0.10828278586268425,0.22404660876574262,"[483929454, 281576046, 288465784, 284939827, 281576039, 426437149, 352335645, 281576050, 416758914, 281576038]","[233, 1, 166, 1, 166, 166, 1, 166, 1, 233]"
763,20,"[32, 60, 93, 109, 209, 239, 240, 241]",8,0.10459265485405922,0.05009273439645767,0.20914220216218382,"[327510496, 525529653, 9337302, 119244369, 158439522, 568282822, 271537006, 358237011, 42243403, 44025615]","[32, 32, 32, 32, 32, 32, 32, 240, 209, 32]"
764,20,"[10, 20, 49, 96, 100, 106, 125, 159, 188]",9,0.10464391950517893,0.06382994912564754,0.2721809488721192,"[470536358, 288475887, 325147796, 525046357, 75074402, 294191025, 76054023, 412365917, 536410322, 149207452]","[125, 125, 125, 125, 20, 20, 125, 125, 125, 20]"
765,20,"[58, 111, 156, 165, 194, 214, 241]",7,0.22158584743738174,0.0687826406210661,0.5490998133817422,"[141090441, 449849523, 82211827, 107564364, 450015810, 507668000, 571211820, 87858039, 450279078, 204742016]","[156, 156, 156, 156, 156, 156, 111, 156, 156, 58]"
766,20,"[10, 43, 47, 52, 59, 67, 193, 200, 241]",9,0.23471845081076026,0.04094513971358538,0.15765378119734427,"[334710393, 46941624, 525776769, 477671369, 184019416, 587243906, 267276402, 206332309, 125111776, 101462947]","[10, 241, 10, 200, 67, 67, 67, 67, 67, 67]"
767,20,"[75, 93, 117, 171, 186, 207, 209]",7,0.0629347744397819,0.11747111566364765,0.20605912368877657,"[538730025, 546916548, 216105455, 126273253, 494551035, 440684662, 469196941, 587476054, 429719592, 487053834]","[93, 117, 117, 117, 117, 117, 93, 93, 93, 93]"
768,20,"[26, 167, 169, 201]",4,0.048883738461881876,0.03207889245823026,0.2583142181392759,"[3390687, 90128001, 22114232, 90061036, 394575987, 317157711, 144379617, 405139482, 1984326, 447911212]","[167, 167, 167, 167, 167, 167, 167, 167, 167, 167]"
769,20,"[4, 30, 79, 109, 146, 209, 240, 241]",8,0.15333907958120108,0.04978668410331011,0.25127228812198155,"[469906838, 396702417, 439483464, 151244184, 65622397, 255663517, 335714306, 597297607, 15813981, 317363390]","[146, 240, 109, 79, 109, 79, 79, 146, 79, 146]"
770,20,"[6, 19, 21, 57, 67, 94, 112, 113, 123, 133, 186, 207, 224]",13,0.15219907322898507,0.14550083875656128,0.25237857084721327,"[145195018, 160871623, 369284107, 309803570, 264074098, 245536896, 372949320, 119994880, 460426951, 584567699]","[21, 57, 57, 21, 21, 94, 57, 21, 19, 57]"
771,20,"[8, 10, 20, 43, 54, 70, 128, 156, 188, 201, 241]",11,0.22079624282196164,0.06151812709867954,0.18005557447163897,"[303952386, 226999641, 416173179, 302932857, 303558475, 69191403, 120371769, 401364673, 430068002, 197982629]","[8, 241, 241, 241, 241, 241, 8, 8, 188, 241]"
772,20,"[10, 20, 82, 84, 100, 175]",6,0.12840415397658944,0.10865452839061618,0.21048227491943786,"[404794810, 31058126, 368163645, 543943816, 289391580, 123406386, 344616162, 5659064, 153521110, 91929323]","[82, 175, 82, 82, 82, 82, 82, 82, 82, 84]"
773,20,"[10, 81, 164, 188, 239, 241]",6,0.08274430129677057,0.038761354982852936,0.20773075823672116,"[195173222, 492751080, 457281331, 205233105, 441811088, 567329472, 288187214, 181493268, 588766771, 546832322]","[239, 81, 164, 81, 10, 164, 81, 164, 164, 81]"
774,20,"[84, 111, 159, 175, 192]",5,0.1435010521672666,0.03922446258366108,0.3588706257287413,"[448226931, 309062199, 81832684, 123840197, 220335724, 566284036, 556173834, 123840205, 389361889, 288329360]","[84, 84, 84, 84, 84, 159, 84, 84, 192, 192]"
775,20,"[20, 25, 37, 39, 67, 70, 82, 125, 132, 183, 188, 213, 217]",13,0.2393678785301745,0.1019654767587781,0.3266079217876093,"[330627045, 453801749, 422914810, 414352737, 338967500, 370292875, 109319028, 265841295, 73826653, 73569392]","[37, 20, 20, 20, 20, 20, 20, 70, 20, 125]"
776,20,"[57, 106, 112, 152, 193, 207, 210, 222, 237]",9,0.18294000811874866,0.06048132525756955,0.25001221496818793,"[231446595, 253762950, 168448379, 300484739, 519505046, 117280640, 23805310, 43075240, 95492765, 236212957]","[57, 57, 57, 222, 57, 57, 207, 57, 57, 57]"
777,20,"[1, 4, 6, 82, 93, 99, 168, 196, 207, 227, 233]",11,0.23230125103145838,0.07604584190994501,0.2377621260767972,"[59536897, 315366675, 271957382, 220611533, 59536898, 276386751, 244982098, 461574611, 133962900, 236008048]","[227, 6, 233, 6, 6, 6, 6, 227, 6, 207]"
778,20,"[1, 135, 166, 233]",4,0.18521128362044692,0.016868299338966608,0.15938515134621412,"[361527157, 68971592, 37715489, 134414390, 472060781, 319229323, 223113900, 78162269, 581028629, 361548506]","[166, 166, 166, 166, 166, 166, 166, 166, 166, 166]"
779,20,"[1, 49, 166, 168, 233]",5,0.23698511393740773,0.031203497666865587,0.2727085724007338,"[73062366, 50402763, 513912888, 50429658, 41559533, 29858437, 448305655, 384486365, 580441216, 50402761]","[166, 166, 233, 166, 166, 166, 166, 166, 166, 166]"
780,20,"[10, 20, 67, 70, 82, 96, 132, 188, 194, 201, 239]",11,0.12793752504512668,0.08023815043270588,0.24252375043843957,"[382139223, 294009838, 330994717, 435849178, 388387883, 86556513, 477879499, 478691689, 405803203, 65269459]","[201, 67, 82, 188, 188, 188, 188, 188, 188, 188]"
781,20,"[45, 235]",2,0.01962450286373496,0.012306263204663992,0.1974195659859106,"[77482733, 198733262, 61417956, 46651786, 508566343, 112442356, 64881757, 394298191, 284569134, 390092863]","[235, 235, 235, 235, 235, 235, 235, 235, 235, 235]"
782,20,"[17, 96, 112, 125, 188, 194]",6,0.10928925452753901,0.053293675649911165,0.4513514836241181,"[94564213, 534350521, 441905717, 90969118, 338303698, 170393771, 482155500, 240981454, 877821, 353093644]","[125, 96, 188, 96, 96, 125, 125, 96, 125, 125]"
783,20,"[19, 57, 93, 107, 170, 178, 207, 212, 230, 237]",10,0.19688327377662063,0.06947205075994134,0.25787678542546927,"[590185192, 280384104, 248741750, 248733473, 117598454, 84329985, 196631016, 84329999, 374802457, 84329986]","[107, 107, 107, 107, 107, 107, 107, 107, 107, 107]"
784,20,"[25, 49, 81, 195, 210]",5,0.09346204716712236,0.027030425146222115,0.18538875724188983,"[199166211, 415614426, 459227806, 417355448, 337111750, 466184102, 328192286, 392927095, 265397071, 464121153]","[25, 25, 25, 25, 25, 25, 25, 25, 25, 25]"
785,20,"[5, 10, 67, 82, 239, 242]",6,0.061843983829021454,0.04073022911325097,0.21269012979852656,"[156315290, 479594550, 120395787, 286274216, 132539877, 197754825, 544418098, 385546444, 39189654, 293081936]","[242, 242, 242, 242, 5, 242, 5, 242, 5, 5]"
786,20,"[45, 70, 84, 112, 183, 184, 192]",7,0.08960119727998972,0.12233487796038389,0.2754573801731957,"[551214505, 475566736, 234480471, 463874190, 423901142, 432890679, 358464511, 542646214, 498712020, 442806014]","[84, 45, 45, 45, 192, 45, 84, 84, 84, 84]"
787,20,"[49, 61, 77, 85, 128, 146, 228]",7,0.11697722133249044,0.036319552920758724,0.16953950977352047,"[386086785, 229540847, 438010534, 251994508, 359901671, 299128860, 343763961, 388016414, 309186511, 324927328]","[128, 228, 77, 77, 228, 77, 77, 77, 77, 77]"
788,20,"[17, 39, 49, 60, 77, 82, 100, 106, 109, 111, 146, 165, 166]",13,0.34988826932385564,0.11266401736065745,0.41199996565970093,"[135562875, 337019839, 74919655, 316793540, 278535879, 534085834, 142137900, 254145330, 558254395, 598267480]","[146, 165, 109, 109, 166, 109, 165, 146, 165, 109]"
789,20,"[2, 8, 10, 60, 111, 118, 159, 164, 174, 194, 228, 241]",12,0.2245789128355682,0.08290433371439576,0.2926703312744697,"[79828631, 538843180, 236530606, 370983554, 408116495, 61417080, 468789836, 316854552, 298421533, 281610718]","[174, 60, 228, 118, 241, 159, 159, 228, 159, 2]"
790,20,"[30, 43, 70, 112, 126, 181, 183, 184, 194, 201, 215, 217, 224, 230, 231]",15,0.3641539313830435,0.113756631501019,0.42376284861626723,"[599221685, 380698481, 512991142, 262815169, 177122931, 315444936, 61356790, 247507137, 362171906, 247503072]","[215, 215, 215, 183, 183, 215, 215, 215, 183, 215]"
791,20,"[17, 63, 84, 93, 159, 167, 174, 175, 192, 194, 237, 241]",12,0.27707706578075886,0.09019963163882494,0.28067697427468374,"[515338290, 420319802, 386407030, 21584194, 373547993, 219903309, 396495284, 417003456, 36657294, 14249969]","[93, 93, 63, 192, 93, 159, 93, 192, 192, 93]"
792,20,"[6, 14, 64, 68, 184]",5,0.0406291070394218,0.02706677746027708,0.15566770415753126,"[84427599, 405761428, 9831061, 518940904, 122518687, 13377183, 525393269, 269433434, 406743992, 9938394]","[64, 64, 64, 64, 64, 64, 64, 64, 64, 64]"
793,20,"[1, 4, 6, 19, 61, 75, 77, 123, 228]",9,0.14774865517392755,0.05627807369455695,0.20278217547780109,"[440358999, 88132546, 569026839, 359211126, 496448534, 510056176, 181890903, 229322265, 510057177, 260064345]","[6, 6, 6, 6, 6, 228, 228, 6, 228, 6]"
794,20,"[10, 20, 36, 54, 58, 96, 125, 156, 188, 201, 241]",11,0.18969399156048894,0.08633686322718859,0.26567101294428785,"[498308087, 297506843, 544140804, 283199221, 218177474, 7409874, 164077483, 486149309, 244391608, 122663595]","[156, 54, 58, 241, 241, 54, 241, 125, 156, 241]"
795,20,"[4, 70, 82, 84, 105, 192, 231]",7,0.08558889012783766,0.05118365166708827,0.25926833177384523,"[357626915, 7668981, 228603212, 287942832, 492746512, 377277065, 139212702, 76689036, 228617234, 181428961]","[4, 4, 192, 192, 192, 4, 192, 192, 4, 192]"
796,20,"[45, 112, 192, 215, 235]",5,0.08232509903609753,0.04142520762979984,0.3711483744438738,"[333331633, 461496564, 369104080, 143580053, 81566344, 422515946, 458830747, 343364802, 138351033, 7319301]","[235, 235, 235, 235, 235, 235, 235, 235, 235, 235]"
797,20,"[25, 107, 133, 159, 184, 209]",6,0.07548113353550434,0.10378737282007933,0.22932058669781932,"[282975484, 113313962, 439578988, 388865837, 526192199, 113313963, 127950716, 483516645, 48842498, 208133910]","[107, 107, 107, 107, 107, 107, 107, 107, 107, 107]"
798,20,"[47, 118, 159, 172, 174]",5,0.10493611264973879,0.028252029325813055,0.25309255947358905,"[433323913, 481175924, 168133538, 215456178, 387115136, 463583639, 466143566, 96347394, 415628246, 484251347]","[47, 47, 47, 47, 47, 47, 47, 47, 47, 47]"
799,20,"[32, 39, 60, 93, 239, 240]",6,0.07229740917682648,0.04242655634880066,0.25300453257902217,"[351245664, 376513868, 20055048, 128344438, 430434285, 361801532, 392515992, 78398179, 478066324, 345782426]","[240, 240, 240, 240, 240, 32, 240, 32, 240, 240]"
800,20,"[20, 61, 70, 89, 175, 184, 216]",7,0.2001608214341104,0.05011705309152603,0.19132974457794003,"[482762040, 342908927, 471471192, 208076775, 590667230, 316818274, 452179715, 561176458, 561001039, 492678241]","[184, 184, 216, 184, 184, 175, 184, 184, 184, 184]"
801,20,"[59, 70, 82, 112, 159, 175, 184, 192, 194]",9,0.1762201078236103,0.06143908854573965,0.27198861854978734,"[434873979, 74849049, 252551665, 165673250, 540392497, 238382615, 392853422, 30711889, 207284322, 153004280]","[175, 159, 175, 192, 192, 175, 159, 159, 192, 184]"
802,20,"[1, 39, 77, 88, 93, 112, 135, 159, 166, 175, 196, 227, 241]",13,0.37619548896327615,0.13957149861380458,0.214217740469254,"[171221271, 276874975, 223842080, 218150909, 159276580, 74539230, 27514283, 226045049, 86049469, 259050741]","[77, 166, 166, 166, 166, 77, 166, 77, 166, 77]"
803,20,"[10, 20, 81, 82, 132, 146]",6,0.05753507046028972,0.04192344844341278,0.19264001527335495,"[288841758, 432090101, 568582888, 568673377, 287682677, 389639122, 250940003, 109638855, 585638962, 215369858]","[81, 81, 82, 81, 82, 82, 81, 81, 81, 81]"
804,20,"[10, 54, 67, 96, 125, 128, 188, 213, 214, 221, 242]",11,0.21817245474085212,0.08640422113239765,0.34632137864404783,"[440242907, 394982529, 78528402, 171973685, 440354113, 241278131, 151125495, 205221623, 76481086, 495700025]","[242, 54, 242, 188, 242, 242, 188, 188, 96, 125]"
805,20,"[2, 46, 59, 61, 72, 106, 111, 193, 210, 222, 228, 242]",12,0.22616090578958392,0.08247834630310535,0.24654283904237673,"[492617663, 306929603, 579380135, 551047924, 203050617, 21129175, 295071862, 344845480, 10780220, 123270891]","[46, 46, 46, 46, 111, 59, 222, 46, 46, 46]"
806,20,"[4, 20, 61, 70, 77, 82, 84, 112, 132, 169, 175, 194]",12,0.2582785221748054,0.0846819095313549,0.22079631957846382,"[525363080, 130857160, 189485965, 412544761, 79439685, 223020241, 223020242, 455461316, 470316812, 63318695]","[77, 194, 77, 194, 77, 77, 77, 77, 194, 70]"
807,20,"[20, 49, 72, 100, 109, 125]",6,0.07127858884632587,0.044178593438118696,0.2948825528146699,"[582174558, 24206729, 545821299, 423700160, 253442550, 84473634, 241796868, 416302602, 386501070, 377202087]","[125, 125, 20, 100, 100, 72, 100, 125, 109, 20]"
808,20,"[43, 54, 64, 141, 188, 224]",6,0.10600149352103472,0.03225070284679532,0.19017143136200806,"[471538335, 454252821, 378813124, 561549556, 377725690, 19795167, 320167445, 385974109, 407454810, 23156939]","[43, 43, 43, 43, 43, 43, 43, 43, 43, 43]"
809,20,"[6, 42, 60, 76, 80, 91, 109, 117, 187, 200, 209, 214, 224]",13,0.2519001546315849,0.08667135844007134,0.26483325047705036,"[423063866, 414841139, 595781421, 253478887, 400895659, 30835860, 467319785, 48483834, 4919323, 14665769]","[209, 6, 209, 224, 117, 117, 117, 6, 76, 209]"
810,20,"[36, 54, 156, 201]",4,0.05361310113221407,0.031601164024323225,0.2878513829782605,"[569747888, 343843896, 397365936, 569747913, 7778957, 32747278, 127070054, 581475779, 419761138, 581475783]","[54, 54, 54, 54, 201, 54, 54, 54, 54, 201]"
811,20,"[8, 60, 93, 126, 183, 184, 194, 201, 217, 239]",10,0.19157352205365896,0.1374069768935442,0.39248018418438735,"[254249257, 482772616, 238910541, 222283007, 329488606, 73150447, 274675334, 33453582, 524360025, 316189652]","[217, 183, 184, 184, 184, 183, 126, 60, 8, 8]"
812,20,"[32, 112, 224]",3,0.04449383029714227,0.02278269175440073,0.319561931071803,"[433487277, 447995370, 415492035, 584409108, 383510698, 450072464, 539202498, 12961426, 527474121, 168502178]","[32, 32, 32, 32, 32, 32, 32, 32, 32, 32]"
813,20,"[10, 36, 54, 82, 169, 201, 241]",7,0.10114610940217972,0.05259159253910184,0.23401768029933528,"[325920311, 512099405, 93108396, 452673403, 537890579, 190182926, 305684177, 228268366, 568821148, 356231323]","[54, 54, 54, 10, 54, 201, 82, 201, 201, 54]"
814,20,"[3, 4, 6, 30, 37, 40, 94, 109, 146, 214, 230]",11,0.22664234694093466,0.09108002157881856,0.32546667354604736,"[72904289, 502655213, 340599533, 354551477, 169184272, 199308255, 378118468, 375737111, 404614755, 302848840]","[40, 94, 40, 40, 40, 40, 40, 40, 40, 40]"
815,20,"[6, 8, 10, 21, 30, 40, 72, 87, 94, 106, 112, 113, 126, 224, 230, 239]",16,0.27831765078008175,0.12032180977985263,0.35770367908116896,"[302031604, 326813122, 390012618, 324619110, 474359876, 216636105, 435329890, 420258864, 463749221, 355845560]","[87, 87, 87, 87, 87, 87, 21, 21, 224, 224]"
816,20,"[93, 118, 159, 166, 174, 200, 209, 239, 240]",9,0.1923541626892984,0.06028439709916711,0.24067755152160922,"[456601074, 117369514, 499615542, 75653653, 48979196, 48975547, 190097047, 174666670, 79524326, 48986741]","[174, 174, 174, 174, 174, 174, 174, 174, 200, 174]"
817,20,"[84, 105, 167, 192]",4,0.05795475235208869,0.03432530350983143,0.31949060451006517,"[189756710, 546620521, 141747554, 535394321, 78131193, 69964102, 501852105, 297618934, 536687610, 141747543]","[84, 192, 84, 84, 84, 84, 192, 192, 84, 84]"
818,20,"[22, 104, 105, 127, 147]",5,0.1114145084284246,0.03720275778323412,0.3584309041965753,"[325937048, 71571922, 162773863, 160983765, 222803614, 245169167, 535325205, 345784330, 307655073, 269633147]","[22, 22, 22, 22, 105, 22, 22, 105, 105, 22]"
819,20,"[4, 61, 112, 135, 166]",5,0.1292599975131452,0.025318223983049393,0.18949943780899048,"[363502546, 370309140, 43217211, 260118514, 169104147, 87392741, 436027833, 274526481, 138697469, 457932193]","[166, 166, 166, 166, 166, 166, 166, 166, 166, 166]"
820,20,"[59, 133, 210]",3,0.13528021425008774,0.014006365556269884,0.15876782103441656,"[184527710, 542193105, 542193095, 265708503, 203932097, 204891568, 99900872, 460459031, 124735734, 423985848]","[59, 59, 59, 59, 59, 59, 59, 59, 59, 59]"
821,20,"[25, 32, 38, 112, 159, 178, 209, 239]",8,0.09503520280122757,0.05400011036545038,0.25140984886093065,"[518903693, 239028560, 350157917, 176533017, 416319116, 133608144, 401719245, 443063391, 198903004, 193216966]","[178, 38, 38, 178, 38, 178, 178, 178, 38, 38]"
822,20,"[20, 33, 96, 125, 188]",5,0.11846525827422738,0.03013373352587223,0.2831299983430654,"[435953124, 461552910, 133784506, 6711057, 204458540, 285290085, 239405223, 204484192, 7508107, 412583065]","[96, 96, 96, 20, 125, 96, 20, 20, 96, 96]"
823,20,"[1, 19, 59, 61, 107, 133, 180, 228, 237]",9,0.23616853216663003,0.05874269129708409,0.24564550602291194,"[122861129, 123211615, 122960842, 199144490, 251115261, 159061239, 388968961, 122861131, 123211614, 548933798]","[133, 228, 228, 228, 228, 19, 19, 19, 228, 19]"
824,20,"[45, 112, 129, 183, 184]",5,0.05596165545284748,0.03287297859787941,0.2351572098210454,"[406116702, 469393381, 333280719, 19492396, 508876997, 392125912, 321232038, 155789864, 306471134, 392381230]","[183, 183, 183, 183, 129, 183, 183, 183, 183, 129]"
825,20,"[14, 85, 96, 125, 188, 211]",6,0.12076494889333844,0.03519129194319248,0.26646022277418524,"[373655150, 546767913, 91023937, 389585265, 191239138, 249506230, 198741429, 572202631, 375374551, 500710698]","[211, 85, 188, 85, 188, 211, 85, 85, 188, 211]"
826,20,"[33, 49, 67, 85, 96, 112, 128, 163, 188]",9,0.27435961412265897,0.056414139457046986,0.24376558090767098,"[489703938, 327507300, 399547913, 54730020, 195738853, 340742549, 417561360, 236646993, 187344130, 212691039]","[67, 96, 96, 96, 188, 188, 188, 96, 96, 188]"
827,20,"[10, 14, 45, 47, 61, 81, 88, 112, 132, 174, 211, 235]",12,0.18121405085548759,0.07789058377966285,0.2090475417790003,"[229673572, 151311741, 490398941, 304726556, 72253503, 229673571, 299186712, 441560774, 389430182, 289582700]","[45, 235, 235, 235, 235, 235, 235, 235, 235, 235]"
828,20,"[47, 118, 174, 239]",4,0.10025081085041165,0.025059022475034,0.3013750440441072,"[113927593, 216752100, 443458963, 599937149, 216845487, 27087399, 538193308, 27087371, 350172041, 535506434]","[118, 118, 118, 118, 174, 118, 118, 118, 118, 118]"
829,20,"[17, 20, 54, 58, 96, 125, 126, 167, 181, 188, 201, 211, 239, 241]",14,0.2614056020975113,0.10397610906511545,0.3585427956090176,"[276824263, 480784048, 223074803, 127939529, 508643876, 584665657, 223049251, 296559762, 421815662, 496120715]","[241, 241, 188, 188, 188, 241, 188, 241, 241, 241]"
830,20,"[20, 96, 125, 128, 132, 188]",6,0.06271336553618312,0.04283705400303006,0.2651054799789563,"[441647516, 381829899, 438982471, 367323591, 394992300, 412646774, 467448389, 376998627, 200074547, 399350441]","[20, 20, 20, 20, 20, 188, 20, 20, 20, 20]"
831,20,"[6, 39, 49, 61, 77, 82, 88, 100, 111, 146, 210]",11,0.1842856453731656,0.14204283710569143,0.26559599613855506,"[8491457, 391680199, 154365432, 293991738, 317663040, 379528431, 251211725, 184879726, 10766322, 57907694]","[210, 6, 6, 6, 49, 6, 100, 100, 210, 6]"
832,20,"[26, 29, 48, 65, 68, 70, 102, 106, 126, 153, 167, 169, 184, 215]",14,0.28313392447307706,0.11372328642755747,0.35636130470915567,"[443250896, 143782070, 482782679, 523319676, 142534199, 418897785, 114655057, 333304113, 230978568, 30780723]","[68, 68, 102, 215, 68, 215, 68, 68, 102, 48]"
833,20,"[26, 45, 48, 126, 164, 184, 201]",7,0.10103161400184035,0.05529777891933918,0.43428033819821266,"[184550281, 330187591, 499907814, 364229217, 489438597, 455690861, 431868302, 118719336, 586721881, 52058820]","[48, 45, 184, 48, 184, 184, 26, 48, 184, 184]"
834,20,"[88, 168, 169, 196]",4,0.07104572281241417,0.03674845118075609,0.39798096974845976,"[434542501, 217125674, 286338671, 95975796, 571534275, 489000797, 491729954, 230364669, 71618190, 66595233]","[168, 88, 196, 196, 196, 196, 88, 196, 88, 168]"
835,20,"[10, 20, 54, 58, 82, 96, 128, 167, 188, 241]",10,0.13248129189014435,0.1303924461826682,0.20374454664997757,"[259408569, 540749770, 21827134, 236055833, 345795358, 368893459, 280808789, 228982019, 581076009, 236055832]","[188, 188, 188, 188, 54, 188, 128, 188, 188, 188]"
836,20,"[39, 58, 60, 77, 82, 93, 111, 112, 200, 209, 227, 239]",12,0.16489535151049495,0.09125624364241958,0.2944190422228227,"[298789801, 258421174, 553396528, 114620244, 171712547, 34382883, 245418497, 178423799, 168421917, 383385770]","[39, 39, 39, 58, 39, 39, 60, 200, 77, 39]"
837,20,"[0, 43, 64, 183, 184, 194]",6,0.10828588623553514,0.034759290516376495,0.2043912650163596,"[350013298, 398947805, 134561125, 438120839, 365244165, 332085164, 470580410, 216670285, 74696040, 352183666]","[64, 184, 64, 184, 184, 64, 183, 64, 183, 64]"
838,20,"[14, 43, 59, 64, 133, 141, 210, 235]",8,0.15991731686517596,0.10998694971203804,0.15887339162873104,"[590357826, 219437928, 24570460, 187123607, 187179861, 118783712, 175462001, 367528210, 527438754, 24570459]","[64, 64, 64, 64, 64, 64, 64, 64, 64, 64]"
839,20,"[20, 33, 70, 100, 125, 128, 188, 221]",8,0.14786286046728492,0.05040131090208888,0.25265857041813433,"[138366709, 266734567, 313988359, 484722634, 561258797, 482250680, 297219429, 198235008, 47680120, 482254926]","[20, 20, 20, 20, 20, 20, 20, 20, 20, 20]"
840,20,"[36, 54, 167, 201]",4,0.05321268364787102,0.03225691104307771,0.27294754539616406,"[261381281, 573127377, 92937991, 441340568, 138868983, 359977576, 144662308, 359972516, 456298196, 478786710]","[54, 36, 201, 54, 201, 54, 54, 54, 54, 54]"
841,20,"[0, 8, 10, 60, 97, 100, 106, 112, 126, 128, 132, 188, 239, 241]",14,0.3166494956240058,0.10541864112019539,0.33686411493856994,"[43171719, 36112880, 528130805, 514453858, 534832280, 514897301, 246305164, 538584591, 589532118, 205521338]","[128, 8, 60, 8, 241, 128, 8, 100, 128, 8]"
842,20,"[118, 174, 211]",3,0.029315968975424767,0.018016465473920107,0.3051138291290651,"[319561564, 144194592, 78827321, 258887673, 60909584, 35313378, 35176189, 421958143, 61757192, 269026244]","[211, 211, 174, 118, 174, 174, 211, 174, 174, 174]"
843,20,"[10, 49, 60, 82, 109, 128, 169, 174, 188]",9,0.0929787470959127,0.13419476943090558,0.20741850326562095,"[100058525, 430366583, 430489606, 42891670, 578026516, 301447604, 533552145, 320509271, 16580535, 482635667]","[188, 128, 60, 49, 128, 60, 49, 60, 49, 128]"
844,20,"[2, 38, 57, 77, 92, 112, 174, 185, 212, 237]",10,0.12471264833584428,0.07158169522881508,0.26175435197073965,"[240275954, 69367354, 226376954, 572004929, 240256613, 386763457, 372667634, 204986736, 520999896, 95514323]","[38, 38, 174, 212, 38, 38, 38, 38, 38, 212]"
845,20,"[33, 49, 72, 85, 96, 111, 125, 188]",8,0.2768216086551547,0.06182705797255039,0.3347745717037469,"[210911512, 151739648, 450105911, 532212276, 431430781, 403088872, 515245053, 476733758, 321503904, 583426662]","[96, 96, 85, 96, 96, 188, 96, 188, 96, 85]"
846,20,"[76, 80]",2,0.02175241708755493,0.012919704895466566,0.23857502674218267,"[176896948, 113103367, 378506052, 428254010, 499747030, 131341583, 91486397, 176835666, 275719177, 134344943]","[76, 76, 76, 76, 76, 76, 76, 76, 76, 76]"
847,20,"[10, 39, 58, 77, 82, 84, 100, 188, 213]",9,0.1262625390663743,0.0692119556479156,0.2920866158739146,"[211478103, 5266807, 211464483, 395902506, 186844356, 436410532, 132540708, 432528360, 577844901, 132475661]","[82, 82, 82, 82, 82, 82, 39, 82, 82, 82]"
848,20,"[54, 167, 188, 201]",4,0.0411194465123117,0.02590481797233224,0.21035081357695162,"[175512374, 19555780, 199477483, 149086318, 19579651, 19582121, 45690194, 284388133, 19573617, 439081007]","[201, 201, 201, 54, 201, 201, 201, 201, 201, 201]"
849,20,"[17, 19, 39, 89, 100, 111, 125, 132, 194, 213]",10,0.2798401163890958,0.09690289106220007,0.44553450094535946,"[329738769, 269323863, 356377308, 482724413, 406584301, 338490120, 150604432, 92917213, 112406467, 564218028]","[132, 39, 194, 39, 111, 39, 132, 17, 39, 213]"
850,20,"[20, 36, 54, 70, 188]",5,0.05749196605756879,0.03597993403673172,0.23605496706441045,"[352071651, 113992217, 415740214, 409480815, 421371089, 183599496, 350994816, 358085096, 379598716, 580922513]","[54, 54, 54, 54, 36, 36, 54, 54, 54, 54]"
851,20,"[36, 54, 156, 201]",4,0.0534505401737988,0.03437903197482228,0.2878513829782605,"[87493762, 188328316, 11248292, 505651515, 230403360, 593930927, 551622090, 169026459, 150579725, 275818250]","[201, 201, 201, 54, 201, 54, 36, 36, 36, 54]"
852,20,"[57, 134, 222]",3,0.09204591019079089,0.017849711701273918,0.23339739985143146,"[37811016, 473504460, 582813404, 215820939, 473482680, 285265932, 324368555, 562094452, 562100179, 217631526]","[57, 57, 57, 57, 57, 57, 57, 57, 57, 57]"
853,20,"[26, 70, 88, 89, 108, 111, 114, 132, 147, 169, 188, 194, 213]",13,0.27084711706265807,0.11154001392424107,0.3179097754809146,"[209157692, 481581017, 30639405, 550623510, 575695854, 167656863, 536650870, 430690500, 429830540, 579563702]","[132, 132, 89, 132, 132, 132, 132, 132, 114, 132]"
854,20,"[45, 48, 63, 70, 112, 126, 175, 192, 215, 235]",10,0.26232611993327737,0.07810242474079132,0.41898542339913547,"[298557429, 264837653, 346482625, 224958773, 366603740, 452451777, 296866940, 21597522, 496570570, 489705654]","[45, 45, 45, 45, 45, 45, 45, 45, 45, 45]"
855,20,"[0, 61, 64, 107, 111, 126, 164, 184, 217, 224, 244]",11,0.17164059821516275,0.08431621454656124,0.42005891810086643,"[13500227, 558483892, 238138424, 20101791, 243640497, 473190041, 13415872, 20101788, 238474670, 282175107]","[184, 64, 184, 184, 184, 184, 184, 184, 184, 184]"
856,20,"[36, 54, 201]",3,0.04127109330147505,0.02438141917809844,0.2933807415732493,"[271924014, 43398037, 503788850, 260585669, 474652244, 455925797, 215918210, 146973603, 486569386, 395348698]","[54, 54, 54, 54, 36, 54, 54, 36, 54, 54]"
857,20,"[10, 49, 82, 100, 128, 132, 164, 169, 188, 196, 239]",11,0.13599039241671562,0.15106486110016704,0.25874726702882483,"[486560079, 327145261, 229680037, 224056092, 97513876, 350118152, 143067917, 121380790, 555275542, 220798813]","[164, 196, 10, 196, 128, 10, 188, 10, 10, 100]"
858,20,"[5, 18, 52, 59, 67, 112, 159, 174, 175, 192, 194, 217, 224]",13,0.23374007316306233,0.0876995543949306,0.28716580730934554,"[581331342, 517645098, 63204988, 429446346, 258776256, 321572892, 138985792, 258756457, 11087266, 284877871]","[175, 175, 52, 174, 159, 174, 67, 192, 175, 175]"
859,20,"[20, 36, 54, 188, 192, 201]",6,0.08454424748197198,0.1024850606918335,0.2885700984625146,"[527568896, 396105967, 332602224, 318367759, 527670657, 564144967, 527568903, 68482796, 593165598, 172878912]","[54, 54, 54, 54, 54, 54, 54, 54, 36, 54]"
860,20,"[4, 10, 79, 82, 88, 146, 152, 169, 196, 222]",10,0.14907313603907824,0.06720416992902756,0.23911594082601367,"[270006756, 267260077, 83315250, 460294119, 261798863, 535020661, 85204503, 194007419, 407983205, 545248450]","[169, 169, 196, 169, 196, 169, 169, 146, 196, 169]"
861,20,"[6, 30, 109, 146, 171]",5,0.07398163713514805,0.040165777783840895,0.3098221982829273,"[541869874, 387580617, 512795844, 10625348, 425468283, 101572055, 85862371, 62124119, 439909254, 584974950]","[171, 171, 171, 171, 171, 171, 171, 171, 171, 171]"
862,20,"[39, 49, 60, 82, 100, 109, 128, 159, 166, 194]",10,0.19349119253456593,0.13478936441242695,0.26032361888792366,"[172670960, 153869902, 384615804, 363362129, 464755881, 83369202, 226483912, 462875104, 83051258, 576449556]","[39, 100, 82, 82, 39, 39, 82, 82, 100, 100]"
863,20,"[27, 32, 53, 112, 117]",5,0.06276030791923404,0.03423467883840203,0.2968498972710222,"[419712632, 165915394, 316566842, 147136187, 224548655, 583929514, 181293187, 328080161, 524619701, 193084922]","[27, 32, 27, 32, 27, 117, 32, 32, 32, 32]"
864,20,"[89, 111, 125, 156, 165, 194]",6,0.15807465184479952,0.06620688363909721,0.6022230489567543,"[64154372, 265249519, 436371389, 348268592, 138290075, 330579822, 288393933, 52514966, 592062878, 214087759]","[111, 125, 111, 165, 111, 194, 111, 194, 111, 125]"
865,20,"[0, 70, 96, 110, 112, 125, 126, 188, 194, 213, 239]",11,0.21825098060071468,0.08984186919406056,0.4541886319956658,"[512035625, 188503112, 156749422, 202541021, 330189816, 146102195, 567731440, 476184840, 76200921, 261534080]","[96, 110, 110, 110, 110, 125, 194, 110, 96, 110]"
866,20,"[19, 46, 59, 210, 228]",5,0.08430862845852971,0.02391517534852028,0.15148731083609163,"[550000252, 289896117, 595905226, 260324608, 162598762, 263950507, 597616509, 370125796, 129581804, 305567628]","[46, 228, 228, 46, 46, 46, 228, 46, 228, 46]"
867,20,"[10, 102, 106, 170, 193, 242]",6,0.11644022772088647,0.1159214386716485,0.289241959922947,"[161598115, 48574606, 117989128, 437006189, 246060818, 159724401, 386869424, 579893757, 43592648, 267250216]","[106, 102, 242, 242, 242, 242, 242, 102, 242, 242]"
868,20,"[47, 77, 107, 167, 174, 175]",6,0.17607124196365476,0.032696112990379333,0.18324437186432382,"[356500865, 489478009, 477060509, 477504394, 306310881, 402340401, 375257844, 328054079, 28284158, 374035296]","[47, 47, 47, 47, 47, 47, 77, 47, 175, 47]"
869,20,"[0, 5, 10, 12, 51, 132, 175]",7,0.12438096571713686,0.049130425322800875,0.17706723364868335,"[262321495, 481457656, 291492315, 346847059, 501419107, 439176866, 20292761, 563902705, 20835328, 89001565]","[5, 10, 5, 5, 5, 10, 5, 5, 5, 10]"
870,20,"[5, 10, 59, 67, 174, 175, 216, 236, 242]",9,0.2333280397579074,0.05331761064007878,0.19335293123084638,"[288861073, 112508320, 587371681, 207108803, 542011205, 572656932, 460394659, 127178052, 421203300, 130514793]","[59, 59, 59, 5, 59, 10, 5, 5, 5, 242]"
871,20,"[1, 77, 88, 135, 166, 168]",6,0.21766905765980482,0.03064855234697461,0.2112180998471255,"[525197836, 148862207, 13098477, 285403932, 180888613, 379452575, 41409768, 191399531, 119423179, 424968097]","[1, 1, 1, 1, 1, 1, 1, 1, 1, 1]"
872,20,"[20, 22, 70, 84, 104, 105, 175, 192]",8,0.24064842239022255,0.0622457810677588,0.236991554236738,"[503266532, 323826808, 579038074, 153428687, 242533111, 293544847, 503042545, 183129781, 70176803, 123127955]","[175, 70, 84, 70, 84, 175, 175, 70, 84, 84]"
873,20,"[45, 48, 112, 126, 184, 192, 215, 235]",8,0.1358621995896101,0.06727264868095517,0.4808833145943936,"[273977532, 298455624, 419061305, 176264525, 386174826, 340258199, 4051731, 553283219, 561138415, 145837704]","[235, 235, 235, 235, 235, 45, 235, 235, 215, 45]"
874,20,"[1, 4, 82, 109, 146, 168, 169, 196]",8,0.1789845977909863,0.06272648693993688,0.2950447636831086,"[212902331, 58828972, 145494845, 324647310, 231852001, 552677393, 305342426, 311464989, 565693411, 541687158]","[146, 196, 168, 146, 196, 168, 4, 168, 196, 168]"
875,20,"[10, 49, 58, 82, 100, 132, 169, 188, 196, 239, 241]",11,0.20552631607279181,0.08351812837645411,0.24058329830454153,"[574593890, 302511946, 230069100, 17749590, 189220285, 533975613, 538794706, 115173751, 254320658, 345913347]","[49, 49, 100, 49, 49, 49, 49, 49, 49, 10]"
876,20,"[20, 45, 54, 82, 104, 105, 112, 188, 221, 235]",10,0.16373326536267996,0.06533817714080215,0.22435201480984687,"[205858235, 205858234, 205817011, 408203787, 128903282, 206144307, 26813258, 521497153, 205833512, 378493840]","[235, 45, 235, 235, 45, 45, 235, 235, 45, 235]"
877,20,"[20, 22, 30, 33, 70, 72, 82, 87, 100, 112, 125, 192]",12,0.2918862784281373,0.09112305752933025,0.3277959374245256,"[178872551, 419754496, 144399593, 54423710, 599668128, 505811844, 368660534, 559327687, 108818957, 305147460]","[20, 20, 20, 82, 20, 20, 192, 20, 192, 20]"
878,20,"[4, 22, 63, 70, 84, 104, 105, 132, 175, 192, 216]",11,0.275956769939512,0.08700528088957071,0.2372055883858014,"[165387938, 89065231, 430039082, 369650236, 33690114, 531178403, 400923749, 344236076, 353633245, 340118914]","[84, 105, 84, 4, 175, 63, 192, 63, 63, 63]"
879,20,"[70, 84, 104, 175, 192, 240]",6,0.1812023352831602,0.039486924186348915,0.23762950887127468,"[303703297, 328420, 344622214, 221191152, 426778940, 488920870, 274663530, 92739215, 406923233, 103721562]","[84, 84, 84, 192, 192, 84, 84, 192, 84, 84]"
880,20,"[43, 64, 112, 126, 141, 184, 215, 224]",8,0.16208254033699632,0.055674901232123375,0.4104941728292033,"[96447137, 88492235, 352092256, 18510270, 196778869, 392540250, 98400942, 255944491, 593395079, 252349756]","[64, 141, 64, 141, 215, 64, 64, 141, 215, 141]"
881,20,"[39, 49, 82, 96, 109, 125, 188, 194]",8,0.15638936078175902,0.06990187568590045,0.3417137152282521,"[277389016, 396026171, 240443054, 510801508, 579045419, 539811668, 598319225, 79050214, 197603707, 285433142]","[188, 188, 188, 188, 188, 188, 188, 188, 188, 188]"
882,20,"[4, 30, 55, 79, 93, 108, 146, 148, 169, 195, 217, 221]",12,0.18478836538270116,0.0809529023244977,0.2664076089859009,"[159470493, 269128707, 269067563, 216262394, 232451164, 198572032, 185739334, 130731577, 216262397, 545859877]","[79, 79, 79, 79, 79, 79, 169, 79, 79, 195]"
883,20,"[33, 61, 64, 70, 181, 184, 216, 217]",8,0.17484678700566292,0.11977390479296446,0.2765225730545353,"[450545184, 240566049, 448192784, 481356550, 380130755, 534974293, 303332706, 188972473, 318413067, 525425843]","[184, 184, 216, 184, 184, 184, 64, 184, 184, 184]"
884,20,"[8, 10, 20, 39, 70, 82, 84, 89, 112, 132, 188, 201, 241]",13,0.24296555342152715,0.08398427627980709,0.2067749879967708,"[65327380, 425670491, 583864659, 65327381, 368182769, 563539717, 233808705, 492169731, 393376117, 26642272]","[89, 20, 188, 20, 20, 20, 20, 8, 20, 8]"
885,20,"[38, 84, 91, 92, 127, 159, 184, 239]",8,0.13297511637210846,0.12723057623952627,0.29074599882005714,"[68294369, 531887731, 587247123, 118170527, 168564634, 311192250, 565442313, 47874228, 249485541, 311365799]","[92, 92, 92, 92, 92, 92, 92, 92, 92, 38]"
886,20,"[0, 6, 7, 8, 14, 17, 47, 51, 61, 105, 112, 114, 127, 130, 133, 170]",16,0.36084536695852876,0.11735284049063921,0.3035337424953468,"[142155274, 418344272, 119366487, 510341808, 227360561, 175134756, 341704782, 413568601, 494088378, 175487801]","[112, 127, 130, 112, 133, 133, 133, 127, 112, 112]"
887,20,"[6, 10, 20, 43, 82, 112, 132, 146, 165, 188, 194, 217, 221]",13,0.2365219066850841,0.09812939446419477,0.35796458605461967,"[177492402, 535919795, 176813416, 180483235, 176795095, 103716483, 596935028, 241861460, 180263495, 348128252]","[43, 43, 43, 43, 43, 146, 194, 43, 43, 43]"
888,20,"[1, 32, 97, 174, 221]",5,0.1991019006818533,0.035852831322699785,0.3115640507545322,"[224795566, 323068915, 181075644, 402488336, 196748699, 398472432, 142838359, 175829416, 282171496, 372260048]","[32, 32, 32, 174, 32, 32, 32, 32, 32, 32]"
889,20,"[63, 70, 84, 104, 175, 192]",6,0.18491425411775708,0.03882397850975394,0.23728010376604894,"[178338312, 449642969, 62444454, 332439531, 303703297, 287023832, 186315738, 167555446, 62105058, 57675857]","[84, 84, 84, 84, 84, 84, 84, 84, 84, 104]"
890,20,"[20, 59, 61, 77, 85, 100, 228, 241]",8,0.1469994313083589,0.04120101407170296,0.16705351532436907,"[351600434, 444044118, 27851391, 270612392, 322527861, 121727598, 195569237, 273850538, 404118614, 160460233]","[77, 77, 85, 241, 77, 77, 77, 241, 77, 228]"
891,20,"[45, 48, 194, 215]",4,0.06728372070938349,0.09498064173385501,0.36946936446474865,"[35506914, 35222598, 423611375, 422119093, 589832687, 497316237, 589900980, 3032838, 267666949, 421405297]","[45, 45, 215, 215, 45, 48, 45, 45, 215, 215]"
892,20,"[10, 20, 39, 70, 100, 125, 128, 188, 194]",9,0.11740470957010984,0.0672874329611659,0.31392274605524206,"[337743007, 236286607, 238663603, 446101790, 278820173, 451330241, 362273248, 259179880, 347002214, 598074693]","[125, 20, 20, 194, 194, 20, 100, 194, 20, 20]"
893,20,"[39, 49, 82, 100]",4,0.05761347012594342,0.03279953822493553,0.30778546520741656,"[577884183, 230598180, 410586201, 94483386, 407198240, 281490368, 117989967, 39436617, 479704139, 203127800]","[100, 100, 100, 82, 100, 82, 100, 82, 82, 82]"
894,20,"[10, 18, 32, 39, 84, 93, 126, 132, 159, 192, 194, 224]",12,0.18044239562004805,0.1616556253284216,0.3826064589084126,"[587102603, 170169858, 84270887, 556771621, 183448190, 236594534, 221096784, 265208096, 462621303, 21626722]","[224, 224, 224, 224, 224, 192, 224, 32, 224, 32]"
895,20,"[20, 39, 70, 82, 96, 125, 146, 221, 222]",9,0.11357413325458765,0.06460063578560948,0.30277839083121055,"[217814354, 201055145, 404880666, 52486269, 260810049, 383235976, 349668517, 129270271, 178861469, 153752432]","[222, 221, 222, 20, 20, 222, 222, 96, 222, 96]"
896,20,"[10, 20, 58, 82, 100, 128, 167, 188, 201, 239, 241]",11,0.1376265613362193,0.13201818196102977,0.19774136154658414,"[253258903, 219217186, 119979655, 205471858, 244007687, 74333164, 75341525, 463839280, 79663679, 82443110]","[100, 100, 241, 58, 100, 100, 100, 100, 241, 241]"
897,20,"[32, 93, 117, 224]",4,0.04092357214540243,0.023867752868682146,0.24838358111446723,"[342961575, 342961572, 108095035, 342961578, 453368057, 302173789, 342961579, 108140504, 302363278, 315919069]","[93, 224, 224, 224, 224, 224, 224, 224, 224, 224]"
898,20,"[57, 118, 129, 178, 193, 222, 237]",7,0.11092909844592214,0.04678660724312067,0.2897658847671534,"[434287321, 542290232, 332335132, 402924785, 82308343, 20882674, 344439239, 21699115, 93638025, 546607074]","[193, 178, 193, 118, 118, 118, 118, 118, 178, 178]"
899,20,"[68, 184, 235]",3,0.02642718655988574,0.015876805409789085,0.17597350951594612,"[507029069, 426930287, 573628652, 371506867, 26691262, 371263752, 26632321, 48992045, 105042186, 93692305]","[68, 68, 68, 68, 68, 68, 68, 68, 68, 68]"
900,20,"[88, 135, 166, 168]",4,0.1839354350231588,0.02247616183012724,0.24443900701589882,"[124993178, 68166793, 174847220, 204608596, 149715940, 161294887, 539827010, 466214685, 68164271, 69048870]","[166, 135, 166, 88, 166, 135, 166, 135, 135, 168]"
901,20,"[159, 181, 239, 240]",4,0.03810516046360135,0.02495870040729642,0.19114958366844803,"[19069592, 31708204, 7675266, 226905715, 422841084, 199429539, 488242255, 324054644, 19080473, 47371500]","[239, 239, 239, 239, 239, 239, 239, 239, 239, 239]"
902,20,"[10, 12, 169, 239]",4,0.04293727595359087,0.030549542047083378,0.2235303728375584,"[36995052, 596304534, 260089397, 20478478, 481450756, 448875963, 424349573, 225591463, 182808778, 460838054]","[239, 239, 239, 239, 239, 239, 239, 239, 239, 239]"
903,20,"[59, 82, 84, 132, 175]",5,0.10239885048940778,0.0325532010756433,0.16186037063598632,"[37194084, 389395402, 235927474, 420027424, 150702021, 236799511, 264227635, 237249653, 179105920, 38533652]","[84, 84, 84, 84, 84, 82, 84, 84, 84, 84]"
904,20,"[39, 60, 84, 93, 109, 111, 112, 128, 239]",9,0.19550857320427895,0.07138828421011567,0.32206909195519984,"[240803818, 358811120, 342402289, 556295457, 308379234, 45464627, 390783651, 583074853, 484457943, 530589639]","[60, 39, 128, 128, 60, 60, 60, 39, 39, 239]"
905,20,"[6, 25, 39, 60, 171, 217, 227, 239]",8,0.11117757949978113,0.06326306518167257,0.30482995603233576,"[10859384, 322999474, 10662551, 60949666, 60949662, 60949667, 10897999, 367802235, 143778809, 10641263]","[227, 39, 60, 39, 60, 39, 227, 39, 227, 39]"
906,20,"[27, 76, 80, 109, 113, 187, 206, 225, 231, 244]",10,0.17644500313326716,0.12563232937827706,0.21865524060558528,"[21521293, 15242160, 21524797, 79259376, 34161187, 142632626, 467392706, 9044970, 270367599, 513821363]","[76, 80, 76, 187, 76, 80, 76, 206, 80, 76]"
907,20,"[22, 82, 102, 127, 216]",5,0.07653454504907131,0.04569073114544153,0.43721099803224206,"[282577837, 324078893, 74406527, 81156848, 223682126, 275881934, 252162270, 321768755, 65854561, 162004373]","[216, 216, 216, 216, 216, 216, 216, 82, 216, 216]"
908,20,"[10, 39, 58, 100, 128, 168, 169, 188, 196, 199, 233, 239, 241]",13,0.20325443288311362,0.10419444367289543,0.30601999955251813,"[335932326, 396929416, 411194860, 247580177, 314624246, 4715158, 387745019, 20563003, 291785698, 152752011]","[100, 39, 168, 39, 39, 239, 39, 168, 168, 199]"
909,20,"[1, 59, 88, 133, 168, 169, 196, 233, 241]",9,0.242340587079525,0.06844638334587216,0.26998939168536,"[379047925, 502675992, 353234996, 404912622, 372978629, 467078025, 158910972, 522349262, 523494316, 10883006]","[1, 1, 1, 1, 1, 1, 1, 1, 1, 1]"
910,20,"[1, 37, 40, 75, 109, 112, 114, 122, 130, 186, 214]",11,0.23101391270756721,0.09366530925035477,0.3876282201698897,"[160293513, 595991823, 475234853, 92536340, 432067395, 52710981, 139175107, 209857674, 18552663, 172528148]","[130, 40, 186, 130, 40, 130, 130, 186, 186, 130]"
911,20,"[30, 39, 60, 128, 163, 183, 234]",7,0.17010887851938605,0.053117289673537016,0.3395250272671027,"[270743288, 189056268, 339452822, 474628821, 328260186, 588991114, 244260056, 429585525, 310062305, 26287063]","[163, 163, 163, 163, 163, 163, 163, 163, 163, 163]"
912,20,"[63, 70, 82, 84, 104, 132, 175, 192]",8,0.19712678994983435,0.054483441170305014,0.22160406727925874,"[257320413, 238221088, 254845610, 499985513, 58428708, 251671955, 225067493, 264324697, 354725364, 199519860]","[84, 84, 84, 84, 84, 84, 175, 82, 132, 84]"
913,20,"[4, 61, 77, 81, 127, 146, 164, 167, 174, 183, 217, 228]",12,0.14465206116437912,0.14673670893535018,0.29871903381232795,"[381118267, 10269276, 281960837, 436226372, 106954498, 358006549, 470940900, 205528760, 98430012, 140227534]","[228, 77, 61, 164, 61, 81, 228, 228, 77, 77]"
914,20,"[45, 70, 105, 183, 184, 192]",6,0.07829986466094851,0.0456794323399663,0.27418733927576494,"[162962908, 525638406, 525316001, 425131888, 433383809, 234468600, 131666320, 341082387, 338010519, 481893458]","[183, 183, 183, 183, 192, 183, 183, 192, 183, 192]"
915,20,"[10, 20, 77, 81, 82, 132, 164, 175, 188, 239, 241]",11,0.19239348825067282,0.13740610983222723,0.18186472745781596,"[593048613, 299821846, 557970250, 157878787, 200192153, 53573984, 302263430, 521446420, 297840958, 304424372]","[241, 241, 241, 81, 77, 10, 241, 10, 81, 77]"
916,20,"[20, 72, 89, 96, 100, 125, 128, 188, 234]",9,0.13641525665298104,0.06172020919620991,0.26699426565836704,"[421715711, 157209584, 303739993, 270323935, 343015553, 334807463, 334863139, 206178676, 560620404, 432928078]","[96, 96, 96, 96, 96, 234, 188, 234, 234, 96]"
917,20,"[25, 32, 93, 194, 221, 241]",6,0.09108635224401951,0.03725648391991854,0.2446090771118179,"[296734744, 522936240, 87184671, 174179901, 296739948, 551883517, 144131461, 341545966, 572712845, 168612832]","[32, 32, 32, 32, 32, 32, 32, 25, 32, 25]"
918,20,"[57, 60, 91, 97, 112, 126, 159, 239, 240]",9,0.2216400783509016,0.06499030441045761,0.40516488523119026,"[16948561, 94856218, 317889817, 399822021, 550644186, 43711734, 278927045, 432068826, 294198225, 12588289]","[159, 91, 91, 91, 91, 91, 91, 91, 91, 91]"
919,20,"[46, 127, 159, 172, 174, 200, 209, 241]",8,0.104771981947124,0.05623720772564411,0.2828831290535163,"[483114413, 236407296, 47736879, 195054568, 375063750, 537942619, 537944838, 416946652, 252319554, 193278737]","[159, 159, 159, 159, 159, 159, 159, 159, 159, 159]"
920,20,"[1, 32, 88, 111, 174, 227, 239, 240, 241]",9,0.20157282054424286,0.12515325658023357,0.24909533469730782,"[300511012, 345782426, 284951617, 441169254, 517952943, 369337583, 441338682, 147298648, 534530430, 41452773]","[241, 240, 32, 240, 240, 32, 240, 32, 32, 240]"
921,20,"[0, 64, 65, 171, 183, 186, 215, 230]",8,0.09115988994017243,0.05420161411166191,0.24643906558048911,"[223746625, 106852876, 373356601, 106853396, 466233294, 307010911, 373496012, 373496019, 282780279, 92908305]","[183, 183, 183, 183, 183, 183, 183, 183, 183, 171]"
922,20,"[5, 12, 51, 91, 97, 181, 239]",7,0.12378624081611633,0.04714046372100711,0.2480512846460832,"[89186141, 321444262, 422850037, 64896600, 422841084, 555668591, 60697291, 289163089, 47500760, 7830470]","[239, 239, 239, 239, 239, 239, 239, 239, 91, 239]"
923,20,"[61, 77, 128, 167, 228]",5,0.10200928151607513,0.02861180668696761,0.17294621816836298,"[598133287, 586834165, 130316671, 447075630, 447224498, 70777260, 27057187, 460963105, 133964397, 452387955]","[77, 128, 128, 77, 128, 128, 128, 128, 128, 128]"
924,20,"[1, 82, 166]",3,0.16517989616841078,0.014051612932235003,0.17070429500502846,"[253815485, 286691641, 417607676, 528303909, 538818888, 11569327, 426282158, 537606242, 3280611, 442680379]","[1, 1, 1, 1, 1, 1, 1, 1, 1, 1]"
925,20,"[4, 64, 68, 70, 84, 184, 192]",7,0.07575818989425898,0.044982020277529955,0.22735328769444355,"[153098803, 51727572, 343615222, 453322014, 367318198, 158403731, 387817396, 409295738, 232941730, 167011911]","[184, 184, 192, 192, 192, 192, 84, 192, 192, 192]"
926,20,"[10, 89, 128, 132, 188, 194, 239]",7,0.10896361386403441,0.05023449473083019,0.22161267917337163,"[128304126, 82984003, 376515006, 378145357, 57217459, 491261598, 284758612, 346140163, 575260875, 294061877]","[188, 188, 128, 188, 10, 188, 10, 188, 188, 188]"
927,20,"[1, 47, 57, 61, 166, 180, 182, 184, 212, 237]",10,0.3528480799868703,0.07595380814746022,0.2643117742612958,"[513350880, 7133850, 455598870, 32696224, 290302881, 505981685, 324974677, 415367442, 588634441, 40801003]","[212, 212, 212, 212, 212, 212, 212, 212, 212, 212]"
928,20,"[1, 88, 135, 153, 166, 168]",6,0.25624314323067665,0.03121857065707445,0.21047067417142293,"[24558843, 13164087, 453571296, 161548116, 93297028, 335689399, 74856458, 93461105, 161423600, 74856457]","[1, 1, 1, 1, 1, 1, 1, 1, 1, 1]"
929,20,"[1, 88, 135, 153, 168, 233]",6,0.2314413390122354,0.039028265979141,0.22481989181445292,"[169786099, 38598848, 426045544, 425900501, 284719050, 195594882, 475738096, 418328309, 223602781, 561372987]","[1, 233, 1, 1, 1, 1, 1, 1, 233, 233]"
930,20,"[4, 10, 49, 59, 77, 82, 146, 195, 228, 241, 242]",11,0.11369874095544219,0.059791495092213154,0.16493543330579996,"[282176719, 212668435, 384804628, 39649103, 449119905, 124770770, 328072393, 142841536, 161655847, 175423790]","[195, 77, 195, 77, 228, 228, 77, 195, 195, 77]"
931,20,"[118, 174, 211]",3,0.029391490388661623,0.01886273780837655,0.3051138291290651,"[71749202, 2259438, 10722663, 459858705, 184828688, 49087434, 184832609, 266680373, 385530264, 2259439]","[174, 174, 174, 174, 174, 174, 174, 174, 174, 174]"
932,20,"[1, 4, 82, 88, 146, 166, 168, 196]",8,0.29640059964731336,0.060617067851126194,0.26923599175643176,"[532571149, 246956915, 297864560, 581374572, 570090174, 441674312, 522683366, 75494796, 361758327, 162370184]","[168, 1, 146, 168, 1, 1, 1, 146, 1, 1]"
933,20,"[88, 92, 99, 108, 111, 182, 233, 241]",8,0.1257841712795198,0.056213302072137594,0.27986084314761683,"[32107476, 199258733, 183523863, 166797438, 57167592, 449420161, 514921027, 183311522, 432375993, 306167727]","[99, 99, 99, 99, 99, 99, 99, 99, 99, 99]"
934,20,"[4, 60, 79, 109, 146, 209, 216, 240]",8,0.16941283969208598,0.05168774677440524,0.21723812297568657,"[336806766, 126092016, 77043506, 176901189, 567321026, 292631450, 67891518, 239275640, 98109329, 135110174]","[60, 240, 60, 60, 60, 240, 60, 60, 60, 60]"
935,20,"[10, 33, 49, 81, 82, 85, 96, 106, 132, 159, 188, 242]",12,0.2450620080344379,0.08078781189396977,0.21380937471985817,"[59564191, 477292038, 150381764, 59990123, 206245944, 597383586, 551304088, 48290207, 148623189, 259275147]","[96, 188, 188, 188, 188, 96, 33, 188, 33, 188]"
936,20,"[58, 89, 110, 111, 125, 156, 194, 201, 213, 241]",10,0.20994985150173306,0.1430728556588292,0.3499558064620942,"[597433447, 73577387, 399944700, 268893636, 333270079, 454075910, 205814891, 10746433, 216332422, 554174786]","[125, 125, 125, 111, 125, 156, 125, 241, 156, 156]"
937,20,"[1, 61, 77, 228]",4,0.10632402030751109,0.01991672720760107,0.16474333184305578,"[286843491, 47493207, 287748754, 168109238, 168181564, 82957769, 286843490, 459815782, 47503236, 168106043]","[228, 228, 228, 228, 228, 228, 228, 228, 1, 228]"
938,20,"[1, 82, 84, 175]",4,0.16703702276572585,0.022153922822326422,0.16992444510105997,"[473259501, 479572269, 473243301, 130268339, 479669389, 116145144, 516287628, 28441402, 479668189, 410606241]","[175, 1, 175, 1, 1, 175, 1, 1, 1, 84]"
939,20,"[17, 96, 125, 188, 239]",5,0.08337995177134871,0.10650968598201871,0.4147691927384585,"[472756032, 189799891, 488350547, 562101800, 83929226, 549019845, 476098076, 354294258, 279980622, 550463868]","[188, 125, 188, 188, 188, 125, 96, 188, 188, 125]"
940,20,"[36, 54, 58, 96, 156, 188, 201, 241]",8,0.11404373310506344,0.0610840143635869,0.24739223398501053,"[70408031, 362394529, 379572257, 440038589, 539475952, 313239622, 77469376, 175301439, 131433669, 321668046]","[58, 58, 156, 54, 241, 58, 96, 54, 156, 156]"
941,20,"[39, 60, 109, 240]",4,0.052909672260284424,0.02981184283271432,0.28119281760882586,"[529096906, 529096909, 76627106, 374069618, 158781539, 274725155, 139731328, 533347647, 493289140, 575774889]","[60, 60, 60, 60, 60, 240, 60, 60, 240, 60]"
942,20,"[4, 6, 8, 30, 37, 40, 75, 86, 94, 112, 122, 134, 171, 214]",14,0.3788047372363508,0.110033028293401,0.36519614118151367,"[245077888, 244942417, 293308947, 191948137, 244849042, 243290201, 203724377, 461708516, 530189036, 293308951]","[8, 8, 8, 8, 8, 8, 8, 8, 8, 8]"
943,20,"[39, 49, 77, 82, 100, 128]",6,0.07177730789408088,0.04338563187047839,0.2524673730755846,"[398339748, 538554817, 156300773, 333550974, 279690833, 413035631, 135421558, 171077188, 398627797, 398368552]","[82, 82, 82, 82, 82, 82, 82, 82, 82, 82]"
944,20,"[4, 82, 88, 99, 100, 106, 111, 168, 169, 188, 196]",11,0.2059022202156484,0.09719940414652228,0.32889568208801473,"[337096510, 71077895, 136540086, 134078616, 335355439, 250876778, 523630878, 99033847, 550060007, 274451137]","[88, 88, 111, 111, 106, 88, 88, 106, 111, 88]"
945,20,"[10, 52, 93, 166, 171, 200, 212]",7,0.13606207026168704,0.04528906336054206,0.20264223204659565,"[433484461, 393797084, 205136420, 564463742, 325425320, 340057960, 468994683, 440694115, 221297849, 95922585]","[166, 93, 93, 166, 93, 93, 93, 166, 93, 166]"
946,20,"[14, 45, 47, 57, 68, 107, 147, 183, 184, 235, 237]",11,0.17839832277968526,0.13403879711404443,0.21298875668170777,"[269880344, 243655702, 584781601, 553920816, 190796339, 168584005, 72253318, 116973015, 501225404, 553920805]","[235, 235, 235, 235, 235, 107, 235, 235, 235, 235]"
947,20,"[36, 54, 156, 201]",4,0.05283460067585111,0.03146765800192952,0.2878513829782605,"[512099404, 338328924, 338333735, 213546905, 291098585, 130908743, 592172746, 338331657, 95084631, 147847053]","[54, 54, 201, 54, 54, 201, 54, 201, 54, 54]"
948,20,"[10, 21, 82, 87, 106, 123, 131, 152, 170, 172, 175, 195, 225]",13,0.2557804863899946,0.0818796562962234,0.23140821759947217,"[67655378, 67875739, 24029575, 431108434, 431035155, 418229583, 228671246, 124232523, 487819330, 125541950]","[175, 172, 131, 131, 131, 172, 131, 172, 131, 131]"
949,20,"[2, 12, 57, 68, 112, 126, 174, 185, 194, 212, 224, 227, 239, 241]",14,0.19812304945662618,0.1751617332920432,0.32400988639398876,"[503991686, 112660080, 24683387, 282254746, 187798740, 123366473, 503991682, 5738299, 98442583, 497536542]","[68, 68, 68, 68, 239, 239, 212, 68, 68, 68]"
950,20,"[4, 10, 25, 57, 61, 99, 107, 166, 174, 178, 207]",11,0.23761227820068598,0.0649422062560916,0.1956413732841611,"[265072057, 227933218, 381424405, 520761413, 14892924, 144763287, 52119284, 217416932, 327193435, 540157413]","[166, 166, 178, 178, 178, 166, 178, 166, 166, 166]"
951,20,"[20, 49, 58, 77, 81, 167, 201, 210, 241]",9,0.14198334654793143,0.05111037055030465,0.16435883194208145,"[189765582, 350826030, 349735722, 363071730, 444991721, 451983882, 227671074, 348304276, 113357008, 137693986]","[167, 20, 167, 167, 167, 167, 167, 167, 167, 20]"
952,20,"[17, 20, 39, 49, 58, 77, 82, 100, 125, 164, 188, 194, 201]",13,0.23751407116651535,0.10034287394955754,0.3140357783279167,"[94368663, 263710590, 539201806, 378593732, 504078528, 318320678, 267925151, 282922214, 120201216, 504049850]","[20, 20, 20, 20, 20, 20, 20, 20, 20, 20]"
953,20,"[12, 18, 84, 126, 127, 159, 224, 239]",8,0.1065753479488194,0.06090801069512963,0.44168871964211576,"[178677656, 455635073, 193062754, 279675060, 220721224, 355303154, 418613764, 17413059, 521629193, 20591366]","[18, 239, 239, 239, 127, 126, 127, 239, 239, 127]"
954,20,"[1, 4, 20, 49, 77, 82, 146]",7,0.12949746660888195,0.0370347211137414,0.15895063879101404,"[445720949, 194444526, 174133472, 529148731, 356467377, 442474726, 32322966, 12285893, 270011399, 86068753]","[20, 20, 20, 20, 20, 20, 20, 20, 20, 20]"
955,20,"[2, 14, 46, 47, 92, 97, 127, 129, 209, 212, 228, 237]",12,0.29401006316766143,0.09261973574757576,0.34755610628053546,"[39607357, 281002336, 116534980, 320666469, 309788417, 385280962, 495604288, 440222511, 159154230, 46170373]","[97, 14, 97, 129, 97, 212, 92, 92, 47, 127]"
956,20,"[10, 54, 58, 82, 167, 168, 196, 201, 241]",9,0.1371771818958223,0.0667556868866086,0.2812127125604699,"[374405505, 186301925, 596391223, 11347056, 37553821, 105677647, 445658878, 321268120, 447126079, 60106460]","[167, 167, 167, 167, 167, 82, 167, 167, 167, 167]"
957,20,"[84, 192]",2,0.033489075023680925,0.017632205970585346,0.37710147036705166,"[251419197, 545019486, 113610233, 257963252, 3646852, 89873215, 93968948, 186860152, 431877806, 281931039]","[192, 192, 192, 192, 192, 192, 192, 192, 192, 192]"
958,20,"[4, 10, 77, 81, 111, 133, 167, 181, 210]",9,0.20233343681320548,0.06380879273638129,0.26098089528063106,"[57374779, 40730268, 93433777, 95336155, 263840227, 26705617, 134239951, 298968146, 434844098, 57333917]","[77, 81, 210, 77, 81, 133, 133, 77, 77, 81]"
959,20,"[10, 17, 20, 36, 54, 125, 126, 164, 181, 183, 188, 201]",12,0.17359647620469332,0.09195781499147415,0.4009771018172614,"[428358573, 290366487, 130112358, 401806842, 91216606, 289826231, 203531615, 291759745, 413890636, 265998811]","[183, 181, 183, 188, 183, 10, 20, 125, 183, 201]"
960,20,"[0, 5, 10, 132, 188, 242]",6,0.06207697931677103,0.10698434291407466,0.19092419452499598,"[331064875, 110728491, 356685194, 111356263, 202434205, 181612375, 387819056, 378226066, 202311509, 337335042]","[5, 188, 242, 5, 5, 5, 242, 5, 5, 242]"
961,20,"[10, 12, 84, 124, 126, 239]",6,0.07963314978405833,0.04463299736380577,0.4781888662837446,"[212983171, 26069116, 203732087, 522830960, 334693208, 506869298, 375581681, 212750921, 224586720, 335569787]","[126, 12, 239, 126, 124, 124, 124, 12, 126, 124]"
962,20,"[1, 4, 30, 45, 109, 112, 146, 172, 194, 224, 230]",11,0.27488280879333615,0.09085287945345044,0.32063989919102326,"[515715581, 312091948, 594842539, 137705085, 235631809, 532829546, 594238443, 324401593, 432160123, 82466251]","[45, 45, 45, 45, 45, 45, 45, 45, 45, 45]"
963,20,"[2, 68, 92, 159, 174, 175, 183, 192, 215, 216, 222, 235, 237]",13,0.2261515548452735,0.09210178349167109,0.2761571076698601,"[501400145, 38470014, 319108812, 130729381, 237618378, 351480139, 430719592, 181927352, 507585579, 290023808]","[68, 92, 92, 68, 68, 92, 222, 92, 68, 68]"
964,20,"[1, 27, 42, 76, 80, 206, 231, 244]",8,0.15653019305318594,0.10927382297813892,0.20778577044256963,"[123910996, 53693394, 547958369, 297085320, 110989140, 143271566, 385012868, 496669159, 146008677, 407309723]","[80, 80, 80, 244, 80, 27, 80, 80, 80, 80]"
965,20,"[10, 51, 72, 89, 132, 188, 193, 201, 242]",9,0.1525825303979218,0.06197390332818031,0.1885432137383355,"[14097898, 211717526, 185978588, 101944452, 152386756, 481394556, 131127260, 39839418, 560004983, 363896634]","[51, 188, 242, 242, 242, 188, 10, 10, 242, 72]"
966,20,"[17, 20, 54, 58, 82, 96, 125, 126, 128, 156, 188, 194, 201]",13,0.1898083877749741,0.16426270687952638,0.4004536383928588,"[492105176, 338642629, 285614658, 558582012, 407549494, 852498, 599050177, 142678476, 219001674, 249310790]","[188, 128, 128, 128, 188, 194, 54, 58, 128, 128]"
967,20,"[49, 59, 67, 72, 85, 133, 159, 192, 210]",9,0.1966248657554388,0.05215005064383149,0.2184133334344046,"[279940198, 410182562, 4629205, 118926535, 582852091, 156380532, 137222426, 110204120, 274385812, 247041973]","[59, 59, 59, 59, 59, 59, 59, 133, 67, 133]"
968,20,"[63, 70, 84, 105, 132, 175, 192]",7,0.18264109315350652,0.06187345506623387,0.2542042068671435,"[435849709, 570230416, 458021675, 109822036, 69213676, 252072326, 69213675, 223088102, 475413246, 49546110]","[192, 192, 192, 192, 192, 192, 192, 192, 192, 192]"
969,20,"[68, 92, 139, 183, 192, 213, 215]",7,0.11061632540076971,0.05556959053501487,0.3470936819711434,"[28531479, 594225560, 56447950, 473679417, 112747880, 541373424, 369937080, 471215727, 473812347, 185191640]","[68, 68, 68, 68, 68, 68, 68, 68, 68, 68]"
970,20,"[39, 96, 128, 188]",4,0.05679049016907811,0.03179713152348995,0.3076403649756685,"[508423775, 538069382, 363920153, 478208732, 34039779, 346492382, 276780781, 85111085, 267483812, 187833686]","[128, 128, 96, 188, 128, 188, 188, 128, 128, 128]"
971,20,"[4, 37, 59, 61, 75, 79, 81, 106, 111, 112, 184, 209, 210, 221]",14,0.25178891606628895,0.16094794031232595,0.25848402430502965,"[37033597, 37033600, 412472338, 462633518, 565401113, 464687590, 264818625, 538292472, 472650327, 509227074]","[209, 209, 184, 209, 209, 209, 209, 184, 59, 209]"
972,20,"[1, 77, 174, 228]",4,0.1057727518491447,0.01982907997444272,0.17290248355129734,"[499454910, 37237880, 371497908, 117132734, 297680976, 458302834, 306763346, 303119398, 390652011, 302116745]","[228, 228, 228, 228, 228, 228, 174, 228, 228, 228]"
973,20,"[32, 39, 60, 63, 93, 112, 194, 239]",8,0.1125857112929225,0.05859229061752558,0.30035330847022124,"[582013405, 308786900, 364907291, 397488901, 310177944, 99827554, 596455691, 150966856, 268480583, 252599504]","[63, 32, 32, 32, 32, 32, 60, 32, 63, 93]"
974,20,"[4, 20, 59, 63, 70, 82, 93, 132, 159, 175, 192, 195, 216]",13,0.19342949148267508,0.14753133803606033,0.20081699949402648,"[482287425, 284236143, 517251562, 305478118, 437950446, 60283839, 7877917, 412058938, 437950449, 412057140]","[175, 175, 175, 175, 175, 175, 175, 175, 175, 175]"
975,20,"[20, 36, 54, 58, 96, 128, 188, 241]",8,0.11032650293782353,0.057165115140378475,0.2241264633485116,"[7898875, 285288142, 420218363, 387963879, 443939937, 563875358, 563947028, 566485902, 549801869, 564036570]","[54, 54, 54, 54, 54, 54, 54, 54, 54, 54]"
976,20,"[10, 37, 43, 49, 57, 61, 77, 93, 112, 133, 180, 228]",12,0.20183000387623906,0.1426584217697382,0.25060547471124056,"[345962197, 34883467, 54474267, 30044152, 312078729, 242659657, 341932781, 585738927, 270088517, 271619942]","[77, 77, 77, 77, 77, 77, 77, 77, 77, 77]"
977,20,"[1, 10, 43, 46, 63, 133, 141, 175, 186]",9,0.3022201764397323,0.06026618741452694,0.19194167896380854,"[211384216, 180466967, 137385076, 420328388, 363725644, 492654040, 236094805, 219091417, 369530324, 47249921]","[133, 141, 141, 133, 43, 133, 141, 133, 141, 133]"
978,20,"[10, 14, 77, 81, 133, 184, 210, 228]",8,0.12181500066071749,0.04635677766054869,0.1908598856534809,"[526347810, 540466682, 366679987, 409876773, 546200518, 20836133, 482362100, 406824072, 355735462, 543447167]","[133, 133, 184, 133, 184, 133, 133, 133, 184, 184]"
979,20,"[2, 46, 52, 61, 97, 133, 174, 192, 228, 241]",10,0.14822733914479613,0.06863076612353325,0.2698927851160988,"[457074564, 184196269, 184039972, 7224727, 543238062, 156580227, 371941196, 476005866, 263617897, 233115677]","[133, 2, 2, 133, 133, 228, 133, 133, 133, 133]"
980,20,"[53, 79, 87, 109, 148, 206, 209, 212, 240, 244]",10,0.18496638257056475,0.057518620509654284,0.1990656675538048,"[544720576, 156276809, 240341460, 130089583, 58218929, 276938800, 450688090, 351660054, 450721179, 418496948]","[109, 109, 109, 109, 109, 209, 109, 109, 109, 206]"
981,20,[127],1,0.019566901959478855,0.010005228221416473,0.9588801530189812,"[123549773, 326181512, 244546212, 309829661, 128994778, 494312354, 138050523, 392818306, 397491179, 434411421]","[127, 127, 127, 127, 127, 127, 127, 127, 127, 127]"
982,20,"[1, 4, 82, 88, 146, 153, 168, 169, 196]",9,0.22611001878976822,0.06186891347169876,0.26440432233115035,"[334039431, 227684386, 87620289, 233425025, 218495558, 29708823, 122132014, 509234258, 124458580, 124565145]","[1, 1, 1, 1, 1, 1, 88, 146, 88, 168]"
983,20,"[39, 60, 100, 128, 188, 194, 239]",7,0.15274563105776906,0.05260125594213605,0.29932938180198626,"[84372031, 398511711, 166216786, 454023979, 300959495, 173912362, 454023980, 302129156, 115256772, 380118572]","[194, 128, 128, 128, 239, 128, 39, 128, 128, 128]"
984,20,"[2, 25, 92, 185, 212]",5,0.0597449978813529,0.03623654367402196,0.24974067658185958,"[69076315, 559760025, 485115648, 420321303, 551608996, 229220191, 126218840, 247674826, 422620602, 405735177]","[92, 92, 92, 92, 92, 92, 212, 212, 212, 92]"
985,20,"[20, 49, 77, 96, 125, 167, 188, 210]",8,0.123415423091501,0.050140541046857834,0.23594208332360722,"[543772921, 566532045, 335062502, 265357673, 326270743, 103703133, 275690019, 305991113, 588814931, 380001666]","[20, 167, 125, 20, 20, 188, 20, 167, 20, 20]"
986,20,"[25, 195]",2,0.019386773463338614,0.011977109126746655,0.19315571070183069,"[579816906, 163323178, 121844363, 521610075, 320264725, 422038318, 212327325, 476695832, 274103964, 116987781]","[25, 25, 25, 25, 25, 25, 25, 25, 25, 25]"
987,20,"[57, 79, 152, 193, 222]",5,0.16822733031585813,0.02705218270421028,0.20228555435314774,"[217080306, 219681590, 332664426, 174881190, 247167050, 64533696, 281060470, 504930645, 144156760, 114727957]","[152, 152, 152, 152, 152, 152, 152, 152, 152, 152]"
988,20,"[20, 49, 61, 70, 82, 89, 96, 100, 125, 188, 222, 241]",12,0.18013090128079057,0.07414029445499182,0.23250547206650177,"[308983601, 444744570, 309739603, 418523317, 585865450, 548688362, 541970719, 122713371, 208365606, 172093896]","[188, 188, 188, 188, 96, 188, 188, 188, 188, 188]"
989,20,"[10, 32, 43, 70, 93, 106, 112, 114, 188, 194]",10,0.23118187999352813,0.07101116003468633,0.2634080349933356,"[489720127, 279978376, 460842745, 126917989, 203503202, 533415754, 474367538, 548861433, 559227047, 537927235]","[114, 114, 32, 93, 93, 114, 114, 114, 194, 32]"
990,20,"[33, 39, 49, 96, 100, 106, 109, 112, 200, 234, 241]",11,0.23253827262669802,0.08138790726661682,0.28546671611680224,"[245878646, 497645270, 557418205, 278654905, 259293836, 115876115, 491577899, 457761762, 197316713, 259175734]","[109, 234, 234, 234, 234, 234, 234, 234, 200, 234]"
991,20,"[10, 49, 81, 82, 84, 132]",6,0.12611085828393698,0.044011969584971666,0.2025607613225778,"[394299788, 321758034, 567371160, 64026675, 510352050, 116676548, 40804563, 162181477, 562809063, 295244764]","[81, 81, 84, 82, 81, 81, 82, 81, 82, 81]"
992,20,"[47, 91, 159, 174, 175, 209, 240]",7,0.22702490165829659,0.034035027492791414,0.17779518717101642,"[552381598, 360095660, 426536329, 489881311, 488319546, 26150348, 365904162, 525899566, 229736273, 101557953]","[91, 159, 159, 159, 47, 174, 159, 174, 174, 159]"
993,20,"[20, 22, 30, 37, 70, 105, 106, 146, 221, 222]",10,0.1385093443095684,0.08194129029288888,0.297224658774212,"[318628879, 540347321, 590879186, 587231999, 460084004, 256708128, 209459036, 158207357, 513291909, 543663953]","[221, 221, 20, 20, 22, 106, 20, 70, 105, 105]"
994,20,"[32, 63, 93, 97, 108, 111, 112, 126, 164, 174, 192, 194, 217, 221, 239]",15,0.32798281870782375,0.12861944502219558,0.463761377784734,"[156233468, 192480972, 249390734, 30657354, 531138396, 425498986, 567855707, 356096201, 112525703, 58145951]","[93, 93, 93, 93, 93, 93, 93, 93, 93, 217]"
995,20,"[20, 49, 70, 82, 100, 128, 146, 188, 213]",9,0.16354017378762364,0.06173575855791569,0.2500251564197242,"[361663908, 201743269, 33952602, 517626343, 220349455, 322822117, 79848595, 577857220, 557660869, 188449543]","[49, 82, 82, 82, 82, 82, 82, 82, 100, 82]"
996,20,"[1, 4, 10, 20, 49, 82, 132, 146, 167, 188, 241]",11,0.1856847507879138,0.07165433326736093,0.16611917120065878,"[124094738, 167939485, 25253716, 341753326, 317799382, 8432815, 480688547, 182841204, 235218905, 86759463]","[188, 82, 167, 49, 167, 241, 132, 82, 82, 49]"
997,20,"[127, 159]",2,0.025655793957412243,0.014017245266586542,0.5334487593499944,"[180808244, 78674535, 131939515, 394338240, 369165104, 512737160, 565563764, 81185762, 403367554, 465459894]","[127, 127, 127, 127, 127, 127, 127, 127, 127, 127]"
998,20,"[46, 70, 84, 87, 93, 105, 113, 183, 192, 197, 230, 241]",12,0.15204662131145597,0.12934594508260489,0.20602217132303244,"[363541081, 412532343, 335111218, 106468707, 23292987, 427185132, 18035751, 528441276, 487876260, 135611822]","[113, 197, 113, 105, 197, 197, 197, 197, 197, 197]"
999,20,"[1, 49, 78, 82, 84, 166, 168, 175, 233]",9,0.31105471309274435,0.0508537613786757,0.21627142363124424,"[29477732, 569962709, 417140494, 207502577, 378615203, 265960396, 262313882, 401779582, 382157004, 465244381]","[1, 1, 1, 1, 1, 1, 1, 1, 1, 1]"
