query,num_centroids,searched_shard_ids,num_searched_shards,gpu_transfer_time,gpu_search_time,warmup_time,best_retrieved_ids,top_doc_shards
0,80,"[1, 4, 8, 32, 39, 60, 75, 77, 82, 93, 99, 109, 111, 112, 146, 148, 159, 166, 171, 174, 175, 200, 206, 209, 217, 227, 228, 233, 239, 240, 241]",31,0.6704827202484012,0.28549205604940653,0.23537367992403527,"[350323743, 22367475, 350285757, 22359499, 22352964, 596090569, 583617007, 40490076, 596064850, 347651857]","[200, 200, 200, 200, 200, 200, 200, 200, 200, 200]"
1,80,"[17, 27, 30, 32, 42, 60, 80, 93, 97, 109, 112, 114, 117, 133, 192, 194, 206, 209, 212, 217, 224, 228, 239, 240, 244]",25,0.38447987847030163,0.24945855792611837,0.3555573656409979,"[96761309, 317778513, 462536204, 128100141, 512290626, 80310487, 544732844, 336524624, 467725477, 184433825]","[206, 240, 32, 32, 32, 206, 32, 240, 32, 32]"
2,80,"[1, 4, 5, 8, 10, 20, 46, 49, 58, 77, 82, 93, 99, 106, 132, 146, 159, 174, 175, 188, 195, 210, 211, 233, 241]",25,0.4523356589488685,0.20664297975599766,0.1649357175361365,"[97139517, 294043795, 8432815, 422118279, 522340063, 184228786, 58511679, 284206801, 284206802, 574610836]","[82, 175, 241, 8, 82, 77, 77, 77, 5, 82]"
3,80,"[22, 63, 70, 104, 105, 112, 127, 167, 169, 175, 192]",11,0.2701942976564169,0.14187898626551032,0.29496011459691956,"[319976312, 473871456, 416180093, 533106488, 185862896, 409812650, 534845823, 493543761, 3563663, 163663864]","[22, 70, 70, 70, 22, 104, 22, 175, 22, 22]"
4,80,"[0, 5, 10, 43, 60, 67, 81, 82, 93, 97, 126, 127, 128, 132, 134, 148, 175, 188, 239, 240, 241, 242]",22,0.4767573024146259,0.14715712144970894,0.277360844521106,"[492485126, 241046875, 74580447, 364526066, 196412165, 197645372, 345397440, 197750504, 11876884, 251314455]","[93, 93, 93, 93, 10, 93, 93, 93, 10, 10]"
5,80,"[1, 4, 30, 39, 49, 60, 79, 82, 87, 106, 109, 111, 112, 146, 165, 166, 187, 188, 196, 209, 210, 217, 221, 227, 239, 240]",26,0.6519963056780398,0.193643594160676,0.3421587808809888,"[516745818, 379513051, 379513049, 40647836, 98341154, 147282989, 98187524, 98187521, 268589670, 40511604]","[187, 227, 187, 227, 227, 109, 227, 109, 227, 227]"
6,80,"[20, 33, 54, 81, 82, 85, 89, 96, 110, 125, 146, 167, 188, 213, 217]",15,0.38025566935539246,0.10819653235375881,0.29237615986106297,"[223359640, 134921891, 306289225, 571246815, 172489898, 473056010, 163594463, 184462764, 578112746, 400692308]","[125, 20, 188, 217, 20, 96, 96, 96, 96, 82]"
7,80,"[0, 10, 17, 18, 26, 36, 45, 48, 51, 54, 64, 72, 108, 111, 112, 114, 125, 126, 164, 174, 181, 184, 192, 194, 201, 215, 231, 234, 239]",29,0.4939010916277766,0.30903011094778776,0.3769740557683439,"[422770906, 67019337, 159171799, 412000426, 66952640, 534620895, 63753766, 152048176, 311568376, 368354619]","[194, 184, 201, 184, 184, 114, 181, 215, 36, 72]"
8,80,"[0, 30, 39, 40, 67, 75, 91, 97, 148, 159, 174, 186, 200, 209, 224, 227, 239, 240]",18,0.2860882803797722,0.12797335674986243,0.2859030006091214,"[327654649, 459540312, 575997322, 67520733, 180283059, 562193291, 305388418, 41178123, 30515188, 339438330]","[209, 209, 209, 209, 209, 209, 209, 209, 209, 209]"
9,80,"[4, 6, 8, 19, 30, 38, 56, 59, 65, 67, 70, 82, 84, 92, 93, 104, 105, 112, 123, 131, 147, 170, 175, 186, 192, 221, 224, 225]",28,0.5659821755252779,0.31504360819235444,0.25419433399968383,"[244047149, 407497946, 244049389, 372337157, 244048645, 372313030, 99048836, 406973178, 237900005, 99090315]","[67, 67, 175, 67, 67, 175, 67, 67, 175, 67]"
10,80,"[6, 27, 30, 42, 60, 65, 75, 76, 79, 80, 82, 91, 106, 109, 111, 112, 113, 119, 146, 159, 171, 186, 187, 194, 199, 209, 217, 221, 224, 225, 231, 244]",32,0.592253356706351,0.23197883181273937,0.28594094141590176,"[596989224, 177718168, 301410691, 361359114, 219357708, 372868532, 95481281, 109100480, 550289027, 45889684]","[76, 76, 199, 76, 76, 76, 80, 76, 80, 76]"
11,80,"[0, 8, 10, 12, 17, 18, 26, 70, 84, 111, 115, 124, 126, 127, 132, 169, 175, 181, 192, 194, 202]",21,0.4921455327421427,0.2257987717166543,0.411299646776613,"[316195675, 347961149, 246469994, 425646496, 127689114, 316205222, 402475987, 505372613, 335612984, 316205221]","[18, 12, 12, 181, 18, 18, 202, 202, 12, 18]"
12,80,"[10, 14, 20, 33, 37, 49, 61, 81, 82, 85, 96, 100, 112, 128, 139, 146, 164, 166, 188, 211, 213, 221, 228, 241]",24,0.47951984452083707,0.22638645581901073,0.23439714324194938,"[143285814, 398227840, 150775094, 533066813, 416989615, 478916319, 559059925, 583463400, 255704802, 337200373]","[96, 96, 96, 96, 96, 96, 96, 96, 96, 96]"
13,80,"[4, 5, 8, 10, 20, 25, 26, 54, 56, 59, 63, 70, 81, 82, 84, 89, 99, 112, 127, 132, 148, 153, 159, 166, 169, 174, 175, 192, 216, 222, 233, 241]",32,0.6965065114200115,0.21840216778218746,0.21730125042086001,"[42569015, 269953808, 270017264, 53616989, 219464520, 269932498, 553483903, 264374402, 21302424, 107532941]","[233, 82, 82, 82, 70, 82, 233, 132, 82, 132]"
14,80,"[4, 52, 63, 67, 70, 82, 84, 105, 192, 228]",10,0.11499474151059985,0.06621167855337262,0.23242943952791392,"[2930195, 304291211, 5479281, 298156409, 435890273, 300724316, 214405047, 504375842, 531276114, 133995960]","[192, 192, 84, 192, 192, 192, 84, 192, 84, 84]"
15,80,"[25, 59, 81, 107, 167, 178, 195, 210, 242]",9,0.12962228944525123,0.05292218457907438,0.19185837735939357,"[540834996, 425755668, 346415404, 400155932, 347682406, 548796299, 583527657, 236059986, 540791896, 318230608]","[25, 25, 25, 25, 25, 25, 25, 25, 25, 107]"
16,80,"[1, 88, 99, 111, 135, 153, 168, 169, 196, 227, 233, 241]",12,0.3385230372659862,0.08991789584979415,0.2770371858690244,"[388372331, 477914499, 313295416, 94283698, 417756224, 81047150, 287698740, 413998749, 388567738, 84783145]","[168, 168, 168, 168, 168, 233, 168, 168, 168, 135]"
17,80,"[27, 39, 42, 76, 80, 91, 109, 111, 113, 165, 171, 179, 184, 186, 187, 217, 224, 225, 231, 244]",20,0.3873141319490969,0.2116781696677208,0.33422088868683203,"[196567304, 37592602, 529191060, 119007154, 136475651, 519952557, 596950633, 138777038, 119958834, 125572012]","[244, 187, 76, 187, 225, 244, 244, 244, 244, 244]"
18,80,"[1, 5, 6, 14, 17, 32, 38, 47, 57, 60, 77, 81, 88, 92, 93, 99, 111, 112, 118, 146, 166, 168, 171, 174, 175, 196, 200, 207, 209, 224, 227, 233, 241]",33,0.7780350567772985,0.22564219636842608,0.269363751599678,"[265372681, 560067270, 278479542, 395074565, 251637110, 211326331, 34614699, 174444878, 587245452, 34620824]","[17, 57, 57, 57, 57, 17, 57, 57, 57, 57]"
19,80,"[0, 4, 6, 10, 20, 49, 58, 70, 82, 84, 93, 100, 111, 132, 146, 167, 168, 169, 175, 188, 192, 194, 196, 241]",24,0.4304903498850763,0.1884716060012579,0.27148720251473907,"[596197374, 227781415, 342147203, 441232341, 9720048, 281954983, 543565046, 576495810, 598858826, 334192618]","[82, 82, 82, 49, 84, 167, 82, 82, 82, 82]"
20,80,"[0, 4, 7, 19, 30, 46, 61, 112, 123, 133, 147, 170, 214, 228, 230]",15,0.2199387182481587,0.17432015016674995,0.3193742729878674,"[248237919, 53457392, 161684376, 495988709, 529213090, 340338888, 565144556, 56535161, 369015536, 336166371]","[133, 230, 133, 133, 7, 7, 133, 61, 7, 133]"
21,80,"[27, 32, 39, 42, 60, 76, 80, 109, 110, 112, 115, 119, 128, 168, 194, 206, 209, 217, 239, 240]",20,0.2741978969424963,0.2100024176761508,0.33139004982076586,"[386500007, 151614128, 553675511, 342086583, 475316064, 432094449, 397264316, 418459871, 400925125, 35737299]","[240, 60, 80, 42, 60, 60, 80, 60, 80, 32]"
22,80,"[1, 4, 14, 32, 61, 70, 77, 81, 85, 93, 99, 111, 112, 126, 128, 133, 165, 167, 174, 194, 211, 214, 217, 239, 241]",25,0.5427742647007108,0.19054284831508994,0.3617421970143914,"[379643780, 555532837, 554217595, 296777012, 132324921, 572223798, 212577525, 402167117, 548783312, 2230657]","[14, 32, 14, 14, 14, 32, 14, 14, 32, 32]"
23,80,"[20, 48, 51, 64, 68, 183, 184, 215, 235]",9,0.09248417848721147,0.05729977134615183,0.21745396436502537,"[393766925, 19968356, 99327655, 596615355, 352440645, 554747697, 438096438, 304593819, 583417332, 526692998]","[68, 68, 68, 183, 68, 68, 68, 68, 68, 68]"
24,80,"[1, 8, 27, 30, 32, 42, 53, 60, 75, 76, 80, 106, 109, 112, 119, 206, 209, 225, 231, 240, 244]",21,0.46721300622448325,0.13666824623942375,0.25065156178815023,"[524160961, 438347522, 474967492, 37716934, 191429128, 131316433, 166583047, 139290262, 392904598, 555671028]","[119, 42, 119, 119, 206, 119, 80, 119, 119, 119]"
25,80,"[1, 14, 17, 32, 49, 77, 88, 93, 97, 112, 126, 169, 174, 192, 194, 196, 206, 221, 224, 228, 239, 241]",22,0.4086164580658078,0.22789033222943544,0.35189598541579803,"[275996305, 574080995, 39550384, 422125669, 575850420, 345012085, 39822135, 268603873, 65428933, 476136084]","[32, 32, 32, 32, 32, 32, 32, 32, 32, 32]"
26,80,"[1, 14, 30, 32, 37, 43, 61, 77, 81, 93, 111, 112, 133, 164, 175, 217, 228]",17,0.4805958177894354,0.1266648368909955,0.3125015941914171,"[9260592, 255137588, 171602438, 53821041, 128351388, 418888803, 40935707, 439693144, 350535457, 75050458]","[1, 228, 93, 93, 77, 93, 93, 93, 228, 228]"
27,80,"[20, 36, 54, 58, 96, 128, 156, 188, 194, 201, 213, 241]",12,0.18567216582596302,0.1606960240751505,0.29174880048958585,"[342833232, 239066460, 168468834, 364949379, 76823179, 464209192, 173230971, 452350578, 539475952, 406818359]","[54, 54, 241, 54, 54, 54, 54, 54, 241, 188]"
28,80,"[0, 2, 8, 19, 30, 40, 46, 52, 57, 61, 63, 67, 75, 94, 97, 105, 112, 123, 133, 147, 171, 172, 174, 184, 192, 200, 202, 209, 228]",29,0.42960183462128043,0.26992952451109886,0.28575946379388717,"[580293607, 436703496, 195995390, 486542584, 194090070, 245111306, 61133533, 3363907, 274739120, 386380398]","[2, 2, 2, 46, 200, 133, 97, 8, 19, 192]"
29,80,"[0, 5, 10, 20, 36, 43, 49, 54, 81, 82, 89, 96, 100, 106, 109, 111, 112, 114, 125, 127, 128, 132, 156, 159, 164, 169, 188, 194, 196, 201, 213, 239, 241, 242]",34,0.6170313786715269,0.32235177187249064,0.3053636425996528,"[176037102, 164759875, 281743200, 220058368, 571201178, 207043861, 344036839, 544604186, 249249826, 185069916]","[128, 128, 128, 128, 128, 128, 128, 128, 128, 128]"
30,80,"[1, 10, 27, 32, 37, 39, 42, 43, 52, 60, 93, 106, 111, 112, 117, 118, 119, 126, 141, 174, 186, 188, 194, 201, 209, 211, 217, 224, 231, 239, 240, 241]",32,0.6122235893271863,0.28837290359660983,0.3274041641780059,"[201111705, 86527089, 514685550, 112700980, 588877957, 237860493, 495877099, 237959841, 81345349, 129430153]","[32, 240, 27, 60, 60, 42, 42, 42, 27, 240]"
31,80,"[0, 4, 8, 10, 18, 21, 26, 29, 30, 51, 52, 53, 65, 70, 91, 97, 105, 108, 112, 123, 124, 126, 127, 148, 159, 170, 172, 181, 186, 192, 202, 209, 224]",33,0.581391871906817,0.25130969984456897,0.34447681336579,"[154718683, 79169640, 263282819, 381006524, 365713645, 365713646, 115921841, 212904042, 424881179, 247154773]","[91, 91, 91, 91, 18, 10, 170, 4, 91, 53]"
32,80,"[4, 20, 33, 39, 49, 85, 96, 100, 106, 109, 110, 111, 125, 128, 164, 188, 210, 221]",18,0.43985707545652986,0.13525085989385843,0.28665223953107166,"[94973826, 305101499, 598687402, 266557487, 275034196, 138602395, 390525573, 49713139, 27436766, 453807156]","[96, 96, 33, 96, 85, 96, 85, 96, 188, 110]"
33,80,"[20, 22, 54, 67, 70, 81, 82, 84, 100, 105, 111, 112, 125, 156, 167, 175, 192, 194, 201]",19,0.36603957368060946,0.15452697547152638,0.3148593775633919,"[226643905, 226643912, 37286001, 559487576, 78302557, 300324652, 45224550, 52810236, 394820965, 260683464]","[20, 20, 20, 20, 20, 20, 70, 192, 192, 20]"
34,80,"[1, 2, 10, 14, 77, 81, 82, 93, 111, 112, 128, 129, 159, 175, 211, 212, 227, 241]",18,0.3466402282938361,0.1755238650366664,0.2231979368047582,"[338458298, 336062552, 45896088, 522761063, 354553936, 572877895, 94114406, 99665505, 430200580, 52805236]","[129, 129, 129, 129, 129, 81, 129, 129, 77, 129]"
35,80,"[10, 17, 49, 79, 102, 106, 146, 170, 180, 188, 193, 194, 209, 221, 242]",15,0.28669708827510476,0.18045159708708525,0.30971111855469646,"[46371624, 572946019, 262952323, 278189217, 303017606, 573745672, 138432939, 115222581, 374653008, 392510615]","[242, 106, 242, 102, 102, 242, 102, 180, 102, 102]"
36,80,"[10, 20, 36, 37, 39, 49, 54, 58, 70, 82, 89, 96, 100, 106, 109, 110, 111, 112, 120, 132, 156, 165, 169, 188, 194, 196, 199, 213, 214, 217, 221]",31,0.5270187719725072,0.3420015829615295,0.3776858457544398,"[446742083, 252971150, 375300950, 492534000, 310471342, 487544577, 291262936, 208939125, 214075551, 42401472]","[165, 120, 120, 54, 111, 120, 199, 199, 82, 120]"
37,80,"[0, 6, 8, 17, 27, 32, 42, 60, 75, 93, 97, 111, 112, 114, 117, 129, 171, 192, 194, 206, 209, 212, 214, 217, 227, 239, 241]",27,0.5674401298165321,0.20790192624554038,0.3337696990757077,"[403016532, 281872547, 239518483, 320010234, 434260091, 510970601, 389554411, 322235737, 82778227, 346409730]","[129, 60, 129, 32, 129, 32, 194, 129, 112, 129]"
38,80,"[10, 17, 18, 20, 33, 49, 54, 59, 81, 82, 85, 89, 96, 100, 112, 128, 164, 188, 194, 210, 239, 241]",22,0.5339772319421172,0.1414485853165388,0.24307025126604873,"[563262250, 171909558, 517198530, 498409469, 188339158, 239972575, 100751935, 205361704, 367602114, 504100258]","[59, 96, 17, 17, 96, 96, 17, 188, 128, 17]"
39,80,"[0, 10, 12, 18, 26, 51, 72, 115, 124, 126, 132, 164, 169, 181, 202, 231, 241]",17,0.2306571644730866,0.19552836893126369,0.34414531564449563,"[167139573, 22796377, 353472243, 564356343, 380659614, 325105354, 536810984, 69873730, 311564209, 69814243]","[51, 51, 51, 51, 51, 12, 51, 12, 51, 51]"
40,80,"[0, 8, 10, 17, 32, 37, 93, 97, 99, 108, 111, 114, 115, 126, 127, 169, 194, 209, 221, 224, 239, 241]",22,0.42071261210367084,0.24619735684245825,0.4186075112083927,"[97126278, 463357697, 54598498, 144472542, 593909787, 581987029, 399174922, 550170954, 47863419, 316554409]","[97, 99, 32, 97, 32, 32, 32, 32, 32, 97]"
41,80,"[5, 10, 20, 26, 39, 49, 59, 70, 72, 82, 84, 87, 89, 100, 106, 112, 128, 132, 146, 164, 175, 188, 192, 194, 210, 231, 242]",27,0.517330183647573,0.18823512271046638,0.23885478092254037,"[552438868, 198985429, 372495158, 138965989, 34506581, 377426780, 268623665, 517738559, 259982882, 448875282]","[242, 39, 242, 82, 39, 82, 242, 72, 10, 20]"
42,80,"[1, 6, 8, 30, 32, 40, 60, 65, 91, 93, 109, 112, 146, 168, 171, 183, 200, 214, 217, 221, 227]",21,0.4505246737971902,0.21719060884788632,0.2981717300911744,"[521012684, 489342896, 433868714, 16684904, 227461382, 524579792, 141163106, 87635642, 254389701, 48499195]","[171, 171, 171, 171, 171, 171, 171, 171, 171, 171]"
43,80,"[12, 17, 48, 64, 68, 102, 111, 112, 183, 184, 213, 215, 235]",13,0.27502669859677553,0.10405088355764747,0.3682123556948052,"[194928968, 276066170, 229424584, 187616394, 157719374, 493402860, 422547137, 345153317, 598788742, 178580027]","[68, 68, 68, 68, 68, 68, 68, 68, 68, 68]"
44,80,"[0, 4, 6, 7, 8, 30, 39, 65, 75, 91, 93, 106, 109, 112, 146, 148, 169, 171, 186, 194, 200, 202, 209, 217, 224, 227]",26,0.434712384827435,0.25322452280670404,0.2808016579454908,"[19804762, 125079188, 544637200, 291445081, 580321217, 82643689, 19700867, 511501683, 92491002, 246109782]","[171, 171, 171, 227, 200, 109, 8, 171, 171, 200]"
45,80,"[0, 8, 36, 39, 54, 58, 59, 60, 77, 82, 93, 96, 100, 111, 112, 128, 156, 159, 167, 175, 188, 194, 200, 201, 217, 224, 227, 239, 241]",29,0.5086768008768559,0.27333478908985853,0.27433206730297416,"[403072175, 224653700, 527864603, 88685161, 124237376, 152566833, 236427025, 262227711, 311017817, 108780314]","[128, 128, 128, 111, 128, 239, 128, 128, 8, 0]"
46,80,"[4, 20, 22, 45, 67, 68, 70, 82, 92, 112, 139, 156, 167, 175, 183, 192, 213, 215, 222, 235]",20,0.36161059560254216,0.13618711847811937,0.2600266722496599,"[321883357, 517409731, 320790454, 253543390, 14436664, 88223668, 286970084, 517409728, 492436548, 467283941]","[68, 68, 68, 68, 68, 68, 68, 68, 68, 68]"
47,80,"[0, 10, 12, 17, 26, 29, 51, 52, 67, 72, 91, 97, 102, 106, 108, 111, 113, 115, 124, 126, 132, 159, 194, 200, 202, 209, 239]",27,0.43271944765001535,0.3464918117970228,0.37460055153092575,"[54265130, 116982774, 507222371, 322258847, 402571241, 323045826, 240684525, 543252372, 356588498, 3616373]","[113, 202, 52, 17, 52, 67, 202, 113, 91, 159]"
48,80,"[1, 4, 5, 6, 10, 26, 49, 61, 65, 77, 81, 82, 89, 132, 146, 148, 164, 166, 169, 175, 188, 195, 196, 199, 210, 221, 227, 242]",28,0.564191859215498,0.2452282654121518,0.20931575070634217,"[349685072, 6137078, 200196231, 506863082, 578538318, 555255276, 193962431, 359471757, 506885984, 506957619]","[49, 146, 77, 146, 166, 4, 4, 210, 82, 77]"
49,80,"[0, 4, 6, 8, 10, 12, 37, 39, 40, 49, 59, 72, 79, 81, 82, 89, 102, 105, 106, 108, 111, 112, 114, 127, 128, 132, 133, 146, 159, 164, 169, 175, 180, 188, 192, 196, 210, 214, 221, 222, 237, 241, 242]",43,0.9149464378133416,0.33113468531519175,0.2865564456686031,"[90462928, 381989322, 128098396, 190554704, 190521044, 420025078, 89466144, 229821189, 561468444, 517376658]","[37, 49, 59, 222, 49, 221, 180, 6, 222, 214]"
50,80,"[1, 4, 5, 10, 26, 63, 70, 77, 82, 84, 88, 132, 146, 169, 175, 192, 195]",17,0.3400865029543638,0.12379048718139529,0.2101951673051671,"[272531263, 260063780, 187284049, 90785206, 573791930, 519974609, 54391408, 166494940, 54376108, 132733566]","[84, 84, 84, 84, 84, 84, 192, 84, 82, 84]"
51,80,"[1, 2, 5, 8, 10, 32, 38, 67, 82, 83, 92, 93, 112, 127, 139, 175, 178, 183, 185, 207, 227, 237, 239, 241]",24,0.475755887106061,0.15255237743258476,0.20946236227367385,"[543998307, 34036621, 27899657, 46612672, 366146685, 46077019, 288338597, 273579698, 349402047, 298183886]","[93, 92, 38, 92, 93, 92, 175, 175, 92, 92]"
52,80,"[4, 6, 10, 25, 49, 59, 61, 72, 85, 99, 104, 107, 133, 188, 195, 210, 221, 228, 242]",19,0.3835132783278823,0.11103165056556463,0.18601382616907358,"[115745328, 493163657, 420836435, 420568680, 159999328, 241568515, 53560322, 366096616, 543600790, 298246847]","[59, 59, 107, 59, 59, 59, 59, 59, 59, 59]"
53,80,"[1, 4, 6, 8, 10, 39, 49, 58, 60, 77, 82, 84, 87, 93, 106, 109, 111, 112, 132, 146, 165, 166, 168, 171, 172, 188, 195, 196, 214, 217, 221, 227, 241]",33,0.7607155288569629,0.2525133565068245,0.30092267922803084,"[47768807, 430079126, 217559975, 16806341, 210125482, 450030792, 305047031, 72447548, 338764605, 157315489]","[6, 6, 168, 6, 49, 6, 10, 6, 6, 8]"
54,80,"[4, 8, 17, 19, 20, 22, 26, 36, 58, 59, 61, 63, 67, 70, 82, 84, 88, 92, 93, 99, 104, 107, 111, 156, 167, 168, 169, 175, 180, 194, 196, 201, 216, 217, 228, 235, 241]",37,0.6711760945618153,0.40248197270557284,0.2810742530556446,"[340538846, 578698651, 89654179, 206755175, 462966013, 272099125, 542238241, 340330681, 597489403, 581071217]","[17, 17, 82, 17, 17, 17, 17, 63, 17, 17]"
55,80,"[168, 169, 196, 233]",4,0.07210482377558947,0.03584649274125695,0.4202067906735465,"[458070540, 513243661, 130382454, 594712541, 175195938, 183829504, 194939389, 432589461, 175800336, 174017977]","[233, 168, 168, 233, 233, 233, 168, 168, 233, 168]"
56,80,"[75, 93, 109, 117, 133, 146, 148, 171, 174, 186, 200, 209]",12,0.17157895117998123,0.07825960451737046,0.22221081147048002,"[315279017, 385113286, 375332831, 294871918, 555713159, 76701081, 237920535, 448092594, 529403480, 369433639]","[200, 200, 200, 200, 200, 200, 200, 200, 200, 200]"
57,80,"[6, 27, 30, 32, 60, 75, 109, 117, 146, 171, 186, 196, 206, 207, 209, 224, 239]",17,0.2108515091240406,0.1189088704995811,0.27610601662822504,"[76378574, 76484817, 23656741, 380720916, 509049685, 191970143, 365085081, 190191648, 9105535, 217333369]","[209, 209, 209, 209, 209, 117, 209, 209, 209, 171]"
58,80,"[4, 8, 12, 45, 48, 68, 70, 81, 82, 84, 92, 112, 126, 167, 175, 183, 184, 192, 215, 216, 239]",21,0.37806132435798645,0.22518888162449002,0.3083447640584338,"[41980406, 111790819, 185042547, 178362289, 185004784, 216094193, 46002466, 381452513, 167459149, 6575303]","[175, 183, 183, 68, 175, 183, 183, 183, 68, 68]"
59,80,"[10, 20, 29, 39, 49, 70, 72, 81, 82, 87, 89, 96, 100, 102, 106, 112, 125, 128, 146, 164, 188, 194, 213, 221, 234]",25,0.49820568365976214,0.18364998744800687,0.2978973363991827,"[243075382, 396834165, 204059607, 171456872, 512336242, 489442966, 118454427, 160319876, 173569021, 536945312]","[20, 39, 96, 234, 20, 81, 39, 82, 164, 20]"
60,80,"[0, 5, 10, 12, 51, 93, 95, 97, 115, 124, 131, 159, 161, 172, 174, 175, 239, 241]",18,0.2672085524536669,0.10877458285540342,0.24224913954579583,"[244841950, 334864192, 36085481, 430666173, 132249408, 319354255, 285556910, 364661104, 9331354, 9331376]","[95, 5, 5, 5, 5, 5, 5, 95, 95, 5]"
61,80,"[1, 4, 14, 60, 82, 92, 99, 100, 106, 109, 111, 112, 146, 163, 166, 174, 195, 196, 200, 207, 210, 212, 221, 233, 240, 241]",26,0.6116320304572582,0.1718555986881256,0.2514479258993211,"[88413698, 152291662, 87177381, 159637364, 30327201, 298353658, 284097329, 120467136, 305976241, 494487482]","[1, 1, 1, 1, 1, 1, 1, 1, 1, 1]"
62,80,"[1, 25, 39, 60, 84, 88, 99, 109, 111, 112, 128, 135, 146, 166, 168, 174, 196, 227, 233, 240]",20,0.4159481110982597,0.18796494603157043,0.28111221436411143,"[241629397, 494241502, 51434528, 12634834, 233619684, 8827094, 224387811, 456165206, 386719219, 207962499]","[1, 233, 240, 233, 233, 166, 233, 233, 166, 166]"
63,80,"[0, 4, 6, 8, 25, 30, 37, 40, 59, 61, 65, 68, 75, 97, 106, 107, 109, 111, 112, 122, 133, 163, 171, 183, 194, 214, 221, 222, 241]",29,0.5381135381758213,0.2170661254785955,0.32862181359388193,"[270401378, 361827055, 52986331, 563690315, 484863943, 384131335, 445199962, 240595101, 184515490, 391016431]","[6, 163, 6, 6, 183, 6, 107, 107, 183, 6]"
64,80,"[4, 6, 30, 37, 40, 75, 79, 82, 91, 97, 109, 146, 148, 159, 170, 171, 172, 186, 200, 209, 224, 227, 240]",23,0.4157771673053503,0.16336912289261818,0.25842289565859927,"[217185418, 84066849, 548226198, 19059244, 589417302, 90439601, 263706156, 542243239, 118496477, 179532987]","[209, 209, 209, 186, 209, 209, 209, 209, 209, 209]"
65,80,"[20, 30, 33, 42, 61, 70, 97, 105, 106, 108, 110, 111, 112, 126, 127, 131, 184, 192, 216, 217, 225, 231, 237, 241, 244]",25,0.6077958904206753,0.26120046293362975,0.38668597006238997,"[309629502, 476017269, 436093433, 381782763, 569973167, 51607183, 159205176, 578431551, 539167825, 300171140]","[108, 110, 42, 42, 110, 42, 42, 42, 110, 42]"
66,80,"[0, 5, 10, 26, 43, 49, 67, 89, 93, 102, 106, 132, 169, 172, 188, 200, 241, 242]",18,0.2861846322193742,0.12004599301144481,0.2072748096478689,"[336735408, 508445146, 326899109, 202536818, 576003819, 323331822, 261213950, 64707598, 212970604, 513033189]","[242, 5, 241, 5, 5, 172, 5, 5, 5, 242]"
67,80,"[0, 1, 4, 8, 10, 37, 49, 70, 81, 82, 88, 93, 99, 106, 111, 112, 132, 146, 164, 165, 168, 169, 196, 206, 213, 217, 227, 231]",28,0.5920923636294901,0.217225453350693,0.33186414889392574,"[386180863, 29988430, 89146024, 563385914, 404410578, 160685693, 101976635, 343943364, 524727929, 29367947]","[82, 82, 82, 168, 82, 1, 82, 1, 81, 82]"
68,80,"[5, 10, 19, 26, 38, 92, 97, 131, 135, 159, 161, 172, 174, 175, 202, 216, 227, 239]",18,0.31204084400087595,0.12194072175770998,0.2392354073494466,"[265582474, 143670194, 22282360, 561844575, 248190137, 97780755, 153603521, 440305694, 145913315, 491097585]","[38, 38, 159, 38, 38, 38, 38, 38, 92, 172]"
69,80,"[20, 36, 54, 85, 104, 156, 167, 188, 192, 201, 235]",11,0.23589481646195054,0.07459398917853832,0.24468943347561767,"[547526819, 299503718, 494503005, 223881798, 40933157, 501034303, 32863356, 276175577, 452879361, 94993425]","[54, 54, 54, 54, 54, 54, 54, 54, 54, 54]"
70,80,"[4, 6, 8, 14, 32, 38, 47, 57, 61, 63, 91, 93, 97, 111, 118, 159, 164, 166, 169, 174, 175, 192, 194, 211, 216, 228, 237, 239, 240, 241]",30,0.6586837559007108,0.3235124130733311,0.26565352360873173,"[552822517, 14700988, 243132285, 162408577, 258532458, 481086447, 279383232, 87187338, 472693134, 22166047]","[174, 237, 237, 237, 14, 47, 237, 14, 174, 237]"
71,80,"[1, 4, 10, 14, 20, 25, 39, 49, 61, 70, 77, 81, 82, 84, 88, 100, 112, 146, 159, 169, 174, 175, 192, 194, 210, 228, 241]",27,0.55002654902637,0.177553984336555,0.2304791730000741,"[573260542, 333682070, 136021710, 546025776, 432821244, 271834051, 493843594, 477922653, 478024384, 44392480]","[175, 174, 175, 175, 81, 175, 241, 174, 175, 77]"
72,80,"[10, 20, 36, 43, 54, 58, 96, 156, 167, 188, 194, 201, 213, 241]",14,0.31556517956778407,0.10388089995831251,0.2802377430489287,"[446588711, 168468834, 539475952, 461876235, 444772633, 455155738, 324629215, 363624009, 584665657, 376470060]","[54, 241, 241, 54, 54, 241, 54, 188, 241, 54]"
73,80,"[4, 8, 10, 30, 36, 38, 57, 61, 79, 92, 97, 106, 109, 112, 118, 127, 148, 152, 159, 166, 167, 171, 174, 200, 209, 216, 227, 228, 237, 239, 240, 241]",32,0.5840078177861869,0.36640751268714666,0.28682304171525175,"[540778935, 241972422, 419519921, 319120328, 569812062, 523895935, 319494432, 133699417, 225385585, 207428026]","[237, 152, 152, 237, 152, 240, 152, 237, 237, 237]"
74,80,"[10, 39, 43, 60, 93, 106, 109, 111, 112, 118, 126, 128, 159, 163, 166, 174, 194, 200, 201, 224, 227, 233, 239, 240, 241]",25,0.4656980880536139,0.2364515527151525,0.3285733255930245,"[517378138, 265396003, 210976861, 43947376, 341032742, 517211417, 344750993, 72428980, 410446824, 183709613]","[240, 60, 60, 240, 240, 240, 60, 240, 240, 60]"
75,80,"[5, 38, 57, 59, 92, 99, 107, 131, 159, 172, 175, 178, 180, 182, 193, 202, 207, 222, 236, 237, 241, 242]",22,0.4061341159977019,0.1308320565149188,0.2080716376658529,"[549589445, 155620539, 597410261, 263452461, 271612684, 17100209, 567678028, 468348092, 31811495, 367349867]","[57, 92, 92, 222, 222, 92, 175, 92, 92, 92]"
76,80,"[1, 10, 39, 60, 77, 109, 112, 122, 128, 174, 228, 239, 240, 241]",14,0.25536792632192373,0.09403541497886181,0.30162954242301304,"[329213839, 47074484, 409696869, 575044943, 574911367, 251901307, 421951907, 421905981, 331859210, 452727150]","[240, 240, 60, 240, 240, 60, 60, 240, 240, 240]"
77,80,"[4, 10, 17, 26, 49, 58, 81, 82, 100, 106, 111, 132, 148, 164, 168, 169, 188, 196, 199, 201, 239, 242]",22,0.3737716390751302,0.2577254744246602,0.3184686873679642,"[29392618, 100806695, 555371788, 492991573, 499569667, 288761517, 22580755, 59728990, 110999700, 29149633]","[81, 49, 49, 82, 49, 49, 82, 82, 49, 49]"
78,80,"[0, 1, 4, 14, 20, 25, 33, 60, 61, 64, 70, 72, 81, 84, 107, 127, 133, 159, 164, 166, 167, 184, 192, 209, 210, 216, 227, 228, 237, 239, 241]",31,0.6693386188708246,0.19813155150040984,0.23157590392586444,"[254976624, 171772927, 368786729, 190868400, 258703635, 491655597, 268183460, 85641173, 400632256, 247783290]","[237, 237, 184, 133, 70, 70, 184, 0, 184, 20]"
79,80,"[0, 10, 14, 17, 20, 49, 54, 61, 70, 85, 89, 96, 100, 108, 111, 125, 128, 132, 164, 184, 188, 194, 201, 213, 239, 241]",26,0.5007265899330378,0.19089161371812224,0.29240128871662396,"[198788363, 547035905, 261792617, 356719285, 4463986, 66005742, 574548553, 156198037, 434237666, 431362334]","[164, 188, 10, 188, 241, 49, 125, 188, 96, 125]"
80,80,"[0, 10, 18, 45, 48, 49, 54, 67, 72, 89, 96, 106, 111, 112, 126, 128, 132, 164, 165, 184, 188, 194, 201, 213, 214, 215, 221, 242]",28,0.5661931778304279,0.23106855899095535,0.38647753483382985,"[181721375, 35502141, 89952573, 383361456, 307159838, 192160680, 312845800, 195811642, 367684103, 58729868]","[67, 215, 215, 106, 215, 215, 215, 215, 45, 215]"
81,80,"[10, 30, 36, 37, 43, 49, 51, 52, 54, 58, 82, 93, 96, 106, 108, 126, 132, 156, 159, 169, 175, 188, 194, 196, 201, 239]",26,0.502507911529392,0.21281868731603026,0.3215664136581696,"[84848979, 55342692, 216612568, 20668750, 582333068, 435659080, 418881242, 567432210, 271669109, 121812233]","[54, 54, 54, 54, 201, 188, 54, 54, 54, 54]"
82,80,"[5, 10, 20, 22, 63, 67, 70, 72, 77, 82, 84, 88, 112, 127, 132, 152, 167, 175, 192, 222]",20,0.284874293487519,0.20775290159508586,0.24096013425150886,"[426060089, 201612617, 285544667, 426058119, 165409987, 1753283, 6857360, 558819142, 472224338, 280120899]","[175, 175, 175, 82, 5, 175, 175, 175, 175, 175]"
83,80,"[0, 8, 10, 17, 20, 26, 36, 54, 58, 70, 84, 96, 111, 112, 125, 126, 128, 156, 164, 165, 167, 169, 183, 188, 192, 194, 201, 210, 217, 239, 241]",31,0.5824540820904076,0.3090520962141454,0.3866474439855665,"[208290461, 304706368, 579712493, 295744348, 27699303, 520458616, 123093567, 301807532, 171420093, 415774410]","[0, 125, 125, 128, 125, 125, 128, 125, 20, 125]"
84,80,"[4, 8, 10, 17, 20, 39, 49, 58, 82, 100, 120, 132, 146, 164, 168, 188, 214, 227, 239, 241]",20,0.37617840012535453,0.14826106000691652,0.27679606130113826,"[374495231, 508578037, 303765303, 303894170, 303777852, 303777853, 442539628, 303777856, 443561584, 403869029]","[82, 82, 100, 49, 100, 100, 100, 100, 100, 82]"
85,80,"[10, 12, 17, 18, 43, 51, 81, 111, 124, 126, 127, 159, 174, 181, 194, 239]",16,0.29161163372918963,0.19123311899602413,0.40973162665613927,"[135859681, 487529913, 390082707, 253724408, 242283427, 142041489, 310574017, 162218567, 141018895, 336910204]","[126, 18, 18, 10, 10, 239, 126, 18, 126, 159]"
86,80,"[6, 10, 14, 17, 32, 49, 61, 77, 93, 97, 112, 123, 126, 164, 174, 182, 192, 194, 217, 228]",20,0.37761827604845166,0.1552997762337327,0.4009608675492927,"[590481425, 324507421, 465696629, 267826711, 235910197, 303065933, 519676012, 6294739, 415423834, 288272199]","[228, 93, 77, 77, 77, 77, 228, 32, 228, 228]"
87,80,"[1, 14, 30, 32, 38, 39, 57, 60, 61, 77, 81, 93, 99, 112, 133, 152, 166, 178, 207, 209, 217, 222, 224, 227, 228, 237, 241]",27,0.5040782187134027,0.297859376296401,0.2663743925901751,"[505650686, 491044044, 66599930, 220173209, 571636931, 332663055, 226991267, 498922512, 498922511, 127347809]","[57, 57, 93, 57, 57, 57, 57, 57, 57, 57]"
88,80,"[10, 17, 20, 39, 49, 58, 61, 70, 77, 81, 82, 88, 89, 93, 100, 108, 110, 111, 125, 132, 146, 156, 164, 165, 169, 184, 188, 194, 195, 201, 213, 222, 227, 241, 242]",35,0.5560281416401267,0.2673412598669529,0.30374971771878856,"[272691094, 18516590, 354292520, 283463728, 167407740, 254672467, 523517352, 361223017, 51677329, 165066249]","[49, 17, 132, 213, 213, 213, 213, 82, 213, 82]"
89,80,"[5, 47, 77, 88, 93, 118, 167, 174, 195, 211]",10,0.2008513337932527,0.055294289253652096,0.200634198798798,"[581116780, 388898852, 93028096, 162226153, 370799589, 112065139, 316809578, 431801735, 96753724, 312077492]","[118, 118, 118, 118, 174, 118, 118, 118, 118, 118]"
90,80,"[8, 27, 30, 32, 38, 39, 42, 53, 60, 70, 75, 76, 80, 105, 106, 108, 109, 111, 112, 119, 148, 171, 187, 206, 212, 217, 225, 227, 231, 244]",30,0.5121436668559909,0.2801679973490536,0.29054004699767877,"[160144202, 522129904, 482672322, 411802593, 131364422, 411802613, 599542561, 165739048, 411887636, 186607277]","[206, 231, 244, 206, 80, 206, 206, 76, 206, 53]"
91,80,"[7, 26, 37, 43, 52, 64, 70, 93, 97, 112, 113, 114, 126, 141, 186, 217, 224]",17,0.34316257713362575,0.1260797120630741,0.3772475256529801,"[71233195, 315106232, 15931559, 531063675, 60055223, 225392258, 587563381, 397904159, 263154245, 399941080]","[141, 141, 141, 141, 141, 141, 141, 141, 141, 141]"
92,80,"[1, 6, 10, 32, 39, 43, 49, 60, 84, 88, 93, 99, 111, 112, 114, 128, 135, 166, 168, 188, 194, 196, 200, 209, 213, 214, 222, 227, 233, 239]",30,0.681348362006247,0.2776139099150896,0.30468204476249716,"[186913484, 186913483, 308965505, 408493343, 453058695, 518336660, 96335462, 489583657, 391555290, 444394351]","[233, 233, 1, 200, 166, 166, 166, 135, 1, 166]"
93,80,"[2, 7, 19, 21, 22, 30, 38, 52, 61, 63, 79, 91, 92, 93, 104, 105, 106, 112, 123, 127, 131, 132, 147, 152, 159, 172, 175, 180, 185, 195, 209, 216, 221, 237]",34,0.5906875636428595,0.28656383277848363,0.2600023348350078,"[377891207, 160632588, 160632589, 472766947, 160632606, 477426557, 160632619, 466485235, 199734920, 300751783]","[92, 104, 131, 92, 131, 237, 131, 92, 22, 22]"
94,80,"[10, 18, 49, 51, 70, 72, 89, 96, 102, 106, 111, 124, 132, 164, 188, 194, 210, 213, 222, 242]",20,0.3912904034368694,0.1682073213160038,0.313882403250318,"[382136867, 59486559, 224559782, 245470336, 267224959, 353902440, 353517623, 135660561, 226300732, 94152026]","[72, 72, 72, 72, 72, 72, 72, 72, 72, 72]"
95,80,"[10, 17, 49, 58, 63, 79, 82, 88, 99, 102, 106, 109, 111, 146, 164, 165, 168, 169, 171, 188, 196, 210, 221, 242]",24,0.43170200707390904,0.2629220373928547,0.33822170554776676,"[18146884, 544083532, 29468341, 493145077, 463787733, 549976233, 8123432, 196792996, 228112640, 475908622]","[146, 196, 242, 210, 146, 146, 242, 196, 242, 242]"
96,80,"[0, 2, 4, 6, 8, 14, 30, 33, 37, 39, 40, 61, 70, 75, 77, 81, 93, 97, 111, 112, 114, 127, 129, 133, 147, 163, 164, 171, 181, 184, 186, 192, 209, 214, 217, 227, 241]",37,0.7078983397223055,0.35835458245128393,0.31858909872008134,"[415491103, 260555165, 319468212, 467082314, 439330040, 66717321, 228455900, 309365349, 158501043, 587776524]","[77, 184, 184, 184, 227, 184, 77, 184, 77, 184]"
97,80,"[7, 10, 18, 43, 52, 60, 67, 91, 111, 112, 118, 126, 159, 174, 181, 193, 194, 200, 209, 217, 224, 239, 240]",23,0.46304360684007406,0.15850686794146895,0.3371122135558044,"[115689543, 522478978, 474323315, 313248135, 259914297, 390912880, 537760475, 585989401, 214100017, 44248151]","[52, 52, 52, 52, 91, 91, 52, 52, 91, 52]"
98,80,"[25, 33, 39, 45, 47, 57, 61, 72, 77, 81, 85, 105, 106, 107, 111, 112, 152, 156, 182, 184, 210, 211, 221, 222, 228, 235, 237, 241]",28,0.6447260659188032,0.25432228622958064,0.2547530556912534,"[293850217, 465034186, 436051257, 421810546, 221883577, 161392632, 296967809, 9859358, 385296377, 436051261]","[235, 235, 235, 235, 235, 235, 182, 235, 235, 235]"
99,80,"[0, 8, 39, 67, 109, 133, 146, 171, 200, 209, 227, 239]",12,0.18623940227553248,0.08545429306104779,0.23854954779380932,"[425207392, 277529667, 433505913, 253407975, 400813724, 302092542, 456915022, 411858689, 290312855, 519964394]","[200, 200, 200, 200, 200, 200, 200, 200, 200, 200]"
100,80,"[36, 45, 54, 63, 112, 126, 174, 192, 215, 235]",10,0.2074635880999267,0.08190909121185541,0.4367710703751072,"[189226163, 402269380, 477677333, 223659315, 231583392, 132459321, 460146893, 231761919, 455867147, 477744659]","[235, 235, 235, 235, 235, 235, 235, 235, 235, 235]"
101,80,"[1, 10, 14, 20, 46, 49, 58, 59, 61, 77, 81, 82, 100, 109, 111, 112, 127, 132, 146, 164, 167, 169, 188, 195, 210, 211, 213, 227, 228, 241, 242]",31,0.5003415048122406,0.27838555769994855,0.24527873828135913,"[451505880, 253814188, 307405293, 261514809, 547765493, 448534146, 397641229, 156840648, 560850266, 236230256]","[77, 77, 210, 77, 77, 77, 195, 77, 77, 77]"
102,80,"[1, 2, 32, 33, 36, 38, 39, 49, 60, 79, 81, 82, 92, 93, 99, 106, 109, 111, 112, 139, 146, 156, 159, 164, 166, 167, 178, 185, 201, 207, 214, 216, 217, 227, 237, 239, 241]",37,0.747096526902169,0.34236455569043756,0.26436097093077526,"[192006529, 545815969, 457271210, 218483559, 321173119, 140382556, 594503539, 587927733, 466518132, 344348550]","[227, 38, 81, 60, 227, 237, 227, 92, 227, 227]"
103,80,"[20, 39, 61, 63, 70, 82, 84, 89, 96, 100, 105, 110, 111, 112, 125, 156, 167, 192, 194, 213, 222]",21,0.35394013533368707,0.2373139546252787,0.34016706700259375,"[510875360, 539756851, 317490910, 518603062, 437780003, 7220652, 240456867, 57068093, 156507016, 539756890]","[125, 20, 20, 125, 125, 125, 125, 82, 125, 20]"
104,80,"[2, 4, 19, 43, 45, 47, 52, 59, 61, 64, 67, 68, 75, 92, 133, 139, 152, 159, 170, 171, 172, 175, 183, 184, 185, 192, 196, 209, 212, 215, 216, 222, 235, 237, 241, 242]",36,0.6915501719340682,0.22647480992600322,0.22633338403991526,"[478609168, 75989660, 580163753, 446026929, 94075061, 565127133, 359151986, 30766971, 403954187, 237766370]","[139, 139, 92, 216, 68, 92, 68, 68, 92, 92]"
105,80,"[1, 2, 19, 25, 47, 52, 59, 61, 67, 91, 97, 112, 129, 159, 180, 193, 200, 209, 212, 236, 242]",21,0.4489440592005849,0.133588258177042,0.23134918886769032,"[217785503, 159600953, 579902028, 323935748, 573709832, 28875190, 497452100, 227360900, 377034966, 183296170]","[129, 25, 212, 129, 236, 236, 212, 212, 25, 212]"
106,80,"[0, 4, 5, 8, 10, 12, 17, 26, 59, 61, 88, 97, 102, 106, 111, 132, 133, 148, 169, 180, 181, 199, 202, 211, 239, 241, 242]",27,0.4316311525180936,0.2685018661431968,0.2876895994241177,"[354863233, 596411782, 488736926, 167418361, 497828607, 591925910, 517538865, 58848946, 474313732, 400563478]","[12, 10, 8, 8, 5, 180, 26, 242, 5, 26]"
107,80,"[1, 4, 5, 10, 20, 25, 37, 45, 49, 58, 59, 61, 72, 77, 81, 82, 106, 109, 112, 125, 132, 146, 165, 166, 171, 184, 188, 194, 201, 213, 221, 239, 241, 242]",34,0.602714138571173,0.3197844931855798,0.2752365023240118,"[247104839, 191784785, 239148187, 357995125, 190732530, 66375012, 293766889, 578375153, 238251818, 398562952]","[146, 72, 72, 72, 72, 72, 72, 82, 72, 72]"
108,80,"[0, 6, 8, 10, 20, 36, 39, 43, 54, 59, 60, 70, 81, 82, 89, 92, 93, 106, 110, 112, 128, 132, 152, 166, 167, 169, 175, 188, 192, 194, 196, 201, 210, 212, 222, 227, 237, 239, 241]",39,0.7729090163484216,0.4070758153684437,0.24082948902669626,"[531803371, 303715459, 408016726, 573727816, 188559814, 454860629, 137426596, 11354954, 264802137, 351960046]","[82, 20, 10, 82, 188, 10, 82, 60, 60, 82]"
109,80,"[4, 8, 19, 21, 26, 29, 30, 53, 61, 65, 70, 75, 79, 94, 105, 106, 108, 112, 114, 123, 127, 131, 148, 152, 202, 217, 225, 231, 237]",29,0.5869170101359487,0.208041962236166,0.30169056218663426,"[339155718, 148334984, 136102942, 478206656, 27709387, 165469929, 219829816, 473422889, 85347169, 137930305]","[30, 30, 30, 30, 8, 30, 8, 8, 30, 30]"
110,80,"[20, 26, 36, 54, 58, 156, 167, 181, 188, 201, 211, 217]",12,0.15605955757200718,0.15510179242119193,0.2783089593673746,"[385769113, 203104715, 40283770, 154270230, 30729626, 74921318, 575804413, 368671839, 448785531, 535765400]","[156, 54, 201, 201, 201, 188, 188, 54, 36, 54]"
111,80,"[1, 39, 99, 109, 111, 135, 166, 168, 174, 200, 207, 227, 233, 241]",14,0.395511157810688,0.08928221184760332,0.2642560415302536,"[161416661, 9980046, 563384146, 268291633, 555749580, 385787014, 83072068, 83072044, 294435903, 405546040]","[166, 166, 166, 166, 166, 166, 166, 166, 227, 166]"
112,80,"[0, 6, 8, 10, 37, 39, 49, 61, 70, 77, 82, 89, 100, 111, 127, 132, 146, 164, 165, 188, 194, 213, 222, 227, 241, 242]",26,0.4600553731434047,0.26976408530026674,0.3187488576110739,"[377446304, 591528875, 33406776, 17506965, 322581294, 523196822, 171597223, 109714533, 588132377, 522800113]","[77, 100, 82, 77, 39, 0, 0, 242, 77, 8]"
113,80,"[10, 20, 22, 38, 63, 70, 77, 79, 82, 104, 105, 106, 111, 127, 131, 152, 188, 195, 197, 209, 210, 221, 222, 241, 242]",25,0.4591406174004078,0.1593615235760808,0.22544417972676456,"[449302526, 33285225, 592718174, 440082159, 44646774, 583638774, 148968466, 446868315, 592718172, 97507231]","[195, 195, 82, 195, 195, 195, 22, 195, 195, 22]"
114,80,"[0, 7, 8, 17, 19, 21, 40, 57, 61, 75, 86, 91, 94, 97, 106, 112, 114, 122, 126, 127, 130, 134, 147, 159, 171, 181, 184, 186, 200, 202, 209, 214, 224, 241]",34,0.7050650459714234,0.2548543536104262,0.3418993111357422,"[289481900, 304146423, 84488124, 84488125, 242859885, 93863393, 401562638, 276840775, 579413241, 225379045]","[94, 19, 94, 19, 19, 86, 94, 19, 94, 94]"
115,80,"[17, 32, 37, 60, 93, 97, 99, 112, 114, 126, 174, 192, 194, 209, 212, 224, 239]",17,0.2851590313948691,0.19185465620830655,0.4295650830026716,"[512224738, 49959631, 68025475, 44640260, 75037765, 323500315, 44688408, 252094346, 75037766, 88914243]","[32, 32, 32, 32, 32, 32, 32, 32, 32, 32]"
116,80,"[1, 4, 8, 10, 30, 32, 46, 60, 61, 65, 77, 79, 81, 82, 88, 93, 109, 112, 118, 146, 174, 195, 206, 207, 209, 211, 217, 228, 239, 241]",30,0.5538007384166121,0.18575696647167206,0.23992071474591892,"[10791807, 166823767, 499220450, 587255650, 72710750, 331590051, 387997237, 219452106, 587239301, 18017656]","[32, 217, 217, 32, 32, 209, 209, 209, 32, 209]"
117,80,"[1, 7, 17, 37, 40, 43, 53, 70, 75, 82, 93, 97, 106, 109, 111, 112, 114, 122, 126, 128, 130, 133, 141, 163, 171, 186, 188, 199, 209, 214, 241]",31,0.6506009702570736,0.30089781526476145,0.3712158707691537,"[252015351, 107765794, 64921798, 310338841, 428193560, 328472039, 364912556, 102240323, 380796894, 306842771]","[163, 163, 163, 163, 163, 130, 163, 163, 163, 163]"
118,80,"[5, 10, 12, 26, 51, 72, 115, 124, 126, 127, 132, 174, 175, 181, 194, 202, 239]",17,0.32057003024965525,0.14391371235251427,0.38516377543975766,"[221811232, 482814534, 161855888, 122131117, 566660059, 107089852, 5630875, 562737399, 331163446, 203502555]","[10, 12, 124, 239, 10, 202, 239, 5, 124, 202]"
119,80,"[4, 17, 20, 33, 39, 49, 61, 81, 82, 85, 96, 100, 106, 109, 111, 125, 146, 164, 188, 210, 211, 221, 241]",23,0.4801435861736536,0.22858352214097977,0.2817647140574358,"[555158006, 497606658, 239869551, 157881196, 7848153, 494235158, 428479524, 560512106, 131148045, 244236527]","[96, 20, 20, 125, 96, 20, 20, 125, 20, 96]"
120,80,"[0, 10, 12, 18, 26, 43, 45, 48, 65, 112, 115, 126, 148, 164, 184, 215, 239]",17,0.26804823568090796,0.18516774848103523,0.34887351603795064,"[432278520, 374950273, 61307981, 476045260, 337860279, 193575861, 263411408, 38610481, 33841849, 63300477]","[48, 126, 48, 48, 48, 48, 12, 48, 48, 48]"
121,80,"[6, 21, 30, 43, 75, 79, 91, 109, 170, 171, 172, 186, 194, 200, 209, 217, 224]",17,0.39962893445044756,0.11540763732045889,0.28435295406619415,"[259071515, 437317368, 44402102, 260956334, 144942406, 302150947, 49842008, 144832277, 453704331, 554918483]","[186, 171, 171, 171, 171, 171, 171, 171, 171, 171]"
122,80,"[0, 4, 7, 19, 22, 30, 45, 52, 61, 67, 70, 94, 105, 108, 112, 127, 131, 132, 152, 153, 169, 172, 175, 183, 184, 192, 195, 216, 217, 221, 235, 237]",32,0.5630370690487325,0.2301593371666968,0.2751763094274793,"[151534257, 516252519, 555103126, 163988011, 554943677, 151362101, 163988086, 516068926, 474583342, 104732148]","[45, 45, 45, 45, 45, 45, 45, 45, 45, 45]"
123,80,"[0, 4, 10, 17, 20, 33, 37, 49, 67, 81, 97, 100, 106, 108, 111, 112, 115, 125, 126, 148, 159, 164, 180, 181, 188, 213, 216, 239, 242]",29,0.5366789698600769,0.2952681630849838,0.38419681659835425,"[300487777, 421310323, 125950689, 40487140, 328858424, 422689440, 229073607, 40435091, 279238362, 363906278]","[81, 125, 10, 17, 242, 242, 180, 242, 125, 164]"
124,80,"[8, 10, 20, 33, 39, 43, 70, 81, 82, 84, 96, 105, 106, 109, 111, 112, 114, 125, 127, 128, 132, 188, 192, 194, 201, 213, 214, 221, 241]",29,0.6556650856509805,0.23358914349228144,0.33514084989718834,"[103660910, 329184696, 481986621, 282465296, 21483673, 130448488, 361491848, 126779615, 85154416, 292221422]","[8, 188, 188, 125, 20, 192, 20, 194, 96, 20]"
125,80,"[0, 1, 6, 8, 10, 14, 25, 38, 46, 47, 59, 84, 91, 107, 112, 132, 133, 159, 167, 171, 174, 175, 200, 201, 209, 210, 211, 227, 228, 239, 241]",31,0.6844252105802298,0.2583983759395778,0.19068165950386995,"[34453432, 336266842, 302401344, 281040931, 57728762, 280987203, 281027890, 388909153, 366064393, 379931463]","[133, 133, 133, 133, 133, 133, 0, 133, 133, 133]"
126,80,"[1, 4, 6, 19, 29, 30, 65, 75, 79, 82, 88, 105, 106, 109, 112, 123, 131, 146, 147, 169, 170, 172, 195, 209, 211, 217, 221, 225, 244]",29,0.578712307382375,0.19495691219344735,0.2625092860584244,"[204061776, 1083858, 254193306, 430444918, 105410561, 81449818, 350146969, 405371876, 553997511, 258311568]","[6, 123, 131, 131, 221, 195, 172, 30, 195, 172]"
127,80,"[0, 10, 91, 115, 126, 127, 132, 159, 164, 175, 239]",11,0.23660649918019772,0.1470775045454502,0.3901502404107966,"[311001270, 20746912, 560340263, 560393293, 20746911, 20746913, 273059429, 311001269, 550733200, 201358112]","[127, 159, 127, 159, 127, 127, 159, 159, 127, 159]"
128,80,"[0, 1, 14, 19, 32, 42, 46, 52, 61, 63, 70, 77, 93, 97, 105, 112, 118, 133, 147, 167, 174, 206, 209, 228]",24,0.3815470999106765,0.15377605613321066,0.23960234722471796,"[290366674, 41302095, 156219573, 434502349, 400160216, 330445947, 143893549, 576349399, 338027635, 146982768]","[14, 14, 32, 32, 97, 14, 14, 32, 228, 46]"
129,80,"[0, 4, 25, 38, 57, 61, 81, 88, 92, 107, 133, 147, 166, 178, 200, 207, 209, 228, 237]",19,0.3058413905091584,0.12061293935403228,0.22720631421543658,"[448137091, 448392286, 472945285, 103233960, 112127662, 581710544, 508761575, 73854731, 81163651, 573135295]","[107, 107, 107, 107, 107, 107, 107, 107, 107, 107]"
130,80,"[0, 10, 20, 36, 37, 40, 43, 54, 70, 89, 96, 100, 106, 108, 109, 111, 112, 114, 125, 126, 127, 128, 159, 163, 164, 165, 188, 194, 196, 201, 213, 214]",32,0.6001586983911693,0.33309997664764524,0.4182011041120859,"[21237069, 485774954, 389692038, 571425930, 73294531, 492891160, 534267918, 74450929, 78819548, 54471019]","[125, 20, 213, 20, 128, 128, 128, 125, 125, 126]"
131,80,"[8, 30, 32, 43, 52, 70, 75, 92, 93, 97, 112, 114, 117, 126, 129, 133, 141, 147, 186, 192, 209, 212, 224]",23,0.5071004391647875,0.16687176190316677,0.3572964136002828,"[144843049, 381645569, 311725998, 302492227, 408493675, 101491833, 347325080, 159006861, 394239299, 271296477]","[224, 133, 133, 224, 141, 97, 224, 97, 52, 32]"
132,80,"[0, 10, 20, 33, 49, 54, 81, 96, 100, 102, 106, 111, 112, 115, 125, 128, 164, 188, 201, 213, 221, 234, 239]",23,0.4505139524117112,0.17918205726891756,0.33961896550760645,"[467942678, 119184862, 423604403, 420150266, 407503550, 394600789, 460645518, 466358760, 480058543, 66305844]","[125, 100, 100, 96, 234, 96, 96, 125, 125, 125]"
133,80,"[0, 10, 26, 43, 48, 54, 67, 68, 89, 96, 102, 106, 111, 112, 114, 119, 125, 128, 132, 156, 181, 183, 184, 188, 194, 199, 201, 213, 215, 234, 239, 241, 242]",33,0.5417348281480372,0.31785296835005283,0.30877668418300647,"[27638381, 587063191, 108769008, 108837498, 278367015, 592511447, 267911998, 108837499, 504588209, 210299071]","[215, 106, 242, 242, 215, 96, 68, 242, 102, 215]"
134,80,"[20, 37, 39, 49, 54, 70, 75, 81, 82, 89, 96, 100, 106, 109, 111, 112, 125, 128, 132, 146, 156, 163, 164, 167, 188, 196, 201, 211, 213, 221, 227, 234]",32,0.5255841393955052,0.3039902113378048,0.29693573967233533,"[143589485, 135549895, 307960537, 4270688, 107046204, 64887395, 272760053, 55406213, 563820449, 385745949]","[213, 213, 213, 213, 213, 213, 213, 125, 213, 213]"
135,80,"[18, 39, 51, 70, 72, 87, 89, 102, 106, 112, 113, 124, 126, 132, 161, 194, 213, 222, 242]",19,0.3101927381940186,0.219061273150146,0.3665532864703748,"[67472639, 17262987, 366376880, 332916842, 585545534, 60621647, 353502752, 550299376, 570277472, 268125021]","[161, 72, 72, 72, 72, 161, 72, 161, 72, 106]"
136,80,"[4, 6, 14, 20, 49, 58, 61, 70, 82, 85, 88, 89, 96, 125, 156, 164, 165, 166, 167, 184, 188, 201, 211, 241]",24,0.48095472855493426,0.15605805441737175,0.25390943491947837,"[115678467, 138660787, 206547408, 322208855, 103505158, 575231737, 534529739, 549748325, 231814885, 473893320]","[167, 167, 241, 167, 167, 167, 167, 167, 167, 241]"
137,80,"[0, 1, 6, 8, 14, 25, 30, 32, 38, 57, 60, 91, 107, 159, 166, 171, 174, 175, 200, 207, 209, 211, 222, 227, 228, 239, 240, 241]",28,0.6497487099841237,0.16820486076176167,0.20984752211786276,"[120768413, 130690256, 567764785, 567693048, 460885708, 574450670, 134764221, 567700714, 583042124, 183749417]","[174, 227, 57, 57, 57, 57, 174, 57, 57, 57]"
138,80,"[1, 4, 20, 22, 49, 54, 59, 67, 70, 82, 84, 104, 105, 107, 175, 180, 192, 193, 195, 221, 222, 241]",22,0.5618914924561977,0.14199879206717014,0.2140521424060518,"[116889780, 315408916, 382484035, 177901450, 478663591, 267907949, 309213842, 243556690, 357571673, 116892332]","[22, 22, 22, 22, 22, 22, 22, 59, 22, 22]"
139,80,"[14, 19, 25, 46, 47, 52, 57, 61, 67, 81, 97, 105, 112, 118, 133, 159, 167, 174, 175, 184, 192, 216, 224, 228, 237]",25,0.46356153348460793,0.1836543665267527,0.2761691540665925,"[181851759, 379011445, 558091414, 429357841, 555205646, 556446121, 537076483, 555205647, 166091208, 356562303]","[228, 228, 228, 52, 228, 228, 228, 228, 228, 228]"
140,80,"[25, 32, 39, 60, 67, 82, 93, 109, 112, 128, 159, 175, 201, 216, 239, 240, 241]",17,0.2758180592209101,0.17267281142994761,0.23337607263751767,"[582402075, 172668992, 151201873, 535504318, 454047548, 204333902, 43870016, 417872236, 542298378, 55472578]","[240, 240, 240, 60, 60, 60, 60, 60, 240, 60]"
141,80,"[1, 2, 32, 38, 46, 60, 75, 82, 92, 109, 112, 146, 159, 174, 185, 206, 209, 212, 227, 228, 237, 239, 240]",23,0.3141163717955351,0.21491414541378617,0.22459176272842224,"[537721664, 301553447, 256343955, 115983765, 413477262, 272254294, 416729267, 574874608, 211422803, 241895279]","[240, 240, 240, 240, 2, 240, 240, 240, 240, 240]"
142,80,"[5, 10, 20, 39, 49, 58, 59, 77, 81, 82, 84, 100, 120, 132, 146, 165, 175, 188, 192, 194, 199, 239, 242]",23,0.4053488033823669,0.1695739827118814,0.29935237453521596,"[371828666, 371880725, 371883663, 195213819, 285267748, 195276034, 401566150, 132094197, 109876089, 144147132]","[82, 82, 82, 82, 82, 82, 82, 82, 82, 82]"
143,80,"[1, 2, 4, 6, 8, 10, 20, 39, 46, 49, 58, 59, 61, 77, 79, 81, 82, 99, 100, 106, 109, 111, 112, 128, 132, 146, 152, 164, 166, 168, 169, 175, 188, 196, 201, 210, 211, 227, 228, 237, 239, 241]",42,0.8985175639390945,0.34775309124961495,0.2383252241415903,"[568603293, 438474876, 108137780, 193237893, 324003770, 101591507, 568595552, 581712249, 369049065, 55729924]","[100, 100, 82, 100, 82, 109, 82, 77, 100, 100]"
144,80,"[1, 99, 135, 166, 168, 182, 196, 207, 227, 233]",10,0.2621216815896332,0.06016314076259732,0.24786909674294294,"[311197008, 28542321, 94886358, 470289830, 404809611, 61988430, 200639384, 467036186, 429555236, 106618145]","[233, 233, 233, 233, 233, 233, 233, 233, 233, 233]"
145,80,"[0, 6, 8, 14, 19, 30, 52, 53, 60, 61, 68, 70, 75, 87, 92, 97, 105, 106, 110, 111, 112, 114, 126, 129, 131, 133, 147, 159, 170, 172, 183, 184, 209, 237, 241]",35,0.5756224039942026,0.2934725019149482,0.299426641953843,"[466844055, 158241344, 564334797, 262786726, 413989980, 466939927, 570321692, 313084790, 467090244, 523351586]","[159, 172, 184, 184, 14, 159, 184, 184, 159, 184]"
146,80,"[0, 1, 4, 6, 8, 30, 40, 60, 61, 88, 91, 93, 109, 112, 135, 146, 166, 168, 171, 178, 186, 200, 209, 212, 227, 233, 241]",27,0.5761743071489036,0.23623508028686047,0.235049768195798,"[282835417, 576824951, 94479661, 198383382, 415237356, 469531690, 320993321, 557146566, 547914671, 80184097]","[171, 171, 171, 171, 171, 171, 171, 171, 171, 171]"
147,80,"[1, 4, 8, 19, 30, 53, 60, 61, 65, 75, 76, 79, 81, 82, 105, 106, 109, 111, 112, 119, 146, 148, 166, 184, 206, 212, 217, 231]",28,0.6767018460668623,0.2032637014053762,0.2654630053189716,"[325077166, 287336650, 325077150, 395590594, 307944324, 28121729, 458270749, 258982781, 87742785, 296064038]","[75, 8, 206, 212, 8, 8, 76, 76, 109, 76]"
148,80,"[0, 1, 6, 8, 10, 21, 30, 40, 43, 84, 93, 94, 112, 126, 130, 170, 171, 186, 200, 209, 214, 217, 224, 241]",24,0.5147554818540812,0.242180987726897,0.33421122522364993,"[71280009, 546455453, 95635881, 400278764, 509200431, 163464817, 163424852, 507441751, 503261427, 510645792]","[224, 224, 224, 224, 224, 224, 224, 224, 224, 224]"
149,80,"[0, 5, 10, 12, 18, 26, 51, 59, 67, 124, 126, 132, 236]",13,0.22023362619802356,0.08893203409388661,0.30870067643431515,"[541511178, 541511182, 194085273, 43236799, 541511183, 245424510, 194125449, 23781916, 270684300, 250027846]","[5, 5, 5, 5, 5, 5, 5, 5, 5, 5]"
150,80,"[36, 54, 109, 111, 112, 156, 167, 201]",8,0.12886446388438344,0.07135534752160311,0.35669756308197975,"[132817667, 564097636, 59680335, 37010459, 195097925, 294937515, 318963254, 409419718, 244794993, 85163744]","[36, 36, 36, 54, 36, 167, 36, 36, 36, 36]"
151,80,"[0, 2, 14, 25, 45, 48, 64, 68, 72, 110, 112, 114, 125, 129, 181, 183, 184, 194, 209, 217, 241]",21,0.33397491835057735,0.14378583943471313,0.28650847628402215,"[579272775, 198792342, 119054950, 122498423, 428817812, 348551822, 140935518, 343321797, 122476015, 334775338]","[68, 68, 68, 68, 68, 68, 68, 68, 68, 68]"
152,80,"[10, 18, 20, 33, 49, 61, 81, 85, 89, 96, 100, 106, 111, 112, 125, 128, 159, 164, 188, 194, 211, 213, 222, 241]",24,0.48603020375594497,0.22915910370647907,0.2789453909499571,"[105570492, 435767109, 599941963, 276670669, 262073926, 559609191, 43820742, 466590980, 574376076, 483285136]","[96, 125, 96, 96, 128, 96, 125, 125, 128, 125]"
153,80,"[2, 10, 20, 36, 37, 40, 54, 75, 81, 93, 96, 100, 106, 111, 112, 114, 126, 128, 129, 156, 164, 167, 181, 188, 194, 201, 211, 213, 214, 227, 234, 239, 241]",33,0.48988977167755365,0.37882488081231713,0.3404523579643644,"[90922693, 580125627, 531919694, 77621675, 486877138, 25465135, 60120932, 13266161, 359574809, 390449550]","[211, 81, 96, 81, 81, 81, 81, 81, 81, 2]"
154,80,"[8, 12, 38, 39, 70, 81, 84, 111, 112, 126, 132, 164, 167, 174, 175, 192, 194, 239]",18,0.3835334745235741,0.20912862056866288,0.36486726478000897,"[115100181, 262783279, 356919727, 223545910, 228977617, 552611349, 67552775, 25488434, 85002289, 565728022]","[84, 175, 192, 192, 192, 192, 192, 192, 192, 192]"
155,80,"[17, 20, 25, 39, 45, 48, 61, 64, 68, 77, 81, 100, 111, 125, 156, 165, 183, 184, 194, 213, 228, 235, 241]",23,0.4181281514465809,0.17319150269031525,0.3582323300955898,"[227716460, 437534632, 563016460, 595899684, 528585632, 242093159, 519476207, 401045029, 345423960, 181561685]","[68, 68, 68, 68, 68, 68, 68, 68, 68, 68]"
156,80,"[0, 32, 39, 52, 75, 91, 109, 117, 119, 133, 148, 171, 174, 186, 199, 200, 209, 241]",18,0.24980540247634053,0.17882973793894053,0.23851119882116714,"[561574493, 538941863, 461504633, 2155163, 348526226, 304166265, 446030645, 194953949, 215311216, 194960142]","[200, 200, 200, 200, 200, 200, 200, 200, 200, 200]"
157,80,"[4, 8, 10, 37, 39, 40, 43, 49, 52, 61, 67, 75, 77, 79, 81, 82, 89, 97, 106, 108, 109, 111, 112, 114, 126, 132, 133, 148, 166, 186, 188, 194, 200, 210, 213, 214, 216, 231, 239, 241, 242]",41,0.9001840371638536,0.34663523314520717,0.3045983262666751,"[477806359, 315167901, 217514137, 523159681, 22404047, 221715805, 519269859, 135075794, 502238607, 139290105]","[186, 10, 40, 75, 186, 8, 109, 8, 186, 4]"
158,80,"[1, 4, 6, 30, 39, 42, 49, 60, 77, 79, 82, 87, 106, 109, 111, 132, 146, 164, 165, 166, 187, 188, 195, 209, 210, 217, 221, 225, 227, 241]",30,0.6876618359237909,0.27380230790004134,0.29222117161843925,"[519835655, 538157273, 388304270, 388304272, 538157274, 232479446, 98895669, 318363603, 538157278, 102816328]","[187, 187, 187, 187, 187, 187, 221, 109, 187, 187]"
159,80,"[0, 2, 8, 10, 18, 25, 26, 36, 38, 46, 47, 57, 60, 61, 77, 92, 107, 112, 126, 129, 133, 152, 164, 166, 174, 178, 181, 184, 185, 201, 207, 209, 212, 215, 217, 222, 241]",37,0.6975867063738406,0.31377396965399384,0.2782245879376156,"[238638162, 536122103, 355775384, 55088653, 292680052, 55032120, 206028040, 443901149, 318878112, 547774955]","[8, 46, 212, 212, 241, 212, 241, 129, 2, 60]"
160,80,"[1, 2, 4, 6, 8, 25, 57, 60, 61, 75, 79, 82, 92, 99, 109, 112, 118, 122, 129, 133, 146, 152, 166, 168, 169, 207, 209, 211, 212, 222, 227, 228, 233, 240, 241]",35,0.7272018459625542,0.23040496883913875,0.258362497136529,"[108932684, 256200678, 30829057, 222750403, 339874296, 588889555, 75522853, 75577939, 588817807, 16998124]","[228, 207, 6, 228, 6, 6, 6, 6, 6, 207]"
161,80,"[20, 33, 39, 49, 77, 81, 85, 96, 100, 111, 112, 125, 128, 164, 188, 211, 228]",17,0.3412017351947725,0.17940461542457342,0.2933098383740905,"[44065614, 179348278, 196227061, 43290414, 398670924, 406460569, 495915116, 556150387, 364911082, 207472696]","[96, 96, 33, 85, 33, 33, 96, 96, 96, 96]"
162,80,"[10, 43, 49, 54, 58, 82, 109, 128, 132, 156, 165, 167, 186, 188, 194, 201, 214, 239, 241]",19,0.3681380143389106,0.14340158086270094,0.3015913611743599,"[372189215, 460893713, 242686067, 154230949, 509750085, 531825344, 156802197, 112683953, 106550283, 289661874]","[186, 109, 186, 109, 167, 186, 109, 58, 241, 109]"
163,80,"[1, 10, 14, 20, 30, 33, 37, 43, 61, 70, 75, 77, 81, 93, 106, 111, 112, 114, 125, 126, 133, 159, 164, 184, 188, 194, 201, 211, 213, 214, 217, 228]",32,0.6357016358524561,0.3012990355491638,0.3517478660141933,"[377887185, 471856179, 239041397, 86523242, 40695529, 446655610, 593763692, 283805603, 494931706, 105029832]","[77, 125, 37, 77, 37, 77, 37, 77, 81, 77]"
164,80,"[17, 20, 36, 43, 54, 58, 96, 156, 167, 188, 194, 201]",12,0.21423533093184233,0.1547327982261777,0.3014466428818802,"[382825464, 382791356, 139798550, 241518463, 139661159, 197307204, 197122395, 172313904, 177822160, 256633614]","[54, 54, 54, 201, 54, 54, 54, 54, 54, 54]"
165,80,"[0, 52, 61, 75, 91, 93, 97, 117, 133, 148, 159, 171, 186, 200, 209, 212, 224, 228]",18,0.2315720128826797,0.17457265965640545,0.23139193494959423,"[225308057, 236165849, 551637064, 271202674, 225294851, 343508960, 378929497, 414598141, 216633273, 141525903]","[117, 117, 117, 117, 117, 117, 117, 117, 171, 186]"
166,80,"[6, 10, 39, 49, 58, 77, 82, 88, 100, 107, 111, 120, 165, 166, 167, 168, 169, 188, 196, 199, 200, 227, 233, 239, 241]",25,0.49875352438539267,0.1819703560322523,0.3265684197843075,"[469502761, 408767841, 449429478, 449228667, 91063653, 87664472, 188483153, 436119478, 423521800, 91416017]","[196, 168, 196, 196, 168, 196, 196, 168, 168, 196]"
167,80,"[4, 20, 39, 70, 77, 82, 84, 93, 100, 105, 111, 112, 128, 132, 164, 167, 192, 194]",18,0.31342670740559697,0.14221716299653053,0.2981560068179129,"[224559852, 559322207, 541176579, 460707266, 362387758, 290855427, 160614502, 495271632, 72907774, 365464132]","[39, 128, 39, 39, 39, 39, 39, 39, 100, 82]"
168,80,"[14, 27, 32, 60, 63, 68, 77, 84, 93, 97, 99, 112, 126, 167, 175, 192, 194, 209, 217, 228, 239, 241]",22,0.40876036696136,0.16023160656914115,0.33263578885023226,"[244510764, 397488901, 306509257, 133988263, 66921421, 546401277, 119908493, 136010040, 459311214, 101468890]","[32, 32, 63, 63, 32, 32, 32, 32, 32, 32]"
169,80,"[20, 36, 54, 156, 192, 201]",6,0.08548347372561693,0.04738526279106736,0.3105505957501009,"[496007121, 125640005, 14409541, 146605441, 375462570, 347580490, 508260488, 15457791, 140065711, 588342549]","[36, 36, 36, 36, 36, 201, 36, 54, 54, 36]"
170,80,"[0, 6, 20, 36, 39, 46, 49, 58, 72, 77, 81, 85, 96, 100, 108, 110, 112, 125, 126, 128, 129, 164, 165, 167, 188, 194, 201, 210, 217, 227, 241]",31,0.6255666189827025,0.2864288305863738,0.3418821711318507,"[419460675, 479731829, 290422391, 464268983, 424787647, 298811605, 350911126, 351017656, 337207486, 256587053]","[20, 210, 164, 20, 210, 210, 20, 125, 20, 20]"
171,80,"[0, 17, 20, 33, 36, 37, 54, 61, 70, 81, 82, 96, 100, 105, 106, 111, 112, 125, 127, 128, 164, 167, 188, 192, 201, 213, 214, 241]",28,0.5051166857592762,0.29610835667699575,0.34740977416679797,"[276967714, 238030946, 574034175, 468349161, 264597840, 363692378, 113580006, 497890514, 544968739, 166921826]","[20, 20, 192, 213, 20, 192, 125, 106, 20, 20]"
172,80,"[10, 14, 17, 18, 43, 57, 61, 67, 77, 81, 84, 88, 112, 127, 133, 164, 167, 174, 207, 228, 241]",21,0.30760962795466185,0.20142752956598997,0.24436372240251375,"[436963377, 41425998, 573923195, 200860855, 432120631, 39364833, 234428732, 353743490, 303611741, 310392450]","[77, 77, 77, 77, 77, 77, 77, 77, 77, 77]"
173,80,"[8, 10, 17, 39, 43, 60, 64, 70, 84, 93, 105, 110, 112, 126, 127, 141, 175, 183, 184, 192, 194, 206, 216, 217, 225, 237, 239, 240, 244]",29,0.6965558528900146,0.22595282271504402,0.3319093957864519,"[421516192, 123334203, 334586467, 123334202, 420097424, 396249398, 508078072, 432729141, 357285491, 338106395]","[60, 60, 60, 60, 60, 60, 60, 60, 60, 60]"
174,80,"[8, 10, 14, 17, 27, 32, 51, 52, 53, 63, 70, 77, 87, 88, 93, 97, 99, 106, 108, 111, 112, 119, 126, 174, 187, 192, 194, 196, 201, 221, 224, 228, 239, 241]",34,0.5486123347654939,0.30681614903733134,0.3263259475009845,"[66236774, 335251301, 110095053, 171769894, 66243966, 240563277, 346573541, 479688324, 247553257, 456570413]","[93, 32, 32, 32, 93, 93, 32, 93, 32, 32]"
175,80,"[4, 6, 8, 63, 70, 82, 84, 93, 104, 105, 112, 127, 132, 159, 166, 167, 175, 192, 241]",19,0.5043701883405447,0.12227925285696983,0.22190894307813755,"[117436995, 529364040, 493597761, 548840527, 549319923, 405522861, 594085667, 207151906, 549325063, 589583790]","[84, 84, 84, 84, 84, 84, 192, 84, 84, 175]"
176,80,"[26, 36, 37, 54, 81, 111, 112, 129, 146, 156, 165, 167, 169, 187, 188, 196, 201, 211, 214, 217]",20,0.40280865877866745,0.17440353706479073,0.39946122901747005,"[505163271, 401411118, 125805490, 564320947, 507347585, 441812457, 578366134, 150867596, 343791582, 225892869]","[201, 167, 201, 54, 167, 54, 167, 201, 201, 201]"
177,80,"[1, 4, 6, 30, 39, 45, 65, 70, 84, 88, 93, 105, 108, 111, 112, 132, 167, 169, 175, 184, 192, 194, 196, 201, 217, 224]",26,0.6219360744580626,0.21300841541960835,0.32741551968949634,"[583864537, 445737795, 208676328, 493591620, 502994434, 152121484, 11749472, 150813866, 548504950, 450062982]","[192, 192, 93, 192, 192, 192, 84, 65, 93, 192]"
178,80,"[0, 4, 6, 10, 20, 26, 39, 49, 58, 61, 70, 77, 82, 84, 88, 89, 93, 100, 106, 108, 109, 111, 112, 125, 132, 165, 169, 175, 184, 188, 194, 200, 207, 210, 213, 217, 222, 227, 228, 234, 241]",41,0.7466096696443856,0.3632473088800907,0.29061772814588394,"[308670354, 592022775, 267011792, 492913202, 475784296, 579008437, 269634507, 551569304, 323250630, 172532783]","[20, 20, 20, 184, 20, 194, 194, 20, 20, 20]"
179,80,"[0, 1, 6, 8, 10, 17, 30, 39, 40, 43, 60, 63, 77, 82, 84, 91, 93, 97, 99, 112, 127, 132, 146, 148, 171, 175, 186, 194, 200, 202, 209, 224, 227, 239, 241]",35,0.7441711355932057,0.38375836377963424,0.2732538579763579,"[482489709, 482513369, 272075377, 190953394, 272075266, 560202704, 306209950, 218790679, 23390111, 475524205]","[6, 93, 8, 93, 8, 8, 77, 77, 93, 8]"
180,80,"[1, 6, 20, 39, 43, 49, 59, 63, 70, 77, 81, 82, 84, 93, 100, 111, 132, 146, 166, 167, 175, 192, 214, 227, 241]",25,0.5667832586914301,0.21563437720760703,0.2426676741614938,"[550905159, 246634158, 476949661, 311952454, 222413070, 157783429, 320641167, 496177960, 94727527, 28150409]","[81, 81, 81, 84, 81, 81, 81, 166, 81, 63]"
181,80,"[0, 5, 8, 10, 12, 17, 26, 51, 58, 67, 82, 111, 126, 132, 156, 164, 167, 169, 174, 181, 188, 194, 201, 211, 217, 221, 236, 239, 241]",29,0.5259363604709506,0.21743285097181797,0.3086659208357591,"[460349990, 164775229, 545020148, 450265851, 253605116, 556688818, 451282112, 207422151, 34019906, 489718353]","[67, 67, 67, 82, 67, 236, 67, 67, 167, 67]"
182,80,"[8, 10, 20, 36, 39, 59, 63, 70, 82, 84, 93, 111, 112, 126, 127, 132, 175, 192, 194, 239, 241]",21,0.43816718365997076,0.29555062809959054,0.3504823500157467,"[254509575, 130564082, 273043630, 127662267, 552817184, 553072338, 137902141, 34127478, 269396313, 526098036]","[192, 82, 82, 84, 84, 192, 10, 192, 192, 192]"
183,80,"[20, 45, 48, 63, 68, 70, 152, 183, 184, 192, 201, 215, 235]",13,0.15268805623054504,0.08753311261534691,0.24933980799351746,"[103572512, 218500680, 69235722, 227639106, 23055104, 326841520, 366728558, 86445881, 363464748, 353530693]","[235, 235, 235, 235, 235, 68, 235, 235, 235, 235]"
184,80,"[5, 10, 39, 49, 51, 54, 58, 72, 82, 89, 102, 106, 124, 132, 188, 194, 201, 213, 239, 242]",20,0.36077839601784945,0.16085829539224505,0.29401837605983017,"[202398807, 573977570, 140199749, 49493021, 285291463, 467778939, 285208869, 49429263, 234142149, 466627293]","[10, 242, 239, 10, 10, 188, 242, 10, 10, 242]"
185,80,"[2, 8, 10, 26, 51, 61, 70, 85, 89, 106, 111, 124, 126, 127, 132, 148, 152, 164, 169, 174, 181, 185, 188, 194, 201, 212, 216, 222, 231, 236, 237, 239, 241]",33,0.6931279678829014,0.24501194525510073,0.3033673574470661,"[388226724, 511745332, 48954299, 487167005, 276382473, 465429198, 146461299, 548233081, 105507382, 282144585]","[132, 10, 132, 185, 216, 237, 132, 2, 85, 181]"
186,80,"[6, 10, 37, 40, 43, 54, 59, 60, 67, 75, 81, 85, 97, 99, 109, 112, 133, 148, 159, 167, 171, 186, 194, 200, 201, 209, 210, 217, 224, 227, 239, 241]",32,0.6129427836276591,0.21636532479897141,0.2526639081333997,"[95901209, 250181636, 250214702, 188091529, 512314806, 28348846, 330634046, 466863412, 181101373, 103465531]","[186, 186, 186, 186, 133, 186, 43, 186, 43, 186]"
187,80,"[1, 5, 10, 12, 25, 38, 59, 63, 67, 77, 82, 84, 174, 175, 193, 195, 242]",17,0.3078454337082803,0.16487140441313386,0.17345198819085078,"[441212914, 199342980, 84693467, 175992831, 394989135, 84867293, 365170347, 352397999, 250757343, 56096698]","[5, 175, 175, 174, 174, 175, 174, 175, 77, 5]"
188,80,"[1, 5, 10, 20, 25, 46, 59, 61, 77, 81, 82, 84, 88, 93, 107, 112, 133, 167, 174, 175, 195, 210, 228, 240, 241]",25,0.4974224171601236,0.14390984363853931,0.18570935605093836,"[334562342, 334598495, 334598493, 168176079, 334501887, 375110893, 116216281, 117751874, 115872543, 168295608]","[46, 46, 46, 46, 46, 46, 46, 25, 46, 46]"
189,80,"[0, 8, 10, 20, 37, 54, 70, 85, 89, 96, 100, 108, 110, 111, 112, 125, 132, 156, 181, 184, 188, 194, 201, 213, 222, 241]",26,0.5021355864591897,0.31145830964669585,0.2872823126023062,"[6355308, 412575020, 410055028, 194819497, 509506255, 255599691, 61692006, 273340585, 531853675, 273536667]","[125, 96, 241, 125, 96, 241, 70, 54, 8, 188]"
190,80,"[2, 8, 14, 32, 38, 60, 92, 93, 106, 108, 112, 114, 126, 129, 159, 166, 174, 178, 194, 207, 209, 217, 224, 227, 239, 241]",26,0.4663333538919687,0.24210696760565042,0.3075943700611018,"[344564768, 357736761, 191845909, 573101429, 35045917, 301643958, 344703644, 130554732, 492702621, 394112207]","[32, 8, 60, 8, 32, 32, 32, 32, 32, 32]"
191,80,"[38, 65, 79, 92, 106, 112, 135, 139, 152, 207, 227]",11,0.15796987060457468,0.06405797461047769,0.20507418639449912,"[171442642, 32631619, 335520897, 501602611, 432581730, 539090239, 546251617, 361241062, 352322111, 494548963]","[227, 227, 227, 227, 227, 38, 227, 227, 227, 227]"
192,80,"[4, 10, 18, 29, 37, 72, 89, 96, 99, 102, 106, 125, 170, 172, 180, 221, 222, 242]",18,0.32860430562868714,0.13931676419451833,0.2903285744315427,"[318392068, 320139952, 117568705, 549951739, 2916007, 457005169, 389366056, 66118274, 98581984, 289795814]","[106, 180, 106, 180, 180, 242, 102, 102, 102, 102]"
193,80,"[10, 32, 39, 58, 60, 82, 93, 109, 128, 159, 175, 201, 216, 227, 239, 240, 241]",17,0.303250496275723,0.12128657195717096,0.220648077522021,"[538484149, 226255915, 538512593, 260666, 485981084, 266275898, 153495727, 478586406, 300018527, 511293266]","[240, 240, 240, 240, 240, 240, 240, 240, 240, 240]"
194,80,"[4, 25, 26, 57, 61, 65, 75, 97, 133, 148, 170, 231]",12,0.20529372245073318,0.08505457686260343,0.26995634867732105,"[176112770, 313600579, 10172977, 572186396, 548240362, 478226485, 470251629, 572678835, 11734662, 176079291]","[97, 65, 65, 65, 65, 65, 65, 65, 65, 26]"
195,80,"[10, 20, 39, 49, 58, 70, 77, 81, 82, 84, 100, 111, 128, 132, 188, 192, 194, 199, 213, 239]",20,0.3517953818663955,0.16241046506911516,0.31214125654660163,"[362343117, 284531044, 340689957, 329153369, 390289754, 143120312, 222551320, 19060061, 585852409, 4870671]","[82, 82, 82, 82, 39, 82, 39, 82, 82, 199]"
196,80,"[8, 14, 32, 38, 39, 46, 60, 70, 77, 93, 112, 128, 132, 159, 164, 174, 192, 194, 206, 209, 216, 224, 227, 228, 239, 240, 241]",27,0.4361344054341316,0.18047643266618252,0.24123543468993847,"[306931078, 405845132, 597686959, 82312785, 168998111, 597636209, 120938282, 432681985, 327950004, 511250089]","[93, 93, 93, 93, 240, 93, 93, 93, 240, 240]"
197,80,"[1, 2, 8, 14, 19, 32, 46, 47, 59, 75, 92, 93, 97, 118, 127, 133, 147, 159, 169, 174, 180, 185, 207, 209, 212, 216, 228, 237, 240]",29,0.5526903658173978,0.19082585349678993,0.2616049130126063,"[434719975, 472032412, 547329297, 270471031, 547553899, 480557183, 324237631, 520654767, 442910672, 396281211]","[97, 46, 32, 32, 32, 32, 97, 212, 212, 118]"
198,80,"[36, 54, 58, 156, 167, 169, 192, 201]",8,0.12014432763680816,0.12773178704082966,0.30698381675756536,"[117765081, 373308842, 190182926, 207357695, 144646103, 150867596, 329067235, 57539513, 359502231, 523309804]","[201, 201, 201, 201, 54, 201, 201, 201, 54, 201]"
199,80,"[17, 26, 36, 54, 58, 108, 129, 139, 156, 165, 167, 169, 187, 196, 201, 207, 211, 214, 217, 227]",20,0.3559488416649401,0.17425365094095469,0.37448769639013335,"[39345817, 161356029, 54506849, 586706085, 44487264, 387032307, 161446401, 6822141, 129685551, 64708726]","[167, 167, 167, 167, 167, 167, 201, 167, 167, 167]"
200,80,"[0, 5, 10, 12, 17, 18, 26, 48, 51, 57, 91, 115, 124, 126, 132, 169, 175, 181, 239]",19,0.34323029266670346,0.14102790504693985,0.35202538842139275,"[175096196, 260860729, 381846485, 296481143, 100710622, 175919348, 199360428, 397088663, 120517343, 515305740]","[26, 26, 12, 12, 12, 12, 12, 12, 12, 12]"
201,80,"[32, 39, 60, 63, 82, 84, 93, 100, 105, 109, 111, 112, 127, 128, 159, 166, 167, 168, 175, 192, 194, 196, 199, 216, 227, 237, 239, 240, 241]",29,0.6651265011169016,0.2353041572496295,0.31768603067331275,"[192395646, 90855074, 37233593, 37233594, 90855069, 90855073, 90855072, 397185503, 205513516, 171362839]","[63, 84, 84, 84, 84, 93, 39, 84, 84, 39]"
202,80,"[1, 5, 10, 49, 77, 82, 88, 93, 99, 146, 159, 166, 169, 174, 175, 194, 200, 207, 209, 216, 227, 237, 239, 240, 241]",25,0.534043725579977,0.15335756167769432,0.20875478794798255,"[377330137, 97447570, 30899884, 464460003, 171581726, 243250532, 189127591, 231977139, 410312031, 505238245]","[175, 175, 175, 159, 175, 175, 175, 175, 175, 175]"
203,80,"[20, 38, 43, 46, 54, 56, 57, 59, 60, 63, 67, 70, 82, 84, 89, 104, 105, 111, 127, 128, 159, 174, 175, 185, 192, 209, 216, 237, 240, 241]",30,0.6753564644604921,0.18679594760760665,0.23747135526500643,"[583040551, 557307240, 205637431, 304503096, 135118508, 484396091, 578949748, 122910414, 39186597, 370398741]","[84, 128, 237, 237, 192, 237, 127, 60, 84, 237]"
204,80,"[10, 18, 20, 49, 58, 77, 81, 82, 93, 96, 100, 106, 132, 146, 164, 167, 175, 188, 211, 239, 241, 242]",22,0.3121484569273889,0.21751557011157274,0.20716742807152597,"[575735573, 458857627, 111196413, 205813791, 458945783, 385545486, 541713224, 119116526, 320037205, 358419389]","[81, 49, 49, 10, 49, 49, 49, 77, 49, 77]"
205,80,"[10, 20, 29, 39, 49, 72, 82, 89, 96, 102, 106, 124, 132, 179, 188, 194, 213, 242]",18,0.30294348904863,0.143822162412107,0.2941548648911218,"[245250692, 321331342, 239518695, 262741634, 64990351, 73491323, 220129541, 428522198, 377067390, 545767797]","[188, 242, 242, 242, 242, 242, 242, 72, 242, 72]"
206,80,"[12, 26, 45, 48, 64, 65, 68, 106, 108, 111, 112, 164, 183, 184, 194, 213, 215]",17,0.2485745521262288,0.13307571224868298,0.32246327316662404,"[190700844, 136395417, 488840874, 488773708, 481299369, 75870846, 263187519, 267748222, 190684424, 597462537]","[68, 68, 48, 48, 68, 68, 68, 68, 68, 68]"
207,80,"[0, 8, 10, 20, 26, 33, 36, 37, 54, 58, 70, 100, 106, 108, 110, 111, 112, 128, 156, 164, 167, 169, 188, 192, 194, 201, 213, 239]",28,0.6140557210892439,0.2290956168435514,0.3046591556381567,"[80352651, 258132591, 599103989, 269933265, 172759973, 279711769, 492165791, 444384675, 157303392, 87612113]","[54, 36, 54, 54, 54, 54, 36, 213, 54, 194]"
208,80,"[4, 5, 8, 10, 49, 61, 77, 81, 82, 85, 88, 100, 112, 127, 132, 146, 169, 175, 195, 210, 211, 228, 241]",23,0.5139202098362148,0.14249843917787075,0.20422924012350646,"[191219637, 561236930, 335134646, 274196408, 572823003, 336144356, 249925343, 237006714, 150856497, 369261323]","[77, 77, 10, 77, 77, 77, 100, 10, 127, 100]"
209,80,"[0, 10, 17, 20, 33, 61, 81, 85, 89, 96, 100, 125, 164, 188, 194, 222]",16,0.39879379561170936,0.11335287522524595,0.2858427660976304,"[457932028, 424620168, 270001057, 126485989, 494806968, 474884568, 74788566, 192111966, 411217520, 499019896]","[125, 125, 96, 125, 125, 125, 85, 125, 125, 96]"
210,80,"[1, 39, 60, 80, 109, 146, 159, 166, 206, 209, 239, 240]",12,0.2671572221443057,0.0765702836215496,0.23086224119955054,"[282181337, 178507622, 228138065, 250579398, 15306275, 250574266, 209004159, 442590983, 318470684, 283438076]","[240, 240, 240, 240, 240, 240, 60, 240, 240, 60]"
211,80,"[0, 4, 10, 39, 49, 82, 100, 111, 112, 120, 128, 146, 164, 165, 169, 188, 194, 196, 227, 239, 241]",21,0.32315467996522784,0.23198683559894562,0.34420351817139555,"[421614196, 564513897, 305104709, 169826821, 191842553, 705389, 20298494, 238211637, 564394163, 201239098]","[82, 0, 0, 120, 82, 39, 49, 100, 0, 100]"
212,80,"[0, 1, 5, 10, 25, 46, 56, 59, 63, 67, 77, 82, 84, 91, 127, 132, 133, 159, 175, 209, 210, 216, 224, 239, 241]",25,0.6122224647551775,0.15186974732205272,0.2011898879054934,"[427804312, 358787744, 519149511, 291297814, 456252842, 519010642, 543821520, 513653417, 44796746, 519699142]","[175, 46, 46, 46, 5, 46, 46, 25, 46, 46]"
213,80,"[20, 22, 61, 63, 65, 70, 84, 102, 104, 105, 106, 112, 131, 147, 152, 192, 195, 221]",18,0.264208123087883,0.18475341005250812,0.2495760461832914,"[204398649, 300328709, 558467379, 371938691, 558590194, 544707789, 206269197, 294209137, 558590247, 95669075]","[22, 22, 22, 22, 22, 22, 22, 22, 22, 22]"
214,80,"[6, 30, 39, 40, 60, 75, 91, 109, 112, 129, 148, 159, 171, 186, 200, 209, 212, 224, 240]",19,0.27974194660782814,0.1346427625976503,0.271200504006916,"[267139604, 504362065, 314766071, 503767635, 240944350, 587386477, 200675898, 98637538, 346695252, 269399973]","[91, 91, 91, 91, 91, 91, 91, 91, 91, 91]"
215,80,"[20, 39, 58, 59, 60, 70, 72, 77, 82, 84, 93, 100, 111, 112, 119, 128, 163, 188, 192, 194, 213, 214, 217, 234, 239]",25,0.42998231388628483,0.25780003098770976,0.33481291314587,"[393240007, 186621488, 476534121, 101264138, 376103890, 78231511, 337600592, 6324193, 88350989, 227699365]","[82, 82, 82, 60, 82, 82, 82, 39, 82, 39]"
216,80,"[14, 17, 27, 32, 63, 93, 97, 111, 112, 192, 194, 216, 224, 228, 239]",15,0.2585204504430294,0.12456306722015142,0.38456132883826893,"[545738633, 131520801, 22256055, 209620308, 342089625, 478804827, 412804426, 460533547, 182740574, 504022969]","[32, 228, 32, 32, 32, 32, 228, 32, 32, 32]"
217,80,"[10, 17, 20, 33, 37, 39, 49, 58, 81, 82, 100, 106, 109, 111, 120, 128, 146, 164, 165, 188, 194, 199, 209, 213, 239, 241, 242]",27,0.5577185149304569,0.2673661825247109,0.3528309417888522,"[29651365, 181530598, 342643440, 283438531, 74957088, 402439230, 260622019, 413157942, 530632299, 330618031]","[17, 49, 82, 100, 49, 49, 199, 128, 17, 49]"
218,80,"[10, 39, 49, 59, 60, 72, 81, 82, 89, 93, 99, 100, 106, 109, 111, 112, 128, 132, 159, 165, 168, 188, 194, 196, 199, 210, 213, 217, 227, 233, 234, 239]",32,0.56548290560022,0.3056951821781695,0.3393185894747148,"[280640095, 277331506, 259608549, 524474363, 212001876, 515146148, 311527520, 260505673, 465222397, 98852285]","[199, 233, 239, 39, 39, 10, 128, 60, 39, 233]"
219,80,"[1, 27, 32, 42, 53, 75, 80, 109, 112, 117, 119, 206, 240]",13,0.24167311331257224,0.09165505645796657,0.2404941069499518,"[8696237, 112356361, 152426640, 371110076, 152569041, 287037603, 18920992, 558990484, 359534568, 114455695]","[27, 27, 27, 27, 27, 27, 27, 27, 27, 27]"
220,80,"[4, 20, 22, 37, 61, 63, 67, 70, 82, 84, 100, 104, 105, 131, 153, 167, 169, 192, 222]",19,0.3543969299644232,0.13383081881329417,0.22633905922013678,"[225365826, 215754056, 536732895, 430759733, 280571589, 10298824, 150427883, 31452712, 540102773, 223818139]","[105, 22, 61, 105, 153, 105, 70, 105, 105, 105]"
221,80,"[0, 4, 8, 10, 17, 20, 49, 77, 82, 88, 100, 106, 111, 126, 132, 133, 164, 169, 188, 194, 228, 239, 241, 242]",24,0.42345236660912633,0.18358729081228375,0.30889342990121804,"[554741423, 138022694, 549189925, 486320206, 433911307, 72330407, 485239585, 55619757, 278282486, 71705776]","[10, 194, 239, 10, 77, 49, 49, 17, 100, 242]"
222,80,"[0, 10, 17, 18, 26, 36, 43, 45, 48, 54, 67, 96, 125, 126, 128, 164, 183, 184, 188, 194, 201, 213, 215, 239]",24,0.3984387181699276,0.24243078287690878,0.36282719633891247,"[75657568, 499399679, 500920022, 530989305, 427708890, 121838834, 75728776, 370266957, 409790152, 337671548]","[188, 194, 188, 215, 188, 188, 188, 125, 215, 215]"
223,80,"[1, 4, 10, 32, 37, 43, 77, 82, 93, 97, 112, 114, 133, 164, 165, 166, 167, 174, 186, 188, 192, 201, 217, 221, 224, 228, 239, 241]",28,0.6431677187792957,0.262884019408375,0.3179528746487839,"[499165963, 244806872, 39179679, 62184164, 387930108, 515925033, 23305869, 336165488, 388217715, 190090106]","[93, 93, 93, 93, 93, 93, 93, 93, 93, 93]"
224,80,"[0, 5, 10, 22, 33, 51, 59, 67, 72, 82, 84, 89, 96, 99, 102, 104, 106, 109, 111, 132, 146, 169, 175, 179, 182, 188, 192, 193, 200, 209, 210, 216, 221, 222, 237, 239]",36,0.7488232157193124,0.25858188746497035,0.24374341847012854,"[154837546, 399263082, 142742184, 262616471, 365575534, 142742154, 142742176, 301028781, 494265480, 76460396]","[10, 10, 239, 106, 72, 5, 5, 222, 109, 182]"
225,80,"[10, 18, 20, 37, 40, 43, 49, 54, 60, 75, 81, 89, 106, 108, 109, 111, 112, 114, 126, 128, 132, 146, 148, 163, 164, 181, 186, 188, 194, 200, 209, 210, 213, 239, 242]",35,0.6532867723144591,0.3234261739999056,0.3103129264699029,"[500500670, 204872419, 261717024, 448708491, 108034951, 316048887, 316260945, 308059852, 271403247, 283243693]","[109, 109, 109, 109, 109, 10, 109, 109, 109, 109]"
226,80,"[0, 1, 7, 8, 14, 19, 25, 46, 47, 61, 93, 107, 118, 147, 159, 170, 174, 178, 200, 209, 212, 228, 230, 237, 241]",25,0.5104700610972941,0.15146471746265888,0.2255617263354361,"[278009245, 326881909, 354220824, 200689784, 435322483, 338557570, 278009243, 277984274, 578033863, 213097581]","[170, 19, 170, 170, 228, 19, 19, 19, 228, 19]"
227,80,"[1, 4, 20, 39, 49, 63, 70, 81, 82, 84, 100, 132, 166, 169, 175, 192]",16,0.4184999568387866,0.12102833203971386,0.23775337997358292,"[70718408, 185309778, 234748239, 169715958, 190064966, 408452482, 449549112, 190011432, 485474420, 1012876]","[175, 84, 84, 84, 1, 84, 84, 1, 84, 84]"
228,80,"[1, 5, 10, 51, 59, 72, 106, 111, 118, 131, 161, 172, 174, 179, 180, 181, 195, 211, 221, 239]",20,0.3701344048604369,0.13594711618497968,0.25858868996147066,"[461672923, 469749072, 23241304, 297472075, 432341210, 591050149, 6267407, 419969441, 23439075, 443494384]","[174, 174, 51, 51, 239, 174, 174, 174, 174, 174]"
229,80,"[0, 10, 12, 26, 51, 115, 124, 126, 132, 181, 194, 239]",12,0.23050653468817472,0.09651517122983932,0.4170787881400126,"[165110528, 67586582, 99217799, 224393251, 134889273, 210985184, 466738673, 594482286, 512128119, 586084807]","[51, 124, 51, 239, 115, 239, 124, 12, 124, 239]"
230,80,"[0, 1, 4, 8, 14, 17, 27, 32, 49, 53, 61, 75, 77, 82, 93, 97, 106, 110, 111, 112, 117, 165, 169, 192, 194, 196, 201, 206, 214, 221, 228, 231, 239, 241]",34,0.6790904034860432,0.3271559113636613,0.3226495739620398,"[474953049, 3530994, 80636957, 332889903, 111052390, 73800392, 265626474, 443255431, 443331686, 1847177]","[228, 228, 194, 93, 228, 32, 241, 32, 32, 32]"
231,80,"[1, 4, 6, 14, 25, 38, 59, 61, 77, 81, 82, 88, 99, 106, 107, 111, 112, 125, 132, 135, 146, 164, 166, 178, 184, 207, 210, 213, 222, 227, 228, 237, 241]",33,0.5815232605673373,0.2748723910190165,0.23496208202347837,"[89991653, 140059817, 580530365, 168182756, 104853591, 419975735, 143005337, 428699298, 584630012, 80501965]","[107, 107, 88, 166, 166, 88, 107, 88, 88, 61]"
232,80,"[0, 4, 8, 19, 21, 29, 30, 65, 75, 82, 105, 112, 113, 123, 124, 131, 134, 147, 148, 161, 168, 172, 202, 211, 237, 241]",26,0.431523279286921,0.22698591509833932,0.2679953222306302,"[573933241, 98713409, 573933238, 177909277, 588077037, 147394442, 16811723, 555803159, 91107562, 380499007]","[8, 30, 8, 21, 8, 131, 241, 8, 131, 8]"
233,80,"[4, 5, 10, 17, 20, 26, 33, 43, 49, 54, 59, 67, 81, 82, 89, 100, 102, 106, 132, 180, 188, 194, 200, 201, 236, 242]",26,0.4872869127430022,0.3084503971040249,0.2496653004692724,"[504984856, 242431554, 239327738, 144211494, 126373020, 396066068, 194968599, 212705817, 100333149, 111084544]","[49, 242, 242, 54, 10, 49, 188, 49, 54, 49]"
234,80,"[4, 5, 10, 17, 26, 57, 77, 82, 102, 106, 166, 172, 174, 175, 188, 195, 233, 242]",18,0.3771421108394861,0.13079714262858033,0.24916759551140583,"[159770241, 344713989, 576938714, 267320803, 98413529, 584767076, 112874534, 591298840, 551654143, 187169498]","[5, 5, 5, 5, 5, 5, 5, 5, 5, 5]"
235,80,"[14, 20, 39, 49, 58, 60, 77, 84, 85, 96, 100, 111, 112, 128, 135, 146, 165, 166, 167, 168, 194, 196, 213, 221, 227, 234, 241]",27,0.5922848428599536,0.1995304012671113,0.33587762114971326,"[207287074, 581377569, 487295500, 315719430, 581364594, 241399605, 260869230, 76527956, 263214848, 473129382]","[166, 166, 166, 166, 166, 166, 166, 166, 166, 166]"
236,80,"[27, 30, 32, 37, 39, 49, 53, 60, 61, 76, 79, 82, 87, 105, 106, 109, 111, 112, 146, 148, 165, 187, 195, 206, 217, 221, 225, 227, 244]",29,0.6410604128614068,0.21987612172961235,0.32414969943206884,"[72613487, 252807156, 173678311, 513130372, 385651436, 413571677, 185251042, 327254144, 71337707, 209409921]","[32, 187, 27, 244, 27, 187, 27, 187, 109, 227]"
237,80,"[0, 1, 4, 19, 46, 52, 59, 61, 63, 67, 75, 99, 106, 123, 131, 133, 147, 175, 182, 193, 195, 209, 228, 237, 240, 241, 242]",27,0.4902786072343588,0.15388450911268592,0.20045911689737328,"[146209864, 207416052, 443569561, 308277021, 19206867, 192562765, 244611117, 199106263, 200513652, 308914882]","[19, 19, 19, 19, 228, 19, 19, 19, 19, 19]"
238,80,"[0, 8, 10, 12, 20, 39, 49, 63, 70, 77, 82, 84, 100, 111, 112, 125, 126, 127, 146, 164, 167, 175, 188, 192, 194, 239, 241]",27,0.4873183690942824,0.26750087458640337,0.33032024116255343,"[111866789, 389621074, 459518741, 258697845, 30828443, 420000791, 278139817, 190378584, 241714159, 29720461]","[20, 82, 20, 20, 20, 20, 20, 20, 20, 20]"
239,80,"[20, 36, 43, 54, 59, 67, 70, 104, 156, 167, 188, 192, 201]",13,0.29916778998449445,0.08565771207213402,0.23252568191562134,"[576170942, 471806674, 540790931, 576845681, 471806675, 47270806, 497348389, 341138726, 437624085, 593293856]","[54, 54, 54, 54, 54, 54, 54, 54, 54, 54]"
240,80,"[1, 6, 14, 20, 39, 49, 58, 61, 77, 81, 99, 100, 111, 135, 146, 165, 166, 167, 168, 200, 201, 210, 211, 227, 233, 241]",26,0.5890226513147354,0.1770747508853674,0.27561503178619134,"[465379783, 533899989, 570130124, 470519715, 311758170, 592727661, 476286188, 339323604, 384752977, 544977346]","[166, 166, 166, 166, 166, 166, 166, 166, 166, 166]"
241,80,"[0, 10, 17, 18, 29, 43, 51, 52, 64, 70, 97, 108, 111, 114, 126, 132, 181, 188, 192, 194, 201, 215, 239]",23,0.45471858140081167,0.17915617115795612,0.3768405847494369,"[387494349, 418437896, 142854679, 5729768, 441430417, 466042600, 220021585, 435016144, 177368619, 278381767]","[17, 114, 10, 17, 10, 192, 17, 10, 17, 126]"
242,80,"[14, 20, 54, 61, 70, 72, 77, 85, 88, 89, 96, 106, 112, 125, 165, 167, 188, 194, 201, 210, 213, 242]",22,0.41924978978931904,0.2289646095596254,0.31490814046595583,"[61204959, 761823, 555866732, 299371034, 499356352, 351830174, 5598323, 530384155, 89250462, 577712007]","[125, 14, 14, 14, 14, 14, 14, 14, 14, 14]"
243,80,"[4, 22, 27, 30, 32, 42, 56, 59, 67, 82, 84, 93, 104, 105, 131, 170, 180, 182, 192, 195, 209, 236, 241, 242]",24,0.42787293531000614,0.2207710058428347,0.24459724091381455,"[277112741, 412518062, 412187181, 93936348, 197684119, 93936342, 243063315, 197802243, 10632284, 312754310]","[59, 59, 104, 59, 32, 209, 59, 209, 209, 59]"
244,80,"[0, 1, 8, 10, 32, 39, 43, 60, 61, 75, 77, 81, 82, 93, 106, 108, 111, 112, 129, 164, 171, 174, 175, 194, 206, 211, 212, 217, 224, 227, 239, 241]",32,0.6411823658272624,0.2777129518799484,0.25211753922485514,"[313444692, 588249407, 476325483, 222662854, 435256884, 142206264, 420042020, 175706998, 561255511, 35624740]","[241, 32, 32, 8, 8, 241, 241, 32, 32, 0]"
245,80,"[2, 57, 85, 152, 166, 182, 193, 207, 210, 222, 233, 237]",12,0.3629574794322252,0.07082017930224538,0.21846712592135495,"[256759132, 99533321, 256964906, 92583006, 184019389, 299765828, 256556031, 493483566, 572516081, 55115253]","[57, 57, 57, 57, 57, 57, 57, 57, 57, 57]"
246,80,"[20, 43, 59, 64, 67, 70, 82, 84, 93, 105, 112, 141, 167, 175, 186, 192, 209, 214, 217, 224]",20,0.3944241092540324,0.14356804778799415,0.2737526095006615,"[1251765, 586105672, 267429588, 459914452, 224696016, 93685992, 350919020, 454666523, 401097672, 475758851]","[43, 43, 43, 43, 43, 43, 43, 43, 43, 43]"
247,80,"[0, 2, 8, 10, 20, 38, 39, 43, 58, 60, 77, 82, 88, 92, 111, 112, 128, 139, 171, 175, 188, 194, 222, 227, 239, 241]",26,0.5331041635945439,0.1745039918459952,0.23620122715006941,"[263920439, 590359249, 60052471, 110667555, 489818873, 32238832, 106514885, 60052463, 45466740, 151809483]","[128, 128, 188, 20, 39, 188, 139, 194, 128, 188]"
248,80,"[0, 6, 8, 10, 18, 30, 32, 40, 60, 84, 93, 105, 111, 112, 122, 126, 133, 171, 181, 186, 192, 200, 202, 209, 212, 214, 224, 227, 239, 241]",30,0.581888732034713,0.302555360365659,0.36930597700799506,"[417626872, 432668821, 136047029, 417719329, 515175143, 388113716, 116519538, 466821590, 532062416, 349897224]","[84, 84, 133, 18, 105, 186, 200, 18, 192, 84]"
249,80,"[17, 20, 37, 45, 61, 63, 67, 70, 89, 110, 111, 112, 119, 125, 132, 175, 181, 184, 192, 194, 213, 215, 235]",23,0.4873210908845067,0.18131534894928336,0.33269292146534374,"[349775003, 515826092, 14830073, 277428547, 339887798, 187344339, 81588480, 385121512, 171432387, 106007664]","[235, 63, 45, 235, 235, 125, 63, 235, 235, 45]"
250,80,"[1, 6, 8, 32, 39, 58, 60, 82, 106, 109, 111, 112, 115, 128, 146, 148, 166, 196, 206, 216, 239, 240]",22,0.4736589537933469,0.21618583612143993,0.29475365772801027,"[69230666, 478950957, 336633819, 287498137, 144197282, 555327371, 580140457, 54105543, 66945193, 69233970]","[60, 60, 60, 240, 240, 60, 60, 60, 60, 240]"
251,80,"[25, 57, 81, 85, 99, 112, 146, 152, 182, 193, 207, 210, 221, 222, 227, 233]",16,0.3051754361949861,0.1614868794567883,0.217444901514682,"[130600393, 296953335, 339453212, 182597693, 16753632, 450069847, 450547638, 472006806, 67926576, 181223926]","[57, 207, 207, 182, 222, 207, 222, 57, 57, 207]"
252,80,"[10, 20, 49, 72, 81, 82, 89, 93, 100, 111, 120, 128, 132, 159, 163, 164, 188, 213, 227, 234, 241, 242]",22,0.3789018993265927,0.15094270277768373,0.2524935095253485,"[556708913, 142114823, 367074455, 158353305, 565558185, 347110418, 147560058, 487930366, 477208341, 375497994]","[100, 100, 128, 100, 100, 100, 100, 100, 100, 100]"
253,80,"[6, 10, 17, 20, 39, 49, 58, 77, 82, 100, 109, 110, 128, 165, 188, 194, 213, 242]",18,0.26723146066069603,0.20944721391424537,0.3533652124331436,"[302744492, 333148443, 436608571, 393663660, 300917590, 262104474, 429844938, 119623098, 187265929, 264070712]","[82, 82, 82, 82, 82, 82, 82, 82, 82, 82]"
254,80,"[4, 10, 20, 33, 61, 63, 67, 70, 77, 81, 82, 84, 100, 105, 111, 125, 127, 132, 159, 167, 175, 188, 192, 201, 213]",25,0.49843143904581666,0.18659802991896868,0.28449226048775017,"[118146128, 48794137, 151510097, 589768549, 496864727, 62343332, 598481862, 318836595, 266668750, 338114455]","[20, 20, 20, 81, 82, 33, 20, 81, 20, 175]"
255,80,"[2, 8, 18, 26, 38, 47, 91, 112, 115, 118, 127, 152, 159, 166, 174, 181, 216, 237, 240]",19,0.5072409817948937,0.12356783263385296,0.29585735220462084,"[292534411, 328159846, 30202463, 359212294, 131355395, 357597443, 298166651, 131350912, 455746047, 71636407]","[237, 237, 237, 237, 237, 237, 237, 237, 237, 237]"
256,80,"[0, 8, 10, 33, 49, 51, 60, 72, 75, 96, 97, 106, 109, 111, 112, 115, 124, 126, 159, 164, 170, 171, 174, 181, 194, 202, 209, 217, 224, 227, 239, 241]",32,0.6522124279290438,0.3081683092750609,0.3545069094543578,"[252591723, 234806344, 244780871, 416954526, 258167317, 357861873, 125246433, 16986123, 19114631, 182566740]","[10, 241, 241, 8, 8, 164, 97, 0, 239, 241]"
257,80,"[30, 75, 93, 109, 117, 171, 174, 186, 200, 206, 209, 224]",12,0.14232903299853206,0.08275629533454776,0.27105244658499333,"[434153040, 529403482, 120493665, 529403479, 529403503, 134269616, 522449877, 327915963, 152912651, 188758845]","[117, 117, 117, 117, 117, 117, 117, 171, 117, 117]"
258,80,"[1, 6, 8, 27, 30, 32, 39, 60, 75, 76, 80, 82, 93, 100, 106, 109, 111, 112, 119, 128, 155, 165, 194, 199, 206, 209, 214, 217, 239, 241]",30,0.6343224328011274,0.28891952661797404,0.3448910487194856,"[88701253, 490342025, 69535511, 123830971, 134522396, 18282864, 123830953, 591348524, 219917206, 597691292]","[80, 32, 206, 80, 80, 80, 60, 80, 80, 80]"
259,80,"[1, 27, 32, 42, 52, 53, 60, 75, 80, 93, 109, 112, 117, 133, 206, 217, 224]",17,0.2665607393719256,0.10951171116903424,0.25829229216255684,"[154732199, 154732197, 572262770, 347563760, 288178730, 239702580, 144061373, 288178726, 239702579, 572968631]","[117, 27, 117, 117, 27, 117, 117, 117, 117, 117]"
260,80,"[1, 19, 21, 29, 30, 38, 61, 82, 87, 88, 97, 106, 108, 111, 112, 123, 126, 131, 146, 164, 165, 167, 169, 172, 175, 183, 195, 196, 202, 207, 217, 230, 231]",33,0.7170411576516926,0.2554383520036936,0.37066615583854867,"[100286525, 155553042, 10122994, 135317774, 176003473, 100286527, 155553047, 155553079, 88261564, 155883553]","[217, 196, 217, 217, 207, 217, 217, 217, 230, 217]"
261,80,"[1, 27, 42, 53, 75, 76, 77, 79, 80, 82, 106, 109, 132, 133, 146, 148, 171, 187, 206, 207, 210, 212, 225, 231, 240]",25,0.5204817466437817,0.1553924847394228,0.1929514771979302,"[4524895, 74550604, 74550609, 445787907, 88456256, 295186495, 558808179, 207826055, 316764553, 133329912]","[109, 206, 80, 109, 109, 109, 206, 206, 109, 206]"
262,80,"[1, 4, 6, 30, 37, 39, 40, 49, 82, 100, 106, 109, 112, 123, 146, 163, 165, 171, 183, 187, 194, 214, 217, 221, 224, 230]",26,0.5263619259931147,0.2662022141739726,0.3869288143916772,"[95720623, 53701756, 503153203, 466037083, 484857871, 175107495, 71433789, 484505856, 301139874, 379825590]","[6, 6, 163, 6, 183, 6, 163, 183, 183, 6]"
263,80,"[10, 26, 49, 58, 59, 61, 67, 70, 72, 82, 88, 89, 100, 106, 111, 112, 132, 146, 169, 175, 188, 194, 196, 210, 222, 227, 233, 239, 241, 242]",30,0.5276248808950186,0.28880003467202187,0.2512230854559069,"[557928172, 347969678, 222915391, 257069672, 278161760, 433835864, 278093455, 123740052, 140390112, 122787582]","[241, 10, 241, 49, 241, 241, 241, 241, 132, 241]"
264,80,"[32, 39, 60, 80, 109, 115, 128, 206, 239, 240]",10,0.18992539681494236,0.06825741473585367,0.2927188313100487,"[233407006, 435570483, 480249928, 291933944, 322897174, 563613627, 185204568, 484928148, 269699980, 165684051]","[60, 60, 60, 240, 240, 60, 240, 240, 60, 240]"
265,80,"[0, 4, 7, 10, 18, 26, 29, 30, 37, 40, 43, 52, 67, 75, 81, 97, 106, 108, 109, 112, 114, 126, 132, 133, 148, 164, 186, 188, 200, 224, 231]",31,0.5085768289864063,0.23353967117145658,0.3147250769975325,"[523497108, 527786466, 325126919, 557678687, 451363458, 5017229, 339036093, 528044045, 117516005, 411534122]","[186, 109, 200, 126, 186, 75, 126, 200, 40, 133]"
266,80,"[10, 20, 33, 54, 70, 77, 81, 82, 84, 89, 96, 111, 132, 167, 175, 188, 192, 194, 213, 241]",20,0.5048886258155107,0.14342724531888962,0.2760981333674863,"[488077353, 50386072, 552280843, 329747043, 49049533, 137424482, 27657960, 166176937, 540642273, 511570617]","[241, 96, 188, 188, 188, 20, 188, 241, 84, 188]"
267,80,"[4, 20, 39, 43, 54, 70, 82, 84, 96, 100, 104, 105, 111, 125, 132, 167, 188, 192, 222]",19,0.3517509363591671,0.2139700474217534,0.29802781059161615,"[78764858, 371787682, 408203775, 156049288, 510702858, 111762927, 525953634, 141530784, 262088274, 371787683]","[20, 82, 20, 82, 188, 20, 84, 20, 20, 82]"
268,80,"[18, 43, 45, 48, 54, 70, 183, 192, 215, 235]",10,0.17329489579424262,0.14393227268010378,0.26797857333440334,"[74747535, 93361313, 394235956, 171012032, 242572753, 273894787, 567164578, 471474406, 267827370, 90293096]","[235, 235, 235, 235, 235, 235, 235, 235, 235, 235]"
269,80,"[4, 8, 10, 20, 39, 49, 61, 63, 70, 82, 84, 100, 104, 105, 112, 132, 169, 175, 192, 222, 241]",21,0.45642025023698807,0.1556746899150312,0.233503102324903,"[403834415, 39792019, 212352928, 209676733, 39751463, 164593737, 267393903, 355470976, 112690799, 150243399]","[4, 105, 105, 105, 105, 20, 70, 100, 20, 100]"
270,80,"[0, 1, 6, 8, 10, 30, 46, 49, 58, 77, 81, 82, 93, 100, 109, 111, 129, 132, 146, 164, 165, 166, 167, 168, 169, 171, 194, 196, 201, 211, 214, 217, 227, 241]",34,0.684387547429651,0.32415299164131284,0.32142810405725064,"[502140063, 250722537, 405150403, 71652752, 572451043, 119499054, 291357335, 444628632, 441571600, 364471701]","[6, 6, 6, 6, 6, 227, 6, 49, 6, 6]"
271,80,"[10, 20, 33, 36, 39, 43, 49, 54, 67, 85, 96, 100, 106, 109, 111, 112, 125, 128, 139, 156, 188, 201, 241]",23,0.5468963840976357,0.22835363820195198,0.28171198340335296,"[138546516, 360930416, 81687041, 77469376, 60367323, 191875909, 424990887, 100667324, 2889470, 492037150]","[128, 128, 96, 96, 96, 156, 128, 36, 128, 20]"
272,80,"[0, 5, 7, 8, 10, 12, 43, 51, 67, 70, 82, 93, 97, 106, 111, 112, 114, 122, 126, 132, 133, 134, 175, 188, 192, 202]",26,0.5755369579419494,0.2553563732653856,0.356126002734527,"[96228366, 336577159, 451951829, 491439662, 509772699, 7131706, 437331133, 436212736, 142619170, 66709713]","[175, 97, 175, 97, 97, 114, 97, 97, 97, 97]"
273,80,"[4, 6, 10, 17, 37, 49, 72, 81, 82, 89, 100, 102, 106, 108, 109, 111, 146, 164, 165, 180, 193, 210, 214, 221, 241, 242]",26,0.5495555722154677,0.218465905636549,0.3364699328533159,"[64111972, 323016300, 412946388, 38554838, 192523111, 56080863, 419973672, 56080895, 443251926, 338179057]","[106, 106, 180, 242, 106, 180, 106, 106, 17, 180]"
274,80,"[0, 2, 10, 17, 43, 47, 52, 54, 59, 60, 67, 111, 112, 114, 126, 127, 133, 141, 159, 170, 186, 188, 192, 193, 194, 200, 201, 217, 224, 239, 241]",31,0.7053757621906698,0.22361914813518524,0.3439487683391499,"[26248581, 241734167, 387166986, 278457651, 336161745, 328554913, 408259553, 31417085, 439845467, 584980869]","[67, 60, 67, 192, 67, 200, 200, 43, 114, 67]"
275,80,"[0, 10, 20, 39, 49, 58, 77, 82, 84, 100, 111, 120, 127, 128, 132, 164, 188, 194, 227, 239, 241]",21,0.34596166014671326,0.1570665705949068,0.27286696102514507,"[9783334, 408762294, 495212845, 284531044, 247032399, 437489512, 338284993, 564394163, 495426882, 62715298]","[100, 82, 82, 82, 82, 82, 82, 0, 82, 100]"
276,80,"[1, 4, 22, 25, 30, 49, 59, 67, 85, 104, 107, 159, 180, 182, 195, 200, 209, 210, 212, 221, 228, 236, 241, 242]",24,0.5211586775258183,0.21314066695049405,0.22450997553338917,"[436029570, 329168428, 321753880, 63366943, 207872475, 525951911, 233499756, 93308388, 371060307, 433422438]","[59, 59, 59, 59, 59, 59, 59, 59, 59, 59]"
277,80,"[4, 20, 22, 25, 59, 61, 67, 70, 82, 89, 102, 104, 105, 106, 127, 131, 152, 153, 175, 180, 185, 193, 195, 209, 216, 221, 222, 228, 236, 242]",30,0.6392644685693085,0.26099636359140277,0.22743597029087445,"[31946965, 32028002, 327591504, 31946964, 32028005, 3732107, 269001050, 41456240, 32028003, 373177213]","[104, 22, 22, 22, 22, 104, 22, 104, 22, 22]"
278,80,"[0, 1, 4, 5, 8, 10, 43, 46, 48, 59, 67, 70, 75, 77, 79, 82, 92, 93, 112, 114, 159, 163, 170, 171, 174, 175, 183, 186, 195, 207, 209, 212, 215, 221, 228, 241]",36,0.7598802270367742,0.21854907600209117,0.21654337900043982,"[439466226, 352621923, 352621907, 529409137, 352621916, 20351559, 423643659, 570471915, 331805645, 510207290]","[48, 48, 48, 48, 48, 48, 48, 48, 48, 48]"
279,80,"[30, 32, 38, 57, 92, 147, 159, 174, 175, 207, 209, 222, 227, 239, 240]",15,0.23808435956016183,0.10231938865035772,0.25551718041921656,"[567262646, 426251557, 169248418, 229299783, 455673218, 332339887, 162829623, 229299782, 418125855, 473109885]","[38, 92, 92, 92, 38, 38, 38, 38, 38, 38]"
280,80,"[0, 10, 17, 20, 33, 49, 67, 85, 96, 100, 125, 128, 188, 194, 241]",15,0.38561568735167384,0.09766679257154465,0.27851198671075206,"[396548653, 309202531, 234819638, 300725854, 540915380, 285929706, 348090363, 230152569, 267221799, 432588080]","[128, 96, 96, 96, 96, 125, 125, 188, 96, 128]"
281,80,"[4, 20, 22, 33, 70, 81, 82, 96, 100, 105, 111, 112, 125, 164, 167, 192, 213, 222]",18,0.33610094618052244,0.20709923934191465,0.3411134166591283,"[20923670, 540673869, 350376678, 540747418, 217346705, 69426985, 453014098, 497906646, 93762365, 374645979]","[82, 20, 20, 20, 20, 105, 82, 20, 20, 20]"
282,80,"[1, 8, 14, 63, 77, 82, 84, 88, 93, 126, 174, 175, 192, 209, 227, 228, 241]",17,0.38259340450167656,0.1728880782611668,0.27033033124719036,"[237467098, 394836151, 331258768, 570891779, 233516283, 348749289, 432906528, 128599997, 469465863, 107087306]","[63, 63, 63, 63, 63, 63, 63, 63, 63, 63]"
283,80,"[2, 4, 10, 14, 25, 37, 49, 75, 79, 81, 82, 85, 99, 106, 109, 111, 112, 128, 129, 132, 146, 164, 166, 167, 210, 211, 212, 227, 236]",29,0.6429511746391654,0.1969996690750122,0.22123680267772028,"[14160279, 240923643, 124464333, 18049756, 252664233, 322446158, 317465019, 596311698, 546175938, 581347274]","[129, 129, 129, 210, 212, 129, 129, 129, 129, 129]"
284,80,"[0, 6, 7, 8, 30, 40, 65, 68, 69, 94, 109, 112, 147, 163, 170, 171, 178, 183, 184, 214, 217, 224, 227, 230, 244]",25,0.3742505507543683,0.23655872279778123,0.2818816141691059,"[431831254, 155854511, 408143314, 408143312, 431831252, 107602992, 83280226, 406208072, 431831258, 362856087]","[183, 183, 183, 183, 183, 183, 183, 183, 183, 183]"
285,80,"[0, 4, 8, 10, 14, 17, 32, 39, 60, 67, 70, 77, 93, 97, 108, 111, 112, 114, 126, 133, 159, 166, 174, 192, 194, 211, 217, 224, 228, 239, 241]",31,0.6362632396630943,0.22363437619060278,0.3486349048588665,"[375218254, 598190198, 532143385, 86506156, 157048494, 275996308, 422003407, 576584029, 299904349, 526597483]","[8, 77, 194, 194, 126, 32, 241, 60, 32, 194]"
286,80,"[4, 10, 18, 20, 37, 49, 63, 70, 77, 81, 82, 84, 93, 105, 127, 132, 146, 148, 164, 167, 175, 192, 216]",23,0.32458531204611063,0.2355024293065071,0.24191704995768226,"[115478596, 276582602, 276458099, 237320852, 501324429, 475940014, 186992543, 265900715, 503664932, 276582619]","[84, 84, 84, 84, 82, 63, 82, 84, 84, 84]"
287,80,"[0, 4, 8, 10, 12, 17, 26, 51, 72, 97, 102, 106, 108, 115, 124, 126, 132, 148, 159, 164, 181, 194, 199, 202, 239]",25,0.5036673387512565,0.20664403028786182,0.37132479227147996,"[471365001, 112823909, 302991610, 77084173, 333874711, 591885078, 559222040, 229436305, 292698943, 452131875]","[12, 202, 97, 115, 202, 239, 51, 51, 10, 115]"
288,80,"[0, 2, 4, 20, 36, 59, 63, 67, 70, 82, 96, 104, 131, 132, 159, 174, 175, 193, 194, 200, 216, 237, 240]",23,0.3869515988044441,0.22101391851902008,0.22138852925728197,"[95079664, 6995034, 382751863, 54040974, 94218543, 82557147, 274729266, 302296427, 103575768, 214671186]","[216, 216, 20, 216, 216, 20, 216, 20, 20, 216]"
289,80,"[1, 27, 39, 53, 60, 75, 76, 80, 93, 119, 186, 187, 209, 231, 244]",15,0.2329524690285325,0.09697376284748316,0.24663423215970398,"[380973569, 271812242, 477320796, 537280464, 348833724, 154506859, 446038035, 380973568, 265680106, 565356010]","[76, 76, 76, 76, 80, 76, 80, 76, 76, 76]"
290,80,"[0, 1, 22, 63, 70, 82, 84, 88, 91, 92, 93, 104, 105, 111, 112, 132, 159, 168, 169, 175, 192, 196, 227, 233, 241]",25,0.6453481097705662,0.18713127775117755,0.2625457860901952,"[388853099, 26542497, 74220946, 335026136, 388836128, 196866050, 74220947, 482047181, 435157765, 196442594]","[88, 22, 63, 63, 241, 63, 22, 168, 63, 63]"
291,80,"[2, 24, 52, 63, 70, 84, 104, 105, 111, 112, 126, 174, 175, 192, 209, 228, 239]",17,0.4048304921016097,0.1193571574985981,0.3411137806799482,"[55180270, 103121914, 118339017, 99301987, 262222674, 99291397, 236103545, 486978041, 566763224, 99848174]","[84, 84, 84, 84, 84, 84, 84, 84, 84, 84]"
292,80,"[4, 8, 17, 20, 37, 61, 70, 77, 81, 82, 100, 105, 106, 111, 112, 114, 127, 132, 147, 148, 192, 216, 228]",23,0.3810430276207626,0.2540361415594816,0.32187688995517144,"[318687032, 8127326, 206135421, 339360629, 24993123, 476017675, 389185006, 543692718, 373880418, 107836378]","[70, 70, 70, 216, 70, 70, 70, 70, 70, 4]"
293,80,"[0, 8, 10, 12, 17, 18, 26, 51, 91, 97, 108, 111, 124, 126, 164, 181, 194, 201]",18,0.36726252268999815,0.20095549384132028,0.4005110971370919,"[522144825, 427752155, 135433315, 516705024, 529288445, 66014884, 198395389, 501176436, 14137287, 466767167]","[12, 12, 8, 12, 12, 126, 126, 126, 12, 12]"
294,80,"[4, 10, 17, 20, 33, 39, 49, 59, 72, 77, 81, 82, 85, 96, 100, 106, 109, 111, 146, 164, 165, 180, 188, 196, 199, 210, 221, 222, 227, 241, 242]",31,0.6165524669922888,0.29126375913619995,0.3164724668848418,"[76718141, 392924510, 213001197, 31985819, 465010500, 481653608, 54140497, 238448094, 321712525, 465599065]","[59, 59, 199, 199, 82, 222, 82, 49, 180, 242]"
295,80,"[0, 20, 33, 39, 81, 85, 96, 100, 106, 111, 112, 125, 128, 164, 188, 194, 221, 241]",18,0.39494494581595063,0.18530403589829803,0.31155118769189966,"[114969831, 115587342, 244816907, 81162601, 491732537, 261569981, 593270778, 99561046, 295186079, 101588859]","[96, 128, 128, 128, 128, 96, 96, 96, 85, 96]"
296,80,"[1, 4, 6, 8, 14, 19, 30, 60, 61, 76, 77, 79, 82, 88, 94, 106, 109, 112, 113, 118, 123, 146, 165, 166, 168, 171, 172, 174, 175, 195, 196, 211, 217]",33,0.7515816553495824,0.27847919845953584,0.3045201586545304,"[234745481, 49592205, 221277948, 91376011, 583958907, 471280807, 75869336, 346710300, 469776017, 37912832]","[76, 146, 146, 6, 6, 6, 6, 6, 1, 8]"
297,80,"[25, 38, 46, 59, 61, 81, 107, 127, 135, 159, 167, 178, 180, 195, 200]",15,0.22412164509296417,0.09316987497732043,0.23170101277840635,"[107707630, 251702169, 349422183, 258577381, 293295108, 3886142, 310056089, 112748181, 85933121, 416647347]","[25, 25, 25, 25, 25, 25, 25, 25, 25, 25]"
298,80,"[6, 8, 10, 20, 36, 39, 43, 49, 54, 58, 82, 84, 96, 111, 112, 128, 132, 156, 165, 169, 183, 188, 194, 201, 214, 217, 239, 241]",28,0.5208199224434793,0.26292907539755106,0.32830231684991823,"[244741781, 590280384, 259061008, 361386152, 190277138, 417630863, 401074696, 506590550, 235663289, 584665657]","[241, 165, 54, 8, 8, 58, 6, 8, 6, 241]"
299,80,"[0, 10, 17, 20, 29, 49, 54, 58, 61, 70, 72, 81, 82, 85, 87, 89, 100, 106, 110, 111, 119, 125, 132, 156, 164, 165, 169, 188, 194, 195, 196, 201, 213, 222, 241, 242]",36,0.6503159087151289,0.3414791780523956,0.31071244184082997,"[128986416, 187345598, 323592530, 89989777, 128986421, 128986418, 102556579, 451978116, 289799620, 550730162]","[54, 54, 54, 54, 54, 54, 54, 54, 54, 54]"
300,80,"[1, 4, 8, 10, 14, 20, 33, 47, 49, 70, 77, 81, 82, 85, 88, 100, 125, 146, 164, 166, 167, 174, 188, 192, 211, 227, 228, 241]",28,0.7244706964120269,0.16086686914786696,0.2095666879571841,"[5216647, 509310598, 377754002, 212973792, 253702497, 495077904, 214806816, 480882189, 49895144, 442373188]","[20, 20, 20, 20, 20, 20, 20, 20, 20, 20]"
301,80,"[0, 8, 32, 39, 60, 75, 93, 106, 109, 111, 112, 122, 206, 214, 239, 240, 241]",17,0.3642587955109775,0.12793118227273226,0.3350892161320457,"[497578005, 349264836, 497578006, 81124550, 349264835, 81124549, 81124548, 500290248, 347801903, 145364578]","[240, 240, 240, 240, 240, 240, 240, 240, 32, 60]"
302,80,"[1, 14, 20, 49, 54, 58, 77, 81, 82, 84, 112, 133, 165, 167, 201, 210, 211, 239, 241]",19,0.40687632467597723,0.11919520422816277,0.26000820442200884,"[445623010, 506029373, 429980722, 430081626, 513194856, 286861706, 49633225, 293035612, 349471252, 270230003]","[167, 167, 167, 167, 167, 167, 241, 167, 14, 167]"
303,80,"[4, 32, 57, 88, 92, 99, 108, 111, 112, 153, 168, 169, 182, 193, 196, 207, 222, 233, 241]",19,0.39350519329309464,0.13048719288781285,0.2814249297309863,"[598671264, 509956869, 500365692, 265121756, 97553281, 352027178, 203257239, 44434902, 440711441, 208667523]","[99, 99, 99, 99, 99, 99, 99, 99, 99, 233]"
304,80,"[5, 12, 17, 18, 25, 30, 46, 52, 56, 57, 59, 60, 67, 70, 82, 93, 97, 112, 117, 123, 126, 127, 147, 159, 168, 171, 174, 175, 186, 192, 194, 209, 216, 217, 224, 239, 240]",37,0.6812601047568023,0.27416688622906804,0.3470916839857661,"[577762919, 255007978, 60443879, 577608766, 514573485, 299531063, 255023888, 581111003, 576785035, 580928674]","[224, 224, 224, 224, 224, 224, 224, 224, 224, 224]"
305,80,"[1, 6, 8, 30, 32, 40, 43, 60, 65, 76, 93, 109, 112, 167, 171, 183, 186, 194, 200, 201, 214, 217, 227]",23,0.5132439872249961,0.16833919612690806,0.2869555768556893,"[139267695, 145939144, 5992337, 96066774, 381690692, 145936449, 381407749, 224293438, 104133120, 304284504]","[183, 183, 183, 183, 183, 183, 183, 183, 183, 183]"
306,80,"[0, 10, 67, 99, 111, 159, 166, 174, 175, 188, 193, 200, 209, 216, 236, 239, 241]",17,0.42981802485883236,0.09933240106329322,0.21784212071832051,"[525591755, 245352853, 477671370, 335749123, 311773372, 537628334, 467431416, 239218509, 269115772, 547675010]","[200, 200, 200, 241, 200, 200, 200, 200, 200, 200]"
307,80,"[1, 4, 6, 27, 32, 39, 49, 60, 77, 82, 88, 93, 99, 112, 117, 129, 146, 165, 166, 168, 169, 171, 174, 175, 192, 194, 196, 209, 224, 227, 239, 241]",32,0.6653670077212155,0.23127613589167595,0.29433400894049555,"[29670877, 75212121, 450094956, 319234280, 204078119, 55398033, 79306088, 79418598, 456825237, 271948929]","[32, 32, 32, 32, 32, 32, 32, 32, 32, 32]"
308,80,"[0, 8, 10, 17, 26, 48, 51, 60, 93, 97, 106, 108, 112, 114, 115, 125, 126, 148, 164, 170, 181, 201, 202, 214, 215, 239, 241]",27,0.5108400047756732,0.27704363875091076,0.38965935900772886,"[437276629, 572946020, 176968180, 40391899, 219098741, 380825642, 599176839, 328644929, 198727508, 332416979]","[17, 202, 114, 17, 8, 106, 8, 17, 51, 51]"
309,80,"[7, 37, 40, 43, 70, 97, 106, 109, 114, 122, 128, 130, 134, 186, 214]",15,0.32138069067150354,0.19187520118430257,0.37272117496468127,"[250002006, 507623102, 364536939, 283040642, 289056465, 549644117, 56252653, 320349076, 56252656, 62358601]","[130, 130, 130, 114, 130, 130, 130, 130, 130, 130]"
310,80,"[2, 8, 57, 112, 169, 174, 185, 207, 212, 228, 236, 237]",12,0.20379755645990372,0.07758888136595488,0.22744021038912857,"[340466601, 343078558, 9052792, 397794235, 524707455, 1235958, 397640572, 108990028, 221377139, 586288111]","[185, 185, 185, 185, 185, 185, 185, 185, 185, 185]"
311,80,"[10, 20, 26, 49, 54, 58, 77, 81, 82, 96, 132, 164, 165, 167, 188, 201, 210, 239, 241]",19,0.32999084051698446,0.13978607719764113,0.27547916943991657,"[472898258, 38976580, 38793200, 411477906, 274007832, 38661789, 59068555, 233421355, 38725191, 468982041]","[167, 167, 167, 58, 167, 167, 167, 167, 167, 167]"
312,80,"[57, 59, 79, 99, 104, 146, 166, 168, 169, 182, 195, 196, 210, 222, 233, 242]",16,0.43829252384603024,0.0974351754412055,0.2358986535400618,"[522755097, 42882853, 104879620, 315508756, 134808188, 547013967, 66300891, 31382543, 148963986, 306691597]","[182, 182, 182, 182, 182, 182, 182, 182, 182, 182]"
313,80,"[45, 63, 68, 70, 84, 105, 112, 126, 167, 175, 184, 192, 215, 235]",14,0.3064262573607266,0.10049992566928267,0.3508460969564372,"[18131858, 95450006, 368361321, 51649025, 242472231, 212280112, 184956394, 469312614, 5733679, 267401067]","[45, 45, 45, 45, 192, 175, 45, 45, 45, 45]"
314,80,"[0, 8, 10, 20, 39, 49, 58, 60, 70, 77, 82, 84, 100, 108, 128, 132, 164, 188, 192, 194, 239, 241]",22,0.37710803048685193,0.15112040052190423,0.23799482255708426,"[457131305, 60335653, 396419128, 396405833, 10567406, 328642351, 77785246, 77785252, 599727782, 333148443]","[82, 82, 82, 82, 82, 82, 82, 82, 39, 82]"
315,80,"[27, 32, 42, 53, 60, 76, 80, 109, 117, 206, 217, 231, 244]",13,0.15012420201674104,0.08583371713757515,0.260385698495576,"[121994479, 294990698, 9686834, 194219986, 465824620, 133438173, 358078894, 474592803, 121994492, 592479638]","[80, 80, 117, 117, 117, 80, 117, 27, 80, 80]"
316,80,"[1, 10, 20, 30, 39, 42, 43, 49, 59, 60, 70, 79, 82, 87, 89, 100, 106, 108, 109, 111, 112, 128, 132, 146, 155, 165, 170, 188, 194, 196, 199, 210, 214, 217, 239, 241, 242]",37,0.8697411431930959,0.26943735871464014,0.3118151799788246,"[138398492, 101027280, 110756647, 126808357, 95179376, 94188709, 440460668, 384357497, 299207006, 295110340]","[170, 188, 199, 146, 188, 188, 170, 109, 106, 194]"
317,80,"[1, 5, 10, 18, 30, 39, 52, 59, 60, 67, 70, 82, 84, 93, 97, 109, 112, 127, 132, 146, 159, 166, 169, 174, 175, 186, 192, 194, 209, 217, 224, 239, 240]",33,0.7032424751669168,0.31574123771861196,0.2949434192568967,"[70318687, 58447535, 550317659, 572513295, 258863647, 22016492, 10970730, 143491125, 209411845, 22069964]","[186, 175, 175, 175, 175, 175, 186, 224, 84, 175]"
318,80,"[4, 6, 20, 22, 29, 30, 37, 45, 53, 65, 68, 70, 82, 105, 106, 108, 112, 114, 146, 164, 165, 170, 183, 184, 187, 194, 214, 215, 216, 217, 221, 230, 239, 244]",34,0.49331231508404016,0.3196637830697,0.34100764711825726,"[160082892, 575235169, 12570383, 21795038, 575039607, 514049798, 503733855, 504216570, 323604396, 575215736]","[45, 30, 45, 20, 45, 114, 244, 30, 114, 45]"
319,80,"[1, 19, 20, 38, 39, 61, 63, 70, 77, 82, 84, 87, 89, 93, 100, 105, 110, 112, 131, 132, 175, 192, 194, 195, 196, 213, 216, 217, 228, 230]",30,0.552495354320854,0.36052777245640755,0.27938539982618144,"[404430696, 478209292, 255281848, 124742263, 434579361, 70192081, 95208796, 93719088, 31421830, 8267672]","[82, 82, 82, 82, 84, 82, 82, 82, 82, 82]"
320,80,"[10, 26, 45, 48, 106, 108, 111, 112, 125, 132, 165, 181, 183, 184, 213, 215, 231]",17,0.33641973324120045,0.14561470970511436,0.40845045202192576,"[52618152, 555619238, 232770354, 199290394, 43187242, 303678495, 221596449, 290253010, 74336512, 343785151]","[184, 45, 48, 45, 48, 184, 48, 45, 48, 48]"
321,80,"[2, 4, 20, 22, 49, 54, 58, 70, 82, 88, 89, 99, 104, 106, 109, 112, 132, 146, 153, 168, 169, 175, 188, 196, 199, 210, 222, 242]",28,0.5472959098406136,0.26006333669647574,0.22917758453071915,"[251701214, 443194988, 564137913, 514168124, 326173960, 115160297, 587293941, 313045269, 495545030, 500891690]","[54, 196, 196, 82, 196, 242, 22, 168, 22, 169]"
322,80,"[2, 14, 30, 36, 37, 61, 70, 77, 81, 93, 97, 111, 112, 114, 125, 127, 133, 164, 167, 213, 217, 228, 241]",23,0.38534496910870075,0.2629980375058949,0.3855022558355299,"[270088517, 582146151, 201988538, 262195009, 97510527, 71834092, 582163762, 520338230, 348415935, 333991130]","[77, 77, 77, 77, 77, 133, 77, 77, 77, 2]"
323,80,"[4, 6, 10, 37, 47, 49, 61, 77, 81, 82, 100, 106, 108, 109, 111, 118, 132, 146, 148, 164, 165, 169, 174, 184, 188, 196, 201, 211, 221, 227, 241, 242]",32,0.5930490978062153,0.23438124498352408,0.2865421730602975,"[250227701, 240150965, 573000340, 443189876, 223674422, 540246192, 337826098, 214691156, 578753768, 266404996]","[118, 211, 118, 211, 118, 118, 211, 118, 118, 118]"
324,80,"[0, 4, 5, 7, 8, 10, 26, 37, 49, 67, 70, 84, 89, 93, 97, 100, 106, 108, 111, 112, 125, 126, 132, 148, 153, 167, 169, 175, 188, 201, 209, 221, 234, 239, 241, 242]",36,0.6538682137615979,0.38520608050748706,0.2914262499091112,"[85417606, 295622573, 79120277, 129075217, 548796090, 491329140, 80040657, 310260921, 173815382, 209912267]","[67, 67, 67, 175, 175, 175, 67, 5, 67, 67]"
325,80,"[1, 14, 18, 22, 25, 57, 59, 61, 72, 77, 85, 88, 96, 102, 106, 107, 112, 133, 175, 180, 193, 195, 210, 221, 222, 228, 242]",27,0.5738636064343154,0.22932601952925324,0.23229476834509383,"[376544986, 422034686, 27172278, 369991730, 279344354, 279344348, 499148572, 342077845, 295894959, 61039767]","[14, 14, 14, 14, 14, 14, 14, 14, 14, 14]"
326,80,"[4, 10, 12, 18, 26, 38, 39, 61, 63, 65, 70, 82, 84, 99, 108, 126, 127, 148, 159, 166, 174, 175, 192, 194, 224, 227, 239]",27,0.5148157654330134,0.18743895553052425,0.29550767309653264,"[163720348, 178744323, 303363349, 540420683, 420048160, 203465133, 598019073, 75062176, 586327506, 201721442]","[84, 84, 84, 84, 84, 84, 26, 192, 84, 82]"
327,80,"[10, 20, 36, 43, 49, 54, 81, 82, 89, 114, 128, 132, 156, 167, 181, 188, 194, 201, 211, 239]",20,0.3047770974226296,0.19879945600405335,0.2376002763165161,"[159288444, 38808316, 307546577, 391326468, 99375541, 261009372, 391785252, 231719413, 324748583, 582697220]","[81, 201, 81, 188, 54, 201, 54, 188, 201, 54]"
328,80,"[0, 10, 21, 43, 51, 60, 64, 67, 72, 97, 106, 111, 112, 113, 126, 132, 141, 170, 181, 188, 194, 217, 224, 239]",24,0.43665629532188177,0.18779518129304051,0.34746007083837566,"[389698482, 529341033, 596668526, 278049718, 529137787, 303838005, 506328360, 547669178, 210118703, 159159732]","[43, 188, 43, 43, 43, 43, 43, 43, 67, 43]"
329,80,"[4, 20, 22, 37, 61, 70, 81, 104, 105, 106, 111, 125, 131, 169, 209, 213, 222, 235]",18,0.29822539119049907,0.2086438164114952,0.30206266548743266,"[561552294, 523052135, 125005289, 272524316, 372093244, 63028551, 168415727, 555325823, 439618392, 570907051]","[20, 20, 20, 20, 20, 22, 20, 20, 20, 20]"
330,80,"[6, 60, 75, 79, 93, 109, 117, 148, 171, 186, 200, 209, 224]",13,0.21381216123700142,0.08019599225372076,0.2136010592803359,"[73456656, 340992822, 161731028, 444706990, 30464257, 21010602, 34874051, 527769665, 331779429, 150252288]","[186, 186, 186, 186, 186, 186, 186, 171, 186, 186]"
331,80,"[1, 4, 6, 8, 19, 25, 46, 49, 61, 65, 75, 81, 88, 99, 107, 109, 111, 112, 135, 166, 168, 171, 178, 207, 212, 225, 227, 233, 241]",29,0.6546790637075901,0.1757201193831861,0.21852597538863533,"[232624377, 33312517, 472638865, 240079707, 487422558, 84536342, 122995399, 350658106, 140634095, 140634106]","[6, 6, 171, 6, 6, 6, 6, 6, 6, 6]"
332,80,"[4, 18, 19, 30, 57, 59, 61, 67, 70, 97, 104, 105, 108, 109, 148, 152, 169, 172, 180, 182, 200, 209, 221, 228, 237, 242]",26,0.384828963316977,0.33260400081053376,0.2809446947828222,"[50829515, 548338818, 297373147, 156881617, 583971860, 15786981, 68767785, 598937358, 588877634, 102125686]","[19, 19, 19, 19, 61, 19, 172, 19, 19, 172]"
333,80,"[7, 37, 40, 43, 46, 52, 53, 54, 64, 70, 75, 93, 97, 111, 112, 114, 126, 130, 133, 141, 186, 192, 201, 214, 217, 224, 228]",27,0.5028123273514211,0.20893443888053298,0.3620500140650957,"[21887721, 318607203, 21887722, 531088696, 90982543, 71946271, 359378817, 507939321, 547793894, 21963044]","[186, 133, 40, 141, 141, 43, 46, 40, 186, 40]"
334,80,"[1, 2, 5, 47, 59, 79, 107, 118, 131, 152, 170, 172, 195, 209, 211, 221, 228, 236, 237, 242]",20,0.4417437366209924,0.11529432330280542,0.2262582165421918,"[270925514, 270865632, 242068515, 9440026, 228027150, 270275797, 232203974, 144506678, 298397353, 228212695]","[47, 118, 47, 59, 59, 59, 47, 47, 47, 59]"
335,80,"[20, 33, 36, 39, 49, 58, 61, 70, 77, 81, 82, 85, 93, 96, 100, 110, 111, 112, 125, 128, 164, 167, 188, 192, 194, 210, 213, 222, 228, 239, 241]",31,0.6345206699334085,0.2252842145971954,0.2895075752955651,"[363153840, 411780743, 411780746, 411780744, 214836, 160616538, 460545696, 411780742, 1177445, 411780747]","[125, 85, 96, 85, 125, 125, 20, 85, 85, 96]"
336,80,"[10, 20, 36, 49, 54, 58, 100, 111, 128, 167, 188, 192, 194, 201, 239, 241]",16,0.30582094145938754,0.12432994972914457,0.29618518296047114,"[37021387, 32247138, 456505601, 37021385, 230219770, 211701126, 553699472, 145497854, 299963746, 538192582]","[36, 36, 36, 36, 36, 36, 36, 36, 36, 36]"
337,80,"[0, 48, 64, 68, 76, 97, 110, 112, 119, 163, 183, 184, 217, 244]",14,0.23958590533584356,0.09694259241223335,0.2913020895794034,"[95368777, 203473006, 564303123, 277178435, 468460632, 529337852, 193696745, 584147459, 277377922, 165704899]","[184, 184, 184, 184, 184, 184, 184, 184, 184, 184]"
338,80,"[1, 4, 8, 10, 20, 33, 37, 39, 49, 58, 59, 61, 75, 77, 81, 82, 89, 96, 100, 106, 109, 111, 112, 128, 132, 146, 164, 166, 167, 175, 188, 194, 209, 210, 221, 222, 239, 241]",38,0.9705323982052505,0.26284485403448343,0.238736519430715,"[169170096, 409683914, 32223169, 159672601, 556234577, 537613018, 239813570, 408124604, 597290452, 362369840]","[241, 59, 241, 128, 109, 241, 194, 241, 49, 111]"
339,80,"[1, 2, 7, 8, 32, 38, 42, 52, 70, 75, 84, 92, 105, 106, 111, 112, 117, 126, 127, 139, 152, 159, 174, 192, 206, 209, 216, 224, 239, 240]",30,0.5567205208353698,0.21848443616181612,0.3147206357990702,"[320861935, 320707800, 172479299, 490859056, 193478910, 538813565, 392701744, 533184112, 598098150, 490153215]","[92, 38, 92, 92, 92, 92, 92, 38, 92, 92]"
340,80,"[0, 6, 8, 10, 17, 39, 42, 49, 84, 88, 93, 96, 100, 106, 111, 112, 126, 147, 165, 168, 169, 171, 181, 192, 196, 212, 214, 227, 233, 239, 241]",31,0.6684783231467009,0.2583908489905298,0.3903186898903861,"[566077754, 110245053, 6262598, 110245051, 205334998, 110245054, 205334999, 594313346, 278180273, 110245044]","[93, 42, 93, 93, 93, 93, 17, 93, 93, 93]"
341,80,"[10, 63, 70, 82, 84, 104, 127, 132, 175, 192, 240]",11,0.30238876678049564,0.07915909541770816,0.2541650354184888,"[154769397, 14327567, 505277148, 597756374, 362975021, 333711429, 73146961, 155733062, 201779799, 272740960]","[84, 84, 84, 84, 84, 192, 192, 84, 84, 84]"
342,80,"[26, 36, 54, 58, 77, 165, 167, 171, 201, 210, 211, 217, 241]",13,0.2391870515421033,0.09632297791540623,0.33801430431552804,"[544529226, 178126547, 434004728, 124219897, 364333490, 295274232, 546813437, 487292630, 137599263, 80328316]","[167, 167, 167, 167, 167, 167, 167, 167, 167, 167]"
343,80,"[2, 4, 6, 8, 10, 30, 46, 49, 61, 67, 77, 81, 82, 89, 97, 100, 106, 109, 111, 112, 118, 125, 127, 146, 164, 169, 174, 184, 188, 195, 200, 210, 211, 221, 222, 228, 236, 237, 241]",39,0.6484831650741398,0.3943755980581045,0.27557963937616503,"[436797442, 276814764, 55574759, 97774481, 403917104, 74599469, 184576798, 395513711, 121073826, 396184890]","[118, 118, 118, 118, 241, 210, 118, 118, 125, 118]"
344,80,"[10, 18, 20, 33, 36, 37, 54, 81, 96, 112, 125, 126, 156, 164, 167, 181, 188, 201, 241]",19,0.3785815783776343,0.13786888681352139,0.33203589015542284,"[324570433, 429380287, 499501922, 232114775, 14509374, 322419595, 159206067, 243527012, 323327970, 201968293]","[201, 96, 54, 96, 156, 54, 201, 164, 241, 156]"
345,80,"[10, 20, 22, 39, 49, 59, 60, 70, 72, 81, 82, 84, 89, 100, 105, 106, 111, 112, 128, 132, 175, 188, 192, 194, 209, 210, 221, 234, 239]",29,0.5085013723000884,0.27293279953300953,0.2692400044440452,"[247018026, 411741082, 225625059, 401105112, 86262583, 268623661, 264515711, 502463944, 96923747, 38214044]","[20, 82, 84, 20, 192, 100, 20, 82, 82, 10]"
346,80,"[7, 8, 30, 37, 40, 43, 67, 71, 94, 97, 106, 109, 111, 112, 114, 122, 126, 129, 130, 199, 202, 214, 217, 241]",24,0.6449478860013187,0.20186359621584415,0.441928227005216,"[469885381, 322296349, 345771787, 528473605, 270259749, 242203901, 528328358, 202729390, 528553760, 321245463]","[40, 40, 114, 40, 40, 40, 40, 40, 40, 114]"
347,80,"[5, 10, 20, 26, 49, 67, 70, 72, 81, 82, 89, 102, 106, 132, 146, 169, 175, 188, 201, 213, 241, 242]",22,0.3673829068429768,0.22501166118308902,0.23451682850083505,"[150965396, 408040541, 105712961, 443720079, 141603146, 131836456, 144030917, 31356448, 317439346, 219300585]","[175, 10, 5, 10, 82, 10, 10, 5, 5, 5]"
348,80,"[17, 20, 33, 49, 54, 70, 82, 85, 96, 100, 125, 128, 156, 167, 188, 192, 241]",17,0.4103095857426524,0.11551406839862466,0.2819142048658036,"[480510619, 424876607, 264874268, 593463706, 313713527, 334800092, 449428822, 551281035, 369690790, 360667303]","[20, 128, 128, 20, 20, 20, 128, 20, 128, 188]"
349,80,"[2, 47, 118, 174, 179, 209, 211, 212, 235, 237, 240]",11,0.17509592743590474,0.06669075367972255,0.24865309707820415,"[205075779, 518082191, 303948200, 535525097, 515410196, 3473498, 505982366, 163597338, 94140642, 50411599]","[118, 118, 118, 118, 237, 118, 118, 118, 118, 118]"
350,80,"[5, 10, 17, 26, 37, 49, 59, 75, 81, 82, 89, 109, 132, 146, 148, 164, 171, 186, 188, 196, 200, 209, 210, 221, 240, 242]",26,0.44406857853755355,0.1819635727442801,0.24216586779444838,"[552557021, 434403656, 212967491, 57354181, 206104064, 506655783, 394576362, 496925341, 446723605, 83078451]","[171, 210, 210, 210, 171, 210, 210, 171, 210, 210]"
351,80,"[10, 18, 20, 22, 49, 51, 54, 59, 63, 70, 72, 84, 89, 100, 106, 111, 113, 124, 126, 127, 132, 164, 179, 188, 192, 201, 222]",27,0.377558340318501,0.33232415886595845,0.3109283422947758,"[314469731, 316518887, 231750567, 158881460, 214212717, 396387350, 312859666, 293676101, 553650189, 56423796]","[54, 54, 54, 54, 54, 54, 54, 54, 54, 54]"
352,80,"[1, 4, 10, 20, 49, 54, 77, 81, 82, 84, 93, 111, 112, 127, 132, 146, 164, 167, 175, 181, 188, 194, 201, 211, 213, 217, 227, 239]",28,0.5242026601918042,0.21296853851526976,0.2835058224320944,"[159288444, 417466966, 56516313, 180175964, 156838138, 104653458, 42263526, 357557057, 387408181, 466434926]","[81, 81, 81, 81, 81, 81, 81, 81, 81, 81]"
353,80,"[19, 30, 32, 60, 75, 79, 80, 91, 109, 117, 146, 148, 171, 186, 209, 224]",16,0.2554242447949946,0.17813146114349365,0.25078179262345657,"[25674236, 326988573, 330083391, 372292721, 25134399, 493906171, 576733558, 384103588, 64349747, 591849587]","[171, 171, 186, 209, 32, 171, 171, 224, 171, 224]"
354,80,"[0, 2, 12, 17, 43, 48, 64, 67, 68, 111, 112, 126, 141, 165, 181, 184, 192, 194, 217, 239]",20,0.42848630668595433,0.17217489378526807,0.4402506704907864,"[42421737, 233253797, 474393003, 231312021, 233623476, 372044653, 433467104, 565645539, 30060169, 51507903]","[68, 0, 64, 64, 64, 184, 0, 17, 64, 64]"
355,80,"[5, 47, 52, 59, 91, 118, 159, 166, 174, 175, 209, 240]",12,0.3294803067110479,0.05896016024053097,0.20091052017717934,"[87021594, 396054179, 274901251, 406532375, 256915759, 20412225, 20412227, 402913985, 211761613, 323296596]","[118, 118, 118, 159, 118, 174, 118, 118, 118, 118]"
356,80,"[10, 17, 43, 49, 54, 67, 70, 89, 96, 106, 112, 125, 127, 128, 132, 159, 188, 194, 201, 213, 239, 241, 242]",23,0.46547472197562456,0.23254661029204726,0.2992868151454984,"[170590119, 566590608, 585089075, 535465729, 500772338, 2475738, 220715901, 552465458, 41285817, 181258307]","[188, 188, 188, 188, 188, 188, 188, 188, 54, 188]"
357,80,"[0, 6, 12, 17, 21, 30, 32, 46, 60, 65, 67, 91, 93, 97, 108, 111, 112, 113, 115, 127, 159, 165, 183, 184, 186, 192, 194, 196, 201, 209, 217, 224, 227, 239, 241]",35,0.6419092454016209,0.27350765047594905,0.36433980791563436,"[145303728, 345072956, 152752488, 486964958, 450996993, 215582082, 269280226, 226256161, 23744700, 20289167]","[224, 159, 60, 224, 184, 209, 186, 224, 194, 224]"
358,80,"[1, 6, 8, 14, 25, 36, 39, 49, 61, 68, 77, 82, 107, 109, 111, 112, 146, 156, 167, 171, 183, 184, 188, 201, 210, 212, 227, 228, 235, 237, 241]",31,0.5843497086316347,0.26677123364061117,0.23363149751188053,"[115445650, 528307780, 495285446, 544200146, 272371036, 512415721, 587499404, 66503026, 346765951, 191777500]","[183, 183, 77, 183, 241, 183, 183, 183, 183, 183]"
359,80,"[6, 8, 10, 17, 29, 30, 39, 51, 58, 72, 82, 87, 88, 102, 105, 106, 108, 109, 111, 123, 125, 131, 146, 161, 164, 165, 169, 170, 172, 187, 195, 196, 202, 214, 217, 221, 230]",37,0.6645799721591175,0.37984446017071605,0.3747673689677204,"[492808589, 150624716, 98481624, 171116708, 279607242, 254680342, 299057857, 576887731, 188123443, 134952102]","[106, 6, 202, 51, 39, 51, 172, 146, 172, 161]"
360,80,"[1, 4, 6, 10, 22, 37, 61, 63, 70, 79, 81, 82, 93, 104, 105, 112, 132, 134, 146, 148, 169, 170, 175, 192, 209, 221, 222, 228, 242]",29,0.6020995997823775,0.260935562197119,0.22951080272744956,"[83615098, 560097478, 116130435, 285059303, 82007844, 108729357, 238382316, 130547941, 130547940, 93471630]","[192, 192, 105, 192, 192, 192, 192, 192, 192, 192]"
361,80,"[4, 8, 10, 20, 61, 63, 70, 82, 84, 88, 93, 102, 104, 111, 112, 127, 132, 153, 167, 169, 175, 188, 192, 196, 201, 210]",26,0.5772300264798105,0.24867634382098913,0.26317249091628653,"[596391226, 463781484, 515084687, 436692252, 278141538, 448391032, 539789, 17484659, 285358626, 365412974]","[63, 63, 63, 63, 63, 63, 63, 169, 63, 175]"
362,80,"[20, 36, 43, 54, 58, 156, 167, 188, 201, 211, 241]",11,0.17908163974061608,0.1350963287986815,0.20132331603037362,"[181186798, 260871767, 337262410, 421965958, 434886402, 485661198, 366632790, 586569143, 225971949, 402789619]","[201, 54, 201, 54, 167, 54, 54, 36, 54, 54]"
363,80,"[0, 10, 36, 43, 49, 51, 54, 58, 67, 82, 88, 106, 111, 112, 126, 132, 156, 165, 167, 188, 194, 196, 201, 214, 215, 239, 241, 242]",28,0.48235783400014043,0.29339621728286147,0.3714694827296106,"[135637909, 404152756, 492797066, 369378202, 156966002, 587248600, 392644045, 141525826, 88409674, 198456938]","[54, 54, 54, 54, 54, 196, 54, 54, 106, 54]"
364,80,"[1, 8, 10, 18, 25, 38, 46, 59, 60, 61, 77, 81, 84, 112, 126, 127, 133, 159, 174, 175, 185, 192, 194, 209, 210, 216, 224, 228, 237, 239, 241]",31,0.6908414256758988,0.21704494021832943,0.28555879726885786,"[91045656, 204742224, 372753153, 385141856, 146153024, 66350734, 339210615, 522588484, 436131303, 564093826]","[228, 228, 228, 228, 228, 228, 228, 228, 228, 228]"
365,80,"[0, 5, 10, 20, 33, 39, 49, 81, 82, 85, 96, 100, 111, 125, 128, 188, 194, 234, 241]",19,0.44756616512313485,0.13151800772175193,0.2836717557235572,"[306207211, 197331121, 203175694, 316696373, 313969716, 456267931, 330572212, 438299625, 10900861, 224727886]","[234, 96, 96, 96, 96, 96, 96, 128, 96, 96]"
366,80,"[17, 20, 33, 39, 61, 63, 70, 82, 89, 96, 100, 125, 132, 156, 167, 184, 188, 192, 194, 213]",20,0.4388249102048576,0.15311644040048122,0.3193465478834696,"[455362795, 547837044, 264135115, 199669026, 149546661, 246851835, 583648455, 123763385, 530958717, 5952161]","[20, 20, 20, 20, 20, 20, 20, 20, 20, 188]"
367,80,"[1, 6, 20, 37, 39, 49, 61, 70, 77, 82, 84, 88, 89, 93, 100, 108, 109, 111, 125, 131, 132, 159, 164, 169, 175, 184, 194, 213, 222, 227, 241]",31,0.5585423619486392,0.28869372978806496,0.25791691098692676,"[592022775, 308670354, 422186634, 323250630, 200648154, 95806496, 172532783, 308295994, 200798961, 323250633]","[20, 20, 20, 20, 20, 20, 20, 20, 20, 20]"
368,80,"[1, 4, 20, 22, 63, 67, 70, 77, 82, 84, 93, 112, 132, 153, 166, 175, 192, 195, 221, 241]",20,0.4908219645731151,0.12327989749610424,0.19417668994283305,"[489056790, 395322761, 121118877, 179716299, 187531467, 179716297, 189125274, 303104865, 208215792, 395180970]","[84, 175, 20, 84, 70, 84, 175, 84, 175, 84]"
369,80,"[4, 10, 20, 26, 33, 49, 60, 70, 77, 81, 82, 84, 85, 89, 96, 100, 109, 125, 127, 128, 132, 146, 148, 164, 167, 188, 192, 213, 216, 237, 240]",31,0.6493869731202722,0.22383239353075624,0.2727498286553929,"[61703972, 61743325, 456804392, 61752470, 61662302, 386172645, 61743324, 147972321, 386016302, 385852294]","[81, 77, 81, 82, 240, 216, 10, 240, 240, 81]"
370,80,"[1, 8, 14, 25, 32, 37, 39, 46, 60, 63, 75, 93, 109, 112, 148, 159, 175, 206, 209, 224, 227, 239, 240, 241, 244]",25,0.5012771780602634,0.16291040321812034,0.21469701750203968,"[552262509, 531906113, 156798773, 386370629, 546441264, 138894530, 138912973, 222372382, 196731743, 26824776]","[60, 60, 60, 60, 60, 60, 60, 60, 60, 60]"
371,80,"[0, 10, 39, 60, 97, 109, 115, 128, 159, 174, 194, 239, 240]",13,0.17981786699965596,0.15812808042392135,0.3191766470061758,"[347438014, 358566633, 153495727, 530484371, 541941753, 33031887, 360459976, 124305236, 588247534, 468824808]","[60, 60, 240, 60, 240, 240, 60, 240, 60, 240]"
372,80,"[10, 39, 49, 59, 67, 70, 72, 82, 84, 89, 106, 112, 113, 119, 126, 132, 175, 188, 194, 210, 239, 242]",22,0.3943047486245632,0.21246930211782455,0.29112005211539904,"[176321989, 26724660, 401719682, 489230763, 155680535, 576811218, 462821411, 458637425, 412255781, 547937212]","[132, 10, 72, 72, 72, 72, 132, 239, 188, 67]"
373,80,"[1, 4, 6, 8, 10, 19, 32, 43, 49, 60, 61, 76, 77, 82, 87, 88, 93, 109, 112, 123, 146, 165, 175, 183, 194, 195, 228, 240]",28,0.584377896040678,0.17111475626006722,0.24932772328611463,"[66945228, 164493174, 465968946, 300146070, 360026906, 465968945, 300321682, 229418332, 164493173, 444098041]","[228, 183, 228, 195, 228, 228, 183, 228, 228, 228]"
374,80,"[1, 4, 22, 32, 45, 56, 59, 70, 82, 84, 88, 93, 104, 105, 131, 175, 183, 192, 195, 209, 235]",21,0.4467988316901028,0.12447539204731584,0.19733243907934853,"[79589330, 79534942, 27694960, 239266185, 474215774, 79534940, 233569263, 558892721, 188660258, 493650991]","[45, 45, 235, 45, 235, 45, 45, 45, 45, 45]"
375,80,"[5, 10, 17, 20, 26, 36, 54, 58, 70, 77, 82, 84, 112, 156, 167, 175, 192, 201, 241]",19,0.3202683962881565,0.2059723841957748,0.26721896922313854,"[134388981, 327289122, 413546328, 65981923, 245501608, 545448893, 28665082, 542001850, 117736302, 341926663]","[167, 5, 77, 26, 201, 77, 241, 5, 175, 167]"
376,80,"[0, 4, 6, 8, 12, 17, 19, 22, 30, 32, 42, 57, 61, 75, 77, 79, 82, 105, 106, 112, 114, 146, 152, 164, 168, 170, 171, 174, 180, 182, 195, 207, 211, 214, 221, 222, 242]",37,0.6187133998610079,0.2595808715559542,0.2728690978806667,"[355012035, 430108804, 549658907, 430108798, 397402306, 44699920, 44818539, 44759941, 464372173, 584967995]","[12, 180, 182, 12, 12, 180, 12, 12, 57, 22]"
377,80,"[1, 14, 18, 25, 32, 52, 57, 60, 61, 91, 99, 107, 112, 118, 159, 166, 174, 194, 209, 228, 240]",21,0.40525846229866147,0.19209766713902354,0.2371894092343393,"[56178028, 83860641, 310057238, 36342745, 505853689, 308122527, 495216563, 212178667, 100307694, 100183493]","[57, 107, 107, 107, 107, 57, 107, 14, 25, 107]"
378,80,"[6, 26, 30, 36, 54, 58, 65, 76, 94, 112, 122, 165, 167, 169, 171, 186, 187, 196, 201, 214, 217]",21,0.4207434826530516,0.188248080201447,0.43978490207033855,"[300327905, 341826571, 342019526, 543287896, 273445499, 294973938, 353521206, 353521205, 53559895, 369165837]","[171, 171, 171, 167, 171, 167, 167, 171, 171, 167]"
379,80,"[47, 57, 79, 118, 152, 174, 178, 195, 211, 221, 222, 228, 237]",13,0.23211895767599344,0.14515500189736485,0.23956508710622215,"[12089838, 409308153, 279173090, 200819316, 510955809, 18158405, 18099339, 409344194, 409553179, 205849980]","[118, 118, 118, 118, 118, 118, 118, 118, 118, 118]"
380,80,"[0, 14, 36, 45, 57, 68, 107, 111, 112, 147, 163, 164, 183, 184, 215, 235, 237]",17,0.23074769275262952,0.1268555256538093,0.2961426721748841,"[304497584, 17612596, 40392331, 458293671, 219542869, 489730225, 489018548, 435728385, 583709029, 548044291]","[235, 45, 235, 235, 235, 235, 235, 235, 235, 235]"
381,80,"[4, 8, 10, 20, 26, 29, 30, 37, 39, 65, 70, 72, 82, 87, 89, 96, 97, 100, 106, 112, 123, 127, 132, 146, 148, 164, 165, 169, 188, 194, 195, 217, 221, 230, 242]",35,0.654585491400212,0.3448140360414982,0.3463626980781555,"[424030314, 227089945, 346197319, 321860061, 474407507, 279535364, 86367605, 285411526, 116966270, 38291544]","[188, 188, 188, 188, 188, 188, 188, 188, 188, 96]"
382,80,"[0, 8, 10, 36, 37, 39, 58, 70, 96, 100, 106, 108, 111, 112, 125, 132, 156, 164, 165, 167, 169, 188, 194, 196, 201, 213, 214, 237, 241]",29,0.6429002592340112,0.257322845980525,0.38172030652841105,"[237070538, 250863806, 465859512, 124012280, 383570211, 570915567, 125834934, 417013043, 216536288, 367520154]","[194, 125, 96, 169, 96, 194, 96, 156, 156, 194]"
383,80,"[1, 4, 10, 17, 37, 49, 79, 81, 82, 100, 106, 109, 111, 132, 146, 148, 164, 165, 169, 188, 196, 199, 201, 210, 221, 225, 242]",27,0.6487456932663918,0.21437283093109727,0.3182878251342724,"[387448404, 428836726, 30633271, 153251771, 362624711, 173223910, 374561262, 529137040, 332641336, 446946485]","[242, 49, 242, 210, 49, 49, 199, 49, 242, 82]"
384,80,"[1, 4, 57, 92, 99, 166, 178, 182, 193, 207, 222, 233, 237]",13,0.30344784539192915,0.14315680926665664,0.21553813100147706,"[329782683, 116156864, 94138854, 144925963, 115939265, 382332341, 586296893, 276716142, 410430661, 182721476]","[57, 57, 57, 57, 57, 57, 57, 57, 207, 57]"
385,80,"[1, 25, 57, 88, 92, 99, 139, 146, 166, 168, 178, 196, 207, 210, 212, 222, 227, 233]",18,0.42626821994781494,0.11648504808545113,0.24072478983240822,"[153416261, 267733351, 182528717, 153235230, 366128040, 469428921, 101839990, 424861807, 201761437, 153255604]","[25, 25, 25, 25, 25, 25, 25, 25, 25, 25]"
386,80,"[2, 5, 10, 12, 17, 18, 59, 60, 63, 67, 82, 91, 115, 118, 127, 159, 172, 174, 175, 192, 194, 237, 239]",23,0.38554231636226177,0.2232920997776091,0.29840343530573277,"[390481342, 143710637, 487570025, 141191209, 101339458, 270904263, 258284679, 310509952, 526569700, 510506717]","[174, 159, 175, 175, 174, 127, 91, 159, 5, 91]"
387,80,"[4, 57, 61, 79, 106, 118, 152, 153, 178, 180, 182, 193, 207, 221, 222, 228, 237]",17,0.3434347021393478,0.10926953051239252,0.24766670319470852,"[518043865, 232349010, 598859102, 365583741, 192108533, 202937140, 155960153, 271493485, 257927566, 576008695]","[57, 57, 57, 228, 57, 182, 57, 57, 118, 178]"
388,80,"[0, 1, 3, 4, 8, 19, 25, 30, 39, 46, 60, 63, 84, 93, 99, 109, 111, 112, 118, 127, 146, 159, 168, 171, 172, 174, 175, 196, 200, 202, 209, 227, 228, 233, 241]",35,0.6433120709843934,0.30938022350892425,0.2792888299162899,"[483114413, 236407296, 195054568, 47736879, 176951052, 300515993, 180470618, 456942255, 437918922, 90370573]","[159, 159, 159, 159, 159, 159, 159, 159, 159, 159]"
389,80,"[5, 10, 12, 17, 67, 97, 115, 124, 132, 174, 175, 239]",12,0.2646106192842126,0.09826240735128522,0.3430395010121477,"[538601779, 496882961, 377914647, 538608985, 119245446, 121767006, 197017447, 538608983, 485954746, 503161128]","[5, 5, 5, 5, 5, 5, 5, 5, 5, 5]"
390,80,"[1, 25, 32, 38, 57, 84, 92, 99, 107, 159, 166, 178, 182, 207, 222, 227, 233, 239]",18,0.32086414424702525,0.17668847786262631,0.21511254779114905,"[528194204, 220353823, 589055484, 11924552, 216833046, 7074431, 216763606, 11947346, 144938751, 12059246]","[92, 57, 57, 57, 57, 57, 57, 57, 57, 57]"
391,80,"[4, 6, 20, 22, 37, 49, 59, 61, 70, 77, 82, 104, 105, 106, 109, 123, 131, 146, 175, 193, 195, 200, 221, 222, 242]",25,0.38536784891039133,0.2198497522622347,0.21016938371583818,"[77610982, 91840173, 38397014, 440724473, 116093015, 63403778, 512283178, 440888346, 102702268, 210618059]","[104, 70, 22, 22, 242, 242, 20, 242, 22, 242]"
392,80,"[1, 4, 10, 49, 63, 70, 81, 82, 84, 93, 100, 132, 146, 164, 166, 168, 169, 175, 192, 196]",20,0.44148962292820215,0.21646001236513257,0.2590382599737495,"[63560910, 25678541, 63560911, 523105272, 150585862, 556048684, 227352658, 178226630, 24745301, 451052427]","[82, 1, 82, 82, 82, 82, 82, 82, 82, 82]"
393,80,"[60, 75, 93, 109, 112, 117, 148, 171, 186, 200, 209, 224]",12,0.19081400940194726,0.0809600637294352,0.24512462981510907,"[221315009, 500189727, 161643426, 526113540, 452735068, 199372791, 199372793, 500239406, 120105951, 526118203]","[186, 186, 171, 186, 186, 171, 171, 186, 186, 171]"
394,80,"[14, 17, 20, 33, 39, 49, 67, 77, 81, 82, 85, 96, 100, 109, 120, 125, 128, 188, 194, 210, 211, 234, 242]",23,0.5049077891744673,0.15013677859678864,0.26888196788849716,"[536304997, 304811753, 85874049, 379475313, 562827166, 91732236, 428733981, 304545226, 553946102, 89885435]","[96, 96, 96, 96, 120, 96, 96, 96, 96, 96]"
395,80,"[60, 70, 84, 91, 112, 126, 127, 132, 159, 174, 175, 192, 194, 216, 239, 240]",16,0.35742999659851193,0.12302997382357717,0.35436593380291015,"[206505535, 408097720, 80318860, 8975195, 184007788, 35645259, 183991249, 211297727, 48136618, 293315390]","[216, 216, 216, 216, 216, 216, 216, 216, 216, 216]"
396,80,"[4, 5, 10, 26, 49, 61, 75, 77, 81, 82, 106, 132, 133, 146, 148, 166, 167, 169, 175, 188, 195, 210, 228, 240, 242]",25,0.4162273081019521,0.22403972409665585,0.1913219531904906,"[307202530, 5099013, 589343868, 268487956, 182880755, 330674736, 181432055, 579415807, 289714586, 591959983]","[228, 61, 228, 61, 228, 61, 61, 61, 175, 175]"
397,80,"[0, 2, 14, 18, 25, 47, 52, 57, 67, 112, 118, 126, 129, 147, 159, 174, 181, 184, 209, 212, 216, 237]",22,0.33216780750080943,0.21576320892199874,0.3106504569189962,"[145714234, 55169815, 539503050, 94145145, 59835821, 85170985, 438584464, 297268490, 562647759, 571193531]","[129, 129, 129, 129, 129, 129, 129, 129, 129, 129]"
398,80,"[20, 36, 54, 58, 112, 156, 201]",7,0.0885522561147809,0.05764786433428526,0.2776921058539301,"[178701094, 312892472, 169241695, 411693942, 203131002, 131983821, 119479044, 144741612, 355084342, 527800121]","[156, 156, 54, 156, 156, 156, 156, 156, 156, 54]"
399,80,"[17, 20, 33, 39, 58, 61, 70, 82, 85, 96, 100, 109, 111, 125, 128, 156, 175, 188, 194, 210, 213, 241]",22,0.5948765645734966,0.16552119981497526,0.3148717787222598,"[569775401, 251771382, 121998018, 272889916, 509145135, 40897021, 422282892, 451592938, 280740270, 281123654]","[96, 96, 96, 96, 39, 20, 96, 20, 96, 96]"
400,80,"[4, 5, 10, 56, 59, 67, 82, 84, 93, 104, 105, 131, 132, 170, 175, 195, 216, 221, 225]",19,0.35940654994919896,0.175590333994478,0.1917911412831592,"[472712101, 256119635, 131074138, 310805445, 243220401, 436231812, 527967879, 205923408, 229663079, 374119799]","[59, 59, 59, 59, 67, 59, 59, 59, 59, 59]"
401,80,"[1, 6, 39, 43, 60, 76, 93, 97, 111, 112, 113, 114, 119, 141, 159, 167, 184, 186, 194, 217, 224, 239, 244]",23,0.4679677551612258,0.16914857318624854,0.31675841254384624,"[295204706, 124536510, 571863056, 246314100, 571814085, 415120729, 159442566, 412501211, 281126567, 191635082]","[76, 76, 93, 93, 93, 76, 93, 76, 244, 93]"
402,80,"[4, 20, 22, 59, 63, 67, 70, 82, 84, 104, 105, 127, 132, 146, 169, 175, 195, 216, 242]",19,0.36487575992941856,0.129837682005018,0.21680174019236706,"[298908210, 298794916, 416738091, 597064447, 544244507, 298912298, 298794913, 298976203, 298815754, 508976102]","[82, 82, 82, 82, 82, 82, 84, 82, 82, 82]"
403,80,"[1, 4, 6, 8, 20, 22, 39, 59, 63, 67, 70, 82, 84, 93, 104, 105, 111, 132, 146, 175, 192, 195, 210, 221, 222, 241]",26,0.6203926410526037,0.22848332626745105,0.22055546619678632,"[320172347, 261927670, 318808977, 214501488, 174888889, 4778370, 521408726, 220261913, 596202121, 98350042]","[221, 175, 82, 63, 82, 22, 82, 146, 22, 59]"
404,80,"[10, 12, 17, 18, 26, 43, 48, 54, 64, 67, 68, 84, 89, 126, 132, 148, 183, 184, 188, 201, 215, 242]",22,0.4017783487215638,0.1498815445229411,0.2851194667799229,"[97886077, 583801759, 473294217, 379341816, 454060526, 454048482, 351094633, 563371271, 177085785, 246830600]","[68, 68, 68, 68, 68, 68, 68, 68, 68, 68]"
405,80,"[2, 6, 8, 10, 17, 22, 32, 57, 60, 61, 63, 70, 79, 84, 88, 91, 93, 97, 105, 112, 118, 152, 159, 167, 174, 175, 192, 201, 207, 209, 216, 224, 228, 237, 240, 241]",36,0.7314989827573299,0.2435621120966971,0.2604342063035195,"[405627185, 122718284, 484727722, 57846362, 413149586, 19245188, 552689637, 218422746, 517036859, 419462750]","[17, 152, 175, 175, 175, 63, 237, 17, 175, 17]"
406,80,"[10, 12, 38, 59, 63, 70, 84, 107, 112, 124, 126, 127, 132, 152, 159, 175, 192, 194, 228, 239]",20,0.31488277623429894,0.21295634843409061,0.33760373673867433,"[150222919, 371593979, 150222911, 351926731, 190314871, 484440631, 158620640, 287430052, 150222912, 312999148]","[84, 84, 84, 84, 84, 84, 84, 84, 84, 84]"
407,80,"[1, 4, 6, 10, 20, 39, 49, 58, 61, 77, 81, 82, 99, 100, 132, 146, 164, 166, 168, 169, 175, 188, 196, 233, 242]",25,0.5175721007399261,0.18282027821987867,0.239746858170256,"[108058360, 103119539, 344481742, 17603410, 153235153, 5090347, 18353541, 126781683, 173171432, 535239572]","[10, 82, 77, 175, 175, 10, 82, 49, 82, 77]"
408,80,"[1, 6, 30, 32, 38, 39, 60, 87, 88, 93, 94, 99, 106, 108, 110, 111, 112, 123, 126, 131, 146, 165, 166, 168, 183, 184, 194, 196, 201, 207, 214, 217, 227, 230, 239, 241]",36,0.6976419030688703,0.3927128375507891,0.3756974149922219,"[585436888, 543246526, 169884658, 521940133, 533729561, 77200660, 69224251, 565442186, 565084974, 506160660]","[32, 93, 93, 217, 217, 93, 217, 168, 196, 217]"
409,80,"[0, 1, 4, 8, 10, 26, 40, 43, 48, 60, 63, 64, 68, 70, 82, 84, 92, 105, 106, 109, 112, 126, 128, 163, 175, 181, 183, 184, 188, 192, 215, 239, 240, 241]",34,0.7108885869383812,0.29456246038898826,0.27183628421934214,"[414719453, 295325048, 96343823, 450529364, 168660390, 311792907, 190577166, 106236962, 484890846, 423782118]","[163, 26, 183, 188, 175, 239, 175, 48, 183, 175]"
410,80,"[19, 21, 29, 30, 39, 70, 72, 87, 94, 105, 106, 112, 113, 118, 122, 123, 131, 146, 161, 170, 172, 195, 214, 217, 221, 230]",26,0.37907345220446587,0.26144017232581973,0.365916802162806,"[517576628, 64814605, 517576629, 517524722, 41558682, 337244320, 193872855, 517576630, 201440502, 100747624]","[87, 87, 87, 87, 113, 87, 87, 87, 87, 87]"
411,80,"[6, 8, 26, 30, 36, 43, 54, 58, 65, 76, 93, 94, 108, 112, 122, 165, 167, 169, 170, 186, 187, 196, 201, 214, 217, 224]",26,0.5199511190876365,0.2621550536714494,0.40063242581135666,"[262220611, 136027868, 413098940, 297057802, 184076518, 91218339, 228128023, 15027899, 578682394, 10410030]","[6, 8, 8, 26, 8, 8, 8, 167, 187, 6]"
412,80,"[17, 25, 37, 39, 40, 67, 75, 81, 82, 89, 96, 109, 111, 146, 159, 164, 166, 171, 174, 175, 186, 188, 194, 200, 209, 210, 224, 239, 240]",29,0.6775679904967546,0.2197120231576264,0.2774307440548878,"[122123242, 56124422, 583483191, 557347182, 32377145, 154005246, 584562653, 1077062, 542098962, 17342547]","[200, 200, 200, 200, 200, 200, 200, 200, 200, 200]"
413,80,"[8, 17, 20, 37, 39, 43, 54, 64, 70, 77, 84, 93, 96, 111, 112, 128, 141, 167, 184, 188, 192, 194, 201, 213, 217, 228, 239, 241]",28,0.5252827908843756,0.27475859923288226,0.30982126150878947,"[357060457, 322710339, 322710338, 205162234, 322710337, 322710341, 224374198, 364486474, 90927391, 394886739]","[20, 141, 43, 141, 64, 141, 141, 64, 141, 96]"
414,80,"[10, 12, 39, 51, 70, 72, 82, 106, 113, 124, 126, 127, 132, 175, 188, 194, 231, 239, 242]",19,0.30124127119779587,0.22649355791509151,0.34259066358208656,"[373735043, 373577252, 373735037, 373735032, 373577246, 161564275, 451554459, 373577251, 373577253, 395935600]","[10, 10, 10, 10, 10, 10, 72, 72, 242, 132]"
415,80,"[1, 20, 39, 49, 58, 60, 77, 82, 84, 93, 100, 109, 111, 112, 128, 159, 166, 168, 192, 194, 196, 227, 233, 239, 240, 241]",26,0.5137105486355722,0.24988818680867553,0.28577185061294585,"[222743300, 526875218, 26571077, 51606008, 256299, 229908291, 187279006, 388904014, 573959948, 29950755]","[128, 100, 128, 128, 128, 128, 128, 128, 100, 128]"
416,80,"[1, 4, 5, 6, 25, 49, 61, 77, 82, 99, 109, 135, 146, 166, 168, 171, 174, 175, 200, 207, 210, 212, 221, 227, 233, 240]",26,0.6002565203234553,0.1618708441965282,0.19668752043687093,"[470108319, 187476453, 184621484, 352144327, 551649071, 410316380, 471364122, 420011298, 274522518, 590226482]","[146, 146, 146, 146, 1, 146, 146, 146, 1, 146]"
417,80,"[0, 30, 52, 75, 91, 109, 117, 148, 159, 171, 186, 200, 209, 224]",14,0.19807596411556005,0.09468360943719745,0.2513408094611285,"[91742405, 141160630, 372893354, 527014441, 335349252, 184214797, 372715502, 372910013, 571732185, 490910889]","[171, 171, 186, 171, 171, 186, 171, 171, 171, 186]"
418,80,"[0, 30, 40, 67, 91, 159, 171, 186, 200, 209, 224, 227, 239, 241]",14,0.2669415744021535,0.09711843682453036,0.25208857263039264,"[290312855, 116276053, 235542195, 470314327, 564320836, 589267683, 335205476, 29510027, 544729345, 5637958]","[200, 200, 200, 200, 200, 91, 200, 200, 91, 91]"
419,80,"[6, 22, 30, 63, 70, 79, 82, 104, 105, 106, 109, 111, 112, 123, 127, 131, 146, 152, 170, 195, 216, 221, 222, 241]",24,0.4682632447220385,0.18062184052541852,0.3021748227183707,"[441789470, 293909992, 23954440, 77828849, 251174153, 257403790, 308309764, 253484640, 523674958, 477261204]","[22, 22, 22, 22, 22, 22, 195, 22, 22, 106]"
420,80,"[0, 14, 20, 22, 39, 60, 64, 68, 70, 77, 82, 84, 96, 100, 112, 152, 156, 183, 184, 192, 194, 213, 217, 235, 244]",25,0.3414559750817716,0.24408400477841496,0.286454763635993,"[355486941, 318333310, 398291135, 285141226, 344404566, 444205536, 355486940, 285141225, 100064731, 134128179]","[64, 64, 64, 84, 64, 192, 64, 84, 84, 84]"
421,80,"[6, 10, 29, 30, 39, 49, 58, 59, 61, 72, 77, 82, 100, 106, 111, 112, 125, 128, 132, 146, 148, 164, 165, 188, 194, 210, 213, 221, 227, 241, 242]",31,0.6152514643035829,0.23441768903285265,0.32710629427475074,"[272994238, 465793811, 545800074, 346140721, 557086401, 53513120, 248624134, 51922869, 217202170, 290663967]","[49, 77, 106, 49, 49, 49, 49, 6, 49, 49]"
422,80,"[8, 14, 29, 33, 39, 49, 57, 61, 77, 81, 82, 85, 96, 99, 106, 109, 111, 112, 146, 152, 164, 188, 196, 210, 211, 221, 222, 228, 233, 242]",30,0.6399641828611493,0.19880432169884443,0.2562082340552782,"[495291582, 519622179, 221771305, 227396417, 78170859, 227396424, 449199702, 316499514, 332673539, 398689986]","[77, 222, 222, 222, 96, 222, 222, 228, 96, 85]"
423,80,"[6, 10, 17, 30, 33, 36, 37, 39, 40, 43, 49, 54, 82, 96, 100, 106, 109, 111, 112, 128, 156, 163, 165, 183, 188, 194, 214, 230]",28,0.709693250246346,0.23935345793142915,0.38715822039271836,"[41331909, 142599350, 420218363, 177114757, 102007025, 166255424, 316537661, 539793931, 247373154, 29082008]","[188, 214, 54, 163, 163, 96, 163, 188, 163, 106]"
424,80,"[4, 20, 33, 39, 49, 81, 82, 85, 96, 100, 111, 112, 125, 128, 188, 194, 241]",17,0.3671048851683736,0.1854776358231902,0.3003029342439464,"[557878433, 210879324, 51417397, 113899481, 218572965, 220056791, 454824459, 162655892, 278728764, 222990388]","[96, 96, 20, 20, 20, 20, 125, 20, 96, 20]"
425,80,"[1, 14, 27, 32, 49, 60, 93, 97, 112, 117, 165, 168, 169, 192, 194, 196, 209, 217, 221, 224, 239]",21,0.4169008149765432,0.23289214307442307,0.40522664060283986,"[69022335, 199616068, 386838195, 251105507, 142075410, 373960657, 392358263, 523457820, 598807271, 346457589]","[32, 32, 209, 93, 32, 32, 196, 32, 32, 32]"
426,80,"[1, 4, 10, 79, 82, 88, 99, 146, 153, 168, 169, 196, 222, 233, 242]",15,0.38974969321861863,0.10188005724921823,0.23957952599351603,"[185679644, 258644311, 369713830, 361339920, 202801575, 256300972, 236429858, 461860680, 280506815, 467833590]","[1, 88, 146, 82, 1, 146, 168, 168, 168, 88]"
427,80,"[2, 49, 57, 61, 70, 79, 92, 97, 106, 112, 118, 169, 172, 185, 227, 228, 236, 237]",18,0.2820372208952904,0.19168553547933698,0.27265348526028294,"[37526005, 588402422, 418645657, 593046928, 393734360, 33417771, 567324398, 387987088, 574932039, 470383145]","[185, 185, 185, 185, 185, 185, 185, 185, 185, 185]"
428,80,"[39, 60, 70, 109, 111, 112, 128, 159, 163, 166, 174, 194, 199, 200, 209, 211, 217, 227, 234, 239, 240, 241]",22,0.391325278673321,0.20407669339329004,0.2995998916449025,"[47765917, 315588710, 81327474, 595972156, 106352467, 106352466, 233810974, 144388658, 233948599, 233799325]","[166, 234, 234, 166, 234, 234, 60, 166, 234, 60]"
429,80,"[1, 4, 14, 38, 57, 61, 77, 81, 92, 99, 107, 112, 133, 135, 166, 174, 178, 185, 207, 222, 227, 228, 233, 237, 241]",25,0.45153920305892825,0.1531133041717112,0.2018516469281167,"[418468133, 431002794, 288071214, 228977595, 266964121, 227073636, 348273107, 170991222, 456972715, 202365462]","[178, 178, 178, 178, 178, 178, 178, 178, 178, 178]"
430,80,"[0, 6, 8, 40, 43, 60, 64, 65, 68, 75, 84, 93, 106, 112, 126, 147, 167, 171, 183, 184, 186, 192, 194, 212, 214, 217, 224, 227, 239]",29,0.5231602168641984,0.20588610600680113,0.3015726249392048,"[314175095, 222956702, 212190984, 203025699, 4437641, 370061134, 202286739, 540336597, 544638549, 140838976]","[171, 171, 183, 214, 183, 183, 183, 171, 171, 171]"
431,80,"[1, 10, 25, 37, 49, 59, 61, 75, 77, 79, 81, 82, 99, 109, 132, 133, 146, 164, 166, 167, 186, 188, 195, 209, 210, 221]",26,0.5216089254245162,0.2305903099477291,0.2000811242390997,"[118055614, 385448499, 367743840, 163478788, 353868886, 552004808, 519080082, 27643132, 54062828, 470920514]","[25, 25, 195, 210, 195, 25, 77, 25, 25, 25]"
432,80,"[10, 32, 39, 42, 52, 60, 67, 72, 97, 109, 115, 148, 174, 194, 200, 209, 239, 240]",18,0.2369134398177266,0.1313378531485796,0.30630374615753275,"[206788263, 113432794, 113395491, 106911166, 51649213, 374727675, 207011379, 210367924, 479658484, 398082577]","[240, 60, 60, 240, 60, 60, 60, 240, 60, 60]"
433,80,"[0, 10, 20, 39, 43, 49, 51, 54, 59, 64, 67, 70, 82, 89, 106, 112, 126, 132, 141, 175, 184, 188, 192, 194, 200, 201, 213, 217, 239, 241]",30,0.6115327295847237,0.2811958761885762,0.2997835914526756,"[183387762, 213902884, 533916397, 516760816, 434999243, 520752570, 520754677, 179571608, 573990019, 154979126]","[43, 241, 194, 241, 64, 239, 239, 64, 43, 43]"
434,80,"[6, 14, 17, 32, 77, 93, 97, 112, 174, 192, 194, 217, 221, 228, 239, 241]",16,0.30379974702373147,0.12422706605866551,0.3342666234675562,"[225652102, 458691173, 565971705, 490241250, 352274841, 312158489, 5649969, 429115328, 359674580, 5649968]","[32, 32, 32, 32, 6, 32, 32, 32, 32, 32]"
435,80,"[10, 20, 36, 54, 58, 61, 70, 77, 81, 89, 93, 125, 156, 167, 188, 192, 194, 201, 213, 222, 241]",21,0.3503768164664507,0.151783955283463,0.2732400117286791,"[255794082, 506850432, 181557532, 302766216, 159361284, 381165460, 211598789, 94748954, 351850430, 534816421]","[156, 54, 54, 54, 54, 54, 54, 54, 54, 54]"
436,80,"[1, 7, 8, 10, 14, 32, 37, 57, 61, 70, 77, 88, 93, 97, 112, 127, 146, 159, 169, 174, 175, 192, 206, 224, 228, 239, 240]",27,0.501797947101295,0.24741406692191958,0.25487017090846265,"[541106747, 20069172, 78858363, 12691829, 548304356, 140863450, 437127887, 508225490, 25388469, 33532261]","[32, 32, 32, 32, 228, 32, 228, 32, 32, 32]"
437,80,"[4, 8, 10, 20, 29, 33, 37, 43, 49, 61, 67, 70, 72, 81, 89, 96, 105, 106, 111, 112, 114, 125, 126, 127, 132, 148, 164, 184, 188, 194, 201, 210, 213, 221, 231, 241]",36,0.7231864994391799,0.3922317773103714,0.3153227191909941,"[433340456, 57161118, 319813207, 565447060, 454507049, 497974241, 160165905, 574643368, 26448373, 112426200]","[96, 20, 8, 106, 106, 201, 106, 8, 188, 106]"
438,80,"[1, 8, 10, 14, 20, 39, 49, 58, 77, 81, 82, 85, 88, 96, 99, 100, 112, 125, 126, 146, 165, 167, 168, 175, 188, 194, 196, 201, 210, 211, 241]",31,0.7681670417077839,0.2632741304114461,0.33023329365307524,"[497945962, 49283079, 456559930, 35898600, 222478441, 314820472, 78071073, 301223922, 297436434, 536520740]","[167, 167, 167, 241, 20, 167, 167, 167, 167, 167]"
439,80,"[1, 6, 99, 168, 169, 196, 233]",7,0.16636901115998626,0.051756126806139946,0.3056619666250689,"[470639103, 360036417, 518436832, 542847765, 87730836, 116076904, 188731557, 591238378, 310170954, 100259567]","[233, 233, 233, 233, 233, 233, 233, 233, 233, 233]"
440,80,"[17, 26, 45, 48, 67, 96, 102, 112, 114, 125, 126, 184, 194, 213, 215, 234]",16,0.31960180029273033,0.1478143366985023,0.49012057720392477,"[446034911, 58263293, 326555173, 559349650, 257020445, 494942197, 202266373, 436795706, 136800017, 58755646]","[215, 215, 48, 184, 215, 215, 215, 215, 215, 215]"
441,80,"[0, 8, 10, 17, 26, 37, 39, 70, 72, 77, 82, 84, 89, 108, 112, 125, 126, 128, 132, 164, 165, 188, 192, 194, 213, 214, 217, 224, 230]",29,0.5585436993278563,0.31032473873347044,0.4168027239321763,"[448390222, 448315383, 448484914, 1158459, 302650847, 448347093, 239291786, 391563024, 448315384, 29300182]","[84, 84, 84, 39, 192, 82, 125, 39, 84, 188]"
442,80,"[18, 20, 77, 84, 105, 112, 126, 167, 192, 235]",10,0.2055721553042531,0.07308354927226901,0.37697920561768117,"[283126902, 344263312, 27277348, 507585010, 483500865, 557093516, 125839494, 63723385, 364272230, 595441698]","[192, 192, 192, 192, 192, 192, 192, 192, 192, 192]"
443,80,"[20, 25, 39, 46, 49, 58, 59, 61, 77, 81, 82, 100, 109, 111, 112, 128, 132, 146, 164, 169, 188, 194, 199, 221, 222, 227, 237, 241]",28,0.4077304992824793,0.2151605156250298,0.26413614970598637,"[101644950, 422416103, 596402741, 241747163, 519701173, 451574719, 447356604, 327049016, 575743328, 458505874]","[241, 82, 20, 82, 39, 20, 100, 100, 49, 59]"
444,80,"[2, 60, 67, 82, 91, 105, 126, 127, 147, 159, 174, 175, 192, 194, 209, 212, 216, 237, 239, 240]",20,0.37062346283346415,0.22192656295374036,0.34334892248734833,"[365229672, 376707067, 442989486, 303162944, 478767602, 582960674, 471213855, 591578456, 94588812, 161391509]","[159, 216, 216, 216, 159, 216, 216, 159, 216, 216]"
445,80,"[1, 5, 6, 10, 25, 43, 46, 59, 61, 77, 93, 109, 132, 133, 146, 159, 167, 195, 210, 228, 242]",21,0.41139451833441854,0.1250724750570953,0.17738393782859757,"[495196780, 436086138, 469014680, 330128090, 162270075, 442489669, 446278031, 526780422, 524971307, 381469699]","[59, 59, 210, 59, 59, 59, 59, 59, 59, 59]"
446,80,"[32, 37, 39, 40, 42, 52, 60, 80, 97, 109, 115, 122, 202, 206, 209, 217, 224, 239, 240]",19,0.2893917500041425,0.2129323147237301,0.3898098845108363,"[325408754, 385243883, 26490240, 419719519, 583416468, 325457744, 399794579, 446595954, 535952032, 22249358]","[60, 240, 60, 32, 60, 60, 240, 240, 240, 60]"
447,80,"[2, 4, 8, 19, 20, 22, 30, 42, 47, 57, 61, 70, 93, 105, 111, 112, 123, 127, 131, 147, 152, 194, 216, 222, 228, 237]",26,0.5327214119024575,0.2493703938089311,0.307353440609474,"[99287103, 252822624, 81855859, 147501338, 99356624, 568486625, 299841255, 499122820, 471263154, 471080393]","[70, 22, 22, 22, 47, 70, 22, 22, 22, 57]"
448,80,"[0, 4, 20, 39, 60, 64, 68, 70, 84, 112, 183, 184, 192, 244]",14,0.1607506168074906,0.09144013794139028,0.23358895757701248,"[318536243, 97030774, 461803644, 461433073, 461433074, 318515758, 496460057, 531572768, 38906152, 245436059]","[64, 64, 192, 192, 192, 192, 192, 192, 192, 192]"
449,80,"[1, 4, 19, 20, 22, 30, 38, 42, 70, 82, 84, 87, 88, 104, 105, 110, 123, 131, 147, 153, 175, 195, 207, 216, 221, 225, 230, 244]",28,0.6198391988873482,0.2521549486555159,0.22628571545439108,"[447054911, 352040292, 393972249, 267990263, 351268747, 351982259, 306591891, 51834142, 358497620, 529936702]","[22, 175, 20, 70, 216, 70, 70, 70, 70, 84]"
450,80,"[1, 5, 10, 17, 22, 25, 49, 59, 77, 82, 99, 107, 109, 118, 132, 146, 188, 195, 196, 209, 210, 221, 228, 242]",24,0.3782452237792313,0.22963901236653328,0.24471809878014028,"[408884211, 207355559, 25671216, 440986306, 31277728, 113060893, 207533350, 113001490, 342216973, 475883545]","[5, 5, 5, 242, 5, 242, 5, 242, 5, 242]"
451,80,"[14, 45, 47, 57, 61, 64, 107, 112, 118, 174, 183, 184, 211, 215, 235]",15,0.22816380858421326,0.09549535810947418,0.2451595438023408,"[255457970, 11907548, 207976466, 392511486, 12021424, 339898836, 91781316, 103231276, 241396449, 312109283]","[235, 235, 235, 235, 235, 235, 235, 235, 45, 235]"
452,80,"[0, 5, 8, 10, 12, 18, 26, 81, 115, 124, 126, 132, 164, 169, 181, 202, 239]",17,0.3284013937227428,0.1235426808707416,0.3457259756978601,"[118267505, 275408587, 532988921, 193079880, 337381772, 299364175, 155594246, 124097705, 334004200, 536291201]","[12, 12, 12, 12, 12, 12, 12, 12, 10, 12]"
453,80,"[1, 14, 36, 45, 47, 51, 61, 112, 118, 174, 181, 211, 213, 215, 235]",15,0.36104627046734095,0.11132092773914337,0.29584083617664875,"[107429106, 589287313, 578940299, 578940300, 579236846, 121087198, 269655772, 185142961, 224310224, 301514347]","[47, 45, 45, 45, 45, 45, 45, 47, 235, 235]"
454,80,"[1, 4, 30, 32, 42, 60, 76, 80, 82, 87, 91, 105, 106, 109, 113, 119, 146, 206, 209, 221, 225, 231, 240, 244]",24,0.4424536363221705,0.21132667176425457,0.23501151135618178,"[394840734, 204763087, 349953936, 15101628, 84707877, 27236663, 418617952, 213628432, 346566205, 154405305]","[80, 80, 80, 80, 80, 80, 80, 80, 80, 80]"
455,80,"[10, 26, 29, 37, 70, 72, 89, 96, 97, 102, 106, 108, 112, 125, 126, 156, 164, 180, 188, 194, 201, 213, 221, 230, 242]",25,0.496289832983166,0.2714528855867684,0.39383389230817556,"[387470010, 272170118, 13789353, 147463161, 120696219, 43600393, 549335784, 487050817, 403406346, 530838100]","[96, 102, 72, 125, 72, 106, 29, 97, 126, 180]"
456,80,"[4, 10, 30, 37, 49, 65, 75, 79, 81, 82, 106, 109, 132, 146, 148, 170, 180, 188, 195, 209, 210, 221, 225, 242]",24,0.42496165074408054,0.2318711788393557,0.24789463601579578,"[365601969, 457555715, 320656730, 139721258, 577637429, 74228742, 334013790, 457916124, 479758699, 365633226]","[242, 195, 242, 195, 195, 195, 195, 242, 195, 170]"
457,80,"[32, 39, 60, 109, 115, 128, 200, 206, 239, 240, 241]",11,0.14161533303558826,0.07175813568755984,0.2670195551631464,"[162471685, 136874010, 231705738, 524464579, 113888790, 571179873, 119861582, 186491860, 106311894, 463699260]","[240, 240, 240, 60, 60, 240, 60, 240, 60, 240]"
458,80,"[27, 32, 42, 53, 60, 70, 75, 76, 80, 106, 108, 109, 112, 119, 148, 170, 206, 212, 225, 231, 240, 244]",22,0.3586608488112688,0.1433344786055386,0.23524041144727645,"[187787262, 166420139, 215726149, 212547914, 191295996, 115563401, 274449131, 517111948, 378081030, 231986448]","[80, 42, 60, 206, 42, 42, 42, 206, 206, 80]"
459,80,"[0, 2, 8, 10, 36, 38, 39, 49, 58, 61, 82, 85, 96, 100, 106, 111, 112, 128, 139, 156, 165, 167, 169, 185, 188, 194, 196, 201, 214, 217, 227, 237, 239, 241]",34,0.6858541392721236,0.33210259210318327,0.3306203977382906,"[88258506, 315889861, 174098819, 315914143, 489818873, 226086068, 272080642, 151472558, 560910136, 315949387]","[185, 241, 156, 241, 39, 0, 241, 111, 241, 241]"
460,80,"[10, 33, 49, 60, 67, 72, 81, 85, 89, 96, 100, 106, 111, 112, 132, 159, 188, 193, 210, 237, 239, 242]",22,0.5331638464704156,0.1522732055746019,0.24924194715409118,"[479292604, 301933640, 535548284, 301902290, 318613265, 175490625, 161639518, 466535407, 482889741, 417578861]","[188, 188, 188, 188, 96, 85, 188, 188, 188, 96]"
461,80,"[5, 10, 18, 25, 43, 52, 56, 59, 67, 70, 82, 84, 93, 97, 109, 112, 132, 159, 175, 186, 192, 194, 217, 224, 236]",25,0.4265079298056662,0.23007872607558966,0.25221006374806165,"[400235162, 332873320, 129177492, 270544705, 594292472, 234273248, 317781559, 41028519, 594326342, 178658508]","[43, 43, 43, 67, 67, 43, 175, 175, 59, 175]"
462,80,"[6, 8, 14, 17, 18, 19, 21, 30, 38, 43, 61, 64, 87, 94, 97, 105, 111, 113, 122, 133, 141, 170, 181, 183, 184, 192, 194, 203, 217, 224, 238, 239]",32,0.5969004430808127,0.28424040228128433,0.321314306675049,"[383637803, 231054295, 144569808, 202755365, 53678820, 232274035, 185811491, 198954823, 220204330, 342210829]","[217, 217, 97, 217, 97, 217, 113, 113, 192, 224]"
463,80,"[0, 6, 8, 37, 39, 49, 60, 82, 96, 100, 109, 111, 112, 125, 128, 159, 163, 165, 166, 168, 188, 194, 196, 213, 214, 227, 234, 241]",28,0.5695090321823955,0.295557186473161,0.370711636064308,"[40280342, 18595245, 81705327, 363770131, 18472263, 484265681, 434870727, 14113010, 360341785, 18623367]","[234, 8, 234, 234, 8, 234, 234, 234, 241, 8]"
464,80,"[0, 5, 8, 10, 12, 17, 26, 51, 89, 91, 97, 111, 115, 124, 126, 132, 159, 164, 169, 174, 181, 202, 239, 240]",24,0.45354314846917987,0.3151726615615189,0.3553764513247491,"[302910979, 292312148, 435412727, 507575881, 81024549, 285794450, 285616290, 507678586, 501834736, 285539307]","[239, 239, 239, 239, 12, 12, 239, 12, 5, 51]"
465,80,"[1, 6, 30, 32, 43, 60, 61, 75, 77, 93, 109, 112, 117, 171, 186, 195, 200, 209, 224, 228]",20,0.3424748289398849,0.18665137141942978,0.24323553290450944,"[176468700, 213315000, 346243434, 148498246, 235771350, 41816450, 66036315, 93467718, 360689364, 492897766]","[117, 117, 75, 117, 75, 75, 117, 228, 75, 75]"
466,80,"[1, 4, 20, 37, 39, 40, 60, 63, 70, 75, 77, 81, 82, 100, 106, 109, 111, 112, 128, 163, 164, 167, 186, 188, 192, 200, 206, 216, 239, 240, 241]",31,0.4775377162732184,0.28628914477303624,0.2648146189523921,"[277854528, 245809491, 177227322, 352042136, 25007565, 374165375, 498112273, 213506514, 320267901, 409177016]","[188, 188, 40, 20, 111, 109, 60, 100, 60, 60]"
467,80,"[1, 4, 20, 22, 59, 61, 63, 70, 77, 78, 82, 84, 93, 104, 132, 166, 175, 184, 195, 213, 216, 222, 228, 241]",24,0.5177916861139238,0.2022541556507349,0.18825805250283642,"[323627120, 18091477, 341299244, 306436514, 54728018, 204994945, 18084019, 474432847, 365102335, 512896117]","[175, 175, 175, 175, 175, 175, 175, 175, 175, 82]"
468,80,"[1, 8, 10, 14, 25, 38, 46, 59, 61, 63, 70, 72, 77, 84, 87, 104, 106, 111, 112, 113, 124, 127, 133, 159, 174, 175, 181, 192, 210, 228, 241]",31,0.6955957822501659,0.25758345052599907,0.24589875495932514,"[542191767, 118178412, 298492231, 165347730, 378131796, 10608035, 560058169, 365150051, 336371913, 218852589]","[174, 133, 63, 133, 59, 133, 133, 59, 46, 46]"
469,80,"[1, 6, 10, 12, 17, 18, 32, 39, 43, 60, 81, 84, 93, 97, 126, 169, 175, 188, 192, 194, 201, 209, 217, 224, 239, 241]",26,0.61142921121791,0.19043855462223291,0.3403765477526646,"[355252855, 395200188, 417990004, 443649785, 455541052, 469937462, 62527222, 450324266, 556508986, 469543999]","[43, 12, 60, 224, 224, 12, 224, 224, 239, 224]"
470,80,"[1, 4, 6, 10, 25, 37, 46, 49, 59, 61, 75, 77, 79, 81, 82, 85, 99, 109, 132, 133, 146, 148, 167, 171, 175, 186, 188, 196, 206, 209, 210, 221, 240]",33,0.5939781572669744,0.3349729352630675,0.20026166893005598,"[532997059, 176000049, 416502861, 417180042, 434798733, 81115506, 178865239, 273980664, 572770910, 18778545]","[109, 210, 133, 210, 59, 210, 210, 210, 210, 210]"
471,80,"[10, 17, 20, 36, 39, 43, 54, 58, 96, 112, 125, 128, 156, 188, 194, 201, 213, 239, 241]",19,0.39598879031836987,0.14820429310202599,0.3321616860645774,"[139111471, 306886796, 229777518, 296559762, 357272187, 63994882, 251805477, 53812755, 138900231, 504344624]","[54, 96, 188, 241, 188, 96, 54, 188, 188, 241]"
472,80,"[1, 14, 38, 47, 61, 77, 88, 112, 118, 166, 174, 211, 228]",13,0.3583102561533451,0.07936754357069731,0.22096139034972742,"[464201156, 493687953, 99275646, 223346411, 250763915, 357588963, 297833110, 233508947, 56675729, 591774573]","[14, 14, 1, 14, 14, 14, 14, 14, 14, 14]"
473,80,"[1, 4, 6, 30, 32, 47, 57, 60, 83, 91, 92, 118, 147, 152, 159, 166, 174, 200, 207, 209, 237, 240]",22,0.5146866128779948,0.12908407906070352,0.2444070191757584,"[112947996, 246119311, 408864800, 99877266, 365812706, 332730644, 347892926, 104530316, 276497222, 291831028]","[92, 92, 57, 237, 237, 237, 237, 237, 237, 91]"
474,80,"[25, 38, 57, 59, 61, 107, 159, 167, 178, 212, 222]",11,0.11066896095871925,0.068771593272686,0.21138828357850964,"[419399602, 419549737, 419425382, 357702048, 111279463, 267500020, 331809858, 305610631, 531818045, 351804448]","[25, 25, 25, 25, 25, 25, 25, 25, 25, 25]"
475,80,"[0, 6, 8, 10, 17, 18, 39, 43, 60, 70, 72, 93, 94, 106, 108, 111, 112, 114, 126, 170, 171, 174, 183, 188, 192, 194, 201, 202, 212, 214, 217, 230, 239, 241]",34,0.730877183843404,0.2645542616955936,0.35336414827307794,"[562404345, 142216812, 435554156, 55793947, 143640933, 480679693, 367683341, 381488091, 484010576, 408058382]","[183, 183, 183, 183, 183, 183, 183, 183, 183, 183]"
476,80,"[0, 6, 8, 10, 21, 43, 56, 65, 72, 82, 94, 97, 106, 112, 113, 114, 123, 126, 127, 170, 188, 192, 194, 202, 217, 224, 230, 231]",28,0.537525050342083,0.21858798898756504,0.3670868367688464,"[295878466, 101179090, 398859063, 101303614, 101275642, 219048394, 52588656, 165364401, 58450946, 172334369]","[224, 43, 6, 43, 224, 43, 43, 224, 43, 224]"
477,80,"[1, 4, 6, 22, 30, 37, 61, 63, 70, 84, 104, 105, 111, 123, 131, 146, 170, 175, 192, 195, 209, 216, 221, 228]",24,0.5628208084963262,0.23348696622997522,0.2975609253141253,"[515987773, 134023122, 134045765, 402584518, 362021062, 310819846, 356558411, 333585733, 277369238, 134045767]","[22, 22, 70, 22, 123, 175, 123, 175, 22, 123]"
478,80,"[1, 5, 6, 8, 17, 19, 25, 36, 46, 63, 81, 91, 93, 107, 133, 174, 175, 180, 200, 209, 211, 212, 221, 222, 228, 235, 241]",27,0.5707305707037449,0.1781518729403615,0.23105361855036957,"[278583544, 451645279, 557099552, 141595512, 475843597, 265290220, 19705043, 17011777, 294639619, 185132949]","[17, 19, 19, 19, 19, 175, 19, 25, 19, 175]"
479,80,"[2, 10, 20, 30, 33, 49, 61, 79, 81, 82, 85, 92, 96, 106, 112, 125, 139, 146, 152, 169, 188, 210, 222, 227, 237, 241]",26,0.5282558896578848,0.23524735495448112,0.25371612311125946,"[387276139, 206946850, 335107311, 35277925, 271075585, 114846788, 566150586, 298702158, 387292597, 594147739]","[92, 92, 92, 92, 92, 92, 92, 85, 92, 85]"
480,80,"[1, 4, 6, 19, 22, 63, 70, 82, 84, 88, 93, 104, 105, 131, 132, 146, 153, 166, 172, 175, 192, 195, 216]",23,0.5652477298863232,0.14603858161717653,0.19794900682957275,"[164567930, 76437166, 148730856, 289687404, 31389939, 54371157, 399769744, 583403024, 76421893, 59100085]","[105, 84, 1, 1, 1, 1, 1, 1, 1, 1]"
481,80,"[0, 5, 8, 10, 17, 18, 43, 47, 59, 64, 67, 68, 82, 84, 93, 112, 126, 132, 159, 164, 170, 175, 184, 186, 188, 192, 194, 200, 201, 224, 227, 235, 239, 241]",34,0.696709290612489,0.28757702093571424,0.2637559788315283,"[60269282, 313386754, 341732680, 313233339, 393366560, 134682753, 161482467, 260811580, 311983683, 157043851]","[64, 43, 43, 43, 43, 43, 43, 43, 43, 68]"
482,80,"[2, 4, 6, 19, 21, 25, 40, 43, 46, 75, 94, 97, 105, 112, 113, 123, 133, 141, 147, 186, 224]",21,0.33873794600367546,0.14967018133029342,0.26430156928974957,"[512525686, 185414817, 443749071, 486542584, 412352454, 144635416, 555867870, 412533088, 270942898, 278271929]","[2, 2, 21, 46, 2, 133, 123, 2, 46, 46]"
483,80,"[20, 22, 37, 48, 54, 64, 68, 70, 94, 105, 106, 111, 112, 165, 167, 183, 184, 192, 201, 213, 215, 217, 222, 235]",24,0.44624887593090534,0.19693816546350718,0.36988660850329325,"[489828717, 310848652, 39414752, 489772051, 489812532, 166713165, 489585111, 489585110, 489812529, 489812530]","[68, 68, 68, 68, 68, 68, 68, 68, 68, 68]"
484,80,"[0, 1, 8, 10, 12, 14, 18, 38, 47, 61, 77, 84, 91, 92, 107, 112, 126, 127, 133, 159, 184, 185, 192, 209, 227, 228, 239, 241]",28,0.6488859788514674,0.18258504662662745,0.2653404960541853,"[18606957, 454531142, 297497815, 104332912, 193436670, 86389394, 379833395, 27434076, 77895589, 189420397]","[228, 228, 228, 228, 228, 228, 228, 228, 228, 133]"
485,80,"[0, 8, 10, 20, 26, 36, 43, 49, 51, 54, 58, 67, 70, 82, 88, 89, 100, 106, 111, 112, 126, 132, 156, 159, 167, 169, 175, 188, 192, 194, 196, 201, 215, 241]",34,0.7074559959582984,0.33368928637355566,0.3035223866634838,"[200634062, 21333472, 338204614, 254730189, 292852348, 396463848, 47062145, 2360277, 170606102, 313575331]","[54, 169, 54, 188, 156, 196, 36, 54, 54, 54]"
486,80,"[1, 4, 5, 6, 10, 30, 40, 82, 91, 93, 99, 135, 146, 159, 166, 168, 171, 174, 175, 186, 194, 200, 207, 209, 224, 227, 239, 240, 241]",29,0.6476495531387627,0.17956679267808795,0.22760206495475924,"[56701149, 39076161, 568055858, 263768564, 58447535, 391336856, 417800668, 56763086, 56720614, 227969021]","[200, 200, 200, 200, 175, 1, 200, 200, 200, 200]"
487,80,"[0, 1, 4, 5, 7, 8, 10, 18, 29, 30, 40, 43, 70, 79, 82, 93, 94, 105, 106, 112, 114, 122, 123, 126, 133, 146, 170, 183, 192, 195, 209, 217, 224, 230]",34,0.6616538716480136,0.36975139332935214,0.3554670294979587,"[247713415, 350519092, 179936272, 57091603, 593849168, 542594313, 19261898, 537114744, 274439126, 135846690]","[217, 30, 209, 122, 217, 170, 8, 8, 195, 217]"
488,80,"[4, 6, 8, 30, 40, 61, 65, 75, 79, 109, 146, 148, 171, 186, 200, 209, 210, 214]",18,0.38610436487942934,0.12879620725288987,0.25160868174862117,"[399005212, 87256967, 87256965, 116827493, 202144811, 6340035, 78982428, 12995121, 255761134, 172957762]","[171, 171, 171, 171, 171, 171, 171, 171, 171, 171]"
489,80,"[4, 88, 99, 146, 153, 168, 169, 196, 233, 237]",10,0.17309428378939629,0.06999668572098017,0.2846920713316649,"[244730630, 583962548, 422582951, 591290990, 311550525, 190397391, 205670594, 395580749, 520987336, 3671082]","[168, 168, 168, 168, 168, 168, 168, 168, 168, 168]"
490,80,"[0, 8, 18, 25, 40, 46, 47, 52, 61, 67, 75, 91, 92, 97, 99, 106, 109, 112, 126, 129, 133, 148, 171, 181, 182, 186, 200, 209, 212, 237, 239]",31,0.5939121413975954,0.28163264971226454,0.2840740584407843,"[147860004, 549774917, 279548621, 283966976, 82761773, 409233162, 253136900, 44292805, 484392645, 439160149]","[200, 200, 200, 200, 200, 200, 200, 200, 200, 200]"
491,80,"[4, 10, 14, 20, 30, 37, 49, 70, 75, 77, 81, 82, 84, 100, 105, 111, 159, 164, 167, 192, 213, 217, 241]",23,0.3481129347346723,0.23757149372249842,0.31159944270494516,"[268678452, 453487855, 440347452, 403625282, 2456965, 354402042, 550281212, 81435176, 536225976, 490443456]","[81, 81, 81, 81, 81, 81, 81, 81, 81, 81]"
492,80,"[10, 17, 20, 33, 49, 61, 70, 72, 82, 89, 100, 106, 108, 111, 119, 125, 132, 164, 184, 188, 194, 213, 242]",23,0.4756559869274497,0.17878390662372112,0.3097965590169896,"[160760036, 174221182, 24335764, 393169956, 18314610, 28528015, 55836635, 345243402, 86185750, 192390787]","[188, 188, 188, 188, 188, 188, 188, 188, 132, 188]"
493,80,"[0, 10, 12, 17, 30, 37, 51, 60, 61, 65, 70, 93, 108, 111, 112, 113, 114, 126, 159, 164, 174, 181, 183, 184, 192, 194, 202, 217, 224, 228, 230, 239]",32,0.47815276123583317,0.3177285776473582,0.36510470607026946,"[44295541, 52895912, 381794118, 277272628, 396248751, 402856706, 350020328, 79991391, 277766670, 430838424]","[183, 224, 217, 126, 60, 126, 126, 17, 217, 60]"
494,80,"[57, 79, 83, 92, 152, 166, 182, 228, 236, 237, 240, 242]",12,0.3025599345564842,0.06726515712216496,0.20652093396832547,"[405705380, 205539569, 233429029, 526541966, 186295331, 186246386, 155115209, 428119303, 382854843, 301760601]","[237, 237, 237, 237, 237, 237, 237, 237, 237, 237]"
495,80,"[1, 2, 6, 7, 8, 17, 32, 47, 60, 61, 93, 106, 111, 112, 118, 159, 169, 174, 194, 206, 211, 237, 239, 240, 241]",25,0.5431465147994459,0.17374334437772632,0.2717950718291104,"[25871553, 86639618, 103452026, 9606063, 37237949, 293467789, 196184832, 371519373, 275562567, 103473813]","[240, 240, 240, 240, 32, 32, 32, 240, 32, 32]"
496,80,"[5, 10, 12, 17, 20, 39, 43, 52, 60, 63, 67, 70, 77, 81, 82, 84, 93, 112, 126, 132, 159, 164, 166, 175, 184, 192, 194, 217, 224, 228, 241]",31,0.6341607654467225,0.28501419350504875,0.2910422740143634,"[236259714, 571862111, 34682763, 229252425, 446634837, 135594955, 160567613, 198474818, 291748984, 220215407]","[5, 5, 175, 17, 5, 17, 192, 93, 5, 175]"
497,80,"[36, 54, 58, 96, 156, 167, 201]",7,0.09138938831165433,0.05977971339598298,0.2934001580412899,"[299386406, 319058044, 494534355, 364834223, 364842068, 437804398, 308900473, 591029583, 50443737, 41614889]","[54, 54, 54, 36, 36, 54, 54, 54, 54, 54]"
498,80,"[1, 4, 20, 22, 39, 57, 59, 61, 63, 70, 77, 79, 81, 82, 84, 93, 100, 104, 105, 112, 131, 132, 146, 175, 194, 195, 213, 216, 222, 228, 241]",31,0.6470531090162694,0.2626181277446449,0.22992004855205456,"[276146023, 576706550, 578940775, 311036971, 576706551, 35003847, 18787922, 579237344, 579237342, 570847380]","[175, 175, 175, 20, 175, 175, 175, 175, 175, 175]"
499,80,"[10, 36, 39, 49, 54, 58, 82, 100, 106, 109, 111, 112, 156, 164, 165, 167, 169, 188, 196, 199, 201]",21,0.3742396365851164,0.18357916036620736,0.37442672850253683,"[591551392, 131956001, 467193386, 391865967, 123524978, 243392874, 266667197, 313563880, 200658135, 28805091]","[36, 36, 54, 54, 156, 54, 36, 54, 156, 36]"
500,80,"[1, 17, 25, 36, 46, 49, 59, 79, 82, 106, 107, 111, 133, 146, 159, 178, 182, 193, 195, 210, 216, 221, 228, 237, 241]",25,0.5039065992459655,0.23123019048944116,0.2490132761374116,"[540664094, 425777108, 425777109, 236293030, 540664095, 479933293, 549363883, 425845956, 425745683, 217417000]","[46, 46, 107, 25, 107, 25, 25, 25, 107, 107]"
501,80,"[1, 2, 19, 47, 57, 61, 79, 92, 129, 152, 159, 172, 175, 179, 182, 185, 193, 209, 212, 227, 228, 237]",22,0.5316353938542306,0.1272490923292935,0.20078570436982607,"[506606551, 29636583, 584524121, 317604999, 22593284, 199862179, 240298873, 62864624, 200570415, 164293397]","[237, 237, 237, 2, 237, 237, 237, 237, 237, 237]"
502,80,"[10, 20, 33, 39, 46, 60, 63, 70, 72, 81, 82, 84, 93, 96, 109, 111, 127, 128, 132, 148, 159, 164, 166, 167, 175, 194, 200, 216, 239, 240, 241]",31,0.5916044851765037,0.33644040673971176,0.2560012261908982,"[325515382, 249329727, 538523683, 243179825, 343165763, 559537613, 407800112, 375595151, 229394936, 553852001]","[216, 60, 60, 216, 240, 216, 216, 60, 60, 216]"
503,80,"[1, 4, 10, 20, 70, 77, 81, 82, 84, 88, 93, 104, 132, 146, 153, 175, 196, 209]",18,0.4536285884678364,0.10867522051557899,0.20047683182120737,"[66775892, 67675597, 145991549, 336506009, 122988501, 277869308, 346161102, 381972781, 307481867, 255321054]","[82, 175, 82, 82, 77, 82, 82, 84, 82, 1]"
504,80,"[4, 6, 10, 17, 20, 26, 39, 49, 51, 61, 70, 77, 81, 82, 84, 89, 100, 108, 125, 148, 164, 169, 188, 192, 194, 222, 242]",27,0.380059021525085,0.2612526174634695,0.2760527614262645,"[448490378, 409326007, 427359616, 567927322, 549567211, 108048881, 536913401, 258388843, 405072123, 105174944]","[4, 84, 108, 49, 10, 26, 26, 26, 6, 20]"
505,80,"[8, 10, 20, 30, 39, 43, 49, 60, 61, 72, 77, 82, 93, 100, 112, 123, 128, 132, 146, 165, 166, 188, 194, 210, 217, 234, 241]",27,0.5914239091798663,0.2516203559935093,0.31050540073947225,"[474871931, 329888215, 221755123, 153410927, 341233569, 251994508, 442082887, 310853951, 215015443, 27685332]","[234, 234, 234, 20, 234, 77, 234, 234, 39, 188]"
506,80,"[4, 8, 10, 12, 17, 20, 26, 39, 49, 61, 63, 70, 72, 82, 84, 89, 96, 100, 105, 108, 112, 125, 126, 127, 128, 159, 164, 175, 188, 192, 194, 216, 239, 241]",34,0.6622370453551412,0.305375752504915,0.3180020859410219,"[162695942, 95452710, 162731169, 251015534, 129216516, 38187346, 162727504, 570547811, 465117429, 112809579]","[125, 20, 20, 239, 128, 125, 125, 82, 128, 82]"
507,80,"[17, 20, 33, 39, 63, 67, 72, 85, 96, 100, 102, 125, 128, 188, 194, 213]",16,0.40861642407253385,0.1263152016326785,0.35019923897925764,"[336438051, 426049066, 422839851, 102289513, 500345096, 279358314, 271830533, 422863222, 244534552, 113902419]","[96, 96, 96, 33, 96, 85, 20, 33, 96, 96]"
508,80,"[1, 14, 20, 77, 81, 82, 93, 100, 111, 112, 146, 164, 167, 174, 211]",15,0.2877115528099239,0.10683412803336978,0.250738817298164,"[88155495, 88155494, 133048366, 203558056, 335600884, 349761725, 529499156, 351513107, 453714421, 159299546]","[14, 81, 14, 14, 81, 14, 14, 81, 14, 81]"
509,80,"[1, 8, 10, 37, 43, 46, 52, 59, 70, 92, 105, 112, 114, 123, 133, 159, 175, 186, 194, 209, 210, 217, 224]",23,0.5902461698278785,0.16230825567618012,0.28881529906926595,"[136975153, 319742880, 422347069, 106336730, 76102061, 598322048, 541971134, 18384764, 377405330, 447365013]","[186, 133, 46, 46, 46, 209, 46, 186, 46, 43]"
510,80,"[30, 32, 52, 60, 75, 83, 93, 109, 111, 112, 117, 171, 174, 186, 199, 200, 209, 212, 224, 239]",20,0.26356485672295094,0.20579705154523253,0.2935048274579458,"[73624450, 75775109, 425185866, 314113358, 469196941, 289864068, 469172981, 469083543, 365057986, 469289361]","[93, 93, 93, 93, 93, 93, 93, 93, 93, 93]"
511,80,"[57, 61, 110, 152, 156, 174, 192, 207, 228, 237]",10,0.12347746640443802,0.07001793384552002,0.2665771333966404,"[354342484, 354982027, 539458146, 2893851, 588943316, 265818700, 2701816, 89993059, 100270462, 401331535]","[152, 237, 152, 237, 237, 152, 237, 152, 237, 237]"
512,80,"[0, 6, 7, 8, 30, 40, 52, 65, 68, 94, 97, 105, 106, 109, 112, 123, 126, 131, 134, 147, 161, 163, 170, 171, 180, 183, 184, 194, 202, 214, 217, 224, 230, 235]",34,0.6175769795663655,0.3946942239999771,0.35493538002072667,"[97093587, 382929741, 486066851, 60901442, 557338816, 462017750, 75252116, 253453552, 469164980, 325958056]","[183, 183, 230, 230, 183, 183, 183, 183, 183, 230]"
513,80,"[1, 39, 99, 109, 111, 166, 168, 174, 196, 207, 227, 233]",12,0.35978463431820273,0.09150791494175792,0.32666013366542757,"[9753040, 175920041, 442793169, 210970518, 198030279, 471476524, 161816983, 363023100, 344275419, 97533873]","[233, 233, 233, 233, 233, 233, 233, 233, 233, 233]"
514,80,"[0, 25, 39, 49, 59, 79, 81, 82, 93, 107, 111, 112, 135, 146, 168, 194, 195, 210, 213, 222, 233]",21,0.42092608008533716,0.14318410819396377,0.28944168066872017,"[259638967, 29539058, 226769638, 103461123, 13234335, 212467506, 375167620, 362969013, 77523374, 563910942]","[49, 25, 25, 25, 25, 25, 25, 25, 25, 49]"
515,80,"[1, 8, 10, 21, 25, 30, 32, 84, 93, 112, 126, 133, 169, 170, 186, 209, 217, 224, 239]",19,0.4526050672866404,0.14148835791274905,0.3681483453409256,"[543922079, 354926197, 130933279, 543791991, 594762485, 422086086, 291501341, 195792455, 104910465, 130933280]","[224, 224, 224, 224, 224, 224, 224, 224, 224, 224]"
516,80,"[1, 4, 6, 10, 14, 19, 26, 30, 37, 43, 46, 52, 59, 63, 64, 70, 77, 79, 81, 88, 93, 97, 107, 109, 126, 133, 141, 147, 175, 186, 195, 217, 224, 228]",34,0.6187014966271818,0.23264014394953847,0.27587387078058195,"[157350314, 369597083, 211384216, 389271069, 324700103, 25048268, 139187086, 472835488, 211384218, 365680177]","[133, 133, 133, 141, 133, 133, 141, 133, 133, 133]"
517,80,"[4, 20, 22, 38, 63, 70, 79, 82, 102, 104, 105, 106, 127, 131, 192, 193, 195, 197, 209, 216, 221]",21,0.36518586659803987,0.2015153719112277,0.2442817823251798,"[116909789, 213916429, 454389511, 454348595, 152709618, 180504935, 597380804, 517449535, 375642974, 180504938]","[22, 22, 22, 22, 22, 22, 22, 22, 22, 22]"
518,80,"[19, 25, 57, 59, 61, 67, 99, 107, 172, 178, 180, 182, 193, 195, 200, 210, 221, 222, 233, 236, 237, 242]",22,0.32456505252048373,0.19680779660120606,0.21638578943781217,"[339741272, 10724956, 140399022, 211228225, 208979114, 302190687, 519110891, 211333354, 355393691, 391274177]","[107, 237, 237, 107, 107, 182, 57, 107, 182, 107]"
519,80,"[10, 20, 36, 43, 54, 67, 70, 82, 84, 89, 108, 132, 169, 175, 188, 196, 201, 239]",18,0.3470006696879864,0.19409844186156988,0.2260659856385448,"[464425538, 411391048, 411391064, 210728434, 411391046, 411391050, 511903954, 435401648, 468105198, 504335856]","[54, 54, 54, 54, 54, 54, 54, 54, 54, 54]"
520,80,"[26, 54, 106, 108, 129, 156, 164, 165, 167, 187, 201, 211, 214]",13,0.1941684246994555,0.17145392997190356,0.3695582235769297,"[25955538, 86731325, 504422431, 137001895, 230400934, 477811446, 462531434, 10405125, 284745640, 482766710]","[201, 201, 201, 201, 201, 167, 201, 201, 201, 201]"
521,80,"[6, 8, 30, 39, 45, 65, 79, 87, 97, 105, 106, 108, 109, 111, 112, 122, 146, 163, 165, 183, 192, 194, 209, 214, 217, 221, 230]",27,0.6108173034153879,0.23057066416367888,0.4374801199020887,"[553995910, 299210752, 554255527, 554247320, 299340964, 324998943, 299335078, 127648928, 349839111, 299208442]","[217, 194, 217, 217, 217, 217, 217, 163, 214, 165]"
522,80,"[33, 39, 49, 81, 85, 96, 100, 109, 111, 112, 120, 125, 128, 163, 166, 188, 211, 213, 234]",19,0.514921463560313,0.13894700119271874,0.3308094224745506,"[130317406, 255648442, 432017163, 58185551, 2703194, 563593339, 475160783, 355317670, 8883729, 417584932]","[128, 96, 128, 96, 234, 120, 96, 128, 234, 96]"
523,80,"[4, 6, 10, 32, 60, 82, 88, 93, 109, 159, 168, 174, 196, 233, 239, 240, 241]",17,0.27794859604910016,0.1109593603760004,0.23534286802853732,"[293660001, 283438059, 226255915, 359159413, 148240321, 283438076, 441716235, 506653755, 410667348, 535253769]","[240, 60, 240, 60, 60, 60, 60, 60, 240, 240]"
524,80,"[6, 14, 20, 33, 37, 43, 46, 49, 54, 61, 64, 68, 70, 72, 77, 82, 96, 112, 133, 141, 146, 166, 174, 184, 188, 192, 194, 201, 209, 210, 217, 228, 235, 239]",34,0.6201560962945223,0.35083153285086155,0.2396072385873755,"[563895318, 570730176, 26854162, 160315320, 275142002, 528973679, 578245079, 526067676, 69172137, 274216131]","[64, 64, 64, 64, 64, 64, 64, 64, 64, 64]"
525,80,"[1, 6, 8, 14, 17, 30, 32, 60, 61, 70, 75, 82, 88, 105, 106, 109, 112, 114, 126, 146, 169, 192, 194, 206, 209, 217, 224, 239]",28,0.5439883437938988,0.2822877215221524,0.3563178072217852,"[119671887, 486964607, 477101385, 138296968, 309440188, 410780069, 421800907, 111073023, 26949837, 569776617]","[8, 14, 1, 224, 6, 224, 32, 206, 224, 217]"
526,80,"[32, 47, 60, 109, 112, 118, 159, 174, 237, 239, 240]",11,0.24492912599816918,0.0735136941075325,0.27376614455980336,"[428022682, 427859512, 428022681, 84491517, 427455796, 553997351, 427960047, 554145425, 309886608, 17613869]","[240, 240, 240, 240, 240, 240, 240, 240, 240, 60]"
527,80,"[0, 4, 8, 10, 17, 26, 33, 49, 51, 67, 97, 100, 106, 108, 111, 115, 118, 126, 164, 165, 181, 188, 194, 201, 202, 231, 237, 239]",28,0.5931670507416129,0.2295383084565401,0.4150547444088651,"[337770232, 425475211, 202797995, 89574241, 298427025, 486564024, 31262502, 191188830, 216367725, 439929411]","[164, 97, 17, 10, 194, 10, 17, 17, 33, 126]"
528,80,"[0, 6, 8, 10, 17, 20, 36, 39, 49, 54, 58, 59, 93, 106, 111, 112, 128, 156, 165, 188, 194, 201, 214, 217, 221, 239, 241]",27,0.5353430886752903,0.271746841724962,0.34950588556454965,"[151560407, 155391489, 519323868, 366439712, 303464546, 413089858, 96285681, 221150388, 59000368, 175513270]","[59, 59, 59, 59, 59, 59, 59, 59, 0, 59]"
529,80,"[61, 79, 110, 152, 192, 216, 228, 237, 240]",9,0.14841690100729465,0.06122995959594846,0.2704315438038773,"[205692914, 48824457, 391242099, 109037586, 241830589, 403518541, 558218589, 178355751, 567412056, 141686781]","[152, 237, 237, 237, 237, 237, 237, 237, 152, 237]"
530,80,"[0, 8, 10, 17, 32, 39, 43, 60, 77, 93, 111, 112, 114, 126, 128, 141, 159, 165, 188, 194, 201, 214, 217, 224, 228, 239, 241]",27,0.5898484466597438,0.1999949784949422,0.39372561200245937,"[560135005, 320549545, 319725303, 560173664, 560178507, 33579243, 560170215, 560307609, 560202702, 260241454]","[8, 0, 17, 8, 39, 217, 8, 228, 43, 17]"
531,80,"[0, 10, 17, 32, 37, 39, 43, 49, 60, 93, 100, 106, 108, 111, 112, 114, 122, 126, 128, 165, 188, 192, 194, 201, 213, 214, 217, 239, 241]",29,0.6664950517006218,0.258440381847322,0.46692131812170407,"[20708183, 354191060, 429534339, 501382547, 401768964, 557908968, 401751653, 502044240, 573040798, 396473004]","[108, 93, 108, 108, 108, 108, 108, 108, 108, 194]"
532,80,"[6, 8, 10, 26, 37, 40, 45, 48, 53, 54, 60, 65, 67, 75, 79, 81, 82, 106, 108, 109, 111, 112, 127, 132, 146, 148, 159, 164, 183, 184, 186, 188, 194, 200, 201, 209, 213, 215, 221, 225, 235, 241, 242]",43,0.766130356118083,0.378443690482527,0.2676703029063119,"[380620637, 61993233, 277965556, 272578831, 70028885, 447424439, 502085193, 487720156, 529771545, 344124914]","[108, 67, 215, 215, 194, 215, 215, 215, 45, 8]"
533,80,"[14, 17, 43, 64, 68, 70, 96, 110, 111, 112, 125, 133, 141, 184, 194, 217, 221, 235]",18,0.31705775670707226,0.1759430360980332,0.33935102137426537,"[590164671, 520149710, 428304541, 552999872, 531186748, 227153031, 335233368, 38374470, 337350330, 170641969]","[64, 64, 64, 64, 64, 64, 64, 64, 64, 64]"
534,80,"[8, 32, 38, 57, 75, 76, 92, 93, 99, 106, 108, 112, 126, 170, 178, 186, 194, 207, 217, 222, 224, 227, 233, 239, 244]",25,0.3650845903903246,0.24818805372342467,0.31091259157285095,"[427009267, 1332463, 330249683, 16387247, 377174133, 322669607, 51954795, 178299808, 405639373, 127179466]","[222, 207, 207, 207, 224, 32, 57, 186, 207, 57]"
535,80,"[0, 7, 8, 10, 14, 17, 18, 32, 36, 43, 70, 93, 94, 97, 105, 106, 108, 111, 112, 114, 126, 169, 188, 192, 194, 201, 214, 217, 228, 241]",30,0.5780628849752247,0.38209826219826937,0.3739140819137295,"[135213883, 296608572, 348594901, 409569125, 58852724, 385436833, 391173564, 537511200, 294221006, 224743290]","[114, 114, 114, 194, 114, 114, 114, 114, 114, 114]"
536,80,"[0, 2, 8, 25, 36, 38, 61, 83, 92, 110, 112, 132, 152, 174, 185, 192, 200, 216, 227, 237, 240]",21,0.3392046703957021,0.14841671008616686,0.24813242755564197,"[402493468, 65971972, 456402608, 131974822, 385738764, 564485727, 230534218, 577566495, 363409200, 553233970]","[237, 237, 237, 237, 237, 237, 237, 237, 237, 237]"
537,80,"[2, 5, 10, 20, 30, 39, 49, 58, 59, 60, 67, 70, 77, 82, 85, 92, 93, 96, 100, 112, 128, 139, 146, 165, 175, 188, 194, 210, 212, 221, 222, 227, 237, 239, 241]",35,0.6536125661805272,0.24765771441161633,0.27900839422696405,"[118696928, 204662725, 369727882, 122549331, 240924035, 239161889, 432255990, 414024632, 146777708, 118696929]","[82, 39, 39, 82, 82, 100, 241, 82, 39, 82]"
538,80,"[10, 20, 39, 49, 70, 81, 82, 89, 93, 100, 106, 111, 112, 125, 128, 132, 159, 163, 164, 188, 194, 201, 213, 214, 234, 239, 242]",27,0.5246328660286963,0.20917965192347765,0.3080402396067425,"[165273779, 303820935, 320859813, 502516863, 134482581, 534418664, 381833804, 260695453, 42421416, 441462598]","[128, 100, 128, 128, 128, 10, 128, 128, 128, 100]"
539,80,"[20, 33, 49, 54, 67, 82, 85, 89, 96, 100, 125, 128, 188, 201]",14,0.30198034876957536,0.08724479284137487,0.23555175243278167,"[496986301, 123083666, 241713019, 493392983, 5354004, 474528701, 497005162, 39305778, 31285918, 386054805]","[128, 188, 128, 128, 188, 85, 128, 96, 96, 85]"
540,80,"[0, 10, 20, 33, 40, 49, 54, 67, 81, 85, 89, 96, 100, 106, 111, 114, 125, 128, 132, 164, 188, 194]",22,0.4675431181676686,0.16812370298430324,0.2938837645871734,"[137357883, 189654009, 267334804, 500010538, 63865312, 499928713, 398571746, 500224551, 539799815, 141016056]","[96, 96, 96, 125, 188, 89, 194, 188, 33, 128]"
541,80,"[0, 10, 17, 39, 43, 51, 54, 58, 72, 96, 108, 111, 114, 126, 128, 132, 156, 164, 165, 188, 194, 201, 214, 239, 241]",25,0.5131688145920634,0.26924884924665093,0.4108617680985481,"[11790623, 143974679, 368794346, 569457680, 143974680, 399281845, 480940046, 162451809, 251457724, 173538003]","[54, 54, 194, 239, 54, 194, 201, 39, 194, 58]"
542,80,"[1, 6, 27, 32, 42, 53, 59, 61, 75, 76, 77, 80, 112, 117, 119, 133, 206, 209, 210, 231, 240, 244]",22,0.3748045056127012,0.12707079015672207,0.21253526834136044,"[196948683, 384252313, 378222535, 318779862, 396119654, 197506474, 542486797, 542519853, 439818553, 396160649]","[80, 80, 42, 240, 42, 42, 80, 42, 80, 206]"
543,80,"[1, 27, 30, 53, 60, 75, 76, 80, 81, 82, 87, 93, 106, 109, 112, 148, 171, 186, 187, 206, 209, 212, 214, 217, 225, 240]",26,0.5174221144989133,0.1919799386523664,0.2770849329311974,"[358210674, 522718490, 416260114, 259058018, 496181573, 160788017, 133869573, 426331662, 22039393, 41400402]","[80, 206, 80, 80, 109, 80, 80, 206, 80, 80]"
544,80,"[22, 61, 63, 70, 88, 102, 104, 105, 106, 112, 127, 131, 152, 153, 175, 180, 221, 222, 241, 242]",20,0.47112456895411015,0.1386885056272149,0.2585306089371443,"[379336593, 379301705, 379312487, 90026781, 379350332, 174112660, 264718859, 596057616, 405490897, 379306138]","[63, 63, 63, 63, 63, 63, 63, 63, 63, 63]"
545,80,"[1, 4, 25, 37, 40, 61, 75, 79, 82, 109, 146, 148, 171, 186, 200, 207, 210]",17,0.31859827786684036,0.170632001478225,0.19983418489915922,"[145084398, 423763699, 189694457, 555148552, 387580617, 344158863, 338072917, 464936886, 153822917, 284734160]","[171, 171, 171, 171, 171, 171, 171, 75, 171, 171]"
546,80,"[4, 10, 18, 20, 22, 54, 59, 63, 64, 67, 70, 77, 82, 84, 93, 104, 105, 111, 127, 132, 167, 175, 192, 195, 216, 222]",26,0.4440717506222427,0.17627103766426444,0.24249847049717432,"[28169039, 28098047, 196600927, 343177902, 35221743, 599884884, 373205941, 525217917, 230805367, 163145883]","[22, 59, 22, 82, 22, 82, 22, 22, 82, 70]"
547,80,"[19, 21, 27, 32, 42, 52, 53, 60, 75, 80, 109, 112, 117, 119, 133, 171, 186, 206, 209, 217, 224]",21,0.2432028786279261,0.19505988527089357,0.2589818248636134,"[592182966, 592273675, 596623360, 240415233, 349892222, 390424334, 74766187, 471609244, 225248797, 106748058]","[224, 117, 27, 117, 117, 224, 117, 224, 209, 117]"
548,80,"[2, 14, 17, 30, 38, 45, 46, 47, 61, 64, 68, 79, 92, 98, 110, 111, 125, 129, 156, 159, 167, 184, 212, 222, 227, 228, 237]",27,0.4278390402905643,0.25732318963855505,0.2718851538719954,"[305235514, 416172459, 311121833, 495811083, 583816488, 496522439, 494016466, 27420085, 462078825, 356627288]","[184, 184, 184, 184, 184, 184, 184, 184, 92, 184]"
549,80,"[10, 17, 20, 33, 36, 39, 49, 61, 81, 96, 100, 106, 108, 109, 111, 112, 125, 128, 129, 163, 164, 188, 194, 221, 234, 239]",26,0.5574898701161146,0.2091617383994162,0.328974281061584,"[97655870, 451205571, 305268778, 413543884, 105421046, 305268780, 305256519, 161716231, 50254066, 481020968]","[125, 125, 125, 128, 234, 234, 125, 96, 125, 125]"
550,80,"[10, 17, 20, 26, 29, 49, 58, 61, 64, 68, 77, 81, 89, 93, 100, 102, 110, 111, 125, 148, 156, 164, 167, 183, 184, 188, 201, 210, 213, 228, 235, 241, 242]",33,0.5333771924488246,0.2326455838046968,0.2625547552932844,"[110104781, 365956345, 379784786, 405342348, 405220095, 403931308, 405201139, 403972390, 257063804, 596674800]","[68, 68, 68, 68, 68, 68, 68, 68, 68, 68]"
551,80,"[4, 20, 22, 30, 33, 37, 61, 70, 100, 105, 106, 108, 112, 114, 122, 125, 127, 128, 164, 167, 169, 192, 213, 216, 222, 237]",26,0.45641875034198165,0.2803094373084605,0.3854922116375886,"[253128968, 550995109, 174785719, 408249199, 64346359, 272789943, 279323403, 289324148, 378280007, 435520325]","[20, 20, 125, 237, 20, 20, 20, 20, 112, 20]"
552,80,"[0, 1, 4, 6, 8, 14, 19, 25, 46, 47, 61, 77, 81, 107, 118, 133, 147, 167, 174, 192, 211, 228, 241]",23,0.4587473622523248,0.14529772102832794,0.2107502430090276,"[387430141, 430416570, 199144504, 47763948, 140760693, 210934976, 182873893, 471434271, 321212558, 505836682]","[228, 228, 228, 107, 228, 8, 107, 228, 107, 19]"
553,80,"[0, 1, 4, 6, 8, 10, 14, 32, 49, 60, 61, 77, 82, 88, 89, 93, 100, 106, 108, 111, 112, 114, 132, 165, 169, 188, 192, 194, 209, 214, 217, 239, 241]",33,0.7192075317725539,0.25468539260327816,0.31357822476208885,"[285159161, 314632339, 184182755, 257804328, 15633309, 259075731, 172932936, 385912748, 273443106, 389026728]","[241, 32, 32, 82, 32, 8, 32, 32, 32, 241]"
554,80,"[1, 4, 20, 22, 39, 49, 63, 70, 78, 82, 84, 104, 146, 166, 168, 175, 192, 195, 221, 233]",20,0.4890654478222132,0.18163874000310898,0.23138647896703332,"[563590081, 547363610, 347670650, 186317781, 347670648, 441406741, 571785563, 502768381, 393800161, 282575724]","[175, 1, 1, 84, 84, 1, 1, 1, 84, 1]"
555,80,"[0, 4, 10, 17, 18, 26, 48, 60, 70, 81, 108, 111, 126, 129, 132, 159, 164, 181, 184, 188, 194, 200, 201, 209, 215, 239, 241, 242]",28,0.4080444909632206,0.33192664943635464,0.3187783643619956,"[81834019, 316225551, 428557457, 213679164, 209274715, 289474694, 340944129, 351984531, 325983672, 183636341]","[184, 184, 184, 184, 184, 184, 184, 241, 241, 184]"
556,80,"[2, 12, 47, 91, 118, 159, 172, 174, 175, 212, 228, 237, 239, 240]",14,0.2973848097026348,0.0828850963152945,0.2271792185659121,"[201539799, 278732438, 586027926, 135281203, 239361347, 139451569, 340332462, 80171971, 405000154, 236136050]","[118, 237, 118, 175, 118, 174, 174, 118, 175, 175]"
557,80,"[2, 8, 10, 63, 70, 82, 84, 126, 127, 132, 153, 159, 164, 167, 175, 192, 194, 216]",18,0.3896472593769431,0.19541726121678948,0.32936770241293645,"[302946939, 550848062, 520059973, 14569986, 29259430, 78657985, 145250360, 14581510, 380424102, 411965760]","[216, 216, 216, 216, 216, 216, 216, 216, 216, 216]"
558,80,"[20, 39, 43, 48, 64, 65, 70, 82, 84, 89, 93, 96, 105, 111, 112, 131, 132, 170, 171, 175, 183, 184, 188, 192, 194, 201, 213, 214, 217, 230, 235]",31,0.7107845805585384,0.23816032940521836,0.3064281426655549,"[339775718, 313037491, 185218872, 359460564, 543882963, 127310136, 173027574, 356599999, 520013276, 573714606]","[64, 70, 171, 235, 188, 183, 184, 65, 184, 64]"
559,80,"[17, 45, 48, 68, 89, 95, 102, 125, 156, 164, 183, 184, 188, 193, 211, 215, 241, 242]",18,0.36046524066478014,0.11178112542256713,0.25391331126189065,"[149011245, 149011244, 879383, 358962629, 301547627, 180913596, 279158838, 180913602, 244232859, 135997227]","[68, 68, 68, 68, 68, 68, 68, 68, 68, 68]"
560,80,"[6, 8, 10, 17, 20, 33, 45, 67, 70, 82, 84, 96, 106, 111, 112, 125, 127, 128, 132, 146, 164, 165, 167, 184, 188, 194, 201, 213, 214, 217, 221, 241]",32,0.6482143928296864,0.2562175593338907,0.3561108380672522,"[479248961, 227952470, 505840292, 137410740, 493062940, 356735023, 505820636, 142364103, 444451797, 352879255]","[125, 125, 125, 96, 125, 125, 125, 125, 125, 96]"
561,80,"[0, 26, 36, 39, 54, 58, 65, 70, 82, 84, 88, 93, 108, 111, 112, 126, 128, 156, 165, 166, 167, 168, 169, 192, 194, 196, 201, 217, 239, 241]",30,0.6395915406756103,0.30283084884285927,0.39605785709961006,"[212133469, 598475734, 473061910, 64232253, 352021386, 89415714, 266862407, 498783143, 142678476, 436779314]","[167, 168, 196, 196, 111, 167, 167, 192, 58, 241]"
562,80,"[0, 17, 111, 126, 127, 168, 169, 196, 216, 239, 241]",11,0.30133669869974256,0.10751032177358866,0.5309796105138958,"[60324652, 88325508, 240494730, 153654459, 486581686, 143361805, 483911632, 534956768, 544430371, 289533226]","[196, 196, 196, 196, 196, 196, 196, 127, 196, 196]"
563,80,"[0, 1, 5, 10, 12, 17, 18, 39, 43, 52, 56, 60, 67, 77, 82, 93, 111, 112, 126, 147, 159, 174, 175, 194, 195, 196, 224, 241]",28,0.607813160866499,0.1784148896113038,0.2920807340581502,"[447842928, 230938230, 371597128, 571371173, 330165389, 280007366, 223834768, 216360558, 306869074, 499446516]","[175, 175, 175, 175, 175, 175, 175, 175, 175, 175]"
564,80,"[1, 4, 10, 37, 46, 49, 75, 79, 82, 109, 127, 132, 146, 148, 159, 169, 171, 175, 186, 200, 209, 210, 216, 237, 240]",25,0.5337696722708642,0.1721032727509737,0.22877117657102644,"[266646792, 29194220, 48092810, 190646178, 119178726, 260940865, 355649991, 355824508, 446593623, 370419775]","[210, 210, 171, 171, 210, 210, 82, 210, 216, 210]"
565,80,"[20, 33, 49, 54, 58, 81, 82, 85, 89, 96, 100, 110, 112, 125, 156, 164, 165, 167, 188, 201, 213, 241]",22,0.4628029982559383,0.22082204325124621,0.31319816277193074,"[256961745, 19276295, 388422774, 146564670, 432347069, 497049636, 451244349, 58388602, 525279319, 246235813]","[110, 188, 96, 96, 110, 54, 188, 156, 85, 96]"
566,80,"[4, 25, 36, 37, 46, 54, 58, 59, 61, 81, 107, 133, 156, 165, 166, 167, 187, 201, 210, 217]",20,0.37771846633404493,0.27604663744568825,0.3137351379264146,"[272436769, 541364278, 88083414, 336488074, 34475341, 13584524, 95977264, 275635349, 415377701, 151735447]","[167, 167, 167, 167, 167, 167, 107, 167, 107, 167]"
567,80,"[5, 10, 18, 49, 82, 84, 88, 102, 115, 146, 153, 168, 169, 174, 175, 192, 195, 196]",18,0.3311558673158288,0.127639627084136,0.29086121409717536,"[473929517, 538914775, 538925381, 140009310, 26346305, 286559593, 77980225, 302749586, 291344535, 77916249]","[175, 5, 175, 5, 175, 175, 175, 175, 175, 5]"
568,80,"[1, 4, 6, 8, 32, 57, 60, 61, 81, 82, 84, 88, 93, 99, 111, 112, 135, 146, 166, 168, 195, 200, 207, 209, 227, 233, 239, 241]",28,0.5614753575064242,0.23894631816074252,0.2266594375749784,"[98489561, 450102184, 38475886, 374999993, 567314320, 265937628, 356000186, 38557328, 42930795, 43217788]","[32, 241, 166, 32, 166, 166, 166, 166, 166, 166]"
569,80,"[5, 8, 10, 12, 32, 38, 47, 63, 84, 91, 92, 97, 118, 127, 148, 159, 174, 175, 209, 212, 224, 228, 239, 240, 241]",25,0.5632228548638523,0.15624650288373232,0.24743303689174354,"[496850423, 42399778, 479823429, 384850063, 310092822, 515657031, 284431052, 592818229, 28681453, 219950485]","[92, 92, 174, 47, 239, 47, 92, 92, 174, 10]"
570,80,"[10, 17, 20, 26, 36, 49, 54, 58, 82, 94, 96, 100, 112, 125, 126, 156, 164, 167, 188, 194, 201, 241]",22,0.33154668426141143,0.2479139701463282,0.3610187684482133,"[352159117, 111281527, 540353667, 513465414, 589469571, 540420201, 14727417, 196776433, 375467088, 482118034]","[167, 125, 188, 125, 125, 188, 125, 125, 125, 125]"
571,80,"[1, 8, 10, 14, 32, 60, 61, 63, 93, 109, 112, 146, 148, 159, 174, 175, 186, 206, 209, 211, 224, 239, 240, 241]",24,0.4981119208969176,0.1418718439526856,0.20283106262407577,"[440077489, 364789004, 247218488, 460459013, 322463011, 486302639, 163450937, 315918906, 295748972, 315754944]","[93, 93, 93, 93, 93, 93, 93, 93, 93, 93]"
572,80,"[0, 6, 10, 17, 32, 39, 93, 100, 111, 112, 128, 165, 188, 192, 194, 196, 209, 214, 217, 224, 239, 241]",22,0.41354044526815414,0.23455912992358208,0.42154427092861046,"[370449528, 220490382, 579993383, 569221911, 275145977, 39802519, 430536765, 186160019, 97264044, 241829360]","[32, 32, 32, 32, 32, 32, 32, 32, 32, 217]"
573,80,"[0, 12, 17, 26, 46, 64, 65, 68, 91, 97, 108, 110, 115, 127, 147, 148, 159, 170, 180, 184, 194, 209, 212]",23,0.4197234846651554,0.23171572480350733,0.3138123544884603,"[472042446, 472042443, 275520693, 213767531, 204516723, 202782288, 477485815, 485258543, 203558264, 82702990]","[184, 184, 184, 184, 184, 184, 46, 184, 46, 184]"
574,80,"[10, 63, 70, 84, 104, 111, 112, 126, 132, 169, 175, 192]",12,0.29563417471945286,0.0990580297075212,0.3965185175572212,"[329749426, 23495679, 327771246, 182762665, 197075458, 495090783, 329780075, 529181142, 66200712, 399898664]","[192, 192, 84, 84, 84, 175, 192, 84, 84, 192]"
575,80,"[1, 4, 14, 30, 42, 53, 60, 61, 75, 76, 79, 80, 82, 87, 88, 109, 146, 148, 206, 207, 209, 212, 225, 231, 240, 244]",26,0.5271486188285053,0.16192915383726358,0.2068066532866886,"[771940, 771942, 429182572, 464559510, 167257391, 771941, 362577405, 34483015, 413183299, 461600878]","[109, 109, 109, 109, 109, 109, 109, 109, 80, 109]"
576,80,"[4, 5, 10, 12, 17, 18, 26, 29, 51, 102, 115, 124, 126, 132, 159, 169, 172, 174, 175, 202]",20,0.3541073906235397,0.16371014900505543,0.35067198805045335,"[437210537, 336076249, 464257251, 215555962, 221075996, 361200040, 140009631, 336075144, 80923322, 490033426]","[102, 12, 102, 124, 12, 12, 12, 5, 12, 5]"
577,80,"[0, 4, 6, 8, 10, 20, 26, 37, 49, 61, 70, 72, 81, 82, 88, 89, 100, 106, 108, 111, 112, 125, 127, 132, 164, 169, 175, 184, 188, 195, 201, 216, 231, 241, 242]",35,0.6145693487487733,0.25397185515612364,0.2553217343187758,"[526997720, 471932470, 38037888, 83333259, 248089762, 594640809, 541759792, 276247, 349090450, 207897728]","[72, 188, 132, 188, 175, 82, 132, 72, 132, 108]"
578,80,"[5, 8, 10, 12, 51, 60, 70, 84, 91, 126, 127, 148, 159, 174, 175, 192, 194, 200, 209, 227, 239, 241]",22,0.43130727810785174,0.2219146555289626,0.29119827782481233,"[76031505, 203432599, 498698775, 273225628, 291604185, 114824112, 136361427, 462772718, 462716777, 473536997]","[239, 239, 126, 239, 239, 174, 239, 239, 239, 239]"
579,80,"[20, 33, 36, 54, 58, 63, 70, 100, 105, 111, 156, 167, 192, 201, 228, 241]",16,0.33350723749026656,0.13149657007306814,0.28614495530200657,"[273577208, 100927456, 550864144, 58132671, 451783471, 189467229, 407817478, 380376454, 451742210, 263991857]","[228, 228, 228, 228, 228, 54, 228, 156, 228, 228]"
580,80,"[1, 4, 12, 20, 63, 64, 68, 70, 77, 84, 111, 112, 167, 183, 192, 228, 235, 239]",18,0.2842014576308429,0.17834941111505032,0.23734875575691047,"[489394641, 194509153, 67393348, 365720678, 470309177, 122260749, 583650045, 501212221, 156256342, 254612706]","[68, 84, 84, 68, 68, 68, 68, 84, 68, 68]"
581,80,"[4, 10, 17, 18, 26, 49, 54, 61, 67, 72, 81, 82, 87, 89, 97, 102, 106, 108, 110, 125, 132, 148, 164, 184, 188, 195, 201, 231, 236, 239, 241, 242]",32,0.4432695019058883,0.27901413571089506,0.24763320634519914,"[202355617, 248972689, 349108730, 428364306, 476362339, 238201816, 42562283, 64742332, 238228668, 163787386]","[242, 110, 110, 242, 242, 102, 242, 242, 110, 242]"
582,80,"[1, 27, 32, 37, 52, 60, 93, 112, 117, 127, 131, 206, 209, 224, 240]",15,0.2481419057585299,0.16798312589526176,0.2687860894172142,"[536835298, 338595158, 507160926, 551179478, 535353451, 452364771, 313890061, 98404273, 573709207, 90660656]","[32, 32, 32, 32, 32, 32, 32, 32, 32, 32]"
583,80,"[0, 8, 10, 17, 26, 43, 49, 54, 58, 61, 67, 70, 82, 88, 89, 93, 106, 108, 111, 112, 125, 126, 127, 128, 132, 156, 165, 167, 169, 188, 196, 201, 214, 239, 241]",35,0.7244089590385556,0.27390336664393544,0.35164903455546925,"[366594023, 197982629, 186327201, 538899556, 303558475, 28586845, 381071098, 302932857, 531236717, 584665657]","[8, 241, 0, 8, 241, 8, 0, 241, 8, 241]"
584,80,"[10, 39, 49, 58, 96, 100, 111, 125, 128, 132, 164, 165, 188, 194, 196, 213, 239]",17,0.35040481481701136,0.15212116995826364,0.436353372368852,"[365086743, 384524498, 584012182, 264913044, 162287460, 15905723, 274204087, 584996896, 418460283, 46509329]","[128, 128, 128, 128, 39, 128, 128, 128, 128, 128]"
585,80,"[1, 4, 10, 39, 46, 49, 58, 59, 61, 77, 81, 82, 88, 99, 100, 109, 111, 112, 120, 132, 146, 164, 169, 188, 196, 199, 210, 211, 222, 227, 241, 242]",32,0.5518967001698911,0.22002369910478592,0.24528293106413912,"[456106798, 113493376, 158424658, 229605502, 471747038, 229588557, 26032459, 103108200, 261207769, 113411848]","[39, 199, 49, 211, 227, 77, 39, 211, 241, 39]"
586,80,"[20, 36, 43, 54, 58, 82, 128, 156, 167, 192, 201, 241]",12,0.2656033271923661,0.08427556697279215,0.2372761583343769,"[477671044, 226950698, 199290506, 160217145, 390578956, 57226806, 220582591, 319774700, 9901132, 406107231]","[54, 54, 54, 58, 54, 241, 54, 54, 54, 54]"
587,80,"[0, 12, 26, 48, 64, 68, 97, 110, 112, 126, 164, 174, 183, 184, 192, 194, 201, 217, 224, 227, 239]",21,0.35915512731298804,0.16313488502055407,0.3564221592775236,"[175818502, 474016655, 450346622, 398947805, 188896256, 93382711, 443107323, 219341708, 13335766, 574663448]","[184, 184, 183, 184, 184, 12, 184, 184, 184, 224]"
588,80,"[20, 36, 43, 54, 156, 167, 188, 192, 201]",9,0.15809233207255602,0.06316545791924,0.2605604592245072,"[75423562, 482782637, 524051178, 112943153, 449240029, 447901314, 69395027, 566866547, 263821027, 233602428]","[36, 54, 54, 54, 54, 54, 54, 54, 54, 54]"
589,80,"[4, 49, 57, 59, 61, 77, 82, 85, 109, 118, 127, 146, 167, 175, 180, 182, 195, 199, 210, 221, 222, 228, 242]",23,0.4146088329143822,0.21409692708402872,0.2510479750293914,"[51722543, 544158612, 71189472, 532401074, 317240786, 544158611, 500392072, 244648089, 523309132, 544506452]","[77, 49, 146, 146, 77, 77, 77, 77, 77, 146]"
590,80,"[5, 79, 102, 106, 122, 170, 172, 180, 193, 195, 209, 221]",12,0.2773558581247926,0.08605006663128734,0.34902996422412497,"[540273745, 291758973, 191187373, 183341271, 117889920, 325993256, 55508548, 570182881, 481016194, 74833640]","[180, 180, 106, 180, 170, 170, 102, 170, 170, 170]"
591,80,"[17, 20, 26, 30, 33, 37, 39, 49, 82, 85, 96, 100, 106, 108, 109, 112, 125, 128, 132, 146, 164, 188, 210, 213, 221]",25,0.5845464053563774,0.20512968907132745,0.32408470860682426,"[136136243, 151897408, 194563699, 186857299, 91825157, 25427494, 525960136, 428646027, 484265063, 88106722]","[85, 221, 96, 20, 100, 221, 20, 146, 20, 96]"
592,80,"[4, 10, 14, 37, 40, 43, 46, 54, 61, 64, 70, 75, 77, 79, 81, 82, 92, 97, 108, 109, 112, 114, 126, 129, 132, 133, 141, 147, 186, 192, 210, 212, 217, 228]",34,0.6165745127946138,0.31172695104032755,0.29884585580678985,"[161497776, 570734412, 437848111, 352279542, 279266569, 418025008, 34947156, 108878641, 503451317, 108982290]","[141, 64, 64, 43, 43, 64, 64, 43, 141, 141]"
593,80,"[1, 2, 47, 79, 88, 92, 97, 99, 109, 112, 118, 127, 129, 148, 152, 159, 166, 168, 169, 174, 196, 207, 209, 211, 212, 216, 222, 227, 233, 237, 241, 244]",32,0.6913438262417912,0.2802162552252412,0.2791547122906195,"[62564213, 62564212, 292362697, 475167337, 153448664, 45424356, 551927611, 552189324, 63543594, 273410682]","[227, 227, 227, 227, 227, 227, 227, 227, 227, 227]"
594,80,"[0, 8, 10, 12, 14, 17, 18, 25, 36, 61, 77, 81, 88, 91, 93, 97, 106, 111, 112, 118, 127, 133, 164, 169, 171, 174, 181, 200, 209, 211, 212, 228, 241]",33,0.5680136936716735,0.23356270464137197,0.2818625803020867,"[281784943, 168881132, 188497107, 353390479, 263043432, 229202821, 41316245, 168840713, 210370905, 588274932]","[88, 228, 88, 88, 212, 88, 88, 77, 88, 18]"
595,80,"[12, 14, 32, 38, 47, 84, 91, 97, 111, 112, 118, 126, 127, 159, 174, 181, 209, 224, 227, 228, 239, 240]",22,0.4414358311332762,0.15591773157939315,0.35159233972345566,"[547046290, 106264746, 275560893, 104460633, 474417755, 367391428, 325554586, 182027597, 140931744, 459634385]","[174, 174, 118, 174, 47, 118, 174, 118, 174, 118]"
596,80,"[1, 4, 20, 22, 59, 63, 67, 70, 82, 84, 93, 105, 110, 112, 131, 132, 169, 175, 192, 195, 213]",21,0.3659878885373473,0.20692463824525476,0.23355382089946597,"[123127955, 303041014, 179716294, 395202347, 188759256, 338469332, 163143152, 302881821, 400018106, 395180970]","[84, 84, 84, 84, 175, 20, 70, 84, 84, 84]"
597,80,"[4, 5, 10, 49, 79, 82, 88, 99, 115, 146, 168, 169, 175, 195, 196, 239]",16,0.33713729912415147,0.10479175020009279,0.25853526320133824,"[92206394, 65698452, 30933330, 545028152, 92104846, 502576435, 521676482, 209046495, 248946728, 394590971]","[169, 169, 169, 5, 169, 169, 169, 169, 82, 5]"
598,80,"[2, 6, 25, 32, 92, 93, 112, 118, 129, 180, 185, 212, 227, 236, 241]",15,0.2666288367472589,0.09577647736296058,0.25410936212477586,"[421629912, 241271105, 484100820, 132278938, 541584758, 263799811, 76505596, 20240455, 366369093, 300621365]","[212, 92, 227, 212, 212, 212, 212, 212, 212, 212]"
599,80,"[0, 1, 10, 25, 59, 61, 77, 79, 81, 85, 91, 92, 99, 107, 133, 166, 184, 193, 207, 209, 210, 212, 216, 222, 228, 236, 237, 240]",28,0.6422348814085126,0.2209057887084782,0.19792195089394227,"[527020027, 102815399, 343008286, 175685298, 501330071, 528146187, 255818314, 286064649, 197172078, 27334687]","[59, 59, 59, 59, 59, 59, 59, 59, 59, 59]"
600,80,"[1, 4, 6, 10, 22, 26, 61, 63, 70, 75, 82, 84, 88, 99, 105, 108, 132, 146, 148, 167, 168, 169, 192, 207]",24,0.3406022428534925,0.233608468901366,0.22866270838615796,"[424952617, 384323025, 500607810, 199163839, 484609720, 107885682, 119051487, 599300985, 14502669, 396516428]","[82, 82, 82, 82, 82, 82, 82, 82, 82, 82]"
601,80,"[1, 4, 6, 14, 82, 84, 88, 99, 100, 109, 111, 112, 135, 146, 153, 166, 168, 200, 207, 227, 233, 240, 241]",23,0.5458301715552807,0.16421661200001836,0.228930594764002,"[406436395, 339749203, 165416542, 370229257, 75129625, 354676777, 205058866, 284043042, 596229903, 464651684]","[166, 1, 166, 166, 166, 1, 1, 168, 166, 166]"
602,80,"[0, 14, 19, 20, 30, 33, 39, 49, 59, 67, 70, 72, 82, 85, 87, 89, 96, 100, 106, 111, 112, 128, 172, 188, 194, 210, 213, 214, 221, 234]",30,0.6099229296669364,0.282231907825917,0.29214155091128,"[334476013, 207152477, 111337864, 182239198, 384197541, 253793192, 456652634, 357619060, 98869341, 459993720]","[96, 33, 96, 96, 188, 96, 188, 96, 85, 188]"
603,80,"[0, 6, 10, 14, 17, 32, 39, 49, 60, 93, 111, 112, 126, 128, 165, 174, 192, 194, 209, 239, 241]",21,0.42432196624577045,0.16636926541104913,0.4212919235495584,"[588878422, 427309145, 55541073, 553220401, 471025135, 369130037, 169822083, 167363499, 320293660, 167244620]","[32, 32, 32, 32, 32, 32, 32, 32, 32, 32]"
604,80,"[21, 25, 36, 43, 47, 52, 64, 76, 77, 84, 117, 133, 141, 171, 186, 192, 194, 195, 209, 224]",20,0.3283145767636597,0.19194844644516706,0.23897668395657093,"[336299223, 229471206, 481723434, 422487549, 110483703, 69759352, 481723432, 481723433, 386527738, 427311451]","[224, 224, 224, 224, 224, 224, 224, 224, 224, 224]"
605,80,"[2, 14, 18, 47, 51, 67, 91, 97, 118, 127, 159, 174, 181, 182, 211, 239]",16,0.3376344875432551,0.10715178772807121,0.2709364930924494,"[390687446, 476178581, 225134385, 424621063, 44583711, 287036467, 401340397, 467091109, 57928208, 394885914]","[118, 91, 118, 118, 118, 118, 118, 118, 118, 118]"
606,80,"[1, 10, 14, 43, 49, 77, 81, 85, 88, 112, 146, 164, 166, 167, 195, 228, 241]",17,0.49201838951557875,0.09311060979962349,0.19057835815200472,"[52685700, 436624064, 436624049, 69903041, 436624051, 436822737, 215705799, 38712243, 499509758, 316890181]","[167, 167, 167, 167, 167, 167, 167, 167, 167, 167]"
607,80,"[1, 25, 59, 61, 88, 99, 107, 111, 135, 153, 166, 168, 169, 178, 182, 196, 207, 233, 237]",19,0.471296951174736,0.12373330863192677,0.2645956498301147,"[81381669, 569627681, 419304340, 247470802, 538996026, 371611327, 309763558, 72525570, 132771547, 554063361]","[233, 168, 178, 233, 135, 233, 168, 135, 135, 207]"
608,80,"[16, 30, 37, 65, 79, 87, 109, 110, 111, 146, 165, 187, 210, 225]",14,0.3879041764885187,0.10504499822854996,0.35334608652296345,"[95463379, 567985689, 192945609, 120280881, 232253191, 297576433, 20785716, 298440582, 64716623, 241988467]","[187, 187, 187, 187, 187, 187, 187, 187, 187, 187]"
609,80,"[10, 29, 39, 43, 54, 70, 82, 89, 96, 106, 108, 111, 114, 125, 126, 128, 132, 188, 194, 201, 213, 230, 239]",23,0.47016110736876726,0.17878167470917106,0.3811986627482364,"[588498671, 154902085, 472270857, 174570353, 296244183, 276438660, 461278669, 414459931, 433786123, 385754724]","[54, 188, 188, 10, 188, 114, 194, 194, 194, 194]"
610,80,"[1, 5, 10, 25, 46, 49, 61, 75, 77, 82, 88, 109, 132, 146, 148, 159, 167, 171, 174, 175, 186, 188, 195, 200, 207, 210, 221, 240]",28,0.4835018403828144,0.1714385338127613,0.1816042691435931,"[2727716, 573703927, 560808089, 2737865, 386771216, 13610151, 105642113, 381455618, 189747804, 322112568]","[171, 1, 146, 186, 146, 171, 210, 210, 1, 1]"
611,80,"[1, 4, 5, 6, 10, 20, 39, 49, 58, 82, 84, 93, 109, 112, 125, 146, 165, 166, 168, 188, 194, 196, 199, 221]",24,0.5249635488726199,0.17837990866973996,0.3273795150744263,"[332898321, 402436642, 40346389, 443497886, 482143889, 71669903, 30635393, 7384382, 225455397, 214022321]","[58, 20, 20, 146, 82, 49, 20, 20, 20, 20]"
612,80,"[20, 36, 39, 43, 54, 64, 67, 70, 93, 100, 104, 105, 110, 111, 112, 128, 167, 188, 192, 194, 201, 213, 217, 239, 241]",25,0.5735975252464414,0.1959253908134997,0.3125877047982067,"[38567733, 564410849, 544164872, 263408385, 276854456, 8481394, 90141804, 444249025, 356097437, 442453543]","[188, 54, 188, 54, 54, 188, 188, 93, 54, 188]"
613,80,"[0, 8, 10, 12, 18, 60, 70, 81, 111, 115, 124, 126, 127, 159, 174, 175, 194, 201, 224, 239, 240, 241]",22,0.41259276401251554,0.21181377861648798,0.3464576177277856,"[39115881, 551012222, 342645339, 259939626, 39115882, 63532455, 145974052, 134097358, 270086623, 39115904]","[240, 240, 60, 60, 240, 60, 60, 194, 60, 240]"
614,80,"[1, 6, 8, 14, 25, 32, 61, 70, 75, 76, 77, 79, 81, 82, 88, 93, 94, 99, 106, 112, 165, 166, 168, 169, 174, 196, 206, 211, 217, 227, 231, 241]",32,0.6671307031065226,0.21772814355790615,0.26467056999536,"[225776091, 132901945, 487411551, 55672457, 231568068, 239908167, 358316889, 361411950, 508825644, 1792793]","[8, 8, 8, 8, 88, 32, 94, 32, 1, 227]"
615,80,"[2, 4, 14, 17, 19, 30, 33, 38, 43, 47, 57, 61, 70, 77, 79, 81, 92, 97, 105, 106, 111, 114, 133, 147, 164, 174, 181, 182, 184, 185, 192, 209, 212, 216, 221, 228, 237, 241]",38,0.825900667347014,0.27454141480848193,0.29382153748117973,"[431884419, 302687542, 302787586, 431936170, 302656394, 403170941, 302719345, 289556263, 98967338, 302521072]","[81, 81, 81, 212, 81, 47, 81, 81, 212, 81]"
616,80,"[18, 20, 36, 37, 39, 58, 60, 72, 96, 100, 106, 109, 110, 111, 112, 115, 125, 126, 128, 164, 169, 188, 194, 201, 211, 213, 214, 217, 221, 234, 239]",31,0.6002362668514252,0.2635598895139992,0.3935519496895253,"[523346240, 297171349, 598320548, 492642286, 496268797, 329124159, 114332889, 29124518, 335161070, 341191594]","[128, 128, 128, 72, 128, 128, 128, 128, 128, 128]"
617,80,"[0, 8, 26, 39, 46, 59, 60, 67, 70, 84, 112, 122, 126, 141, 192, 201, 241]",17,0.3552918750792742,0.12048051971942186,0.3754639404086286,"[173320221, 352497176, 426401905, 204700295, 290442632, 282335757, 460315475, 400274367, 143344751, 555869126]","[84, 192, 67, 67, 67, 67, 84, 192, 141, 67]"
618,80,"[17, 33, 37, 49, 67, 72, 89, 96, 102, 106, 108, 109, 111, 112, 115, 125, 164, 188, 194, 213, 215, 221, 242]",23,0.5269848722964525,0.19357767049223185,0.38039235468022525,"[565862738, 408880737, 383227627, 84374302, 253832749, 10238798, 282374215, 227034512, 237707832, 101389463]","[188, 102, 125, 125, 125, 242, 125, 125, 125, 72]"
619,80,"[1, 4, 10, 30, 37, 46, 53, 60, 61, 75, 79, 81, 82, 87, 88, 99, 109, 112, 146, 148, 159, 164, 169, 174, 186, 206, 207, 209, 216, 217, 231, 240, 244]",33,0.5362673779018223,0.21866536233574152,0.24001538848758422,"[19660820, 771942, 375376982, 566818758, 419050400, 771941, 250865468, 375237058, 369088283, 156276811]","[87, 109, 240, 240, 87, 109, 53, 240, 240, 53]"
620,80,"[4, 10, 20, 30, 61, 63, 70, 81, 92, 93, 94, 97, 108, 111, 112, 129, 164, 165, 166, 167, 169, 170, 174, 185, 194, 196, 212, 217, 227, 228, 239, 241, 244]",33,0.6551334960386157,0.2553800172172487,0.33643761282137624,"[67416060, 11872086, 11872088, 12231062, 531526174, 586277425, 12211175, 319107977, 47493220, 94095013]","[93, 217, 217, 165, 93, 93, 165, 217, 217, 93]"
621,80,"[0, 7, 10, 12, 17, 18, 43, 48, 64, 68, 70, 106, 112, 125, 148, 170, 181, 183, 184, 201, 213, 215, 235, 239, 242]",25,0.36173782404512167,0.24273183988407254,0.2807666237745434,"[373693970, 263701942, 295635588, 303106971, 572461509, 573451396, 221705125, 931778, 343313517, 244505226]","[68, 68, 68, 68, 68, 68, 68, 68, 68, 68]"
622,80,"[57, 88, 99, 106, 111, 112, 152, 153, 182, 193, 207, 210, 222, 241, 242]",15,0.3613463006913662,0.09438917879015207,0.2352435604824374,"[42132947, 273538545, 26314024, 395559839, 453512508, 144880356, 288179101, 223863815, 309928761, 374637179]","[241, 241, 222, 222, 207, 241, 241, 207, 207, 207]"
623,80,"[1, 4, 6, 37, 49, 61, 75, 77, 79, 81, 82, 93, 99, 109, 146, 159, 166, 167, 171, 186, 207, 209, 210, 221, 228, 240]",26,0.4512773812748492,0.22419876232743263,0.1856504854781983,"[24694555, 92815327, 137885838, 117532381, 588443261, 327367659, 188152919, 385444398, 555820552, 115721671]","[171, 171, 171, 171, 171, 171, 171, 171, 171, 171]"
624,80,"[4, 45, 59, 63, 68, 70, 82, 84, 92, 146, 167, 175, 183, 192, 215, 216, 235, 240]",18,0.29835300194099545,0.12440838385373354,0.2331432164646685,"[257872925, 181927349, 351480136, 174003689, 565078059, 269788052, 316305085, 32610174, 194705925, 178805248]","[175, 216, 216, 175, 175, 92, 175, 92, 92, 175]"
625,80,"[5, 10, 26, 77, 82, 102, 132, 168, 172, 175, 195, 233, 242]",13,0.2728479984216392,0.09293272253125906,0.2523206367623061,"[186883248, 573087577, 464070189, 163579862, 291104768, 15193419, 325940158, 170606752, 207430, 50000124]","[5, 5, 5, 5, 5, 5, 5, 5, 5, 5]"
626,80,"[1, 4, 6, 88, 99, 168, 169, 196, 207, 227, 233]",11,0.19821103662252426,0.07396991876885295,0.2501873816786842,"[478132332, 142152439, 142460349, 520924175, 70223328, 108474819, 518645705, 276995012, 329464210, 80044224]","[233, 233, 233, 233, 233, 233, 168, 168, 233, 233]"
627,80,"[10, 39, 43, 60, 96, 100, 111, 125, 126, 128, 163, 183, 188, 194, 196, 199, 213, 214, 215, 217, 234, 239, 242]",23,0.49972795927897096,0.19475124264135957,0.4403893895669962,"[18318956, 18340043, 159280392, 411558093, 86248052, 471099296, 333310803, 495400450, 461870742, 308596174]","[128, 128, 128, 128, 128, 128, 128, 128, 128, 128]"
628,80,"[4, 10, 20, 33, 49, 54, 59, 67, 70, 72, 81, 82, 85, 87, 89, 96, 106, 125, 128, 132, 146, 169, 188, 200, 201, 210, 222, 242]",28,0.5649453261867166,0.1788571928627789,0.2139138490809793,"[157271052, 314595336, 49047413, 43788374, 26284747, 293525320, 424794905, 60550872, 584015375, 279216505]","[125, 20, 188, 188, 20, 188, 188, 125, 20, 96]"
629,80,"[1, 4, 6, 8, 14, 32, 60, 77, 81, 82, 88, 93, 99, 135, 148, 166, 168, 169, 196, 206, 207, 227, 233, 239, 240, 241]",26,0.5128485942259431,0.15949608385562897,0.20029188444515547,"[482572563, 314588527, 315634196, 491471872, 514987768, 43721830, 214804145, 328480307, 216230541, 314848645]","[240, 240, 240, 240, 240, 32, 32, 32, 32, 240]"
630,80,"[6, 10, 17, 20, 26, 49, 58, 61, 67, 70, 72, 81, 89, 96, 100, 106, 108, 111, 115, 119, 125, 132, 148, 156, 164, 165, 167, 169, 184, 188, 194, 201, 213, 222, 231, 241]",36,0.6591848386451602,0.28812166256830096,0.33107132552605534,"[298973970, 57429897, 318785263, 479633326, 182831502, 158270926, 236874882, 303428083, 12972342, 411815197]","[125, 125, 188, 132, 213, 125, 188, 213, 125, 184]"
631,80,"[8, 10, 17, 20, 32, 36, 43, 52, 63, 70, 84, 93, 97, 105, 108, 111, 112, 114, 126, 133, 167, 192, 194, 201, 241]",25,0.5504804002121091,0.18888292787596583,0.3650840484164655,"[193439524, 155123214, 114881779, 237816263, 508376055, 460263420, 477733551, 259729575, 280739570, 165250760]","[133, 93, 93, 52, 192, 52, 192, 84, 192, 192]"
632,80,"[4, 20, 22, 36, 54, 70, 105, 107, 112, 126, 152, 156, 192, 201, 215, 235]",16,0.23447170527651906,0.18996200524270535,0.362412632923224,"[257268332, 277269490, 566613268, 409454185, 146300108, 98254733, 176141094, 446824157, 235897757, 176552932]","[235, 22, 235, 235, 235, 235, 235, 235, 235, 235]"
633,80,"[0, 10, 17, 20, 33, 36, 54, 70, 96, 106, 108, 111, 112, 125, 126, 127, 128, 156, 164, 165, 167, 188, 192, 194, 201, 213, 214, 221, 241]",29,0.6269628126174212,0.2442650911398232,0.43158791097812355,"[495992460, 160654867, 364758013, 325153572, 74388090, 495926802, 509012710, 61461696, 498622424, 498926953]","[128, 128, 128, 128, 128, 128, 201, 128, 128, 128]"
634,80,"[1, 6, 30, 60, 75, 77, 93, 109, 117, 146, 148, 171, 174, 186, 200, 206, 209, 210]",18,0.3173491209745407,0.17918090522289276,0.22721108672623005,"[111052982, 24303294, 172556875, 504226773, 234257212, 342163173, 241129105, 182287284, 495218298, 124714234]","[117, 171, 171, 171, 117, 117, 171, 117, 171, 117]"
635,80,"[4, 20, 25, 37, 49, 58, 59, 77, 81, 82, 96, 106, 107, 109, 112, 146, 164, 165, 166, 167, 171, 188, 196, 210, 213, 241]",26,0.46643011504784226,0.24102446855977178,0.29098288939656836,"[533541534, 578189724, 470960410, 525434594, 81392412, 81392396, 25812792, 578860500, 61600306, 81392410]","[25, 167, 167, 167, 167, 167, 49, 167, 167, 167]"
636,80,"[0, 8, 14, 20, 33, 36, 39, 61, 77, 81, 85, 96, 111, 112, 125, 126, 133, 164, 167, 174, 181, 188, 192, 194, 210, 211, 228, 241]",28,0.7057284046895802,0.1960547361522913,0.31716748313712223,"[469405551, 23419281, 23408459, 23415726, 525291840, 106610442, 483125603, 122133702, 391801689, 168562048]","[211, 8, 8, 8, 211, 0, 211, 228, 8, 33]"
637,80,"[1, 6, 8, 10, 30, 32, 39, 60, 76, 79, 82, 84, 93, 109, 111, 112, 159, 164, 171, 175, 186, 194, 196, 200, 209, 214, 217, 224, 227, 239, 241]",31,0.7238657884299755,0.2897723629139364,0.3012383385080724,"[368743590, 43957939, 444279346, 368898117, 590882958, 59241120, 549849968, 528989644, 42767633, 497215226]","[209, 200, 227, 60, 200, 6, 6, 200, 60, 209]"
638,80,"[5, 12, 17, 26, 52, 56, 59, 65, 67, 70, 93, 97, 102, 112, 115, 126, 132, 147, 159, 169, 171, 175, 184, 192, 214, 217, 221, 224, 239]",29,0.533212324604392,0.2193654291331768,0.3473306159119539,"[52619765, 437637319, 30241915, 40412331, 381581941, 43258519, 218706577, 480778693, 481010923, 40252220]","[67, 67, 67, 67, 67, 67, 67, 175, 67, 67]"
639,80,"[6, 32, 39, 60, 82, 93, 109, 146, 168, 206, 209, 217, 239, 240]",14,0.24246501876041293,0.10138895129784942,0.29237267925470534,"[84260518, 384519103, 138298669, 384374602, 536343437, 527643448, 154164185, 414152718, 40998165, 151066788]","[240, 240, 240, 240, 240, 240, 60, 240, 240, 240]"
640,80,"[4, 6, 27, 30, 42, 53, 76, 80, 106, 109, 112, 122, 165, 186, 187, 214, 217, 224, 225, 231, 244]",21,0.39488561218604445,0.22869574511423707,0.40684936098044827,"[214248553, 452546311, 452546306, 574185480, 86366237, 350668882, 452546307, 298577091, 103560942, 452538893]","[80, 244, 244, 217, 42, 244, 187, 80, 165, 244]"
641,80,"[57, 72, 88, 99, 106, 111, 112, 165, 168, 169, 182, 196, 207, 221, 222, 227, 233]",17,0.33258464001119137,0.14150835759937763,0.3794442250886384,"[577061003, 153219297, 271819036, 318091797, 487497367, 458866700, 192125337, 188212692, 11274974, 435849358]","[207, 207, 207, 207, 207, 207, 207, 207, 207, 207]"
642,80,"[0, 6, 8, 10, 17, 20, 37, 39, 40, 49, 96, 100, 106, 109, 111, 112, 125, 128, 163, 171, 188, 194, 213, 214, 221, 234, 239, 241]",28,0.4894009097479284,0.30040392372757196,0.33873255930042695,"[147722034, 395340719, 76057898, 320859813, 397200787, 359634636, 567076222, 231774083, 408680862, 515135566]","[241, 111, 8, 128, 8, 0, 100, 8, 8, 194]"
643,80,"[4, 6, 8, 22, 63, 70, 82, 84, 105, 108, 112, 141, 148, 167, 175, 192]",16,0.29733325634151697,0.16430954029783607,0.2284691685490543,"[250364638, 187284050, 56152969, 260063780, 500785055, 342712761, 230995532, 131701346, 500687498, 54409881]","[84, 84, 84, 84, 84, 84, 192, 84, 192, 192]"
644,80,"[20, 36, 43, 54, 58, 82, 96, 99, 111, 156, 167, 169, 182, 188, 192, 196, 201, 222, 233, 241]",20,0.3325524190440774,0.21937291603535414,0.28720503351651133,"[83346459, 111643240, 179407044, 83346460, 83177308, 78038498, 494057863, 20344137, 117099994, 303859779]","[188, 182, 36, 36, 36, 36, 99, 182, 233, 182]"
645,80,"[1, 4, 6, 19, 30, 32, 52, 63, 75, 82, 93, 109, 111, 117, 146, 147, 171, 186, 195, 200, 209, 217, 224, 227]",24,0.40467657009139657,0.1669972026720643,0.2708121309503137,"[556581636, 386944031, 383852200, 282782695, 35420134, 141959737, 90077601, 31901743, 589978449, 335675800]","[117, 117, 186, 171, 117, 93, 186, 1, 186, 6]"
646,80,"[0, 4, 5, 10, 17, 26, 58, 59, 67, 79, 82, 93, 99, 111, 132, 156, 168, 169, 172, 175, 180, 188, 194, 196, 201, 221, 239, 241, 242]",29,0.48450897354632616,0.2908365549519658,0.27649578808582037,"[158194971, 469650990, 456725164, 120387136, 575284450, 38486640, 24285917, 575284452, 478867652, 456724261]","[17, 5, 82, 17, 58, 17, 17, 58, 5, 5]"
647,80,"[4, 10, 17, 20, 36, 70, 81, 82, 84, 105, 111, 112, 126, 164, 167, 192, 201, 216, 217]",19,0.31409998424351215,0.22321712737903,0.4123641906526724,"[177732495, 452329595, 167974761, 325021566, 306114045, 8954076, 185497228, 545377075, 310407228, 34010644]","[192, 192, 192, 192, 84, 192, 192, 192, 192, 192]"
648,80,"[4, 20, 22, 30, 37, 61, 65, 67, 70, 82, 97, 102, 104, 105, 106, 108, 127, 147, 148, 169, 170, 180, 192, 209, 221]",25,0.46038868092000484,0.2681040125899017,0.32419635765254495,"[232601211, 427788517, 282379282, 94324763, 232601212, 428086382, 231643095, 401847970, 543485315, 246964444]","[22, 67, 22, 22, 105, 22, 67, 22, 67, 22]"
649,80,"[1, 4, 6, 10, 25, 82, 99, 132, 135, 146, 153, 166, 168, 169, 171, 196, 207, 210, 212, 227, 233]",21,0.4994074758142233,0.1333035253919661,0.2150601967947469,"[315300538, 533846640, 7858121, 246448485, 186572150, 392135103, 115108218, 71784470, 525579670, 246448488]","[166, 166, 166, 166, 166, 146, 146, 166, 166, 146]"
650,80,"[4, 18, 22, 61, 63, 70, 102, 104, 105, 106, 111, 112, 126, 131, 133, 192, 216, 221]",18,0.3145110229961574,0.215806535910815,0.3655420703968654,"[40883192, 412515893, 280105499, 125796007, 125796008, 521801370, 521801371, 521801369, 40839322, 167999373]","[22, 22, 22, 22, 22, 22, 22, 22, 22, 22]"
651,80,"[1, 4, 8, 39, 49, 72, 77, 82, 84, 88, 93, 96, 99, 100, 106, 109, 111, 112, 128, 135, 146, 152, 153, 166, 168, 169, 174, 188, 196, 213, 221, 227, 233, 234, 239, 240, 241]",37,0.7265247767791152,0.3189674303866923,0.2629760870571575,"[80079967, 205549066, 139132979, 310552818, 585278916, 56669156, 476942735, 274732724, 323180119, 365483183]","[168, 168, 168, 168, 168, 168, 168, 168, 168, 168]"
652,80,"[4, 20, 39, 49, 63, 70, 82, 84, 93, 100, 104, 111, 132, 159, 167, 175, 192, 194, 199]",19,0.3562064687721431,0.20292039727792144,0.2740126400083107,"[186679495, 376494354, 48079131, 421481977, 49317915, 49303580, 299892042, 541968100, 597259699, 316139193]","[82, 82, 100, 100, 100, 82, 100, 82, 82, 100]"
653,80,"[0, 8, 10, 17, 20, 26, 30, 70, 93, 105, 106, 108, 111, 112, 126, 127, 164, 169, 171, 175, 188, 192, 194, 201, 209, 237, 239, 241]",28,0.601794321089983,0.30154309840872884,0.3708482080338789,"[410785755, 188820748, 467385104, 334400966, 237898935, 245953715, 85718521, 339328946, 111168127, 16702065]","[93, 20, 241, 0, 127, 0, 241, 0, 93, 20]"
654,80,"[1, 25, 39, 49, 60, 77, 84, 100, 109, 110, 111, 112, 120, 128, 135, 166, 168, 194, 196, 227, 233, 234, 239, 240, 241]",25,0.5374432909302413,0.17893766844645143,0.28480201851576564,"[406395383, 439140323, 522216861, 60620382, 517493427, 60620381, 332321204, 129776897, 510805762, 181451141]","[166, 166, 166, 166, 166, 166, 166, 166, 166, 166]"
655,80,"[1, 20, 39, 49, 58, 61, 77, 81, 82, 84, 88, 89, 100, 110, 111, 112, 135, 146, 166, 168, 184, 194, 195, 196, 233, 241]",26,0.5885879248380661,0.1744285635650158,0.26109894334625167,"[277338290, 236243808, 340133467, 435736940, 445320567, 40645648, 205800773, 177926973, 99573468, 288962219]","[166, 166, 166, 166, 166, 166, 166, 166, 166, 166]"
656,80,"[0, 5, 10, 17, 20, 49, 54, 60, 77, 81, 82, 85, 89, 109, 110, 111, 112, 125, 128, 132, 156, 183, 184, 187, 188, 194, 201, 225, 227, 241, 242]",31,0.5892429342493415,0.2779851695522666,0.2507878146810277,"[182733864, 449459800, 367785867, 169268632, 401741747, 31371262, 532670018, 347369607, 208641729, 165709190]","[188, 188, 188, 188, 188, 241, 188, 188, 125, 188]"
657,80,"[1, 4, 6, 30, 79, 81, 82, 87, 109, 146, 168, 172, 187, 195, 196, 209, 217, 221, 240]",19,0.36604430386796594,0.20352184306830168,0.29624008047884626,"[454801877, 299516535, 55959542, 223849806, 18863213, 492298826, 51408749, 129226826, 274541845, 454770638]","[146, 146, 146, 146, 146, 146, 146, 146, 146, 146]"
658,80,"[6, 20, 39, 49, 58, 60, 77, 82, 84, 93, 100, 111, 112, 128, 165, 166, 168, 183, 188, 192, 194, 196, 199, 213, 214, 239, 241]",27,0.5408423086628318,0.20748938294127584,0.35982357654548075,"[1472967, 449551253, 554282561, 165034280, 545838887, 340075876, 373492000, 78372221, 52725401, 544176594]","[199, 199, 39, 128, 128, 241, 20, 39, 199, 39]"
659,80,"[10, 20, 36, 54, 58, 61, 70, 82, 89, 96, 100, 106, 110, 111, 112, 125, 152, 156, 164, 184, 188, 192, 194, 201, 213, 222, 235, 241]",28,0.4820817979052663,0.2877819142304361,0.3059277376825256,"[134997220, 178802393, 195992938, 509200618, 302147465, 24135814, 83265132, 326296555, 354107853, 419896212]","[36, 192, 36, 192, 125, 36, 156, 156, 36, 36]"
660,80,"[4, 6, 30, 40, 65, 75, 79, 109, 123, 146, 148, 171, 186, 195, 200, 209, 224]",17,0.2334552532993257,0.11480977479368448,0.2693719224976924,"[579581109, 244491188, 303769234, 540524910, 368802899, 191446547, 69128620, 15579704, 121957139, 149560321]","[6, 171, 171, 171, 171, 6, 171, 171, 171, 186]"
661,80,"[1, 4, 5, 6, 25, 32, 46, 47, 75, 79, 91, 92, 97, 99, 109, 127, 146, 159, 166, 174, 195, 200, 207, 209, 212, 216, 227, 237, 239, 240]",30,0.6352425566874444,0.26945649459958076,0.23151454753242434,"[414274250, 93372006, 306157023, 107140968, 528038892, 302092540, 107140967, 322889659, 109501278, 107140947]","[159, 240, 159, 209, 159, 240, 209, 159, 209, 209]"
662,80,"[0, 2, 8, 14, 19, 30, 38, 46, 47, 52, 57, 61, 63, 67, 77, 97, 112, 126, 127, 133, 141, 147, 159, 174, 184, 185, 186, 192, 212, 224, 228, 241]",32,0.568193756043911,0.2107809758745134,0.2923886739445152,"[8395004, 518325237, 533340165, 407880102, 533312096, 407880108, 533422628, 407880096, 407880086, 467167076]","[228, 228, 2, 2, 2, 2, 2, 2, 2, 228]"
663,80,"[1, 10, 14, 20, 49, 58, 77, 81, 82, 85, 96, 112, 146, 166, 167, 174, 195, 210, 211, 228]",20,0.4718699175864458,0.12655171612277627,0.20174237409373746,"[144724728, 516759955, 98969662, 390526706, 364049095, 345803656, 58283787, 440368018, 98969660, 279485355]","[167, 77, 167, 49, 77, 166, 1, 167, 167, 167]"
664,80,"[0, 1, 8, 10, 39, 49, 60, 77, 82, 84, 93, 100, 109, 111, 112, 128, 159, 163, 166, 188, 194, 196, 214, 227, 234, 239, 241]",27,0.6863161246292293,0.18859800091013312,0.2725133710471844,"[172258964, 429384237, 495980362, 333693866, 143187899, 366857602, 230433462, 254784650, 179044188, 283886342]","[234, 241, 234, 234, 128, 234, 234, 128, 128, 234]"
665,80,"[0, 8, 17, 18, 32, 39, 40, 43, 65, 93, 97, 111, 112, 114, 126, 128, 163, 171, 183, 186, 188, 192, 194, 214, 215, 217, 221, 224, 230]",29,0.6150191770866513,0.23750953935086727,0.40362114430373086,"[132680153, 90481524, 40486081, 132680157, 370317758, 271766386, 535178593, 93661985, 234217758, 542501596]","[221, 183, 112, 183, 183, 183, 93, 163, 8, 93]"
666,80,"[0, 6, 19, 25, 38, 39, 42, 63, 70, 76, 87, 92, 93, 108, 110, 111, 112, 126, 147, 164, 165, 166, 169, 170, 171, 174, 181, 194, 196, 200, 202, 217, 228, 230, 237, 239, 241]",37,0.6548020699992776,0.3621670720167458,0.3463487487814918,"[567086221, 240677032, 559271097, 59808994, 411798754, 47493220, 573296356, 584519165, 456835903, 371915684]","[217, 0, 0, 0, 0, 217, 92, 0, 217, 217]"
667,80,"[10, 18, 20, 29, 37, 54, 72, 77, 81, 89, 96, 106, 111, 112, 114, 125, 156, 164, 181, 188, 194, 201, 213, 222]",24,0.3624041946604848,0.25694245658814907,0.32111752969406854,"[411536170, 367274880, 291770533, 119538258, 45530720, 168995116, 273735192, 387605711, 599544244, 215003627]","[18, 125, 77, 18, 77, 125, 125, 18, 125, 18]"
668,80,"[57, 59, 67, 175, 180, 182, 185, 212, 221, 228, 236, 237, 242]",13,0.2289875508286059,0.1465575317852199,0.24052610167732033,"[363089804, 125663130, 465247128, 40534487, 231384928, 80377600, 146001667, 584110432, 456402917, 588329826]","[236, 236, 236, 236, 236, 236, 236, 185, 236, 236]"
669,80,"[0, 1, 4, 6, 10, 20, 30, 37, 39, 40, 43, 59, 63, 67, 70, 82, 84, 93, 100, 104, 105, 106, 111, 128, 132, 146, 159, 170, 171, 175, 183, 192, 194, 209, 214, 216, 239, 241]",38,0.79830906027928,0.33522148337215185,0.2725229905734427,"[26176730, 351805219, 261591344, 367949198, 366183237, 292856270, 274205060, 235105761, 74545302, 218949950]","[104, 192, 84, 93, 170, 192, 192, 93, 93, 170]"
670,80,"[6, 36, 54, 76, 81, 93, 112, 128, 129, 130, 164, 167, 183, 187, 201, 207, 211, 212, 217, 227]",20,0.2365758423693478,0.20082413451746106,0.2477438939968124,"[54709475, 132189171, 128710920, 248757157, 202538093, 432844723, 130086289, 510904223, 216207945, 248329491]","[129, 129, 129, 129, 129, 129, 129, 129, 129, 129]"
671,80,"[4, 10, 17, 20, 33, 37, 49, 81, 82, 89, 100, 106, 109, 111, 125, 128, 132, 146, 164, 188, 209, 213, 221, 236, 241, 242]",26,0.47189839044585824,0.2501661414280534,0.2814191511670987,"[476891747, 330818522, 364835974, 407201795, 560442238, 400749860, 345034708, 384975111, 154867234, 41379188]","[4, 242, 188, 242, 188, 188, 10, 109, 242, 10]"
672,80,"[4, 5, 20, 22, 37, 49, 59, 63, 64, 67, 70, 77, 79, 82, 84, 104, 105, 127, 132, 146, 175, 188, 192, 195, 209, 213, 222, 241, 242]",29,0.535516812466085,0.2611973574385047,0.22380458035281506,"[67789440, 251028555, 21995703, 77149055, 164594341, 525061289, 230805367, 459184861, 446337997, 164594342]","[22, 22, 22, 59, 82, 22, 82, 22, 59, 22]"
673,80,"[1, 8, 39, 43, 49, 77, 82, 84, 92, 93, 99, 111, 112, 128, 146, 166, 168, 178, 185, 196, 217, 227, 233, 234, 239, 241]",26,0.6239878567866981,0.1817478621378541,0.2721650449272532,"[51051052, 174475769, 595594238, 400599182, 269290588, 286157228, 370066582, 519672481, 576529219, 147307825]","[241, 241, 241, 227, 241, 166, 241, 8, 241, 39]"
674,80,"[57, 99, 152, 178, 180, 182, 193, 195, 207, 210, 221, 222]",12,0.1986542367376387,0.13920808816328645,0.21497257059672847,"[479429810, 298036482, 593414564, 298259455, 298036483, 68220734, 299190240, 57198665, 521606638, 459136936]","[57, 57, 57, 57, 57, 57, 57, 57, 57, 57]"
675,80,"[5, 10, 12, 17, 18, 22, 51, 72, 82, 91, 106, 111, 112, 118, 126, 127, 159, 169, 174, 175, 181, 188, 194, 195, 211, 221, 239]",27,0.5223653353750706,0.19925900734961033,0.32863990903004175,"[297452036, 431511634, 267699888, 316137471, 267786525, 143523068, 492881089, 476823035, 588659264, 131752404]","[10, 10, 10, 10, 10, 10, 10, 10, 10, 10]"
676,80,"[32, 52, 75, 93, 109, 117, 122, 171, 186, 200, 209, 224]",12,0.1362230498343706,0.08302202401682734,0.31682955753058195,"[16257992, 47675388, 309054857, 523952019, 105779695, 524016329, 105762078, 368238367, 359725836, 359643363]","[186, 186, 186, 117, 186, 186, 117, 186, 186, 186]"
677,80,"[1, 19, 47, 88, 118, 166, 167, 174, 195, 211, 237]",11,0.3370278915390372,0.07073621125891805,0.22650141971693796,"[120717022, 393879120, 99633754, 208414194, 117226728, 292775917, 99586643, 394084662, 161939041, 394122925]","[118, 174, 118, 174, 174, 174, 118, 174, 118, 174]"
678,80,"[0, 7, 17, 32, 93, 97, 100, 106, 108, 111, 112, 114, 126, 128, 165, 194, 209, 214, 217, 221, 224, 228, 239]",23,0.41229554219171405,0.26708345860242844,0.4782288774807492,"[359274305, 269256221, 594206804, 179632193, 133542228, 471314564, 404171624, 407302630, 269583525, 581957968]","[32, 32, 32, 32, 32, 32, 32, 32, 32, 32]"
679,80,"[8, 14, 32, 39, 60, 63, 93, 108, 111, 112, 126, 192, 194, 199, 206, 209, 224, 228, 239, 240, 241]",21,0.3805507686920464,0.21754094259813428,0.3518245712676573,"[251448571, 375218254, 191201093, 76520495, 172705295, 122955682, 375061683, 271053136, 255456933, 317587101]","[111, 8, 8, 32, 206, 32, 8, 32, 32, 32]"
680,80,"[32, 39, 42, 60, 109, 112, 168, 206, 209, 239, 240, 241, 244]",13,0.22313524084165692,0.09426815155893564,0.2708835913441502,"[6087041, 3093750, 574758959, 139111199, 139107335, 138948511, 139151666, 365263623, 139105244, 6187847]","[60, 240, 240, 240, 60, 240, 240, 60, 240, 240]"
681,80,"[14, 19, 21, 29, 30, 72, 86, 87, 94, 106, 112, 113, 118, 123, 131, 146, 161, 170, 172, 179, 180, 195, 221, 230]",24,0.288764962926507,0.23474415484815836,0.285557368323983,"[238308228, 210566360, 303412562, 114313048, 401612053, 189062219, 120446940, 138681031, 536322255, 385998885]","[14, 72, 14, 230, 87, 14, 14, 14, 14, 14]"
682,80,"[4, 20, 22, 59, 61, 63, 67, 70, 81, 82, 84, 89, 100, 104, 105, 106, 110, 111, 125, 127, 131, 132, 175, 184, 192, 195, 213, 221, 222, 241]",30,0.563928650226444,0.21061326377093792,0.2640085932876294,"[240043404, 515188434, 592443859, 86854515, 535550830, 356604914, 544015597, 426454059, 222916106, 288213671]","[241, 104, 22, 127, 127, 127, 104, 241, 22, 22]"
683,80,"[1, 4, 6, 8, 29, 30, 33, 39, 43, 61, 70, 77, 81, 82, 84, 93, 108, 109, 111, 112, 114, 123, 133, 146, 165, 175, 192, 214, 217, 224, 228]",31,0.8134709522128105,0.29996456298977137,0.3514511531834761,"[524736967, 116635495, 372889687, 176120073, 544433926, 579289857, 475118083, 72251823, 57876847, 448338928]","[228, 93, 228, 77, 228, 228, 228, 228, 77, 77]"
684,80,"[2, 4, 5, 8, 10, 25, 33, 46, 49, 59, 61, 63, 70, 79, 82, 85, 89, 92, 96, 99, 100, 106, 109, 112, 125, 132, 146, 152, 159, 166, 167, 169, 175, 188, 196, 209, 210, 212, 222, 228, 237, 240, 241]",43,0.9383385903201997,0.3377582021057606,0.22599177528714198,"[323331908, 323331589, 323331935, 323331904, 34730580, 562963258, 104851472, 149003370, 150893518, 11192841]","[106, 106, 106, 4, 106, 99, 188, 240, 241, 240]"
685,80,"[36, 43, 54, 58, 112, 156, 188, 192, 201]",9,0.2268205974251032,0.07173336669802666,0.2922050163615495,"[84891684, 398728662, 431029798, 439390382, 51780697, 404053353, 578036276, 330104749, 521224739, 507150705]","[36, 36, 36, 54, 54, 54, 54, 54, 36, 36]"
686,80,"[20, 37, 39, 40, 43, 49, 53, 60, 67, 75, 106, 109, 111, 112, 122, 126, 128, 148, 159, 163, 164, 186, 188, 200, 209, 214, 224, 227, 240]",29,0.44438880681991577,0.2834607153199613,0.35016896931358193,"[423940458, 566510859, 160820709, 300812139, 545779598, 81795891, 78070424, 186929008, 549712016, 291973799]","[200, 200, 200, 39, 200, 200, 163, 109, 163, 39]"
687,80,"[1, 10, 22, 59, 63, 67, 70, 82, 84, 104, 146, 153, 175, 192, 222]",15,0.43924033362418413,0.08772985311225057,0.20476901843212544,"[19360602, 63120069, 238908179, 444248865, 62157101, 504982273, 431318285, 90868867, 279242129, 143177142]","[84, 175, 175, 175, 175, 175, 175, 82, 175, 82]"
688,80,"[1, 4, 14, 20, 29, 49, 61, 72, 77, 82, 84, 85, 88, 89, 99, 100, 106, 123, 125, 135, 146, 166, 168, 188, 195, 210, 211, 213, 233]",29,0.6387304472737014,0.2312568100169301,0.2345211643741691,"[318958202, 516751079, 235100348, 571583425, 16894732, 572672887, 233284312, 36636776, 572673091, 403175381]","[1, 1, 1, 1, 1, 1, 1, 1, 1, 1]"
689,80,"[17, 20, 33, 37, 39, 49, 81, 85, 89, 96, 106, 109, 112, 125, 128, 164, 167, 188, 194, 200, 213, 239, 241]",23,0.5289554432965815,0.17487227730453014,0.3033930535691426,"[82593162, 538670213, 306123612, 52575784, 576491031, 507209325, 401524808, 306228373, 141544878, 259400541]","[85, 188, 96, 96, 96, 241, 128, 33, 96, 17]"
690,80,"[1, 5, 6, 17, 18, 39, 46, 52, 60, 67, 70, 93, 97, 112, 126, 159, 166, 175, 184, 192, 194, 217, 224, 239]",24,0.598807071801275,0.1723161730915308,0.34994845169906813,"[280096083, 36166762, 95044933, 36109231, 514554229, 280127546, 36241184, 273529687, 257737352, 280097005]","[93, 224, 217, 224, 93, 224, 224, 224, 224, 224]"
691,80,"[25, 47, 60, 61, 79, 92, 97, 109, 112, 118, 129, 152, 166, 169, 174, 206, 207, 209, 212, 216, 227, 233, 237, 240]",24,0.4476191853173077,0.2297135409899056,0.2709533688418257,"[566160736, 520887986, 348891253, 114567788, 62289136, 467571338, 462908438, 114567826, 38883366, 515564504]","[237, 237, 237, 237, 237, 237, 237, 237, 240, 240]"
692,80,"[0, 10, 20, 49, 58, 59, 61, 63, 81, 82, 84, 100, 112, 127, 132, 159, 164, 169, 175, 188, 194, 201, 216, 227, 239, 241, 242]",27,0.4480836698785424,0.25933808321133256,0.23546227715323093,"[269368219, 137040379, 503667679, 122193393, 488891435, 520081398, 312692760, 341872422, 109071636, 162322284]","[175, 175, 175, 175, 175, 175, 175, 175, 175, 175]"
693,80,"[0, 10, 17, 20, 33, 36, 49, 54, 58, 81, 82, 96, 111, 112, 125, 126, 128, 156, 164, 165, 167, 188, 201, 217, 239, 241]",26,0.5230032252147794,0.2064321283251047,0.3978075890067535,"[479287218, 116811297, 517450973, 230188672, 529449169, 70334368, 218946949, 121499907, 190757734, 94793305]","[188, 188, 188, 188, 188, 188, 188, 54, 188, 96]"
694,80,"[0, 6, 8, 10, 26, 29, 30, 39, 61, 65, 67, 70, 76, 84, 93, 94, 97, 106, 108, 111, 112, 119, 123, 126, 131, 132, 147, 165, 169, 171, 192, 196, 201, 217, 224, 225, 231, 237, 241]",39,0.8223788244649768,0.3112536361441016,0.3720979323395743,"[372308928, 304739538, 305897665, 45838995, 316088098, 477007964, 91508183, 64442664, 45719818, 5174385]","[67, 123, 67, 217, 67, 93, 6, 237, 217, 237]"
695,80,"[5, 10, 14, 18, 46, 52, 56, 59, 67, 70, 81, 82, 84, 88, 93, 112, 127, 132, 147, 159, 161, 169, 174, 175, 192, 194, 217, 224, 236, 239]",30,0.42107445979490876,0.2579142041504383,0.23971683009682845,"[543583528, 491684515, 597824063, 381679109, 295478704, 202195445, 395484314, 444084513, 334451584, 235169240]","[159, 159, 159, 159, 159, 159, 159, 59, 59, 5]"
696,80,"[1, 4, 14, 63, 77, 82, 88, 99, 146, 153, 163, 166, 168, 171, 174, 175, 195, 207, 212, 221, 233, 240]",22,0.461507280357182,0.19382775202393532,0.202589047384787,"[236566880, 593127527, 584775693, 132606092, 138523568, 159551351, 56611648, 329284485, 377182692, 9429165]","[1, 1, 1, 1, 1, 1, 1, 1, 1, 1]"
697,80,"[0, 1, 6, 25, 46, 52, 59, 84, 85, 93, 107, 112, 132, 133, 159, 209, 210, 216, 228]",19,0.4297340214252472,0.11592053342610598,0.20513257788690298,"[420223579, 21934541, 41668771, 163010922, 148492603, 517149999, 206589361, 313138102, 373140299, 500464831]","[133, 133, 133, 133, 133, 133, 133, 133, 133, 133]"
698,80,"[10, 17, 20, 49, 54, 72, 89, 96, 100, 102, 106, 111, 125, 128, 132, 164, 188, 194, 213, 234, 239, 242]",22,0.3702451568096876,0.3103905897587538,0.3408653251720931,"[469746537, 320882602, 41938765, 533365015, 20196862, 463863155, 423356572, 581414985, 586936329, 353123274]","[96, 164, 10, 132, 72, 125, 72, 188, 132, 72]"
699,80,"[0, 4, 5, 10, 17, 30, 39, 56, 59, 65, 67, 70, 82, 84, 93, 104, 106, 109, 112, 132, 170, 172, 175, 194, 200, 221, 224]",27,0.46055162558332086,0.25338823394849896,0.2689986831974238,"[223279442, 34407516, 165782050, 451084394, 481824024, 143827806, 155479000, 223313719, 223299903, 286030509]","[59, 175, 67, 59, 59, 59, 59, 59, 59, 59]"
700,80,"[0, 8, 38, 39, 57, 60, 63, 64, 67, 70, 82, 84, 92, 105, 112, 126, 127, 159, 175, 185, 192, 194, 202, 209, 224, 239]",26,0.4971371660940349,0.19691240414977074,0.322681442512056,"[15755585, 27506815, 588753166, 297452316, 31155007, 541273729, 502997176, 371104310, 107432089, 283578665]","[84, 84, 84, 84, 84, 84, 84, 84, 84, 84]"
701,80,"[0, 30, 39, 40, 91, 146, 171, 200, 209, 224, 227, 239, 241]",13,0.2905367501080036,0.0942691108211875,0.28008074888314766,"[335205476, 580978771, 116276053, 285903853, 182399199, 290312855, 235542195, 95793971, 182244542, 504321353]","[200, 200, 200, 200, 200, 200, 200, 200, 200, 200]"
702,80,"[0, 8, 10, 12, 17, 18, 26, 97, 115, 124, 126, 127, 132, 148, 159, 169, 181, 199, 202, 239]",20,0.39735426753759384,0.15867671929299831,0.3941712932079099,"[356334669, 356118835, 463089125, 229520666, 84443931, 32701164, 567285168, 563774376, 356263433, 49390909]","[12, 12, 124, 115, 115, 115, 115, 115, 115, 115]"
703,80,"[1, 10, 14, 61, 77, 84, 88, 127, 146, 153, 167, 174, 175, 195, 228]",15,0.3543549105525017,0.09846122656017542,0.20492713859615228,"[303076252, 494944160, 188412807, 561475598, 103672702, 117787662, 88102447, 555653630, 71963599, 230365097]","[1, 1, 1, 1, 1, 1, 1, 1, 1, 1]"
704,80,"[10, 17, 20, 33, 39, 67, 85, 96, 109, 111, 125, 128, 156, 165, 188, 194, 213, 222]",18,0.4252530103549361,0.2013863129541278,0.4167955913192903,"[50797895, 531656131, 581259626, 156800920, 327187554, 593534916, 341312319, 560849002, 297117766, 341690750]","[125, 125, 125, 188, 125, 125, 125, 125, 96, 96]"
705,80,"[0, 1, 4, 6, 8, 10, 20, 39, 49, 58, 70, 82, 93, 100, 111, 112, 128, 132, 146, 165, 166, 168, 169, 175, 188, 196, 201, 217, 233, 239, 241]",31,0.7446542317047715,0.23232343886047602,0.30631596380994924,"[479264094, 97172013, 125376724, 494441995, 75941668, 74208356, 395259281, 378521473, 561935889, 69582267]","[241, 241, 20, 10, 8, 241, 20, 146, 20, 241]"
706,80,"[0, 26, 30, 37, 45, 48, 61, 70, 77, 81, 89, 93, 106, 110, 111, 112, 114, 125, 156, 164, 165, 167, 184, 188, 194, 213, 214, 215, 217, 221, 235, 241]",32,0.6693491726182401,0.253710824996233,0.37337844962166855,"[166929302, 75376229, 444325161, 274217792, 385139050, 462371255, 526547697, 140407470, 145519240, 544155425]","[125, 45, 45, 81, 48, 77, 48, 81, 156, 45]"
707,80,"[19, 21, 30, 70, 87, 104, 105, 123, 131, 134, 147, 224, 225, 230]",14,0.3405243861488998,0.15570736350491643,0.27172485138622243,"[290423263, 290546975, 141521827, 558769378, 366674039, 296590762, 160086921, 501888161, 262072973, 442043012]","[131, 147, 131, 131, 131, 131, 131, 131, 131, 131]"
708,80,"[0, 2, 4, 6, 8, 10, 21, 30, 38, 57, 75, 79, 91, 94, 97, 106, 108, 111, 112, 118, 123, 126, 127, 131, 152, 159, 172, 174, 185, 195, 202, 211, 216, 221, 228, 237, 241]",37,0.6244121743366122,0.32521004881709814,0.3200344204134937,"[445624214, 21209791, 214459992, 20831134, 582255751, 26580979, 517081156, 585889930, 357310198, 578674690]","[2, 237, 237, 202, 237, 2, 221, 8, 106, 174]"
709,80,"[2, 5, 10, 12, 14, 17, 18, 46, 52, 56, 57, 67, 70, 91, 93, 97, 104, 105, 112, 115, 124, 126, 127, 147, 159, 169, 172, 174, 175, 181, 192, 194, 217, 224, 237, 239]",36,0.7506781611591578,0.2634113193489611,0.33560052060703227,"[514355034, 91023278, 364123452, 243804062, 326538456, 395818403, 101738279, 364227009, 509134941, 369773749]","[2, 2, 159, 17, 181, 127, 159, 237, 174, 97]"
710,80,"[10, 17, 36, 43, 54, 58, 96, 111, 114, 128, 141, 156, 188, 194, 201]",15,0.32101230323314667,0.12176369596272707,0.34733304963447154,"[199872053, 333064862, 429254318, 74402508, 511648763, 391907968, 204632143, 535203000, 548263377, 480336888]","[156, 156, 128, 156, 156, 156, 156, 54, 54, 156]"
711,80,"[10, 17, 33, 49, 59, 67, 91, 106, 107, 159, 170, 172, 180, 182, 188, 193, 196, 200, 209, 221, 236, 241, 242]",23,0.48150691529735923,0.15148756559938192,0.24650000529768673,"[532147618, 41366602, 532398561, 396381822, 581804298, 357694103, 586712300, 447709396, 299154706, 93694205]","[236, 59, 59, 59, 59, 236, 59, 59, 236, 236]"
712,80,"[0, 4, 5, 10, 17, 26, 43, 51, 72, 82, 102, 106, 108, 109, 111, 128, 132, 146, 170, 175, 180, 188, 194, 195, 214, 221, 242]",27,0.5265941536054015,0.2857608529739082,0.29890232015815044,"[176759219, 318552186, 558909271, 68394679, 268853627, 170542660, 264289482, 466170201, 591746086, 433161442]","[180, 170, 43, 180, 43, 10, 5, 180, 221, 170]"
713,80,"[4, 20, 33, 36, 37, 61, 77, 81, 85, 90, 111, 112, 125, 133, 146, 164, 167, 195, 211, 228, 241]",21,0.43917905539274216,0.13461386458948255,0.2428431900972057,"[193985554, 371709521, 286601329, 277445547, 75993523, 78652326, 580234576, 598058553, 336565197, 286653258]","[77, 77, 228, 228, 228, 85, 85, 228, 228, 228]"
714,80,"[36, 54, 96, 112, 128, 156, 188, 201, 234]",9,0.11867005005478859,0.0692232777364552,0.28733041380635566,"[438904754, 407019418, 62203889, 417460514, 406493921, 230750417, 580720797, 574225054, 473194321, 375737537]","[36, 156, 201, 54, 54, 54, 54, 54, 54, 54]"
715,80,"[12, 18, 30, 51, 67, 72, 86, 91, 97, 102, 106, 108, 111, 112, 115, 124, 126, 170, 172, 180, 181, 196, 202, 241, 242]",25,0.45491009671241045,0.2641523126512766,0.40926948002539576,"[139997905, 110075494, 259654997, 486859552, 329458047, 306799320, 35693852, 325045770, 306780319, 69018570]","[111, 67, 67, 180, 196, 67, 111, 67, 67, 181]"
716,80,"[20, 30, 37, 61, 70, 77, 81, 93, 96, 111, 112, 114, 125, 128, 133, 159, 164, 167, 188, 192, 213, 214, 217, 228]",24,0.3779061478562653,0.2561030564829707,0.368622527574189,"[219247777, 14956816, 119588118, 207087174, 147402803, 586987309, 404118624, 582207001, 317683705, 17511256]","[77, 77, 96, 188, 96, 20, 81, 96, 188, 77]"
717,80,"[1, 20, 22, 39, 61, 70, 77, 82, 84, 93, 100, 125, 132, 146, 166, 175, 192, 194, 195, 213, 228]",21,0.4897616752423346,0.16112841293215752,0.2707677107149114,"[423150744, 56737034, 562933801, 82776735, 421106636, 440909851, 404847255, 460712047, 32381013, 460386170]","[70, 82, 1, 70, 82, 1, 82, 175, 82, 84]"
718,80,"[8, 20, 39, 61, 63, 70, 82, 84, 93, 100, 111, 125, 132, 167, 175, 188, 192, 194, 213]",19,0.41447347356006503,0.144929813221097,0.312838766711617,"[66220792, 368182769, 513712977, 103960464, 83160001, 338615824, 339075830, 378525513, 170311604, 408454256]","[20, 20, 84, 39, 20, 84, 82, 63, 125, 175]"
719,80,"[1, 4, 6, 10, 26, 30, 37, 49, 77, 81, 82, 100, 109, 132, 146, 164, 166, 175, 188, 196, 199, 221, 227, 242]",24,0.6248363093473017,0.17545576579868793,0.26151207788886194,"[213694925, 200840420, 599905570, 539579762, 335626940, 516114027, 131819241, 503450068, 594599479, 332887597]","[146, 82, 146, 1, 100, 82, 82, 146, 166, 4]"
720,80,"[4, 22, 61, 63, 65, 70, 82, 84, 88, 104, 105, 127, 131, 132, 148, 153, 167, 169, 175, 192, 196, 216, 231]",23,0.47627675579860806,0.160705107729882,0.24668309974241193,"[42388556, 130285807, 190069500, 196005135, 55484204, 111161273, 42266115, 494050017, 24656633, 302786698]","[22, 153, 105, 22, 105, 22, 70, 105, 105, 22]"
721,80,"[2, 47, 118, 174, 181, 211, 239, 240]",8,0.140310013666749,0.05019980249926448,0.25038915863842703,"[417891217, 76805798, 68427597, 569526539, 280913797, 547125696, 221095546, 597044073, 416051829, 124067658]","[174, 174, 174, 174, 174, 174, 174, 174, 174, 174]"
722,80,"[7, 22, 70, 84, 104, 105, 111, 192]",8,0.21385702351108193,0.06274107098579407,0.3204231354466174,"[77691294, 438932245, 578938443, 393115337, 191821827, 260549966, 371533472, 214415080, 315949825, 339900500]","[192, 105, 192, 105, 192, 192, 22, 84, 192, 22]"
723,80,"[1, 4, 8, 10, 32, 37, 49, 60, 75, 82, 93, 100, 109, 111, 112, 114, 129, 132, 148, 164, 169, 192, 194, 196, 206, 209, 212, 224, 227, 239, 240, 241]",32,0.5473808352835476,0.3002937836572528,0.2788817942200694,"[9020838, 76774025, 386802956, 200392849, 188269105, 393822947, 398354679, 587095987, 356654390, 296306727]","[32, 32, 240, 32, 32, 240, 240, 32, 32, 32]"
724,80,"[10, 88, 97, 99, 106, 115, 135, 153, 168, 169, 196, 207, 214, 233]",14,0.2948399977758527,0.11391821969300508,0.3385569212259725,"[458166727, 454207062, 451916269, 96944793, 72844089, 207932964, 406355378, 364421544, 107621134, 532097811]","[196, 196, 168, 168, 196, 168, 168, 196, 196, 169]"
725,80,"[10, 17, 33, 39, 49, 58, 77, 81, 82, 93, 96, 100, 106, 111, 112, 125, 128, 164, 165, 167, 188, 201, 241, 242]",24,0.4963525515049696,0.18579680612310767,0.3453536946326494,"[123306930, 591041043, 351841418, 173561433, 263835484, 62639457, 349778014, 494567852, 130475617, 125566398]","[49, 164, 81, 81, 81, 188, 164, 81, 81, 17]"
726,80,"[1, 27, 32, 42, 53, 60, 75, 80, 109, 117, 146, 187, 206, 207, 209, 212, 224, 231, 240, 244]",20,0.3331332206726074,0.12566844513639808,0.22560460347449407,"[178802831, 319855764, 127773390, 174527220, 259717660, 187540254, 548495749, 36782507, 208427386, 16381369]","[80, 80, 206, 80, 80, 80, 80, 80, 109, 80]"
727,80,"[1, 27, 30, 32, 39, 60, 76, 80, 81, 82, 93, 108, 109, 111, 112, 117, 119, 186, 212, 214, 217, 224, 227, 239, 241, 244]",26,0.45984279178082943,0.25787932565435767,0.3229009604905374,"[435768042, 342043115, 182855474, 22388379, 573033301, 280469546, 280469543, 485205137, 479363319, 31482913]","[217, 93, 93, 186, 186, 186, 117, 117, 117, 117]"
728,80,"[0, 10, 18, 20, 36, 49, 54, 58, 77, 81, 82, 89, 96, 100, 111, 125, 126, 128, 132, 156, 164, 167, 181, 188, 201, 210, 239, 241]",28,0.48147517442703247,0.27902597887441516,0.29393323697149754,"[475954615, 494301129, 414079641, 347263570, 482255584, 350504084, 69616124, 595501936, 99183468, 115428631]","[20, 20, 20, 20, 20, 20, 20, 20, 20, 20]"
729,80,"[10, 17, 20, 33, 39, 49, 58, 70, 81, 82, 84, 96, 100, 125, 126, 128, 164, 167, 188, 192, 194, 201, 210, 241]",24,0.4945947448723018,0.17968122893944383,0.3372960594424512,"[301893573, 292081751, 241496664, 142253742, 164086875, 224748079, 391607797, 28049539, 44339416, 60572819]","[20, 20, 82, 82, 20, 20, 20, 96, 20, 20]"
730,80,"[4, 20, 33, 36, 39, 40, 43, 49, 54, 59, 61, 81, 82, 85, 93, 96, 100, 106, 109, 111, 112, 128, 167, 188, 192, 201, 221, 222, 241]",29,0.6106305150315166,0.2046289169229567,0.26625137966415235,"[309653842, 272283737, 439325336, 32566260, 479751424, 575196920, 363920619, 49590174, 349149698, 112407100]","[96, 188, 20, 54, 20, 81, 20, 96, 96, 33]"
731,80,"[0, 5, 10, 17, 21, 26, 51, 67, 102, 115, 124, 126, 132, 161, 168, 169, 175, 202, 239]",19,0.38669966207817197,0.1517899688333273,0.3882645363306725,"[91554181, 341426383, 494588430, 117033705, 38312370, 571913361, 271723947, 144654610, 286784459, 176127713]","[202, 202, 202, 202, 202, 115, 5, 202, 5, 202]"
732,80,"[4, 6, 25, 37, 49, 57, 61, 77, 81, 85, 107, 111, 112, 125, 132, 146, 164, 166, 167, 180, 182, 194, 195, 210, 222, 228, 241, 242]",28,0.6290322579443455,0.1970402766019106,0.2617958532064222,"[19132216, 224283437, 316276338, 547384795, 409121290, 242123266, 316217329, 206899382, 108568694, 483168469]","[228, 228, 228, 228, 228, 228, 228, 228, 228, 228]"
733,80,"[1, 10, 20, 39, 45, 49, 54, 64, 68, 70, 82, 84, 92, 109, 112, 125, 132, 146, 166, 167, 175, 183, 184, 188, 192, 194, 201, 213, 215, 217, 235, 239, 241]",33,0.6309447148814797,0.3641686481423676,0.27811374117366294,"[185126942, 73453623, 81810707, 205759726, 438930667, 152636530, 265369140, 81610624, 391151002, 101163698]","[68, 68, 175, 68, 68, 68, 175, 68, 166, 192]"
734,80,"[0, 10, 26, 29, 58, 61, 67, 70, 72, 85, 87, 89, 96, 100, 106, 108, 110, 111, 114, 119, 125, 127, 132, 148, 164, 169, 181, 184, 194, 213, 217, 231]",32,0.5777121647261083,0.25038076424971223,0.3202476695369114,"[222732639, 433092664, 295555361, 69845528, 377380634, 190103610, 330783269, 492975775, 4018879, 241963157]","[125, 125, 125, 132, 108, 26, 87, 87, 125, 125]"
735,80,"[4, 10, 14, 18, 20, 70, 77, 81, 93, 126, 148, 164, 167, 174, 181, 188, 211]",17,0.18657984910532832,0.17062253272160888,0.2648556910126525,"[523442272, 469630837, 348413791, 89497066, 35190427, 393431202, 569028283, 160125705, 238500784, 382669929]","[10, 81, 10, 81, 10, 81, 10, 10, 81, 10]"
736,80,"[1, 4, 8, 10, 14, 20, 39, 61, 63, 70, 81, 82, 84, 88, 99, 111, 132, 135, 166, 167, 169, 175, 192, 207]",24,0.5934288771823049,0.1560687404125929,0.22612275136634707,"[250495421, 532925761, 112828282, 203940805, 294617011, 539889840, 91922461, 435983546, 365822797, 57556452]","[166, 1, 1, 84, 1, 84, 14, 14, 84, 84]"
737,80,"[1, 5, 10, 25, 43, 46, 49, 52, 59, 61, 67, 93, 112, 133, 159, 174, 175, 188, 209, 210, 224, 236, 241]",23,0.4772013956680894,0.18899016128852963,0.1854360710485312,"[274967503, 197159784, 223354459, 325094629, 84008816, 569752094, 29507369, 76073665, 533138201, 76001378]","[59, 59, 59, 59, 59, 59, 59, 59, 59, 59]"
738,80,"[57, 99, 166, 168, 169, 182, 196, 207, 222, 233]",10,0.19684914220124483,0.14492017682641745,0.28845435951370746,"[490032805, 530482745, 144147272, 433394339, 100305852, 215237817, 138127504, 530661354, 517280616, 283048010]","[233, 233, 233, 233, 233, 233, 233, 99, 233, 233]"
739,80,"[0, 10, 20, 33, 49, 70, 81, 85, 89, 96, 100, 106, 108, 111, 112, 125, 126, 127, 128, 148, 159, 164, 167, 169, 181, 188, 194, 201, 213, 227, 239, 241]",32,0.5950816804543138,0.3025509435683489,0.32364967984176474,"[169034073, 75519751, 4573991, 169030897, 58740187, 420560889, 322188794, 68359383, 211061395, 176796399]","[96, 96, 96, 125, 96, 96, 33, 128, 96, 188]"
740,80,"[8, 10, 20, 37, 40, 43, 59, 61, 67, 70, 75, 77, 79, 81, 82, 97, 106, 108, 111, 112, 114, 122, 126, 132, 133, 146, 159, 186, 188, 200, 209, 210, 216, 217, 221, 224, 231, 237, 242]",39,0.7863542237319052,0.2870202511548996,0.3279337385872331,"[134034383, 297458372, 211568616, 14653669, 548468718, 277370827, 280318153, 548449562, 42881514, 38741440]","[43, 43, 186, 186, 186, 186, 43, 186, 43, 43]"
741,80,"[0, 2, 7, 10, 25, 43, 47, 52, 57, 67, 97, 106, 107, 111, 112, 113, 122, 126, 127, 129, 133, 134, 141, 147, 152, 159, 170, 172, 174, 185, 186, 192, 193, 200, 224, 228, 241]",37,0.7418779637664557,0.3273537699133158,0.32117961148253166,"[265676713, 390073910, 403296399, 4227885, 196936640, 363947252, 281300524, 351254502, 416223390, 449179114]","[2, 2, 2, 2, 2, 2, 2, 2, 2, 2]"
742,80,"[1, 5, 10, 14, 19, 22, 39, 43, 59, 61, 67, 77, 84, 87, 88, 93, 112, 127, 133, 146, 174, 175, 179, 195, 196, 221, 224, 228]",28,0.4827411915175617,0.29393529146909714,0.2217461362015456,"[328926690, 142841584, 366393788, 82961013, 192539996, 37092921, 210699347, 408813883, 527960810, 422015706]","[195, 195, 195, 195, 195, 195, 195, 175, 195, 228]"
743,80,"[8, 10, 26, 54, 58, 65, 70, 82, 84, 88, 99, 126, 132, 153, 167, 168, 169, 175, 188, 192, 196, 201, 239, 241]",24,0.5208158208988607,0.17498684022575617,0.2955682131384189,"[231721073, 470619063, 464199733, 470658626, 333928270, 204560378, 334065146, 70512822, 28586845, 231721072]","[82, 58, 82, 58, 82, 82, 169, 82, 8, 82]"
744,80,"[1, 4, 5, 6, 10, 30, 37, 49, 58, 79, 82, 99, 106, 109, 112, 132, 146, 165, 168, 169, 196, 221, 233]",23,0.48009759606793523,0.18260882468894124,0.32495338333082263,"[436863779, 69774209, 99713472, 179112281, 586714768, 259567035, 250149985, 597193909, 125030038, 96364514]","[196, 146, 168, 168, 196, 168, 168, 109, 168, 146]"
745,80,"[0, 1, 19, 25, 46, 47, 61, 77, 97, 107, 118, 133, 147, 174, 200, 228, 241]",17,0.3364944150671363,0.16338794212788343,0.2336541585459867,"[129221555, 361836702, 305975296, 207471102, 495070446, 51090134, 142799753, 30262928, 163884444, 297134022]","[19, 25, 107, 228, 19, 174, 0, 174, 19, 174]"
746,80,"[1, 4, 6, 8, 25, 26, 40, 61, 65, 75, 81, 82, 88, 99, 111, 112, 132, 135, 153, 166, 168, 171, 178, 196, 200, 207, 212, 227, 233, 241]",30,0.6124956142157316,0.2568089198321104,0.23562776537922522,"[232624377, 33312517, 146177913, 356326206, 484594305, 381308412, 289828106, 463278358, 356049878, 36035856]","[6, 6, 6, 6, 6, 6, 6, 6, 6, 40]"
747,80,"[4, 20, 22, 63, 67, 68, 70, 82, 84, 112, 131, 132, 167, 174, 175, 183, 192, 222, 235]",19,0.2656322862021625,0.1865222491323948,0.20911101707698485,"[575187413, 199454458, 564932550, 199462273, 444388261, 157370619, 330475937, 107222643, 35532211, 587392179]","[68, 68, 68, 175, 192, 68, 192, 68, 68, 68]"
748,80,"[0, 14, 17, 18, 33, 36, 43, 46, 52, 61, 81, 84, 85, 107, 108, 111, 112, 126, 129, 133, 164, 167, 174, 181, 192, 194, 201, 210, 227, 228, 237, 239, 241]",33,0.6756519465707242,0.34566326066851616,0.3027531636638962,"[127044680, 331992073, 394531784, 190151555, 256078915, 66637549, 436668879, 398841118, 514433967, 398912427]","[133, 133, 133, 133, 133, 133, 133, 133, 133, 133]"
749,80,"[0, 46, 52, 56, 57, 59, 63, 67, 70, 82, 84, 91, 97, 104, 105, 112, 127, 147, 159, 174, 175, 186, 192, 194, 200, 209, 224, 237]",28,0.5480974791571498,0.19625595398247242,0.2627859129320963,"[555807422, 46045003, 588047940, 74666318, 547712943, 140457520, 555807416, 343417206, 555807420, 549181239]","[104, 192, 159, 104, 84, 200, 91, 159, 67, 224]"
750,80,"[0, 6, 8, 10, 20, 29, 37, 49, 58, 61, 70, 82, 84, 89, 93, 100, 105, 106, 108, 112, 125, 131, 132, 146, 165, 175, 184, 188, 207, 213, 222, 230, 241, 242]",34,0.6248405310325325,0.3078092080540955,0.26846413593054475,"[3948191, 424540306, 94418452, 302611918, 134222644, 302659270, 109372265, 85101691, 197966881, 469786629]","[82, 165, 84, 84, 175, 132, 84, 132, 6, 132]"
751,80,"[27, 32, 42, 53, 60, 75, 80, 109, 117, 171, 186, 206, 209, 212, 224, 240]",16,0.23276561638340354,0.10399385867640376,0.23659075985779054,"[186250303, 27545485, 390290954, 76431484, 60578090, 247203506, 450346825, 234466048, 407663598, 126436668]","[117, 117, 117, 117, 117, 27, 117, 117, 117, 117]"
752,80,"[36, 54, 82, 99, 106, 109, 111, 112, 156, 164, 167, 169, 196, 201, 210, 222]",16,0.26681651966646314,0.13007121859118342,0.30478699518425856,"[188276849, 426027857, 446586320, 75409110, 321081448, 289790944, 501628430, 511282565, 73261937, 203027863]","[36, 36, 36, 36, 36, 36, 36, 36, 36, 36]"
753,80,"[8, 17, 26, 36, 54, 58, 60, 93, 94, 111, 112, 126, 156, 165, 167, 169, 183, 187, 196, 201, 211, 214, 217, 227, 239, 241]",26,0.5453029708005488,0.27184859942644835,0.41019533874574476,"[15269684, 477254712, 201963919, 68741689, 465257901, 244398823, 192206802, 121210942, 50436031, 66076885]","[167, 167, 167, 167, 167, 167, 167, 183, 167, 183]"
754,80,"[63, 70, 84, 104, 132, 175, 192, 240]",8,0.19514669943600893,0.053761126939207315,0.21769224255695008,"[15635307, 312724952, 316922452, 15291053, 216946039, 220189977, 456888009, 179484769, 398032705, 113568412]","[192, 192, 192, 192, 192, 192, 192, 192, 192, 84]"
755,80,"[1, 4, 5, 8, 10, 37, 43, 47, 49, 70, 75, 77, 79, 82, 92, 99, 106, 109, 129, 132, 146, 148, 169, 171, 174, 175, 185, 186, 188, 195, 200, 206, 209, 210, 211, 212, 227, 236, 239, 240, 241, 242]",42,0.8354576346464455,0.327563370577991,0.18418520702315228,"[554846630, 539696679, 223674121, 223680731, 223700058, 95700958, 223674897, 226689730, 585279058, 469179213]","[185, 212, 212, 10, 175, 212, 185, 212, 5, 212]"
756,80,"[0, 1, 8, 14, 17, 32, 49, 70, 77, 88, 93, 97, 99, 112, 114, 126, 133, 166, 174, 192, 194, 206, 217, 228, 239]",25,0.5473317173309624,0.3064270243048668,0.3450902340374887,"[143840965, 507145613, 413826743, 23358153, 498454879, 208889889, 125223810, 505764537, 596226604, 527260722]","[14, 14, 14, 14, 14, 14, 14, 14, 14, 14]"
757,80,"[4, 6, 10, 20, 33, 49, 54, 58, 59, 67, 70, 72, 82, 85, 89, 96, 100, 111, 112, 125, 128, 132, 146, 165, 166, 167, 188, 194, 196, 210, 213, 239, 241, 242]",34,0.7227570149116218,0.30178450886160135,0.2976209493285483,"[322719624, 370815650, 470526803, 27740414, 273230502, 328603977, 156101226, 506024414, 29354583, 158853418]","[82, 96, 82, 188, 49, 49, 188, 49, 82, 188]"
758,80,"[18, 26, 43, 45, 48, 112, 114, 126, 148, 184, 215]",11,0.19994000252336264,0.14984772354364395,0.4076468780509789,"[813693, 160416779, 323002308, 409250691, 414800427, 275472747, 172223973, 233627995, 541085700, 300838529]","[215, 215, 215, 215, 215, 215, 215, 215, 215, 215]"
759,80,"[20, 36, 43, 54, 70, 156, 167, 188, 192, 201]",10,0.16737659787759185,0.07227285811677575,0.2564699648879468,"[581598743, 306077794, 204153808, 428247136, 33707675, 412322717, 472399417, 253949050, 175409411, 321251817]","[54, 54, 54, 54, 54, 54, 54, 54, 54, 54]"
760,80,"[2, 6, 7, 8, 14, 30, 40, 43, 53, 57, 61, 70, 93, 94, 97, 99, 106, 108, 111, 112, 114, 122, 126, 133, 147, 166, 196, 214, 217, 224, 231, 241]",32,0.6634023613296449,0.38611089065670967,0.38519225693744374,"[495038674, 9050530, 354277872, 206230060, 479991039, 183789871, 544258461, 228997020, 94100475, 217592047]","[166, 224, 8, 166, 114, 166, 217, 8, 61, 8]"
761,80,"[8, 17, 61, 63, 70, 82, 84, 88, 91, 93, 104, 105, 127, 132, 159, 167, 175, 192, 194, 241]",20,0.4527122317813337,0.2075083525851369,0.24775295020081103,"[182749746, 203684967, 144733671, 214839887, 214909000, 127517746, 123746413, 22329715, 10515147, 420808461]","[63, 63, 63, 63, 63, 63, 63, 63, 63, 63]"
762,80,"[1, 4, 6, 14, 49, 82, 88, 99, 109, 135, 146, 153, 166, 168, 169, 207, 233]",17,0.413544544018805,0.09813408832997084,0.19737888465854614,"[483929454, 281576046, 288465784, 284939827, 281576039, 426437149, 128685229, 352335645, 281576050, 416758914]","[233, 1, 166, 1, 166, 166, 88, 1, 166, 1]"
763,80,"[1, 6, 8, 32, 39, 60, 63, 82, 93, 109, 111, 112, 117, 148, 164, 192, 206, 209, 217, 224, 239, 240, 241]",23,0.5078698489814997,0.15937896445393562,0.29045031828117435,"[333632260, 327510496, 525529653, 147786727, 9337302, 119244369, 158439522, 254839511, 568282822, 271537006]","[1, 32, 32, 117, 32, 32, 32, 117, 32, 32]"
764,80,"[0, 4, 10, 17, 20, 26, 33, 39, 49, 81, 96, 100, 105, 106, 109, 114, 125, 148, 159, 164, 167, 180, 188, 200, 213, 234, 239]",27,0.48405278474092484,0.28269124077633023,0.31700602856775123,"[470536358, 288475887, 154178925, 325147796, 525046357, 75074402, 294191025, 19182789, 76054023, 484460163]","[125, 125, 164, 125, 125, 20, 20, 33, 125, 234]"
765,80,"[0, 6, 17, 36, 49, 54, 58, 96, 100, 106, 111, 112, 156, 165, 188, 194, 214, 239, 241]",19,0.3367962413467467,0.23396475659683347,0.39700721204280853,"[141090441, 449849523, 82211827, 107564364, 450015810, 507668000, 571211820, 87858039, 40119595, 450279078]","[156, 156, 156, 156, 156, 156, 111, 156, 49, 156]"
766,80,"[10, 18, 25, 43, 47, 49, 52, 54, 59, 67, 96, 112, 114, 132, 141, 159, 170, 186, 188, 192, 193, 194, 200, 239, 241, 242]",26,0.5030143428593874,0.16704311920329928,0.24546360827158564,"[334710393, 46941624, 525776769, 477671369, 184019416, 587243906, 267276402, 206332309, 125111776, 101462947]","[10, 241, 10, 200, 67, 67, 67, 67, 67, 67]"
767,80,"[6, 30, 32, 60, 75, 93, 109, 117, 146, 166, 171, 186, 200, 207, 209, 210]",16,0.2927490761503577,0.17034422792494297,0.23849414206051733,"[538730025, 546916548, 216105455, 126273253, 494551035, 440684662, 469196941, 587476054, 429719592, 487053834]","[93, 117, 117, 117, 117, 117, 93, 93, 93, 93]"
768,80,"[26, 30, 36, 54, 65, 76, 94, 129, 167, 169, 171, 186, 187, 196, 201, 207, 211, 217]",18,0.25783071806654334,0.20537595869973302,0.31631571038936573,"[3390687, 90128001, 22114232, 90061036, 394575987, 317157711, 144379617, 405139482, 1984326, 447911212]","[167, 167, 167, 167, 167, 167, 167, 167, 167, 167]"
769,80,"[1, 4, 30, 37, 46, 60, 65, 75, 79, 81, 82, 87, 109, 146, 148, 195, 209, 225, 240, 241]",20,0.45711474772542715,0.1168474187143147,0.2152411752846092,"[469906838, 396702417, 439483464, 151244184, 65622397, 255663517, 335714306, 100886639, 597297607, 15813981]","[146, 240, 109, 79, 109, 79, 79, 60, 146, 79]"
770,80,"[2, 4, 6, 8, 19, 21, 30, 40, 43, 57, 67, 75, 94, 97, 112, 113, 123, 133, 141, 147, 182, 186, 207, 217, 224]",25,0.4233938637189567,0.23532019089907408,0.2917074445821345,"[145195018, 160871623, 369284107, 309803570, 264074098, 245536896, 372949320, 119994880, 197780391, 460426951]","[21, 57, 57, 21, 21, 94, 57, 21, 141, 19]"
771,80,"[0, 8, 10, 17, 20, 36, 43, 54, 58, 70, 89, 96, 111, 112, 125, 126, 128, 132, 156, 167, 188, 192, 194, 201, 214, 239, 241]",27,0.5376751585863531,0.28062419313937426,0.3526417835080927,"[303952386, 226999641, 416173179, 302932857, 125555073, 303558475, 69191403, 120371769, 401364673, 430068002]","[8, 241, 241, 241, 96, 241, 241, 8, 8, 188]"
772,80,"[4, 10, 20, 39, 49, 58, 63, 70, 77, 82, 84, 100, 111, 127, 132, 146, 159, 164, 169, 175, 199, 210, 241]",23,0.4568523452617228,0.16833688877522945,0.2529558255944563,"[404794810, 175731954, 31058126, 368163645, 159317649, 543943816, 87605363, 289391580, 542896498, 123406386]","[82, 146, 175, 82, 49, 82, 49, 82, 63, 82]"
773,80,"[10, 17, 49, 60, 81, 89, 93, 100, 111, 126, 132, 148, 164, 167, 181, 188, 194, 201, 211, 213, 239, 241, 242]",23,0.3837798712775111,0.24770494271069765,0.3374073703813812,"[195173222, 492751080, 457281331, 205233105, 546584453, 340541339, 441811088, 567329472, 288187214, 181493268]","[239, 81, 164, 81, 211, 211, 10, 164, 81, 164]"
774,80,"[39, 46, 52, 63, 70, 82, 84, 104, 111, 112, 127, 132, 159, 174, 175, 192, 194, 239, 240]",19,0.37004108959808946,0.20793843595311046,0.2944914035155977,"[448226931, 309062199, 81832684, 123840197, 220335724, 566284036, 556173834, 123840205, 389361889, 288329360]","[84, 84, 84, 84, 84, 159, 84, 84, 192, 192]"
775,80,"[5, 8, 10, 20, 25, 37, 39, 67, 70, 72, 82, 89, 96, 104, 106, 111, 112, 125, 132, 165, 175, 183, 188, 194, 213, 214, 217, 221, 222, 230, 242]",31,0.727313423063606,0.3134938725270331,0.3507178709616945,"[330627045, 453801749, 422914810, 414352737, 338967500, 370292875, 109319028, 279874579, 265841295, 73826653]","[37, 20, 20, 20, 20, 20, 20, 72, 70, 20]"
776,80,"[2, 57, 85, 89, 106, 110, 111, 112, 139, 152, 169, 172, 178, 180, 182, 185, 193, 207, 210, 211, 221, 222, 237, 242]",24,0.4838618044741452,0.16929859016090631,0.24868368529132567,"[231446595, 253762950, 168448379, 300484739, 519505046, 117280640, 30789346, 23805310, 43075240, 95492765]","[57, 57, 57, 222, 57, 57, 180, 207, 57, 57]"
777,80,"[1, 4, 6, 8, 10, 32, 40, 60, 75, 82, 88, 93, 99, 112, 132, 133, 135, 146, 168, 169, 171, 196, 206, 207, 227, 228, 233, 239]",28,0.49842948699370027,0.2456316282041371,0.2204803758566933,"[59536897, 315366675, 271957382, 220611533, 59536898, 276386751, 582690633, 244982098, 461574611, 47917621]","[227, 6, 233, 6, 6, 6, 8, 6, 227, 8]"
778,80,"[1, 6, 61, 81, 88, 99, 111, 135, 146, 166, 168, 200, 207, 227, 233, 241]",16,0.3456840259023011,0.09507999755442142,0.22946407871495467,"[361527157, 68971592, 37715489, 134414390, 472060781, 319229323, 446901347, 223113900, 78162269, 581028629]","[166, 166, 166, 166, 166, 166, 146, 166, 166, 166]"
779,80,"[1, 4, 10, 25, 39, 49, 84, 99, 111, 135, 153, 166, 168, 188, 196, 210, 233]",17,0.5065755061805248,0.10898479027673602,0.2714516180430484,"[73062366, 50402763, 513912888, 50429658, 41559533, 29858437, 448305655, 384486365, 580441216, 50402761]","[166, 166, 233, 166, 166, 166, 166, 166, 166, 166]"
780,80,"[0, 8, 10, 17, 20, 33, 43, 54, 67, 70, 82, 84, 89, 96, 111, 112, 126, 132, 159, 174, 175, 181, 188, 192, 194, 201, 217, 221, 224, 239, 241]",31,0.8291323212906718,0.22432650765404105,0.3161418866666575,"[382139223, 294009838, 330994717, 492174214, 435849178, 555684026, 426186555, 388387883, 86556513, 135702770]","[201, 67, 82, 43, 188, 241, 33, 188, 188, 54]"
781,80,"[14, 45, 47, 57, 64, 68, 107, 112, 118, 147, 163, 174, 183, 184, 211, 228, 235, 237]",18,0.31458209827542305,0.11176848690956831,0.23884756826899117,"[77482733, 198733262, 61417956, 46651786, 508566343, 112442356, 64881757, 394298191, 284569134, 390092863]","[235, 235, 235, 235, 235, 235, 235, 235, 235, 235]"
782,80,"[10, 17, 20, 33, 37, 51, 54, 67, 70, 72, 89, 96, 106, 112, 125, 132, 164, 181, 188, 194, 201, 213, 215]",23,0.42109148763120174,0.26325669093057513,0.3163502710142537,"[94564213, 534350521, 441905717, 90969118, 338303698, 170393771, 482155500, 240981454, 877821, 503346064]","[125, 96, 188, 96, 96, 125, 125, 96, 125, 215]"
783,80,"[1, 2, 6, 19, 25, 52, 57, 61, 75, 81, 83, 92, 93, 107, 118, 123, 131, 147, 159, 166, 170, 171, 178, 182, 200, 207, 209, 212, 230, 237]",30,0.5581768858246505,0.19299199897795916,0.24179939113091678,"[590185192, 280384104, 248741750, 248733473, 117598454, 84329985, 196631016, 84329999, 374802457, 84329986]","[107, 107, 107, 107, 107, 107, 107, 107, 107, 107]"
784,80,"[8, 25, 37, 46, 49, 59, 61, 81, 82, 85, 99, 106, 107, 109, 111, 112, 146, 180, 195, 210, 213, 221, 222, 227]",24,0.4503923184238374,0.24316729372367263,0.266840103683838,"[199166211, 415614426, 459227806, 417355448, 337111750, 466184102, 328192286, 392927095, 265397071, 464121153]","[25, 25, 25, 25, 25, 25, 25, 25, 25, 25]"
785,80,"[5, 10, 17, 25, 39, 43, 51, 59, 67, 82, 132, 175, 188, 194, 233, 239, 242]",17,0.3224196038208902,0.17730124713853002,0.25933369149125235,"[156315290, 479594550, 120395787, 286274216, 132539877, 197754825, 544418098, 385546444, 39189654, 293081936]","[242, 242, 242, 242, 5, 242, 5, 242, 5, 5]"
786,80,"[43, 45, 64, 68, 70, 84, 105, 112, 126, 127, 141, 175, 183, 184, 192, 235]",16,0.30789682175964117,0.11188368452712893,0.32485568457923364,"[551214505, 475566736, 234480471, 463874190, 423901142, 432890679, 358464511, 542646214, 498712020, 442806014]","[84, 45, 45, 45, 192, 45, 84, 84, 84, 84]"
787,80,"[4, 20, 25, 37, 39, 49, 61, 77, 81, 82, 85, 96, 100, 109, 110, 112, 128, 146, 164, 166, 188, 195, 210, 211, 221, 228, 234, 241]",28,0.5670608575455844,0.24042945774272084,0.22242189178775465,"[221755123, 386086785, 212449983, 229540847, 438010534, 329888215, 251994508, 359901671, 299128860, 343763961]","[234, 128, 96, 228, 77, 234, 77, 228, 77, 77]"
788,80,"[1, 17, 39, 49, 58, 60, 61, 77, 82, 93, 100, 106, 109, 111, 146, 165, 166, 168, 196, 210, 213, 214, 217, 221, 227]",25,0.6345661715604365,0.21834958950057626,0.3890627779532224,"[135562875, 247401213, 337019839, 74919655, 316793540, 278535879, 534085834, 476615865, 142137900, 254145330]","[146, 168, 165, 109, 109, 166, 109, 168, 165, 146]"
789,80,"[0, 2, 4, 6, 7, 8, 10, 39, 52, 60, 61, 63, 70, 105, 106, 108, 111, 112, 118, 126, 127, 159, 164, 174, 175, 183, 184, 192, 194, 209, 211, 217, 227, 228, 237, 239, 241]",37,0.7193442676216364,0.2709277323447168,0.31959535765486796,"[79828631, 538843180, 321018057, 236530606, 370983554, 408116495, 532680771, 61417080, 468789836, 144615735]","[174, 60, 237, 228, 118, 241, 237, 159, 159, 237]"
790,80,"[10, 30, 43, 45, 48, 60, 64, 70, 110, 111, 112, 113, 119, 126, 132, 141, 165, 181, 183, 184, 188, 194, 201, 213, 215, 217, 224, 230, 231, 239, 244]",31,0.5291666747070849,0.3613213733769953,0.3855502189873087,"[599221685, 380698481, 512991142, 262815169, 177122931, 315444936, 72612251, 61356790, 247507137, 362171906]","[215, 215, 215, 183, 183, 215, 244, 215, 215, 183]"
791,80,"[8, 10, 12, 14, 17, 52, 61, 63, 68, 70, 81, 82, 84, 93, 97, 104, 105, 112, 115, 118, 127, 159, 164, 167, 174, 175, 192, 194, 216, 217, 224, 228, 237, 239, 241]",35,0.7000335888005793,0.2464349837973714,0.3055480202659965,"[515338290, 420319802, 386407030, 21584194, 373547993, 219903309, 396495284, 270452653, 417003456, 36657294]","[93, 93, 63, 192, 93, 159, 93, 8, 192, 192]"
792,80,"[0, 6, 14, 17, 25, 46, 64, 68, 75, 77, 107, 109, 111, 112, 133, 141, 174, 183, 184, 192, 194, 209, 217, 239, 244]",25,0.4088705428875983,0.2468757526949048,0.29070665419101716,"[84427599, 405761428, 9831061, 518940904, 122518687, 13377183, 525393269, 269433434, 406743992, 9938394]","[64, 64, 64, 64, 64, 64, 64, 64, 64, 64]"
793,80,"[1, 4, 6, 8, 10, 19, 30, 40, 61, 65, 75, 77, 88, 90, 93, 94, 97, 112, 123, 146, 168, 171, 195, 214, 228]",25,0.43024010257795453,0.24046779656782746,0.2779670098051429,"[440358999, 88132546, 569026839, 359211126, 496448534, 510056176, 181890903, 307508149, 229322265, 510057177]","[6, 6, 6, 6, 6, 228, 228, 8, 6, 228]"
794,80,"[10, 17, 20, 36, 54, 58, 61, 89, 96, 106, 111, 112, 125, 156, 167, 169, 184, 188, 194, 201, 239, 241]",22,0.36060053948313,0.23808201914653182,0.31121468713337724,"[498308087, 297506843, 544140804, 283199221, 218177474, 7409874, 164077483, 486149309, 244391608, 122663595]","[156, 54, 58, 241, 241, 54, 241, 125, 156, 241]"
795,80,"[4, 8, 70, 82, 84, 105, 119, 132, 169, 192, 206, 231, 244]",13,0.18525808211416006,0.09036237746477127,0.22845926798450258,"[357626915, 7668981, 228603212, 287942832, 492746512, 377277065, 139212702, 76689036, 228617234, 181428961]","[4, 4, 192, 192, 192, 4, 192, 192, 4, 192]"
796,80,"[45, 48, 63, 68, 70, 104, 105, 107, 112, 126, 147, 175, 184, 192, 215, 235]",16,0.4035969520919025,0.11719615804031491,0.33667498896829784,"[333331633, 461496564, 369104080, 143580053, 81566344, 422515946, 458830747, 343364802, 138351033, 7319301]","[235, 235, 235, 235, 235, 235, 235, 235, 235, 235]"
797,80,"[1, 12, 14, 25, 38, 46, 61, 91, 93, 99, 107, 133, 159, 166, 174, 178, 184, 194, 209, 210, 227, 228, 239, 240]",24,0.5208039516583085,0.2013728409074247,0.1966432209883351,"[282975484, 113313962, 439578988, 388865837, 526192199, 113313963, 127950716, 483516645, 48842498, 208133910]","[107, 107, 107, 107, 107, 107, 107, 107, 107, 107]"
798,80,"[19, 47, 91, 118, 159, 172, 174, 211, 237, 240]",10,0.192719969432801,0.055483408737927675,0.22190032626967876,"[433323913, 481175924, 168133538, 215456178, 387115136, 463583639, 466143566, 96347394, 415628246, 484251347]","[47, 47, 47, 47, 47, 47, 47, 47, 47, 47]"
799,80,"[1, 8, 32, 39, 58, 60, 82, 84, 93, 97, 112, 192, 196, 201, 206, 217, 227, 239, 240, 241]",20,0.41701156878843904,0.20780281769111753,0.29480034903390334,"[351245664, 376513868, 20055048, 128344438, 430434285, 361801532, 392515992, 78398179, 478066324, 345782426]","[240, 240, 240, 240, 240, 32, 240, 32, 240, 240]"
800,80,"[20, 22, 61, 64, 68, 70, 82, 84, 89, 110, 119, 129, 132, 159, 175, 184, 192, 194, 201, 213, 216]",21,0.39833996538072824,0.14217677572742105,0.24237621500201167,"[482762040, 342908927, 471471192, 208076775, 590667230, 316818274, 452179715, 561176458, 561001039, 344758109]","[184, 184, 216, 184, 184, 175, 184, 184, 184, 68]"
801,80,"[0, 10, 18, 20, 43, 46, 49, 52, 56, 57, 59, 60, 61, 63, 67, 70, 72, 82, 84, 89, 91, 104, 105, 111, 112, 126, 127, 159, 174, 175, 184, 192, 194, 216, 217, 224, 235, 239, 241, 242]",40,0.8404672248288989,0.27685899240896106,0.2780434137675911,"[434873979, 385576658, 74849049, 252551665, 165673250, 540392497, 455334205, 238382615, 560115302, 392853422]","[175, 84, 159, 175, 192, 192, 84, 175, 10, 159]"
802,80,"[1, 4, 14, 30, 39, 60, 67, 77, 81, 82, 88, 93, 99, 111, 112, 135, 146, 159, 166, 174, 175, 194, 196, 201, 227, 228, 233, 239, 241]",29,0.6982026994228363,0.18818794889375567,0.25604224326249597,"[171221271, 276874975, 223842080, 218150909, 159276580, 74539230, 27514283, 226045049, 86049469, 259050741]","[77, 166, 166, 166, 166, 77, 166, 77, 166, 77]"
803,80,"[1, 4, 10, 20, 26, 49, 54, 81, 82, 84, 93, 99, 106, 111, 132, 146, 164, 167, 188, 196, 201, 217, 241]",23,0.3715030485764146,0.23725395556539297,0.2614297586614671,"[288841758, 432090101, 568582888, 568673377, 287682677, 389639122, 250940003, 109638855, 336904074, 585638962]","[81, 81, 82, 81, 82, 82, 81, 81, 49, 81]"
804,80,"[6, 10, 17, 20, 33, 39, 43, 49, 54, 58, 67, 82, 96, 106, 111, 112, 125, 128, 132, 146, 165, 188, 194, 201, 213, 214, 221, 242]",28,0.5340256737545133,0.2922904519364238,0.36120095135577557,"[440242907, 394982529, 78528402, 171973685, 203165726, 440354113, 241278131, 151125495, 205221623, 111845118]","[242, 54, 242, 188, 194, 242, 242, 188, 188, 20]"
805,80,"[2, 25, 37, 46, 49, 59, 61, 72, 85, 106, 107, 111, 112, 118, 129, 133, 152, 180, 182, 193, 210, 214, 221, 222, 228, 242]",26,0.535016271751374,0.24942901637405157,0.2856275109448828,"[492617663, 306929603, 546332249, 579380135, 551047924, 539240461, 203050617, 21129175, 295071862, 52641810]","[46, 46, 133, 46, 46, 133, 111, 59, 222, 85]"
806,80,"[4, 20, 49, 56, 59, 61, 63, 70, 77, 82, 84, 88, 100, 104, 105, 111, 112, 127, 132, 146, 164, 167, 169, 175, 192, 194, 222, 228, 241]",29,0.4793290221132338,0.26697277231141925,0.24949733375828584,"[457758106, 525363080, 130857160, 189485965, 412544761, 79439685, 223020241, 223020242, 564462802, 121976774]","[164, 77, 194, 77, 194, 77, 77, 77, 241, 228]"
807,80,"[4, 10, 20, 33, 37, 39, 49, 72, 77, 82, 85, 89, 96, 100, 106, 109, 125, 127, 128, 146, 159, 164, 188, 213, 221]",25,0.5088678663596511,0.17912068217992783,0.27723871161229907,"[582174558, 24206729, 526280154, 545821299, 462955477, 423700160, 253442550, 84473634, 241796868, 495138279]","[125, 125, 82, 20, 82, 100, 100, 72, 100, 96]"
808,80,"[1, 20, 22, 36, 39, 40, 43, 54, 64, 70, 93, 111, 112, 113, 114, 141, 186, 188, 192, 217, 224]",21,0.47269695857539773,0.15354216983541846,0.3218914729853471,"[471538335, 454252821, 378813124, 561549556, 377725690, 19795167, 320167445, 385974109, 407454810, 23156939]","[43, 43, 43, 43, 43, 43, 43, 43, 43, 43]"
809,80,"[1, 6, 27, 32, 39, 42, 60, 75, 76, 80, 91, 97, 109, 112, 117, 119, 146, 171, 186, 187, 200, 209, 214, 217, 224]",25,0.44934361055493355,0.3010789346881211,0.30064304943196474,"[423063866, 414841139, 595781421, 253478887, 400895659, 30835860, 467319785, 48483834, 4919323, 14665769]","[209, 6, 209, 224, 117, 117, 117, 6, 76, 209]"
810,80,"[36, 54, 58, 125, 156, 167, 188, 201, 217]",9,0.12159703951328993,0.07138782972469926,0.340319053011222,"[569747888, 343843896, 397365936, 569747913, 7778957, 32747278, 127070054, 75369376, 581475779, 419761138]","[54, 54, 54, 54, 201, 54, 54, 167, 54, 54]"
811,80,"[0, 8, 17, 18, 60, 65, 68, 93, 97, 106, 108, 111, 112, 114, 119, 126, 165, 183, 184, 188, 194, 201, 214, 217, 224, 230, 239, 244]",28,0.4921378754079342,0.26350514590740204,0.41476276017160024,"[95674350, 254249257, 482772616, 238910541, 222283007, 329488606, 73150447, 274675334, 33453582, 524360025]","[244, 217, 183, 184, 184, 184, 183, 126, 60, 8]"
812,80,"[1, 2, 32, 38, 52, 75, 92, 93, 106, 112, 117, 186, 192, 194, 196, 209, 212, 224, 227, 239, 241]",21,0.41086158715188503,0.14725471613928676,0.2812141469857168,"[433487277, 447995370, 415492035, 584409108, 383510698, 450072464, 539202498, 12961426, 527474121, 168502178]","[32, 32, 32, 32, 32, 32, 32, 32, 32, 32]"
813,80,"[10, 36, 49, 54, 58, 82, 89, 111, 112, 132, 156, 167, 169, 188, 196, 201, 239, 241]",18,0.32816471718251705,0.14925181539729238,0.2747592693453448,"[325920311, 512099405, 93108396, 452673403, 537890579, 190182926, 305684177, 228268366, 568821148, 356231323]","[54, 54, 54, 10, 54, 201, 82, 201, 201, 54]"
814,80,"[1, 3, 4, 6, 30, 37, 40, 70, 79, 94, 104, 105, 106, 109, 111, 112, 122, 131, 146, 186, 199, 214, 230]",23,0.507277047727257,0.24378406442701817,0.3491991756321943,"[72904289, 502655213, 340599533, 354551477, 169184272, 199308255, 479769746, 378118468, 375737111, 404614755]","[40, 94, 40, 40, 40, 40, 186, 40, 40, 40]"
815,80,"[6, 8, 10, 21, 29, 30, 40, 65, 72, 86, 87, 93, 94, 106, 108, 112, 113, 115, 126, 146, 165, 170, 187, 195, 202, 209, 214, 217, 224, 230, 231, 239]",32,0.5386775988154113,0.3705508513376117,0.38012072995479684,"[302031604, 326813122, 390012618, 301544297, 164701156, 324619110, 568035754, 436657279, 474359876, 216636105]","[87, 87, 87, 170, 217, 87, 209, 209, 87, 87]"
816,80,"[10, 47, 51, 60, 93, 111, 118, 148, 159, 166, 174, 200, 209, 211, 224, 227, 239, 240]",18,0.3669791901484132,0.11799871735274792,0.25769226532429457,"[456601074, 117369514, 499615542, 75653653, 48979196, 48975547, 190097047, 174666670, 79524326, 48986741]","[174, 174, 174, 174, 174, 174, 174, 174, 200, 174]"
817,80,"[4, 18, 20, 56, 70, 81, 82, 84, 105, 112, 126, 127, 132, 167, 192]",15,0.19946015905588865,0.11323367618024349,0.3357629715465009,"[189756710, 546620521, 141747554, 535394321, 78131193, 69964102, 501852105, 297618934, 536687610, 141747543]","[84, 192, 84, 84, 84, 84, 192, 192, 84, 84]"
818,80,"[22, 63, 70, 104, 105, 106, 127, 131, 147, 170, 193]",11,0.24687841441482306,0.07662893831729889,0.24780976713042369,"[325937048, 71571922, 162773863, 160983765, 222803614, 245169167, 535325205, 345784330, 307655073, 269633147]","[22, 22, 22, 22, 105, 22, 22, 105, 105, 22]"
819,80,"[1, 4, 6, 14, 39, 57, 61, 81, 93, 99, 107, 111, 112, 135, 146, 166, 168, 178, 196, 207, 217, 227, 233, 237]",24,0.5125595345161855,0.1732060918584466,0.2891997981350869,"[363502546, 370309140, 43217211, 260118514, 169104147, 87392741, 436027833, 274526481, 138697469, 457932193]","[166, 166, 166, 166, 166, 166, 166, 166, 166, 166]"
820,80,"[0, 1, 10, 17, 25, 59, 72, 85, 88, 99, 107, 112, 132, 133, 166, 167, 188, 210, 228, 236, 242]",21,0.48969991225749254,0.17797533050179482,0.21725775851380258,"[184527710, 542218430, 542193105, 542193095, 265708503, 203932097, 204891568, 99900872, 105144253, 460459031]","[59, 228, 59, 59, 59, 59, 59, 59, 228, 59]"
821,80,"[2, 8, 25, 32, 38, 46, 52, 57, 61, 84, 92, 106, 107, 112, 124, 126, 127, 133, 152, 159, 166, 174, 178, 209, 222, 224, 227, 239]",28,0.5666847876273096,0.19666225975379348,0.30372932869275765,"[518903693, 239028560, 350157917, 176533017, 416319116, 133608144, 401719245, 443063391, 198903004, 193216966]","[178, 38, 38, 178, 38, 178, 178, 178, 38, 38]"
822,80,"[0, 17, 20, 33, 54, 85, 96, 100, 111, 112, 125, 126, 128, 164, 188, 194, 241]",17,0.40052538365125656,0.1981846336275339,0.39767383851165716,"[435953124, 461552910, 133784506, 6711057, 204458540, 285290085, 239405223, 204484192, 7508107, 412583065]","[96, 96, 96, 20, 125, 96, 20, 20, 96, 96]"
823,80,"[0, 1, 6, 19, 22, 36, 49, 59, 61, 67, 107, 133, 167, 180, 182, 195, 200, 209, 228, 237]",20,0.2903364575468004,0.20474523771554232,0.23609856966650114,"[122861129, 123211615, 122960842, 199144490, 251115261, 159061239, 388968961, 122861131, 123211614, 548933798]","[133, 228, 228, 228, 228, 19, 19, 19, 228, 19]"
824,80,"[2, 6, 45, 68, 93, 112, 128, 129, 163, 183, 184, 212, 217, 227]",14,0.16551297437399626,0.0941553832963109,0.25182795562847915,"[406116702, 469393381, 333280719, 19492396, 508876997, 392125912, 321232038, 155789864, 306471134, 392381230]","[183, 183, 183, 183, 129, 183, 183, 183, 183, 129]"
825,80,"[14, 20, 33, 61, 77, 82, 85, 96, 100, 112, 118, 125, 174, 188, 210, 211, 228, 241]",18,0.4357436136342585,0.10415404895320535,0.23805292228805935,"[373655150, 546767913, 91023937, 389585265, 191239138, 249506230, 198741429, 572202631, 375374551, 500710698]","[211, 85, 188, 85, 188, 211, 85, 85, 188, 211]"
826,80,"[17, 33, 36, 39, 43, 49, 54, 67, 75, 85, 96, 106, 110, 111, 112, 125, 128, 163, 170, 188, 194, 200, 210, 213, 214, 221, 234]",27,0.6816661190241575,0.27568506402894855,0.33809541505588975,"[489703938, 327507300, 399547913, 54730020, 219219122, 195738853, 340742549, 417561360, 236646993, 593282366]","[67, 96, 96, 96, 234, 188, 188, 188, 96, 106]"
827,80,"[8, 10, 14, 37, 45, 47, 49, 61, 75, 77, 81, 88, 107, 108, 112, 118, 132, 174, 188, 201, 211, 215, 235, 241]",24,0.3818214279599488,0.21687361178919673,0.22304623257756853,"[249867224, 229673572, 151311741, 490398941, 304726556, 72253503, 229673571, 299186712, 441560774, 389430182]","[241, 45, 235, 235, 235, 235, 235, 235, 235, 235]"
828,80,"[12, 47, 91, 118, 127, 159, 174, 211, 237, 239, 240]",11,0.21279048873111606,0.06686063995584846,0.25923090599561954,"[113927593, 216752100, 443458963, 599937149, 216845487, 27087399, 538193308, 27087371, 350172041, 535506434]","[118, 118, 118, 118, 174, 118, 118, 118, 118, 118]"
829,80,"[8, 10, 17, 18, 20, 36, 49, 54, 58, 81, 96, 111, 112, 125, 126, 156, 164, 165, 167, 174, 181, 188, 194, 201, 211, 217, 239, 241]",28,0.5488082319498062,0.2913780612871051,0.3927105728819567,"[276824263, 480784048, 223074803, 127939529, 508643876, 584665657, 223049251, 296559762, 421815662, 496120715]","[241, 241, 188, 188, 188, 241, 188, 241, 241, 241]"
830,80,"[4, 10, 20, 37, 70, 81, 82, 85, 89, 96, 100, 106, 109, 112, 125, 127, 128, 132, 148, 159, 167, 169, 188, 196, 210, 234, 240, 241]",28,0.47743601771071553,0.25877788942307234,0.2545448257920465,"[441647516, 381829899, 438982471, 367323591, 394992300, 412646774, 467448389, 376998627, 200074547, 399350441]","[20, 20, 20, 20, 20, 188, 20, 20, 20, 20]"
831,80,"[6, 10, 14, 17, 39, 46, 49, 59, 61, 77, 82, 85, 88, 89, 99, 100, 109, 111, 133, 146, 164, 169, 188, 194, 196, 210, 213, 222, 227, 228, 237, 241]",32,0.6182673797011375,0.2828166801482439,0.2715155831538141,"[8491457, 340618239, 380073970, 124183150, 391680199, 90053451, 126637181, 154365432, 160880787, 293991738]","[210, 133, 133, 133, 6, 133, 133, 6, 133, 6]"
832,80,"[4, 7, 20, 22, 26, 29, 48, 51, 63, 64, 65, 68, 70, 72, 102, 105, 106, 108, 112, 114, 126, 127, 148, 153, 164, 167, 169, 172, 175, 183, 184, 215, 235, 242]",34,0.5844135694205761,0.24350768327713013,0.29450583828421417,"[227737429, 443250896, 143782070, 482782679, 523319676, 142534199, 418897785, 114655057, 470333609, 333304113]","[235, 68, 68, 102, 215, 68, 215, 68, 22, 68]"
833,80,"[0, 17, 26, 45, 48, 68, 70, 97, 108, 110, 112, 126, 127, 164, 167, 183, 184, 201, 215]",19,0.295175613835454,0.2091815429739654,0.38325061226312657,"[184550281, 330187591, 499907814, 364229217, 489438597, 455690861, 431868302, 118719336, 586721881, 52058820]","[48, 45, 184, 48, 184, 184, 26, 48, 184, 184]"
834,80,"[82, 88, 111, 135, 153, 168, 169, 196, 233, 241]",10,0.22418362507596612,0.13652644539251924,0.3026234853547066,"[434542501, 217125674, 286338671, 95975796, 571534275, 489000797, 491729954, 230364669, 71618190, 66595233]","[168, 88, 196, 196, 196, 196, 88, 196, 88, 168]"
835,80,"[0, 10, 17, 18, 20, 33, 36, 49, 54, 58, 82, 96, 125, 126, 128, 132, 156, 167, 169, 188, 194, 196, 201, 239, 241]",25,0.46331576630473137,0.1894259387627244,0.32533338453620675,"[259408569, 540749770, 21827134, 236055833, 345795358, 368893459, 280808789, 228982019, 581076009, 236055832]","[188, 188, 188, 188, 54, 188, 128, 188, 188, 188]"
836,80,"[32, 39, 58, 60, 77, 82, 84, 93, 100, 111, 112, 128, 159, 166, 174, 194, 196, 200, 209, 227, 239, 240, 241]",23,0.3784398795105517,0.23545849090442061,0.2724516938197548,"[298789801, 258421174, 5280558, 575879101, 320072106, 553396528, 422116678, 407456226, 401769643, 114620244]","[39, 39, 241, 128, 241, 39, 241, 241, 194, 58]"
837,80,"[0, 2, 17, 38, 43, 64, 97, 110, 111, 112, 126, 141, 164, 165, 171, 183, 184, 194, 217, 224, 239, 244]",22,0.46900532953441143,0.17748377611860633,0.4251677812267603,"[350013298, 398947805, 134561125, 438120839, 365244165, 332085164, 470580410, 216670285, 74696040, 352183666]","[64, 184, 64, 184, 184, 64, 183, 64, 183, 64]"
838,80,"[14, 37, 43, 59, 61, 64, 68, 72, 85, 112, 133, 141, 167, 184, 210, 217, 235]",17,0.33512576948851347,0.17889738734811544,0.2254356042317608,"[590357826, 219437928, 24570460, 187123607, 187179861, 118783712, 175462001, 367528210, 527438754, 24570459]","[64, 64, 64, 64, 64, 64, 64, 64, 64, 64]"
839,80,"[0, 20, 22, 33, 37, 49, 54, 61, 70, 96, 100, 106, 109, 112, 125, 127, 128, 164, 167, 180, 188, 201, 213, 214, 221, 241]",26,0.4947667829692364,0.203378701582551,0.3079715840643845,"[138366709, 266734567, 313988359, 484722634, 561258797, 482250680, 297219429, 198235008, 47680120, 482254926]","[20, 20, 20, 20, 20, 20, 20, 20, 20, 20]"
840,80,"[26, 36, 43, 54, 58, 96, 112, 156, 167, 188, 201, 211]",12,0.1974080540239811,0.14967635972425342,0.2669896742445417,"[261381281, 573127377, 92937991, 441340568, 138868983, 359977576, 144662308, 359972516, 456298196, 478786710]","[54, 36, 201, 54, 201, 54, 54, 54, 54, 54]"
841,80,"[0, 8, 10, 39, 43, 60, 67, 93, 97, 100, 106, 108, 111, 112, 114, 126, 128, 132, 188, 194, 213, 214, 231, 239, 241]",25,0.5449537509121001,0.19550820905715227,0.37051090897992256,"[43171719, 400647324, 36112880, 400631453, 582753172, 528130805, 316035513, 509134987, 514453858, 550587994]","[128, 194, 8, 194, 194, 60, 39, 194, 8, 111]"
842,80,"[1, 6, 10, 32, 110, 111, 118, 174, 181, 199, 211, 240]",12,0.22280672611668706,0.1565097002312541,0.29743756670116756,"[319561564, 144194592, 78827321, 258887673, 60909584, 35313378, 35176189, 421958143, 61757192, 269026244]","[211, 211, 174, 118, 174, 174, 211, 174, 174, 174]"
843,80,"[5, 10, 17, 49, 54, 60, 81, 82, 100, 106, 109, 128, 132, 148, 159, 164, 166, 169, 174, 175, 188, 201, 213, 239, 241, 242]",26,0.45281088817864656,0.25576811470091343,0.24676601328134823,"[100058525, 430366583, 430489606, 42891670, 578026516, 301447604, 533552145, 320509271, 16580535, 482635667]","[188, 128, 60, 49, 128, 60, 49, 60, 49, 128]"
844,80,"[2, 10, 14, 32, 38, 47, 57, 77, 81, 92, 112, 135, 139, 159, 174, 185, 207, 212, 222, 227, 228, 237]",22,0.33429216779768467,0.14410356990993023,0.2132266487037255,"[240275954, 69367354, 226376954, 572004929, 240256613, 386763457, 372667634, 204986736, 520999896, 95514323]","[38, 38, 174, 212, 38, 38, 38, 38, 38, 212]"
845,80,"[10, 20, 33, 39, 49, 61, 67, 72, 82, 85, 96, 100, 106, 109, 110, 111, 112, 120, 125, 128, 188, 194, 210, 211, 213]",25,0.5010927272960544,0.24520832858979702,0.3005697601754218,"[418460214, 210911512, 151739648, 450105911, 532212276, 431430781, 403088872, 515245053, 476733758, 321503904]","[100, 96, 96, 85, 96, 96, 188, 96, 188, 96]"
846,80,"[27, 53, 76, 80, 119, 187, 231, 240, 244]",9,0.09394767135381699,0.1297197937965393,0.23837509720275799,"[176896948, 113103367, 378506052, 428254010, 499747030, 131341583, 91486397, 176835666, 275719177, 134344943]","[76, 76, 76, 76, 76, 76, 76, 76, 76, 76]"
847,80,"[10, 20, 39, 49, 58, 61, 70, 77, 82, 84, 88, 89, 100, 111, 125, 128, 132, 188, 194, 196, 213, 222, 241, 242]",24,0.4186206916347146,0.17496351059526205,0.2856961243184439,"[211478103, 5266807, 211464483, 395902506, 186844356, 436410532, 132540708, 432528360, 577844901, 132475661]","[82, 82, 82, 82, 82, 82, 39, 82, 82, 82]"
848,80,"[26, 43, 54, 132, 156, 167, 188, 201, 211]",9,0.13934031734243035,0.06075741723179817,0.21101894405566984,"[175512374, 19555780, 199477483, 149086318, 19579651, 19582121, 45690194, 284388133, 19573617, 439081007]","[201, 201, 201, 54, 201, 201, 201, 201, 201, 201]"
849,80,"[17, 19, 25, 29, 39, 49, 58, 61, 70, 87, 89, 96, 100, 109, 111, 112, 120, 125, 128, 132, 165, 188, 194, 196, 213, 217, 233, 241]",28,0.552442132961005,0.2927223239094019,0.3775423760775344,"[329738769, 269323863, 92842058, 356377308, 278359722, 482724413, 406584301, 338490120, 150604432, 92917213]","[132, 39, 87, 194, 96, 39, 111, 39, 132, 17]"
850,80,"[10, 20, 36, 43, 54, 58, 64, 70, 96, 100, 112, 156, 167, 188, 192, 201]",16,0.25704658357426524,0.17650856962427497,0.27350644241960254,"[352071651, 113992217, 415740214, 409480815, 421371089, 183599496, 350994816, 358085096, 276836020, 314692744]","[54, 54, 54, 54, 36, 36, 54, 54, 156, 156]"
851,80,"[26, 36, 54, 58, 70, 111, 156, 167, 192, 201, 214]",11,0.18248344585299492,0.1008055224083364,0.37417817397297104,"[87493762, 188328316, 11248292, 505651515, 92264420, 230403360, 593930927, 551622090, 228651129, 169026459]","[201, 201, 201, 54, 167, 201, 54, 36, 167, 36]"
852,80,"[0, 2, 4, 8, 32, 52, 57, 61, 75, 105, 112, 118, 131, 134, 147, 171, 180, 182, 184, 192, 202, 207, 222, 237]",24,0.4311880124732852,0.17131110886111856,0.2632902667877109,"[37811016, 473504460, 582813404, 215820939, 473482680, 285265932, 324368555, 562094452, 562100179, 217631526]","[57, 57, 57, 57, 57, 57, 57, 57, 57, 57]"
853,80,"[0, 10, 26, 61, 70, 88, 89, 97, 100, 106, 108, 111, 114, 119, 125, 126, 132, 147, 148, 155, 164, 169, 184, 188, 194, 213, 231, 237, 239, 241]",30,0.4998075715266168,0.29937086440622807,0.34285074362220863,"[599170764, 209157692, 481581017, 30639405, 545926313, 550623510, 376931242, 575695854, 167656863, 536650870]","[126, 132, 132, 89, 148, 132, 148, 132, 132, 132]"
854,80,"[8, 18, 26, 36, 43, 45, 48, 63, 70, 84, 112, 126, 167, 174, 175, 192, 194, 201, 215, 235]",20,0.46567046409472823,0.15174334635958076,0.33268363861134276,"[298557429, 264837653, 346482625, 224958773, 366603740, 524325079, 271578965, 452451777, 296866940, 506713064]","[45, 45, 45, 45, 45, 8, 84, 45, 45, 8]"
855,80,"[0, 8, 14, 17, 18, 25, 30, 43, 47, 48, 60, 61, 64, 65, 68, 70, 77, 107, 111, 112, 126, 127, 133, 141, 164, 183, 184, 192, 194, 217, 224, 244]",32,0.6243300996720791,0.29150615772232413,0.34143750323710265,"[13500227, 558483892, 238138424, 20101791, 243640497, 473190041, 13415872, 20101788, 238474670, 282175107]","[184, 64, 184, 184, 184, 184, 184, 184, 184, 184]"
856,80,"[20, 36, 43, 54, 156, 188, 201]",7,0.13428343134000897,0.11104099126532674,0.22363533136168762,"[271924014, 43398037, 503788850, 260585669, 474652244, 455925797, 215918210, 146973603, 486569386, 395348698]","[54, 54, 54, 54, 36, 54, 54, 36, 54, 54]"
857,80,"[4, 10, 39, 49, 58, 81, 82, 88, 89, 100, 106, 111, 128, 132, 164, 168, 169, 188, 194, 196, 239, 241]",22,0.39309821324422956,0.1790229850448668,0.2895606503694911,"[486560079, 327145261, 229680037, 345205938, 224056092, 97513876, 350118152, 143067917, 121380790, 555275542]","[164, 196, 10, 106, 196, 128, 10, 188, 10, 10]"
858,80,"[5, 10, 14, 18, 39, 43, 46, 52, 56, 57, 59, 60, 67, 70, 81, 91, 97, 105, 111, 112, 126, 127, 147, 159, 174, 175, 192, 194, 209, 216, 217, 224, 228, 239, 241]",35,0.7045913049951196,0.25012569408863783,0.3219433450140059,"[581331342, 517645098, 63204988, 429446346, 258776256, 321572892, 138985792, 258756457, 11087266, 284877871]","[175, 175, 52, 174, 159, 174, 67, 192, 175, 175]"
859,80,"[20, 36, 43, 54, 58, 70, 112, 156, 167, 188, 192, 201, 239]",13,0.2625873149372637,0.09541926207020879,0.2658664607263815,"[527568896, 396105967, 332602224, 318367759, 527670657, 564144967, 527568903, 68482796, 593165598, 172878912]","[54, 54, 54, 54, 54, 54, 54, 54, 36, 54]"
860,80,"[4, 10, 26, 49, 79, 82, 88, 99, 106, 109, 146, 152, 166, 168, 169, 170, 195, 196, 201, 207, 221, 222, 227]",23,0.3766165100969374,0.21777012618258595,0.24356473629038944,"[535675477, 355548424, 270006756, 301349402, 507596443, 267260077, 313944357, 83315250, 460294119, 192245896]","[168, 168, 169, 168, 168, 169, 168, 196, 169, 168]"
861,80,"[1, 4, 6, 30, 37, 40, 65, 75, 79, 82, 109, 146, 171, 214]",14,0.3498423472046852,0.10026936372742057,0.2705793779875551,"[541869874, 387580617, 512795844, 10625348, 425468283, 101572055, 85862371, 62124119, 439909254, 584974950]","[171, 171, 171, 171, 171, 171, 171, 171, 171, 171]"
862,80,"[10, 39, 49, 58, 60, 82, 100, 106, 109, 111, 112, 128, 146, 159, 163, 166, 174, 175, 188, 194, 196, 199, 227, 239, 241]",25,0.5170331802219152,0.1917492807842791,0.2815244631562382,"[172670960, 153869902, 384615804, 363362129, 464755881, 83369202, 226483912, 462875104, 83051258, 576449556]","[39, 100, 82, 82, 39, 39, 82, 82, 100, 100]"
863,80,"[27, 32, 42, 53, 60, 75, 87, 93, 109, 112, 117, 119, 186, 206, 217, 224, 227]",17,0.2599040372297168,0.10988201247528195,0.26000060456092744,"[419712632, 165915394, 316566842, 147136187, 224548655, 583929514, 181293187, 328080161, 524619701, 193084922]","[27, 32, 27, 32, 27, 117, 32, 32, 32, 32]"
864,80,"[39, 58, 72, 89, 96, 106, 110, 111, 125, 156, 164, 165, 188, 194, 199, 213, 215]",17,0.33176111662760377,0.20977057190611959,0.43880943669115796,"[103994370, 64154372, 360681156, 265249519, 436371389, 348268592, 138290075, 330579822, 288393933, 592062875]","[199, 111, 110, 125, 111, 165, 111, 194, 111, 199]"
865,80,"[0, 33, 37, 54, 67, 70, 85, 96, 106, 108, 110, 112, 125, 126, 159, 164, 181, 184, 188, 194, 201, 213, 217, 239]",24,0.5338130914606154,0.18316584872081876,0.3539984165302788,"[512035625, 188503112, 156749422, 202541021, 330189816, 146102195, 567731440, 476184840, 76200921, 261534080]","[96, 110, 110, 110, 110, 125, 194, 110, 96, 110]"
866,80,"[1, 19, 20, 39, 46, 59, 61, 63, 85, 93, 104, 107, 112, 132, 159, 195, 209, 210, 228]",19,0.4140066900290549,0.17324567725881934,0.19479311826197723,"[550000252, 289896117, 595905226, 260324608, 162598762, 263950507, 597616509, 370125796, 129581804, 305567628]","[46, 228, 228, 46, 46, 46, 228, 46, 228, 46]"
867,80,"[5, 10, 51, 67, 102, 106, 126, 132, 170, 180, 193, 209, 221, 222, 241, 242]",16,0.2682318496517837,0.19097161199897528,0.33491545618744567,"[161598115, 165649862, 48574606, 475649919, 196752454, 22918815, 131531957, 117989128, 70758564, 437006189]","[106, 180, 102, 180, 241, 180, 180, 242, 180, 242]"
868,80,"[1, 5, 10, 47, 77, 88, 91, 107, 133, 166, 167, 174, 175, 195, 211, 212, 228, 237]",18,0.507805363740772,0.10000068601220846,0.1941977030235446,"[356500865, 489478009, 477060509, 477504394, 306310881, 402340401, 375257844, 328054079, 28284158, 70207319]","[47, 47, 47, 47, 47, 47, 77, 47, 175, 212]"
869,80,"[0, 5, 10, 12, 17, 51, 67, 82, 91, 111, 124, 126, 132, 169, 175, 181, 194, 236, 239]",19,0.4401089805178344,0.14372775610536337,0.34418970712852714,"[262321495, 481457656, 291492315, 346847059, 501419107, 439176866, 20292761, 563902705, 487811095, 20835328]","[5, 10, 5, 5, 5, 10, 5, 5, 239, 5]"
870,80,"[0, 5, 10, 25, 30, 59, 67, 77, 82, 91, 132, 170, 174, 175, 195, 209, 212, 216, 221, 236, 239, 241, 242]",23,0.39135593036189675,0.21283426973968744,0.22783704770162053,"[288861073, 112508320, 587371681, 207108803, 542011205, 572656932, 460394659, 127178052, 421203300, 571903749]","[59, 59, 59, 5, 59, 10, 5, 5, 5, 241]"
871,80,"[1, 4, 14, 59, 77, 88, 99, 135, 146, 153, 166, 168, 171, 174, 175, 180, 195, 207, 212, 233]",20,0.478441976942122,0.11915328539907932,0.1997811846085824,"[525197836, 148862207, 13098477, 285403932, 180888613, 379452575, 41409768, 191399531, 119423179, 424968097]","[1, 1, 1, 1, 1, 1, 1, 1, 1, 1]"
872,80,"[4, 19, 20, 22, 30, 63, 68, 70, 82, 84, 88, 93, 104, 105, 112, 123, 127, 131, 132, 167, 175, 192, 195, 225, 230]",25,0.5049652587622404,0.16839378513395786,0.264929507933557,"[503266532, 323826808, 579038074, 153428687, 242533111, 293544847, 503042545, 183129781, 70176803, 123127955]","[175, 70, 84, 70, 84, 175, 175, 70, 84, 84]"
873,80,"[26, 45, 48, 70, 107, 112, 126, 141, 184, 192, 215, 235]",12,0.2216276810504496,0.10724135860800743,0.400992791634053,"[273977532, 298455624, 419061305, 176264525, 386174826, 340258199, 4051731, 553283219, 561138415, 145837704]","[235, 235, 235, 235, 235, 45, 235, 235, 215, 45]"
874,80,"[1, 4, 6, 8, 30, 39, 49, 77, 79, 82, 88, 99, 106, 109, 146, 168, 169, 195, 196, 221, 222, 227, 233]",23,0.5002409825101495,0.1573414164595306,0.26073538987775857,"[212902331, 330540745, 222591772, 58828972, 145494845, 324647310, 231852001, 417865350, 552677393, 132432791]","[146, 6, 233, 196, 168, 146, 196, 8, 168, 233]"
875,80,"[6, 10, 39, 49, 58, 77, 81, 82, 93, 99, 100, 111, 112, 120, 128, 132, 164, 165, 168, 169, 188, 194, 196, 199, 227, 233, 239, 241, 242]",29,0.4252069666981697,0.2857051705941558,0.323475211304773,"[574593890, 302511946, 230069100, 17749590, 189220285, 533975613, 538794706, 115173751, 254320658, 585227978]","[49, 49, 100, 49, 49, 49, 49, 49, 49, 128]"
876,80,"[10, 20, 22, 36, 39, 43, 45, 54, 70, 82, 85, 96, 104, 105, 106, 111, 112, 128, 132, 175, 188, 192, 194, 210, 215, 221, 222, 235, 241]",29,0.7336779907345772,0.2739583682268858,0.27464934767641386,"[205858235, 205858234, 205817011, 408203787, 128903282, 206144307, 26813258, 521497153, 205833512, 378493840]","[235, 45, 235, 235, 45, 45, 235, 235, 45, 235]"
877,80,"[4, 14, 20, 22, 29, 30, 33, 37, 39, 61, 70, 72, 82, 87, 96, 100, 105, 109, 111, 112, 118, 123, 125, 181, 192, 211, 213, 216, 217, 221, 222]",31,0.5912860804237425,0.24976054299622774,0.3594179257615319,"[178872551, 419754496, 144399593, 54423710, 599668128, 505811844, 368660534, 559327687, 108818957, 305147460]","[20, 20, 20, 82, 20, 20, 192, 20, 192, 20]"
878,80,"[4, 8, 20, 22, 63, 70, 82, 84, 104, 105, 111, 112, 127, 132, 169, 175, 192, 216, 222, 237, 241]",21,0.4913210403174162,0.15442646201699972,0.2766430017959681,"[165387938, 89065231, 430039082, 95165634, 369650236, 33690114, 531178403, 590606830, 400923749, 344236076]","[84, 105, 84, 222, 4, 175, 63, 237, 192, 63]"
879,80,"[63, 70, 84, 104, 105, 111, 124, 126, 132, 159, 175, 192, 209, 240]",14,0.36335619911551476,0.10776958614587784,0.381424561309229,"[303703297, 328420, 344622214, 221191152, 426778940, 555807421, 488920870, 274663530, 92739215, 406923233]","[84, 84, 84, 192, 192, 159, 84, 84, 192, 84]"
880,80,"[18, 43, 48, 64, 68, 97, 111, 112, 126, 133, 141, 183, 184, 215, 217, 224, 244]",17,0.31627160776406527,0.17081664642319083,0.3887814222698045,"[96447137, 48791602, 88492235, 352092256, 18510270, 196778869, 392540250, 135183457, 98400942, 255944491]","[64, 48, 141, 64, 141, 215, 64, 48, 64, 141]"
881,80,"[0, 10, 17, 20, 33, 39, 49, 58, 67, 72, 82, 85, 96, 100, 106, 109, 125, 184, 188, 194, 210, 221, 222, 241, 242]",25,0.495089762378484,0.2352976924739778,0.2699618184566498,"[277389016, 396026171, 240443054, 510801508, 579045419, 539811668, 598319225, 79050214, 483409512, 197603707]","[188, 188, 188, 188, 188, 188, 188, 188, 85, 188]"
882,80,"[4, 6, 19, 26, 30, 55, 70, 79, 82, 87, 88, 93, 94, 97, 106, 108, 112, 146, 148, 165, 169, 187, 195, 196, 202, 211, 217, 221]",28,0.4265464236959815,0.316857626195997,0.3188120327124904,"[159470493, 183012593, 303010821, 269128707, 269067563, 216262394, 5832120, 232451164, 216357031, 198572032]","[79, 6, 196, 79, 79, 79, 87, 79, 97, 79]"
883,80,"[14, 20, 33, 61, 64, 70, 81, 105, 111, 112, 127, 165, 167, 181, 183, 184, 192, 194, 213, 216, 217, 241, 244]",23,0.5032837446779013,0.18213470978662372,0.37175046801364614,"[450545184, 240566049, 448192784, 481356550, 380130755, 534974293, 303332706, 188972473, 318413067, 525425843]","[184, 184, 216, 184, 184, 184, 64, 184, 184, 184]"
884,80,"[6, 8, 10, 20, 39, 43, 54, 58, 70, 72, 77, 82, 84, 89, 96, 100, 109, 112, 125, 128, 132, 146, 165, 167, 188, 192, 194, 201, 210, 217, 234, 239, 241]",33,0.6201932723633945,0.29550579003989697,0.2975420900691075,"[65327380, 425670491, 583864659, 65327381, 35334110, 368182769, 563539717, 233808705, 182781121, 492169731]","[89, 20, 188, 20, 234, 20, 20, 20, 125, 8]"
885,80,"[2, 18, 38, 47, 52, 57, 84, 91, 92, 112, 115, 127, 147, 159, 166, 174, 175, 184, 185, 209, 212, 237, 239, 240, 241]",25,0.5204441421665251,0.29074155120179057,0.2491693701595068,"[68294369, 531887731, 587247123, 118170527, 168564634, 311192250, 565442313, 47874228, 249485541, 311365799]","[92, 92, 92, 92, 92, 92, 92, 92, 92, 38]"
886,80,"[0, 6, 7, 8, 14, 17, 19, 25, 26, 30, 33, 46, 47, 51, 57, 61, 75, 92, 94, 97, 105, 107, 108, 112, 114, 118, 122, 126, 127, 130, 133, 147, 152, 159, 167, 170, 174, 184, 200, 202, 211, 214, 216, 228, 237]",45,0.880455017555505,0.3334045456722379,0.3463282230879284,"[167712818, 142155274, 290925195, 418344272, 71479451, 119366487, 510341808, 586910753, 227360561, 151014877]","[19, 112, 25, 127, 174, 130, 112, 228, 133, 25]"
887,80,"[6, 8, 10, 20, 30, 43, 49, 58, 70, 77, 82, 87, 89, 93, 102, 104, 106, 112, 123, 132, 146, 165, 169, 186, 188, 194, 195, 199, 201, 210, 217, 221, 242]",33,0.6893226318061352,0.29167886450886726,0.2957274839211481,"[175679688, 177492402, 535919795, 313336801, 176813416, 180483235, 176795095, 338721161, 581172027, 103716483]","[93, 43, 43, 242, 43, 43, 43, 93, 195, 146]"
888,80,"[1, 6, 17, 32, 57, 77, 92, 93, 97, 114, 118, 127, 174, 192, 194, 196, 209, 211, 221, 224, 228, 237, 239, 240]",24,0.4579142997972667,0.1865656734444201,0.353896241489565,"[224795566, 323068915, 181075644, 402488336, 196748699, 398472432, 142838359, 175829416, 282171496, 372260048]","[32, 32, 32, 174, 32, 32, 32, 32, 32, 32]"
889,80,"[8, 52, 63, 70, 84, 104, 105, 111, 112, 126, 132, 159, 174, 175, 192, 241]",16,0.46761360904201865,0.11444708704948425,0.3245253531495109,"[178338312, 449642969, 62444454, 332439531, 303703297, 287023832, 186315738, 167555446, 62105058, 57675857]","[84, 84, 84, 84, 84, 84, 84, 84, 84, 104]"
890,80,"[4, 6, 10, 14, 20, 39, 49, 59, 61, 70, 72, 77, 81, 85, 89, 100, 111, 112, 125, 132, 146, 164, 166, 167, 175, 188, 192, 194, 210, 222, 228, 241]",32,0.6509048654697835,0.28166458383202553,0.24966164618672337,"[351600434, 444044118, 27851391, 270612392, 534625534, 322527861, 121727598, 195569237, 273850538, 195851761]","[77, 77, 85, 241, 81, 77, 77, 77, 241, 81]"
891,80,"[26, 44, 45, 48, 184, 194, 215]",7,0.09535471862182021,0.11781820468604565,0.29096047427239163,"[35506914, 35222598, 423611375, 422119093, 589832687, 497316237, 589900980, 3032838, 267666949, 421405297]","[45, 45, 215, 215, 45, 48, 45, 45, 215, 215]"
892,80,"[10, 20, 37, 39, 70, 81, 82, 84, 89, 100, 111, 125, 128, 131, 132, 188, 192, 194, 213]",19,0.36907055834308267,0.15373045857995749,0.32778311384792785,"[337743007, 236286607, 238663603, 446101790, 278820173, 451330241, 362273248, 259179880, 347002214, 598074693]","[125, 20, 20, 194, 194, 20, 100, 194, 20, 20]"
893,80,"[10, 17, 39, 49, 58, 82, 100, 110, 111, 120, 125, 164, 188, 194, 213, 214]",16,0.2662970251403749,0.1388985551893711,0.40181886531354394,"[577884183, 230598180, 70777269, 410586201, 94483386, 407198240, 460101255, 281490368, 289303918, 117989967]","[100, 100, 120, 100, 82, 100, 110, 82, 17, 100]"
894,80,"[1, 6, 10, 18, 21, 25, 30, 32, 39, 70, 81, 84, 93, 111, 126, 127, 132, 159, 169, 186, 192, 194, 216, 217, 224, 227, 239]",27,0.5790386032313108,0.2309143403545022,0.3715473561702917,"[587102603, 170169858, 84270887, 556771621, 183448190, 236594534, 221096784, 265208096, 462621303, 21626722]","[224, 224, 224, 224, 224, 192, 224, 32, 224, 32]"
895,80,"[4, 20, 22, 33, 39, 67, 70, 72, 81, 82, 85, 89, 96, 100, 104, 105, 106, 111, 112, 125, 146, 188, 192, 210, 213, 221, 222]",27,0.6572187789715827,0.20033639064058661,0.2946542016558211,"[337433489, 251959696, 532859347, 217814354, 201055145, 404880666, 52486269, 260810049, 107270677, 383235976]","[22, 22, 213, 222, 221, 222, 20, 20, 22, 222]"
896,80,"[10, 20, 36, 39, 46, 49, 54, 58, 60, 81, 82, 100, 111, 112, 128, 156, 159, 164, 167, 188, 192, 194, 201, 213, 227, 239, 241]",27,0.3876696494407952,0.2693814253434539,0.2947489367711737,"[168041715, 253258903, 219217186, 119979655, 219159946, 205471858, 244007687, 74333164, 75341525, 463839280]","[54, 100, 100, 241, 54, 58, 100, 100, 100, 100]"
897,80,"[27, 32, 52, 60, 93, 112, 117, 147, 186, 209, 216, 217, 224, 239]",14,0.24599335249513388,0.09627129370346665,0.3022471382116367,"[342961575, 342961572, 108095035, 342961578, 453368057, 302173789, 342961579, 108140504, 302363278, 315919069]","[93, 224, 224, 224, 224, 224, 224, 224, 224, 224]"
898,80,"[2, 17, 25, 47, 57, 61, 79, 106, 110, 118, 129, 152, 174, 178, 185, 193, 212, 221, 222, 228, 237]",21,0.3757942356169224,0.20247258665040135,0.25709305326676085,"[434287321, 285400705, 542290232, 332335132, 402924785, 82308343, 20882674, 344439239, 21699115, 93638025]","[193, 25, 178, 193, 118, 118, 118, 118, 118, 178]"
899,80,"[22, 48, 64, 68, 70, 105, 170, 183, 184, 215, 235]",11,0.12409829907119274,0.07385324873030186,0.2446816502223638,"[507029069, 426930287, 573628652, 371506867, 26691262, 371263752, 26632321, 48992045, 105042186, 93692305]","[68, 68, 68, 68, 68, 68, 68, 68, 68, 68]"
900,80,"[1, 6, 61, 81, 88, 99, 100, 107, 111, 135, 146, 153, 166, 168, 196, 213, 227, 233]",18,0.43987211026251316,0.19098850712180138,0.29009092978150064,"[280463496, 124993178, 68166793, 174847220, 204608596, 149715940, 378018282, 161294887, 539827010, 466214685]","[1, 166, 135, 166, 88, 166, 233, 135, 166, 135]"
901,80,"[5, 10, 12, 18, 51, 91, 97, 102, 115, 124, 126, 127, 159, 174, 175, 181, 209, 227, 239, 240]",20,0.39597269194200635,0.14751538867130876,0.3599833589163609,"[19069592, 31708204, 7675266, 226905715, 422841084, 199429539, 488242255, 324054644, 19080473, 47371500]","[239, 239, 239, 239, 239, 239, 239, 239, 239, 239]"
902,80,"[5, 10, 12, 17, 18, 26, 91, 97, 124, 126, 127, 132, 159, 169, 174, 181, 227, 239, 242]",19,0.29509753128513694,0.21252245549112558,0.35711746612612744,"[36995052, 560901483, 596304534, 159033101, 260089397, 20478478, 481450756, 448875963, 424349573, 225591463]","[239, 124, 239, 242, 239, 239, 239, 239, 239, 239]"
903,80,"[1, 5, 10, 20, 22, 39, 59, 63, 67, 70, 82, 84, 111, 132, 175, 192]",16,0.3699298915453255,0.11310138506814837,0.2575777681777254,"[37194084, 389395402, 235927474, 420027424, 150702021, 236799511, 264227635, 392999512, 237249653, 179105920]","[84, 84, 84, 84, 84, 82, 84, 5, 84, 84]"
904,80,"[0, 10, 39, 49, 60, 82, 84, 93, 100, 106, 109, 111, 112, 128, 159, 163, 166, 168, 188, 194, 196, 199, 201, 227, 233, 239, 240, 241]",28,0.4552045641466975,0.2715786164626479,0.28768909661032793,"[52719661, 240803818, 45503509, 358811120, 342402289, 556295457, 105233903, 505170839, 565079248, 314092832]","[240, 60, 227, 39, 128, 128, 233, 163, 227, 233]"
905,80,"[6, 25, 30, 32, 39, 40, 60, 80, 93, 109, 112, 128, 159, 168, 171, 183, 186, 194, 199, 200, 206, 209, 217, 227, 239, 240]",26,0.4607008136808872,0.20105360122397542,0.3048503366657175,"[10859384, 322999474, 10662551, 394546169, 60949666, 60949662, 60949667, 10897999, 367802235, 143778809]","[227, 39, 60, 183, 39, 60, 39, 227, 39, 227]"
906,80,"[27, 30, 39, 42, 53, 60, 76, 80, 109, 111, 112, 113, 119, 171, 184, 186, 187, 206, 209, 225, 231, 240, 244]",23,0.4048180435784161,0.1630631685256958,0.2925375267843027,"[21521293, 15242160, 21524797, 79259376, 34161187, 142632626, 467392706, 9044970, 270367599, 513821363]","[76, 80, 76, 187, 76, 80, 76, 206, 80, 76]"
907,80,"[20, 22, 67, 70, 82, 84, 102, 104, 106, 127, 132, 175, 192, 195, 216, 241, 242]",17,0.32753655733540654,0.12232276936993003,0.25260700237499,"[282577837, 324078893, 81156848, 74406527, 223682126, 344032658, 275881934, 252162270, 321768755, 65854561]","[216, 216, 216, 216, 216, 241, 216, 216, 82, 216]"
908,80,"[5, 6, 10, 39, 49, 58, 60, 63, 82, 88, 99, 100, 112, 127, 128, 132, 159, 165, 168, 169, 183, 188, 194, 196, 199, 227, 233, 239, 241]",29,0.40666006691753864,0.3507192758843303,0.30424785382788755,"[335932326, 253275733, 396929416, 411194860, 247580177, 314624246, 4715158, 387745019, 20563003, 291785698]","[100, 227, 39, 168, 39, 39, 239, 39, 168, 168]"
909,80,"[1, 10, 59, 72, 81, 82, 88, 93, 99, 111, 133, 135, 153, 167, 168, 169, 196, 210, 233, 241]",20,0.48764035291969776,0.1266108499839902,0.24674960809061303,"[379047925, 502675992, 353234996, 404912622, 372978629, 467078025, 158910972, 522349262, 523494316, 10883006]","[1, 1, 1, 1, 1, 1, 1, 1, 1, 1]"
910,80,"[1, 6, 7, 33, 37, 40, 43, 75, 106, 109, 111, 112, 114, 122, 130, 163, 164, 186, 200, 214]",20,0.5267649688757956,0.1590766874141991,0.3522285068873316,"[160293513, 595991823, 475234853, 92536340, 432067395, 52710981, 139175107, 209857674, 18552663, 172528148]","[130, 40, 186, 130, 40, 130, 130, 186, 186, 130]"
911,80,"[30, 39, 60, 108, 109, 111, 112, 114, 122, 128, 163, 166, 183, 188, 194, 199, 214, 221, 227, 234, 239, 240]",22,0.4052749751135707,0.24714961275458336,0.3900471207241274,"[270743288, 189056268, 339452822, 474628821, 328260186, 588991114, 244260056, 429585525, 310062305, 26287063]","[163, 163, 163, 163, 163, 163, 163, 163, 163, 163]"
912,80,"[10, 20, 39, 61, 63, 70, 82, 84, 104, 105, 111, 112, 132, 159, 167, 175, 192]",17,0.3672219133004546,0.13620484061539173,0.2724786381209817,"[257320413, 238221088, 254845610, 499985513, 58428708, 251671955, 225067493, 264324697, 354725364, 199519860]","[84, 84, 84, 84, 84, 84, 175, 82, 132, 84]"
913,80,"[1, 4, 14, 30, 33, 57, 61, 63, 65, 77, 81, 85, 93, 97, 99, 108, 111, 112, 123, 127, 146, 147, 164, 167, 174, 181, 183, 184, 211, 212, 217, 222, 228, 237, 239]",35,0.7602453730069101,0.24317136127501726,0.2942140747460404,"[99480924, 189995717, 381118267, 1897498, 22262551, 15823498, 230237115, 10269276, 281960837, 436226372]","[97, 33, 228, 33, 93, 85, 85, 77, 61, 164]"
914,80,"[4, 45, 68, 70, 84, 105, 112, 141, 167, 183, 184, 192, 235]",13,0.1471060453914106,0.08741407562047243,0.23685679491609335,"[162962908, 525638406, 525316001, 425131888, 450523639, 433383809, 234468600, 131666320, 341082387, 54046446]","[183, 183, 183, 183, 68, 192, 183, 183, 192, 84]"
915,80,"[4, 8, 10, 20, 39, 49, 58, 70, 77, 81, 82, 84, 93, 100, 127, 132, 164, 169, 175, 188, 192, 194, 213, 216, 239, 241]",26,0.45464638248085976,0.26516182254999876,0.27206714121768105,"[593048613, 299821846, 557970250, 157878787, 478000068, 200192153, 53573984, 302263430, 521446420, 297840958]","[241, 241, 241, 81, 8, 77, 10, 241, 10, 81]"
916,80,"[20, 33, 39, 49, 72, 85, 89, 96, 100, 125, 128, 164, 188, 194, 196, 210, 213, 234, 242]",19,0.5593804768286645,0.13907016860321164,0.3021851194483277,"[421715711, 157209584, 303739993, 270323935, 343015553, 334807463, 334863139, 206178676, 560620404, 432928078]","[96, 96, 96, 96, 96, 234, 188, 234, 234, 96]"
917,80,"[17, 25, 27, 32, 52, 63, 81, 93, 97, 99, 112, 114, 117, 159, 174, 186, 192, 194, 209, 217, 221, 224, 241]",23,0.4106966289691627,0.1636727717705071,0.3312018395037107,"[296734744, 522936240, 87184671, 174179901, 296739948, 551883517, 144131461, 341545966, 572712845, 168612832]","[32, 32, 32, 32, 32, 32, 32, 25, 32, 25]"
918,80,"[12, 14, 17, 18, 25, 52, 57, 60, 67, 91, 97, 112, 118, 126, 127, 159, 166, 174, 181, 186, 194, 209, 212, 217, 224, 239, 240]",27,0.49078378872945905,0.2561071580275893,0.3569552238202757,"[16948561, 374303621, 196200306, 94856218, 317889817, 399822021, 550644186, 43711734, 278927045, 432068826]","[159, 209, 209, 91, 91, 91, 91, 91, 91, 91]"
919,80,"[1, 4, 8, 19, 25, 30, 46, 63, 112, 115, 118, 126, 127, 131, 159, 172, 174, 200, 202, 209, 228, 237, 241]",23,0.4743505665101111,0.16542910132557154,0.34944543321414484,"[483114413, 236407296, 47736879, 195054568, 375063750, 537942619, 537944838, 416946652, 252319554, 193278737]","[159, 159, 159, 159, 159, 159, 159, 159, 159, 159]"
920,80,"[1, 8, 32, 39, 58, 60, 84, 88, 91, 93, 108, 111, 112, 135, 164, 166, 168, 174, 196, 206, 227, 239, 240, 241]",24,0.5933167110197246,0.16205548821017146,0.2567723518295679,"[300511012, 345782426, 284951617, 441169254, 517952943, 369337583, 441338682, 147298648, 534530430, 41452773]","[241, 240, 32, 240, 240, 32, 240, 32, 32, 240]"
921,80,"[0, 7, 12, 30, 48, 64, 65, 68, 106, 112, 126, 141, 161, 163, 171, 183, 184, 186, 194, 214, 215, 217, 224, 230, 239]",25,0.3711507925763726,0.24459766782820225,0.35691409396007656,"[223746625, 106852876, 373356601, 106853396, 466233294, 37419231, 307010911, 400048809, 373496012, 37419230]","[183, 183, 183, 183, 183, 68, 183, 112, 183, 68]"
922,80,"[0, 5, 10, 12, 51, 91, 97, 111, 126, 148, 159, 174, 181, 209, 239, 240, 241]",17,0.32054388197138906,0.11745452228933573,0.325397003620096,"[353738205, 89186141, 321444262, 422850037, 64896600, 422841084, 555668591, 60697291, 289163089, 47500760]","[0, 239, 239, 239, 239, 239, 239, 239, 239, 91]"
923,80,"[0, 1, 17, 18, 20, 43, 46, 61, 70, 77, 81, 97, 106, 111, 112, 126, 127, 128, 133, 163, 164, 167, 228, 237, 239, 241]",26,0.49924372928217053,0.3132444592192769,0.3392316744967292,"[598133287, 586834165, 130316671, 447075630, 447224498, 70777260, 27057187, 460963105, 133964397, 452387955]","[77, 128, 128, 77, 128, 128, 128, 128, 128, 128]"
924,80,"[1, 4, 14, 25, 39, 59, 63, 82, 84, 88, 135, 146, 153, 163, 166, 168, 174, 175, 196, 207, 233]",21,0.5480850641615689,0.12480767630040646,0.22997443237164544,"[253815485, 286691641, 417607676, 528303909, 538818888, 11569327, 426282158, 537606242, 3280611, 442680379]","[1, 1, 1, 1, 1, 1, 1, 1, 1, 1]"
925,80,"[0, 4, 12, 22, 26, 48, 60, 61, 64, 68, 70, 81, 82, 84, 105, 108, 112, 159, 167, 183, 184, 192, 194]",23,0.2700625783763826,0.22124361339956522,0.23640710800764678,"[153098803, 51727572, 343615222, 453322014, 367318198, 158403731, 387817396, 409295738, 232941730, 167011911]","[184, 184, 192, 192, 192, 192, 84, 192, 192, 192]"
926,80,"[5, 10, 17, 20, 43, 49, 54, 81, 82, 89, 96, 125, 128, 132, 164, 188, 194, 201, 213, 239, 242]",21,0.34984935633838177,0.22386618237942457,0.2844489168797043,"[128304126, 82984003, 376515006, 378145357, 57217459, 491261598, 284758612, 111206490, 346140163, 575260875]","[188, 188, 128, 188, 10, 188, 10, 17, 188, 188]"
927,80,"[1, 2, 4, 17, 25, 47, 57, 59, 61, 77, 79, 81, 99, 106, 146, 166, 180, 182, 184, 185, 193, 195, 207, 209, 210, 212, 216, 221, 222, 228, 237, 241]",32,0.7410501842387021,0.19726319424808025,0.2259967861828045,"[513350880, 7133850, 455598870, 32696224, 290302881, 505981685, 324974677, 415367442, 588634441, 40801003]","[212, 212, 212, 212, 212, 212, 212, 212, 212, 212]"
928,80,"[1, 4, 14, 20, 59, 77, 88, 99, 100, 135, 146, 153, 166, 168, 210, 233]",16,0.44819999020546675,0.0856202095746994,0.18970865798473824,"[24558843, 13164087, 453571296, 161548116, 93297028, 335689399, 74856458, 93461105, 161423600, 74856457]","[1, 1, 1, 1, 1, 1, 1, 1, 1, 1]"
929,80,"[1, 39, 59, 88, 111, 135, 153, 166, 168, 196, 233]",11,0.4212635834701359,0.0735160312615335,0.31701520684344525,"[169786099, 38598848, 426045544, 425900501, 284719050, 195594882, 475738096, 418328309, 223602781, 561372987]","[1, 233, 1, 1, 1, 1, 1, 1, 233, 233]"
930,80,"[4, 6, 10, 20, 49, 58, 59, 67, 77, 81, 82, 85, 90, 100, 109, 127, 132, 146, 164, 167, 175, 180, 188, 195, 199, 221, 222, 228, 241, 242]",30,0.44960713293403387,0.2625157916918397,0.21876422536248963,"[282176719, 212668435, 384804628, 39649103, 449119905, 124770770, 328072393, 142841536, 161655847, 175423790]","[195, 77, 195, 77, 228, 228, 77, 195, 195, 77]"
931,80,"[1, 5, 10, 88, 118, 174, 181, 211, 239]",9,0.1692815963178873,0.12249662866815925,0.2414233182401707,"[71749202, 2259438, 10722663, 459858705, 184828688, 49087434, 184832609, 266680373, 385530264, 2259439]","[174, 174, 174, 174, 174, 174, 174, 174, 174, 174]"
932,80,"[1, 4, 6, 10, 49, 58, 77, 82, 88, 99, 135, 146, 153, 166, 167, 168, 169, 196, 233]",19,0.4644134654663503,0.11781372595578432,0.21991877690398773,"[532571149, 246956915, 297864560, 581374572, 570090174, 441674312, 522683366, 75494796, 361758327, 162370184]","[168, 1, 146, 168, 1, 1, 1, 146, 1, 1]"
933,80,"[63, 88, 92, 99, 106, 108, 111, 112, 129, 168, 169, 181, 182, 196, 201, 207, 210, 217, 227, 233, 241]",21,0.3977504293434322,0.16210873005911708,0.30197540356866304,"[32107476, 199258734, 199258733, 183523863, 166797438, 57167592, 449420161, 514921027, 183311522, 432375993]","[99, 168, 99, 99, 99, 99, 99, 99, 99, 99]"
934,80,"[1, 4, 30, 53, 60, 79, 81, 82, 87, 93, 109, 128, 146, 148, 159, 209, 216, 217, 240, 241]",20,0.39484926080331206,0.13298441702499986,0.2452513896743767,"[336806766, 126092016, 77043506, 176901189, 567321026, 292631450, 67891518, 239275640, 98109329, 135110174]","[60, 240, 60, 60, 60, 240, 60, 60, 60, 60]"
935,80,"[10, 18, 20, 33, 37, 49, 60, 81, 82, 85, 89, 96, 106, 108, 112, 127, 132, 148, 159, 164, 188, 194, 202, 210, 221, 237, 239, 242]",28,0.572324110660702,0.20391944190487266,0.2528530943756258,"[59564191, 477292038, 150381764, 59990123, 206245944, 597383586, 551304088, 48290207, 148623189, 259275147]","[96, 188, 188, 188, 188, 96, 33, 188, 33, 188]"
936,80,"[10, 54, 58, 72, 81, 85, 87, 89, 96, 108, 110, 111, 119, 120, 125, 132, 156, 164, 165, 188, 194, 201, 213, 217, 222, 241]",26,0.525529729668051,0.20176932215690613,0.3496345511118237,"[514128324, 597433447, 73577387, 399944700, 268893636, 333270079, 454075910, 205814891, 98139944, 379260128]","[54, 125, 125, 125, 111, 125, 156, 125, 96, 96]"
937,80,"[0, 1, 10, 51, 61, 77, 88, 112, 127, 133, 167, 175, 192, 195, 228, 235]",16,0.3718690350651741,0.10710686165839434,0.25155497684318107,"[286843491, 47493207, 287748754, 168109238, 168181564, 82957769, 286843490, 459815782, 47503236, 168106043]","[228, 228, 228, 228, 228, 228, 228, 228, 1, 228]"
938,80,"[1, 4, 20, 39, 59, 63, 77, 82, 84, 88, 146, 166, 175, 183, 184, 192, 233]",17,0.4268791279755533,0.10307282861322165,0.2108506891903851,"[473259501, 479572269, 473243301, 130268339, 479669389, 116145144, 516287628, 28441402, 479668189, 410606241]","[175, 1, 175, 1, 1, 175, 1, 1, 1, 84]"
939,80,"[0, 10, 17, 20, 33, 54, 89, 96, 125, 128, 164, 184, 188, 194, 201, 213, 239, 241]",18,0.4040584219619632,0.12850497011095285,0.29444959319921005,"[472756032, 189799891, 488350547, 562101800, 83929226, 549019845, 476098076, 354294258, 279980622, 550463868]","[188, 125, 188, 188, 188, 125, 96, 188, 188, 125]"
940,80,"[0, 17, 20, 33, 36, 54, 58, 89, 96, 111, 112, 125, 128, 156, 167, 188, 194, 201, 241]",19,0.4471614249050617,0.14540047012269497,0.3122035849863957,"[70408031, 362394529, 379572257, 440038589, 539475952, 313239622, 77469376, 175301439, 131433669, 321668046]","[58, 58, 156, 54, 241, 58, 96, 54, 156, 156]"
941,80,"[32, 39, 43, 60, 76, 80, 109, 128, 146, 163, 186, 206, 209, 224, 233, 240]",16,0.29066106863319874,0.10494768526405096,0.2513327688793652,"[529096906, 529096909, 76627106, 374069618, 158781539, 274725155, 139731328, 533347647, 493289140, 575774889]","[60, 60, 60, 60, 60, 240, 60, 60, 240, 60]"
942,80,"[3, 4, 6, 8, 19, 30, 37, 40, 53, 75, 79, 86, 94, 97, 106, 109, 111, 112, 122, 123, 134, 171, 214, 217]",24,0.5820870967581868,0.1872975784353912,0.36993602344106574,"[245077888, 244942417, 293308947, 191948137, 244849042, 243290201, 203724377, 461708516, 530189036, 293308951]","[8, 8, 8, 8, 8, 8, 8, 8, 8, 8]"
943,80,"[20, 39, 49, 58, 77, 81, 82, 84, 100, 111, 128, 146, 159, 166, 167, 192, 194, 241]",18,0.31936183338984847,0.19456371944397688,0.2709225736454957,"[398339748, 538554817, 156300773, 333550974, 279690833, 413035631, 135421558, 171077188, 398627797, 398368552]","[82, 82, 82, 82, 82, 82, 82, 82, 82, 82]"
944,80,"[0, 1, 4, 10, 49, 51, 81, 82, 88, 99, 100, 106, 109, 111, 112, 146, 153, 168, 169, 188, 196, 233, 241, 242]",24,0.4950030678883195,0.1752926018089056,0.2675964849574181,"[71459355, 337096510, 71077895, 136540086, 134078616, 456063679, 133706000, 335355439, 250876778, 523630878]","[241, 88, 88, 111, 111, 81, 241, 106, 88, 88]"
945,80,"[1, 10, 25, 39, 52, 63, 83, 92, 93, 109, 111, 117, 122, 166, 170, 171, 180, 183, 186, 194, 195, 200, 207, 209, 212, 217, 224, 227, 230, 240, 241]",31,0.6687769428826869,0.22053250530734658,0.31005814451453906,"[433484461, 393797084, 205136420, 564463742, 325425320, 340057960, 468994683, 440694115, 221297849, 95922585]","[166, 93, 93, 166, 93, 93, 93, 166, 93, 166]"
946,80,"[0, 14, 45, 47, 48, 57, 61, 64, 68, 70, 107, 112, 133, 147, 152, 174, 183, 184, 192, 222, 228, 235, 237, 241]",24,0.35402902076020837,0.21489677159115672,0.22784612935114032,"[269880344, 243655702, 584781601, 553920816, 190796339, 168584005, 72253318, 116973015, 501225404, 553920805]","[235, 235, 235, 235, 235, 107, 235, 235, 235, 235]"
947,80,"[10, 17, 26, 36, 43, 54, 94, 114, 126, 156, 167, 169, 188, 192, 201, 214]",16,0.3149829637259245,0.19809797732159495,0.41985461667354684,"[512099404, 338328924, 338333735, 213546905, 291098585, 130908743, 592172746, 338331657, 95084631, 147847053]","[54, 54, 201, 54, 54, 201, 54, 201, 54, 54]"
948,80,"[0, 5, 8, 10, 21, 30, 53, 67, 70, 72, 76, 79, 82, 87, 92, 104, 106, 112, 123, 131, 132, 148, 152, 161, 169, 170, 172, 175, 182, 195, 202, 210, 225, 237]",34,0.7521446943283081,0.2236290667206049,0.24114463784430615,"[67655378, 67875739, 120449971, 24029575, 375110850, 160386111, 431108434, 431035155, 88192951, 418229583]","[175, 172, 202, 131, 8, 202, 131, 131, 104, 172]"
949,80,"[0, 2, 8, 10, 12, 17, 38, 39, 48, 57, 68, 84, 97, 108, 111, 112, 126, 159, 174, 183, 184, 185, 192, 194, 199, 212, 217, 224, 227, 228, 237, 239, 241]",33,0.6187236667610705,0.3156574941240251,0.34740012396606756,"[503991686, 112660080, 24683387, 282254746, 187798740, 123366473, 503991682, 5738299, 98442583, 497536542]","[68, 68, 68, 68, 239, 239, 212, 68, 68, 68]"
950,80,"[2, 4, 5, 10, 14, 25, 38, 46, 47, 57, 60, 61, 81, 93, 99, 107, 111, 112, 118, 128, 148, 159, 166, 174, 178, 200, 207, 209, 212, 228, 240, 241]",32,0.5834883786737919,0.1971763428300619,0.23077596497751074,"[265072057, 227933218, 381424405, 520761413, 14892924, 144763287, 52119284, 217416932, 327193435, 540157413]","[166, 166, 178, 178, 178, 166, 178, 166, 166, 166]"
951,80,"[10, 20, 49, 54, 58, 77, 81, 82, 96, 112, 125, 166, 167, 188, 201, 210, 211, 241]",18,0.31645189924165606,0.11200605146586895,0.22884808046122393,"[189765582, 350826030, 349735722, 363071730, 444991721, 451983882, 227671074, 348304276, 113357008, 137693986]","[167, 20, 167, 167, 167, 167, 167, 167, 167, 20]"
952,80,"[4, 8, 10, 17, 20, 26, 39, 49, 58, 70, 77, 82, 84, 88, 89, 93, 96, 100, 108, 109, 125, 128, 132, 146, 164, 175, 188, 194, 201, 227, 241]",31,0.5802483693696558,0.28364074788987637,0.2480099967740957,"[94368663, 263710590, 539201806, 378593732, 504078528, 318320678, 267925151, 282922214, 120201216, 504049850]","[20, 20, 20, 20, 20, 20, 20, 20, 20, 20]"
953,80,"[8, 10, 12, 18, 43, 52, 70, 84, 126, 127, 159, 169, 174, 175, 181, 192, 194, 209, 224, 227, 239]",21,0.4235134208574891,0.20948445703834295,0.3105078187128085,"[178677656, 359469209, 239766524, 568046487, 455635073, 193062754, 279675060, 294917327, 220721224, 326303290]","[18, 192, 192, 192, 239, 239, 239, 192, 127, 192]"
954,80,"[1, 4, 6, 8, 10, 14, 20, 39, 49, 61, 77, 82, 88, 99, 100, 112, 125, 146, 165, 166, 167, 168, 175, 196, 211, 217, 227, 233, 241]",29,0.7495663827285171,0.19164085946977139,0.2957986248255675,"[445720949, 194444526, 174133472, 529148731, 356467377, 442474726, 32322966, 12285893, 270011399, 86068753]","[20, 20, 20, 20, 20, 20, 20, 20, 20, 20]"
955,80,"[2, 14, 19, 20, 25, 46, 47, 61, 92, 96, 97, 118, 127, 129, 147, 159, 167, 178, 180, 185, 207, 209, 212, 216, 228, 237]",26,0.38665213715285063,0.2491767550818622,0.28183730739133,"[39607357, 55545073, 281002336, 290867963, 116534980, 373131982, 320666469, 309788417, 385280962, 495604288]","[97, 19, 14, 19, 97, 25, 129, 97, 212, 92]"
956,80,"[1, 5, 10, 36, 49, 54, 58, 82, 93, 132, 156, 164, 165, 167, 168, 169, 175, 188, 196, 201, 239, 241]",22,0.4418143597431481,0.2212552595883608,0.2970643921395425,"[374405505, 186301925, 596391223, 121001022, 11347056, 37553821, 105677647, 445658878, 321268120, 447126079]","[167, 167, 167, 188, 167, 167, 82, 167, 167, 167]"
957,80,"[8, 70, 84, 105, 111, 112, 126, 141, 147, 192, 217]",11,0.2436349750496447,0.15965329948812723,0.46689497281543235,"[251419197, 545019486, 113610233, 257963252, 3646852, 89873215, 93968948, 186860152, 431877806, 281931039]","[192, 192, 192, 192, 192, 192, 192, 192, 192, 192]"
958,80,"[2, 4, 10, 26, 36, 61, 77, 81, 82, 99, 106, 111, 129, 133, 146, 148, 159, 164, 167, 181, 188, 201, 210, 239, 241]",25,0.4103029575198889,0.16901571303606033,0.2320899058599025,"[57374779, 40730268, 93433777, 95336155, 263840227, 26705617, 134239951, 298968146, 434844098, 57333917]","[77, 81, 210, 77, 81, 133, 133, 77, 77, 81]"
959,80,"[0, 10, 17, 18, 20, 33, 36, 51, 54, 108, 111, 112, 114, 125, 126, 156, 164, 167, 181, 183, 188, 194, 201, 211, 217]",25,0.4716175287030637,0.1991547509096563,0.37710888010449706,"[428358573, 290366487, 130112358, 401806842, 91216606, 289826231, 203531615, 291759745, 413890636, 265998811]","[183, 181, 183, 188, 183, 10, 20, 125, 183, 201]"
960,80,"[0, 4, 5, 10, 17, 26, 43, 49, 67, 82, 102, 106, 132, 169, 170, 175, 188, 201, 241, 242]",20,0.42927325097844005,0.14278490748256445,0.2427402195520699,"[331064875, 563009165, 110728491, 356685194, 343765839, 111356263, 202434205, 181612375, 387819056, 378226066]","[5, 241, 188, 242, 241, 5, 5, 5, 242, 5]"
961,80,"[8, 10, 12, 26, 51, 60, 84, 124, 126, 181, 192, 194, 228, 239]",14,0.24076357251033187,0.11196621181443334,0.3730984519767974,"[212983171, 26069116, 203732087, 522830960, 334693208, 506869298, 375581681, 212750921, 224586720, 335569787]","[126, 12, 239, 126, 124, 124, 124, 12, 126, 124]"
962,80,"[1, 4, 8, 29, 30, 32, 39, 45, 48, 60, 63, 65, 70, 82, 88, 104, 108, 109, 112, 123, 146, 148, 165, 168, 172, 175, 183, 184, 194, 206, 209, 215, 217, 221, 224, 230, 240, 241]",38,0.840631349477917,0.3251637751236558,0.3151873099727948,"[515715581, 312091948, 594842539, 137705085, 235631809, 532829546, 594238443, 324401593, 432160123, 82466251]","[45, 45, 45, 45, 45, 45, 45, 45, 45, 45]"
963,80,"[2, 4, 20, 43, 45, 54, 56, 57, 59, 67, 68, 82, 92, 112, 118, 139, 152, 159, 167, 174, 175, 183, 192, 193, 194, 211, 215, 216, 222, 235, 237, 241]",32,0.5805551907978952,0.19658840261399746,0.23780972953682067,"[501400145, 38470014, 319108812, 130729381, 237618378, 351480139, 430719592, 181927352, 507585579, 290023808]","[68, 92, 92, 68, 68, 92, 222, 92, 68, 68]"
964,80,"[1, 27, 42, 75, 76, 80, 105, 106, 111, 119, 187, 199, 206, 225, 231, 244]",16,0.3273638803511858,0.17670153360813856,0.2684070192917716,"[123910996, 53693394, 547958369, 297085320, 110989140, 143271566, 385012868, 496669159, 497975539, 146008677]","[80, 80, 80, 244, 80, 27, 80, 80, 187, 80]"
965,80,"[10, 20, 26, 49, 51, 54, 67, 72, 87, 89, 102, 106, 125, 132, 188, 193, 201, 213, 215, 222, 241, 242]",22,0.40317160496488214,0.1573028890416026,0.2612866547318514,"[14097898, 211717526, 426854414, 22831332, 185978588, 101944452, 484829961, 152386756, 481394556, 481389328]","[51, 188, 102, 241, 242, 242, 241, 242, 188, 241]"
966,80,"[0, 10, 17, 20, 26, 36, 54, 58, 82, 84, 96, 100, 111, 112, 125, 126, 128, 156, 164, 165, 167, 169, 188, 192, 194, 196, 201, 217, 239, 241]",30,0.5489242975600064,0.25709148216992617,0.41602635628078133,"[492105176, 338642629, 285614658, 558582012, 276824263, 407549494, 852498, 599050177, 142678476, 219001674]","[188, 128, 128, 128, 241, 188, 194, 54, 58, 128]"
967,80,"[0, 8, 10, 17, 36, 43, 46, 49, 59, 67, 72, 85, 96, 111, 112, 113, 132, 133, 159, 192, 193, 194, 200, 209, 210, 222, 224, 241]",28,0.713099823333323,0.19096313463523984,0.2707538904921551,"[279940198, 410182562, 4629205, 118926535, 582852091, 156380532, 137222426, 110204120, 247032304, 274385812]","[59, 59, 59, 59, 59, 59, 59, 133, 46, 67]"
968,80,"[10, 63, 70, 82, 84, 93, 104, 105, 112, 126, 127, 132, 148, 159, 167, 169, 175, 192, 216]",19,0.4122315440326929,0.14536610338836908,0.32338459018960986,"[435849709, 570230416, 458021675, 109822036, 432140190, 69213676, 252072326, 69213675, 223088102, 475413246]","[192, 192, 192, 192, 127, 192, 192, 192, 192, 192]"
969,80,"[68, 92, 111, 112, 139, 167, 170, 171, 175, 183, 184, 192, 194, 201, 213, 215, 222, 235]",18,0.3838766715489328,0.13958031358197331,0.32673578238528633,"[28531479, 594225560, 56447950, 473679417, 112747880, 541373424, 369937080, 471215727, 473812347, 185191640]","[68, 68, 68, 68, 68, 68, 68, 68, 68, 68]"
970,80,"[17, 20, 33, 39, 49, 54, 96, 100, 112, 125, 128, 188, 194, 201, 213, 214, 234, 239]",18,0.382540344260633,0.15026733838021755,0.36389517615963185,"[508423775, 538069382, 363920153, 478208732, 34039779, 346492382, 276780781, 389075443, 85111085, 267483812]","[128, 128, 96, 188, 128, 188, 188, 17, 128, 128]"
971,80,"[0, 4, 14, 25, 29, 37, 46, 59, 61, 65, 68, 75, 79, 81, 85, 89, 106, 107, 108, 111, 112, 127, 133, 146, 148, 159, 170, 184, 206, 209, 210, 215, 221, 222]",34,0.5611007614061236,0.28533448185771704,0.24440827739753707,"[37033597, 37033600, 412472338, 462633518, 565401113, 464687590, 264818625, 303212004, 259577788, 538292472]","[209, 209, 184, 209, 209, 209, 209, 215, 68, 184]"
972,80,"[1, 10, 19, 61, 77, 91, 127, 159, 172, 174, 175, 185, 200, 209, 228]",15,0.32231617718935013,0.15213643293827772,0.20974171087145804,"[499454910, 37237880, 371497908, 117132734, 297680976, 458302834, 306763346, 303119398, 390652011, 302116745]","[228, 228, 228, 228, 228, 228, 174, 228, 228, 228]"
973,80,"[32, 39, 60, 63, 70, 82, 93, 108, 111, 112, 115, 117, 126, 127, 159, 167, 192, 194, 201, 206, 209, 217, 239, 241]",24,0.37364613031968474,0.24102683225646615,0.3882145986814673,"[582013405, 308786900, 364907291, 397488901, 310177944, 99827554, 596455691, 150966856, 268480583, 252599504]","[63, 32, 32, 32, 32, 32, 60, 32, 63, 93]"
974,80,"[0, 1, 4, 20, 22, 26, 43, 59, 61, 63, 67, 70, 77, 79, 82, 84, 93, 104, 105, 112, 132, 146, 159, 166, 175, 192, 195, 196, 209, 211, 212, 216, 237]",33,0.6930710677988827,0.34337137592956424,0.22118510476623973,"[482287425, 284236143, 517251562, 305478118, 437950446, 60283839, 7877917, 412058938, 437950449, 412057140]","[175, 175, 175, 175, 175, 175, 175, 175, 175, 175]"
975,80,"[10, 20, 33, 36, 49, 54, 58, 82, 96, 100, 111, 112, 128, 132, 156, 167, 188, 201, 213, 239, 241]",21,0.3706997148692608,0.22756303334608674,0.2857336607495589,"[7898875, 285288142, 420218363, 387963879, 443939937, 563875358, 563947028, 566485902, 549801869, 564036570]","[54, 54, 54, 54, 54, 54, 54, 54, 54, 54]"
976,80,"[4, 10, 25, 37, 43, 49, 57, 61, 70, 77, 88, 92, 93, 112, 118, 125, 127, 133, 164, 167, 175, 180, 182, 188, 195, 222, 228, 241]",28,0.5110698929056525,0.18633165676146746,0.2647861365528245,"[345962197, 34883467, 54474267, 30044152, 312078729, 242659657, 341932781, 585738927, 270088517, 271619942]","[77, 77, 77, 77, 77, 77, 77, 77, 77, 77]"
977,80,"[0, 1, 10, 14, 43, 46, 59, 61, 63, 67, 79, 81, 92, 93, 97, 107, 109, 133, 141, 167, 175, 186, 195, 209, 210, 228, 240]",27,0.6417274181731045,0.15911064064130187,0.21148811903333775,"[211384216, 412854441, 180466967, 137385076, 352288374, 420328388, 363725644, 492654040, 236094805, 219091417]","[133, 195, 141, 141, 195, 133, 43, 133, 141, 133]"
978,80,"[1, 4, 10, 14, 59, 61, 70, 77, 81, 84, 99, 107, 111, 112, 132, 133, 166, 167, 175, 184, 192, 210, 228]",23,0.5356498714536428,0.1577661861665547,0.23332148618267282,"[526347810, 540466682, 366679987, 409876773, 546200518, 20836133, 482362100, 512101429, 504452152, 406824072]","[133, 133, 184, 133, 184, 133, 133, 59, 59, 133]"
979,80,"[0, 1, 2, 5, 6, 8, 14, 17, 46, 52, 61, 63, 67, 77, 88, 97, 105, 112, 126, 133, 159, 174, 184, 192, 209, 228, 241]",27,0.4715960882604122,0.2386521054431796,0.2895874098046786,"[457074564, 184196269, 184039972, 7224727, 543238062, 156580227, 371941196, 476005866, 263617897, 233115677]","[133, 2, 2, 133, 133, 228, 133, 133, 133, 133]"
980,80,"[1, 4, 14, 30, 46, 53, 60, 65, 70, 75, 76, 77, 79, 80, 82, 87, 109, 112, 146, 148, 206, 209, 212, 216, 225, 231, 240, 244]",28,0.5133797279559076,0.17765951994806528,0.2235162406494575,"[544720576, 156276809, 240341460, 130089583, 58218929, 276938800, 187054014, 450688090, 351660054, 450721179]","[109, 109, 109, 109, 109, 209, 80, 109, 109, 109]"
981,80,"[77, 88, 114, 126, 127, 148, 153, 164, 175, 184, 239]",11,0.299344495870173,0.07332009449601173,0.37672837410884147,"[123549773, 326181512, 244546212, 309829661, 128994778, 494312354, 138050523, 392818306, 397491179, 434411421]","[127, 127, 127, 127, 127, 127, 127, 127, 127, 127]"
982,80,"[1, 4, 70, 82, 84, 88, 99, 135, 146, 153, 168, 169, 196]",13,0.27249355940148234,0.13463975209742785,0.22714244001186812,"[334039431, 227684386, 87620289, 233425025, 218495558, 29708823, 122132014, 441715265, 509234258, 124458580]","[1, 1, 1, 1, 1, 1, 88, 84, 146, 88]"
983,80,"[0, 10, 32, 39, 60, 96, 100, 111, 112, 115, 125, 128, 163, 183, 188, 194, 213, 214, 217, 239, 242]",21,0.3439772007986903,0.235136603936553,0.4000772047743556,"[398365434, 166241275, 84372031, 398511711, 166216786, 454023979, 172526538, 300959495, 173912362, 454023980]","[0, 0, 194, 128, 128, 128, 125, 239, 128, 39]"
984,80,"[2, 25, 47, 67, 92, 159, 166, 180, 185, 212, 227]",11,0.24790375865995884,0.07176386145874858,0.2341407461684536,"[69076315, 559760025, 485115648, 420321303, 551608996, 229220191, 126218840, 247674826, 422620602, 405735177]","[92, 92, 92, 92, 92, 92, 212, 212, 212, 92]"
985,80,"[1, 10, 20, 49, 58, 77, 81, 82, 85, 96, 125, 164, 167, 188, 194, 201, 210, 241]",18,0.3827839931473136,0.17537752725183964,0.23356898284206787,"[543772921, 566532045, 335062502, 265357673, 326270743, 103703133, 275690019, 305991113, 588814931, 380001666]","[20, 167, 125, 20, 20, 188, 20, 167, 20, 20]"
986,80,"[1, 5, 25, 59, 77, 93, 107, 132, 135, 161, 170, 172, 175, 179, 180, 195, 202]",17,0.31991783902049065,0.16891695465892553,0.19642243052230163,"[579816906, 163323178, 121844363, 521610075, 320264725, 422038318, 212327325, 476695832, 274103964, 116987781]","[25, 25, 25, 25, 25, 25, 25, 25, 25, 25]"
987,80,"[57, 79, 152, 180, 182, 193, 207, 221, 222, 237]",10,0.19249251345172524,0.12830826686695218,0.25441544693894685,"[217080306, 219681590, 332664426, 174881190, 247167050, 64533696, 281060470, 504930645, 144156760, 114727957]","[152, 152, 152, 152, 152, 152, 152, 152, 152, 152]"
988,80,"[10, 20, 33, 39, 49, 60, 61, 67, 70, 81, 82, 85, 89, 96, 100, 111, 112, 119, 125, 128, 164, 169, 188, 222, 231, 239, 241]",27,0.5372955435886979,0.1925001898780465,0.2654646898671571,"[308983601, 444744570, 309739603, 418523317, 585865450, 548688362, 541970719, 122713371, 208365606, 172093896]","[188, 188, 188, 188, 96, 188, 188, 188, 188, 188]"
989,80,"[8, 10, 17, 30, 32, 37, 43, 49, 53, 60, 70, 82, 93, 97, 105, 106, 111, 112, 114, 119, 126, 133, 169, 186, 188, 192, 194, 209, 214, 217, 228, 231, 239, 241]",34,0.690016396343708,0.3431683322414756,0.3778201041756855,"[114094918, 489720127, 279978376, 297479061, 460842745, 126917989, 203503202, 533415754, 474367538, 371835460]","[17, 114, 114, 37, 32, 93, 93, 114, 114, 186]"
990,80,"[30, 33, 37, 39, 40, 49, 61, 67, 75, 79, 82, 85, 96, 100, 106, 109, 111, 112, 125, 128, 139, 163, 169, 188, 200, 209, 210, 214, 227, 234, 241]",31,0.6969937682151794,0.22878694534301758,0.29539535222424856,"[245878646, 497645270, 557418205, 278654905, 259293836, 115876115, 491577899, 457761762, 197316713, 259175734]","[109, 234, 234, 234, 234, 234, 234, 234, 200, 234]"
991,80,"[4, 10, 20, 26, 49, 77, 81, 82, 84, 93, 106, 111, 112, 120, 129, 132, 148, 159, 164, 166, 167, 175, 188, 193, 209, 210, 240, 242]",28,0.5064733605831861,0.32407756615430117,0.22425531516949246,"[394299788, 321758034, 567371160, 64026675, 510352050, 116676548, 40804563, 162181477, 562809063, 295244764]","[81, 81, 84, 82, 81, 81, 82, 81, 82, 81]"
992,80,"[0, 2, 32, 38, 46, 47, 57, 82, 91, 111, 118, 159, 174, 175, 192, 200, 209, 211, 224, 227, 237, 239, 240, 241]",24,0.49773354828357697,0.16233273642137647,0.2622748616655978,"[552381598, 450784425, 169065536, 360095660, 31682500, 426536329, 110713648, 489881311, 450925914, 372458272]","[91, 237, 237, 159, 237, 159, 192, 159, 237, 237]"
993,80,"[4, 6, 20, 22, 30, 37, 39, 49, 61, 70, 82, 104, 105, 106, 109, 111, 112, 131, 146, 165, 169, 188, 192, 209, 213, 214, 217, 221, 222, 241]",30,0.5787057653069496,0.25685941567644477,0.3599366490030661,"[196411278, 318628879, 599603776, 540347321, 106184505, 590879186, 288326790, 165798282, 587231999, 596229647]","[192, 221, 213, 221, 109, 20, 214, 49, 20, 214]"
994,80,"[0, 17, 32, 52, 63, 93, 97, 108, 111, 112, 126, 164, 165, 169, 174, 183, 192, 194, 196, 201, 217, 221, 239, 241]",24,0.5027804453857243,0.26162091409787536,0.4408484123026331,"[156233468, 192480972, 249390734, 30657354, 531138396, 425498986, 567855707, 356096201, 112525703, 58145951]","[93, 93, 93, 93, 93, 93, 93, 93, 93, 217]"
995,80,"[8, 10, 20, 37, 39, 49, 59, 70, 72, 77, 81, 82, 96, 100, 104, 106, 111, 128, 132, 146, 175, 188, 213, 221, 222]",25,0.5470222407020628,0.18268178263679147,0.2674399809725583,"[361663908, 201743269, 33952602, 517626343, 220349455, 322822117, 79848595, 577857220, 557660869, 188449543]","[49, 82, 82, 82, 82, 82, 82, 82, 100, 82]"
996,80,"[1, 4, 5, 10, 20, 49, 58, 77, 81, 82, 93, 100, 132, 146, 164, 166, 167, 168, 175, 188, 201, 210, 211, 239, 241]",25,0.5125916609540582,0.21619111532345414,0.20141701019369065,"[124094738, 167939485, 25253716, 341753326, 317799382, 8432815, 430780135, 480688547, 182841204, 235218905]","[188, 82, 167, 49, 167, 241, 210, 132, 82, 82]"
997,80,"[17, 46, 97, 118, 127, 159, 174, 180, 201, 216, 228, 239]",12,0.2526415726169944,0.09595520189031959,0.38640231350048754,"[180808244, 78674535, 131939515, 394338240, 369165104, 512737160, 565563764, 81185762, 403367554, 465459894]","[127, 127, 127, 127, 127, 127, 127, 127, 127, 127]"
998,80,"[19, 21, 22, 39, 46, 70, 72, 82, 84, 87, 93, 105, 106, 112, 113, 118, 122, 123, 127, 131, 170, 179, 183, 192, 197, 202, 209, 217, 230, 241, 242]",31,0.47520986665040255,0.21164910588413477,0.3163889612882368,"[363541081, 412532343, 363548232, 335111218, 106468707, 23292987, 427185132, 18035751, 528441276, 487876260]","[113, 197, 21, 113, 105, 197, 197, 197, 197, 197]"
999,80,"[1, 4, 20, 39, 49, 63, 70, 78, 82, 84, 112, 128, 132, 166, 168, 169, 175, 192, 196, 233]",20,0.5209213276393712,0.1394445113837719,0.2628822382772341,"[29477732, 569962709, 417140494, 207502577, 378615203, 265960396, 262313882, 401779582, 382157004, 465244381]","[1, 1, 1, 1, 1, 1, 1, 1, 1, 1]"
